actual,prediction,timestamp,house_id
8.747999999999593,8.769923,2024-09-18,1.0
13.1099999999953,9.041926,2024-09-19,1.0
8.232000000003609,8.246452,2024-09-20,1.0
11.1120000000018,8.520678,2024-09-21,1.0
8.360000000000582,8.593191,2024-09-22,1.0
2.947999999996682,8.608246,2024-09-23,1.0
4.868000000002212,9.00321,2024-09-24,1.0
16.451999999997497,8.851147,2024-09-25,1.0
10.091999999996917,8.650059,2024-09-26,1.0
17.728000000002794,9.407383,2024-09-27,1.0
14.860000000000582,9.335478,2024-09-28,1.0
8.339999999996508,10.305949,2024-09-29,1.0
9.02800000000087,10.585737,2024-09-30,1.0
17.280000000006112,10.621846,2024-10-01,1.0
5.99199999999837,11.222169,2024-10-02,1.0
19.639999999999414,12.715883,2024-10-03,1.0
9.055999999996857,11.629713,2024-10-04,1.0
7.351999999998952,12.07272,2024-10-05,1.0
24.780000000006112,11.720505,2024-10-06,1.0
7.971999999994296,10.683559,2024-10-07,1.0
8.427999999999884,13.053671,2024-10-08,1.0
12.060000000004948,13.710038,2024-10-09,1.0
16.247999999999593,13.04048,2024-10-10,1.0
8.531999999999243,12.425799,2024-10-11,1.0
10.0599999999977,12.539154,2024-10-12,1.0
10.232000000003609,11.668966,2024-10-13,1.0
18.44799999999668,11.323145,2024-10-14,1.0
12.819999999999707,11.547827,2024-10-15,1.0
10.2500000000038,12.918564,2024-10-16,1.0
8.739999999997963,13.933072,2024-10-17,1.0
12.080000000001746,12.807458,2024-10-18,1.0
11.6399999999994,12.366985,2024-10-19,1.0
5.419999999998254,12.30314,2024-10-20,1.0
11.1800000000003,11.583626,2024-10-21,1.0
21.639999999999414,11.108072,2024-10-22,1.0
10.2500000000038,11.610652,2024-10-23,1.0
10.551999999996042,13.59984,2024-10-24,1.0
10.3199999999997,12.797521,2024-10-25,1.0
17.976000000002387,12.284845,2024-10-26,1.0
11.2719999999972,12.020382,2024-10-27,1.0
5.31099999999808,12.738505,2024-10-28,1.0
11.0080000000016,12.52562,2024-10-29,1.0
11.9279999999999,12.032167,2024-10-30,1.0
6.31099999999808,12.507732,2024-10-31,1.0
26.5280000000009,12.177886,2024-11-01,1.0
5.0679999999993015,11.313675,2024-11-02,1.0
14.982800000004,13.398594,2024-11-03,1.0
7.228000000002794,13.142817,2024-11-04,1.0
36.78799999999319,13.344158,2024-11-05,1.0
20.55200000000332,12.539248,2024-11-06,1.0
8.752000000000407,17.132366,2024-11-07,1.0
6.82800000000125,18.74583,2024-11-08,1.0
14.851999999998952,16.848616,2024-11-09,1.0
24.46800000000076,15.465529,2024-11-10,1.0
7.50800000000163,14.700102,2024-11-11,1.0
22.599999999998545,16.349836,2024-11-12,1.0
7.47200000000117,16.100775,2024-11-13,1.0
10.4799999999959,17.724205,2024-11-14,1.0
10.232000000003609,16.836426,2024-11-15,1.0
31.6559999999954,15.197728,2024-11-16,1.0
16.463999999999942,14.8726635,2024-11-17,1.0
7.628000000004249,17.191807,2024-11-18,1.0
25.8399999999965,18.611904,2024-11-19,1.0
8.20000000000437,17.327333,2024-11-20,1.0
7.979999999995925,18.671677,2024-11-21,1.0
7.60800000000017,17.04858,2024-11-22,1.0
21.0644451087679,15.865337,2024-11-23,1.0
20.3586109496591,14.868658,2024-11-24,1.0
14.4980660923169,15.020183,2024-11-25,1.0
20.1261764411119,16.670185,2024-11-26,1.0
24.0012643971393,16.630302,2024-11-27,1.0
17.172037247652,18.135117,2024-11-28,1.0
19.3744874171601,19.185844,2024-11-29,1.0
17.0232000000004,19.011559,2024-11-30,1.0
11.0,18.490051,2024-12-01,1.0
22.327999999994063,18.036942,2024-12-02,1.0
36.28000000000611,18.061386,2024-12-03,1.0
19.0109999999952,18.98133,2024-12-04,1.0
14.2800000000011,22.74233,2024-12-05,1.0
20.268000000003667,22.603584,2024-12-06,1.0
12.471999999994296,21.548203,2024-12-07,1.0
12.520000000004076,21.267864,2024-12-08,1.0
22.68000000000029,20.206856,2024-12-09,1.0
20.360000000000586,19.283587,2024-12-10,1.0
21.231999999996333,20.411667,2024-12-11,1.0
21.720000000001164,20.755949,2024-12-12,1.0
23.44799999999668,20.37312,2024-12-13,1.0
29.7280000000052,20.084736,2024-12-14,1.0
10.572000000000116,20.491287,2024-12-15,1.0
31.847999999998137,22.734531,2024-12-16,1.0
25.220000000001164,21.70658,2024-12-17,1.0
27.619999999995343,23.97099,2024-12-18,1.0
38.72000000000117,25.33067,2024-12-19,1.0
29.459999999999127,25.084,2024-12-20,1.0
26.5280000000009,26.870993,2024-12-21,1.0
11.5200000000041,27.986134,2024-12-22,1.0
18.031999999999243,28.447895,2024-12-23,1.0
37.608000000000175,26.51387,2024-12-24,1.0
41.43999999999505,26.981297,2024-12-25,1.0
14.632000000005064,29.195484,2024-12-26,1.0
28.7279999999955,28.947752,2024-12-27,1.0
18.30000000000291,27.068298,2024-12-28,1.0
17.69999999999709,27.421782,2024-12-29,1.0
36.31200000000536,27.146368,2024-12-30,1.0
13.827999999994065,26.09245,2024-12-31,1.0
25.8000000000029,28.353836,2025-01-01,1.0
25.239999999997963,26.576118,2025-01-02,1.0
23.2500000000038,24.500874,2025-01-03,1.0
23.031999999999243,23.734615,2025-01-04,1.0
42.42799999999989,23.316257,2025-01-05,1.0
27.131999999997788,23.483599,2025-01-06,1.0
26.495999999999185,26.879988,2025-01-07,1.0
41.63999999999942,27.183332,2025-01-08,1.0
52.3028000000037,26.73996,2025-01-09,1.0
11.239999999998,28.087858,2025-01-10,1.0
28.88799999999901,31.163029,2025-01-11,1.0
21.208000000005995,29.01427,2025-01-12,1.0
21.239999999997963,28.69114,2025-01-13,1.0
30.3839999999982,27.849209,2025-01-14,1.0
35.807999999997264,28.171864,2025-01-15,1.0
11.7800000000061,29.705513,2025-01-16,1.0
31.091999999996915,29.580889,2025-01-17,1.0
22.09599999999773,26.72448,2025-01-18,1.0
14.9428000000031,27.530197,2025-01-19,1.0
18.89600000000064,25.688684,2025-01-20,1.0
22.5028000000008,23.94246,2025-01-21,1.0
27.70799999999872,24.464474,2025-01-22,1.0
16.2800000000011,24.679806,2025-01-23,1.0
24.479999999995925,21.145454,2025-01-24,1.0
16.012000000002445,20.0761,2025-01-25,1.0
22.9360000000011,20.390648,2025-01-26,1.0
8.360000000000582,20.614168,2025-01-27,1.0
16.17199999999866,21.443914,2025-01-28,1.0
26.5199999999968,20.269287,2025-01-29,1.0
13.932000000000698,19.3306,2025-01-30,1.0
17.455999999998312,21.009247,2025-01-31,1.0
22.4320000000007,19.314919,2025-02-01,1.0
14.700000000004366,18.384361,2025-02-02,1.0
23.891999999999825,19.000633,2025-02-03,1.0
14.427999999999884,18.512394,2025-02-04,1.0
29.131999999997788,19.869541,2025-02-05,1.0
9.728000000002794,19.572266,2025-02-06,1.0
26.1099999999953,20.2936,2025-02-07,1.0
19.5679999999993,19.034328,2025-02-08,1.0
11.4639999999999,20.196566,2025-02-09,1.0
9.056000000004133,19.271152,2025-02-10,1.0
41.02399999999761,17.876448,2025-02-11,1.0
6.959999999999127,17.854193,2025-02-12,1.0
24.0679999999993,21.5341,2025-02-13,1.0
17.660000000003492,19.696465,2025-02-14,1.0
22.62000000000262,19.374445,2025-02-15,1.0
17.55999999999767,19.19086,2025-02-16,1.0
10.8399999999965,19.665789,2025-02-17,1.0
23.77200000000448,19.769672,2025-02-18,1.0
22.536000000000055,19.033176,2025-02-19,1.0
14.851999999998952,18.543894,2025-02-20,1.0
8.02800000000087,18.443735,2025-02-21,1.0
20.360000000000586,17.504143,2025-02-22,1.0
16.0,15.952965,2025-02-23,1.0
29.05199999999604,15.944089,2025-02-24,1.0
21.0880000000025,16.938593,2025-02-25,1.0
25.807999999997264,18.1826,2025-02-26,1.0
9.063999999998488,20.010838,2025-02-27,1.0
6.760000000002037,20.106627,2025-02-28,1.0
12.127999999996971,18.424458,2025-03-01,1.0
23.2280000000052,16.46762,2025-03-02,1.0
12.87199999999575,15.086237,2025-03-03,1.0
6.81199999999889,16.545311,2025-03-04,1.0
19.463999999999945,15.8082285,2025-03-05,1.0
6.576000000000931,14.943531,2025-03-06,1.0
11.1720000000059,15.182209,2025-03-07,1.0
17.05999999999767,14.563095,2025-03-08,1.0
9.360000000000582,13.959196,2025-03-09,1.0
10.799999999995634,14.466391,2025-03-10,1.0
11.2000000000044,12.919769,2025-03-11,1.0
10.2719999999972,12.172399,2025-03-12,1.0
7.987999999997555,11.557671,2025-03-13,1.0
14.380000000004657,11.231613,2025-03-14,1.0
10.2319999999963,11.265137,2025-03-15,1.0
13.268000000003669,11.98469,2025-03-16,1.0
6.25799999999813,11.446884,2025-03-17,1.0
5.26280000000285,10.9129505,2025-03-18,1.0
14.279999999998836,10.372482,2025-03-19,1.0
7.120000000002619,9.330734,2025-03-20,1.0
5.4799999999959255,9.133871,2025-03-21,1.0
16.0679999999993,9.607499,2025-03-22,1.0
21.012000000002445,9.361305,2025-03-23,1.0
9.375999999996566,9.0712,2025-03-24,1.0
8.72000000000106,11.179513,2025-03-25,1.0
8.18280000000101,11.560293,2025-03-26,1.0
7.536000000000058,11.401047,2025-03-27,1.0
22.080000000001743,10.850078,2025-03-28,1.0
6.98399999999674,10.573214,2025-03-29,1.0
10.468000000000757,11.413101,2025-03-30,1.0
10.37999999999738,10.174513,2025-03-31,1.0
12.232000000003609,10.233945,2025-04-01,1.0
6.50800000000163,10.9198885,2025-04-02,1.0
12.972000000001572,10.462757,2025-04-03,1.0
14.639999999999418,9.682161,2025-04-04,1.0
6.0679999999993015,10.925382,2025-04-05,1.0
7.19999999999709,11.216551,2025-04-06,1.0
10.148000000001048,9.988384,2025-04-07,1.0
5.90280000000227,9.736349,2025-04-08,1.0
17.647999999993772,9.867586,2025-04-09,1.0
5.9120000000039,9.663912,2025-04-10,1.0
5.360000000000582,10.31966,2025-04-11,1.0
10.7079999999987,10.27051,2025-04-12,1.0
5.239999999997963,9.913454,2025-04-13,1.0
13.988000000004831,9.536743,2025-04-14,1.0
4.91099999999662,9.058864,2025-04-15,1.0
14.9000000000011,9.52404,2025-04-16,1.0
17.419999999998254,9.260294,2025-04-17,1.0
5.631999999997788,8.879921,2025-04-18,1.0
6.0680000000065775,9.455755,2025-04-19,1.0
5.099999999998545,9.154452,2025-04-20,1.0
11.4799999999959,8.454352,2025-04-21,1.0
6.25000000000378,8.023462,2025-04-22,1.0
12.731999999996331,8.794743,2025-04-23,1.0
7.616000000001804,8.067432,2025-04-24,1.0
17.42399999999907,8.3354435,2025-04-25,1.0
6.30800000000454,8.661079,2025-04-26,1.0
6.971999999994296,9.682581,2025-04-27,1.0
7.988000000004831,9.314875,2025-04-28,1.0
13.331999999994878,8.887654,2025-04-29,1.0
14.92000000000553,9.510972,2025-04-30,1.0
10.1080000000002,10.270768,2025-05-01,1.0
13.932000000000698,10.159849,2025-05-02,1.0
8.687999999994645,10.271181,2025-05-03,1.0
9.80800000000454,10.245092,2025-05-04,1.0
5.651999999994587,9.626078,2025-05-05,1.0
13.18800000000192,9.532862,2025-05-06,1.0
9.31099999999808,9.579275,2025-05-07,1.0
8.60000000000582,9.832243,2025-05-08,1.0
14.299999999995634,8.969143,2025-05-09,1.0
10.5280000000009,8.7256565,2025-05-10,1.0
8.28800000000309,9.635099,2025-05-11,1.0
8.051999999996042,9.794828,2025-05-12,1.0
8.427999999999884,9.677014,2025-05-13,1.0
21.67199999999866,9.588738,2025-05-14,1.0
6.608000000000175,9.227988,2025-05-15,1.0
8.351999999998952,10.914745,2025-05-16,1.0
14.9280000000023,10.221231,2025-05-17,1.0
10.4800000000032,9.595423,2025-05-18,1.0
13.57999999999447,9.37628,2025-05-19,1.0
14.060000000004948,9.562272,2025-05-20,1.0
14.419999999998254,10.429357,2025-05-21,1.0
10.2719999999972,10.997854,2025-05-22,1.0
12.468000000000757,10.752398,2025-05-23,1.0
10.028000000005704,10.108485,2025-05-24,1.0
10.99199999999837,10.352794,2025-05-25,1.0
13.20799999999872,10.198908,2025-05-26,1.0
10.78399999999965,10.826807,2025-05-27,1.0
16.447999999996682,11.896373,2025-05-28,1.0
7.860000000000582,11.628646,2025-05-29,1.0
7.908000000003085,11.892847,2025-05-30,1.0
8.959999999999127,10.982345,2025-05-31,1.0
4.591999999996915,10.0718355,2025-06-01,1.0
10.448000000003958,9.421409,2025-06-02,1.0
8.531999999999243,8.984799,2025-06-03,1.0
13.372000000003029,8.878021,2025-06-04,1.0
12.307999999997264,8.785711,2025-06-05,1.0
10.0599999999977,9.165841,2025-06-06,1.0
10.7799999999988,9.159031,2025-06-07,1.0
12.932000000000698,9.444492,2025-06-08,1.0
9.788000000000466,9.200372,2025-06-09,1.0
10.880000000004657,9.866269,2025-06-10,1.0
10.4399999999951,10.215433,2025-06-11,1.0
8.819999999999709,10.19463,2025-06-12,1.0
6.639999999999418,9.76956,2025-06-13,1.0
6.5680000000065775,9.255234,2025-06-14,1.0
5.25399999999732,8.9536295,2025-06-15,1.0
5.0,8.391018,2025-06-16,1.0
8.10200000000099,9.61598,2024-09-18,2.0
14.5109999999952,9.478521,2024-09-19,2.0
10.3199999999997,8.839071,2024-09-20,2.0
30.0679999999993,9.52577,2024-09-21,2.0
14.459999999999129,9.950466,2024-09-22,2.0
5.0,13.404232,2024-09-23,2.0
6.47200000000117,15.057425,2024-09-24,2.0
9.080000000001746,14.331808,2024-09-25,2.0
32.695999999996275,13.557226,2024-09-26,2.0
36.76000000000204,11.909479,2024-09-27,2.0
24.452000000004773,14.823698,2024-09-28,2.0
18.307999999997264,19.789257,2024-09-29,2.0
14.0,21.670452,2024-09-30,2.0
30.1428000000002,21.38881,2024-10-01,2.0
22.18800000000192,21.24025,2024-10-02,2.0
17.131999999997788,23.461922,2024-10-03,2.0
36.59999999999855,22.327387,2024-10-04,2.0
17.69600000000355,21.349874,2024-10-05,2.0
19.66399999999703,23.780846,2024-10-06,2.0
11.3600000000006,22.968266,2024-10-07,2.0
32.09599999999773,22.282707,2024-10-08,2.0
24.31999999999971,21.646854,2024-10-09,2.0
19.4800000000032,24.79629,2024-10-10,2.0
33.66399999999703,23.925491,2024-10-11,2.0
32.520000000004075,22.043362,2024-10-12,2.0
25.747999999999596,24.024338,2024-10-13,2.0
29.839999999996508,26.088058,2024-10-14,2.0
18.652000000001863,26.34687,2024-10-15,2.0
19.19999999999709,27.248878,2024-10-16,2.0
26.5880000000025,26.772858,2024-10-17,2.0
10.332000000002154,24.636398,2024-10-18,2.0
21.959999999999127,23.901379,2024-10-19,2.0
9.667999999997846,22.493332,2024-10-20,2.0
20.80000000000291,22.31815,2024-10-21,2.0
12.427999999999884,21.0719,2024-10-22,2.0
44.75999999999476,21.516376,2024-10-23,2.0
29.832000000002157,21.10966,2024-10-24,2.0
26.31999999999971,24.653442,2024-10-25,2.0
20.80800000000454,25.571545,2024-10-26,2.0
36.94399999999587,25.36787,2024-10-27,2.0
24.31999999999971,24.62278,2024-10-28,2.0
44.62800000000425,26.478357,2024-10-29,2.0
20.459999999999127,27.30656,2024-10-30,2.0
53.55999999999767,30.60136,2024-10-31,2.0
10.4199999999983,28.5884,2024-11-01,2.0
29.2579999999981,31.52964,2024-11-02,2.0
31.21200000000681,29.739487,2024-11-03,2.0
24.299999999995634,29.490494,2024-11-04,2.0
26.23200000000361,30.536526,2024-11-05,2.0
36.39999999999418,30.96769,2024-11-06,2.0
36.97600000000239,30.733025,2024-11-07,2.0
22.12000000000262,30.099924,2024-11-08,2.0
41.33199999999488,30.098015,2024-11-09,2.0
35.5280000000009,29.199867,2024-11-10,2.0
10.2500000000038,30.691694,2024-11-11,2.0
28.94799999999668,32.134296,2024-11-12,2.0
24.2109999999995,29.881552,2024-11-13,2.0
18.268000000003667,30.706724,2024-11-14,2.0
16.76,27.897438,2024-11-15,2.0
25.7679411198374,26.168516,2024-11-16,2.0
33.7704710170019,25.102596,2024-11-17,2.0
17.52354,24.762405,2024-11-18,2.0
27.590000000000146,26.824257,2024-11-19,2.0
30.305999999996857,26.337952,2024-11-20,2.0
36.26800000000125,27.09038,2024-11-21,2.0
16.76666666666696,27.07676,2024-11-22,2.0
35.14931383994347,28.092712,2024-11-23,2.0
33.5074903390032,26.532524,2024-11-24,2.0
21.8423868053066,27.424843,2024-11-25,2.0
27.590000000000146,29.432064,2024-11-26,2.0
30.2116228702874,29.064674,2024-11-27,2.0
36.26800000000125,29.788427,2024-11-28,2.0
20.766666666667,28.906334,2024-11-29,2.0
43.7222800000002,29.611074,2024-11-30,2.0
10.70799999999872,28.74871,2024-12-01,2.0
9.932000000000698,30.549957,2024-12-02,2.0
12.0879999999961,28.982141,2024-12-03,2.0
9.459999999999129,27.123085,2024-12-04,2.0
33.36000000000058,26.477646,2024-12-05,2.0
27.7280000000052,22.384857,2024-12-06,2.0
31.951999999997497,23.367975,2024-12-07,2.0
25.37599999999657,23.819992,2024-12-08,2.0
18.5828000000026,25.335617,2024-12-09,2.0
10.5360000000001,26.188004,2024-12-10,2.0
43.9109999999966,25.985714,2024-12-11,2.0
20.580000000001743,24.605278,2024-12-12,2.0
13.639999999999418,25.697151,2024-12-13,2.0
8.0,24.889357,2024-12-14,2.0
33.63999999999942,22.780228,2024-12-15,2.0
8.012000000002445,21.581043,2024-12-16,2.0
8.576000000000931,24.476292,2024-12-17,2.0
33.23999999999796,23.849735,2024-12-18,2.0
23.9320000000007,23.346323,2024-12-19,2.0
10.2109999999995,23.949997,2024-12-20,2.0
25.747999999999596,23.667484,2024-12-21,2.0
8.62800000000425,22.206703,2024-12-22,2.0
8.131999999997788,22.677774,2024-12-23,2.0
9.771999999997206,21.472183,2024-12-24,2.0
31.268000000003667,21.373396,2024-12-25,2.0
52.0679999999993,20.087528,2024-12-26,2.0
8.432000000000698,20.142063,2024-12-27,2.0
19.76000000000204,25.806305,2024-12-28,2.0
25.69999999999709,24.884819,2024-12-29,2.0
8.451999999997497,23.831495,2024-12-30,2.0
33.5880000000025,24.913387,2024-12-31,2.0
20.252000000000407,23.86578,2025-01-01,2.0
28.57600000000093,25.182632,2025-01-02,2.0
27.99199999999837,22.576214,2025-01-03,2.0
32.487999999997555,23.349796,2025-01-04,2.0
23.4280000000023,23.767124,2025-01-05,2.0
25.851999999998952,25.457022,2025-01-06,2.0
10.627999999996971,25.688519,2025-01-07,2.0
31.452000000004773,26.36224,2025-01-08,2.0
50.33999999999651,24.996422,2025-01-09,2.0
11.4280000000023,22.850067,2025-01-10,2.0
10.072000000000116,27.555346,2025-01-11,2.0
35.88000000000466,26.24279,2025-01-12,2.0
9.32799999999286,23.454216,2025-01-13,2.0
17.4280000000023,26.296612,2025-01-14,2.0
25.95999999999185,24.972956,2025-01-15,2.0
29.4320000000007,25.026978,2025-01-16,2.0
9.70799999999872,24.154213,2025-01-17,2.0
9.60000000000582,24.237669,2025-01-18,2.0
44.18000000000757,22.748611,2025-01-19,2.0
32.75199999999313,20.198687,2025-01-20,2.0
10.228000000002794,23.687931,2025-01-21,2.0
8.61099999999371,27.370724,2025-01-22,2.0
49.12799999999697,25.892181,2025-01-23,2.0
8.992000000012922,19.877886,2025-01-24,2.0
23.587999999988824,24.028603,2025-01-25,2.0
9.77200000001076,23.057869,2025-01-26,2.0
25.74799999999232,22.44209,2025-01-27,2.0
18.148000000001048,21.444817,2025-01-28,2.0
17.5828000000026,23.2579,2025-01-29,2.0
36.96799999999348,23.460987,2025-01-30,2.0
7.847999999998137,21.906803,2025-01-31,2.0
17.69200000001001,24.506552,2025-02-01,2.0
9.387999999991736,22.7843,2025-02-02,2.0
32.69200000001001,20.94313,2025-02-03,2.0
10.7200000000012,18.94662,2025-02-04,2.0
30.979999999995925,22.218292,2025-02-05,2.0
16.279999999998836,22.894506,2025-02-06,2.0
33.520000000004075,21.400734,2025-02-07,2.0
10.3199999999924,21.420044,2025-02-08,2.0
25.1020000000083,23.376987,2025-02-09,2.0
10.227999999988242,21.648659,2025-02-10,2.0
8.60000000000582,21.11322,2025-02-11,2.0
33.39999999999418,21.091461,2025-02-12,2.0
25.3800000000047,20.629692,2025-02-13,2.0
8.872000000003027,20.717854,2025-02-14,2.0
9.00800000000163,21.338682,2025-02-15,2.0
25.839999999996508,20.041296,2025-02-16,2.0
25.20799999999872,18.985624,2025-02-17,2.0
9.063999999998488,20.11649,2025-02-18,2.0
20.81600000000617,21.96111,2025-02-19,2.0
50.5828000000026,20.005465,2025-02-20,2.0
9.267999999996391,18.953135,2025-02-21,2.0
7.987999999997555,23.260944,2025-02-22,2.0
9.14280000000023,22.087639,2025-02-23,2.0
9.187999999994643,18.82191,2025-02-24,2.0
35.86000000000058,18.35537,2025-02-25,2.0
28.8280000000101,18.838219,2025-02-26,2.0
6.927999999999884,21.836689,2025-02-27,2.0
2.3519999999989523,22.008438,2025-02-28,2.0
31.239999999990687,20.526554,2025-03-01,2.0
9.79200000000128,18.689137,2025-03-02,2.0
20.19999999999709,20.443495,2025-03-03,2.0
8.148000000001048,18.718998,2025-03-04,2.0
47.78800000000047,19.192266,2025-03-05,2.0
12.5028000000008,18.95818,2025-03-06,2.0
8.16000000000259,21.49283,2025-03-07,2.0
21.055999999996857,21.077755,2025-03-08,2.0
8.851999999998952,19.16951,2025-03-09,2.0
8.572000000000116,19.81877,2025-03-10,2.0
21.57600000000093,18.441374,2025-03-11,2.0
27.880000000004657,16.32553,2025-03-12,2.0
29.372000000003027,16.772854,2025-03-13,2.0
9.50800000000163,18.619688,2025-03-14,2.0
32.1428000000002,20.87495,2025-03-15,2.0
8.959999999991851,19.205858,2025-03-16,2.0
20.855999999999767,21.789803,2025-03-17,2.0
10.6628000000043,19.404089,2025-03-18,2.0
19.296000000002092,19.989061,2025-03-19,2.0
16.4320000000007,18.323757,2025-03-20,2.0
26.327999999994063,16.652836,2025-03-21,2.0
14.288000000000466,17.27921,2025-03-22,2.0
21.0880000000025,18.364674,2025-03-23,2.0
10.5828000000026,17.243065,2025-03-24,2.0
10.735999999989872,18.601225,2025-03-25,2.0
8.127999999996973,18.582907,2025-03-26,2.0
12.00800000000163,18.307148,2025-03-27,2.0
28.24800000000687,15.447472,2025-03-28,2.0
31.16800000000512,15.306708,2025-03-29,2.0
30.879999999990105,16.257885,2025-03-30,2.0
14.296000000002095,18.916233,2025-03-31,2.0
29.0,21.21894,2025-04-01,2.0
30.0280000000081,21.066563,2025-04-02,2.0
17.519999999989523,22.009045,2025-04-03,2.0
25.055999999996857,22.873566,2025-04-04,2.0
14.9428000000031,21.848515,2025-04-05,2.0
19.61600000000908,22.28469,2025-04-06,2.0
8.751999999993131,20.980034,2025-04-07,2.0
26.07200000000012,21.099598,2025-04-08,2.0
30.54399999999441,19.832764,2025-04-09,2.0
11.416000000012,21.907967,2025-04-10,2.0
14.7439999999911,23.292446,2025-04-11,2.0
17.83200000000943,21.383865,2025-04-12,2.0
8.543999999994412,20.237,2025-04-13,2.0
23.80000000000291,19.221577,2025-04-14,2.0
14.679999999993017,18.099955,2025-04-15,2.0
33.4628000000072,18.970648,2025-04-16,2.0
23.703999999997905,18.405094,2025-04-17,2.0
31.39999999999418,19.964855,2025-04-18,2.0
10.8559999999998,20.065056,2025-04-19,2.0
9.423999999999069,21.733826,2025-04-20,2.0
9.592000000004193,20.044071,2025-04-21,2.0
28.01600000000326,18.64169,2025-04-22,2.0
26.9360000000011,17.823479,2025-04-23,2.0
10.2960000000021,19.270935,2025-04-24,2.0
19.00799999998708,20.497923,2025-04-25,2.0
29.9360000000011,18.747227,2025-04-26,2.0
14.336000000010245,18.605742,2025-04-27,2.0
18.047999999995227,20.784832,2025-04-28,2.0
14.3028000000037,19.798338,2025-04-29,2.0
14.19999999999709,20.1551,2025-04-30,2.0
28.5828000000026,19.601578,2025-05-01,2.0
18.103999999992084,17.810892,2025-05-02,2.0
27.872000000003027,18.440575,2025-05-03,2.0
18.5679999999993,18.236444,2025-05-04,2.0
20.2560000000085,19.82281,2025-05-05,2.0
13.295999999987544,20.383223,2025-05-06,2.0
25.960000000006403,20.803574,2025-05-07,2.0
31.839999999996508,19.591024,2025-05-08,2.0
23.0280000000081,19.11984,2025-05-09,2.0
11.5199999999895,21.214054,2025-05-10,2.0
25.92000000001281,21.414562,2025-05-11,2.0
29.295999999987544,20.007938,2025-05-12,2.0
16.2628000000101,20.792767,2025-05-13,2.0
25.6119999999945,23.20568,2025-05-14,2.0
32.95200000000477,22.768654,2025-05-15,2.0
26.351999999998952,21.92869,2025-05-16,2.0
21.55999999999767,23.43533,2025-05-17,2.0
21.24799999999232,23.669317,2025-05-18,2.0
23.0228000000049,22.170317,2025-05-19,2.0
23.952000000004773,21.8748,2025-05-20,2.0
19.1759999999922,23.428856,2025-05-21,2.0
22.2880000000104,23.629139,2025-05-22,2.0
29.1019999999937,20.719828,2025-05-23,2.0
21.81600000000617,20.38052,2025-05-24,2.0
20.103999999992084,22.18892,2025-05-25,2.0
16.888000000006286,22.228008,2025-05-26,2.0
16.527999999991152,22.0734,2025-05-27,2.0
19.99199999999837,22.185879,2025-05-28,2.0
22.44800000000396,21.808975,2025-05-29,2.0
17.2560000000085,19.848536,2025-05-30,2.0
17.103999999992084,19.145702,2025-05-31,2.0
12.1099999999953,18.756395,2025-06-01,2.0
30.360000000000586,18.035816,2025-06-02,2.0
14.6628000000043,17.349232,2025-06-03,2.0
36.04799999999523,19.683002,2025-06-04,2.0
32.628000000014,19.890923,2025-06-05,2.0
21.223999999987427,22.03479,2025-06-06,2.0
21.927999999999884,23.460674,2025-06-07,2.0
17.2720000000108,23.149162,2025-06-08,2.0
20.44799999998941,22.371593,2025-06-09,2.0
17.648000000001048,21.544498,2025-06-10,2.0
20.648000000001048,22.096815,2025-06-11,2.0
23.19199999999546,21.852364,2025-06-12,2.0
13.992000000012922,20.201784,2025-06-13,2.0
10.6719999999914,20.2356,2025-06-14,2.0
10.1828000000084,19.354034,2025-06-15,2.0
10.0,18.013527,2025-06-16,2.0
21.97200000000157,24.143814,2024-09-18,3.0
8.227999999995518,22.551777,2024-09-19,3.0
27.332000000002157,21.312506,2024-09-20,3.0
33.12000000000262,18.9855,2024-09-21,3.0
26.64799999999377,19.90015,2024-09-22,3.0
14.180000000000293,22.207895,2024-09-23,3.0
9.572000000000116,23.659397,2024-09-24,3.0
22.639999999999414,23.072544,2024-09-25,3.0
33.2580000000054,21.611437,2024-09-26,3.0
29.639999999999414,20.764217,2024-09-27,3.0
21.0,21.73871,2024-09-28,3.0
22.659999999996217,23.108028,2024-09-29,3.0
20.080000000001743,22.59996,2024-09-30,3.0
22.32800000000134,22.934305,2024-10-01,3.0
14.599999999998545,24.07251,2024-10-02,3.0
21.61200000000099,24.475445,2024-10-03,3.0
26.29200000000128,22.45552,2024-10-04,3.0
19.32800000000134,21.496391,2024-10-05,3.0
20.139999999999414,22.063818,2024-10-06,3.0
23.979999999995925,21.029852,2024-10-07,3.0
21.927999999999884,20.962303,2024-10-08,3.0
19.391999999999825,22.663767,2024-10-09,3.0
24.351999999998952,23.665394,2024-10-10,3.0
23.360000000000586,21.960686,2024-10-11,3.0
18.76000000000204,21.536514,2024-10-12,3.0
19.01600000000326,21.895943,2024-10-13,3.0
24.531999999999243,21.222342,2024-10-14,3.0
23.43999999999505,20.925032,2024-10-15,3.0
18.2109999999995,22.39995,2024-10-16,3.0
22.32800000000134,23.757065,2024-10-17,3.0
21.0,22.247744,2024-10-18,3.0
29.099999999998545,21.775341,2024-10-19,3.0
20.548000000002503,21.919416,2024-10-20,3.0
24.872000000003027,23.32249,2024-10-21,3.0
25.55199999999604,23.026537,2024-10-22,3.0
29.855999999999767,24.008835,2024-10-23,3.0
26.372000000003027,25.261793,2024-10-24,3.0
23.091999999996915,24.964449,2024-10-25,3.0
18.9360000000011,24.729486,2024-10-26,3.0
19.5028000000008,24.58548,2024-10-27,3.0
19.307999999997264,23.68189,2024-10-28,3.0
26.852000000006228,22.898458,2024-10-29,3.0
19.959999999999127,23.188272,2024-10-30,3.0
16.367999999994936,25.104269,2024-10-31,3.0
24.860000000000586,23.644478,2024-11-01,3.0
14.639999999999418,22.255667,2024-11-02,3.0
24.18000000000029,22.83878,2024-11-03,3.0
24.67199999999866,21.829826,2024-11-04,3.0
12.00800000000163,21.94772,2024-11-05,3.0
20.512000000002445,23.19027,2024-11-06,3.0
24.46800000000076,22.360683,2024-11-07,3.0
26.5,20.996735,2024-11-08,3.0
17.67199999999866,20.908123,2024-11-09,3.0
23.96800000000076,22.055233,2024-11-10,3.0
25.4280000000023,21.237122,2024-11-11,3.0
19.07999999999447,21.9033,2024-11-12,3.0
20.020000000004075,23.777988,2024-11-13,3.0
23.50800000000163,23.917591,2024-11-14,3.0
16.383999999998196,22.822952,2024-11-15,3.0
28.88799999999901,22.449053,2024-11-16,3.0
11.5679999999993,22.358252,2024-11-17,3.0
19.61200000000099,22.837254,2024-11-18,3.0
27.919999999998254,21.438969,2024-11-19,3.0
22.667999999997846,22.379335,2024-11-20,3.0
22.4320000000007,24.430162,2024-11-21,3.0
22.581333333332925,23.586908,2024-11-22,3.0
20.39999999999903,23.022573,2024-11-23,3.0
21.238666666666784,23.30405,2024-11-24,3.0
23.241333333325,23.190765,2024-11-25,3.0
19.6693333333311,22.799015,2024-11-26,3.0
21.066666666668123,23.736004,2024-11-27,3.0
21.693999999999505,24.355776,2024-11-28,3.0
22.581333333332925,23.05082,2024-11-29,3.0
24.3232000000004,22.701046,2024-11-30,3.0
13.68800000000192,22.77913,2024-12-01,3.0
25.67199999999866,23.231583,2024-12-02,3.0
19.29599999999482,22.540665,2024-12-03,3.0
29.182800000001,23.773373,2024-12-04,3.0
24.20000000000437,24.160938,2024-12-05,3.0
31.4119999999974,23.902338,2024-12-06,3.0
20.73200000000361,23.697601,2024-12-07,3.0
18.38799999999901,24.99303,2024-12-08,3.0
22.61200000000099,24.963428,2024-12-09,3.0
25.68000000000029,24.206085,2024-12-10,3.0
24.57200000000012,25.111927,2024-12-11,3.0
27.167999999997846,26.054432,2024-12-12,3.0
37.0280000000009,24.549894,2024-12-13,3.0
21.19999999999709,24.319155,2024-12-14,3.0
37.512000000002445,26.430338,2024-12-15,3.0
28.536000000000055,26.425797,2024-12-16,3.0
22.07999999999447,28.476337,2024-12-17,3.0
24.452000000004773,30.351868,2024-12-18,3.0
35.23999999999796,30.414457,2024-12-19,3.0
36.2280000000028,28.540619,2024-12-20,3.0
29.47200000000157,28.64992,2024-12-21,3.0
22.44799999999668,30.341843,2024-12-22,3.0
27.591999999996915,31.033836,2024-12-23,3.0
32.76000000000204,30.494377,2024-12-24,3.0
25.9800000000032,31.817133,2024-12-25,3.0
28.8919999999998,33.282475,2024-12-26,3.0
29.4119999999974,30.413797,2024-12-27,3.0
35.692000000002736,28.93531,2024-12-28,3.0
26.4109999999966,29.536526,2024-12-29,3.0
13.536000000000058,30.560925,2024-12-30,3.0
25.20000000000437,30.53267,2024-12-31,3.0
27.55199999999604,29.188845,2025-01-01,3.0
42.9800000000032,29.363665,2025-01-02,3.0
33.307999999997264,27.94296,2025-01-03,3.0
35.23999999999796,28.421543,2025-01-04,3.0
30.2528000000046,29.12451,2025-01-05,3.0
35.76799999999639,30.04184,2025-01-06,3.0
30.192000000002736,30.222294,2025-01-07,3.0
25.87999999999738,31.4366,2025-01-08,3.0
38.74799999999959,32.358097,2025-01-09,3.0
39.94800000000396,29.898884,2025-01-10,3.0
42.919999999998254,29.987623,2025-01-11,3.0
41.5428000000017,31.625565,2025-01-12,3.0
41.62799999999697,33.415104,2025-01-13,3.0
13.5880000000025,35.133698,2025-01-14,3.0
43.63999999999942,36.712917,2025-01-15,3.0
52.07200000000012,35.777283,2025-01-16,3.0
28.81999999999971,36.473343,2025-01-17,3.0
26.05999999999767,36.59073,2025-01-18,3.0
31.31999999999971,35.714542,2025-01-19,3.0
20.127999999996973,34.462856,2025-01-20,3.0
27.9428000000031,34.26878,2025-01-21,3.0
31.32800000000134,33.99668,2025-01-22,3.0
30.5,34.47319,2025-01-23,3.0
21.22799999999552,31.810715,2025-01-24,3.0
37.57200000000012,28.672653,2025-01-25,3.0
24.82800000000134,27.400497,2025-01-26,3.0
25.4720000000016,29.340591,2025-01-27,3.0
32.1120000000018,28.889872,2025-01-28,3.0
29.648000000001048,29.577774,2025-01-29,3.0
25.471999999994296,30.563171,2025-01-30,3.0
45.76800000000367,29.42072,2025-01-31,3.0
26.55999999999767,28.286417,2025-02-01,3.0
30.23200000000361,30.368893,2025-02-02,3.0
43.0679999999993,29.93451,2025-02-03,3.0
28.70799999999872,30.10347,2025-02-04,3.0
33.9519999999975,33.074055,2025-02-05,3.0
39.88000000000466,34.26395,2025-02-06,3.0
43.479999999995925,33.528534,2025-02-07,3.0
43.62000000000262,34.45229,2025-02-08,3.0
36.05999999999767,34.814144,2025-02-09,3.0
46.77999999999884,35.910015,2025-02-10,3.0
31.76000000000204,36.450935,2025-02-11,3.0
39.0679999999993,37.308865,2025-02-12,3.0
46.97200000000157,37.252842,2025-02-13,3.0
44.76000000000204,37.381084,2025-02-14,3.0
26.69999999999709,37.322926,2025-02-15,3.0
25.5520000000033,37.32053,2025-02-16,3.0
39.1099999999953,36.80943,2025-02-17,3.0
39.0280000000009,36.63384,2025-02-18,3.0
44.096000000005006,37.044643,2025-02-19,3.0
44.1019999999937,37.312748,2025-02-20,3.0
38.12800000000425,37.317616,2025-02-21,3.0
42.70399999999791,36.514263,2025-02-22,3.0
42.65600000000268,35.91598,2025-02-23,3.0
31.451999999997497,36.562965,2025-02-24,3.0
49.26000000000204,37.267628,2025-02-25,3.0
30.807999999997264,37.202267,2025-02-26,3.0
38.05200000000332,37.55479,2025-02-27,3.0
14.29200000000128,37.25043,2025-02-28,3.0
58.807999999997264,36.765423,2025-03-01,3.0
25.3109999999981,34.26797,2025-03-02,3.0
28.0480000000025,36.245808,2025-03-03,3.0
26.860000000000586,35.438183,2025-03-04,3.0
39.13199999999779,35.07802,2025-03-05,3.0
27.76000000000204,34.506573,2025-03-06,3.0
26.959999999999127,34.776028,2025-03-07,3.0
35.23999999999796,32.52669,2025-03-08,3.0
26.88799999999901,31.793003,2025-03-09,3.0
25.5679999999993,30.981499,2025-03-10,3.0
20.0628000000058,30.261185,2025-03-11,3.0
19.927999999999884,29.067522,2025-03-12,3.0
19.007999999994357,28.919704,2025-03-13,3.0
23.639999999999414,26.322464,2025-03-14,3.0
16.982800000004,25.018675,2025-03-15,3.0
20.19999999999709,23.859552,2025-03-16,3.0
18.768000000003667,22.904396,2025-03-17,3.0
19.4280000000023,21.7005,2025-03-18,3.0
28.239999999997963,21.626091,2025-03-19,3.0
19.860000000000586,22.257565,2025-03-20,3.0
18.451999999997497,22.061483,2025-03-21,3.0
10.735999999997148,21.430696,2025-03-22,3.0
19.391999999999825,20.579668,2025-03-23,3.0
17.072000000000116,17.988934,2025-03-24,3.0
21.2580000000054,18.462067,2025-03-25,3.0
22.5280000000009,19.087982,2025-03-26,3.0
17.18000000000029,20.434292,2025-03-27,3.0
28.39999999999418,20.049648,2025-03-28,3.0
26.452000000004773,19.378767,2025-03-29,3.0
10.89600000000064,20.4124,2025-03-30,3.0
20.68000000000029,20.91386,2025-03-31,3.0
11.1199999999962,19.506119,2025-04-01,3.0
18.76000000000204,20.488136,2025-04-02,3.0
18.599999999998545,18.870836,2025-04-03,3.0
17.67199999999866,17.660622,2025-04-04,3.0
10.9520000000048,17.920216,2025-04-05,3.0
17.327999999994063,18.12992,2025-04-06,3.0
12.200000000004366,17.096771,2025-04-07,3.0
11.9000000000011,17.404745,2025-04-08,3.0
26.971999999994296,17.157045,2025-04-09,3.0
11.2160000000003,16.88717,2025-04-10,3.0
11.9200000000055,18.115013,2025-04-11,3.0
19.919999999998254,17.157682,2025-04-12,3.0
16.4320000000007,16.257563,2025-04-13,3.0
23.07999999999447,16.74382,2025-04-14,3.0
28.10000000000582,16.582834,2025-04-15,3.0
19.8109999999981,18.169075,2025-04-16,3.0
14.4280000000023,20.229622,2025-04-17,3.0
14.439999999995052,19.415987,2025-04-18,3.0
13.200000000004366,17.908161,2025-04-19,3.0
17.927999999999884,17.350225,2025-04-20,3.0
20.18000000000029,16.331402,2025-04-21,3.0
17.939999999995052,16.567257,2025-04-22,3.0
18.18000000000029,17.785702,2025-04-23,3.0
21.49200000000565,18.1258,2025-04-24,3.0
16.947999999996682,18.020323,2025-04-25,3.0
16.61200000000099,18.119076,2025-04-26,3.0
12.648000000001048,17.67506,2025-04-27,3.0
11.4719999999943,17.378609,2025-04-28,3.0
19.82800000000134,16.784454,2025-04-29,3.0
18.747999999999596,16.50888,2025-04-30,3.0
18.891999999999825,17.576023,2025-05-01,3.0
17.4120000000039,17.230034,2025-05-02,3.0
10.6800000000003,17.392046,2025-05-03,3.0
17.127999999996973,17.062153,2025-05-04,3.0
13.739999999997965,15.686796,2025-05-05,3.0
11.2500000000038,15.986939,2025-05-06,3.0
22.5,16.296392,2025-05-07,3.0
25.49199999999837,15.97876,2025-05-08,3.0
20.599999999998545,15.478554,2025-05-09,3.0
16.108000000000175,17.149593,2025-05-10,3.0
17.18000000000029,17.75503,2025-05-11,3.0
17.700000000004366,17.402151,2025-05-12,3.0
18.739999999997963,17.51007,2025-05-13,3.0
20.5199999999968,17.913069,2025-05-14,3.0
18.360000000000586,18.3199,2025-05-15,3.0
14.2500000000038,18.069275,2025-05-16,3.0
16.868000000002212,17.740007,2025-05-17,3.0
18.023999999997613,17.1152,2025-05-18,3.0
18.5879999999961,16.117664,2025-05-19,3.0
14.732000000003609,16.319298,2025-05-20,3.0
19.50800000000163,17.861326,2025-05-21,3.0
19.659999999996217,17.68101,2025-05-22,3.0
11.8800000000047,16.489983,2025-05-23,3.0
16.739999999997963,16.313042,2025-05-24,3.0
18.76000000000204,15.764651,2025-05-25,3.0
18.599999999998545,15.706156,2025-05-26,3.0
18.580000000001743,16.839258,2025-05-27,3.0
18.88799999999901,17.950571,2025-05-28,3.0
11.4320000000007,18.468376,2025-05-29,3.0
17.752000000000407,17.621078,2025-05-30,3.0
14.5199999999968,16.15249,2025-05-31,3.0
11.2799999999988,15.999113,2025-06-01,3.0
20.0679999999993,15.347224,2025-06-02,3.0
14.531999999999243,14.896839,2025-06-03,3.0
18.50800000000163,15.909178,2025-06-04,3.0
27.239999999997963,16.332373,2025-06-05,3.0
14.468000000000757,16.160044,2025-06-06,3.0
23.959999999999127,17.391996,2025-06-07,3.0
17.60000000000582,17.208906,2025-06-08,3.0
18.66399999999703,17.86985,2025-06-09,3.0
19.44799999999668,18.206541,2025-06-10,3.0
20.1280000000067,18.836674,2025-06-11,3.0
18.25199999999313,19.347359,2025-06-12,3.0
9.92000000000553,18.668766,2025-06-13,3.0
11.5079999999944,18.069412,2025-06-14,3.0
10.520000000004076,16.831411,2025-06-15,3.0
10.0,15.87146,2025-06-16,3.0
27.255999999993943,26.056564,2024-09-18,4.0
25.736000000004424,25.154652,2024-09-19,4.0
14.18399999999383,23.924164,2024-09-20,4.0
30.855999999999767,23.791412,2024-09-21,4.0
16.41600000001199,21.962072,2024-09-22,4.0
33.83199999999488,23.125217,2024-09-23,4.0
18.27999999999884,22.612064,2024-09-24,4.0
24.37600000000384,25.218565,2024-09-25,4.0
36.4280000000023,25.370247,2024-09-26,4.0
23.95999999999185,23.324833,2024-09-27,4.0
11.7109999999995,24.9302,2024-09-28,4.0
17.2879999999958,24.718739,2024-09-29,4.0
27.6628000000043,21.842045,2024-09-30,4.0
17.2560000000085,21.202991,2024-10-01,4.0
31.55999999999767,24.175545,2024-10-02,4.0
25.2719999999972,24.023136,2024-10-03,4.0
16.887999999991735,24.186172,2024-10-04,4.0
25.8000000000029,24.456972,2024-10-05,4.0
9.19999999999709,23.007977,2024-10-06,4.0
17.60000000000582,23.138386,2024-10-07,4.0
24.127999999996973,20.789284,2024-10-08,4.0
25.4320000000007,21.159225,2024-10-09,4.0
35.8228000000078,22.601166,2024-10-10,4.0
26.59999999999127,21.756655,2024-10-11,4.0
19.98399999999674,23.689074,2024-10-12,4.0
24.496000000013737,24.45511,2024-10-13,4.0
33.647999999986496,23.970108,2024-10-14,4.0
31.79200000000128,23.934666,2024-10-15,4.0
22.81600000000617,26.696587,2024-10-16,4.0
65.67999999999302,28.409283,2024-10-17,4.0
48.062800000013,26.484245,2024-10-18,4.0
59.7109999999995,31.477118,2024-10-19,4.0
36.4320000000007,34.007866,2024-10-20,4.0
25.3679999999877,36.57259,2024-10-21,4.0
44.222800000002,37.105,2024-10-22,4.0
39.8628000000014,36.83576,2024-10-23,4.0
28.096000000005,37.406918,2024-10-24,4.0
31.736000000004424,37.443157,2024-10-25,4.0
42.1019999999937,36.815372,2024-10-26,4.0
28.063999999998487,36.33927,2024-10-27,4.0
21.960000000006403,36.471703,2024-10-28,4.0
28.80799999998999,35.872566,2024-10-29,4.0
32.8280000000101,35.019794,2024-10-30,4.0
25.1919999999955,34.962307,2024-10-31,4.0
48.6079999999929,33.8912,2024-11-01,4.0
28.872000000003027,31.057632,2024-11-02,4.0
22.2560000000085,32.127625,2024-11-03,4.0
43.647999999986496,32.52907,2024-11-04,4.0
37.97600000000966,31.456467,2024-11-05,4.0
35.879999999990105,33.724575,2024-11-06,4.0
48.00800000000163,35.541134,2024-11-07,4.0
32.42399999999907,34.50247,2024-11-08,4.0
29.6628000000043,34.999275,2024-11-09,4.0
49.62399999999616,34.319355,2024-11-10,4.0
28.9600000000064,34.056427,2024-11-11,4.0
18.0,36.26874,2024-11-12,4.0
28.2960000000021,36.477757,2024-11-13,4.0
36.06399999999849,35.248367,2024-11-14,4.0
52.96799999999348,34.426083,2024-11-15,4.0
45.60000000000582,32.66484,2024-11-16,4.0
28.79200000000128,34.683147,2024-11-17,4.0
47.00800000000163,36.324585,2024-11-18,4.0
38.59199999998964,35.671787,2024-11-19,4.0
38.9600000000064,36.97337,2024-11-20,4.0
31.8228000000078,37.337845,2024-11-21,4.0
38.1679999999905,37.35795,2024-11-22,4.0
25.7120000000044,37.035656,2024-11-23,4.0
33.557333333335315,36.54886,2024-11-24,4.0
43.871999999998174,35.50227,2024-11-25,4.0
31.522666666666435,36.034958,2024-11-26,4.0
38.3786666666662,36.96218,2024-11-27,4.0
38.63200000000264,36.928387,2024-11-28,4.0
43.04199999999399,36.91794,2024-11-29,4.0
22.746000000002823,36.103214,2024-11-30,4.0
26.161999999996624,36.00823,2024-12-01,4.0
28.21066666666593,35.4959,2024-12-02,4.0
22.2119999999955,34.989918,2024-12-03,4.0
28.9093333333253,34.57669,2024-12-04,4.0
30.6800819237747,34.08408,2024-12-05,4.0
32.8789256100668,32.482033,2024-12-06,4.0
25.00800000000163,30.123444,2024-12-07,4.0
26.5028000000008,30.110453,2024-12-08,4.0
35.38399999999092,29.811356,2024-12-09,4.0
17.096000000005006,29.499893,2024-12-10,4.0
31.127999999996973,31.282066,2024-12-11,4.0
29.21600000000035,30.283752,2024-12-12,4.0
17.3028000000037,28.752676,2024-12-13,4.0
10.1600000000035,27.539326,2024-12-14,4.0
26.439999999987776,26.255684,2024-12-15,4.0
17.9028000000095,24.17133,2024-12-16,4.0
18.463999999992662,25.096779,2024-12-17,4.0
24.5679999999993,25.68575,2024-12-18,4.0
25.8320000000094,25.853584,2024-12-19,4.0
32.3109999999908,24.812195,2024-12-20,4.0
23.2280000000052,24.440891,2024-12-21,4.0
18.176000000006752,25.99127,2024-12-22,4.0
31.2539999999973,26.142323,2024-12-23,4.0
31.087999999988824,24.991917,2024-12-24,4.0
31.03200000000652,27.507095,2024-12-25,4.0
33.888000000006286,28.864252,2024-12-26,4.0
19.76799999999639,27.028942,2024-12-27,4.0
30.16000000000349,28.055542,2024-12-28,4.0
33.52799999999115,27.947727,2024-12-29,4.0
31.57600000000093,28.315407,2024-12-30,4.0
32.33599999999569,29.823626,2024-12-31,4.0
37.4320000000007,31.241772,2025-01-01,4.0
32.9120000000101,32.0794,2025-01-02,4.0
31.471999999994296,31.593744,2025-01-03,4.0
25.648000000001,30.63055,2025-01-04,4.0
25.03200000000652,30.695608,2025-01-05,4.0
27.8959999999925,30.28001,2025-01-06,4.0
30.312000000005355,29.399517,2025-01-07,4.0
26.079999999987194,29.558136,2025-01-08,4.0
28.960000000006403,30.523342,2025-01-09,4.0
29.55999999999767,27.883404,2025-01-10,4.0
33.888000000006286,27.523306,2025-01-11,4.0
25.319999999992437,27.972515,2025-01-12,4.0
19.4280000000023,28.889345,2025-01-13,4.0
29.847999999998137,28.35596,2025-01-14,4.0
19.9109999999966,27.820763,2025-01-15,4.0
16.84800000001269,29.178596,2025-01-16,4.0
19.631999999997788,26.98074,2025-01-17,4.0
16.8628000000014,24.74016,2025-01-18,4.0
17.00800000000163,24.477547,2025-01-19,4.0
26.5109999999879,22.479477,2025-01-20,4.0
12.0,21.138468,2025-01-21,4.0
26.21600000000035,22.931122,2025-01-22,4.0
25.639999999999414,22.472025,2025-01-23,4.0
19.8280000000101,20.920774,2025-01-24,4.0
30.1199999999889,20.578745,2025-01-25,4.0
16.312000000005355,20.319466,2025-01-26,4.0
19.351999999998952,22.537668,2025-01-27,4.0
22.047999999995227,22.20559,2025-01-28,4.0
22.03200000000652,22.306358,2025-01-29,4.0
28.6628000000043,22.886143,2025-01-30,4.0
29.527999999991152,22.645775,2025-01-31,4.0
25.4280000000023,23.243069,2025-02-01,4.0
25.855999999999767,24.033972,2025-02-02,4.0
17.00800000000163,24.448038,2025-02-03,4.0
13.279999999998836,24.438726,2025-02-04,4.0
29.16000000000349,24.63438,2025-02-05,4.0
24.9360000000011,24.442024,2025-02-06,4.0
44.0,23.782095,2025-02-07,4.0
30.288000000000466,23.963257,2025-02-08,4.0
38.04799999999523,26.991207,2025-02-09,4.0
29.1099999999953,27.859531,2025-02-10,4.0
35.17600000000675,29.141289,2025-02-11,4.0
32.59200000000419,30.475187,2025-02-12,4.0
33.76799999999639,32.195522,2025-02-13,4.0
28.1600000000035,31.360252,2025-02-14,4.0
28.5109999999879,30.75717,2025-02-15,4.0
48.2880000000104,30.549454,2025-02-16,4.0
47.3109999999908,30.289137,2025-02-17,4.0
44.2528000000109,33.38523,2025-02-18,4.0
32.655999999988126,35.902172,2025-02-19,4.0
54.1428000000002,36.882816,2025-02-20,4.0
53.1120000000018,36.53107,2025-02-21,4.0
43.77599999999802,36.774445,2025-02-22,4.0
51.37600000000384,37.16273,2025-02-23,4.0
52.2800000000087,37.40202,2025-02-24,4.0
55.07200000000012,37.600025,2025-02-25,4.0
49.50399999998626,37.649166,2025-02-26,4.0
39.4280000000023,37.671825,2025-02-27,4.0
72.72000000000116,37.676456,2025-02-28,4.0
69.62399999999616,37.620438,2025-03-01,4.0
60.76000000000931,37.69653,2025-03-02,4.0
61.64800000000105,37.698788,2025-03-03,4.0
79.19199999999546,37.70025,2025-03-04,4.0
66.222800000002,37.702374,2025-03-05,4.0
72.6079999999929,37.70949,2025-03-06,4.0
58.2000000000106,37.708954,2025-03-07,4.0
29.1199999999889,37.713184,2025-03-08,4.0
51.47200000000885,37.70958,2025-03-09,4.0
48.10399999999208,37.614674,2025-03-10,4.0
58.20799999999872,37.69126,2025-03-11,4.0
25.952000000004773,37.69177,2025-03-12,4.0
26.960000000006403,37.691006,2025-03-13,4.0
58.1759999999922,37.54095,2025-03-14,4.0
35.288000000000466,37.283455,2025-03-15,4.0
10.263999999995576,37.646107,2025-03-16,4.0
13.542800000009,37.534348,2025-03-17,4.0
11.2399999999906,35.489487,2025-03-18,4.0
13.920000000012806,33.04846,2025-03-19,4.0
12.623999999996158,30.530687,2025-03-20,4.0
14.222800000002,28.520504,2025-03-21,4.0
20.720000000001164,25.140976,2025-03-22,4.0
22.631999999997788,22.030266,2025-03-23,4.0
60.36000000000058,19.671978,2025-03-24,4.0
49.27999999999884,20.275974,2025-03-25,4.0
57.7439999999911,26.86893,2025-03-26,4.0
48.89600000000792,32.071598,2025-03-27,4.0
36.271999999997206,34.776226,2025-03-28,4.0
59.16000000000349,35.602936,2025-03-29,4.0
31.1019999999937,35.730804,2025-03-30,4.0
31.520000000004075,37.07732,2025-03-31,4.0
50.32799999999406,37.340115,2025-04-01,4.0
20.696000000010827,37.360622,2025-04-02,4.0
45.16799999999057,37.59571,2025-04-03,4.0
28.320000000006985,36.684917,2025-04-04,4.0
42.39999999999418,37.235996,2025-04-05,4.0
32.04800000000978,36.815037,2025-04-06,4.0
35.58399999998801,36.96114,2025-04-07,4.0
33.64800000000105,36.560276,2025-04-08,4.0
47.9428000000031,36.734577,2025-04-09,4.0
54.1359999999986,36.472305,2025-04-10,4.0
52.61600000000908,36.984364,2025-04-11,4.0
37.36799999998766,36.898655,2025-04-12,4.0
47.8628000000014,37.16776,2025-04-13,4.0
38.2628000000101,37.23046,2025-04-14,4.0
36.55199999999604,37.52258,2025-04-15,4.0
30.75999999999476,37.50124,2025-04-16,4.0
14.20799999999872,37.52077,2025-04-17,4.0
10.3828000000055,37.311405,2025-04-18,4.0
10.20799999999872,35.29597,2025-04-19,4.0
9.10280000000664,31.467823,2025-04-20,4.0
8.927999999999884,28.115927,2025-04-21,4.0
9.831999999994878,25.342106,2025-04-22,4.0
10.8080000000045,23.23653,2025-04-23,4.0
32.02399999999034,21.11988,2025-04-24,4.0
8.38280000000547,18.30634,2025-04-25,4.0
16.679999999993015,18.800411,2025-04-26,4.0
7.960000000006403,17.067741,2025-04-27,4.0
8.52000000000287,15.829079,2025-04-28,4.0
9.7439999999911,14.537268,2025-04-29,4.0
13.512000000002445,13.846754,2025-04-30,4.0
10.81600000000617,13.095605,2025-05-01,4.0
9.19199999999546,12.01092,2025-05-02,4.0
9.679999999993017,12.4143,2025-05-03,4.0
9.368000000002212,11.585145,2025-05-04,4.0
9.487999999997555,10.896091,2025-05-05,4.0
10.2960000000021,11.003868,2025-05-06,4.0
8.8228000000078,11.500646,2025-05-07,4.0
12.1099999999953,12.0384655,2025-05-08,4.0
10.6800000000076,9.366989,2025-05-09,4.0
10.831999999994878,9.96918,2025-05-10,4.0
10.9428000000031,10.154255,2025-05-11,4.0
10.1039999999921,10.317181,2025-05-12,4.0
9.58280000000256,10.550898,2025-05-13,4.0
8.360000000000582,10.899626,2025-05-14,4.0
14.495999999999183,10.710632,2025-05-15,4.0
8.479999999995925,10.051994,2025-05-16,4.0
8.90280000000955,10.4889,2025-05-17,4.0
10.80000000000291,10.220726,2025-05-18,4.0
10.255999999993946,9.269123,2025-05-19,4.0
9.99199999999837,9.366817,2025-05-20,4.0
10.9759999999951,10.239163,2025-05-21,4.0
14.3828000000055,10.400383,2025-05-22,4.0
13.168000000005122,9.233763,2025-05-23,4.0
11.9199999999983,9.78241,2025-05-24,4.0
12.335999999995693,10.590619,2025-05-25,4.0
13.855999999999767,10.729498,2025-05-26,4.0
14.559999999997672,11.637852,2025-05-27,4.0
9.42800000000233,12.66038,2025-05-28,4.0
22.351999999998952,13.509779,2025-05-29,4.0
16.60000000000582,11.94953,2025-05-30,4.0
23.535999999992782,12.874887,2025-05-31,4.0
18.919999999998254,13.54635,2025-06-01,4.0
20.7028000000125,14.963306,2025-06-02,4.0
19.75999999999476,16.193909,2025-06-03,4.0
22.736000000004424,17.23011,2025-06-04,4.0
31.319999999992437,18.14847,2025-06-05,4.0
28.00800000000163,18.022861,2025-06-06,4.0
19.736000000004424,19.7668,2025-06-07,4.0
25.671999999991385,21.52222,2025-06-08,4.0
22.99199999999837,21.226463,2025-06-09,4.0
22.3828000000055,22.215118,2025-06-10,4.0
28.23200000000361,23.116829,2025-06-11,4.0
32.52799999999115,23.700157,2025-06-12,4.0
23.19200000001001,23.212173,2025-06-13,4.0
24.6079999999929,24.362152,2025-06-14,4.0
22.0,24.32897,2025-06-15,4.0
24.0,23.939184,2025-06-16,4.0
6.19999999999709,6.750055,2024-09-18,5.0
8.28000000000146,6.7159915,2024-09-19,5.0
5.66000000000259,6.3068624,2024-09-20,5.0
7.979999999995925,6.6559563,2024-09-21,5.0
8.807999999997264,7.083779,2024-09-22,5.0
5.62800000000669,6.871886,2024-09-23,5.0
0.0,7.413048,2024-09-24,5.0
0.0,7.8724046,2024-09-25,5.0
0.0,7.4263625,2024-09-26,5.0
4.719999999993888,6.1886363,2024-09-27,5.0
12.680000000000293,5.759615,2024-09-28,5.0
5.18280000000101,6.13803,2024-09-29,5.0
2.959999999999127,6.6696415,2024-09-30,5.0
14.376000000003842,6.679732,2024-10-01,5.0
10.1319999999978,7.15997,2024-10-02,5.0
13.660000000003492,8.6599455,2024-10-03,5.0
10.0599999999977,8.85027,2024-10-04,5.0
0.0199999999967985,9.159499,2024-10-05,5.0
0.0,9.411453,2024-10-06,5.0
0.0600000000049476,8.016103,2024-10-07,5.0
0.0679999999993011,7.107169,2024-10-08,5.0
0.0,6.737723,2024-10-09,5.0
0.0,6.5431013,2024-10-10,5.0
0.0319999999992433,5.804278,2024-10-11,5.0
0.0319999999992433,5.846811,2024-10-12,5.0
0.2799999999988358,5.7939787,2024-10-13,5.0
0.0,5.181869,2024-10-14,5.0
3.01600000000326,5.17229,2024-10-15,5.0
16.239999999997963,4.9314294,2024-10-16,5.0
16.279999999998836,5.0594177,2024-10-17,5.0
16.2800000000011,6.1395826,2024-10-18,5.0
2.559999999997672,7.446696,2024-10-19,5.0
2.18280000000101,9.05243,2024-10-20,5.0
4.32800000000125,8.507971,2024-10-21,5.0
1.0879999999961,8.009794,2024-10-22,5.0
0.0,7.8890376,2024-10-23,5.0
3.232000000003609,7.0595164,2024-10-24,5.0
2.3000000000029104,5.74606,2024-10-25,5.0
11.4519999999975,6.2531576,2024-10-26,5.0
0.9760000000023864,6.84088,2024-10-27,5.0
1.8399999999965075,7.3358817,2024-10-28,5.0
1.3839999999981956,7.067185,2024-10-29,5.0
1.1280000000042492,7.369183,2024-10-30,5.0
2.91099999999662,7.2634463,2024-10-31,5.0
1.6880000000019209,6.161864,2024-11-01,5.0
1.8399999999965075,5.8729253,2024-11-02,5.0
0.1399999999994179,6.140838,2024-11-03,5.0
0.128000000006694,5.8677373,2024-11-04,5.0
0.1399999999994179,5.4010572,2024-11-05,5.0
0.528000000000873,5.386919,2024-11-06,5.0
0.1279999999969732,5.3503575,2024-11-07,5.0
0.182800000001006,4.6908917,2024-11-08,5.0
0.135999999998603,4.912556,2024-11-09,5.0
14.5199999999968,5.1945825,2024-11-10,5.0
2.12000000000262,4.771536,2024-11-11,5.0
2.12000000000262,6.117838,2024-11-12,5.0
2.091999999996915,6.369078,2024-11-13,5.0
0.810999999998079,6.4053063,2024-11-14,5.0
0.1360000000058789,5.976368,2024-11-15,5.0
0.7439999999987776,5.876571,2024-11-16,5.0
0.1480000000010477,6.2053456,2024-11-17,5.0
0.119999999996217,5.4498973,2024-11-18,5.0
0.7320000000036089,5.551721,2024-11-19,5.0
1.495999999999185,5.7321105,2024-11-20,5.0
1.051999999996042,5.766934,2024-11-21,5.0
16.7685290359855,5.481915,2024-11-22,5.0
17.2250394305583,5.7741504,2024-11-23,5.0
19.8523961193169,7.852237,2024-11-24,5.0
19.8921061886889,9.105111,2024-11-25,5.0
18.9137959431611,11.281162,2024-11-26,5.0
20.7786982806091,13.4031515,2024-11-27,5.0
19.1730385883813,14.991666,2024-11-28,5.0
16.3535283324148,15.741571,2024-11-29,5.0
27.1012000000002,16.090912,2024-11-30,5.0
12.5279999999984,16.689222,2024-12-01,5.0
26.192000000002736,18.610523,2024-12-02,5.0
17.760000000002037,19.137262,2024-12-03,5.0
21.70799999999872,21.367168,2024-12-04,5.0
28.9399999999951,21.743555,2024-12-05,5.0
25.4280000000023,21.517899,2024-12-06,5.0
22.139999999999414,22.404106,2024-12-07,5.0
11.9879999999976,23.017908,2024-12-08,5.0
20.7828000000069,23.422861,2024-12-09,5.0
24.0879999999961,22.145279,2024-12-10,5.0
9.83200000000211,23.038784,2024-12-11,5.0
11.6879999999946,23.84439,2024-12-12,5.0
32.79200000000128,20.592815,2024-12-13,5.0
31.48800000000483,19.25526,2024-12-14,5.0
25.807999999997264,20.957977,2024-12-15,5.0
9.99199999999837,23.773949,2024-12-16,5.0
29.8280000000038,24.527706,2024-12-17,5.0
19.07200000000012,23.964678,2024-12-18,5.0
26.148000000001048,25.931906,2024-12-19,5.0
22.19999999999709,24.11612,2024-12-20,5.0
32.86800000000221,23.482727,2024-12-21,5.0
29.49199999999837,23.903378,2024-12-22,5.0
29.87999999999738,26.09565,2024-12-23,5.0
26.66000000000349,27.282661,2024-12-24,5.0
30.687999999994645,28.875648,2024-12-25,5.0
12.4228000000063,29.432674,2024-12-26,5.0
16.639999999999418,28.42145,2024-12-27,5.0
17.639999999999418,25.876623,2024-12-28,5.0
10.867999999994936,24.946392,2024-12-29,5.0
22.2800000000011,23.967894,2024-12-30,5.0
13.17199999999866,22.952045,2024-12-31,5.0
20.708000000005995,23.043425,2025-01-01,5.0
11.2799999999988,22.224936,2025-01-02,5.0
8.50800000000163,21.029087,2025-01-03,5.0
24.799999999995634,19.318392,2025-01-04,5.0
17.09200000000419,17.6983,2025-01-05,5.0
45.73999999999796,18.404652,2025-01-06,5.0
35.220000000001164,18.043499,2025-01-07,5.0
20.5280000000009,22.633896,2025-01-08,5.0
13.779999999998836,25.44415,2025-01-09,5.0
10.051999999996042,24.06025,2025-01-10,5.0
12.38799999999901,22.271137,2025-01-11,5.0
13.812000000005357,20.675743,2025-01-12,5.0
20.127999999996973,19.848427,2025-01-13,5.0
5.059999999997672,18.451149,2025-01-14,5.0
31.380000000004657,18.973265,2025-01-15,5.0
26.5679999999993,17.77367,2025-01-16,5.0
10.6399999999994,19.789742,2025-01-17,5.0
20.1120000000018,21.21488,2025-01-18,5.0
19.7109999999995,20.229828,2025-01-19,5.0
23.1099999999953,20.000202,2025-01-20,5.0
17.92000000000553,18.877802,2025-01-21,5.0
20.37599999999657,20.008259,2025-01-22,5.0
6.50280000000081,20.025772,2025-01-23,5.0
22.69600000000355,17.434368,2025-01-24,5.0
16.471999999994296,16.353268,2025-01-25,5.0
22.560000000004948,17.531197,2025-01-26,5.0
21.860000000000586,18.276867,2025-01-27,5.0
22.451999999997497,18.926926,2025-01-28,5.0
28.38799999999901,20.783072,2025-01-29,5.0
4.319999999999709,21.346832,2025-01-30,5.0
1.81099999999808,22.45087,2025-01-31,5.0
12.0880000000025,20.340542,2025-02-01,5.0
20.099999999998545,18.175886,2025-02-02,5.0
21.16000000000349,17.211584,2025-02-03,5.0
22.507999999994357,16.929447,2025-02-04,5.0
14.0228000000049,17.851448,2025-02-05,5.0
6.73599999999711,18.918997,2025-02-06,5.0
11.851999999999,18.59508,2025-02-07,5.0
11.6800000000003,17.383583,2025-02-08,5.0
7.580000000001746,17.300083,2025-02-09,5.0
13.5,15.980188,2025-02-10,5.0
14.680000000000293,14.007689,2025-02-11,5.0
19.747999999999596,14.494125,2025-02-12,5.0
1.54280000000169,13.85732,2025-02-13,5.0
10.4680000000008,14.783088,2025-02-14,5.0
10.7319999999963,13.560883,2025-02-15,5.0
10.648000000001,13.786566,2025-02-16,5.0
14.67199999999866,12.939869,2025-02-17,5.0
10.6160000000018,12.899684,2025-02-18,5.0
10.4280000000023,12.646348,2025-02-19,5.0
7.71099999999953,12.076559,2025-02-20,5.0
12.88799999999901,11.309223,2025-02-21,5.0
11.8628000000014,11.211556,2025-02-22,5.0
21.52799999999843,11.535932,2025-02-23,5.0
11.9599999999991,11.234407,2025-02-24,5.0
16.37999999999738,12.867116,2025-02-25,5.0
12.4800000000032,13.584223,2025-02-26,5.0
1.3799999999973809,13.824451,2025-02-27,5.0
0.5600000000049477,13.564699,2025-02-28,5.0
18.69999999999709,12.191723,2025-03-01,5.0
27.4800000000032,11.095035,2025-03-02,5.0
12.291999999994005,11.725851,2025-03-03,5.0
9.968000000000757,14.286634,2025-03-04,5.0
5.02800000000087,14.449247,2025-03-05,5.0
1.088000000003376,14.438074,2025-03-06,5.0
1.0799999999944705,13.3404665,2025-03-07,5.0
14.4280000000023,12.054531,2025-03-08,5.0
13.0,11.191926,2025-03-09,5.0
5.631999999997788,10.890072,2025-03-10,5.0
8.68800000000192,10.895526,2025-03-11,5.0
10.1428000000002,9.987919,2025-03-12,5.0
14.68800000000192,10.073046,2025-03-13,5.0
1.9919999999983704,10.379613,2025-03-14,5.0
2.0800000000017462,11.568057,2025-03-15,5.0
12.639999999999418,11.02383,2025-03-16,5.0
2.81199999999889,9.513054,2025-03-17,5.0
1.25399999999732,9.011608,2025-03-18,5.0
2.148000000001048,7.943539,2025-03-19,5.0
10.668000000005122,7.2167106,2025-03-20,5.0
10.903999999994994,6.120772,2025-03-21,5.0
11.5360000000001,7.886756,2025-03-22,5.0
2.90280000000227,8.812494,2025-03-23,5.0
1.175999999999476,7.935653,2025-03-24,5.0
1.11200000000186,8.056357,2025-03-25,5.0
1.11200000000186,7.842005,2025-03-26,5.0
8.567999999999302,7.5844913,2025-03-27,5.0
8.487999999997555,6.0387115,2025-03-28,5.0
9.11999999999622,7.202127,2025-03-29,5.0
1.4120000000039,7.780825,2025-03-30,5.0
2.148000000001048,7.150935,2025-03-31,5.0
8.18280000000101,6.650542,2025-04-01,5.0
8.599999999998545,6.704723,2025-04-02,5.0
3.227999999995518,6.869971,2025-04-03,5.0
9.62800000000669,6.4678817,2025-04-04,5.0
4.4799999999959255,6.9076247,2025-04-05,5.0
6.459999999999127,7.3932333,2025-04-06,5.0
3.52800000000087,7.1012025,2025-04-07,5.0
3.268000000003667,7.2844434,2025-04-08,5.0
9.18399999999383,7.1039243,2025-04-09,5.0
3.89600000000064,7.1393194,2025-04-10,5.0
8.4120000000039,6.8563437,2025-04-11,5.0
7.680000000000291,7.4514155,2025-04-12,5.0
7.41099999999662,7.897989,2025-04-13,5.0
13.455999999998312,7.7824664,2025-04-14,5.0
10.272000000004482,8.018102,2025-04-15,5.0
9.919999999998254,8.846954,2025-04-16,5.0
14.631999999997788,9.071263,2025-04-17,5.0
7.468000000000757,8.471017,2025-04-18,5.0
4.22800000000524,8.788019,2025-04-19,5.0
3.5720000000001164,8.999673,2025-04-20,5.0
12.455999999998312,8.1574135,2025-04-21,5.0
13.19199999999546,7.795476,2025-04-22,5.0
13.1120000000018,8.77119,2025-04-23,5.0
4.128000000004249,9.492038,2025-04-24,5.0
1.8879999999990105,9.820095,2025-04-25,5.0
13.559999999997672,9.445499,2025-04-26,5.0
6.83200000000211,8.890369,2025-04-27,5.0
19.860000000000586,9.331406,2025-04-28,5.0
1.639999999999418,9.13945,2025-04-29,5.0
1.4919999999983702,11.211031,2025-04-30,5.0
1.28000000000146,10.809502,2025-05-01,5.0
1.28000000000146,9.029982,2025-05-02,5.0
3.227999999995518,8.400113,2025-05-03,5.0
10.020000000004076,7.4280686,2025-05-04,5.0
6.899999999994179,6.6836324,2025-05-05,5.0
10.2580000000054,7.1599507,2025-05-06,5.0
20.599999999998545,7.288907,2025-05-07,5.0
10.8628000000014,7.5138083,2025-05-08,5.0
2.2559999999939464,8.762995,2025-05-09,5.0
17.692000000002736,9.494183,2025-05-10,5.0
13.919999999998254,8.713878,2025-05-11,5.0
13.82800000000134,9.962906,2025-05-12,5.0
8.49199999999837,10.169487,2025-05-13,5.0
13.580000000001746,10.891658,2025-05-14,5.0
5.71099999999953,10.626106,2025-05-15,5.0
10.656000000002678,11.184877,2025-05-16,5.0
7.031999999999243,10.691109,2025-05-17,5.0
1.52800000000087,10.348088,2025-05-18,5.0
2.11999999999622,9.134203,2025-05-19,5.0
10.6520000000018,8.272998,2025-05-20,5.0
8.768000000003667,8.340326,2025-05-21,5.0
6.259999999994761,8.322249,2025-05-22,5.0
10.2109999999995,7.4775243,2025-05-23,5.0
3.16000000000259,7.43372,2025-05-24,5.0
10.19999999999709,8.004113,2025-05-25,5.0
9.00800000000163,7.2476115,2025-05-26,5.0
10.4320000000007,7.866781,2025-05-27,5.0
8.495999999999185,8.527814,2025-05-28,5.0
7.131999999997788,8.835304,2025-05-29,5.0
1.588000000003376,8.340229,2025-05-30,5.0
1.97200000000117,7.8358607,2025-05-31,5.0
7.819999999999709,7.3304667,2025-06-01,5.0
11.9109999999966,6.458305,2025-06-02,5.0
5.207999999998719,7.1120424,2025-06-03,5.0
1.6880000000019209,7.549311,2025-06-04,5.0
2.26280000000285,7.4008865,2025-06-05,5.0
10.907999999995807,6.615519,2025-06-06,5.0
2.628000000004249,6.2827373,2025-06-07,5.0
12.391999999999824,7.382283,2025-06-08,5.0
9.127999999996971,6.4327025,2025-06-09,5.0
7.752000000000407,7.4044027,2025-06-10,5.0
10.2079999999987,7.8987556,2025-06-11,5.0
12.0280000000009,8.145839,2025-06-12,5.0
4.391999999999825,7.9339743,2025-06-13,5.0
6.560000000004948,8.178382,2025-06-14,5.0
8.647999999993772,8.286463,2025-06-15,5.0
8.0,7.7025905,2025-06-16,5.0
2.93199999999252,6.0623717,2024-09-18,6.0
4.7480000000068685,6.073071,2024-09-19,6.0
6.339999999996508,5.5972743,2024-09-20,6.0
7.22000000000106,5.812191,2024-09-21,6.0
3.5,6.4302726,2024-09-22,6.0
2.2479999999995925,6.3723493,2024-09-23,6.0
2.3919999999998254,6.5556817,2024-09-24,6.0
3.2880000000004657,6.8733325,2024-09-25,6.0
5.091999999996915,6.9621596,2024-09-26,6.0
5.531999999999243,6.2944217,2024-09-27,6.0
5.128000000004249,6.3578496,2024-09-28,6.0
3.9199999999982538,6.8588257,2024-09-29,6.0
1.728000000002794,6.4396157,2024-09-30,6.0
1.451999999997497,6.5183454,2024-10-01,6.0
0.720000000001064,6.9304996,2024-10-02,6.0
0.4599999999991269,7.0161557,2024-10-03,6.0
0.2600000000020372,6.318133,2024-10-04,6.0
1.0,6.0567107,2024-10-05,6.0
1.0799999999944705,6.1380134,2024-10-06,6.0
5.25000000000378,5.5846663,2024-10-07,6.0
8.319999999999709,5.531178,2024-10-08,6.0
5.02800000000087,6.0664372,2024-10-09,6.0
6.47200000000117,6.8085036,2024-10-10,6.0
33.24799999999959,6.5622416,2024-10-11,6.0
35.55999999999767,6.7880487,2024-10-12,6.0
39.9519999999975,11.019418,2024-10-13,6.0
19.056000000004133,17.728127,2024-10-14,6.0
35.23999999999796,23.689823,2024-10-15,6.0
27.31999999999971,23.529045,2024-10-16,6.0
30.752000000000407,25.11478,2024-10-17,6.0
13.580000000001746,24.890903,2024-10-18,6.0
32.68000000000029,24.922565,2024-10-19,6.0
24.747999999999596,24.184315,2024-10-20,6.0
10.4799999999959,25.796532,2024-10-21,6.0
14.2528000000046,26.653004,2024-10-22,6.0
29.695999999996275,24.858875,2024-10-23,6.0
35.1120000000018,24.500443,2024-10-24,6.0
32.52799999999843,25.13095,2024-10-25,6.0
27.063999999998487,25.852707,2024-10-26,6.0
28.736000000004424,26.781044,2024-10-27,6.0
26.332000000002157,26.566238,2024-10-28,6.0
23.5199999999968,27.366232,2024-10-29,6.0
10.8919999999998,27.919016,2024-10-30,6.0
28.77599999999802,28.276922,2024-10-31,6.0
28.1428000000002,23.95194,2024-11-01,6.0
32.12000000000262,24.413696,2024-11-02,6.0
25.3079999999973,25.357502,2024-11-03,6.0
42.12000000000262,26.452438,2024-11-04,6.0
38.68000000000029,26.768818,2024-11-05,6.0
29.148000000001048,30.207485,2024-11-06,6.0
37.63999999999942,32.488636,2024-11-07,6.0
50.31999999999971,30.93435,2024-11-08,6.0
48.36000000000058,30.918158,2024-11-09,6.0
38.66399999999703,33.410732,2024-11-10,6.0
48.12000000000262,35.495266,2024-11-11,6.0
28.8799999999974,36.519268,2024-11-12,6.0
47.80000000000291,37.416584,2024-11-13,6.0
43.36000000000058,37.14773,2024-11-14,6.0
36.38799999999901,37.494938,2024-11-15,6.0
52.17199999999866,37.501133,2024-11-16,6.0
36.96800000000076,37.324154,2024-11-17,6.0
42.83200000000216,37.544426,2024-11-18,6.0
46.59999999999855,37.46671,2024-11-19,6.0
41.23999999999796,37.519844,2024-11-20,6.0
28.0559999999969,37.629166,2024-11-21,6.0
28.2559999999969,37.597466,2024-11-22,6.0
44.217333333333954,37.181572,2024-11-23,6.0
36.64666666666502,36.82436,2024-11-24,6.0
44.3573333333358,37.254887,2024-11-25,6.0
42.05333333333207,37.28685,2024-11-26,6.0
39.39600000000064,37.48367,2024-11-27,6.0
37.45799999999872,37.5056,2024-11-28,6.0
41.77699999999896,37.398823,2024-11-29,6.0
41.199999999997,37.24797,2024-11-30,6.0
56.86800000000221,37.310818,2024-12-01,6.0
51.512000000002445,37.38255,2024-12-02,6.0
60.61999999999534,37.613964,2024-12-03,6.0
52.9600000000064,37.637333,2024-12-04,6.0
51.42799999999989,37.68094,2024-12-05,6.0
54.53199999999924,37.677475,2024-12-06,6.0
47.919999999998254,37.679024,2024-12-07,6.0
28.2279999999955,37.686893,2024-12-08,6.0
41.0228000000049,37.669598,2024-12-09,6.0
53.18800000000192,37.542507,2024-12-10,6.0
48.108000000000175,37.638332,2024-12-11,6.0
48.07999999999447,37.6833,2024-12-12,6.0
38.29200000000128,37.67074,2024-12-13,6.0
41.700000000004366,37.6602,2024-12-14,6.0
46.92799999999989,37.56045,2024-12-15,6.0
54.66399999999703,37.537132,2024-12-16,6.0
39.807999999997264,37.635197,2024-12-17,6.0
49.80800000000454,37.680737,2024-12-18,6.0
48.29200000000128,37.647137,2024-12-19,6.0
55.53199999999924,37.67156,2024-12-20,6.0
63.20799999999872,37.650482,2024-12-21,6.0
49.26000000000204,37.66647,2024-12-22,6.0
45.187999999994645,37.68829,2024-12-23,6.0
52.1120000000018,37.6834,2024-12-24,6.0
59.69999999999709,37.675888,2024-12-25,6.0
57.45200000000477,37.69293,2024-12-26,6.0
55.1099999999953,37.698795,2024-12-27,6.0
60.63999999999942,37.699352,2024-12-28,6.0
50.81600000000617,37.699932,2024-12-29,6.0
56.7109999999995,37.698055,2024-12-30,6.0
54.68000000000029,37.69195,2024-12-31,6.0
59.04799999999523,37.701473,2025-01-01,6.0
57.0,37.702106,2025-01-02,6.0
50.92000000000553,37.705856,2025-01-03,6.0
51.271999999997206,37.70101,2025-01-04,6.0
62.73999999999796,37.695004,2025-01-05,6.0
67.26000000000204,37.67902,2025-01-06,6.0
62.73999999999796,37.699715,2025-01-07,6.0
68.09999999999854,37.70689,2025-01-08,6.0
53.79200000000128,37.70821,2025-01-09,6.0
70.66800000000512,37.711277,2025-01-10,6.0
71.29999999999563,37.70197,2025-01-11,6.0
68.39199999999983,37.710754,2025-01-12,6.0
57.00800000000163,37.709988,2025-01-13,6.0
31.81999999999971,37.71091,2025-01-14,6.0
70.62000000000262,37.701225,2025-01-15,6.0
56.13999999999942,37.66905,2025-01-16,6.0
49.19999999999709,37.710335,2025-01-17,6.0
53.108000000000175,37.706417,2025-01-18,6.0
45.03199999999924,37.69855,2025-01-19,6.0
44.79200000000128,37.6842,2025-01-20,6.0
54.77599999999802,37.677776,2025-01-21,6.0
52.42399999999907,37.6722,2025-01-22,6.0
44.24799999999959,37.692665,2025-01-23,6.0
43.12000000000262,37.69132,2025-01-24,6.0
43.58000000000175,37.66354,2025-01-25,6.0
48.61999999999534,37.650677,2025-01-26,6.0
36.55200000000332,37.625553,2025-01-27,6.0
48.667999999997846,37.65633,2025-01-28,6.0
28.05200000000332,37.616497,2025-01-29,6.0
33.375999999996566,37.667778,2025-01-30,6.0
25.5828000000026,37.448803,2025-01-31,6.0
38.59999999999855,37.380466,2025-02-01,6.0
42.50800000000163,36.737774,2025-02-02,6.0
51.26799999999639,36.989346,2025-02-03,6.0
61.9428000000031,37.12186,2025-02-04,6.0
43.5679999999993,37.467373,2025-02-05,6.0
62.84799999999814,37.598362,2025-02-06,6.0
35.2280000000052,37.58192,2025-02-07,6.0
44.1428000000002,37.64197,2025-02-08,6.0
65.23999999999796,37.548847,2025-02-09,6.0
48.0679999999993,37.61857,2025-02-10,6.0
51.58000000000175,37.68591,2025-02-11,6.0
33.04799999999523,37.67489,2025-02-12,6.0
45.31200000000536,37.68442,2025-02-13,6.0
57.0280000000009,37.598545,2025-02-14,6.0
48.9109999999966,37.634712,2025-02-15,6.0
47.45599999999831,37.683186,2025-02-16,6.0
50.7109999999995,37.652317,2025-02-17,6.0
42.608000000000175,37.642075,2025-02-18,6.0
48.35199999999895,37.66196,2025-02-19,6.0
45.83200000000216,37.639156,2025-02-20,6.0
65.73600000000442,37.66354,2025-02-21,6.0
63.25199999999313,37.659885,2025-02-22,6.0
66.2800000000011,37.68887,2025-02-23,6.0
48.78800000000047,37.685753,2025-02-24,6.0
52.05200000000332,37.698254,2025-02-25,6.0
51.26799999999639,37.681774,2025-02-26,6.0
46.79200000000128,37.69288,2025-02-27,6.0
11.1120000000018,37.69519,2025-02-28,6.0
61.98799999999756,37.68507,2025-03-01,6.0
52.667999999997846,36.488804,2025-03-02,6.0
54.21200000000681,37.56843,2025-03-03,6.0
11.627999999997,37.66235,2025-03-04,6.0
52.72000000000117,37.67577,2025-03-05,6.0
28.351999999999,36.561543,2025-03-06,6.0
35.599999999998545,37.571728,2025-03-07,6.0
56.99199999999837,37.102695,2025-03-08,6.0
16.296000000002095,37.35105,2025-03-09,6.0
41.8628000000014,37.556667,2025-03-10,6.0
35.88799999999901,36.016823,2025-03-11,6.0
27.220000000001164,36.157063,2025-03-12,6.0
12.680000000000293,36.941135,2025-03-13,6.0
24.139999999999414,35.82833,2025-03-14,6.0
47.58000000000175,33.143166,2025-03-15,6.0
20.70799999999872,30.811638,2025-03-16,6.0
13.8228000000005,32.14227,2025-03-17,6.0
35.55999999999767,29.533226,2025-03-18,6.0
41.5679999999993,27.271458,2025-03-19,6.0
25.260000000002,29.170807,2025-03-20,6.0
12.979999999995924,29.998512,2025-03-21,6.0
43.71200000000681,28.762516,2025-03-22,6.0
53.95999999999913,25.649883,2025-03-23,6.0
29.599999999998545,28.268059,2025-03-24,6.0
21.27999999999884,32.217537,2025-03-25,6.0
26.27999999999884,33.29721,2025-03-26,6.0
53.80800000000454,32.5239,2025-03-27,6.0
22.959999999999127,30.419336,2025-03-28,6.0
57.55999999999767,32.75954,2025-03-29,6.0
35.9280000000023,31.260399,2025-03-30,6.0
53.89999999999418,34.02959,2025-03-31,6.0
10.860000000000582,35.280376,2025-04-01,6.0
27.73200000000361,37.105583,2025-04-02,6.0
43.19999999999709,35.055557,2025-04-03,6.0
50.30800000000454,34.351788,2025-04-04,6.0
19.93999999999505,34.667923,2025-04-05,6.0
48.16000000000349,36.003277,2025-04-06,6.0
22.639999999999414,33.40086,2025-04-07,6.0
22.26000000000204,35.420296,2025-04-08,6.0
42.187999999994645,34.80045,2025-04-09,6.0
45.200000000004366,34.220623,2025-04-10,6.0
14.102000000001,34.74458,2025-04-11,6.0
39.52799999999843,35.53739,2025-04-12,6.0
45.5428000000017,31.8632,2025-04-13,6.0
38.23999999999796,32.361626,2025-04-14,6.0
37.45599999999831,34.057903,2025-04-15,6.0
32.46399999999994,35.377117,2025-04-16,6.0
44.96800000000076,36.417965,2025-04-17,6.0
31.580000000001743,34.99691,2025-04-18,6.0
31.87999999999738,34.518593,2025-04-19,6.0
32.73200000000361,34.73341,2025-04-20,6.0
16.959999999999127,34.374012,2025-04-21,6.0
27.0280000000009,34.573605,2025-04-22,6.0
48.807999999997264,32.95371,2025-04-23,6.0
17.99199999999837,32.738194,2025-04-24,6.0
16.57600000000093,33.573673,2025-04-25,6.0
42.55200000000332,30.63984,2025-04-26,6.0
41.61999999999534,27.449924,2025-04-27,6.0
45.63999999999942,29.709383,2025-04-28,6.0
55.85200000000623,32.07921,2025-04-29,6.0
39.479999999995925,34.240353,2025-04-30,6.0
55.42799999999989,36.489586,2025-05-01,6.0
44.13999999999942,35.79642,2025-05-02,6.0
24.648000000001048,36.694027,2025-05-03,6.0
38.4280000000023,37.1163,2025-05-04,6.0
49.72000000000117,36.796352,2025-05-05,6.0
50.83199999999488,37.29109,2025-05-06,6.0
48.35199999999895,37.566113,2025-05-07,6.0
43.48800000000483,37.598087,2025-05-08,6.0
43.9519999999975,37.595806,2025-05-09,6.0
46.36000000000058,37.539494,2025-05-10,6.0
48.85599999999977,37.497066,2025-05-11,6.0
51.12000000000262,37.578556,2025-05-12,6.0
32.891999999999825,37.616997,2025-05-13,6.0
37.45999999999913,37.640865,2025-05-14,6.0
35.0280000000009,37.46159,2025-05-15,6.0
27.031999999999243,37.45927,2025-05-16,6.0
27.0280000000009,37.283325,2025-05-17,6.0
28.6399999999994,36.64048,2025-05-18,6.0
32.57600000000093,35.774662,2025-05-19,6.0
42.37199999999575,34.8456,2025-05-20,6.0
44.30000000000291,34.27969,2025-05-21,6.0
26.847999999998137,35.36144,2025-05-22,6.0
37.17199999999866,34.614716,2025-05-23,6.0
30.86800000000221,32.13095,2025-05-24,6.0
37.0280000000009,32.52832,2025-05-25,6.0
30.1428000000002,33.059155,2025-05-26,6.0
38.1359999999986,34.20392,2025-05-27,6.0
43.2109999999995,34.48687,2025-05-28,6.0
42.0280000000009,35.37962,2025-05-29,6.0
38.55999999999767,34.133945,2025-05-30,6.0
27.580000000001743,34.426403,2025-05-31,6.0
19.391999999999825,34.723515,2025-06-01,6.0
29.080000000001743,34.485916,2025-06-02,6.0
25.2880000000005,32.50293,2025-06-03,6.0
38.18000000000029,32.035927,2025-06-04,6.0
52.33999999999651,31.957062,2025-06-05,6.0
43.5679999999993,31.200676,2025-06-06,6.0
31.4120000000039,32.532585,2025-06-07,6.0
32.307999999997264,33.98035,2025-06-08,6.0
46.73200000000361,33.962643,2025-06-09,6.0
32.099999999998545,34.53195,2025-06-10,6.0
39.81999999999971,36.343273,2025-06-11,6.0
39.31999999999971,36.688175,2025-06-12,6.0
24.891999999999825,36.50445,2025-06-13,6.0
18.296000000002092,35.392918,2025-06-14,6.0
29.223999999994703,34.333725,2025-06-15,6.0
30.0,32.275543,2025-06-16,6.0
26.26799999999639,22.32156,2024-09-18,7.0
27.531999999999243,21.394335,2024-09-19,7.0
25.17199999999866,21.721106,2024-09-20,7.0
25.2800000000061,22.093477,2024-09-21,7.0
21.88799999999901,22.504784,2024-09-22,7.0
19.57999999999447,22.580269,2024-09-23,7.0
21.380000000004657,22.964733,2024-09-24,7.0
20.60800000000017,23.363983,2024-09-25,7.0
41.36000000000058,23.80206,2024-09-26,7.0
36.83199999999488,21.92897,2024-09-27,7.0
32.16800000000512,24.366425,2024-09-28,7.0
32.62399999999616,27.065971,2024-09-29,7.0
31.959999999999127,27.950367,2024-09-30,7.0
36.0280000000009,29.200396,2024-10-01,7.0
25.0679999999993,31.141209,2024-10-02,7.0
36.5280000000009,32.662457,2024-10-03,7.0
25.4880000000048,30.437681,2024-10-04,7.0
25.9319999999925,30.334778,2024-10-05,7.0
33.9320000000007,30.024181,2024-10-06,7.0
33.028000000005704,29.039543,2024-10-07,7.0
41.71999999999389,30.060051,2024-10-08,7.0
38.12000000000262,31.656013,2024-10-09,7.0
30.87999999999738,33.77238,2024-10-10,7.0
23.080000000001743,33.35111,2024-10-11,7.0
30.09200000000419,32.19028,2024-10-12,7.0
25.7880000000005,30.967926,2024-10-13,7.0
30.78799999999319,31.005562,2024-10-14,7.0
28.53200000000652,30.648357,2024-10-15,7.0
35.70799999999872,31.08185,2024-10-16,7.0
28.1120000000018,31.595163,2024-10-17,7.0
33.33999999999651,30.691124,2024-10-18,7.0
23.73200000000361,29.885574,2024-10-19,7.0
20.047999999995227,30.421083,2024-10-20,7.0
27.031999999999243,29.827621,2024-10-21,7.0
27.02799999999843,28.375324,2024-10-22,7.0
22.57200000000012,28.63325,2024-10-23,7.0
36.80000000000291,29.307556,2024-10-24,7.0
31.12000000000262,26.59687,2024-10-25,7.0
27.627999999996973,27.39431,2024-10-26,7.0
25.2500000000038,28.274448,2024-10-27,7.0
32.75200000000041,28.111027,2024-10-28,7.0
24.76799999999639,27.62354,2024-10-29,7.0
25.8280000000038,29.405777,2024-10-30,7.0
29.20799999999872,29.84993,2024-10-31,7.0
21.87999999999738,27.929283,2024-11-01,7.0
29.9320000000007,27.362476,2024-11-02,7.0
25.788000000000466,27.046257,2024-11-03,7.0
27.17199999999866,27.632874,2024-11-04,7.0
20.427999999999884,27.502907,2024-11-05,7.0
31.05200000000332,28.311966,2024-11-06,7.0
32.799999999995634,28.333866,2024-11-07,7.0
21.09200000000419,27.058498,2024-11-08,7.0
25.7200000000012,27.161255,2024-11-09,7.0
23.335999999995693,26.3416,2024-11-10,7.0
50.06399999999849,26.016544,2024-11-11,7.0
43.84800000000541,25.68056,2024-11-12,7.0
37.167999999997846,30.52732,2024-11-13,7.0
29.10399999999936,33.576027,2024-11-14,7.0
26.735999999997148,33.519085,2024-11-15,7.0
37.4800000000032,32.82669,2024-11-16,7.0
36.08000000000175,32.478157,2024-11-17,7.0
31.651999999994587,33.301582,2024-11-18,7.0
32.7280000000052,34.598454,2024-11-19,7.0
25.0,34.845444,2024-11-20,7.0
35.68000000000029,35.350292,2024-11-21,7.0
25.9519999999975,33.16367,2024-11-22,7.0
25.0428000000017,32.727253,2024-11-23,7.0
28.2813333333326,32.09273,2024-11-24,7.0
36.29599999999724,31.266037,2024-11-25,7.0
32.33866666667018,30.48125,2024-11-26,7.0
25.0733333333337,31.878895,2024-11-27,7.0
31.6979999999985,33.04191,2024-11-28,7.0
26.16499999999905,31.262619,2024-11-29,7.0
28.8667999999998,30.46806,2024-11-30,7.0
38.09999999999855,30.072071,2024-12-01,7.0
32.84800000000541,29.699186,2024-12-02,7.0
38.1199999999962,31.492428,2024-12-03,7.0
35.55200000000332,32.46371,2024-12-04,7.0
50.04799999999523,34.0516,2024-12-05,7.0
29.6228000000025,33.20772,2024-12-06,7.0
38.908000000003085,34.328712,2024-12-07,7.0
33.771999999997206,34.046047,2024-12-08,7.0
35.21600000000035,35.691326,2024-12-09,7.0
25.1199999999962,36.253643,2024-12-10,7.0
39.9428000000031,36.897655,2024-12-11,7.0
26.919999999998254,36.484463,2024-12-12,7.0
41.2280000000028,36.378735,2024-12-13,7.0
30.26000000000204,33.44391,2024-12-14,7.0
44.77999999999884,33.79796,2024-12-15,7.0
25.7999999999956,34.056606,2024-12-16,7.0
41.72000000000117,35.90846,2024-12-17,7.0
48.86800000000221,35.90476,2024-12-18,7.0
41.61200000000099,37.158512,2024-12-19,7.0
42.72000000000117,37.064365,2024-12-20,7.0
39.2109999999995,36.887753,2024-12-21,7.0
39.88799999999901,36.884144,2024-12-22,7.0
42.0280000000009,37.340443,2024-12-23,7.0
44.687999999994645,37.41872,2024-12-24,7.0
50.79200000000128,37.570415,2024-12-25,7.0
38.63200000000506,37.615086,2024-12-26,7.0
41.687999999994645,37.61703,2024-12-27,7.0
33.68000000000029,37.50186,2024-12-28,7.0
39.76000000000204,37.52145,2024-12-29,7.0
28.4479999999967,37.43419,2024-12-30,7.0
43.81200000000536,37.537376,2024-12-31,7.0
37.33999999999651,37.292526,2025-01-01,7.0
41.02000000000408,37.537365,2025-01-02,7.0
39.4109999999966,37.408707,2025-01-03,7.0
47.807999999997264,37.28092,2025-01-04,7.0
28.880000000004657,36.9343,2025-01-05,7.0
43.799999999995634,37.336098,2025-01-06,7.0
31.048000000002503,36.6254,2025-01-07,7.0
39.59999999999855,37.254955,2025-01-08,7.0
47.39199999999983,37.027386,2025-01-09,7.0
28.1919999999955,37.05647,2025-01-10,7.0
41.120000000009895,36.930527,2025-01-11,7.0
28.8119999999916,36.06799,2025-01-12,7.0
37.59200000000419,36.34055,2025-01-13,7.0
25.3600000000006,36.19177,2025-01-14,7.0
30.520000000004075,36.581768,2025-01-15,7.0
50.63999999999942,36.673992,2025-01-16,7.0
47.19999999999709,35.92422,2025-01-17,7.0
50.5,35.38798,2025-01-18,7.0
41.9320000000007,35.96831,2025-01-19,7.0
27.335999999995693,36.713306,2025-01-20,7.0
39.62399999999616,37.119465,2025-01-21,7.0
41.56800000001385,37.094036,2025-01-22,7.0
35.80799999998999,37.41116,2025-01-23,7.0
25.1999999999971,37.38519,2025-01-24,7.0
39.37200000000303,37.013027,2025-01-25,7.0
27.80000000000291,35.26742,2025-01-26,7.0
25.372000000003,36.07546,2025-01-27,7.0
25.2880000000005,35.189133,2025-01-28,7.0
37.52799999999115,34.920193,2025-01-29,7.0
32.6228000000107,34.382526,2025-01-30,7.0
38.1759999999922,34.25038,2025-01-31,7.0
31.1099999999953,32.34724,2025-02-01,7.0
35.79200000000128,32.28224,2025-02-02,7.0
38.620000000009895,31.67192,2025-02-03,7.0
31.619999999995343,32.587322,2025-02-04,7.0
32.10000000000582,34.454067,2025-02-05,7.0
42.54799999999523,35.77688,2025-02-06,7.0
31.53200000000652,34.76727,2025-02-07,7.0
37.33199999999488,35.20061,2025-02-08,7.0
33.85599999999977,34.412083,2025-02-09,7.0
32.771999999997206,34.651512,2025-02-10,7.0
28.8399999999965,34.790424,2025-02-11,7.0
33.33200000000943,35.773403,2025-02-12,7.0
25.4280000000023,35.828175,2025-02-13,7.0
42.84799999999814,35.34441,2025-02-14,7.0
33.63999999999942,31.951147,2025-02-15,7.0
36.84799999999814,33.04759,2025-02-16,7.0
31.7109999999995,33.50388,2025-02-17,7.0
25.239999999990687,34.648205,2025-02-18,7.0
18.2720000000108,35.105732,2025-02-19,7.0
44.0,34.977863,2025-02-20,7.0
29.855999999999767,30.16488,2025-02-21,7.0
39.99199999999837,30.504639,2025-02-22,7.0
32.887999999991735,29.923164,2025-02-23,7.0
30.01600000000326,30.460464,2025-02-24,7.0
45.36800000000221,31.426548,2025-02-25,7.0
25.5679999999993,32.497025,2025-02-26,7.0
28.8479999999981,34.92004,2025-02-27,7.0
14.080000000001746,34.065548,2025-02-28,7.0
31.9360000000011,31.144474,2025-03-01,7.0
35.64800000000105,28.75429,2025-03-02,7.0
28.59200000000419,28.83159,2025-03-03,7.0
33.36799999998766,30.049135,2025-03-04,7.0
29.2720000000108,30.453846,2025-03-05,7.0
30.83199999999488,31.65058,2025-03-06,7.0
28.6119999999945,30.49625,2025-03-07,7.0
23.736000000004424,29.820297,2025-03-08,7.0
29.5828000000026,29.659166,2025-03-09,7.0
23.8959999999925,28.378868,2025-03-10,7.0
36.77599999999802,28.01118,2025-03-11,7.0
22.04800000000978,27.108715,2025-03-12,7.0
21.7439999999911,29.316133,2025-03-13,7.0
24.9828000000103,27.721474,2025-03-14,7.0
18.67999999999301,26.42944,2025-03-15,7.0
30.4280000000023,26.184052,2025-03-16,7.0
23.57600000000093,24.915901,2025-03-17,7.0
26.62399999999616,24.922773,2025-03-18,7.0
28.960000000006403,24.997034,2025-03-19,7.0
24.239999999990687,26.33984,2025-03-20,7.0
25.4879999999976,25.370441,2025-03-21,7.0
31.92000000001281,24.68622,2025-03-22,7.0
28.2879999999958,24.714577,2025-03-23,7.0
29.695999999996275,25.034184,2025-03-24,7.0
29.872000000003027,26.372406,2025-03-25,7.0
24.6628000000043,27.591185,2025-03-26,7.0
26.21600000000035,28.759796,2025-03-27,7.0
26.76799999999639,26.822569,2025-03-28,7.0
27.77599999999802,26.185719,2025-03-29,7.0
26.75999999999476,26.125237,2025-03-30,7.0
8.567999999999302,25.616224,2025-03-31,7.0
31.9428000000031,25.82043,2025-04-01,7.0
28.320000000006985,24.133415,2025-04-02,7.0
24.21600000000035,25.472984,2025-04-03,7.0
25.2879999999958,25.363264,2025-04-04,7.0
18.6119999999945,24.857487,2025-04-05,7.0
24.760000000009317,24.533014,2025-04-06,7.0
17.823999999993248,23.595322,2025-04-07,7.0
18.528000000005704,23.863966,2025-04-08,7.0
26.97599999999511,23.247974,2025-04-09,7.0
29.888000000006286,23.342823,2025-04-10,7.0
11.2879999999958,22.911823,2025-04-11,7.0
21.39199999999255,23.798447,2025-04-12,7.0
20.80000000000291,22.151268,2025-04-13,7.0
29.1828000000084,21.22102,2025-04-14,7.0
20.239999999990687,21.895119,2025-04-15,7.0
25.2280000000052,23.358084,2025-04-16,7.0
16.551999999996042,23.139757,2025-04-17,7.0
23.680000000007567,21.807117,2025-04-18,7.0
20.4119999999974,20.589874,2025-04-19,7.0
26.67999999999301,20.847782,2025-04-20,7.0
27.9828000000103,20.425121,2025-04-21,7.0
26.5028000000008,21.451897,2025-04-22,7.0
22.8959999999925,23.394249,2025-04-23,7.0
22.09600000000501,24.636486,2025-04-24,7.0
24.231999999989057,23.442173,2025-04-25,7.0
18.0560000000104,22.589705,2025-04-26,7.0
25.2539999999973,22.632881,2025-04-27,7.0
18.127999999996973,21.82343,2025-04-28,7.0
29.37600000000384,22.124384,2025-04-29,7.0
17.296000000002095,22.51043,2025-04-30,7.0
35.471999999994296,24.086088,2025-05-01,7.0
30.135999999998603,22.427034,2025-05-02,7.0
28.7109999999995,23.852585,2025-05-03,7.0
25.76799999999639,25.012642,2025-05-04,7.0
22.312000000005355,25.24341,2025-05-05,7.0
24.80000000000291,25.600277,2025-05-06,7.0
32.59999999999127,25.646233,2025-05-07,7.0
26.32800000000861,25.761753,2025-05-08,7.0
27.23200000000361,24.906292,2025-05-09,7.0
26.127999999996973,25.005188,2025-05-10,7.0
26.62399999999616,25.463821,2025-05-11,7.0
27.4119999999974,25.772266,2025-05-12,7.0
31.48000000001048,26.023003,2025-05-13,7.0
23.519999999989523,26.612621,2025-05-14,7.0
30.672000000005937,28.109,2025-05-15,7.0
23.648000000001048,26.073397,2025-05-16,7.0
28.663999999989755,25.679047,2025-05-17,7.0
30.680000000007567,25.276642,2025-05-18,7.0
25.36800000000221,24.948475,2025-05-19,7.0
25.512000000002445,26.120281,2025-05-20,7.0
29.1759999999922,26.963226,2025-05-21,7.0
32.1828000000084,26.441748,2025-05-22,7.0
29.648000000001048,25.141071,2025-05-23,7.0
25.76799999999639,25.58389,2025-05-24,7.0
25.42399999999907,26.44674,2025-05-25,7.0
21.67999999999301,26.473896,2025-05-26,7.0
28.5828000000026,26.890059,2025-05-27,7.0
30.98399999999674,26.721598,2025-05-28,7.0
32.6880000000092,27.358849,2025-05-29,7.0
26.38399999999092,26.363216,2025-05-30,7.0
28.9360000000011,26.619995,2025-05-31,7.0
20.127999999996973,26.56808,2025-06-01,7.0
23.41600000001199,26.396217,2025-06-02,7.0
30.07200000000012,25.4292,2025-06-03,7.0
33.54399999999441,25.271355,2025-06-04,7.0
31.255999999993943,26.739346,2025-06-05,7.0
24.5828000000026,26.523937,2025-06-06,7.0
25.4800000000105,26.626186,2025-06-07,7.0
30.863999999986845,26.464424,2025-06-08,7.0
31.37600000000384,26.045055,2025-06-09,7.0
30.487999999997555,27.166924,2025-06-10,7.0
28.09600000000501,28.51856,2025-06-11,7.0
29.047999999995227,29.36839,2025-06-12,7.0
18.960000000006403,27.792091,2025-06-13,7.0
11.1120000000018,27.205027,2025-06-14,7.0
21.648000000001048,26.04435,2025-06-15,7.0
20.0,23.338642,2025-06-16,7.0
9.81099999999808,9.763641,2024-09-18,8.0
10.720000000001164,9.445767,2024-09-19,8.0
13.468000000000757,8.98729,2024-09-20,8.0
16.947999999996682,9.035158,2024-09-21,8.0
12.8628000000014,9.528219,2024-09-22,8.0
10.080000000001746,10.420294,2024-09-23,8.0
5.28800000000309,11.378962,2024-09-24,8.0
9.87999999999738,11.886133,2024-09-25,8.0
23.9109999999966,11.417255,2024-09-26,8.0
20.18800000000192,10.422049,2024-09-27,8.0
19.639999999999414,11.868554,2024-09-28,8.0
14.959999999999129,13.255293,2024-09-29,8.0
17.599999999998545,14.003974,2024-09-30,8.0
11.708000000006,14.652552,2024-10-01,8.0
10.583999999995283,16.383917,2024-10-02,8.0
22.80800000000454,16.37626,2024-10-03,8.0
21.55199999999604,14.955858,2024-10-04,8.0
18.560000000004948,15.45184,2024-10-05,8.0
22.627999999996973,16.147,2024-10-06,8.0
18.0,16.476368,2024-10-07,8.0
17.61200000000099,17.76709,2024-10-08,8.0
17.011999999996,18.938625,2024-10-09,8.0
23.463999999999945,19.514727,2024-10-10,8.0
20.927999999999884,18.311607,2024-10-11,8.0
11.6000000000058,18.398537,2024-10-12,8.0
18.047999999995227,18.40981,2024-10-13,8.0
25.4320000000007,17.297081,2024-10-14,8.0
22.67199999999866,17.551443,2024-10-15,8.0
17.4280000000023,19.810242,2024-10-16,8.0
25.9360000000011,21.466675,2024-10-17,8.0
18.832000000002157,20.522865,2024-10-18,8.0
26.247999999999596,20.866415,2024-10-19,8.0
22.2109999999995,20.554298,2024-10-20,8.0
11.7999999999956,21.28549,2024-10-21,8.0
30.012000000002445,21.777641,2024-10-22,8.0
12.559999999997672,21.078178,2024-10-23,8.0
20.056000000004133,23.152184,2024-10-24,8.0
35.703999999997905,20.619534,2024-10-25,8.0
12.09599999999773,19.892351,2024-10-26,8.0
25.0,22.373833,2024-10-27,8.0
11.851999999999,21.003185,2024-10-28,8.0
20.9320000000007,21.407839,2024-10-29,8.0
19.8280000000038,20.807068,2024-10-30,8.0
27.1199999999962,21.97134,2024-10-31,8.0
20.976000000002387,21.021263,2024-11-01,8.0
16.531999999999243,21.459927,2024-11-02,8.0
27.720000000001164,21.550877,2024-11-03,8.0
18.0280000000009,20.544266,2024-11-04,8.0
20.307999999997264,22.14659,2024-11-05,8.0
11.5428000000017,21.9981,2024-11-06,8.0
27.76799999999639,22.696484,2024-11-07,8.0
29.9800000000032,20.321676,2024-11-08,8.0
20.987999999997555,20.06873,2024-11-09,8.0
21.27999999999884,21.874435,2024-11-10,8.0
25.280000000006112,21.531425,2024-11-11,8.0
10.432000000000698,22.057682,2024-11-12,8.0
18.27199999999721,23.798754,2024-11-13,8.0
25.0280000000009,22.765759,2024-11-14,8.0
28.86800000000221,21.110977,2024-11-15,8.0
27.187999999994645,21.159801,2024-11-16,8.0
23.07200000000012,22.641941,2024-11-17,8.0
11.2320000000036,22.998352,2024-11-18,8.0
24.847999999998137,23.594788,2024-11-19,8.0
23.05999999999767,23.010855,2024-11-20,8.0
23.0280000000008,24.33325,2024-11-21,8.0
26.6080000000026,23.446686,2024-11-22,8.0
21.56933333333048,22.564068,2024-11-23,8.0
24.02400000000004,23.25185,2024-11-24,8.0
19.517333333336865,23.289194,2024-11-25,8.0
18.529333333332037,23.603802,2024-11-26,8.0
18.95866666666552,24.015377,2024-11-27,8.0
28.28266666666602,24.332571,2024-11-28,8.0
28.9659921210641,22.868649,2024-11-29,8.0
22.5880000000005,22.928822,2024-11-30,8.0
22.57999999999447,23.760456,2024-12-01,8.0
24.10000000000582,23.439556,2024-12-02,8.0
22.627999999996973,24.345016,2024-12-03,8.0
24.8109999999981,25.25386,2024-12-04,8.0
17.2579999999981,25.580238,2024-12-05,8.0
14.8628000000014,24.514214,2024-12-06,8.0
18.57600000000093,22.94702,2024-12-07,8.0
23.23200000000361,21.839241,2024-12-08,8.0
12.69999999999709,21.564325,2024-12-09,8.0
11.4280000000023,22.18232,2024-12-10,8.0
16.05999999999767,21.75748,2024-12-11,8.0
17.368000000002212,21.133804,2024-12-12,8.0
12.731999999996331,19.476902,2024-12-13,8.0
10.9880000000048,18.239803,2024-12-14,8.0
20.1199999999962,17.139484,2024-12-15,8.0
22.919999999998254,16.368034,2024-12-16,8.0
20.7428000000061,17.229982,2024-12-17,8.0
23.487999999997555,19.41326,2024-12-18,8.0
11.6399999999994,20.755032,2024-12-19,8.0
19.37999999999738,21.033697,2024-12-20,8.0
10.387999999999,19.954319,2024-12-21,8.0
23.332000000002157,20.128836,2024-12-22,8.0
10.387999999999,18.518602,2024-12-23,8.0
6.531999999999243,19.36537,2024-12-24,8.0
16.0,19.666546,2024-12-25,8.0
11.5080000000016,18.516014,2024-12-26,8.0
12.360000000000582,16.806065,2024-12-27,8.0
19.0,16.314709,2024-12-28,8.0
18.47200000000157,16.453848,2024-12-29,8.0
16.102000000001,16.83183,2024-12-30,8.0
20.17599999999948,17.334118,2024-12-31,8.0
20.0109999999952,17.92083,2025-01-01,8.0
13.1280000000067,17.806053,2025-01-02,8.0
23.81999999999971,17.55708,2025-01-03,8.0
21.77199999999721,16.333101,2025-01-04,8.0
18.5679999999993,17.201069,2025-01-05,8.0
19.05999999999767,17.366215,2025-01-06,8.0
19.520000000004075,17.803043,2025-01-07,8.0
17.747999999999593,18.485016,2025-01-08,8.0
5.631999999997788,18.760185,2025-01-09,8.0
21.847999999998137,17.527409,2025-01-10,8.0
5.14280000000023,16.25483,2025-01-11,8.0
14.888000000006286,16.738922,2025-01-12,8.0
18.6079999999929,15.23301,2025-01-13,8.0
17.6280000000067,15.083611,2025-01-14,8.0
18.05199999999604,15.920261,2025-01-15,8.0
20.372000000003027,16.732576,2025-01-16,8.0
10.767999999996391,17.156675,2025-01-17,8.0
11.1200000000026,17.01542,2025-01-18,8.0
10.648000000001048,16.464851,2025-01-19,8.0
19.19199999999546,14.815733,2025-01-20,8.0
13.560000000004948,13.634161,2025-01-21,8.0
14.87999999999738,14.974317,2025-01-22,8.0
23.487999999997555,15.016039,2025-01-23,8.0
18.959999999999127,13.732576,2025-01-24,8.0
7.672000000005937,14.06091,2025-01-25,8.0
16.099999999998545,15.357777,2025-01-26,8.0
20.55999999999767,15.173628,2025-01-27,8.0
14.548000000002505,15.505268,2025-01-28,8.0
10.98399999999674,16.670134,2025-01-29,8.0
3.9200000000055297,16.666687,2025-01-30,8.0
24.255999999993943,15.599024,2025-01-31,8.0
25.27999999999884,14.639433,2025-02-01,8.0
25.09200000000419,15.548053,2025-02-02,8.0
21.97200000000157,17.240532,2025-02-03,8.0
29.70799999999872,18.229694,2025-02-04,8.0
35.02799999999843,19.655876,2025-02-05,8.0
23.31999999999971,22.164116,2025-02-06,8.0
24.4320000000007,23.49004,2025-02-07,8.0
36.0480000000025,23.72813,2025-02-08,8.0
30.451999999997497,24.314749,2025-02-09,8.0
23.61200000000099,25.91029,2025-02-10,8.0
26.648000000001048,26.336493,2025-02-11,8.0
24.0,26.909397,2025-02-12,8.0
31.20799999999872,27.345505,2025-02-13,8.0
24.79200000000128,26.654173,2025-02-14,8.0
21.591999999996915,26.407162,2025-02-15,8.0
21.57600000000093,26.32804,2025-02-16,8.0
25.3839999999982,25.412014,2025-02-17,8.0
28.0280000000009,25.69003,2025-02-18,8.0
14.788000000000466,25.94464,2025-02-19,8.0
6.52000000000287,26.029083,2025-02-20,8.0
24.0109999999952,23.196178,2025-02-21,8.0
11.9599999999991,20.819317,2025-02-22,8.0
31.4800000000032,20.48878,2025-02-23,8.0
23.127999999996973,18.129436,2025-02-24,8.0
31.528000000005704,20.139816,2025-02-25,8.0
28.2539999999973,21.31666,2025-02-26,8.0
36.0,23.565115,2025-02-27,8.0
10.8680000000022,23.72859,2025-02-28,8.0
39.2579999999981,24.839006,2025-03-01,8.0
23.9028000000023,22.753202,2025-03-02,8.0
37.2879999999958,24.935593,2025-03-03,8.0
23.07200000000012,25.280365,2025-03-04,8.0
17.8280000000038,27.165293,2025-03-05,8.0
24.43999999999505,27.579538,2025-03-06,8.0
41.0880000000025,25.832565,2025-03-07,8.0
27.7109999999995,25.23612,2025-03-08,8.0
26.639999999999414,27.697363,2025-03-09,8.0
29.76000000000204,27.385782,2025-03-10,8.0
20.639999999999414,26.822432,2025-03-11,8.0
25.807999999997264,27.301872,2025-03-12,8.0
20.419999999998254,27.195908,2025-03-13,8.0
23.012000000002445,25.971624,2025-03-14,8.0
24.167999999997846,25.088367,2025-03-15,8.0
30.44800000000396,23.929266,2025-03-16,8.0
19.57200000000012,23.999702,2025-03-17,8.0
27.091999999996915,23.876228,2025-03-18,8.0
16.8119999999989,23.65318,2025-03-19,8.0
25.132000000005064,25.29511,2025-03-20,8.0
33.0199999999968,23.123188,2025-03-21,8.0
18.648000000001048,22.243977,2025-03-22,8.0
20.3109999999981,23.54097,2025-03-23,8.0
19.23200000000361,21.802967,2025-03-24,8.0
27.90799999999581,21.837383,2025-03-25,8.0
12.067999999999302,22.4419,2025-03-26,8.0
19.952000000004773,23.846842,2025-03-27,8.0
20.25999999999476,21.32716,2025-03-28,8.0
25.4920000000056,20.610893,2025-03-29,8.0
24.77599999999802,19.950314,2025-03-30,8.0
11.2800000000011,19.527866,2025-03-31,8.0
21.2109999999995,20.495684,2025-04-01,8.0
28.77999999999884,19.682564,2025-04-02,8.0
11.887999999999,19.981754,2025-04-03,8.0
26.1120000000018,20.769287,2025-04-04,8.0
25.599999999998545,19.169064,2025-04-05,8.0
20.69999999999709,19.696285,2025-04-06,8.0
24.460000000006403,20.728413,2025-04-07,8.0
16.127999999996973,21.06944,2025-04-08,8.0
27.023999999997613,21.535503,2025-04-09,8.0
19.88799999999901,21.424992,2025-04-10,8.0
28.96800000000076,21.484743,2025-04-11,8.0
17.78399999999965,21.296394,2025-04-12,8.0
25.728000000002798,22.123158,2025-04-13,8.0
11.9000000000011,21.051472,2025-04-14,8.0
12.29200000000128,22.004044,2025-04-15,8.0
13.1199999999962,21.074387,2025-04-16,8.0
10.7360000000044,19.528008,2025-04-17,8.0
23.743999999998778,17.716404,2025-04-18,8.0
22.77599999999802,15.768784,2025-04-19,8.0
16.023999999997613,16.0293,2025-04-20,8.0
11.4560000000055,16.980976,2025-04-21,8.0
22.75199999999313,16.867937,2025-04-22,8.0
11.6720000000059,16.610306,2025-04-23,8.0
27.29599999999482,17.622477,2025-04-24,8.0
28.78399999999965,16.471355,2025-04-25,8.0
17.0280000000009,16.753996,2025-04-26,8.0
28.09600000000501,18.366674,2025-04-27,8.0
25.69199999999546,17.848886,2025-04-28,8.0
17.5,19.89851,2025-04-29,8.0
21.12000000000262,21.945873,2025-04-30,8.0
22.299999999995634,21.791666,2025-05-01,8.0
21.4280000000023,20.94247,2025-05-02,8.0
26.97200000000157,20.51035,2025-05-03,8.0
21.70799999999872,19.78585,2025-05-04,8.0
22.080000000001743,20.388496,2025-05-05,8.0
22.531999999999243,21.338102,2025-05-06,8.0
17.735999999997148,21.997633,2025-05-07,8.0
28.12000000000262,22.652435,2025-05-08,8.0
16.5428000000017,20.408474,2025-05-09,8.0
22.00800000000163,20.744524,2025-05-10,8.0
25.487999999997555,20.054455,2025-05-11,8.0
26.012000000002445,19.869467,2025-05-12,8.0
21.459999999999127,20.576426,2025-05-13,8.0
24.79200000000128,22.091393,2025-05-14,8.0
17.46799999999348,22.330654,2025-05-15,8.0
18.05200000000332,21.977291,2025-05-16,8.0
27.976000000002387,20.688295,2025-05-17,8.0
23.903999999994998,19.39541,2025-05-18,8.0
16.096000000005006,19.833149,2025-05-19,8.0
11.3109999999981,20.511532,2025-05-20,8.0
14.760000000002035,20.48008,2025-05-21,8.0
24.391999999999825,19.272324,2025-05-22,8.0
20.90799999999581,16.954725,2025-05-23,8.0
16.160000000003492,17.215715,2025-05-24,8.0
16.891999999999825,17.515162,2025-05-25,8.0
6.788000000000466,16.972683,2025-05-26,8.0
7.307999999997264,17.450151,2025-05-27,8.0
1.319999999999709,16.59063,2025-05-28,8.0
0.0239999999976134,15.53823,2025-05-29,8.0
1.1480000000010475,12.8357935,2025-05-30,8.0
1.25800000000541,10.762913,2025-05-31,8.0
4.063999999998487,8.921587,2025-06-01,8.0
3.61199999999453,7.1161213,2025-06-02,8.0
6.28000000000146,6.7429852,2025-06-03,8.0
14.8628000000014,6.395905,2025-06-04,8.0
5.32800000000125,6.5434775,2025-06-05,8.0
3.591999999996915,7.0241294,2025-06-06,8.0
7.948000000003958,6.414599,2025-06-07,8.0
12.1199999999962,6.406033,2025-06-08,8.0
10.108000000000176,5.836313,2025-06-09,8.0
8.031999999999243,6.732913,2025-06-10,8.0
10.7109999999995,7.1506944,2025-06-11,8.0
10.296000000002095,7.4762053,2025-06-12,8.0
7.952000000004773,7.862325,2025-06-13,8.0
9.219999999993888,7.9523997,2025-06-14,8.0
6.25000000000378,8.123378,2025-06-15,8.0
7.0,7.912726,2025-06-16,8.0
13.939999999995052,17.27546,2024-09-18,9.0
16.072000000000116,16.646309,2024-09-19,9.0
20.02799999999843,15.467983,2024-09-20,9.0
22.81999999999971,15.455545,2024-09-21,9.0
16.391999999999825,16.023191,2024-09-22,9.0
16.056000000004133,17.11586,2024-09-23,9.0
14.131999999997788,17.682917,2024-09-24,9.0
13.572000000000116,18.25658,2024-09-25,9.0
32.296000000002095,18.38607,2024-09-26,9.0
26.1428000000002,16.6517,2024-09-27,9.0
23.0879999999961,18.626776,2024-09-28,9.0
30.68000000000029,20.36737,2024-09-29,9.0
27.42000000000553,20.474983,2024-09-30,9.0
21.39999999999418,22.66509,2024-10-01,9.0
23.4280000000023,25.214481,2024-10-02,9.0
18.80000000000291,25.400925,2024-10-03,9.0
24.02799999999843,24.113697,2024-10-04,9.0
23.78399999999965,22.804987,2024-10-05,9.0
25.88799999999901,22.846634,2024-10-06,9.0
19.5679999999993,22.635406,2024-10-07,9.0
17.31999999999971,23.32146,2024-10-08,9.0
26.99199999999837,23.821339,2024-10-09,9.0
19.580000000001743,23.884441,2024-10-10,9.0
11.6399999999994,23.506647,2024-10-11,9.0
25.02799999999843,22.302206,2024-10-12,9.0
23.2280000000052,20.652863,2024-10-13,9.0
18.17199999999866,21.087074,2024-10-14,9.0
16.731999999996333,21.620535,2024-10-15,9.0
18.6280000000067,21.744408,2024-10-16,9.0
23.747999999999596,21.69363,2024-10-17,9.0
11.051999999996,20.864769,2024-10-18,9.0
17.167999999997846,20.872261,2024-10-19,9.0
31.0,19.460648,2024-10-20,9.0
22.0880000000025,18.929207,2024-10-21,9.0
26.4800000000032,21.320599,2024-10-22,9.0
24.1119999999946,22.596947,2024-10-23,9.0
21.0,23.80478,2024-10-24,9.0
27.81999999999971,23.299812,2024-10-25,9.0
27.880000000004657,22.767048,2024-10-26,9.0
11.1080000000002,23.371838,2024-10-27,9.0
16.102000000001,23.984945,2024-10-28,9.0
27.87999999999738,22.151802,2024-10-29,9.0
27.4320000000007,22.084827,2024-10-30,9.0
26.919999999998254,24.400986,2024-10-31,9.0
26.52799999999843,24.075651,2024-11-01,9.0
24.27999999999884,24.487347,2024-11-02,9.0
27.4280000000023,25.277225,2024-11-03,9.0
26.9280000000023,25.298588,2024-11-04,9.0
19.05199999999604,25.607445,2024-11-05,9.0
29.228000000002798,26.584488,2024-11-06,9.0
25.2800000000011,26.346054,2024-11-07,9.0
25.1080000000002,25.336369,2024-11-08,9.0
24.639999999999414,24.667671,2024-11-09,9.0
20.839999999996508,24.701405,2024-11-10,9.0
27.851999999998952,24.84878,2024-11-11,9.0
22.852000000006228,24.576979,2024-11-12,9.0
25.7199999999939,26.205324,2024-11-13,9.0
21.32800000000134,26.774872,2024-11-14,9.0
21.1120000000018,25.716019,2024-11-15,9.0
28.148000000001048,24.581497,2024-11-16,9.0
27.76000000000204,24.55819,2024-11-17,9.0
33.091999999996915,24.777473,2024-11-18,9.0
23.648000000001048,25.445997,2024-11-19,9.0
22.351999999998952,27.749735,2024-11-20,9.0
21.6560000000027,28.033476,2024-11-21,9.0
27.26266666666682,26.428896,2024-11-22,9.0
25.6893333333331,25.359684,2024-11-23,9.0
25.256666666667,25.86993,2024-11-24,9.0
29.294666666666064,26.105965,2024-11-25,9.0
21.85066666666777,25.916803,2024-11-26,9.0
28.766666666665213,27.457607,2024-11-27,9.0
23.82600000000094,27.80246,2024-11-28,9.0
31.451228073574,27.222301,2024-11-29,9.0
29.7051999999996,26.48061,2024-11-30,9.0
36.61200000000099,27.313494,2024-12-01,9.0
26.728000000002798,27.807339,2024-12-02,9.0
28.0199999999968,29.568563,2024-12-03,9.0
36.87999999999738,30.224266,2024-12-04,9.0
29.66800000000512,30.738895,2024-12-05,9.0
43.37199999999575,30.572445,2024-12-06,9.0
21.812000000005355,29.852718,2024-12-07,9.0
39.2119999999931,31.504646,2024-12-08,9.0
25.49200000000565,31.177525,2024-12-09,9.0
26.131999999997788,32.79961,2024-12-10,9.0
43.69600000000355,33.32652,2024-12-11,9.0
28.599999999998545,33.648945,2024-12-12,9.0
31.29200000000128,33.50646,2024-12-13,9.0
22.339999999996508,31.620533,2024-12-14,9.0
29.048000000002503,31.025372,2024-12-15,9.0
27.83199999999488,30.274437,2024-12-16,9.0
27.4800000000032,30.820076,2024-12-17,9.0
24.68800000000192,31.999317,2024-12-18,9.0
35.479999999995925,32.790977,2024-12-19,9.0
22.68000000000029,30.49657,2024-12-20,9.0
14.29200000000128,29.885681,2024-12-21,9.0
36.09199999999692,29.665188,2024-12-22,9.0
26.028000000005704,27.4058,2024-12-23,9.0
26.971999999994296,29.11504,2024-12-24,9.0
27.028000000005704,30.407482,2024-12-25,9.0
24.25999999999476,30.31332,2024-12-26,9.0
24.7109999999995,28.14539,2024-12-27,9.0
27.0880000000025,27.146057,2024-12-28,9.0
20.00800000000163,27.384754,2024-12-29,9.0
37.06399999999849,27.546724,2024-12-30,9.0
24.720000000001164,26.732769,2024-12-31,9.0
31.695999999996275,28.975021,2025-01-01,9.0
25.031999999999243,29.291725,2025-01-02,9.0
22.9000000000011,28.003622,2025-01-03,9.0
27.0280000000009,27.019995,2025-01-04,9.0
27.080000000001743,26.584099,2025-01-05,9.0
22.8109999999981,26.308342,2025-01-06,9.0
31.2800000000011,26.427639,2025-01-07,9.0
23.427999999999884,26.103886,2025-01-08,9.0
21.739999999997963,27.486343,2025-01-09,9.0
28.632000000005064,25.557281,2025-01-10,9.0
31.31999999999971,24.471256,2025-01-11,9.0
20.88799999999901,25.287388,2025-01-12,9.0
25.96800000000076,26.765152,2025-01-13,9.0
24.2109999999995,25.452938,2025-01-14,9.0
22.43999999999505,26.297424,2025-01-15,9.0
21.580000000001743,27.173552,2025-01-16,9.0
32.30000000000291,25.654945,2025-01-17,9.0
22.419999999998254,24.626144,2025-01-18,9.0
13.9280000000023,26.120245,2025-01-19,9.0
37.09199999999692,24.745155,2025-01-20,9.0
25.616000000001804,22.965988,2025-01-21,9.0
25.5028000000008,26.072624,2025-01-22,9.0
25.1359999999986,27.054924,2025-01-23,9.0
28.9109999999966,24.673355,2025-01-24,9.0
31.952000000004773,23.675251,2025-01-25,9.0
28.21600000000035,24.573067,2025-01-26,9.0
22.252000000000407,26.753407,2025-01-27,9.0
20.49199999999837,27.214348,2025-01-28,9.0
39.57600000000093,27.29564,2025-01-29,9.0
30.479999999995925,27.102821,2025-01-30,9.0
28.67199999999866,28.653816,2025-01-31,9.0
11.1920000000027,28.442028,2025-02-01,9.0
31.268000000003667,28.199806,2025-02-02,9.0
25.5199999999968,26.00222,2025-02-03,9.0
17.18000000000029,26.545155,2025-02-04,9.0
30.60800000000017,27.694988,2025-02-05,9.0
26.1428000000002,27.752913,2025-02-06,9.0
37.98799999999756,27.11031,2025-02-07,9.0
29.380000000004657,26.519194,2025-02-08,9.0
26.5,28.188135,2025-02-09,9.0
28.5879999999961,28.123272,2025-02-10,9.0
29.55999999999767,27.445084,2025-02-11,9.0
25.0628000000058,29.082384,2025-02-12,9.0
30.17599999999948,30.025782,2025-02-13,9.0
20.023999999997613,28.125374,2025-02-14,9.0
32.0480000000025,27.301348,2025-02-15,9.0
30.239999999997963,26.79966,2025-02-16,9.0
26.391999999999825,27.341381,2025-02-17,9.0
25.01600000000326,28.518288,2025-02-18,9.0
30.1428000000002,28.801872,2025-02-19,9.0
24.29599999999482,28.301327,2025-02-20,9.0
28.560000000004948,27.163334,2025-02-21,9.0
22.07200000000012,25.796978,2025-02-22,9.0
27.0879999999961,25.83451,2025-02-23,9.0
42.79200000000128,24.670097,2025-02-24,9.0
28.76799999999639,25.259481,2025-02-25,9.0
27.59200000000419,28.983746,2025-02-26,9.0
22.739999999997963,30.097826,2025-02-27,9.0
17.61200000000099,28.415367,2025-02-28,9.0
32.63999999999942,27.145098,2025-03-01,9.0
27.427999999999884,25.619322,2025-03-02,9.0
32.69999999999709,26.523203,2025-03-03,9.0
22.18000000000029,26.78373,2025-03-04,9.0
28.0280000000009,27.840939,2025-03-05,9.0
20.560000000004948,28.06984,2025-03-06,9.0
21.788000000000466,27.319347,2025-03-07,9.0
21.719999999993888,25.898449,2025-03-08,9.0
24.2109999999995,25.49408,2025-03-09,9.0
18.92000000000553,24.795864,2025-03-10,9.0
29.091999999996915,23.609274,2025-03-11,9.0
13.21600000000035,22.84872,2025-03-12,9.0
32.1428000000002,24.532465,2025-03-13,9.0
23.256000000001222,22.54768,2025-03-14,9.0
13.972000000001572,23.522432,2025-03-15,9.0
22.37199999999575,23.641132,2025-03-16,9.0
10.7360000000044,22.163061,2025-03-17,9.0
19.583999999995285,21.194843,2025-03-18,9.0
17.38799999999901,20.008533,2025-03-19,9.0
19.8280000000038,20.886078,2025-03-20,9.0
20.5199999999968,19.053017,2025-03-21,9.0
17.868000000002212,18.943447,2025-03-22,9.0
20.12000000000262,19.187658,2025-03-23,9.0
20.599999999998545,17.797428,2025-03-24,9.0
23.19999999999709,18.89217,2025-03-25,9.0
20.743999999998778,19.737862,2025-03-26,9.0
24.976000000002387,21.80486,2025-03-27,9.0
16.192000000002736,20.32312,2025-03-28,9.0
19.0199999999968,20.627983,2025-03-29,9.0
18.8109999999981,19.884966,2025-03-30,9.0
22.8280000000038,18.705458,2025-03-31,9.0
13.735999999997148,19.004642,2025-04-01,9.0
20.6228000000025,20.398062,2025-04-02,9.0
18.70799999999872,19.614126,2025-04-03,9.0
17.099999999998545,18.949837,2025-04-04,9.0
18.720000000001164,19.127752,2025-04-05,9.0
25.66000000000349,18.765434,2025-04-06,9.0
19.731999999996333,18.656176,2025-04-07,9.0
16.80000000000291,20.011162,2025-04-08,9.0
11.7200000000012,20.525143,2025-04-09,9.0
22.455999999998312,20.531765,2025-04-10,9.0
8.19999999999709,18.238117,2025-04-11,9.0
31.49199999999837,18.948334,2025-04-12,9.0
22.92000000000553,17.695152,2025-04-13,9.0
19.860000000000586,19.602858,2025-04-14,9.0
19.752000000000407,20.390179,2025-04-15,9.0
19.855999999999767,20.880518,2025-04-16,9.0
25.5109999999952,20.933311,2025-04-17,9.0
16.0,19.282719,2025-04-18,9.0
18.67199999999866,19.817734,2025-04-19,9.0
11.3600000000006,19.097095,2025-04-20,9.0
20.256000000001222,18.558924,2025-04-21,9.0
19.6228000000025,17.595078,2025-04-22,9.0
11.9479999999967,18.424397,2025-04-23,9.0
18.0280000000009,19.611214,2025-04-24,9.0
23.012000000002445,17.650616,2025-04-25,9.0
25.6559999999954,17.610193,2025-04-26,9.0
11.3320000000022,17.862339,2025-04-27,9.0
24.86800000000221,18.992687,2025-04-28,9.0
21.391999999999825,18.016876,2025-04-29,9.0
16.951999999997497,19.900814,2025-04-30,9.0
21.055999999996857,20.976856,2025-05-01,9.0
11.8520000000062,19.149914,2025-05-02,9.0
20.17199999999866,18.981491,2025-05-03,9.0
19.94799999999668,17.584646,2025-05-04,9.0
17.8280000000038,17.723166,2025-05-05,9.0
21.839999999996508,18.186441,2025-05-06,9.0
19.12000000000262,18.746979,2025-05-07,9.0
20.959999999999127,19.934467,2025-05-08,9.0
20.652000000001863,18.760742,2025-05-09,9.0
16.19999999999709,18.60532,2025-05-10,9.0
24.09599999999773,18.575033,2025-05-11,9.0
19.4320000000007,18.40767,2025-05-12,9.0
22.031999999999243,19.031761,2025-05-13,9.0
22.880000000004657,19.558136,2025-05-14,9.0
19.52799999999843,20.459848,2025-05-15,9.0
19.220000000001164,20.230827,2025-05-16,9.0
17.580000000001746,19.750055,2025-05-17,9.0
25.87999999999738,19.33984,2025-05-18,9.0
17.260000000002037,18.072348,2025-05-19,9.0
19.9320000000007,19.303244,2025-05-20,9.0
18.687999999994645,19.933247,2025-05-21,9.0
19.9280000000023,20.0862,2025-05-22,9.0
18.94799999999668,18.56259,2025-05-23,9.0
30.352000000006228,18.012257,2025-05-24,9.0
21.860000000000586,18.295536,2025-05-25,9.0
21.77199999999721,20.213549,2025-05-26,9.0
20.70799999999872,21.498173,2025-05-27,9.0
23.66000000000349,22.13313,2025-05-28,9.0
24.43999999999505,22.158518,2025-05-29,9.0
22.020000000004075,21.225796,2025-05-30,9.0
22.69999999999709,20.879648,2025-05-31,9.0
17.1120000000018,20.933739,2025-06-01,9.0
22.02799999999843,20.66196,2025-06-02,9.0
21.2500000000038,20.254044,2025-06-03,9.0
24.27999999999884,20.788033,2025-06-04,9.0
21.47200000000157,21.516937,2025-06-05,9.0
25.987999999997555,21.167076,2025-06-06,9.0
25.747999999999596,20.639246,2025-06-07,9.0
24.8109999999981,21.332851,2025-06-08,9.0
20.29200000000128,21.973133,2025-06-09,9.0
23.135999999998603,22.622608,2025-06-10,9.0
13.1428000000002,22.845123,2025-06-11,9.0
14.247999999999593,23.43361,2025-06-12,9.0
10.3280000000013,20.72543,2025-06-13,9.0
18.3839999999982,18.844341,2025-06-14,9.0
17.0,17.714863,2025-06-15,9.0
11.0,17.426289,2025-06-16,9.0
11.9360000000011,19.155888,2024-09-18,10.0
14.051999999996042,20.67903,2024-09-19,10.0
26.9800000000032,19.042137,2024-09-20,10.0
23.631999999997788,17.610527,2024-09-21,10.0
25.927999999999884,18.637535,2024-09-22,10.0
17.7280000000052,19.226597,2024-09-23,10.0
18.187999999994645,20.673939,2024-09-24,10.0
31.752000000000407,21.35847,2024-09-25,10.0
20.20000000000437,21.443592,2024-09-26,10.0
12.88799999999901,22.602861,2024-09-27,10.0
25.0280000000009,21.488516,2024-09-28,10.0
21.239999999997963,19.904057,2024-09-29,10.0
24.031999999999243,20.205936,2024-09-30,10.0
23.2800000000011,20.654812,2024-10-01,10.0
25.231999999996333,22.330769,2024-10-02,10.0
12.368000000002212,23.609741,2024-10-03,10.0
29.27999999999884,23.89477,2024-10-04,10.0
28.67199999999866,21.538898,2024-10-05,10.0
28.44800000000396,22.24311,2024-10-06,10.0
22.88799999999901,23.268652,2024-10-07,10.0
27.4109999999966,24.243258,2024-10-08,10.0
25.860000000000586,24.913258,2024-10-09,10.0
11.5679999999993,25.642967,2024-10-10,10.0
16.452000000004773,25.170723,2024-10-11,10.0
10.451999999997495,22.540268,2024-10-12,10.0
28.987999999997555,21.43271,2024-10-13,10.0
29.2800000000011,19.740173,2024-10-14,10.0
26.2800000000011,21.055172,2024-10-15,10.0
33.13999999999942,23.369844,2024-10-16,10.0
9.11200000000186,24.830042,2024-10-17,10.0
36.42799999999989,26.50174,2024-10-18,10.0
30.2579999999981,23.632761,2024-10-19,10.0
32.17199999999866,25.140873,2024-10-20,10.0
29.060000000004948,26.516745,2024-10-21,10.0
30.479999999995925,27.53582,2024-10-22,10.0
38.63200000000506,28.509071,2024-10-23,10.0
8.82799999999286,29.134235,2024-10-24,10.0
26.05200000000332,29.901413,2024-10-25,10.0
24.68000000000029,26.673195,2024-10-26,10.0
19.455999999998312,26.60833,2024-10-27,10.0
31.79200000000128,26.391674,2024-10-28,10.0
21.239999999997963,24.964,2024-10-29,10.0
21.768000000003667,26.539326,2024-10-30,10.0
12.37199999999575,26.760054,2024-10-31,10.0
17.560000000004948,25.89082,2024-11-01,10.0
27.93999999999505,23.268288,2024-11-02,10.0
28.060000000004948,22.590944,2024-11-03,10.0
25.5399999999936,23.402084,2024-11-04,10.0
29.632000000005064,24.023932,2024-11-05,10.0
33.84799999999814,24.895206,2024-11-06,10.0
7.968000000000757,25.976864,2024-11-07,10.0
22.091999999996915,26.97445,2024-11-08,10.0
29.427999999999884,23.711508,2024-11-09,10.0
39.5028000000008,23.220062,2024-11-10,10.0
21.9360000000011,24.513142,2024-11-11,10.0
18.360000000000586,26.69624,2024-11-12,10.0
11.5028000000008,27.165771,2024-11-13,10.0
10.7999999999956,26.354088,2024-11-14,10.0
19.0880000000025,24.329649,2024-11-15,10.0
39.47200000000157,22.220274,2024-11-16,10.0
17.667999999997846,22.02312,2024-11-17,10.0
19.239999999997963,24.292318,2024-11-18,10.0
26.61200000000099,23.779587,2024-11-19,10.0
38.85599999999977,23.739689,2024-11-20,10.0
10.252000000000407,24.685188,2024-11-21,10.0
10.5800000000017,27.056713,2024-11-22,10.0
32.27999999999884,24.681393,2024-11-23,10.0
28.41066666666787,22.695158,2024-11-24,10.0
22.23866666666436,24.10708,2024-11-25,10.0
24.86800000000221,24.966866,2024-11-26,10.0
29.2826666666662,25.016539,2024-11-27,10.0
10.597999999998136,25.890099,2024-11-28,10.0
17.580000000001736,26.342098,2024-11-29,10.0
18.3832000000002,23.974188,2024-11-30,10.0
13.0,22.697124,2024-12-01,10.0
22.2879999999958,22.223854,2024-12-02,10.0
13.872000000003029,21.490988,2024-12-03,10.0
13.720000000001164,22.13934,2024-12-04,10.0
10.687999999994643,21.088615,2024-12-05,10.0
25.96800000000076,19.949123,2024-12-06,10.0
13.8280000000038,18.80326,2024-12-07,10.0
12.720000000001164,19.435436,2024-12-08,10.0
23.651999999994587,18.849476,2024-12-09,10.0
16.948000000003958,18.228783,2024-12-10,10.0
18.182800000001,19.94754,2024-12-11,10.0
10.695999999996276,19.735163,2024-12-12,10.0
11.1120000000018,19.154581,2024-12-13,10.0
10.059999999997672,17.527653,2024-12-14,10.0
14.052000000003318,16.773344,2024-12-15,10.0
19.1199999999962,16.175423,2024-12-16,10.0
18.33600000000297,15.8590355,2024-12-17,10.0
24.131999999997788,17.58817,2024-12-18,10.0
10.0280000000009,19.15818,2024-12-19,10.0
12.2500000000038,20.32037,2024-12-20,10.0
18.64799999999377,18.754438,2024-12-21,10.0
23.2800000000011,18.501606,2024-12-22,10.0
23.5028000000008,18.954481,2024-12-23,10.0
27.10800000000017,19.573643,2024-12-24,10.0
24.49199999999837,21.515247,2024-12-25,10.0
10.336000000002969,22.882256,2024-12-26,10.0
23.531999999999243,22.626028,2024-12-27,10.0
24.919999999998254,21.187536,2024-12-28,10.0
19.05200000000332,21.995499,2024-12-29,10.0
33.0280000000009,22.908558,2024-12-30,10.0
22.307999999997264,22.615665,2024-12-31,10.0
22.091999999996915,24.957401,2025-01-01,10.0
10.747999999999593,24.746498,2025-01-02,10.0
24.060000000004948,23.70123,2025-01-03,10.0
27.919999999998254,21.645613,2025-01-04,10.0
28.720000000001164,21.961788,2025-01-05,10.0
9.927999999999884,22.913824,2025-01-06,10.0
26.30399999999645,23.749416,2025-01-07,10.0
29.5679999999993,21.849072,2025-01-08,10.0
25.752000000000407,22.64936,2025-01-09,10.0
11.2960000000021,23.158733,2025-01-10,10.0
23.47200000000157,23.090282,2025-01-11,10.0
29.62000000000262,21.503077,2025-01-12,10.0
10.131999999997788,22.005516,2025-01-13,10.0
21.68000000000029,22.939219,2025-01-14,10.0
12.09599999999773,21.927822,2025-01-15,10.0
12.87999999999738,22.631485,2025-01-16,10.0
19.332000000002157,21.037184,2025-01-17,10.0
30.30000000000291,19.641556,2025-01-18,10.0
27.047999999995227,19.833916,2025-01-19,10.0
21.31999999999971,20.044119,2025-01-20,10.0
11.6720000000059,21.51172,2025-01-21,10.0
27.05999999999767,22.503448,2025-01-22,10.0
14.779999999998836,21.500698,2025-01-23,10.0
33.99199999999837,19.825085,2025-01-24,10.0
37.64800000000105,18.819344,2025-01-25,10.0
28.832000000002157,20.988497,2025-01-26,10.0
22.70799999999872,24.522732,2025-01-27,10.0
25.3199999999997,26.179287,2025-01-28,10.0
22.372000000003027,26.422302,2025-01-29,10.0
17.0280000000009,26.810364,2025-01-30,10.0
10.7079999999987,26.350527,2025-01-31,10.0
11.7079999999987,24.867943,2025-02-01,10.0
14.4109999999966,22.490076,2025-02-02,10.0
30.708000000005995,20.439447,2025-02-03,10.0
32.99199999999837,19.373306,2025-02-04,10.0
29.031999999999243,22.147026,2025-02-05,10.0
25.31999999999971,24.88082,2025-02-06,10.0
32.52799999999843,25.852465,2025-02-07,10.0
31.419999999998254,25.271198,2025-02-08,10.0
44.2500000000038,26.242634,2025-02-09,10.0
30.37999999999738,26.663158,2025-02-10,10.0
36.0280000000009,28.946335,2025-02-11,10.0
27.05999999999767,30.63092,2025-02-12,10.0
22.59200000000419,31.897087,2025-02-13,10.0
33.788000000000466,30.329422,2025-02-14,10.0
31.360000000000586,28.963093,2025-02-15,10.0
28.360000000000586,30.07315,2025-02-16,10.0
31.31999999999971,31.209091,2025-02-17,10.0
25.739999999998,31.07249,2025-02-18,10.0
39.4800000000032,31.304308,2025-02-19,10.0
11.5599999999977,30.777012,2025-02-20,10.0
36.299999999995634,30.351053,2025-02-21,10.0
38.2500000000038,27.354168,2025-02-22,10.0
33.4320000000007,27.787994,2025-02-23,10.0
33.19999999999709,28.769321,2025-02-24,10.0
41.76000000000204,29.793226,2025-02-25,10.0
45.14800000000105,30.901546,2025-02-26,10.0
25.7719999999972,33.255276,2025-02-27,10.0
47.5679999999993,33.706314,2025-02-28,10.0
36.0880000000025,32.32632,2025-03-01,10.0
35.799999999995634,33.719524,2025-03-02,10.0
39.2628000000029,34.69849,2025-03-03,10.0
39.61600000000181,35.433475,2025-03-04,10.0
19.5428000000017,36.724247,2025-03-05,10.0
23.687999999994645,37.278378,2025-03-06,10.0
31.648000000001048,36.171993,2025-03-07,10.0
31.952000000004773,34.649334,2025-03-08,10.0
19.339999999996508,32.971405,2025-03-09,10.0
31.70799999999872,32.40519,2025-03-10,10.0
24.99199999999837,29.526861,2025-03-11,10.0
23.780000000006112,28.879696,2025-03-12,10.0
24.75999999999476,28.95097,2025-03-13,10.0
19.02799999999843,28.30603,2025-03-14,10.0
22.7028000000052,26.311472,2025-03-15,10.0
20.94799999999668,24.948593,2025-03-16,10.0
21.94800000000396,24.359299,2025-03-17,10.0
28.0109999999952,22.868069,2025-03-18,10.0
21.531999999999243,22.435516,2025-03-19,10.0
23.416000000004715,24.692616,2025-03-20,10.0
36.17199999999866,23.04597,2025-03-21,10.0
24.091999999996915,22.340359,2025-03-22,10.0
17.175999999999476,24.0943,2025-03-23,10.0
37.13200000000506,23.837166,2025-03-24,10.0
24.5199999999968,23.011616,2025-03-25,10.0
21.520000000004075,26.097637,2025-03-26,10.0
20.959999999999127,26.931953,2025-03-27,10.0
25.0280000000009,24.530901,2025-03-28,10.0
25.61200000000099,23.660992,2025-03-29,10.0
11.5679999999993,23.49918,2025-03-30,10.0
18.487999999997555,23.142078,2025-03-31,10.0
16.052000000003318,21.435898,2025-04-01,10.0
22.131999999997788,21.585508,2025-04-02,10.0
22.296000000002092,20.982119,2025-04-03,10.0
19.231999999996333,20.353495,2025-04-04,10.0
24.512000000002445,19.99626,2025-04-05,10.0
19.6119999999945,19.586323,2025-04-06,10.0
16.6280000000067,20.718714,2025-04-07,10.0
14.10399999999936,20.304497,2025-04-08,10.0
17.70799999999872,20.08165,2025-04-09,10.0
12.599999999998545,19.705753,2025-04-10,10.0
21.70799999999872,18.366302,2025-04-11,10.0
17.9028000000023,17.41967,2025-04-12,10.0
25.4280000000023,17.630844,2025-04-13,10.0
24.14799999999377,17.705784,2025-04-14,10.0
11.4520000000048,18.975975,2025-04-15,10.0
31.4119999999974,20.542364,2025-04-16,10.0
10.472000000001572,19.46163,2025-04-17,10.0
20.60800000000017,20.071892,2025-04-18,10.0
24.79200000000128,18.099224,2025-04-19,10.0
16.19199999999546,17.888504,2025-04-20,10.0
20.68800000000192,18.716578,2025-04-21,10.0
13.959999999999129,18.476513,2025-04-22,10.0
28.0280000000009,19.354145,2025-04-23,10.0
13.88799999999901,18.83982,2025-04-24,10.0
14.972000000001572,20.159843,2025-04-25,10.0
18.0,18.569931,2025-04-26,10.0
24.788000000000466,17.65384,2025-04-27,10.0
18.692000000002736,17.231934,2025-04-28,10.0
21.651999999994587,18.358948,2025-04-29,10.0
18.747999999999596,19.699886,2025-04-30,10.0
17.268000000003667,20.073402,2025-05-01,10.0
21.023999999997613,19.714293,2025-05-02,10.0
28.599999999998545,18.806273,2025-05-03,10.0
22.33600000000297,18.211552,2025-05-04,10.0
18.851999999998952,19.572636,2025-05-05,10.0
24.55999999999767,20.526455,2025-05-06,10.0
21.132000000005064,21.02668,2025-05-07,10.0
25.5199999999968,21.423561,2025-05-08,10.0
18.37600000000384,20.26336,2025-05-09,10.0
20.49199999999837,20.691147,2025-05-10,10.0
24.18000000000029,20.292326,2025-05-11,10.0
22.959999999999127,20.028318,2025-05-12,10.0
22.728000000002798,20.682858,2025-05-13,10.0
21.063999999998487,21.488289,2025-05-14,10.0
10.2799999999988,22.12742,2025-05-15,10.0
25.2879999999958,21.419449,2025-05-16,10.0
18.12000000000262,19.253433,2025-05-17,10.0
11.6800000000003,19.406132,2025-05-18,10.0
22.5280000000009,18.298595,2025-05-19,10.0
12.239999999997965,17.07686,2025-05-20,10.0
27.148000000001048,18.628574,2025-05-21,10.0
9.47200000000117,17.93922,2025-05-22,10.0
23.9000000000011,18.051214,2025-05-23,10.0
16.959999999999127,16.207191,2025-05-24,10.0
25.360000000000586,17.10421,2025-05-25,10.0
25.720000000001164,17.00911,2025-05-26,10.0
22.10800000000017,18.748186,2025-05-27,10.0
21.591999999996915,20.822008,2025-05-28,10.0
9.659999999996217,21.20797,2025-05-29,10.0
25.020000000004075,20.902939,2025-05-30,10.0
23.167999999997846,17.893515,2025-05-31,10.0
21.063999999998487,18.502863,2025-06-01,10.0
22.548000000002503,19.113564,2025-06-02,10.0
16.0,19.33065,2025-06-03,10.0
26.919999999998254,20.316708,2025-06-04,10.0
16.2500000000038,19.744991,2025-06-05,10.0
17.20799999999872,20.745934,2025-06-06,10.0
18.76000000000204,19.088593,2025-06-07,10.0
21.39999999999418,18.721062,2025-06-08,10.0
25.102000000001,18.175827,2025-06-09,10.0
20.192000000002736,18.76785,2025-06-10,10.0
19.839999999996508,20.393398,2025-06-11,10.0
8.248000000006869,20.882168,2025-06-12,10.0
24.64799999999377,20.589973,2025-06-13,10.0
22.9428000000031,17.935827,2025-06-14,10.0
6.987999999997555,18.492943,2025-06-15,10.0
7.235,18.934288,2025-06-16,10.0
24.62000000000262,26.762835,2024-09-18,11.0
25.38799999999901,26.481674,2024-09-19,11.0
17.8628000000014,25.037586,2024-09-20,11.0
11.011999999996,24.26419,2024-09-21,11.0
11.4720000000016,23.060898,2024-09-22,11.0
14.2500000000038,20.80971,2024-09-23,11.0
11.3999999999942,19.623953,2024-09-24,11.0
11.7280000000052,19.610998,2024-09-25,11.0
16.4320000000007,19.09647,2024-09-26,11.0
12.907999999995807,16.909435,2024-09-27,11.0
17.020000000004075,16.024181,2024-09-28,11.0
25.76799999999639,15.358271,2024-09-29,11.0
13.2800000000011,14.776459,2024-09-30,11.0
14.052000000003318,17.014423,2024-10-01,11.0
19.639999999999414,18.101149,2024-10-02,11.0
17.219999999993888,18.14296,2024-10-03,11.0
16.160000000003492,17.726418,2024-10-04,11.0
13.1120000000018,17.165808,2024-10-05,11.0
14.307999999997264,16.900993,2024-10-06,11.0
13.908000000003083,16.035997,2024-10-07,11.0
16.051999999996042,16.0032,2024-10-08,11.0
21.29200000000128,16.543118,2024-10-09,11.0
19.5199999999968,17.369312,2024-10-10,11.0
19.21600000000035,17.815102,2024-10-11,11.0
13.872000000003029,18.011683,2024-10-12,11.0
12.2800000000011,18.08107,2024-10-13,11.0
11.0800000000017,17.105705,2024-10-14,11.0
13.231999999996331,16.634472,2024-10-15,11.0
21.080000000001743,16.61113,2024-10-16,11.0
12.247999999999593,16.710712,2024-10-17,11.0
11.0,16.991488,2024-10-18,11.0
18.247999999999596,16.436323,2024-10-19,11.0
10.182800000001,15.889662,2024-10-20,11.0
8.599999999998545,16.346628,2024-10-21,11.0
17.135999999998603,15.87412,2024-10-22,11.0
9.9120000000039,15.52666,2024-10-23,11.0
14.471999999994296,16.237782,2024-10-24,11.0
16.056000000004133,14.838118,2024-10-25,11.0
10.131999999997788,14.361553,2024-10-26,11.0
11.4279999999999,14.737251,2024-10-27,11.0
14.10399999999936,14.108172,2024-10-28,11.0
11.4280000000023,13.930172,2024-10-29,11.0
8.21600000000035,14.863178,2024-10-30,11.0
14.703999999997905,15.280659,2024-10-31,11.0
13.567999999999302,13.967833,2024-11-01,11.0
9.368000000002212,14.100965,2024-11-02,11.0
10.3839999999982,14.41899,2024-11-03,11.0
12.648000000001048,13.9318695,2024-11-04,11.0
7.552000000003318,13.644192,2024-11-05,11.0
20.70799999999872,13.991455,2024-11-06,11.0
18.080000000001743,13.9974375,2024-11-07,11.0
13.859999999993306,14.318529,2024-11-08,11.0
8.432000000000698,15.058584,2024-11-09,11.0
22.12800000000425,15.313399,2024-11-10,11.0
8.271999999997206,14.414246,2024-11-11,11.0
10.5080000000016,15.673939,2024-11-12,11.0
21.82800000000134,15.972819,2024-11-13,11.0
8.18280000000101,15.931883,2024-11-14,11.0
14.319999999999707,16.624878,2024-11-15,11.0
7.89600000000064,15.753689,2024-11-16,11.0
13.943999999995867,16.177559,2024-11-17,11.0
12.2579999999981,14.78076,2024-11-18,11.0
13.260000000002035,15.073845,2024-11-19,11.0
18.12000000000262,15.846843,2024-11-20,11.0
16.81999999999971,16.098732,2024-11-21,11.0
10.9720000000011,16.269455,2024-11-22,11.0
8.56533333332552,16.558569,2024-11-23,11.0
11.8186666666661,16.440842,2024-11-24,11.0
10.0893333333321,15.127554,2024-11-25,11.0
10.773333333335662,15.133205,2024-11-26,11.0
20.21866666666756,15.33116,2024-11-27,11.0
14.447000000000116,15.167814,2024-11-28,11.0
13.179999999998454,16.03188,2024-11-29,11.0
16.1967999999993,16.175386,2024-11-30,11.0
26.10000000000582,16.223253,2024-12-01,11.0
16.531999999999243,16.094294,2024-12-02,11.0
10.4119999999974,18.606632,2024-12-03,11.0
21.77200000000448,19.685085,2024-12-04,11.0
28.299999999995634,19.09197,2024-12-05,11.0
16.12800000000425,18.594444,2024-12-06,11.0
25.4319999999925,20.03741,2024-12-07,11.0
20.81999999999971,19.908966,2024-12-08,11.0
14.492000000005646,21.109901,2024-12-09,11.0
30.19999999999709,22.06208,2024-12-10,11.0
14.427999999999884,22.118462,2024-12-11,11.0
26.372000000003027,23.886133,2024-12-12,11.0
19.288000000000466,21.641361,2024-12-13,11.0
7.399999999994179,22.158264,2024-12-14,11.0
18.71200000000681,21.980267,2024-12-15,11.0
26.927999999999884,20.111443,2024-12-16,11.0
13.57999999999447,20.420858,2024-12-17,11.0
24.720000000001164,23.137772,2024-12-18,11.0
29.599999999998545,23.322166,2024-12-19,11.0
18.76000000000204,22.793985,2024-12-20,11.0
20.919999999998254,23.89065,2024-12-21,11.0
20.372000000003027,23.727741,2024-12-22,11.0
20.360000000000586,23.36599,2024-12-23,11.0
24.96800000000076,23.543495,2024-12-24,11.0
18.648000000001048,24.286747,2024-12-25,11.0
25.1099999999953,25.41159,2024-12-26,11.0
28.012000000002445,22.562122,2024-12-27,11.0
19.8109999999981,23.006233,2024-12-28,11.0
28.8280000000038,24.575655,2024-12-29,11.0
16.367999999994936,24.306477,2024-12-30,11.0
18.8280000000038,25.124876,2024-12-31,11.0
30.52799999999843,25.110577,2025-01-01,11.0
28.2109999999995,24.671387,2025-01-02,11.0
24.987999999997555,24.154064,2025-01-03,11.0
27.16000000000349,24.215706,2025-01-04,11.0
28.9199999999983,24.259747,2025-01-05,11.0
30.982800000004,24.67526,2025-01-06,11.0
28.987999999997555,25.62384,2025-01-07,11.0
36.65200000000186,26.853554,2025-01-08,11.0
37.74799999999959,28.073704,2025-01-09,11.0
25.4199999999983,27.856712,2025-01-10,11.0
30.0879999999961,28.925026,2025-01-11,11.0
43.95200000000477,28.913197,2025-01-12,11.0
31.7109999999995,28.815804,2025-01-13,11.0
41.76799999999639,31.382084,2025-01-14,11.0
33.4280000000023,32.875183,2025-01-15,11.0
32.19999999999709,35.28835,2025-01-16,11.0
28.76000000000204,34.637028,2025-01-17,11.0
36.35199999999895,33.899746,2025-01-18,11.0
37.0480000000025,33.685745,2025-01-19,11.0
47.5199999999968,33.764988,2025-01-20,11.0
25.391999999999825,33.781284,2025-01-21,11.0
35.2800000000011,36.52823,2025-01-22,11.0
36.48800000000483,36.12468,2025-01-23,11.0
29.471999999994296,33.98303,2025-01-24,11.0
45.708000000006,33.205307,2025-01-25,11.0
45.07999999999447,32.917328,2025-01-26,11.0
22.860000000000586,35.027107,2025-01-27,11.0
32.87200000000303,36.503994,2025-01-28,11.0
30.90799999999581,35.534634,2025-01-29,11.0
35.9600000000064,36.255543,2025-01-30,11.0
17.299999999995634,35.90301,2025-01-31,11.0
17.927999999999884,35.007973,2025-02-01,11.0
18.520000000004075,32.51931,2025-02-02,11.0
19.971999999994296,29.333433,2025-02-03,11.0
24.148000000001048,27.110422,2025-02-04,11.0
20.959999999999127,27.274675,2025-02-05,11.0
26.672000000005937,28.05978,2025-02-06,11.0
25.339999999996508,26.333935,2025-02-07,11.0
41.23999999999796,25.508825,2025-02-08,11.0
31.012000000002445,25.523106,2025-02-09,11.0
25.0480000000025,27.154043,2025-02-10,11.0
23.87999999999738,27.807743,2025-02-11,11.0
26.959999999999127,28.247744,2025-02-12,11.0
20.8280000000038,28.233593,2025-02-13,11.0
21.479999999995925,26.2524,2025-02-14,11.0
17.072000000000116,24.858093,2025-02-15,11.0
24.228000000002798,24.642986,2025-02-16,11.0
27.9320000000007,23.6512,2025-02-17,11.0
11.3359999999957,24.486328,2025-02-18,11.0
20.31999999999971,25.456612,2025-02-19,11.0
26.1428000000002,23.937191,2025-02-20,11.0
18.12000000000262,21.990797,2025-02-21,11.0
21.89600000000064,22.251793,2025-02-22,11.0
16.551999999996042,21.11425,2025-02-23,11.0
38.4800000000032,20.145956,2025-02-24,11.0
19.247999999999596,19.933193,2025-02-25,11.0
27.19999999999709,24.029495,2025-02-26,11.0
38.7028000000052,24.281506,2025-02-27,11.0
28.479999999995925,23.566862,2025-02-28,11.0
24.927999999999884,25.552666,2025-03-01,11.0
20.8280000000038,26.18769,2025-03-02,11.0
26.239999999997963,25.645094,2025-03-03,11.0
22.591999999996915,24.616024,2025-03-04,11.0
12.388000000006286,25.808208,2025-03-05,11.0
19.419999999998254,26.653046,2025-03-06,11.0
11.5679999999993,22.98271,2025-03-07,11.0
28.3109999999981,22.202835,2025-03-08,11.0
19.68800000000192,21.194664,2025-03-09,11.0
31.1099999999953,22.471966,2025-03-10,11.0
13.360000000000582,21.114117,2025-03-11,11.0
28.012000000002445,22.863108,2025-03-12,11.0
14.5280000000009,22.690857,2025-03-13,11.0
13.5280000000009,22.51117,2025-03-14,11.0
22.1199999999962,20.892927,2025-03-15,11.0
10.9200000000055,19.852827,2025-03-16,11.0
20.89999999999418,20.479057,2025-03-17,11.0
12.180000000000293,18.282997,2025-03-18,11.0
19.2800000000011,18.527346,2025-03-19,11.0
11.0,18.804497,2025-03-20,11.0
13.891999999999824,17.579067,2025-03-21,11.0
12.0,17.080196,2025-03-22,11.0
28.520000000004075,16.52904,2025-03-23,11.0
20.94799999999668,14.883232,2025-03-24,11.0
12.531999999999243,16.91027,2025-03-25,11.0
19.536000000000055,19.107042,2025-03-26,11.0
11.6228000000025,18.633951,2025-03-27,11.0
23.2879999999958,18.059528,2025-03-28,11.0
31.07200000000012,17.198343,2025-03-29,11.0
13.968000000000757,17.420889,2025-03-30,11.0
14.20799999999872,19.386993,2025-03-31,11.0
27.4320000000007,18.680655,2025-04-01,11.0
16.760000000002037,18.957079,2025-04-02,11.0
12.5199999999968,20.050804,2025-04-03,11.0
20.12800000000425,19.2463,2025-04-04,11.0
12.383999999998196,18.483784,2025-04-05,11.0
17.987999999997555,18.887373,2025-04-06,11.0
12.332000000002154,17.537367,2025-04-07,11.0
13.495999999999183,17.475368,2025-04-08,11.0
20.959999999999127,17.263977,2025-04-09,11.0
18.080000000001743,17.314827,2025-04-10,11.0
11.8919999999998,17.677681,2025-04-11,11.0
12.860000000000582,17.735706,2025-04-12,11.0
14.160000000003492,16.68124,2025-04-13,11.0
18.479999999995925,15.922801,2025-04-14,11.0
21.70000000000437,15.97543,2025-04-15,11.0
23.02799999999843,16.356077,2025-04-16,11.0
19.031999999999243,17.559105,2025-04-17,11.0
18.047999999995227,17.695244,2025-04-18,11.0
11.2280000000052,17.360357,2025-04-19,11.0
12.29200000000128,17.39121,2025-04-20,11.0
12.0199999999968,16.117826,2025-04-21,11.0
18.031999999999243,15.647697,2025-04-22,11.0
19.288000000000466,15.6356735,2025-04-23,11.0
11.3199999999997,16.3503,2025-04-24,11.0
12.2800000000011,16.338133,2025-04-25,11.0
14.487999999997555,15.512722,2025-04-26,11.0
14.5028000000008,15.021307,2025-04-27,11.0
18.31999999999971,14.844908,2025-04-28,11.0
19.247999999999596,14.977629,2025-04-29,11.0
21.9800000000032,16.228018,2025-04-30,11.0
18.70799999999872,17.353746,2025-05-01,11.0
23.063999999998487,17.67932,2025-05-02,11.0
13.80000000000291,17.486092,2025-05-03,11.0
13.50800000000163,17.853981,2025-05-04,11.0
10.1080000000002,16.830967,2025-05-05,11.0
17.599999999998545,16.61156,2025-05-06,11.0
16.8228000000005,16.268404,2025-05-07,11.0
11.148000000001,16.495491,2025-05-08,11.0
13.279999999998836,15.432604,2025-05-09,11.0
14.0280000000009,14.877501,2025-05-10,11.0
11.5079999999944,14.743538,2025-05-11,11.0
11.1600000000035,14.675213,2025-05-12,11.0
16.10399999999936,14.228204,2025-05-13,11.0
13.927999999999884,14.1414795,2025-05-14,11.0
24.847999999998137,14.5843935,2025-05-15,11.0
20.55200000000332,14.364962,2025-05-16,11.0
13.527999999998428,15.253644,2025-05-17,11.0
14.531999999999243,16.012882,2025-05-18,11.0
14.531999999999243,14.846432,2025-05-19,11.0
11.8000000000029,14.743902,2025-05-20,11.0
23.72799999999552,15.461862,2025-05-21,11.0
21.832000000002157,14.974005,2025-05-22,11.0
36.28800000000047,14.89978,2025-05-23,11.0
23.8280000000038,16.055248,2025-05-24,11.0
18.659999999996217,19.733286,2025-05-25,11.0
20.419999999998254,21.338413,2025-05-26,11.0
19.5679999999993,21.425934,2025-05-27,11.0
36.2628000000029,21.881664,2025-05-28,11.0
28.495999999999185,21.741764,2025-05-29,11.0
29.1120000000018,22.536457,2025-05-30,11.0
29.580000000001743,23.144798,2025-05-31,11.0
28.02799999999843,24.444283,2025-06-01,11.0
27.720000000001164,25.245054,2025-06-02,11.0
39.67199999999866,25.837502,2025-06-03,11.0
38.36000000000058,26.674133,2025-06-04,11.0
35.61999999999534,29.153809,2025-06-05,11.0
30.548000000002503,29.929026,2025-06-06,11.0
36.59199999999692,30.137089,2025-06-07,11.0
32.7280000000052,30.530973,2025-06-08,11.0
36.08000000000175,31.621094,2025-06-09,11.0
37.07999999999447,32.43161,2025-06-10,11.0
29.548000000002503,33.75012,2025-06-11,11.0
38.9320000000007,34.902912,2025-06-12,11.0
23.531999999999243,33.097363,2025-06-13,11.0
30.228000000002798,32.7055,2025-06-14,11.0
25.859999999993303,31.848625,2025-06-15,11.0
25.0,31.50159,2025-06-16,11.0
2.5,5.9394574,2024-09-18,12.0
9.989999999997965,6.1182513,2024-09-19,12.0
8.690000000002328,5.546744,2024-09-20,12.0
8.209999999999127,6.2082944,2024-09-21,12.0
4.099999999998545,6.730513,2024-09-22,12.0
9.360000000000582,6.523453,2024-09-23,12.0
2.4900000000016007,6.5576496,2024-09-24,12.0
5.739999999997963,7.4011164,2024-09-25,12.0
11.5499999999993,7.255442,2024-09-26,12.0
10.909999999999854,6.5226836,2024-09-27,12.0
12.430000000000293,7.145078,2024-09-28,12.0
8.42800000000233,7.8218145,2024-09-29,12.0
8.299999999999272,7.9946723,2024-09-30,12.0
8.09000000000011,8.175976,2024-10-01,12.0
8.909999999999854,9.05947,2024-10-02,12.0
10.0299999999988,9.564409,2024-10-03,12.0
10.639999999999418,9.092922,2024-10-04,12.0
10.38000000000102,8.973976,2024-10-05,12.0
14.68999999999869,9.175503,2024-10-06,12.0
9.82800000000011,9.235968,2024-10-07,12.0
12.81000000000131,9.959478,2024-10-08,12.0
12.080000000001746,10.713123,2024-10-09,12.0
13.419999999998254,11.486813,2024-10-10,12.0
7.97000000000106,11.262495,2024-10-11,12.0
9.959999999999129,11.26608,2024-10-12,12.0
8.630000000001019,10.575368,2024-10-13,12.0
10.579999999998108,10.348816,2024-10-14,12.0
12.420000000001892,10.364786,2024-10-15,12.0
14.289999999997235,10.895932,2024-10-16,12.0
8.450000000000728,11.5752945,2024-10-17,12.0
8.75,11.870659,2024-10-18,12.0
10.010000000002,11.5602,2024-10-19,12.0
3.7399999999979623,11.09263,2024-10-20,12.0
9.049999999999272,10.723382,2024-10-21,12.0
9.460000000002765,10.125921,2024-10-22,12.0
10.75,10.201286,2024-10-23,12.0
1.6499999999978172,10.314894,2024-10-24,12.0
7.760000000002037,9.730383,2024-10-25,12.0
12.090000000000146,9.024635,2024-10-26,12.0
9.299999999999272,9.025909,2024-10-27,12.0
3.399999999997817,9.19372,2024-10-28,12.0
17.1000000000006,9.29784,2024-10-29,12.0
6.830000000001746,9.028665,2024-10-30,12.0
10.4599999999991,10.489973,2024-10-31,12.0
10.099999999998545,10.0825405,2024-11-01,12.0
3.47000000000106,9.869547,2024-11-02,12.0
3.2299999999995634,10.068704,2024-11-03,12.0
10.6100000000006,9.508839,2024-11-04,12.0
2.959999999999127,8.55783,2024-11-05,12.0
10.950000000000728,8.896447,2024-11-06,12.0
12.389999999999418,8.3693495,2024-11-07,12.0
10.330000000001746,8.424294,2024-11-08,12.0
4.770000000000437,9.183525,2024-11-09,12.0
10.8600000000006,9.652008,2024-11-10,12.0
10.5099999999984,8.879066,2024-11-11,12.0
13.520000000000437,9.486462,2024-11-12,12.0
8.869999999998981,10.057456,2024-11-13,12.0
8.080000000001746,10.996988,2024-11-14,12.0
8.209999999999127,10.437902,2024-11-15,12.0
9.43999999999869,10.125885,2024-11-16,12.0
7.350000000002183,10.510654,2024-11-17,12.0
7.529999999998836,10.189839,2024-11-18,12.0
6.5799999999981,9.970317,2024-11-19,12.0
12.2300000000032,10.621605,2024-11-20,12.0
12.9799999999995,10.437779,2024-11-21,12.0
9.546666666666471,10.15221,2024-11-22,12.0
5.89333333333253,10.636342,2024-11-23,12.0
7.480000000000776,11.055452,2024-11-24,12.0
9.883333333332606,10.46792,2024-11-25,12.0
7.68666666666589,10.3092785,2024-11-26,12.0
10.6833333333253,10.409409,2024-11-27,12.0
10.2274999999999,10.426474,2024-11-28,12.0
9.546666666666471,10.084565,2024-11-29,12.0
12.2109999999999,10.488464,2024-11-30,12.0
12.099999999998545,10.611123,2024-12-01,12.0
9.659999999999854,10.700558,2024-12-02,12.0
10.8280000000001,11.611828,2024-12-03,12.0
12.4900000000016,12.322311,2024-12-04,12.0
16.020000000000437,12.449097,2024-12-05,12.0
10.209999999999129,11.658031,2024-12-06,12.0
16.61999999999898,12.262612,2024-12-07,12.0
10.7200000000012,12.305744,2024-12-08,12.0
13.229999999999563,13.3516245,2024-12-09,12.0
12.61999999999898,13.575293,2024-12-10,12.0
18.820000000003347,14.406744,2024-12-11,12.0
14.089999999996508,14.43491,2024-12-12,12.0
3.92800000000233,14.337291,2024-12-13,12.0
5.309999999997672,14.476492,2024-12-14,12.0
17.260000000002037,13.171847,2024-12-15,12.0
10.130000000001,12.240799,2024-12-16,12.0
7.69999999999709,13.328867,2024-12-17,12.0
14.05000000000291,14.188293,2024-12-18,12.0
13.719999999997526,14.274082,2024-12-19,12.0
13.270000000000437,13.636347,2024-12-20,12.0
16.19000000000233,14.11663,2024-12-21,12.0
10.989999999997965,14.388866,2024-12-22,12.0
11.2500000000001,15.112333,2024-12-23,12.0
9.450000000000728,15.07155,2024-12-24,12.0
12.829999999998108,15.699407,2024-12-25,12.0
3.830000000001746,14.845174,2024-12-26,12.0
12.5099999999984,13.066799,2024-12-27,12.0
12.31000000000131,12.828148,2024-12-28,12.0
5.669999999998254,13.418594,2024-12-29,12.0
12.62000000000262,13.0120945,2024-12-30,12.0
14.279999999998836,12.529188,2024-12-31,12.0
12.970000000001164,13.432049,2025-01-01,12.0
13.2899999999999,13.3312,2025-01-02,12.0
8.10999999999898,12.472326,2025-01-03,12.0
10.979999999999563,12.203073,2025-01-04,12.0
19.1199999999999,11.667694,2025-01-05,12.0
10.2999999999993,11.331251,2025-01-06,12.0
9.5,12.35155,2025-01-07,12.0
16.67000000000189,12.211611,2025-01-08,12.0
23.7599999999984,11.555374,2025-01-09,12.0
9.180000000000293,11.393114,2025-01-10,12.0
9.75,13.228726,2025-01-11,12.0
7.610000000000582,12.802543,2025-01-12,12.0
9.22000000000106,12.795412,2025-01-13,12.0
13.43999999999869,12.23671,2025-01-14,12.0
24.67000000000189,12.280556,2025-01-15,12.0
10.0,12.774775,2025-01-16,12.0
9.039999999997235,14.0608425,2025-01-17,12.0
18.62000000000262,14.2462845,2025-01-18,12.0
7.6599999999998545,14.290993,2025-01-19,12.0
10.399999999997815,13.568493,2025-01-20,12.0
11.2800000000025,12.637783,2025-01-21,12.0
21.69999999999709,13.476701,2025-01-22,12.0
12.670000000001892,13.918102,2025-01-23,12.0
14.180000000000293,11.81477,2025-01-24,12.0
8.25000000000011,11.7669115,2025-01-25,12.0
6.770000000000437,12.450754,2025-01-26,12.0
8.569999999999709,12.811764,2025-01-27,12.0
20.87999999999738,12.644426,2025-01-28,12.0
9.280000000002474,12.613586,2025-01-29,12.0
13.849999999998545,13.028227,2025-01-30,12.0
7.380000000001019,13.174093,2025-01-31,12.0
13.909999999999854,13.464327,2025-02-01,12.0
10.4199999999983,12.357986,2025-02-02,12.0
12.63000000000102,12.423412,2025-02-03,12.0
12.5,12.24034,2025-02-04,12.0
12.639999999999418,12.930568,2025-02-05,12.0
17.020000000000437,12.473595,2025-02-06,12.0
4.11999999999985,11.655836,2025-02-07,12.0
11.1700000000019,12.81777,2025-02-08,12.0
18.1199999999999,12.593437,2025-02-09,12.0
9.10999999999898,12.089106,2025-02-10,12.0
10.5200000000004,12.4338875,2025-02-11,12.0
14.25,12.190691,2025-02-12,12.0
10.7200000000012,12.413518,2025-02-13,12.0
14.549999999999272,11.971901,2025-02-14,12.0
22.52000000000044,11.744802,2025-02-15,12.0
23.7599999999984,12.425266,2025-02-16,12.0
10.290000000000871,13.719358,2025-02-17,12.0
10.4799999999996,15.94285,2025-02-18,12.0
8.59000000000011,15.564917,2025-02-19,12.0
18.4900000000016,14.704143,2025-02-20,12.0
13.589999999996508,12.270557,2025-02-21,12.0
12.910000000003492,13.440568,2025-02-22,12.0
10.12999999999738,13.323832,2025-02-23,12.0
19.65999999999985,12.208958,2025-02-24,12.0
12.1199999999999,12.425266,2025-02-25,12.0
12.030000000002474,14.145243,2025-02-26,12.0
3.2999999999992724,14.424374,2025-02-27,12.0
1.97000000000106,13.753288,2025-02-28,12.0
11.1299999999974,12.678637,2025-03-01,12.0
19.62000000000262,11.222109,2025-03-02,12.0
10.169999999998254,9.716951,2025-03-03,12.0
13.330000000001746,11.101346,2025-03-04,12.0
9.059999999997672,11.215843,2025-03-05,12.0
19.92000000000189,12.238899,2025-03-06,12.0
13.36999999999898,11.330574,2025-03-07,12.0
5.009999999998399,12.323412,2025-03-08,12.0
10.4900000000016,12.539916,2025-03-09,12.0
4.860000000000582,11.804633,2025-03-10,12.0
12.079999999998108,10.755456,2025-03-11,12.0
9.13000000000102,9.583102,2025-03-12,12.0
10.0600000000013,9.706507,2025-03-13,12.0
12.109999999996944,9.472931,2025-03-14,12.0
8.580000000001746,10.55618,2025-03-15,12.0
14.020000000000437,11.211269,2025-03-16,12.0
9.049999999999272,10.800257,2025-03-17,12.0
7.10999999999898,10.618138,2025-03-18,12.0
9.010000000002035,9.972716,2025-03-19,12.0
13.790000000000871,10.040366,2025-03-20,12.0
8.969999999997526,8.164661,2025-03-21,12.0
4.229999999999563,9.233003,2025-03-22,12.0
3.170000000001892,9.907475,2025-03-23,12.0
10.049999999999272,7.966856,2025-03-24,12.0
4.02800000000087,8.00762,2025-03-25,12.0
5.180000000000291,8.442054,2025-03-26,12.0
7.719999999997526,8.375564,2025-03-27,12.0
10.6280000000031,7.6859984,2025-03-28,12.0
5.729999999999563,8.261846,2025-03-29,12.0
4.389999999999418,8.53174,2025-03-30,12.0
12.149999999997815,7.4023657,2025-03-31,12.0
8.320000000003347,6.877242,2025-04-01,12.0
7.0799999999981,7.7656198,2025-04-02,12.0
3.9900000000016007,7.5317273,2025-04-03,12.0
10.5900000000001,6.6892657,2025-04-04,12.0
4.69999999999709,7.1276274,2025-04-05,12.0
4.82800000000011,7.7848463,2025-04-06,12.0
4.680000000000291,7.4826465,2025-04-07,12.0
5.139999999999418,7.0809946,2025-04-08,12.0
8.710000000002765,7.0319057,2025-04-09,12.0
7.25000000000011,7.066989,2025-04-10,12.0
8.049999999999272,6.8246617,2025-04-11,12.0
10.459999999999129,7.6238847,2025-04-12,12.0
9.479999999999563,8.010456,2025-04-13,12.0
10.6000000000022,8.140133,2025-04-14,12.0
10.539999999997235,8.113781,2025-04-15,12.0
9.010000000002035,8.440816,2025-04-16,12.0
10.489999999998,8.60836,2025-04-17,12.0
9.510000000002035,7.905068,2025-04-18,12.0
10.2199999999975,7.8032346,2025-04-19,12.0
6.200000000000728,8.156228,2025-04-20,12.0
5.25000000000011,8.220821,2025-04-21,12.0
8.459999999999127,8.175972,2025-04-22,12.0
5.710000000002765,8.128123,2025-04-23,12.0
10.7599999999984,8.2600155,2025-04-24,12.0
12.1199999999999,7.672806,2025-04-25,12.0
10.5900000000001,8.050966,2025-04-26,12.0
10.6399999999994,8.629013,2025-04-27,12.0
12.06000000000131,8.641148,2025-04-28,12.0
9.7599999999984,9.015228,2025-04-29,12.0
12.920000000001892,9.897934,2025-04-30,12.0
12.029999999998836,10.257653,2025-05-01,12.0
12.670000000001892,10.06332,2025-05-02,12.0
7.779999999998836,10.335367,2025-05-03,12.0
12.029999999998836,9.954256,2025-05-04,12.0
7.25000000000011,9.121965,2025-05-05,12.0
7.530000000002474,9.671289,2025-05-06,12.0
8.919999999998254,9.789667,2025-05-07,12.0
10.3100000000013,9.669543,2025-05-08,12.0
10.5099999999984,8.476796,2025-05-09,12.0
10.659999999999854,8.82106,2025-05-10,12.0
12.319999999999707,9.180648,2025-05-11,12.0
9.729999999999563,9.239307,2025-05-12,12.0
11.3300000000017,9.536894,2025-05-13,12.0
9.399999999997815,9.841509,2025-05-14,12.0
12.2800000000011,9.944126,2025-05-15,12.0
8.330000000001746,9.644527,2025-05-16,12.0
10.0999999999985,9.618071,2025-05-17,12.0
9.25,9.264198,2025-05-18,12.0
7.819999999999709,8.375432,2025-05-19,12.0
12.389999999999418,8.341226,2025-05-20,12.0
9.900000000001455,8.87036,2025-05-21,12.0
4.10999999999898,9.352456,2025-05-22,12.0
9.659999999999854,8.551195,2025-05-23,12.0
12.720000000001164,7.957236,2025-05-24,12.0
10.4500000000007,8.317988,2025-05-25,12.0
13.069999999999707,8.61006,2025-05-26,12.0
10.6899999999987,9.325252,2025-05-27,12.0
10.549999999999272,10.192953,2025-05-28,12.0
10.299999999999272,10.654371,2025-05-29,12.0
9.520000000000437,10.024521,2025-05-30,12.0
10.220000000001164,9.461658,2025-05-31,12.0
6.569999999999709,9.18096,2025-06-01,12.0
10.600000000002185,8.796068,2025-06-02,12.0
9.739999999997965,8.843058,2025-06-03,12.0
14.2500000000001,8.809484,2025-06-04,12.0
10.430000000000293,8.979828,2025-06-05,12.0
8.56000000000131,9.555502,2025-06-06,12.0
16.19999999999709,9.362404,2025-06-07,12.0
10.7800000000025,9.336967,2025-06-08,12.0
10.8799999999974,9.904786,2025-06-09,12.0
10.5300000000025,10.328694,2025-06-10,12.0
10.1899999999987,10.60701,2025-06-11,12.0
10.520000000000437,10.807972,2025-06-12,12.0
7.450000000000728,10.218767,2025-06-13,12.0
8.5,9.692884,2025-06-14,12.0
6.450000000000728,9.345682,2025-06-15,12.0
7.0,8.90533,2025-06-16,12.0
18.148000000001048,9.606704,2024-09-18,13.0
20.7109999999995,9.823687,2024-09-19,13.0
11.9109999999966,10.694044,2024-09-20,13.0
16.608000000000175,12.388773,2024-09-21,13.0
17.720000000001164,12.562967,2024-09-22,13.0
9.37999999999738,12.839277,2024-09-23,13.0
16.668000000005122,14.237364,2024-09-24,13.0
23.951999999997497,14.483555,2024-09-25,13.0
39.75200000000041,15.28354,2024-09-26,13.0
16.5880000000025,16.242512,2024-09-27,13.0
20.1099999999953,20.53458,2024-09-28,13.0
33.788000000000466,20.467226,2024-09-29,13.0
27.872000000003027,19.669245,2024-09-30,13.0
16.2879999999958,22.723398,2024-10-01,13.0
24.222800000002,25.404562,2024-10-02,13.0
10.027999999998428,24.673615,2024-10-03,13.0
19.228000000002798,23.338497,2024-10-04,13.0
18.97200000000157,21.52556,2024-10-05,13.0
32.39999999999418,20.871128,2024-10-06,13.0
14.732000000003609,19.93459,2024-10-07,13.0
13.38799999999901,22.435144,2024-10-08,13.0
32.9280000000023,22.434513,2024-10-09,13.0
11.5919999999969,21.835522,2024-10-10,13.0
31.288000000000466,22.906132,2024-10-11,13.0
14.860000000000582,20.930267,2024-10-12,13.0
25.8280000000038,22.09829,2024-10-13,13.0
25.02799999999843,20.849205,2024-10-14,13.0
17.66399999999703,21.603203,2024-10-15,13.0
27.10800000000017,23.216673,2024-10-16,13.0
13.732000000003609,22.741714,2024-10-17,13.0
33.93599999999424,23.478106,2024-10-18,13.0
10.7320000000036,21.663044,2024-10-19,13.0
33.74799999999959,23.661549,2024-10-20,13.0
33.65200000000186,21.509,2024-10-21,13.0
22.299999999995634,23.615328,2024-10-22,13.0
24.459999999999127,26.832111,2024-10-23,13.0
25.2120000000068,26.582054,2024-10-24,13.0
29.639999999999414,25.807627,2024-10-25,13.0
39.31999999999971,24.828661,2024-10-26,13.0
13.255999999993946,25.912193,2024-10-27,13.0
29.07200000000012,27.921164,2024-10-28,13.0
23.460000000006403,25.955118,2024-10-29,13.0
42.82799999999406,27.221306,2024-10-30,13.0
11.8800000000047,27.873188,2024-10-31,13.0
49.72000000000117,29.379456,2024-11-01,13.0
13.39999999999418,26.635511,2024-11-02,13.0
42.1428000000002,29.727152,2024-11-03,13.0
25.336000000003,28.132935,2024-11-04,13.0
22.252000000000407,29.674744,2024-11-05,13.0
26.1199999999962,30.583227,2024-11-06,13.0
41.31999999999971,30.326767,2024-11-07,13.0
31.860000000000586,28.452152,2024-11-08,13.0
24.79200000000128,29.371695,2024-11-09,13.0
41.17599999999948,29.57436,2024-11-10,13.0
20.2280000000052,28.961273,2024-11-11,13.0
28.1019999999937,30.95929,2024-11-12,13.0
9.488000000004831,31.003994,2024-11-13,13.0
48.4519999999975,31.192324,2024-11-14,13.0
39.37999999999738,28.150753,2024-11-15,13.0
25.26000000000204,29.063549,2024-11-16,13.0
35.73999999999796,31.275799,2024-11-17,13.0
24.00800000000163,29.954685,2024-11-18,13.0
39.17199999999866,31.268291,2024-11-19,13.0
11.9000000000011,31.730465,2024-11-20,13.0
35.419999999998254,33.85466,2024-11-21,13.0
45.22000000000117,30.810732,2024-11-22,13.0
42.2720000000044,29.533102,2024-11-23,13.0
39.68666666666589,31.800753,2024-11-24,13.0
26.194666666669946,33.504414,2024-11-25,13.0
33.84533333333093,35.04941,2024-11-26,13.0
17.1826666666675,35.457294,2024-11-27,13.0
35.26800000000003,36.155956,2024-11-28,13.0
41.54500000000007,34.165577,2024-11-29,13.0
41.4216,32.791336,2024-11-30,13.0
56.95999999999913,33.25466,2024-12-01,13.0
42.4320000000007,34.364674,2024-12-02,13.0
48.61999999999534,36.591568,2024-12-03,13.0
76.4280000000023,37.261555,2024-12-04,13.0
46.37200000000303,37.548435,2024-12-05,13.0
44.95999999999913,37.673244,2024-12-06,13.0
64.27999999999884,37.643604,2024-12-07,13.0
69.0280000000009,37.63723,2024-12-08,13.0
37.375999999996566,37.684597,2024-12-09,13.0
62.06399999999849,37.700546,2024-12-10,13.0
56.36800000000221,37.664165,2024-12-11,13.0
50.02000000000408,37.705353,2024-12-12,13.0
52.77999999999884,37.70241,2024-12-13,13.0
28.551999999996,37.690998,2024-12-14,13.0
70.8280000000038,37.695896,2024-12-15,13.0
63.48799999999756,37.540184,2024-12-16,13.0
72.41999999999825,37.69497,2024-12-17,13.0
51.95999999999913,37.704967,2024-12-18,13.0
43.30000000000291,37.71081,2024-12-19,13.0
56.79200000000128,37.702717,2024-12-20,13.0
67.66799999999785,37.68619,2024-12-21,13.0
67.69200000000274,37.695576,2024-12-22,13.0
75.17599999999948,37.705936,2024-12-23,13.0
69.33200000000215,37.709354,2024-12-24,13.0
74.69999999999709,37.71298,2024-12-25,13.0
62.75200000000041,37.712337,2024-12-26,13.0
79.2800000000011,37.713093,2024-12-27,13.0
70.50799999999435,37.711395,2024-12-28,13.0
69.7280000000052,37.714283,2024-12-29,13.0
66.72000000000116,37.71309,2024-12-30,13.0
71.23999999999796,37.71438,2024-12-31,13.0
65.4280000000023,37.71397,2025-01-01,13.0
75.71999999999389,37.715458,2025-01-02,13.0
71.02000000000407,37.714344,2025-01-03,13.0
73.86000000000058,37.713863,2025-01-04,13.0
73.44799999999668,37.71346,2025-01-05,13.0
43.2800000000011,37.711277,2025-01-06,13.0
81.9428000000031,37.713284,2025-01-07,13.0
56.608000000000175,37.696632,2025-01-08,13.0
58.799999999995634,37.715572,2025-01-09,13.0
84.30000000000291,37.710903,2025-01-10,13.0
65.9000000000011,37.708958,2025-01-11,13.0
71.04799999999523,37.714714,2025-01-12,13.0
71.78399999999965,37.709194,2025-01-13,13.0
46.32800000000134,37.709976,2025-01-14,13.0
76.13999999999942,37.709522,2025-01-15,13.0
55.30800000000454,37.70171,2025-01-16,13.0
73.57200000000012,37.71464,2025-01-17,13.0
54.37999999999738,37.7086,2025-01-18,13.0
61.35199999999895,37.712482,2025-01-19,13.0
55.84799999999814,37.69697,2025-01-20,13.0
60.59200000000419,37.705673,2025-01-21,13.0
57.90799999999581,37.70483,2025-01-22,13.0
56.26800000000367,37.707348,2025-01-23,13.0
58.63999999999942,37.706745,2025-01-24,13.0
52.94399999999587,37.70499,2025-01-25,13.0
56.2880000000031,37.70532,2025-01-26,13.0
66.0280000000009,37.69362,2025-01-27,13.0
73.16799999999785,37.698357,2025-01-28,13.0
64.95999999999913,37.706753,2025-01-29,13.0
53.9028000000023,37.711727,2025-01-30,13.0
72.4119999999974,37.71158,2025-01-31,13.0
50.2280000000052,37.70449,2025-02-01,13.0
70.07200000000012,37.71091,2025-02-02,13.0
72.75999999999476,37.697197,2025-02-03,13.0
54.4800000000032,37.70991,2025-02-04,13.0
56.67199999999866,37.71301,2025-02-05,13.0
68.25600000000122,37.70719,2025-02-06,13.0
63.2800000000011,37.70862,2025-02-07,13.0
54.68000000000029,37.71143,2025-02-08,13.0
55.4320000000007,37.708664,2025-02-09,13.0
58.39199999999983,37.702038,2025-02-10,13.0
60.19999999999709,37.702988,2025-02-11,13.0
55.908000000003085,37.704815,2025-02-12,13.0
56.4519999999975,37.707855,2025-02-13,13.0
46.375999999996566,37.707157,2025-02-14,13.0
51.03199999999924,37.703743,2025-02-15,13.0
45.208000000006,37.688896,2025-02-16,13.0
28.67199999999866,37.678288,2025-02-17,13.0
24.360000000000586,37.66304,2025-02-18,13.0
41.79200000000128,37.571285,2025-02-19,13.0
50.49599999999919,37.36263,2025-02-20,13.0
48.27999999999884,37.598156,2025-02-21,13.0
60.78399999999965,37.626415,2025-02-22,13.0
37.12000000000262,37.602093,2025-02-23,13.0
64.17599999999948,37.617973,2025-02-24,13.0
58.9109999999966,37.47951,2025-02-25,13.0
36.05999999999767,37.659645,2025-02-26,13.0
26.268000000003667,37.687965,2025-02-27,13.0
30.031999999999243,37.628765,2025-02-28,13.0
50.87999999999738,37.312054,2025-03-01,13.0
52.62000000000262,37.27373,2025-03-02,13.0
33.5480000000025,37.54981,2025-03-03,13.0
45.86399999999412,37.640064,2025-03-04,13.0
28.760000000002,37.488514,2025-03-05,13.0
36.5679999999993,37.590458,2025-03-06,13.0
35.700000000004366,37.328754,2025-03-07,13.0
39.919999999998254,37.357845,2025-03-08,13.0
19.87999999999738,37.332745,2025-03-09,13.0
42.5480000000025,37.337765,2025-03-10,13.0
18.131999999997788,35.137074,2025-03-11,13.0
23.29200000000128,35.6359,2025-03-12,13.0
33.667999999997846,34.455612,2025-03-13,13.0
28.2500000000038,32.986103,2025-03-14,13.0
25.79200000000128,31.363441,2025-03-15,13.0
25.667999999997846,29.968536,2025-03-16,13.0
10.771999999997206,28.24081,2025-03-17,13.0
10.4279999999999,27.120754,2025-03-18,13.0
13.520000000004076,25.027824,2025-03-19,13.0
18.10800000000017,24.503044,2025-03-20,13.0
19.47200000000157,21.63866,2025-03-21,13.0
11.791999999994,20.01775,2025-03-22,13.0
6.175999999999476,19.13681,2025-03-23,13.0
19.3028000000037,17.203236,2025-03-24,13.0
14.576000000000931,15.484411,2025-03-25,13.0
17.5109999999952,17.019032,2025-03-26,13.0
13.460000000006405,18.000257,2025-03-27,13.0
14.651999999994588,16.88551,2025-03-28,13.0
17.776000000005297,16.091547,2025-03-29,13.0
5.351999999998952,15.349538,2025-03-30,13.0
12.87999999999738,14.423706,2025-03-31,13.0
17.0880000000025,13.332584,2025-04-01,13.0
10.9519999999975,14.009783,2025-04-02,13.0
17.4320000000007,14.429827,2025-04-03,13.0
11.8119999999989,13.331549,2025-04-04,13.0
18.77199999999721,13.999117,2025-04-05,13.0
18.280000000006112,13.787115,2025-04-06,13.0
12.307999999997264,14.83471,2025-04-07,13.0
18.731999999996333,15.515604,2025-04-08,13.0
18.812000000005355,15.484787,2025-04-09,13.0
12.319999999999707,16.181597,2025-04-10,13.0
8.680000000000291,15.884079,2025-04-11,13.0
24.09599999999773,15.8080845,2025-04-12,13.0
16.23200000000361,14.754409,2025-04-13,13.0
22.239999999997963,16.21229,2025-04-14,13.0
16.720000000001164,16.548267,2025-04-15,13.0
17.7109999999995,17.663322,2025-04-16,13.0
25.44799999999668,18.053139,2025-04-17,13.0
23.81999999999971,16.838762,2025-04-18,13.0
16.4800000000032,17.612823,2025-04-19,13.0
10.9199999999983,18.36015,2025-04-20,13.0
10.239999999998,17.95446,2025-04-21,13.0
6.908000000003085,17.162766,2025-04-22,13.0
10.2719999999972,16.659258,2025-04-23,13.0
32.5,15.555361,2025-04-24,13.0
11.7079999999987,13.869375,2025-04-25,13.0
7.680000000000291,16.679602,2025-04-26,13.0
16.31999999999971,15.916033,2025-04-27,13.0
9.9120000000039,14.573778,2025-04-28,13.0
18.7109999999995,14.757458,2025-04-29,13.0
14.695999999996276,14.9633465,2025-04-30,13.0
10.972000000001572,16.23768,2025-05-01,13.0
17.639999999999418,15.190309,2025-05-02,13.0
7.747999999999592,14.380604,2025-05-03,13.0
10.5428000000017,14.150816,2025-05-04,13.0
12.01600000000326,12.734148,2025-05-05,13.0
18.79200000000128,12.638935,2025-05-06,13.0
13.831999999994878,13.372141,2025-05-07,13.0
12.8280000000038,15.02836,2025-05-08,13.0
11.1359999999986,13.000877,2025-05-09,13.0
10.3039999999964,12.900339,2025-05-10,13.0
12.92000000000553,12.91256,2025-05-11,13.0
31.288000000000466,12.280174,2025-05-12,13.0
16.459999999999127,12.474308,2025-05-13,13.0
10.1099999999953,15.966631,2025-05-14,13.0
16.720000000001164,17.083834,2025-05-15,13.0
13.12000000000262,15.761533,2025-05-16,13.0
17.69199999999546,15.050551,2025-05-17,13.0
9.416000000004717,14.514755,2025-05-18,13.0
16.271999999997206,14.004048,2025-05-19,13.0
10.0319999999992,13.226704,2025-05-20,13.0
25.736000000004424,14.330535,2025-05-21,13.0
33.35199999999895,13.970782,2025-05-22,13.0
14.20799999999872,14.651823,2025-05-23,13.0
10.1319999999978,17.93948,2025-05-24,13.0
10.7000000000044,17.790115,2025-05-25,13.0
12.1199999999962,16.604155,2025-05-26,13.0
10.9680000000008,15.784485,2025-05-27,13.0
14.092000000004193,15.693518,2025-05-28,13.0
23.479999999995925,15.400891,2025-05-29,13.0
10.5200000000041,13.690095,2025-05-30,13.0
13.2579999999981,14.805563,2025-05-31,13.0
9.17199999999866,14.0345955,2025-06-01,13.0
13.228000000002794,13.580835,2025-06-02,13.0
10.8109999999981,13.218901,2025-06-03,13.0
26.77999999999884,13.625538,2025-06-04,13.0
10.9279999999999,13.555233,2025-06-05,13.0
11.372000000003,14.229017,2025-06-06,13.0
12.75999999999476,13.940754,2025-06-07,13.0
13.380000000004657,13.495062,2025-06-08,13.0
11.2880000000005,13.0466795,2025-06-09,13.0
11.3600000000006,13.434839,2025-06-10,13.0
9.799999999995634,13.698557,2025-06-11,13.0
10.0,13.942518,2025-06-12,13.0
20.880000000004657,12.340661,2025-06-13,13.0
10.679999999993017,11.564079,2025-06-14,13.0
11.0,12.865095,2025-06-15,13.0
18.4232300395354,12.657179,2025-06-16,13.0
23.5280000000009,30.006226,2024-09-18,14.0
25.76799999999639,28.005865,2024-09-19,14.0
18.77199999999721,26.000624,2024-09-20,14.0
22.2580000000054,24.494015,2024-09-21,14.0
18.27999999999884,22.976557,2024-09-22,14.0
12.599999999998545,22.283222,2024-09-23,14.0
10.8628000000014,22.334984,2024-09-24,14.0
13.976000000002388,21.674114,2024-09-25,14.0
41.2239999999947,21.033955,2024-09-26,14.0
28.3760000000038,18.298038,2024-09-27,14.0
27.131999999997788,20.818386,2024-09-28,14.0
27.228000000002798,22.152065,2024-09-29,14.0
28.451999999997497,22.54261,2024-09-30,14.0
24.012000000002445,23.764532,2024-10-01,14.0
17.747999999999593,25.877695,2024-10-02,14.0
20.26799999999639,26.219233,2024-10-03,14.0
19.0280000000009,23.646404,2024-10-04,14.0
21.8280000000038,22.646267,2024-10-05,14.0
22.851999999998952,21.767664,2024-10-06,14.0
24.531999999999243,21.114672,2024-10-07,14.0
22.167999999997846,21.530407,2024-10-08,14.0
21.3109999999981,23.153233,2024-10-09,14.0
22.228000000002798,24.180082,2024-10-10,14.0
22.252000000000407,22.810898,2024-10-11,14.0
23.296000000002092,21.920244,2024-10-12,14.0
22.75999999999476,21.47756,2024-10-13,14.0
23.12000000000262,21.55848,2024-10-14,14.0
21.98399999999674,21.744478,2024-10-15,14.0
22.89600000000064,22.727594,2024-10-16,14.0
21.9028000000023,23.372704,2024-10-17,14.0
26.360000000000586,22.80426,2024-10-18,14.0
21.00800000000163,22.283604,2024-10-19,14.0
23.288000000000466,22.730448,2024-10-20,14.0
25.102000000001,22.61435,2024-10-21,14.0
23.4319999999925,22.775509,2024-10-22,14.0
28.13600000000588,23.958084,2024-10-23,14.0
23.3839999999982,24.587925,2024-10-24,14.0
26.927999999999884,24.389418,2024-10-25,14.0
28.76799999999639,23.74534,2024-10-26,14.0
20.2628000000029,24.028475,2024-10-27,14.0
27.10800000000017,24.733154,2024-10-28,14.0
21.5880000000025,24.11859,2024-10-29,14.0
25.9109999999966,25.360634,2024-10-30,14.0
28.860000000000586,25.864796,2024-10-31,14.0
25.9799999999959,25.193466,2024-11-01,14.0
32.720000000001164,25.193378,2024-11-02,14.0
31.1120000000018,25.473806,2024-11-03,14.0
27.728000000002798,26.814325,2024-11-04,14.0
32.52799999999843,27.772377,2024-11-05,14.0
33.591999999996915,28.735073,2024-11-06,14.0
29.12800000000425,29.95359,2024-11-07,14.0
28.851999999999,29.493675,2024-11-08,14.0
29.18800000000192,28.668667,2024-11-09,14.0
44.1199999999962,28.439075,2024-11-10,14.0
32.67199999999866,28.659035,2024-11-11,14.0
32.47200000000157,31.01141,2024-11-12,14.0
32.5679999999993,32.617466,2024-11-13,14.0
25.648000000001,33.506405,2024-11-14,14.0
32.391999999999825,32.77885,2024-11-15,14.0
41.5679999999993,31.196022,2024-11-16,14.0
32.102000000001,31.223808,2024-11-17,14.0
32.79200000000128,32.7685,2024-11-18,14.0
35.667999999997846,33.061737,2024-11-19,14.0
31.747999999999596,33.82485,2024-11-20,14.0
6.11200000000186,35.11101,2024-11-21,14.0
36.0746666666649,34.23369,2024-11-22,14.0
25.4920000000008,30.099083,2024-11-23,14.0
35.80799999999969,30.353489,2024-11-24,14.0
31.0628000000009,29.683456,2024-11-25,14.0
33.55599999999928,30.369064,2024-11-26,14.0
32.6359999999986,31.006699,2024-11-27,14.0
30.878666666668625,32.127975,2024-11-28,14.0
36.62199999999939,31.692217,2024-11-29,14.0
42.9980000000003,31.209606,2024-11-30,14.0
45.17199999999866,31.443161,2024-12-01,14.0
39.78800000000047,33.319622,2024-12-02,14.0
45.65199999999459,35.3318,2024-12-03,14.0
49.37600000000384,36.602352,2024-12-04,14.0
46.5828000000026,37.28393,2024-12-05,14.0
49.20799999999872,37.456955,2024-12-06,14.0
48.102000000001,37.423695,2024-12-07,14.0
45.43999999999505,37.487514,2024-12-08,14.0
44.17599999999948,37.577076,2024-12-09,14.0
45.52000000000408,37.61213,2024-12-10,14.0
51.59199999999692,37.635033,2024-12-11,14.0
45.13999999999942,37.651604,2024-12-12,14.0
46.56000000000495,37.666393,2024-12-13,14.0
32.13999999999942,37.636883,2024-12-14,14.0
51.25999999999476,37.63016,2024-12-15,14.0
51.86000000000058,37.441704,2024-12-16,14.0
53.16800000000512,37.634,2024-12-17,14.0
49.39999999999418,37.667355,2024-12-18,14.0
49.3828000000055,37.68204,2024-12-19,14.0
44.71999999999389,37.674248,2024-12-20,14.0
46.0280000000009,37.666714,2024-12-21,14.0
49.85599999999977,37.644512,2024-12-22,14.0
47.192000000002736,37.65457,2024-12-23,14.0
44.26000000000204,37.66958,2024-12-24,14.0
47.93999999999505,37.671616,2024-12-25,14.0
48.9280000000023,37.66354,2024-12-26,14.0
45.58000000000175,37.666058,2024-12-27,14.0
43.271999999997206,37.658688,2024-12-28,14.0
47.50800000000163,37.654583,2024-12-29,14.0
47.98799999999756,37.634987,2024-12-30,14.0
50.63999999999942,37.65222,2024-12-31,14.0
43.3028000000037,37.65848,2025-01-01,14.0
46.45599999999831,37.67004,2025-01-02,14.0
44.23200000000361,37.64307,2025-01-03,14.0
44.299999999995634,37.63088,2025-01-04,14.0
49.31999999999971,37.615093,2025-01-05,14.0
46.17199999999866,37.593365,2025-01-06,14.0
47.2580000000054,37.63014,2025-01-07,14.0
53.2109999999995,37.63216,2025-01-08,14.0
51.22799999999552,37.642918,2025-01-09,14.0
49.09200000000419,37.665993,2025-01-10,14.0
47.799999999995634,37.65971,2025-01-11,14.0
48.82800000000134,37.655556,2025-01-12,14.0
48.72000000000117,37.642757,2025-01-13,14.0
31.49199999999837,37.655716,2025-01-14,14.0
47.0880000000025,37.651943,2025-01-15,14.0
51.68000000000029,37.59365,2025-01-16,14.0
45.61999999999534,37.652203,2025-01-17,14.0
41.29200000000128,37.659046,2025-01-18,14.0
46.16800000000512,37.638084,2025-01-19,14.0
48.9109999999966,37.570293,2025-01-20,14.0
43.2280000000028,37.609554,2025-01-21,14.0
53.0199999999968,37.635174,2025-01-22,14.0
43.5,37.633057,2025-01-23,14.0
44.30000000000291,37.66077,2025-01-24,14.0
44.87999999999738,37.611675,2025-01-25,14.0
28.9800000000032,37.59598,2025-01-26,14.0
39.9320000000007,37.604015,2025-01-27,14.0
28.887999999999,37.3656,2025-01-28,14.0
39.419999999998254,37.540577,2025-01-29,14.0
44.97200000000157,37.39963,2025-01-30,14.0
46.479999999995925,37.496826,2025-01-31,14.0
38.52000000000408,37.488186,2025-02-01,14.0
43.26799999999639,37.41122,2025-02-02,14.0
44.62800000000425,37.223377,2025-02-03,14.0
48.66399999999703,37.41302,2025-02-04,14.0
48.80000000000291,37.505226,2025-02-05,14.0
51.69599999999628,37.616856,2025-02-06,14.0
50.771999999997206,37.620197,2025-02-07,14.0
50.4120000000039,37.622967,2025-02-08,14.0
46.908000000003085,37.612972,2025-02-09,14.0
47.1199999999962,37.64031,2025-02-10,14.0
44.63999999999942,37.641068,2025-02-11,14.0
46.58000000000175,37.657536,2025-02-12,14.0
42.03199999999924,37.6579,2025-02-13,14.0
41.09599999999773,37.66111,2025-02-14,14.0
45.72000000000117,37.620914,2025-02-15,14.0
45.05200000000332,37.602146,2025-02-16,14.0
44.45999999999913,37.59575,2025-02-17,14.0
48.167999999997846,37.591923,2025-02-18,14.0
49.0,37.596912,2025-02-19,14.0
52.23999999999796,37.628857,2025-02-20,14.0
47.9028000000023,37.637478,2025-02-21,14.0
46.59999999999855,37.639442,2025-02-22,14.0
45.12800000000425,37.62305,2025-02-23,14.0
51.5280000000009,37.613796,2025-02-24,14.0
50.5199999999968,37.62362,2025-02-25,14.0
50.05200000000332,37.658737,2025-02-26,14.0
42.09599999999773,37.668247,2025-02-27,14.0
17.652000000001863,37.6713,2025-02-28,14.0
48.09199999999692,37.61864,2025-03-01,14.0
43.2280000000028,36.64603,2025-03-02,14.0
49.0109999999952,37.40412,2025-03-03,14.0
41.44800000000396,37.54818,2025-03-04,14.0
37.77999999999884,37.604385,2025-03-05,14.0
27.919999999998254,37.5847,2025-03-06,14.0
33.5480000000025,37.53173,2025-03-07,14.0
25.9439999999959,36.950253,2025-03-08,14.0
36.94800000000396,37.059574,2025-03-09,14.0
25.4799999999959,36.312477,2025-03-10,14.0
32.06000000000495,36.129227,2025-03-11,14.0
26.807999999997264,33.98358,2025-03-12,14.0
26.252000000000407,34.094913,2025-03-13,14.0
21.77199999999721,32.08143,2025-03-14,14.0
24.2580000000054,30.403116,2025-03-15,14.0
19.07999999999447,28.196157,2025-03-16,14.0
25.10000000000582,27.135471,2025-03-17,14.0
23.288000000000466,24.744377,2025-03-18,14.0
23.86399999999412,24.804852,2025-03-19,14.0
24.560000000004948,25.505539,2025-03-20,14.0
27.82800000000134,23.897781,2025-03-21,14.0
24.851999999998952,23.196049,2025-03-22,14.0
19.599999999998545,23.588642,2025-03-23,14.0
25.247999999999596,22.445549,2025-03-24,14.0
24.959999999999127,22.568077,2025-03-25,14.0
25.12000000000262,23.65592,2025-03-26,14.0
27.05999999999767,24.512585,2025-03-27,14.0
22.0679999999993,23.299843,2025-03-28,14.0
31.9028000000023,23.41973,2025-03-29,14.0
30.047999999995227,22.598972,2025-03-30,14.0
25.80800000000454,23.491808,2025-03-31,14.0
31.263999999995576,24.701412,2025-04-01,14.0
24.49600000000646,25.725965,2025-04-02,14.0
20.851999999998952,26.470943,2025-04-03,14.0
25.971999999994296,25.395126,2025-04-04,14.0
20.080000000001743,24.40123,2025-04-05,14.0
22.16000000000349,24.190355,2025-04-06,14.0
26.687999999994645,23.548508,2025-04-07,14.0
25.9120000000039,23.297075,2025-04-08,14.0
28.720000000001164,24.324661,2025-04-09,14.0
28.32800000000134,25.368523,2025-04-10,14.0
28.351999999998952,25.03798,2025-04-11,14.0
24.288000000000466,25.534378,2025-04-12,14.0
27.5,25.752857,2025-04-13,14.0
28.69199999999546,25.106071,2025-04-14,14.0
31.616000000001804,25.379677,2025-04-15,14.0
30.9428000000031,26.241371,2025-04-16,14.0
21.735999999997148,27.104446,2025-04-17,14.0
27.47200000000157,26.4169,2025-04-18,14.0
22.832000000002157,25.014786,2025-04-19,14.0
22.07999999999447,25.117798,2025-04-20,14.0
22.68000000000029,24.683523,2025-04-21,14.0
23.8119999999989,24.066715,2025-04-22,14.0
26.332000000002157,24.236841,2025-04-23,14.0
24.4800000000032,24.752726,2025-04-24,14.0
27.70799999999872,24.188492,2025-04-25,14.0
21.451999999997497,23.221104,2025-04-26,14.0
18.891999999999825,23.358326,2025-04-27,14.0
24.847999999998137,22.92839,2025-04-28,14.0
24.768000000003667,22.270227,2025-04-29,14.0
21.4280000000023,23.250984,2025-04-30,14.0
23.86399999999412,23.785797,2025-05-01,14.0
26.5880000000025,22.572016,2025-05-02,14.0
21.599999999998545,22.042843,2025-05-03,14.0
20.02799999999843,22.110432,2025-05-04,14.0
24.652000000001863,21.648842,2025-05-05,14.0
19.02799999999843,21.536919,2025-05-06,14.0
23.0,22.694117,2025-05-07,14.0
21.4320000000007,22.26894,2025-05-08,14.0
21.419999999998254,20.821505,2025-05-09,14.0
24.708000000005995,20.203125,2025-05-10,14.0
24.1119999999946,20.08936,2025-05-11,14.0
24.139999999999414,20.820028,2025-05-12,14.0
23.57200000000012,21.213154,2025-05-13,14.0
22.456000000005588,22.04353,2025-05-14,14.0
21.9320000000007,22.573683,2025-05-15,14.0
25.091999999996915,21.904865,2025-05-16,14.0
24.080000000001743,20.896515,2025-05-17,14.0
26.97599999999511,20.850998,2025-05-18,14.0
32.76000000000204,20.643974,2025-05-19,14.0
28.5828000000026,21.532862,2025-05-20,14.0
25.89600000000064,24.478664,2025-05-21,14.0
26.19999999999709,25.3377,2025-05-22,14.0
31.3028000000037,24.250868,2025-05-23,14.0
30.8119999999989,23.664677,2025-05-24,14.0
30.83199999999488,24.748486,2025-05-25,14.0
25.7800000000061,25.951115,2025-05-26,14.0
31.61200000000099,27.289398,2025-05-27,14.0
31.2579999999981,27.8032,2025-05-28,14.0
28.0,28.48441,2025-05-29,14.0
30.93999999999505,28.046593,2025-05-30,14.0
28.960000000006403,27.045229,2025-05-31,14.0
19.5,27.271133,2025-06-01,14.0
29.979999999995925,27.31371,2025-06-02,14.0
29.23200000000361,25.78167,2025-06-03,14.0
26.288000000000466,26.493126,2025-06-04,14.0
32.791999999994005,27.63742,2025-06-05,14.0
31.855999999999767,26.487818,2025-06-06,14.0
23.692000000002736,26.275705,2025-06-07,14.0
31.667999999997846,27.128635,2025-06-08,14.0
32.9120000000039,26.314762,2025-06-09,14.0
32.76799999999639,27.138882,2025-06-10,14.0
33.4800000000032,28.745451,2025-06-11,14.0
25.0319999999992,29.847893,2025-06-12,14.0
23.648000000001048,29.540134,2025-06-13,14.0
24.959999999999127,28.049648,2025-06-14,14.0
19.05199999999604,27.145159,2025-06-15,14.0
20.0,26.61175,2025-06-16,14.0
17.788000000000466,9.627599,2024-09-18,15.0
7.252000000000407,9.15761,2024-09-19,15.0
22.659999999996217,9.795753,2024-09-20,15.0
22.07200000000012,9.339767,2024-09-21,15.0
9.256000000001222,10.872402,2024-09-22,15.0
5.8628000000014,13.024111,2024-09-23,15.0
12.375999999996566,13.332474,2024-09-24,15.0
14.692000000002736,12.593387,2024-09-25,15.0
30.332000000002157,12.66079,2024-09-26,15.0
27.93599999999424,12.516939,2024-09-27,15.0
25.560000000004948,14.529617,2024-09-28,15.0
24.0280000000009,16.991558,2024-09-29,15.0
22.131999999997788,18.712763,2024-09-30,15.0
26.18800000000192,20.19125,2024-10-01,15.0
17.5028000000008,21.72142,2024-10-02,15.0
21.547999999995227,22.900642,2024-10-03,15.0
21.0,21.773785,2024-10-04,15.0
24.060000000004948,20.819267,2024-10-05,15.0
29.07200000000012,20.341333,2024-10-06,15.0
16.487999999997555,20.660507,2024-10-07,15.0
23.752000000000407,22.50277,2024-10-08,15.0
23.4280000000023,22.588089,2024-10-09,15.0
20.09599999999773,23.582237,2024-10-10,15.0
29.252000000000407,22.977085,2024-10-11,15.0
19.239999999997963,21.629547,2024-10-12,15.0
20.49199999999837,22.146145,2024-10-13,15.0
20.76000000000204,21.715816,2024-10-14,15.0
19.735999999997148,21.693409,2024-10-15,15.0
16.4120000000039,22.13985,2024-10-16,15.0
32.4519999999975,22.528715,2024-10-17,15.0
21.8280000000038,21.10611,2024-10-18,15.0
23.011999999996,22.190847,2024-10-19,15.0
17.239999999997963,22.165236,2024-10-20,15.0
22.55200000000332,22.05568,2024-10-21,15.0
19.487999999997555,21.756943,2024-10-22,15.0
17.512000000002445,22.56512,2024-10-23,15.0
17.5679999999993,22.699732,2024-10-24,15.0
16.772000000004482,20.951672,2024-10-25,15.0
10.1079999999929,19.612873,2024-10-26,15.0
25.57200000000012,18.935001,2024-10-27,15.0
17.80000000000291,17.212399,2024-10-28,15.0
16.660000000003492,18.349575,2024-10-29,15.0
21.719999999993888,19.279469,2024-10-30,15.0
14.8280000000038,20.149422,2024-10-31,15.0
11.8079999999973,19.85371,2024-11-01,15.0
21.3828000000055,18.745298,2024-11-02,15.0
25.70799999999872,17.561817,2024-11-03,15.0
17.239999999997963,17.992298,2024-11-04,15.0
21.2579999999981,19.165035,2024-11-05,15.0
31.0,19.564512,2024-11-06,15.0
22.4320000000007,20.34085,2024-11-07,15.0
32.80800000000454,21.553307,2024-11-08,15.0
23.223999999994703,21.462545,2024-11-09,15.0
33.37600000000384,23.101917,2024-11-10,15.0
18.78399999999965,23.252754,2024-11-11,15.0
16.2800000000011,25.170687,2024-11-12,15.0
35.97599999999511,25.462975,2024-11-13,15.0
27.68000000000029,24.370876,2024-11-14,15.0
26.639999999999414,25.706104,2024-11-15,15.0
20.07200000000012,25.899523,2024-11-16,15.0
33.84800000000541,26.011242,2024-11-17,15.0
23.583999999995285,24.655762,2024-11-18,15.0
20.57600000000093,26.767511,2024-11-19,15.0
27.512000000002445,27.481632,2024-11-20,15.0
19.927999999999884,27.044708,2024-11-21,15.0
21.0799999999944,26.557095,2024-11-22,15.0
21.560000000000095,24.99472,2024-11-23,15.0
30.97733333333599,24.351715,2024-11-24,15.0
19.869333333330967,23.495136,2024-11-25,15.0
19.441333333333507,25.070946,2024-11-26,15.0
31.495999999999185,25.465275,2024-11-27,15.0
21.220000000001164,25.172941,2024-11-28,15.0
24.083999999998905,25.593002,2024-11-29,15.0
26.1222800000002,24.62778,2024-11-30,15.0
27.927999999999884,24.448875,2024-12-01,15.0
32.099999999998545,24.282784,2024-12-02,15.0
26.560000000004948,25.569656,2024-12-03,15.0
32.2579999999981,27.50531,2024-12-04,15.0
21.27199999999721,27.889029,2024-12-05,15.0
37.13999999999942,27.82911,2024-12-06,15.0
22.10000000000582,26.697939,2024-12-07,15.0
32.72799999999552,27.92255,2024-12-08,15.0
16.720000000001164,27.452988,2024-12-09,15.0
30.9120000000039,28.623734,2024-12-10,15.0
36.299999999995634,28.009247,2024-12-11,15.0
26.427999999999884,28.700226,2024-12-12,15.0
31.42399999999907,29.032158,2024-12-13,15.0
20.9360000000011,28.045834,2024-12-14,15.0
32.5428000000017,28.09774,2024-12-15,15.0
31.055999999996857,27.476824,2024-12-16,15.0
28.99200000000565,28.687916,2024-12-17,15.0
35.95999999999913,30.52648,2024-12-18,15.0
30.93999999999505,31.280962,2024-12-19,15.0
25.9200000000055,31.221577,2024-12-20,15.0
28.788000000000466,30.66166,2024-12-21,15.0
36.82399999999325,30.337584,2024-12-22,15.0
25.080000000001743,30.360317,2024-12-23,15.0
25.6680000000051,31.947153,2024-12-24,15.0
20.971999999994296,32.451054,2024-12-25,15.0
32.4280000000023,32.366665,2024-12-26,15.0
24.77599999999802,28.686972,2024-12-27,15.0
24.312000000005355,28.263203,2024-12-28,15.0
31.327999999994063,28.307205,2024-12-29,15.0
25.312000000005355,27.585434,2024-12-30,15.0
13.072000000000116,28.27385,2024-12-31,15.0
30.22799999999552,28.714935,2025-01-01,15.0
46.70799999999872,26.846361,2025-01-02,15.0
32.692000000002736,26.190613,2025-01-03,15.0
47.2109999999995,28.283712,2025-01-04,15.0
32.167999999997846,28.693993,2025-01-05,15.0
35.0,30.892242,2025-01-06,15.0
32.9000000000011,31.613546,2025-01-07,15.0
26.860000000000586,32.592716,2025-01-08,15.0
30.5679999999993,33.83662,2025-01-09,15.0
27.8628000000014,31.564987,2025-01-10,15.0
41.18800000000192,30.308638,2025-01-11,15.0
35.720000000001164,30.035534,2025-01-12,15.0
37.45999999999913,31.219975,2025-01-13,15.0
20.799999999995634,32.18591,2025-01-14,15.0
23.639999999999414,33.90353,2025-01-15,15.0
38.58000000000175,33.68252,2025-01-16,15.0
28.05200000000332,31.5515,2025-01-17,15.0
23.799999999995634,31.483578,2025-01-18,15.0
26.57600000000093,30.692463,2025-01-19,15.0
29.639999999999414,28.199295,2025-01-20,15.0
21.78399999999965,27.375484,2025-01-21,15.0
31.4280000000023,28.691517,2025-01-22,15.0
24.82800000000134,28.5873,2025-01-23,15.0
35.1099999999953,26.824833,2025-01-24,15.0
36.81999999999971,25.449413,2025-01-25,15.0
42.200000000004366,26.272617,2025-01-26,15.0
42.9280000000023,28.564556,2025-01-27,15.0
43.81999999999971,30.685085,2025-01-28,15.0
28.0720000000001,33.37494,2025-01-29,15.0
41.12799999999697,35.622448,2025-01-30,15.0
25.1199999999962,34.95471,2025-01-31,15.0
42.44800000000396,35.31554,2025-02-01,15.0
50.5428000000017,34.112415,2025-02-02,15.0
29.735999999997148,35.04373,2025-02-03,15.0
46.222800000002,36.43388,2025-02-04,15.0
45.0280000000009,36.731487,2025-02-05,15.0
38.93599999999424,37.35837,2025-02-06,15.0
28.8120000000054,37.458813,2025-02-07,15.0
56.93999999999505,37.304165,2025-02-08,15.0
54.28000000000611,36.94492,2025-02-09,15.0
45.1199999999962,37.46661,2025-02-10,15.0
43.37999999999738,37.51153,2025-02-11,15.0
38.29200000000128,37.577427,2025-02-12,15.0
50.8119999999989,37.601242,2025-02-13,15.0
51.4320000000007,37.528675,2025-02-14,15.0
37.4800000000032,37.590717,2025-02-15,15.0
28.7920000000013,37.638165,2025-02-16,15.0
45.867999999994936,37.520084,2025-02-17,15.0
35.4600000000064,37.338905,2025-02-18,15.0
46.5399999999936,37.51953,2025-02-19,15.0
42.74799999999959,37.448055,2025-02-20,15.0
41.87200000000303,37.548473,2025-02-21,15.0
47.87999999999738,37.514545,2025-02-22,15.0
47.5280000000057,37.280235,2025-02-23,15.0
38.102000000001,37.35079,2025-02-24,15.0
46.03199999999924,37.5433,2025-02-25,15.0
38.84799999999814,37.46847,2025-02-26,15.0
44.5,37.590046,2025-02-27,15.0
16.451999999997497,37.526295,2025-02-28,15.0
24.427999999999884,37.49777,2025-03-01,15.0
41.52000000000408,36.08971,2025-03-02,15.0
24.747999999999596,34.89967,2025-03-03,15.0
45.1428000000002,35.485825,2025-03-04,15.0
25.8559999999998,34.63073,2025-03-05,15.0
24.031999999999243,35.970627,2025-03-06,15.0
28.0199999999968,35.05587,2025-03-07,15.0
31.12000000000262,31.766932,2025-03-08,15.0
28.55999999999767,30.847652,2025-03-09,15.0
23.959999999999127,30.436443,2025-03-10,15.0
29.788000000000466,29.265747,2025-03-11,15.0
17.9428000000031,27.991486,2025-03-12,15.0
32.1199999999962,28.53638,2025-03-13,15.0
25.21600000000035,25.913437,2025-03-14,15.0
33.79200000000128,26.249279,2025-03-15,15.0
24.860000000000586,25.982338,2025-03-16,15.0
24.580000000001743,26.567553,2025-03-17,15.0
14.080000000001746,25.88595,2025-03-18,15.0
32.791999999994005,25.598562,2025-03-19,15.0
24.568000000006577,24.880884,2025-03-20,15.0
16.9109999999966,24.710896,2025-03-21,15.0
26.37599999999657,24.194208,2025-03-22,15.0
10.4228000000063,22.523388,2025-03-23,15.0
37.82799999999406,21.782555,2025-03-24,15.0
31.4120000000039,20.942152,2025-03-25,15.0
23.0879999999961,24.179668,2025-03-26,15.0
25.832000000002157,26.94177,2025-03-27,15.0
35.52799999999843,25.100634,2025-03-28,15.0
24.2280000000052,24.694685,2025-03-29,15.0
7.360000000000582,25.342636,2025-03-30,15.0
16.57999999999447,24.574766,2025-03-31,15.0
30.18000000000029,21.88617,2025-04-01,15.0
44.26000000000204,22.189272,2025-04-02,15.0
17.9800000000032,22.775259,2025-04-03,15.0
33.05999999999767,25.27734,2025-04-04,15.0
17.2579999999981,24.779976,2025-04-05,15.0
23.0,25.316065,2025-04-06,15.0
20.4280000000023,24.694624,2025-04-07,15.0
13.391999999999824,24.10141,2025-04-08,15.0
37.52799999999843,23.857819,2025-04-09,15.0
18.872000000003027,22.892937,2025-04-10,15.0
24.419999999998254,23.689302,2025-04-11,15.0
25.919999999998254,22.71596,2025-04-12,15.0
32.74799999999959,22.525928,2025-04-13,15.0
45.182800000001,23.240513,2025-04-14,15.0
23.307999999997264,25.098013,2025-04-15,15.0
23.172000000005937,28.70219,2025-04-16,15.0
14.647999999993772,27.91,2025-04-17,15.0
23.00800000000163,26.016333,2025-04-18,15.0
17.192000000002736,23.40554,2025-04-19,15.0
10.591999999996917,23.119585,2025-04-20,15.0
21.148000000001048,21.647526,2025-04-21,15.0
19.0,19.786419,2025-04-22,15.0
20.9800000000032,20.331404,2025-04-23,15.0
30.0879999999961,20.208527,2025-04-24,15.0
17.67199999999866,20.11231,2025-04-25,15.0
20.102000000001,20.749441,2025-04-26,15.0
23.919999999998254,19.773167,2025-04-27,15.0
18.2880000000031,19.267754,2025-04-28,15.0
21.12000000000262,19.400135,2025-04-29,15.0
23.739999999997963,19.977345,2025-04-30,15.0
14.17199999999866,20.294302,2025-05-01,15.0
26.09599999999773,20.170948,2025-05-02,15.0
19.982800000004,18.881845,2025-05-03,15.0
19.427999999999884,18.919857,2025-05-04,15.0
19.479999999995925,18.987406,2025-05-05,15.0
20.332000000002157,19.247234,2025-05-06,15.0
23.296000000002092,19.89629,2025-05-07,15.0
19.752000000000407,20.209558,2025-05-08,15.0
23.919999999998254,19.122263,2025-05-09,15.0
21.36800000000221,18.731766,2025-05-10,15.0
14.61200000000099,19.101727,2025-05-11,15.0
20.867999999994936,19.219954,2025-05-12,15.0
11.0520000000033,18.455221,2025-05-13,15.0
22.4280000000023,19.064194,2025-05-14,15.0
20.252000000000407,17.808872,2025-05-15,15.0
21.0399999999936,18.178005,2025-05-16,15.0
18.18800000000192,17.481161,2025-05-17,15.0
18.46800000000076,17.194221,2025-05-18,15.0
21.332000000002157,16.461325,2025-05-19,15.0
14.919999999998254,16.582115,2025-05-20,15.0
20.76000000000204,18.135418,2025-05-21,15.0
20.31999999999971,17.58461,2025-05-22,15.0
21.77199999999721,16.845135,2025-05-23,15.0
14.056000000004133,16.331112,2025-05-24,15.0
14.679999999993017,16.751776,2025-05-25,15.0
18.21200000000681,16.243742,2025-05-26,15.0
16.459999999999127,16.342974,2025-05-27,15.0
19.799999999995634,17.466402,2025-05-28,15.0
13.4800000000032,17.55838,2025-05-29,15.0
19.5280000000009,17.035515,2025-05-30,15.0
11.0599999999977,15.510667,2025-05-31,15.0
9.10200000000099,15.311497,2025-06-01,15.0
20.048000000002503,14.164414,2025-06-02,15.0
11.0319999999992,13.360621,2025-06-03,15.0
17.175999999999476,14.342621,2025-06-04,15.0
20.743999999998778,14.22015,2025-06-05,15.0
16.247999999999593,14.074144,2025-06-06,15.0
18.099999999998545,14.067266,2025-06-07,15.0
20.372000000003027,14.247383,2025-06-08,15.0
17.167999999997846,14.439154,2025-06-09,15.0
14.4800000000032,15.646814,2025-06-10,15.0
17.099999999998545,16.439747,2025-06-11,15.0
14.599999999998545,16.250937,2025-06-12,15.0
9.4800000000032,15.732457,2025-06-13,15.0
8.971999999994296,14.590366,2025-06-14,15.0
6.7479999999995925,13.576171,2025-06-15,15.0
7.859999999996944,12.551498,2025-06-16,15.0
4.655999999995402,11.996137,2024-09-18,16.0
22.132000000005064,11.489683,2024-09-19,16.0
14.547999999995229,9.936075,2024-09-20,16.0
13.0,11.4022045,2024-09-21,16.0
11.2000000000044,12.368555,2024-09-22,16.0
5.839999999996508,12.176698,2024-09-23,16.0
16.512000000002445,12.347858,2024-09-24,16.0
8.87999999999738,12.470696,2024-09-25,16.0
9.432000000000698,13.672066,2024-09-26,16.0
10.4680000000008,12.298786,2024-09-27,16.0
22.372000000003027,11.763538,2024-09-28,16.0
10.1079999999929,11.60581,2024-09-29,16.0
14.160000000003492,12.814693,2024-09-30,16.0
12.559999999997672,12.974646,2024-10-01,16.0
23.380000000004657,14.20743,2024-10-02,16.0
13.2879999999958,15.208148,2024-10-03,16.0
25.919999999998254,16.17774,2024-10-04,16.0
11.0720000000001,15.508347,2024-10-05,16.0
12.92000000000553,16.720392,2024-10-06,16.0
14.299999999995634,16.007315,2024-10-07,16.0
14.2280000000052,15.730116,2024-10-08,16.0
18.90799999999581,16.059229,2024-10-09,16.0
12.8280000000038,16.437752,2024-10-10,16.0
14.102000000001,16.691698,2024-10-11,16.0
14.527999999998428,15.925869,2024-10-12,16.0
10.4639999999999,15.345536,2024-10-13,16.0
19.335999999995693,15.296757,2024-10-14,16.0
14.3828000000055,14.853614,2024-10-15,16.0
24.255999999993943,16.355078,2024-10-16,16.0
11.5428000000017,16.698778,2024-10-17,16.0
18.77599999999802,17.99954,2024-10-18,16.0
24.4800000000032,16.797497,2024-10-19,16.0
13.0280000000009,17.03313,2024-10-20,16.0
27.30399999999645,18.603897,2024-10-21,16.0
27.65600000000268,18.087555,2024-10-22,16.0
23.351999999998952,20.314398,2024-10-23,16.0
25.07200000000012,22.273132,2024-10-24,16.0
24.728000000002798,22.34499,2024-10-25,16.0
42.73999999999796,22.22979,2024-10-26,16.0
37.19999999999709,22.700994,2024-10-27,16.0
36.94800000000396,26.505888,2024-10-28,16.0
32.591999999996915,28.882769,2024-10-29,16.0
18.76000000000204,31.197617,2024-10-30,16.0
41.22000000000117,32.227356,2024-10-31,16.0
29.091999999996915,29.800694,2024-11-01,16.0
36.92000000000553,30.679525,2024-11-02,16.0
33.5199999999968,31.048588,2024-11-03,16.0
26.360000000000586,32.26066,2024-11-04,16.0
50.1359999999986,32.86498,2024-11-05,16.0
32.9120000000039,33.378933,2024-11-06,16.0
28.9599999999991,36.110584,2024-11-07,16.0
13.659999999996217,35.488712,2024-11-08,16.0
27.5280000000009,33.302265,2024-11-09,16.0
35.66000000000349,30.474789,2024-11-10,16.0
32.0109999999952,29.767252,2024-11-11,16.0
27.12800000000425,30.956963,2024-11-12,16.0
25.599999999998545,32.01015,2024-11-13,16.0
38.12000000000262,31.735336,2024-11-14,16.0
37.21999999999389,29.816921,2024-11-15,16.0
38.62800000000425,30.282747,2024-11-16,16.0
30.33199999999488,31.496363,2024-11-17,16.0
39.60000000000582,32.599995,2024-11-18,16.0
54.02799999999843,32.918972,2024-11-19,16.0
29.256000000001222,34.469078,2024-11-20,16.0
39.5280000000009,36.891544,2024-11-21,16.0
26.657333333329007,36.007523,2024-11-22,16.0
25.3626666666702,35.990925,2024-11-23,16.0
33.170666666665056,35.032032,2024-11-24,16.0
32.65733333333386,34.172573,2024-11-25,16.0
43.7628000000004,34.810085,2024-11-26,16.0
29.3910102899091,35.33866,2024-11-27,16.0
32.5111676720619,36.489,2024-11-28,16.0
33.0121928367564,35.496857,2024-11-29,16.0
29.3119999999996,33.703156,2024-11-30,16.0
23.68000000000029,33.538795,2024-12-01,16.0
17.31999999999971,33.684288,2024-12-02,16.0
23.9320000000007,32.952072,2024-12-03,16.0
23.056000000004133,30.99111,2024-12-04,16.0
28.47200000000157,30.786013,2024-12-05,16.0
23.719999999993888,28.107077,2024-12-06,16.0
18.27200000000448,26.999454,2024-12-07,16.0
27.599999999998545,26.515633,2024-12-08,16.0
17.9360000000011,25.564,2024-12-09,16.0
26.1428000000002,26.358826,2024-12-10,16.0
20.2579999999981,25.831842,2024-12-11,16.0
27.55999999999767,26.611862,2024-12-12,16.0
22.29200000000128,24.526888,2024-12-13,16.0
20.0880000000025,23.94661,2024-12-14,16.0
28.752000000000407,23.659101,2024-12-15,16.0
25.5199999999968,23.224487,2024-12-16,16.0
13.175999999999476,24.906063,2024-12-17,16.0
22.3028000000037,26.56673,2024-12-18,16.0
23.77599999999802,26.015839,2024-12-19,16.0
11.3600000000006,24.43789,2024-12-20,16.0
24.599999999998545,24.075115,2024-12-21,16.0
25.55200000000332,23.140106,2024-12-22,16.0
20.5199999999968,23.178457,2024-12-23,16.0
29.69999999999709,24.109076,2024-12-24,16.0
18.81999999999971,24.905956,2024-12-25,16.0
16.320000000006985,26.568125,2024-12-26,16.0
20.72799999999552,24.102821,2024-12-27,16.0
24.9120000000039,23.023605,2024-12-28,16.0
19.139999999999414,23.234556,2024-12-29,16.0
33.26799999999639,23.554459,2024-12-30,16.0
31.959999999999127,22.976845,2024-12-31,16.0
30.560000000004948,25.469124,2025-01-01,16.0
29.252000000000407,27.161125,2025-01-02,16.0
27.307999999997264,26.673435,2025-01-03,16.0
20.692000000002736,26.65825,2025-01-04,16.0
24.05199999999604,26.65468,2025-01-05,16.0
26.88799999999901,25.594395,2025-01-06,16.0
22.7109999999995,25.34851,2025-01-07,16.0
23.548000000002503,25.791214,2025-01-08,16.0
22.77999999999884,26.029602,2025-01-09,16.0
27.048000000002503,24.233929,2025-01-10,16.0
30.182800000001,23.727224,2025-01-11,16.0
26.855999999999767,24.389702,2025-01-12,16.0
22.063999999998487,25.749992,2025-01-13,16.0
23.487999999997555,25.716194,2025-01-14,16.0
11.9919999999984,25.900164,2025-01-15,16.0
22.296000000002092,26.68087,2025-01-16,16.0
21.55200000000332,23.725689,2025-01-17,16.0
20.639999999999414,22.847815,2025-01-18,16.0
17.2879999999958,23.26986,2025-01-19,16.0
22.0228000000049,21.843147,2025-01-20,16.0
17.720000000001164,20.590359,2025-01-21,16.0
23.1079999999929,22.006565,2025-01-22,16.0
29.548000000002503,22.344229,2025-01-23,16.0
24.919999999998254,20.537899,2025-01-24,16.0
26.60000000000582,20.846022,2025-01-25,16.0
19.091999999996915,21.473396,2025-01-26,16.0
21.19999999999709,22.941801,2025-01-27,16.0
16.468000000000757,22.7263,2025-01-28,16.0
23.3028000000037,23.316395,2025-01-29,16.0
28.18800000000192,23.356823,2025-01-30,16.0
16.31999999999971,22.899698,2025-01-31,16.0
20.10800000000017,23.334892,2025-02-01,16.0
22.86399999999412,22.130938,2025-02-02,16.0
20.2580000000054,21.752268,2025-02-03,16.0
19.0,21.937588,2025-02-04,16.0
23.851999999998952,22.79221,2025-02-05,16.0
29.26799999999639,23.717476,2025-02-06,16.0
21.61200000000099,22.554453,2025-02-07,16.0
14.4800000000032,23.268715,2025-02-08,16.0
16.807999999997264,23.398567,2025-02-09,16.0
21.9280000000023,21.564886,2025-02-10,16.0
28.839999999996508,20.263214,2025-02-11,16.0
25.8109999999981,21.937975,2025-02-12,16.0
33.00800000000163,23.95589,2025-02-13,16.0
19.18000000000029,23.216215,2025-02-14,16.0
26.860000000000586,24.245476,2025-02-15,16.0
14.7109999999995,23.927933,2025-02-16,16.0
22.256000000001222,24.116528,2025-02-17,16.0
25.61200000000099,23.54462,2025-02-18,16.0
19.70799999999872,23.746727,2025-02-19,16.0
28.692000000002736,24.27758,2025-02-20,16.0
22.57200000000012,21.394238,2025-02-21,16.0
17.175999999999476,22.181011,2025-02-22,16.0
23.839999999996508,22.320602,2025-02-23,16.0
25.3109999999981,21.063467,2025-02-24,16.0
19.952000000004773,21.886093,2025-02-25,16.0
14.747999999999593,23.418774,2025-02-26,16.0
22.099999999998545,23.789093,2025-02-27,16.0
20.648000000001048,20.855944,2025-02-28,16.0
22.05199999999604,20.597206,2025-03-01,16.0
17.148000000001048,20.192791,2025-03-02,16.0
20.80000000000291,20.457035,2025-03-03,16.0
28.76000000000204,20.001986,2025-03-04,16.0
31.19199999999546,20.340052,2025-03-05,16.0
28.4280000000023,23.031416,2025-03-06,16.0
26.739999999997963,23.747257,2025-03-07,16.0
31.419999999998254,24.326065,2025-03-08,16.0
29.07200000000012,24.875874,2025-03-09,16.0
17.056000000004133,25.739286,2025-03-10,16.0
25.2520000000004,25.973019,2025-03-11,16.0
49.98799999999756,24.603828,2025-03-12,16.0
46.5028000000008,25.533058,2025-03-13,16.0
47.01600000000326,28.456047,2025-03-14,16.0
38.65199999999459,31.044281,2025-03-15,16.0
30.4280000000023,33.208675,2025-03-16,16.0
35.73200000000361,34.89921,2025-03-17,16.0
42.367999999994936,34.985455,2025-03-18,16.0
44.86000000000058,36.1293,2025-03-19,16.0
43.4800000000032,37.288166,2025-03-20,16.0
41.97200000000157,37.092213,2025-03-21,16.0
33.1199999999962,36.824947,2025-03-22,16.0
58.24799999999959,36.82698,2025-03-23,16.0
33.080000000001746,36.664608,2025-03-24,16.0
53.22000000000117,37.512608,2025-03-25,16.0
43.39999999999418,37.471867,2025-03-26,16.0
46.492000000005646,37.631058,2025-03-27,16.0
41.62799999999697,37.595028,2025-03-28,16.0
50.62000000000262,37.563557,2025-03-29,16.0
33.86000000000058,37.507282,2025-03-30,16.0
17.19999999999709,37.620365,2025-03-31,16.0
38.4519999999975,37.429333,2025-04-01,16.0
26.456000000005588,36.44811,2025-04-02,16.0
35.66399999999703,37.059116,2025-04-03,16.0
22.520000000004075,36.51824,2025-04-04,16.0
35.90799999999581,35.71715,2025-04-05,16.0
27.099999999998545,33.010246,2025-04-06,16.0
35.2800000000011,32.011467,2025-04-07,16.0
22.2800000000011,31.620506,2025-04-08,16.0
26.927999999999884,32.295208,2025-04-09,16.0
43.2800000000011,31.64215,2025-04-10,16.0
23.102000000001,29.657677,2025-04-11,16.0
24.0,30.580208,2025-04-12,16.0
39.1119999999946,29.706135,2025-04-13,16.0
21.38799999999901,27.966549,2025-04-14,16.0
24.62000000000262,29.9514,2025-04-15,16.0
36.47200000000157,29.2597,2025-04-16,16.0
28.8119999999989,28.533516,2025-04-17,16.0
26.97200000000157,27.746,2025-04-18,16.0
13.027999999998428,27.675343,2025-04-19,16.0
30.8228000000005,27.160538,2025-04-20,16.0
33.5480000000025,24.6938,2025-04-21,16.0
21.10800000000017,25.573174,2025-04-22,16.0
25.851999999999,28.034538,2025-04-23,16.0
21.70799999999872,27.958826,2025-04-24,16.0
20.703999999997905,25.920809,2025-04-25,16.0
25.70799999999872,24.649687,2025-04-26,16.0
33.92000000000553,23.79844,2025-04-27,16.0
19.57999999999447,23.432201,2025-04-28,16.0
21.080000000001743,25.558338,2025-04-29,16.0
26.37999999999738,25.633936,2025-04-30,16.0
11.6280000000042,24.830482,2025-05-01,16.0
4.572000000000116,24.066782,2025-05-02,16.0
32.2109999999995,21.85604,2025-05-03,16.0
23.76799999999639,19.501476,2025-05-04,16.0
25.9000000000011,20.781408,2025-05-05,16.0
20.419999999998254,21.423367,2025-05-06,16.0
22.728000000002798,22.619865,2025-05-07,16.0
17.97200000000157,22.481653,2025-05-08,16.0
18.50800000000163,21.427998,2025-05-09,16.0
19.471999999994296,20.494259,2025-05-10,16.0
22.00800000000163,19.792112,2025-05-11,16.0
16.4280000000023,19.133762,2025-05-12,16.0
10.9320000000007,19.43576,2025-05-13,16.0
22.860000000000586,19.42575,2025-05-14,16.0
17.847999999998137,18.14257,2025-05-15,16.0
19.2109999999995,18.577726,2025-05-16,16.0
13.091999999996917,18.37901,2025-05-17,16.0
8.668000000005122,17.708363,2025-05-18,16.0
19.091999999996915,16.094515,2025-05-19,16.0
10.12800000000425,14.707419,2025-05-20,16.0
24.487999999997555,16.140873,2025-05-21,16.0
9.72000000000106,15.480456,2025-05-22,16.0
8.131999999997788,15.599743,2025-05-23,16.0
24.720000000001164,14.462612,2025-05-24,16.0
8.28000000000146,13.600697,2025-05-25,16.0
9.5,14.931776,2025-05-26,16.0
5.31099999999808,14.740394,2025-05-27,16.0
13.760000000002035,14.735167,2025-05-28,16.0
17.648000000001048,13.670136,2025-05-29,16.0
7.871999999995751,12.538806,2025-05-30,16.0
12.00800000000163,12.402858,2025-05-31,16.0
8.391999999999825,11.573203,2025-06-01,16.0
9.11999999999622,11.408298,2025-06-02,16.0
12.888000000006286,11.153014,2025-06-03,16.0
25.247999999999596,11.109839,2025-06-04,16.0
14.67199999999866,11.076196,2025-06-05,16.0
14.9109999999966,13.012995,2025-06-06,16.0
10.096000000005,13.541207,2025-06-07,16.0
14.5028000000008,13.310514,2025-06-08,16.0
10.2879999999932,12.626165,2025-06-09,16.0
5.28800000000309,13.148223,2025-06-10,16.0
21.55200000000332,13.433947,2025-06-11,16.0
1.7919999999940046,12.705562,2025-06-12,16.0
10.3919999999962,13.000748,2025-06-13,16.0
16.1199999999999,11.664439,2025-06-14,16.0
10.4480000000003,11.369621,2025-06-15,16.0
10.223999999994705,11.846563,2025-06-16,16.0
4.200000000000728,6.1861835,2024-09-18,17.0
7.180000000000291,6.4734387,2024-09-19,17.0
17.139999999999418,6.0554075,2024-09-20,17.0
7.520000000000437,6.244847,2024-09-21,17.0
10.7600000000002,7.865062,2024-09-22,17.0
5.190000000000509,7.5666494,2024-09-23,17.0
7.969999999999345,8.159387,2024-09-24,17.0
12.299999999999272,8.503926,2024-09-25,17.0
5.510000000000218,8.7719,2024-09-26,17.0
3.9099999999998554,8.799128,2024-09-27,17.0
10.4200000000001,8.168905,2024-09-28,17.0
8.880000000001019,8.013444,2024-09-29,17.0
8.789999999999054,7.8747373,2024-09-30,17.0
7.350000000000364,8.234698,2024-10-01,17.0
7.59000000000011,9.110525,2024-10-02,17.0
4.75,9.58982,2024-10-03,17.0
10.8099999999995,9.455137,2024-10-04,17.0
8.030000000000655,8.552055,2024-10-05,17.0
9.05999999999949,8.856432,2024-10-06,17.0
9.229999999999563,8.377896,2024-10-07,17.0
8.350000000000364,8.650482,2024-10-08,17.0
10.239999999999782,9.24244,2024-10-09,17.0
9.75,9.293554,2024-10-10,17.0
2.600000000000364,9.26641,2024-10-11,17.0
9.719999999999343,9.284821,2024-10-12,17.0
9.59000000000011,8.57518,2024-10-13,17.0
4.530000000000655,8.535928,2024-10-14,17.0
2.180000000000291,8.874564,2024-10-15,17.0
16.329999999999927,8.805621,2024-10-16,17.0
5.520000000000437,8.297992,2024-10-17,17.0
13.719999999999343,9.3741665,2024-10-18,17.0
16.1200000000008,9.167621,2024-10-19,17.0
2.679999999998472,9.7365675,2024-10-20,17.0
10.710000000000946,10.949668,2024-10-21,17.0
10.0499999999993,10.42533,2024-10-22,17.0
9.63000000000102,10.728071,2024-10-23,17.0
9.670000000000073,10.806936,2024-10-24,17.0
2.0100000000002183,10.039175,2024-10-25,17.0
10.889999999999418,10.020845,2024-10-26,17.0
9.579999999999927,9.434505,2024-10-27,17.0
9.55999999999949,9.158944,2024-10-28,17.0
9.260000000000218,9.423857,2024-10-29,17.0
9.02800000000087,10.389191,2024-10-30,17.0
12.549999999999272,10.647425,2024-10-31,17.0
2.2600000000002183,10.4420185,2024-11-01,17.0
9.569999999999707,10.667704,2024-11-02,17.0
10.2700000000004,9.800358,2024-11-03,17.0
9.329999999999927,9.930412,2024-11-04,17.0
10.2299999999996,9.900181,2024-11-05,17.0
10.2800000000007,10.180693,2024-11-06,17.0
2.1299999999992,10.497288,2024-11-07,17.0
2.360000000000582,9.800786,2024-11-08,17.0
11.75,9.530355,2024-11-09,17.0
12.139999999999418,8.992765,2024-11-10,17.0
10.19000000000051,9.20491,2024-11-11,17.0
12.699999999998909,9.785189,2024-11-12,17.0
9.710000000000946,10.691073,2024-11-13,17.0
10.180000000000293,11.563103,2024-11-14,17.0
3.289999999999054,11.228682,2024-11-15,17.0
9.62800000000124,11.142742,2024-11-16,17.0
5.449999999998909,10.701709,2024-11-17,17.0
12.760000000000218,10.044558,2024-11-18,17.0
12.460000000000946,9.833448,2024-11-19,17.0
12.229999999999563,10.794247,2024-11-20,17.0
7.75,11.337704,2024-11-21,17.0
10.2299999999995,11.581523,2024-11-22,17.0
10.6533333333336,11.70133,2024-11-23,17.0
9.619999999999589,11.753565,2024-11-24,17.0
10.760000000000218,11.651703,2024-11-25,17.0
12.129999999999804,11.714636,2024-11-26,17.0
10.0733333333337,11.939613,2024-11-27,17.0
8.11249999999969,12.521641,2024-11-28,17.0
4.52599999999984,11.875748,2024-11-29,17.0
8.02500000000001,11.791059,2024-11-30,17.0
10.8700000000008,11.1962185,2024-12-01,17.0
10.169999999998254,10.816526,2024-12-02,17.0
13.19000000000051,11.209511,2024-12-03,17.0
12.430000000000293,11.787533,2024-12-04,17.0
1.610000000000582,12.370242,2024-12-05,17.0
11.8280000000001,12.218266,2024-12-06,17.0
16.26000000000022,11.297571,2024-12-07,17.0
11.1999999999989,11.349045,2024-12-08,17.0
8.800000000001091,12.474878,2024-12-09,17.0
14.729999999999563,12.864323,2024-12-10,17.0
13.090000000000146,12.980889,2024-12-11,17.0
12.609999999998765,13.43347,2024-12-12,17.0
10.38000000000102,13.025446,2024-12-13,17.0
10.7099999999991,12.826803,2024-12-14,17.0
9.52800000000087,12.65214,2024-12-15,17.0
14.659999999999854,12.632492,2024-12-16,17.0
9.280000000000657,12.825717,2024-12-17,17.0
22.049999999999272,14.055086,2024-12-18,17.0
10.430000000000293,14.260123,2024-12-19,17.0
8.109999999998763,15.642493,2024-12-20,17.0
10.1280000000012,15.470917,2024-12-21,17.0
11.0200000000004,15.039856,2024-12-22,17.0
2.0799999999999272,14.5621805,2024-12-23,17.0
10.779999999998836,14.460742,2024-12-24,17.0
18.65999999999985,13.988939,2024-12-25,17.0
12.909999999999854,13.843061,2024-12-26,17.0
13.930000000000293,13.522873,2024-12-27,17.0
9.930000000000293,14.063839,2024-12-28,17.0
9.389999999999418,14.511093,2024-12-29,17.0
21.090000000000146,14.276145,2024-12-30,17.0
14.770000000000437,13.909237,2024-12-31,17.0
18.1199999999999,15.864483,2025-01-01,17.0
11.1499999999996,15.259754,2025-01-02,17.0
18.360000000000586,14.787926,2025-01-03,17.0
10.6000000000004,14.280539,2025-01-04,17.0
14.3799999999992,14.815445,2025-01-05,17.0
13.989999999999782,14.003807,2025-01-06,17.0
9.850000000000364,14.499841,2025-01-07,17.0
13.639999999999418,14.723299,2025-01-08,17.0
17.8200000000011,14.061958,2025-01-09,17.0
5.819999999999709,12.681604,2025-01-10,17.0
10.6599999999999,13.410706,2025-01-11,17.0
11.7700000000004,12.915395,2025-01-12,17.0
8.739999999999782,13.001442,2025-01-13,17.0
0.5499999999992724,12.527924,2025-01-14,17.0
11.75,12.679823,2025-01-15,17.0
12.300000000001,11.607296,2025-01-16,17.0
12.819999999999707,11.379821,2025-01-17,17.0
11.8799999999992,11.416873,2025-01-18,17.0
13.13000000000102,12.336898,2025-01-19,17.0
1.5799999999999272,11.467644,2025-01-20,17.0
16.5,11.154781,2025-01-21,17.0
17.2599999999985,11.317713,2025-01-22,17.0
10.0900000000001,12.39584,2025-01-23,17.0
12.780000000000657,10.593521,2025-01-24,17.0
11.9300000000003,10.722465,2025-01-25,17.0
14.789999999999054,11.521086,2025-01-26,17.0
13.4280000000005,12.123198,2025-01-27,17.0
14.670000000001892,12.670955,2025-01-28,17.0
10.7899999999972,13.677782,2025-01-29,17.0
12.960000000002765,14.033859,2025-01-30,17.0
7.419999999998254,13.998297,2025-01-31,17.0
9.4900000000016,13.833571,2025-02-01,17.0
17.7699999999968,13.026364,2025-02-02,17.0
8.460000000002765,12.050517,2025-02-03,17.0
17.279999999998836,13.343524,2025-02-04,17.0
14.849999999998545,13.218323,2025-02-05,17.0
2.7280000000016,13.795359,2025-02-06,17.0
11.0999999999985,13.530177,2025-02-07,17.0
18.460000000002765,13.227765,2025-02-08,17.0
16.969999999997526,13.59614,2025-02-09,17.0
12.9280000000023,13.71645,2025-02-10,17.0
11.4499999999971,13.461203,2025-02-11,17.0
14.5280000000009,13.943861,2025-02-12,17.0
16.010000000002037,14.141567,2025-02-13,17.0
8.399999999997817,13.714597,2025-02-14,17.0
12.580000000001746,13.527909,2025-02-15,17.0
10.1499999999978,13.532568,2025-02-16,17.0
13.950000000000728,12.678097,2025-02-17,17.0
3.82800000000011,13.152062,2025-02-18,17.0
14.799999999999272,13.058584,2025-02-19,17.0
0.8100000000013097,11.429092,2025-02-20,17.0
0.828000000000146,11.320818,2025-02-21,17.0
16.2899999999999,11.158898,2025-02-22,17.0
19.32999999999811,10.1607,2025-02-23,17.0
14.360000000000582,9.850983,2025-02-24,17.0
16.30000000000291,11.277117,2025-02-25,17.0
13.799999999999272,12.429674,2025-02-26,17.0
0.7599999999983993,13.37022,2025-02-27,17.0
12.190000000002328,12.7087345,2025-02-28,17.0
12.37999999999738,11.428513,2025-03-01,17.0
16.25,11.15321,2025-03-02,17.0
13.1000000000006,10.925763,2025-03-03,17.0
0.8800000000010186,11.457943,2025-03-04,17.0
14.700000000000728,12.190979,2025-03-05,17.0
8.869999999998981,11.089826,2025-03-06,17.0
6.669999999998254,11.601742,2025-03-07,17.0
7.920000000001892,11.810959,2025-03-08,17.0
10.1000000000006,11.4155655,2025-03-09,17.0
0.9899999999979628,10.561537,2025-03-10,17.0
0.7700000000004366,10.13979,2025-03-11,17.0
13.5,8.73288,2025-03-12,17.0
8.31000000000131,7.8439612,2025-03-13,17.0
5.279999999998836,8.765115,2025-03-14,17.0
1.2299999999995634,9.152231,2025-03-15,17.0
5.799999999999272,9.330935,2025-03-16,17.0
5.97000000000106,8.535074,2025-03-17,17.0
2.59000000000011,7.3891196,2025-03-18,17.0
1.139999999999418,7.323418,2025-03-19,17.0
10.720000000001164,6.5356307,2025-03-20,17.0
1.3100000000013097,5.0954585,2025-03-21,17.0
9.0199999999968,6.5506644,2025-03-22,17.0
6.81000000000131,6.9569883,2025-03-23,17.0
6.319999999999709,5.8900785,2025-03-24,17.0
3.75,6.492872,2025-03-25,17.0
6.299999999999272,7.182162,2025-03-26,17.0
2.950000000000728,6.902929,2025-03-27,17.0
10.5280000000009,6.3706,2025-03-28,17.0
1.2799999999988358,6.9146743,2025-03-29,17.0
6.59000000000011,7.404315,2025-03-30,17.0
1.860000000000582,6.3941455,2025-03-31,17.0
5.369999999998981,6.2202764,2025-04-01,17.0
1.2299999999995634,6.188927,2025-04-02,17.0
4.870000000002619,6.133407,2025-04-03,17.0
1.1299999999973809,5.134273,2025-04-04,17.0
5.069999999999709,6.0788026,2025-04-05,17.0
1.3100000000013097,6.1180105,2025-04-06,17.0
1.2900000000008731,5.858476,2025-04-07,17.0
1.2299999999995634,5.6150846,2025-04-08,17.0
6.790000000000873,5.4161277,2025-04-09,17.0
1.9099999999998545,5.2210536,2025-04-10,17.0
1.2900000000008731,5.2087445,2025-04-11,17.0
9.2599999999984,5.8122487,2025-04-12,17.0
12.659999999999854,5.980134,2025-04-13,17.0
1.4399999999986903,5.894313,2025-04-14,17.0
1.02800000000087,6.808658,2025-04-15,17.0
13.200000000000728,6.34187,2025-04-16,17.0
1.430000000000291,5.9684596,2025-04-17,17.0
1.1499999999978172,6.156389,2025-04-18,17.0
6.630000000001019,5.721679,2025-04-19,17.0
1.7280000000016,5.540684,2025-04-20,17.0
6.25999999999854,5.5833664,2025-04-21,17.0
1.92800000000233,5.518032,2025-04-22,17.0
6.639999999999418,5.857739,2025-04-23,17.0
4.529999999998836,5.4482093,2025-04-24,17.0
4.259999999998399,5.7385917,2025-04-25,17.0
5.380000000001019,5.975353,2025-04-26,17.0
7.11999999999985,6.201886,2025-04-27,17.0
2.0,5.56492,2025-04-28,17.0
4.909999999999855,6.0058904,2025-04-29,17.0
10.200000000000728,6.2824893,2025-04-30,17.0
4.81000000000131,6.140078,2025-05-01,17.0
4.459999999999127,6.56527,2025-05-02,17.0
6.700000000000728,6.8071294,2025-05-03,17.0
9.0099999999984,6.3983555,2025-05-04,17.0
3.630000000001018,6.0180125,2025-05-05,17.0
8.419999999998254,6.4041433,2025-05-06,17.0
5.31000000000131,6.523854,2025-05-07,17.0
4.93999999999869,6.705208,2025-05-08,17.0
10.600000000002185,5.916081,2025-05-09,17.0
4.919999999998254,6.2359447,2025-05-10,17.0
6.690000000002328,7.132239,2025-05-11,17.0
10.43999999999869,6.7135477,2025-05-12,17.0
4.25000000000011,6.877956,2025-05-13,17.0
5.209999999999127,7.613122,2025-05-14,17.0
4.10999999999898,7.1547236,2025-05-15,17.0
10.420000000001892,6.852484,2025-05-16,17.0
4.10000000000058,6.660215,2025-05-17,17.0
5.369999999998981,7.2168756,2025-05-18,17.0
4.43999999999869,6.050532,2025-05-19,17.0
8.610000000000582,5.9145765,2025-05-20,17.0
8.549999999999272,6.231688,2025-05-21,17.0
5.780000000002474,6.585732,2025-05-22,17.0
6.799999999999272,6.2007155,2025-05-23,17.0
5.900000000001455,6.007961,2025-05-24,17.0
7.519999999996799,6.693482,2025-05-25,17.0
5.230000000003201,6.418789,2025-05-26,17.0
2.75,6.801632,2025-05-27,17.0
6.25000000000011,7.0582643,2025-05-28,17.0
5.779999999998836,6.9220347,2025-05-29,17.0
4.559999999997672,6.5651298,2025-05-30,17.0
4.09000000000011,6.3147635,2025-05-31,17.0
2.5800000000017462,6.3624434,2025-06-01,17.0
6.029999999998836,5.744314,2025-06-02,17.0
6.06000000000131,5.8131356,2025-06-03,17.0
6.28000000000146,5.7730513,2025-06-04,17.0
4.779999999998836,5.808121,2025-06-05,17.0
5.3299999999981,5.6210604,2025-06-06,17.0
5.420000000001892,5.5932155,2025-06-07,17.0
6.369999999998981,6.1581817,2025-06-08,17.0
4.799999999999272,5.6732473,2025-06-09,17.0
6.81000000000131,5.964384,2025-06-10,17.0
7.22000000000106,6.2091284,2025-06-11,17.0
4.849999999998545,6.519605,2025-06-12,17.0
7.900000000001455,6.2859797,2025-06-13,17.0
7.75,6.056738,2025-06-14,17.0
4.719999999997526,6.661218,2025-06-15,17.0
6.22599999999876,6.554635,2025-06-16,17.0
6.9760000000023865,9.833273,2024-09-18,18.0
11.2628000000029,9.87976,2024-09-19,18.0
11.7200000000012,9.371458,2024-09-20,18.0
20.359999999993303,9.325359,2024-09-21,18.0
12.376000000003842,9.788905,2024-09-22,18.0
7.432000000000698,10.999247,2024-09-23,18.0
6.752000000000408,12.10116,2024-09-24,18.0
12.799999999995634,11.972203,2024-09-25,18.0
3.32800000000125,11.725243,2024-09-26,18.0
16.599999999998545,11.352876,2024-09-27,18.0
20.728000000002798,10.145626,2024-09-28,18.0
17.9320000000007,10.650947,2024-09-29,18.0
10.5080000000016,12.125311,2024-09-30,18.0
22.55199999999604,13.616595,2024-10-01,18.0
13.2500000000038,14.47175,2024-10-02,18.0
4.027999999998428,16.48633,2024-10-03,18.0
13.61200000000099,16.364769,2024-10-04,18.0
22.0679999999993,14.011032,2024-10-05,18.0
22.102000000001,13.281478,2024-10-06,18.0
20.75999999999476,14.370798,2024-10-07,18.0
18.080000000001743,16.34243,2024-10-08,18.0
18.768000000003667,17.961847,2024-10-09,18.0
7.19199999999546,18.625137,2024-10-10,18.0
7.100000000005821,18.857006,2024-10-11,18.0
26.1079999999929,16.611286,2024-10-12,18.0
19.53200000000652,14.870091,2024-10-13,18.0
17.0679999999993,16.284079,2024-10-14,18.0
17.182800000001,17.712183,2024-10-15,18.0
19.867999999994936,18.138866,2024-10-16,18.0
3.092000000004191,18.439922,2024-10-17,18.0
14.479999999995924,18.9668,2024-10-18,18.0
13.880000000004657,16.75848,2024-10-19,18.0
9.687999999994643,16.014006,2024-10-20,18.0
25.77999999999884,15.497538,2024-10-21,18.0
10.0280000000009,14.691977,2024-10-22,18.0
7.880000000004657,16.951864,2024-10-23,18.0
19.5199999999968,16.66512,2024-10-24,18.0
17.0280000000009,15.488836,2024-10-25,18.0
11.1319999999978,15.766924,2024-10-26,18.0
11.096000000005,15.71936,2024-10-27,18.0
17.051999999996042,14.655243,2024-10-28,18.0
12.132000000005064,14.097125,2024-10-29,18.0
13.827999999994065,15.336704,2024-10-30,18.0
9.860000000000582,15.624102,2024-10-31,18.0
10.4280000000023,15.250128,2024-11-01,18.0
23.167999999997846,14.517001,2024-11-02,18.0
23.59200000000419,14.212572,2024-11-03,18.0
18.9109999999966,15.964851,2024-11-04,18.0
17.807999999997264,17.254223,2024-11-05,18.0
18.20000000000437,18.452023,2024-11-06,18.0
13.919999999998254,19.179634,2024-11-07,18.0
10.239999999997965,18.158962,2024-11-08,18.0
11.4200000000055,16.953491,2024-11-09,18.0
4.639999999999418,16.031885,2024-11-10,18.0
16.439999999995052,15.368767,2024-11-11,18.0
23.080000000001743,13.95747,2024-11-12,18.0
17.468000000000757,15.276038,2024-11-13,18.0
14.982800000004,17.576,2024-11-14,18.0
17.535999999992782,18.208506,2024-11-15,18.0
18.03200000000652,17.72763,2024-11-16,18.0
11.3399999999965,17.873573,2024-11-17,18.0
10.6200000000026,17.352718,2024-11-18,18.0
16.139999999999418,16.591293,2024-11-19,18.0
12.531999999999243,16.555073,2024-11-20,18.0
2.559999999997672,16.880178,2024-11-21,18.0
13.927999999999884,15.741257,2024-11-22,18.0
19.632000000005064,14.317731,2024-11-23,18.0
21.4959999999991,14.459529,2024-11-24,18.0
23.2611505566741,15.893751,2024-11-25,18.0
22.0699756484817,17.289833,2024-11-26,18.0
23.1142857329166,18.861145,2024-11-27,18.0
17.1093638995568,20.259335,2024-11-28,18.0
20.2675772250941,20.789452,2024-11-29,18.0
14.663999999997,19.865677,2024-11-30,18.0
32.88799999999901,19.888393,2024-12-01,18.0
18.5280000000009,19.003048,2024-12-02,18.0
31.9280000000023,22.065762,2024-12-03,18.0
27.0280000000009,22.913292,2024-12-04,18.0
23.31999999999971,24.90322,2024-12-05,18.0
12.37999999999738,25.380426,2024-12-06,18.0
16.652000000001863,24.861612,2024-12-07,18.0
9.987999999997555,23.347284,2024-12-08,18.0
9.252000000000407,22.616646,2024-12-09,18.0
23.296000000002092,21.129955,2024-12-10,18.0
26.87199999999575,20.12922,2024-12-11,18.0
3.0720000000001164,21.007074,2024-12-12,18.0
11.5360000000001,21.364162,2024-12-13,18.0
20.9028000000023,19.06622,2024-12-14,18.0
22.94799999999668,18.314116,2024-12-15,18.0
19.172000000005937,18.634403,2024-12-16,18.0
20.847999999998137,19.976257,2024-12-17,18.0
11.9519999999975,20.702223,2024-12-18,18.0
17.976000000002387,21.751192,2024-12-19,18.0
27.639999999999414,19.931553,2024-12-20,18.0
16.639999999999418,19.359898,2024-12-21,18.0
25.73200000000361,20.811935,2024-12-22,18.0
21.891999999999825,20.934551,2024-12-23,18.0
18.288000000000466,22.386993,2024-12-24,18.0
22.631999999997788,23.780865,2024-12-25,18.0
19.68800000000192,22.999554,2024-12-26,18.0
8.239999999997963,22.102247,2024-12-27,18.0
20.0,21.957012,2024-12-28,18.0
33.4280000000023,20.939983,2024-12-29,18.0
23.39999999999418,20.711798,2024-12-30,18.0
12.80800000000454,23.14755,2024-12-31,18.0
19.231999999996333,24.171604,2025-01-01,18.0
2.599999999998545,23.022163,2025-01-02,18.0
10.0280000000009,21.907276,2025-01-03,18.0
21.76000000000204,19.070091,2025-01-04,18.0
29.807999999997264,18.022858,2025-01-05,18.0
26.360000000000586,17.96481,2025-01-06,18.0
13.192000000002736,19.50954,2025-01-07,18.0
24.52799999999843,20.985928,2025-01-08,18.0
10.760000000002,20.221663,2025-01-09,18.0
33.61200000000099,19.908943,2025-01-10,18.0
17.299999999995634,18.877327,2025-01-11,18.0
24.48800000000483,21.010578,2025-01-12,18.0
21.023999999997613,20.156242,2025-01-13,18.0
25.4280000000023,20.520199,2025-01-14,18.0
25.127999999997,21.807896,2025-01-15,18.0
25.05999999999767,23.051197,2025-01-16,18.0
9.468000000000757,23.731365,2025-01-17,18.0
25.59200000000419,23.778976,2025-01-18,18.0
16.220000000001164,22.454437,2025-01-19,18.0
29.091999999996915,21.710018,2025-01-20,18.0
10.88799999999901,20.359821,2025-01-21,18.0
17.700000000004366,22.939226,2025-01-22,18.0
12.739999999997965,21.884052,2025-01-23,18.0
31.102000000001,19.7781,2025-01-24,18.0
10.655999999995402,17.755623,2025-01-25,18.0
25.97200000000157,19.828003,2025-01-26,18.0
23.10800000000017,19.205566,2025-01-27,18.0
25.463999999999945,20.439098,2025-01-28,18.0
16.616000000001804,21.607735,2025-01-29,18.0
3.371999999995751,22.796967,2025-01-30,18.0
5.900000000001455,21.922955,2025-01-31,18.0
13.639999999999418,19.887009,2025-02-01,18.0
11.351999999999,18.032398,2025-02-02,18.0
10.8680000000022,17.442207,2025-02-03,18.0
16.9800000000032,15.504036,2025-02-04,18.0
13.5,15.669052,2025-02-05,18.0
31.099999999998545,16.307215,2025-02-06,18.0
21.5,15.951454,2025-02-07,18.0
27.839999999996508,17.79892,2025-02-08,18.0
6.548000000002503,19.233791,2025-02-09,18.0
13.080000000001746,20.162418,2025-02-10,18.0
23.583999999995285,17.843363,2025-02-11,18.0
14.50800000000163,17.542543,2025-02-12,18.0
12.319999999999707,18.224297,2025-02-13,18.0
25.02799999999843,17.00747,2025-02-14,18.0
12.61200000000099,16.439217,2025-02-15,18.0
17.260000000002037,17.912174,2025-02-16,18.0
2.82800000000378,17.23365,2025-02-17,18.0
25.3999999999942,18.001125,2025-02-18,18.0
12.2800000000011,16.444809,2025-02-19,18.0
2.180000000000291,18.24686,2025-02-20,18.0
6.987999999997555,15.753457,2025-02-21,18.0
27.73200000000361,14.117918,2025-02-22,18.0
13.680000000000293,12.824112,2025-02-23,18.0
20.419999999998254,14.569889,2025-02-24,18.0
23.5,15.122611,2025-02-25,18.0
11.2280000000028,16.031496,2025-02-26,18.0
12.903999999994994,17.810154,2025-02-27,18.0
4.62800000000669,16.853395,2025-02-28,18.0
24.5679999999993,15.479817,2025-03-01,18.0
11.6719999999987,14.043392,2025-03-02,18.0
13.907999999995807,14.596134,2025-03-03,18.0
11.0600000000049,15.130537,2025-03-04,18.0
21.951999999997497,14.532114,2025-03-05,18.0
2.360000000000582,14.574568,2025-03-06,18.0
11.9479999999967,15.687523,2025-03-07,18.0
13.427999999999884,14.696247,2025-03-08,18.0
20.0,14.014896,2025-03-09,18.0
21.4280000000023,13.928542,2025-03-10,18.0
10.9428000000031,14.413761,2025-03-11,18.0
12.935999999994236,14.878079,2025-03-12,18.0
2.33200000000211,14.936424,2025-03-13,18.0
2.4120000000039,14.357124,2025-03-14,18.0
14.735999999997148,13.307501,2025-03-15,18.0
14.87999999999738,12.128515,2025-03-16,18.0
10.8628000000014,12.649267,2025-03-17,18.0
16.256000000001222,12.218255,2025-03-18,18.0
9.10200000000099,12.007417,2025-03-19,18.0
4.959999999999127,12.392514,2025-03-20,18.0
18.832000000002157,11.95232,2025-03-21,18.0
17.9360000000011,11.624343,2025-03-22,18.0
14.039999999993595,12.7993145,2025-03-23,18.0
16.8628000000014,12.338261,2025-03-24,18.0
21.16000000000349,12.746728,2025-03-25,18.0
9.288000000000466,13.955091,2025-03-26,18.0
10.807999999997264,15.562035,2025-03-27,18.0
27.652000000001863,14.696243,2025-03-28,18.0
6.11999999999622,14.345047,2025-03-29,18.0
3.22000000000106,15.6431465,2025-03-30,18.0
2.52000000000287,13.770809,2025-03-31,18.0
12.979999999995924,12.664629,2025-04-01,18.0
19.05999999999767,11.842911,2025-04-02,18.0
2.52800000000087,11.568907,2025-04-03,18.0
13.62800000000425,12.722141,2025-04-04,18.0
20.252000000000407,12.110407,2025-04-05,18.0
14.680000000000293,11.938122,2025-04-06,18.0
10.0,13.151429,2025-04-07,18.0
13.788000000000466,13.695662,2025-04-08,18.0
4.19199999999546,12.86368,2025-04-09,18.0
7.272000000004482,13.147168,2025-04-10,18.0
5.695999999996275,11.575393,2025-04-11,18.0
20.10399999999936,10.768011,2025-04-12,18.0
11.8680000000022,10.416136,2025-04-13,18.0
12.459999999999129,11.648975,2025-04-14,18.0
12.832000000002154,12.425645,2025-04-15,18.0
19.127999999996973,12.749693,2025-04-16,18.0
10.1399999999994,12.564924,2025-04-17,18.0
6.188000000001921,12.93516,2025-04-18,18.0
12.29200000000128,12.201921,2025-04-19,18.0
10.0109999999952,11.048274,2025-04-20,18.0
16.908000000003085,10.693672,2025-04-21,18.0
10.0919999999969,10.803345,2025-04-22,18.0
13.12000000000262,11.614399,2025-04-23,18.0
10.968000000000757,12.000757,2025-04-24,18.0
12.648000000001048,11.985233,2025-04-25,18.0
16.599999999998545,11.907674,2025-04-26,18.0
12.131999999997788,11.634517,2025-04-27,18.0
9.02000000000287,12.166973,2025-04-28,18.0
24.99199999999837,12.566651,2025-04-29,18.0
23.747999999999596,12.836481,2025-04-30,18.0
9.82800000000125,14.917904,2025-05-01,18.0
10.760000000002035,16.527866,2025-05-02,18.0
13.223999999994705,15.629087,2025-05-03,18.0
30.768000000003667,14.185306,2025-05-04,18.0
18.247999999999596,13.498183,2025-05-05,18.0
10.572000000000116,16.276112,2025-05-06,18.0
20.860000000000586,17.815891,2025-05-07,18.0
9.72000000000106,16.9728,2025-05-08,18.0
12.479999999995924,16.446064,2025-05-09,18.0
26.80800000000454,15.3220825,2025-05-10,18.0
13.19199999999546,14.578064,2025-05-11,18.0
13.580000000001746,16.460472,2025-05-12,18.0
17.747999999999593,16.647587,2025-05-13,18.0
11.9428000000031,16.313963,2025-05-14,18.0
16.047999999995227,16.28847,2025-05-15,18.0
16.351999999998952,15.738852,2025-05-16,18.0
12.548000000002505,15.304984,2025-05-17,18.0
16.9000000000011,15.080572,2025-05-18,18.0
16.968000000000757,13.250168,2025-05-19,18.0
20.57200000000012,13.440806,2025-05-20,18.0
19.37999999999738,15.130402,2025-05-21,18.0
17.1120000000018,16.03867,2025-05-22,18.0
11.2960000000021,15.878679,2025-05-23,18.0
13.072000000000116,15.510082,2025-05-24,18.0
20.19199999999546,14.540186,2025-05-25,18.0
12.919999999998254,14.013592,2025-05-26,18.0
16.427999999999884,15.5457535,2025-05-27,18.0
19.70000000000437,15.876632,2025-05-28,18.0
10.0319999999992,16.475315,2025-05-29,18.0
7.335999999995693,16.219706,2025-05-30,18.0
3.0800000000017462,14.699048,2025-05-31,18.0
9.351999999998952,13.337058,2025-06-01,18.0
13.0280000000009,11.502535,2025-06-02,18.0
12.4800000000032,11.254584,2025-06-03,18.0
23.167999999997846,11.260674,2025-06-04,18.0
14.67199999999866,11.57152,2025-06-05,18.0
7.72000000000106,13.048523,2025-06-06,18.0
3.0800000000017462,13.240541,2025-06-07,18.0
7.048000000002503,12.483488,2025-06-08,18.0
12.98399999999674,10.48654,2025-06-09,18.0
21.919999999998254,10.200418,2025-06-10,18.0
17.760000000002037,10.760849,2025-06-11,18.0
10.4279999999999,12.612215,2025-06-12,18.0
10.160000000003492,13.493455,2025-06-13,18.0
5.307999999997264,12.895145,2025-06-14,18.0
6.451999999997497,12.542687,2025-06-15,18.0
5.879999999997381,11.173629,2025-06-16,18.0
25.12999999999738,19.943228,2024-09-18,19.0
18.720000000001164,23.58529,2024-09-19,19.0
35.95000000000073,23.928375,2024-09-20,19.0
27.31000000000131,22.862175,2024-09-21,19.0
21.679999999996653,24.95921,2024-09-22,19.0
13.1100000000011,25.588001,2024-09-23,19.0
7.18999999999869,24.651257,2024-09-24,19.0
14.0919483981386,23.698,2024-09-25,19.0
11.4796000678895,22.182827,2024-09-26,19.0
14.433362252575,19.302517,2024-09-27,19.0
11.553607862722,16.925348,2024-09-28,19.0
13.7280000000016,16.597214,2024-09-29,19.0
23.7280000000016,15.504187,2024-09-30,19.0
19.93999999999869,15.413509,2024-10-01,19.0
21.169999999998254,17.723923,2024-10-02,19.0
18.81000000000131,19.385832,2024-10-03,19.0
21.590000000000146,20.030254,2024-10-04,19.0
16.470000000001164,18.726395,2024-10-05,19.0
8.5799999999981,18.671371,2024-10-06,19.0
24.65999999999985,17.707327,2024-10-07,19.0
17.909999999999854,16.254765,2024-10-08,19.0
21.080000000001743,18.540487,2024-10-09,19.0
19.31999999999971,19.330872,2024-10-10,19.0
22.5280000000009,19.340406,2024-10-11,19.0
23.5,18.990335,2024-10-12,19.0
24.609999999996944,19.513157,2024-10-13,19.0
17.4280000000023,20.486439,2024-10-14,19.0
18.389999999999414,21.183704,2024-10-15,19.0
22.75,21.534863,2024-10-16,19.0
17.860000000000582,21.599264,2024-10-17,19.0
17.959999999999127,21.150578,2024-10-18,19.0
20.76000000000204,20.18378,2024-10-19,19.0
5.18999999999869,19.945911,2024-10-20,19.0
19.239999999997963,20.55288,2024-10-21,19.0
16.720000000001164,18.52826,2024-10-22,19.0
26.1199999999999,19.312418,2024-10-23,19.0
13.470000000001164,19.718708,2024-10-24,19.0
13.669999999998254,20.234818,2024-10-25,19.0
20.80000000000291,18.975447,2024-10-26,19.0
11.1699999999983,18.094418,2024-10-27,19.0
12.229999999999563,18.13734,2024-10-28,19.0
10.9599999999991,17.037998,2024-10-29,19.0
22.93000000000029,17.078243,2024-10-30,19.0
17.9280000000023,17.045845,2024-10-31,19.0
21.889999999999414,17.542149,2024-11-01,19.0
20.0,17.584156,2024-11-02,19.0
11.2299999999996,18.240866,2024-11-03,19.0
9.31000000000131,19.264538,2024-11-04,19.0
25.590000000000146,18.069683,2024-11-05,19.0
28.25,17.565384,2024-11-06,19.0
13.5099999999984,19.060745,2024-11-07,19.0
19.1000000000006,20.357035,2024-11-08,19.0
18.049999999999272,19.352486,2024-11-09,19.0
14.790000000000871,19.227865,2024-11-10,19.0
17.82999999999811,19.21065,2024-11-11,19.0
12.88000000000102,18.58435,2024-11-12,19.0
24.90999999999985,19.443039,2024-11-13,19.0
14.979999999999563,19.278957,2024-11-14,19.0
23.709999999999127,20.02232,2024-11-15,19.0
13.7300000000032,18.93227,2024-11-16,19.0
26.2699999999968,19.929342,2024-11-17,19.0
20.350000000002183,18.962128,2024-11-18,19.0
12.739999999997965,20.684254,2024-11-19,19.0
25.850000000002183,21.680912,2024-11-20,19.0
13.549999999999272,20.761717,2024-11-21,19.0
23.32999999999811,21.41663,2024-11-22,19.0
21.3700000000026,20.131474,2024-11-23,19.0
16.8831893973929,20.78676,2024-11-24,19.0
16.6165086645107,21.130814,2024-11-25,19.0
11.2879696610285,20.856266,2024-11-26,19.0
17.1077100532598,21.317856,2024-11-27,19.0
14.6686235646867,20.667896,2024-11-28,19.0
11.2353068229517,19.84288,2024-11-29,19.0
19.2809999999998,18.707172,2024-11-30,19.0
24.459999999999127,18.142641,2024-12-01,19.0
25.56000000000131,17.8434,2024-12-02,19.0
14.5280000000009,19.529766,2024-12-03,19.0
23.720000000001164,21.966269,2024-12-04,19.0
17.429999999996653,21.578892,2024-12-05,19.0
24.280000000002477,21.550526,2024-12-06,19.0
12.989999999997965,20.503838,2024-12-07,19.0
21.090000000000146,20.839836,2024-12-08,19.0
14.930000000000293,20.04758,2024-12-09,19.0
13.690000000002328,20.516315,2024-12-10,19.0
20.109999999996944,21.03815,2024-12-11,19.0
17.0280000000009,20.564219,2024-12-12,19.0
11.0600000000013,19.811222,2024-12-13,19.0
28.2500000000001,19.311108,2024-12-14,19.0
13.86999999999898,18.417747,2024-12-15,19.0
10.959999999999129,20.105768,2024-12-16,19.0
19.62000000000262,19.705494,2024-12-17,19.0
31.609999999996944,19.913708,2024-12-18,19.0
20.7300000000032,20.952042,2024-12-19,19.0
11.989999999998,22.336107,2024-12-20,19.0
30.970000000001164,22.053738,2024-12-21,19.0
16.739999999997963,21.3533,2024-12-22,19.0
19.5,23.34513,2024-12-23,19.0
23.12000000000262,22.904804,2024-12-24,19.0
24.19999999999709,23.549137,2024-12-25,19.0
29.090000000000146,24.120134,2024-12-26,19.0
10.010000000002035,22.62283,2024-12-27,19.0
19.52000000000044,23.765047,2024-12-28,19.0
16.07999999999811,22.304874,2024-12-29,19.0
27.61999999999898,22.334616,2024-12-30,19.0
17.8280000000001,22.193342,2024-12-31,19.0
29.31000000000131,23.859447,2025-01-01,19.0
24.729999999999563,23.08293,2025-01-02,19.0
23.19000000000233,22.825642,2025-01-03,19.0
19.979999999999563,23.020535,2025-01-04,19.0
22.1199999999999,22.539093,2025-01-05,19.0
13.709999999999129,22.230804,2025-01-06,19.0
25.849999999998545,22.339334,2025-01-07,19.0
24.030000000002477,21.52204,2025-01-08,19.0
22.5,22.82399,2025-01-09,19.0
20.2500000000001,20.915636,2025-01-10,19.0
14.590000000000146,21.307049,2025-01-11,19.0
24.090000000000146,21.341064,2025-01-12,19.0
19.65999999999985,20.699423,2025-01-13,19.0
24.43000000000029,21.038147,2025-01-14,19.0
19.80999999999767,21.924326,2025-01-15,19.0
21.830000000001743,23.221596,2025-01-16,19.0
26.0099999999984,22.096619,2025-01-17,19.0
25.2800000000011,21.54264,2025-01-18,19.0
21.77000000000044,22.703533,2025-01-19,19.0
16.239999999997963,22.280697,2025-01-20,19.0
33.42000000000189,22.29309,2025-01-21,19.0
24.399999999997817,22.474907,2025-01-22,19.0
14.510000000002035,24.760544,2025-01-23,19.0
21.149999999997817,22.459501,2025-01-24,19.0
20.850000000002183,20.625828,2025-01-25,19.0
11.7700000000004,21.20644,2025-01-26,19.0
31.549999999999272,21.891731,2025-01-27,19.0
17.419999999998254,20.884487,2025-01-28,19.0
24.360000000000586,23.090984,2025-01-29,19.0
27.330000000001743,23.187151,2025-01-30,19.0
20.919999999998254,23.411383,2025-01-31,19.0
22.4900000000016,23.593346,2025-02-01,19.0
18.52999999999884,22.875605,2025-02-02,19.0
28.0280000000009,22.595928,2025-02-03,19.0
14.899999999997815,22.312876,2025-02-04,19.0
37.6500000000011,23.610268,2025-02-05,19.0
25.109999999999,23.469557,2025-02-06,19.0
21.56000000000131,24.782547,2025-02-07,19.0
23.919999999998254,25.13159,2025-02-08,19.0
24.2280000000016,24.868275,2025-02-09,19.0
18.590000000000146,24.604992,2025-02-10,19.0
25.959999999999127,23.70237,2025-02-11,19.0
28.869999999999,24.372726,2025-02-12,19.0
21.460000000002765,25.467861,2025-02-13,19.0
24.19999999999709,24.718212,2025-02-14,19.0
22.6500000000011,23.580994,2025-02-15,19.0
20.790000000000877,23.764317,2025-02-16,19.0
26.450000000000728,23.893917,2025-02-17,19.0
22.52999999999884,23.940557,2025-02-18,19.0
30.729999999999563,25.075813,2025-02-19,19.0
30.8280000000001,24.521315,2025-02-20,19.0
16.169999999998254,23.780472,2025-02-21,19.0
24.5280000000009,24.624125,2025-02-22,19.0
35.9280000000023,23.346014,2025-02-23,19.0
23.539999999997235,22.644604,2025-02-24,19.0
32.970000000001164,25.351063,2025-02-25,19.0
25.06999999999971,26.240734,2025-02-26,19.0
20.9000000000011,27.641182,2025-02-27,19.0
10.319999999999707,26.326624,2025-02-28,19.0
21.61999999999898,24.866718,2025-03-01,19.0
33.61999999999898,22.780409,2025-03-02,19.0
21.639999999999414,22.640802,2025-03-03,19.0
24.52000000000044,24.37862,2025-03-04,19.0
27.9280000000023,24.442444,2025-03-05,19.0
12.680000000000293,25.193865,2025-03-06,19.0
22.489999999997963,24.894821,2025-03-07,19.0
11.0499999999993,23.200283,2025-03-08,19.0
14.080000000001746,23.067673,2025-03-09,19.0
17.31999999999971,20.838978,2025-03-10,19.0
20.229999999999563,19.352406,2025-03-11,19.0
22.43000000000029,18.532513,2025-03-12,19.0
7.72000000000106,19.36222,2025-03-13,19.0
14.43999999999869,19.481844,2025-03-14,19.0
10.3100000000013,18.164852,2025-03-15,19.0
11.2899999999999,17.935402,2025-03-16,19.0
17.18000000000029,16.709667,2025-03-17,19.0
10.0799999999981,15.313299,2025-03-18,19.0
18.220000000001164,15.102058,2025-03-19,19.0
12.739999999997965,14.636826,2025-03-20,19.0
20.2280000000016,14.32973,2025-03-21,19.0
23.200000000000728,14.126301,2025-03-22,19.0
8.549999999999272,15.211597,2025-03-23,19.0
19.419999999998254,15.650402,2025-03-24,19.0
9.9900000000016,15.356946,2025-03-25,19.0
21.81999999999971,16.560364,2025-03-26,19.0
12.670000000001892,15.871021,2025-03-27,19.0
17.959999999999127,16.167519,2025-03-28,19.0
10.419999999998254,15.7167015,2025-03-29,19.0
6.950000000000728,15.747669,2025-03-30,19.0
14.529999999998836,14.590271,2025-03-31,19.0
3.900000000001455,13.440665,2025-04-01,19.0
10.2999999999993,14.427635,2025-04-02,19.0
6.520000000000437,12.885305,2025-04-03,19.0
13.5280000000009,12.0535145,2025-04-04,19.0
14.599999999998545,11.796907,2025-04-05,19.0
11.1100000000011,11.639252,2025-04-06,19.0
7.09000000000011,12.329588,2025-04-07,19.0
3.97000000000106,12.27443,2025-04-08,19.0
9.37999999999738,12.2098675,2025-04-09,19.0
10.639999999999418,11.121039,2025-04-10,19.0
9.4900000000016,10.142683,2025-04-11,19.0
13.180000000000293,10.623228,2025-04-12,19.0
6.849999999998545,10.798471,2025-04-13,19.0
27.470000000001164,11.075157,2025-04-14,19.0
8.180000000000291,10.482478,2025-04-15,19.0
11.0299999999988,13.614346,2025-04-16,19.0
20.75,13.53445,2025-04-17,19.0
9.52800000000087,12.0516,2025-04-18,19.0
16.209999999999127,12.656382,2025-04-19,19.0
20.61999999999898,12.313183,2025-04-20,19.0
13.2800000000011,12.45527,2025-04-21,19.0
10.389999999999418,13.995577,2025-04-22,19.0
17.69000000000233,14.892429,2025-04-23,19.0
10.2599999999984,14.549067,2025-04-24,19.0
11.109999999999,14.316059,2025-04-25,19.0
17.5,13.859399,2025-04-26,19.0
16.1199999999999,13.276655,2025-04-27,19.0
8.02800000000087,14.139454,2025-04-28,19.0
10.770000000000437,14.237366,2025-04-29,19.0
18.090000000000146,14.353761,2025-04-30,19.0
20.57999999999811,14.559679,2025-05-01,19.0
17.7300000000032,14.341105,2025-05-02,19.0
19.639999999999414,15.324976,2025-05-03,19.0
16.399999999997817,15.128078,2025-05-04,19.0
9.30000000000291,15.104033,2025-05-05,19.0
14.090000000000146,15.720034,2025-05-06,19.0
16.109999999996944,15.494028,2025-05-07,19.0
17.010000000002037,15.167747,2025-05-08,19.0
16.360000000000582,13.972384,2025-05-09,19.0
23.2599999999985,14.548739,2025-05-10,19.0
21.18000000000029,14.704848,2025-05-11,19.0
18.02999999999884,16.028662,2025-05-12,19.0
18.51000000000204,17.382614,2025-05-13,19.0
16.289999999997235,18.004505,2025-05-14,19.0
21.790000000000877,18.331749,2025-05-15,19.0
17.69000000000233,17.414215,2025-05-16,19.0
13.109999999996944,17.370531,2025-05-17,19.0
12.220000000001164,16.918102,2025-05-18,19.0
10.4599999999991,15.395471,2025-05-19,19.0
20.610000000000586,14.963619,2025-05-20,19.0
19.700000000000728,15.248813,2025-05-21,19.0
11.9599999999991,16.339802,2025-05-22,19.0
13.030000000002474,15.989771,2025-05-23,19.0
14.599999999998545,14.996179,2025-05-24,19.0
10.8199999999997,14.50834,2025-05-25,19.0
18.889999999999414,14.221217,2025-05-26,19.0
11.75,14.263522,2025-05-27,19.0
19.470000000001164,15.520868,2025-05-28,19.0
24.18999999999869,15.651604,2025-05-29,19.0
13.930000000000293,15.181093,2025-05-30,19.0
20.8280000000001,15.807285,2025-05-31,19.0
17.5280000000009,15.367597,2025-06-01,19.0
14.739999999997965,15.797821,2025-06-02,19.0
16.5,16.565926,2025-06-03,19.0
23.80000000000291,16.375406,2025-06-04,19.0
22.299999999999272,16.440475,2025-06-05,19.0
18.919999999998254,17.026585,2025-06-06,19.0
19.9900000000016,17.608543,2025-06-07,19.0
22.61999999999898,17.733341,2025-06-08,19.0
22.31000000000131,17.968843,2025-06-09,19.0
19.139999999999414,19.057266,2025-06-10,19.0
21.299999999999272,20.36578,2025-06-11,19.0
27.0,20.78867,2025-06-12,19.0
19.65999999999985,19.902601,2025-06-13,19.0
6.82800000000011,20.412127,2025-06-14,19.0
20.079999999999927,20.197945,2025-06-15,19.0
18.52499999999964,17.651909,2025-06-16,19.0
12.1000000000006,10.892515,2024-09-18,20.0
14.860000000000582,10.449088,2024-09-19,20.0
13.229999999999563,9.985687,2024-09-20,20.0
18.979999999999563,10.80641,2024-09-21,20.0
6.860000000000582,11.147719,2024-09-22,20.0
5.200000000000728,12.053727,2024-09-23,20.0
12.209999999999129,12.133026,2024-09-24,20.0
12.639999999999418,11.892214,2024-09-25,20.0
24.549999999999272,12.5549,2024-09-26,20.0
20.76000000000204,11.622574,2024-09-27,20.0
22.55999999999767,13.302055,2024-09-28,20.0
14.290000000000871,14.80653,2024-09-29,20.0
13.459999999999129,15.795299,2024-09-30,20.0
22.56999999999971,16.13774,2024-10-01,20.0
7.480000000003201,16.865332,2024-10-02,20.0
31.0,18.531498,2024-10-03,20.0
13.209999999999129,16.419302,2024-10-04,20.0
25.360000000000586,18.02429,2024-10-05,20.0
11.2599999999985,17.36184,2024-10-06,20.0
10.639999999999418,18.53247,2024-10-07,20.0
7.930000000000291,17.927193,2024-10-08,20.0
12.389999999999418,17.573198,2024-10-09,20.0
19.970000000001164,17.22948,2024-10-10,20.0
18.88000000000102,15.255845,2024-10-11,20.0
18.7599999999984,15.4385805,2024-10-12,20.0
19.389999999999414,15.586811,2024-10-13,20.0
10.1100000000011,16.344168,2024-10-14,20.0
21.720000000001164,17.366745,2024-10-15,20.0
21.5199999999968,16.896975,2024-10-16,20.0
12.820000000003349,18.56496,2024-10-17,20.0
10.369999999999,18.39972,2024-10-18,20.0
11.7599999999984,17.586,2024-10-19,20.0
12.960000000002765,16.218018,2024-10-20,20.0
7.889999999999418,15.5290165,2024-10-21,20.0
12.87999999999738,15.359776,2024-10-22,20.0
18.960000000002765,15.031411,2024-10-23,20.0
4.239999999997963,15.439511,2024-10-24,20.0
24.080000000001743,15.4760895,2024-10-25,20.0
16.200000000000728,13.978018,2024-10-26,20.0
13.799999999999272,15.09714,2024-10-27,20.0
18.2899999999999,15.26968,2024-10-28,20.0
16.270000000000437,15.482195,2024-10-29,20.0
9.639999999999418,16.431072,2024-10-30,20.0
10.779999999998836,17.11945,2024-10-31,20.0
13.950000000000728,15.922522,2024-11-01,20.0
28.07999999999811,14.649536,2024-11-02,20.0
25.960000000002765,14.895874,2024-11-03,20.0
31.56999999999971,17.238796,2024-11-04,20.0
12.020000000000437,19.628502,2024-11-05,20.0
19.06999999999971,22.68406,2024-11-06,20.0
17.57999999999811,21.668896,2024-11-07,20.0
10.0,20.656557,2024-11-08,20.0
18.52000000000044,19.269062,2024-11-09,20.0
12.020000000000437,17.848562,2024-11-10,20.0
12.2280000000016,17.7452,2024-11-11,20.0
21.62999999999738,16.95054,2024-11-12,20.0
14.290000000000871,17.491985,2024-11-13,20.0
10.109999999999,19.112293,2024-11-14,20.0
11.3899999999994,18.727066,2024-11-15,20.0
9.2300000000032,17.557833,2024-11-16,20.0
19.049999999999272,16.921429,2024-11-17,20.0
14.75,15.307379,2024-11-18,20.0
17.2599999999985,15.327618,2024-11-19,20.0
22.4280000000023,16.398552,2024-11-20,20.0
22.669999999998254,17.169037,2024-11-21,20.0
24.3899999999994,17.87368,2024-11-22,20.0
13.4146824620561,18.8611,2024-11-23,20.0
13.9681864385925,19.9064,2024-11-24,20.0
16.6005794867396,19.201756,2024-11-25,20.0
11.3278002624588,18.969955,2024-11-26,20.0
11.076920381025,19.124203,2024-11-27,20.0
20.0767982511333,18.618214,2024-11-28,20.0
13.5053761709173,17.039856,2024-11-29,20.0
20.6728000000002,17.550953,2024-11-30,20.0
37.38999999999942,17.499199,2024-12-01,20.0
29.0099999999984,17.684967,2024-12-02,20.0
13.260000000002035,22.189354,2024-12-03,20.0
30.2899999999999,25.133446,2024-12-04,20.0
39.63000000000102,24.100039,2024-12-05,20.0
14.69999999999709,24.043152,2024-12-06,20.0
19.1199999999999,25.94766,2024-12-07,20.0
32.210000000002765,24.666117,2024-12-08,20.0
24.25,23.813026,2024-12-09,20.0
24.049999999999272,25.972908,2024-12-10,20.0
19.090000000000146,27.174229,2024-12-11,20.0
29.239999999997963,27.333588,2024-12-12,20.0
17.81999999999971,24.860725,2024-12-13,20.0
16.31000000000131,25.394337,2024-12-14,20.0
25.260000000002,24.458088,2024-12-15,20.0
32.87999999999738,22.965042,2024-12-16,20.0
26.1100000000011,23.683846,2024-12-17,20.0
27.989999999997963,26.990034,2024-12-18,20.0
37.85000000000218,28.264437,2024-12-19,20.0
31.77000000000044,27.08524,2024-12-20,20.0
28.459999999999127,28.657516,2024-12-21,20.0
29.90999999999985,29.607655,2024-12-22,20.0
27.849999999998545,29.692406,2024-12-23,20.0
26.220000000001164,30.328213,2024-12-24,20.0
5.670000000001892,31.720457,2024-12-25,20.0
27.0099999999984,32.132923,2024-12-26,20.0
42.31999999999971,25.840925,2024-12-27,20.0
17.92000000000189,25.819904,2024-12-28,20.0
39.04999999999927,28.847404,2024-12-29,20.0
39.719999999997526,27.691814,2024-12-30,20.0
19.6500000000011,29.143147,2024-12-31,20.0
42.88000000000102,31.921137,2025-01-01,20.0
21.139999999999414,30.906853,2025-01-02,20.0
10.5280000000009,31.504744,2025-01-03,20.0
24.68999999999869,29.428741,2025-01-04,20.0
25.5099999999984,26.62174,2025-01-05,20.0
33.0280000000009,26.023159,2025-01-06,20.0
25.06000000000131,25.742075,2025-01-07,20.0
9.8299999999981,27.012436,2025-01-08,20.0
27.19000000000233,27.943195,2025-01-09,20.0
31.389999999999414,24.197453,2025-01-10,20.0
29.979999999999563,23.81851,2025-01-11,20.0
25.5,25.5033,2025-01-12,20.0
26.610000000000586,25.98936,2025-01-13,20.0
23.93000000000029,25.28611,2025-01-14,20.0
29.919999999998254,26.573761,2025-01-15,20.0
22.27000000000044,26.771921,2025-01-16,20.0
21.080000000001743,26.394674,2025-01-17,20.0
27.090000000000146,25.943197,2025-01-18,20.0
22.68000000000029,25.570225,2025-01-19,20.0
27.5,24.907505,2025-01-20,20.0
36.09999999999855,24.01448,2025-01-21,20.0
26.77999999999884,25.476833,2025-01-22,20.0
26.38000000000102,28.243958,2025-01-23,20.0
26.1000000000006,25.973766,2025-01-24,20.0
28.0099999999984,24.872837,2025-01-25,20.0
23.62000000000262,25.128235,2025-01-26,20.0
23.93999999999869,26.383297,2025-01-27,20.0
25.139999999999414,26.223907,2025-01-28,20.0
1.9399999999986903,26.714586,2025-01-29,20.0
21.580000000001743,26.98653,2025-01-30,20.0
23.610000000000586,23.64146,2025-01-31,20.0
33.590000000000146,23.17418,2025-02-01,20.0
18.639999999999414,22.882126,2025-02-02,20.0
23.389999999999414,24.452139,2025-02-03,20.0
17.700000000000728,23.47482,2025-02-04,20.0
36.52000000000044,23.71567,2025-02-05,20.0
16.32999999999811,24.031502,2025-02-06,20.0
25.9300000000003,25.158657,2025-02-07,20.0
25.459999999999127,24.027521,2025-02-08,20.0
38.06000000000131,24.231133,2025-02-09,20.0
21.470000000001164,23.992043,2025-02-10,20.0
26.46999999999753,25.614422,2025-02-11,20.0
28.13000000000102,26.07904,2025-02-12,20.0
30.139999999999414,27.134808,2025-02-13,20.0
24.950000000000728,26.528687,2025-02-14,20.0
25.25,26.252266,2025-02-15,20.0
38.13000000000102,26.042257,2025-02-16,20.0
24.729999999999563,26.024284,2025-02-17,20.0
11.239999999998,28.457922,2025-02-18,20.0
38.7280000000016,28.779968,2025-02-19,20.0
25.220000000001164,26.033482,2025-02-20,20.0
25.3999999999978,26.47889,2025-02-21,20.0
26.27000000000044,26.10131,2025-02-22,20.0
31.979999999999563,25.467155,2025-02-23,20.0
24.75,24.452387,2025-02-24,20.0
30.1100000000011,26.172781,2025-02-25,20.0
36.75,27.078003,2025-02-26,20.0
21.05000000000291,28.296913,2025-02-27,20.0
23.869999999995343,28.398565,2025-02-28,20.0
38.9280000000023,26.892231,2025-03-01,20.0
23.81999999999971,26.019615,2025-03-02,20.0
16.12999999999738,27.78482,2025-03-03,20.0
25.1000000000006,27.490105,2025-03-04,20.0
17.779999999998836,26.193966,2025-03-05,20.0
14.8280000000038,26.862803,2025-03-06,20.0
29.1000000000006,24.712048,2025-03-07,20.0
18.290000000000877,22.75857,2025-03-08,20.0
22.549999999995634,23.543571,2025-03-09,20.0
12.860000000000582,22.246397,2025-03-10,20.0
9.900000000001455,21.83722,2025-03-11,20.0
12.839999999996508,20.564243,2025-03-12,20.0
16.770000000004075,19.72853,2025-03-13,20.0
18.790000000000877,18.4445,2025-03-14,20.0
10.6999999999971,17.652874,2025-03-15,20.0
7.809999999997672,17.043999,2025-03-16,20.0
10.380000000004657,16.208166,2025-03-17,20.0
12.190000000002328,14.886648,2025-03-18,20.0
7.8399999999965075,13.938875,2025-03-19,20.0
18.010000000002037,14.291645,2025-03-20,20.0
19.68000000000029,12.779706,2025-03-21,20.0
10.930000000000293,13.053245,2025-03-22,20.0
10.389999999999418,14.112772,2025-03-23,20.0
14.729999999995924,12.195946,2025-03-24,20.0
11.3600000000006,12.307548,2025-03-25,20.0
8.560000000004948,13.370019,2025-03-26,20.0
19.39999999999418,13.908934,2025-03-27,20.0
16.010000000002037,12.271653,2025-03-28,20.0
12.8280000000038,13.081362,2025-03-29,20.0
5.899999999994179,13.338184,2025-03-30,20.0
11.5200000000041,12.791236,2025-03-31,20.0
10.489999999997965,12.050819,2025-04-01,20.0
13.599999999998545,12.47204,2025-04-02,20.0
4.700000000004366,12.349047,2025-04-03,20.0
11.1899999999951,11.705844,2025-04-04,20.0
17.720000000001164,11.301223,2025-04-05,20.0
13.880000000004657,11.321112,2025-04-06,20.0
10.839999999996508,12.234428,2025-04-07,20.0
12.309999999997672,12.731039,2025-04-08,20.0
9.459999999999129,12.713491,2025-04-09,20.0
9.35000000000582,13.129973,2025-04-10,20.0
11.3099999999977,11.658365,2025-04-11,20.0
17.0199999999968,11.708786,2025-04-12,20.0
10.160000000003492,11.657679,2025-04-13,20.0
11.6500000000011,12.389801,2025-04-14,20.0
10.2599999999985,12.309898,2025-04-15,20.0
6.28999999999622,12.521429,2025-04-16,20.0
9.49000000000524,12.232758,2025-04-17,20.0
8.519999999996799,10.701435,2025-04-18,20.0
12.62800000000425,10.184391,2025-04-19,20.0
9.0,9.88241,2025-04-20,20.0
17.359999999993306,9.871216,2025-04-21,20.0
9.992000000005646,9.955208,2025-04-22,20.0
13.527999999998428,11.116905,2025-04-23,20.0
6.99199999999837,11.450522,2025-04-24,20.0
16.779999999998836,11.329581,2025-04-25,20.0
14.060000000004948,10.682654,2025-04-26,20.0
10.9279999999999,11.159395,2025-04-27,20.0
10.102000000001,11.545594,2025-04-28,20.0
16.459999999999127,11.714224,2025-04-29,20.0
14.739999999997965,12.137361,2025-04-30,20.0
9.10200000000099,13.379507,2025-05-01,20.0
14.97599999999511,13.354519,2025-05-02,20.0
12.9028000000023,12.667942,2025-05-03,20.0
10.7680000000037,12.294841,2025-05-04,20.0
11.1119999999946,12.044294,2025-05-05,20.0
9.52000000000287,11.828644,2025-05-06,20.0
11.2679999999964,12.297035,2025-05-07,20.0
12.62000000000262,11.942804,2025-05-08,20.0
7.580000000001746,10.938215,2025-05-09,20.0
18.55999999999767,10.952072,2025-05-10,20.0
23.0,10.639833,2025-05-11,20.0
11.6520000000018,11.700356,2025-05-12,20.0
17.919999999998254,13.944053,2025-05-13,20.0
16.68000000000029,14.035103,2025-05-14,20.0
16.747999999999593,14.398371,2025-05-15,20.0
10.307999999997264,14.744602,2025-05-16,20.0
11.7920000000013,14.473089,2025-05-17,20.0
17.4280000000023,13.287357,2025-05-18,20.0
16.512000000002445,12.156628,2025-05-19,20.0
16.0879999999961,12.778563,2025-05-20,20.0
14.472000000001572,14.407713,2025-05-21,20.0
12.175999999999476,15.002324,2025-05-22,20.0
18.591999999996915,13.89411,2025-05-23,20.0
17.208000000005995,13.447765,2025-05-24,20.0
11.8109999999981,13.999743,2025-05-25,20.0
11.1319999999978,14.196772,2025-05-26,20.0
9.72000000000106,14.652267,2025-05-27,20.0
9.447999999996682,14.641966,2025-05-28,20.0
14.520000000004076,14.282643,2025-05-29,20.0
14.0,12.605295,2025-05-30,20.0
18.080000000001743,12.170897,2025-05-31,20.0
8.91099999999662,12.22463,2025-06-01,20.0
13.468000000000757,12.660889,2025-06-02,20.0
17.372000000003027,12.52128,2025-06-03,20.0
13.1199999999962,12.503284,2025-06-04,20.0
17.847999999998137,13.557921,2025-06-05,20.0
13.580000000001746,13.150347,2025-06-06,20.0
17.37999999999738,12.910917,2025-06-07,20.0
16.580000000001746,12.990713,2025-06-08,20.0
13.7280000000052,13.367564,2025-06-09,20.0
18.05999999999767,14.3400345,2025-06-10,20.0
17.4109999999966,14.84122,2025-06-11,20.0
11.2000000000044,15.9376545,2025-06-12,20.0
10.8079999999973,15.642204,2025-06-13,20.0
9.279999999998836,14.390394,2025-06-14,20.0
6.819999999999709,13.513422,2025-06-15,20.0
13.602800000003,12.603588,2025-06-16,20.0
20.1199999999962,19.656849,2024-09-18,21.0
11.9360000000011,19.956696,2024-09-19,21.0
25.743999999998778,19.101944,2024-09-20,21.0
21.4280000000023,17.613907,2024-09-21,21.0
18.70799999999872,18.66492,2024-09-22,21.0
11.5,19.039112,2024-09-23,21.0
16.87199999999575,19.253757,2024-09-24,21.0
22.788000000000466,18.95961,2024-09-25,21.0
28.0,19.447474,2024-09-26,21.0
30.172000000005937,19.30833,2024-09-27,21.0
28.360000000000586,19.835484,2024-09-28,21.0
24.455999999998312,21.660957,2024-09-29,21.0
31.4109999999966,22.681953,2024-09-30,21.0
31.38799999999901,23.446468,2024-10-01,21.0
12.8228000000005,26.002533,2024-10-02,21.0
28.69600000000355,27.71108,2024-10-03,21.0
18.97200000000157,24.99057,2024-10-04,21.0
27.27999999999884,24.551792,2024-10-05,21.0
26.427999999999884,23.905777,2024-10-06,21.0
27.87999999999738,23.770578,2024-10-07,21.0
28.239999999997963,24.40692,2024-10-08,21.0
22.2280000000052,25.999758,2024-10-09,21.0
11.9719999999943,27.296154,2024-10-10,21.0
25.8600000000006,25.70216,2024-10-11,21.0
25.952000000004773,23.062496,2024-10-12,21.0
17.360000000000582,23.164112,2024-10-13,21.0
30.97599999999511,23.818747,2024-10-14,21.0
30.97200000000157,22.442043,2024-10-15,21.0
28.020000000004075,24.292904,2024-10-16,21.0
30.0,26.80656,2024-10-17,21.0
25.67199999999866,26.484789,2024-10-18,21.0
14.1099999999953,26.558853,2024-10-19,21.0
33.60000000000582,26.567158,2024-10-20,21.0
38.19999999999709,24.599293,2024-10-21,21.0
28.46800000000076,25.876095,2024-10-22,21.0
25.18000000000029,29.023472,2024-10-23,21.0
25.959999999999127,29.787554,2024-10-24,21.0
35.9109999999966,28.387875,2024-10-25,21.0
31.0,27.462088,2024-10-26,21.0
19.456000000005588,28.7169,2024-10-27,21.0
24.3839999999982,29.44199,2024-10-28,21.0
26.50800000000163,27.714949,2024-10-29,21.0
21.979999999995925,27.880793,2024-10-30,21.0
36.00800000000163,29.041927,2024-10-31,21.0
32.891999999999825,26.865734,2024-11-01,21.0
17.372000000003027,27.43383,2024-11-02,21.0
29.007999999994357,28.811506,2024-11-03,21.0
22.20000000000437,27.082481,2024-11-04,21.0
17.1099999999953,27.067621,2024-11-05,21.0
20.9800000000032,27.586143,2024-11-06,21.0
27.87999999999738,26.97595,2024-11-07,21.0
25.97200000000157,24.757763,2024-11-08,21.0
32.296000000002095,23.947199,2024-11-09,21.0
10.4239999999991,24.129559,2024-11-10,21.0
33.25600000000122,25.469122,2024-11-11,21.0
26.4109999999966,23.55518,2024-11-12,21.0
23.2579999999981,26.12517,2024-11-13,21.0
30.222800000002,27.63163,2024-11-14,21.0
26.44800000000396,25.776703,2024-11-15,21.0
30.839999999996508,25.675777,2024-11-16,21.0
26.880000000004657,26.37732,2024-11-17,21.0
24.1119999999946,26.72644,2024-11-18,21.0
23.10800000000017,26.90346,2024-11-19,21.0
26.419999999998254,27.659761,2024-11-20,21.0
17.7280000000052,27.9712,2024-11-21,21.0
10.0,26.809362,2024-11-22,21.0
25.0741814752807,25.064117,2024-11-23,21.0
24.2497295422669,23.005241,2024-11-24,21.0
25.2851872899428,23.846918,2024-11-25,21.0
23.6536635936668,23.92387,2024-11-26,21.0
25.590658305833,24.778742,2024-11-27,21.0
26.2890627148012,25.760845,2024-11-28,21.0
23.8376766856325,25.20435,2024-11-29,21.0
25.7267999999996,24.953436,2024-11-30,21.0
11.0319999999992,24.746557,2024-12-01,21.0
43.88000000000466,24.731544,2024-12-02,21.0
19.360000000000586,23.311201,2024-12-03,21.0
25.19999999999709,27.367174,2024-12-04,21.0
33.20799999999872,27.238132,2024-12-05,21.0
32.7028000000052,25.752007,2024-12-06,21.0
27.1199999999962,26.939184,2024-12-07,21.0
14.87999999999738,27.934433,2024-12-08,21.0
45.49599999999919,28.099617,2024-12-09,21.0
17.4120000000039,26.556025,2024-12-10,21.0
46.81999999999971,30.323677,2024-12-11,21.0
27.2800000000011,29.566471,2024-12-12,21.0
38.87999999999738,30.181984,2024-12-13,21.0
30.872000000003027,29.70007,2024-12-14,21.0
27.90799999999581,30.69898,2024-12-15,21.0
32.0,31.658451,2024-12-16,21.0
33.427999999999884,31.780226,2024-12-17,21.0
36.31200000000536,33.25495,2024-12-18,21.0
25.2479999999996,35.1498,2024-12-19,21.0
37.69199999999546,33.881832,2024-12-20,21.0
32.38799999999901,32.113247,2024-12-21,21.0
25.2800000000011,32.83858,2024-12-22,21.0
16.560000000004948,34.13635,2024-12-23,21.0
37.71999999999389,33.34436,2024-12-24,21.0
30.80000000000291,32.764473,2024-12-25,21.0
41.3839999999982,34.006004,2024-12-26,21.0
28.648000000001048,31.55959,2024-12-27,21.0
27.23200000000361,31.40646,2024-12-28,21.0
28.27999999999884,31.255466,2024-12-29,21.0
28.50800000000163,31.089357,2024-12-30,21.0
28.5879999999961,31.334614,2024-12-31,21.0
37.771999999997206,32.098064,2025-01-01,21.0
22.62800000000425,32.189396,2025-01-02,21.0
30.252000000000407,31.789171,2025-01-03,21.0
35.90799999999581,28.79179,2025-01-04,21.0
24.332000000002157,28.494469,2025-01-05,21.0
35.70799999999872,29.806576,2025-01-06,21.0
32.8628000000014,29.401829,2025-01-07,21.0
23.21600000000035,30.288559,2025-01-08,21.0
28.6228000000025,31.588526,2025-01-09,21.0
35.2119999999931,28.365978,2025-01-10,21.0
41.1120000000018,27.735542,2025-01-11,21.0
32.1120000000018,29.080667,2025-01-12,21.0
25.599999999998545,31.082973,2025-01-13,21.0
30.46800000000076,31.425125,2025-01-14,21.0
29.18000000000029,31.456282,2025-01-15,21.0
37.92799999999989,32.430485,2025-01-16,21.0
33.9428000000031,31.58779,2025-01-17,21.0
36.807999999997264,31.622826,2025-01-18,21.0
31.5,31.878857,2025-01-19,21.0
26.639999999999414,31.91158,2025-01-20,21.0
36.307999999997264,31.819422,2025-01-21,21.0
45.222800000002,32.767284,2025-01-22,21.0
29.296000000002092,34.54715,2025-01-23,21.0
41.59999999999855,33.68199,2025-01-24,21.0
29.09200000000419,31.562351,2025-01-25,21.0
27.5879999999961,32.464737,2025-01-26,21.0
33.222800000002,33.208546,2025-01-27,21.0
32.05599999999686,33.12269,2025-01-28,21.0
29.391999999999825,34.22181,2025-01-29,21.0
45.5679999999993,35.06548,2025-01-30,21.0
29.959999999999127,33.597164,2025-01-31,21.0
28.192000000002736,33.831867,2025-02-01,21.0
35.96800000000076,32.695004,2025-02-02,21.0
27.76000000000204,31.821499,2025-02-03,21.0
30.743999999998778,32.824802,2025-02-04,21.0
46.26799999999639,33.302074,2025-02-05,21.0
19.852000000006228,34.260365,2025-02-06,21.0
30.43999999999505,35.52651,2025-02-07,21.0
25.5760000000009,32.359005,2025-02-08,21.0
33.9028000000023,31.90503,2025-02-09,21.0
31.2879999999958,30.791376,2025-02-10,21.0
25.5280000000009,30.6955,2025-02-11,21.0
30.080000000001743,31.955257,2025-02-12,21.0
39.63999999999942,31.95558,2025-02-13,21.0
38.77999999999884,29.938267,2025-02-14,21.0
32.608000000000175,30.441471,2025-02-15,21.0
20.3028000000037,31.787876,2025-02-16,21.0
32.33599999999569,32.169205,2025-02-17,21.0
22.872000000003027,31.528587,2025-02-18,21.0
30.080000000001743,32.099785,2025-02-19,21.0
32.99199999999837,31.052555,2025-02-20,21.0
28.4279999999999,28.845673,2025-02-21,21.0
36.31999999999971,28.223354,2025-02-22,21.0
26.37199999999575,27.926003,2025-02-23,21.0
37.41600000000472,28.384834,2025-02-24,21.0
35.73199999999633,28.583431,2025-02-25,21.0
17.760000000002037,30.854507,2025-02-26,21.0
48.02799999999843,32.569668,2025-02-27,21.0
11.3919999999998,29.29842,2025-02-28,21.0
28.9800000000032,30.323597,2025-03-01,21.0
33.8109999999981,28.077316,2025-03-02,21.0
29.33600000000297,27.694351,2025-03-03,21.0
27.3109999999981,28.8642,2025-03-04,21.0
30.927999999999884,29.721033,2025-03-05,21.0
22.99199999999837,30.220417,2025-03-06,21.0
27.959999999999127,29.70179,2025-03-07,21.0
29.139999999999414,27.957088,2025-03-08,21.0
28.30800000000454,27.68473,2025-03-09,21.0
24.1428000000002,27.849554,2025-03-10,21.0
21.1199999999962,27.29234,2025-03-11,21.0
36.01600000000326,26.631893,2025-03-12,21.0
26.99199999999837,27.121138,2025-03-13,21.0
26.9000000000011,26.835377,2025-03-14,21.0
32.332000000002154,26.97404,2025-03-15,21.0
18.39999999999418,26.62929,2025-03-16,21.0
19.33600000000297,27.380983,2025-03-17,21.0
25.2109999999995,25.484177,2025-03-18,21.0
27.30000000000291,24.890257,2025-03-19,21.0
11.8079999999973,26.13248,2025-03-20,21.0
28.6319999999978,24.724468,2025-03-21,21.0
27.59200000000419,22.399426,2025-03-22,21.0
19.648000000001048,22.848356,2025-03-23,21.0
24.18000000000029,22.80035,2025-03-24,21.0
38.07999999999447,22.816383,2025-03-25,21.0
26.860000000000586,23.956993,2025-03-26,21.0
11.0880000000025,26.867737,2025-03-27,21.0
38.3109999999981,26.061672,2025-03-28,21.0
28.69999999999709,23.431133,2025-03-29,21.0
17.880000000004657,24.818272,2025-03-30,21.0
28.4109999999966,25.445744,2025-03-31,21.0
29.16800000000512,24.049322,2025-04-01,21.0
23.5679999999993,25.17316,2025-04-02,21.0
24.54399999999441,25.635399,2025-04-03,21.0
23.31999999999971,24.920294,2025-04-04,21.0
27.520000000004075,24.37732,2025-04-05,21.0
24.487999999997555,24.025188,2025-04-06,21.0
22.62000000000262,24.71873,2025-04-07,21.0
29.4109999999966,24.840103,2025-04-08,21.0
23.17599999999948,24.635437,2025-04-09,21.0
25.77200000000448,25.938694,2025-04-10,21.0
31.839999999996508,25.280611,2025-04-11,21.0
23.4120000000039,24.537397,2025-04-12,21.0
27.507999999994357,25.693745,2025-04-13,21.0
31.61200000000099,25.524456,2025-04-14,21.0
28.2880000000031,25.559666,2025-04-15,21.0
25.512000000002445,26.985767,2025-04-16,21.0
27.88799999999901,27.481445,2025-04-17,21.0
25.1999999999971,25.56232,2025-04-18,21.0
21.27200000000448,25.218565,2025-04-19,21.0
13.77599999999802,25.14336,2025-04-20,21.0
32.0,24.144562,2025-04-21,21.0
21.77199999999721,22.513428,2025-04-22,21.0
25.652000000001863,24.47189,2025-04-23,21.0
26.89600000000064,25.210888,2025-04-24,21.0
33.799999999995634,24.240725,2025-04-25,21.0
27.2628000000029,23.685059,2025-04-26,21.0
26.667999999997846,24.978228,2025-04-27,21.0
27.42000000000553,25.548405,2025-04-28,21.0
31.739999999997963,25.59935,2025-04-29,21.0
30.479999999995925,26.74559,2025-04-30,21.0
37.28000000000611,27.82692,2025-05-01,21.0
26.959999999999127,27.007492,2025-05-02,21.0
29.5199999999968,27.993532,2025-05-03,21.0
21.599999999998545,27.907951,2025-05-04,21.0
23.139999999999414,28.07657,2025-05-05,21.0
35.7109999999995,27.40466,2025-05-06,21.0
30.2280000000052,27.527868,2025-05-07,21.0
25.536000000000055,29.271076,2025-05-08,21.0
23.31999999999971,27.931625,2025-05-09,21.0
27.75999999999476,26.664307,2025-05-10,21.0
18.27200000000448,26.0368,2025-05-11,21.0
33.35199999999895,26.56013,2025-05-12,21.0
23.987999999997555,25.202156,2025-05-13,21.0
27.708000000005995,26.571407,2025-05-14,21.0
25.2799999999988,26.70885,2025-05-15,21.0
27.1099999999953,25.31136,2025-05-16,21.0
21.639999999999414,24.529285,2025-05-17,21.0
29.372000000003027,24.425875,2025-05-18,21.0
24.10800000000017,23.36726,2025-05-19,21.0
27.951999999997497,24.252853,2025-05-20,21.0
23.247999999999596,25.063652,2025-05-21,21.0
27.8628000000014,25.295853,2025-05-22,21.0
26.768000000003667,23.487614,2025-05-23,21.0
30.07200000000012,23.280045,2025-05-24,21.0
20.89600000000064,23.920515,2025-05-25,21.0
26.703999999997905,25.157991,2025-05-26,21.0
30.616000000001804,24.916374,2025-05-27,21.0
20.919999999998254,25.750813,2025-05-28,21.0
29.10399999999936,26.901354,2025-05-29,21.0
27.87999999999738,24.760332,2025-05-30,21.0
26.33600000000297,24.242968,2025-05-31,21.0
16.072000000000116,24.837292,2025-06-01,21.0
24.220000000001164,24.6083,2025-06-02,21.0
26.747999999999596,23.065138,2025-06-03,21.0
26.8628000000014,23.328815,2025-06-04,21.0
27.6559999999954,24.683872,2025-06-05,21.0
31.8280000000038,23.886927,2025-06-06,21.0
19.752000000000407,23.62582,2025-06-07,21.0
31.919999999998254,24.903013,2025-06-08,21.0
29.9280000000023,24.082647,2025-06-09,21.0
25.49199999999837,25.266388,2025-06-10,21.0
25.919999999998254,26.848646,2025-06-11,21.0
29.495999999999185,27.276213,2025-06-12,21.0
11.2628000000029,25.85132,2025-06-13,21.0
17.639999999999418,25.490269,2025-06-14,21.0
14.87999999999738,23.469728,2025-06-15,21.0
27.080000000001743,21.933582,2025-06-16,21.0
21.4280000000023,23.393873,2024-09-18,22.0
28.81999999999971,25.100353,2024-09-19,22.0
24.30000000000291,24.140022,2024-09-20,22.0
26.247999999999596,24.32737,2024-09-21,22.0
28.49199999999837,23.99408,2024-09-22,22.0
18.220000000001164,23.981483,2024-09-23,22.0
16.6124197645385,24.762762,2024-09-24,22.0
17.6105473966743,25.10421,2024-09-25,22.0
19.0313183100303,24.16668,2024-09-26,22.0
19.3172249492252,21.618315,2024-09-27,22.0
24.1377913236,20.82549,2024-09-28,22.0
16.487999999997555,20.19925,2024-09-29,22.0
27.231999999996333,20.374105,2024-09-30,22.0
14.927999999999884,19.799026,2024-10-01,22.0
0.5320000000065193,22.205196,2024-10-02,22.0
16.316135996461,22.307667,2024-10-03,22.0
21.788000000000466,18.858635,2024-10-04,22.0
17.50399999999354,17.801773,2024-10-05,22.0
4.62800000000669,17.90103,2024-10-06,22.0
13.3555898929194,16.954075,2024-10-07,22.0
16.1358921625835,15.297201,2024-10-08,22.0
22.867999999994936,15.763193,2024-10-09,22.0
8.22000000000106,16.513569,2024-10-10,22.0
12.368000000002212,17.250778,2024-10-11,22.0
18.2109999999995,15.683827,2024-10-12,22.0
12.979999999995924,14.630162,2024-10-13,22.0
13.4174136981062,15.149142,2024-10-14,22.0
17.1978612145509,14.680386,2024-10-15,22.0
14.1120000000018,14.896181,2024-10-16,22.0
22.228000000002798,16.253378,2024-10-17,22.0
16.57999999999447,15.848823,2024-10-18,22.0
11.7120000000068,16.229622,2024-10-19,22.0
20.27999999999884,16.24663,2024-10-20,22.0
29.011999999996,16.039513,2024-10-21,22.0
12.1120000000018,16.9772,2024-10-22,22.0
49.63199999999779,19.978983,2024-10-23,22.0
9.148000000001048,19.450188,2024-10-24,22.0
11.7868001257857,24.136003,2024-10-25,22.0
10.099999999998545,22.79663,2024-10-26,22.0
44.26000000000204,20.974323,2024-10-27,22.0
12.580000000001746,19.173868,2024-10-28,22.0
16.320281069859,23.466955,2024-10-29,22.0
18.8686191245416,23.069767,2024-10-30,22.0
46.4320000000007,22.719368,2024-10-31,22.0
14.080000000001746,21.897242,2024-11-01,22.0
6.047999999995227,25.33553,2024-11-02,22.0
44.86000000000058,24.511147,2024-11-03,22.0
33.692000000002736,21.487385,2024-11-04,22.0
29.667999999997846,25.66011,2024-11-05,22.0
20.9681055528683,28.85731,2024-11-06,22.0
25.4109999999966,28.882923,2024-11-07,22.0
45.8280000000038,26.723106,2024-11-08,22.0
42.78800000000047,26.468859,2024-11-09,22.0
16.891999999999825,29.360552,2024-11-10,22.0
24.564319568808,31.470207,2024-11-11,22.0
19.57600000000093,30.273794,2024-11-12,22.0
7.99199999999837,30.6543,2024-11-13,22.0
62.63199999999779,30.517773,2024-11-14,22.0
49.92000000000553,25.67862,2024-11-15,22.0
25.3937166841988,30.275146,2024-11-16,22.0
70.69599999999627,33.527332,2024-11-17,22.0
27.47200000000157,32.316395,2024-11-18,22.0
27.648000000001048,36.167023,2024-11-19,22.0
49.55199999999604,36.342846,2024-11-20,22.0
0.720000000001064,36.239475,2024-11-21,22.0
27.1496338476802,37.342907,2024-11-22,22.0
25.2425759607941,33.108166,2024-11-23,22.0
23.4975039172899,31.807753,2024-11-24,22.0
25.0946916875842,31.779428,2024-11-25,22.0
19.2010516810922,30.305271,2024-11-26,22.0
20.7106961937251,30.302422,2024-11-27,22.0
24.5263752600104,29.872452,2024-11-28,22.0
27.2281246441996,27.655603,2024-11-29,22.0
26.9368000000002,26.552057,2024-11-30,22.0
10.8319999999949,26.822851,2024-12-01,22.0
41.1010657061893,25.361998,2024-12-02,22.0
35.4989042103963,23.836956,2024-12-03,22.0
42.35200000000623,27.396854,2024-12-04,22.0
61.6559999999954,28.938276,2024-12-05,22.0
16.252000000000407,30.640095,2024-12-06,22.0
31.6927374538974,33.871906,2024-12-07,22.0
31.5895852599825,32.22012,2024-12-08,22.0
27.667999999997846,32.384098,2024-12-09,22.0
48.5028000000008,33.47412,2024-12-10,22.0
18.50800000000163,34.110744,2024-12-11,22.0
39.6965094594385,36.46152,2024-12-12,22.0
30.2818668855253,33.81748,2024-12-13,22.0
32.8627137088633,32.481995,2024-12-14,22.0
56.58000000000175,32.497295,2024-12-15,22.0
58.271999999997206,33.59189,2024-12-16,22.0
46.01600000000326,36.231625,2024-12-17,22.0
42.8057115069252,37.40179,2024-12-18,22.0
38.6632257229068,37.520092,2024-12-19,22.0
29.7737447965623,37.498077,2024-12-20,22.0
30.824650042263,37.486736,2024-12-21,22.0
32.0745886564616,37.389183,2024-12-22,22.0
48.4519999999975,37.413563,2024-12-23,22.0
54.73999999999796,37.3715,2024-12-24,22.0
56.9120000000039,37.548836,2024-12-25,22.0
39.6321768279399,37.63669,2024-12-26,22.0
30.9479541422309,37.628727,2024-12-27,22.0
32.662494574317,37.519146,2024-12-28,22.0
57.33600000000297,37.334988,2024-12-29,22.0
68.1019999999937,37.35994,2024-12-30,22.0
46.44800000000396,37.639492,2024-12-31,22.0
46.2865723542658,37.68726,2025-01-01,22.0
44.4809960377277,37.66541,2025-01-02,22.0
28.8399999999965,37.648876,2025-01-03,22.0
22.73200000000361,37.614906,2025-01-04,22.0
21.659999999996217,37.3634,2025-01-05,22.0
58.0880000000025,36.886574,2025-01-06,22.0
74.49199999999837,35.938644,2025-01-07,22.0
44.5268827895225,37.295788,2025-01-08,22.0
44.3863051100936,37.642063,2025-01-09,22.0
36.8135928167889,37.569706,2025-01-10,22.0
39.8044909657526,37.528675,2025-01-11,22.0
28.107181942584,37.43471,2025-01-12,22.0
37.6170898060106,37.469707,2025-01-13,22.0
47.3058856302224,37.35844,2025-01-14,22.0
142.4800000000032,37.50508,2025-01-15,22.0
52.9320000000007,37.592754,2025-01-16,22.0
35.9003935433678,37.69802,2025-01-17,22.0
41.2648116728382,37.68977,2025-01-18,22.0
28.532693112733,37.654697,2025-01-19,22.0
53.167999999997846,37.63009,2025-01-20,22.0
41.95999999999913,37.597824,2025-01-21,22.0
46.2710939714836,37.682808,2025-01-22,22.0
44.6257190030867,37.39301,2025-01-23,22.0
35.9685002825286,37.635582,2025-01-24,22.0
52.0280000000009,37.593674,2025-01-25,22.0
48.192000000002736,37.472244,2025-01-26,22.0
36.2776088947025,37.612087,2025-01-27,22.0
47.7650569390289,37.648182,2025-01-28,22.0
46.382545422884,37.58529,2025-01-29,22.0
35.22799999999552,37.64735,2025-01-30,22.0
29.2500000000038,37.64217,2025-01-31,22.0
28.7632683614101,37.500637,2025-02-01,22.0
36.6827555905526,37.255833,2025-02-02,22.0
37.8100685905112,36.989994,2025-02-03,22.0
53.68000000000029,37.04884,2025-02-04,22.0
43.13999999999942,37.268803,2025-02-05,22.0
39.6876761959975,37.55674,2025-02-06,22.0
38.7067359388949,37.477306,2025-02-07,22.0
26.731999999996333,37.36756,2025-02-08,22.0
38.76000000000204,37.28484,2025-02-09,22.0
37.5418282511132,36.86882,2025-02-10,22.0
37.7009503390094,37.182297,2025-02-11,22.0
36.90799999999581,37.336456,2025-02-12,22.0
68.42799999999988,37.339428,2025-02-13,22.0
21.6628000000043,37.16303,2025-02-14,22.0
28.5562531697204,37.389614,2025-02-15,22.0
35.3935452426273,36.24797,2025-02-16,22.0
31.855999999999767,36.123375,2025-02-17,22.0
67.66399999999703,36.71288,2025-02-18,22.0
26.44800000000396,36.771633,2025-02-19,22.0
41.3283564570365,37.51742,2025-02-20,22.0
32.807999999997264,37.15518,2025-02-21,22.0
10.3028000000037,36.26666,2025-02-22,22.0
24.959999999999127,36.08474,2025-02-23,22.0
79.30799999999726,32.895695,2025-02-24,22.0
3.28000000000146,32.224045,2025-02-25,22.0
39.1657251716902,36.633152,2025-02-26,22.0
39.6811244937305,32.957504,2025-02-27,22.0
68.27999999999884,32.37005,2025-02-28,22.0
61.62799999999697,33.355015,2025-03-01,22.0
24.8954372145603,35.929012,2025-03-02,22.0
30.948606584233,37.2329,2025-03-03,22.0
33.4205092275661,37.16631,2025-03-04,22.0
21.672000000005937,36.70628,2025-03-05,22.0
71.68799999999464,37.220013,2025-03-06,22.0
48.76000000000204,36.579975,2025-03-07,22.0
10.8628000000014,37.44813,2025-03-08,22.0
17.728000000002794,37.414875,2025-03-09,22.0
35.1019999999937,34.658283,2025-03-10,22.0
26.888000000006286,32.22164,2025-03-11,22.0
21.487999999997555,33.246178,2025-03-12,22.0
33.13199999999779,33.392223,2025-03-13,22.0
17.12000000000262,32.578777,2025-03-14,22.0
14.307999999997264,29.356388,2025-03-15,22.0
11.0319999999992,26.814293,2025-03-16,22.0
16.632000000005064,24.878544,2025-03-17,22.0
12.267999999996391,22.905546,2025-03-18,22.0
29.5280000000009,22.480795,2025-03-19,22.0
25.3680000000022,22.840446,2025-03-20,22.0
14.9109999999966,20.742802,2025-03-21,22.0
20.4320000000007,19.967972,2025-03-22,22.0
12.167999999997846,19.45095,2025-03-23,22.0
8.192000000002736,18.876776,2025-03-24,22.0
9.536000000000058,18.075893,2025-03-25,22.0
13.9109999999966,17.337925,2025-03-26,22.0
12.608000000000176,17.241047,2025-03-27,22.0
20.172000000005937,14.563364,2025-03-28,22.0
22.18000000000029,14.44072,2025-03-29,22.0
10.7999999999956,14.725775,2025-03-30,22.0
8.99199999999837,15.478568,2025-03-31,22.0
9.427999999999884,15.0156145,2025-04-01,22.0
9.891999999999824,15.247154,2025-04-02,22.0
5.456000000005588,13.900644,2025-04-03,22.0
7.71099999999953,11.999424,2025-04-04,22.0
5.299999999995634,11.728191,2025-04-05,22.0
3.72800000000524,10.9643955,2025-04-06,22.0
7.239999999997963,9.983158,2025-04-07,22.0
7.271999999997206,9.588194,2025-04-08,22.0
2.736000000004424,9.592622,2025-04-09,22.0
2.639999999999418,9.533952,2025-04-10,22.0
1.6120000000009895,8.409427,2025-04-11,22.0
6.10999999999525,8.453355,2025-04-12,22.0
1.0279999999984284,7.7966323,2025-04-13,22.0
3.812000000005355,7.1928134,2025-04-14,22.0
21.1256192960831,6.618672,2025-04-15,22.0
8.459999999999127,6.445396,2025-04-16,22.0
10.720000000001164,8.385472,2025-04-17,22.0
23.2003851443076,7.823919,2025-04-18,22.0
21.8129390625977,7.833725,2025-04-19,22.0
24.3254998682692,10.051233,2025-04-20,22.0
12.047999999995229,12.424429,2025-04-21,22.0
11.182800000001,14.717569,2025-04-22,22.0
1.1880000000019209,14.408226,2025-04-23,22.0
23.8903057105532,14.225353,2025-04-24,22.0
8.680000000000291,11.540073,2025-04-25,22.0
3.9199999999982538,12.59281,2025-04-26,22.0
4.868000000002212,12.448902,2025-04-27,22.0
7.383999999998196,11.449156,2025-04-28,22.0
1.41199999999744,11.266235,2025-04-29,22.0
10.8800000000047,11.101496,2025-04-30,22.0
5.391999999999825,10.688623,2025-05-01,22.0
9.79200000000128,10.521196,2025-05-02,22.0
1.5599999999976717,9.874487,2025-05-03,22.0
13.639999999999418,9.340693,2025-05-04,22.0
12.89600000000064,7.460653,2025-05-05,22.0
14.1199999999962,8.209767,2025-05-06,22.0
20.6628000000043,9.16341,2025-05-07,22.0
20.495999999999185,10.572487,2025-05-08,22.0
21.891999999999825,10.402145,2025-05-09,22.0
13.4109999999966,12.115921,2025-05-10,22.0
16.8428802253106,13.9036255,2025-05-11,22.0
28.048000000002503,13.938889,2025-05-12,22.0
11.9280000000023,14.316084,2025-05-13,22.0
18.5879999999961,17.23994,2025-05-14,22.0
18.812000000005355,16.739374,2025-05-15,22.0
32.799999999995634,16.548765,2025-05-16,22.0
23.139999999999414,16.484718,2025-05-17,22.0
20.59200000000419,19.057543,2025-05-18,22.0
10.6559999999954,19.374565,2025-05-19,22.0
36.222800000002,19.406704,2025-05-20,22.0
12.5880000000025,19.169958,2025-05-21,22.0
11.8600000000006,21.897682,2025-05-22,22.0
24.031999999999243,19.418922,2025-05-23,22.0
24.29599999999482,17.279736,2025-05-24,22.0
10.192000000002736,18.472984,2025-05-25,22.0
23.2762006458754,19.566689,2025-05-26,22.0
75.28800000000047,18.273386,2025-05-27,22.0
28.531999999999243,19.672518,2025-05-28,22.0
19.788000000000466,28.980387,2025-05-29,22.0
25.9839999999967,29.733435,2025-05-30,22.0
14.360000000000582,27.478584,2025-05-31,22.0
27.360000000000586,26.97894,2025-06-01,22.0
26.455999999998312,24.43914,2025-06-02,22.0
41.27200000000448,24.803314,2025-06-03,22.0
19.88799999999901,24.90218,2025-06-04,22.0
20.17199999999866,28.187244,2025-06-05,22.0
22.70000000000437,26.95227,2025-06-06,22.0
23.27999999999884,24.832352,2025-06-07,22.0
26.4320000000007,24.79168,2025-06-08,22.0
32.799999999995634,24.745827,2025-06-09,22.0
20.65600000000268,25.359703,2025-06-10,22.0
8.21099999999953,25.488285,2025-06-11,22.0
38.87999999999738,25.460484,2025-06-12,22.0
16.132000000005064,22.083977,2025-06-13,22.0
23.5707927754136,23.78505,2025-06-14,22.0
22.44799999999668,23.19133,2025-06-15,22.0
11.6942202549845,22.241158,2025-06-16,22.0
9.68800000000192,15.522409,2024-09-18,23.0
22.30000000000291,14.270927,2024-09-19,23.0
24.0399999999936,12.698586,2024-09-20,23.0
22.5,13.600134,2024-09-21,23.0
10.3800000000047,15.826926,2024-09-22,23.0
4.451999999997497,17.544373,2024-09-23,23.0
5.80000000000291,16.96555,2024-09-24,23.0
10.7679999999964,16.57368,2024-09-25,23.0
30.139999999999414,15.838954,2024-09-26,23.0
11.8280000000038,13.562492,2024-09-27,23.0
23.17199999999866,16.05307,2024-09-28,23.0
17.0880000000025,15.875556,2024-09-29,23.0
31.67199999999866,16.73822,2024-09-30,23.0
17.011999999996,17.269527,2024-10-01,23.0
10.472000000001572,21.222147,2024-10-02,23.0
11.887999999999,22.059195,2024-10-03,23.0
19.77200000000448,19.502697,2024-10-04,23.0
37.0199999999968,17.89013,2024-10-05,23.0
19.102000000001,17.78698,2024-10-06,23.0
29.296000000002092,21.19674,2024-10-07,23.0
17.86399999999412,21.565039,2024-10-08,23.0
21.960000000006403,23.838741,2024-10-09,23.0
25.14799999999377,23.927929,2024-10-10,23.0
22.2500000000038,22.30383,2024-10-11,23.0
28.19999999999709,22.205818,2024-10-12,23.0
18.048000000002503,22.178955,2024-10-13,23.0
22.49199999999837,23.623257,2024-10-14,23.0
11.6679999999978,22.557373,2024-10-15,23.0
32.75200000000041,23.478142,2024-10-16,23.0
9.952000000004771,22.68251,2024-10-17,23.0
11.5360000000001,23.6586,2024-10-18,23.0
36.17199999999866,21.677822,2024-10-19,23.0
23.5199999999968,20.117695,2024-10-20,23.0
24.18800000000192,23.407436,2024-10-21,23.0
19.57200000000012,23.725475,2024-10-22,23.0
24.851999999998952,24.22976,2024-10-23,23.0
21.33600000000297,24.194576,2024-10-24,23.0
18.7109999999995,23.426685,2024-10-25,23.0
24.18000000000029,22.410421,2024-10-26,23.0
19.2109999999995,21.673376,2024-10-27,23.0
24.77599999999802,22.184227,2024-10-28,23.0
27.55200000000332,21.69447,2024-10-29,23.0
29.351999999998952,23.278503,2024-10-30,23.0
23.919999999998254,24.933533,2024-10-31,23.0
31.2579999999981,25.523003,2024-11-01,23.0
28.1600000000035,25.217712,2024-11-02,23.0
23.61200000000099,26.155426,2024-11-03,23.0
25.2879999999958,26.919079,2024-11-04,23.0
21.07200000000012,26.232367,2024-11-05,23.0
38.108000000000175,26.874992,2024-11-06,23.0
20.2500000000038,27.002808,2024-11-07,23.0
26.799999999995634,27.100296,2024-11-08,23.0
27.768000000003667,25.818544,2024-11-09,23.0
21.263999999995576,25.93056,2024-11-10,23.0
37.52000000000408,26.552456,2024-11-11,23.0
7.216000000000349,25.819248,2024-11-12,23.0
29.42399999999907,28.57986,2024-11-13,23.0
19.60800000000017,26.706627,2024-11-14,23.0
36.45999999999913,26.041748,2024-11-15,23.0
37.69999999999709,24.64391,2024-11-16,23.0
17.0,26.674522,2024-11-17,23.0
39.38000000000466,28.560429,2024-11-18,23.0
4.639999999999418,27.122498,2024-11-19,23.0
4.267999999996391,29.905334,2024-11-20,23.0
12.6228000000025,27.506,2024-11-21,23.0
38.375999999996566,23.5419,2024-11-22,23.0
25.9120000000039,21.870226,2024-11-23,23.0
18.9268584720052,24.531147,2024-11-24,23.0
22.3893250597115,25.17369,2024-11-25,23.0
16.6847804779332,23.494614,2024-11-26,23.0
23.938535725268,24.94453,2024-11-27,23.0
20.3071852141033,24.714594,2024-11-28,23.0
23.9036099022353,24.198217,2024-11-29,23.0
37.248,22.782545,2024-11-30,23.0
58.3320000000022,23.023119,2024-12-01,23.0
49.6109999999937,25.830055,2024-12-02,23.0
37.92000000000553,31.204325,2024-12-03,23.0
47.0879999999961,34.62074,2024-12-04,23.0
58.95999999999913,35.85008,2024-12-05,23.0
41.192000000002736,36.522068,2024-12-06,23.0
47.92799999999989,37.03985,2024-12-07,23.0
41.22000000000117,37.2422,2024-12-08,23.0
27.652000000001863,37.574596,2024-12-09,23.0
18.21600000000035,37.589146,2024-12-10,23.0
18.791999999994005,37.343395,2024-12-11,23.0
55.55200000000332,36.468525,2024-12-12,23.0
29.57600000000093,35.35645,2024-12-13,23.0
41.94399999999587,36.86333,2024-12-14,23.0
51.0880000000025,36.014256,2024-12-15,23.0
50.55999999999767,36.008537,2024-12-16,23.0
45.76000000000204,36.917217,2024-12-17,23.0
51.419999999998254,37.46739,2024-12-18,23.0
45.85199999999895,37.589504,2024-12-19,23.0
54.0880000000025,37.63682,2024-12-20,23.0
59.36000000000058,37.561405,2024-12-21,23.0
46.271999999997206,37.61412,2024-12-22,23.0
55.59999999999855,37.662914,2024-12-23,23.0
43.50800000000163,37.660255,2024-12-24,23.0
37.30000000000291,37.687763,2024-12-25,23.0
52.84799999999814,37.675007,2024-12-26,23.0
49.4320000000007,37.626522,2024-12-27,23.0
31.52799999999843,37.678406,2024-12-28,23.0
45.0,37.677856,2024-12-29,23.0
41.27999999999884,37.527714,2024-12-30,23.0
46.17199999999866,37.63267,2024-12-31,23.0
45.06000000000495,37.612675,2025-01-01,23.0
32.1199999999962,37.6356,2025-01-02,23.0
60.35199999999895,37.640614,2025-01-03,23.0
38.94800000000396,37.366196,2025-01-04,23.0
49.33999999999651,37.622063,2025-01-05,23.0
41.02000000000408,37.516407,2025-01-06,23.0
38.77999999999884,37.59894,2025-01-07,23.0
48.7280000000028,37.57195,2025-01-08,23.0
32.71999999999389,37.555103,2025-01-09,23.0
47.65200000000186,37.60952,2025-01-10,23.0
48.17199999999866,37.44225,2025-01-11,23.0
47.30800000000454,37.558014,2025-01-12,23.0
28.9399999999951,37.595234,2025-01-13,23.0
39.59200000000419,37.604794,2025-01-14,23.0
49.50800000000163,37.383495,2025-01-15,23.0
43.971999999994296,37.56272,2025-01-16,23.0
45.708000000006,37.62206,2025-01-17,23.0
42.0109999999952,37.58495,2025-01-18,23.0
56.98800000000483,37.56455,2025-01-19,23.0
48.70799999999872,37.47761,2025-01-20,23.0
32.65199999999459,37.56848,2025-01-21,23.0
49.66000000000349,37.63717,2025-01-22,23.0
47.9000000000011,37.517017,2025-01-23,23.0
31.627999999996973,37.628147,2025-01-24,23.0
35.29200000000128,37.61828,2025-01-25,23.0
33.68000000000029,37.380272,2025-01-26,23.0
49.33200000000216,37.40842,2025-01-27,23.0
28.007999999994357,37.324398,2025-01-28,23.0
35.220000000001164,37.573887,2025-01-29,23.0
38.012000000002445,37.336437,2025-01-30,23.0
32.57600000000093,37.361393,2025-01-31,23.0
20.61200000000099,37.057125,2025-02-01,23.0
44.14800000000105,36.461742,2025-02-02,23.0
37.39999999999418,34.138737,2025-02-03,23.0
45.0628000000058,34.96932,2025-02-04,23.0
55.75999999999476,35.704502,2025-02-05,23.0
42.57600000000093,36.953785,2025-02-06,23.0
46.25200000000041,37.219547,2025-02-07,23.0
61.08000000000175,37.180126,2025-02-08,23.0
11.051999999996,37.32629,2025-02-09,23.0
9.747999999999593,37.615093,2025-02-10,23.0
18.94800000000396,36.020695,2025-02-11,23.0
45.36000000000058,33.906414,2025-02-12,23.0
31.063999999998487,32.912823,2025-02-13,23.0
47.37600000000384,34.910004,2025-02-14,23.0
35.13199999999779,34.07331,2025-02-15,23.0
28.5,34.706917,2025-02-16,23.0
38.24799999999959,33.9341,2025-02-17,23.0
38.1120000000018,33.94485,2025-02-18,23.0
43.25999999999476,35.2104,2025-02-19,23.0
53.82800000000134,36.319855,2025-02-20,23.0
27.6628000000043,35.064785,2025-02-21,23.0
36.6119999999945,35.542606,2025-02-22,23.0
44.78399999999965,34.39231,2025-02-23,23.0
55.62800000000425,34.951496,2025-02-24,23.0
53.37999999999738,36.852657,2025-02-25,23.0
64.7280000000028,37.541016,2025-02-26,23.0
60.39199999999983,37.62479,2025-02-27,23.0
29.55199999999604,37.67119,2025-02-28,23.0
49.5280000000057,37.649597,2025-03-01,23.0
54.55199999999604,37.437878,2025-03-02,23.0
58.20799999999872,37.63532,2025-03-03,23.0
43.5280000000009,37.679768,2025-03-04,23.0
38.63999999999942,37.69072,2025-03-05,23.0
42.66000000000349,37.67273,2025-03-06,23.0
35.00800000000163,37.644207,2025-03-07,23.0
38.07999999999447,37.620235,2025-03-08,23.0
18.99200000000565,37.54739,2025-03-09,23.0
17.31999999999971,37.525955,2025-03-10,23.0
22.807999999997264,36.572487,2025-03-11,23.0
19.919999999998254,34.81199,2025-03-12,23.0
17.743999999998778,33.47115,2025-03-13,23.0
22.76000000000204,31.725601,2025-03-14,23.0
12.18800000000192,28.398685,2025-03-15,23.0
9.37199999999575,26.671978,2025-03-16,23.0
28.0880000000025,23.941578,2025-03-17,23.0
22.32800000000134,20.908081,2025-03-18,23.0
19.463999999999945,22.055542,2025-03-19,23.0
22.22799999999552,23.599018,2025-03-20,23.0
21.05200000000332,21.273882,2025-03-21,23.0
22.639999999999414,20.669231,2025-03-22,23.0
22.00800000000163,20.35687,2025-03-23,23.0
30.580000000001743,19.764294,2025-03-24,23.0
10.9599999999991,20.545616,2025-03-25,23.0
22.291999999994005,23.205688,2025-03-26,23.0
33.44800000000396,22.51106,2025-03-27,23.0
28.7109999999995,21.11869,2025-03-28,23.0
12.027999999998428,22.69703,2025-03-29,23.0
14.652000000001864,23.706793,2025-03-30,23.0
21.70799999999872,21.656239,2025-03-31,23.0
7.628000000004249,20.464415,2025-04-01,23.0
21.639999999999414,21.854809,2025-04-02,23.0
4.4799999999959255,20.158464,2025-04-03,23.0
23.47200000000157,19.1531,2025-04-04,23.0
11.0480000000025,17.58926,2025-04-05,23.0
12.331999999994878,18.450188,2025-04-06,23.0
24.61200000000099,17.485653,2025-04-07,23.0
11.9880000000048,16.507092,2025-04-08,23.0
21.799999999995634,18.616693,2025-04-09,23.0
24.10800000000017,18.473278,2025-04-10,23.0
13.9120000000039,17.986391,2025-04-11,23.0
26.39999999999418,18.565933,2025-04-12,23.0
19.952000000004773,18.48985,2025-04-13,23.0
36.42799999999989,19.594727,2025-04-14,23.0
22.299999999995634,19.609337,2025-04-15,23.0
39.608000000000175,23.433582,2025-04-16,23.0
16.531999999999243,23.61596,2025-04-17,23.0
23.372000000003027,25.026596,2025-04-18,23.0
17.495999999999185,23.50145,2025-04-19,23.0
23.720000000001164,23.17136,2025-04-20,23.0
23.891999999999825,22.435669,2025-04-21,23.0
20.2109999999995,22.196594,2025-04-22,23.0
21.01600000000326,23.3059,2025-04-23,23.0
23.223999999994703,23.511986,2025-04-24,23.0
32.096000000005006,22.375355,2025-04-25,23.0
26.943999999995867,21.963995,2025-04-26,23.0
25.1200000000026,23.414337,2025-04-27,23.0
30.22799999999552,24.483244,2025-04-28,23.0
23.5880000000025,24.303198,2025-04-29,23.0
29.839999999996508,26.266016,2025-04-30,23.0
36.7828000000069,25.929882,2025-05-01,23.0
25.335999999995693,25.24259,2025-05-02,23.0
21.131999999997788,26.662378,2025-05-03,23.0
39.25200000000041,26.759644,2025-05-04,23.0
24.028000000005704,25.2383,2025-05-05,23.0
26.18000000000029,27.852266,2025-05-06,23.0
27.07200000000012,28.664738,2025-05-07,23.0
10.9279999999999,28.308647,2025-05-08,23.0
19.6079999999929,26.400696,2025-05-09,23.0
26.6628000000043,23.565767,2025-05-10,23.0
29.855999999999767,23.062777,2025-05-11,23.0
29.27199999999721,23.8622,2025-05-12,23.0
25.4800000000032,24.659777,2025-05-13,23.0
31.19999999999709,25.785397,2025-05-14,23.0
30.27999999999884,26.163193,2025-05-15,23.0
27.0880000000025,25.948555,2025-05-16,23.0
28.87999999999738,25.861383,2025-05-17,23.0
36.37200000000303,25.944302,2025-05-18,23.0
27.012000000002445,25.287394,2025-05-19,23.0
33.427999999999884,27.29013,2025-05-20,23.0
30.099999999998545,28.334173,2025-05-21,23.0
38.608000000000175,28.613659,2025-05-22,23.0
30.78399999999965,27.49429,2025-05-23,23.0
32.04799999999523,28.533941,2025-05-24,23.0
31.927999999999884,29.403248,2025-05-25,23.0
22.8228000000005,30.099499,2025-05-26,23.0
25.2880000000031,31.254875,2025-05-27,23.0
28.36800000000221,30.938961,2025-05-28,23.0
31.0,30.321808,2025-05-29,23.0
29.83199999999488,27.854977,2025-05-30,23.0
23.560000000004948,27.320618,2025-05-31,23.0
21.05999999999767,27.753736,2025-06-01,23.0
23.268000000003667,26.505682,2025-06-02,23.0
18.0,25.51928,2025-06-03,23.0
29.43999999999505,25.433807,2025-06-04,23.0
23.1120000000018,25.054878,2025-06-05,23.0
30.360000000000586,24.057726,2025-06-06,23.0
11.3919999999998,23.208572,2025-06-07,23.0
24.80000000000291,24.36857,2025-06-08,23.0
32.19999999999709,21.93026,2025-06-09,23.0
24.720000000001164,22.483557,2025-06-10,23.0
31.97599999999511,25.098682,2025-06-11,23.0
25.53200000000652,25.917385,2025-06-12,23.0
22.67999999999301,25.694572,2025-06-13,23.0
11.9320000000007,24.95742,2025-06-14,23.0
16.0,24.672077,2025-06-15,23.0
26.62999999999738,22.073477,2025-06-16,23.0
11.7200000000012,17.530167,2024-09-18,24.0
20.288000000000466,17.944294,2024-09-19,24.0
32.75200000000041,15.815581,2024-09-20,24.0
25.05999999999767,16.394464,2024-09-21,24.0
20.29200000000128,19.27141,2024-09-22,24.0
11.2799999999988,20.675697,2024-09-23,24.0
11.2879999999958,21.022167,2024-09-24,24.0
20.6280000000067,20.241562,2024-09-25,24.0
29.68000000000029,19.674091,2024-09-26,24.0
29.979999999995925,17.938,2024-09-27,24.0
24.627999999996973,19.449463,2024-09-28,24.0
11.8800000000047,21.714903,2024-09-29,24.0
30.87999999999738,22.179794,2024-09-30,24.0
24.080000000001743,20.96257,2024-10-01,24.0
17.012000000002445,23.919277,2024-10-02,24.0
25.5199999999968,25.418438,2024-10-03,24.0
12.908000000003083,23.200459,2024-10-04,24.0
33.271999999997206,22.636097,2024-10-05,24.0
20.07200000000012,21.27726,2024-10-06,24.0
22.68800000000192,22.748806,2024-10-07,24.0
29.031999999999243,22.542788,2024-10-08,24.0
32.667999999997846,23.520922,2024-10-09,24.0
19.80000000000291,25.505146,2024-10-10,24.0
23.81999999999971,25.819431,2024-10-11,24.0
25.580000000001743,24.297169,2024-10-12,24.0
27.0199999999968,23.779,2024-10-13,24.0
29.36800000000221,24.766214,2024-10-14,24.0
23.239999999997963,24.991394,2024-10-15,24.0
27.4320000000007,26.407516,2024-10-16,24.0
20.96800000000076,26.93103,2024-10-17,24.0
10.0319999999992,26.121862,2024-10-18,24.0
20.080000000001743,25.140705,2024-10-19,24.0
23.2879999999958,23.025692,2024-10-20,24.0
46.0,22.656013,2024-10-21,24.0
14.052000000003318,23.017384,2024-10-22,24.0
27.891999999999825,27.471207,2024-10-23,24.0
25.2479999999996,26.565588,2024-10-24,24.0
23.0879999999961,25.84084,2024-10-25,24.0
10.031999999999243,25.474413,2024-10-26,24.0
25.888000000006286,25.02992,2024-10-27,24.0
17.4320000000007,22.173073,2024-10-28,24.0
37.69999999999709,22.352474,2024-10-29,24.0
24.012000000002445,22.729145,2024-10-30,24.0
26.827999999994063,26.032272,2024-10-31,24.0
39.52000000000408,25.882431,2024-11-01,24.0
37.37999999999738,25.91939,2024-11-02,24.0
29.639999999999414,28.314922,2024-11-03,24.0
7.368000000002212,30.50889,2024-11-04,24.0
25.9839999999967,30.198586,2024-11-05,24.0
18.208000000005995,27.968851,2024-11-06,24.0
31.27199999999721,28.664581,2024-11-07,24.0
19.788000000000466,25.171326,2024-11-08,24.0
22.81999999999971,24.85033,2024-11-09,24.0
25.2880000000005,24.518051,2024-11-10,24.0
20.42399999999907,24.010687,2024-11-11,24.0
23.33600000000297,24.796127,2024-11-12,24.0
29.731999999996333,25.027702,2024-11-13,24.0
23.788000000000466,25.915226,2024-11-14,24.0
18.4120000000039,26.05616,2024-11-15,24.0
14.0,24.88819,2024-11-16,24.0
45.1099999999953,24.083012,2024-11-17,24.0
24.62800000000425,21.925774,2024-11-18,24.0
22.599999999998545,26.536467,2024-11-19,24.0
16.731999999996333,27.634087,2024-11-20,24.0
29.49200000000565,27.584215,2024-11-21,24.0
20.7679999999963,25.347391,2024-11-22,24.0
26.1904379950293,25.65794,2024-11-23,24.0
27.7484577845261,25.299412,2024-11-24,24.0
25.1635812742682,25.043602,2024-11-25,24.0
23.0841984754669,25.91851,2024-11-26,24.0
24.3808379987036,26.844028,2024-11-27,24.0
31.0637020422148,27.329086,2024-11-28,24.0
25.4779445742732,26.191002,2024-11-29,24.0
25.1012000000001,26.770115,2024-11-30,24.0
24.44799999999668,27.15062,2024-12-01,24.0
21.1120000000018,26.015903,2024-12-02,24.0
25.17599999999948,26.431492,2024-12-03,24.0
30.192000000002736,26.655956,2024-12-04,24.0
36.36000000000058,27.568897,2024-12-05,24.0
28.99199999999837,26.588554,2024-12-06,24.0
26.747999999999596,27.667807,2024-12-07,24.0
22.62000000000262,28.098381,2024-12-08,24.0
29.739999999997963,28.19791,2024-12-09,24.0
19.5280000000009,28.020435,2024-12-10,24.0
36.43999999999505,29.371471,2024-12-11,24.0
22.03200000000652,29.023865,2024-12-12,24.0
20.719999999993888,28.090689,2024-12-13,24.0
20.548000000002503,26.70303,2024-12-14,24.0
25.66000000000349,25.845419,2024-12-15,24.0
19.619999999995343,25.468227,2024-12-16,24.0
22.70799999999872,26.299292,2024-12-17,24.0
38.6228000000025,26.776209,2024-12-18,24.0
25.4879999999976,27.450584,2024-12-19,24.0
25.0319999999992,27.95559,2024-12-20,24.0
39.76000000000204,27.39486,2024-12-21,24.0
35.919999999998254,27.437664,2024-12-22,24.0
26.548000000002503,29.93093,2024-12-23,24.0
27.97200000000157,31.42007,2024-12-24,24.0
32.8119999999989,32.29938,2024-12-25,24.0
27.131999999997788,32.612022,2024-12-26,24.0
18.18800000000192,30.219725,2024-12-27,24.0
43.4109999999966,29.498205,2024-12-28,24.0
27.139999999999414,28.63966,2024-12-29,24.0
32.42000000000553,30.969646,2024-12-30,24.0
38.799999999995634,31.363087,2024-12-31,24.0
38.53199999999924,32.25345,2025-01-01,24.0
22.068000000006577,33.76162,2025-01-02,24.0
25.49199999999837,33.384365,2025-01-03,24.0
16.648000000001048,30.933767,2025-01-04,24.0
35.0199999999968,29.864496,2025-01-05,24.0
32.13199999999779,27.762592,2025-01-06,24.0
31.80000000000291,28.91954,2025-01-07,24.0
33.375999999996566,29.805216,2025-01-08,24.0
36.192000000002736,30.39243,2025-01-09,24.0
20.87999999999738,29.36962,2025-01-10,24.0
33.63999999999942,30.080032,2025-01-11,24.0
31.768000000003667,28.93224,2025-01-12,24.0
32.0280000000009,29.640587,2025-01-13,24.0
4.383999999998196,30.075542,2025-01-14,24.0
51.28800000000047,30.892988,2025-01-15,24.0
39.95999999999913,28.509016,2025-01-16,24.0
17.99199999999837,30.435368,2025-01-17,24.0
35.46800000000076,31.774672,2025-01-18,24.0
31.9280000000023,30.708784,2025-01-19,24.0
37.76799999999639,30.089237,2025-01-20,24.0
32.1028000000066,30.609356,2025-01-21,24.0
17.167999999997846,32.62974,2025-01-22,24.0
23.5199999999968,34.020473,2025-01-23,24.0
28.2880000000031,28.35864,2025-01-24,24.0
26.5828000000026,26.78234,2025-01-25,24.0
7.09599999999773,27.295914,2025-01-26,24.0
22.799999999995634,27.90554,2025-01-27,24.0
26.8280000000038,25.047504,2025-01-28,24.0
19.4280000000023,26.049307,2025-01-29,24.0
33.66399999999703,26.683006,2025-01-30,24.0
23.89600000000064,25.017212,2025-01-31,24.0
28.2628000000029,25.97659,2025-02-01,24.0
12.135999999998605,25.29732,2025-02-02,24.0
9.87199999999575,25.440834,2025-02-03,24.0
48.87200000000303,23.268288,2025-02-04,24.0
13.108000000000176,22.088293,2025-02-05,24.0
25.5080000000016,27.828783,2025-02-06,24.0
23.8109999999981,25.392849,2025-02-07,24.0
28.0679999999993,24.412197,2025-02-08,24.0
25.3839999999982,24.77187,2025-02-09,24.0
17.656000000002678,25.446888,2025-02-10,24.0
29.98399999999674,24.878632,2025-02-11,24.0
4.92000000000553,24.846325,2025-02-12,24.0
25.5279999999984,26.36641,2025-02-13,24.0
29.580000000001743,22.22977,2025-02-14,24.0
19.2579999999981,21.651596,2025-02-15,24.0
10.1999999999971,23.011595,2025-02-16,24.0
13.891999999999824,22.746101,2025-02-17,24.0
17.760000000002037,22.274555,2025-02-18,24.0
5.760000000002037,20.471458,2025-02-19,24.0
39.31999999999971,20.782383,2025-02-20,24.0
22.148000000001048,17.368948,2025-02-21,24.0
11.9319999999925,20.242641,2025-02-22,24.0
25.452000000004773,20.650566,2025-02-23,24.0
17.135999999998603,18.520031,2025-02-24,24.0
27.42399999999907,20.05536,2025-02-25,24.0
10.775999999998,20.213257,2025-02-26,24.0
30.222800000002,22.773518,2025-02-27,24.0
1.82800000000378,19.961193,2025-02-28,24.0
23.536000000000055,20.40046,2025-03-01,24.0
16.851999999998952,18.071323,2025-03-02,24.0
5.307999999997264,18.630646,2025-03-03,24.0
31.16000000000349,18.712875,2025-03-04,24.0
10.3039999999964,17.20155,2025-03-05,24.0
28.76000000000204,21.251753,2025-03-06,24.0
26.36800000000221,18.648815,2025-03-07,24.0
17.2879999999958,19.849407,2025-03-08,24.0
12.9120000000039,21.166477,2025-03-09,24.0
12.719999999993888,20.259018,2025-03-10,24.0
25.208000000005995,19.046934,2025-03-11,24.0
32.971999999994296,17.669628,2025-03-12,24.0
25.6000000000058,19.988802,2025-03-13,24.0
23.38799999999901,20.934874,2025-03-14,24.0
17.651999999994587,22.609585,2025-03-15,24.0
8.588000000003376,22.825912,2025-03-16,24.0
10.599999999998545,22.13235,2025-03-17,24.0
18.8228000000005,20.282276,2025-03-18,24.0
11.0080000000016,18.717672,2025-03-19,24.0
17.0,20.347166,2025-03-20,24.0
17.55999999999767,16.774414,2025-03-21,24.0
24.020000000004075,16.38205,2025-03-22,24.0
12.239999999997965,16.67845,2025-03-23,24.0
20.86800000000221,17.031254,2025-03-24,24.0
8.11999999999622,17.278156,2025-03-25,24.0
22.10399999999936,18.565304,2025-03-26,24.0
19.0280000000009,17.75956,2025-03-27,24.0
37.76000000000204,17.132263,2025-03-28,24.0
17.18800000000192,17.116573,2025-03-29,24.0
13.619999999995343,19.872135,2025-03-30,24.0
6.92800000000233,19.72259,2025-03-31,24.0
27.4109999999966,18.820848,2025-04-01,24.0
23.880000000004657,18.155714,2025-04-02,24.0
25.247999999999596,19.691042,2025-04-03,24.0
14.7109999999995,19.743038,2025-04-04,24.0
10.747999999999593,20.778875,2025-04-05,24.0
5.7479999999995925,20.003132,2025-04-06,24.0
13.1199999999962,18.757889,2025-04-07,24.0
16.052000000003318,17.199257,2025-04-08,24.0
10.9800000000032,17.233978,2025-04-09,24.0
21.5399999999936,17.58611,2025-04-10,24.0
10.4800000000032,16.158413,2025-04-11,24.0
7.139999999999418,16.107975,2025-04-12,24.0
10.160000000003492,15.600082,2025-04-13,24.0
19.007999999994357,14.243731,2025-04-14,24.0
18.312000000005355,14.247025,2025-04-15,24.0
17.69999999999709,14.996552,2025-04-16,24.0
20.87999999999738,15.885617,2025-04-17,24.0
31.81999999999971,14.530481,2025-04-18,24.0
20.27200000000448,15.187138,2025-04-19,24.0
16.360000000000582,17.949417,2025-04-20,24.0
16.055999999996857,18.937565,2025-04-21,24.0
14.17199999999866,18.49347,2025-04-22,24.0
5.868000000002212,18.48075,2025-04-23,24.0
14.559999999997672,18.361311,2025-04-24,24.0
9.552000000003318,15.058628,2025-04-25,24.0
22.76799999999639,14.590607,2025-04-26,24.0
20.6628000000043,14.305073,2025-04-27,24.0
9.307999999997264,15.623407,2025-04-28,24.0
10.5319999999992,16.86795,2025-04-29,24.0
20.536000000000055,16.660515,2025-04-30,24.0
20.49200000000565,16.495724,2025-05-01,24.0
37.5,16.572666,2025-05-02,24.0
11.1099999999953,16.520922,2025-05-03,24.0
10.7200000000012,19.412682,2025-05-04,24.0
25.1120000000018,18.369232,2025-05-05,24.0
14.239999999997965,17.516912,2025-05-06,24.0
20.2800000000011,19.262901,2025-05-07,24.0
29.20799999999872,18.989841,2025-05-08,24.0
24.720000000001164,17.601143,2025-05-09,24.0
18.2879999999958,19.467577,2025-05-10,24.0
18.7428000000061,20.596348,2025-05-11,24.0
26.919999999998254,19.968664,2025-05-12,24.0
11.775999999998,19.577696,2025-05-13,24.0
27.73200000000361,21.72032,2025-05-14,24.0
33.90799999999581,20.63538,2025-05-15,24.0
20.631999999997788,20.878513,2025-05-16,24.0
22.927999999999884,22.185928,2025-05-17,24.0
27.4628000000072,22.150902,2025-05-18,24.0
17.479999999995925,21.4255,2025-05-19,24.0
25.427999999999884,22.286743,2025-05-20,24.0
22.12000000000262,22.824844,2025-05-21,24.0
21.18000000000029,23.229519,2025-05-22,24.0
18.0199999999968,21.10012,2025-05-23,24.0
22.451999999997497,20.50394,2025-05-24,24.0
21.2580000000054,20.255295,2025-05-25,24.0
16.419999999998254,20.574406,2025-05-26,24.0
28.512000000002445,21.16887,2025-05-27,24.0
21.855999999999767,21.371132,2025-05-28,24.0
29.919999999998254,23.023254,2025-05-29,24.0
14.663999999997031,21.637676,2025-05-30,24.0
20.31999999999971,22.022831,2025-05-31,24.0
10.448000000004,20.836533,2025-06-01,24.0
13.567999999999302,19.840448,2025-06-02,24.0
12.98399999999674,18.749302,2025-06-03,24.0
29.548000000002503,17.89042,2025-06-04,24.0
32.26000000000204,17.657051,2025-06-05,24.0
26.839999999996508,18.723988,2025-06-06,24.0
16.68000000000029,20.99861,2025-06-07,24.0
25.26000000000204,22.092548,2025-06-08,24.0
23.307999999997264,20.933489,2025-06-09,24.0
17.599999999998545,21.849636,2025-06-10,24.0
25.5600000000049,22.645214,2025-06-11,24.0
18.27999999999884,22.280415,2025-06-12,24.0
13.49199999999837,21.133076,2025-06-13,24.0
12.760000000002035,20.345291,2025-06-14,24.0
7.860000000000582,19.330215,2025-06-15,24.0
17.37800000000061,17.955614,2025-06-16,24.0
10.779999999998836,7.2726827,2024-09-18,25.0
13.860000000000582,7.215673,2024-09-19,25.0
6.959999999999127,7.2434096,2024-09-20,25.0
13.4900000000016,8.138765,2024-09-21,25.0
7.609999999996944,8.210083,2024-09-22,25.0
9.930000000000293,8.489788,2024-09-23,25.0
3.52800000000087,8.854644,2024-09-24,25.0
10.8280000000001,9.602879,2024-09-25,25.0
13.029999999998836,9.252997,2024-09-26,25.0
12.590000000000146,8.788584,2024-09-27,25.0
11.8000000000029,9.355829,2024-09-28,25.0
10.6099999999969,9.809412,2024-09-29,25.0
12.37000000000262,9.63134,2024-09-30,25.0
9.789999999997235,10.000378,2024-10-01,25.0
10.9280000000023,11.585116,2024-10-02,25.0
10.0099999999984,12.00262,2024-10-03,25.0
11.0800000000017,11.358704,2024-10-04,25.0
10.899999999997815,11.015154,2024-10-05,25.0
14.13000000000102,10.822891,2024-10-06,25.0
13.510000000002035,10.619039,2024-10-07,25.0
10.5599999999977,11.149253,2024-10-08,25.0
17.31999999999971,12.435169,2024-10-09,25.0
9.47000000000106,12.714376,2024-10-10,25.0
13.770000000000437,13.041613,2024-10-11,25.0
10.0999999999985,12.417082,2024-10-12,25.0
10.3899999999994,12.203358,2024-10-13,25.0
10.590000000000146,11.92067,2024-10-14,25.0
10.5280000000009,11.841692,2024-10-15,25.0
10.2280000000016,12.253845,2024-10-16,25.0
13.1199999999999,12.452849,2024-10-17,25.0
19.31999999999971,11.971937,2024-10-18,25.0
11.8499999999985,12.035891,2024-10-19,25.0
18.970000000001164,13.131323,2024-10-20,25.0
17.36999999999898,13.263842,2024-10-21,25.0
13.090000000000146,14.372893,2024-10-22,25.0
21.729999999999563,15.728474,2024-10-23,25.0
12.530000000002474,15.61536,2024-10-24,25.0
19.889999999999414,15.998834,2024-10-25,25.0
18.44999999999709,15.343254,2024-10-26,25.0
17.25,15.964697,2024-10-27,25.0
11.5900000000001,16.306175,2024-10-28,25.0
21.27000000000044,16.838564,2024-10-29,25.0
21.639999999999414,16.997286,2024-10-30,25.0
22.19000000000233,18.573746,2024-10-31,25.0
21.639999999999414,19.196487,2024-11-01,25.0
17.06000000000131,19.337849,2024-11-02,25.0
21.799999999999272,19.988089,2024-11-03,25.0
18.52000000000044,19.603027,2024-11-04,25.0
19.899999999997817,19.921867,2024-11-05,25.0
21.580000000001743,20.441692,2024-11-06,25.0
13.430000000000293,20.866444,2024-11-07,25.0
22.049999999999272,20.350243,2024-11-08,25.0
19.220000000001164,18.910519,2024-11-09,25.0
17.80999999999767,19.28511,2024-11-10,25.0
26.81000000000131,19.182285,2024-11-11,25.0
21.25,19.333744,2024-11-12,25.0
21.610000000000586,21.644611,2024-11-13,25.0
18.590000000000146,22.604012,2024-11-14,25.0
17.56999999999971,22.224964,2024-11-15,25.0
25.799999999999272,21.160004,2024-11-16,25.0
12.729999999999563,21.01419,2024-11-17,25.0
20.75,21.239025,2024-11-18,25.0
24.709999999999127,20.26942,2024-11-19,25.0
19.7280000000016,21.297766,2024-11-20,25.0
21.1199999999998,22.507534,2024-11-21,25.0
17.6188868980617,21.906185,2024-11-22,25.0
17.6966801264911,21.451794,2024-11-23,25.0
17.6678595660747,21.071186,2024-11-24,25.0
16.8365953036792,20.856077,2024-11-25,25.0
16.7537667998413,20.311039,2024-11-26,25.0
18.4327617177783,20.492239,2024-11-27,25.0
17.28628049797,20.777557,2024-11-28,25.0
17.8907244292557,19.93082,2024-11-29,25.0
25.2860000000001,19.429955,2024-11-30,25.0
37.79000000000087,19.03129,2024-12-01,25.0
27.07999999999447,20.189697,2024-12-02,25.0
29.770000000004075,24.204557,2024-12-03,25.0
27.739999999997963,26.018726,2024-12-04,25.0
27.220000000001164,27.134205,2024-12-05,25.0
33.93000000000029,26.497004,2024-12-06,25.0
32.62999999999738,26.177723,2024-12-07,25.0
28.81999999999971,27.253378,2024-12-08,25.0
26.7280000000052,28.723278,2024-12-09,25.0
35.29000000000087,29.577084,2024-12-10,25.0
35.45999999999913,30.333359,2024-12-11,25.0
26.229999999995925,31.768566,2024-12-12,25.0
30.2500000000038,31.232063,2024-12-13,25.0
27.729999999995925,30.016268,2024-12-14,25.0
30.720000000001164,29.765606,2024-12-15,25.0
32.9000000000011,29.84713,2024-12-16,25.0
30.25,30.635263,2024-12-17,25.0
29.76000000000204,32.22359,2024-12-18,25.0
26.7699999999968,33.21734,2024-12-19,25.0
28.1979999999967,31.905361,2024-12-20,25.0
27.0228000000049,30.556263,2024-12-21,25.0
26.32800000000134,30.454071,2024-12-22,25.0
28.487999999997555,30.44239,2024-12-23,25.0
30.1428000000002,30.171408,2024-12-24,25.0
27.987999999997555,30.971203,2024-12-25,25.0
31.16000000000349,31.621696,2024-12-26,25.0
25.959999999999127,29.218666,2024-12-27,25.0
23.652000000001863,28.832176,2024-12-28,25.0
26.0,28.852512,2024-12-29,25.0
35.187999999994645,28.258137,2024-12-30,25.0
31.652000000001863,28.203543,2024-12-31,25.0
22.959999999999127,30.007126,2025-01-01,25.0
25.62800000000425,30.858376,2025-01-02,25.0
28.3799999999974,28.510244,2025-01-03,25.0
23.919999999998254,27.082493,2025-01-04,25.0
26.080000000001743,27.134308,2025-01-05,25.0
36.69999999999709,26.597649,2025-01-06,25.0
30.580000000001743,26.277203,2025-01-07,25.0
32.102000000001,28.034733,2025-01-08,25.0
35.788000000000466,29.116026,2025-01-09,25.0
23.73200000000361,28.089317,2025-01-10,25.0
25.359999999993303,28.80185,2025-01-11,25.0
36.296000000002095,28.364159,2025-01-12,25.0
24.23200000000361,27.775047,2025-01-13,25.0
26.839999999996508,28.937927,2025-01-14,25.0
23.4320000000007,29.248371,2025-01-15,25.0
26.228000000002798,30.045156,2025-01-16,25.0
22.1199999999962,28.240463,2025-01-17,25.0
28.94800000000396,27.225779,2025-01-18,25.0
23.743999999998778,26.974678,2025-01-19,25.0
31.127999999996973,26.403278,2025-01-20,25.0
16.81999999999971,25.276371,2025-01-21,25.0
19.9320000000007,27.079655,2025-01-22,25.0
11.4879999999976,26.35339,2025-01-23,25.0
20.5280000000009,22.841047,2025-01-24,25.0
14.9280000000023,20.831825,2025-01-25,25.0
17.3109999999981,20.955875,2025-01-26,25.0
19.44800000000396,20.191933,2025-01-27,25.0
21.9000000000011,19.913244,2025-01-28,25.0
11.1999999999971,20.161865,2025-01-29,25.0
17.9280000000023,21.074215,2025-01-30,25.0
11.8079999999973,20.00704,2025-01-31,25.0
18.2800000000011,19.511251,2025-02-01,25.0
20.87199999999575,17.951818,2025-02-02,25.0
20.16800000000512,17.71235,2025-02-03,25.0
20.19199999999546,17.352034,2025-02-04,25.0
20.848000000005413,18.428896,2025-02-05,25.0
17.551999999996042,19.228062,2025-02-06,25.0
23.599999999998545,19.200905,2025-02-07,25.0
21.0280000000009,19.105167,2025-02-08,25.0
23.167999999997846,20.13083,2025-02-09,25.0
13.372000000003029,19.918427,2025-02-10,25.0
17.0,19.682129,2025-02-11,25.0
22.50800000000163,19.550251,2025-02-12,25.0
11.0,20.01273,2025-02-13,25.0
19.9109999999966,19.598278,2025-02-14,25.0
17.779999999998836,18.090271,2025-02-15,25.0
18.82800000000134,18.462387,2025-02-16,25.0
17.959999999999127,18.047127,2025-02-17,25.0
11.4228000000063,18.695091,2025-02-18,25.0
22.46799999999348,18.85719,2025-02-19,25.0
20.548000000002503,17.770771,2025-02-20,25.0
17.8228000000005,17.423536,2025-02-21,25.0
27.20799999999872,17.511993,2025-02-22,25.0
23.648000000001048,17.207108,2025-02-23,25.0
21.5828000000026,17.750008,2025-02-24,25.0
14.0879999999961,19.31173,2025-02-25,25.0
21.32800000000134,20.64408,2025-02-26,25.0
17.0280000000009,19.882595,2025-02-27,25.0
10.7839999999997,19.497215,2025-02-28,25.0
29.080000000001743,18.654165,2025-03-01,25.0
10.599999999998545,17.284113,2025-03-02,25.0
33.987999999997555,18.571445,2025-03-03,25.0
8.228000000002794,17.656137,2025-03-04,25.0
31.67199999999866,20.78239,2025-03-05,25.0
19.031999999999243,20.063904,2025-03-06,25.0
16.82800000000134,21.183155,2025-03-07,25.0
9.779999999998836,20.951462,2025-03-08,25.0
26.18000000000029,19.909992,2025-03-09,25.0
14.70799999999872,18.15662,2025-03-10,25.0
19.080000000001743,18.716778,2025-03-11,25.0
16.2109999999995,18.37312,2025-03-12,25.0
10.0280000000009,18.812153,2025-03-13,25.0
19.80000000000291,18.000294,2025-03-14,25.0
13.051999999996042,17.204103,2025-03-15,25.0
11.1200000000026,17.278952,2025-03-16,25.0
11.3079999999973,17.367748,2025-03-17,25.0
6.779999999998836,15.006963,2025-03-18,25.0
26.26000000000204,14.915226,2025-03-19,25.0
16.739999999997963,13.898836,2025-03-20,25.0
18.752000000000407,14.411119,2025-03-21,25.0
9.80800000000454,15.224251,2025-03-22,25.0
22.39999999999418,15.953144,2025-03-23,25.0
18.81999999999971,13.424825,2025-03-24,25.0
17.6280000000067,15.128956,2025-03-25,25.0
12.0109999999952,16.42964,2025-03-26,25.0
12.0,17.01044,2025-03-27,25.0
22.919999999998254,15.972632,2025-03-28,25.0
14.668000000005122,15.201424,2025-03-29,25.0
14.220000000001164,15.688631,2025-03-30,25.0
11.127999999997,14.842579,2025-03-31,25.0
11.3109999999981,14.894327,2025-04-01,25.0
20.580000000001743,15.59597,2025-04-02,25.0
17.87999999999738,14.269968,2025-04-03,25.0
11.7000000000044,14.5954485,2025-04-04,25.0
8.271999999997206,15.40304,2025-04-05,25.0
14.200000000004366,15.083664,2025-04-06,25.0
21.94799999999668,13.747242,2025-04-07,25.0
12.819999999999707,13.755076,2025-04-08,25.0
14.419999999998254,15.011534,2025-04-09,25.0
18.50800000000163,15.181751,2025-04-10,25.0
20.10399999999936,14.647738,2025-04-11,25.0
12.488000000004831,15.174997,2025-04-12,25.0
11.9399999999951,15.909939,2025-04-13,25.0
21.29200000000128,15.023269,2025-04-14,25.0
19.268000000003667,14.693404,2025-04-15,25.0
18.25199999999313,16.173008,2025-04-16,25.0
20.2580000000054,16.719265,2025-04-17,25.0
18.87999999999738,15.480114,2025-04-18,25.0
19.531999999999243,15.715673,2025-04-19,25.0
17.720000000001164,16.205627,2025-04-20,25.0
11.7200000000012,16.616661,2025-04-21,25.0
11.7279999999955,16.618856,2025-04-22,25.0
10.42000000000553,16.427795,2025-04-23,25.0
18.451999999997497,16.18338,2025-04-24,25.0
17.627999999996973,14.513524,2025-04-25,25.0
11.7480000000069,14.282833,2025-04-26,25.0
19.67199999999866,14.5512295,2025-04-27,25.0
17.32800000000134,14.134142,2025-04-28,25.0
18.77199999999721,14.9828825,2025-04-29,25.0
10.7880000000005,16.232609,2025-04-30,25.0
9.479999999995924,17.215199,2025-05-01,25.0
19.07200000000012,15.642464,2025-05-02,25.0
16.7109999999995,14.4496765,2025-05-03,25.0
11.9600000000064,14.086511,2025-05-04,25.0
16.547999999995227,13.691818,2025-05-05,25.0
11.6399999999994,13.783907,2025-05-06,25.0
17.028000000005704,14.737766,2025-05-07,25.0
17.7109999999995,14.782848,2025-05-08,25.0
16.52799999999843,13.846058,2025-05-09,25.0
16.30399999999645,14.059042,2025-05-10,25.0
9.68800000000192,14.388553,2025-05-11,25.0
17.30000000000291,14.415289,2025-05-12,25.0
9.919999999998254,13.711865,2025-05-13,25.0
11.5199999999968,14.253952,2025-05-14,25.0
16.228000000002794,13.866327,2025-05-15,25.0
11.1428000000002,13.357212,2025-05-16,25.0
8.247999999999593,13.078672,2025-05-17,25.0
17.591999999996915,12.324732,2025-05-18,25.0
12.888000000006286,10.9783535,2025-05-19,25.0
11.0799999999945,11.486266,2025-05-20,25.0
9.192000000002736,12.756416,2025-05-21,25.0
17.2879999999958,12.546072,2025-05-22,25.0
14.272000000004482,10.70992,2025-05-23,25.0
9.5199999999968,11.021836,2025-05-24,25.0
10.5480000000025,11.540846,2025-05-25,25.0
17.279999999998836,11.203977,2025-05-26,25.0
8.900000000001455,11.411982,2025-05-27,25.0
10.447999999996682,12.946152,2025-05-28,25.0
13.772000000004482,12.969362,2025-05-29,25.0
13.70799999999872,11.51026,2025-05-30,25.0
10.1319999999978,11.305353,2025-05-31,25.0
9.25799999999813,11.479851,2025-06-01,25.0
8.90280000000227,10.646367,2025-06-02,25.0
12.5880000000025,10.614485,2025-06-03,25.0
12.680000000000293,10.318857,2025-06-04,25.0
10.5879999999961,10.959654,2025-06-05,25.0
16.252000000000407,10.52103,2025-06-06,25.0
10.7320000000036,10.036917,2025-06-07,25.0
16.135999999998603,11.024434,2025-06-08,25.0
10.551999999996042,10.867701,2025-06-09,25.0
10.1200000000026,11.650994,2025-06-10,25.0
9.69999999999709,12.04718,2025-06-11,25.0
10.42000000000553,12.125482,2025-06-12,25.0
6.5679999999993015,11.089773,2025-06-13,25.0
7.18280000000101,10.269652,2025-06-14,25.0
5.73599999999711,9.898276,2025-06-15,25.0
9.727999999999156,9.12491,2025-06-16,25.0
18.709999999999127,16.157644,2024-09-18,26.0
11.8300000000017,15.850014,2024-09-19,26.0
24.830000000001743,15.308945,2024-09-20,26.0
29.18000000000029,14.637981,2024-09-21,26.0
13.599999999998545,15.611836,2024-09-22,26.0
12.099999999998545,18.35883,2024-09-23,26.0
16.2699999999968,18.55003,2024-09-24,26.0
18.91000000000349,18.138708,2024-09-25,26.0
21.839999999996508,18.367569,2024-09-26,26.0
11.4200000000055,17.525702,2024-09-27,26.0
21.2599999999985,17.269312,2024-09-28,26.0
22.089999999996508,16.153416,2024-09-29,26.0
14.080000000001746,16.16278,2024-09-30,26.0
19.4800000000032,17.65329,2024-10-01,26.0
17.919999999998254,18.622646,2024-10-02,26.0
21.209999999999127,19.485312,2024-10-03,26.0
11.9280000000023,19.297737,2024-10-04,26.0
18.70799999999872,18.72713,2024-10-05,26.0
13.031999999999243,17.06501,2024-10-06,26.0
22.1120000000018,16.852627,2024-10-07,26.0
19.987999999997555,16.575064,2024-10-08,26.0
26.080000000001743,18.131939,2024-10-09,26.0
17.799999999995634,19.305702,2024-10-10,26.0
21.720000000001164,20.055803,2024-10-11,26.0
27.18000000000029,19.669071,2024-10-12,26.0
24.0280000000009,19.415056,2024-10-13,26.0
24.768000000003667,20.724623,2024-10-14,26.0
27.583999999995285,21.693428,2024-10-15,26.0
19.228000000002798,23.013788,2024-10-16,26.0
21.05199999999604,24.437714,2024-10-17,26.0
19.708000000005995,23.108482,2024-10-18,26.0
13.419999999998254,22.37594,2024-10-19,26.0
21.88799999999901,21.94356,2024-10-20,26.0
2.559999999997672,20.813656,2024-10-21,26.0
25.952000000004773,20.934027,2024-10-22,26.0
10.727999999995518,19.190638,2024-10-23,26.0
14.6628000000043,20.74989,2024-10-24,26.0
17.288000000000466,18.914398,2024-10-25,26.0
21.18000000000029,17.738298,2024-10-26,26.0
24.77199999999721,17.327667,2024-10-27,26.0
18.548000000002503,17.584236,2024-10-28,26.0
17.947999999996682,18.907238,2024-10-29,26.0
20.55200000000332,19.440992,2024-10-30,26.0
11.0399999999936,20.271137,2024-10-31,26.0
24.80800000000454,19.87968,2024-11-01,26.0
4.8628000000014,18.193005,2024-11-02,26.0
4.207999999998719,19.173117,2024-11-03,26.0
19.807999999997264,16.865683,2024-11-04,26.0
16.952000000004773,15.712789,2024-11-05,26.0
7.207999999998719,16.285215,2024-11-06,26.0
16.1119999999946,17.47977,2024-11-07,26.0
26.7280000000052,15.800972,2024-11-08,26.0
19.339999999996508,15.33599,2024-11-09,26.0
20.139999999999414,16.88378,2024-11-10,26.0
11.6680000000051,17.369308,2024-11-11,26.0
16.39999999999418,17.9087,2024-11-12,26.0
19.872000000003027,18.12611,2024-11-13,26.0
8.659999999996217,18.22742,2024-11-14,26.0
11.372000000003,18.057167,2024-11-15,26.0
11.9879999999976,16.024794,2024-11-16,26.0
18.460000000006403,16.106705,2024-11-17,26.0
11.4319999999925,15.531807,2024-11-18,26.0
4.960000000006403,16.014666,2024-11-19,26.0
23.127999999996973,16.19039,2024-11-20,26.0
22.739999999997963,15.758045,2024-11-21,26.0
23.6920000000027,16.635672,2024-11-22,26.0
13.9416888999024,17.367363,2024-11-23,26.0
11.3126951892556,18.500221,2024-11-24,26.0
12.8091072126735,17.92456,2024-11-25,26.0
10.5665859070897,17.611437,2024-11-26,26.0
13.8911316141287,17.588152,2024-11-27,26.0
13.8182241314103,16.661005,2024-11-28,26.0
14.5579503166282,15.73986,2024-11-29,26.0
14.3519999999997,15.697591,2024-11-30,26.0
35.80800000000454,15.76605,2024-12-01,26.0
18.471999999994296,15.185362,2024-12-02,26.0
19.80000000000291,19.59362,2024-12-03,26.0
25.36800000000221,21.564606,2024-12-04,26.0
2.2399999999979627,21.852879,2024-12-05,26.0
22.2500000000038,21.609562,2024-12-06,26.0
17.17199999999866,18.64833,2024-12-07,26.0
24.1199999999962,18.946701,2024-12-08,26.0
19.98800000000483,18.93321,2024-12-09,26.0
19.531999999999243,20.210201,2024-12-10,26.0
23.0280000000009,21.392563,2024-12-11,26.0
16.2119999999931,21.693087,2024-12-12,26.0
22.9028000000023,21.720762,2024-12-13,26.0
16.2880000000031,20.46243,2024-12-14,26.0
21.2879999999958,20.864525,2024-12-15,26.0
14.639999999999418,19.868313,2024-12-16,26.0
24.132000000005064,20.68193,2024-12-17,26.0
16.5280000000009,21.209671,2024-12-18,26.0
18.639999999999414,22.273592,2024-12-19,26.0
21.69999999999709,21.789536,2024-12-20,26.0
14.37999999999738,21.020344,2024-12-21,26.0
9.10200000000099,21.664303,2024-12-22,26.0
23.548000000002503,20.744833,2024-12-23,26.0
7.319999999999709,19.441765,2024-12-24,26.0
36.19999999999709,21.293861,2024-12-25,26.0
24.18000000000029,19.933475,2024-12-26,26.0
26.18000000000029,21.249004,2024-12-27,26.0
16.81999999999971,21.96469,2024-12-28,26.0
24.70000000000437,23.114185,2024-12-29,26.0
5.69999999999709,22.471228,2024-12-30,26.0
7.207999999998719,23.270124,2024-12-31,26.0
32.07200000000012,21.770844,2025-01-01,26.0
26.639999999999414,20.094181,2025-01-02,26.0
19.380000000004657,20.306206,2025-01-03,26.0
25.02799999999843,20.426693,2025-01-04,26.0
23.5199999999968,20.170269,2025-01-05,26.0
30.832000000002157,21.168362,2025-01-06,26.0
16.4800000000032,21.634933,2025-01-07,26.0
22.39999999999418,23.984016,2025-01-08,26.0
25.27200000000448,23.175394,2025-01-09,26.0
23.360000000000586,21.2262,2025-01-10,26.0
26.807999999997264,21.277355,2025-01-11,26.0
31.05999999999767,21.646168,2025-01-12,26.0
26.1280000000067,22.11514,2025-01-13,26.0
25.247999999999596,24.072603,2025-01-14,26.0
23.463999999999945,25.947445,2025-01-15,26.0
21.0,26.791672,2025-01-16,26.0
25.919999999998254,25.471037,2025-01-17,26.0
18.18800000000192,24.542213,2025-01-18,26.0
12.1099999999953,25.00072,2025-01-19,26.0
17.50800000000163,23.09966,2025-01-20,26.0
16.2628000000029,20.733381,2025-01-21,26.0
13.647999999993772,21.643284,2025-01-22,26.0
32.9800000000032,21.86907,2025-01-23,26.0
24.692000000002736,18.499676,2025-01-24,26.0
25.38799999999901,19.580347,2025-01-25,26.0
26.5280000000009,20.318981,2025-01-26,26.0
25.339999999996508,21.59462,2025-01-27,26.0
22.55999999999767,22.715801,2025-01-28,26.0
20.080000000001743,24.065178,2025-01-29,26.0
12.5880000000025,24.37167,2025-01-30,26.0
1.7999999999956344,23.422955,2025-01-31,26.0
25.391999999999825,21.486355,2025-02-01,26.0
19.4800000000032,19.02272,2025-02-02,26.0
21.55200000000332,19.841919,2025-02-03,26.0
22.37599999999657,19.608429,2025-02-04,26.0
21.8628000000014,20.581503,2025-02-05,26.0
12.760000000002035,22.342127,2025-02-06,26.0
20.987999999997555,21.251556,2025-02-07,26.0
27.77199999999721,20.170185,2025-02-08,26.0
14.175999999999476,20.459148,2025-02-09,26.0
28.351999999998952,20.92878,2025-02-10,26.0
27.568000000006577,19.087917,2025-02-11,26.0
20.791999999994005,21.17005,2025-02-12,26.0
23.872000000003027,22.617903,2025-02-13,26.0
25.21600000000035,21.999157,2025-02-14,26.0
7.091999999996915,22.070358,2025-02-15,26.0
36.53199999999924,22.563486,2025-02-16,26.0
6.368000000002212,20.383661,2025-02-17,26.0
9.279999999998836,23.365128,2025-02-18,26.0
9.752000000000407,21.395927,2025-02-19,26.0
18.256000000001222,19.309822,2025-02-20,26.0
14.182800000001,17.05806,2025-02-21,26.0
23.5879999999961,16.937984,2025-02-22,26.0
29.66800000000512,15.992099,2025-02-23,26.0
2.1999999999970896,16.765778,2025-02-24,26.0
2.10399999999936,18.822672,2025-02-25,26.0
19.00800000000163,17.487883,2025-02-26,26.0
30.847999999998137,16.477522,2025-02-27,26.0
7.49199999999837,15.838255,2025-02-28,26.0
33.05200000000332,17.21172,2025-03-01,26.0
5.207999999998719,16.15399,2025-03-02,26.0
23.520000000004075,17.216682,2025-03-03,26.0
17.5199999999968,16.756542,2025-03-04,26.0
13.1120000000018,17.906593,2025-03-05,26.0
14.455999999998312,18.822458,2025-03-06,26.0
11.182800000001,17.113237,2025-03-07,26.0
7.239999999997963,17.025183,2025-03-08,26.0
27.30800000000454,16.06806,2025-03-09,26.0
20.77999999999884,13.580542,2025-03-10,26.0
2.680000000000291,15.57938,2025-03-11,26.0
25.52799999999843,17.141638,2025-03-12,26.0
10.8320000000022,16.427137,2025-03-13,26.0
12.567999999999302,16.40163,2025-03-14,26.0
3.21099999999953,16.220768,2025-03-15,26.0
14.75999999999476,15.223213,2025-03-16,26.0
13.30800000000454,14.446741,2025-03-17,26.0
9.279999999998836,13.25481,2025-03-18,26.0
22.55200000000332,12.808654,2025-03-19,26.0
14.859999999993306,12.754938,2025-03-20,26.0
12.932000000000698,13.007022,2025-03-21,26.0
13.30800000000454,14.031086,2025-03-22,26.0
10.37199999999575,14.368961,2025-03-23,26.0
10.760000000002035,12.495105,2025-03-24,26.0
2.228000000002794,12.17851,2025-03-25,26.0
10.907999999995807,13.134659,2025-03-26,26.0
4.919999999998254,11.647135,2025-03-27,26.0
18.4800000000032,10.858284,2025-03-28,26.0
16.10399999999936,10.667488,2025-03-29,26.0
3.567999999999301,11.5375185,2025-03-30,26.0
12.2800000000011,11.505217,2025-03-31,26.0
22.68800000000192,10.619478,2025-04-01,26.0
9.360000000000582,11.431032,2025-04-02,26.0
10.639999999999418,12.428745,2025-04-03,26.0
13.102000000001,11.646805,2025-04-04,26.0
16.0199999999968,11.754185,2025-04-05,26.0
11.3799999999974,11.764529,2025-04-06,26.0
10.760000000002,12.182411,2025-04-07,26.0
13.8280000000038,12.089618,2025-04-08,26.0
14.19999999999709,12.335064,2025-04-09,26.0
9.099999999998545,12.712364,2025-04-10,26.0
16.17199999999866,12.645396,2025-04-11,26.0
10.5280000000057,12.543656,2025-04-12,26.0
13.88799999999901,12.768997,2025-04-13,26.0
3.71099999999953,12.632957,2025-04-14,26.0
14.68800000000192,12.943775,2025-04-15,26.0
10.703999999997905,11.603743,2025-04-16,26.0
13.167999999997846,12.074416,2025-04-17,26.0
20.00800000000163,10.986407,2025-04-18,26.0
3.131999999997788,10.761974,2025-04-19,26.0
10.459999999999129,11.783929,2025-04-20,26.0
12.632000000005064,10.695603,2025-04-21,26.0
6.919999999998254,10.616339,2025-04-22,26.0
14.868000000002212,11.06032,2025-04-23,26.0
13.38799999999901,10.628541,2025-04-24,26.0
14.439999999995052,10.759868,2025-04-25,26.0
14.79200000000128,10.854773,2025-04-26,26.0
14.279999999998836,11.300234,2025-04-27,26.0
16.0,11.445074,2025-04-28,26.0
6.28800000000309,12.497366,2025-04-29,26.0
14.692000000002736,13.631702,2025-04-30,26.0
8.987999999997555,13.147095,2025-05-01,26.0
14.7109999999995,12.634779,2025-05-02,26.0
7.8399999999965075,11.79637,2025-05-03,26.0
20.00800000000163,11.6709,2025-05-04,26.0
17.73200000000361,10.645372,2025-05-05,26.0
12.75999999999476,11.994787,2025-05-06,26.0
14.260000000002035,13.892019,2025-05-07,26.0
12.4280000000023,13.968897,2025-05-08,26.0
11.1199999999962,12.880501,2025-05-09,26.0
7.52800000000087,12.5957,2025-05-10,26.0
13.18800000000192,12.261127,2025-05-11,26.0
9.131999999997788,11.316225,2025-05-12,26.0
10.6520000000018,11.183096,2025-05-13,26.0
14.455999999998312,11.501759,2025-05-14,26.0
10.7028000000052,11.281992,2025-05-15,26.0
5.41199999999744,11.819572,2025-05-16,26.0
7.292000000001281,11.437504,2025-05-17,26.0
13.187999999994643,10.547407,2025-05-18,26.0
6.92000000000553,9.017317,2025-05-19,26.0
13.623999999996158,9.095312,2025-05-20,26.0
18.908000000003085,9.433912,2025-05-21,26.0
10.9280000000023,9.840698,2025-05-22,26.0
7.791999999994005,10.296302,2025-05-23,26.0
16.616000000001804,10.261837,2025-05-24,26.0
9.592000000004193,10.050122,2025-05-25,26.0
11.4799999999959,10.633936,2025-05-26,26.0
9.52000000000287,11.260487,2025-05-27,26.0
9.75999999999476,11.74169,2025-05-28,26.0
13.599999999998545,11.571354,2025-05-29,26.0
9.42000000000553,10.608807,2025-05-30,26.0
7.108000000000175,10.588247,2025-05-31,26.0
6.759999999994761,10.27495,2025-06-01,26.0
18.4120000000039,9.253773,2025-06-02,26.0
10.9000000000011,9.366997,2025-06-03,26.0
13.87999999999738,10.627885,2025-06-04,26.0
20.192000000002736,10.718842,2025-06-05,26.0
10.147999999993772,10.589181,2025-06-06,26.0
7.692000000002736,11.682593,2025-06-07,26.0
12.448000000003958,11.589905,2025-06-08,26.0
10.20799999999872,10.552195,2025-06-09,26.0
11.3319999999949,10.928804,2025-06-10,26.0
9.62000000000262,11.320151,2025-06-11,26.0
17.30000000000291,11.668929,2025-06-12,26.0
6.239999999997963,10.601801,2025-06-13,26.0
8.531999999999243,11.178426,2025-06-14,26.0
6.908000000003085,10.781391,2025-06-15,26.0
7.0,10.187269,2025-06-16,26.0
11.0999999999985,11.408144,2024-09-18,27.0
17.272000000004482,11.008926,2024-09-19,27.0
18.07999999999447,10.551409,2024-09-20,27.0
20.360000000000586,11.442738,2024-09-21,27.0
10.0,12.52544,2024-09-22,27.0
8.247999999999593,13.7763605,2024-09-23,27.0
9.28000000000146,14.027599,2024-09-24,27.0
11.5280000000009,13.861789,2024-09-25,27.0
21.94799999999668,13.672636,2024-09-26,27.0
18.2800000000011,12.255549,2024-09-27,27.0
16.47200000000157,13.342516,2024-09-28,27.0
11.2799999999988,14.226385,2024-09-29,27.0
17.779999999998836,14.198513,2024-09-30,27.0
13.62000000000262,14.127836,2024-10-01,27.0
13.591999999996917,16.004742,2024-10-02,27.0
16.768000000003667,16.725563,2024-10-03,27.0
13.19999999999709,15.774768,2024-10-04,27.0
18.832000000002157,15.276293,2024-10-05,27.0
20.5679999999993,14.637954,2024-10-06,27.0
18.12800000000425,15.029392,2024-10-07,27.0
13.319999999999707,16.342346,2024-10-08,27.0
16.471999999994296,17.70961,2024-10-09,27.0
13.9800000000032,17.866703,2024-10-10,27.0
11.3079999999973,16.951447,2024-10-11,27.0
11.2000000000044,16.02123,2024-10-12,27.0
19.351999999998952,14.96434,2024-10-13,27.0
18.44799999999668,14.373356,2024-10-14,27.0
16.520000000004075,15.212713,2024-10-15,27.0
25.360000000000586,16.750336,2024-10-16,27.0
14.131999999997788,17.558365,2024-10-17,27.0
17.2109999999995,18.820766,2024-10-18,27.0
10.5760000000009,18.247784,2024-10-19,27.0
13.951999999997495,17.853416,2024-10-20,27.0
9.592000000004193,16.560587,2024-10-21,27.0
9.135999999998605,16.15069,2024-10-22,27.0
26.951999999997497,15.892149,2024-10-23,27.0
13.3109999999981,15.315973,2024-10-24,27.0
10.0880000000025,16.670103,2024-10-25,27.0
21.459999999999127,16.551903,2024-10-26,27.0
18.692000000002736,15.772842,2024-10-27,27.0
13.847999999998136,16.253937,2024-10-28,27.0
11.8320000000022,16.907206,2024-10-29,27.0
28.2579999999981,17.269554,2024-10-30,27.0
20.10800000000017,16.93936,2024-10-31,27.0
14.5028000000008,18.581375,2024-11-01,27.0
19.4119999999974,18.9948,2024-11-02,27.0
19.47200000000157,18.44963,2024-11-03,27.0
17.927999999999884,18.656418,2024-11-04,27.0
10.052000000003318,19.003052,2024-11-05,27.0
26.427999999999884,19.724472,2024-11-06,27.0
20.3839999999982,18.499315,2024-11-07,27.0
11.8079999999973,18.966858,2024-11-08,27.0
23.031999999999243,19.32139,2024-11-09,27.0
13.427999999999884,18.158638,2024-11-10,27.0
21.2580000000054,18.759476,2024-11-11,27.0
14.86399999999412,18.313267,2024-11-12,27.0
20.66800000000512,20.038425,2024-11-13,27.0
23.31999999999971,19.867205,2024-11-14,27.0
11.1800000000003,19.619839,2024-11-15,27.0
19.791999999994005,20.038425,2024-11-16,27.0
20.80000000000291,19.15815,2024-11-17,27.0
16.37600000000384,18.833761,2024-11-18,27.0
11.7439999999988,19.392273,2024-11-19,27.0
16.135999999998603,20.283014,2024-11-20,27.0
20.67199999999866,19.595467,2024-11-21,27.0
20.9000000000014,18.33134,2024-11-22,27.0
17.5395544965633,18.771568,2024-11-23,27.0
19.6283102541144,19.088072,2024-11-24,27.0
16.3021699682286,19.26381,2024-11-25,27.0
11.5928366105823,19.646223,2024-11-26,27.0
21.3658000612552,20.180592,2024-11-27,27.0
19.696906930591,19.805937,2024-11-28,27.0
17.1725363375698,19.139194,2024-11-29,27.0
22.4491999999998,19.395393,2024-11-30,27.0
30.5679999999993,19.219933,2024-12-01,27.0
32.832000000002154,19.474735,2024-12-02,27.0
22.927999999999884,22.29478,2024-12-03,27.0
38.76799999999639,25.55782,2024-12-04,27.0
26.77200000000448,26.096395,2024-12-05,27.0
18.9320000000007,27.232452,2024-12-06,27.0
31.167999999997846,27.065804,2024-12-07,27.0
29.4800000000032,25.893917,2024-12-08,27.0
20.27199999999721,26.866426,2024-12-09,27.0
21.0879999999961,28.102913,2024-12-10,27.0
41.26000000000204,28.045458,2024-12-11,27.0
17.419999999998254,27.597483,2024-12-12,27.0
24.580000000001743,28.359161,2024-12-13,27.0
19.788000000000466,26.70045,2024-12-14,27.0
44.13199999999779,26.097054,2024-12-15,27.0
23.18000000000029,25.610382,2024-12-16,27.0
22.391999999999825,28.962463,2024-12-17,27.0
31.81600000000617,29.837238,2024-12-18,27.0
18.359999999993303,29.627113,2024-12-19,27.0
30.692000000002736,29.081047,2024-12-20,27.0
22.0,27.539436,2024-12-21,27.0
38.16000000000349,28.02808,2024-12-22,27.0
20.46800000000076,27.45135,2024-12-23,27.0
24.99199999999837,29.278671,2024-12-24,27.0
42.92799999999989,29.686663,2024-12-25,27.0
16.19199999999546,29.455301,2024-12-26,27.0
18.10000000000582,29.919197,2024-12-27,27.0
20.739999999997963,28.074184,2024-12-28,27.0
33.84799999999814,27.19545,2024-12-29,27.0
19.2109999999995,25.999096,2024-12-30,27.0
17.080000000001746,27.66402,2024-12-31,27.0
33.9320000000007,27.325851,2025-01-01,27.0
25.247999999999596,25.864603,2025-01-02,27.0
19.2879999999958,26.33347,2025-01-03,27.0
32.9600000000064,25.406458,2025-01-04,27.0
31.27199999999721,24.308052,2025-01-05,27.0
17.68800000000192,25.059856,2025-01-06,27.0
18.68000000000029,26.451962,2025-01-07,27.0
36.479999999995925,25.550665,2025-01-08,27.0
18.743999999998778,24.405216,2025-01-09,27.0
27.4280000000023,24.94479,2025-01-10,27.0
19.927999999999884,24.134727,2025-01-11,27.0
24.68800000000192,24.505346,2025-01-12,27.0
22.063999999998487,23.479147,2025-01-13,27.0
14.027999999998428,23.822018,2025-01-14,27.0
35.45200000000477,24.818027,2025-01-15,27.0
18.8119999999989,24.313389,2025-01-16,27.0
27.091999999996915,25.115376,2025-01-17,27.0
23.26000000000204,24.274319,2025-01-18,27.0
28.139999999999414,24.548233,2025-01-19,27.0
14.987999999997555,23.27446,2025-01-20,27.0
16.752000000000407,23.960497,2025-01-21,27.0
26.27999999999884,24.151476,2025-01-22,27.0
13.872000000003029,23.418951,2025-01-23,27.0
14.9360000000011,21.592424,2025-01-24,27.0
21.5028000000008,19.47434,2025-01-25,27.0
24.57600000000093,19.172852,2025-01-26,27.0
11.351999999999,20.054092,2025-01-27,27.0
13.551999999996042,20.941116,2025-01-28,27.0
33.2800000000011,20.772022,2025-01-29,27.0
12.919999999998254,19.875513,2025-01-30,27.0
13.160000000003492,22.354467,2025-01-31,27.0
12.788000000000466,20.853432,2025-02-01,27.0
23.252000000000407,19.403625,2025-02-02,27.0
11.148000000001,17.84181,2025-02-03,27.0
13.0109999999952,18.680012,2025-02-04,27.0
25.2880000000031,18.486769,2025-02-05,27.0
12.5199999999968,18.184109,2025-02-06,27.0
11.6399999999994,18.488525,2025-02-07,27.0
23.47200000000157,18.250843,2025-02-08,27.0
25.86800000000221,17.786352,2025-02-09,27.0
10.5800000000017,17.75554,2025-02-10,27.0
12.0199999999968,18.710243,2025-02-11,27.0
25.612000000001,18.926353,2025-02-12,27.0
14.2579999999981,17.7561,2025-02-13,27.0
10.18800000000192,18.40146,2025-02-14,27.0
19.012000000002445,17.372026,2025-02-15,27.0
20.90799999999581,16.84996,2025-02-16,27.0
19.0280000000009,16.40154,2025-02-17,27.0
8.98399999999674,17.923582,2025-02-18,27.0
25.60000000000582,18.706345,2025-02-19,27.0
12.495999999999183,16.989483,2025-02-20,27.0
10.351999999998952,17.247847,2025-02-21,27.0
18.27999999999884,17.093193,2025-02-22,27.0
26.9800000000032,15.917332,2025-02-23,27.0
27.55999999999767,14.882133,2025-02-24,27.0
14.319999999999707,17.189903,2025-02-25,27.0
31.747999999999596,20.124008,2025-02-26,27.0
18.78399999999965,19.538918,2025-02-27,27.0
10.487999999997555,20.890348,2025-02-28,27.0
16.208000000005995,20.62413,2025-03-01,27.0
24.023999999997613,18.838879,2025-03-02,27.0
11.9760000000024,17.836224,2025-03-03,27.0
17.451999999997497,18.616169,2025-03-04,27.0
26.131999999997788,18.385372,2025-03-05,27.0
3.70799999999872,18.616497,2025-03-06,27.0
5.9320000000006985,19.602093,2025-03-07,27.0
11.5679999999993,18.057194,2025-03-08,27.0
13.960000000006405,16.870234,2025-03-09,27.0
8.719999999993888,15.876063,2025-03-10,27.0
17.560000000004948,14.529778,2025-03-11,27.0
11.0280000000009,13.915657,2025-03-12,27.0
6.180000000000291,14.163828,2025-03-13,27.0
13.1199999999962,13.353289,2025-03-14,27.0
8.819999999999709,12.823902,2025-03-15,27.0
13.080000000001746,13.166403,2025-03-16,27.0
5.099999999998545,12.484858,2025-03-17,27.0
8.919999999998254,12.074521,2025-03-18,27.0
17.220000000001164,11.018875,2025-03-19,27.0
10.031999999999243,10.08059,2025-03-20,27.0
10.520000000004076,10.415567,2025-03-21,27.0
21.927999999999884,11.262144,2025-03-22,27.0
9.279999999998836,11.585535,2025-03-23,27.0
10.231999999996331,11.849995,2025-03-24,27.0
8.080000000001746,12.48883,2025-03-25,27.0
22.5679999999993,12.393795,2025-03-26,27.0
8.71099999999953,12.202645,2025-03-27,27.0
16.32800000000134,13.420769,2025-03-28,27.0
13.048000000002505,13.209179,2025-03-29,27.0
16.10399999999936,13.164849,2025-03-30,27.0
10.2579999999981,12.332027,2025-03-31,27.0
13.027999999998428,13.026258,2025-04-01,27.0
13.652000000001864,13.450224,2025-04-02,27.0
7.788000000000466,12.801867,2025-04-03,27.0
8.12000000000262,12.613184,2025-04-04,27.0
8.91099999999662,12.722856,2025-04-05,27.0
13.639999999999418,11.787744,2025-04-06,27.0
9.52000000000287,11.33003,2025-04-07,27.0
9.659999999996217,11.862345,2025-04-08,27.0
14.972000000001572,12.173103,2025-04-09,27.0
8.775999999998021,11.598818,2025-04-10,27.0
9.81099999999808,11.771986,2025-04-11,27.0
16.0,12.033545,2025-04-12,27.0
8.97200000000117,11.840765,2025-04-13,27.0
3.868000000002212,11.901748,2025-04-14,27.0
4.012000000002445,11.78382,2025-04-15,27.0
16.255999999993946,10.988001,2025-04-16,27.0
7.952000000004773,10.0285,2025-04-17,27.0
13.67199999999866,9.854429,2025-04-18,27.0
11.2800000000011,9.53678,2025-04-19,27.0
8.9759999999951,10.118334,2025-04-20,27.0
8.60000000000582,10.021075,2025-04-21,27.0
9.572000000000116,10.062313,2025-04-22,27.0
18.719999999993888,10.138351,2025-04-23,27.0
7.12800000000669,9.982153,2025-04-24,27.0
8.96799999999258,10.945299,2025-04-25,27.0
17.160000000003492,10.509984,2025-04-26,27.0
9.591999999996917,10.100082,2025-04-27,27.0
10.4800000000032,10.839736,2025-04-28,27.0
16.959999999999127,11.276842,2025-04-29,27.0
11.0800000000017,11.987755,2025-04-30,27.0
11.7999999999956,12.94672,2025-05-01,27.0
11.0600000000049,12.632031,2025-05-02,27.0
18.659999999996217,12.230387,2025-05-03,27.0
12.139999999999418,11.434635,2025-05-04,27.0
8.959999999999127,11.976786,2025-05-05,27.0
8.60000000000582,12.47123,2025-05-06,27.0
17.07999999999447,12.664602,2025-05-07,27.0
10.7800000000061,11.7729435,2025-05-08,27.0
10.6800000000003,11.437013,2025-05-09,27.0
11.6079999999929,11.603128,2025-05-10,27.0
17.960000000006403,11.274363,2025-05-11,27.0
13.591999999996917,11.304925,2025-05-12,27.0
13.072000000000116,12.419622,2025-05-13,27.0
17.788000000000466,12.871622,2025-05-14,27.0
14.932000000000698,13.025453,2025-05-15,27.0
11.2799999999988,13.653116,2025-05-16,27.0
11.6960000000036,13.594397,2025-05-17,27.0
11.5839999999953,12.634676,2025-05-18,27.0
11.648000000001,11.497758,2025-05-19,27.0
13.447999999996682,11.419405,2025-05-20,27.0
20.652000000001863,12.378112,2025-05-21,27.0
11.4199999999983,12.473445,2025-05-22,27.0
16.220000000001164,12.782637,2025-05-23,27.0
19.252000000000407,12.530607,2025-05-24,27.0
19.10800000000017,12.988325,2025-05-25,27.0
17.30000000000291,13.8064,2025-05-26,27.0
16.760000000002037,15.440857,2025-05-27,27.0
20.127999999996973,16.515171,2025-05-28,27.0
22.591999999996915,16.722136,2025-05-29,27.0
14.648000000001048,16.424387,2025-05-30,27.0
19.27999999999884,16.499378,2025-05-31,27.0
10.560000000004948,15.930224,2025-06-01,27.0
18.07200000000012,15.987979,2025-06-02,27.0
22.007999999994357,15.609316,2025-06-03,27.0
20.720000000001164,16.147099,2025-06-04,27.0
21.12000000000262,17.435535,2025-06-05,27.0
18.0,17.85302,2025-06-06,27.0
18.19999999999709,17.731035,2025-06-07,27.0
16.172000000005937,17.5401,2025-06-08,27.0
16.619999999995343,17.197536,2025-06-09,27.0
17.660000000003492,17.217617,2025-06-10,27.0
17.979999999995925,17.653309,2025-06-11,27.0
11.9599999999991,18.190926,2025-06-12,27.0
10.720000000001164,17.268677,2025-06-13,27.0
10.512000000002445,15.891848,2025-06-14,27.0
9.927999999999884,14.883001,2025-06-15,27.0
17.2559999999977,13.983255,2025-06-16,27.0
19.61200000000099,10.602266,2024-09-18,28.0
12.2580000000054,10.057125,2024-09-19,28.0
8.543999999994412,10.997021,2024-09-20,28.0
22.16800000000512,11.24255,2024-09-21,28.0
6.680000000000291,10.515259,2024-09-22,28.0
10.739999999997965,11.883892,2024-09-23,28.0
3.900000000001455,12.142397,2024-09-24,28.0
17.76799999999639,12.31891,2024-09-25,28.0
32.2628000000029,11.766538,2024-09-26,28.0
13.296000000002095,11.8678665,2024-09-27,28.0
11.3199999999997,14.803805,2024-09-28,28.0
13.063999999998488,14.770943,2024-09-29,28.0
13.360000000000582,13.27648,2024-09-30,28.0
11.0799999999945,13.217962,2024-10-01,28.0
14.680000000000293,14.582348,2024-10-02,28.0
8.28800000000309,14.33281,2024-10-03,28.0
12.68800000000192,13.780167,2024-10-04,28.0
12.663999999997031,13.126389,2024-10-05,28.0
19.88799999999901,12.320214,2024-10-06,28.0
12.42000000000553,12.173185,2024-10-07,28.0
18.49199999999837,13.420544,2024-10-08,28.0
14.279999999998836,14.492197,2024-10-09,28.0
16.68800000000192,15.623476,2024-10-10,28.0
12.447999999996682,14.536562,2024-10-11,28.0
14.4120000000039,14.250454,2024-10-12,28.0
14.37999999999738,13.577499,2024-10-13,28.0
16.0280000000009,13.517138,2024-10-14,28.0
29.080000000001743,13.910326,2024-10-15,28.0
16.37999999999738,14.898331,2024-10-16,28.0
10.2109999999995,17.797419,2024-10-17,28.0
22.89600000000064,18.254381,2024-10-18,28.0
21.9109999999966,16.931667,2024-10-19,28.0
20.0280000000009,17.337168,2024-10-20,28.0
16.47200000000157,18.074707,2024-10-21,28.0
21.0679999999993,18.767948,2024-10-22,28.0
45.36000000000058,18.856838,2024-10-23,28.0
13.131999999997788,19.69273,2024-10-24,28.0
27.959999999999127,23.557507,2024-10-25,28.0
12.280000000006112,22.374426,2024-10-26,28.0
26.127999999996973,22.83565,2024-10-27,28.0
24.288000000000466,21.308641,2024-10-28,28.0
11.5120000000024,22.063248,2024-10-29,28.0
23.339999999996508,22.896736,2024-10-30,28.0
23.70000000000437,22.029348,2024-10-31,28.0
21.471999999994296,22.222704,2024-11-01,28.0
37.70799999999872,21.874496,2024-11-02,28.0
19.080000000001743,21.771278,2024-11-03,28.0
17.8280000000038,24.451138,2024-11-04,28.0
21.31999999999971,24.333618,2024-11-05,28.0
22.0679999999993,24.11979,2024-11-06,28.0
31.091999999996915,23.48457,2024-11-07,28.0
28.4280000000023,22.516975,2024-11-08,28.0
31.099999999998545,22.820385,2024-11-09,28.0
33.7109999999995,23.817085,2024-11-10,28.0
12.77599999999802,25.142391,2024-11-11,28.0
11.5428000000017,26.817356,2024-11-12,28.0
35.080000000001746,26.000805,2024-11-13,28.0
19.76000000000204,24.54039,2024-11-14,28.0
24.247999999999596,25.510105,2024-11-15,28.0
22.99199999999837,24.215004,2024-11-16,28.0
13.247999999999593,23.545609,2024-11-17,28.0
25.79200000000128,23.25832,2024-11-18,28.0
11.6880000000019,22.56532,2024-11-19,28.0
23.639999999999414,24.025526,2024-11-20,28.0
30.55999999999767,23.399664,2024-11-21,28.0
18.1120000000018,22.48299,2024-11-22,28.0
36.08000000000175,23.162266,2024-11-23,28.0
32.3359999999956,22.292738,2024-11-24,28.0
19.9251861144116,24.212006,2024-11-25,28.0
17.1185420222666,26.382774,2024-11-26,28.0
20.599506533894,26.590975,2024-11-27,28.0
22.5172004720947,25.503746,2024-11-28,28.0
22.2028874428173,24.017933,2024-11-29,28.0
20.8512000000002,23.278366,2024-11-30,28.0
24.93999999999505,22.815113,2024-12-01,28.0
27.50800000000163,22.531513,2024-12-02,28.0
24.252000000000407,23.404758,2024-12-03,28.0
47.16000000000349,25.323853,2024-12-04,28.0
44.87999999999738,26.001358,2024-12-05,28.0
43.74799999999959,28.300764,2024-12-06,28.0
26.4280000000023,30.769032,2024-12-07,28.0
25.5028000000008,32.175472,2024-12-08,28.0
37.28800000000047,32.22349,2024-12-09,28.0
26.19999999999709,32.38937,2024-12-10,28.0
22.239999999997963,34.410236,2024-12-11,28.0
37.700000000004366,34.89101,2024-12-12,28.0
20.0280000000009,31.408281,2024-12-13,28.0
31.2109999999995,30.602781,2024-12-14,28.0
41.72000000000117,29.09966,2024-12-15,28.0
14.1199999999962,29.572151,2024-12-16,28.0
39.36000000000058,32.00419,2024-12-17,28.0
36.69599999999628,30.72272,2024-12-18,28.0
28.5200000000041,32.441708,2024-12-19,28.0
37.65200000000186,32.67979,2024-12-20,28.0
38.65199999999459,31.131771,2024-12-21,28.0
28.7680000000037,32.039623,2024-12-22,28.0
28.247999999999596,34.03104,2024-12-23,28.0
25.6399999999994,33.924778,2024-12-24,28.0
39.08000000000175,35.084145,2024-12-25,28.0
39.49199999999837,34.98128,2024-12-26,28.0
29.46800000000076,32.60784,2024-12-27,28.0
41.799999999995634,32.97188,2024-12-28,28.0
29.80000000000291,32.371185,2024-12-29,28.0
28.73200000000361,33.55575,2024-12-30,28.0
45.69199999999546,34.358913,2024-12-31,28.0
37.74799999999959,34.6486,2025-01-01,28.0
28.020000000004075,36.561306,2025-01-02,28.0
39.63999999999942,36.229053,2025-01-03,28.0
10.739999999997965,33.52885,2025-01-04,28.0
36.57200000000012,33.56101,2025-01-05,28.0
28.6960000000036,30.492622,2025-01-06,28.0
22.99199999999837,31.161808,2025-01-07,28.0
25.0319999999992,31.592377,2025-01-08,28.0
28.18800000000192,30.365963,2025-01-09,28.0
28.05999999999767,27.894985,2025-01-10,28.0
39.39199999999983,27.253792,2025-01-11,28.0
39.63999999999942,26.883938,2025-01-12,28.0
36.0679999999993,28.90243,2025-01-13,28.0
29.580000000001743,30.494022,2025-01-14,28.0
22.728000000002798,31.73663,2025-01-15,28.0
17.86399999999412,32.549965,2025-01-16,28.0
18.46800000000076,30.807074,2025-01-17,28.0
19.2280000000052,28.1268,2025-01-18,28.0
31.87999999999738,27.46828,2025-01-19,28.0
29.080000000001743,24.647219,2025-01-20,28.0
36.2109999999995,24.620798,2025-01-21,28.0
45.23999999999796,26.271908,2025-01-22,28.0
29.4119999999974,28.254065,2025-01-23,28.0
20.77200000000448,29.1376,2025-01-24,28.0
22.639999999999414,28.630402,2025-01-25,28.0
23.55999999999767,27.322483,2025-01-26,28.0
25.6280000000042,26.913801,2025-01-27,28.0
16.479999999995925,26.492504,2025-01-28,28.0
20.29200000000128,27.046322,2025-01-29,28.0
29.26799999999639,26.053478,2025-01-30,28.0
24.77200000000448,24.74561,2025-01-31,28.0
11.4519999999975,25.134485,2025-02-01,28.0
19.32800000000134,24.798075,2025-02-02,28.0
17.288000000000466,22.430557,2025-02-03,28.0
42.83200000000216,22.038326,2025-02-04,28.0
24.57999999999447,22.012995,2025-02-05,28.0
37.9280000000023,25.541693,2025-02-06,28.0
27.512000000002445,25.00894,2025-02-07,28.0
32.1099999999953,26.804571,2025-02-08,28.0
18.456000000005588,27.116966,2025-02-09,28.0
20.971999999994296,27.349937,2025-02-10,28.0
17.427999999999884,25.57534,2025-02-11,28.0
27.27200000000448,26.067215,2025-02-12,28.0
4.351999999998952,25.508446,2025-02-13,28.0
7.82800000000125,24.186274,2025-02-14,28.0
9.331999999994878,20.771748,2025-02-15,28.0
25.908000000003085,19.602495,2025-02-16,28.0
19.50800000000163,18.245258,2025-02-17,28.0
12.61200000000099,20.38818,2025-02-18,28.0
6.939999999995052,19.371407,2025-02-19,28.0
19.80800000000454,18.53041,2025-02-20,28.0
33.9519999999975,15.213403,2025-02-21,28.0
18.52799999999843,15.305625,2025-02-22,28.0
28.1120000000018,16.905787,2025-02-23,28.0
4.620000000002619,16.905743,2025-02-24,28.0
11.7479999999996,18.829706,2025-02-25,28.0
25.943999999995867,18.054329,2025-02-26,28.0
28.31999999999971,16.728085,2025-02-27,28.0
3.32800000000125,17.331875,2025-02-28,28.0
9.88799999999901,18.951004,2025-03-01,28.0
24.919999999998254,17.034035,2025-03-02,28.0
8.90280000000227,15.180841,2025-03-03,28.0
7.847999999998137,16.350128,2025-03-04,28.0
8.52000000000287,15.648317,2025-03-05,28.0
9.760000000002035,15.807629,2025-03-06,28.0
13.527999999998428,14.441087,2025-03-07,28.0
25.0,12.764021,2025-03-08,28.0
8.959999999999127,12.711099,2025-03-09,28.0
9.83200000000211,13.536018,2025-03-10,28.0
8.807999999997264,13.55138,2025-03-11,28.0
8.052000000003318,13.131909,2025-03-12,28.0
26.0109999999952,12.724007,2025-03-13,28.0
9.200000000004366,10.501503,2025-03-14,28.0
19.29599999999482,12.808116,2025-03-15,28.0
12.031999999999243,12.945902,2025-03-16,28.0
9.22800000000524,13.191381,2025-03-17,28.0
10.479999999995924,12.62611,2025-03-18,28.0
17.660000000003492,11.917427,2025-03-19,28.0
14.131999999997788,11.8210335,2025-03-20,28.0
8.368000000002212,11.543637,2025-03-21,28.0
7.659999999996216,12.4799795,2025-03-22,28.0
6.480000000003201,11.684968,2025-03-23,28.0
11.8919999999998,9.969443,2025-03-24,28.0
10.656000000002678,9.8710165,2025-03-25,28.0
8.31099999999808,10.609375,2025-03-26,28.0
26.099999999998545,11.614429,2025-03-27,28.0
18.012000000002445,9.967079,2025-03-28,28.0
20.4119999999974,12.464087,2025-03-29,28.0
5.91099999999662,12.672389,2025-03-30,28.0
10.6880000000019,13.054795,2025-03-31,28.0
11.5999999999985,12.324322,2025-04-01,28.0
6.120000000002619,12.516832,2025-04-02,28.0
5.71099999999953,11.401381,2025-04-03,28.0
5.92800000000233,9.446478,2025-04-04,28.0
17.427999999999884,9.931086,2025-04-05,28.0
12.731999999996331,9.541192,2025-04-06,28.0
7.52800000000087,10.423792,2025-04-07,28.0
10.9919999999984,10.951718,2025-04-08,28.0
9.319999999999707,10.6764145,2025-04-09,28.0
17.068000000006577,11.21487,2025-04-10,28.0
18.57999999999447,9.805031,2025-04-11,28.0
14.880000000004657,10.970672,2025-04-12,28.0
7.847999999998137,11.677391,2025-04-13,28.0
18.2539999999973,12.186758,2025-04-14,28.0
18.747999999999596,11.704683,2025-04-15,28.0
24.46800000000076,12.469301,2025-04-16,28.0
6.572000000000116,13.524171,2025-04-17,28.0
5.788000000000466,14.221948,2025-04-18,28.0
7.14280000000023,13.317919,2025-04-19,28.0
14.468000000000757,11.905746,2025-04-20,28.0
11.2579999999981,10.626789,2025-04-21,28.0
7.42800000000233,11.124613,2025-04-22,28.0
9.11200000000186,11.338609,2025-04-23,28.0
17.3109999999981,11.239462,2025-04-24,28.0
19.847999999998137,10.495727,2025-04-25,28.0
10.32800000000134,10.853911,2025-04-26,28.0
14.360000000000582,11.837126,2025-04-27,28.0
12.731999999996331,11.755317,2025-04-28,28.0
14.21200000000681,12.073118,2025-04-29,28.0
10.3999999999942,12.664721,2025-04-30,28.0
10.968000000000757,12.546921,2025-05-01,28.0
10.5279999999984,11.77556,2025-05-02,28.0
11.7428000000061,11.750743,2025-05-03,28.0
10.187999999994643,11.00693,2025-05-04,28.0
8.42000000000553,10.225235,2025-05-05,28.0
10.96799999999348,10.287166,2025-05-06,28.0
8.680000000000291,10.587384,2025-05-07,28.0
11.2720000000045,10.867554,2025-05-08,28.0
10.1399999999994,9.4872265,2025-05-09,28.0
12.4280000000023,9.387629,2025-05-10,28.0
10.0599999999977,9.551033,2025-05-11,28.0
10.0999999999985,9.598595,2025-05-12,28.0
18.30000000000291,9.575933,2025-05-13,28.0
10.69999999999709,9.636035,2025-05-14,28.0
14.62000000000262,10.876104,2025-05-15,28.0
9.099999999998545,10.860778,2025-05-16,28.0
8.851999999998952,10.928625,2025-05-17,28.0
10.135999999998605,10.2303095,2025-05-18,28.0
10.492000000005646,9.129453,2025-05-19,28.0
10.907999999995807,8.980633,2025-05-20,28.0
19.599999999998545,9.655952,2025-05-21,28.0
14.720000000001164,9.886777,2025-05-22,28.0
11.0639999999985,10.406763,2025-05-23,28.0
13.560000000004948,10.895283,2025-05-24,28.0
19.0879999999961,10.8161125,2025-05-25,28.0
11.2079999999987,10.924181,2025-05-26,28.0
9.61200000000099,12.747189,2025-05-27,28.0
11.1600000000035,12.960327,2025-05-28,28.0
11.5800000000017,12.652862,2025-05-29,28.0
14.007999999994354,11.503273,2025-05-30,28.0
23.720000000001164,10.949844,2025-05-31,28.0
12.7109999999995,10.894493,2025-06-01,28.0
12.880000000004657,12.552823,2025-06-02,28.0
17.239999999997963,13.251013,2025-06-03,28.0
28.5199999999968,13.194754,2025-06-04,28.0
24.9800000000032,13.672588,2025-06-05,28.0
18.987999999997555,15.791233,2025-06-06,28.0
16.919999999998254,16.913002,2025-06-07,28.0
17.9120000000039,16.927963,2025-06-08,28.0
12.32800000000134,16.386318,2025-06-09,28.0
13.639999999999418,16.839134,2025-06-10,28.0
18.4320000000007,16.56855,2025-06-11,28.0
17.239999999997963,16.405478,2025-06-12,28.0
16.752000000000407,16.141373,2025-06-13,28.0
10.527999999998428,15.615477,2025-06-14,28.0
10.0,15.108292,2025-06-15,28.0
13.7664721110554,14.053931,2025-06-16,28.0
11.2280000000028,23.19947,2024-09-18,29.0
23.652000000001863,21.654354,2024-09-19,29.0
26.687999999994645,19.24276,2024-09-20,29.0
36.27999999999884,18.984447,2024-09-21,29.0
24.848000000005413,19.818502,2024-09-22,29.0
8.719999999993888,22.734219,2024-09-23,29.0
12.272000000004482,24.81797,2024-09-24,29.0
20.0,23.098923,2024-09-25,29.0
36.33999999999651,22.162163,2024-09-26,29.0
36.62000000000262,20.529907,2024-09-27,29.0
31.139999999999414,22.886377,2024-09-28,29.0
32.95999999999913,25.595478,2024-09-29,29.0
27.61200000000099,26.239899,2024-09-30,29.0
25.455999999998312,28.037582,2024-10-01,29.0
21.982800000004,29.17314,2024-10-02,29.0
21.695999999996275,29.392746,2024-10-03,29.0
24.332000000002157,27.035702,2024-10-04,29.0
24.091999999996915,25.262867,2024-10-05,29.0
24.44800000000396,24.896679,2024-10-06,29.0
27.7109999999995,24.194681,2024-10-07,29.0
21.536000000000055,24.564522,2024-10-08,29.0
22.9109999999966,26.24636,2024-10-09,29.0
24.99200000000565,26.650017,2024-10-10,29.0
24.93599999999424,25.029518,2024-10-11,29.0
21.92000000000553,24.142622,2024-10-12,29.0
26.959999999999127,24.145756,2024-10-13,29.0
24.27199999999721,23.485203,2024-10-14,29.0
24.76000000000204,24.021425,2024-10-15,29.0
24.5280000000009,25.059517,2024-10-16,29.0
19.57200000000012,25.84982,2024-10-17,29.0
10.367999999994936,24.975464,2024-10-18,29.0
14.247999999999593,23.73881,2024-10-19,29.0
17.9028000000023,22.06517,2024-10-20,29.0
18.77599999999802,20.853859,2024-10-21,29.0
19.852000000006228,20.351261,2024-10-22,29.0
17.959999999999127,20.669006,2024-10-23,29.0
19.70799999999872,21.424517,2024-10-24,29.0
19.76000000000204,20.415236,2024-10-25,29.0
21.0109999999952,19.83881,2024-10-26,29.0
17.0679999999993,19.82355,2024-10-27,29.0
20.5828000000026,19.659548,2024-10-28,29.0
19.4119999999974,19.24682,2024-10-29,29.0
17.463999999999942,20.211359,2024-10-30,29.0
18.96800000000076,21.098167,2024-10-31,29.0
17.279999999998836,19.927813,2024-11-01,29.0
20.00800000000163,19.742657,2024-11-02,29.0
17.4120000000039,19.81728,2024-11-03,29.0
17.779999999998836,19.984615,2024-11-04,29.0
20.79200000000128,19.533394,2024-11-05,29.0
16.987999999997555,19.987309,2024-11-06,29.0
21.692000000002736,21.129267,2024-11-07,29.0
22.0,19.672977,2024-11-08,29.0
19.97599999999511,19.503246,2024-11-09,29.0
20.1120000000018,20.014353,2024-11-10,29.0
19.220000000001164,20.112392,2024-11-11,29.0
18.891999999999825,20.195408,2024-11-12,29.0
20.5199999999968,21.194653,2024-11-13,29.0
22.9360000000011,21.875513,2024-11-14,29.0
19.99199999999837,21.176538,2024-11-15,29.0
11.4320000000007,21.163137,2024-11-16,29.0
19.20799999999872,21.551075,2024-11-17,29.0
11.4280000000023,19.770693,2024-11-18,29.0
19.192000000002736,20.056786,2024-11-19,29.0
14.907999999995807,19.831387,2024-11-20,29.0
8.52800000000087,20.735174,2024-11-21,29.0
12.5800000000017,19.475674,2024-11-22,29.0
18.471999999999145,17.952417,2024-11-23,29.0
18.9228000000011,17.581505,2024-11-24,29.0
17.480000000000775,17.76242,2024-11-25,29.0
19.6253333333256,18.244007,2024-11-26,29.0
17.471999999996722,18.889431,2024-11-27,29.0
16.1146666666666,20.050318,2024-11-28,29.0
17.962999999999727,19.487633,2024-11-29,29.0
22.5220000000001,18.708376,2024-11-30,29.0
27.83199999999488,18.937103,2024-12-01,29.0
27.94800000000396,19.273216,2024-12-02,29.0
38.78800000000047,21.768284,2024-12-03,29.0
33.19999999999709,24.01506,2024-12-04,29.0
23.182800000001,27.237743,2024-12-05,29.0
28.735999999997148,28.025826,2024-12-06,29.0
25.8628000000014,27.169613,2024-12-07,29.0
29.69600000000355,27.42361,2024-12-08,29.0
28.031999999999243,27.649563,2024-12-09,29.0
27.5,28.441006,2024-12-10,29.0
23.548000000002503,29.345078,2024-12-11,29.0
27.87999999999738,29.819836,2024-12-12,29.0
29.05199999999604,27.745813,2024-12-13,29.0
26.560000000004948,27.187943,2024-12-14,29.0
38.108000000000175,27.679016,2024-12-15,29.0
32.19999999999709,28.004627,2024-12-16,29.0
28.67199999999866,30.059048,2024-12-17,29.0
33.78000000000611,31.577385,2024-12-18,29.0
28.22799999999552,32.369152,2024-12-19,29.0
29.8109999999981,31.829071,2024-12-20,29.0
39.200000000004366,30.86724,2024-12-21,29.0
28.332000000002157,31.13698,2024-12-22,29.0
28.94799999999668,32.889122,2024-12-23,29.0
33.80000000000291,32.98697,2024-12-24,29.0
26.959999999999127,33.979725,2024-12-25,29.0
14.459999999999129,35.202972,2024-12-26,29.0
29.139999999999414,32.15928,2024-12-27,29.0
35.27999999999884,29.154758,2024-12-28,29.0
48.307999999997264,29.451612,2024-12-29,29.0
18.312000000005355,30.521938,2024-12-30,29.0
28.4199999999983,33.176857,2024-12-31,29.0
35.220000000001164,32.15077,2025-01-01,29.0
11.2879999999958,31.962414,2025-01-02,29.0
26.79200000000128,31.732632,2025-01-03,29.0
24.77999999999884,28.225231,2025-01-04,29.0
27.891999999999825,27.21274,2025-01-05,29.0
30.976000000002387,26.98444,2025-01-06,29.0
31.919999999998254,26.54814,2025-01-07,29.0
27.531999999999243,27.246029,2025-01-08,29.0
29.2109999999995,28.618698,2025-01-09,29.0
43.08000000000175,27.736485,2025-01-10,29.0
30.68800000000192,27.41584,2025-01-11,29.0
32.87999999999738,29.784143,2025-01-12,29.0
45.59200000000419,29.825073,2025-01-13,29.0
24.97599999999511,30.398905,2025-01-14,29.0
29.372000000003027,33.318684,2025-01-15,29.0
23.18800000000192,33.808098,2025-01-16,29.0
27.0280000000009,32.99315,2025-01-17,29.0
27.77199999999721,31.197308,2025-01-18,29.0
16.5199999999968,30.66671,2025-01-19,29.0
28.380000000004657,29.268612,2025-01-20,29.0
16.099999999998545,26.948978,2025-01-21,29.0
35.73999999999796,27.891417,2025-01-22,29.0
21.919999999998254,27.45487,2025-01-23,29.0
22.4800000000032,26.56599,2025-01-24,29.0
39.92799999999989,24.582258,2025-01-25,29.0
30.16000000000349,24.22039,2025-01-26,29.0
33.54399999999441,27.603931,2025-01-27,29.0
27.208000000005995,27.982786,2025-01-28,29.0
48.859999999993306,29.444447,2025-01-29,29.0
29.812000000005355,29.916477,2025-01-30,29.0
37.82800000000134,31.848783,2025-01-31,29.0
28.77999999999884,31.322615,2025-02-01,29.0
33.04799999999523,31.945286,2025-02-02,29.0
41.8228000000005,31.855122,2025-02-03,29.0
29.46800000000076,32.23112,2025-02-04,29.0
49.73200000000361,34.943153,2025-02-05,29.0
36.0,36.096573,2025-02-06,29.0
25.148000000001048,36.37562,2025-02-07,29.0
51.05999999999767,36.366203,2025-02-08,29.0
46.0879999999961,34.941593,2025-02-09,29.0
25.3828000000055,36.355305,2025-02-10,29.0
28.627999999996973,37.064133,2025-02-11,29.0
50.5280000000009,36.620792,2025-02-12,29.0
11.9279999999999,36.56136,2025-02-13,29.0
43.17199999999866,37.157032,2025-02-14,29.0
37.31999999999971,33.76672,2025-02-15,29.0
31.427999999999884,34.841064,2025-02-16,29.0
33.13199999999779,35.26492,2025-02-17,29.0
21.20000000000437,35.21954,2025-02-18,29.0
23.18000000000029,35.71842,2025-02-19,29.0
29.76799999999639,34.92507,2025-02-20,29.0
20.61200000000099,30.624083,2025-02-21,29.0
36.29200000000128,29.952185,2025-02-22,29.0
26.18800000000192,27.270504,2025-02-23,29.0
45.05199999999604,27.193329,2025-02-24,29.0
41.0480000000025,27.648623,2025-02-25,29.0
39.76799999999639,30.92548,2025-02-26,29.0
35.79200000000128,32.633945,2025-02-27,29.0
10.62000000000262,33.46334,2025-02-28,29.0
36.307999999997264,32.868416,2025-03-01,29.0
21.68000000000029,30.201836,2025-03-02,29.0
26.49199999999837,30.63249,2025-03-03,29.0
29.820000000006985,29.740181,2025-03-04,29.0
22.5199999999968,29.184723,2025-03-05,29.0
14.527999999998428,30.378145,2025-03-06,29.0
22.29200000000128,28.142492,2025-03-07,29.0
23.49199999999837,25.821762,2025-03-08,29.0
22.736000000004424,25.369452,2025-03-09,29.0
20.891999999999825,25.245016,2025-03-10,29.0
20.5199999999968,23.94558,2025-03-11,29.0
23.87999999999738,23.0032,2025-03-12,29.0
20.852000000006228,23.243137,2025-03-13,29.0
22.77599999999802,22.321758,2025-03-14,29.0
22.0280000000009,22.058723,2025-03-15,29.0
18.239999999997963,21.897621,2025-03-16,29.0
20.9320000000007,22.227093,2025-03-17,29.0
20.50800000000163,20.865402,2025-03-18,29.0
20.98399999999674,20.770721,2025-03-19,29.0
14.38799999999901,21.73169,2025-03-20,29.0
21.16000000000349,20.589642,2025-03-21,29.0
18.57200000000012,19.520853,2025-03-22,29.0
17.29599999999482,19.686699,2025-03-23,29.0
20.8628000000014,18.391943,2025-03-24,29.0
21.135999999998603,18.660995,2025-03-25,29.0
17.0628000000058,19.900711,2025-03-26,29.0
20.60800000000017,21.097618,2025-03-27,29.0
22.599999999998545,19.6982,2025-03-28,29.0
21.979999999995925,19.422531,2025-03-29,29.0
13.492000000005646,19.489618,2025-03-30,29.0
10.288000000000466,19.297554,2025-03-31,29.0
19.27199999999721,18.395683,2025-04-01,29.0
19.65600000000268,18.094341,2025-04-02,29.0
14.39999999999418,18.130814,2025-04-03,29.0
19.280000000006112,17.810589,2025-04-04,29.0
21.5109999999952,17.483435,2025-04-05,29.0
20.048000000002503,17.660763,2025-04-06,29.0
23.12000000000262,18.392666,2025-04-07,29.0
22.1099999999953,18.847235,2025-04-08,29.0
22.652000000001863,19.79456,2025-04-09,29.0
22.580000000001743,20.908112,2025-04-10,29.0
20.75999999999476,20.504583,2025-04-11,29.0
20.68800000000192,20.589985,2025-04-12,29.0
19.951999999997497,20.695206,2025-04-13,29.0
19.47200000000157,20.49889,2025-04-14,29.0
21.76000000000204,20.666828,2025-04-15,29.0
11.4680000000008,20.944908,2025-04-16,29.0
9.572000000000116,21.309925,2025-04-17,29.0
20.87999999999738,18.618156,2025-04-18,29.0
20.82800000000134,17.003967,2025-04-19,29.0
20.4800000000032,17.464626,2025-04-20,29.0
24.17199999999866,17.85719,2025-04-21,29.0
21.46800000000076,18.188736,2025-04-22,29.0
27.1099999999953,19.579372,2025-04-23,29.0
19.560000000004948,20.610006,2025-04-24,29.0
24.0280000000009,21.22989,2025-04-25,29.0
22.959999999999127,20.188576,2025-04-26,29.0
25.77999999999884,20.384438,2025-04-27,29.0
30.5280000000009,20.747993,2025-04-28,29.0
29.77999999999884,21.742956,2025-04-29,29.0
32.03199999999924,24.286795,2025-04-30,29.0
19.0,25.884953,2025-05-01,29.0
28.720000000001164,26.309814,2025-05-02,29.0
30.2579999999981,24.814516,2025-05-03,29.0
26.5,24.979906,2025-05-04,29.0
25.9280000000023,25.843294,2025-05-05,29.0
29.9320000000007,26.213934,2025-05-06,29.0
27.72799999999552,26.79541,2025-05-07,29.0
11.5200000000041,27.420952,2025-05-08,29.0
10.5109999999952,26.109888,2025-05-09,29.0
32.0679999999993,23.419735,2025-05-10,29.0
29.2500000000038,21.756535,2025-05-11,29.0
29.99199999999837,23.68769,2025-05-12,29.0
28.21600000000035,24.556606,2025-05-13,29.0
24.692000000002736,25.402317,2025-05-14,29.0
28.239999999997963,26.07778,2025-05-15,29.0
28.50800000000163,25.318016,2025-05-16,29.0
26.8109999999981,24.73475,2025-05-17,29.0
25.7200000000012,24.915726,2025-05-18,29.0
25.5280000000009,24.557598,2025-05-19,29.0
30.220000000001164,24.61951,2025-05-20,29.0
30.0679999999993,25.544567,2025-05-21,29.0
27.471999999994296,26.056145,2025-05-22,29.0
31.5280000000009,25.434177,2025-05-23,29.0
30.148000000001048,25.371159,2025-05-24,29.0
31.57200000000012,26.397625,2025-05-25,29.0
30.29200000000128,27.394577,2025-05-26,29.0
31.0280000000009,28.588102,2025-05-27,29.0
29.60800000000017,29.582577,2025-05-28,29.0
23.631999999997788,30.083477,2025-05-29,29.0
26.77599999999802,28.466736,2025-05-30,29.0
30.8228000000005,26.770134,2025-05-31,29.0
16.13600000000588,26.694254,2025-06-01,29.0
29.1099999999953,27.16917,2025-06-02,29.0
30.29200000000128,25.292866,2025-06-03,29.0
30.23245,25.746237,2025-06-04,29.0
28.360000000000586,27.357185,2025-06-05,29.0
18.747999999999596,26.804155,2025-06-06,29.0
7.72000000000106,26.122421,2025-06-07,29.0
14.799999999995634,25.094374,2025-06-08,29.0
29.872000000003027,22.08471,2025-06-09,29.0
31.68000000000029,21.197811,2025-06-10,29.0
32.271999999997206,23.043257,2025-06-11,29.0
27.247999999999596,25.393093,2025-06-12,29.0
24.32800000000134,26.1128,2025-06-13,29.0
21.512000000002445,25.599716,2025-06-14,29.0
19.05999999999767,25.050795,2025-06-15,29.0
29.495999999999185,24.166603,2025-06-16,29.0
14.968000000000757,19.031223,2024-09-18,30.0
21.44799999999668,18.151798,2024-09-19,30.0
22.49199999999837,17.092398,2024-09-20,30.0
23.9320000000007,16.975777,2024-09-21,30.0
13.89600000000064,17.195902,2024-09-22,30.0
9.652000000001864,18.272669,2024-09-23,30.0
13.239999999997965,18.322752,2024-09-24,30.0
11.8919999999998,17.832003,2024-09-25,30.0
25.89600000000064,17.731548,2024-09-26,30.0
26.05200000000332,15.695215,2024-09-27,30.0
24.26799999999639,16.600645,2024-09-28,30.0
20.55999999999767,17.833601,2024-09-29,30.0
21.360000000000586,18.608875,2024-09-30,30.0
14.61200000000099,19.306923,2024-10-01,30.0
13.599999999998545,20.905815,2024-10-02,30.0
25.220000000001164,20.792616,2024-10-03,30.0
21.247999999999596,18.930428,2024-10-04,30.0
24.2109999999995,18.856222,2024-10-05,30.0
25.720000000001164,18.7585,2024-10-06,30.0
28.252000000000407,19.486921,2024-10-07,30.0
11.127999999997,21.050749,2024-10-08,30.0
12.80000000000291,23.356674,2024-10-09,30.0
28.12000000000262,22.399029,2024-10-10,30.0
7.47200000000117,20.13671,2024-10-11,30.0
17.327999999994063,20.454803,2024-10-12,30.0
22.66000000000349,18.13858,2024-10-13,30.0
17.50800000000163,17.410688,2024-10-14,30.0
10.4109999999966,18.376537,2024-10-15,30.0
20.17199999999866,19.349308,2024-10-16,30.0
14.548000000002505,18.910574,2024-10-17,30.0
13.459999999999129,18.536816,2024-10-18,30.0
31.26000000000204,17.718666,2024-10-19,30.0
14.279999999998836,16.676125,2024-10-20,30.0
20.61200000000099,19.057137,2024-10-21,30.0
10.4879999999976,18.763115,2024-10-22,30.0
20.648000000001048,19.745037,2024-10-23,30.0
17.99199999999837,19.020618,2024-10-24,30.0
16.288000000000466,17.916355,2024-10-25,30.0
20.1120000000018,17.794086,2024-10-26,30.0
9.979999999995924,17.24962,2024-10-27,30.0
31.9280000000023,17.240017,2024-10-28,30.0
12.351999999998952,16.281883,2024-10-29,30.0
14.2280000000052,19.846357,2024-10-30,30.0
27.4119999999974,19.902271,2024-10-31,30.0
11.851999999999,18.848543,2024-11-01,30.0
28.228000000002798,19.854362,2024-11-02,30.0
25.583999999995285,18.41309,2024-11-03,30.0
25.9360000000011,19.994106,2024-11-04,30.0
19.080000000001743,21.026825,2024-11-05,30.0
22.951999999997497,23.13976,2024-11-06,30.0
33.00800000000163,23.06798,2024-11-07,30.0
19.79200000000128,21.804918,2024-11-08,30.0
20.351999999998952,23.249743,2024-11-09,30.0
37.4280000000023,22.670773,2024-11-10,30.0
25.575999999993652,22.401957,2024-11-11,30.0
22.4628000000072,24.835117,2024-11-12,30.0
23.247999999999596,26.716866,2024-11-13,30.0
17.299999999995634,26.779045,2024-11-14,30.0
36.18800000000192,25.40969,2024-11-15,30.0
19.639999999999414,24.242342,2024-11-16,30.0
28.360000000000586,25.862194,2024-11-17,30.0
30.4109999999966,24.619957,2024-11-18,30.0
22.4800000000032,25.324207,2024-11-19,30.0
26.57200000000012,27.376396,2024-11-20,30.0
28.1200000000026,27.640333,2024-11-21,30.0
24.5666451412802,26.716618,2024-11-22,30.0
23.0554418284782,26.679468,2024-11-23,30.0
27.852525421081,26.52547,2024-11-24,30.0
26.6847865826217,25.503551,2024-11-25,30.0
22.3198655725729,26.061289,2024-11-26,30.0
23.7683963281802,27.284864,2024-11-27,30.0
28.0105667163796,27.508007,2024-11-28,30.0
26.1451677301974,26.562693,2024-11-29,30.0
22.8239999999998,25.95602,2024-11-30,30.0
41.95999999999913,26.15702,2024-12-01,30.0
27.167999999997846,25.399712,2024-12-02,30.0
32.75200000000041,28.39242,2024-12-03,30.0
25.1880000000019,29.507118,2024-12-04,30.0
24.46800000000076,30.486073,2024-12-05,30.0
38.03199999999924,29.014122,2024-12-06,30.0
37.47200000000157,27.86113,2024-12-07,30.0
28.72799999999552,29.16053,2024-12-08,30.0
38.52000000000408,31.114437,2024-12-09,30.0
41.77999999999884,31.356968,2024-12-10,30.0
37.05999999999767,33.40652,2024-12-11,30.0
31.2280000000052,35.308765,2024-12-12,30.0
47.359999999993306,34.677338,2024-12-13,30.0
36.10000000000582,33.639267,2024-12-14,30.0
30.89999999999418,34.696255,2024-12-15,30.0
38.68800000000192,35.592236,2024-12-16,30.0
41.5828000000026,36.192066,2024-12-17,30.0
43.24799999999959,37.04759,2024-12-18,30.0
52.479999999995925,37.413723,2024-12-19,30.0
36.28800000000047,37.405544,2024-12-20,30.0
55.85200000000623,37.429897,2024-12-21,30.0
36.85199999999895,37.17477,2024-12-22,30.0
26.536000000000055,37.55074,2024-12-23,30.0
26.0280000000009,37.524227,2024-12-24,30.0
31.67999999999301,37.33354,2024-12-25,30.0
51.9600000000064,37.124214,2024-12-26,30.0
33.591999999996915,37.091957,2024-12-27,30.0
25.351999999999,37.246525,2024-12-28,30.0
23.82800000000134,36.92242,2024-12-29,30.0
43.29200000000128,35.670986,2024-12-30,30.0
28.8399999999965,34.459064,2024-12-31,30.0
30.68000000000029,35.93954,2025-01-01,30.0
23.520000000004075,35.97038,2025-01-02,30.0
27.487999999997555,35.08189,2025-01-03,30.0
36.18000000000029,30.956104,2025-01-04,30.0
36.5,29.457325,2025-01-05,30.0
27.247999999999596,30.144716,2025-01-06,30.0
37.23999999999796,31.269428,2025-01-07,30.0
33.391999999999825,30.75062,2025-01-08,30.0
36.22000000000117,32.13846,2025-01-09,30.0
42.45200000000477,30.66003,2025-01-10,30.0
17.867999999994936,30.79363,2025-01-11,30.0
38.09200000000419,32.49693,2025-01-12,30.0
31.5199999999968,30.893726,2025-01-13,30.0
32.987999999997555,31.400852,2025-01-14,30.0
28.6520000000018,32.839485,2025-01-15,30.0
32.30800000000454,34.19918,2025-01-16,30.0
36.73999999999796,33.184505,2025-01-17,30.0
20.7109999999995,32.159546,2025-01-18,30.0
32.0480000000025,32.115658,2025-01-19,30.0
23.859999999993303,29.898748,2025-01-20,30.0
16.8280000000038,29.722363,2025-01-21,30.0
33.8109999999981,30.147568,2025-01-22,30.0
39.28800000000047,29.246136,2025-01-23,30.0
26.880000000004657,27.372232,2025-01-24,30.0
23.619999999995343,27.314207,2025-01-25,30.0
36.18000000000029,27.484835,2025-01-26,30.0
20.31999999999971,27.072699,2025-01-27,30.0
33.7109999999995,28.730104,2025-01-28,30.0
29.01600000000326,28.622574,2025-01-29,30.0
42.42399999999907,30.105484,2025-01-30,30.0
24.135999999998603,29.634912,2025-01-31,30.0
30.9028000000023,30.236092,2025-02-01,30.0
33.2579999999981,29.300184,2025-02-02,30.0
30.9320000000007,28.910295,2025-02-03,30.0
22.987999999997555,29.863964,2025-02-04,30.0
42.2109999999995,31.623352,2025-02-05,30.0
25.080000000001743,31.897865,2025-02-06,30.0
37.72000000000117,32.22851,2025-02-07,30.0
21.32800000000134,30.783325,2025-02-08,30.0
37.39199999999983,31.559223,2025-02-09,30.0
30.799999999995634,29.495438,2025-02-10,30.0
13.968000000000757,30.316273,2025-02-11,30.0
27.67199999999866,31.66938,2025-02-12,30.0
25.0480000000025,30.38963,2025-02-13,30.0
24.44800000000396,28.290684,2025-02-14,30.0
37.94399999999587,27.129158,2025-02-15,30.0
22.2880000000031,26.388954,2025-02-16,30.0
18.459999999999127,27.934067,2025-02-17,30.0
26.22799999999552,27.61903,2025-02-18,30.0
35.2528000000046,26.561451,2025-02-19,30.0
26.96800000000076,26.376596,2025-02-20,30.0
25.3600000000006,26.54649,2025-02-21,30.0
26.007999999994357,25.752459,2025-02-22,30.0
33.31999999999971,25.22217,2025-02-23,30.0
23.812000000005355,24.279886,2025-02-24,30.0
32.19999999999709,25.83817,2025-02-25,30.0
23.548000000002503,26.85085,2025-02-26,30.0
14.5428000000017,28.146729,2025-02-27,30.0
19.927999999999884,26.442825,2025-02-28,30.0
31.27999999999884,24.142456,2025-03-01,30.0
27.60800000000017,22.857143,2025-03-02,30.0
28.479999999995925,24.084515,2025-03-03,30.0
27.61200000000099,24.904951,2025-03-04,30.0
18.228000000002798,25.636974,2025-03-05,30.0
24.0,26.604532,2025-03-06,30.0
14.959999999999129,24.962204,2025-03-07,30.0
29.222800000002,24.208931,2025-03-08,30.0
19.88799999999901,22.850666,2025-03-09,30.0
13.687999999994643,23.02056,2025-03-10,30.0
26.2800000000011,22.156387,2025-03-11,30.0
13.192000000002736,20.452757,2025-03-12,30.0
24.12000000000262,21.780588,2025-03-13,30.0
0.0,20.55376,2025-03-14,30.0
17.0,20.564423,2025-03-15,30.0
10.2319999999963,17.923082,2025-03-16,30.0
16.976000000002387,17.673298,2025-03-17,30.0
6.10399999999936,15.733331,2025-03-18,30.0
10.2959999999948,15.098932,2025-03-19,30.0
8.752000000000407,14.660317,2025-03-20,30.0
16.247999999999593,12.547674,2025-03-21,30.0
12.832000000002154,12.540097,2025-03-22,30.0
0.0,12.749159,2025-03-23,30.0
11.1600000000035,11.244905,2025-03-24,30.0
14.939999999995052,10.66227,2025-03-25,30.0
0.588000000003376,10.462698,2025-03-26,30.0
10.0280000000009,11.759369,2025-03-27,30.0
6.623999999996158,9.345603,2025-03-28,30.0
19.16800000000512,10.116404,2025-03-29,30.0
18.391999999999825,9.337437,2025-03-30,30.0
0.4279999999998836,9.903231,2025-03-31,30.0
14.227999999995518,10.631784,2025-04-01,30.0
10.2528000000046,10.188641,2025-04-02,30.0
0.0,10.003206,2025-04-03,30.0
6.41199999999744,9.623555,2025-04-04,30.0
8.599999999998545,8.968978,2025-04-05,30.0
0.210999999999525,8.349802,2025-04-06,30.0
20.788000000000466,8.721812,2025-04-07,30.0
0.0,7.929754,2025-04-08,30.0
21.73200000000361,9.089073,2025-04-09,30.0
10.0280000000009,9.006565,2025-04-10,30.0
0.0,10.172387,2025-04-11,30.0
1.9599999999991269,11.244489,2025-04-12,30.0
14.5879999999961,9.897398,2025-04-13,30.0
19.639999999999414,7.886461,2025-04-14,30.0
6.82800000000378,9.049883,2025-04-15,30.0
6.41099999999662,10.25947,2025-04-16,30.0
2.292000000001281,9.493025,2025-04-17,30.0
3.72000000000106,8.72766,2025-04-18,30.0
0.8000000000029104,8.17156,2025-04-19,30.0
2.767999999996391,7.706771,2025-04-20,30.0
2.8879999999990105,7.0909066,2025-04-21,30.0
5.54280000000169,6.0103116,2025-04-22,30.0
5.855999999999767,6.4482713,2025-04-23,30.0
19.87999999999738,5.9999795,2025-04-24,30.0
5.872000000003027,5.77879,2025-04-25,30.0
8.680000000000291,7.67294,2025-04-26,30.0
5.5679999999993015,7.963842,2025-04-27,30.0
2.680000000000291,7.5711207,2025-04-28,30.0
6.451999999997497,7.012813,2025-04-29,30.0
0.3000000000029104,6.8674617,2025-04-30,30.0
9.31099999999808,6.8994904,2025-05-01,30.0
0.9879999999975552,5.809656,2025-05-02,30.0
10.5600000000049,6.815924,2025-05-03,30.0
3.9799999999959255,6.2093406,2025-05-04,30.0
12.200000000004366,6.1906567,2025-05-05,30.0
0.0,6.194637,2025-05-06,30.0
3.127999999996973,7.248806,2025-05-07,30.0
6.49199999999837,6.7568183,2025-05-08,30.0
10.9320000000007,5.0497017,2025-05-09,30.0
2.495999999999185,5.734485,2025-05-10,30.0
18.68000000000029,6.570172,2025-05-11,30.0
9.50280000000081,5.939047,2025-05-12,30.0
0.0,7.5500712,2025-05-13,30.0
14.288000000000466,8.054507,2025-05-14,30.0
6.880000000004657,7.308411,2025-05-15,30.0
0.2879999999931897,7.829684,2025-05-16,30.0
0.132000000005064,7.8704095,2025-05-17,30.0
14.619999999995343,6.963788,2025-05-18,30.0
1.0320000000065193,5.675861,2025-05-19,30.0
0.0,6.310463,2025-05-20,30.0
10.3199999999997,6.3813186,2025-05-21,30.0
0.0959999999977299,5.800573,2025-05-22,30.0
7.292000000001281,5.9794526,2025-05-23,30.0
2.959999999999127,5.6110253,2025-05-24,30.0
3.959999999999127,6.2819157,2025-05-25,30.0
8.519999999996799,5.327435,2025-05-26,30.0
7.812000000005355,5.4988046,2025-05-27,30.0
4.608000000000175,6.417994,2025-05-28,30.0
10.69999999999709,6.5296273,2025-05-29,30.0
0.091999999996911,6.069529,2025-05-30,30.0
1.6680000000051225,6.4918065,2025-05-31,30.0
8.28000000000146,6.2317986,2025-06-01,30.0
2.639999999999418,4.9297338,2025-06-02,30.0
0.4279999999998836,5.553189,2025-06-03,30.0
12.98399999999674,5.4635315,2025-06-04,30.0
19.09599999999773,4.894798,2025-06-05,30.0
8.632000000005064,5.761716,2025-06-06,30.0
2.4199999999982538,7.3523955,2025-06-07,30.0
0.0,7.8678665,2025-06-08,30.0
6.707999999998719,6.8763785,2025-06-09,30.0
0.0,6.392303,2025-06-10,30.0
6.512000000002445,6.5896754,2025-06-11,30.0
3.099999999998545,5.9855576,2025-06-12,30.0
3.868000000002212,5.337755,2025-06-13,30.0
0.710999999999525,5.612779,2025-06-14,30.0
7.059999999997672,6.041446,2025-06-15,30.0
5.53199999999924,5.017723,2025-06-16,30.0
33.98399999999674,20.260902,2024-09-18,31.0
37.3920000000071,19.176489,2024-09-19,31.0
26.01600000000326,21.06782,2024-09-20,31.0
29.1428000000002,23.76229,2024-09-21,31.0
20.631999999997788,24.216671,2024-09-22,31.0
13.19199999999546,24.98555,2024-09-23,31.0
14.368000000002212,24.518635,2024-09-24,31.0
26.288000000000466,23.833435,2024-09-25,31.0
31.59999999999127,22.850792,2024-09-26,31.0
35.736000000004424,21.26796,2024-09-27,31.0
30.903999999994998,22.863708,2024-09-28,31.0
24.752000000007683,25.020218,2024-09-29,31.0
27.1019999999937,26.430775,2024-09-30,31.0
30.9120000000101,26.425804,2024-10-01,31.0
9.16799999999057,27.903412,2024-10-02,31.0
32.919999999998254,29.298351,2024-10-03,31.0
27.4320000000007,24.916002,2024-10-04,31.0
26.512000000002445,25.015427,2024-10-05,31.0
23.1428000000002,25.72815,2024-10-06,31.0
29.80800000000454,25.405098,2024-10-07,31.0
21.83199999999488,25.122608,2024-10-08,31.0
27.80000000000291,26.992954,2024-10-09,31.0
35.9600000000064,27.212399,2024-10-10,31.0
27.4320000000007,26.08638,2024-10-11,31.0
29.79999999998836,26.86711,2024-10-12,31.0
23.23200000000361,27.03302,2024-10-13,31.0
36.0,27.477507,2024-10-14,31.0
32.63999999999942,27.039951,2024-10-15,31.0
26.720000000001164,29.313934,2024-10-16,31.0
24.24800000000687,31.168348,2024-10-17,31.0
25.8119999999916,29.251104,2024-10-18,31.0
32.080000000001746,27.96221,2024-10-19,31.0
38.16000000000349,27.83683,2024-10-20,31.0
27.67999999999301,28.900522,2024-10-21,31.0
36.83999999999651,30.479298,2024-10-22,31.0
26.23200000000361,30.966122,2024-10-23,31.0
27.296000000002092,32.426884,2024-10-24,31.0
41.096000000005006,30.533104,2024-10-25,31.0
45.69599999999628,29.165665,2024-10-26,31.0
43.98399999999674,30.817686,2024-10-27,31.0
28.42399999999907,33.547394,2024-10-28,31.0
36.296000000002095,35.02818,2024-10-29,31.0
25.0479999999952,35.557987,2024-10-30,31.0
20.9028000000095,36.56059,2024-10-31,31.0
44.95999999999185,35.355022,2024-11-01,31.0
42.42399999999907,33.036854,2024-11-02,31.0
36.3028000000037,33.526485,2024-11-03,31.0
31.0880000000025,35.007328,2024-11-04,31.0
1.096000000005006,35.355415,2024-11-05,31.0
81.65599999998813,35.844402,2024-11-06,31.0
43.78399999999965,32.465954,2024-11-07,31.0
30.768000000010943,36.14156,2024-11-08,31.0
24.903999999995,36.386166,2024-11-09,31.0
28.3828000000055,35.09917,2024-11-10,31.0
30.080000000001743,33.874954,2024-11-11,31.0
44.1359999999986,33.95071,2024-11-12,31.0
38.18399999999383,34.658863,2024-11-13,31.0
14.1028000000066,36.58872,2024-11-14,31.0
24.54399999999441,36.20232,2024-11-15,31.0
36.39999999999418,32.02735,2024-11-16,31.0
33.9360000000011,31.12922,2024-11-17,31.0
31.2880000000104,32.31553,2024-11-18,31.0
31.263999999995576,33.10153,2024-11-19,31.0
37.48799999999756,33.6169,2024-11-20,31.0
39.25625,32.87083,2024-11-21,31.0
35.1285330363076,32.300846,2024-11-22,31.0
25.2850582630103,32.645817,2024-11-23,31.0
35.6542210060469,33.117176,2024-11-24,31.0
33.7325086652849,32.559048,2024-11-25,31.0
32.4288888079956,33.505825,2024-11-26,31.0
38.24728289376,34.54033,2024-11-27,31.0
36.6679084612818,35.588226,2024-11-28,31.0
36.4887961832469,35.301273,2024-11-29,31.0
41.8392000000007,34.395435,2024-11-30,31.0
39.92799999999989,34.2122,2024-12-01,31.0
28.8879999999917,35.624157,2024-12-02,31.0
44.552000000010594,36.686058,2024-12-03,31.0
41.1428000000002,36.653866,2024-12-04,31.0
43.84799999999814,37.359234,2024-12-05,31.0
48.7439999999911,37.25369,2024-12-06,31.0
32.9428000000031,36.972454,2024-12-07,31.0
25.2480000000069,37.126064,2024-12-08,31.0
43.28800000000047,37.177425,2024-12-09,31.0
28.703999999997905,36.77106,2024-12-10,31.0
32.1759999999922,37.415623,2024-12-11,31.0
43.79200000000128,37.13539,2024-12-12,31.0
54.06399999999849,36.90265,2024-12-13,31.0
32.9120000000101,36.51924,2024-12-14,31.0
57.04799999999523,36.38953,2024-12-15,31.0
44.5828000000026,36.618977,2024-12-16,31.0
56.5028000000008,37.532837,2024-12-17,31.0
46.75999999999476,37.583076,2024-12-18,31.0
51.1120000000018,37.667034,2024-12-19,31.0
50.73600000000442,37.659176,2024-12-20,31.0
31.479999999995925,37.65932,2024-12-21,31.0
28.9679999999935,37.65391,2024-12-22,31.0
31.672000000005937,37.577797,2024-12-23,31.0
35.80000000000291,37.462975,2024-12-24,31.0
37.879999999990105,37.49007,2024-12-25,31.0
44.888000000006286,37.51235,2024-12-26,31.0
28.8559999999998,37.488766,2024-12-27,31.0
30.2280000000052,37.47364,2024-12-28,31.0
25.7679999999964,36.72313,2024-12-29,31.0
57.0880000000025,36.335773,2024-12-30,31.0
33.1019999999937,35.723423,2024-12-31,31.0
57.903999999994994,37.190063,2025-01-01,31.0
35.9428000000031,37.137856,2025-01-02,31.0
39.4280000000023,37.451023,2025-01-03,31.0
39.54399999999441,36.652912,2025-01-04,31.0
50.4280000000023,36.84864,2025-01-05,31.0
55.03200000000652,37.149563,2025-01-06,31.0
28.97599999999511,37.55171,2025-01-07,31.0
51.0880000000025,37.61507,2025-01-08,31.0
56.19199999999546,37.396114,2025-01-09,31.0
39.79200000000128,37.56941,2025-01-10,31.0
29.903999999994998,37.63383,2025-01-11,31.0
39.1828000000084,37.567036,2025-01-12,31.0
52.48799999999756,37.339268,2025-01-13,31.0
32.67200000000594,37.488026,2025-01-14,31.0
50.16799999999057,37.598423,2025-01-15,31.0
44.80000000000291,37.551136,2025-01-16,31.0
39.88000000000466,37.633465,2025-01-17,31.0
42.72000000000117,37.579685,2025-01-18,31.0
29.44799999998941,37.5079,2025-01-19,31.0
39.2628000000101,37.515972,2025-01-20,31.0
47.07200000000012,37.368374,2025-01-21,31.0
50.59999999999127,37.495564,2025-01-22,31.0
25.2280000000052,37.60528,2025-01-23,31.0
33.288000000000466,37.57511,2025-01-24,31.0
50.919999999998254,36.736134,2025-01-25,31.0
38.0880000000025,36.527126,2025-01-26,31.0
33.18399999999383,37.357777,2025-01-27,31.0
42.0228000000049,37.373554,2025-01-28,31.0
37.255999999993946,37.37347,2025-01-29,31.0
28.8960000000079,37.512074,2025-01-30,31.0
39.3109999999908,37.36378,2025-01-31,31.0
55.1428000000002,36.82282,2025-02-01,31.0
48.53600000000733,36.84504,2025-02-02,31.0
28.952000000004773,37.29633,2025-02-03,31.0
36.69599999999628,37.44141,2025-02-04,31.0
48.1428000000002,37.233604,2025-02-05,31.0
48.5028000000008,37.43894,2025-02-06,31.0
56.39999999999418,37.547085,2025-02-07,31.0
44.95200000000477,37.587997,2025-02-08,31.0
28.5999999999913,37.62698,2025-02-09,31.0
46.52000000000408,37.58506,2025-02-10,31.0
30.703999999997905,37.255695,2025-02-11,31.0
44.21600000000035,37.57884,2025-02-12,31.0
39.16000000000349,37.446392,2025-02-13,31.0
47.73600000000442,37.59003,2025-02-14,31.0
31.96799999999348,37.52115,2025-02-15,31.0
35.720000000001164,37.50055,2025-02-16,31.0
48.096000000005006,37.107796,2025-02-17,31.0
42.98399999999674,37.333664,2025-02-18,31.0
44.05599999999686,37.50386,2025-02-19,31.0
45.65600000000268,37.55668,2025-02-20,31.0
43.9428000000031,37.548954,2025-02-21,31.0
55.8119999999916,37.43263,2025-02-22,31.0
48.85599999999977,37.27513,2025-02-23,31.0
47.57600000000093,37.562386,2025-02-24,31.0
45.79200000000128,37.625977,2025-02-25,31.0
55.1120000000018,37.64144,2025-02-26,31.0
44.64800000000105,37.64715,2025-02-27,31.0
23.320000000006985,37.67799,2025-02-28,31.0
54.83199999999488,37.640247,2025-03-01,31.0
48.39999999999418,37.194386,2025-03-02,31.0
30.768000000010943,37.610363,2025-03-03,31.0
48.39199999999255,37.639114,2025-03-04,31.0
43.87200000000303,37.445118,2025-03-05,31.0
23.0880000000025,37.631924,2025-03-06,31.0
44.471999999994296,37.6264,2025-03-07,31.0
29.0228000000049,36.873486,2025-03-08,31.0
29.59999999999127,37.444164,2025-03-09,31.0
30.696000000010827,37.009823,2025-03-10,31.0
28.5759999999864,36.336895,2025-03-11,31.0
28.80800000000454,36.094334,2025-03-12,31.0
36.36800000000221,35.7391,2025-03-13,31.0
19.01600000000326,33.930332,2025-03-14,31.0
21.847999999998137,33.21645,2025-03-15,31.0
24.16000000000349,29.806206,2025-03-16,31.0
29.3109999999908,27.79346,2025-03-17,31.0
20.3920000000071,26.765503,2025-03-18,31.0
28.0,27.347187,2025-03-19,31.0
28.07200000000012,27.240688,2025-03-20,31.0
38.9360000000011,26.13077,2025-03-21,31.0
28.127999999996973,25.177742,2025-03-22,31.0
18.88799999999173,27.074099,2025-03-23,31.0
38.1020000000083,26.850529,2025-03-24,31.0
35.1120000000018,26.065289,2025-03-25,31.0
21.872000000003027,28.886316,2025-03-26,31.0
31.39199999999255,30.970474,2025-03-27,31.0
36.77599999999802,27.709229,2025-03-28,31.0
21.09600000000501,27.723644,2025-03-29,31.0
23.19199999999546,29.006432,2025-03-30,31.0
11.7600000000093,27.345299,2025-03-31,31.0
12.423999999999069,26.368874,2025-04-01,31.0
11.5760000000009,25.36465,2025-04-02,31.0
31.38399999999092,23.831766,2025-04-03,31.0
30.80000000000291,21.24713,2025-04-04,31.0
23.919999999998254,21.619568,2025-04-05,31.0
26.4280000000023,22.803623,2025-04-06,31.0
11.8000000000029,23.36694,2025-04-07,31.0
27.95999999999185,23.802439,2025-04-08,31.0
31.9428000000031,22.398445,2025-04-09,31.0
8.99199999999837,24.098167,2025-04-10,31.0
35.36000000000058,24.498642,2025-04-11,31.0
25.00800000000163,21.71444,2025-04-12,31.0
27.9428000000031,23.78685,2025-04-13,31.0
18.127999999996973,24.19277,2025-04-14,31.0
19.736000000004424,24.859777,2025-04-15,31.0
29.903999999994998,24.267467,2025-04-16,31.0
41.19999999999709,24.109198,2025-04-17,31.0
17.271999999997206,23.49046,2025-04-18,31.0
32.20800000001327,25.34728,2025-04-19,31.0
19.871999999988475,24.499687,2025-04-20,31.0
14.9360000000011,25.12391,2025-04-21,31.0
19.89600000000792,25.117954,2025-04-22,31.0
33.512000000002445,23.898743,2025-04-23,31.0
25.42399999999907,23.621044,2025-04-24,31.0
13.38399999999092,24.754133,2025-04-25,31.0
24.5028000000008,23.812956,2025-04-26,31.0
24.07200000000012,21.729418,2025-04-27,31.0
22.59200000000419,21.93904,2025-04-28,31.0
28.75199999999313,22.827671,2025-04-29,31.0
27.2280000000052,23.759712,2025-04-30,31.0
20.0399999999936,25.15634,2025-05-01,31.0
35.99200000001292,24.030348,2025-05-02,31.0
33.1359999999986,23.189722,2025-05-03,31.0
22.67999999999301,24.352306,2025-05-04,31.0
14.831999999994878,26.23941,2025-05-05,31.0
28.0,26.155722,2025-05-06,31.0
28.00800000000163,24.933502,2025-05-07,31.0
36.48000000001048,25.397753,2025-05-08,31.0
19.55199999999604,23.955341,2025-05-09,31.0
22.728000000002798,25.705845,2025-05-10,31.0
25.239999999990687,25.057903,2025-05-11,31.0
39.24800000000687,24.580215,2025-05-12,31.0
19.9360000000011,24.85439,2025-05-13,31.0
30.75199999999313,27.784876,2025-05-14,31.0
21.79200000000128,27.212807,2025-05-15,31.0
33.85599999999977,26.438488,2025-05-16,31.0
22.53600000000733,24.980965,2025-05-17,31.0
32.59199999998964,25.690163,2025-05-18,31.0
20.89600000000792,24.638947,2025-05-19,31.0
25.6628000000043,25.874428,2025-05-20,31.0
18.055999999996857,26.21037,2025-05-21,31.0
23.222800000002,25.92228,2025-05-22,31.0
37.95199999999022,22.748611,2025-05-23,31.0
21.8628000000014,21.935566,2025-05-24,31.0
22.456000000005588,24.806456,2025-05-25,31.0
32.080000000001746,24.863314,2025-05-26,31.0
33.679999999993015,24.424181,2025-05-27,31.0
33.21600000000035,26.593931,2025-05-28,31.0
28.7109999999995,28.195906,2025-05-29,31.0
23.6880000000092,28.005009,2025-05-30,31.0
26.471999999994296,27.15393,2025-05-31,31.0
20.319999999992437,26.679703,2025-06-01,31.0
35.3028000000037,25.799,2025-06-02,31.0
25.839999999996508,24.847689,2025-06-03,31.0
37.2628000000101,26.782082,2025-06-04,31.0
42.1199999999889,27.641705,2025-06-05,31.0
24.07200000000012,28.007137,2025-06-06,31.0
38.60800000000745,29.52948,2025-06-07,31.0
28.4879999999976,29.095896,2025-06-08,31.0
28.263999999995576,30.257622,2025-06-09,31.0
35.136000000013155,30.569046,2025-06-10,31.0
29.57599999998638,30.61609,2025-06-11,31.0
36.67200000000594,31.848015,2025-06-12,31.0
13.8628000000014,30.225374,2025-06-13,31.0
32.24799999999232,30.256973,2025-06-14,31.0
17.3920000000071,28.210114,2025-06-15,31.0
31.78399999999965,28.514267,2025-06-16,31.0
24.27999999999884,29.356632,2024-09-18,32.0
27.427999999999884,27.30677,2024-09-19,32.0
30.31999999999971,25.375078,2024-09-20,32.0
57.27999999999884,24.824978,2024-09-21,32.0
27.131999999997788,25.311821,2024-09-22,32.0
14.776000000005295,30.36972,2024-09-23,32.0
19.731999999996333,31.048922,2024-09-24,32.0
28.26000000000204,29.126507,2024-09-25,32.0
52.807999999997264,28.238295,2024-09-26,32.0
32.9028000000023,27.151472,2024-09-27,32.0
55.31999999999971,29.915733,2024-09-28,32.0
39.02799999999843,30.548048,2024-09-29,32.0
43.53199999999924,33.812817,2024-09-30,32.0
52.27999999999884,35.338917,2024-10-01,32.0
23.708000000005995,36.862835,2024-10-02,32.0
37.65199999999459,37.479794,2024-10-03,32.0
28.4279999999999,36.945705,2024-10-04,32.0
28.4800000000032,36.75341,2024-10-05,32.0
31.860000000000586,35.9899,2024-10-06,32.0
24.88799999999901,35.19487,2024-10-07,32.0
24.9428000000031,35.28056,2024-10-08,32.0
19.487999999997555,34.407726,2024-10-09,32.0
22.2879999999958,33.357563,2024-10-10,32.0
30.05200000000332,30.433737,2024-10-11,32.0
32.57200000000012,27.697586,2024-10-12,32.0
27.487999999997555,27.348513,2024-10-13,32.0
39.1120000000018,28.252615,2024-10-14,32.0
28.148000000001,27.8087,2024-10-15,32.0
42.72000000000117,29.742943,2024-10-16,32.0
31.49199999999837,30.583344,2024-10-17,32.0
22.5679999999993,31.229912,2024-10-18,32.0
18.351999999998952,31.059418,2024-10-19,32.0
44.96800000000076,29.952765,2024-10-20,32.0
39.4800000000032,28.033287,2024-10-21,32.0
37.59199999999692,30.798115,2024-10-22,32.0
28.6080000000002,33.28448,2024-10-23,32.0
37.32800000000134,34.772408,2024-10-24,32.0
44.74399999999878,33.329365,2024-10-25,32.0
39.5880000000025,33.09861,2024-10-26,32.0
38.1199999999962,34.33592,2024-10-27,32.0
39.4800000000032,35.81048,2024-10-28,32.0
36.59999999999855,36.23148,2024-10-29,32.0
37.45999999999913,36.990555,2024-10-30,32.0
43.167999999997846,37.247364,2024-10-31,32.0
37.1120000000018,37.150867,2024-11-01,32.0
43.9120000000039,37.14591,2024-11-02,32.0
38.42799999999989,36.87753,2024-11-03,32.0
37.62799999999697,37.212204,2024-11-04,32.0
43.271999999997206,37.27949,2024-11-05,32.0
43.76799999999639,37.343422,2024-11-06,32.0
41.120000000009895,37.500683,2024-11-07,32.0
44.171999999991385,37.510723,2024-11-08,32.0
65.05999999999767,37.342274,2024-11-09,32.0
46.28800000000047,37.343716,2024-11-10,32.0
25.0320000000065,37.603146,2024-11-11,32.0
53.55199999999604,37.60052,2024-11-12,32.0
62.54800000000978,37.25382,2024-11-13,32.0
67.33999999999651,37.636864,2024-11-14,32.0
29.520000000004075,37.677486,2024-11-15,32.0
74.73999999999069,37.6921,2024-11-16,32.0
48.820000000006985,37.542866,2024-11-17,32.0
41.76799999999639,37.69095,2024-11-18,32.0
52.03200000000652,37.66236,2024-11-19,32.0
33.9109999999966,37.661564,2024-11-20,32.0
31.66799999999057,37.69254,2024-11-21,32.0
36.94799999999911,37.61639,2024-11-22,32.0
61.23733333333075,37.443764,2024-11-23,32.0
44.512000000002445,37.539463,2024-11-24,32.0
37.80933333333329,37.66407,2024-11-25,32.0
49.61866666666659,37.629414,2024-11-26,32.0
46.7426666666676,37.56889,2024-11-27,32.0
45.82399999999871,37.64298,2024-11-28,32.0
35.0525584319831,37.635574,2024-11-29,32.0
53.3380000000005,37.634083,2024-11-30,32.0
72.47999999999593,37.53896,2024-12-01,32.0
56.03200000000652,37.620388,2024-12-02,32.0
63.19999999999709,37.687862,2024-12-03,32.0
64.36000000000058,37.690876,2024-12-04,32.0
71.49599999999919,37.702503,2024-12-05,32.0
56.0880000000025,37.70589,2024-12-06,32.0
52.72000000000117,37.707924,2024-12-07,32.0
38.73600000000442,37.70483,2024-12-08,32.0
69.32799999999406,37.693043,2024-12-09,32.0
52.72000000000117,37.67385,2024-12-10,32.0
63.85599999999977,37.709152,2024-12-11,32.0
67.62399999999616,37.70349,2024-12-12,32.0
74.16000000000349,37.70978,2024-12-13,32.0
43.32799999999406,37.709084,2024-12-14,32.0
73.83200000000943,37.710686,2024-12-15,32.0
58.463999999992666,37.670162,2024-12-16,32.0
18.0228000000049,37.710392,2024-12-17,32.0
11.5760000000009,37.7076,2024-12-18,32.0
29.21600000000035,37.48579,2024-12-19,32.0
59.92799999999989,36.764946,2024-12-20,32.0
48.08000000000175,37.157856,2024-12-21,32.0
52.31999999999243,37.64098,2024-12-22,32.0
49.49599999999919,37.630924,2024-12-23,32.0
39.36000000000058,37.638508,2024-12-24,32.0
49.53600000000733,37.62311,2024-12-25,32.0
52.79999999998836,37.571835,2024-12-26,32.0
41.6628000000043,37.6561,2024-12-27,32.0
52.1359999999986,37.67332,2024-12-28,32.0
50.120000000009895,37.63957,2024-12-29,32.0
48.4320000000007,37.658306,2024-12-30,32.0
50.0399999999936,37.659412,2024-12-31,32.0
57.0,37.66619,2025-01-01,32.0
51.21600000000035,37.679646,2025-01-02,32.0
54.72000000000117,37.694736,2025-01-03,32.0
56.44800000000396,37.676674,2025-01-04,32.0
54.97599999999511,37.68842,2025-01-05,32.0
58.45600000000559,37.680614,2025-01-06,32.0
43.63999999999942,37.684734,2025-01-07,32.0
49.887999999991735,37.69604,2025-01-08,32.0
49.60000000000582,37.676506,2025-01-09,32.0
54.06399999999849,37.68601,2025-01-10,32.0
50.0399999999936,37.68426,2025-01-11,32.0
49.9600000000064,37.692142,2025-01-12,32.0
52.671999999991385,37.67219,2025-01-13,32.0
43.53600000000733,37.67649,2025-01-14,32.0
52.8628000000014,37.670746,2025-01-15,32.0
60.04799999999523,37.671772,2025-01-16,32.0
52.479999999995925,37.69028,2025-01-17,32.0
51.83200000000943,37.69708,2025-01-18,32.0
54.59999999999127,37.68971,2025-01-19,32.0
58.36000000000058,37.666508,2025-01-20,32.0
55.2800000000087,37.684093,2025-01-21,32.0
55.52799999999115,37.695663,2025-01-22,32.0
52.4280000000023,37.698345,2025-01-23,32.0
53.36000000000058,37.699265,2025-01-24,32.0
59.4320000000007,37.69347,2025-01-25,32.0
47.80000000000291,37.694443,2025-01-26,32.0
45.2539999999973,37.69517,2025-01-27,32.0
55.79200000000128,37.68294,2025-01-28,32.0
46.9600000000064,37.67975,2025-01-29,32.0
43.45599999999104,37.698193,2025-01-30,32.0
51.60800000000745,37.689693,2025-01-31,32.0
59.8119999999916,37.668415,2025-02-01,32.0
46.5280000000057,37.683266,2025-02-02,32.0
54.79200000000128,37.68842,2025-02-03,32.0
61.447999999989406,37.6687,2025-02-04,32.0
47.512000000002445,37.68893,2025-02-05,32.0
63.4628000000072,37.70099,2025-02-06,32.0
61.83999999999651,37.689266,2025-02-07,32.0
64.9360000000011,37.702614,2025-02-08,32.0
55.36800000000221,37.703236,2025-02-09,32.0
64.65600000000268,37.701443,2025-02-10,32.0
52.36799999998766,37.699123,2025-02-11,32.0
53.1120000000018,37.70747,2025-02-12,32.0
49.1120000000018,37.701374,2025-02-13,32.0
46.80800000000454,37.70389,2025-02-14,32.0
63.463999999992666,37.694958,2025-02-15,32.0
56.79200000000128,37.68806,2025-02-16,32.0
58.95200000000477,37.69286,2025-02-17,32.0
54.1019999999937,37.68587,2025-02-18,32.0
56.20800000001327,37.693718,2025-02-19,32.0
59.5679999999993,37.69665,2025-02-20,32.0
62.23199999998906,37.700993,2025-02-21,32.0
65.16800000000512,37.702984,2025-02-22,32.0
57.1019999999937,37.706173,2025-02-23,32.0
69.6628000000043,37.703133,2025-02-24,32.0
68.3028000000037,37.700127,2025-02-25,32.0
65.39999999999418,37.707855,2025-02-26,32.0
60.16000000000349,37.71056,2025-02-27,32.0
20.16800000000512,37.711704,2025-02-28,32.0
62.9360000000011,37.70839,2025-03-01,32.0
56.63999999999942,37.432964,2025-03-02,32.0
61.31999999999243,37.68642,2025-03-03,32.0
53.64800000000105,37.697117,2025-03-04,32.0
45.9109999999966,37.70287,2025-03-05,32.0
56.2560000000085,37.697575,2025-03-06,32.0
50.0,37.689255,2025-03-07,32.0
44.08000000000175,37.69051,2025-03-08,32.0
43.87199999998848,37.691845,2025-03-09,32.0
51.36000000000058,37.653294,2025-03-10,32.0
37.84799999999814,37.6612,2025-03-11,32.0
39.31200000000536,37.67526,2025-03-12,32.0
37.9360000000011,37.604374,2025-03-13,32.0
39.36000000000058,37.624527,2025-03-14,32.0
39.96799999999348,37.56457,2025-03-15,32.0
26.42399999999907,37.532333,2025-03-16,32.0
32.2628000000101,37.51627,2025-03-17,32.0
30.75999999999476,37.031116,2025-03-18,32.0
27.55999999999767,36.908573,2025-03-19,32.0
33.312000000005355,36.796978,2025-03-20,32.0
38.9109999999966,35.941727,2025-03-21,32.0
28.9520000000048,33.876045,2025-03-22,32.0
33.19199999999546,33.030907,2025-03-23,32.0
39.00800000000163,31.507273,2025-03-24,32.0
35.3920000000071,31.90052,2025-03-25,32.0
25.8719999999885,34.140945,2025-03-26,32.0
39.69600000001083,35.350292,2025-03-27,32.0
39.263999999995576,32.856716,2025-03-28,32.0
27.0,32.16693,2025-03-29,32.0
28.55999999999767,32.49746,2025-03-30,32.0
26.60000000000582,31.622658,2025-03-31,32.0
31.5679999999993,31.436394,2025-04-01,32.0
24.871999999988475,31.810503,2025-04-02,32.0
29.320000000006985,32.176064,2025-04-03,32.0
27.01600000000326,30.203043,2025-04-04,32.0
25.2079999999987,28.45712,2025-04-05,32.0
27.3109999999908,27.958628,2025-04-06,32.0
31.0880000000025,27.373554,2025-04-07,32.0
41.336000000010245,27.222202,2025-04-08,32.0
27.919999999998254,28.382153,2025-04-09,32.0
36.23999999999069,31.339672,2025-04-10,32.0
31.960000000006403,30.004728,2025-04-11,32.0
29.55199999999604,30.15018,2025-04-12,32.0
25.8228000000078,30.721397,2025-04-13,32.0
31.231999999989057,30.492405,2025-04-14,32.0
28.5028000000008,29.847986,2025-04-15,32.0
22.21600000000035,30.415642,2025-04-16,32.0
23.04800000000978,30.452368,2025-04-17,32.0
25.0479999999952,27.10849,2025-04-18,32.0
23.351999999998952,25.680706,2025-04-19,32.0
22.23200000000361,25.561806,2025-04-20,32.0
29.239999999990687,25.103426,2025-04-21,32.0
30.9120000000101,24.402,2025-04-22,32.0
29.648000000001048,25.219486,2025-04-23,32.0
33.03199999999197,27.185379,2025-04-24,32.0
30.335999999995693,26.69862,2025-04-25,32.0
25.1028000000066,26.678658,2025-04-26,32.0
26.60000000000582,26.96624,2025-04-27,32.0
28.2879999999958,26.74165,2025-04-28,32.0
36.1120000000018,26.668877,2025-04-29,32.0
30.59199999998964,27.761475,2025-04-30,32.0
28.0228000000049,29.400486,2025-05-01,32.0
25.7520000000077,28.46802,2025-05-02,32.0
28.9109999999966,27.895142,2025-05-03,32.0
31.239999999990687,27.394573,2025-05-04,32.0
27.648000000001048,27.545835,2025-05-05,32.0
41.16800000000512,28.613558,2025-05-06,32.0
27.2879999999958,29.108538,2025-05-07,32.0
31.888000000006286,31.003357,2025-05-08,32.0
33.36800000000221,29.132225,2025-05-09,32.0
30.4280000000023,28.772114,2025-05-10,32.0
25.75999999999476,29.651085,2025-05-11,32.0
32.736000000004424,30.322205,2025-05-12,32.0
33.463999999992666,29.573261,2025-05-13,32.0
32.98399999999674,30.199177,2025-05-14,32.0
25.472000000008848,31.117487,2025-05-15,32.0
26.18399999999383,30.072477,2025-05-16,32.0
27.320000000006985,28.466742,2025-05-17,32.0
32.03199999999197,27.687908,2025-05-18,32.0
28.5828000000026,27.055674,2025-05-19,32.0
27.839999999996508,28.012377,2025-05-20,32.0
26.9828000000103,28.66399,2025-05-21,32.0
32.78399999999965,28.386293,2025-05-22,32.0
32.687999999994645,26.499561,2025-05-23,32.0
33.1120000000018,26.420742,2025-05-24,32.0
27.19199999999546,27.551195,2025-05-25,32.0
33.2539999999973,28.851051,2025-05-26,32.0
39.16000000000349,29.22145,2025-05-27,32.0
28.55999999999767,30.407312,2025-05-28,32.0
25.6880000000092,32.01204,2025-05-29,32.0
31.39199999999255,30.3568,2025-05-30,32.0
41.28800000000047,28.683422,2025-05-31,32.0
18.9109999999966,28.931007,2025-06-01,32.0
42.63999999999942,30.753683,2025-06-02,32.0
35.288000000000466,29.0122,2025-06-03,32.0
35.88000000000466,30.67418,2025-06-04,32.0
44.63199999999779,32.364098,2025-06-05,32.0
35.27999999999884,31.855795,2025-06-06,32.0
55.80000000000291,32.76652,2025-06-07,32.0
51.70399999999791,33.386127,2025-06-08,32.0
33.7109999999995,35.73212,2025-06-09,32.0
28.8000000000029,37.12785,2025-06-10,32.0
38.42399999999907,37.118935,2025-06-11,32.0
43.36000000000058,36.92053,2025-06-12,32.0
29.96799999999348,37.154465,2025-06-13,32.0
27.1020000000083,37.16244,2025-06-14,32.0
21.79200000000128,36.685596,2025-06-15,32.0
38.0639999999984,35.808353,2025-06-16,32.0
10.520000000004076,8.90891,2024-09-18,33.0
13.663999999997031,8.328314,2024-09-19,33.0
14.80000000000291,7.819367,2024-09-20,33.0
20.627999999996973,8.914059,2024-09-21,33.0
6.760000000002037,9.842819,2024-09-22,33.0
3.0120000000024447,11.536062,2024-09-23,33.0
3.959999999999127,11.62792,2024-09-24,33.0
10.4279999999999,11.193811,2024-09-25,33.0
13.932000000000698,10.699789,2024-09-26,33.0
20.0,9.347678,2024-09-27,33.0
14.427999999999884,9.662673,2024-09-28,33.0
16.1199999999962,11.208742,2024-09-29,33.0
12.908000000003083,11.574614,2024-09-30,33.0
14.731999999996331,12.479554,2024-10-01,33.0
9.5,13.9546995,2024-10-02,33.0
8.680000000000291,14.7919235,2024-10-03,33.0
4.380000000004657,13.6966095,2024-10-04,33.0
10.9199999999983,12.296034,2024-10-05,33.0
12.652000000001864,10.853731,2024-10-06,33.0
14.027999999998428,10.381548,2024-10-07,33.0
12.051999999996042,10.995291,2024-10-08,33.0
11.2680000000037,12.3323555,2024-10-09,33.0
11.9800000000032,13.011145,2024-10-10,33.0
21.5109999999952,12.643251,2024-10-11,33.0
8.919999999998254,12.043467,2024-10-12,33.0
11.8280000000013,13.080167,2024-10-13,33.0
5.419999999998254,12.630497,2024-10-14,33.0
5.380000000004657,12.598425,2024-10-15,33.0
5.279999999998836,12.072518,2024-10-16,33.0
17.148000000001048,11.503716,2024-10-17,33.0
13.87199999999575,10.159794,2024-10-18,33.0
14.832000000002154,11.154211,2024-10-19,33.0
20.167999999997846,11.8077965,2024-10-20,33.0
10.7680000000037,12.478431,2024-10-21,33.0
12.4109999999966,14.068144,2024-10-22,33.0
18.332000000002157,14.406555,2024-10-23,33.0
13.18800000000192,14.400831,2024-10-24,33.0
11.6520000000018,14.323857,2024-10-25,33.0
11.3999999999942,13.753682,2024-10-26,33.0
9.576000000000931,13.491498,2024-10-27,33.0
22.8228000000005,12.788563,2024-10-28,33.0
17.98800000000483,12.698849,2024-10-29,33.0
11.9199999999983,15.168829,2024-10-30,33.0
20.93999999999505,17.323677,2024-10-31,33.0
9.592000000004193,16.42768,2024-11-01,33.0
16.108000000000175,16.80204,2024-11-02,33.0
22.987999999997555,16.02965,2024-11-03,33.0
20.77200000000448,15.568646,2024-11-04,33.0
21.651999999994587,16.79037,2024-11-05,33.0
21.50800000000163,18.483109,2024-11-06,33.0
16.55999999999767,19.657314,2024-11-07,33.0
5.692000000002736,19.25921,2024-11-08,33.0
22.87999999999738,18.796154,2024-11-09,33.0
24.028000000005704,17.1157,2024-11-10,33.0
10.331999999994878,18.014584,2024-11-11,33.0
10.680000000000293,18.953627,2024-11-12,33.0
11.5480000000025,18.817642,2024-11-13,33.0
24.0199999999968,18.562134,2024-11-14,33.0
25.4800000000032,17.105448,2024-11-15,33.0
14.927999999999884,17.937386,2024-11-16,33.0
24.47200000000157,19.3893,2024-11-17,33.0
22.44799999999668,18.464697,2024-11-18,33.0
17.8628000000014,19.964302,2024-11-19,33.0
8.87999999999738,21.376686,2024-11-20,33.0
20.506666666663172,21.337395,2024-11-21,33.0
13.5880000000025,18.874722,2024-11-22,33.0
17.971999999999145,19.2952,2024-11-23,33.0
23.8293333333259,18.532188,2024-11-24,33.0
17.850666666665347,17.89685,2024-11-25,33.0
16.73199999999876,19.373539,2024-11-26,33.0
11.3120000000005,20.339943,2024-11-27,33.0
11.9939999999988,21.064476,2024-11-28,33.0
18.4672824754564,19.285894,2024-11-29,33.0
20.295000000000076,17.911816,2024-11-30,33.0
7.288000000000466,18.06622,2024-12-01,33.0
7.292000000001281,17.94684,2024-12-02,33.0
7.33200000000211,16.95962,2024-12-03,33.0
7.279999999998836,16.4416,2024-12-04,33.0
7.32800000000125,16.230413,2024-12-05,33.0
50.18000000000029,14.064519,2024-12-06,33.0
27.139999999999414,13.133926,2024-12-07,33.0
63.1019999999937,18.88035,2024-12-08,33.0
28.80800000000454,22.463932,2024-12-09,33.0
21.55199999999604,29.604963,2024-12-10,33.0
41.4280000000023,30.537144,2024-12-11,33.0
17.18800000000192,29.274937,2024-12-12,33.0
10.559999999997672,30.03505,2024-12-13,33.0
28.451999999997497,27.64494,2024-12-14,33.0
24.37600000000384,25.409279,2024-12-15,33.0
45.4320000000007,26.259314,2024-12-16,33.0
24.479999999995925,26.737774,2024-12-17,33.0
26.48800000000483,30.885933,2024-12-18,33.0
11.3919999999998,31.817438,2024-12-19,33.0
29.83199999999488,30.840927,2024-12-20,33.0
7.976000000002386,28.006645,2024-12-21,33.0
7.94280000000314,28.917368,2024-12-22,33.0
7.9759999999951,25.182472,2024-12-23,33.0
7.992000000005646,22.876291,2024-12-24,33.0
7.99199999999837,22.022614,2024-12-25,33.0
28.0679999999993,20.152225,2024-12-26,33.0
39.50800000000163,17.224125,2024-12-27,33.0
17.61200000000099,18.889156,2024-12-28,33.0
6.799999999995634,22.187992,2024-12-29,33.0
6.788000000000466,22.476427,2024-12-30,33.0
33.16000000000349,20.23824,2024-12-31,33.0
25.9519999999975,19.352322,2025-01-01,33.0
37.72000000000117,20.932487,2025-01-02,33.0
18.7109999999995,20.682812,2025-01-03,33.0
6.227999999995518,22.173996,2025-01-04,33.0
6.2800000000061,22.42601,2025-01-05,33.0
6.279999999998836,20.21159,2025-01-06,33.0
6.252000000000408,18.777185,2025-01-07,33.0
6.267999999996391,17.953777,2025-01-08,33.0
28.1880000000019,17.700575,2025-01-09,33.0
45.102000000001,14.217691,2025-01-10,33.0
26.619999999995343,14.017928,2025-01-11,33.0
29.9000000000011,19.037514,2025-01-12,33.0
6.8879999999990105,21.819408,2025-01-13,33.0
14.572000000000116,23.599937,2025-01-14,33.0
6.988000000004831,21.921879,2025-01-15,33.0
36.46399999999994,21.639887,2025-01-16,33.0
51.76799999999639,17.303745,2025-01-17,33.0
7.319999999999709,19.056227,2025-01-18,33.0
7.360000000000582,25.329937,2025-01-19,33.0
7.351999999998952,23.055075,2025-01-20,33.0
8.536000000000058,21.470173,2025-01-21,33.0
8.54280000000169,21.223003,2025-01-22,33.0
55.18800000000192,21.567818,2025-01-23,33.0
30.31999999999971,18.228596,2025-01-24,33.0
8.0,20.862505,2025-01-25,33.0
7.97200000000117,22.710705,2025-01-26,33.0
7.987999999997555,20.787598,2025-01-27,33.0
7.959999999999127,20.0081,2025-01-28,33.0
7.919999999998254,19.746132,2025-01-29,33.0
45.18800000000192,19.816992,2025-01-30,33.0
44.19999999999709,17.625723,2025-01-31,33.0
6.78280000000693,18.322426,2025-02-01,33.0
6.78799999999319,23.290855,2025-02-02,33.0
7.4120000000039,21.420496,2025-02-03,33.0
8.487999999997555,19.872196,2025-02-04,33.0
8.560000000004948,19.726328,2025-02-05,33.0
45.2879999999958,20.703007,2025-02-06,33.0
53.65200000000186,15.450571,2025-02-07,33.0
6.099999999998545,18.689857,2025-02-08,33.0
5.5679999999993015,25.696579,2025-02-09,33.0
5.560000000004948,23.423187,2025-02-10,33.0
5.572000000000116,20.75232,2025-02-11,33.0
11.3999999999942,20.499577,2025-02-12,33.0
8.851999999998952,20.660454,2025-02-13,33.0
8.528000000005704,17.2306,2025-02-14,33.0
22.39999999999418,13.020472,2025-02-15,33.0
32.608000000000175,12.673565,2025-02-16,33.0
39.13200000000506,13.974443,2025-02-17,33.0
46.299999999995634,17.921215,2025-02-18,33.0
13.567999999999302,22.763597,2025-02-19,33.0
28.080000000001743,27.838333,2025-02-20,33.0
32.03199999999924,24.809301,2025-02-21,33.0
25.8000000000029,23.067213,2025-02-22,33.0
25.551999999996,23.96708,2025-02-23,33.0
39.06800000000658,23.873268,2025-02-24,33.0
41.307999999997264,24.538748,2025-02-25,33.0
24.42399999999907,28.07006,2025-02-26,33.0
33.53600000000006,30.737692,2025-02-27,33.0
18.599999999998545,29.52859,2025-02-28,33.0
28.3120000000054,29.841278,2025-03-01,33.0
26.75999999999476,28.405499,2025-03-02,33.0
24.247999999999596,28.074749,2025-03-03,33.0
46.09200000000419,27.771706,2025-03-04,33.0
20.919999999998254,26.907501,2025-03-05,33.0
5.92800000000233,30.74925,2025-03-06,33.0
5.61999999999525,29.295912,2025-03-07,33.0
5.680000000000291,25.616497,2025-03-08,33.0
43.5480000000025,23.503082,2025-03-09,33.0
19.851999999998952,21.734886,2025-03-10,33.0
14.87999999999738,24.112978,2025-03-11,33.0
26.960000000006403,22.767445,2025-03-12,33.0
16.339999999996508,22.0424,2025-03-13,33.0
16.839999999996508,22.252542,2025-03-14,33.0
23.80000000000291,21.19933,2025-03-15,33.0
13.728000000002794,20.381384,2025-03-16,33.0
20.4109999999966,20.915718,2025-03-17,33.0
13.948000000003958,19.1891,2025-03-18,33.0
16.8109999999981,18.312914,2025-03-19,33.0
18.05999999999767,17.893826,2025-03-20,33.0
29.68800000000192,17.193226,2025-03-21,33.0
27.023999999997613,17.914198,2025-03-22,33.0
30.46800000000076,20.000584,2025-03-23,33.0
16.459999999999127,19.270939,2025-03-24,33.0
10.760000000002,21.838484,2025-03-25,33.0
9.567999999999302,22.346199,2025-03-26,33.0
14.9428000000031,20.729836,2025-03-27,33.0
21.19999999999709,18.213326,2025-03-28,33.0
11.0080000000016,17.449068,2025-03-29,33.0
7.271999999997206,16.92714,2025-03-30,33.0
8.056000000004133,15.389165,2025-03-31,33.0
8.091999999996915,14.270548,2025-04-01,33.0
8.027999999998428,14.382521,2025-04-02,33.0
19.812000000005355,13.593272,2025-04-03,33.0
12.1099999999953,12.720332,2025-04-04,33.0
7.747999999999592,13.513256,2025-04-05,33.0
11.2109999999995,12.952901,2025-04-06,33.0
16.260000000002037,11.37414,2025-04-07,33.0
7.419999999998254,11.276181,2025-04-08,33.0
19.360000000000586,12.165946,2025-04-09,33.0
6.588000000003376,11.998577,2025-04-10,33.0
24.223999999994703,12.153048,2025-04-11,33.0
8.427999999999884,11.981349,2025-04-12,33.0
7.532000000006519,13.630709,2025-04-13,33.0
13.227999999995518,12.957342,2025-04-14,33.0
16.2500000000038,12.323617,2025-04-15,33.0
19.367999999994936,12.700287,2025-04-16,33.0
18.312000000005355,13.6018915,2025-04-17,33.0
12.0280000000009,12.993874,2025-04-18,33.0
10.5109999999952,13.140234,2025-04-19,33.0
16.0,13.183854,2025-04-20,33.0
9.919999999998254,12.580709,2025-04-21,33.0
14.13600000000588,12.855862,2025-04-22,33.0
17.479999999995925,13.090944,2025-04-23,33.0
10.360000000000582,13.030012,2025-04-24,33.0
11.351999999999,13.732885,2025-04-25,33.0
7.351999999998952,12.632574,2025-04-26,33.0
17.2580000000054,12.297735,2025-04-27,33.0
8.69199999999546,11.584732,2025-04-28,33.0
17.468000000000757,12.499993,2025-04-29,33.0
9.588000000003376,12.780282,2025-04-30,33.0
10.2639999999956,13.715853,2025-05-01,33.0
14.88799999999901,12.655732,2025-05-02,33.0
31.92000000000553,12.228422,2025-05-03,33.0
11.7109999999995,11.947189,2025-05-04,33.0
10.011999999996,14.69488,2025-05-05,33.0
10.7200000000012,15.312662,2025-05-06,33.0
12.1428000000002,14.83072,2025-05-07,33.0
13.080000000001746,13.888062,2025-05-08,33.0
35.8119999999989,12.283577,2025-05-09,33.0
35.37200000000303,12.144608,2025-05-10,33.0
28.2579999999981,15.916538,2025-05-11,33.0
28.943999999995867,20.831573,2025-05-12,33.0
9.376000000003842,22.925623,2025-05-13,33.0
25.652000000001863,23.856056,2025-05-14,33.0
25.07999999999447,21.506672,2025-05-15,33.0
27.9320000000007,21.29799,2025-05-16,33.0
45.38799999999901,20.868757,2025-05-17,33.0
35.50800000000163,21.070507,2025-05-18,33.0
30.99199999999837,25.263,2025-05-19,33.0
41.0,28.010006,2025-05-20,33.0
41.608000000000175,29.302021,2025-05-21,33.0
14.12000000000262,30.818344,2025-05-22,33.0
14.771999999997206,31.69514,2025-05-23,33.0
14.260000000002035,28.422222,2025-05-24,33.0
14.959999999999129,26.009697,2025-05-25,33.0
10.67199999999866,24.398567,2025-05-26,33.0
14.680000000000293,23.39668,2025-05-27,33.0
10.1880000000019,22.325409,2025-05-28,33.0
16.788000000000466,21.178179,2025-05-29,33.0
10.182800000001,18.523281,2025-05-30,33.0
11.4959999999992,17.295326,2025-05-31,33.0
6.83200000000211,15.266937,2025-06-01,33.0
11.0720000000001,13.904987,2025-06-02,33.0
10.695999999996276,13.082949,2025-06-03,33.0
18.23200000000361,12.156225,2025-06-04,33.0
9.831999999994878,11.020553,2025-06-05,33.0
12.9360000000011,11.570705,2025-06-06,33.0
8.552000000003318,11.035568,2025-06-07,33.0
6.559999999997672,11.197527,2025-06-08,33.0
10.9120000000039,10.364653,2025-06-09,33.0
16.135999999998603,10.14687,2025-06-10,33.0
19.87199999999575,10.367697,2025-06-11,33.0
18.2500000000038,11.703861,2025-06-12,33.0
8.080000000001746,12.450865,2025-06-13,33.0
10.6599999999962,12.90337,2025-06-14,33.0
7.71099999999953,12.2045,2025-06-15,33.0
6.5,11.514754,2025-06-16,33.0
6.296000000002096,10.360626,2024-09-18,34.0
26.351999999998952,10.08181,2024-09-19,34.0
12.2880000000031,9.109231,2024-09-20,34.0
22.3109999999981,11.366981,2024-09-21,34.0
23.0880000000025,11.997359,2024-09-22,34.0
10.7319999999963,13.248719,2024-09-23,34.0
5.559999999997672,15.941078,2024-09-24,34.0
13.988000000004831,15.929066,2024-09-25,34.0
25.27199999999721,14.67846,2024-09-26,34.0
19.031999999999243,12.972675,2024-09-27,34.0
11.6680000000051,14.907557,2024-09-28,34.0
18.987999999997555,15.753309,2024-09-29,34.0
14.012000000002445,14.794831,2024-09-30,34.0
17.25199999999313,15.992728,2024-10-01,34.0
10.648000000001,17.329145,2024-10-02,34.0
23.288000000000466,18.503864,2024-10-03,34.0
17.772000000004482,16.687145,2024-10-04,34.0
12.38799999999901,17.323013,2024-10-05,34.0
14.5028000000008,17.278774,2024-10-06,34.0
17.608000000000175,15.826292,2024-10-07,34.0
13.299999999995634,15.801455,2024-10-08,34.0
11.8919999999998,17.12968,2024-10-09,34.0
24.880000000004657,17.564371,2024-10-10,34.0
17.839999999996508,15.865185,2024-10-11,34.0
10.6399999999994,16.802336,2024-10-12,34.0
19.455999999998312,17.159203,2024-10-13,34.0
18.560000000004948,15.975112,2024-10-14,34.0
11.5919999999969,16.724077,2024-10-15,34.0
17.0280000000009,17.909208,2024-10-16,34.0
23.12000000000262,17.936623,2024-10-17,34.0
10.619999999995343,16.987036,2024-10-18,34.0
13.29200000000128,17.848642,2024-10-19,34.0
12.296000000002095,17.155186,2024-10-20,34.0
19.99199999999837,16.494637,2024-10-21,34.0
19.79200000000128,16.073921,2024-10-22,34.0
19.86800000000221,17.460938,2024-10-23,34.0
11.627999999997,18.917927,2024-10-24,34.0
19.0,18.470907,2024-10-25,34.0
10.760000000002035,17.389786,2024-10-26,34.0
18.943999999995867,17.641659,2024-10-27,34.0
13.768000000003669,16.289385,2024-10-28,34.0
17.659999999996217,16.439125,2024-10-29,34.0
16.5280000000009,17.115543,2024-10-30,34.0
21.9280000000023,18.346582,2024-10-31,34.0
17.099999999998545,17.689047,2024-11-01,34.0
6.260000000002037,18.226967,2024-11-02,34.0
18.360000000000586,18.53046,2024-11-03,34.0
20.9000000000011,16.978668,2024-11-04,34.0
9.727999999995518,17.003256,2024-11-05,34.0
5.47200000000117,18.225924,2024-11-06,34.0
24.80000000000291,17.707611,2024-11-07,34.0
19.327999999994063,15.432038,2024-11-08,34.0
8.391999999999825,16.296286,2024-11-09,34.0
18.031999999999243,17.334044,2024-11-10,34.0
12.376000000003842,15.750269,2024-11-11,34.0
18.77199999999721,16.310146,2024-11-12,34.0
16.332000000002154,16.971224,2024-11-13,34.0
21.167999999997846,18.119762,2024-11-14,34.0
14.5280000000009,17.448217,2024-11-15,34.0
5.739999999997963,17.900703,2024-11-16,34.0
11.0,18.316261,2024-11-17,34.0
20.288000000000466,16.139635,2024-11-18,34.0
10.5028000000008,15.456305,2024-11-19,34.0
23.12800000000425,17.101536,2024-11-20,34.0
18.739999999997963,17.538269,2024-11-21,34.0
16.9199999999982,17.864922,2024-11-22,34.0
6.797333333333275,18.1778,2024-11-23,34.0
17.13066666666661,18.52795,2024-11-24,34.0
17.85466666666859,16.883675,2024-11-25,34.0
13.3256666666645,17.195122,2024-11-26,34.0
14.977333333335991,18.019257,2024-11-27,34.0
21.662000000000265,18.265835,2024-11-28,34.0
16.97199999999792,17.239372,2024-11-29,34.0
17.1027999999998,17.891068,2024-11-30,34.0
20.29200000000128,18.356415,2024-12-01,34.0
6.82800000000378,18.142168,2024-12-02,34.0
12.5280000000009,19.040926,2024-12-03,34.0
11.9799999999959,18.718512,2024-12-04,34.0
13.2500000000038,18.465248,2024-12-05,34.0
4.779999999998836,16.486794,2024-12-06,34.0
30.139999999999414,15.886679,2024-12-07,34.0
5.30000000000291,15.04975,2024-12-08,34.0
17.959999999999127,17.745918,2024-12-09,34.0
10.1879999999946,16.828346,2024-12-10,34.0
22.2528000000046,17.805893,2024-12-11,34.0
37.0,17.567755,2024-12-12,34.0
21.867999999994936,17.3773,2024-12-13,34.0
22.908000000003085,20.319828,2024-12-14,34.0
7.091999999996915,20.899952,2024-12-15,34.0
11.0920000000042,21.858711,2024-12-16,34.0
28.799999999995634,20.40017,2024-12-17,34.0
10.7200000000012,20.526226,2024-12-18,34.0
24.788000000000466,22.822903,2024-12-19,34.0
23.66000000000349,20.126247,2024-12-20,34.0
14.79200000000128,21.292833,2024-12-21,34.0
11.6080000000002,21.916712,2024-12-22,34.0
25.2479999999996,21.733177,2024-12-23,34.0
9.631999999997788,20.514788,2024-12-24,34.0
6.779999999998836,22.890263,2024-12-25,34.0
36.667999999997846,22.187399,2024-12-26,34.0
25.79200000000128,18.070496,2024-12-27,34.0
8.10200000000099,20.582048,2024-12-28,34.0
16.788000000000466,22.095886,2024-12-29,34.0
16.919999999998254,20.610912,2024-12-30,34.0
26.139999999999414,20.7748,2024-12-31,34.0
16.68800000000192,20.939678,2025-01-01,34.0
21.31999999999971,22.369806,2025-01-02,34.0
13.9120000000039,20.204494,2025-01-03,34.0
27.25999999999476,19.604519,2025-01-04,34.0
8.959999999999127,19.081055,2025-01-05,34.0
24.060000000004948,20.445911,2025-01-06,34.0
10.4399999999951,18.58694,2025-01-07,34.0
6.139999999999418,19.810562,2025-01-08,34.0
37.700000000004366,19.975254,2025-01-09,34.0
18.32800000000134,16.103891,2025-01-10,34.0
20.87999999999738,18.677834,2025-01-11,34.0
21.1428000000002,19.304684,2025-01-12,34.0
22.0679999999993,19.655079,2025-01-13,34.0
6.468000000000757,20.126087,2025-01-14,34.0
10.463999999999942,21.118645,2025-01-15,34.0
39.33600000000297,20.244183,2025-01-16,34.0
4.4320000000006985,17.695854,2025-01-17,34.0
14.767999999996391,20.91711,2025-01-18,34.0
25.42399999999907,19.322529,2025-01-19,34.0
13.868000000002212,18.15292,2025-01-20,34.0
7.707999999998719,18.632545,2025-01-21,34.0
25.652000000001863,19.62175,2025-01-22,34.0
23.29200000000128,19.770271,2025-01-23,34.0
6.655999999995402,17.369171,2025-01-24,34.0
16.982800000004,17.806858,2025-01-25,34.0
21.0879999999961,16.692097,2025-01-26,34.0
13.102000000001,17.293348,2025-01-27,34.0
9.77599999999802,17.848236,2025-01-28,34.0
11.3199999999997,18.358904,2025-01-29,34.0
21.520000000004075,18.403515,2025-01-30,34.0
21.10399999999936,16.318075,2025-01-31,34.0
12.5879999999961,17.617073,2025-02-01,34.0
10.0200000000041,18.01878,2025-02-02,34.0
10.4199999999983,16.712164,2025-02-03,34.0
16.427999999999884,16.04059,2025-02-04,34.0
18.0280000000009,16.603216,2025-02-05,34.0
17.652000000001863,17.118631,2025-02-06,34.0
22.731999999996333,15.791259,2025-02-07,34.0
7.027999999998428,16.9926,2025-02-08,34.0
12.360000000000582,18.325048,2025-02-09,34.0
16.61200000000099,16.278141,2025-02-10,34.0
10.720000000001164,15.118193,2025-02-11,34.0
14.135999999998605,16.386705,2025-02-12,34.0
26.42399999999907,16.632233,2025-02-13,34.0
24.01600000000326,15.426797,2025-02-14,34.0
10.98399999999674,16.040031,2025-02-15,34.0
14.0280000000009,17.816105,2025-02-16,34.0
11.0480000000025,16.85356,2025-02-17,34.0
7.480000000003201,17.30665,2025-02-18,34.0
14.819999999999707,16.807316,2025-02-19,34.0
17.771999999997206,15.583711,2025-02-20,34.0
20.167999999997846,13.72198,2025-02-21,34.0
11.7680000000037,14.166729,2025-02-22,34.0
5.391999999999825,15.4522,2025-02-23,34.0
18.27999999999884,14.544658,2025-02-24,34.0
14.62000000000262,13.844967,2025-02-25,34.0
10.7079999999987,15.460589,2025-02-26,34.0
36.78399999999965,16.404099,2025-02-27,34.0
3.02800000000087,14.498698,2025-02-28,34.0
11.0679999999993,17.08656,2025-03-01,34.0
4.279999999998836,15.7225065,2025-03-02,34.0
14.819999999999707,14.59006,2025-03-03,34.0
13.608000000000176,13.427795,2025-03-04,34.0
16.832000000002154,14.024858,2025-03-05,34.0
18.459999999999127,14.770623,2025-03-06,34.0
6.108000000000175,14.280579,2025-03-07,34.0
9.072000000000116,14.910765,2025-03-08,34.0
16.07999999999447,14.177844,2025-03-09,34.0
16.320000000006985,13.877535,2025-03-10,34.0
4.631999999997788,13.7280855,2025-03-11,34.0
19.695999999996275,14.053862,2025-03-12,34.0
9.79200000000128,14.239546,2025-03-13,34.0
10.660000000003492,12.726778,2025-03-14,34.0
9.25799999999813,13.375166,2025-03-15,34.0
12.959999999999129,13.424826,2025-03-16,34.0
10.131999999997788,13.50926,2025-03-17,34.0
5.692000000002736,12.825003,2025-03-18,34.0
16.82800000000134,12.488945,2025-03-19,34.0
23.02799999999843,12.115441,2025-03-20,34.0
12.17199999999866,11.128719,2025-03-21,34.0
13.732000000003609,13.672301,2025-03-22,34.0
10.167999999997846,14.070444,2025-03-23,34.0
8.968000000000757,12.7586,2025-03-24,34.0
20.222800000002,12.724562,2025-03-25,34.0
13.799999999995634,13.269112,2025-03-26,34.0
13.01600000000326,14.583252,2025-03-27,34.0
18.69199999999546,14.033236,2025-03-28,34.0
18.30000000000291,14.444685,2025-03-29,34.0
6.4320000000006985,14.75676,2025-03-30,34.0
16.608000000000175,14.654852,2025-03-31,34.0
8.767999999996391,13.748719,2025-04-01,34.0
13.312000000005357,15.031775,2025-04-02,34.0
11.6879999999946,14.144659,2025-04-03,34.0
21.531999999999243,12.777626,2025-04-04,34.0
8.172000000005937,13.231571,2025-04-05,34.0
18.0,14.305607,2025-04-06,34.0
16.20799999999872,13.698882,2025-04-07,34.0
10.260000000002,14.722942,2025-04-08,34.0
7.41099999999662,15.198413,2025-04-09,34.0
24.927999999999884,14.897071,2025-04-10,34.0
17.2500000000038,13.233164,2025-04-11,34.0
12.291999999994005,15.000753,2025-04-12,34.0
8.868000000002212,15.643681,2025-04-13,34.0
23.2109999999995,15.110719,2025-04-14,34.0
25.228000000002798,14.229712,2025-04-15,34.0
7.027999999998428,16.12668,2025-04-16,34.0
22.959999999999127,18.19285,2025-04-17,34.0
18.192000000002736,15.497775,2025-04-18,34.0
4.11999999999622,15.714808,2025-04-19,34.0
10.00800000000163,16.291931,2025-04-20,34.0
11.663999999997,14.220963,2025-04-21,34.0
10.8280000000013,13.343357,2025-04-22,34.0
10.880000000004657,13.537493,2025-04-23,34.0
11.8919999999998,14.091215,2025-04-24,34.0
17.719999999993888,12.649761,2025-04-25,34.0
10.6880000000019,12.288164,2025-04-26,34.0
18.5,12.980463,2025-04-27,34.0
10.8919999999998,12.959745,2025-04-28,34.0
13.927999999999884,13.781549,2025-04-29,34.0
10.1120000000018,13.860373,2025-04-30,34.0
20.36800000000221,14.689758,2025-05-01,34.0
17.299999999995634,13.111973,2025-05-02,34.0
9.5,13.66249,2025-05-03,34.0
17.59200000000419,14.113799,2025-05-04,34.0
10.70799999999872,12.9825,2025-05-05,34.0
19.05199999999604,13.875298,2025-05-06,34.0
16.668000000005122,14.194206,2025-05-07,34.0
18.90799999999581,15.283422,2025-05-08,34.0
9.232000000003609,14.543895,2025-05-09,34.0
10.7599999999948,15.006802,2025-05-10,34.0
16.512000000002445,14.412659,2025-05-11,34.0
14.880000000004657,13.432575,2025-05-12,34.0
16.535999999992782,13.906709,2025-05-13,34.0
9.12000000000262,14.487502,2025-05-14,34.0
28.2628000000029,15.371369,2025-05-15,34.0
16.447999999996682,14.084894,2025-05-16,34.0
13.0,15.659962,2025-05-17,34.0
22.139999999999414,15.857737,2025-05-18,34.0
14.572000000000116,14.286616,2025-05-19,34.0
12.12000000000262,15.4702,2025-05-20,34.0
10.82800000000134,16.289505,2025-05-21,34.0
17.02799999999843,15.756453,2025-05-22,34.0
10.80000000000291,12.99471,2025-05-23,34.0
18.55199999999604,13.528767,2025-05-24,34.0
11.4199999999983,13.484759,2025-05-25,34.0
14.531999999999243,13.993233,2025-05-26,34.0
14.656000000002678,14.476677,2025-05-27,34.0
16.182800000001,15.074434,2025-05-28,34.0
24.228000000002798,15.85244,2025-05-29,34.0
12.307999999997264,14.716633,2025-05-30,34.0
14.3109999999981,15.4501095,2025-05-31,34.0
8.88799999999901,14.877319,2025-06-01,34.0
13.972000000001572,14.039785,2025-06-02,34.0
12.8109999999981,13.529881,2025-06-03,34.0
17.968000000000757,13.632256,2025-06-04,34.0
22.0880000000025,14.066783,2025-06-05,34.0
12.1199999999962,13.803459,2025-06-06,34.0
12.760000000002035,14.921215,2025-06-07,34.0
17.4320000000007,14.550267,2025-06-08,34.0
11.1920000000027,13.963121,2025-06-09,34.0
13.959999999999129,14.796886,2025-06-10,34.0
14.327999999994065,14.925922,2025-06-11,34.0
17.048000000002503,15.294704,2025-06-12,34.0
11.4320000000007,14.022941,2025-06-13,34.0
10.9800000000032,14.05011,2025-06-14,34.0
4.947999999996682,13.6432495,2025-06-15,34.0
14.582000000002154,12.986006,2025-06-16,34.0
27.127999999996973,33.850742,2024-09-18,35.0
29.5428000000017,32.10734,2024-09-19,35.0
23.2800000000011,30.309963,2024-09-20,35.0
70.80000000000291,27.945827,2024-09-21,35.0
33.6559999999954,26.80466,2024-09-22,35.0
11.5200000000041,32.258224,2024-09-23,35.0
26.87199999999575,33.40462,2024-09-24,35.0
18.139999999999414,30.903778,2024-09-25,35.0
52.05200000000332,30.855677,2024-09-26,35.0
48.667999999997846,28.171394,2024-09-27,35.0
39.36000000000058,30.309185,2024-09-28,35.0
41.87999999999738,32.813587,2024-09-29,35.0
23.0,33.844696,2024-09-30,35.0
18.708000000005995,35.428173,2024-10-01,35.0
28.239999999997963,35.266247,2024-10-02,35.0
17.19999999999709,34.00257,2024-10-03,35.0
24.99200000000565,33.25433,2024-10-04,35.0
23.83199999999488,29.637556,2024-10-05,35.0
47.63999999999942,26.611292,2024-10-06,35.0
19.32800000000134,25.368504,2024-10-07,35.0
10.6399999999994,29.17949,2024-10-08,35.0
21.459999999999127,28.706636,2024-10-09,35.0
16.92000000000553,26.549313,2024-10-10,35.0
23.131999999997788,25.316578,2024-10-11,35.0
10.38799999999901,23.056826,2024-10-12,35.0
16.987999999997555,22.00962,2024-10-13,35.0
16.7028000000052,19.038155,2024-10-14,35.0
22.5199999999968,18.739204,2024-10-15,35.0
26.17599999999948,19.351418,2024-10-16,35.0
18.3028000000037,20.385738,2024-10-17,35.0
17.807999999997264,21.583519,2024-10-18,35.0
8.847999999998137,20.785824,2024-10-19,35.0
32.192000000002736,20.114933,2024-10-20,35.0
31.55199999999604,17.370056,2024-10-21,35.0
35.74800000000687,19.650515,2024-10-22,35.0
20.17199999999866,23.026897,2024-10-23,35.0
10.2560000000012,26.020903,2024-10-24,35.0
6.391999999999825,25.132027,2024-10-25,35.0
24.739999999997963,22.391468,2024-10-26,35.0
12.8109999999981,20.567144,2024-10-27,35.0
22.52799999999843,20.580185,2024-10-28,35.0
28.5679999999993,19.14044,2024-10-29,35.0
24.4280000000023,19.93452,2024-10-30,35.0
18.851999999998952,22.160849,2024-10-31,35.0
17.31999999999971,22.813242,2024-11-01,35.0
41.72000000000117,21.988924,2024-11-02,35.0
10.3799999999974,21.364567,2024-11-03,35.0
32.86000000000058,24.673204,2024-11-04,35.0
9.760000000002035,22.571804,2024-11-05,35.0
18.4120000000039,23.935947,2024-11-06,35.0
31.38799999999901,22.28269,2024-11-07,35.0
9.788000000000466,20.760994,2024-11-08,35.0
31.959999999999127,22.176582,2024-11-09,35.0
17.731999999996333,20.13759,2024-11-10,35.0
27.86800000000221,22.060162,2024-11-11,35.0
35.720000000001164,21.751926,2024-11-12,35.0
12.1120000000018,23.6558,2024-11-13,35.0
24.951999999997497,26.358696,2024-11-14,35.0
16.747999999999593,24.022745,2024-11-15,35.0
25.548000000002503,23.758507,2024-11-16,35.0
5.951999999997497,22.497824,2024-11-17,35.0
28.6999999999971,22.837124,2024-11-18,35.0
3.427999999999884,20.125656,2024-11-19,35.0
11.2820000000029,22.522636,2024-11-20,35.0
25.063999999998487,20.96748,2024-11-21,35.0
14.61866666666659,18.5126,2024-11-22,35.0
33.07600000000093,19.439007,2024-11-23,35.0
10.6879999999971,18.360985,2024-11-24,35.0
33.80933333333329,21.015484,2024-11-25,35.0
16.302666666667694,20.039528,2024-11-26,35.0
10.25466666667,22.40061,2024-11-27,35.0
25.007999999997992,22.543436,2024-11-28,35.0
11.6833333333331,19.688381,2024-11-29,35.0
27.7492000000006,20.148708,2024-11-30,35.0
27.38799999999901,18.535278,2024-12-01,35.0
41.59999999999855,20.159779,2024-12-02,35.0
23.5028000000008,21.774744,2024-12-03,35.0
39.96800000000076,26.682087,2024-12-04,35.0
11.2879999999958,27.295256,2024-12-05,35.0
49.47200000000157,28.289145,2024-12-06,35.0
29.048000000002503,26.212742,2024-12-07,35.0
31.62399999999616,28.594769,2024-12-08,35.0
38.76800000000367,30.007708,2024-12-09,35.0
39.08000000000175,30.551937,2024-12-10,35.0
49.979999999995925,32.934925,2024-12-11,35.0
10.2200000000012,34.906075,2024-12-12,35.0
26.68000000000029,35.182034,2024-12-13,35.0
19.5280000000009,32.518818,2024-12-14,35.0
43.919999999998254,31.070244,2024-12-15,35.0
46.9320000000007,30.204712,2024-12-16,35.0
41.296000000002095,32.08088,2024-12-17,35.0
37.89199999999983,34.84036,2024-12-18,35.0
23.57200000000012,36.271168,2024-12-19,35.0
25.6399999999994,36.22893,2024-12-20,35.0
28.5199999999968,35.002056,2024-12-21,35.0
55.48800000000483,34.348293,2024-12-22,35.0
13.939999999995052,34.795097,2024-12-23,35.0
2.62000000000262,36.338005,2024-12-24,35.0
4.727999999995518,34.49832,2024-12-25,35.0
55.5428000000017,30.964964,2024-12-26,35.0
41.31999999999971,27.180824,2024-12-27,35.0
27.57600000000093,30.548077,2024-12-28,35.0
25.49199999999837,32.676064,2024-12-29,35.0
52.25200000000041,31.979965,2024-12-30,35.0
43.73600000000442,30.682203,2024-12-31,35.0
39.55999999999767,34.033627,2025-01-01,35.0
39.10399999999936,35.6032,2025-01-02,35.0
19.056000000004133,36.249958,2025-01-03,35.0
38.583999999995285,35.61636,2025-01-04,35.0
39.36000000000058,33.540672,2025-01-05,35.0
46.68000000000029,33.275227,2025-01-06,35.0
41.25600000000122,34.79108,2025-01-07,35.0
44.05199999999604,36.43511,2025-01-08,35.0
20.81999999999971,37.146576,2025-01-09,35.0
26.560000000004948,37.047894,2025-01-10,35.0
38.1099999999953,34.911884,2025-01-11,35.0
22.848000000005413,34.328026,2025-01-12,35.0
19.87199999999575,34.976234,2025-01-13,35.0
27.4320000000007,33.138813,2025-01-14,35.0
37.4800000000032,31.002338,2025-01-15,35.0
13.968000000000757,31.24003,2025-01-16,35.0
14.839999999996508,30.69067,2025-01-17,35.0
27.9800000000032,28.501087,2025-01-18,35.0
30.4109999999966,26.520054,2025-01-19,35.0
37.61600000000181,25.542782,2025-01-20,35.0
10.5120000000024,25.477228,2025-01-21,35.0
19.659999999996217,27.896286,2025-01-22,35.0
3.7880000000004657,25.552694,2025-01-23,35.0
37.29200000000128,22.83378,2025-01-24,35.0
61.82800000000134,20.050797,2025-01-25,35.0
22.83199999999488,21.850288,2025-01-26,35.0
41.1120000000018,29.216522,2025-01-27,35.0
32.27999999999884,29.291386,2025-01-28,35.0
33.5480000000025,31.058872,2025-01-29,35.0
28.372000000003,31.272202,2025-01-30,35.0
9.527999999998428,31.736507,2025-01-31,35.0
44.48799999999756,31.614403,2025-02-01,35.0
9.072000000000116,28.343567,2025-02-02,35.0
36.1120000000018,29.536228,2025-02-03,35.0
46.21600000000035,26.454441,2025-02-04,35.0
18.5428000000017,28.562172,2025-02-05,35.0
18.2579999999981,32.31255,2025-02-06,35.0
37.36000000000058,30.722128,2025-02-07,35.0
22.091999999996915,28.331533,2025-02-08,35.0
31.167999999997846,29.176128,2025-02-09,35.0
4.368000000002212,27.870377,2025-02-10,35.0
25.97200000000157,27.287392,2025-02-11,35.0
43.63999999999942,24.990402,2025-02-12,35.0
20.091999999996915,25.120876,2025-02-13,35.0
37.5679999999993,27.130833,2025-02-14,35.0
10.1280000000067,26.110416,2025-02-15,35.0
2.539999999993597,26.666739,2025-02-16,35.0
17.4800000000032,24.979164,2025-02-17,35.0
16.76799999999639,22.842045,2025-02-18,35.0
29.4628000000072,22.00636,2025-02-19,35.0
29.52799999999843,21.545418,2025-02-20,35.0
31.60800000000017,21.130371,2025-02-21,35.0
26.091999999996915,21.288475,2025-02-22,35.0
19.851999999998952,22.288193,2025-02-23,35.0
33.495999999999185,21.919792,2025-02-24,35.0
14.982800000004,22.372185,2025-02-25,35.0
49.68800000000192,25.117971,2025-02-26,35.0
29.72799999999552,23.536903,2025-02-27,35.0
3.052000000003318,26.315845,2025-02-28,35.0
28.6919999999955,26.35682,2025-03-01,35.0
49.49599999999919,23.252697,2025-03-02,35.0
22.4320000000007,24.226654,2025-03-03,35.0
23.080000000001743,28.72173,2025-03-04,35.0
16.62000000000262,28.799616,2025-03-05,35.0
33.771999999997206,28.616175,2025-03-06,35.0
26.94800000000396,25.925995,2025-03-07,35.0
7.819999999999709,26.183552,2025-03-08,35.0
29.979999999995925,26.185299,2025-03-09,35.0
23.788000000000466,23.392185,2025-03-10,35.0
25.9028000000023,23.344734,2025-03-11,35.0
16.57600000000093,24.157179,2025-03-12,35.0
16.271999999997206,24.22733,2025-03-13,35.0
16.47200000000157,22.307838,2025-03-14,35.0
19.747999999999596,21.789917,2025-03-15,35.0
19.86800000000221,20.882763,2025-03-16,35.0
6.11199999999459,19.73122,2025-03-17,35.0
20.2880000000031,18.858887,2025-03-18,35.0
12.29200000000128,17.047607,2025-03-19,35.0
5.239999999997963,18.644865,2025-03-20,35.0
30.10800000000017,16.024153,2025-03-21,35.0
46.46399999999994,14.488026,2025-03-22,35.0
21.2800000000011,16.7374,2025-03-23,35.0
17.57600000000093,20.924864,2025-03-24,35.0
11.5720000000001,22.351446,2025-03-25,35.0
33.667999999997846,21.735537,2025-03-26,35.0
27.360000000000586,20.547237,2025-03-27,35.0
17.252000000000407,21.711374,2025-03-28,35.0
21.919999999998254,22.110264,2025-03-29,35.0
10.548000000002505,20.51154,2025-03-30,35.0
11.182800000001,19.679943,2025-03-31,35.0
20.1199999999962,19.09314,2025-04-01,35.0
17.33600000000297,18.593237,2025-04-02,35.0
17.55999999999767,18.747017,2025-04-03,35.0
12.4109999999966,18.624895,2025-04-04,35.0
14.260000000002035,17.98297,2025-04-05,35.0
21.5,15.95224,2025-04-06,35.0
11.4599999999991,15.278636,2025-04-07,35.0
12.608000000000176,16.267551,2025-04-08,35.0
17.61200000000099,16.345469,2025-04-09,35.0
18.020000000004075,15.586914,2025-04-10,35.0
10.5,14.477858,2025-04-11,35.0
18.0199999999968,15.261398,2025-04-12,35.0
7.80000000000291,14.205059,2025-04-13,35.0
24.39999999999418,14.420778,2025-04-14,35.0
10.0320000000065,13.872047,2025-04-15,35.0
24.055999999996857,15.350483,2025-04-16,35.0
18.12000000000262,14.795784,2025-04-17,35.0
10.5199999999968,14.739596,2025-04-18,35.0
12.8628000000014,14.968506,2025-04-19,35.0
25.37599999999657,13.995316,2025-04-20,35.0
10.2109999999995,12.986369,2025-04-21,35.0
19.747999999999596,15.014589,2025-04-22,35.0
13.61200000000099,15.030788,2025-04-23,35.0
14.42000000000553,15.671764,2025-04-24,35.0
20.60800000000017,14.887856,2025-04-25,35.0
17.359999999993306,14.5070095,2025-04-26,35.0
24.2280000000052,14.713383,2025-04-27,35.0
27.943999999995867,15.286282,2025-04-28,35.0
21.0679999999993,16.614885,2025-04-29,35.0
25.66800000000512,19.654987,2025-04-30,35.0
43.8228000000005,20.303387,2025-05-01,35.0
32.6559999999954,20.528194,2025-05-02,35.0
27.1428000000002,23.892208,2025-05-03,35.0
22.228000000002798,25.349064,2025-05-04,35.0
22.87999999999738,25.340555,2025-05-05,35.0
30.62000000000262,25.379158,2025-05-06,35.0
45.96800000000076,25.64714,2025-05-07,35.0
31.743999999998778,26.543747,2025-05-08,35.0
18.987999999997555,28.222378,2025-05-09,35.0
71.89199999999983,29.052713,2025-05-10,35.0
57.27999999999884,27.578402,2025-05-11,35.0
66.01600000000326,33.135426,2025-05-12,35.0
36.4109999999966,35.839817,2025-05-13,35.0
18.80000000000291,37.25928,2025-05-14,35.0
13.360000000000582,37.38091,2025-05-15,35.0
33.49199999999837,36.195408,2025-05-16,35.0
24.46800000000076,33.884403,2025-05-17,35.0
35.86800000000221,34.137173,2025-05-18,35.0
38.67199999999866,33.26031,2025-05-19,35.0
22.5,32.967247,2025-05-20,35.0
48.78800000000047,33.190556,2025-05-21,35.0
4.28000000000146,31.327374,2025-05-22,35.0
4.599999999998545,32.34757,2025-05-23,35.0
4.599999999998545,28.263573,2025-05-24,35.0
25.692000000002736,24.134209,2025-05-25,35.0
41.94799999999668,21.397003,2025-05-26,35.0
62.6228000000025,21.11597,2025-05-27,35.0
28.4559999999983,24.259964,2025-05-28,35.0
7.120000000002619,31.220203,2025-05-29,35.0
56.74399999999878,31.043884,2025-05-30,35.0
66.0879999999961,27.001842,2025-05-31,35.0
28.2000000000044,30.388971,2025-06-01,35.0
46.5,34.809647,2025-06-02,35.0
45.18000000000029,34.860916,2025-06-03,35.0
38.59999999999855,36.47178,2025-06-04,35.0
47.59199999999692,36.93195,2025-06-05,35.0
29.455999999998312,36.885403,2025-06-06,35.0
28.852000000006228,37.315937,2025-06-07,35.0
36.87999999999738,36.922253,2025-06-08,35.0
43.12000000000262,35.987453,2025-06-09,35.0
33.299999999995634,36.34374,2025-06-10,35.0
45.419999999998254,36.911472,2025-06-11,35.0
25.5880000000025,36.86435,2025-06-12,35.0
25.3028000000037,37.226818,2025-06-13,35.0
25.93599999999424,35.091618,2025-06-14,35.0
16.880000000004657,33.24775,2025-06-15,35.0
44.81000000000131,32.32254,2025-06-16,35.0
12.1000000000006,11.732183,2024-09-18,36.0
11.1199999999962,10.9154625,2024-09-19,36.0
12.010000000002035,10.3305025,2024-09-20,36.0
13.889999999999418,10.218664,2024-09-21,36.0
17.099999999998545,10.258038,2024-09-22,36.0
5.450000000004366,10.443707,2024-09-23,36.0
5.719999999993888,12.043466,2024-09-24,36.0
8.12800000000669,11.99749,2024-09-25,36.0
27.359999999993303,11.536917,2024-09-26,36.0
14.05000000000291,10.199591,2024-09-27,36.0
13.520000000004076,12.224955,2024-09-28,36.0
16.0,12.778099,2024-09-29,36.0
14.319999999999707,11.945309,2024-09-30,36.0
13.531999999999243,12.900797,2024-10-01,36.0
9.855999999999767,14.548896,2024-10-02,36.0
27.29200000000128,15.036686,2024-10-03,36.0
13.37199999999575,13.771381,2024-10-04,36.0
12.495999999999183,15.38269,2024-10-05,36.0
16.7028000000052,15.162828,2024-10-06,36.0
12.447999999996682,14.032691,2024-10-07,36.0
17.591999999996915,14.651833,2024-10-08,36.0
23.20000000000437,15.321383,2024-10-09,36.0
23.94799999999668,16.540321,2024-10-10,36.0
20.132000000005064,16.820417,2024-10-11,36.0
12.39999999999418,17.975313,2024-10-12,36.0
17.416000000004715,18.028316,2024-10-13,36.0
13.951999999997495,16.997643,2024-10-14,36.0
17.167999999997846,17.234838,2024-10-15,36.0
14.992000000005646,17.415642,2024-10-16,36.0
9.19199999999546,18.196964,2024-10-17,36.0
10.847999999998136,16.795513,2024-10-18,36.0
17.92000000000553,15.700632,2024-10-19,36.0
17.127999999996973,14.932734,2024-10-20,36.0
13.383999999998196,15.218051,2024-10-21,36.0
9.376000000003842,15.99563,2024-10-22,36.0
8.451999999997497,16.282137,2024-10-23,36.0
20.76000000000204,15.636835,2024-10-24,36.0
9.21099999999953,13.750971,2024-10-25,36.0
8.947999999996682,14.044218,2024-10-26,36.0
16.09200000000419,13.506077,2024-10-27,36.0
10.68800000000192,12.317004,2024-10-28,36.0
9.459999999999129,12.896819,2024-10-29,36.0
21.90799999999581,13.331177,2024-10-30,36.0
22.9120000000039,13.431828,2024-10-31,36.0
12.047999999995229,14.5483,2024-11-01,36.0
20.222800000002,16.376448,2024-11-02,36.0
8.056000000004133,15.863545,2024-11-03,36.0
10.2109999999995,16.276117,2024-11-04,36.0
12.299999999995634,15.232731,2024-11-05,36.0
13.020000000004076,14.945766,2024-11-06,36.0
20.18000000000029,15.115606,2024-11-07,36.0
12.19999999999709,13.348339,2024-11-08,36.0
8.239999999997963,14.402351,2024-11-09,36.0
12.599999999998545,14.377262,2024-11-10,36.0
8.82800000000378,13.3425255,2024-11-11,36.0
14.360000000000582,13.369319,2024-11-12,36.0
26.76799999999639,13.994039,2024-11-13,36.0
10.760000000002,14.402237,2024-11-14,36.0
10.61200000000099,15.920395,2024-11-15,36.0
8.980000000003201,15.652782,2024-11-16,36.0
19.1019999999937,14.955536,2024-11-17,36.0
10.81600000000617,13.743931,2024-11-18,36.0
19.063999999998487,14.772316,2024-11-19,36.0
25.0,15.167675,2024-11-20,36.0
12.919999999998254,16.279722,2024-11-21,36.0
41.0160000000032,17.305824,2024-11-22,36.0
12.7844808115864,16.969315,2024-11-23,36.0
16.7132596755648,20.87062,2024-11-24,36.0
10.9771005397569,20.594254,2024-11-25,36.0
13.7457203873909,20.572542,2024-11-26,36.0
16.676100810038,20.075024,2024-11-27,36.0
11.1057162918394,19.075697,2024-11-28,36.0
11.3207294652878,18.05423,2024-11-29,36.0
17.439999999995,16.98381,2024-11-30,36.0
35.599999999998545,16.56232,2024-12-01,36.0
18.53200000000652,16.265879,2024-12-02,36.0
18.19999999999709,20.578268,2024-12-03,36.0
32.82800000000134,21.850883,2024-12-04,36.0
25.42399999999907,21.69107,2024-12-05,36.0
18.976000000002387,23.381268,2024-12-06,36.0
18.743999999998778,22.645166,2024-12-07,36.0
28.27999999999884,22.059696,2024-12-08,36.0
11.760000000002,21.67458,2024-12-09,36.0
18.479999999995925,23.573887,2024-12-10,36.0
32.12800000000425,22.929356,2024-12-11,36.0
25.1019999999937,22.451279,2024-12-12,36.0
19.44800000000396,23.226135,2024-12-13,36.0
13.69999999999709,23.564447,2024-12-14,36.0
27.531999999999243,22.871117,2024-12-15,36.0
17.12000000000262,21.377052,2024-12-16,36.0
18.548000000002503,23.188786,2024-12-17,36.0
29.987999999997555,23.927002,2024-12-18,36.0
20.652000000001863,23.894165,2024-12-19,36.0
19.0280000000009,23.959072,2024-12-20,36.0
20.339999999996508,23.524948,2024-12-21,36.0
26.720000000001164,23.33366,2024-12-22,36.0
19.099999999998545,22.766815,2024-12-23,36.0
17.572000000000116,24.038372,2024-12-24,36.0
37.68800000000192,24.853352,2024-12-25,36.0
37.09999999999855,24.163483,2024-12-26,36.0
16.2800000000011,24.429794,2024-12-27,36.0
19.5280000000009,26.504074,2024-12-28,36.0
21.55999999999767,25.824764,2024-12-29,36.0
19.247999999999596,24.75785,2024-12-30,36.0
18.703999999997905,25.118591,2024-12-31,36.0
27.720000000001164,25.299381,2025-01-01,36.0
18.27999999999884,24.35699,2025-01-02,36.0
17.2280000000052,23.22187,2025-01-03,36.0
26.239999999997963,22.00079,2025-01-04,36.0
21.70799999999872,21.086802,2025-01-05,36.0
17.0679999999993,21.549643,2025-01-06,36.0
19.42399999999907,21.818775,2025-01-07,36.0
33.616000000001804,21.767384,2025-01-08,36.0
21.512000000002445,21.644953,2025-01-09,36.0
26.93999999999505,21.168835,2025-01-10,36.0
11.8280000000013,21.304455,2025-01-11,36.0
36.53199999999924,21.890226,2025-01-12,36.0
18.548000000002503,20.523468,2025-01-13,36.0
13.3109999999981,23.124313,2025-01-14,36.0
30.96800000000076,23.712952,2025-01-15,36.0
30.192000000002736,22.886002,2025-01-16,36.0
16.760000000002037,23.418457,2025-01-17,36.0
18.631999999997788,24.252106,2025-01-18,36.0
25.31999999999971,23.374702,2025-01-19,36.0
18.011999999996,21.630096,2025-01-20,36.0
17.512000000002445,22.043316,2025-01-21,36.0
33.63199999999779,22.913881,2025-01-22,36.0
23.0880000000025,22.485485,2025-01-23,36.0
17.487999999997555,21.727404,2025-01-24,36.0
11.5028000000008,21.06665,2025-01-25,36.0
23.82800000000134,20.969206,2025-01-26,36.0
18.099999999998545,19.700134,2025-01-27,36.0
24.847999999998137,20.721912,2025-01-28,36.0
24.76000000000204,21.552078,2025-01-29,36.0
17.772000000004482,22.325644,2025-01-30,36.0
16.779999999998836,22.296799,2025-01-31,36.0
13.459999999999129,21.661243,2025-02-01,36.0
24.26799999999639,20.674671,2025-02-02,36.0
21.79200000000128,19.197449,2025-02-03,36.0
11.648000000001,19.908371,2025-02-04,36.0
26.839999999996508,21.224714,2025-02-05,36.0
22.0280000000009,20.213102,2025-02-06,36.0
20.12000000000262,20.017368,2025-02-07,36.0
11.182800000001,20.635916,2025-02-08,36.0
24.919999999998254,21.011898,2025-02-09,36.0
16.70799999999872,18.912287,2025-02-10,36.0
24.20000000000437,19.145485,2025-02-11,36.0
24.49199999999837,19.655563,2025-02-12,36.0
16.18800000000192,20.589628,2025-02-13,36.0
10.819999999999707,20.687946,2025-02-14,36.0
14.979999999995924,19.56739,2025-02-15,36.0
25.099999999998545,18.866898,2025-02-16,36.0
11.5,17.841211,2025-02-17,36.0
16.708000000005995,19.174305,2025-02-18,36.0
39.78399999999965,18.77732,2025-02-19,36.0
16.57600000000093,17.94298,2025-02-20,36.0
16.17199999999866,20.018976,2025-02-21,36.0
14.860000000000582,19.883183,2025-02-22,36.0
28.752000000000407,19.147606,2025-02-23,36.0
11.9359999999942,17.510994,2025-02-24,36.0
13.10399999999936,19.596157,2025-02-25,36.0
21.66800000000512,19.09275,2025-02-26,36.0
19.49199999999837,18.378788,2025-02-27,36.0
6.239999999997963,17.853098,2025-02-28,36.0
10.8480000000054,17.989845,2025-03-01,36.0
20.591999999996915,16.340906,2025-03-02,36.0
10.18800000000192,14.614454,2025-03-03,36.0
9.187999999994643,15.790405,2025-03-04,36.0
19.4800000000032,15.64485,2025-03-05,36.0
6.891999999999825,14.318293,2025-03-06,36.0
5.139999999999418,14.551698,2025-03-07,36.0
8.28800000000309,13.906593,2025-03-08,36.0
17.891999999999825,13.070557,2025-03-09,36.0
7.731999999996333,11.523169,2025-03-10,36.0
8.495999999999185,12.009401,2025-03-11,36.0
19.4320000000007,11.451213,2025-03-12,36.0
10.448000000003958,11.134632,2025-03-13,36.0
7.719999999993888,11.369513,2025-03-14,36.0
8.080000000001746,11.87569,2025-03-15,36.0
16.10399999999936,11.771898,2025-03-16,36.0
8.02800000000087,11.083406,2025-03-17,36.0
9.279999999998836,11.016165,2025-03-18,36.0
17.656000000002678,10.512937,2025-03-19,36.0
17.252000000000407,9.823641,2025-03-20,36.0
6.731999999996333,10.017302,2025-03-21,36.0
8.82800000000125,11.885712,2025-03-22,36.0
13.4120000000039,11.802717,2025-03-23,36.0
9.41199999999744,9.712941,2025-03-24,36.0
7.760000000002037,10.62669,2025-03-25,36.0
17.023999999997613,11.213633,2025-03-26,36.0
9.288000000000466,10.678497,2025-03-27,36.0
17.160000000003492,10.98516,2025-03-28,36.0
14.1099999999953,11.603278,2025-03-29,36.0
7.319999999999709,11.914128,2025-03-30,36.0
8.760000000002037,11.300898,2025-03-31,36.0
8.88799999999901,10.982991,2025-04-01,36.0
11.6920000000027,11.232494,2025-04-02,36.0
11.9320000000007,10.306219,2025-04-03,36.0
9.19999999999709,9.449731,2025-04-04,36.0
8.495999999999185,10.568869,2025-04-05,36.0
16.3109999999981,10.524876,2025-04-06,36.0
9.79200000000128,9.89269,2025-04-07,36.0
10.0,10.871952,2025-04-08,36.0
20.736000000004424,11.186117,2025-04-09,36.0
9.839999999996508,10.785119,2025-04-10,36.0
8.959999999999127,11.734783,2025-04-11,36.0
8.092000000004191,12.1645,2025-04-12,36.0
14.5879999999961,11.5729,2025-04-13,36.0
8.252000000000407,10.79573,2025-04-14,36.0
6.30800000000454,11.247552,2025-04-15,36.0
11.4919999999984,11.175328,2025-04-16,36.0
13.148000000001048,10.505182,2025-04-17,36.0
8.543999999994412,9.529946,2025-04-18,36.0
8.848000000005413,9.803431,2025-04-19,36.0
18.247999999999596,9.741568,2025-04-20,36.0
10.731999999996331,9.068879,2025-04-21,36.0
10.531999999999243,10.414574,2025-04-22,36.0
17.256000000001222,10.98847,2025-04-23,36.0
17.703999999997905,10.520836,2025-04-24,36.0
10.200000000004366,11.057653,2025-04-25,36.0
10.2879999999958,11.948424,2025-04-26,36.0
16.220000000001164,11.662558,2025-04-27,36.0
10.788000000000466,10.889645,2025-04-28,36.0
10.639999999999418,11.883992,2025-04-29,36.0
18.2628000000029,12.654358,2025-04-30,36.0
24.135999999998603,12.711322,2025-05-01,36.0
18.959999999999127,12.930094,2025-05-02,36.0
11.182800000001,14.75604,2025-05-03,36.0
11.9680000000008,14.869974,2025-05-04,36.0
10.0800000000017,13.472498,2025-05-05,36.0
10.739999999997965,13.50672,2025-05-06,36.0
18.29200000000128,13.61167,2025-05-07,36.0
17.855999999999767,13.059376,2025-05-08,36.0
13.1199999999962,12.009562,2025-05-09,36.0
14.5428000000017,13.242601,2025-05-10,36.0
17.02799999999843,13.250277,2025-05-11,36.0
12.459999999999129,13.078204,2025-05-12,36.0
19.60000000000582,13.732543,2025-05-13,36.0
14.919999999998254,14.079117,2025-05-14,36.0
8.419999999998254,15.015692,2025-05-15,36.0
10.6280000000042,14.525604,2025-05-16,36.0
12.439999999995052,13.093695,2025-05-17,36.0
16.5428000000017,12.157556,2025-05-18,36.0
12.987999999997555,11.250736,2025-05-19,36.0
12.468000000000757,11.857858,2025-05-20,36.0
19.8280000000038,12.9743,2025-05-21,36.0
26.67199999999866,12.834489,2025-05-22,36.0
13.2879999999958,12.769266,2025-05-23,36.0
11.6628000000043,14.440325,2025-05-24,36.0
21.17599999999948,14.350123,2025-05-25,36.0
22.3839999999982,13.44396,2025-05-26,36.0
21.959999999999127,15.203874,2025-05-27,36.0
20.788000000000466,17.078945,2025-05-28,36.0
17.9320000000007,18.131765,2025-05-29,36.0
16.8280000000038,17.91359,2025-05-30,36.0
21.55999999999767,17.364256,2025-05-31,36.0
11.1080000000002,16.70315,2025-06-01,36.0
17.239999999997963,16.709066,2025-06-02,36.0
18.20000000000437,16.162489,2025-06-03,36.0
22.719999999993888,16.505245,2025-06-04,36.0
24.460000000006403,17.160944,2025-06-05,36.0
20.619999999995343,17.280727,2025-06-06,36.0
21.739999999997963,17.79947,2025-06-07,36.0
25.1120000000018,18.112732,2025-06-08,36.0
19.548000000002503,18.372465,2025-06-09,36.0
18.860000000000586,19.715918,2025-06-10,36.0
23.231999999996333,20.187702,2025-06-11,36.0
26.44800000000396,20.248447,2025-06-12,36.0
13.5199999999968,19.911177,2025-06-13,36.0
10.7920000000013,20.124672,2025-06-14,36.0
7.135999999998603,18.797207,2025-06-15,36.0
18.3928000000002,17.159311,2025-06-16,36.0
20.332000000002157,15.394989,2024-09-18,37.0
10.160000000003492,15.742957,2024-09-19,37.0
24.2800000000011,16.003078,2024-09-20,37.0
32.70799999999872,15.255661,2024-09-21,37.0
18.75999999999476,16.46363,2024-09-22,37.0
16.82800000000134,19.742245,2024-09-23,37.0
12.5828000000026,20.502737,2024-09-24,37.0
21.080000000001743,20.632973,2024-09-25,37.0
26.327999999994063,19.878923,2024-09-26,37.0
32.9800000000032,19.037226,2024-09-27,37.0
25.8109999999981,19.424988,2024-09-28,37.0
32.45599999999831,22.007442,2024-09-29,37.0
18.312000000005355,23.007738,2024-09-30,37.0
29.047999999995227,24.953289,2024-10-01,37.0
19.832000000002157,25.462631,2024-10-02,37.0
30.739999999997963,26.452915,2024-10-03,37.0
25.70000000000437,24.94703,2024-10-04,37.0
31.099999999998545,24.846409,2024-10-05,37.0
21.9800000000032,25.143875,2024-10-06,37.0
27.0399999999936,25.849205,2024-10-07,37.0
26.12800000000425,25.605766,2024-10-08,37.0
23.55199999999604,26.63441,2024-10-09,37.0
13.0280000000009,27.690022,2024-10-10,37.0
29.391999999999825,25.85904,2024-10-11,37.0
20.98800000000483,23.204788,2024-10-12,37.0
25.69999999999709,24.13094,2024-10-13,37.0
21.23200000000361,23.674147,2024-10-14,37.0
32.29599999999482,23.939436,2024-10-15,37.0
24.23200000000361,24.20257,2024-10-16,37.0
17.639999999999418,26.627342,2024-10-17,37.0
23.00800000000163,25.779644,2024-10-18,37.0
41.33199999999488,23.825687,2024-10-19,37.0
33.10000000000582,23.852411,2024-10-20,37.0
39.979999999995925,27.286304,2024-10-21,37.0
30.69999999999709,28.68344,2024-10-22,37.0
31.820000000006985,30.856365,2024-10-23,37.0
44.22799999999552,31.651688,2024-10-24,37.0
37.87999999999738,30.75723,2024-10-25,37.0
28.3028000000037,31.751047,2024-10-26,37.0
28.0,33.044155,2024-10-27,37.0
46.23999999999796,32.77837,2024-10-28,37.0
38.24799999999959,32.67989,2024-10-29,37.0
39.06000000000495,35.45215,2024-10-30,37.0
28.507999999994357,36.786777,2024-10-31,37.0
26.872000000003027,36.581245,2024-11-01,37.0
35.9519999999975,35.11865,2024-11-02,37.0
53.62800000000425,34.0624,2024-11-03,37.0
50.90799999999581,34.81937,2024-11-04,37.0
41.47200000000157,36.656246,2024-11-05,37.0
44.512000000002445,37.278847,2024-11-06,37.0
38.22799999999552,37.43536,2024-11-07,37.0
36.81200000000536,37.407825,2024-11-08,37.0
51.94799999999668,37.22633,2024-11-09,37.0
45.81999999999971,37.246635,2024-11-10,37.0
38.27999999999884,37.58379,2024-11-11,37.0
49.76800000000367,37.58216,2024-11-12,37.0
39.89199999999983,37.52488,2024-11-13,37.0
25.739999999997963,37.633495,2024-11-14,37.0
44.512000000002445,37.561314,2024-11-15,37.0
48.78800000000047,36.980175,2024-11-16,37.0
25.1199999999962,37.49396,2024-11-17,37.0
45.5880000000025,37.56851,2024-11-18,37.0
49.25200000000041,36.85434,2024-11-19,37.0
53.299999999995634,37.425457,2024-11-20,37.0
29.632000000005064,37.590794,2024-11-21,37.0
25.29599999999482,37.618557,2024-11-22,37.0
25.7839999999996,37.319897,2024-11-23,37.0
37.6730170024785,36.632507,2024-11-24,37.0
36.3552743699911,35.819023,2024-11-25,37.0
25.9989120206895,36.63663,2024-11-26,37.0
33.9589887033011,36.803112,2024-11-27,37.0
25.4502936005625,36.172863,2024-11-28,37.0
25.1327009491904,35.236073,2024-11-29,37.0
46.8648000000001,32.840405,2024-11-30,37.0
55.0,31.63527,2024-12-01,37.0
61.9000000000011,34.201077,2024-12-02,37.0
53.908000000003085,36.29241,2024-12-03,37.0
58.63199999999779,37.237896,2024-12-04,37.0
65.80000000000291,37.55824,2024-12-05,37.0
63.359999999993306,37.6185,2024-12-06,37.0
66.39199999999983,37.671146,2024-12-07,37.0
55.2880000000031,37.696774,2024-12-08,37.0
58.80000000000291,37.69884,2024-12-09,37.0
59.95999999999913,37.701702,2024-12-10,37.0
55.75999999999476,37.706505,2024-12-11,37.0
39.18000000000029,37.708935,2024-12-12,37.0
55.4800000000032,37.70716,2024-12-13,37.0
18.05999999999767,37.66947,2024-12-14,37.0
49.7280000000052,37.6983,2024-12-15,37.0
60.1199999999962,37.134033,2024-12-16,37.0
43.33200000000216,37.63577,2024-12-17,37.0
64.2960000000021,37.692707,2024-12-18,37.0
60.53199999999924,37.67054,2024-12-19,37.0
59.108000000000175,37.69858,2024-12-20,37.0
61.35199999999895,37.69809,2024-12-21,37.0
68.03199999999924,37.68709,2024-12-22,37.0
64.27999999999884,37.698116,2024-12-23,37.0
48.31999999999971,37.707336,2024-12-24,37.0
68.77599999999802,37.707317,2024-12-25,37.0
59.27200000000448,37.701466,2024-12-26,37.0
81.45999999999913,37.711407,2024-12-27,37.0
62.0199999999968,37.707226,2024-12-28,37.0
56.38000000000466,37.712933,2024-12-29,37.0
61.36000000000058,37.70866,2024-12-30,37.0
60.0399999999936,37.707,2024-12-31,37.0
57.89199999999983,37.708744,2025-01-01,37.0
31.0880000000025,37.710377,2025-01-02,37.0
55.0199999999968,37.709354,2025-01-03,37.0
72.01200000000244,37.619064,2025-01-04,37.0
48.84799999999814,37.694412,2025-01-05,37.0
71.32800000000134,37.702686,2025-01-06,37.0
69.05200000000332,37.682747,2025-01-07,37.0
61.299999999995634,37.708027,2025-01-08,37.0
54.5280000000009,37.710415,2025-01-09,37.0
64.59999999999854,37.704952,2025-01-10,37.0
66.20000000000437,37.702923,2025-01-11,37.0
59.54799999999523,37.709637,2025-01-12,37.0
55.0628000000058,37.705593,2025-01-13,37.0
35.84799999999814,37.70559,2025-01-14,37.0
58.58000000000175,37.697914,2025-01-15,37.0
60.93999999999505,37.673866,2025-01-16,37.0
57.700000000004366,37.70436,2025-01-17,37.0
50.26799999999639,37.70599,2025-01-18,37.0
64.16000000000349,37.702908,2025-01-19,37.0
70.182800000001,37.67824,2025-01-20,37.0
49.93599999999424,37.69891,2025-01-21,37.0
74.2800000000011,37.70489,2025-01-22,37.0
60.10399999999936,37.697975,2025-01-23,37.0
63.80800000000454,37.711834,2025-01-24,37.0
64.87999999999738,37.70744,2025-01-25,37.0
58.87200000000303,37.70885,2025-01-26,37.0
63.2579999999981,37.707462,2025-01-27,37.0
56.23999999999796,37.70568,2025-01-28,37.0
60.37200000000303,37.707397,2025-01-29,37.0
44.1359999999986,37.706097,2025-01-30,37.0
55.95200000000477,37.70987,2025-01-31,37.0
52.271999999997206,37.691357,2025-02-01,37.0
52.7280000000028,37.701603,2025-02-02,37.0
75.51999999998952,37.69155,2025-02-03,37.0
55.58000000000175,37.69237,2025-02-04,37.0
58.55999999999767,37.708652,2025-02-05,37.0
45.0280000000081,37.703773,2025-02-06,37.0
35.33199999999488,37.705708,2025-02-07,37.0
75.2560000000085,37.690525,2025-02-08,37.0
56.919999999998254,37.632553,2025-02-09,37.0
63.8628000000014,37.70386,2025-02-10,37.0
60.0119999999887,37.700325,2025-02-11,37.0
48.78399999999965,37.705513,2025-02-12,37.0
44.0,37.70593,2025-02-13,37.0
44.0679999999993,37.695095,2025-02-14,37.0
66.97200000000885,37.67464,2025-02-15,37.0
65.80000000000291,37.67914,2025-02-16,37.0
64.16799999999057,37.69564,2025-02-17,37.0
48.47200000000885,37.69396,2025-02-18,37.0
64.37599999998929,37.700596,2025-02-19,37.0
68.76000000000931,37.690536,2025-02-20,37.0
39.25199999999313,37.704002,2025-02-21,37.0
64.45200000000477,37.708584,2025-02-22,37.0
51.7280000000028,37.680485,2025-02-23,37.0
84.33999999999651,37.703278,2025-02-24,37.0
71.66000000000349,37.6944,2025-02-25,37.0
62.879999999990105,37.710022,2025-02-26,37.0
60.2720000000108,37.71207,2025-02-27,37.0
22.495999999999185,37.71169,2025-02-28,37.0
61.27999999999884,37.706524,2025-03-01,37.0
58.54399999999441,37.499535,2025-03-02,37.0
52.2280000000052,37.69042,2025-03-03,37.0
43.0,37.697205,2025-03-04,37.0
59.3109999999908,37.695835,2025-03-05,37.0
28.6160000000091,37.678104,2025-03-06,37.0
58.32799999999406,37.70023,2025-03-07,37.0
55.6628000000043,37.443638,2025-03-08,37.0
52.05599999999686,37.68133,2025-03-09,37.0
39.2280000000052,37.676,2025-03-10,37.0
54.18399999999383,37.681225,2025-03-11,37.0
46.5280000000057,37.623264,2025-03-12,37.0
39.55199999999604,37.668396,2025-03-13,37.0
36.83999999999651,37.661953,2025-03-14,37.0
33.328000000008615,37.63274,2025-03-15,37.0
22.67999999999301,37.57584,2025-03-16,37.0
47.7109999999995,37.460304,2025-03-17,37.0
14.639999999999418,36.677094,2025-03-18,37.0
28.4280000000023,37.420033,2025-03-19,37.0
16.368000000002212,35.727337,2025-03-20,37.0
24.20799999999872,35.092754,2025-03-21,37.0
24.335999999995693,31.449104,2025-03-22,37.0
25.8000000000029,29.04225,2025-03-23,37.0
24.8628000000014,26.95723,2025-03-24,37.0
30.4320000000007,27.28771,2025-03-25,37.0
20.648000000001048,26.752014,2025-03-26,37.0
27.95999999999185,27.940186,2025-03-27,37.0
25.8800000000047,25.504803,2025-03-28,37.0
29.263999999995576,24.976421,2025-03-29,37.0
19.2000000000106,24.82819,2025-03-30,37.0
27.231999999989057,25.22831,2025-03-31,37.0
25.4628000000072,23.468428,2025-04-01,37.0
31.456000000005588,25.013783,2025-04-02,37.0
26.023999999990338,25.240334,2025-04-03,37.0
42.2879999999958,25.394726,2025-04-04,37.0
14.232000000003609,25.480392,2025-04-05,37.0
21.79200000000128,27.847054,2025-04-06,37.0
26.047999999995227,26.226849,2025-04-07,37.0
25.528000000005704,25.352205,2025-04-08,37.0
28.687999999994645,26.260054,2025-04-09,37.0
18.568000000013853,27.268448,2025-04-10,37.0
22.16799999999057,26.022108,2025-04-11,37.0
27.36800000000221,24.604958,2025-04-12,37.0
36.19999999999709,24.361511,2025-04-13,37.0
38.17600000000675,24.853168,2025-04-14,37.0
16.5828000000026,26.769886,2025-04-15,37.0
33.655999999988126,29.30333,2025-04-16,37.0
22.560000000012224,27.59196,2025-04-17,37.0
24.95999999999185,26.801067,2025-04-18,37.0
20.639999999999414,25.26543,2025-04-19,37.0
18.5828000000026,25.276089,2025-04-20,37.0
32.87200000000303,24.309563,2025-04-21,37.0
25.59999999999127,23.180786,2025-04-22,37.0
27.2628000000101,25.415497,2025-04-23,37.0
11.8119999999916,26.402845,2025-04-24,37.0
22.61600000000908,25.844418,2025-04-25,37.0
24.463999999992662,23.224354,2025-04-26,37.0
19.7428000000061,22.879826,2025-04-27,37.0
16.39999999999418,22.957138,2025-04-28,37.0
20.703999999997905,21.866339,2025-04-29,37.0
17.888000000006286,21.867212,2025-04-30,37.0
27.27999999999884,22.07,2025-05-01,37.0
25.1759999999922,20.612381,2025-05-02,37.0
30.12000000000989,20.939392,2025-05-03,37.0
29.327999999994063,21.464012,2025-05-04,37.0
21.21600000000035,22.928375,2025-05-05,37.0
27.80800000000454,24.276989,2025-05-06,37.0
10.4280000000023,24.37307,2025-05-07,37.0
21.24799999999232,24.807785,2025-05-08,37.0
28.04800000000978,21.115356,2025-05-09,37.0
32.32799999999406,20.567688,2025-05-10,37.0
18.839999999996508,21.88142,2025-05-11,37.0
26.2539999999973,23.959625,2025-05-12,37.0
25.542800000009,23.262436,2025-05-13,37.0
28.39999999999418,23.963737,2025-05-14,37.0
38.1020000000083,25.152065,2025-05-15,37.0
29.21600000000035,24.531172,2025-05-16,37.0
21.57599999998638,25.987349,2025-05-17,37.0
35.80000000000291,26.592194,2025-05-18,37.0
28.760000000009317,24.926315,2025-05-19,37.0
16.1199999999889,26.620857,2025-05-20,37.0
37.2000000000106,28.282726,2025-05-21,37.0
21.127999999996973,26.351013,2025-05-22,37.0
22.55999999999767,25.99766,2025-05-23,37.0
29.135999999998603,24.9028,2025-05-24,37.0
28.135999999998603,24.335842,2025-05-25,37.0
31.1120000000018,25.232466,2025-05-26,37.0
17.687999999994645,26.5998,2025-05-27,37.0
50.542800000009,28.07647,2025-05-28,37.0
18.1019999999937,26.768276,2025-05-29,37.0
28.672000000005937,28.622223,2025-05-30,37.0
23.239999999990687,26.869986,2025-05-31,37.0
23.976000000009662,26.615318,2025-06-01,37.0
25.1919999999955,25.685114,2025-06-02,37.0
29.263999999995576,25.102402,2025-06-03,37.0
25.1680000000051,25.603594,2025-06-04,37.0
39.19999999999709,26.44226,2025-06-05,37.0
16.328000000008615,25.48946,2025-06-06,37.0
35.19199999999546,26.831554,2025-06-07,37.0
23.736000000004424,25.804546,2025-06-08,37.0
20.57600000000093,26.674856,2025-06-09,37.0
27.07200000000012,26.710014,2025-06-10,37.0
31.055999999996857,26.152887,2025-06-11,37.0
23.055999999996857,26.331093,2025-06-12,37.0
19.296000000002092,25.968504,2025-06-13,37.0
11.2719999999972,24.821392,2025-06-14,37.0
21.888000000006286,23.810394,2025-06-15,37.0
27.3839999999982,21.782696,2025-06-16,37.0
9.390000000003056,8.263579,2024-09-18,38.0
5.5,8.216608,2024-09-19,38.0
11.5199999999968,7.9616103,2024-09-20,38.0
17.75,7.9228196,2024-09-21,38.0
6.710000000002765,8.4266615,2024-09-22,38.0
9.899999999997815,9.665123,2024-09-23,38.0
4.700000000000728,9.949441,2024-09-24,38.0
10.959999999999129,10.431091,2024-09-25,38.0
13.950000000000728,10.375151,2024-09-26,38.0
11.6599999999999,9.707951,2024-09-27,38.0
11.4200000000019,9.936092,2024-09-28,38.0
11.9199999999983,10.34223,2024-09-29,38.0
17.2500000000001,9.931453,2024-09-30,38.0
10.090000000000146,10.51494,2024-10-01,38.0
12.580000000001746,12.841974,2024-10-02,38.0
3.779999999998836,13.314109,2024-10-03,38.0
13.430000000000293,13.087822,2024-10-04,38.0
6.68999999999869,11.706251,2024-10-05,38.0
13.209999999999129,11.492162,2024-10-06,38.0
10.5900000000001,10.697373,2024-10-07,38.0
14.1199999999999,10.952597,2024-10-08,38.0
14.100000000002185,11.847986,2024-10-09,38.0
8.139999999999418,12.782654,2024-10-10,38.0
11.2500000000001,12.842685,2024-10-11,38.0
16.32999999999811,11.969564,2024-10-12,38.0
8.11000000000146,11.678318,2024-10-13,38.0
13.819999999999707,12.475399,2024-10-14,38.0
8.130000000001019,12.061028,2024-10-15,38.0
17.020000000000437,12.772327,2024-10-16,38.0
12.049999999999272,12.539963,2024-10-17,38.0
13.169999999998254,13.228308,2024-10-18,38.0
10.1100000000011,13.066685,2024-10-19,38.0
19.56999999999971,13.168203,2024-10-20,38.0
12.720000000001164,12.790143,2024-10-21,38.0
9.779999999998836,14.164945,2024-10-22,38.0
11.109999999999,14.796535,2024-10-23,38.0
17.139999999999418,14.30703,2024-10-24,38.0
18.890000000003056,13.383184,2024-10-25,38.0
4.399999999997817,13.757937,2024-10-26,38.0
11.2900000000009,14.530626,2024-10-27,38.0
9.31000000000131,13.208525,2024-10-28,38.0
16.599999999998545,12.860373,2024-10-29,38.0
8.11999999999985,13.378632,2024-10-30,38.0
20.220000000001164,14.63968,2024-10-31,38.0
4.169999999998254,13.552649,2024-11-01,38.0
23.9000000000011,14.435146,2024-11-02,38.0
13.5099999999984,13.8379965,2024-11-03,38.0
13.37000000000262,15.061515,2024-11-04,38.0
13.889999999999418,15.269892,2024-11-05,38.0
19.43999999999869,15.534653,2024-11-06,38.0
17.090000000000146,16.007204,2024-11-07,38.0
5.790000000000873,15.585211,2024-11-08,38.0
16.149999999997817,15.586571,2024-11-09,38.0
14.30000000000291,14.479231,2024-11-10,38.0
13.2599999999984,14.654552,2024-11-11,38.0
10.790000000000871,15.018884,2024-11-12,38.0
19.959999999999127,15.693468,2024-11-13,38.0
11.6599999999999,15.965864,2024-11-14,38.0
6.069999999999709,16.116772,2024-11-15,38.0
16.090000000000146,15.925662,2024-11-16,38.0
10.9099999999999,14.805546,2024-11-17,38.0
14.170000000001892,14.525929,2024-11-18,38.0
10.9799999999996,14.489244,2024-11-19,38.0
13.290000000000871,15.358395,2024-11-20,38.0
16.899999999997817,15.210335,2024-11-21,38.0
12.1100000000014,14.422909,2024-11-22,38.0
10.230928616041,15.091288,2024-11-23,38.0
12.8115809014445,14.927698,2024-11-24,38.0
10.9255669376258,14.394248,2024-11-25,38.0
10.3626202562132,14.4563055,2024-11-26,38.0
12.9813108988569,14.840124,2024-11-27,38.0
11.957660798052,14.591917,2024-11-28,38.0
10.4430160372103,13.943594,2024-11-29,38.0
10.277,14.195403,2024-11-30,38.0
14.069999999999707,13.827473,2024-12-01,38.0
12.539999999997235,13.281473,2024-12-02,38.0
13.80000000000291,13.880799,2024-12-03,38.0
18.52000000000044,14.785802,2024-12-04,38.0
16.149999999997817,15.438227,2024-12-05,38.0
14.830000000001746,15.261053,2024-12-06,38.0
14.43999999999869,15.5383625,2024-12-07,38.0
11.5900000000001,15.633304,2024-12-08,38.0
10.389999999999418,15.788683,2024-12-09,38.0
14.779999999998836,15.694578,2024-12-10,38.0
19.9900000000016,15.9178505,2024-12-11,38.0
19.18999999999869,16.175413,2024-12-12,38.0
12.729999999999563,16.14104,2024-12-13,38.0
10.9000000000011,16.695969,2024-12-14,38.0
14.56000000000131,16.365541,2024-12-15,38.0
24.950000000000728,15.879063,2024-12-16,38.0
4.719999999997526,16.251719,2024-12-17,38.0
11.4280000000023,18.986118,2024-12-18,38.0
24.149999999997817,18.421545,2024-12-19,38.0
10.709999999999129,16.893152,2024-12-20,38.0
11.7200000000012,17.823471,2024-12-21,38.0
13.63000000000102,17.5508,2024-12-22,38.0
14.93999999999869,16.937744,2024-12-23,38.0
11.9280000000023,16.974663,2024-12-24,38.0
21.90999999999985,18.098862,2024-12-25,38.0
14.789999999997235,17.791636,2024-12-26,38.0
16.8280000000001,17.022999,2024-12-27,38.0
11.1399999999994,17.445084,2024-12-28,38.0
14.330000000001746,17.949738,2024-12-29,38.0
11.7599999999984,17.362333,2024-12-30,38.0
12.1100000000011,16.73232,2024-12-31,38.0
14.549999999999272,17.231882,2025-01-01,38.0
26.790000000000877,16.960625,2025-01-02,38.0
10.380000000001,15.14311,2025-01-03,38.0
23.849999999998545,16.446821,2025-01-04,38.0
13.81000000000131,15.903606,2025-01-05,38.0
13.719999999997526,16.988665,2025-01-06,38.0
13.280000000002474,16.835087,2025-01-07,38.0
13.099999999998545,16.860909,2025-01-08,38.0
25.639999999999414,16.393587,2025-01-09,38.0
14.0280000000009,14.347658,2025-01-10,38.0
13.389999999999418,15.884851,2025-01-11,38.0
12.350000000002185,15.861131,2025-01-12,38.0
17.049999999999272,15.646369,2025-01-13,38.0
10.5200000000004,15.455479,2025-01-14,38.0
28.56999999999971,16.52774,2025-01-15,38.0
22.27999999999884,16.833076,2025-01-16,38.0
13.299999999999272,17.53968,2025-01-17,38.0
19.460000000002765,18.70784,2025-01-18,38.0
12.569999999999707,18.305754,2025-01-19,38.0
11.5900000000001,17.73131,2025-01-20,38.0
24.57999999999811,16.855595,2025-01-21,38.0
12.959999999999129,17.446644,2025-01-22,38.0
17.610000000000582,19.594086,2025-01-23,38.0
16.8280000000001,15.60612,2025-01-24,38.0
12.93999999999869,15.554845,2025-01-25,38.0
13.770000000000437,16.107155,2025-01-26,38.0
12.580000000001746,16.620363,2025-01-27,38.0
18.68999999999869,16.559162,2025-01-28,38.0
24.06000000000131,17.121264,2025-01-29,38.0
19.229999999999563,17.212553,2025-01-30,38.0
10.630000000001,18.207964,2025-01-31,38.0
12.590000000000146,18.51752,2025-02-01,38.0
17.209999999999127,17.19939,2025-02-02,38.0
17.549999999999272,16.534645,2025-02-03,38.0
11.1000000000022,16.934303,2025-02-04,38.0
14.049999999999272,17.144644,2025-02-05,38.0
25.77999999999884,17.345196,2025-02-06,38.0
12.479999999999563,15.820605,2025-02-07,38.0
31.209999999999127,17.45686,2025-02-08,38.0
16.2300000000032,17.47855,2025-02-09,38.0
14.319999999999707,19.304382,2025-02-10,38.0
17.7599999999984,18.760384,2025-02-11,38.0
24.31999999999971,19.178127,2025-02-12,38.0
16.67000000000189,19.223797,2025-02-13,38.0
13.93999999999869,18.770054,2025-02-14,38.0
17.36999999999898,18.262188,2025-02-15,38.0
23.459999999999127,17.998909,2025-02-16,38.0
16.05000000000291,17.68803,2025-02-17,38.0
11.4699999999975,19.101349,2025-02-18,38.0
20.950000000000728,19.298891,2025-02-19,38.0
12.970000000001164,18.599257,2025-02-20,38.0
22.090000000000146,17.091244,2025-02-21,38.0
12.200000000000728,16.912842,2025-02-22,38.0
16.7599999999984,16.855995,2025-02-23,38.0
12.2280000000016,15.588343,2025-02-24,38.0
16.149999999997817,16.223225,2025-02-25,38.0
36.22999999999956,16.652573,2025-02-26,38.0
11.4900000000016,16.874578,2025-02-27,38.0
6.569999999999709,19.441088,2025-02-28,38.0
26.7599999999984,18.522945,2025-03-01,38.0
14.680000000000293,16.870163,2025-03-02,38.0
22.790000000000877,17.67781,2025-03-03,38.0
13.36999999999898,17.37655,2025-03-04,38.0
20.38000000000102,18.386013,2025-03-05,38.0
10.709999999999129,18.224382,2025-03-06,38.0
12.450000000000728,18.291187,2025-03-07,38.0
23.299999999999272,16.965088,2025-03-08,38.0
10.5,16.397305,2025-03-09,38.0
8.510000000002037,17.129147,2025-03-10,38.0
11.3999999999978,16.255346,2025-03-11,38.0
23.0280000000009,15.544837,2025-03-12,38.0
12.779999999998836,14.551792,2025-03-13,38.0
8.4900000000016,15.471198,2025-03-14,38.0
13.360000000000582,15.594109,2025-03-15,38.0
8.319999999999709,14.583552,2025-03-16,38.0
12.659999999999854,14.812349,2025-03-17,38.0
10.0099999999984,13.07045,2025-03-18,38.0
3.62800000000306,12.792339,2025-03-19,38.0
10.090000000000146,12.5033455,2025-03-20,38.0
11.2899999999972,10.440638,2025-03-21,38.0
17.590000000000146,10.945258,2025-03-22,38.0
10.420000000001892,11.052576,2025-03-23,38.0
9.62999999999738,10.78789,2025-03-24,38.0
11.1700000000019,11.492287,2025-03-25,38.0
10.68999999999869,12.083496,2025-03-26,38.0
10.290000000000871,12.021791,2025-03-27,38.0
14.56000000000131,11.175681,2025-03-28,38.0
10.5,11.503857,2025-03-29,38.0
8.489999999997963,11.462856,2025-03-30,38.0
9.12000000000262,10.92782,2025-03-31,38.0
13.339999999996508,10.440409,2025-04-01,38.0
10.37000000000262,10.633993,2025-04-02,38.0
7.719999999997526,11.041308,2025-04-03,38.0
14.1100000000011,10.604111,2025-04-04,38.0
10.569999999999707,11.006666,2025-04-05,38.0
3.2299999999995634,11.163409,2025-04-06,38.0
18.67000000000189,11.075347,2025-04-07,38.0
9.599999999998545,10.464153,2025-04-08,38.0
7.7280000000016,11.600326,2025-04-09,38.0
10.459999999999129,11.782574,2025-04-10,38.0
16.56999999999971,10.605393,2025-04-11,38.0
9.169999999998254,11.083384,2025-04-12,38.0
9.850000000002185,12.011071,2025-04-13,38.0
16.739999999997963,11.505652,2025-04-14,38.0
13.2500000000001,11.410191,2025-04-15,38.0
20.700000000000728,12.266397,2025-04-16,38.0
10.290000000000871,12.688323,2025-04-17,38.0
9.139999999999418,12.853191,2025-04-18,38.0
10.0699999999997,12.099912,2025-04-19,38.0
9.549999999999272,11.684126,2025-04-20,38.0
9.92800000000233,11.5743065,2025-04-21,38.0
8.0099999999984,11.005788,2025-04-22,38.0
12.56000000000131,11.078678,2025-04-23,38.0
10.849999999998545,11.057518,2025-04-24,38.0
9.229999999999563,10.985517,2025-04-25,38.0
10.1280000000031,10.6911125,2025-04-26,38.0
4.279999999998836,10.582705,2025-04-27,38.0
12.68999999999869,10.4510975,2025-04-28,38.0
12.8280000000001,9.793195,2025-04-29,38.0
13.5,10.756233,2025-04-30,38.0
10.529999999998836,11.2180605,2025-05-01,38.0
13.38000000000102,11.150242,2025-05-02,38.0
10.0900000000001,11.237619,2025-05-03,38.0
10.369999999999,11.005709,2025-05-04,38.0
10.0800000000017,10.357321,2025-05-05,38.0
10.2800000000011,10.4146385,2025-05-06,38.0
17.07999999999811,10.976116,2025-05-07,38.0
10.3199999999997,10.905851,2025-05-08,38.0
14.420000000001892,10.543913,2025-05-09,38.0
9.559999999997672,10.780691,2025-05-10,38.0
14.639999999999418,11.295061,2025-05-11,38.0
11.2700000000004,11.32135,2025-05-12,38.0
11.2299999999996,11.702961,2025-05-13,38.0
10.530000000002474,11.969628,2025-05-14,38.0
12.0099999999984,11.829447,2025-05-15,38.0
13.979999999999563,11.490551,2025-05-16,38.0
11.4600000000028,11.155388,2025-05-17,38.0
14.539999999997235,11.289457,2025-05-18,38.0
11.0900000000001,10.560394,2025-05-19,38.0
10.2800000000011,11.009666,2025-05-20,38.0
13.770000000000437,11.95478,2025-05-21,38.0
16.25,11.573843,2025-05-22,38.0
17.469999999997526,10.770442,2025-05-23,38.0
11.510000000002,11.058507,2025-05-24,38.0
14.220000000001164,12.26812,2025-05-25,38.0
11.5599999999977,12.070573,2025-05-26,38.0
17.610000000000582,12.997726,2025-05-27,38.0
13.1000000000006,13.481413,2025-05-28,38.0
19.2500000000001,14.483263,2025-05-29,38.0
16.860000000000582,13.5834675,2025-05-30,38.0
12.25,13.600117,2025-05-31,38.0
14.919999999998254,13.894178,2025-06-01,38.0
16.700000000000728,13.172393,2025-06-02,38.0
16.63000000000102,13.651302,2025-06-03,38.0
23.1000000000006,14.414567,2025-06-04,38.0
9.239999999997965,15.298993,2025-06-05,38.0
17.389999999999418,16.056252,2025-06-06,38.0
17.62000000000262,14.6150875,2025-06-07,38.0
19.07999999999811,14.850332,2025-06-08,38.0
11.0900000000001,14.918123,2025-06-09,38.0
20.06999999999971,16.067728,2025-06-10,38.0
19.51000000000204,15.776316,2025-06-11,38.0
13.5099999999984,16.931133,2025-06-12,38.0
9.319999999999707,16.955736,2025-06-13,38.0
9.28000000000146,15.585202,2025-06-14,38.0
7.739999999997963,14.591639,2025-06-15,38.0
8.0,13.3406315,2025-06-16,38.0
17.231999999996333,16.837011,2024-09-18,39.0
18.36800000000221,16.442564,2024-09-19,39.0
11.9109999999966,15.538281,2024-09-20,39.0
21.7280000000052,15.840651,2024-09-21,39.0
6.639999999999418,15.243931,2024-09-22,39.0
10.5280000000009,15.763515,2024-09-23,39.0
12.391999999999824,14.976373,2024-09-24,39.0
16.039999999993597,15.173554,2024-09-25,39.0
26.028000000005704,15.629083,2024-09-26,39.0
21.459999999999127,14.826481,2024-09-27,39.0
19.72799999999552,16.09436,2024-09-28,39.0
16.872000000003027,16.847109,2024-09-29,39.0
23.839999999996508,17.211767,2024-09-30,39.0
20.9000000000011,17.275637,2024-10-01,39.0
16.720000000001164,19.759258,2024-10-02,39.0
25.739999999997963,20.974777,2024-10-03,39.0
25.1120000000018,19.702187,2024-10-04,39.0
11.9279999999999,20.205965,2024-10-05,39.0
23.9280000000023,20.867683,2024-10-06,39.0
16.9320000000007,19.297932,2024-10-07,39.0
22.695999999996275,20.05655,2024-10-08,39.0
20.252000000000407,20.74712,2024-10-09,39.0
20.17199999999866,21.98581,2024-10-10,39.0
20.888000000006286,20.96199,2024-10-11,39.0
17.339999999996508,20.352465,2024-10-12,39.0
26.652000000001863,20.390154,2024-10-13,39.0
21.0,19.821465,2024-10-14,39.0
27.5879999999961,21.047554,2024-10-15,39.0
21.50800000000163,21.964905,2024-10-16,39.0
24.80000000000291,23.889706,2024-10-17,39.0
20.67199999999866,23.161694,2024-10-18,39.0
14.167999999997846,22.841618,2024-10-19,39.0
21.512000000002445,22.831345,2024-10-20,39.0
16.1120000000018,21.21939,2024-10-21,39.0
14.319999999999707,21.501528,2024-10-22,39.0
12.007999999994354,21.33347,2024-10-23,39.0
20.20000000000437,21.069592,2024-10-24,39.0
31.739999999997963,18.947647,2024-10-25,39.0
16.660000000003492,18.705317,2024-10-26,39.0
19.0,20.914665,2024-10-27,39.0
11.1800000000003,20.117887,2024-10-28,39.0
24.0,20.062742,2024-10-29,39.0
11.7719999999972,19.56369,2024-10-30,39.0
25.4280000000023,21.254951,2024-10-31,39.0
11.5479999999952,19.044844,2024-11-01,39.0
11.8120000000054,19.482574,2024-11-02,39.0
24.239999999997963,19.112305,2024-11-03,39.0
18.288000000000466,17.846235,2024-11-04,39.0
18.27199999999721,18.838482,2024-11-05,39.0
22.056000000004133,19.566738,2024-11-06,39.0
12.391999999999824,20.645231,2024-11-07,39.0
16.459999999999127,20.303705,2024-11-08,39.0
11.8799999999974,18.442984,2024-11-09,39.0
20.55999999999767,18.185478,2024-11-10,39.0
10.948000000003958,16.937551,2024-11-11,39.0
27.943999999995867,17.823357,2024-11-12,39.0
22.908000000003085,17.738691,2024-11-13,39.0
19.659999999996217,20.530027,2024-11-14,39.0
16.4280000000023,21.062504,2024-11-15,39.0
17.192000000002736,20.702404,2024-11-16,39.0
20.695999999996275,20.698689,2024-11-17,39.0
21.952000000004773,19.527756,2024-11-18,39.0
21.55999999999767,20.010485,2024-11-19,39.0
21.31999999999971,21.119633,2024-11-20,39.0
14.0,21.936188,2024-11-21,39.0
10.648000000001,21.7557,2024-11-22,39.0
19.8042253026045,20.653801,2024-11-23,39.0
24.9551457135823,19.766481,2024-11-24,39.0
20.9628300650447,19.685884,2024-11-25,39.0
21.0669770748114,21.082645,2024-11-26,39.0
22.692713594123,21.65569,2024-11-27,39.0
24.8179288967853,22.521463,2024-11-28,39.0
20.0271123103251,22.36178,2024-11-29,39.0
19.5103999999999,22.549564,2024-11-30,39.0
24.0679999999993,22.395285,2024-12-01,39.0
12.260000000002035,21.77961,2024-12-02,39.0
24.599999999998545,22.774586,2024-12-03,39.0
28.3109999999981,22.20029,2024-12-04,39.0
24.056000000004133,23.18785,2024-12-05,39.0
26.182800000001,23.284115,2024-12-06,39.0
19.20799999999872,23.527096,2024-12-07,39.0
21.43999999999505,24.037313,2024-12-08,39.0
17.48800000000483,23.6964,2024-12-09,39.0
21.182800000001,23.86697,2024-12-10,39.0
18.667999999997846,23.87085,2024-12-11,39.0
21.427999999999884,24.208885,2024-12-12,39.0
24.5028000000008,22.074081,2024-12-13,39.0
22.31999999999971,21.47752,2024-12-14,39.0
17.987999999997555,22.055485,2024-12-15,39.0
14.50800000000163,22.31577,2024-12-16,39.0
24.29200000000128,22.528454,2024-12-17,39.0
24.57999999999447,22.745811,2024-12-18,39.0
25.648000000001048,24.194511,2024-12-19,39.0
25.891999999999825,23.592775,2024-12-20,39.0
19.252000000000407,23.471134,2024-12-21,39.0
28.21600000000035,24.486752,2024-12-22,39.0
22.17199999999866,24.15148,2024-12-23,39.0
19.97200000000157,25.191513,2024-12-24,39.0
36.0880000000025,26.248466,2024-12-25,39.0
17.9109999999966,26.18552,2024-12-26,39.0
22.57600000000093,25.952538,2024-12-27,39.0
25.8280000000038,24.83762,2024-12-28,39.0
19.903999999994998,24.920996,2024-12-29,39.0
24.9360000000011,25.422733,2024-12-30,39.0
11.9720000000016,25.330685,2024-12-31,39.0
31.57200000000012,25.96096,2025-01-01,39.0
11.011999999996,24.55816,2025-01-02,39.0
20.952000000004773,24.345833,2025-01-03,39.0
22.860000000000586,21.900105,2025-01-04,39.0
25.0,21.614895,2025-01-05,39.0
24.57999999999447,21.572857,2025-01-06,39.0
29.768000000003667,22.134272,2025-01-07,39.0
19.9320000000007,22.995754,2025-01-08,39.0
26.46800000000076,24.206947,2025-01-09,39.0
25.731999999996333,22.664623,2025-01-10,39.0
20.26000000000204,22.656357,2025-01-11,39.0
21.30000000000291,23.23613,2025-01-12,39.0
23.37999999999738,22.90083,2025-01-13,39.0
18.807999999997264,22.423256,2025-01-14,39.0
31.812000000005355,23.849375,2025-01-15,39.0
18.299999999995634,23.872274,2025-01-16,39.0
23.0,24.745342,2025-01-17,39.0
24.79200000000128,23.699198,2025-01-18,39.0
18.548000000002503,23.954218,2025-01-19,39.0
19.49199999999837,23.34827,2025-01-20,39.0
22.89600000000064,22.401562,2025-01-21,39.0
17.2109999999995,22.904291,2025-01-22,39.0
21.0,23.944141,2025-01-23,39.0
30.239999999997963,20.443224,2025-01-24,39.0
13.19999999999709,19.492315,2025-01-25,39.0
17.860000000000582,21.315754,2025-01-26,39.0
12.760000000002035,21.045246,2025-01-27,39.0
21.26000000000204,20.791782,2025-01-28,39.0
11.8799999999974,20.81844,2025-01-29,39.0
11.9080000000031,21.153778,2025-01-30,39.0
19.99199999999837,20.131512,2025-01-31,39.0
25.0880000000025,18.76434,2025-02-01,39.0
11.1319999999978,18.467352,2025-02-02,39.0
10.131999999997788,19.460442,2025-02-03,39.0
21.02799999999843,18.426046,2025-02-04,39.0
27.12000000000262,17.889385,2025-02-05,39.0
18.0,19.39782,2025-02-06,39.0
28.860000000000586,19.912739,2025-02-07,39.0
14.739999999997965,19.347519,2025-02-08,39.0
20.30000000000291,21.286285,2025-02-09,39.0
22.220000000001164,20.06686,2025-02-10,39.0
19.919999999998254,19.582857,2025-02-11,39.0
24.1199999999962,20.759026,2025-02-12,39.0
20.10800000000017,21.507812,2025-02-13,39.0
17.12000000000262,21.52902,2025-02-14,39.0
11.851999999999,20.536102,2025-02-15,39.0
13.092000000004193,20.137283,2025-02-16,39.0
11.1199999999962,18.994616,2025-02-17,39.0
24.01600000000326,19.277351,2025-02-18,39.0
16.102000000001,18.395275,2025-02-19,39.0
16.20799999999872,19.083626,2025-02-20,39.0
21.639999999999414,17.75682,2025-02-21,39.0
12.559999999997672,17.07544,2025-02-22,39.0
14.8109999999981,17.78431,2025-02-23,39.0
17.97200000000157,16.406002,2025-02-24,39.0
17.080000000001746,16.399569,2025-02-25,39.0
19.487999999997555,17.423119,2025-02-26,39.0
14.580000000001746,17.818277,2025-02-27,39.0
9.987999999997555,17.141775,2025-02-28,39.0
21.639999999999414,16.39804,2025-03-01,39.0
14.272000000004482,15.630072,2025-03-02,39.0
17.839999999996508,16.246998,2025-03-03,39.0
23.26000000000204,16.499268,2025-03-04,39.0
11.4599999999991,16.62068,2025-03-05,39.0
13.30000000000291,18.538555,2025-03-06,39.0
11.1399999999994,17.32944,2025-03-07,39.0
11.1399999999994,16.442917,2025-03-08,39.0
17.05999999999767,16.00205,2025-03-09,39.0
14.020000000004076,15.282117,2025-03-10,39.0
10.8679999999949,15.065892,2025-03-11,39.0
21.720000000001164,14.838899,2025-03-12,39.0
14.9428000000031,14.856361,2025-03-13,39.0
12.747999999999593,15.56901,2025-03-14,39.0
9.939999999995052,15.897421,2025-03-15,39.0
14.320000000006983,15.596524,2025-03-16,39.0
16.831999999994878,15.216458,2025-03-17,39.0
21.0,14.491564,2025-03-18,39.0
14.160000000003492,14.246901,2025-03-19,39.0
10.9360000000011,16.007797,2025-03-20,39.0
10.423999999999069,14.8912525,2025-03-21,39.0
12.0,14.825443,2025-03-22,39.0
11.0879999999961,14.6650715,2025-03-23,39.0
10.67199999999866,12.892238,2025-03-24,39.0
13.520000000004076,12.999412,2025-03-25,39.0
24.68000000000029,13.621012,2025-03-26,39.0
11.0,14.065174,2025-03-27,39.0
20.31999999999971,15.21368,2025-03-28,39.0
13.335999999995693,15.108889,2025-03-29,39.0
13.102000000001,15.472776,2025-03-30,39.0
19.0280000000009,14.632763,2025-03-31,39.0
13.99199999999837,14.362095,2025-04-01,39.0
14.0880000000025,15.335762,2025-04-02,39.0
13.551999999996042,14.932329,2025-04-03,39.0
10.3600000000006,14.347933,2025-04-04,39.0
9.788000000000466,14.727749,2025-04-05,39.0
12.067999999999302,14.301748,2025-04-06,39.0
11.3919999999998,13.590104,2025-04-07,39.0
16.7280000000052,13.722784,2025-04-08,39.0
10.4599999999991,13.940848,2025-04-09,39.0
13.0,14.286884,2025-04-10,39.0
12.580000000001746,13.544765,2025-04-11,39.0
16.02799999999843,13.695287,2025-04-12,39.0
13.0,13.713207,2025-04-13,39.0
10.2539999999973,13.872635,2025-04-14,39.0
9.108000000000176,13.685982,2025-04-15,39.0
14.80000000000291,13.539178,2025-04-16,39.0
12.419999999998254,13.15423,2025-04-17,39.0
14.139999999999418,12.018286,2025-04-18,39.0
13.4800000000032,11.8426485,2025-04-19,39.0
9.680000000000293,12.224597,2025-04-20,39.0
12.131999999997788,12.344778,2025-04-21,39.0
12.167999999997846,12.300018,2025-04-22,39.0
13.099999999998545,12.370711,2025-04-23,39.0
12.62000000000262,12.778837,2025-04-24,39.0
13.919999999998254,12.373403,2025-04-25,39.0
13.1120000000018,12.188934,2025-04-26,39.0
14.608000000000176,12.260894,2025-04-27,39.0
10.552000000003318,12.179954,2025-04-28,39.0
14.20799999999872,12.885088,2025-04-29,39.0
11.7599999999948,13.521004,2025-04-30,39.0
12.8280000000038,14.086102,2025-05-01,39.0
11.9680000000008,13.301415,2025-05-02,39.0
10.8399999999965,13.059962,2025-05-03,39.0
18.891999999999825,12.400497,2025-05-04,39.0
12.372000000003029,11.717226,2025-05-05,39.0
13.20799999999872,12.9799795,2025-05-06,39.0
14.239999999997965,13.722115,2025-05-07,39.0
21.26000000000204,13.896659,2025-05-08,39.0
13.228000000002794,12.814779,2025-05-09,39.0
11.7319999999963,13.964996,2025-05-10,39.0
11.7079999999987,13.999476,2025-05-11,39.0
14.031999999999243,13.415515,2025-05-12,39.0
18.2500000000038,13.321535,2025-05-13,39.0
14.739999999997965,13.745536,2025-05-14,39.0
18.30000000000291,14.805227,2025-05-15,39.0
12.82800000000134,14.660505,2025-05-16,39.0
17.252000000000407,14.951971,2025-05-17,39.0
14.19999999999709,14.429592,2025-05-18,39.0
19.091999999996915,13.718773,2025-05-19,39.0
12.568000000006576,13.742981,2025-05-20,39.0
20.77999999999884,15.487583,2025-05-21,39.0
17.479999999995925,15.491226,2025-05-22,39.0
18.18800000000192,14.691849,2025-05-23,39.0
17.652000000001863,14.815798,2025-05-24,39.0
19.459999999999127,15.325348,2025-05-25,39.0
14.5280000000009,15.73837,2025-05-26,39.0
14.5199999999968,17.036205,2025-05-27,39.0
11.239999999998,17.40498,2025-05-28,39.0
17.052000000003318,17.347507,2025-05-29,39.0
16.055999999996857,15.369374,2025-05-30,39.0
11.5520000000033,14.821814,2025-05-31,39.0
13.487999999997555,14.671195,2025-06-01,39.0
12.732000000003609,13.906902,2025-06-02,39.0
10.8199999999997,13.954438,2025-06-03,39.0
20.807999999997264,14.113695,2025-06-04,39.0
18.3028000000037,13.942381,2025-06-05,39.0
24.720000000001164,14.440494,2025-06-06,39.0
21.239999999997963,14.618255,2025-06-07,39.0
17.855999999999767,16.16443,2025-06-08,39.0
21.222800000002,16.962494,2025-06-09,39.0
16.1199999999962,17.56335,2025-06-10,39.0
18.76000000000204,18.588692,2025-06-11,39.0
16.1199999999962,18.695286,2025-06-12,39.0
12.88799999999901,17.79573,2025-06-13,39.0
10.03200000000652,16.686913,2025-06-14,39.0
7.775999999998021,16.214914,2025-06-15,39.0
16.978000000002794,14.885158,2025-06-16,39.0
