actual,prediction,timestamp,house_id
8.747999999999593,9.8166496095816,2024-09-18,1.0
8.10200000000099,10.886756126984048,2024-09-18,2.0
21.97200000000157,24.833199727177984,2024-09-18,3.0
27.255999999993943,27.442659362672874,2024-09-18,4.0
6.19999999999709,15.224563880952307,2024-09-18,5.0
2.93199999999252,27.158042163809434,2024-09-18,6.0
26.26799999999639,22.87182990332593,2024-09-18,7.0
9.81099999999808,12.020643067495568,2024-09-18,8.0
13.939999999995052,20.721245113073675,2024-09-18,9.0
11.9360000000011,20.65058943567608,2024-09-18,10.0
24.62000000000262,28.064012937329537,2024-09-18,11.0
2.5,6.581938009523842,2024-09-18,12.0
18.148000000001048,11.44626587676144,2024-09-18,13.0
23.5280000000009,32.27020053809518,2024-09-18,14.0
17.788000000000466,12.487965060797764,2024-09-18,15.0
4.655999999995402,12.567911648389785,2024-09-18,16.0
4.200000000000728,6.355000980952546,2024-09-18,17.0
6.9760000000023865,10.074121476311026,2024-09-18,18.0
25.12999999999738,21.9698540764456,2024-09-18,19.0
12.1000000000006,12.401513683562726,2024-09-18,20.0
20.1199999999962,20.20254644995823,2024-09-18,21.0
21.4280000000023,21.832705194380765,2024-09-18,22.0
9.68800000000192,19.09154710857161,2024-09-18,23.0
11.7200000000012,18.612112759066306,2024-09-18,24.0
10.779999999998836,7.650270248888772,2024-09-18,25.0
18.709999999999127,18.782227668485593,2024-09-18,26.0
11.0999999999985,16.830594794397886,2024-09-18,27.0
19.61200000000099,14.164925007432556,2024-09-18,28.0
11.2280000000028,20.06035098391838,2024-09-18,29.0
14.968000000000757,20.178696169445658,2024-09-18,30.0
33.98399999999674,20.178500764778047,2024-09-18,31.0
24.27999999999884,32.31673983047613,2024-09-18,32.0
10.520000000004076,9.5737372741162,2024-09-18,33.0
6.296000000002096,11.409756082183987,2024-09-18,34.0
27.127999999996973,35.144184033333424,2024-09-18,35.0
12.1000000000006,15.740236163813913,2024-09-18,36.0
20.332000000002157,17.964715499047692,2024-09-18,37.0
9.390000000003056,9.253030974603076,2024-09-18,38.0
17.231999999996333,17.947763746552496,2024-09-18,39.0
13.1099999999953,9.349394667481885,2024-09-19,1.0
14.5109999999952,9.851942580952283,2024-09-19,2.0
8.227999999995518,22.02346916400469,2024-09-19,3.0
25.736000000004424,25.017932945511635,2024-09-19,4.0
8.28000000000146,13.941696307936251,2024-09-19,5.0
4.7480000000068685,26.356294811428395,2024-09-19,6.0
27.531999999999243,22.50714170285697,2024-09-19,7.0
10.720000000001164,11.29070988933687,2024-09-19,8.0
16.072000000000116,17.191818741054867,2024-09-19,9.0
14.051999999996042,22.302281566692102,2024-09-19,10.0
25.38799999999901,24.286530784333063,2024-09-19,11.0
9.989999999997965,6.194000098412548,2024-09-19,12.0
20.7109999999995,10.914812776368544,2024-09-19,13.0
25.76799999999639,28.535926694380112,2024-09-19,14.0
7.252000000000407,9.675990875908049,2024-09-19,15.0
22.132000000005064,12.261823578420618,2024-09-19,16.0
7.180000000000291,6.215176580952377,2024-09-19,17.0
11.2628000000029,10.491519491702954,2024-09-19,18.0
18.720000000001164,24.751730301526738,2024-09-19,19.0
14.860000000000582,12.45598199682522,2024-09-19,20.0
11.9360000000011,20.494693706462645,2024-09-19,21.0
28.81999999999971,22.37079289558042,2024-09-19,22.0
22.30000000000291,15.332852516901587,2024-09-19,23.0
20.288000000000466,14.928720158722347,2024-09-19,24.0
13.860000000000582,6.226380752380604,2024-09-19,25.0
11.8300000000017,14.624149929322074,2024-09-19,26.0
17.272000000004482,18.275216598730086,2024-09-19,27.0
12.2580000000054,14.625354463759017,2024-09-19,28.0
23.652000000001863,20.16565834987925,2024-09-19,29.0
21.44799999999668,18.268228434920463,2024-09-19,30.0
37.3920000000071,18.502349513446422,2024-09-19,31.0
27.427999999999884,27.028432602167182,2024-09-19,32.0
13.663999999997031,9.07953824523868,2024-09-19,33.0
26.351999999998952,8.634464577777742,2024-09-19,34.0
29.5428000000017,32.30306955469756,2024-09-19,35.0
11.1199999999962,12.034773109110828,2024-09-19,36.0
10.160000000003492,16.763674096375606,2024-09-19,37.0
5.5,9.409351478095337,2024-09-19,38.0
18.36800000000221,15.293572636668213,2024-09-19,39.0
8.232000000003609,10.478212368821003,2024-09-20,1.0
10.3199999999997,10.8671426196825,2024-09-20,2.0
27.332000000002157,21.912924272381137,2024-09-20,3.0
14.18399999999383,22.997851080302524,2024-09-20,4.0
5.66000000000259,13.065478907936267,2024-09-20,5.0
6.339999999996508,21.892148544761408,2024-09-20,6.0
25.17199999999866,21.640692268820597,2024-09-20,7.0
13.468000000000757,11.06030987621878,2024-09-20,8.0
20.02799999999843,18.659613534470708,2024-09-20,9.0
26.9800000000032,21.60721915568345,2024-09-20,10.0
17.8628000000014,25.048320534884766,2024-09-20,11.0
8.690000000002328,4.954087761904657,2024-09-20,12.0
11.9109999999966,12.718729958068094,2024-09-20,13.0
18.77199999999721,24.466658975238445,2024-09-20,14.0
22.659999999996217,11.862940736732817,2024-09-20,15.0
14.547999999995229,11.465868512287319,2024-09-20,16.0
17.139999999999418,5.850232358730166,2024-09-20,17.0
11.7200000000012,9.754468563427766,2024-09-20,18.0
35.95000000000073,23.557327362206873,2024-09-20,19.0
13.229999999999563,10.824319277155062,2024-09-20,20.0
25.743999999998778,20.85479120057757,2024-09-20,21.0
24.30000000000291,24.17595497457231,2024-09-20,22.0
24.0399999999936,15.809630169310525,2024-09-20,23.0
32.75200000000041,16.787327328761005,2024-09-20,24.0
6.959999999999127,8.020692749206313,2024-09-20,25.0
24.830000000001743,15.86953529529279,2024-09-20,26.0
18.07999999999447,16.423095678095198,2024-09-20,27.0
8.543999999994412,14.839022169431463,2024-09-20,28.0
26.687999999994645,21.135026140501203,2024-09-20,29.0
22.49199999999837,19.67355332755552,2024-09-20,30.0
26.01600000000326,21.347764754114532,2024-09-20,31.0
30.31999999999971,25.76620715661168,2024-09-20,32.0
14.80000000000291,8.955028548070045,2024-09-20,33.0
12.2880000000031,8.315237019047515,2024-09-20,34.0
23.2800000000011,31.77945047936522,2024-09-20,35.0
12.010000000002035,13.506002091399589,2024-09-20,36.0
24.2800000000011,17.48545847931085,2024-09-20,37.0
11.5199999999968,9.130895584850064,2024-09-20,38.0
11.9109999999966,15.98664798061898,2024-09-20,39.0
11.1120000000018,9.651018774234766,2024-09-21,1.0
30.0679999999993,10.425725806407206,2024-09-21,2.0
33.12000000000262,21.017973390476143,2024-09-21,3.0
30.855999999999767,25.567922140332502,2024-09-21,4.0
7.979999999995925,14.030391357142662,2024-09-21,5.0
7.22000000000106,23.526658628570914,2024-09-21,6.0
25.2800000000061,23.64894758983933,2024-09-21,7.0
16.947999999996682,9.994977091266978,2024-09-21,8.0
22.81999999999971,16.34015760761907,2024-09-21,9.0
23.631999999997788,20.565582199095758,2024-09-21,10.0
11.011999999996,24.37583763097286,2024-09-21,11.0
8.209999999999127,7.756250349938816,2024-09-21,12.0
16.608000000000175,15.699914164634677,2024-09-21,13.0
22.2580000000054,25.942631724556236,2024-09-21,14.0
22.07200000000012,12.119583510072037,2024-09-21,15.0
13.0,15.003819273015987,2024-09-21,16.0
7.520000000000437,7.0488210015872035,2024-09-21,17.0
20.359999999993303,10.350667659424351,2024-09-21,18.0
27.31000000000131,24.24768831860469,2024-09-21,19.0
18.979999999999563,10.574662948903779,2024-09-21,20.0
21.4280000000023,19.291812619894205,2024-09-21,21.0
26.247999999999596,25.069292577535304,2024-09-21,22.0
22.5,16.641054218181882,2024-09-21,23.0
25.05999999999767,16.910740763809645,2024-09-21,24.0
13.4900000000016,10.177868761904783,2024-09-21,25.0
29.18000000000029,15.491122266666476,2024-09-21,26.0
20.360000000000586,17.339307135238037,2024-09-21,27.0
22.16800000000512,14.075559684296342,2024-09-21,28.0
36.27999999999884,21.38936660413645,2024-09-21,29.0
23.9320000000007,19.63911503524997,2024-09-21,30.0
29.1428000000002,23.90506541948871,2024-09-21,31.0
57.27999999999884,27.02206366322403,2024-09-21,32.0
20.627999999996973,8.260276838095358,2024-09-21,33.0
22.3109999999981,19.51882168412666,2024-09-21,34.0
70.80000000000291,25.834920016110587,2024-09-21,35.0
13.889999999999418,12.109490478447873,2024-09-21,36.0
32.70799999999872,17.764038855238134,2024-09-21,37.0
17.75,8.204682001904875,2024-09-21,38.0
21.7280000000052,15.75724586192536,2024-09-21,39.0
8.360000000000582,9.654811188363581,2024-09-22,1.0
14.459999999999129,10.627446516139932,2024-09-22,2.0
26.64799999999377,21.91169806376795,2024-09-22,3.0
16.41600000001199,22.54754706159975,2024-09-22,4.0
8.807999999997264,14.651183095238078,2024-09-22,5.0
3.5,24.026481657142405,2024-09-22,6.0
21.88799999999901,23.156275823473422,2024-09-22,7.0
12.8628000000014,10.981427363991479,2024-09-22,8.0
16.391999999999825,17.782789740634747,2024-09-22,9.0
25.927999999999884,20.464071187878616,2024-09-22,10.0
11.4720000000016,22.626310397141893,2024-09-22,11.0
4.099999999998545,8.056335857142745,2024-09-22,12.0
17.720000000001164,13.47311571957128,2024-09-22,13.0
18.27999999999884,22.740662561895896,2024-09-22,14.0
9.256000000001222,15.089123615450868,2024-09-22,15.0
11.2000000000044,13.529832375162382,2024-09-22,16.0
10.7600000000002,8.598588085714697,2024-09-22,17.0
12.376000000003842,11.262501851586109,2024-09-22,18.0
21.679999999996653,24.878540093895346,2024-09-22,19.0
6.860000000000582,12.259249760498081,2024-09-22,20.0
18.70799999999872,18.851732510071294,2024-09-22,21.0
28.49199999999837,26.505906441798057,2024-09-22,22.0
10.3800000000047,15.195065987217253,2024-09-22,23.0
20.29200000000128,18.162017669261417,2024-09-22,24.0
7.609999999996944,9.031256222857216,2024-09-22,25.0
13.599999999998545,15.281993049442464,2024-09-22,26.0
10.0,13.92593259922825,2024-09-22,27.0
6.680000000000291,12.293348860879686,2024-09-22,28.0
24.848000000005413,23.513678610808732,2024-09-22,29.0
13.89600000000064,18.718797902818977,2024-09-22,30.0
20.631999999997788,25.778022153798528,2024-09-22,31.0
27.131999999997788,25.094960860466266,2024-09-22,32.0
6.760000000002037,8.966689556356682,2024-09-22,33.0
23.0880000000025,12.445209474337458,2024-09-22,34.0
33.6559999999954,25.456184538485296,2024-09-22,35.0
17.099999999998545,11.681645114285748,2024-09-22,36.0
18.75999999999476,18.54769896710758,2024-09-22,37.0
6.710000000002765,9.755551320635037,2024-09-22,38.0
6.639999999999418,14.426352517823933,2024-09-22,39.0
2.947999999996682,9.800775878213393,2024-09-23,1.0
5.0,19.872716370793587,2024-09-23,2.0
14.180000000000293,23.003049961904587,2024-09-23,3.0
33.83199999999488,23.840431784152244,2024-09-23,4.0
5.62800000000669,14.89144685079358,2024-09-23,5.0
2.2479999999995925,22.285091047618454,2024-09-23,6.0
19.57999999999447,24.40743437277737,2024-09-23,7.0
10.080000000001746,11.762353228816709,2024-09-23,8.0
16.056000000004133,18.241486738052444,2024-09-23,9.0
17.7280000000052,21.666213603648714,2024-09-23,10.0
14.2500000000038,21.768848876150155,2024-09-23,11.0
9.360000000000582,7.174668790476095,2024-09-23,12.0
9.37999999999738,16.22713779063108,2024-09-23,13.0
12.599999999998545,21.154212596865953,2024-09-23,14.0
5.8628000000014,15.494198757301508,2024-09-23,15.0
5.839999999996508,13.382403891043362,2024-09-23,16.0
5.190000000000509,8.45028569466091,2024-09-23,17.0
7.432000000000698,11.362840041253792,2024-09-23,18.0
13.1100000000011,26.72323992247374,2024-09-23,19.0
5.200000000000728,13.342908139500777,2024-09-23,20.0
11.5,20.504545812416787,2024-09-23,21.0
18.220000000001164,28.011472366945398,2024-09-23,22.0
4.451999999997497,16.01796063373903,2024-09-23,23.0
11.2799999999988,19.911179245124373,2024-09-23,24.0
9.930000000000293,10.112051606902114,2024-09-23,25.0
12.099999999998545,16.827594658716507,2024-09-23,26.0
8.247999999999593,15.402209368888688,2024-09-23,27.0
10.739999999997965,14.264842678729952,2024-09-23,28.0
8.719999999993888,19.99545784867189,2024-09-23,29.0
9.652000000001864,20.065222502164456,2024-09-23,30.0
13.19199999999546,27.32961950005787,2024-09-23,31.0
14.776000000005295,31.091364902548285,2024-09-23,32.0
3.0120000000024447,13.45805109955481,2024-09-23,33.0
10.7319999999963,14.994141607566837,2024-09-23,34.0
11.5200000000041,30.843281623263415,2024-09-23,35.0
5.450000000004366,11.763985909958025,2024-09-23,36.0
16.82800000000134,19.120111972402555,2024-09-23,37.0
9.899999999997815,9.920413333536377,2024-09-23,38.0
10.5280000000009,15.907935177777846,2024-09-23,39.0
4.868000000002212,9.946214061621214,2024-09-24,1.0
6.47200000000117,16.768859134898225,2024-09-24,2.0
9.572000000000116,20.32236775644715,2024-09-24,3.0
18.27999999999884,22.64154485333302,2024-09-24,4.0
0.0,13.395044546031894,2024-09-24,5.0
2.3919999999998254,20.63538581142806,2024-09-24,6.0
21.380000000004657,23.666363980623665,2024-09-24,7.0
5.28800000000309,11.17415096305689,2024-09-24,8.0
14.131999999997788,17.234063357142777,2024-09-24,9.0
18.187999999994645,20.865017494913943,2024-09-24,10.0
11.3999999999942,18.159769639999993,2024-09-24,11.0
2.4900000000016007,6.685941644444493,2024-09-24,12.0
16.668000000005122,19.623532057143013,2024-09-24,13.0
10.8628000000014,19.599956332848894,2024-09-24,14.0
12.375999999996566,15.611431084499129,2024-09-24,15.0
16.512000000002445,12.131096885790438,2024-09-24,16.0
7.969999999999345,9.470080827841825,2024-09-24,17.0
6.752000000000408,12.224552829606235,2024-09-24,18.0
7.18999999999869,25.12209134890918,2024-09-24,19.0
12.209999999999129,12.298201752380898,2024-09-24,20.0
16.87199999999575,16.65068231160782,2024-09-24,21.0
16.6124197645385,24.447959717348485,2024-09-24,22.0
5.80000000000291,14.854251698621452,2024-09-24,23.0
11.2879999999958,19.817854977270425,2024-09-24,24.0
3.52800000000087,10.590463798394106,2024-09-24,25.0
16.2699999999968,15.88416986707879,2024-09-24,26.0
9.28000000000146,15.245583530793578,2024-09-24,27.0
3.900000000001455,13.00676222754081,2024-09-24,28.0
12.272000000004482,23.087900600057466,2024-09-24,29.0
13.239999999997965,15.754970891736463,2024-09-24,30.0
14.368000000002212,25.329959969713272,2024-09-24,31.0
19.731999999996333,29.910909133333455,2024-09-24,32.0
3.959999999999127,10.263773212156138,2024-09-24,33.0
5.559999999997672,19.405288723191042,2024-09-24,34.0
26.87199999999575,32.87236267018762,2024-09-24,35.0
5.719999999993888,11.295746713079568,2024-09-24,36.0
12.5828000000026,15.392874921136224,2024-09-24,37.0
4.700000000000728,9.633133884916164,2024-09-24,38.0
12.391999999999824,14.03429163348526,2024-09-24,39.0
16.451999999997497,8.131874282057735,2024-09-25,1.0
9.080000000001746,17.759482948823237,2024-09-25,2.0
22.639999999999414,23.76477141007094,2024-09-25,3.0
24.37600000000384,24.418441088888645,2024-09-25,4.0
0.0,15.508556603809716,2024-09-25,5.0
3.2880000000004657,23.18501532571393,2024-09-25,6.0
20.60800000000017,26.075236761574274,2024-09-25,7.0
9.87999999999738,13.840312897403136,2024-09-25,8.0
13.572000000000116,18.026734863235962,2024-09-25,9.0
31.752000000000407,24.455651808571407,2024-09-25,10.0
11.7280000000052,17.131609145413783,2024-09-25,11.0
5.739999999997963,8.076627120635035,2024-09-25,12.0
23.951999999997497,19.898706233650884,2024-09-25,13.0
13.976000000002388,18.415871043221472,2024-09-25,14.0
14.692000000002736,17.28964834653628,2024-09-25,15.0
8.87999999999738,13.586439600000006,2024-09-25,16.0
12.299999999999272,8.90476437460312,2024-09-25,17.0
12.799999999995634,13.587351228932686,2024-09-25,18.0
14.0919483981386,20.53896903952422,2024-09-25,19.0
12.639999999999418,14.603980058793262,2024-09-25,20.0
22.788000000000466,18.382395903002447,2024-09-25,21.0
17.6105473966743,22.036352739444894,2024-09-25,22.0
10.7679999999964,18.421993903075496,2024-09-25,23.0
20.6280000000067,18.57179734830131,2024-09-25,24.0
10.8280000000001,9.796268154283759,2024-09-25,25.0
18.91000000000349,16.13118407026517,2024-09-25,26.0
11.5280000000009,17.022438857652325,2024-09-25,27.0
17.76799999999639,15.926379284601923,2024-09-25,28.0
20.0,23.64210215263528,2024-09-25,29.0
11.8919999999998,18.48273583722713,2024-09-25,30.0
26.288000000000466,27.065412524357317,2024-09-25,31.0
28.26000000000204,26.562990072189766,2024-09-25,32.0
10.4279999999999,15.514498912681956,2024-09-25,33.0
13.988000000004831,19.454014063491996,2024-09-25,34.0
18.139999999999414,29.548118237065605,2024-09-25,35.0
8.12800000000669,15.433836714837685,2024-09-25,36.0
21.080000000001743,17.020332950948813,2024-09-25,37.0
10.959999999999129,9.506235477152387,2024-09-25,38.0
16.039999999993597,15.936891303661385,2024-09-25,39.0
10.091999999996917,8.57078157142874,2024-09-26,1.0
32.695999999996275,14.976553900732396,2024-09-26,2.0
33.2580000000054,20.396251558730484,2024-09-26,3.0
36.4280000000023,22.387259839658437,2024-09-26,4.0
0.0,10.644149460317378,2024-09-26,5.0
5.091999999996915,22.71863010666619,2024-09-26,6.0
41.36000000000058,23.195105599983123,2024-09-26,7.0
23.9109999999966,11.79403704162218,2024-09-26,8.0
32.296000000002095,18.416853866696755,2024-09-26,9.0
20.20000000000437,21.579293296705234,2024-09-26,10.0
16.4320000000007,16.704681619047594,2024-09-26,11.0
11.5499999999993,7.455716342857047,2024-09-26,12.0
39.75200000000041,16.931491111084398,2024-09-26,13.0
41.2239999999947,17.660369329287654,2024-09-26,14.0
30.332000000002157,13.481428306666597,2024-09-26,15.0
9.432000000000698,13.965552905952629,2024-09-26,16.0
5.510000000000218,10.8968715809523,2024-09-26,17.0
3.32800000000125,12.998474246175892,2024-09-26,18.0
11.4796000678895,17.3084049471969,2024-09-26,19.0
24.549999999999272,11.438694922480368,2024-09-26,20.0
28.0,17.961890908829734,2024-09-26,21.0
19.0313183100303,24.446006320710485,2024-09-26,22.0
30.139999999999414,17.424924377777774,2024-09-26,23.0
29.68000000000029,19.33231948781386,2024-09-26,24.0
13.029999999998836,10.586126110761569,2024-09-26,25.0
21.839999999996508,16.905761422595624,2024-09-26,26.0
21.94799999999668,13.46916366697299,2024-09-26,27.0
32.2628000000029,12.638469077633468,2024-09-26,28.0
36.33999999999651,22.115856994473972,2024-09-26,29.0
25.89600000000064,17.572628706154962,2024-09-26,30.0
31.59999999999127,23.43164105017404,2024-09-26,31.0
52.807999999997264,27.602177522616273,2024-09-26,32.0
13.932000000000698,12.10517715255633,2024-09-26,33.0
25.27199999999721,19.153260116190346,2024-09-26,34.0
52.05200000000332,34.10390163682535,2024-09-26,35.0
27.359999999993303,12.360950968920953,2024-09-26,36.0
26.327999999994063,19.918315551123726,2024-09-26,37.0
13.950000000000728,9.540397516926758,2024-09-26,38.0
26.028000000005704,13.373691892973836,2024-09-26,39.0
17.728000000002794,9.38371764992798,2024-09-27,1.0
36.76000000000204,13.317545390312171,2024-09-27,2.0
29.639999999999414,24.11219564647502,2024-09-27,3.0
23.95999999999185,23.19330757177472,2024-09-27,4.0
4.719999999993888,9.580093447618882,2024-09-27,5.0
5.531999999999243,23.106384278094712,2024-09-27,6.0
36.83199999999488,23.34894464632764,2024-09-27,7.0
20.18800000000192,11.030355628511263,2024-09-27,8.0
26.1428000000002,19.73235558098244,2024-09-27,9.0
12.88799999999901,21.337957490187687,2024-09-27,10.0
12.907999999995807,15.049440732621951,2024-09-27,11.0
10.909999999999854,8.102990514285674,2024-09-27,12.0
16.5880000000025,17.344620908168924,2024-09-27,13.0
28.3760000000038,16.630217167001035,2024-09-27,14.0
27.93599999999424,14.763864500106372,2024-09-27,15.0
10.4680000000008,12.94283610857167,2024-09-27,16.0
3.9099999999998554,10.137612158706665,2024-09-27,17.0
16.599999999998545,12.331670888394486,2024-09-27,18.0
14.433362252575,19.92078017280595,2024-09-27,19.0
20.76000000000204,12.782682913279567,2024-09-27,20.0
30.172000000005937,20.143096369435998,2024-09-27,21.0
19.3172249492252,22.964300182060025,2024-09-27,22.0
11.8280000000038,15.12911718966635,2024-09-27,23.0
29.979999999995925,20.121507230927318,2024-09-27,24.0
12.590000000000146,9.3976957453845,2024-09-27,25.0
11.4200000000055,18.60725030824671,2024-09-27,26.0
18.2800000000011,14.544448374109383,2024-09-27,27.0
13.296000000002095,12.732622986137827,2024-09-27,28.0
36.62000000000262,20.905252320277192,2024-09-27,29.0
26.05200000000332,17.28835144208905,2024-09-27,30.0
35.736000000004424,21.64666706511625,2024-09-27,31.0
32.9028000000023,31.12565550539715,2024-09-27,32.0
20.0,11.121492754617924,2024-09-27,33.0
19.031999999999243,15.403135520434615,2024-09-27,34.0
48.667999999997846,28.082592718285223,2024-09-27,35.0
14.05000000000291,11.24649651037125,2024-09-27,36.0
32.9800000000032,21.38038064571088,2024-09-27,37.0
11.6599999999999,10.28930155068919,2024-09-27,38.0
21.459999999999127,14.14941767936484,2024-09-27,39.0
14.860000000000582,9.11303179474166,2024-09-28,1.0
24.452000000004773,17.37474447421532,2024-09-28,2.0
21.0,22.707942979938224,2024-09-28,3.0
11.7109999999995,24.8507752347882,2024-09-28,4.0
12.680000000000293,9.705444342857122,2024-09-28,5.0
5.128000000004249,23.833863047618554,2024-09-28,6.0
32.16800000000512,24.687553292586564,2024-09-28,7.0
19.639999999999414,14.22127527837403,2024-09-28,8.0
23.0879999999961,17.768553375068954,2024-09-28,9.0
25.0280000000009,24.400718485164628,2024-09-28,10.0
17.020000000004075,13.779125509518368,2024-09-28,11.0
12.430000000000293,8.756689377777912,2024-09-28,12.0
20.1099999999953,19.904835136710503,2024-09-28,13.0
27.131999999997788,17.488651005190153,2024-09-28,14.0
25.560000000004948,15.027052966597477,2024-09-28,15.0
22.372000000003027,12.948301861634405,2024-09-28,16.0
10.4200000000001,8.821248014586539,2024-09-28,17.0
20.728000000002798,13.248529022456776,2024-09-28,18.0
11.553607862722,15.122756125119269,2024-09-28,19.0
22.55999999999767,13.033746511949147,2024-09-28,20.0
28.360000000000586,19.395208499666182,2024-09-28,21.0
24.1377913236,19.028535592154338,2024-09-28,22.0
23.17199999999866,16.83883224362362,2024-09-28,23.0
24.627999999996973,21.259727788177546,2024-09-28,24.0
11.8000000000029,9.215377852758067,2024-09-28,25.0
21.2599999999985,15.889988315398858,2024-09-28,26.0
16.47200000000157,14.420175775238066,2024-09-28,27.0
11.3199999999997,16.61756157264087,2024-09-28,28.0
31.139999999999414,24.20806960506943,2024-09-28,29.0
24.26799999999639,15.87048985322139,2024-09-28,30.0
30.903999999994998,23.506640834680052,2024-09-28,31.0
55.31999999999971,31.889440732775192,2024-09-28,32.0
14.427999999999884,11.90854149038112,2024-09-28,33.0
11.6680000000051,15.180035723119707,2024-09-28,34.0
39.36000000000058,34.017563112166705,2024-09-28,35.0
13.520000000004076,15.728815333333394,2024-09-28,36.0
25.8109999999981,20.598965780482093,2024-09-28,37.0
11.4200000000019,11.531897111111176,2024-09-28,38.0
19.72799999999552,14.64188688098583,2024-09-28,39.0
8.339999999996508,12.121808210437802,2024-09-29,1.0
18.307999999997264,20.43042464951654,2024-09-29,2.0
22.659999999996217,20.326278587481614,2024-09-29,3.0
17.2879999999958,26.101159145738983,2024-09-29,4.0
5.18280000000101,14.152700857142841,2024-09-29,5.0
3.9199999999982538,22.159791657142318,2024-09-29,6.0
32.62399999999616,26.629386212962967,2024-09-29,7.0
14.959999999999129,13.686376334265992,2024-09-29,8.0
30.68000000000029,18.94337794412694,2024-09-29,9.0
21.239999999997963,19.63308551901201,2024-09-29,10.0
25.76799999999639,12.147810944026993,2024-09-29,11.0
8.42800000000233,8.87129289831969,2024-09-29,12.0
33.788000000000466,18.055343375316188,2024-09-29,13.0
27.228000000002798,19.402797472726377,2024-09-29,14.0
24.0280000000009,17.138602337907823,2024-09-29,15.0
10.1079999999929,11.722280629899034,2024-09-29,16.0
8.880000000001019,9.652545422222268,2024-09-29,17.0
17.9320000000007,12.098957233698263,2024-09-29,18.0
13.7280000000016,15.378593026405348,2024-09-29,19.0
14.290000000000871,12.790051548922547,2024-09-29,20.0
24.455999999998312,20.24047081885403,2024-09-29,21.0
16.487999999997555,19.476671910012122,2024-09-29,22.0
17.0880000000025,12.517248851363043,2024-09-29,23.0
11.8800000000047,19.14197146297451,2024-09-29,24.0
10.6099999999969,10.99218686007497,2024-09-29,25.0
22.089999999996508,16.95632947618292,2024-09-29,26.0
11.2799999999988,13.836559044621922,2024-09-29,27.0
13.063999999998488,13.789556729526579,2024-09-29,28.0
32.95999999999913,22.394673969559737,2024-09-29,29.0
20.55999999999767,16.4530039088987,2024-09-29,30.0
24.752000000007683,21.65902738547232,2024-09-29,31.0
39.02799999999843,30.226258566416515,2024-09-29,32.0
16.1199999999962,10.725318554390007,2024-09-29,33.0
18.987999999997555,16.3540696404925,2024-09-29,34.0
41.87999999999738,35.471514134414846,2024-09-29,35.0
16.0,10.94863308008685,2024-09-29,36.0
32.45599999999831,20.879399689599477,2024-09-29,37.0
11.9199999999983,10.25519994433603,2024-09-29,38.0
16.872000000003027,16.232012949182423,2024-09-29,39.0
9.02800000000087,11.401925063813545,2024-09-30,1.0
14.0,19.009422295873225,2024-09-30,2.0
20.080000000001743,19.61797141165868,2024-09-30,3.0
27.6628000000043,23.951829981554383,2024-09-30,4.0
2.959999999999127,14.097474552380698,2024-09-30,5.0
1.728000000002794,23.330372399999447,2024-09-30,6.0
31.959999999999127,26.43998619438691,2024-09-30,7.0
17.599999999998545,12.876922228571397,2024-09-30,8.0
27.42000000000553,20.342632653763765,2024-09-30,9.0
24.031999999999243,18.81729508074436,2024-09-30,10.0
13.2800000000011,13.99091172675328,2024-09-30,11.0
8.299999999999272,9.511541926984227,2024-09-30,12.0
27.872000000003027,18.82969654984114,2024-09-30,13.0
28.451999999997497,18.558073145197,2024-09-30,14.0
22.131999999997788,19.647627047611888,2024-09-30,15.0
14.160000000003492,16.04158540752452,2024-09-30,16.0
8.789999999999054,7.764284866666732,2024-09-30,17.0
10.5080000000016,13.684528245874159,2024-09-30,18.0
23.7280000000016,12.236332455109665,2024-09-30,19.0
13.459999999999129,13.657787015873263,2024-09-30,20.0
31.4109999999966,19.938331811689032,2024-09-30,21.0
27.231999999996333,19.673413116244184,2024-09-30,22.0
31.67199999999866,13.831797716883102,2024-09-30,23.0
30.87999999999738,20.079000921276972,2024-09-30,24.0
12.37000000000262,11.704349421161863,2024-09-30,25.0
14.080000000001746,16.00375888742418,2024-09-30,26.0
17.779999999998836,12.62174988888869,2024-09-30,27.0
13.360000000000582,12.868523899047462,2024-09-30,28.0
27.61200000000099,24.073032147235512,2024-09-30,29.0
21.360000000000586,19.04139056190465,2024-09-30,30.0
27.1019999999937,26.57474780269456,2024-09-30,31.0
43.53199999999924,35.31482266840076,2024-09-30,32.0
12.908000000003083,11.358825185769833,2024-09-30,33.0
14.012000000002445,15.949884427634693,2024-09-30,34.0
23.0,32.63910845587307,2024-09-30,35.0
14.319999999999707,12.459396356314517,2024-09-30,36.0
18.312000000005355,21.14154593868586,2024-09-30,37.0
17.2500000000001,10.250261680876363,2024-09-30,38.0
23.839999999996508,15.014756500226135,2024-09-30,39.0
17.280000000006112,14.031660620930612,2024-10-01,1.0
30.1428000000002,22.69785215298744,2024-10-01,2.0
22.32800000000134,22.868070408888947,2024-10-01,3.0
17.2560000000085,22.71616506620087,2024-10-01,4.0
14.376000000003842,14.269127199999842,2024-10-01,5.0
1.451999999997497,24.03998368761868,2024-10-01,6.0
36.0280000000009,30.179848357829698,2024-10-01,7.0
11.708000000006,15.218971714285813,2024-10-01,8.0
21.39999999999418,23.51634882934951,2024-10-01,9.0
23.2800000000011,23.185601548053736,2024-10-01,10.0
14.052000000003318,16.397834224923642,2024-10-01,11.0
8.09000000000011,8.813301432621156,2024-10-01,12.0
16.2879999999958,23.65235857791931,2024-10-01,13.0
24.012000000002445,23.20942681256662,2024-10-01,14.0
26.18800000000192,24.29074249463336,2024-10-01,15.0
12.559999999997672,13.848781527995781,2024-10-01,16.0
7.350000000000364,8.833556228571457,2024-10-01,17.0
22.55199999999604,14.049042363006128,2024-10-01,18.0
19.93999999999869,12.764713329256214,2024-10-01,19.0
22.56999999999971,16.335929231551567,2024-10-01,20.0
31.38799999999901,24.866987337863854,2024-10-01,21.0
14.927999999999884,18.788718698703214,2024-10-01,22.0
17.011999999996,16.52720078069363,2024-10-01,23.0
24.080000000001743,20.223221322810282,2024-10-01,24.0
9.789999999997235,11.948776293265963,2024-10-01,25.0
19.4800000000032,16.80230717585378,2024-10-01,26.0
13.62000000000262,14.876056267855583,2024-10-01,27.0
11.0799999999945,14.905728787535288,2024-10-01,28.0
25.455999999998312,26.26707268475731,2024-10-01,29.0
14.61200000000099,20.008124200063605,2024-10-01,30.0
30.9120000000101,26.322367191643586,2024-10-01,31.0
52.27999999999884,36.003984319999766,2024-10-01,32.0
14.731999999996331,14.043045959312185,2024-10-01,33.0
17.25199999999313,16.27093411746054,2024-10-01,34.0
18.708000000005995,34.896956403174386,2024-10-01,35.0
13.531999999999243,14.536269457991747,2024-10-01,36.0
29.047999999995227,25.514227161068856,2024-10-01,37.0
10.090000000000146,11.566158066170294,2024-10-01,38.0
20.9000000000011,17.172239904628658,2024-10-01,39.0
5.99199999999837,13.397957642734854,2024-10-02,1.0
22.18800000000192,26.95454034154779,2024-10-02,2.0
14.599999999998545,24.127976735092656,2024-10-02,3.0
31.55999999999767,27.768914342594652,2024-10-02,4.0
10.1319999999978,15.828714845714313,2024-10-02,5.0
0.720000000001064,24.357109510476224,2024-10-02,6.0
25.0679999999993,32.20232807572097,2024-10-02,7.0
10.583999999995283,20.3210929638095,2024-10-02,8.0
23.4280000000023,24.082354571996017,2024-10-02,9.0
25.231999999996333,25.343490730811887,2024-10-02,10.0
19.639999999999414,18.20336223174632,2024-10-02,11.0
8.909999999999854,10.193719438095242,2024-10-02,12.0
24.222800000002,28.183700739347906,2024-10-02,13.0
17.747999999999593,27.498643500330044,2024-10-02,14.0
17.5028000000008,26.179375855238135,2024-10-02,15.0
23.380000000004657,12.606130490509681,2024-10-02,16.0
7.59000000000011,8.303745971428585,2024-10-02,17.0
13.2500000000038,13.981047932721932,2024-10-02,18.0
21.169999999998254,14.178400536724284,2024-10-02,19.0
7.480000000003201,16.754420061955763,2024-10-02,20.0
12.8228000000005,26.24494130534934,2024-10-02,21.0
0.5320000000065193,22.589414189354983,2024-10-02,22.0
10.472000000001572,20.76841706361272,2024-10-02,23.0
17.012000000002445,26.72838661622609,2024-10-02,24.0
10.9280000000023,12.695209104351935,2024-10-02,25.0
17.919999999998254,17.959668816526165,2024-10-02,26.0
13.591999999996917,17.043112961904704,2024-10-02,27.0
14.680000000000293,18.03015035396828,2024-10-02,28.0
21.982800000004,30.03978770928255,2024-10-02,29.0
13.599999999998545,22.90382762387742,2024-10-02,30.0
9.16799999999057,29.95381667672669,2024-10-02,31.0
23.708000000005995,39.49195663113697,2024-10-02,32.0
9.5,14.496568049388623,2024-10-02,33.0
10.648000000001,20.846815559449126,2024-10-02,34.0
28.239999999997963,37.35068899054044,2024-10-02,35.0
9.855999999999767,15.02887340000005,2024-10-02,36.0
19.832000000002157,26.787868741311335,2024-10-02,37.0
12.580000000001746,13.321035260072652,2024-10-02,38.0
16.720000000001164,21.99532374722391,2024-10-02,39.0
19.639999999999414,13.109667934976537,2024-10-03,1.0
17.131999999997788,23.925317920873834,2024-10-03,2.0
21.61200000000099,24.537238223490586,2024-10-03,3.0
25.2719999999972,28.007067300515537,2024-10-03,4.0
13.660000000003492,18.293037831745796,2024-10-03,5.0
0.4599999999991269,22.99751616571425,2024-10-03,6.0
36.5280000000009,30.07160428571417,2024-10-03,7.0
22.80800000000454,18.688929291104433,2024-10-03,8.0
18.80000000000291,28.9151902967021,2024-10-03,9.0
12.368000000002212,23.685750971329785,2024-10-03,10.0
17.219999999993888,17.755597790476013,2024-10-03,11.0
10.0299999999988,10.04050305286677,2024-10-03,12.0
10.027999999998428,25.841416639558098,2024-10-03,13.0
20.26799999999639,28.502101893869607,2024-10-03,14.0
21.547999999995227,23.370171909304702,2024-10-03,15.0
13.2879999999958,14.049487130798294,2024-10-03,16.0
4.75,7.509249773015862,2024-10-03,17.0
4.027999999998428,15.942397745124493,2024-10-03,18.0
18.81000000000131,17.06141377603878,2024-10-03,19.0
31.0,18.283011722856052,2024-10-03,20.0
28.69600000000355,29.47483742773826,2024-10-03,21.0
16.316135996461,20.432524650259275,2024-10-03,22.0
11.887999999999,22.016243943125,2024-10-03,23.0
25.5199999999968,25.962931572082535,2024-10-03,24.0
10.0099999999984,12.44535794496497,2024-10-03,25.0
21.209999999999127,17.409218058765248,2024-10-03,26.0
16.768000000003667,17.547899822221883,2024-10-03,27.0
8.28800000000309,16.144427481059925,2024-10-03,28.0
21.695999999996275,30.880930075286123,2024-10-03,29.0
25.220000000001164,23.423944232864308,2024-10-03,30.0
32.919999999998254,30.807091783965518,2024-10-03,31.0
37.65199999999459,43.23144805750187,2024-10-03,32.0
8.680000000000291,16.26112841836849,2024-10-03,33.0
23.288000000000466,19.15186251111121,2024-10-03,34.0
17.19999999999709,33.521397996190494,2024-10-03,35.0
27.29200000000128,16.29322748831116,2024-10-03,36.0
30.739999999997963,30.106195998933202,2024-10-03,37.0
3.779999999998836,14.671800309969283,2024-10-03,38.0
25.739999999997963,23.48763776747277,2024-10-03,39.0
9.055999999996857,14.541364849176663,2024-10-04,1.0
36.59999999999855,25.7021468740549,2024-10-04,2.0
26.29200000000128,24.096893951572486,2024-10-04,3.0
16.887999999991735,25.081546666189816,2024-10-04,4.0
10.0599999999977,17.599251768254163,2024-10-04,5.0
0.2600000000020372,22.16909547809518,2024-10-04,6.0
25.4880000000048,30.5088877935817,2024-10-04,7.0
21.55199999999604,18.511080335238226,2024-10-04,8.0
24.02799999999843,25.832787899531773,2024-10-04,9.0
29.27999999999884,25.114010133534684,2024-10-04,10.0
16.160000000003492,18.05157474285704,2024-10-04,11.0
10.639999999999418,8.262039662150132,2024-10-04,12.0
19.228000000002798,25.888388745396718,2024-10-04,13.0
19.0280000000009,26.9742345005272,2024-10-04,14.0
21.0,25.02228579714257,2024-10-04,15.0
25.919999999998254,15.72440060688142,2024-10-04,16.0
10.8099999999995,7.259905876190524,2024-10-04,17.0
13.61200000000099,16.932577007217702,2024-10-04,18.0
21.590000000000146,16.121620872056504,2024-10-04,19.0
13.209999999999129,21.2318102963933,2024-10-04,20.0
18.97200000000157,26.383363581219346,2024-10-04,21.0
21.788000000000466,17.78657165987431,2024-10-04,22.0
19.77200000000448,22.750173966617144,2024-10-04,23.0
12.908000000003083,25.835080234246654,2024-10-04,24.0
11.0800000000017,12.076957580349237,2024-10-04,25.0
11.9280000000023,18.560872892482358,2024-10-04,26.0
13.19999999999709,16.914765090793487,2024-10-04,27.0
12.68800000000192,15.145733467518339,2024-10-04,28.0
24.332000000002157,28.189908193015533,2024-10-04,29.0
21.247999999999596,21.84211667988474,2024-10-04,30.0
27.4320000000007,27.79993470730147,2024-10-04,31.0
28.4279999999999,36.794422652426185,2024-10-04,32.0
4.380000000004657,15.29968064761904,2024-10-04,33.0
17.772000000004482,17.649275518264254,2024-10-04,34.0
24.99200000000565,30.19076167365106,2024-10-04,35.0
13.37199999999575,14.710958705912926,2024-10-04,36.0
25.70000000000437,29.027724035512662,2024-10-04,37.0
13.430000000000293,14.857008114549359,2024-10-04,38.0
25.1120000000018,22.456845994258106,2024-10-04,39.0
7.351999999998952,14.969684872936385,2024-10-05,1.0
17.69600000000355,21.50158856302145,2024-10-05,2.0
19.32800000000134,19.773200533968325,2024-10-05,3.0
25.8000000000029,22.565262779234427,2024-10-05,4.0
0.0199999999967985,11.106744168311726,2024-10-05,5.0
1.0,18.69923112380918,2024-10-05,6.0
25.9319999999925,32.16429290507916,2024-10-05,7.0
18.560000000004948,16.640052882696942,2024-10-05,8.0
23.78399999999965,23.84364672868398,2024-10-05,9.0
28.67199999999866,23.38776503874632,2024-10-05,10.0
13.1120000000018,17.260808857143008,2024-10-05,11.0
10.38000000000102,9.51880630865373,2024-10-05,12.0
18.97200000000157,21.464114084137552,2024-10-05,13.0
21.8280000000038,23.8974313752085,2024-10-05,14.0
24.060000000004948,22.527844018539398,2024-10-05,15.0
11.0720000000001,17.45349036448147,2024-10-05,16.0
8.030000000000655,7.696833669264006,2024-10-05,17.0
22.0679999999993,16.857237751465725,2024-10-05,18.0
16.470000000001164,15.736629587470333,2024-10-05,19.0
25.360000000000586,17.165131700880814,2024-10-05,20.0
27.27999999999884,23.89896829319379,2024-10-05,21.0
17.50399999999354,16.845831955127633,2024-10-05,22.0
37.0199999999968,16.57385794120325,2024-10-05,23.0
33.271999999997206,21.606187787616626,2024-10-05,24.0
10.899999999997815,11.23573591637055,2024-10-05,25.0
18.70799999999872,16.480740422543793,2024-10-05,26.0
18.832000000002157,16.337537090695207,2024-10-05,27.0
12.663999999997031,12.45514677262429,2024-10-05,28.0
24.091999999996915,25.861069170282118,2024-10-05,29.0
24.2109999999995,18.059313456880353,2024-10-05,30.0
26.512000000002445,24.674233666689197,2024-10-05,31.0
28.4800000000032,38.217804778140405,2024-10-05,32.0
10.9199999999983,13.885522822222269,2024-10-05,33.0
12.38799999999901,16.02012345142809,2024-10-05,34.0
23.83199999999488,26.822101443694546,2024-10-05,35.0
12.495999999999183,15.705768166441349,2024-10-05,36.0
31.099999999998545,25.277685699553164,2024-10-05,37.0
6.68999999999869,12.040039533349145,2024-10-05,38.0
11.9279999999999,19.839288425771826,2024-10-05,39.0
24.780000000006112,11.54280188218038,2024-10-06,1.0
19.66399999999703,25.657893245714025,2024-10-06,2.0
20.139999999999414,21.66409482222216,2024-10-06,3.0
9.19999999999709,23.77545181703774,2024-10-06,4.0
0.0,10.615404679093334,2024-10-06,5.0
1.0799999999944705,18.575735847618763,2024-10-06,6.0
33.9320000000007,30.16007820952375,2024-10-06,7.0
22.627999999996973,18.935240051401532,2024-10-06,8.0
25.88799999999901,25.275967468446332,2024-10-06,9.0
28.44800000000396,23.68823250857127,2024-10-06,10.0
14.307999999997264,19.407503621643304,2024-10-06,11.0
14.68999999999869,9.040001201997097,2024-10-06,12.0
32.39999999999418,22.91730137999992,2024-10-06,13.0
22.851999999998952,24.612433299723044,2024-10-06,14.0
29.07200000000012,22.940226730333062,2024-10-06,15.0
12.92000000000553,18.127956252594167,2024-10-06,16.0
9.05999999999949,8.509039594514466,2024-10-06,17.0
22.102000000001,16.57537730592614,2024-10-06,18.0
8.5799999999981,19.495570956436374,2024-10-06,19.0
11.2599999999985,18.426695918977764,2024-10-06,20.0
26.427999999999884,27.006970118978387,2024-10-06,21.0
4.62800000000669,17.91622082476815,2024-10-06,22.0
19.102000000001,18.502597556408382,2024-10-06,23.0
20.07200000000012,20.037178649826853,2024-10-06,24.0
14.13000000000102,10.592106261419705,2024-10-06,25.0
13.031999999999243,18.701013029325672,2024-10-06,26.0
20.5679999999993,17.303972858675774,2024-10-06,27.0
19.88799999999901,12.774497164790382,2024-10-06,28.0
24.44800000000396,25.99633997037678,2024-10-06,29.0
25.720000000001164,20.45648566924771,2024-10-06,30.0
23.1428000000002,27.17363423012053,2024-10-06,31.0
31.860000000000586,35.46492520722785,2024-10-06,32.0
12.652000000001864,10.30580703250447,2024-10-06,33.0
14.5028000000008,18.443053565600515,2024-10-06,34.0
47.63999999999942,24.434779679417616,2024-10-06,35.0
16.7028000000052,17.393471193137643,2024-10-06,36.0
21.9800000000032,28.729633700759265,2024-10-06,37.0
13.209999999999129,11.379660598101758,2024-10-06,38.0
23.9280000000023,21.993215857143035,2024-10-06,39.0
7.971999999994296,15.40541512973973,2024-10-07,1.0
11.3600000000006,22.911706793333437,2024-10-07,2.0
23.979999999995925,21.359207481269447,2024-10-07,3.0
17.60000000000582,22.971922089157573,2024-10-07,4.0
0.0600000000049476,8.73853558095239,2024-10-07,5.0
5.25000000000378,21.19225079238053,2024-10-07,6.0
33.028000000005704,30.28699725904766,2024-10-07,7.0
18.0,17.604688420240993,2024-10-07,8.0
19.5679999999993,25.09156101154865,2024-10-07,9.0
22.88799999999901,25.693211825714258,2024-10-07,10.0
13.908000000003083,18.498976822014757,2024-10-07,11.0
9.82800000000011,8.229082383772552,2024-10-07,12.0
14.732000000003609,19.80213130326141,2024-10-07,13.0
24.531999999999243,20.696253307537997,2024-10-07,14.0
16.487999999997555,21.90396077610908,2024-10-07,15.0
14.299999999995634,17.595529220317363,2024-10-07,16.0
9.229999999999563,7.315573863491959,2024-10-07,17.0
20.75999999999476,15.225592536488511,2024-10-07,18.0
24.65999999999985,18.6949447444873,2024-10-07,19.0
10.639999999999418,18.753075419123476,2024-10-07,20.0
27.87999999999738,27.01333858362801,2024-10-07,21.0
13.3555898929194,16.632240086307455,2024-10-07,22.0
29.296000000002092,20.296667726772785,2024-10-07,23.0
22.68800000000192,22.5769763473402,2024-10-07,24.0
13.510000000002035,12.540830400815455,2024-10-07,25.0
22.1120000000018,17.398087558704244,2024-10-07,26.0
18.12800000000425,15.557440327619,2024-10-07,27.0
12.42000000000553,14.536118820414382,2024-10-07,28.0
27.7109999999995,24.860506250565262,2024-10-07,29.0
28.252000000000407,19.809729343201486,2024-10-07,30.0
29.80800000000454,28.0786048093888,2024-10-07,31.0
24.88799999999901,37.13194582473093,2024-10-07,32.0
14.027999999998428,11.061532415562043,2024-10-07,33.0
17.608000000000175,16.637027007885514,2024-10-07,34.0
19.32800000000134,22.189738171723405,2024-10-07,35.0
12.447999999996682,14.160003775873152,2024-10-07,36.0
27.0399999999936,27.638590664915846,2024-10-07,37.0
10.5900000000001,11.070826438095267,2024-10-07,38.0
16.9320000000007,20.943127599376087,2024-10-07,39.0
8.427999999999884,15.274240341125784,2024-10-08,1.0
32.09599999999773,24.37500751238108,2024-10-08,2.0
21.927999999999884,23.636809158212895,2024-10-08,3.0
24.127999999996973,20.15735523936523,2024-10-08,4.0
0.0679999999993011,13.478798676190637,2024-10-08,5.0
8.319999999999709,24.13883399238078,2024-10-08,6.0
41.71999999999389,30.496049014944198,2024-10-08,7.0
17.61200000000099,18.10757330335387,2024-10-08,8.0
17.31999999999971,24.915323981660784,2024-10-08,9.0
27.4109999999966,27.188988907063813,2024-10-08,10.0
16.051999999996042,19.45732533835376,2024-10-08,11.0
12.81000000000131,10.993405782438957,2024-10-08,12.0
13.38799999999901,21.922575295838303,2024-10-08,13.0
22.167999999997846,21.983748445808068,2024-10-08,14.0
23.752000000000407,24.575050231111092,2024-10-08,15.0
14.2280000000052,19.038123300417787,2024-10-08,16.0
8.350000000000364,8.355397323809594,2024-10-08,17.0
18.080000000001743,18.202771901628545,2024-10-08,18.0
17.909999999999854,17.289432864376973,2024-10-08,19.0
7.930000000000291,18.3008320303259,2024-10-08,20.0
28.239999999997963,24.16092402477342,2024-10-08,21.0
16.1358921625835,16.070964727192056,2024-10-08,22.0
17.86399999999412,21.32921297103405,2024-10-08,23.0
29.031999999999243,25.787172014453716,2024-10-08,24.0
10.5599999999977,13.080834819156463,2024-10-08,25.0
19.987999999997555,17.77695410138005,2024-10-08,26.0
13.319999999999707,17.12570801055347,2024-10-08,27.0
18.49199999999837,14.740569290506645,2024-10-08,28.0
21.536000000000055,25.075445193197467,2024-10-08,29.0
11.127999999997,23.056408262222195,2024-10-08,30.0
21.83199999999488,25.26410122098961,2024-10-08,31.0
24.9428000000031,35.33316341269837,2024-10-08,32.0
12.051999999996042,11.091552209523957,2024-10-08,33.0
13.299999999995634,18.126650645581957,2024-10-08,34.0
10.6399999999994,27.103354885286954,2024-10-08,35.0
17.591999999996915,16.820330799573767,2024-10-08,36.0
26.12800000000425,26.425964871069397,2024-10-08,37.0
14.1199999999999,10.821226372239725,2024-10-08,38.0
22.695999999996275,23.537539606707366,2024-10-08,39.0
12.060000000004948,13.912289322539678,2024-10-09,1.0
24.31999999999971,21.255959513202765,2024-10-09,2.0
19.391999999999825,22.042412332073734,2024-10-09,3.0
25.4320000000007,20.90138884037121,2024-10-09,4.0
0.0,11.755705904761976,2024-10-09,5.0
5.02800000000087,25.63619438095209,2024-10-09,6.0
38.12000000000262,27.90142376857145,2024-10-09,7.0
17.011999999996,19.702884638095334,2024-10-09,8.0
26.99199999999837,22.51751503458733,2024-10-09,9.0
25.860000000000586,25.361668244028493,2024-10-09,10.0
21.29200000000128,16.70806619492069,2024-10-09,11.0
12.080000000001746,10.076406749055467,2024-10-09,12.0
32.9280000000023,20.187636582360508,2024-10-09,13.0
21.3109999999981,21.76410442222203,2024-10-09,14.0
23.4280000000023,22.83700393852251,2024-10-09,15.0
18.90799999999581,18.868041247334133,2024-10-09,16.0
10.239999999999782,8.199362380952444,2024-10-09,17.0
18.768000000003667,18.64829342412697,2024-10-09,18.0
21.080000000001743,18.243171928959388,2024-10-09,19.0
12.389999999999418,17.536311817652656,2024-10-09,20.0
22.2280000000052,23.36145575886558,2024-10-09,21.0
22.867999999994936,14.273036453424421,2024-10-09,22.0
21.960000000006403,19.256370604469794,2024-10-09,23.0
32.667999999997846,22.51439963506927,2024-10-09,24.0
17.31999999999971,12.639845076264677,2024-10-09,25.0
26.080000000001743,18.56249656488444,2024-10-09,26.0
16.471999999994296,18.4255941555555,2024-10-09,27.0
14.279999999998836,14.598974548805485,2024-10-09,28.0
22.9109999999966,25.10087005808506,2024-10-09,29.0
12.80000000000291,22.628762437293275,2024-10-09,30.0
27.80000000000291,25.245180695364372,2024-10-09,31.0
19.487999999997555,31.803879646984353,2024-10-09,32.0
11.2680000000037,10.510591480265283,2024-10-09,33.0
11.8919999999998,19.29154604851216,2024-10-09,34.0
21.459999999999127,25.51670107368652,2024-10-09,35.0
23.20000000000437,13.858140458807398,2024-10-09,36.0
23.55199999999604,26.065522842363194,2024-10-09,37.0
14.100000000002185,10.915919349915635,2024-10-09,38.0
20.252000000000407,19.548817794098706,2024-10-09,39.0
16.247999999999593,13.26255946912891,2024-10-10,1.0
19.4800000000032,20.790314035389486,2024-10-10,2.0
24.351999999998952,20.095373457918225,2024-10-10,3.0
35.8228000000078,21.364448999999965,2024-10-10,4.0
0.0,9.22358426349194,2024-10-10,5.0
6.47200000000117,25.942512622221905,2024-10-10,6.0
30.87999999999738,31.969796114285636,2024-10-10,7.0
23.463999999999945,20.280406936702413,2024-10-10,8.0
19.580000000001743,21.10588801316738,2024-10-10,9.0
11.5679999999993,23.687596374602784,2024-10-10,10.0
19.5199999999968,17.06839044223327,2024-10-10,11.0
13.419999999998254,10.665999117776314,2024-10-10,12.0
11.5919999999969,18.972775822677676,2024-10-10,13.0
22.228000000002798,19.393168146632664,2024-10-10,14.0
20.09599999999773,20.512946015007056,2024-10-10,15.0
12.8280000000038,17.124510658052934,2024-10-10,16.0
9.75,9.333553911111093,2024-10-10,17.0
7.19199999999546,16.743821753169247,2024-10-10,18.0
19.31999999999971,18.54651972882515,2024-10-10,19.0
19.970000000001164,17.324810819047503,2024-10-10,20.0
11.9719999999943,22.794234236448375,2024-10-10,21.0
8.22000000000106,16.203481809186208,2024-10-10,22.0
25.14799999999377,17.943899812858685,2024-10-10,23.0
19.80000000000291,21.084033510476246,2024-10-10,24.0
9.47000000000106,12.573239465524166,2024-10-10,25.0
17.799999999995634,17.399794351758672,2024-10-10,26.0
13.9800000000032,16.902571943270036,2024-10-10,27.0
16.68800000000192,14.050523784106502,2024-10-10,28.0
24.99200000000565,23.11052489624273,2024-10-10,29.0
28.12000000000262,20.77555910184184,2024-10-10,30.0
35.9600000000064,23.34657734969423,2024-10-10,31.0
22.2879999999958,27.28636597714257,2024-10-10,32.0
11.9800000000032,9.260491209411516,2024-10-10,33.0
24.880000000004657,18.150515787301586,2024-10-10,34.0
16.92000000000553,22.695502833685296,2024-10-10,35.0
23.94799999999668,16.85181178730185,2024-10-10,36.0
13.0280000000009,25.76722818142404,2024-10-10,37.0
8.139999999999418,10.074159535248715,2024-10-10,38.0
20.17199999999866,20.757876385351505,2024-10-10,39.0
8.531999999999243,13.60373392960291,2024-10-11,1.0
33.66399999999703,20.69436882456455,2024-10-11,2.0
23.360000000000586,19.579112234920803,2024-10-11,3.0
26.59999999999127,19.795704449466353,2024-10-11,4.0
0.0319999999992433,10.062845092063393,2024-10-11,5.0
33.24799999999959,26.734098190475965,2024-10-11,6.0
23.080000000001743,28.979819061587186,2024-10-11,7.0
20.927999999999884,18.844029740737227,2024-10-11,8.0
11.6399999999994,20.40427765806136,2024-10-11,9.0
16.452000000004773,22.95249510158715,2024-10-11,10.0
19.21600000000035,15.185392120634994,2024-10-11,11.0
7.97000000000106,11.671043929173582,2024-10-11,12.0
31.288000000000466,21.556810396779245,2024-10-11,13.0
22.252000000000407,20.487206050460895,2024-10-11,14.0
29.252000000000407,20.57359669910372,2024-10-11,15.0
14.102000000001,14.715414870178162,2024-10-11,16.0
2.600000000000364,10.494829358729937,2024-10-11,17.0
7.100000000005821,16.76534907856198,2024-10-11,18.0
22.5280000000009,18.025820210809197,2024-10-11,19.0
18.88000000000102,14.933199457379896,2024-10-11,20.0
25.8600000000006,20.01455958000194,2024-10-11,21.0
12.368000000002212,14.134713071807537,2024-10-11,22.0
22.2500000000038,19.611313028571498,2024-10-11,23.0
23.81999999999971,20.472260359973227,2024-10-11,24.0
13.770000000000437,15.18313467245326,2024-10-11,25.0
21.720000000001164,18.039130923912328,2024-10-11,26.0
11.3079999999973,14.586164489562941,2024-10-11,27.0
12.447999999996682,15.082196809523735,2024-10-11,28.0
24.93599999999424,18.8552437577691,2024-10-11,29.0
7.47200000000117,19.054449561904963,2024-10-11,30.0
27.4320000000007,22.86664179075337,2024-10-11,31.0
30.05200000000332,25.944034207024476,2024-10-11,32.0
21.5109999999952,8.698444893541309,2024-10-11,33.0
17.839999999996508,15.443573565094873,2024-10-11,34.0
23.131999999997788,18.607760925509986,2024-10-11,35.0
20.132000000005064,14.07383568794723,2024-10-11,36.0
29.391999999999825,23.474011239869483,2024-10-11,37.0
11.2500000000001,10.99730815529415,2024-10-11,38.0
20.888000000006286,21.180299703500324,2024-10-11,39.0
10.0599999999977,18.957142818601934,2024-10-12,1.0
32.520000000004075,21.90878154971969,2024-10-12,2.0
18.76000000000204,22.560193335909823,2024-10-12,3.0
19.98399999999674,22.878655624650367,2024-10-12,4.0
0.0319999999992433,10.93818175238094,2024-10-12,5.0
35.55999999999767,26.760699123809285,2024-10-12,6.0
30.09200000000419,32.670756805713864,2024-10-12,7.0
11.6000000000058,19.591929167403944,2024-10-12,8.0
25.02799999999843,22.82721441781457,2024-10-12,9.0
10.451999999997495,25.624481106666316,2024-10-12,10.0
13.872000000003029,17.716502651315405,2024-10-12,11.0
9.959999999999129,13.556184970691966,2024-10-12,12.0
14.860000000000582,19.588359229994406,2024-10-12,13.0
23.296000000002092,23.53323460899684,2024-10-12,14.0
19.239999999997963,22.256766541997287,2024-10-12,15.0
14.527999999998428,18.33473120426079,2024-10-12,16.0
9.719999999999343,7.972008260746923,2024-10-12,17.0
26.1079999999929,18.590195708576807,2024-10-12,18.0
23.5,18.002366885467065,2024-10-12,19.0
18.7599999999984,14.76584021620832,2024-10-12,20.0
25.952000000004773,24.32393716230472,2024-10-12,21.0
18.2109999999995,15.417990792436033,2024-10-12,22.0
28.19999999999709,23.711352745113015,2024-10-12,23.0
25.580000000001743,25.79741171910109,2024-10-12,24.0
10.0999999999985,14.312953636285998,2024-10-12,25.0
27.18000000000029,18.94005916050245,2024-10-12,26.0
11.2000000000044,17.724136189073825,2024-10-12,27.0
14.4120000000039,17.577661821795868,2024-10-12,28.0
21.92000000000553,26.446506568658123,2024-10-12,29.0
17.327999999994063,22.798559966410735,2024-10-12,30.0
29.79999999998836,26.066064183275866,2024-10-12,31.0
32.57200000000012,27.206881027246734,2024-10-12,32.0
8.919999999998254,12.67220596043437,2024-10-12,33.0
10.6399999999994,17.288466368814703,2024-10-12,34.0
10.38799999999901,22.841274216851218,2024-10-12,35.0
12.39999999999418,19.108863496383144,2024-10-12,36.0
20.98800000000483,23.901595039202927,2024-10-12,37.0
16.32999999999811,11.440192969631786,2024-10-12,38.0
17.339999999996508,21.101524076350707,2024-10-12,39.0
10.232000000003609,14.063536074969111,2024-10-13,1.0
25.747999999999596,22.052150751111256,2024-10-13,2.0
19.01600000000326,21.4424156209523,2024-10-13,3.0
24.496000000013737,22.607321061283624,2024-10-13,4.0
0.2799999999988358,5.432989799999785,2024-10-13,5.0
39.9519999999975,30.71084972417542,2024-10-13,6.0
25.7880000000005,32.03922170920621,2024-10-13,7.0
18.047999999995227,17.176373537777803,2024-10-13,8.0
23.2280000000052,20.596917709841346,2024-10-13,9.0
28.987999999997555,22.448026139599257,2024-10-13,10.0
12.2800000000011,16.588933066900967,2024-10-13,11.0
8.630000000001019,11.796112285140525,2024-10-13,12.0
25.8280000000038,20.848024206536014,2024-10-13,13.0
22.75999999999476,22.891024386969217,2024-10-13,14.0
20.49199999999837,23.469674019840912,2024-10-13,15.0
10.4639999999999,15.356681732796273,2024-10-13,16.0
9.59000000000011,8.2911460126985,2024-10-13,17.0
19.53200000000652,15.715591027658945,2024-10-13,18.0
24.609999999996944,16.325596109484604,2024-10-13,19.0
19.389999999999414,13.832761839250232,2024-10-13,20.0
17.360000000000582,23.81772163324084,2024-10-13,21.0
12.979999999995924,14.271427941096254,2024-10-13,22.0
18.048000000002503,20.418449882950178,2024-10-13,23.0
27.0199999999968,24.220366328291632,2024-10-13,24.0
10.3899999999994,13.994317957022375,2024-10-13,25.0
24.0280000000009,16.258309715750084,2024-10-13,26.0
19.351999999998952,15.174571556240403,2024-10-13,27.0
14.37999999999738,15.317962997788829,2024-10-13,28.0
26.959999999999127,24.2786704833939,2024-10-13,29.0
22.66000000000349,17.72125038920618,2024-10-13,30.0
23.23200000000361,25.787051760951204,2024-10-13,31.0
27.487999999997555,25.73017105397458,2024-10-13,32.0
11.8280000000013,14.939313045561313,2024-10-13,33.0
19.455999999998312,15.872146175632873,2024-10-13,34.0
16.987999999997555,22.610640106602638,2024-10-13,35.0
17.416000000004715,15.857343127618957,2024-10-13,36.0
25.69999999999709,23.162669924296015,2024-10-13,37.0
8.11000000000146,11.237611123809435,2024-10-13,38.0
26.652000000001863,18.599995239064565,2024-10-13,39.0
18.44799999999668,14.071527360416658,2024-10-14,1.0
29.839999999996508,22.018263090090052,2024-10-14,2.0
24.531999999999243,18.301562028571627,2024-10-14,3.0
33.647999999986496,20.42015351811014,2024-10-14,4.0
0.0,4.8954543714283085,2024-10-14,5.0
19.056000000004133,24.499139374161853,2024-10-14,6.0
30.78799999999319,29.581463222140247,2024-10-14,7.0
25.4320000000007,17.56770148301159,2024-10-14,8.0
18.17199999999866,18.94272875942877,2024-10-14,9.0
29.2800000000011,18.01590873512267,2024-10-14,10.0
11.0800000000017,17.392953761328776,2024-10-14,11.0
10.579999999998108,11.937421209405553,2024-10-14,12.0
25.02799999999843,16.46331669357348,2024-10-14,13.0
23.12000000000262,17.05823810129918,2024-10-14,14.0
20.76000000000204,18.437441597618776,2024-10-14,15.0
19.335999999995693,14.863711309570126,2024-10-14,16.0
4.530000000000655,6.3162172920633495,2024-10-14,17.0
17.0679999999993,16.013114188875505,2024-10-14,18.0
17.4280000000023,16.899449209889443,2024-10-14,19.0
10.1100000000011,13.852387482889958,2024-10-14,20.0
30.97599999999511,21.873110071272908,2024-10-14,21.0
13.4174136981062,16.254961715537455,2024-10-14,22.0
22.49199999999837,20.232432209183436,2024-10-14,23.0
29.36800000000221,22.534287766077856,2024-10-14,24.0
10.590000000000146,14.008634689620912,2024-10-14,25.0
24.768000000003667,18.870403701293114,2024-10-14,26.0
18.44799999999668,16.005656420668288,2024-10-14,27.0
16.0280000000009,15.355422404652955,2024-10-14,28.0
24.27199999999721,21.816588774188556,2024-10-14,29.0
17.50800000000163,16.303198084333538,2024-10-14,30.0
36.0,26.64093398367413,2024-10-14,31.0
39.1120000000018,25.471964398756445,2024-10-14,32.0
5.419999999998254,13.308005890008399,2024-10-14,33.0
18.560000000004948,16.566342488889084,2024-10-14,34.0
16.7028000000052,15.901234025396656,2024-10-14,35.0
13.951999999997495,16.356819530796837,2024-10-14,36.0
21.23200000000361,21.457626087961792,2024-10-14,37.0
13.819999999999707,13.369132111604072,2024-10-14,38.0
21.0,18.741783663376644,2024-10-14,39.0
12.819999999999707,14.067215564502042,2024-10-15,1.0
18.652000000001863,26.74462865529071,2024-10-15,2.0
23.43999999999505,21.08081764317452,2024-10-15,3.0
31.79200000000128,24.33201478582149,2024-10-15,4.0
3.01600000000326,6.020786476190278,2024-10-15,5.0
35.23999999999796,24.33023914103715,2024-10-15,6.0
28.53200000000652,30.996343517460062,2024-10-15,7.0
22.67199999999866,17.029605806845886,2024-10-15,8.0
16.731999999996333,21.32083824285718,2024-10-15,9.0
26.2800000000011,22.143603377126563,2024-10-15,10.0
13.231999999996331,15.840394782193638,2024-10-15,11.0
12.420000000001892,10.226959239605616,2024-10-15,12.0
17.66399999999703,22.52272103095771,2024-10-15,13.0
21.98399999999674,21.813827708085732,2024-10-15,14.0
19.735999999997148,22.194287805450514,2024-10-15,15.0
14.3828000000055,15.307811669634653,2024-10-15,16.0
2.180000000000291,7.499578034920562,2024-10-15,17.0
17.182800000001,15.580291679774751,2024-10-15,18.0
18.389999999999414,20.59569119463206,2024-10-15,19.0
21.720000000001164,15.372637394143508,2024-10-15,20.0
30.97200000000157,20.974378622857216,2024-10-15,21.0
17.1978612145509,15.609033858167184,2024-10-15,22.0
11.6679999999978,21.02671293675732,2024-10-15,23.0
23.239999999997963,26.899936648414158,2024-10-15,24.0
10.5280000000009,12.172681567777728,2024-10-15,25.0
27.583999999995285,21.419202818215524,2024-10-15,26.0
16.520000000004075,15.702037317237107,2024-10-15,27.0
29.080000000001743,15.719214092503051,2024-10-15,28.0
24.76000000000204,25.01764877182385,2024-10-15,29.0
10.4109999999966,18.593358356880834,2024-10-15,30.0
32.63999999999942,27.87032844516836,2024-10-15,31.0
28.148000000001,27.466934530451805,2024-10-15,32.0
5.380000000004657,14.600776709316843,2024-10-15,33.0
11.5919999999969,15.503464108505264,2024-10-15,34.0
22.5199999999968,15.212608182083358,2024-10-15,35.0
17.167999999997846,16.745069223338536,2024-10-15,36.0
32.29599999999482,21.68290836060535,2024-10-15,37.0
8.130000000001019,13.017365548917288,2024-10-15,38.0
27.5879999999961,22.46674135333358,2024-10-15,39.0
10.2500000000038,16.606818487836268,2024-10-16,1.0
19.19999999999709,26.574467147936733,2024-10-16,2.0
18.2109999999995,22.743451743203273,2024-10-16,3.0
22.81600000000617,26.336298680979212,2024-10-16,4.0
16.239999999997963,4.846688799999748,2024-10-16,5.0
27.31999999999971,22.894475122077893,2024-10-16,6.0
35.70799999999872,28.423855968888898,2024-10-16,7.0
17.4280000000023,20.263176670317215,2024-10-16,8.0
18.6280000000067,21.263096069552347,2024-10-16,9.0
33.13999999999942,19.920579954644534,2024-10-16,10.0
21.080000000001743,16.982547432154774,2024-10-16,11.0
14.289999999997235,10.37692239047472,2024-10-16,12.0
27.10800000000017,22.13394681510667,2024-10-16,13.0
22.89600000000064,22.49320475673106,2024-10-16,14.0
16.4120000000039,21.452511564185144,2024-10-16,15.0
24.255999999993943,14.525431938780127,2024-10-16,16.0
16.329999999999927,7.963472133333325,2024-10-16,17.0
19.867999999994936,15.310155876026295,2024-10-16,18.0
22.75,20.62195012392721,2024-10-16,19.0
21.5199999999968,16.02204746285711,2024-10-16,20.0
28.020000000004075,22.70877801031703,2024-10-16,21.0
14.1120000000018,15.365408434018317,2024-10-16,22.0
32.75200000000041,22.825704884906308,2024-10-16,23.0
27.4320000000007,24.62348971043857,2024-10-16,24.0
10.2280000000016,13.064505906426193,2024-10-16,25.0
19.228000000002798,22.755529086217688,2024-10-16,26.0
25.360000000000586,15.482813740719749,2024-10-16,27.0
16.37999999999738,14.453904103859514,2024-10-16,28.0
24.5280000000009,23.39914571609875,2024-10-16,29.0
20.17199999999866,17.48866986498081,2024-10-16,30.0
26.720000000001164,28.424937795103826,2024-10-16,31.0
42.72000000000117,27.492127104444013,2024-10-16,32.0
5.279999999998836,11.574390793650744,2024-10-16,33.0
17.0280000000009,17.232632733786254,2024-10-16,34.0
26.17599999999948,16.26680193650803,2024-10-16,35.0
14.992000000005646,17.333481636126166,2024-10-16,36.0
24.23200000000361,22.270643920513358,2024-10-16,37.0
17.020000000000437,13.688320073251205,2024-10-16,38.0
21.50800000000163,22.661888239890107,2024-10-16,39.0
8.739999999997963,14.885069160042686,2024-10-17,1.0
26.5880000000025,24.785568080540187,2024-10-17,2.0
22.32800000000134,21.29491186349194,2024-10-17,3.0
65.67999999999302,27.34911363325412,2024-10-17,4.0
16.279999999998836,10.433751298412819,2024-10-17,5.0
30.752000000000407,24.426178562284868,2024-10-17,6.0
28.1120000000018,28.024953097142856,2024-10-17,7.0
25.9360000000011,19.631457022222207,2024-10-17,8.0
23.747999999999596,19.4963624469842,2024-10-17,9.0
9.11200000000186,19.88022635174606,2024-10-17,10.0
12.247999999999593,15.875570228571387,2024-10-17,11.0
8.450000000000728,11.084772034920658,2024-10-17,12.0
13.732000000003609,21.78128165865167,2024-10-17,13.0
21.9028000000023,22.513605576658072,2024-10-17,14.0
32.4519999999975,21.037465622857106,2024-10-17,15.0
11.5428000000017,14.32772578357686,2024-10-17,16.0
5.520000000000437,7.57935579999987,2024-10-17,17.0
3.092000000004191,14.94284678007024,2024-10-17,18.0
17.860000000000582,20.758239919365028,2024-10-17,19.0
12.820000000003349,15.355675518354062,2024-10-17,20.0
30.0,24.25202710245303,2024-10-17,21.0
22.228000000002798,13.750278157763475,2024-10-17,22.0
9.952000000004771,21.19682866666669,2024-10-17,23.0
20.96800000000076,24.064714904415073,2024-10-17,24.0
13.1199999999999,12.452453022893698,2024-10-17,25.0
21.05199999999604,23.446387845517226,2024-10-17,26.0
14.131999999997788,14.466809382857793,2024-10-17,27.0
10.2109999999995,15.413216708603487,2024-10-17,28.0
19.57200000000012,25.110478257421533,2024-10-17,29.0
14.548000000002505,17.289884551746113,2024-10-17,30.0
24.24800000000687,30.543633371472048,2024-10-17,31.0
31.49199999999837,28.374265167705403,2024-10-17,32.0
17.148000000001048,11.828988392126567,2024-10-17,33.0
23.12000000000262,16.025859017097194,2024-10-17,34.0
18.3028000000037,16.25976474178693,2024-10-17,35.0
9.19199999999546,15.675871910407308,2024-10-17,36.0
17.639999999999418,23.790626673232495,2024-10-17,37.0
12.049999999999272,12.023949763805115,2024-10-17,38.0
24.80000000000291,21.772755737890282,2024-10-17,39.0
12.080000000001746,13.569983222045611,2024-10-18,1.0
10.332000000002154,24.890169626704594,2024-10-18,2.0
21.0,22.55966551238091,2024-10-18,3.0
48.062800000013,27.08866326377645,2024-10-18,4.0
16.2800000000011,17.978621349205937,2024-10-18,5.0
13.580000000001746,28.981432937563735,2024-10-18,6.0
33.33999999999651,26.73961548190491,2024-10-18,7.0
18.832000000002157,18.974331328453168,2024-10-18,8.0
11.051999999996,24.420010137594378,2024-10-18,9.0
36.42799999999989,26.46024817970291,2024-10-18,10.0
11.0,17.61027118095239,2024-10-18,11.0
8.75,11.992151439512257,2024-10-18,12.0
33.93599999999424,23.54050670742166,2024-10-18,13.0
26.360000000000586,24.530933598699463,2024-10-18,14.0
21.8280000000038,21.806227659047803,2024-10-18,15.0
18.77599999999802,18.234311761904845,2024-10-18,16.0
13.719999999999343,8.288024000000016,2024-10-18,17.0
14.479999999995924,18.5257924314194,2024-10-18,18.0
17.959999999999127,22.214582379682817,2024-10-18,19.0
10.369999999999,20.959940690806448,2024-10-18,20.0
25.67199999999866,24.57744289097034,2024-10-18,21.0
16.57999999999447,15.585206638095142,2024-10-18,22.0
11.5360000000001,22.679569688155738,2024-10-18,23.0
10.0319999999992,25.9406889061861,2024-10-18,24.0
19.31999999999971,12.808672720634931,2024-10-18,25.0
19.708000000005995,25.14967953474976,2024-10-18,26.0
17.2109999999995,16.56806168935609,2024-10-18,27.0
22.89600000000064,15.585124529142158,2024-10-18,28.0
10.367999999994936,26.26293012856364,2024-10-18,29.0
13.459999999999129,16.53148695714279,2024-10-18,30.0
25.8119999999916,27.671010536507893,2024-10-18,31.0
22.5679999999993,31.007085332885797,2024-10-18,32.0
13.87199999999575,11.044670761904507,2024-10-18,33.0
10.619999999995343,15.196278264527216,2024-10-18,34.0
17.807999999997264,20.74532960679667,2024-10-18,35.0
10.847999999998136,14.65910572359336,2024-10-18,36.0
23.00800000000163,24.62237859125886,2024-10-18,37.0
13.169999999998254,12.903452989742739,2024-10-18,38.0
20.67199999999866,24.544114304761973,2024-10-18,39.0
11.6399999999994,12.670059158730275,2024-10-19,1.0
21.959999999999127,29.456067216907137,2024-10-19,2.0
29.099999999998545,20.89422703278355,2024-10-19,3.0
59.7109999999995,33.703488251948684,2024-10-19,4.0
2.559999999997672,16.114208517459943,2024-10-19,5.0
32.68000000000029,29.36263157275619,2024-10-19,6.0
23.73200000000361,28.15073511047622,2024-10-19,7.0
26.247999999999596,18.9780971015873,2024-10-19,8.0
17.167999999997846,21.881008557645995,2024-10-19,9.0
30.2579999999981,25.24953465860779,2024-10-19,10.0
18.247999999999596,15.877156998200979,2024-10-19,11.0
10.010000000002,11.843780771034112,2024-10-19,12.0
10.7320000000036,21.81138681269799,2024-10-19,13.0
21.00800000000163,22.85638582793633,2024-10-19,14.0
23.011999999996,22.386731054454227,2024-10-19,15.0
24.4800000000032,16.192090790476207,2024-10-19,16.0
16.1200000000008,8.274721567099547,2024-10-19,17.0
13.880000000004657,17.683753209206223,2024-10-19,18.0
20.76000000000204,21.39193208032064,2024-10-19,19.0
11.7599999999984,17.516360395256267,2024-10-19,20.0
14.1099999999953,27.151372591867762,2024-10-19,21.0
11.7120000000068,16.527863609237098,2024-10-19,22.0
36.17199999999866,19.30031665536088,2024-10-19,23.0
20.080000000001743,25.410299164965693,2024-10-19,24.0
11.8499999999985,11.029425266771781,2024-10-19,25.0
13.419999999998254,24.784272532330302,2024-10-19,26.0
10.5760000000009,16.390139146031593,2024-10-19,27.0
21.9109999999966,16.451716079365017,2024-10-19,28.0
14.247999999999593,25.20775843344471,2024-10-19,29.0
31.26000000000204,17.13283878920638,2024-10-19,30.0
32.080000000001746,26.722787313661875,2024-10-19,31.0
18.351999999998952,34.859515641904785,2024-10-19,32.0
14.832000000002154,10.095499348343628,2024-10-19,33.0
13.29200000000128,16.988062058627907,2024-10-19,34.0
8.847999999998137,18.574310043625925,2024-10-19,35.0
17.92000000000553,14.617980782550337,2024-10-19,36.0
41.33199999999488,23.14155805335472,2024-10-19,37.0
10.1100000000011,13.881541051124119,2024-10-19,38.0
14.167999999997846,24.849528947619014,2024-10-19,39.0
5.419999999998254,13.727777708367615,2024-10-20,1.0
9.667999999997846,23.08116255555538,2024-10-20,2.0
20.548000000002503,22.83344091873,2024-10-20,3.0
36.4320000000007,34.196118727572646,2024-10-20,4.0
2.18280000000101,14.302087349206415,2024-10-20,5.0
24.747999999999596,26.150044553650897,2024-10-20,6.0
20.047999999995227,30.428471542857405,2024-10-20,7.0
22.2109999999995,21.209169896190605,2024-10-20,8.0
31.0,20.47655648571413,2024-10-20,9.0
32.17199999999866,25.37463460952398,2024-10-20,10.0
10.182800000001,16.085554240761475,2024-10-20,11.0
3.7399999999979623,10.615252163182493,2024-10-20,12.0
33.74799999999959,25.084113682634573,2024-10-20,13.0
23.288000000000466,23.885060943633007,2024-10-20,14.0
17.239999999997963,23.021100189840915,2024-10-20,15.0
13.0280000000009,17.170706597231494,2024-10-20,16.0
2.679999999998472,6.3265112380951996,2024-10-20,17.0
9.687999999994643,16.46188008800871,2024-10-20,18.0
5.18999999999869,19.065569006484694,2024-10-20,19.0
12.960000000002765,16.300611438330645,2024-10-20,20.0
33.60000000000582,26.23149544628928,2024-10-20,21.0
20.27999999999884,15.939186460723622,2024-10-20,22.0
23.5199999999968,19.778597235809062,2024-10-20,23.0
23.2879999999958,25.466056107591044,2024-10-20,24.0
18.970000000001164,13.037583028365624,2024-10-20,25.0
21.88799999999901,24.356825813962182,2024-10-20,26.0
13.951999999997495,18.153668077837562,2024-10-20,27.0
20.0280000000009,17.462204441975114,2024-10-20,28.0
17.9028000000023,22.376209735237985,2024-10-20,29.0
14.279999999998836,16.495934138743724,2024-10-20,30.0
38.16000000000349,27.551219452788075,2024-10-20,31.0
44.96800000000076,31.875787026031716,2024-10-20,32.0
20.167999999997846,9.081096434240322,2024-10-20,33.0
12.296000000002095,16.415697275008668,2024-10-20,34.0
32.192000000002736,19.609654983926614,2024-10-20,35.0
17.127999999996973,14.569948704761766,2024-10-20,36.0
33.10000000000582,23.58875570600305,2024-10-20,37.0
19.56999999999971,14.030957251006294,2024-10-20,38.0
21.512000000002445,26.177703452380754,2024-10-20,39.0
11.1800000000003,13.76639585911584,2024-10-21,1.0
20.80000000000291,20.264510114573984,2024-10-21,2.0
24.872000000003027,22.388905960634943,2024-10-21,3.0
25.3679999999877,41.75811364282932,2024-10-21,4.0
4.32800000000125,10.362251694372281,2024-10-21,5.0
10.4799999999959,26.03838053420743,2024-10-21,6.0
27.031999999999243,30.011133558095192,2024-10-21,7.0
11.7999999999956,22.860979935237808,2024-10-21,8.0
22.0880000000025,18.76985363509798,2024-10-21,9.0
29.060000000004948,26.358597889151582,2024-10-21,10.0
8.599999999998545,20.60628250886594,2024-10-21,11.0
9.049999999999272,10.472673750734584,2024-10-21,12.0
33.65200000000186,20.74025884473266,2024-10-21,13.0
25.102000000001,22.209912453679607,2024-10-21,14.0
22.55200000000332,24.62158647174564,2024-10-21,15.0
27.30399999999645,20.730603904491666,2024-10-21,16.0
10.710000000000946,9.738663324622028,2024-10-21,17.0
25.77999999999884,17.26759188828397,2024-10-21,18.0
19.239999999997963,19.500840180540774,2024-10-21,19.0
7.889999999999418,16.701513085714243,2024-10-21,20.0
38.19999999999709,26.835629466974872,2024-10-21,21.0
29.011999999996,16.312475692063565,2024-10-21,22.0
24.18800000000192,19.709342794757898,2024-10-21,23.0
46.0,21.051004823850302,2024-10-21,24.0
17.36999999999898,12.908187049236096,2024-10-21,25.0
2.559999999997672,20.041843049523468,2024-10-21,26.0
9.592000000004193,17.52955999492111,2024-10-21,27.0
16.47200000000157,18.3916575819044,2024-10-21,28.0
18.77599999999802,20.634947977309835,2024-10-21,29.0
20.61200000000099,19.042534739371188,2024-10-21,30.0
27.67999999999301,27.939462875324416,2024-10-21,31.0
39.4800000000032,30.59808917252555,2024-10-21,32.0
10.7680000000037,9.999805838095247,2024-10-21,33.0
19.99199999999837,17.00122730031743,2024-10-21,34.0
31.55199999999604,18.70344978758893,2024-10-21,35.0
13.383999999998196,15.610101943113445,2024-10-21,36.0
39.979999999995925,28.778556639143055,2024-10-21,37.0
12.720000000001164,11.440997361873345,2024-10-21,38.0
16.1120000000018,22.71493087047619,2024-10-21,39.0
21.639999999999414,16.083322500317305,2024-10-22,1.0
12.427999999999884,16.527116119365168,2024-10-22,2.0
25.55199999999604,20.853028990476062,2024-10-22,3.0
44.222800000002,45.65502304842352,2024-10-22,4.0
1.0879999999961,9.89743031341987,2024-10-22,5.0
14.2528000000046,25.47538748276824,2024-10-22,6.0
27.02799999999843,28.215061262222104,2024-10-22,7.0
30.012000000002445,21.221937308571434,2024-10-22,8.0
26.4800000000032,18.370819147631064,2024-10-22,9.0
30.479999999995925,28.60940438683544,2024-10-22,10.0
17.135999999998603,15.970412754065677,2024-10-22,11.0
9.460000000002765,9.682484553613952,2024-10-22,12.0
22.299999999995634,22.139894053774476,2024-10-22,13.0
23.4319999999925,21.796582104473398,2024-10-22,14.0
19.487999999997555,22.334766728917643,2024-10-22,15.0
27.65600000000268,19.26760843316718,2024-10-22,16.0
10.0499999999993,9.36839896825404,2024-10-22,17.0
10.0280000000009,14.047645209523708,2024-10-22,18.0
16.720000000001164,17.264113098452913,2024-10-22,19.0
12.87999999999738,13.636204737142682,2024-10-22,20.0
28.46800000000076,28.263477018581444,2024-10-22,21.0
12.1120000000018,14.359854479908291,2024-10-22,22.0
19.57200000000012,20.132779523809347,2024-10-22,23.0
14.052000000003318,20.0227872098819,2024-10-22,24.0
13.090000000000146,12.627217809239527,2024-10-22,25.0
25.952000000004773,20.33432209995115,2024-10-22,26.0
9.135999999998605,15.914120458637758,2024-10-22,27.0
21.0679999999993,18.606360557724624,2024-10-22,28.0
19.852000000006228,19.478238330113744,2024-10-22,29.0
10.4879999999976,17.48678467798415,2024-10-22,30.0
36.83999999999651,28.68289154222229,2024-10-22,31.0
37.59199999999692,29.76896555379685,2024-10-22,32.0
12.4109999999966,11.819291545165902,2024-10-22,33.0
19.79200000000128,15.162136805266575,2024-10-22,34.0
35.74800000000687,20.514370844580583,2024-10-22,35.0
9.376000000003842,13.54083386896468,2024-10-22,36.0
30.69999999999709,29.851630794547965,2024-10-22,37.0
9.779999999998836,12.674065476779615,2024-10-22,38.0
14.319999999999707,22.050561828571528,2024-10-22,39.0
10.2500000000038,12.434325629962125,2024-10-23,1.0
44.75999999999476,21.430355307301987,2024-10-23,2.0
29.855999999999767,21.538931473049924,2024-10-23,3.0
39.8628000000014,45.056490180460685,2024-10-23,4.0
0.0,9.552890533333468,2024-10-23,5.0
29.695999999996275,20.933061873522448,2024-10-23,6.0
22.57200000000012,28.326583980806678,2024-10-23,7.0
12.559999999997672,21.10956264253954,2024-10-23,8.0
24.1119999999946,22.00379250399392,2024-10-23,9.0
38.63200000000506,28.430499122539462,2024-10-23,10.0
9.9120000000039,15.825080279329327,2024-10-23,11.0
10.75,9.151655645422641,2024-10-23,12.0
24.459999999999127,23.21648996694598,2024-10-23,13.0
28.13600000000588,23.78148644444436,2024-10-23,14.0
17.512000000002445,21.510896491457295,2024-10-23,15.0
23.351999999998952,18.881135589952102,2024-10-23,16.0
9.63000000000102,11.481401387622968,2024-10-23,17.0
7.880000000004657,17.759446081854737,2024-10-23,18.0
26.1199999999999,17.17602549009815,2024-10-23,19.0
18.960000000002765,17.954270471844115,2024-10-23,20.0
25.18000000000029,25.905539952380902,2024-10-23,21.0
49.63199999999779,18.976328782605478,2024-10-23,22.0
24.851999999998952,21.26057667202587,2024-10-23,23.0
27.891999999999825,23.982602349304297,2024-10-23,24.0
21.729999999999563,15.6598584761903,2024-10-23,25.0
10.727999999995518,17.45292511436263,2024-10-23,26.0
26.951999999997497,18.15778812229334,2024-10-23,27.0
45.36000000000058,17.987878043473156,2024-10-23,28.0
17.959999999999127,20.427238709566126,2024-10-23,29.0
20.648000000001048,19.64854575726302,2024-10-23,30.0
26.23200000000361,29.13421039047661,2024-10-23,31.0
28.6080000000002,31.61394574666655,2024-10-23,32.0
18.332000000002157,15.788923639174355,2024-10-23,33.0
19.86800000000221,17.883097865343572,2024-10-23,34.0
20.17199999999866,20.013975145199566,2024-10-23,35.0
8.451999999997497,17.101164906730116,2024-10-23,36.0
31.820000000006985,27.27230598222253,2024-10-23,37.0
11.109999999999,15.456487579255477,2024-10-23,38.0
12.007999999994354,20.184760580952105,2024-10-23,39.0
10.551999999996042,14.678824927272782,2024-10-24,1.0
29.832000000002157,18.524183958730156,2024-10-24,2.0
26.372000000003027,22.386457570793624,2024-10-24,3.0
28.096000000005,45.38237671467078,2024-10-24,4.0
3.232000000003609,9.233298733333294,2024-10-24,5.0
35.1120000000018,21.066787899047437,2024-10-24,6.0
36.80000000000291,27.20124193488398,2024-10-24,7.0
20.056000000004133,22.07264150730139,2024-10-24,8.0
21.0,21.689357626239143,2024-10-24,9.0
8.82799999999286,27.1083328139683,2024-10-24,10.0
14.471999999994296,17.87290269048691,2024-10-24,11.0
1.6499999999978172,7.545555238851122,2024-10-24,12.0
25.2120000000068,25.923915633225995,2024-10-24,13.0
23.3839999999982,22.68711932112576,2024-10-24,14.0
17.5679999999993,23.287797911139815,2024-10-24,15.0
25.07200000000012,21.068315421451295,2024-10-24,16.0
9.670000000000073,10.74870407121913,2024-10-24,17.0
19.5199999999968,17.960364961597918,2024-10-24,18.0
13.470000000001164,15.406353082072686,2024-10-24,19.0
4.239999999997963,13.561723291796115,2024-10-24,20.0
25.959999999999127,27.485630008023044,2024-10-24,21.0
9.148000000001048,18.409022458695905,2024-10-24,22.0
21.33600000000297,20.907523174326176,2024-10-24,23.0
25.2479999999996,23.321385621282126,2024-10-24,24.0
12.530000000002474,14.866086938375085,2024-10-24,25.0
14.6628000000043,17.0764984520175,2024-10-24,26.0
13.3109999999981,16.582219704761926,2024-10-24,27.0
13.131999999997788,16.71085558431018,2024-10-24,28.0
19.70799999999872,16.236225838095212,2024-10-24,29.0
17.99199999999837,17.698655953844025,2024-10-24,30.0
27.296000000002092,32.072775910573164,2024-10-24,31.0
37.32800000000134,31.998483142539712,2024-10-24,32.0
13.18800000000192,15.265018115262269,2024-10-24,33.0
11.627999999997,17.297603176306627,2024-10-24,34.0
10.2560000000012,23.691036779986803,2024-10-24,35.0
20.76000000000204,13.749527292063835,2024-10-24,36.0
44.22799999999552,32.37508326688966,2024-10-24,37.0
17.139999999999418,14.536204470336678,2024-10-24,38.0
20.20000000000437,18.973623926341453,2024-10-24,39.0
10.3199999999997,14.734979097373607,2024-10-25,1.0
26.31999999999971,20.197081079534524,2024-10-25,2.0
23.091999999996915,25.472397984126946,2024-10-25,3.0
31.736000000004424,44.29198026619261,2024-10-25,4.0
2.3000000000029104,9.588129028571322,2024-10-25,5.0
32.52799999999843,22.953564486620444,2024-10-25,6.0
31.12000000000262,25.68307230633395,2024-10-25,7.0
35.703999999997905,20.856928684155665,2024-10-25,8.0
27.81999999999971,21.4236947376829,2024-10-25,9.0
26.05200000000332,29.814632275418138,2024-10-25,10.0
16.056000000004133,17.067234512052295,2024-10-25,11.0
7.760000000002037,8.135967565079437,2024-10-25,12.0
29.639999999999414,24.93370495734363,2024-10-25,13.0
26.927999999999884,23.638932927938733,2024-10-25,14.0
16.772000000004482,22.22694559228211,2024-10-25,15.0
24.728000000002798,22.592698620696382,2024-10-25,16.0
2.0100000000002183,11.472383969172347,2024-10-25,17.0
17.0280000000009,14.469817385817143,2024-10-25,18.0
13.669999999998254,18.193185939900335,2024-10-25,19.0
24.080000000001743,15.100116185031105,2024-10-25,20.0
35.9109999999966,28.873078278729675,2024-10-25,21.0
11.7868001257857,23.58707014033436,2024-10-25,22.0
18.7109999999995,19.220624117967485,2024-10-25,23.0
23.0879999999961,24.732376433344903,2024-10-25,24.0
19.889999999999414,15.897900427891225,2024-10-25,25.0
17.288000000000466,16.396516756369703,2024-10-25,26.0
10.0880000000025,18.12006503290053,2024-10-25,27.0
27.959999999999127,22.419805485909176,2024-10-25,28.0
19.76000000000204,15.86174376225653,2024-10-25,29.0
16.288000000000466,19.434709799999972,2024-10-25,30.0
41.096000000005006,31.706688085604764,2024-10-25,31.0
44.74399999999878,34.1862468755551,2024-10-25,32.0
11.6520000000018,16.131231839284993,2024-10-25,33.0
19.0,15.954959613932537,2024-10-25,34.0
6.391999999999825,23.041144941195114,2024-10-25,35.0
9.21099999999953,14.606620966202284,2024-10-25,36.0
37.87999999999738,31.50254934809439,2024-10-25,37.0
18.890000000003056,16.0161875634577,2024-10-25,38.0
31.739999999997963,16.388574965760757,2024-10-25,39.0
17.976000000002387,12.726213932927113,2024-10-26,1.0
20.80800000000454,22.030706933333306,2024-10-26,2.0
18.9360000000011,25.21289346860017,2024-10-26,3.0
42.1019999999937,38.29715116107028,2024-10-26,4.0
11.4519999999975,13.95888680952379,2024-10-26,5.0
27.063999999998487,23.420899258292728,2024-10-26,6.0
27.627999999996973,25.27130246900825,2024-10-26,7.0
12.09599999999773,20.588978635555346,2024-10-26,8.0
27.880000000004657,22.494457099663776,2024-10-26,9.0
24.68000000000029,28.80484718932182,2024-10-26,10.0
10.131999999997788,15.611101397473222,2024-10-26,11.0
12.090000000000146,8.286040133333303,2024-10-26,12.0
39.31999999999971,28.302876508278644,2024-10-26,13.0
28.76799999999639,23.36362359674371,2024-10-26,14.0
10.1079999999929,20.846144290357934,2024-10-26,15.0
42.73999999999796,21.589216300001297,2024-10-26,16.0
10.889999999999418,11.136716840332147,2024-10-26,17.0
11.1319999999978,15.616810180952276,2024-10-26,18.0
20.80000000000291,16.519470509447157,2024-10-26,19.0
16.200000000000728,12.949576628605357,2024-10-26,20.0
31.0,26.073911135181483,2024-10-26,21.0
10.099999999998545,20.27073707038072,2024-10-26,22.0
24.18000000000029,22.14458860068256,2024-10-26,23.0
10.031999999999243,25.226738988392157,2024-10-26,24.0
18.44999999999709,16.553688366688572,2024-10-26,25.0
21.18000000000029,15.377320114285608,2024-10-26,26.0
21.459999999999127,14.2447329333333,2024-10-26,27.0
12.280000000006112,23.104196971428603,2024-10-26,28.0
21.0109999999952,17.883700106250814,2024-10-26,29.0
20.1120000000018,19.413372877876405,2024-10-26,30.0
45.69599999999628,30.77594093874867,2024-10-26,31.0
39.5880000000025,36.557162234285535,2024-10-26,32.0
11.3999999999942,14.495187621974036,2024-10-26,33.0
10.760000000002035,17.400851081904708,2024-10-26,34.0
24.739999999997963,22.56703663299727,2024-10-26,35.0
8.947999999996682,14.243947485714042,2024-10-26,36.0
28.3028000000037,35.19266178253948,2024-10-26,37.0
4.399999999997817,13.33286004243985,2024-10-26,38.0
16.660000000003492,17.030813871483836,2024-10-26,39.0
11.2719999999972,12.505617851299245,2024-10-27,1.0
36.94399999999587,24.157274266805736,2024-10-27,2.0
19.5028000000008,23.14240030674953,2024-10-27,3.0
28.063999999998487,37.66338098751708,2024-10-27,4.0
0.9760000000023864,13.656264980952345,2024-10-27,5.0
28.736000000004424,20.488467765810714,2024-10-27,6.0
25.2500000000038,25.959739418904636,2024-10-27,7.0
25.0,23.133577729095386,2024-10-27,8.0
11.1080000000002,24.26172120133177,2024-10-27,9.0
19.455999999998312,27.76074337551483,2024-10-27,10.0
11.4279999999999,14.297699709610388,2024-10-27,11.0
9.299999999999272,7.73578356190459,2024-10-27,12.0
13.255999999993946,27.405297862857125,2024-10-27,13.0
20.2628000000029,23.6351216632694,2024-10-27,14.0
25.57200000000012,19.249295773305338,2024-10-27,15.0
37.19999999999709,24.33375207361712,2024-10-27,16.0
9.579999999999927,7.454222641269762,2024-10-27,17.0
11.096000000005,15.63694857581024,2024-10-27,18.0
11.1699999999983,15.783514168146718,2024-10-27,19.0
13.799999999999272,13.52690861138871,2024-10-27,20.0
19.456000000005588,29.377290210471593,2024-10-27,21.0
44.26000000000204,22.07341440059685,2024-10-27,22.0
19.2109999999995,23.52529155231506,2024-10-27,23.0
25.888000000006286,25.327015712690493,2024-10-27,24.0
17.25,14.898011807655553,2024-10-27,25.0
24.77199999999721,14.677661679127047,2024-10-27,26.0
18.692000000002736,14.208781020823348,2024-10-27,27.0
26.127999999996973,23.267279299171456,2024-10-27,28.0
17.0679999999993,18.50651640206541,2024-10-27,29.0
9.979999999995924,18.951441952381003,2024-10-27,30.0
43.98399999999674,28.867281796825583,2024-10-27,31.0
38.1199999999962,37.19550114920407,2024-10-27,32.0
9.576000000000931,14.288220851157309,2024-10-27,33.0
18.943999999995867,16.589221451539316,2024-10-27,34.0
12.8109999999981,24.458346280582298,2024-10-27,35.0
16.09200000000419,14.693302942856873,2024-10-27,36.0
28.0,36.530865383255716,2024-10-27,37.0
11.2900000000009,14.850222530636236,2024-10-27,38.0
19.0,19.776721964624834,2024-10-27,39.0
5.31099999999808,15.477016866644608,2024-10-28,1.0
24.31999999999971,24.58685651597759,2024-10-28,2.0
19.307999999997264,22.420647768988395,2024-10-28,3.0
21.960000000006403,32.08327684888924,2024-10-28,4.0
1.8399999999965075,13.882402542856807,2024-10-28,5.0
26.332000000002157,23.893506356599023,2024-10-28,6.0
32.75200000000041,27.426298770652497,2024-10-28,7.0
11.851999999999,19.95128582285715,2024-10-28,8.0
16.102000000001,23.41524422635666,2024-10-28,9.0
31.79200000000128,26.8868693384126,2024-10-28,10.0
14.10399999999936,16.245198187819316,2024-10-28,11.0
3.399999999997817,7.991004409523776,2024-10-28,12.0
29.07200000000012,26.736282968254034,2024-10-28,13.0
27.10800000000017,25.62181167712289,2024-10-28,14.0
17.80000000000291,16.215871743432483,2024-10-28,15.0
36.94800000000396,27.22485149640746,2024-10-28,16.0
9.55999999999949,7.07890602857148,2024-10-28,17.0
17.051999999996042,12.457664998345505,2024-10-28,18.0
12.229999999999563,16.59152379472222,2024-10-28,19.0
18.2899999999999,11.987836221535032,2024-10-28,20.0
24.3839999999982,28.50006319047643,2024-10-28,21.0
12.580000000001746,18.893695310304548,2024-10-28,22.0
24.77599999999802,20.238330217155447,2024-10-28,23.0
17.4320000000007,24.164163370279635,2024-10-28,24.0
11.5900000000001,15.865707334208889,2024-10-28,25.0
18.548000000002503,13.66728845031205,2024-10-28,26.0
13.847999999998136,12.974651452037753,2024-10-28,27.0
24.288000000000466,23.452870307911574,2024-10-28,28.0
20.5828000000026,17.418717336942027,2024-10-28,29.0
31.9280000000023,15.586163772190512,2024-10-28,30.0
28.42399999999907,29.545884006984483,2024-10-28,31.0
39.4800000000032,36.66977789881121,2024-10-28,32.0
22.8228000000005,12.364577264225172,2024-10-28,33.0
13.768000000003669,14.630283341587237,2024-10-28,34.0
22.52799999999843,20.81782191527851,2024-10-28,35.0
10.68800000000192,15.997402525538494,2024-10-28,36.0
46.23999999999796,33.54856990655143,2024-10-28,37.0
9.31000000000131,15.730387923259372,2024-10-28,38.0
11.1800000000003,18.726691297948665,2024-10-28,39.0
11.0080000000016,12.962125349199386,2024-10-29,1.0
44.62800000000425,27.131083876190438,2024-10-29,2.0
26.852000000006228,21.95637071163766,2024-10-29,3.0
28.80799999998999,34.615581330158726,2024-10-29,4.0
1.3839999999981956,11.965668819047577,2024-10-29,5.0
23.5199999999968,25.196635360508857,2024-10-29,6.0
24.76799999999639,26.498663841904715,2024-10-29,7.0
20.9320000000007,23.261604976515688,2024-10-29,8.0
27.87999999999738,22.191096349841207,2024-10-29,9.0
21.239999999997963,25.91605533718563,2024-10-29,10.0
11.4280000000023,14.84757304696957,2024-10-29,11.0
17.1000000000006,7.4504612761905635,2024-10-29,12.0
23.460000000006403,26.108875156375706,2024-10-29,13.0
21.5880000000025,24.551546826756553,2024-10-29,14.0
16.660000000003492,19.01281575656903,2024-10-29,15.0
32.591999999996915,29.56714334539672,2024-10-29,16.0
9.260000000000218,6.81971738845637,2024-10-29,17.0
12.132000000005064,13.342329722791835,2024-10-29,18.0
10.9599999999991,15.805044757630887,2024-10-29,19.0
16.270000000000437,11.796089830154026,2024-10-29,20.0
26.50800000000163,29.709032580952698,2024-10-29,21.0
16.320281069859,22.590060664637296,2024-10-29,22.0
27.55200000000332,20.627342173333123,2024-10-29,23.0
37.69999999999709,17.90590657106954,2024-10-29,24.0
21.27000000000044,16.744270894253656,2024-10-29,25.0
17.947999999996682,20.0148441153105,2024-10-29,26.0
11.8320000000022,15.888391820144367,2024-10-29,27.0
11.5120000000024,23.202579754920745,2024-10-29,28.0
19.4119999999974,19.20176878645064,2024-10-29,29.0
12.351999999998952,16.160877922317958,2024-10-29,30.0
36.296000000002095,32.752720793738085,2024-10-29,31.0
36.59999999999855,34.91816407468413,2024-10-29,32.0
17.98800000000483,12.630666224852973,2024-10-29,33.0
17.659999999996217,16.380298181035375,2024-10-29,34.0
28.5679999999993,18.969269678249304,2024-10-29,35.0
9.459999999999129,12.059165126738632,2024-10-29,36.0
38.24799999999959,31.81330903047608,2024-10-29,37.0
16.599999999998545,11.700485043084923,2024-10-29,38.0
24.0,18.919543660314673,2024-10-29,39.0
11.9279999999999,16.5598073706201,2024-10-30,1.0
20.459999999999127,31.727370979310166,2024-10-30,2.0
19.959999999999127,23.93594329632899,2024-10-30,3.0
32.8280000000101,33.382914140130026,2024-10-30,4.0
1.1280000000042492,12.121887356421286,2024-10-30,5.0
10.8919999999998,30.262725303305846,2024-10-30,6.0
25.8280000000038,28.783172774603372,2024-10-30,7.0
19.8280000000038,19.105393723809,2024-10-30,8.0
27.4320000000007,21.880683942857118,2024-10-30,9.0
21.768000000003667,25.298503334603186,2024-10-30,10.0
8.21600000000035,17.53451212234915,2024-10-30,11.0
6.830000000001746,7.594458079364882,2024-10-30,12.0
42.82799999999406,27.82310281288985,2024-10-30,13.0
25.9109999999966,24.145322481326875,2024-10-30,14.0
21.719999999993888,19.522768166288383,2024-10-30,15.0
18.76000000000204,30.546656661268237,2024-10-30,16.0
9.02800000000087,6.5206099714285,2024-10-30,17.0
13.827999999994065,16.075105671425934,2024-10-30,18.0
22.93000000000029,16.36219961311291,2024-10-30,19.0
9.639999999999418,15.61298414790537,2024-10-30,20.0
21.979999999995925,28.938111035543027,2024-10-30,21.0
18.8686191245416,22.40109670254935,2024-10-30,22.0
29.351999999998952,21.652525681274724,2024-10-30,23.0
24.012000000002445,19.92295926172808,2024-10-30,24.0
21.639999999999414,16.51312913029674,2024-10-30,25.0
20.55200000000332,18.115396054678726,2024-10-30,26.0
28.2579999999981,17.708284715401934,2024-10-30,27.0
23.339999999996508,22.844834586400545,2024-10-30,28.0
17.463999999999942,17.66568270907921,2024-10-30,29.0
14.2280000000052,18.513068339047468,2024-10-30,30.0
25.0479999999952,34.53036517699694,2024-10-30,31.0
37.45999999999913,35.944686101095115,2024-10-30,32.0
11.9199999999983,13.391046135591502,2024-10-30,33.0
16.5280000000009,16.491164771428437,2024-10-30,34.0
24.4280000000023,16.527519324460656,2024-10-30,35.0
21.90799999999581,14.980421191393962,2024-10-30,36.0
39.06000000000495,35.07176398571955,2024-10-30,37.0
8.11999999999985,14.661607411666983,2024-10-30,38.0
11.7719999999972,20.29659480891512,2024-10-30,39.0
6.31099999999808,14.68039696380937,2024-10-31,1.0
53.55999999999767,31.469615481441565,2024-10-31,2.0
16.367999999994936,21.94282472261315,2024-10-31,3.0
25.1919999999955,31.891629926553737,2024-10-31,4.0
2.91099999999662,14.743041076190405,2024-10-31,5.0
28.77599999999802,30.658035340346295,2024-10-31,6.0
29.20799999999872,29.756269004155794,2024-10-31,7.0
27.1199999999962,19.34190080027704,2024-10-31,8.0
26.919999999998254,20.887308054603,2024-10-31,9.0
12.37199999999575,24.05176575555551,2024-10-31,10.0
14.703999999997905,14.710809407290673,2024-10-31,11.0
10.4599999999991,9.036954277415903,2024-10-31,12.0
11.8800000000047,27.102289881904944,2024-10-31,13.0
28.860000000000586,24.850078180115293,2024-10-31,14.0
14.8280000000038,16.521823575838457,2024-10-31,15.0
41.22000000000117,32.43463827538917,2024-10-31,16.0
12.549999999999272,9.512205522501562,2024-10-31,17.0
9.860000000000582,16.019381526984272,2024-10-31,18.0
17.9280000000023,15.613901578256193,2024-10-31,19.0
10.779999999998836,16.005844722141617,2024-10-31,20.0
36.00800000000163,27.688496496402323,2024-10-31,21.0
46.4320000000007,21.32237042512694,2024-10-31,22.0
23.919999999998254,22.180201438672412,2024-10-31,23.0
26.827999999994063,23.78018533913516,2024-10-31,24.0
22.19000000000233,15.681497034920735,2024-10-31,25.0
11.0399999999936,17.824122042611616,2024-10-31,26.0
20.10800000000017,16.673708924495084,2024-10-31,27.0
23.70000000000437,21.94902186448478,2024-10-31,28.0
18.96800000000076,19.22795446744853,2024-10-31,29.0
27.4119999999974,17.716266883387522,2024-10-31,30.0
20.9028000000095,36.235200390360454,2024-10-31,31.0
43.167999999997846,36.9811433134548,2024-10-31,32.0
20.93999999999505,15.89577208117468,2024-10-31,33.0
21.9280000000023,14.710150477412952,2024-10-31,34.0
18.851999999998952,16.87568176919121,2024-10-31,35.0
22.9120000000039,12.40841148300862,2024-10-31,36.0
28.507999999994357,36.104395980515456,2024-10-31,37.0
20.220000000001164,12.474614881398935,2024-10-31,38.0
25.4280000000023,18.64588018115998,2024-10-31,39.0
26.5280000000009,15.111555468571344,2024-11-01,1.0
10.4199999999983,28.876733479999842,2024-11-01,2.0
24.860000000000586,20.73389499047589,2024-11-01,3.0
48.6079999999929,31.21168567396806,2024-11-01,4.0
1.6880000000019209,12.403242438960909,2024-11-01,5.0
28.1428000000002,24.449337300553616,2024-11-01,6.0
21.87999999999738,26.50276823365061,2024-11-01,7.0
20.976000000002387,18.58623176880017,2024-11-01,8.0
26.52799999999843,20.662530611648535,2024-11-01,9.0
17.560000000004948,23.180423632983814,2024-11-01,10.0
13.567999999999302,14.213921487089962,2024-11-01,11.0
10.099999999998545,10.357183168254036,2024-11-01,12.0
49.72000000000117,24.998554013967954,2024-11-01,13.0
25.9799999999959,23.31769369613432,2024-11-01,14.0
11.8079999999973,18.117799929100226,2024-11-01,15.0
29.091999999996915,32.08505384120723,2024-11-01,16.0
2.2600000000002183,7.783605301587255,2024-11-01,17.0
10.4280000000023,13.544126957804128,2024-11-01,18.0
21.889999999999414,13.725576371643335,2024-11-01,19.0
13.950000000000728,17.774356284437058,2024-11-01,20.0
32.891999999999825,25.857179359320952,2024-11-01,21.0
14.080000000001746,18.082039630728506,2024-11-01,22.0
31.2579999999981,23.02195632809229,2024-11-01,23.0
39.52000000000408,23.818133467985447,2024-11-01,24.0
21.639999999999414,17.189893457469527,2024-11-01,25.0
24.80800000000454,17.781276026099057,2024-11-01,26.0
14.5028000000008,16.59447013200562,2024-11-01,27.0
21.471999999994296,18.227736272098422,2024-11-01,28.0
17.279999999998836,19.95287460034351,2024-11-01,29.0
11.851999999999,17.99690716905347,2024-11-01,30.0
44.95999999999185,33.03365937142867,2024-11-01,31.0
37.1120000000018,36.86839715646492,2024-11-01,32.0
9.592000000004193,14.737930617405894,2024-11-01,33.0
17.099999999998545,15.976412139849357,2024-11-01,34.0
17.31999999999971,18.48778427163969,2024-11-01,35.0
12.047999999995229,13.434240452305025,2024-11-01,36.0
26.872000000003027,34.69893006557225,2024-11-01,37.0
4.169999999998254,12.507155906718685,2024-11-01,38.0
11.5479999999952,19.717193494209724,2024-11-01,39.0
5.0679999999993015,15.546352136508112,2024-11-02,1.0
29.2579999999981,34.323585065042984,2024-11-02,2.0
14.639999999999418,25.28713943174177,2024-11-02,3.0
28.872000000003027,29.38159434586999,2024-11-02,4.0
1.8399999999965075,12.7012974869841,2024-11-02,5.0
32.12000000000262,23.986061507982438,2024-11-02,6.0
29.9320000000007,27.611975720905132,2024-11-02,7.0
16.531999999999243,20.06454098730155,2024-11-02,8.0
24.27999999999884,24.081662585712497,2024-11-02,9.0
27.93999999999505,26.990727070420377,2024-11-02,10.0
9.368000000002212,16.161216517966817,2024-11-02,11.0
3.47000000000106,9.371602202744175,2024-11-02,12.0
13.39999999999418,29.153968672627887,2024-11-02,13.0
32.720000000001164,24.660111024741663,2024-11-02,14.0
21.3828000000055,18.617315005375783,2024-11-02,15.0
36.92000000000553,36.20605020606083,2024-11-02,16.0
9.569999999999707,9.549326904761816,2024-11-02,17.0
23.167999999997846,15.955758474649576,2024-11-02,18.0
20.0,16.084593089339247,2024-11-02,19.0
28.07999999999811,17.00374364671277,2024-11-02,20.0
17.372000000003027,26.98076243418319,2024-11-02,21.0
6.047999999995227,24.812181488294996,2024-11-02,22.0
28.1600000000035,21.727998695319627,2024-11-02,23.0
37.37999999999738,24.150780221292344,2024-11-02,24.0
17.06000000000131,19.100751318516803,2024-11-02,25.0
4.8628000000014,18.187190394285757,2024-11-02,26.0
19.4119999999974,18.939050757424734,2024-11-02,27.0
37.70799999999872,21.020196191727297,2024-11-02,28.0
20.00800000000163,20.480200939421124,2024-11-02,29.0
28.228000000002798,19.004539105243744,2024-11-02,30.0
42.42399999999907,33.52142208532286,2024-11-02,31.0
43.9120000000039,36.27221629895671,2024-11-02,32.0
16.108000000000175,14.53727984413532,2024-11-02,33.0
6.260000000002037,16.668446496789667,2024-11-02,34.0
41.72000000000117,20.888424288534154,2024-11-02,35.0
20.222800000002,13.950036443127784,2024-11-02,36.0
35.9519999999975,34.57297427988076,2024-11-02,37.0
23.9000000000011,15.198394015416232,2024-11-02,38.0
11.8120000000054,21.473979560384233,2024-11-02,39.0
14.982800000004,15.41512806168728,2024-11-03,1.0
31.21200000000681,32.59765563038336,2024-11-03,2.0
24.18000000000029,21.161974209523578,2024-11-03,3.0
22.2560000000085,29.49096119301553,2024-11-03,4.0
0.1399999999994179,11.937657470707052,2024-11-03,5.0
25.3079999999973,24.038945744631437,2024-11-03,6.0
25.788000000000466,25.5031477667329,2024-11-03,7.0
27.720000000001164,19.64705828351654,2024-11-03,8.0
27.4280000000023,26.411807273775576,2024-11-03,9.0
28.060000000004948,21.991554754617855,2024-11-03,10.0
10.3839999999982,16.223606552381053,2024-11-03,11.0
3.2299999999995634,10.108005154307131,2024-11-03,12.0
42.1428000000002,28.989585388571367,2024-11-03,13.0
31.1120000000018,23.977098700317548,2024-11-03,14.0
25.70799999999872,17.742351179923048,2024-11-03,15.0
33.5199999999968,30.900849079346976,2024-11-03,16.0
10.2700000000004,9.250770317735041,2024-11-03,17.0
23.59200000000419,13.387793081387755,2024-11-03,18.0
11.2299999999996,14.829124618303114,2024-11-03,19.0
25.960000000002765,15.550101410022828,2024-11-03,20.0
29.007999999994357,24.611114764469004,2024-11-03,21.0
44.86000000000058,25.91955390158709,2024-11-03,22.0
23.61200000000099,24.030862793858034,2024-11-03,23.0
29.639999999999414,25.22479323530392,2024-11-03,24.0
21.799999999999272,18.953381786643305,2024-11-03,25.0
4.207999999998719,18.69323227144601,2024-11-03,26.0
19.47200000000157,19.1083470666666,2024-11-03,27.0
19.080000000001743,21.76627115004446,2024-11-03,28.0
17.4120000000039,20.126246124316566,2024-11-03,29.0
25.583999999995285,19.112415161282385,2024-11-03,30.0
36.3028000000037,30.28219375365071,2024-11-03,31.0
38.42799999999989,36.82180235029444,2024-11-03,32.0
22.987999999997555,17.640231536507983,2024-11-03,33.0
18.360000000000586,16.288342790475955,2024-11-03,34.0
10.3799999999974,21.225943996438254,2024-11-03,35.0
8.056000000004133,17.801582680341614,2024-11-03,36.0
53.62800000000425,33.8577568241268,2024-11-03,37.0
13.5099999999984,13.53804061489313,2024-11-03,38.0
24.239999999997963,16.426170562740346,2024-11-03,39.0
7.228000000002794,14.556042039960023,2024-11-04,1.0
24.299999999995634,32.147252926349196,2024-11-04,2.0
24.67199999999866,22.84440545500971,2024-11-04,3.0
43.647999999986496,31.48493394158711,2024-11-04,4.0
0.128000000006694,13.147598832611907,2024-11-04,5.0
42.12000000000262,22.536374358106105,2024-11-04,6.0
27.17199999999866,26.940949502292856,2024-11-04,7.0
18.0280000000009,20.9958889968252,2024-11-04,8.0
26.9280000000023,21.59315984380962,2024-11-04,9.0
25.5399999999936,20.041410611371575,2024-11-04,10.0
12.648000000001048,14.76774587619056,2024-11-04,11.0
10.6100000000006,8.340876330574599,2024-11-04,12.0
25.336000000003,27.3902771263453,2024-11-04,13.0
27.728000000002798,25.177182856536312,2024-11-04,14.0
17.239999999997963,19.62422654198553,2024-11-04,15.0
26.360000000000586,33.447076879364865,2024-11-04,16.0
9.329999999999927,8.175128142857123,2024-11-04,17.0
18.9109999999966,14.857936523860754,2024-11-04,18.0
9.31000000000131,16.344983509873412,2024-11-04,19.0
31.56999999999971,16.24786219693964,2024-11-04,20.0
22.20000000000437,23.911989787775553,2024-11-04,21.0
33.692000000002736,18.825054060834056,2024-11-04,22.0
25.2879999999958,24.806363787851726,2024-11-04,23.0
7.368000000002212,28.41857564317471,2024-11-04,24.0
18.52000000000044,20.238075050727964,2024-11-04,25.0
19.807999999997264,16.80568826672194,2024-11-04,26.0
17.927999999999884,20.031569819151372,2024-11-04,27.0
17.8280000000038,20.601351747061628,2024-11-04,28.0
17.779999999998836,21.247510381749027,2024-11-04,29.0
25.9360000000011,20.36559815382459,2024-11-04,30.0
31.0880000000025,31.38308025936932,2024-11-04,31.0
37.62799999999697,36.28698438671777,2024-11-04,32.0
20.77200000000448,16.627927327899457,2024-11-04,33.0
20.9000000000011,17.57537787121934,2024-11-04,34.0
32.86000000000058,20.49286327456927,2024-11-04,35.0
10.2109999999995,16.468978704709073,2024-11-04,36.0
50.90799999999581,33.63638661883695,2024-11-04,37.0
13.37000000000262,14.000545275360365,2024-11-04,38.0
18.288000000000466,16.779998982143006,2024-11-04,39.0
36.78799999999319,14.873742336895278,2024-11-05,1.0
26.23200000000361,32.266709055238124,2024-11-05,2.0
12.00800000000163,22.448107241269415,2024-11-05,3.0
37.97600000000966,29.87484030146144,2024-11-05,4.0
0.1399999999994179,9.979099381818177,2024-11-05,5.0
38.68000000000029,24.72099643749599,2024-11-05,6.0
20.427999999999884,26.540594458874534,2024-11-05,7.0
20.307999999997264,23.16218875566217,2024-11-05,8.0
19.05199999999604,26.95348474947318,2024-11-05,9.0
29.632000000005064,22.233048540317366,2024-11-05,10.0
7.552000000003318,15.949712419598072,2024-11-05,11.0
2.959999999999127,9.6600872940424,2024-11-05,12.0
22.252000000000407,30.347653330718828,2024-11-05,13.0
32.52799999999843,26.873305345985703,2024-11-05,14.0
21.2579999999981,21.912535577554912,2024-11-05,15.0
50.1359999999986,31.218256338504034,2024-11-05,16.0
10.2299999999996,8.835215253422353,2024-11-05,17.0
17.807999999997264,17.20055003659803,2024-11-05,18.0
25.590000000000146,16.840982770648704,2024-11-05,19.0
12.020000000000437,17.69212694602703,2024-11-05,20.0
17.1099999999953,26.41549841815067,2024-11-05,21.0
29.667999999997846,24.139868258204746,2024-11-05,22.0
21.07200000000012,25.548545897249607,2024-11-05,23.0
25.9839999999967,30.228612181048845,2024-11-05,24.0
19.899999999997817,21.510803050114152,2024-11-05,25.0
16.952000000004773,17.12398400023353,2024-11-05,26.0
10.052000000003318,19.59226919072246,2024-11-05,27.0
21.31999999999971,23.23361217849606,2024-11-05,28.0
20.79200000000128,20.959580659695067,2024-11-05,29.0
19.080000000001743,21.527083819047576,2024-11-05,30.0
1.096000000005006,32.68387091428577,2024-11-05,31.0
43.271999999997206,36.84776772234249,2024-11-05,32.0
21.651999999994587,16.71331531710218,2024-11-05,33.0
9.727999999995518,15.469926053444196,2024-11-05,34.0
9.760000000002035,24.678601732980564,2024-11-05,35.0
12.299999999995634,17.09877662138072,2024-11-05,36.0
41.47200000000157,36.298374637938835,2024-11-05,37.0
13.889999999999418,15.228818974342705,2024-11-05,38.0
18.27199999999721,16.90777263288801,2024-11-05,39.0
20.55200000000332,13.923769587346971,2024-11-06,1.0
36.39999999999418,29.805075201054795,2024-11-06,2.0
20.512000000002445,20.6780487222509,2024-11-06,3.0
35.879999999990105,31.08337853343041,2024-11-06,4.0
0.528000000000873,10.310908258008666,2024-11-06,5.0
29.148000000001048,24.340397196035624,2024-11-06,6.0
31.05200000000332,25.062677736161,2024-11-06,7.0
11.5428000000017,20.6574334667096,2024-11-06,8.0
29.228000000002798,24.40476812698336,2024-11-06,9.0
33.84799999999814,22.388809228294875,2024-11-06,10.0
20.70799999999872,15.540389204654815,2024-11-06,11.0
10.950000000000728,8.815554307936557,2024-11-06,12.0
26.1199999999962,26.084800087619435,2024-11-06,13.0
33.591999999996915,26.594818817408715,2024-11-06,14.0
31.0,19.025727376307646,2024-11-06,15.0
32.9120000000039,31.969336219047598,2024-11-06,16.0
10.2800000000007,8.80371728253964,2024-11-06,17.0
18.20000000000437,17.538793575187526,2024-11-06,18.0
28.25,17.560137562361238,2024-11-06,19.0
19.06999999999971,17.102755998751483,2024-11-06,20.0
20.9800000000032,24.873231372910254,2024-11-06,21.0
20.9681055528683,24.534450995429857,2024-11-06,22.0
38.108000000000175,23.15908045535305,2024-11-06,23.0
18.208000000005995,27.993207492698616,2024-11-06,24.0
21.580000000001743,20.3969301965687,2024-11-06,25.0
7.207999999998719,15.913511164177711,2024-11-06,26.0
26.427999999999884,19.112912027544898,2024-11-06,27.0
22.0679999999993,23.00102485052937,2024-11-06,28.0
16.987999999997555,18.802365701821792,2024-11-06,29.0
22.951999999997497,22.413994225810967,2024-11-06,30.0
81.65599999998813,32.634569706651824,2024-11-06,31.0
43.76799999999639,38.559594031331315,2024-11-06,32.0
21.50800000000163,16.281629585238555,2024-11-06,33.0
5.47200000000117,17.588221649427343,2024-11-06,34.0
18.4120000000039,23.182437156381535,2024-11-06,35.0
13.020000000004076,16.8183689436916,2024-11-06,36.0
44.512000000002445,37.77876078438675,2024-11-06,37.0
19.43999999999869,15.296129734593451,2024-11-06,38.0
22.056000000004133,18.015253198881798,2024-11-06,39.0
8.752000000000407,17.98842198100341,2024-11-07,1.0
36.97600000000239,26.970265861351642,2024-11-07,2.0
24.46800000000076,22.197558679538467,2024-11-07,3.0
48.00800000000163,33.411187001904715,2024-11-07,4.0
0.1279999999969732,9.109624933333214,2024-11-07,5.0
37.63999999999942,30.293832849519546,2024-11-07,6.0
32.799999999995634,24.471322828685434,2024-11-07,7.0
27.76799999999639,21.113145720346093,2024-11-07,8.0
25.2800000000011,25.669631663162818,2024-11-07,9.0
7.968000000000757,24.512536948571363,2024-11-07,10.0
18.080000000001743,14.100461949206364,2024-11-07,11.0
12.389999999999418,8.017210825396866,2024-11-07,12.0
41.31999999999971,28.23541823238078,2024-11-07,13.0
29.12800000000425,27.400593885541433,2024-11-07,14.0
22.4320000000007,20.45234250478138,2024-11-07,15.0
28.9599999999991,34.56178618787859,2024-11-07,16.0
2.1299999999992,8.911613345642763,2024-11-07,17.0
13.919999999998254,16.105540703572782,2024-11-07,18.0
13.5099999999984,18.77429123423803,2024-11-07,19.0
17.57999999999811,19.01755382431966,2024-11-07,20.0
27.87999999999738,25.879137476514334,2024-11-07,21.0
25.4109999999966,25.562086197428442,2024-11-07,22.0
20.2500000000038,24.127777078795337,2024-11-07,23.0
31.27199999999721,26.314184692224373,2024-11-07,24.0
13.430000000000293,21.50603239020755,2024-11-07,25.0
16.1119999999946,15.525532116370137,2024-11-07,26.0
20.3839999999982,17.162506500323957,2024-11-07,27.0
31.091999999996915,23.530677619936117,2024-11-07,28.0
21.692000000002736,19.405134531576024,2024-11-07,29.0
33.00800000000163,20.470753898661446,2024-11-07,30.0
43.78399999999965,25.31232656897649,2024-11-07,31.0
41.120000000009895,37.92049363199265,2024-11-07,32.0
16.55999999999767,17.13428774346109,2024-11-07,33.0
24.80000000000291,17.27764740427679,2024-11-07,34.0
31.38799999999901,21.103240016507936,2024-11-07,35.0
20.18000000000029,16.062401736434072,2024-11-07,36.0
38.22799999999552,38.96372478218902,2024-11-07,37.0
17.090000000000146,15.441778009596362,2024-11-07,38.0
12.391999999999824,17.52805300203439,2024-11-07,39.0
6.82800000000125,18.748244867976798,2024-11-08,1.0
22.12000000000262,31.434636853788756,2024-11-08,2.0
26.5,22.27741455026171,2024-11-08,3.0
32.42399999999907,36.45847216248191,2024-11-08,4.0
0.182800000001006,11.268565771428515,2024-11-08,5.0
50.31999999999971,32.79904547809497,2024-11-08,6.0
21.09200000000419,26.198427519504616,2024-11-08,7.0
29.9800000000032,21.570167333333323,2024-11-08,8.0
25.1080000000002,25.868772569903225,2024-11-08,9.0
22.091999999996915,26.700632508599984,2024-11-08,10.0
13.859999999993306,16.723848462288753,2024-11-08,11.0
10.330000000001746,9.489325092063607,2024-11-08,12.0
31.860000000000586,29.730926574937204,2024-11-08,13.0
28.851999999999,31.45253943365082,2024-11-08,14.0
32.80800000000454,23.008368760753225,2024-11-08,15.0
13.659999999996217,34.30539802206101,2024-11-08,16.0
2.360000000000582,9.817122323249075,2024-11-08,17.0
10.239999999997965,19.24752544496389,2024-11-08,18.0
19.1000000000006,17.260312200246673,2024-11-08,19.0
10.0,23.321290837392315,2024-11-08,20.0
25.97200000000157,25.280420798593184,2024-11-08,21.0
45.8280000000038,26.412114225775134,2024-11-08,22.0
26.799999999995634,25.77797419796293,2024-11-08,23.0
19.788000000000466,26.902823342946252,2024-11-08,24.0
22.049999999999272,22.0264755983314,2024-11-08,25.0
26.7280000000052,14.91659667165723,2024-11-08,26.0
11.8079999999973,18.501885753137564,2024-11-08,27.0
28.4280000000023,24.373477666999513,2024-11-08,28.0
22.0,18.378790049551533,2024-11-08,29.0
19.79200000000128,24.308165611211873,2024-11-08,30.0
30.768000000010943,37.662579593130545,2024-11-08,31.0
44.171999999991385,39.840243582177706,2024-11-08,32.0
5.692000000002736,19.33740056219659,2024-11-08,33.0
19.327999999994063,18.91728823917574,2024-11-08,34.0
9.788000000000466,23.75003643469863,2024-11-08,35.0
12.19999999999709,16.437057787881045,2024-11-08,36.0
36.81200000000536,38.441203661750556,2024-11-08,37.0
5.790000000000873,15.134523321821245,2024-11-08,38.0
16.459999999999127,20.082798473416375,2024-11-08,39.0
14.851999999998952,18.58707268311686,2024-11-09,1.0
41.33199999999488,30.73637526745541,2024-11-09,2.0
17.67199999999866,22.665503291428404,2024-11-09,3.0
29.6628000000043,38.79697656857075,2024-11-09,4.0
0.135999999998603,8.569602438095185,2024-11-09,5.0
48.36000000000058,31.541076030649208,2024-11-09,6.0
25.7200000000012,27.365197318650672,2024-11-09,7.0
20.987999999997555,22.735226288972502,2024-11-09,8.0
24.639999999999414,26.193150961807596,2024-11-09,9.0
29.427999999999884,24.386177832459193,2024-11-09,10.0
8.432000000000698,16.79117024154467,2024-11-09,11.0
4.770000000000437,9.080804942568298,2024-11-09,12.0
24.79200000000128,30.664184276467054,2024-11-09,13.0
29.18800000000192,30.031881030741953,2024-11-09,14.0
23.223999999994703,24.518095769340192,2024-11-09,15.0
27.5280000000009,36.9814240844445,2024-11-09,16.0
11.75,8.334216523809587,2024-11-09,17.0
11.4200000000055,19.575112971428847,2024-11-09,18.0
18.049999999999272,17.400152549973594,2024-11-09,19.0
18.52000000000044,24.289651030014305,2024-11-09,20.0
32.296000000002095,24.87597123582331,2024-11-09,21.0
42.78800000000047,22.956729129731954,2024-11-09,22.0
27.768000000003667,24.68622270214744,2024-11-09,23.0
22.81999999999971,26.874924782713602,2024-11-09,24.0
19.220000000001164,19.993083699884576,2024-11-09,25.0
19.339999999996508,15.752394436459197,2024-11-09,26.0
23.031999999999243,19.516841358775288,2024-11-09,27.0
31.099999999998545,22.01792658331094,2024-11-09,28.0
19.97599999999511,18.80918975915131,2024-11-09,29.0
20.351999999998952,22.25920739649243,2024-11-09,30.0
24.903999999995,36.05365796011617,2024-11-09,31.0
65.05999999999767,37.798010159712206,2024-11-09,32.0
22.87999999999738,18.38319293333332,2024-11-09,33.0
8.391999999999825,16.3067557116367,2024-11-09,34.0
31.959999999999127,22.100345608831205,2024-11-09,35.0
8.239999999997963,13.044485841583855,2024-11-09,36.0
51.94799999999668,40.222261392586425,2024-11-09,37.0
16.149999999997817,15.785778393096388,2024-11-09,38.0
11.8799999999974,17.848220070075776,2024-11-09,39.0
24.46800000000076,14.96597083238062,2024-11-10,1.0
35.5280000000009,29.67480720698424,2024-11-10,2.0
23.96800000000076,22.793895085365964,2024-11-10,3.0
49.62399999999616,37.653115023905116,2024-11-10,4.0
14.5199999999968,5.948353752380876,2024-11-10,5.0
38.66399999999703,33.40255288318421,2024-11-10,6.0
23.335999999995693,25.557623381329837,2024-11-10,7.0
21.27999999999884,23.257404758900677,2024-11-10,8.0
20.839999999996508,25.45096885195354,2024-11-10,9.0
39.5028000000008,26.967172342999564,2024-11-10,10.0
22.12800000000425,17.10029757142879,2024-11-10,11.0
10.8600000000006,9.417264542857055,2024-11-10,12.0
41.17599999999948,30.87698262991534,2024-11-10,13.0
44.1199999999962,29.474855474711692,2024-11-10,14.0
33.37600000000384,23.163911134663547,2024-11-10,15.0
35.66000000000349,31.63645120381758,2024-11-10,16.0
12.139999999999418,8.31486539047619,2024-11-10,17.0
4.639999999999418,16.62065891608605,2024-11-10,18.0
14.790000000000871,17.029215818681923,2024-11-10,19.0
12.020000000000437,20.683493235255025,2024-11-10,20.0
10.4239999999991,23.21816351103808,2024-11-10,21.0
16.891999999999825,30.607487479743977,2024-11-10,22.0
21.263999999995576,24.356651030930692,2024-11-10,23.0
25.2880000000005,23.668022099491203,2024-11-10,24.0
17.80999999999767,17.20674488953467,2024-11-10,25.0
20.139999999999414,15.520352671818511,2024-11-10,26.0
13.427999999999884,18.74423078895017,2024-11-10,27.0
33.7109999999995,25.2528797553719,2024-11-10,28.0
20.1120000000018,18.321159327477083,2024-11-10,29.0
37.4280000000023,26.53261411046104,2024-11-10,30.0
28.3828000000055,39.073528278374084,2024-11-10,31.0
46.28800000000047,40.29640082054177,2024-11-10,32.0
24.028000000005704,16.24140230963413,2024-11-10,33.0
18.031999999999243,17.531979465830915,2024-11-10,34.0
17.731999999996333,22.305727123143477,2024-11-10,35.0
12.599999999998545,15.085086302894918,2024-11-10,36.0
45.81999999999971,41.39700238643069,2024-11-10,37.0
14.30000000000291,16.128135404502128,2024-11-10,38.0
20.55999999999767,17.53013795947141,2024-11-10,39.0
7.50800000000163,15.364735542857249,2024-11-11,1.0
10.2500000000038,30.021330718604037,2024-11-11,2.0
25.4280000000023,21.586223812009106,2024-11-11,3.0
28.9600000000064,35.848483590334965,2024-11-11,4.0
2.12000000000262,5.302310063491972,2024-11-11,5.0
48.12000000000262,33.67479168426528,2024-11-11,6.0
50.06399999999849,26.71272286779114,2024-11-11,7.0
25.280000000006112,23.338845003982588,2024-11-11,8.0
27.851999999998952,27.240264300705114,2024-11-11,9.0
21.9360000000011,25.33215051831896,2024-11-11,10.0
8.271999999997206,15.354095331477014,2024-11-11,11.0
10.5099999999984,8.367517219047619,2024-11-11,12.0
20.2280000000052,28.43000946349197,2024-11-11,13.0
32.67199999999866,27.90306451746031,2024-11-11,14.0
18.78399999999965,25.1278335536878,2024-11-11,15.0
32.0109999999952,27.940602360274458,2024-11-11,16.0
10.19000000000051,7.315094069841324,2024-11-11,17.0
16.439999999995052,17.046136313312534,2024-11-11,18.0
17.82999999999811,16.26097279324924,2024-11-11,19.0
12.2280000000016,19.44952206620472,2024-11-11,20.0
33.25600000000122,24.385266355238887,2024-11-11,21.0
24.564319568808,31.787985860318027,2024-11-11,22.0
37.52000000000408,25.223594739937596,2024-11-11,23.0
20.42399999999907,21.84858228008999,2024-11-11,24.0
26.81000000000131,19.37666010231224,2024-11-11,25.0
11.6680000000051,14.412052627936506,2024-11-11,26.0
21.2580000000054,17.38623101472145,2024-11-11,27.0
12.77599999999802,22.723490994285672,2024-11-11,28.0
19.220000000001164,19.995895323885843,2024-11-11,29.0
25.575999999993652,24.012916100182473,2024-11-11,30.0
30.080000000001743,34.841219445714366,2024-11-11,31.0
25.0320000000065,41.85481370530155,2024-11-11,32.0
10.331999999994878,18.985461907780056,2024-11-11,33.0
12.376000000003842,17.549436901107807,2024-11-11,34.0
27.86800000000221,23.151569252267077,2024-11-11,35.0
8.82800000000378,12.148323373529418,2024-11-11,36.0
38.27999999999884,41.23392925622689,2024-11-11,37.0
13.2599999999984,14.53971775934175,2024-11-11,38.0
10.948000000003958,16.876607224603475,2024-11-11,39.0
22.599999999998545,21.193230632715444,2024-11-12,1.0
28.94799999999668,34.69049170158723,2024-11-12,2.0
19.07999999999447,21.803484383940436,2024-11-12,3.0
18.0,37.25133317509599,2024-11-12,4.0
2.12000000000262,15.965633784126634,2024-11-12,5.0
28.8799999999974,34.85893530901641,2024-11-12,6.0
43.84800000000541,24.816271737872164,2024-11-12,7.0
10.432000000000698,23.435868548104757,2024-11-12,8.0
22.852000000006228,25.786523954739653,2024-11-12,9.0
18.360000000000586,28.36819332095215,2024-11-12,10.0
10.5080000000016,17.860229873844535,2024-11-12,11.0
13.520000000000437,8.868224592166651,2024-11-12,12.0
28.1019999999937,30.60103912634927,2024-11-12,13.0
32.47200000000157,32.147070682539635,2024-11-12,14.0
16.2800000000011,26.5135493950866,2024-11-12,15.0
27.12800000000425,31.372879017444507,2024-11-12,16.0
12.699999999998909,8.766301504761856,2024-11-12,17.0
23.080000000001743,16.85325243297556,2024-11-12,18.0
12.88000000000102,18.593473155001178,2024-11-12,19.0
21.62999999999738,16.670968724006556,2024-11-12,20.0
26.4109999999966,23.590244124444517,2024-11-12,21.0
19.57600000000093,29.498129285079333,2024-11-12,22.0
7.216000000000349,25.00799728489349,2024-11-12,23.0
23.33600000000297,27.22743736689256,2024-11-12,24.0
21.25,19.888904480826163,2024-11-12,25.0
16.39999999999418,18.42274107682849,2024-11-12,26.0
14.86399999999412,18.636481127203687,2024-11-12,27.0
11.5428000000017,25.961405736856275,2024-11-12,28.0
18.891999999999825,21.37949527012974,2024-11-12,29.0
22.4628000000072,24.92844412276925,2024-11-12,30.0
44.1359999999986,34.3386988279365,2024-11-12,31.0
53.55199999999604,42.24693789523057,2024-11-12,32.0
10.680000000000293,18.287512283978938,2024-11-12,33.0
18.77199999999721,16.790341914168135,2024-11-12,34.0
35.720000000001164,21.841455701760424,2024-11-12,35.0
14.360000000000582,14.20985366762854,2024-11-12,36.0
49.76800000000367,41.38431533392925,2024-11-12,37.0
10.790000000000871,16.46999398278986,2024-11-12,38.0
27.943999999995867,17.817607185460226,2024-11-12,39.0
7.47200000000117,20.962605622414493,2024-11-13,1.0
24.2109999999995,29.162430344015597,2024-11-13,2.0
20.020000000004075,23.42159976658009,2024-11-13,3.0
28.2960000000021,39.22849440859647,2024-11-13,4.0
2.091999999996915,12.21916790245304,2024-11-13,5.0
47.80000000000291,37.924086344358805,2024-11-13,6.0
37.167999999997846,30.59699883981613,2024-11-13,7.0
18.27199999999721,23.007206485714313,2024-11-13,8.0
25.7199999999939,25.558461543993722,2024-11-13,9.0
11.5028000000008,25.547765701388187,2024-11-13,10.0
21.82800000000134,18.467861683268083,2024-11-13,11.0
8.869999999998981,11.468923843566639,2024-11-13,12.0
9.488000000004831,30.316615738303195,2024-11-13,13.0
32.5679999999993,33.09962756825401,2024-11-13,14.0
35.97599999999511,25.094414371745707,2024-11-13,15.0
25.599999999998545,33.0666524279364,2024-11-13,16.0
9.710000000000946,8.719430828571419,2024-11-13,17.0
17.468000000000757,15.75979610267409,2024-11-13,18.0
24.90999999999985,18.645215781745577,2024-11-13,19.0
14.290000000000871,15.07242776445875,2024-11-13,20.0
23.2579999999981,25.21863574800947,2024-11-13,21.0
7.99199999999837,29.725652074285687,2024-11-13,22.0
29.42399999999907,27.199642198234024,2024-11-13,23.0
29.731999999996333,25.72051397841241,2024-11-13,24.0
21.610000000000586,19.115390439066704,2024-11-13,25.0
19.872000000003027,18.328642771532184,2024-11-13,26.0
20.66800000000512,20.236464569523818,2024-11-13,27.0
35.080000000001746,23.1990526847355,2024-11-13,28.0
20.5199999999968,19.628883481442728,2024-11-13,29.0
23.247999999999596,24.08455578236046,2024-11-13,30.0
38.18399999999383,33.988598325252944,2024-11-13,31.0
62.54800000000978,46.68553293272439,2024-11-13,32.0
11.5480000000025,17.666702360831366,2024-11-13,33.0
16.332000000002154,16.78377435872993,2024-11-13,34.0
12.1120000000018,23.243015286807196,2024-11-13,35.0
26.76799999999639,14.304190668641818,2024-11-13,36.0
39.89199999999983,44.204694960862106,2024-11-13,37.0
19.959999999999127,14.174740181741084,2024-11-13,38.0
22.908000000003085,17.449428275676873,2024-11-13,39.0
10.4799999999959,14.446234191693012,2024-11-14,1.0
18.268000000003667,31.622199990476293,2024-11-14,2.0
23.50800000000163,27.44659727301568,2024-11-14,3.0
36.06399999999849,31.502520307301648,2024-11-14,4.0
0.810999999998079,12.880963123809588,2024-11-14,5.0
43.36000000000058,35.08300928201503,2024-11-14,6.0
29.10399999999936,29.253694925713862,2024-11-14,7.0
25.0280000000009,25.787091291137926,2024-11-14,8.0
21.32800000000134,23.893159248420993,2024-11-14,9.0
10.7999999999956,26.656591545558772,2024-11-14,10.0
8.18280000000101,16.727765515371498,2024-11-14,11.0
8.080000000001746,10.458346346897518,2024-11-14,12.0
48.4519999999975,30.09916796490049,2024-11-14,13.0
25.648000000001,30.74908411237784,2024-11-14,14.0
27.68000000000029,25.150032585396914,2024-11-14,15.0
38.12000000000262,29.374252080774518,2024-11-14,16.0
10.180000000000293,7.507891226839929,2024-11-14,17.0
14.982800000004,14.560720994225681,2024-11-14,18.0
14.979999999999563,15.744693490911407,2024-11-14,19.0
10.109999999999,16.487571425363985,2024-11-14,20.0
30.222800000002,25.84309188253949,2024-11-14,21.0
62.63199999999779,29.75098822775146,2024-11-14,22.0
19.60800000000017,22.327522321270056,2024-11-14,23.0
23.788000000000466,26.246752748571513,2024-11-14,24.0
18.590000000000146,21.020615010100975,2024-11-14,25.0
8.659999999996217,17.728463236595193,2024-11-14,26.0
23.31999999999971,19.888422481768476,2024-11-14,27.0
19.76000000000204,25.771210853333244,2024-11-14,28.0
22.9360000000011,21.515774570283483,2024-11-14,29.0
17.299999999995634,27.143632753054824,2024-11-14,30.0
14.1028000000066,37.39356097143609,2024-11-14,31.0
67.33999999999651,42.04558854631299,2024-11-14,32.0
24.0199999999968,16.331734148056427,2024-11-14,33.0
21.167999999997846,17.978905521851097,2024-11-14,34.0
24.951999999997497,25.240503627878542,2024-11-14,35.0
10.760000000002,15.242728543685477,2024-11-14,36.0
25.739999999997963,41.75138712353351,2024-11-14,37.0
11.6599999999999,15.154360978779184,2024-11-14,38.0
19.659999999996217,16.810915659779102,2024-11-14,39.0
10.232000000003609,16.358487714285967,2024-11-15,1.0
16.76,29.231137341850946,2024-11-15,2.0
16.383999999998196,21.611838336508022,2024-11-15,3.0
52.96799999999348,31.528288766456114,2024-11-15,4.0
0.1360000000058789,13.00340346666673,2024-11-15,5.0
36.38799999999901,40.50785796719666,2024-11-15,6.0
26.735999999997148,31.146965528427128,2024-11-15,7.0
28.86800000000221,21.80321581650796,2024-11-15,8.0
21.1120000000018,23.76811681960846,2024-11-15,9.0
19.0880000000025,25.62497481935348,2024-11-15,10.0
14.319999999999707,16.808602479715855,2024-11-15,11.0
8.209999999999127,11.724970247058485,2024-11-15,12.0
39.37999999999738,28.367593428772146,2024-11-15,13.0
32.391999999999825,32.2304297333332,2024-11-15,14.0
26.639999999999414,25.330081357849007,2024-11-15,15.0
37.21999999999389,25.516232587208627,2024-11-15,16.0
3.289999999999054,10.47941521904754,2024-11-15,17.0
17.535999999992782,14.476838841132183,2024-11-15,18.0
23.709999999999127,17.80499360656299,2024-11-15,19.0
11.3899999999994,14.590142973114972,2024-11-15,20.0
26.44800000000396,25.02884796202555,2024-11-15,21.0
49.92000000000553,25.040943875462013,2024-11-15,22.0
36.45999999999913,19.816827678702104,2024-11-15,23.0
18.4120000000039,22.930676013333265,2024-11-15,24.0
17.56999999999971,21.913892103159405,2024-11-15,25.0
11.372000000003,19.08921948494142,2024-11-15,26.0
11.1800000000003,17.797381455814627,2024-11-15,27.0
24.247999999999596,23.883193781215294,2024-11-15,28.0
19.99199999999837,20.340038135930698,2024-11-15,29.0
36.18800000000192,24.868725079214705,2024-11-15,30.0
24.54399999999441,31.53864975619081,2024-11-15,31.0
29.520000000004075,44.48590033357902,2024-11-15,32.0
25.4800000000032,13.079165038926451,2024-11-15,33.0
14.5280000000009,17.493010029632575,2024-11-15,34.0
16.747999999999593,20.792031601904757,2024-11-15,35.0
10.61200000000099,14.118301279195233,2024-11-15,36.0
44.512000000002445,42.78600223365055,2024-11-15,37.0
6.069999999999709,14.206226207611344,2024-11-15,38.0
16.4280000000023,19.572592456317,2024-11-15,39.0
31.6559999999954,19.478046533455313,2024-11-16,1.0
25.7679411198374,27.300710401904905,2024-11-16,2.0
28.88799999999901,23.707892926984204,2024-11-16,3.0
45.60000000000582,30.215560719993892,2024-11-16,4.0
0.7439999999987776,14.214928142857092,2024-11-16,5.0
52.17199999999866,37.12943741290044,2024-11-16,6.0
37.4800000000032,33.368692863611805,2024-11-16,7.0
27.187999999994645,23.403134639999784,2024-11-16,8.0
28.148000000001048,26.984135730828008,2024-11-16,9.0
39.47200000000157,27.07977581904733,2024-11-16,10.0
7.89600000000064,20.2250753746032,2024-11-16,11.0
9.43999999999869,10.893129383961698,2024-11-16,12.0
25.26000000000204,28.800130193694393,2024-11-16,13.0
41.5679999999993,31.83328628139817,2024-11-16,14.0
20.07200000000012,26.211055099851478,2024-11-16,15.0
38.62800000000425,31.255252155076136,2024-11-16,16.0
9.62800000000124,13.352088243480052,2024-11-16,17.0
18.03200000000652,16.74194465040031,2024-11-16,18.0
13.7300000000032,19.913836594535802,2024-11-16,19.0
9.2300000000032,17.409013990402094,2024-11-16,20.0
30.839999999996508,27.924230850130915,2024-11-16,21.0
25.3937166841988,30.32792836443888,2024-11-16,22.0
37.69999999999709,25.478925210476334,2024-11-16,23.0
14.0,25.917571216825568,2024-11-16,24.0
25.799999999999272,22.843510872641165,2024-11-16,25.0
11.9879999999976,20.382848270188248,2024-11-16,26.0
19.791999999994005,20.962074208546532,2024-11-16,27.0
22.99199999999837,27.496875260317463,2024-11-16,28.0
11.4320000000007,22.110956510202616,2024-11-16,29.0
19.639999999999414,26.15286264444459,2024-11-16,30.0
36.39999999999418,32.55474198689441,2024-11-16,31.0
74.73999999999069,48.321635787966706,2024-11-16,32.0
14.927999999999884,15.943608172752223,2024-11-16,33.0
5.739999999997963,20.510138461441223,2024-11-16,34.0
25.548000000002503,24.706650157774796,2024-11-16,35.0
8.980000000003201,19.1590226971427,2024-11-16,36.0
48.78800000000047,40.57877767301581,2024-11-16,37.0
16.090000000000146,20.8115644660069,2024-11-16,38.0
17.192000000002736,21.913826725546897,2024-11-16,39.0
16.463999999999942,18.539560305281768,2024-11-17,1.0
33.7704710170019,25.449438071111377,2024-11-17,2.0
11.5679999999993,25.420538597796792,2024-11-17,3.0
28.79200000000128,36.67609966857119,2024-11-17,4.0
0.1480000000010477,11.152719505627742,2024-11-17,5.0
36.96800000000076,35.55134988029839,2024-11-17,6.0
36.08000000000175,40.49736514765459,2024-11-17,7.0
23.07200000000012,25.69359250268986,2024-11-17,8.0
27.76000000000204,27.0889483041268,2024-11-17,9.0
17.667999999997846,26.249906133333216,2024-11-17,10.0
13.943999999995867,19.546216322072564,2024-11-17,11.0
7.350000000002183,11.948456295238174,2024-11-17,12.0
35.73999999999796,30.413790161706032,2024-11-17,13.0
32.102000000001,35.933166098008535,2024-11-17,14.0
33.84800000000541,28.770728918095216,2024-11-17,15.0
30.33199999999488,34.65693235987388,2024-11-17,16.0
5.449999999998909,12.090800342857245,2024-11-17,17.0
11.3399999999965,17.90233207619047,2024-11-17,18.0
26.2699999999968,18.006692834503717,2024-11-17,19.0
19.049999999999272,16.862450606605734,2024-11-17,20.0
26.880000000004657,29.188837184464735,2024-11-17,21.0
70.69599999999627,30.282237238846307,2024-11-17,22.0
17.0,25.285488737777793,2024-11-17,23.0
45.1099999999953,27.595657198095093,2024-11-17,24.0
12.729999999999563,26.16460261557455,2024-11-17,25.0
18.460000000006403,18.65811123150185,2024-11-17,26.0
20.80000000000291,20.998892014603346,2024-11-17,27.0
13.247999999999593,25.62852571238086,2024-11-17,28.0
19.20799999999872,23.801491619065633,2024-11-17,29.0
28.360000000000586,28.28880557142864,2024-11-17,30.0
33.9360000000011,33.60189079373742,2024-11-17,31.0
48.820000000006985,43.05532648787104,2024-11-17,32.0
24.47200000000157,19.14503367393659,2024-11-17,33.0
11.0,20.016829149206252,2024-11-17,34.0
5.951999999997497,25.12856358730155,2024-11-17,35.0
19.1019999999937,17.603415502728787,2024-11-17,36.0
25.1199999999962,40.94688139428567,2024-11-17,37.0
10.9099999999999,16.773511440506624,2024-11-17,38.0
20.695999999996275,23.815410024255314,2024-11-17,39.0
7.628000000004249,20.830044132742522,2024-11-18,1.0
17.52354,23.849582669978602,2024-11-18,2.0
19.61200000000099,23.27729299999998,2024-11-18,3.0
47.00800000000163,34.03780432606615,2024-11-18,4.0
0.119999999996217,13.375171152380897,2024-11-18,5.0
42.83200000000216,37.81669276063307,2024-11-18,6.0
31.651999999994587,35.217612019047415,2024-11-18,7.0
11.2320000000036,23.14647660190484,2024-11-18,8.0
33.091999999996915,24.60730827853607,2024-11-18,9.0
19.239999999997963,24.69768890514682,2024-11-18,10.0
12.2579999999981,15.550872125457378,2024-11-18,11.0
7.529999999998836,11.66518598950698,2024-11-18,12.0
24.00800000000163,28.795609888946505,2024-11-18,13.0
32.79200000000128,33.408780693935206,2024-11-18,14.0
23.583999999995285,24.93719771047629,2024-11-18,15.0
39.60000000000582,32.51470163998704,2024-11-18,16.0
12.760000000000218,10.963424235334712,2024-11-18,17.0
10.6200000000026,18.732478171428617,2024-11-18,18.0
20.350000000002183,18.0356851260973,2024-11-18,19.0
14.75,14.056844208507268,2024-11-18,20.0
24.1119999999946,25.49758532888885,2024-11-18,21.0
27.47200000000157,30.416273104804503,2024-11-18,22.0
39.38000000000466,27.838304695238026,2024-11-18,23.0
24.62800000000425,24.376803163809424,2024-11-18,24.0
20.75,22.221075257142726,2024-11-18,25.0
11.4319999999925,14.567549911789746,2024-11-18,26.0
16.37600000000384,19.681310261858247,2024-11-18,27.0
25.79200000000128,22.079901256117033,2024-11-18,28.0
11.4280000000023,20.57012024148552,2024-11-18,29.0
30.4109999999966,26.283428788728628,2024-11-18,30.0
31.2880000000104,31.950435786666883,2024-11-18,31.0
41.76799999999639,46.25155297590238,2024-11-18,32.0
22.44799999999668,18.113568547008875,2024-11-18,33.0
20.288000000000466,17.403022817884025,2024-11-18,34.0
28.6999999999971,23.511845212338688,2024-11-18,35.0
10.81600000000617,15.32829308669085,2024-11-18,36.0
45.5880000000025,42.84207579363809,2024-11-18,37.0
14.170000000001892,15.133105509023627,2024-11-18,38.0
21.952000000004773,19.871064007158445,2024-11-18,39.0
25.8399999999965,14.561201673410611,2024-11-19,1.0
27.590000000000146,27.125057270407073,2024-11-19,2.0
27.919999999998254,22.277411052698383,2024-11-19,3.0
38.59199999998964,34.44942028659375,2024-11-19,4.0
0.7320000000036089,9.143151357460265,2024-11-19,5.0
46.59999999999855,34.6881471386551,2024-11-19,6.0
32.7280000000052,35.66270632948653,2024-11-19,7.0
24.847999999998137,23.739860368254053,2024-11-19,8.0
23.648000000001048,24.990556660716475,2024-11-19,9.0
26.61200000000099,21.7797084331037,2024-11-19,10.0
13.260000000002035,16.414224181165793,2024-11-19,11.0
6.5799999999981,9.225173900523055,2024-11-19,12.0
39.17199999999866,30.163877895850504,2024-11-19,13.0
35.667999999997846,31.180613838729887,2024-11-19,14.0
20.57600000000093,25.907746028571513,2024-11-19,15.0
54.02799999999843,31.087616314285565,2024-11-19,16.0
12.460000000000946,7.978532373737367,2024-11-19,17.0
16.139999999999418,17.13194813881576,2024-11-19,18.0
12.739999999997965,21.25007508753795,2024-11-19,19.0
17.2599999999985,13.769883857740735,2024-11-19,20.0
23.10800000000017,29.28767612257727,2024-11-19,21.0
27.648000000001048,38.49089224059625,2024-11-19,22.0
4.639999999999418,24.800701705132493,2024-11-19,23.0
22.599999999998545,26.209085105116653,2024-11-19,24.0
24.709999999999127,21.859976653306987,2024-11-19,25.0
4.960000000006403,13.518734995194103,2024-11-19,26.0
11.7439999999988,20.544018129129487,2024-11-19,27.0
11.6880000000019,21.819529700888904,2024-11-19,28.0
19.192000000002736,21.605561266555853,2024-11-19,29.0
22.4800000000032,25.692923445459545,2024-11-19,30.0
31.263999999995576,32.01399199936504,2024-11-19,31.0
52.03200000000652,50.83841282166881,2024-11-19,32.0
17.8628000000014,20.246038048109064,2024-11-19,33.0
10.5028000000008,15.91438567931445,2024-11-19,34.0
3.427999999999884,21.404098473501314,2024-11-19,35.0
19.063999999998487,13.053099594285635,2024-11-19,36.0
49.25200000000041,37.019618856149854,2024-11-19,37.0
10.9799999999996,14.83733334897581,2024-11-19,38.0
21.55999999999767,21.584662073015924,2024-11-19,39.0
8.20000000000437,15.101882875165554,2024-11-20,1.0
30.305999999996857,26.982143869205988,2024-11-20,2.0
22.667999999997846,24.381299761865353,2024-11-20,3.0
38.9600000000064,37.831095394108814,2024-11-20,4.0
1.495999999999185,8.473928411428469,2024-11-20,5.0
41.23999999999796,32.233660606933555,2024-11-20,6.0
25.0,32.79793476000042,2024-11-20,7.0
23.05999999999767,24.209290948571603,2024-11-20,8.0
22.351999999998952,22.516792564126835,2024-11-20,9.0
38.85599999999977,22.61849869668644,2024-11-20,10.0
18.12000000000262,17.33160038786383,2024-11-20,11.0
12.2300000000032,7.735134028571369,2024-11-20,12.0
11.9000000000011,34.78263676773008,2024-11-20,13.0
31.747999999999596,31.284390205713994,2024-11-20,14.0
27.512000000002445,26.561811301335602,2024-11-20,15.0
29.256000000001222,32.23263521206341,2024-11-20,16.0
12.229999999999563,6.925931257142906,2024-11-20,17.0
12.531999999999243,18.42979307847264,2024-11-20,18.0
25.850000000002183,21.297195942767605,2024-11-20,19.0
22.4280000000023,15.98817265575879,2024-11-20,20.0
26.419999999998254,26.669661240390013,2024-11-20,21.0
49.55199999999604,41.45609962823253,2024-11-20,22.0
4.267999999996391,27.356820528503658,2024-11-20,23.0
16.731999999996333,22.997052043564103,2024-11-20,24.0
19.7280000000016,21.113091459057394,2024-11-20,25.0
23.127999999996973,15.229886195334918,2024-11-20,26.0
16.135999999998603,20.450374300709445,2024-11-20,27.0
23.639999999999414,25.07508732485992,2024-11-20,28.0
14.907999999995807,17.64719889277972,2024-11-20,29.0
26.57200000000012,23.551684906736156,2024-11-20,30.0
37.48799999999756,29.36409100952382,2024-11-20,31.0
33.9109999999966,51.333757525057635,2024-11-20,32.0
8.87999999999738,21.51916873438932,2024-11-20,33.0
23.12800000000425,17.514556908781643,2024-11-20,34.0
11.2820000000029,22.020142909951872,2024-11-20,35.0
25.0,15.211724600640828,2024-11-20,36.0
53.299999999995634,35.525221687146335,2024-11-20,37.0
13.290000000000871,14.876113384320528,2024-11-20,38.0
21.31999999999971,21.40333248842218,2024-11-20,39.0
7.979999999995925,20.010036695873016,2024-11-21,1.0
36.26800000000125,24.793326241479278,2024-11-21,2.0
22.4320000000007,22.299958295237904,2024-11-21,3.0
31.8228000000078,37.750151660715005,2024-11-21,4.0
1.051999999996042,10.70847431428571,2024-11-21,5.0
28.0559999999969,42.539056046366134,2024-11-21,6.0
35.68000000000029,34.13339621587282,2024-11-21,7.0
23.0280000000008,22.78163740869487,2024-11-21,8.0
21.6560000000027,23.206961503717885,2024-11-21,9.0
10.252000000000407,23.6335167700958,2024-11-21,10.0
16.81999999999971,15.2725442059882,2024-11-21,11.0
12.9799999999995,10.248910793650722,2024-11-21,12.0
35.419999999998254,33.578797099962976,2024-11-21,13.0
6.11200000000186,33.169973142857096,2024-11-21,14.0
19.927999999999884,26.318560232393246,2024-11-21,15.0
39.5280000000009,36.41122279520281,2024-11-21,16.0
7.75,10.836720314285778,2024-11-21,17.0
2.559999999997672,15.49880742291381,2024-11-21,18.0
13.549999999999272,18.11697907397555,2024-11-21,19.0
22.669999999998254,15.308241892327834,2024-11-21,20.0
17.7280000000052,25.83138373760794,2024-11-21,21.0
0.720000000001064,45.079290776225,2024-11-21,22.0
12.6228000000025,23.54231762139326,2024-11-21,23.0
29.49200000000565,21.077503790459776,2024-11-21,24.0
21.1199999999998,19.363221894794528,2024-11-21,25.0
22.739999999997963,13.025496355555585,2024-11-21,26.0
20.67199999999866,16.685313625434137,2024-11-21,27.0
30.55999999999767,22.63525739552661,2024-11-21,28.0
8.52800000000087,16.5196827176681,2024-11-21,29.0
28.1200000000026,23.289125123544846,2024-11-21,30.0
39.25625,28.825318870793843,2024-11-21,31.0
31.66799999999057,48.513829952893964,2024-11-21,32.0
20.506666666663172,22.699951589342476,2024-11-21,33.0
18.739999999997963,16.730755260348293,2024-11-21,34.0
25.063999999998487,18.84852068401961,2024-11-21,35.0
12.919999999998254,13.557974582707933,2024-11-21,36.0
29.632000000005064,38.132723974035,2024-11-21,37.0
16.899999999997817,13.241989726344865,2024-11-21,38.0
14.0,20.483739710564706,2024-11-21,39.0
7.60800000000017,19.839798014602994,2024-11-22,1.0
16.76666666666696,26.59777353304257,2024-11-22,2.0
22.581333333332925,22.364809841613656,2024-11-22,3.0
38.1679999999905,40.378481412390904,2024-11-22,4.0
16.7685290359855,9.811588384127031,2024-11-22,5.0
28.2559999999969,40.30188108065986,2024-11-22,6.0
25.9519999999975,32.630378005207554,2024-11-22,7.0
26.6080000000026,25.44760561325412,2024-11-22,8.0
27.26266666666682,28.280762015261978,2024-11-22,9.0
10.5800000000017,26.486545601572423,2024-11-22,10.0
10.9720000000011,16.834120331951375,2024-11-22,11.0
9.546666666666471,8.516644599999855,2024-11-22,12.0
45.22000000000117,34.21056496051714,2024-11-22,13.0
36.0746666666649,35.17888480824833,2024-11-22,14.0
21.0799999999944,27.359961672900617,2024-11-22,15.0
26.657333333329007,36.72041161478249,2024-11-22,16.0
10.2299999999995,9.1615872644688,2024-11-22,17.0
13.927999999999884,14.555478197391988,2024-11-22,18.0
23.32999999999811,20.739913399358265,2024-11-22,19.0
24.3899999999994,12.906061339657583,2024-11-22,20.0
10.0,29.818819402327197,2024-11-22,21.0
27.1496338476802,43.43155848557983,2024-11-22,22.0
38.375999999996566,25.182230002791865,2024-11-22,23.0
20.7679999999963,27.12997052986774,2024-11-22,24.0
17.6188868980617,21.18826757805163,2024-11-22,25.0
23.6920000000027,15.90741052456085,2024-11-22,26.0
20.9000000000014,19.81993271413563,2024-11-22,27.0
18.1120000000018,20.42301559050461,2024-11-22,28.0
12.5800000000017,19.130167365594435,2024-11-22,29.0
24.5666451412802,28.075671666666913,2024-11-22,30.0
35.1285330363076,30.6139281521339,2024-11-22,31.0
36.94799999999911,43.78312101397389,2024-11-22,32.0
13.5880000000025,18.24772340222145,2024-11-22,33.0
16.9199999999982,16.18392702774962,2024-11-22,34.0
14.61866666666659,18.572772687032867,2024-11-22,35.0
41.0160000000032,13.411659140422868,2024-11-22,36.0
25.29599999999482,41.86855387427072,2024-11-22,37.0
12.1100000000014,11.533458396349706,2024-11-22,38.0
10.648000000001,20.553195271129788,2024-11-22,39.0
21.0644451087679,16.422786336704274,2024-11-23,1.0
35.14931383994347,25.468165830632966,2024-11-23,2.0
20.39999999999903,22.680063590190628,2024-11-23,3.0
25.7120000000044,37.39259704895889,2024-11-23,4.0
17.2250394305583,10.788040276190474,2024-11-23,5.0
44.217333333333954,38.43042557411483,2024-11-23,6.0
25.0428000000017,37.04559020458288,2024-11-23,7.0
21.56933333333048,25.51767847674602,2024-11-23,8.0
25.6893333333331,25.8856010152803,2024-11-23,9.0
32.27999999999884,29.507869686349363,2024-11-23,10.0
8.56533333332552,18.136783798507718,2024-11-23,11.0
5.89333333333253,10.73966636402976,2024-11-23,12.0
42.2720000000044,29.787038222444995,2024-11-23,13.0
25.4920000000008,30.29282488696976,2024-11-23,14.0
21.560000000000095,27.79068469206328,2024-11-23,15.0
25.3626666666702,35.36391163955639,2024-11-23,16.0
10.6533333333336,10.27556369753494,2024-11-23,17.0
19.632000000005064,10.701124384126905,2024-11-23,18.0
21.3700000000026,22.664948982277455,2024-11-23,19.0
13.4146824620561,17.200130750910816,2024-11-23,20.0
25.0741814752807,25.183148415873,2024-11-23,21.0
25.2425759607941,33.492804600122085,2024-11-23,22.0
25.9120000000039,22.725544327618817,2024-11-23,23.0
26.1904379950293,26.267110260952226,2024-11-23,24.0
17.6966801264911,21.908344717969726,2024-11-23,25.0
13.9416888999024,15.258814816458026,2024-11-23,26.0
17.5395544965633,19.16232204772264,2024-11-23,27.0
36.08000000000175,20.65661879566198,2024-11-23,28.0
18.471999999999145,17.093625295888135,2024-11-23,29.0
23.0554418284782,27.538215480397483,2024-11-23,30.0
25.2850582630103,35.795252257489075,2024-11-23,31.0
61.23733333333075,44.351134635149386,2024-11-23,32.0
17.971999999999145,21.29533482326655,2024-11-23,33.0
6.797333333333275,17.1221798349329,2024-11-23,34.0
33.07600000000093,17.543716934603168,2024-11-23,35.0
12.7844808115864,15.547295431776897,2024-11-23,36.0
25.7839999999996,43.40255887149379,2024-11-23,37.0
10.230928616041,14.247571789682079,2024-11-23,38.0
19.8042253026045,23.37910309022908,2024-11-23,39.0
20.3586109496591,14.913370015455188,2024-11-24,1.0
33.5074903390032,25.82659283429537,2024-11-24,2.0
21.238666666666784,21.813841596095763,2024-11-24,3.0
33.557333333335315,34.727381820649484,2024-11-24,4.0
19.8523961193169,15.425362765079212,2024-11-24,5.0
36.64666666666502,33.99138360634935,2024-11-24,6.0
28.2813333333326,30.553131318241025,2024-11-24,7.0
24.02400000000004,24.20067339212917,2024-11-24,8.0
25.256666666667,23.634221257466987,2024-11-24,9.0
28.41066666666787,26.7550813278704,2024-11-24,10.0
11.8186666666661,16.95764026984155,2024-11-24,11.0
7.480000000000776,10.271956767092814,2024-11-24,12.0
39.68666666666589,29.937308915699443,2024-11-24,13.0
35.80799999999969,28.17355062095249,2024-11-24,14.0
30.97733333333599,29.199982241269392,2024-11-24,15.0
33.170666666665056,34.72487813280856,2024-11-24,16.0
9.619999999999589,11.583521910408274,2024-11-24,17.0
21.4959999999991,11.692071218435146,2024-11-24,18.0
16.8831893973929,20.27826110288814,2024-11-24,19.0
13.9681864385925,18.1560509866818,2024-11-24,20.0
24.2497295422669,26.452050001759183,2024-11-24,21.0
23.4975039172899,34.04518774114639,2024-11-24,22.0
18.9268584720052,23.39350126478724,2024-11-24,23.0
27.7484577845261,25.73079314505043,2024-11-24,24.0
17.6678595660747,20.49282669748803,2024-11-24,25.0
11.3126951892556,16.59397885377385,2024-11-24,26.0
19.6283102541144,18.673773414265224,2024-11-24,27.0
32.3359999999956,21.95384153473616,2024-11-24,28.0
18.9228000000011,16.738431269071615,2024-11-24,29.0
27.852525421081,25.938733297981212,2024-11-24,30.0
35.6542210060469,30.97029212353045,2024-11-24,31.0
44.512000000002445,42.02140671113882,2024-11-24,32.0
23.8293333333259,17.030626773877675,2024-11-24,33.0
17.13066666666661,16.980010499047395,2024-11-24,34.0
10.6879999999971,15.853710462857322,2024-11-24,35.0
16.7132596755648,22.165988543060177,2024-11-24,36.0
37.6730170024785,37.87542598804702,2024-11-24,37.0
12.8115809014445,12.914296896239474,2024-11-24,38.0
24.9551457135823,17.74454490763561,2024-11-24,39.0
14.4980660923169,14.503888439178127,2024-11-25,1.0
21.8423868053066,28.959632687619077,2024-11-25,2.0
23.241333333325,24.011678452236602,2024-11-25,3.0
43.871999999998174,38.26041621222414,2024-11-25,4.0
19.8921061886889,14.50665381269826,2024-11-25,5.0
44.3573333333358,34.53441203156426,2024-11-25,6.0
36.29599999999724,28.95214289206355,2024-11-25,7.0
19.517333333336865,24.085469680952077,2024-11-25,8.0
29.294666666666064,25.62256209597353,2024-11-25,9.0
22.23866666666436,25.557255921737543,2024-11-25,10.0
10.0893333333321,15.004720949206448,2024-11-25,11.0
9.883333333332606,8.735038212698454,2024-11-25,12.0
26.194666666669946,32.81161545472136,2024-11-25,13.0
31.0628000000009,28.434455660952477,2024-11-25,14.0
19.869333333330967,23.76487585519031,2024-11-25,15.0
32.65733333333386,35.209278471746075,2024-11-25,16.0
10.760000000000218,13.61580501449197,2024-11-25,17.0
23.2611505566741,13.315522853403627,2024-11-25,18.0
16.6165086645107,21.29616930919368,2024-11-25,19.0
16.6005794867396,21.337919163584324,2024-11-25,20.0
25.2851872899428,23.779947809523705,2024-11-25,21.0
25.0946916875842,29.811918986435963,2024-11-25,22.0
22.3893250597115,21.180897199420635,2024-11-25,23.0
25.1635812742682,24.339615915710798,2024-11-25,24.0
16.8365953036792,21.97989517572344,2024-11-25,25.0
12.8091072126735,16.494095965052,2024-11-25,26.0
16.3021699682286,18.28082542157423,2024-11-25,27.0
19.9251861144116,25.321642931191146,2024-11-25,28.0
17.480000000000775,17.3956275045177,2024-11-25,29.0
26.6847865826217,26.402734217038304,2024-11-25,30.0
33.7325086652849,32.96863043249939,2024-11-25,31.0
37.80933333333329,44.69836088011424,2024-11-25,32.0
17.850666666665347,17.096385822861922,2024-11-25,33.0
17.85466666666859,17.807860844060656,2024-11-25,34.0
33.80933333333329,19.42267329820986,2024-11-25,35.0
10.9771005397569,20.95823068886602,2024-11-25,36.0
36.3552743699911,37.152359401071365,2024-11-25,37.0
10.9255669376258,14.125859552678543,2024-11-25,38.0
20.9628300650447,21.03536465366187,2024-11-25,39.0
20.1261764411119,14.204852698091651,2024-11-26,1.0
27.590000000000146,30.81954665650771,2024-11-26,2.0
19.6693333333311,20.166500838095295,2024-11-26,3.0
31.522666666666435,36.61119596961648,2024-11-26,4.0
18.9137959431611,14.414409233333242,2024-11-26,5.0
42.05333333333207,36.17610637777818,2024-11-26,6.0
32.33866666667018,30.603258344126843,2024-11-26,7.0
18.529333333332037,24.46993040571444,2024-11-26,8.0
21.85066666666777,25.77769403619067,2024-11-26,9.0
24.86800000000221,25.986411146845562,2024-11-26,10.0
10.773333333335662,16.46605607871538,2024-11-26,11.0
7.68666666666589,9.506480317527034,2024-11-26,12.0
33.84533333333093,36.75818458158153,2024-11-26,13.0
33.55599999999928,29.198546933333176,2024-11-26,14.0
19.441333333333507,26.32876114095231,2024-11-26,15.0
43.7628000000004,33.72396665385849,2024-11-26,16.0
12.129999999999804,11.893669445223392,2024-11-26,17.0
22.0699756484817,15.923142266652777,2024-11-26,18.0
11.2879696610285,22.370645337531528,2024-11-26,19.0
11.3278002624588,19.238736873750074,2024-11-26,20.0
23.6536635936668,22.66323394603176,2024-11-26,21.0
19.2010516810922,24.4036933371429,2024-11-26,22.0
16.6847804779332,23.02147632734783,2024-11-26,23.0
23.0841984754669,25.88146854359757,2024-11-26,24.0
16.7537667998413,23.299781909686725,2024-11-26,25.0
10.5665859070897,17.251232780952584,2024-11-26,26.0
11.5928366105823,16.81330761866211,2024-11-26,27.0
17.1185420222666,24.788101243809454,2024-11-26,28.0
19.6253333333256,17.896699755844196,2024-11-26,29.0
22.3198655725729,25.12230207047631,2024-11-26,30.0
32.4288888079956,34.86109707364195,2024-11-26,31.0
49.61866666666659,44.80687144325264,2024-11-26,32.0
16.73199999999876,15.976023802789891,2024-11-26,33.0
13.3256666666645,17.369711321601326,2024-11-26,34.0
16.302666666667694,16.887152650649817,2024-11-26,35.0
13.7457203873909,21.57226539426303,2024-11-26,36.0
25.9989120206895,35.44140014758822,2024-11-26,37.0
10.3626202562132,14.2106986627428,2024-11-26,38.0
21.0669770748114,22.34076583497194,2024-11-26,39.0
24.0012643971393,14.027908472950047,2024-11-27,1.0
30.2116228702874,28.714026911111475,2024-11-27,2.0
21.066666666668123,20.134262776645404,2024-11-27,3.0
38.3786666666662,39.520500560846905,2024-11-27,4.0
20.7786982806091,11.489301872150445,2024-11-27,5.0
39.39600000000064,41.24174288132103,2024-11-27,6.0
25.0733333333337,29.89262884761933,2024-11-27,7.0
18.95866666666552,24.271310614602974,2024-11-27,8.0
28.766666666665213,23.866234323809664,2024-11-27,9.0
29.2826666666662,26.167176473737218,2024-11-27,10.0
20.21866666666756,16.430081984119727,2024-11-27,11.0
10.6833333333253,10.04181826936396,2024-11-27,12.0
17.1826666666675,31.20244394411912,2024-11-27,13.0
32.6359999999986,25.93239331682567,2024-11-27,14.0
31.495999999999185,24.439717526769506,2024-11-27,15.0
29.3910102899091,31.778857662851486,2024-11-27,16.0
10.0733333333337,11.525891078895437,2024-11-27,17.0
23.1142857329166,17.742862047561005,2024-11-27,18.0
17.1077100532598,19.1175385256208,2024-11-27,19.0
11.076920381025,18.97050171229961,2024-11-27,20.0
25.590658305833,20.780274949205975,2024-11-27,21.0
20.7106961937251,26.523391954285522,2024-11-27,22.0
23.938535725268,18.78369493463744,2024-11-27,23.0
24.3808379987036,24.527660265396754,2024-11-27,24.0
18.4327617177783,20.773180455203857,2024-11-27,25.0
13.8911316141287,18.73216466349207,2024-11-27,26.0
21.3658000612552,17.81278732046731,2024-11-27,27.0
20.599506533894,23.929142514285743,2024-11-27,28.0
17.471999999996722,18.300026713532713,2024-11-27,29.0
23.7683963281802,24.783829594311058,2024-11-27,30.0
38.24728289376,31.26361835492052,2024-11-27,31.0
46.7426666666676,42.02933384783368,2024-11-27,32.0
11.3120000000005,15.946712801565427,2024-11-27,33.0
14.977333333335991,18.612335851089373,2024-11-27,34.0
10.25466666667,21.811964454309507,2024-11-27,35.0
16.676100810038,17.371474229811717,2024-11-27,36.0
33.9589887033011,43.72182598061648,2024-11-27,37.0
12.9813108988569,13.205666276122278,2024-11-27,38.0
22.692713594123,19.15327543799535,2024-11-27,39.0
17.172037247652,13.358355229047843,2024-11-28,1.0
36.26800000000125,28.864584257142887,2024-11-28,2.0
21.693999999999505,19.563842505627793,2024-11-28,3.0
38.63200000000264,35.01598883809516,2024-11-28,4.0
19.1730385883813,14.78198646813146,2024-11-28,5.0
37.45799999999872,36.52347607981319,2024-11-28,6.0
31.6979999999985,30.22176572899382,2024-11-28,7.0
28.28266666666602,22.259990447965414,2024-11-28,8.0
23.82600000000094,21.252653706666873,2024-11-28,9.0
10.597999999998136,23.28758422683921,2024-11-28,10.0
14.447000000000116,15.718641095778715,2024-11-28,11.0
10.2274999999999,9.740086267737997,2024-11-28,12.0
35.26800000000003,36.0753350554526,2024-11-28,13.0
30.878666666668625,25.432551577777783,2024-11-28,14.0
21.220000000001164,22.657358701427242,2024-11-28,15.0
32.5111676720619,30.474524556002514,2024-11-28,16.0
8.11249999999969,11.431549543761584,2024-11-28,17.0
17.1093638995568,16.31274076621103,2024-11-28,18.0
14.6686235646867,18.362107991339496,2024-11-28,19.0
20.0767982511333,17.5674704932583,2024-11-28,20.0
26.2890627148012,17.977701853968146,2024-11-28,21.0
24.5263752600104,21.46859918937872,2024-11-28,22.0
20.3071852141033,21.111803491989487,2024-11-28,23.0
31.0637020422148,22.021077253282513,2024-11-28,24.0
17.28628049797,19.246784243231083,2024-11-28,25.0
13.8182241314103,16.239839735324335,2024-11-28,26.0
19.696906930591,19.101519473015554,2024-11-28,27.0
22.5172004720947,23.302558528304885,2024-11-28,28.0
16.1146666666666,16.3876491534292,2024-11-28,29.0
28.0105667163796,23.409409475078355,2024-11-28,30.0
36.6679084612818,31.603606075832065,2024-11-28,31.0
45.82399999999871,43.38412518109628,2024-11-28,32.0
11.9939999999988,15.99175415022385,2024-11-28,33.0
21.662000000000265,17.551678009844156,2024-11-28,34.0
25.007999999997992,19.413717558008415,2024-11-28,35.0
11.1057162918394,18.663086898991644,2024-11-28,36.0
25.4502936005625,31.25180745184871,2024-11-28,37.0
11.957660798052,12.250612648586104,2024-11-28,38.0
24.8179288967853,20.441629391047897,2024-11-28,39.0
19.3744874171601,16.830692357460407,2024-11-29,1.0
20.766666666667,30.01534368317462,2024-11-29,2.0
22.581333333332925,24.666892141587372,2024-11-29,3.0
43.04199999999399,36.481505055321016,2024-11-29,4.0
16.3535283324148,18.457369304415682,2024-11-29,5.0
41.77699999999896,36.40417483387357,2024-11-29,6.0
26.16499999999905,31.31097992537209,2024-11-29,7.0
28.9659921210641,25.58252829714283,2024-11-29,8.0
31.451228073574,27.365291644444213,2024-11-29,9.0
17.580000000001736,26.433835331869723,2024-11-29,10.0
13.179999999998454,15.06457975212414,2024-11-29,11.0
9.546666666666471,9.34906199653117,2024-11-29,12.0
41.54500000000007,35.25921309206361,2024-11-29,13.0
36.62199999999939,33.256134201710616,2024-11-29,14.0
24.083999999998905,26.749800902857174,2024-11-29,15.0
33.0121928367564,31.673665325729967,2024-11-29,16.0
4.52599999999984,11.822534898293386,2024-11-29,17.0
20.2675772250941,18.159178354748743,2024-11-29,18.0
11.2353068229517,14.198666381112817,2024-11-29,19.0
13.5053761709173,14.474540152381188,2024-11-29,20.0
23.8376766856325,24.94989386666685,2024-11-29,21.0
27.2281246441996,25.35568999413868,2024-11-29,22.0
23.9036099022353,26.02952788571443,2024-11-29,23.0
25.4779445742732,25.062394238095216,2024-11-29,24.0
17.8907244292557,16.474940013651114,2024-11-29,25.0
14.5579503166282,13.806719538496624,2024-11-29,26.0
17.1725363375698,18.243047468763287,2024-11-29,27.0
22.2028874428173,25.224360580952336,2024-11-29,28.0
17.962999999999727,15.45197509142869,2024-11-29,29.0
26.1451677301974,25.234800730908944,2024-11-29,30.0
36.4887961832469,34.94175326375907,2024-11-29,31.0
35.0525584319831,42.46464710590943,2024-11-29,32.0
18.4672824754564,14.338197402016048,2024-11-29,33.0
16.97199999999792,15.599676356534172,2024-11-29,34.0
11.6833333333331,22.651133470321742,2024-11-29,35.0
11.3207294652878,15.992145765620615,2024-11-29,36.0
25.1327009491904,34.653131323376776,2024-11-29,37.0
10.4430160372103,11.4591951766582,2024-11-29,38.0
20.0271123103251,20.929885493188465,2024-11-29,39.0
17.0232000000004,18.491681799213286,2024-11-30,1.0
43.7222800000002,30.07220461834743,2024-11-30,2.0
24.3232000000004,20.021432962248955,2024-11-30,3.0
22.746000000002823,34.19636538983049,2024-11-30,4.0
27.1012000000002,19.804166320070387,2024-11-30,5.0
41.199999999997,35.879431470884434,2024-11-30,6.0
28.8667999999998,30.174487339298047,2024-11-30,7.0
22.5880000000005,21.341590027791028,2024-11-30,8.0
29.7051999999996,29.150246817142932,2024-11-30,9.0
18.3832000000002,25.34111881128325,2024-11-30,10.0
16.1967999999993,14.407728518860617,2024-11-30,11.0
12.2109999999999,8.621267499535223,2024-11-30,12.0
41.4216,31.63021512062202,2024-11-30,13.0
42.9980000000003,29.193587645065556,2024-11-30,14.0
26.1222800000002,24.251643124423705,2024-11-30,15.0
29.3119999999996,31.965064390476055,2024-11-30,16.0
8.02500000000001,11.3462574726538,2024-11-30,17.0
14.663999999997,20.014532602396887,2024-11-30,18.0
19.2809999999998,16.489529048264167,2024-11-30,19.0
20.6728000000002,15.912946276423162,2024-11-30,20.0
25.7267999999996,22.134165463771886,2024-11-30,21.0
26.9368000000002,23.69925098807425,2024-11-30,22.0
37.248,22.076713749206224,2024-11-30,23.0
25.1012000000001,27.62227506236843,2024-11-30,24.0
25.2860000000001,15.32603390744158,2024-11-30,25.0
14.3519999999997,15.230275234622837,2024-11-30,26.0
22.4491999999998,16.816361672369517,2024-11-30,27.0
20.8512000000002,23.989998735144976,2024-11-30,28.0
22.5220000000001,16.13376966359564,2024-11-30,29.0
22.8239999999998,27.160106196946078,2024-11-30,30.0
41.8392000000007,28.297808007610957,2024-11-30,31.0
53.3380000000005,41.45398565358996,2024-11-30,32.0
20.295000000000076,16.420003568107074,2024-11-30,33.0
17.1027999999998,16.544316545747307,2024-11-30,34.0
27.7492000000006,18.786331736385176,2024-11-30,35.0
17.439999999995,14.483250917117683,2024-11-30,36.0
46.8648000000001,32.07246099631056,2024-11-30,37.0
10.277,9.097990161904736,2024-11-30,38.0
19.5103999999999,19.333275779293857,2024-11-30,39.0
11.0,22.643735483052414,2024-12-01,1.0
10.70799999999872,31.418594760317355,2024-12-01,2.0
13.68800000000192,22.117800273165447,2024-12-01,3.0
26.161999999996624,34.91130737416683,2024-12-01,4.0
12.5279999999984,22.909295064589493,2024-12-01,5.0
56.86800000000221,37.332808615316026,2024-12-01,6.0
38.09999999999855,33.02896566222232,2024-12-01,7.0
22.57999999999447,25.7485820053968,2024-12-01,8.0
36.61200000000099,28.067312839507743,2024-12-01,9.0
13.0,25.608785368888764,2024-12-01,10.0
26.10000000000582,17.117322476190665,2024-12-01,11.0
12.099999999998545,8.336001159595913,2024-12-01,12.0
56.95999999999913,32.73691920062696,2024-12-01,13.0
45.17199999999866,33.91807623098499,2024-12-01,14.0
27.927999999999884,25.83900923646035,2024-12-01,15.0
23.68000000000029,35.314343745293996,2024-12-01,16.0
10.8700000000008,10.10466506449158,2024-12-01,17.0
32.88799999999901,22.574296187301357,2024-12-01,18.0
24.459999999999127,16.619956422912793,2024-12-01,19.0
37.38999999999942,16.0089862397287,2024-12-01,20.0
11.0319999999992,26.286377214146622,2024-12-01,21.0
10.8319999999949,27.372107557142826,2024-12-01,22.0
58.3320000000022,22.859348212213163,2024-12-01,23.0
24.44799999999668,27.89841739187552,2024-12-01,24.0
37.79000000000087,18.934348389150227,2024-12-01,25.0
35.80800000000454,14.824146519780369,2024-12-01,26.0
30.5679999999993,19.905755384392084,2024-12-01,27.0
24.93999999999505,25.50411082539665,2024-12-01,28.0
27.83199999999488,20.667379989198587,2024-12-01,29.0
41.95999999999913,27.308913836190698,2024-12-01,30.0
39.92799999999989,36.066435497916196,2024-12-01,31.0
72.47999999999593,42.52842941975839,2024-12-01,32.0
7.288000000000466,15.900458350254503,2024-12-01,33.0
20.29200000000128,19.012697676542693,2024-12-01,34.0
27.38799999999901,21.57221024921725,2024-12-01,35.0
35.599999999998545,14.349649682539713,2024-12-01,36.0
55.0,33.82485329334308,2024-12-01,37.0
14.069999999999707,11.445116123809342,2024-12-01,38.0
24.0679999999993,25.39531592063473,2024-12-01,39.0
22.327999999994063,24.534163702907847,2024-12-02,1.0
9.932000000000698,30.73152701579128,2024-12-02,2.0
25.67199999999866,24.004328722558956,2024-12-02,3.0
28.21066666666593,34.7720632997333,2024-12-02,4.0
26.192000000002736,26.93682269413616,2024-12-02,5.0
51.512000000002445,33.21372146310073,2024-12-02,6.0
32.84800000000541,29.55895733333327,2024-12-02,7.0
24.10000000000582,24.808152692743594,2024-12-02,8.0
26.728000000002798,29.01966849939827,2024-12-02,9.0
22.2879999999958,24.648415919179918,2024-12-02,10.0
16.531999999999243,21.14293386095258,2024-12-02,11.0
9.659999999999854,9.8220016765156,2024-12-02,12.0
42.4320000000007,31.956055859244795,2024-12-02,13.0
39.78800000000047,33.504292832168666,2024-12-02,14.0
32.099999999998545,25.478507245537774,2024-12-02,15.0
17.31999999999971,31.89957023077297,2024-12-02,16.0
10.169999999998254,9.812950298791774,2024-12-02,17.0
18.5280000000009,26.68346826371611,2024-12-02,18.0
25.56000000000131,17.138634486157436,2024-12-02,19.0
29.0099999999984,18.05845558379517,2024-12-02,20.0
43.88000000000466,24.691736526645585,2024-12-02,21.0
41.1010657061893,27.272054512323734,2024-12-02,22.0
49.6109999999937,24.51154555765872,2024-12-02,23.0
21.1120000000018,27.36870504862404,2024-12-02,24.0
27.07999999999447,20.813518928452762,2024-12-02,25.0
18.471999999994296,19.49450589477077,2024-12-02,26.0
32.832000000002154,21.257374264092654,2024-12-02,27.0
27.50800000000163,22.512422114454694,2024-12-02,28.0
27.94800000000396,21.615968384366596,2024-12-02,29.0
27.167999999997846,23.45160192597978,2024-12-02,30.0
28.8879999999917,34.206244072380684,2024-12-02,31.0
56.03200000000652,44.50356697420223,2024-12-02,32.0
7.292000000001281,17.747746895897293,2024-12-02,33.0
6.82800000000378,18.07905089782422,2024-12-02,34.0
41.59999999999855,21.890423383501943,2024-12-02,35.0
18.53200000000652,16.13060482198138,2024-12-02,36.0
61.9000000000011,30.73798389318357,2024-12-02,37.0
12.539999999997235,14.13995194966307,2024-12-02,38.0
12.260000000002035,24.257928929949735,2024-12-02,39.0
36.28000000000611,22.17620323821838,2024-12-03,1.0
12.0879999999961,27.174835409523695,2024-12-03,2.0
19.29599999999482,24.147192946031502,2024-12-03,3.0
22.2119999999955,36.83977882158758,2024-12-03,4.0
17.760000000002037,23.634112038540206,2024-12-03,5.0
60.61999999999534,35.831025275586875,2024-12-03,6.0
38.1199999999962,29.449103771428582,2024-12-03,7.0
22.627999999996973,25.826340219047673,2024-12-03,8.0
28.0199999999968,27.10005049714288,2024-12-03,9.0
13.872000000003029,22.605006158229365,2024-12-03,10.0
10.4119999999974,19.121894632463732,2024-12-03,11.0
10.8280000000001,12.712612413140354,2024-12-03,12.0
48.61999999999534,32.26936557241059,2024-12-03,13.0
45.65199999999459,32.06958826234567,2024-12-03,14.0
26.560000000004948,25.022805284444193,2024-12-03,15.0
23.9320000000007,30.914906797834274,2024-12-03,16.0
13.19000000000051,8.865723838095395,2024-12-03,17.0
31.9280000000023,26.749421033631013,2024-12-03,18.0
14.5280000000009,16.596669125044915,2024-12-03,19.0
13.260000000002035,21.76843200266677,2024-12-03,20.0
19.360000000000586,25.296942771428412,2024-12-03,21.0
35.4989042103963,23.86925032571432,2024-12-03,22.0
37.92000000000553,24.87562086137847,2024-12-03,23.0
25.17599999999948,26.22355580790909,2024-12-03,24.0
29.770000000004075,26.07228289453331,2024-12-03,25.0
19.80000000000291,17.68191250943848,2024-12-03,26.0
22.927999999999884,23.612388857142985,2024-12-03,27.0
24.252000000000407,22.62553304551295,2024-12-03,28.0
38.78800000000047,23.134243790476358,2024-12-03,29.0
32.75200000000041,26.398195805079244,2024-12-03,30.0
44.552000000010594,34.31647479899181,2024-12-03,31.0
63.19999999999709,40.70823920406008,2024-12-03,32.0
7.33200000000211,16.886032895237985,2024-12-03,33.0
12.5280000000009,19.38041875355563,2024-12-03,34.0
23.5028000000008,21.48785141269851,2024-12-03,35.0
18.19999999999709,17.687900593302768,2024-12-03,36.0
53.908000000003085,35.992082766360376,2024-12-03,37.0
13.80000000000291,12.873463522594488,2024-12-03,38.0
24.599999999998545,24.009529461288935,2024-12-03,39.0
19.0109999999952,22.52071006793321,2024-12-04,1.0
9.459999999999129,27.57933021224555,2024-12-04,2.0
29.182800000001,21.251275733333028,2024-12-04,3.0
28.9093333333253,34.11723181135828,2024-12-04,4.0
21.70799999999872,20.589440933333176,2024-12-04,5.0
52.9600000000064,41.010788241869946,2024-12-04,6.0
35.55200000000332,30.933068263483374,2024-12-04,7.0
24.8109999999981,24.655113882539613,2024-12-04,8.0
36.87999999999738,29.877981580154632,2024-12-04,9.0
13.720000000001164,22.748908738092446,2024-12-04,10.0
21.77200000000448,20.269259160980212,2024-12-04,11.0
12.4900000000016,12.894820214988039,2024-12-04,12.0
76.4280000000023,36.776640543676436,2024-12-04,13.0
49.37600000000384,38.591386475767905,2024-12-04,14.0
32.2579999999981,25.978627914286207,2024-12-04,15.0
23.056000000004133,30.135362910129874,2024-12-04,16.0
12.430000000000293,8.234634952381034,2024-12-04,17.0
27.0280000000009,21.019783363809236,2024-12-04,18.0
23.720000000001164,18.773308533984626,2024-12-04,19.0
30.2899999999999,21.07702208706775,2024-12-04,20.0
25.19999999999709,25.58290317396855,2024-12-04,21.0
42.35200000000623,21.769834056630092,2024-12-04,22.0
47.0879999999961,33.06816085714247,2024-12-04,23.0
30.192000000002736,27.000366689523737,2024-12-04,24.0
27.739999999997963,23.646361369770865,2024-12-04,25.0
25.36800000000221,18.777468389939873,2024-12-04,26.0
38.76799999999639,24.175050413136685,2024-12-04,27.0
47.16000000000349,23.690680604691565,2024-12-04,28.0
33.19999999999709,21.22886354158726,2024-12-04,29.0
25.1880000000019,28.564468761904976,2024-12-04,30.0
41.1428000000002,39.016847510121586,2024-12-04,31.0
64.36000000000058,46.93603839713253,2024-12-04,32.0
7.279999999998836,15.392608679365157,2024-12-04,33.0
11.9799999999959,18.50640679613857,2024-12-04,34.0
39.96800000000076,24.17646683897729,2024-12-04,35.0
32.82800000000134,19.541125321269842,2024-12-04,36.0
58.63199999999779,40.726545805411575,2024-12-04,37.0
18.52000000000044,12.62183426326645,2024-12-04,38.0
28.3109999999981,21.282385706666545,2024-12-04,39.0
14.2800000000011,23.319872713165342,2024-12-05,1.0
33.36000000000058,27.12983390857134,2024-12-05,2.0
24.20000000000437,22.42841166666639,2024-12-05,3.0
30.6800819237747,29.68533881347986,2024-12-05,4.0
28.9399999999951,23.677877891306334,2024-12-05,5.0
51.42799999999989,43.54974007497559,2024-12-05,6.0
50.04799999999523,34.22725270793632,2024-12-05,7.0
17.2579999999981,26.96269131999985,2024-12-05,8.0
29.66800000000512,30.74603297616162,2024-12-05,9.0
10.687999999994643,21.601818056047552,2024-12-05,10.0
28.299999999995634,19.83982897755713,2024-12-05,11.0
16.020000000000437,13.09732892380979,2024-12-05,12.0
46.37200000000303,42.032576578583516,2024-12-05,13.0
46.5828000000026,40.348734201042454,2024-12-05,14.0
21.27199999999721,28.868534560972368,2024-12-05,15.0
28.47200000000157,29.885154985584514,2024-12-05,16.0
1.610000000000582,8.589051285714621,2024-12-05,17.0
23.31999999999971,25.674905008253916,2024-12-05,18.0
17.429999999996653,19.6662108849801,2024-12-05,19.0
39.63000000000102,22.40699968606572,2024-12-05,20.0
33.20799999999872,27.959696232380654,2024-12-05,21.0
61.6559999999954,29.67025451062017,2024-12-05,22.0
58.95999999999913,39.37936090461841,2024-12-05,23.0
36.36000000000058,28.404777676190054,2024-12-05,24.0
27.220000000001164,27.811288893333334,2024-12-05,25.0
2.2399999999979627,23.07420414628429,2024-12-05,26.0
26.77200000000448,23.871091503174533,2024-12-05,27.0
44.87999999999738,23.97126606984133,2024-12-05,28.0
23.182800000001,25.28027916923307,2024-12-05,29.0
24.46800000000076,31.6123139003174,2024-12-05,30.0
43.84799999999814,36.41502340865057,2024-12-05,31.0
71.49599999999919,46.044752294729214,2024-12-05,32.0
7.32800000000125,12.861955271246408,2024-12-05,33.0
13.2500000000038,19.38159432967915,2024-12-05,34.0
11.2879999999958,25.00431612380951,2024-12-05,35.0
25.42399999999907,21.87680728472381,2024-12-05,36.0
65.80000000000291,42.967076323998036,2024-12-05,37.0
16.149999999997817,15.30179765749108,2024-12-05,38.0
24.056000000004133,22.339360625396694,2024-12-05,39.0
20.268000000003667,22.49552053333331,2024-12-06,1.0
27.7280000000052,23.751601565596378,2024-12-06,2.0
31.4119999999974,20.972216673015808,2024-12-06,3.0
32.8789256100668,26.3834769142857,2024-12-06,4.0
25.4280000000023,20.500410476190577,2024-12-06,5.0
54.53199999999924,42.90839278956832,2024-12-06,6.0
29.6228000000025,27.868791834001875,2024-12-06,7.0
14.8628000000014,23.167834851428783,2024-12-06,8.0
43.37199999999575,27.359444624762176,2024-12-06,9.0
25.96800000000076,17.896836649523884,2024-12-06,10.0
16.12800000000425,18.437046191219146,2024-12-06,11.0
10.209999999999129,11.67787239517815,2024-12-06,12.0
44.95999999999913,43.15467091548804,2024-12-06,13.0
49.20799999999872,37.987395991551324,2024-12-06,14.0
37.13999999999942,23.99843059098049,2024-12-06,15.0
23.719999999993888,24.623618581068076,2024-12-06,16.0
11.8280000000001,10.615777396986232,2024-12-06,17.0
12.37999999999738,20.58314859320316,2024-12-06,18.0
24.280000000002477,18.61772063826305,2024-12-06,19.0
14.69999999999709,23.04004802666679,2024-12-06,20.0
32.7028000000052,24.510107883174957,2024-12-06,21.0
16.252000000000407,25.44702494864387,2024-12-06,22.0
41.192000000002736,35.23356422893356,2024-12-06,23.0
28.99199999999837,22.789100742939155,2024-12-06,24.0
33.93000000000029,26.44329154874657,2024-12-06,25.0
22.2500000000038,20.35492115413415,2024-12-06,26.0
18.9320000000007,24.91824094411076,2024-12-06,27.0
43.74799999999959,24.372663962966982,2024-12-06,28.0
28.735999999997148,25.71891289564438,2024-12-06,29.0
38.03199999999924,26.98089369038966,2024-12-06,30.0
48.7439999999911,33.530874702996655,2024-12-06,31.0
56.0880000000025,49.032943821184084,2024-12-06,32.0
50.18000000000029,13.179237801775368,2024-12-06,33.0
4.779999999998836,16.141861512902878,2024-12-06,34.0
49.47200000000157,23.119682028571663,2024-12-06,35.0
18.976000000002387,21.442941176058188,2024-12-06,36.0
63.359999999993306,41.230719483439835,2024-12-06,37.0
14.830000000001746,13.285828810929129,2024-12-06,38.0
26.182800000001,22.99253595238097,2024-12-06,39.0
12.471999999994296,22.096428685714358,2024-12-07,1.0
31.951999999997497,21.220661792763536,2024-12-07,2.0
20.73200000000361,24.142688045202807,2024-12-07,3.0
25.00800000000163,25.181872019047866,2024-12-07,4.0
22.139999999999414,26.040196517355238,2024-12-07,5.0
47.919999999998254,46.87005605895475,2024-12-07,6.0
38.908000000003085,33.07947236849524,2024-12-07,7.0
18.57600000000093,27.325900434285455,2024-12-07,8.0
21.812000000005355,33.84439971428554,2024-12-07,9.0
13.8280000000038,18.112040290380552,2024-12-07,10.0
25.4319999999925,21.454037419893663,2024-12-07,11.0
16.61999999999898,12.968822578918997,2024-12-07,12.0
64.27999999999884,47.21940949752052,2024-12-07,13.0
48.102000000001,37.149035060639704,2024-12-07,14.0
22.10000000000582,28.3167337525403,2024-12-07,15.0
18.27200000000448,29.385434375353487,2024-12-07,16.0
16.26000000000022,9.25204239395601,2024-12-07,17.0
16.652000000001863,26.923372301676572,2024-12-07,18.0
12.989999999997965,19.447878820022346,2024-12-07,19.0
19.1199999999999,23.24417691555553,2024-12-07,20.0
27.1199999999962,27.488768724444526,2024-12-07,21.0
31.6927374538974,37.08953279818512,2024-12-07,22.0
47.92799999999989,39.823041061215406,2024-12-07,23.0
26.747999999999596,25.867531773333333,2024-12-07,24.0
32.62999999999738,26.448136897033244,2024-12-07,25.0
17.17199999999866,15.968927347499184,2024-12-07,26.0
31.167999999997846,26.474704520525332,2024-12-07,27.0
26.4280000000023,29.821558591991558,2024-12-07,28.0
25.8628000000014,27.725642592621355,2024-12-07,29.0
37.47200000000157,26.05100964288602,2024-12-07,30.0
32.9428000000031,36.5396869133454,2024-12-07,31.0
52.72000000000117,58.175576475648114,2024-12-07,32.0
27.139999999999414,9.654423984069252,2024-12-07,33.0
30.139999999999414,16.52726139587363,2024-12-07,34.0
29.048000000002503,25.247948684001095,2024-12-07,35.0
18.743999999998778,24.13473393443577,2024-12-07,36.0
66.39199999999983,47.422427509747145,2024-12-07,37.0
14.43999999999869,15.563344873015785,2024-12-07,38.0
19.20799999999872,25.16735997523784,2024-12-07,39.0
12.520000000004076,22.71638765587299,2024-12-08,1.0
25.37599999999657,24.513627276190388,2024-12-08,2.0
18.38799999999901,24.866105790476112,2024-12-08,3.0
26.5028000000008,27.125235560897124,2024-12-08,4.0
11.9879999999976,23.780268633650635,2024-12-08,5.0
28.2279999999955,47.324064425023415,2024-12-08,6.0
33.771999999997206,36.921564933333215,2024-12-08,7.0
23.23200000000361,25.024509047618963,2024-12-08,8.0
39.2119999999931,32.19025687492015,2024-12-08,9.0
12.720000000001164,18.781809914787075,2024-12-08,10.0
20.81999999999971,24.15521932154655,2024-12-08,11.0
10.7200000000012,11.84046043962172,2024-12-08,12.0
69.0280000000009,45.40077879256071,2024-12-08,13.0
45.43999999999505,38.01054776949096,2024-12-08,14.0
32.72799999999552,25.853371746878533,2024-12-08,15.0
27.599999999998545,26.154349690908944,2024-12-08,16.0
11.1999999999989,10.154858692676488,2024-12-08,17.0
9.987999999997555,26.671019324705956,2024-12-08,18.0
21.090000000000146,22.13727486307036,2024-12-08,19.0
32.210000000002765,26.041996796471103,2024-12-08,20.0
14.87999999999738,25.794086192619677,2024-12-08,21.0
31.5895852599825,33.678280660490465,2024-12-08,22.0
41.22000000000117,43.8903607325621,2024-12-08,23.0
22.62000000000262,27.263923065982876,2024-12-08,24.0
28.81999999999971,30.649018595132382,2024-12-08,25.0
24.1199999999962,22.081721563982306,2024-12-08,26.0
29.4800000000032,27.611261563510475,2024-12-08,27.0
25.5028000000008,34.08364054031713,2024-12-08,28.0
29.69600000000355,29.242442392789236,2024-12-08,29.0
28.72799999999552,30.192168974199024,2024-12-08,30.0
25.2480000000069,38.81452358907593,2024-12-08,31.0
38.73600000000442,56.91627278470412,2024-12-08,32.0
63.1019999999937,18.812292616402374,2024-12-08,33.0
5.30000000000291,13.582914262257928,2024-12-08,34.0
31.62399999999616,31.84503508470348,2024-12-08,35.0
28.27999999999884,24.37401053728137,2024-12-08,36.0
55.2880000000031,52.36772198317888,2024-12-08,37.0
11.5900000000001,16.188721041269595,2024-12-08,38.0
21.43999999999505,24.08699126666646,2024-12-08,39.0
22.68000000000029,20.82480677587299,2024-12-09,1.0
18.5828000000026,22.357326231545656,2024-12-09,2.0
22.61200000000099,23.80020331428569,2024-12-09,3.0
35.38399999999092,25.519858527619007,2024-12-09,4.0
20.7828000000069,25.11870471021497,2024-12-09,5.0
41.0228000000049,45.23750495564572,2024-12-09,6.0
35.21600000000035,32.122455696937315,2024-12-09,7.0
12.69999999999709,21.748889837939675,2024-12-09,8.0
25.49200000000565,29.880699220952454,2024-12-09,9.0
23.651999999994587,17.4360635811904,2024-12-09,10.0
14.492000000005646,21.229874379898,2024-12-09,11.0
13.229999999999563,13.108961917232852,2024-12-09,12.0
37.375999999996566,46.31275800831359,2024-12-09,13.0
44.17599999999948,39.487475506695986,2024-12-09,14.0
16.720000000001164,26.144782177142538,2024-12-09,15.0
17.9360000000011,24.60019815238086,2024-12-09,16.0
8.800000000001091,10.493300231745948,2024-12-09,17.0
9.252000000000407,22.81660304761904,2024-12-09,18.0
14.930000000000293,18.422228741828093,2024-12-09,19.0
24.25,22.465908715555496,2024-12-09,20.0
45.49599999999919,26.879598053387898,2024-12-09,21.0
27.667999999997846,34.66431398056108,2024-12-09,22.0
27.652000000001863,36.748613516759804,2024-12-09,23.0
29.739999999997963,24.614191918730192,2024-12-09,24.0
26.7280000000052,29.124882525630365,2024-12-09,25.0
19.98800000000483,18.09552368826357,2024-12-09,26.0
20.27199999999721,26.188335820952354,2024-12-09,27.0
37.28800000000047,32.582651049523946,2024-12-09,28.0
28.031999999999243,27.916500038095265,2024-12-09,29.0
38.52000000000408,28.030059620453294,2024-12-09,30.0
43.28800000000047,32.29589246331532,2024-12-09,31.0
69.32799999999406,50.12031236190495,2024-12-09,32.0
28.80800000000454,17.108939200969445,2024-12-09,33.0
17.959999999999127,16.77982706171744,2024-12-09,34.0
38.76800000000367,29.76870009323037,2024-12-09,35.0
11.760000000002,22.932650914285738,2024-12-09,36.0
58.80000000000291,49.26206558920663,2024-12-09,37.0
10.389999999999418,14.844931216284683,2024-12-09,38.0
17.48800000000483,23.148395942857228,2024-12-09,39.0
20.360000000000586,20.214000582910778,2024-12-10,1.0
10.5360000000001,24.35854752747004,2024-12-10,2.0
25.68000000000029,26.235929543491913,2024-12-10,3.0
17.096000000005006,27.507498069841205,2024-12-10,4.0
24.0879999999961,25.93938415238084,2024-12-10,5.0
53.18800000000192,45.90645532628035,2024-12-10,6.0
25.1199999999962,35.94095346380161,2024-12-10,7.0
11.4280000000023,22.86850729883445,2024-12-10,8.0
26.131999999997788,34.55663031238104,2024-12-10,9.0
16.948000000003958,17.74825677323696,2024-12-10,10.0
30.19999999999709,22.521812027208014,2024-12-10,11.0
12.61999999999898,14.571700783898232,2024-12-10,12.0
62.06399999999849,46.38599357154608,2024-12-10,13.0
45.52000000000408,42.3128791856091,2024-12-10,14.0
30.9120000000039,26.901818087619045,2024-12-10,15.0
26.1428000000002,24.280863105084368,2024-12-10,16.0
14.729999999999563,11.305148660317403,2024-12-10,17.0
23.296000000002092,20.253267789841143,2024-12-10,18.0
13.690000000002328,19.229324346583716,2024-12-10,19.0
24.049999999999272,25.719059641974322,2024-12-10,20.0
17.4120000000039,27.303312129337666,2024-12-10,21.0
48.5028000000008,34.53784042186814,2024-12-10,22.0
18.21600000000035,43.23810707970934,2024-12-10,23.0
19.5280000000009,27.99133708665353,2024-12-10,24.0
35.29000000000087,29.055667514285805,2024-12-10,25.0
19.531999999999243,17.606807873386245,2024-12-10,26.0
21.0879999999961,26.600267889523717,2024-12-10,27.0
26.19999999999709,35.43857822230526,2024-12-10,28.0
27.5,28.413973514285804,2024-12-10,29.0
41.77999999999884,28.86586662412702,2024-12-10,30.0
28.703999999997905,37.885513535266206,2024-12-10,31.0
52.72000000000117,50.90304238719631,2024-12-10,32.0
21.55199999999604,23.544005010851926,2024-12-10,33.0
10.1879999999946,15.512332058487624,2024-12-10,34.0
39.08000000000175,29.351465621742214,2024-12-10,35.0
18.479999999995925,23.089043060661737,2024-12-10,36.0
59.95999999999913,54.912390425396914,2024-12-10,37.0
14.779999999998836,15.84004838827827,2024-12-10,38.0
21.182800000001,24.81672900725291,2024-12-10,39.0
21.231999999996333,21.751286046967195,2024-12-11,1.0
43.9109999999966,27.330287352380807,2024-12-11,2.0
24.57200000000012,24.578852788571563,2024-12-11,3.0
31.127999999996973,31.402676678124145,2024-12-11,4.0
9.83200000000211,23.33832869523781,2024-12-11,5.0
48.108000000000175,42.5767038282014,2024-12-11,6.0
39.9428000000031,37.506338442399496,2024-12-11,7.0
16.05999999999767,21.806596971428863,2024-12-11,8.0
43.69600000000355,36.36975603908334,2024-12-11,9.0
18.182800000001,19.320712017574994,2024-12-11,10.0
14.427999999999884,22.959128360840484,2024-12-11,11.0
18.820000000003347,14.257422433425926,2024-12-11,12.0
56.36800000000221,59.23700145674693,2024-12-11,13.0
51.59199999999692,45.832978785347954,2024-12-11,14.0
36.299999999995634,28.437543835747274,2024-12-11,15.0
20.2579999999981,26.503569885714047,2024-12-11,16.0
13.090000000000146,12.521953093708312,2024-12-11,17.0
26.87199999999575,20.412723740372222,2024-12-11,18.0
20.109999999996944,17.886931967698978,2024-12-11,19.0
19.090000000000146,23.7612735519952,2024-12-11,20.0
46.81999999999971,31.43960325661837,2024-12-11,21.0
18.50800000000163,37.587704897131026,2024-12-11,22.0
18.791999999994005,45.630310287626926,2024-12-11,23.0
36.43999999999505,31.528731055873067,2024-12-11,24.0
35.45999999999913,30.420175601904702,2024-12-11,25.0
23.0280000000009,20.366291810763986,2024-12-11,26.0
41.26000000000204,29.797501278158546,2024-12-11,27.0
22.239999999997963,38.764496691916996,2024-12-11,28.0
23.548000000002503,28.22741166984122,2024-12-11,29.0
37.05999999999767,32.45233010665676,2024-12-11,30.0
32.1759999999922,35.029767587472044,2024-12-11,31.0
63.85599999999977,57.33841352063484,2024-12-11,32.0
41.4280000000023,33.924333771230415,2024-12-11,33.0
22.2528000000046,18.06514517528226,2024-12-11,34.0
49.979999999995925,35.89067272761319,2024-12-11,35.0
32.12800000000425,23.88409278984113,2024-12-11,36.0
55.75999999999476,55.99983015873014,2024-12-11,37.0
19.9900000000016,18.082690526142684,2024-12-11,38.0
18.667999999997846,25.104354180952246,2024-12-11,39.0
21.720000000001164,22.086768348438607,2024-12-12,1.0
20.580000000001743,26.470233559999947,2024-12-12,2.0
27.167999999997846,21.533300405524077,2024-12-12,3.0
29.21600000000035,30.47464465904781,2024-12-12,4.0
11.6879999999946,23.82041859365081,2024-12-12,5.0
48.07999999999447,40.211953203799546,2024-12-12,6.0
26.919999999998254,34.261034929517976,2024-12-12,7.0
17.368000000002212,20.412017048972572,2024-12-12,8.0
28.599999999998545,30.43909430436516,2024-12-12,9.0
10.695999999996276,19.43376881442942,2024-12-12,10.0
26.372000000003027,26.872078404145725,2024-12-12,11.0
14.089999999996508,15.270621921714966,2024-12-12,12.0
50.02000000000408,54.78419391363237,2024-12-12,13.0
45.13999999999942,42.27530068338706,2024-12-12,14.0
26.427999999999884,28.888730932500177,2024-12-12,15.0
27.55999999999767,22.918937356190227,2024-12-12,16.0
12.609999999998765,9.807269423088094,2024-12-12,17.0
3.0720000000001164,17.882647008756408,2024-12-12,18.0
17.0280000000009,18.85238045288509,2024-12-12,19.0
29.239999999997963,24.69415283174634,2024-12-12,20.0
27.2800000000011,30.174762770793727,2024-12-12,21.0
39.6965094594385,33.4083556038667,2024-12-12,22.0
55.55200000000332,33.08857323697437,2024-12-12,23.0
22.03200000000652,28.991279610158855,2024-12-12,24.0
26.229999999995925,32.81169281049075,2024-12-12,25.0
16.2119999999931,20.029237849559717,2024-12-12,26.0
17.419999999998254,25.025785890496657,2024-12-12,27.0
37.700000000004366,39.828185787928994,2024-12-12,28.0
27.87999999999738,27.723413919365,2024-12-12,29.0
31.2280000000052,34.02424281613375,2024-12-12,30.0
43.79200000000128,37.8069597919266,2024-12-12,31.0
67.62399999999616,57.30262680655268,2024-12-12,32.0
17.18800000000192,33.1707975498923,2024-12-12,33.0
37.0,16.83727543993692,2024-12-12,34.0
10.2200000000012,31.732439970587215,2024-12-12,35.0
25.1019999999937,21.84119344126996,2024-12-12,36.0
39.18000000000029,56.82616177482423,2024-12-12,37.0
19.18999999999869,16.09212625351673,2024-12-12,38.0
21.427999999999884,23.329419150476493,2024-12-12,39.0
23.44799999999668,21.582412378701097,2024-12-13,1.0
13.639999999999418,26.170298780486114,2024-12-13,2.0
37.0280000000009,21.837907815238253,2024-12-13,3.0
17.3028000000037,25.945380040692587,2024-12-13,4.0
32.79200000000128,19.439624822222275,2024-12-13,5.0
38.29200000000128,40.46618303360671,2024-12-13,6.0
41.2280000000028,33.17539562412699,2024-12-13,7.0
12.731999999996331,18.55749712847578,2024-12-13,8.0
31.29200000000128,31.543627804711218,2024-12-13,9.0
11.1120000000018,20.97676736435617,2024-12-13,10.0
19.288000000000466,22.34177050476167,2024-12-13,11.0
3.92800000000233,14.024532683810316,2024-12-13,12.0
52.77999999999884,49.72567000625525,2024-12-13,13.0
46.56000000000495,39.507527796733896,2024-12-13,14.0
31.42399999999907,29.605158339682127,2024-12-13,15.0
22.29200000000128,24.521529470476224,2024-12-13,16.0
10.38000000000102,11.673874408507615,2024-12-13,17.0
11.5360000000001,18.32295765841849,2024-12-13,18.0
11.0600000000013,18.758232379118315,2024-12-13,19.0
17.81999999999971,23.96075446525089,2024-12-13,20.0
38.87999999999738,29.191041833016033,2024-12-13,21.0
30.2818668855253,32.16418678375732,2024-12-13,22.0
29.57600000000093,38.39749912728671,2024-12-13,23.0
20.719999999993888,25.387224508832983,2024-12-13,24.0
30.2500000000038,33.29772079936512,2024-12-13,25.0
22.9028000000023,21.818860414871246,2024-12-13,26.0
24.580000000001743,25.990412973123195,2024-12-13,27.0
20.0280000000009,31.99910438143854,2024-12-13,28.0
29.05199999999604,26.238591109543652,2024-12-13,29.0
47.359999999993306,34.12854428851488,2024-12-13,30.0
54.06399999999849,35.27356200433708,2024-12-13,31.0
74.16000000000349,53.54546251707324,2024-12-13,32.0
10.559999999997672,35.37996902973436,2024-12-13,33.0
21.867999999994936,16.54471808300649,2024-12-13,34.0
26.68000000000029,33.29544244633656,2024-12-13,35.0
19.44800000000396,20.970001717460402,2024-12-13,36.0
55.4800000000032,54.29268729590127,2024-12-13,37.0
12.729999999999563,14.294910032758988,2024-12-13,38.0
24.5028000000008,21.670773263492066,2024-12-13,39.0
29.7280000000052,23.156733984762134,2024-12-14,1.0
8.0,29.621229939047346,2024-12-14,2.0
21.19999999999709,28.672220359134336,2024-12-14,3.0
10.1600000000035,33.15536202666652,2024-12-14,4.0
31.48800000000483,22.57127959168408,2024-12-14,5.0
41.700000000004366,37.65213474484773,2024-12-14,6.0
30.26000000000204,40.25889415428563,2024-12-14,7.0
10.9880000000048,20.50561832497682,2024-12-14,8.0
22.339999999996508,37.55159452380956,2024-12-14,9.0
10.059999999997672,21.223474761914062,2024-12-14,10.0
7.399999999994179,26.157264799646462,2024-12-14,11.0
5.309999999997672,11.554216439543096,2024-12-14,12.0
28.551999999996,50.83229042014401,2024-12-14,13.0
32.13999999999942,41.308181948138945,2024-12-14,14.0
20.9360000000011,30.178059856825573,2024-12-14,15.0
20.0880000000025,31.178134295873072,2024-12-14,16.0
10.7099999999991,15.149020328800828,2024-12-14,17.0
20.9028000000023,15.81145147993101,2024-12-14,18.0
28.2500000000001,20.720876637053454,2024-12-14,19.0
16.31000000000131,29.585800318095142,2024-12-14,20.0
30.872000000003027,31.894010640000023,2024-12-14,21.0
32.8627137088633,31.80901009453833,2024-12-14,22.0
41.94399999999587,39.78538620558638,2024-12-14,23.0
20.548000000002503,30.992186479987048,2024-12-14,24.0
27.729999999995925,30.28858296761914,2024-12-14,25.0
16.2880000000031,22.9128715365076,2024-12-14,26.0
19.788000000000466,30.994072973333083,2024-12-14,27.0
31.2109999999995,31.28397958221668,2024-12-14,28.0
26.560000000004948,31.934608659682468,2024-12-14,29.0
36.10000000000582,42.21854191325779,2024-12-14,30.0
32.9120000000101,38.15595996624821,2024-12-14,31.0
43.32799999999406,51.854815731101624,2024-12-14,32.0
28.451999999997497,37.916666816236535,2024-12-14,33.0
22.908000000003085,24.764393676796526,2024-12-14,34.0
19.5280000000009,34.02721361633035,2024-12-14,35.0
13.69999999999709,25.640218567272434,2024-12-14,36.0
18.05999999999767,51.95869847301552,2024-12-14,37.0
10.9000000000011,14.708659716218403,2024-12-14,38.0
22.31999999999971,23.112942607619036,2024-12-14,39.0
10.572000000000116,22.90132728495744,2024-12-15,1.0
33.63999999999942,26.544037079365282,2024-12-15,2.0
37.512000000002445,27.28612967936542,2024-12-15,3.0
26.439999999987776,25.40650778991595,2024-12-15,4.0
25.807999999997264,21.121040667961935,2024-12-15,5.0
46.92799999999989,37.06987074214755,2024-12-15,6.0
44.77999999999884,33.351035940800905,2024-12-15,7.0
20.1199999999962,16.356070881029087,2024-12-15,8.0
29.048000000002503,32.28810253602304,2024-12-15,9.0
14.052000000003318,14.825228713597285,2024-12-15,10.0
18.71200000000681,25.135485118095048,2024-12-15,11.0
17.260000000002037,13.077983648119758,2024-12-15,12.0
70.8280000000038,49.50664744833532,2024-12-15,13.0
51.25999999999476,42.6369500694523,2024-12-15,14.0
32.5428000000017,27.95657871911351,2024-12-15,15.0
28.752000000000407,25.5330362476192,2024-12-15,16.0
9.52800000000087,12.905993556820604,2024-12-15,17.0
22.94799999999668,12.376317707905104,2024-12-15,18.0
13.86999999999898,15.829787625978492,2024-12-15,19.0
25.260000000002,24.731215395613347,2024-12-15,20.0
27.90799999999581,31.03403528357395,2024-12-15,21.0
56.58000000000175,34.827856114646956,2024-12-15,22.0
51.0880000000025,33.08277421862363,2024-12-15,23.0
25.66000000000349,25.25055657396844,2024-12-15,24.0
30.720000000001164,30.736008777770895,2024-12-15,25.0
21.2879999999958,20.75844862857155,2024-12-15,26.0
44.13199999999779,25.087770836911627,2024-12-15,27.0
41.72000000000117,26.73913999407866,2024-12-15,28.0
38.108000000000175,27.278009808754778,2024-12-15,29.0
30.89999999999418,34.999419827666046,2024-12-15,30.0
57.04799999999523,34.25079473964772,2024-12-15,31.0
73.83200000000943,54.86233908177597,2024-12-15,32.0
24.37600000000384,30.18972651353918,2024-12-15,33.0
7.091999999996915,22.303952227069175,2024-12-15,34.0
43.919999999998254,37.25072268058844,2024-12-15,35.0
27.531999999999243,24.107736153650837,2024-12-15,36.0
49.7280000000052,49.34748477448202,2024-12-15,37.0
14.56000000000131,13.680873716511895,2024-12-15,38.0
17.987999999997555,21.20437879922241,2024-12-15,39.0
31.847999999998137,27.164856771428614,2024-12-16,1.0
8.012000000002445,23.22684875238084,2024-12-16,2.0
28.536000000000055,27.68340091189345,2024-12-16,3.0
17.9028000000095,26.441302714285488,2024-12-16,4.0
9.99199999999837,23.05901634146621,2024-12-16,5.0
54.66399999999703,43.03506468017733,2024-12-16,6.0
25.7999999999956,33.93129974285725,2024-12-16,7.0
22.919999999998254,16.208557149014826,2024-12-16,8.0
27.83199999999488,32.00633579653669,2024-12-16,9.0
19.1199999999962,16.73099932236023,2024-12-16,10.0
26.927999999999884,23.460262761904975,2024-12-16,11.0
10.130000000001,12.178575605772027,2024-12-16,12.0
63.48799999999756,42.84164718645876,2024-12-16,13.0
51.86000000000058,44.83305151485874,2024-12-16,14.0
31.055999999996857,31.444106513015733,2024-12-16,15.0
25.5199999999968,25.03606719682531,2024-12-16,16.0
14.659999999999854,12.531271799345548,2024-12-16,17.0
19.172000000005937,16.162055302421994,2024-12-16,18.0
10.959999999999129,20.61323507966595,2024-12-16,19.0
32.87999999999738,24.48527370092129,2024-12-16,20.0
32.0,34.90262125924439,2024-12-16,21.0
58.271999999997206,31.738729426695517,2024-12-16,22.0
50.55999999999767,27.717153705663964,2024-12-16,23.0
19.619999999995343,25.967866302009938,2024-12-16,24.0
32.9000000000011,31.547189796190597,2024-12-16,25.0
14.639999999999418,20.96287024952366,2024-12-16,26.0
23.18000000000029,26.949939049464046,2024-12-16,27.0
14.1199999999962,29.403447111111134,2024-12-16,28.0
32.19999999999709,29.759870428224556,2024-12-16,29.0
38.68800000000192,39.56872245125925,2024-12-16,30.0
44.5828000000026,38.500685186401775,2024-12-16,31.0
58.463999999992666,53.19454964876722,2024-12-16,32.0
45.4320000000007,31.165469634762047,2024-12-16,33.0
11.0920000000042,24.480728447244378,2024-12-16,34.0
46.9320000000007,33.165137567801494,2024-12-16,35.0
17.12000000000262,22.845760930158733,2024-12-16,36.0
60.1199999999962,45.35952768670393,2024-12-16,37.0
24.950000000000728,15.587760507359128,2024-12-16,38.0
14.50800000000163,24.00139216825411,2024-12-16,39.0
25.220000000001164,26.24000708498154,2024-12-17,1.0
8.576000000000931,25.871931144052635,2024-12-17,2.0
22.07999999999447,31.74344311936484,2024-12-17,3.0
18.463999999992662,27.08263613564205,2024-12-17,4.0
29.8280000000038,25.321480930158604,2024-12-17,5.0
39.807999999997264,41.775379428540504,2024-12-17,6.0
41.72000000000117,34.80401584531014,2024-12-17,7.0
20.7428000000061,15.306147063413086,2024-12-17,8.0
27.4800000000032,31.64802323238105,2024-12-17,9.0
18.33600000000297,17.41896398450401,2024-12-17,10.0
13.57999999999447,22.65773361706407,2024-12-17,11.0
7.69999999999709,11.032642622062058,2024-12-17,12.0
72.41999999999825,48.237148920667444,2024-12-17,13.0
53.16800000000512,40.972153091923445,2024-12-17,14.0
28.99200000000565,33.97425267581808,2024-12-17,15.0
13.175999999999476,27.117256596825467,2024-12-17,16.0
9.280000000000657,12.053410900102719,2024-12-17,17.0
20.847999999998137,19.686841605926578,2024-12-17,18.0
19.62000000000262,18.492708141366855,2024-12-17,19.0
26.1100000000011,25.407712606349033,2024-12-17,20.0
33.427999999999884,35.15384135923849,2024-12-17,21.0
46.01600000000326,37.01589584807655,2024-12-17,22.0
45.76000000000204,35.01316294738444,2024-12-17,23.0
22.70799999999872,27.03432681457387,2024-12-17,24.0
30.25,31.948263263679987,2024-12-17,25.0
24.132000000005064,20.810662387471197,2024-12-17,26.0
22.391999999999825,31.136794781818118,2024-12-17,27.0
39.36000000000058,28.63763655047612,2024-12-17,28.0
28.67199999999866,29.711417504761513,2024-12-17,29.0
41.5828000000026,41.219311493121864,2024-12-17,30.0
56.5028000000008,44.33593200276403,2024-12-17,31.0
18.0228000000049,56.22227467196717,2024-12-17,32.0
24.479999999995925,25.87201798624843,2024-12-17,33.0
28.799999999995634,22.192525622800403,2024-12-17,34.0
41.296000000002095,31.074497265897442,2024-12-17,35.0
18.548000000002503,24.307427257142802,2024-12-17,36.0
43.33200000000216,42.52024569582383,2024-12-17,37.0
4.719999999997526,16.206334416094844,2024-12-17,38.0
24.29200000000128,22.562749990400683,2024-12-17,39.0
27.619999999995343,26.08043353208261,2024-12-18,1.0
33.23999999999796,23.383092260375374,2024-12-18,2.0
24.452000000004773,28.331469971428735,2024-12-18,3.0
24.5679999999993,24.185054733333025,2024-12-18,4.0
19.07200000000012,21.00365454401146,2024-12-18,5.0
49.80800000000454,39.2800813024637,2024-12-18,6.0
48.86800000000221,32.27078493904806,2024-12-18,7.0
23.487999999997555,20.334426130876807,2024-12-18,8.0
24.68800000000192,30.663907117460713,2024-12-18,9.0
24.131999999997788,16.374026647907492,2024-12-18,10.0
24.720000000001164,20.048083074959766,2024-12-18,11.0
14.05000000000291,12.54777538633055,2024-12-18,12.0
51.95999999999913,48.6166587953381,2024-12-18,13.0
49.39999999999418,39.33926656843534,2024-12-18,14.0
35.95999999999913,27.250212272381145,2024-12-18,15.0
22.3028000000037,25.920800979508403,2024-12-18,16.0
22.049999999999272,10.821665003764698,2024-12-18,17.0
11.9519999999975,18.6245282615872,2024-12-18,18.0
31.609999999996944,19.488817178088812,2024-12-18,19.0
27.989999999997963,24.859110215238186,2024-12-18,20.0
36.31200000000536,28.358783963795478,2024-12-18,21.0
42.8057115069252,40.10967113958189,2024-12-18,22.0
51.419999999998254,40.83883897363177,2024-12-18,23.0
38.6228000000025,25.668189355150734,2024-12-18,24.0
29.76000000000204,30.056169807936655,2024-12-18,25.0
16.5280000000009,20.252472980952376,2024-12-18,26.0
31.81600000000617,31.032569241269442,2024-12-18,27.0
36.69599999999628,29.400119596825327,2024-12-18,28.0
33.78000000000611,29.122844647042143,2024-12-18,29.0
43.24799999999959,40.298290415687696,2024-12-18,30.0
46.75999999999476,38.88900695241975,2024-12-18,31.0
11.5760000000009,53.43973704444426,2024-12-18,32.0
26.48800000000483,27.888919258604,2024-12-18,33.0
10.7200000000012,23.385273692063503,2024-12-18,34.0
37.89199999999983,30.170339426984317,2024-12-18,35.0
29.987999999997555,24.88141630730162,2024-12-18,36.0
64.2960000000021,42.95003344783191,2024-12-18,37.0
11.4280000000023,18.593752289897086,2024-12-18,38.0
24.57999999999447,19.991654384126612,2024-12-18,39.0
38.72000000000117,26.218045828571555,2024-12-19,1.0
23.9320000000007,22.694016386274154,2024-12-19,2.0
35.23999999999796,30.829921697142986,2024-12-19,3.0
25.8320000000094,25.854289318499074,2024-12-19,4.0
26.148000000001048,27.06368575930731,2024-12-19,5.0
48.29200000000128,46.559998825644776,2024-12-19,6.0
41.61200000000099,39.40244735525578,2024-12-19,7.0
11.6399999999994,21.62591302605692,2024-12-19,8.0
35.479999999995925,31.367843618412877,2024-12-19,9.0
10.0280000000009,14.775184107115289,2024-12-19,10.0
29.599999999998545,23.008002072651202,2024-12-19,11.0
13.719999999997526,15.961376624127007,2024-12-19,12.0
43.30000000000291,53.334939621861565,2024-12-19,13.0
49.3828000000055,46.2781334043796,2024-12-19,14.0
30.93999999999505,27.805422868571412,2024-12-19,15.0
23.77599999999802,27.238982766118266,2024-12-19,16.0
10.430000000000293,15.251200755959504,2024-12-19,17.0
17.976000000002387,18.704122414397922,2024-12-19,18.0
20.7300000000032,19.382642756844973,2024-12-19,19.0
37.85000000000218,26.32901924774109,2024-12-19,20.0
25.2479999999996,36.03875847455858,2024-12-19,21.0
38.6632257229068,43.34026256689232,2024-12-19,22.0
45.85199999999895,44.90219676820318,2024-12-19,23.0
25.4879999999976,26.68273223809526,2024-12-19,24.0
26.7699999999968,33.94992979809538,2024-12-19,25.0
18.639999999999414,20.432534101796797,2024-12-19,26.0
18.359999999993303,30.750122466666788,2024-12-19,27.0
28.5200000000041,28.85047511480536,2024-12-19,28.0
28.22799999999552,30.3594374660901,2024-12-19,29.0
52.479999999995925,37.863766772048386,2024-12-19,30.0
51.1120000000018,47.96480064880767,2024-12-19,31.0
29.21600000000035,55.24936127614152,2024-12-19,32.0
11.3919999999998,28.96344004698424,2024-12-19,33.0
24.788000000000466,26.784946072975053,2024-12-19,34.0
23.57200000000012,36.844127076825444,2024-12-19,35.0
20.652000000001863,24.613396249523728,2024-12-19,36.0
60.53199999999924,49.56238348973231,2024-12-19,37.0
24.149999999997817,17.550821970005746,2024-12-19,38.0
25.648000000001048,21.142902817232304,2024-12-19,39.0
29.459999999999127,28.07488383405471,2024-12-20,1.0
10.2109999999995,23.170003432583187,2024-12-20,2.0
36.2280000000028,29.959255565079328,2024-12-20,3.0
32.3109999999908,23.929292942856836,2024-12-20,4.0
22.19999999999709,27.91489676242806,2024-12-20,5.0
55.53199999999924,43.063756432842,2024-12-20,6.0
42.72000000000117,38.728749973354006,2024-12-20,7.0
19.37999999999738,21.562447503397365,2024-12-20,8.0
22.68000000000029,30.08988891619016,2024-12-20,9.0
12.2500000000038,19.37966368571437,2024-12-20,10.0
18.76000000000204,24.00991281581754,2024-12-20,11.0
13.270000000000437,10.908499990360928,2024-12-20,12.0
56.79200000000128,56.74184702813652,2024-12-20,13.0
44.71999999999389,45.474949004851695,2024-12-20,14.0
25.9200000000055,29.811632659863122,2024-12-20,15.0
11.3600000000006,25.707129251428626,2024-12-20,16.0
8.109999999998763,14.241576640812887,2024-12-20,17.0
27.639999999999414,21.758474712051555,2024-12-20,18.0
11.989999999998,20.44735809687947,2024-12-20,19.0
31.77000000000044,26.84490030723807,2024-12-20,20.0
37.69199999999546,35.584359907936495,2024-12-20,21.0
29.7737447965623,45.985158499802615,2024-12-20,22.0
54.0880000000025,45.04562829458649,2024-12-20,23.0
25.0319999999992,28.022221709926598,2024-12-20,24.0
28.1979999999967,31.19053910427851,2024-12-20,25.0
21.69999999999709,22.162952881080617,2024-12-20,26.0
30.692000000002736,30.0381412047476,2024-12-20,27.0
37.65200000000186,29.27080343238104,2024-12-20,28.0
29.8109999999981,32.78619621442183,2024-12-20,29.0
36.28800000000047,39.392403671895345,2024-12-20,30.0
50.73600000000442,45.888122781656236,2024-12-20,31.0
59.92799999999989,44.170340940514954,2024-12-20,32.0
29.83199999999488,27.248875729523945,2024-12-20,33.0
23.66000000000349,23.31692394917936,2024-12-20,34.0
25.6399999999994,36.612646285916256,2024-12-20,35.0
19.0280000000009,25.700261408253972,2024-12-20,36.0
59.108000000000175,44.400593322509984,2024-12-20,37.0
10.709999999999129,17.414428493554997,2024-12-20,38.0
25.891999999999825,24.364775047619073,2024-12-20,39.0
26.5280000000009,24.884672688253776,2024-12-21,1.0
25.747999999999596,22.903522826844537,2024-12-21,2.0
29.47200000000157,26.59982883428558,2024-12-21,3.0
23.2280000000052,20.574821585345777,2024-12-21,4.0
32.86800000000221,23.638495739682575,2024-12-21,5.0
63.20799999999872,35.988495823634736,2024-12-21,6.0
39.2109999999995,34.341026082210966,2024-12-21,7.0
10.387999999999,21.256839134497362,2024-12-21,8.0
14.29200000000128,26.844922551110926,2024-12-21,9.0
18.64799999999377,16.68364445152846,2024-12-21,10.0
20.919999999998254,20.635174296813307,2024-12-21,11.0
16.19000000000233,11.231734920689588,2024-12-21,12.0
67.66799999999785,47.95906385324725,2024-12-21,13.0
46.0280000000009,41.866548230575496,2024-12-21,14.0
28.788000000000466,26.642637430476213,2024-12-21,15.0
24.599999999998545,24.54924737333337,2024-12-21,16.0
10.1280000000012,13.095585276457268,2024-12-21,17.0
16.639999999999418,20.30888372376495,2024-12-21,18.0
30.970000000001164,18.793832794765677,2024-12-21,19.0
28.459999999999127,24.87419517206349,2024-12-21,20.0
32.38799999999901,30.920205963272174,2024-12-21,21.0
30.824650042263,36.84458085781079,2024-12-21,22.0
59.36000000000058,37.090794263638955,2024-12-21,23.0
39.76000000000204,25.316797837575574,2024-12-21,24.0
27.0228000000049,26.91584622787883,2024-12-21,25.0
14.37999999999738,18.681335941144958,2024-12-21,26.0
22.0,27.92557684044872,2024-12-21,27.0
38.65199999999459,27.141716855415382,2024-12-21,28.0
39.200000000004366,29.772445044155685,2024-12-21,29.0
55.85200000000623,37.51835538928531,2024-12-21,30.0
31.479999999995925,44.82380659686747,2024-12-21,31.0
48.08000000000175,39.93389772691972,2024-12-21,32.0
7.976000000002386,24.42349422857152,2024-12-21,33.0
14.79200000000128,19.579993765574322,2024-12-21,34.0
28.5199999999968,33.42133934095228,2024-12-21,35.0
20.339999999996508,19.543205009523636,2024-12-21,36.0
61.35199999999895,44.09756319490644,2024-12-21,37.0
11.7200000000012,15.23312147936506,2024-12-21,38.0
19.252000000000407,22.577166839999972,2024-12-21,39.0
11.5200000000041,28.532808923809288,2024-12-22,1.0
8.62800000000425,25.10975794634265,2024-12-22,2.0
22.44799999999668,29.460565770793693,2024-12-22,3.0
18.176000000006752,27.19734791827414,2024-12-22,4.0
29.49199999999837,25.306768038730162,2024-12-22,5.0
49.26000000000204,45.665389360459685,2024-12-22,6.0
39.88799999999901,39.33212344094816,2024-12-22,7.0
23.332000000002157,21.559398718095338,2024-12-22,8.0
36.09199999999692,28.743831330927218,2024-12-22,9.0
23.2800000000011,18.75745944761919,2024-12-22,10.0
20.372000000003027,25.383222956677052,2024-12-22,11.0
10.989999999997965,14.589423161645282,2024-12-22,12.0
67.69200000000274,49.65975166400894,2024-12-22,13.0
49.85599999999977,42.54644168413876,2024-12-22,14.0
36.82399999999325,29.904923114545547,2024-12-22,15.0
25.55200000000332,23.636486768896088,2024-12-22,16.0
11.0200000000004,15.075093274078124,2024-12-22,17.0
25.73200000000361,23.137753886617514,2024-12-22,18.0
16.739999999997963,20.267329911593503,2024-12-22,19.0
29.90999999999985,28.378129336212133,2024-12-22,20.0
25.2800000000011,30.060595720635114,2024-12-22,21.0
32.0745886564616,41.35870332820075,2024-12-22,22.0
46.271999999997206,47.41199705230606,2024-12-22,23.0
35.919999999998254,31.277317019047405,2024-12-22,24.0
26.32800000000134,30.662794481847232,2024-12-22,25.0
9.10200000000099,21.514599797485083,2024-12-22,26.0
38.16000000000349,28.83721078730126,2024-12-22,27.0
28.7680000000037,30.672422240634972,2024-12-22,28.0
28.332000000002157,31.658013053230537,2024-12-22,29.0
36.85199999999895,39.56131144179109,2024-12-22,30.0
28.9679999999935,46.643141450539524,2024-12-22,31.0
52.31999999999243,40.07171782361578,2024-12-22,32.0
7.94280000000314,27.754992943491686,2024-12-22,33.0
11.6080000000002,21.395694785665317,2024-12-22,34.0
55.48800000000483,36.07413064063489,2024-12-22,35.0
26.720000000001164,22.943564128917647,2024-12-22,36.0
68.03199999999924,49.06163884070228,2024-12-22,37.0
13.63000000000102,17.88503271111115,2024-12-22,38.0
28.21600000000035,25.661592138990088,2024-12-22,39.0
18.031999999999243,34.8402008666666,2024-12-23,1.0
8.131999999997788,24.248343855872747,2024-12-23,2.0
27.591999999996915,29.92579408730159,2024-12-23,3.0
31.2539999999973,27.432992504761774,2024-12-23,4.0
29.87999999999738,26.446723476190527,2024-12-23,5.0
45.187999999994645,47.64705243419771,2024-12-23,6.0
42.0280000000009,45.31698838920683,2024-12-23,7.0
10.387999999999,22.89894831160808,2024-12-23,8.0
26.028000000005704,29.72930442857143,2024-12-23,9.0
23.5028000000008,20.04672889253653,2024-12-23,10.0
20.360000000000586,29.574304525079455,2024-12-23,11.0
11.2500000000001,16.49132757965913,2024-12-23,12.0
75.17599999999948,51.964782486349456,2024-12-23,13.0
47.192000000002736,47.9840704246403,2024-12-23,14.0
25.080000000001743,29.600622395555796,2024-12-23,15.0
20.5199999999968,25.537169723809516,2024-12-23,16.0
2.0799999999999272,14.144788798943367,2024-12-23,17.0
21.891999999999825,25.218379566456154,2024-12-23,18.0
19.5,25.40806354047481,2024-12-23,19.0
27.849999999998545,24.598747748571483,2024-12-23,20.0
16.560000000004948,36.479536954920796,2024-12-23,21.0
48.4519999999975,44.36167236424834,2024-12-23,22.0
55.59999999999855,46.85441898377012,2024-12-23,23.0
26.548000000002503,31.01250438158724,2024-12-23,24.0
28.487999999997555,30.30390991774909,2024-12-23,25.0
23.548000000002503,23.092543819707966,2024-12-23,26.0
20.46800000000076,32.266171882539695,2024-12-23,27.0
28.247999999999596,33.19074559428571,2024-12-23,28.0
28.94799999999668,33.81012426476184,2024-12-23,29.0
26.536000000000055,46.460981270755376,2024-12-23,30.0
31.672000000005937,47.191259293064626,2024-12-23,31.0
49.49599999999919,47.66908087739406,2024-12-23,32.0
7.9759999999951,25.922185999999932,2024-12-23,33.0
25.2479999999996,22.536699595393603,2024-12-23,34.0
13.939999999995052,38.01871040698409,2024-12-23,35.0
19.099999999998545,24.914370652698505,2024-12-23,36.0
64.27999999999884,50.45288075670422,2024-12-23,37.0
14.93999999999869,17.825412003463217,2024-12-23,38.0
22.17199999999866,26.209709045803784,2024-12-23,39.0
37.608000000000175,30.16682115191484,2024-12-24,1.0
9.771999999997206,25.697727659682315,2024-12-24,2.0
32.76000000000204,30.214611850793883,2024-12-24,3.0
31.087999999988824,28.012021234689726,2024-12-24,4.0
26.66000000000349,26.90113563160121,2024-12-24,5.0
52.1120000000018,45.28456825509577,2024-12-24,6.0
44.687999999994645,40.1789827364613,2024-12-24,7.0
6.531999999999243,21.539966913015192,2024-12-24,8.0
26.971999999994296,28.45602914285692,2024-12-24,9.0
27.10800000000017,20.194200617777632,2024-12-24,10.0
24.96800000000076,28.523299975237993,2024-12-24,11.0
9.450000000000728,14.025097872278629,2024-12-24,12.0
69.33200000000215,51.441878310347896,2024-12-24,13.0
44.26000000000204,45.805443383916455,2024-12-24,14.0
25.6680000000051,29.150837555555537,2024-12-24,15.0
29.69999999999709,23.34510372813847,2024-12-24,16.0
10.779999999998836,13.109381115995838,2024-12-24,17.0
18.288000000000466,21.553876333333214,2024-12-24,18.0
23.12000000000262,22.103158004574226,2024-12-24,19.0
26.220000000001164,28.885901084213884,2024-12-24,20.0
37.71999999999389,29.37904206095247,2024-12-24,21.0
54.73999999999796,39.66134274020797,2024-12-24,22.0
43.50800000000163,44.95200442158724,2024-12-24,23.0
27.97200000000157,32.93109306666701,2024-12-24,24.0
30.1428000000002,29.10093469523817,2024-12-24,25.0
7.319999999999709,20.66429658824731,2024-12-24,26.0
24.99199999999837,30.298933533333187,2024-12-24,27.0
25.6399999999994,33.178695329280536,2024-12-24,28.0
33.80000000000291,29.10536666008682,2024-12-24,29.0
26.0280000000009,43.57270213426322,2024-12-24,30.0
35.80000000000291,45.7504125363242,2024-12-24,31.0
39.36000000000058,39.7504298390073,2024-12-24,32.0
7.992000000005646,24.617541668571498,2024-12-24,33.0
9.631999999997788,22.904526892063494,2024-12-24,34.0
2.62000000000262,38.26086220734601,2024-12-24,35.0
17.572000000000116,26.345485013160136,2024-12-24,36.0
48.31999999999971,50.96070864749068,2024-12-24,37.0
11.9280000000023,15.934690069093444,2024-12-24,38.0
19.97200000000157,27.578119976046285,2024-12-24,39.0
41.43999999999505,32.0514393142856,2024-12-25,1.0
31.268000000003667,26.027606736507746,2024-12-25,2.0
25.9800000000032,33.91858384761941,2024-12-25,3.0
31.03200000000652,30.633237881269782,2024-12-25,4.0
30.687999999994645,31.882498015873246,2024-12-25,5.0
59.69999999999709,48.54495677676721,2024-12-25,6.0
50.79200000000128,45.12781732698365,2024-12-25,7.0
16.0,22.28812525802724,2024-12-25,8.0
27.028000000005704,32.52425639134219,2024-12-25,9.0
24.49199999999837,20.014746429231657,2024-12-25,10.0
18.648000000001048,25.901573165887303,2024-12-25,11.0
12.829999999998108,16.404482992265958,2024-12-25,12.0
74.69999999999709,56.5307152730161,2024-12-25,13.0
47.93999999999505,47.175260544880295,2024-12-25,14.0
20.971999999994296,33.39888222834049,2024-12-25,15.0
18.81999999999971,23.24946137092348,2024-12-25,16.0
18.65999999999985,16.857713971428584,2024-12-25,17.0
22.631999999997788,22.933621431745777,2024-12-25,18.0
24.19999999999709,27.314939579757578,2024-12-25,19.0
5.670000000001892,28.653569295656496,2024-12-25,20.0
30.80000000000291,33.28114525396824,2024-12-25,21.0
56.9120000000039,45.72939692876737,2024-12-25,22.0
37.30000000000291,47.79693670306041,2024-12-25,23.0
32.8119999999989,34.15994781333314,2024-12-25,24.0
27.987999999997555,34.20578910222256,2024-12-25,25.0
36.19999999999709,19.603915042539406,2024-12-25,26.0
42.92799999999989,32.364312092063564,2024-12-25,27.0
39.08000000000175,35.90690962857005,2024-12-25,28.0
26.959999999999127,35.80502291377852,2024-12-25,29.0
31.67999999999301,41.84310930089068,2024-12-25,30.0
37.879999999990105,44.9354659993116,2024-12-25,31.0
49.53600000000733,46.73507905338103,2024-12-25,32.0
7.99199999999837,20.452776469519147,2024-12-25,33.0
6.779999999998836,21.89150024761899,2024-12-25,34.0
4.727999999995518,39.22895894285715,2024-12-25,35.0
37.68800000000192,27.614770644444178,2024-12-25,36.0
68.77599999999802,56.19762147225246,2024-12-25,37.0
21.90999999999985,17.879836646515106,2024-12-25,38.0
36.0880000000025,29.020732379220625,2024-12-25,39.0
14.632000000005064,27.00470685650772,2024-12-26,1.0
52.0679999999993,19.575912463117195,2024-12-26,2.0
28.8919999999998,30.5347858209958,2024-12-26,3.0
33.888000000006286,28.060195745396822,2024-12-26,4.0
12.4228000000063,28.245554603809722,2024-12-26,5.0
57.45200000000477,47.53304904729419,2024-12-26,6.0
38.63200000000506,43.0022720726596,2024-12-26,7.0
11.5080000000016,14.865896570740054,2024-12-26,8.0
24.25999999999476,28.444641318095126,2024-12-26,9.0
10.336000000002969,18.66715996412681,2024-12-26,10.0
25.1099999999953,25.30189903238075,2024-12-26,11.0
3.830000000001746,16.698826926984335,2024-12-26,12.0
62.75200000000041,55.237686670283445,2024-12-26,13.0
48.9280000000023,44.88808424731087,2024-12-26,14.0
32.4280000000023,30.198826190476243,2024-12-26,15.0
16.320000000006985,24.66397546666658,2024-12-26,16.0
12.909999999999854,12.10035969523817,2024-12-26,17.0
19.68800000000192,21.496702429296377,2024-12-26,18.0
29.090000000000146,25.633165244444324,2024-12-26,19.0
27.0099999999984,28.171725019991303,2024-12-26,20.0
41.3839999999982,30.21948666095238,2024-12-26,21.0
39.6321768279399,34.354069141135156,2024-12-26,22.0
52.84799999999814,41.866818660305334,2024-12-26,23.0
27.131999999997788,30.958366213306967,2024-12-26,24.0
31.16000000000349,29.418124853332966,2024-12-26,25.0
24.18000000000029,16.194441357771222,2024-12-26,26.0
16.19199999999546,27.063732313015883,2024-12-26,27.0
39.49199999999837,31.50277518666262,2024-12-26,28.0
14.459999999999129,31.811544570787714,2024-12-26,29.0
51.9600000000064,30.84867483770084,2024-12-26,30.0
44.888000000006286,33.397796335476464,2024-12-26,31.0
52.79999999998836,41.124810839796645,2024-12-26,32.0
28.0679999999993,16.645602405507642,2024-12-26,33.0
36.667999999997846,17.33525890949594,2024-12-26,34.0
55.5428000000017,24.44604118246077,2024-12-26,35.0
37.09999999999855,25.36923073904736,2024-12-26,36.0
59.27200000000448,53.09311286349237,2024-12-26,37.0
14.789999999997235,16.421347176605863,2024-12-26,38.0
17.9109999999966,24.22687921015872,2024-12-26,39.0
28.7279999999955,27.1108467796824,2024-12-27,1.0
8.432000000000698,18.87709911457598,2024-12-27,2.0
29.4119999999974,28.720339106349332,2024-12-27,3.0
19.76799999999639,26.492158887618753,2024-12-27,4.0
16.639999999999418,26.297257876190343,2024-12-27,5.0
55.1099999999953,41.473801935984255,2024-12-27,6.0
41.687999999994645,41.71357949849065,2024-12-27,7.0
12.360000000000582,14.762731657142913,2024-12-27,8.0
24.7109999999995,24.939842940878624,2024-12-27,9.0
23.531999999999243,18.054201207113906,2024-12-27,10.0
28.012000000002445,22.526194195324678,2024-12-27,11.0
12.5099999999984,14.379615099010612,2024-12-27,12.0
79.2800000000011,51.84594010202956,2024-12-27,13.0
45.58000000000175,41.99152337627911,2024-12-27,14.0
24.77599999999802,27.53401692380949,2024-12-27,15.0
20.72799999999552,22.48522643722949,2024-12-27,16.0
13.930000000000293,11.946887902213136,2024-12-27,17.0
8.239999999997963,20.84599732380955,2024-12-27,18.0
10.010000000002035,19.937486028571342,2024-12-27,19.0
42.31999999999971,22.542718572063723,2024-12-27,20.0
28.648000000001048,30.869781201904832,2024-12-27,21.0
30.9479541422309,37.620206915731785,2024-12-27,22.0
49.4320000000007,36.48139756238813,2024-12-27,23.0
18.18800000000192,29.91529103873044,2024-12-27,24.0
25.959999999999127,28.006106965714196,2024-12-27,25.0
26.18000000000029,17.411601363527822,2024-12-27,26.0
18.10000000000582,27.617318554285355,2024-12-27,27.0
29.46800000000076,31.311859339682634,2024-12-27,28.0
29.139999999999414,28.53808392698434,2024-12-27,29.0
33.591999999996915,31.563271494264512,2024-12-27,30.0
28.8559999999998,33.36884818950271,2024-12-27,31.0
41.6628000000043,41.20014553555735,2024-12-27,32.0
39.50800000000163,12.579456802308789,2024-12-27,33.0
25.79200000000128,15.025404857143048,2024-12-27,34.0
41.31999999999971,19.910593584126886,2024-12-27,35.0
16.2800000000011,19.93906581115993,2024-12-27,36.0
81.45999999999913,49.20000561631553,2024-12-27,37.0
16.8280000000001,14.71912088571441,2024-12-27,38.0
22.57600000000093,23.152014080634807,2024-12-27,39.0
18.30000000000291,23.5930447781677,2024-12-28,1.0
19.76000000000204,26.934114641482385,2024-12-28,2.0
35.692000000002736,28.651418019047558,2024-12-28,3.0
30.16000000000349,29.522414034285575,2024-12-28,4.0
17.639999999999418,24.034284533333725,2024-12-28,5.0
60.63999999999942,49.29775705652806,2024-12-28,6.0
33.68000000000029,35.92951276700733,2024-12-28,7.0
19.0,10.63184419365072,2024-12-28,8.0
27.0880000000025,23.22610586031754,2024-12-28,9.0
24.919999999998254,20.257248818542518,2024-12-28,10.0
19.8109999999981,22.845223914285537,2024-12-28,11.0
12.31000000000131,14.077229821110706,2024-12-28,12.0
70.50799999999435,52.92137508253993,2024-12-28,13.0
43.271999999997206,33.52237816508438,2024-12-28,14.0
24.312000000005355,28.310119354285572,2024-12-28,15.0
24.9120000000039,23.600707457777748,2024-12-28,16.0
9.930000000000293,12.486805984126951,2024-12-28,17.0
20.0,25.325328803809576,2024-12-28,18.0
19.52000000000044,25.590322027563083,2024-12-28,19.0
17.92000000000189,23.976591796995464,2024-12-28,20.0
27.23200000000361,29.618047017138892,2024-12-28,21.0
32.662494574317,36.48641515813034,2024-12-28,22.0
31.52799999999843,35.04761066004346,2024-12-28,23.0
43.4109999999966,28.04929223549505,2024-12-28,24.0
23.652000000001863,28.98099331746022,2024-12-28,25.0
16.81999999999971,20.860687524023945,2024-12-28,26.0
20.739999999997963,27.560028968428895,2024-12-28,27.0
41.799999999995634,32.678566839353074,2024-12-28,28.0
35.27999999999884,29.700781082539642,2024-12-28,29.0
25.351999999999,29.767863397955857,2024-12-28,30.0
30.2280000000052,34.66936303585399,2024-12-28,31.0
52.1359999999986,30.86664614420667,2024-12-28,32.0
17.61200000000099,12.555722869841306,2024-12-28,33.0
8.10200000000099,19.80314625727211,2024-12-28,34.0
27.57600000000093,26.734343488381164,2024-12-28,35.0
19.5280000000009,22.079065268727327,2024-12-28,36.0
62.0199999999968,51.74138832005802,2024-12-28,37.0
11.1399999999994,11.598005292063446,2024-12-28,38.0
25.8280000000038,28.159254134285554,2024-12-28,39.0
17.69999999999709,24.922308359365093,2024-12-29,1.0
25.69999999999709,24.168685771764952,2024-12-29,2.0
26.4109999999966,29.53152138666685,2024-12-29,3.0
33.52799999999115,24.787553057402665,2024-12-29,4.0
10.867999999994936,24.527614891428623,2024-12-29,5.0
50.81600000000617,51.78125376481961,2024-12-29,6.0
39.76000000000204,42.11909893216088,2024-12-29,7.0
18.47200000000157,11.858710894762917,2024-12-29,8.0
20.00800000000163,24.020423298626348,2024-12-29,9.0
19.05200000000332,24.284265138562798,2024-12-29,10.0
28.8280000000038,26.13949923174609,2024-12-29,11.0
5.669999999998254,12.957969066666712,2024-12-29,12.0
69.7280000000052,56.221495838095436,2024-12-29,13.0
47.50800000000163,41.55065532678867,2024-12-29,14.0
31.327999999994063,26.2118456152384,2024-12-29,15.0
19.139999999999414,24.75779418700303,2024-12-29,16.0
9.389999999999418,11.169431247619075,2024-12-29,17.0
33.4280000000023,21.87697210672721,2024-12-29,18.0
16.07999999999811,24.053156281606263,2024-12-29,19.0
39.04999999999927,24.424021671745848,2024-12-29,20.0
28.27999999999884,30.494701027936756,2024-12-29,21.0
57.33600000000297,41.49082616475759,2024-12-29,22.0
45.0,36.95903498622599,2024-12-29,23.0
27.139999999999414,29.64499467809559,2024-12-29,24.0
26.0,28.88753355682549,2024-12-29,25.0
24.70000000000437,22.309106074752027,2024-12-29,26.0
33.84799999999814,24.392687803984536,2024-12-29,27.0
29.80000000000291,31.06812882539678,2024-12-29,28.0
48.307999999997264,29.358929380197896,2024-12-29,29.0
23.82800000000134,35.483646569482495,2024-12-29,30.0
25.7679999999964,32.90139133269832,2024-12-29,31.0
50.120000000009895,35.63250461289342,2024-12-29,32.0
6.799999999995634,17.66040889899148,2024-12-29,33.0
16.788000000000466,21.742467872296768,2024-12-29,34.0
25.49199999999837,30.13723346349216,2024-12-29,35.0
21.55999999999767,24.384195754285688,2024-12-29,36.0
56.38000000000466,55.720166414603405,2024-12-29,37.0
14.330000000001746,12.526132886692965,2024-12-29,38.0
19.903999999994998,26.188854966666735,2024-12-29,39.0
36.31200000000536,26.965141860197352,2024-12-30,1.0
8.451999999997497,20.826953170095425,2024-12-30,2.0
13.536000000000058,20.25396929365078,2024-12-30,3.0
31.57600000000093,25.81670208571422,2024-12-30,4.0
22.2800000000011,27.208316184127167,2024-12-30,5.0
56.7109999999995,43.36304235626651,2024-12-30,6.0
28.4479999999967,40.44287044884816,2024-12-30,7.0
16.102000000001,13.852841384126942,2024-12-30,8.0
37.06399999999849,29.414892279364977,2024-12-30,9.0
33.0280000000009,29.987444507936555,2024-12-30,10.0
16.367999999994936,32.20593290285718,2024-12-30,11.0
12.62000000000262,13.044245431478563,2024-12-30,12.0
66.72000000000116,52.31561510857155,2024-12-30,13.0
47.98799999999756,38.59824305199158,2024-12-30,14.0
25.312000000005355,27.494955730793706,2024-12-30,15.0
33.26799999999639,30.213603965079464,2024-12-30,16.0
21.090000000000146,11.975065647619154,2024-12-30,17.0
23.39999999999418,19.209010063582184,2024-12-30,18.0
27.61999999999898,19.854420364175798,2024-12-30,19.0
39.719999999997526,24.750517277356163,2024-12-30,20.0
28.50800000000163,26.064465269841577,2024-12-30,21.0
68.1019999999937,44.353460875229516,2024-12-30,22.0
41.27999999999884,40.380400011578736,2024-12-30,23.0
32.42000000000553,28.885802417778002,2024-12-30,24.0
35.187999999994645,26.49706146349182,2024-12-30,25.0
5.69999999999709,20.15915210021708,2024-12-30,26.0
19.2109999999995,27.482675765079616,2024-12-30,27.0
28.73200000000361,33.6867365206351,2024-12-30,28.0
18.312000000005355,26.299069819682387,2024-12-30,29.0
43.29200000000128,31.695918874603414,2024-12-30,30.0
57.0880000000025,39.977347355873285,2024-12-30,31.0
48.4320000000007,37.51770560151949,2024-12-30,32.0
6.788000000000466,23.068455717460314,2024-12-30,33.0
16.919999999998254,26.211789695864205,2024-12-30,34.0
52.25200000000041,29.199206044444335,2024-12-30,35.0
19.247999999999596,24.078014849591735,2024-12-30,36.0
61.36000000000058,47.275035168254405,2024-12-30,37.0
11.7599999999984,15.30398902470828,2024-12-30,38.0
24.9360000000011,25.236233520543028,2024-12-30,39.0
13.827999999994065,27.645353524150963,2024-12-31,1.0
33.5880000000025,32.03539298262645,2024-12-31,2.0
25.20000000000437,29.46561395238096,2024-12-31,3.0
32.33599999999569,30.428901377142846,2024-12-31,4.0
13.17199999999866,27.257205323809504,2024-12-31,5.0
54.68000000000029,53.27249259249456,2024-12-31,6.0
43.81200000000536,49.223094394160675,2024-12-31,7.0
20.17599999999948,15.332372504172207,2024-12-31,8.0
24.720000000001164,25.95828374476182,2024-12-31,9.0
22.307999999997264,31.249590082539765,2024-12-31,10.0
18.8280000000038,30.88581510476199,2024-12-31,11.0
14.279999999998836,11.662973114285746,2024-12-31,12.0
71.23999999999796,56.2724477206347,2024-12-31,13.0
50.63999999999942,46.0141085636126,2024-12-31,14.0
13.072000000000116,29.136820268571622,2024-12-31,15.0
31.959999999999127,29.168853868721623,2024-12-31,16.0
14.770000000000437,11.191790958730204,2024-12-31,17.0
12.80800000000454,26.310610799495116,2024-12-31,18.0
17.8280000000001,22.533579667595372,2024-12-31,19.0
19.6500000000011,30.69773261108215,2024-12-31,20.0
28.5879999999961,32.374326208320866,2024-12-31,21.0
46.44800000000396,50.1005187855721,2024-12-31,22.0
46.17199999999866,50.075495597701405,2024-12-31,23.0
38.799999999995634,31.383909393650793,2024-12-31,24.0
31.652000000001863,31.490399060317465,2024-12-31,25.0
7.207999999998719,31.866594457142835,2024-12-31,26.0
17.080000000001746,25.794588512722374,2024-12-31,27.0
45.69199999999546,37.10444528412711,2024-12-31,28.0
28.4199999999983,29.823836810995648,2024-12-31,29.0
28.8399999999965,29.56660005396826,2024-12-31,30.0
33.1019999999937,40.752683018727225,2024-12-31,31.0
50.0399999999936,39.23281919919952,2024-12-31,32.0
33.16000000000349,23.88533585714282,2024-12-31,33.0
26.139999999999414,25.176328187877882,2024-12-31,34.0
43.73600000000442,25.779542606228876,2024-12-31,35.0
18.703999999997905,25.92479967936516,2024-12-31,36.0
60.0399999999936,53.418868907936606,2024-12-31,37.0
12.1100000000011,15.045273480856745,2024-12-31,38.0
11.9720000000016,28.63829060317477,2024-12-31,39.0
25.8000000000029,33.98708373904747,2025-01-01,1.0
20.252000000000407,28.001672018412613,2025-01-01,2.0
27.55199999999604,34.62680530297246,2025-01-01,3.0
37.4320000000007,32.4992060133265,2025-01-01,4.0
20.708000000005995,24.863863431976718,2025-01-01,5.0
59.04799999999523,58.368171183680474,2025-01-01,6.0
37.33999999999651,41.24166572294174,2025-01-01,7.0
20.0109999999952,13.841551048742007,2025-01-01,8.0
31.695999999996275,33.06158077523784,2025-01-01,9.0
22.091999999996915,28.052014802539553,2025-01-01,10.0
30.52799999999843,29.808063319999942,2025-01-01,11.0
12.970000000001164,14.23291190600432,2025-01-01,12.0
65.4280000000023,60.23257834539701,2025-01-01,13.0
43.3028000000037,44.017705746093235,2025-01-01,14.0
30.22799999999552,31.809114770793467,2025-01-01,15.0
30.560000000004948,28.13800971999981,2025-01-01,16.0
18.1199999999999,12.630280159585638,2025-01-01,17.0
19.231999999996333,24.010907006130527,2025-01-01,18.0
29.31000000000131,21.916340139459578,2025-01-01,19.0
42.88000000000102,33.222793868571216,2025-01-01,20.0
37.771999999997206,32.19335714608964,2025-01-01,21.0
46.2865723542658,44.52191921973181,2025-01-01,22.0
45.06000000000495,44.260594479273536,2025-01-01,23.0
38.53199999999924,31.628174674906305,2025-01-01,24.0
22.959999999999127,35.397888204148394,2025-01-01,25.0
32.07200000000012,27.72441351534075,2025-01-01,26.0
33.9320000000007,29.0463079923807,2025-01-01,27.0
37.74799999999959,35.49638666824672,2025-01-01,28.0
35.220000000001164,31.547147744877364,2025-01-01,29.0
30.68000000000029,35.8055113733262,2025-01-01,30.0
57.903999999994994,40.06131679368852,2025-01-01,31.0
57.0,42.17829532470067,2025-01-01,32.0
25.9519999999975,19.817747616906043,2025-01-01,33.0
16.68800000000192,21.48874241960093,2025-01-01,34.0
39.55999999999767,31.61250849066082,2025-01-01,35.0
27.720000000001164,27.20642111071954,2025-01-01,36.0
57.89199999999983,59.753236780317536,2025-01-01,37.0
14.549999999999272,13.226391253279859,2025-01-01,38.0
31.57200000000012,28.406356555237856,2025-01-01,39.0
25.239999999997963,26.639065703491912,2025-01-02,1.0
28.57600000000093,25.670162173758175,2025-01-02,2.0
42.9800000000032,26.225686321253384,2025-01-02,3.0
32.9120000000101,30.982569024646267,2025-01-02,4.0
11.2799999999988,22.17680494717563,2025-01-02,5.0
57.0,53.40618294583126,2025-01-02,6.0
41.02000000000408,31.841265801560414,2025-01-02,7.0
13.1280000000067,20.450774336507955,2025-01-02,8.0
25.031999999999243,26.48250175564397,2025-01-02,9.0
10.747999999999593,25.72300460634918,2025-01-02,10.0
28.2109999999995,26.450777696636916,2025-01-02,11.0
13.2899999999999,12.105063489210323,2025-01-02,12.0
75.71999999999389,59.069046682539486,2025-01-02,13.0
46.45599999999831,40.221491239721466,2025-01-02,14.0
46.70799999999872,27.691070166023405,2025-01-02,15.0
29.252000000000407,26.834044227936285,2025-01-02,16.0
11.1499999999996,15.214944242995795,2025-01-02,17.0
2.599999999998545,24.463746606349016,2025-01-02,18.0
24.729999999999563,21.537383624911577,2025-01-02,19.0
21.139999999999414,29.523146341105058,2025-01-02,20.0
22.62800000000425,30.993503135504753,2025-01-02,21.0
44.4809960377277,40.571031030839826,2025-01-02,22.0
32.1199999999962,39.68517668743866,2025-01-02,23.0
22.068000000006577,31.15266779936521,2025-01-02,24.0
25.62800000000425,28.55017859272026,2025-01-02,25.0
26.639999999999414,23.897886505101503,2025-01-02,26.0
25.247999999999596,25.32632515428553,2025-01-02,27.0
28.020000000004075,31.85330739988281,2025-01-02,28.0
11.2879999999958,28.313774585084065,2025-01-02,29.0
23.520000000004075,31.170055320172573,2025-01-02,30.0
35.9428000000031,34.68863394204373,2025-01-02,31.0
51.21600000000035,43.8148943554367,2025-01-02,32.0
37.72000000000117,22.601376978179957,2025-01-02,33.0
21.31999999999971,25.59719935078936,2025-01-02,34.0
39.10399999999936,40.200224304504424,2025-01-02,35.0
18.27999999999884,25.132798660317352,2025-01-02,36.0
31.0880000000025,56.93601331630581,2025-01-02,37.0
26.790000000000877,15.299913182854157,2025-01-02,38.0
11.011999999996,25.205843593333306,2025-01-02,39.0
23.2500000000038,21.84912569862754,2025-01-03,1.0
27.99199999999837,23.79954658158716,2025-01-03,2.0
33.307999999997264,27.39144456808509,2025-01-03,3.0
31.471999999994296,30.911152832503515,2025-01-03,4.0
8.50800000000163,21.21348996190475,2025-01-03,5.0
50.92000000000553,55.69022030234062,2025-01-03,6.0
39.4109999999966,32.67120316457546,2025-01-03,7.0
23.81999999999971,20.851376499047415,2025-01-03,8.0
22.9000000000011,28.77935556163486,2025-01-03,9.0
24.060000000004948,22.81638939738451,2025-01-03,10.0
24.987999999997555,27.151219859780625,2025-01-03,11.0
8.10999999999898,12.758778008470514,2025-01-03,12.0
71.02000000000407,61.02467577206331,2025-01-03,13.0
44.23200000000361,38.98684029908591,2025-01-03,14.0
32.692000000002736,25.429622379682638,2025-01-03,15.0
27.307999999997264,28.73589004764182,2025-01-03,16.0
18.360000000000586,17.945946210417432,2025-01-03,17.0
10.0280000000009,22.55180799939167,2025-01-03,18.0
23.19000000000233,16.821205372175537,2025-01-03,19.0
10.5280000000009,32.509889704761974,2025-01-03,20.0
30.252000000000407,30.530094940317873,2025-01-03,21.0
28.8399999999965,39.31300476462826,2025-01-03,22.0
60.35199999999895,38.85624258518939,2025-01-03,23.0
25.49199999999837,32.111825466666545,2025-01-03,24.0
28.3799999999974,28.43954824986164,2025-01-03,25.0
19.380000000004657,22.760071135238153,2025-01-03,26.0
19.2879999999958,20.940138778955607,2025-01-03,27.0
39.63999999999942,33.89251586932768,2025-01-03,28.0
26.79200000000128,29.436582993495037,2025-01-03,29.0
27.487999999997555,28.827164591347163,2025-01-03,30.0
39.4280000000023,36.67461061529702,2025-01-03,31.0
54.72000000000117,44.834460379153434,2025-01-03,32.0
18.7109999999995,21.329658044444475,2025-01-03,33.0
13.9120000000039,21.129937670610207,2025-01-03,34.0
19.056000000004133,34.54258731770585,2025-01-03,35.0
17.2280000000052,22.36340073650788,2025-01-03,36.0
55.0199999999968,58.9435236686868,2025-01-03,37.0
10.380000000001,15.799653013260244,2025-01-03,38.0
20.952000000004773,22.766071092368016,2025-01-03,39.0
23.031999999999243,25.660539084848434,2025-01-04,1.0
32.487999999997555,22.215910960644887,2025-01-04,2.0
35.23999999999796,27.667722038095068,2025-01-04,3.0
25.648000000001,34.51225727324385,2025-01-04,4.0
24.799999999995634,19.2210868180104,2025-01-04,5.0
51.271999999997206,54.308885742437305,2025-01-04,6.0
47.807999999997264,34.5906323776196,2025-01-04,7.0
21.77199999999721,20.448577709461315,2025-01-04,8.0
27.0280000000009,27.695202256621503,2025-01-04,9.0
27.919999999998254,25.9593110177777,2025-01-04,10.0
27.16000000000349,26.40066162222201,2025-01-04,11.0
10.979999999999563,12.327552226496081,2025-01-04,12.0
73.86000000000058,59.14458072952364,2025-01-04,13.0
44.299999999995634,39.748546339238544,2025-01-04,14.0
47.2109999999995,26.191891395205523,2025-01-04,15.0
20.692000000002736,27.48273725922159,2025-01-04,16.0
10.6000000000004,13.631814298412564,2025-01-04,17.0
21.76000000000204,20.196877495780306,2025-01-04,18.0
19.979999999999563,19.90571883186618,2025-01-04,19.0
24.68999999999869,31.00617013361003,2025-01-04,20.0
35.90799999999581,26.974139270476268,2025-01-04,21.0
22.73200000000361,41.57763963216447,2025-01-04,22.0
38.94800000000396,41.90180239813183,2025-01-04,23.0
16.648000000001048,33.83131252059017,2025-01-04,24.0
23.919999999998254,25.45919355779109,2025-01-04,25.0
25.02799999999843,21.64532830530862,2025-01-04,26.0
32.9600000000064,23.76477371746042,2025-01-04,27.0
10.739999999997965,33.61663475492039,2025-01-04,28.0
24.77999999999884,28.34620871051967,2025-01-04,29.0
36.18000000000029,29.11802718797989,2025-01-04,30.0
39.54399999999441,37.4370057160247,2025-01-04,31.0
56.44800000000396,46.648577272760015,2025-01-04,32.0
6.227999999995518,23.810923704761702,2025-01-04,33.0
27.25999999999476,22.013983633858793,2025-01-04,34.0
38.583999999995285,35.60375366769551,2025-01-04,35.0
26.239999999997963,20.016057988304226,2025-01-04,36.0
72.01200000000244,56.7673435420935,2025-01-04,37.0
23.849999999998545,15.85080536353834,2025-01-04,38.0
22.860000000000586,20.924492445802162,2025-01-04,39.0
42.42799999999989,24.075119832381038,2025-01-05,1.0
23.4280000000023,25.349860072378704,2025-01-05,2.0
30.2528000000046,28.31444700952369,2025-01-05,3.0
25.03200000000652,36.23646466930368,2025-01-05,4.0
17.09200000000419,15.937781002113157,2025-01-05,5.0
62.73999999999796,52.30388776990071,2025-01-05,6.0
28.880000000004657,33.7741231022416,2025-01-05,7.0
18.5679999999993,19.579401123918796,2025-01-05,8.0
27.080000000001743,29.424669751804505,2025-01-05,9.0
28.720000000001164,25.444373260317484,2025-01-05,10.0
28.9199999999983,25.31821906696284,2025-01-05,11.0
19.1199999999999,13.196069692821998,2025-01-05,12.0
73.44799999999668,58.69300705714271,2025-01-05,13.0
49.31999999999971,44.452045854156204,2025-01-05,14.0
32.167999999997846,26.739092000043318,2025-01-05,15.0
24.05199999999604,32.145847823974,2025-01-05,16.0
14.3799999999992,15.975179962826594,2025-01-05,17.0
29.807999999997264,18.707822557796412,2025-01-05,18.0
22.1199999999999,23.87332784359364,2025-01-05,19.0
25.5099999999984,27.954945116170297,2025-01-05,20.0
24.332000000002157,31.0082693980951,2025-01-05,21.0
21.659999999996217,44.44237521685935,2025-01-05,22.0
49.33999999999651,40.43627533762151,2025-01-05,23.0
35.0199999999968,33.61525361819069,2025-01-05,24.0
26.080000000001743,29.63965232896509,2025-01-05,25.0
23.5199999999968,17.53605080132073,2025-01-05,26.0
31.27199999999721,24.602193997893426,2025-01-05,27.0
36.57200000000012,33.318004339604734,2025-01-05,28.0
27.891999999999825,26.42208661714295,2025-01-05,29.0
36.5,30.43160898857124,2025-01-05,30.0
50.4280000000023,41.532388601636846,2025-01-05,31.0
54.97599999999511,51.25342171664306,2025-01-05,32.0
6.2800000000061,23.118520399970002,2025-01-05,33.0
8.959999999999127,19.684670153497283,2025-01-05,34.0
39.36000000000058,34.74656608389257,2025-01-05,35.0
21.70799999999872,20.969149327609195,2025-01-05,36.0
48.84799999999814,52.60878865361136,2025-01-05,37.0
13.81000000000131,15.479701499680438,2025-01-05,38.0
25.0,23.695488173770084,2025-01-05,39.0
27.131999999997788,25.28275630008668,2025-01-06,1.0
25.851999999998952,27.881188841904944,2025-01-06,2.0
35.76799999999639,29.320908684560173,2025-01-06,3.0
27.8959999999925,33.875661307286876,2025-01-06,4.0
45.73999999999796,18.758157742857183,2025-01-06,5.0
67.26000000000204,49.01225487734251,2025-01-06,6.0
43.799999999995634,36.588546432482225,2025-01-06,7.0
19.05999999999767,19.25946189307864,2025-01-06,8.0
22.8109999999981,27.711864113462404,2025-01-06,9.0
9.927999999999884,24.210206208658025,2025-01-06,10.0
30.982800000004,27.651687881053974,2025-01-06,11.0
10.2999999999993,14.521907454798717,2025-01-06,12.0
43.2800000000011,58.431184971428515,2025-01-06,13.0
46.17199999999866,45.24276277290521,2025-01-06,14.0
35.0,32.31244463174017,2025-01-06,15.0
26.88799999999901,28.129063874604174,2025-01-06,16.0
13.989999999999782,15.514558144348955,2025-01-06,17.0
26.360000000000586,17.337970946023525,2025-01-06,18.0
13.709999999999129,23.279792313156914,2025-01-06,19.0
33.0280000000009,25.314876259047942,2025-01-06,20.0
35.70799999999872,30.353644708571647,2025-01-06,21.0
58.0880000000025,44.123447819031576,2025-01-06,22.0
41.02000000000408,45.54668426394231,2025-01-06,23.0
32.13199999999779,30.734892270365968,2025-01-06,24.0
36.69999999999709,28.40728756408023,2025-01-06,25.0
30.832000000002157,19.479849691577744,2025-01-06,26.0
17.68800000000192,27.23176806945406,2025-01-06,27.0
28.6960000000036,34.9918626603945,2025-01-06,28.0
30.976000000002387,28.24636931968788,2025-01-06,29.0
27.247999999999596,30.691536227706052,2025-01-06,30.0
55.03200000000652,41.40465155650823,2025-01-06,31.0
58.45600000000559,45.08043046577978,2025-01-06,32.0
6.279999999998836,19.721621146810865,2025-01-06,33.0
24.060000000004948,20.27625474840231,2025-01-06,34.0
46.68000000000029,34.50616774100954,2025-01-06,35.0
17.0679999999993,23.06202462237891,2025-01-06,36.0
71.32800000000134,53.313379025102115,2025-01-06,37.0
13.719999999997526,17.781033938060652,2025-01-06,38.0
24.57999999999447,20.017760588750377,2025-01-06,39.0
26.495999999999185,26.636084252358813,2025-01-07,1.0
10.627999999996971,28.003466063277617,2025-01-07,2.0
30.192000000002736,31.05917877322388,2025-01-07,3.0
30.312000000005355,31.823602225143556,2025-01-07,4.0
35.220000000001164,21.204767642545914,2025-01-07,5.0
62.73999999999796,56.902284179800226,2025-01-07,6.0
31.048000000002503,37.47068655238106,2025-01-07,7.0
19.520000000004075,20.50512452802836,2025-01-07,8.0
31.2800000000011,27.094940990476168,2025-01-07,9.0
26.30399999999645,25.18718944437183,2025-01-07,10.0
28.987999999997555,27.803335972924767,2025-01-07,11.0
9.5,13.504026260169276,2025-01-07,12.0
81.9428000000031,63.33927404444431,2025-01-07,13.0
47.2580000000054,48.077464760712544,2025-01-07,14.0
32.9000000000011,34.015306567597406,2025-01-07,15.0
22.7109999999995,26.583947554285498,2025-01-07,16.0
9.850000000000364,15.994044271341716,2025-01-07,17.0
13.192000000002736,18.542811232248646,2025-01-07,18.0
25.849999999998545,25.47727457333313,2025-01-07,19.0
25.06000000000131,26.785597689947497,2025-01-07,20.0
32.8628000000014,30.340648517460423,2025-01-07,21.0
74.49199999999837,36.890594346199165,2025-01-07,22.0
38.77999999999884,47.44949264306091,2025-01-07,23.0
31.80000000000291,29.755710417604682,2025-01-07,24.0
30.580000000001743,25.713018839833044,2025-01-07,25.0
16.4800000000032,20.186015506329444,2025-01-07,26.0
18.68000000000029,27.57583397901095,2025-01-07,27.0
22.99199999999837,32.3552451898991,2025-01-07,28.0
31.919999999998254,28.333266345489683,2025-01-07,29.0
37.23999999999796,31.13942781776126,2025-01-07,30.0
28.97599999999511,46.3606393885916,2025-01-07,31.0
43.63999999999942,50.7253311483555,2025-01-07,32.0
6.252000000000408,20.20324105892602,2025-01-07,33.0
10.4399999999951,20.41984324757486,2025-01-07,34.0
41.25600000000122,36.37024296732918,2025-01-07,35.0
19.42399999999907,19.908601485714136,2025-01-07,36.0
69.05200000000332,57.76762954014009,2025-01-07,37.0
13.280000000002474,19.536595057143064,2025-01-07,38.0
29.768000000003667,19.849588028571247,2025-01-07,39.0
41.63999999999942,28.45417174920631,2025-01-08,1.0
31.452000000004773,28.266375367883377,2025-01-08,2.0
25.87999999999738,33.40364197714289,2025-01-08,3.0
26.079999999987194,29.546387730158898,2025-01-08,4.0
20.5280000000009,25.18341628525817,2025-01-08,5.0
68.09999999999854,49.45310363382923,2025-01-08,6.0
39.59999999999855,33.876177480876116,2025-01-08,7.0
17.747999999999593,20.466623371228042,2025-01-08,8.0
23.427999999999884,26.584141683001096,2025-01-08,9.0
29.5679999999993,21.81974434603165,2025-01-08,10.0
36.65200000000186,28.949314680713968,2025-01-08,11.0
16.67000000000189,13.911191604151533,2025-01-08,12.0
56.608000000000175,53.12624087769443,2025-01-08,13.0
53.2109999999995,41.739365393166224,2025-01-08,14.0
26.860000000000586,35.17007552628547,2025-01-08,15.0
23.548000000002503,27.666240788107658,2025-01-08,16.0
13.639999999999418,14.900662666097995,2025-01-08,17.0
24.52799999999843,18.570985752174195,2025-01-08,18.0
24.030000000002477,23.410325668385074,2025-01-08,19.0
9.8299999999981,25.70401134274866,2025-01-08,20.0
23.21600000000035,31.022922397402777,2025-01-08,21.0
44.5268827895225,34.95775816530716,2025-01-08,22.0
48.7280000000028,42.704665593361,2025-01-08,23.0
33.375999999996566,29.575794247618916,2025-01-08,24.0
32.102000000001,27.55532795873004,2025-01-08,25.0
22.39999999999418,24.446597727619103,2025-01-08,26.0
36.479999999995925,28.029249320634758,2025-01-08,27.0
25.0319999999992,29.974954098464604,2025-01-08,28.0
27.531999999999243,26.320165424826577,2025-01-08,29.0
33.391999999999825,31.81613508571404,2025-01-08,30.0
51.0880000000025,42.41715371606256,2025-01-08,31.0
49.887999999991735,47.7297226344166,2025-01-08,32.0
6.267999999996391,18.430298235801345,2025-01-08,33.0
6.139999999999418,21.363813697160015,2025-01-08,34.0
44.05199999999604,33.77320794554065,2025-01-08,35.0
33.616000000001804,24.16540956507926,2025-01-08,36.0
61.299999999995634,50.552394621149695,2025-01-08,37.0
13.099999999998545,20.185913436625253,2025-01-08,38.0
19.9320000000007,24.851185002860912,2025-01-08,39.0
52.3028000000037,26.960017201534146,2025-01-09,1.0
50.33999999999651,25.64226976190474,2025-01-09,2.0
38.74799999999959,33.443588938095424,2025-01-09,3.0
28.960000000006403,29.213538663492006,2025-01-09,4.0
13.779999999998836,24.69871668571426,2025-01-09,5.0
53.79200000000128,59.10116287912667,2025-01-09,6.0
47.39199999999983,35.80609300112746,2025-01-09,7.0
5.631999999997788,20.483292956363606,2025-01-09,8.0
21.739999999997963,25.619616987219512,2025-01-09,9.0
25.752000000000407,22.962705163977734,2025-01-09,10.0
37.74799999999959,28.30649073015872,2025-01-09,11.0
23.7599999999984,11.12295647143328,2025-01-09,12.0
58.799999999995634,61.80334259704594,2025-01-09,13.0
51.22799999999552,44.330690539424616,2025-01-09,14.0
30.5679999999993,33.12795330148775,2025-01-09,15.0
22.77999999999884,27.343951023201786,2025-01-09,16.0
17.8200000000011,12.71418418948564,2025-01-09,17.0
10.760000000002,15.73173096061148,2025-01-09,18.0
22.5,22.472511089205977,2025-01-09,19.0
27.19000000000233,25.229857815238155,2025-01-09,20.0
28.6228000000025,30.678709182683896,2025-01-09,21.0
44.3863051100936,39.922518155150314,2025-01-09,22.0
32.71999999999389,43.2340731667649,2025-01-09,23.0
36.192000000002736,26.828363301587384,2025-01-09,24.0
35.788000000000466,27.02130427301577,2025-01-09,25.0
25.27200000000448,23.619628194285642,2025-01-09,26.0
18.743999999998778,26.3386551909825,2025-01-09,27.0
28.18800000000192,27.793355996825404,2025-01-09,28.0
29.2109999999995,25.88821720858384,2025-01-09,29.0
36.22000000000117,31.54578299999978,2025-01-09,30.0
56.19199999999546,40.564008358041164,2025-01-09,31.0
49.60000000000582,47.211972122659645,2025-01-09,32.0
28.1880000000019,11.741352571428536,2025-01-09,33.0
37.700000000004366,17.677223973295433,2025-01-09,34.0
20.81999999999971,35.405515104761726,2025-01-09,35.0
21.512000000002445,22.188466647618924,2025-01-09,36.0
54.5280000000009,58.25609603739225,2025-01-09,37.0
25.639999999999414,15.708137779482184,2025-01-09,38.0
26.46800000000076,24.577255426922356,2025-01-09,39.0
11.239999999998,33.297228251439165,2025-01-10,1.0
11.4280000000023,25.488817980317595,2025-01-10,2.0
39.94800000000396,34.91963051237707,2025-01-10,3.0
29.55999999999767,31.675809552381107,2025-01-10,4.0
10.051999999996042,25.745890724465223,2025-01-10,5.0
70.66800000000512,55.62754022342731,2025-01-10,6.0
28.1919999999955,41.8526642501219,2025-01-10,7.0
21.847999999998137,20.762138014469357,2025-01-10,8.0
28.632000000005064,26.791259871542767,2025-01-10,9.0
11.2960000000021,26.259696476878833,2025-01-10,10.0
25.4199999999983,30.33218674637151,2025-01-10,11.0
9.180000000000293,13.82839902812669,2025-01-10,12.0
84.30000000000291,57.30191599492049,2025-01-10,13.0
49.09200000000419,43.68448689458178,2025-01-10,14.0
27.8628000000014,39.824849994603,2025-01-10,15.0
27.048000000002503,26.381747058555433,2025-01-10,16.0
5.819999999999709,14.348622401593875,2025-01-10,17.0
33.61200000000099,20.33272475452676,2025-01-10,18.0
20.2500000000001,22.379229269655106,2025-01-10,19.0
31.389999999999414,24.80180100694686,2025-01-10,20.0
35.2119999999931,32.43860565731496,2025-01-10,21.0
36.8135928167889,46.12221856408274,2025-01-10,22.0
47.65200000000186,46.06130731880439,2025-01-10,23.0
20.87999999999738,29.84723457460311,2025-01-10,24.0
23.73200000000361,30.915174667681537,2025-01-10,25.0
23.360000000000586,23.507432066031733,2025-01-10,26.0
27.4280000000023,26.78739946113581,2025-01-10,27.0
28.05999999999767,27.943667464153286,2025-01-10,28.0
43.08000000000175,28.609475273234533,2025-01-10,29.0
42.45200000000477,33.637221759365154,2025-01-10,30.0
39.79200000000128,47.35128054443306,2025-01-10,31.0
54.06399999999849,50.61267501941625,2025-01-10,32.0
45.102000000001,13.946317996825645,2025-01-10,33.0
18.32800000000134,19.11056307152452,2025-01-10,34.0
26.560000000004948,38.69533260319579,2025-01-10,35.0
26.93999999999505,24.619034241904817,2025-01-10,36.0
64.59999999999854,55.19760042627982,2025-01-10,37.0
14.0280000000009,17.2776575066669,2025-01-10,38.0
25.731999999996333,25.65625513300549,2025-01-10,39.0
28.88799999999901,33.6237146602595,2025-01-11,1.0
10.072000000000116,30.628282664042388,2025-01-11,2.0
42.919999999998254,31.047404128376275,2025-01-11,3.0
33.888000000006286,29.217871014603038,2025-01-11,4.0
12.38799999999901,26.370886420214156,2025-01-11,5.0
71.29999999999563,51.647047379740286,2025-01-11,6.0
41.120000000009895,34.046803786666835,2025-01-11,7.0
5.14280000000023,18.37336381540388,2025-01-11,8.0
31.31999999999971,26.162378119436983,2025-01-11,9.0
23.47200000000157,26.220509051879436,2025-01-11,10.0
30.0879999999961,29.813499712823507,2025-01-11,11.0
9.75,15.309944509233286,2025-01-11,12.0
65.9000000000011,50.33184410857164,2025-01-11,13.0
47.799999999995634,38.58583396743395,2025-01-11,14.0
41.18800000000192,34.15357590983788,2025-01-11,15.0
30.182800000001,24.59303247619015,2025-01-11,16.0
10.6599999999999,13.657315530043563,2025-01-11,17.0
17.299999999995634,21.809674746011865,2025-01-11,18.0
14.590000000000146,22.27034040039079,2025-01-11,19.0
29.979999999999563,25.656895177777802,2025-01-11,20.0
41.1120000000018,32.1704875329228,2025-01-11,21.0
39.8044909657526,41.853435807369536,2025-01-11,22.0
48.17199999999866,37.59714085211418,2025-01-11,23.0
33.63999999999942,33.03151041200459,2025-01-11,24.0
25.359999999993303,31.443572700156018,2025-01-11,25.0
26.807999999997264,23.684014308280616,2025-01-11,26.0
19.927999999999884,27.11490200369587,2025-01-11,27.0
39.39199999999983,25.683047915479086,2025-01-11,28.0
30.68800000000192,29.529589740781347,2025-01-11,29.0
17.867999999994936,32.36990892207801,2025-01-11,30.0
29.903999999994998,38.76730872700076,2025-01-11,31.0
50.0399999999936,41.90902513009347,2025-01-11,32.0
26.619999999995343,14.525059047619006,2025-01-11,33.0
20.87999999999738,21.236433025088967,2025-01-11,34.0
38.1099999999953,37.9638659157232,2025-01-11,35.0
11.8280000000013,24.80661489010988,2025-01-11,36.0
66.20000000000437,52.04137768190472,2025-01-11,37.0
13.389999999999418,17.667058133915,2025-01-11,38.0
20.26000000000204,25.41146690693535,2025-01-11,39.0
21.208000000005995,32.19869512601452,2025-01-12,1.0
35.88000000000466,26.74142936800424,2025-01-12,2.0
41.5428000000017,30.923695805714203,2025-01-12,3.0
25.319999999992437,28.390954169762466,2025-01-12,4.0
13.812000000005357,25.67127407326779,2025-01-12,5.0
68.39199999999983,58.352109775808486,2025-01-12,6.0
28.8119999999916,33.77989875432495,2025-01-12,7.0
14.888000000006286,20.282642433650892,2025-01-12,8.0
20.88799999999901,26.104286323790145,2025-01-12,9.0
29.62000000000262,25.66415296190466,2025-01-12,10.0
43.95200000000477,29.68651439999987,2025-01-12,11.0
7.610000000000582,14.980016981209715,2025-01-12,12.0
71.04799999999523,58.62047606666629,2025-01-12,13.0
48.82800000000134,44.60239132330341,2025-01-12,14.0
35.720000000001164,29.265063929305086,2025-01-12,15.0
26.855999999999767,25.73320674667416,2025-01-12,16.0
11.7700000000004,12.849087893518654,2025-01-12,17.0
24.48800000000483,24.442942507107613,2025-01-12,18.0
24.090000000000146,22.567706553970094,2025-01-12,19.0
25.5,24.620081150158803,2025-01-12,20.0
32.1120000000018,29.52521591619032,2025-01-12,21.0
28.107181942584,41.835029749234295,2025-01-12,22.0
47.30800000000454,41.30482722582741,2025-01-12,23.0
31.768000000003667,30.58152753109604,2025-01-12,24.0
36.296000000002095,29.517735677241003,2025-01-12,25.0
31.05999999999767,23.09311185802998,2025-01-12,26.0
24.68800000000192,25.949778419902774,2025-01-12,27.0
39.63999999999942,27.939912047576893,2025-01-12,28.0
32.87999999999738,28.730217609516657,2025-01-12,29.0
38.09200000000419,34.78239275400068,2025-01-12,30.0
39.1828000000084,41.296001882753686,2025-01-12,31.0
49.9600000000064,46.08153791727672,2025-01-12,32.0
29.9000000000011,18.894071146666757,2025-01-12,33.0
21.1428000000002,22.838418641076878,2025-01-12,34.0
22.848000000005413,33.46229235069306,2025-01-12,35.0
36.53199999999924,22.87888785167254,2025-01-12,36.0
59.54799999999523,55.509907152380904,2025-01-12,37.0
12.350000000002185,15.595087933333373,2025-01-12,38.0
21.30000000000291,24.8130446958152,2025-01-12,39.0
21.239999999997963,32.79702748965447,2025-01-13,1.0
9.32799999999286,28.208580936507634,2025-01-13,2.0
41.62799999999697,35.65372829466036,2025-01-13,3.0
19.4280000000023,29.68088850803985,2025-01-13,4.0
20.127999999996973,26.724423101587302,2025-01-13,5.0
57.00800000000163,55.58675516349179,2025-01-13,6.0
37.59200000000419,36.158699493908685,2025-01-13,7.0
18.6079999999929,16.570768183815705,2025-01-13,8.0
25.96800000000076,28.31156094124212,2025-01-13,9.0
10.131999999997788,24.685170432380914,2025-01-13,10.0
31.7109999999995,33.982188433853054,2025-01-13,11.0
9.22000000000106,14.82652210548087,2025-01-13,12.0
71.78399999999965,54.52705132085587,2025-01-13,13.0
48.72000000000117,43.323940287247034,2025-01-13,14.0
37.45999999999913,31.333836061854345,2025-01-13,15.0
22.063999999998487,26.055589390065748,2025-01-13,16.0
8.739999999999782,13.239039025908012,2025-01-13,17.0
21.023999999997613,24.664756419047503,2025-01-13,18.0
19.65999999999985,22.782444970522388,2025-01-13,19.0
26.610000000000586,25.93746219628629,2025-01-13,20.0
25.599999999998545,31.601396479365008,2025-01-13,21.0
37.6170898060106,48.732091188821286,2025-01-13,22.0
28.9399999999951,46.67788198379574,2025-01-13,23.0
32.0280000000009,31.748622777777836,2025-01-13,24.0
24.23200000000361,30.054915645882406,2025-01-13,25.0
26.1280000000067,25.813324053858008,2025-01-13,26.0
22.063999999998487,25.85547283213415,2025-01-13,27.0
36.0679999999993,28.445599454603254,2025-01-13,28.0
45.59200000000419,33.85545811541463,2025-01-13,29.0
31.5199999999968,32.297679970787755,2025-01-13,30.0
52.48799999999756,50.60957216797838,2025-01-13,31.0
52.671999999991385,43.13620161549566,2025-01-13,32.0
6.8879999999990105,18.976686373216364,2025-01-13,33.0
22.0679999999993,20.919382123376597,2025-01-13,34.0
19.87199999999575,38.71569608078324,2025-01-13,35.0
18.548000000002503,24.35816642857123,2025-01-13,36.0
55.0628000000058,55.3549060475534,2025-01-13,37.0
17.049999999999272,15.60684837714274,2025-01-13,38.0
23.37999999999738,25.453580406239077,2025-01-13,39.0
30.3839999999982,31.313107236190618,2025-01-14,1.0
17.4280000000023,25.77570717796162,2025-01-14,2.0
13.5880000000025,38.657219388883874,2025-01-14,3.0
29.847999999998137,28.553422311941812,2025-01-14,4.0
5.059999999997672,23.639137860317373,2025-01-14,5.0
31.81999999999971,53.667655623087946,2025-01-14,6.0
25.3600000000006,38.113217184866095,2025-01-14,7.0
17.6280000000067,14.994615681767051,2025-01-14,8.0
24.2109999999995,25.48673165839012,2025-01-14,9.0
21.68000000000029,25.157842526349203,2025-01-14,10.0
41.76799999999639,33.997052592012786,2025-01-14,11.0
13.43999999999869,11.420033146952996,2025-01-14,12.0
46.32800000000134,54.962395708802354,2025-01-14,13.0
31.49199999999837,45.64389956756179,2025-01-14,14.0
20.799999999995634,33.32373225157459,2025-01-14,15.0
23.487999999997555,25.39195260888897,2025-01-14,16.0
0.5499999999992724,11.387717351733732,2025-01-14,17.0
25.4280000000023,23.718927771428586,2025-01-14,18.0
24.43000000000029,22.311838642949947,2025-01-14,19.0
23.93000000000029,25.7844151061594,2025-01-14,20.0
30.46800000000076,33.76067360776134,2025-01-14,21.0
47.3058856302224,43.854450623217055,2025-01-14,22.0
39.59200000000419,41.44585276428228,2025-01-14,23.0
4.383999999998196,31.37155623879282,2025-01-14,24.0
26.839999999996508,31.606392000000024,2025-01-14,25.0
25.247999999999596,24.208993759573755,2025-01-14,26.0
14.027999999998428,24.741902477707466,2025-01-14,27.0
29.580000000001743,27.317743448889086,2025-01-14,28.0
24.97599999999511,34.599905930939755,2025-01-14,29.0
32.987999999997555,34.38848841587306,2025-01-14,30.0
32.67200000000594,42.3320964815583,2025-01-14,31.0
43.53600000000733,45.38396390271572,2025-01-14,32.0
14.572000000000116,23.395877760618532,2025-01-14,33.0
6.468000000000757,22.84356930599127,2025-01-14,34.0
27.4320000000007,34.048990923809555,2025-01-14,35.0
13.3109999999981,26.36365748231438,2025-01-14,36.0
35.84799999999814,52.53639308975453,2025-01-14,37.0
10.5200000000004,16.13676147174583,2025-01-14,38.0
18.807999999997264,25.327794326118056,2025-01-14,39.0
35.807999999997264,32.142937434920675,2025-01-15,1.0
25.95999999999185,28.238555189841016,2025-01-15,2.0
43.63999999999942,42.53390157234682,2025-01-15,3.0
19.9109999999966,33.75184175999983,2025-01-15,4.0
31.380000000004657,20.38809737098691,2025-01-15,5.0
70.62000000000262,56.283322475093776,2025-01-15,6.0
30.520000000004075,41.887555634169885,2025-01-15,7.0
18.05199999999604,14.980756246108998,2025-01-15,8.0
22.43999999999505,27.692849208066214,2025-01-15,9.0
12.09599999999773,27.04200659111085,2025-01-15,10.0
33.4280000000023,36.81435453047623,2025-01-15,11.0
24.67000000000189,15.259398075389706,2025-01-15,12.0
76.13999999999942,58.6793551792205,2025-01-15,13.0
47.0880000000025,44.63984134456002,2025-01-15,14.0
23.639999999999414,34.84497633650794,2025-01-15,15.0
11.9919999999984,28.216086610777317,2025-01-15,16.0
11.75,11.81674083643696,2025-01-15,17.0
25.127999999997,24.926074536198026,2025-01-15,18.0
19.80999999999767,23.61315663155952,2025-01-15,19.0
29.919999999998254,27.365221871729688,2025-01-15,20.0
29.18000000000029,33.76489530793645,2025-01-15,21.0
142.4800000000032,45.306169620535876,2025-01-15,22.0
49.50800000000163,42.825947388318596,2025-01-15,23.0
51.28800000000047,33.622686443906886,2025-01-15,24.0
23.4320000000007,30.841128011428417,2025-01-15,25.0
23.463999999999945,26.510407130169945,2025-01-15,26.0
35.45200000000477,24.559911973333303,2025-01-15,27.0
22.728000000002798,34.2810916107797,2025-01-15,28.0
29.372000000003027,35.28620188317464,2025-01-15,29.0
28.6520000000018,32.585875603809576,2025-01-15,30.0
50.16799999999057,41.179509061484396,2025-01-15,31.0
52.8628000000014,45.60302156748929,2025-01-15,32.0
6.988000000004831,30.025410865300703,2025-01-15,33.0
10.463999999999942,23.360769651273134,2025-01-15,34.0
37.4800000000032,31.733391520634708,2025-01-15,35.0
30.96800000000076,23.902736972640085,2025-01-15,36.0
58.58000000000175,57.130385519999976,2025-01-15,37.0
28.56999999999971,18.647003485714457,2025-01-15,38.0
31.812000000005355,24.977737803174538,2025-01-15,39.0
11.7800000000061,30.346358447618925,2025-01-16,1.0
29.4320000000007,23.52364206539671,2025-01-16,2.0
52.07200000000012,33.53034091714264,2025-01-16,3.0
16.84800000001269,31.61794103206342,2025-01-16,4.0
26.5679999999993,14.865533939682544,2025-01-16,5.0
56.13999999999942,54.1372416222223,2025-01-16,6.0
50.63999999999942,32.278966716190425,2025-01-16,7.0
20.372000000003027,15.118035233005251,2025-01-16,8.0
21.580000000001743,27.18002804030629,2025-01-16,9.0
12.87999999999738,23.08330816190478,2025-01-16,10.0
32.19999999999709,32.52427415301578,2025-01-16,11.0
10.0,11.81376612570064,2025-01-16,12.0
55.30800000000454,54.13644706181816,2025-01-16,13.0
51.68000000000029,42.205845041104475,2025-01-16,14.0
38.58000000000175,31.4945899009524,2025-01-16,15.0
22.296000000002092,26.767448230706435,2025-01-16,16.0
12.300000000001,10.17257626117977,2025-01-16,17.0
25.05999999999767,22.475364840514587,2025-01-16,18.0
21.830000000001743,20.707781133333313,2025-01-16,19.0
22.27000000000044,27.00585693379505,2025-01-16,20.0
37.92799999999989,30.690519854758463,2025-01-16,21.0
52.9320000000007,35.71582151663103,2025-01-16,22.0
43.971999999994296,41.28480674622606,2025-01-16,23.0
39.95999999999913,29.888862898412455,2025-01-16,24.0
26.228000000002798,28.65451540825401,2025-01-16,25.0
21.0,27.61992067111112,2025-01-16,26.0
18.8119999999989,22.424140409523737,2025-01-16,27.0
17.86399999999412,32.09689399047615,2025-01-16,28.0
23.18800000000192,33.230476122815965,2025-01-16,29.0
32.30800000000454,30.825604216149593,2025-01-16,30.0
44.80000000000291,40.25499630069767,2025-01-16,31.0
60.04799999999523,45.45642102408289,2025-01-16,32.0
36.46399999999994,24.066972379593675,2025-01-16,33.0
39.33600000000297,21.10087566865045,2025-01-16,34.0
13.968000000000757,28.44766938285741,2025-01-16,35.0
30.192000000002736,21.758221707936535,2025-01-16,36.0
60.93999999999505,53.953500464214976,2025-01-16,37.0
22.27999999999884,16.51956205155565,2025-01-16,38.0
18.299999999995634,23.244434300831955,2025-01-16,39.0
31.091999999996915,27.964903993650886,2025-01-17,1.0
9.70799999999872,22.92553600000003,2025-01-17,2.0
28.81999999999971,33.84534233015855,2025-01-17,3.0
19.631999999997788,26.945259610158878,2025-01-17,4.0
10.6399999999994,15.41589890265255,2025-01-17,5.0
49.19999999999709,57.055664241269696,2025-01-17,6.0
47.19999999999709,29.513787011070214,2025-01-17,7.0
10.767999999996391,13.654312950204941,2025-01-17,8.0
32.30000000000291,26.58864291619038,2025-01-17,9.0
19.332000000002157,19.550925818509466,2025-01-17,10.0
28.76000000000204,28.22141498793644,2025-01-17,11.0
9.039999999997235,12.111635682539845,2025-01-17,12.0
73.57200000000012,58.14150259069711,2025-01-17,13.0
45.61999999999534,41.59006227809375,2025-01-17,14.0
28.05200000000332,30.20483208253979,2025-01-17,15.0
21.55200000000332,25.830475329523495,2025-01-17,16.0
12.819999999999707,11.130817173223585,2025-01-17,17.0
9.468000000000757,25.013051860317418,2025-01-17,18.0
26.0099999999984,21.04333518319355,2025-01-17,19.0
21.080000000001743,28.568629638095288,2025-01-17,20.0
33.9428000000031,30.813657569523894,2025-01-17,21.0
35.9003935433678,46.94584053970521,2025-01-17,22.0
45.708000000006,35.73736647137674,2025-01-17,23.0
17.99199999999837,28.10793548253986,2025-01-17,24.0
22.1199999999962,27.647144200000017,2025-01-17,25.0
25.919999999998254,24.94746482476189,2025-01-17,26.0
27.091999999996915,23.614021074063775,2025-01-17,27.0
18.46800000000076,30.643533479365203,2025-01-17,28.0
27.0280000000009,31.804496316986473,2025-01-17,29.0
36.73999999999796,30.65401714095239,2025-01-17,30.0
39.88000000000466,35.71685367551382,2025-01-17,31.0
52.479999999995925,46.85088588363434,2025-01-17,32.0
51.76799999999639,22.156714357460224,2025-01-17,33.0
4.4320000000006985,16.53857395122087,2025-01-17,34.0
14.839999999996508,27.06865038349181,2025-01-17,35.0
16.760000000002037,22.339708560046684,2025-01-17,36.0
57.700000000004366,47.493892599797675,2025-01-17,37.0
13.299999999999272,16.61328558482677,2025-01-17,38.0
23.0,24.385535281018925,2025-01-17,39.0
22.09599999999773,27.23238704952377,2025-01-18,1.0
9.60000000000582,21.143690021481795,2025-01-18,2.0
26.05999999999767,35.08891477610399,2025-01-18,3.0
16.8628000000014,26.00550657489163,2025-01-18,4.0
20.1120000000018,19.122637673629164,2025-01-18,5.0
53.108000000000175,51.576896330158775,2025-01-18,6.0
50.5,34.068855479999826,2025-01-18,7.0
11.1200000000026,15.781730659707074,2025-01-18,8.0
22.419999999998254,25.676187854437703,2025-01-18,9.0
30.30000000000291,17.091800451428536,2025-01-18,10.0
36.35199999999895,33.7283627365077,2025-01-18,11.0
18.62000000000262,11.504182505536797,2025-01-18,12.0
54.37999999999738,54.19181040190489,2025-01-18,13.0
41.29200000000128,42.68981522193101,2025-01-18,14.0
23.799999999995634,32.53746990476188,2025-01-18,15.0
20.639999999999414,25.002640171880298,2025-01-18,16.0
11.8799999999992,13.003332447618918,2025-01-18,17.0
25.59200000000419,25.226413928888867,2025-01-18,18.0
25.2800000000011,21.800447086516957,2025-01-18,19.0
27.090000000000146,33.071037155817734,2025-01-18,20.0
36.807999999997264,30.53314424402386,2025-01-18,21.0
41.2648116728382,53.52569515694915,2025-01-18,22.0
42.0109999999952,44.73722574927581,2025-01-18,23.0
35.46800000000076,28.89823460164292,2025-01-18,24.0
28.94800000000396,27.92531974539712,2025-01-18,25.0
18.18800000000192,23.42995772952392,2025-01-18,26.0
23.26000000000204,24.121035949206348,2025-01-18,27.0
19.2280000000052,27.752628568376227,2025-01-18,28.0
27.77199999999721,33.27612480825393,2025-01-18,29.0
20.7109999999995,32.359348130158615,2025-01-18,30.0
42.72000000000117,43.73990678666671,2025-01-18,31.0
51.83200000000943,44.318705171487935,2025-01-18,32.0
7.319999999999709,21.031062274068645,2025-01-18,33.0
14.767999999996391,20.46939068037358,2025-01-18,34.0
27.9800000000032,28.589809032952576,2025-01-18,35.0
18.631999999997788,22.799481211526615,2025-01-18,36.0
50.26799999999639,53.50864158421552,2025-01-18,37.0
19.460000000002765,15.363147803800357,2025-01-18,38.0
24.79200000000128,25.44737371428578,2025-01-18,39.0
14.9428000000031,26.732409362539624,2025-01-19,1.0
44.18000000000757,24.32086075896747,2025-01-19,2.0
31.31999999999971,40.799891697391175,2025-01-19,3.0
17.00800000000163,25.456445039999736,2025-01-19,4.0
19.7109999999995,18.88926846914814,2025-01-19,5.0
45.03199999999924,51.54003891022851,2025-01-19,6.0
41.9320000000007,36.338572171428446,2025-01-19,7.0
10.648000000001048,16.248342104761853,2025-01-19,8.0
13.9280000000023,25.99334066095205,2025-01-19,9.0
27.047999999995227,21.293471101324194,2025-01-19,10.0
37.0480000000025,38.763700556190365,2025-01-19,11.0
7.6599999999998545,12.635529995067616,2025-01-19,12.0
61.35199999999895,56.65537224277059,2025-01-19,13.0
46.16800000000512,42.375383489305975,2025-01-19,14.0
26.57600000000093,36.84966044819934,2025-01-19,15.0
17.2879999999958,24.77637376126974,2025-01-19,16.0
13.13000000000102,11.00287283809518,2025-01-19,17.0
16.220000000001164,23.528588580952345,2025-01-19,18.0
21.77000000000044,23.379513919179107,2025-01-19,19.0
22.68000000000029,26.094120706171573,2025-01-19,20.0
31.5,35.73736875076421,2025-01-19,21.0
28.532693112733,52.546051115086094,2025-01-19,22.0
56.98800000000483,43.05506255313323,2025-01-19,23.0
31.9280000000023,32.63585183047618,2025-01-19,24.0
23.743999999998778,25.435264345396533,2025-01-19,25.0
12.1099999999953,27.478939289523563,2025-01-19,26.0
28.139999999999414,25.742028145729407,2025-01-19,27.0
31.87999999999738,30.045190174314513,2025-01-19,28.0
16.5199999999968,31.45022898476184,2025-01-19,29.0
32.0480000000025,32.10290778374464,2025-01-19,30.0
29.44799999998941,43.722157781587626,2025-01-19,31.0
54.59999999999127,49.82986278518681,2025-01-19,32.0
7.360000000000582,29.735207961904685,2025-01-19,33.0
25.42399999999907,22.23509700999884,2025-01-19,34.0
30.4109999999966,26.426612174603193,2025-01-19,35.0
25.31999999999971,25.25073700952374,2025-01-19,36.0
64.16000000000349,51.72058240884945,2025-01-19,37.0
12.569999999999707,17.34155683106258,2025-01-19,38.0
18.548000000002503,24.153045380952104,2025-01-19,39.0
18.89600000000064,27.13278780525555,2025-01-20,1.0
32.75199999999313,20.630806330284383,2025-01-20,2.0
20.127999999996973,35.47317439111088,2025-01-20,3.0
26.5109999999879,25.10530308253988,2025-01-20,4.0
23.1099999999953,20.60347194285725,2025-01-20,5.0
44.79200000000128,49.91014755761353,2025-01-20,6.0
27.335999999995693,38.9387993305076,2025-01-20,7.0
19.19199999999546,18.64889921904755,2025-01-20,8.0
37.09199999999692,26.068758827477765,2025-01-20,9.0
21.31999999999971,20.28695626062646,2025-01-20,10.0
47.5199999999968,35.7809796698412,2025-01-20,11.0
10.399999999997815,15.637070605305114,2025-01-20,12.0
55.84799999999814,53.216279614199145,2025-01-20,13.0
48.9109999999966,46.13582753733784,2025-01-20,14.0
29.639999999999414,31.021816587301455,2025-01-20,15.0
22.0228000000049,24.840733581818263,2025-01-20,16.0
1.5799999999999272,10.978704081664114,2025-01-20,17.0
29.091999999996915,26.49155757142873,2025-01-20,18.0
16.239999999997963,25.426476008253974,2025-01-20,19.0
27.5,27.412428468599664,2025-01-20,20.0
26.639999999999414,35.5307471460318,2025-01-20,21.0
53.167999999997846,52.69265503692349,2025-01-20,22.0
48.70799999999872,46.15142313928566,2025-01-20,23.0
37.76799999999639,33.69714211428579,2025-01-20,24.0
31.127999999996973,27.745239980952498,2025-01-20,25.0
17.50800000000163,25.649016450793834,2025-01-20,26.0
14.987999999997555,24.326623523809477,2025-01-20,27.0
29.080000000001743,26.71826266990454,2025-01-20,28.0
28.380000000004657,31.653970197402558,2025-01-20,29.0
23.859999999993303,33.07365046666655,2025-01-20,30.0
39.2628000000101,45.82424349246878,2025-01-20,31.0
58.36000000000058,46.210143221616136,2025-01-20,32.0
7.351999999998952,23.95305757460329,2025-01-20,33.0
13.868000000002212,18.422074851428427,2025-01-20,34.0
37.61600000000181,22.212509661733783,2025-01-20,35.0
18.011999999996,24.282621172239818,2025-01-20,36.0
70.182800000001,48.88420056931508,2025-01-20,37.0
11.5900000000001,18.8363953149206,2025-01-20,38.0
19.49199999999837,24.184970811428528,2025-01-20,39.0
22.5028000000008,22.945630183492074,2025-01-21,1.0
10.228000000002794,24.56381550814922,2025-01-21,2.0
27.9428000000031,30.4653116939683,2025-01-21,3.0
12.0,16.91026186349206,2025-01-21,4.0
17.92000000000553,16.963321749206376,2025-01-21,5.0
54.77599999999802,41.39015506436088,2025-01-21,6.0
39.62399999999616,32.448461809523806,2025-01-21,7.0
13.560000000004948,13.466480790476318,2025-01-21,8.0
25.616000000001804,23.007091852381027,2025-01-21,9.0
11.6720000000059,16.11338033686255,2025-01-21,10.0
25.391999999999825,28.494896053333584,2025-01-21,11.0
11.2800000000025,13.402321694528426,2025-01-21,12.0
60.59200000000419,55.57363280634946,2025-01-21,13.0
43.2280000000028,37.77571404271847,2025-01-21,14.0
21.78399999999965,24.837417622222205,2025-01-21,15.0
17.720000000001164,17.2280885841682,2025-01-21,16.0
16.5,12.896386332379857,2025-01-21,17.0
10.88799999999901,18.394017647619,2025-01-21,18.0
33.42000000000189,20.429938587009705,2025-01-21,19.0
36.09999999999855,23.016909447619,2025-01-21,20.0
36.307999999997264,28.807539313650732,2025-01-21,21.0
41.95999999999913,48.61408948628307,2025-01-21,22.0
32.65199999999459,38.424966025256715,2025-01-21,23.0
32.1028000000066,27.63368214285743,2025-01-21,24.0
16.81999999999971,21.68058662857128,2025-01-21,25.0
16.2628000000029,18.130483657142843,2025-01-21,26.0
16.752000000000407,21.29209856190484,2025-01-21,27.0
36.2109999999995,23.87947346349206,2025-01-21,28.0
16.099999999998545,26.13447629523814,2025-01-21,29.0
16.8280000000038,27.697995685714332,2025-01-21,30.0
47.07200000000012,32.621898351449865,2025-01-21,31.0
55.2800000000087,43.040042177208285,2025-01-21,32.0
8.536000000000058,18.426290311111032,2025-01-21,33.0
7.707999999998719,20.782210428571496,2025-01-21,34.0
10.5120000000024,22.474079676190577,2025-01-21,35.0
17.512000000002445,18.864745252525363,2025-01-21,36.0
49.93599999999424,44.71517686642906,2025-01-21,37.0
24.57999999999811,18.716894528750714,2025-01-21,38.0
22.89600000000064,21.917988114285848,2025-01-21,39.0
27.70799999999872,25.63056783999987,2025-01-22,1.0
8.61099999999371,26.520314457142955,2025-01-22,2.0
31.32800000000134,34.367931019012296,2025-01-22,3.0
26.21600000000035,20.641816341587063,2025-01-22,4.0
20.37599999999657,21.14763220380932,2025-01-22,5.0
52.42399999999907,48.34622832187403,2025-01-22,6.0
41.56800000001385,39.64568853303624,2025-01-22,7.0
14.87999999999738,14.33428314920638,2025-01-22,8.0
25.5028000000008,31.752683433086034,2025-01-22,9.0
27.05999999999767,18.796666596825386,2025-01-22,10.0
35.2800000000011,31.044654231746133,2025-01-22,11.0
21.69999999999709,12.708124838664368,2025-01-22,12.0
57.90799999999581,55.16127952339448,2025-01-22,13.0
53.0199999999968,47.43287346098031,2025-01-22,14.0
31.4280000000023,30.8510610571429,2025-01-22,15.0
23.1079999999929,18.72184541099275,2025-01-22,16.0
17.2599999999985,11.134546558730161,2025-01-22,17.0
17.700000000004366,21.932565406060586,2025-01-22,18.0
24.399999999997817,21.527974775061608,2025-01-22,19.0
26.77999999999884,30.654908711977036,2025-01-22,20.0
45.222800000002,34.37391242730169,2025-01-22,21.0
46.2710939714836,53.3030642847979,2025-01-22,22.0
49.66000000000349,45.850755980147035,2025-01-22,23.0
17.167999999997846,33.26371600925046,2025-01-22,24.0
19.9320000000007,27.053092063492237,2025-01-22,25.0
13.647999999993772,18.239427900605936,2025-01-22,26.0
26.27999999999884,25.637398388818664,2025-01-22,27.0
45.23999999999796,24.716457622222144,2025-01-22,28.0
35.73999999999796,32.28102656277055,2025-01-22,29.0
33.8109999999981,29.72507504571413,2025-01-22,30.0
50.59999999999127,36.62176723809527,2025-01-22,31.0
55.52799999999115,49.000382530437776,2025-01-22,32.0
8.54280000000169,19.206972330158575,2025-01-22,33.0
25.652000000001863,21.085151838095307,2025-01-22,34.0
19.659999999996217,28.991887994285715,2025-01-22,35.0
33.63199999999779,23.43222763174611,2025-01-22,36.0
74.2800000000011,52.22465471492234,2025-01-22,37.0
12.959999999999129,18.4746861619048,2025-01-22,38.0
17.2109999999995,22.309927805079457,2025-01-22,39.0
16.2800000000011,21.28690357795089,2025-01-23,1.0
49.12799999999697,23.43401864444412,2025-01-23,2.0
30.5,31.874146039047712,2025-01-23,3.0
25.639999999999414,22.0805239144374,2025-01-23,4.0
6.50280000000081,19.835540107936435,2025-01-23,5.0
44.24799999999959,41.269657183347455,2025-01-23,6.0
35.80799999998999,37.38139602664427,2025-01-23,7.0
23.487999999997555,17.288339014687104,2025-01-23,8.0
25.1359999999986,26.191950771811374,2025-01-23,9.0
14.779999999998836,18.628926660481692,2025-01-23,10.0
36.48800000000483,34.45724431904762,2025-01-23,11.0
12.670000000001892,14.70432452092871,2025-01-23,12.0
56.26800000000367,53.83575701587315,2025-01-23,13.0
43.5,42.86595155327577,2025-01-23,14.0
24.82800000000134,27.557131806983943,2025-01-23,15.0
29.548000000002503,19.66055842656729,2025-01-23,16.0
10.0900000000001,11.143978050793505,2025-01-23,17.0
12.739999999997965,18.767082323539277,2025-01-23,18.0
14.510000000002035,23.102379708975906,2025-01-23,19.0
26.38000000000102,26.139103424085132,2025-01-23,20.0
29.296000000002092,33.85818243809513,2025-01-23,21.0
44.6257190030867,51.62526997478168,2025-01-23,22.0
47.9000000000011,42.48176524540783,2025-01-23,23.0
23.5199999999968,32.76340921894864,2025-01-23,24.0
11.4879999999976,25.864353027940595,2025-01-23,25.0
32.9800000000032,18.844323453968197,2025-01-23,26.0
13.872000000003029,22.741635332136138,2025-01-23,27.0
29.4119999999974,25.1794181638094,2025-01-23,28.0
21.919999999998254,23.992030979120337,2025-01-23,29.0
39.28800000000047,27.16195044394071,2025-01-23,30.0
25.2280000000052,40.09628486495166,2025-01-23,31.0
52.4280000000023,49.82913989382699,2025-01-23,32.0
55.18800000000192,18.049723635768473,2025-01-23,33.0
23.29200000000128,19.53676425548908,2025-01-23,34.0
3.7880000000004657,26.4221246888888,2025-01-23,35.0
23.0880000000025,22.13849206603154,2025-01-23,36.0
60.10399999999936,54.252512090840106,2025-01-23,37.0
17.610000000000582,19.080526688649083,2025-01-23,38.0
21.0,20.82148445269838,2025-01-23,39.0
24.479999999995925,23.950138724444425,2025-01-24,1.0
8.992000000012922,20.236514554285595,2025-01-24,2.0
21.22799999999552,30.570981647618808,2025-01-24,3.0
19.8280000000101,20.243852520974425,2025-01-24,4.0
22.69600000000355,18.725701198730068,2025-01-24,5.0
43.12000000000262,43.73854773753151,2025-01-24,6.0
25.1999999999971,42.866114956557354,2025-01-24,7.0
18.959999999999127,13.684187552381072,2025-01-24,8.0
28.9109999999966,27.422557569755725,2025-01-24,9.0
33.99199999999837,24.357125480639905,2025-01-24,10.0
29.471999999994296,31.393240117460266,2025-01-24,11.0
14.180000000000293,14.854348637102737,2025-01-24,12.0
58.63999999999942,52.80913625291965,2025-01-24,13.0
44.30000000000291,45.58871615606308,2025-01-24,14.0
35.1099999999953,25.73601795035817,2025-01-24,15.0
24.919999999998254,21.750567498412597,2025-01-24,16.0
12.780000000000657,12.588292442359279,2025-01-24,17.0
31.102000000001,17.736467332697025,2025-01-24,18.0
21.149999999997817,24.444074447618902,2025-01-24,19.0
26.1000000000006,24.936096183159734,2025-01-24,20.0
41.59999999999855,31.308244294993248,2025-01-24,21.0
35.9685002825286,42.84525461656539,2025-01-24,22.0
31.627999999996973,45.65698378102756,2025-01-24,23.0
28.2880000000031,28.03253119365072,2025-01-24,24.0
20.5280000000009,23.65347744380952,2025-01-24,25.0
24.692000000002736,17.312756961904924,2025-01-24,26.0
14.9360000000011,22.403212219047553,2025-01-24,27.0
20.77200000000448,26.32765680997114,2025-01-24,28.0
22.4800000000032,24.05987309644066,2025-01-24,29.0
26.880000000004657,27.773172209523832,2025-01-24,30.0
33.288000000000466,41.78700467649329,2025-01-24,31.0
53.36000000000058,47.27379529190219,2025-01-24,32.0
30.31999999999971,14.63312841415597,2025-01-24,33.0
6.655999999995402,15.734129622770263,2025-01-24,34.0
37.29200000000128,22.891575204761825,2025-01-24,35.0
17.487999999997555,21.719329779534416,2025-01-24,36.0
63.80800000000454,52.96535302244345,2025-01-24,37.0
16.8280000000001,17.37680007405946,2025-01-24,38.0
30.239999999997963,21.600047590476144,2025-01-24,39.0
16.012000000002445,21.87572820317433,2025-01-25,1.0
23.587999999988824,27.204454579341913,2025-01-25,2.0
37.57200000000012,28.451057573333454,2025-01-25,3.0
30.1199999999889,19.95762047809517,2025-01-25,4.0
16.471999999994296,19.37646190233147,2025-01-25,5.0
43.58000000000175,45.94471159441275,2025-01-25,6.0
39.37200000000303,36.46453193645622,2025-01-25,7.0
7.672000000005937,15.745424248360742,2025-01-25,8.0
31.952000000004773,26.026396282526626,2025-01-25,9.0
37.64800000000105,23.79456162597401,2025-01-25,10.0
45.708000000006,34.68496905719391,2025-01-25,11.0
8.25000000000011,13.292782989374416,2025-01-25,12.0
52.94399999999587,51.76204989847074,2025-01-25,13.0
44.87999999999738,45.5793666259333,2025-01-25,14.0
36.81999999999971,27.34180763823616,2025-01-25,15.0
26.60000000000582,23.562140470867604,2025-01-25,16.0
11.9300000000003,11.771706315716411,2025-01-25,17.0
10.655999999995402,17.69426389564905,2025-01-25,18.0
20.850000000002183,25.47896291301574,2025-01-25,19.0
28.0099999999984,27.234848063492194,2025-01-25,20.0
29.09200000000419,33.33811520951483,2025-01-25,21.0
52.0280000000009,41.66345686433553,2025-01-25,22.0
35.29200000000128,47.61530906027382,2025-01-25,23.0
26.5828000000026,31.21399240516535,2025-01-25,24.0
14.9280000000023,23.76431537142831,2025-01-25,25.0
25.38799999999901,17.438437625995537,2025-01-25,26.0
21.5028000000008,20.552650771428397,2025-01-25,27.0
22.639999999999414,30.18171643635062,2025-01-25,28.0
39.92799999999989,23.613613321073277,2025-01-25,29.0
23.619999999995343,29.857949997503844,2025-01-25,30.0
50.919999999998254,39.35334342957994,2025-01-25,31.0
59.4320000000007,50.71974955729117,2025-01-25,32.0
8.0,21.862461496369885,2025-01-25,33.0
16.982800000004,19.841020195193078,2025-01-25,34.0
61.82800000000134,23.063933069841273,2025-01-25,35.0
11.5028000000008,22.538018711111196,2025-01-25,36.0
64.87999999999738,53.164294913073846,2025-01-25,37.0
12.93999999999869,18.158407971428552,2025-01-25,38.0
13.19999999999709,21.37841606666659,2025-01-25,39.0
22.9360000000011,21.37445523174569,2025-01-26,1.0
9.77200000001076,24.859177663491778,2025-01-26,2.0
24.82800000000134,27.54196827281883,2025-01-26,3.0
16.312000000005355,20.175712873015726,2025-01-26,4.0
22.560000000004948,17.53086214480225,2025-01-26,5.0
48.61999999999534,44.01477523430047,2025-01-26,6.0
27.80000000000291,37.513689379091076,2025-01-26,7.0
16.099999999998545,17.91898277269853,2025-01-26,8.0
28.21600000000035,24.624304457902603,2025-01-26,9.0
28.832000000002157,24.064841076190405,2025-01-26,10.0
45.07999999999447,34.210920461342724,2025-01-26,11.0
6.770000000000437,13.001417400750714,2025-01-26,12.0
56.2880000000031,53.30305261440469,2025-01-26,13.0
28.9800000000032,39.995017153612984,2025-01-26,14.0
42.200000000004366,29.793132297055426,2025-01-26,15.0
19.091999999996915,23.25638451168827,2025-01-26,16.0
14.789999999999054,11.86858233862151,2025-01-26,17.0
25.97200000000157,19.011207982885054,2025-01-26,18.0
11.7700000000004,22.758010742856975,2025-01-26,19.0
23.62000000000262,26.849879463111368,2025-01-26,20.0
27.5879999999961,34.226581533088535,2025-01-26,21.0
48.192000000002736,38.63375917627823,2025-01-26,22.0
33.68000000000029,42.0423100879148,2025-01-26,23.0
7.09599999999773,28.747942186031697,2025-01-26,24.0
17.3109999999981,21.95561785396803,2025-01-26,25.0
26.5280000000009,17.634379953077193,2025-01-26,26.0
24.57600000000093,18.342787404752553,2025-01-26,27.0
23.55999999999767,30.81525934852044,2025-01-26,28.0
30.16000000000349,23.228556932771156,2025-01-26,29.0
36.18000000000029,30.35291341322565,2025-01-26,30.0
38.0880000000025,37.220592070593675,2025-01-26,31.0
47.80000000000291,48.48088617321078,2025-01-26,32.0
7.97200000000117,18.660543740991695,2025-01-26,33.0
21.0879999999961,19.180969869457385,2025-01-26,34.0
22.83199999999488,20.659211974832377,2025-01-26,35.0
23.82800000000134,23.462844705982754,2025-01-26,36.0
58.87200000000303,54.2787177066667,2025-01-26,37.0
13.770000000000437,18.97214619439496,2025-01-26,38.0
17.860000000000582,21.670794190475974,2025-01-26,39.0
8.360000000000582,19.60276188035795,2025-01-27,1.0
25.74799999999232,24.840225115459333,2025-01-27,2.0
25.4720000000016,31.17021342857154,2025-01-27,3.0
19.351999999998952,24.897198759709223,2025-01-27,4.0
21.860000000000586,21.048365987334954,2025-01-27,5.0
36.55200000000332,43.991597506420774,2025-01-27,6.0
25.372000000003,33.11445539693715,2025-01-27,7.0
20.55999999999767,14.878437131650474,2025-01-27,8.0
22.252000000000407,30.804960922310052,2025-01-27,9.0
22.70799999999872,24.124188746031777,2025-01-27,10.0
22.860000000000586,32.68677903174582,2025-01-27,11.0
8.569999999999709,13.714979548565754,2025-01-27,12.0
66.0280000000009,54.21488395895723,2025-01-27,13.0
39.9320000000007,43.11080705969326,2025-01-27,14.0
42.9280000000023,28.551815181645253,2025-01-27,15.0
21.19999999999709,24.347533756162033,2025-01-27,16.0
13.4280000000005,14.31145432154695,2025-01-27,17.0
23.10800000000017,18.922072625595685,2025-01-27,18.0
31.549999999999272,22.403352282986837,2025-01-27,19.0
23.93999999999869,27.070965076190472,2025-01-27,20.0
33.222800000002,33.69493794285697,2025-01-27,21.0
36.2776088947025,41.34069566660188,2025-01-27,22.0
49.33200000000216,39.37636673812026,2025-01-27,23.0
22.799999999995634,29.708289353988793,2025-01-27,24.0
19.44800000000396,19.056746683058456,2025-01-27,25.0
25.339999999996508,19.984886964847007,2025-01-27,26.0
11.351999999999,18.580779041057802,2025-01-27,27.0
25.6280000000042,29.077572410556446,2025-01-27,28.0
33.54399999999441,24.451129894669553,2025-01-27,29.0
20.31999999999971,29.42406773523818,2025-01-27,30.0
33.18399999999383,39.86896608784523,2025-01-27,31.0
45.2539999999973,52.12494163460222,2025-01-27,32.0
7.987999999997555,18.13386004728944,2025-01-27,33.0
13.102000000001,18.90931981024759,2025-01-27,34.0
41.1120000000018,29.337398037799574,2025-01-27,35.0
18.099999999998545,21.331138429841197,2025-01-27,36.0
63.2579999999981,55.35388542733959,2025-01-27,37.0
12.580000000001746,15.347046514285823,2025-01-27,38.0
12.760000000002035,20.491069469782037,2025-01-27,39.0
16.17199999999866,21.915025742857104,2025-01-28,1.0
18.148000000001048,17.959128373626456,2025-01-28,2.0
32.1120000000018,27.956083617247813,2025-01-28,3.0
22.047999999995227,25.659564681904605,2025-01-28,4.0
22.451999999997497,20.029195377142468,2025-01-28,5.0
48.667999999997846,47.38031454763825,2025-01-28,6.0
25.2880000000005,34.01242741523826,2025-01-28,7.0
14.548000000002505,17.792865603809414,2025-01-28,8.0
20.49199999999837,29.706470423809332,2025-01-28,9.0
25.3199999999997,26.409758938990585,2025-01-28,10.0
32.87200000000303,35.851484062077766,2025-01-28,11.0
20.87999999999738,12.580142091671703,2025-01-28,12.0
73.16799999999785,55.132138568513604,2025-01-28,13.0
28.887999999999,47.180870251255364,2025-01-28,14.0
43.81999999999971,29.742218931428763,2025-01-28,15.0
16.468000000000757,28.07333349230338,2025-01-28,16.0
14.670000000001892,12.6203387707996,2025-01-28,17.0
25.463999999999945,17.849622354994956,2025-01-28,18.0
17.419999999998254,18.927863420612564,2025-01-28,19.0
25.139999999999414,26.383162600000002,2025-01-28,20.0
32.05599999999686,33.307762219047795,2025-01-28,21.0
47.7650569390289,44.249530341712195,2025-01-28,22.0
28.007999999994357,37.823440147073676,2025-01-28,23.0
26.8280000000038,23.9368430511977,2025-01-28,24.0
21.9000000000011,18.82775812449488,2025-01-28,25.0
22.55999999999767,23.564018008888933,2025-01-28,26.0
13.551999999996042,17.893437425331157,2025-01-28,27.0
16.479999999995925,29.232628333333135,2025-01-28,28.0
27.208000000005995,28.387734052063244,2025-01-28,29.0
33.7109999999995,27.075707285714405,2025-01-28,30.0
42.0228000000049,40.691774965079304,2025-01-28,31.0
55.79200000000128,52.962874783219554,2025-01-28,32.0
7.959999999999127,17.89228123881238,2025-01-28,33.0
9.77599999999802,18.005358809523727,2025-01-28,34.0
32.27999999999884,27.47963973904763,2025-01-28,35.0
24.847999999998137,21.273094889106368,2025-01-28,36.0
56.23999999999796,55.43078005142854,2025-01-28,37.0
18.68999999999869,16.554309206452977,2025-01-28,38.0
21.26000000000204,18.705529339733605,2025-01-28,39.0
26.5199999999968,22.403227196190485,2025-01-29,1.0
17.5828000000026,22.973255803876775,2025-01-29,2.0
29.648000000001048,30.75682690476184,2025-01-29,3.0
22.03200000000652,25.343534841904727,2025-01-29,4.0
28.38799999999901,20.61036604664125,2025-01-29,5.0
28.05200000000332,43.6052009453195,2025-01-29,6.0
37.52799999999115,35.686109470492084,2025-01-29,7.0
10.98399999999674,19.643665879999837,2025-01-29,8.0
39.57600000000093,30.078038142172268,2025-01-29,9.0
22.372000000003027,29.255934041933134,2025-01-29,10.0
30.90799999999581,40.54093567619049,2025-01-29,11.0
9.280000000002474,17.597513126945014,2025-01-29,12.0
64.95999999999913,57.0401803584713,2025-01-29,13.0
39.419999999998254,42.860622553734466,2025-01-29,14.0
28.0720000000001,41.17272169523802,2025-01-29,15.0
23.3028000000037,28.36315443737456,2025-01-29,16.0
10.7899999999972,15.109198363925028,2025-01-29,17.0
16.616000000001804,22.340489047264544,2025-01-29,18.0
24.360000000000586,24.792325199234803,2025-01-29,19.0
1.9399999999986903,28.799647979942133,2025-01-29,20.0
29.391999999999825,34.67974395238083,2025-01-29,21.0
46.382545422884,43.33267293183761,2025-01-29,22.0
35.220000000001164,34.62764406603985,2025-01-29,23.0
19.4280000000023,24.901583914285577,2025-01-29,24.0
11.1999999999971,16.88501094603161,2025-01-29,25.0
20.080000000001743,26.537181489523757,2025-01-29,26.0
33.2800000000011,19.441191813971066,2025-01-29,27.0
20.29200000000128,29.266434796825337,2025-01-29,28.0
48.859999999993306,30.443043828833584,2025-01-29,29.0
29.01600000000326,30.045412693801104,2025-01-29,30.0
37.255999999993946,37.57511392908893,2025-01-29,31.0
46.9600000000064,45.451347865010845,2025-01-29,32.0
7.919999999998254,19.536461819047858,2025-01-29,33.0
11.3199999999997,21.189784552380978,2025-01-29,34.0
33.5480000000025,30.159521035817853,2025-01-29,35.0
24.76000000000204,21.881165532294457,2025-01-29,36.0
60.37200000000303,57.47913010943709,2025-01-29,37.0
24.06000000000131,18.220487139744083,2025-01-29,38.0
11.8799999999974,21.5256474190477,2025-01-29,39.0
13.932000000000698,20.48363153359548,2025-01-30,1.0
36.96799999999348,21.524828857142776,2025-01-30,2.0
25.471999999994296,27.396438786031357,2025-01-30,3.0
28.6628000000043,23.177727009410276,2025-01-30,4.0
4.319999999999709,20.046291647147836,2025-01-30,5.0
33.375999999996566,45.37670437121802,2025-01-30,6.0
32.6228000000107,30.792334227936582,2025-01-30,7.0
3.9200000000055297,18.30096497466081,2025-01-30,8.0
30.479999999995925,26.67052666416532,2025-01-30,9.0
17.0280000000009,27.5452170603174,2025-01-30,10.0
35.9600000000064,34.12553780380937,2025-01-30,11.0
13.849999999998545,14.634838299877645,2025-01-30,12.0
53.9028000000023,58.10180176825399,2025-01-30,13.0
44.97200000000157,39.39216949043755,2025-01-30,14.0
41.12799999999697,37.640006667936476,2025-01-30,15.0
28.18800000000192,23.017909533589034,2025-01-30,16.0
12.960000000002765,14.188163982839127,2025-01-30,17.0
3.371999999995751,22.618965728142204,2025-01-30,18.0
27.330000000001743,17.50899559238545,2025-01-30,19.0
21.580000000001743,26.07731402285749,2025-01-30,20.0
45.5679999999993,31.72082532662556,2025-01-30,21.0
35.22799999999552,47.386012866187926,2025-01-30,22.0
38.012000000002445,39.83624718174767,2025-01-30,23.0
33.66399999999703,22.196245904761874,2025-01-30,24.0
17.9280000000023,17.992752916521596,2025-01-30,25.0
12.5880000000025,22.212042644642136,2025-01-30,26.0
12.919999999998254,19.20869477939072,2025-01-30,27.0
29.26799999999639,25.462361965024176,2025-01-30,28.0
29.812000000005355,28.9567530933335,2025-01-30,29.0
42.42399999999907,29.48968578095245,2025-01-30,30.0
28.8960000000079,39.71398365210106,2025-01-30,31.0
43.45599999999104,46.61475989822562,2025-01-30,32.0
45.18800000000192,18.438371745824213,2025-01-30,33.0
21.520000000004075,19.19959403025439,2025-01-30,34.0
28.372000000003,28.289584417262528,2025-01-30,35.0
17.772000000004482,20.422810428571406,2025-01-30,36.0
44.1359999999986,55.47983721587315,2025-01-30,37.0
19.229999999999563,15.77187841904757,2025-01-30,38.0
11.9080000000031,17.701991009816002,2025-01-30,39.0
17.455999999998312,21.424862624863835,2025-01-31,1.0
7.847999999998137,21.961773085714274,2025-01-31,2.0
45.76800000000367,29.32262920952376,2025-01-31,3.0
29.527999999991152,24.921603857777686,2025-01-31,4.0
1.81099999999808,21.614561232102513,2025-01-31,5.0
25.5828000000026,40.42338553060224,2025-01-31,6.0
38.1759999999922,30.41410085396843,2025-01-31,7.0
24.255999999993943,16.45501789148622,2025-01-31,8.0
28.67199999999866,30.338008890158413,2025-01-31,9.0
10.7079999999987,29.136451171428547,2025-01-31,10.0
17.299999999995634,35.6237095619047,2025-01-31,11.0
7.380000000001019,13.201288057744954,2025-01-31,12.0
72.4119999999974,55.96393037460326,2025-01-31,13.0
46.479999999995925,42.77795431357531,2025-01-31,14.0
25.1199999999962,42.79858153179053,2025-01-31,15.0
16.31999999999971,24.475051083867122,2025-01-31,16.0
7.419999999998254,14.446782380597517,2025-01-31,17.0
5.900000000001455,22.298009689349204,2025-01-31,18.0
20.919999999998254,19.069766328863654,2025-01-31,19.0
23.610000000000586,20.67741256984126,2025-01-31,20.0
29.959999999999127,32.23217537650828,2025-01-31,21.0
29.2500000000038,46.46712927250253,2025-01-31,22.0
32.57600000000093,42.79289691909526,2025-01-31,23.0
23.89600000000064,24.34018303174605,2025-01-31,24.0
11.8079999999973,16.950240212409724,2025-01-31,25.0
1.7999999999956344,26.035267362539606,2025-01-31,26.0
13.160000000003492,19.86760732341015,2025-01-31,27.0
24.77200000000448,23.681870852755953,2025-01-31,28.0
37.82800000000134,35.928821872568484,2025-01-31,29.0
24.135999999998603,28.867657627936214,2025-01-31,30.0
39.3109999999908,45.25480124778665,2025-01-31,31.0
51.60800000000745,47.91425406468752,2025-01-31,32.0
44.19999999999709,15.825703455420186,2025-01-31,33.0
21.10399999999936,18.216276454323683,2025-01-31,34.0
9.527999999998428,37.72145000718626,2025-01-31,35.0
16.779999999998836,20.90544131071206,2025-01-31,36.0
55.95200000000477,54.827927269841446,2025-01-31,37.0
10.630000000001,17.334020092167016,2025-01-31,38.0
19.99199999999837,18.83090122006444,2025-01-31,39.0
22.4320000000007,23.762858266666633,2025-02-01,1.0
17.69200000001001,24.511010001487307,2025-02-01,2.0
26.55999999999767,30.886320057142953,2025-02-01,3.0
25.4280000000023,27.915659363667118,2025-02-01,4.0
12.0880000000025,21.132133441905026,2025-02-01,5.0
38.59999999999855,37.82355731775767,2025-02-01,6.0
31.1099999999953,31.366323707294697,2025-02-01,7.0
25.27999999999884,13.148619670603184,2025-02-01,8.0
11.1920000000027,29.196875294603057,2025-02-01,9.0
11.7079999999987,29.98526155428554,2025-02-01,10.0
17.927999999999884,31.515581820317333,2025-02-01,11.0
13.909999999999854,10.876576497543665,2025-02-01,12.0
50.2280000000052,55.38741268571438,2025-02-01,13.0
38.52000000000408,36.78488843055648,2025-02-01,14.0
42.44800000000396,38.371615014060744,2025-02-01,15.0
20.10800000000017,25.782878014005842,2025-02-01,16.0
9.4900000000016,12.114005721091528,2025-02-01,17.0
13.639999999999418,20.98598336914927,2025-02-01,18.0
22.4900000000016,24.121418062193417,2025-02-01,19.0
33.590000000000146,23.50504720713411,2025-02-01,20.0
28.192000000002736,33.18489596190474,2025-02-01,21.0
28.7632683614101,40.79531897079808,2025-02-01,22.0
20.61200000000099,38.30629187877152,2025-02-01,23.0
28.2628000000029,25.025909226151818,2025-02-01,24.0
18.2800000000011,20.112903119307465,2025-02-01,25.0
25.391999999999825,23.61052251458784,2025-02-01,26.0
12.788000000000466,20.576485057536715,2025-02-01,27.0
11.4519999999975,25.680226153957435,2025-02-01,28.0
28.77999999999884,31.277629668571546,2025-02-01,29.0
30.9028000000023,31.372460392301928,2025-02-01,30.0
55.1428000000002,39.37352116495207,2025-02-01,31.0
59.8119999999916,42.11954199042743,2025-02-01,32.0
6.78280000000693,18.55070031243783,2025-02-01,33.0
12.5879999999961,18.885546134456412,2025-02-01,34.0
44.48799999999756,38.00993238682766,2025-02-01,35.0
13.459999999999129,21.344872981955216,2025-02-01,36.0
52.271999999997206,55.19099038196359,2025-02-01,37.0
12.590000000000146,19.289159787301376,2025-02-01,38.0
25.0880000000025,18.15717206622996,2025-02-01,39.0
14.700000000004366,25.350396971428452,2025-02-02,1.0
9.387999999991736,22.138890088888964,2025-02-02,2.0
30.23200000000361,33.673898496507924,2025-02-02,3.0
25.855999999999767,24.28392382031723,2025-02-02,4.0
20.099999999998545,20.882433761683878,2025-02-02,5.0
42.50800000000163,36.86657866349201,2025-02-02,6.0
35.79200000000128,34.869676667301604,2025-02-02,7.0
25.09200000000419,15.487559418900641,2025-02-02,8.0
31.268000000003667,35.77608417714257,2025-02-02,9.0
14.4109999999966,24.10171361520505,2025-02-02,10.0
18.520000000004075,38.08338036641008,2025-02-02,11.0
10.4199999999983,11.467735188173807,2025-02-02,12.0
70.07200000000012,64.83586290557002,2025-02-02,13.0
43.26799999999639,39.2040042241093,2025-02-02,14.0
50.5428000000017,37.98152611550367,2025-02-02,15.0
22.86399999999412,23.06904521523775,2025-02-02,16.0
17.7699999999968,13.168033969933482,2025-02-02,17.0
11.351999999999,18.763390649523995,2025-02-02,18.0
18.52999999999884,21.726882441058407,2025-02-02,19.0
18.639999999999414,21.498066105691905,2025-02-02,20.0
35.96800000000076,34.92478359539182,2025-02-02,21.0
36.6827555905526,38.18738900504608,2025-02-02,22.0
44.14800000000105,38.06671075234376,2025-02-02,23.0
12.135999999998605,22.734913222274738,2025-02-02,24.0
20.87199999999575,20.38357857142868,2025-02-02,25.0
19.4800000000032,15.781981479207294,2025-02-02,26.0
23.252000000000407,20.79654329029762,2025-02-02,27.0
19.32800000000134,23.594931336655893,2025-02-02,28.0
33.04799999999523,39.602336233064726,2025-02-02,29.0
33.2579999999981,36.450458813719216,2025-02-02,30.0
48.53600000000733,38.587138287851104,2025-02-02,31.0
46.5280000000057,46.04972128069607,2025-02-02,32.0
6.78799999999319,22.735857838192793,2025-02-02,33.0
10.0200000000041,21.686788190476292,2025-02-02,34.0
9.072000000000116,36.72662299343254,2025-02-02,35.0
24.26799999999639,20.17426423042203,2025-02-02,36.0
52.7280000000028,57.14145432160822,2025-02-02,37.0
17.209999999999127,18.419650171428827,2025-02-02,38.0
11.1319999999978,17.723034792880345,2025-02-02,39.0
23.891999999999825,22.646227104761884,2025-02-03,1.0
32.69200000001001,22.60708135682572,2025-02-03,2.0
43.0679999999993,28.606576351428405,2025-02-03,3.0
17.00800000000163,23.769798465396747,2025-02-03,4.0
21.16000000000349,17.74571944444442,2025-02-03,5.0
51.26799999999639,35.29479228459911,2025-02-03,6.0
38.620000000009895,32.186381580952336,2025-02-03,7.0
21.97200000000157,17.968038001131774,2025-02-03,8.0
25.5199999999968,27.55022825396837,2025-02-03,9.0
30.708000000005995,21.7702914285714,2025-02-03,10.0
19.971999999994296,27.98301373968282,2025-02-03,11.0
12.63000000000102,12.56064934426226,2025-02-03,12.0
72.75999999999476,58.37531462095252,2025-02-03,13.0
44.62800000000425,39.29043526404577,2025-02-03,14.0
29.735999999997148,36.743427049849515,2025-02-03,15.0
20.2580000000054,23.08070216648635,2025-02-03,16.0
8.460000000002765,11.466835640463463,2025-02-03,17.0
10.8680000000022,15.398818377777756,2025-02-03,18.0
28.0280000000009,24.859842822036008,2025-02-03,19.0
23.389999999999414,24.97148796507933,2025-02-03,20.0
27.76000000000204,31.515103075671156,2025-02-03,21.0
37.8100685905112,38.72201516314212,2025-02-03,22.0
37.39999999999418,28.274690939682472,2025-02-03,23.0
9.87199999999575,23.640602803064354,2025-02-03,24.0
20.16800000000512,15.519720149206389,2025-02-03,25.0
21.55200000000332,19.858726174077074,2025-02-03,26.0
11.148000000001,19.364914064903243,2025-02-03,27.0
17.288000000000466,23.487076390476137,2025-02-03,28.0
41.8228000000005,33.76537509084258,2025-02-03,29.0
30.9320000000007,29.698126975237926,2025-02-03,30.0
28.952000000004773,40.05929716503881,2025-02-03,31.0
54.79200000000128,50.27639691421043,2025-02-03,32.0
7.4120000000039,18.128229337563038,2025-02-03,33.0
10.4199999999983,15.803581168253837,2025-02-03,34.0
36.1120000000018,26.721289193672508,2025-02-03,35.0
21.79200000000128,21.3091025777776,2025-02-03,36.0
75.51999999998952,55.12877338903546,2025-02-03,37.0
17.549999999999272,15.211691828571341,2025-02-03,38.0
10.131999999997788,16.984974183492046,2025-02-03,39.0
14.427999999999884,22.400190939047576,2025-02-04,1.0
10.7200000000012,22.423161173652886,2025-02-04,2.0
28.70799999999872,29.889410806348852,2025-02-04,3.0
13.279999999998836,25.536336863179752,2025-02-04,4.0
22.507999999994357,16.954335733525006,2025-02-04,5.0
61.9428000000031,33.34949910876869,2025-02-04,6.0
31.619999999995343,33.0863940196825,2025-02-04,7.0
29.70799999999872,19.826923814327284,2025-02-04,8.0
17.18000000000029,27.050276789982714,2025-02-04,9.0
32.99199999999837,19.39685119892588,2025-02-04,10.0
24.148000000001048,25.568396641699323,2025-02-04,11.0
12.5,13.360445198798715,2025-02-04,12.0
54.4800000000032,55.5925002242425,2025-02-04,13.0
48.66399999999703,33.53818443537032,2025-02-04,14.0
46.222800000002,34.37203574369496,2025-02-04,15.0
19.0,20.258000551118414,2025-02-04,16.0
17.279999999998836,15.318449569341587,2025-02-04,17.0
16.9800000000032,14.057930889470548,2025-02-04,18.0
14.899999999997815,23.408269292856758,2025-02-04,19.0
17.700000000000728,20.007215913023096,2025-02-04,20.0
30.743999999998778,30.538602016503987,2025-02-04,21.0
53.68000000000029,34.59689713221318,2025-02-04,22.0
45.0628000000058,29.899540767447007,2025-02-04,23.0
48.87200000000303,24.056668572467128,2025-02-04,24.0
20.19199999999546,18.342175599227073,2025-02-04,25.0
22.37599999999657,17.82730922144938,2025-02-04,26.0
13.0109999999952,18.737210224761863,2025-02-04,27.0
42.83200000000216,19.222852799999785,2025-02-04,28.0
29.46800000000076,32.83093699999988,2025-02-04,29.0
22.987999999997555,29.78347038158698,2025-02-04,30.0
36.69599999999628,36.18109804893562,2025-02-04,31.0
61.447999999989406,41.48246683063949,2025-02-04,32.0
8.487999999997555,17.681139028592384,2025-02-04,33.0
16.427999999999884,16.95346878768547,2025-02-04,34.0
46.21600000000035,28.08241629714281,2025-02-04,35.0
11.648000000001,19.58136658490484,2025-02-04,36.0
55.58000000000175,49.324594726544355,2025-02-04,37.0
11.1000000000022,17.16761091703278,2025-02-04,38.0
21.02799999999843,17.557448313015758,2025-02-04,39.0
29.131999999997788,21.496744494735882,2025-02-05,1.0
30.979999999995925,24.98405221667335,2025-02-05,2.0
33.9519999999975,32.96022723064116,2025-02-05,3.0
29.16000000000349,25.5293746896289,2025-02-05,4.0
14.0228000000049,18.178503518263117,2025-02-05,5.0
43.5679999999993,33.697315153177975,2025-02-05,6.0
32.10000000000582,35.71542702793643,2025-02-05,7.0
35.02799999999843,18.96356789491999,2025-02-05,8.0
30.60800000000017,26.999947504419723,2025-02-05,9.0
29.031999999999243,19.15838535451305,2025-02-05,10.0
20.959999999999127,24.217972959614425,2025-02-05,11.0
12.639999999999418,11.673005522826163,2025-02-05,12.0
56.67199999999866,72.33343539365079,2025-02-05,13.0
48.80000000000291,38.31387364869084,2025-02-05,14.0
45.0280000000009,36.308584211462644,2025-02-05,15.0
23.851999999998952,25.24018723809515,2025-02-05,16.0
14.849999999998545,10.340881965824531,2025-02-05,17.0
13.5,13.849319109988112,2025-02-05,18.0
37.6500000000011,23.49930935416604,2025-02-05,19.0
36.52000000000044,23.104785373594787,2025-02-05,20.0
46.26799999999639,31.410476343133677,2025-02-05,21.0
43.13999999999942,34.91658701228624,2025-02-05,22.0
55.75999999999476,31.975629702857088,2025-02-05,23.0
13.108000000000176,25.466299375237835,2025-02-05,24.0
20.848000000005413,16.986162204099646,2025-02-05,25.0
21.8628000000014,18.06911494695671,2025-02-05,26.0
25.2880000000031,17.531578233527377,2025-02-05,27.0
24.57999999999447,22.234239605093936,2025-02-05,28.0
49.73200000000361,38.419853517068915,2025-02-05,29.0
42.2109999999995,30.319503834920884,2025-02-05,30.0
48.1428000000002,37.08775785945805,2025-02-05,31.0
47.512000000002445,49.19624095177917,2025-02-05,32.0
8.560000000004948,17.94713118626016,2025-02-05,33.0
18.0280000000009,16.531096600985133,2025-02-05,34.0
18.5428000000017,28.004598222552623,2025-02-05,35.0
26.839999999996508,22.986749182578343,2025-02-05,36.0
58.55999999999767,62.25338112288769,2025-02-05,37.0
14.049999999999272,16.160185424673614,2025-02-05,38.0
27.12000000000262,18.206395414603165,2025-02-05,39.0
9.728000000002794,22.547522247753115,2025-02-06,1.0
16.279999999998836,24.708444102222227,2025-02-06,2.0
39.88000000000466,37.45658187904749,2025-02-06,3.0
24.9360000000011,25.773490876694705,2025-02-06,4.0
6.73599999999711,18.072024242264572,2025-02-06,5.0
62.84799999999814,41.05820737951025,2025-02-06,6.0
42.54799999999523,37.309797828571334,2025-02-06,7.0
23.31999999999971,22.397284737098637,2025-02-06,8.0
26.1428000000002,27.294143825689474,2025-02-06,9.0
25.31999999999971,22.639386590156278,2025-02-06,10.0
26.672000000005937,26.15194140825407,2025-02-06,11.0
17.020000000000437,12.769025813288463,2025-02-06,12.0
68.25600000000122,70.94639085396786,2025-02-06,13.0
51.69599999999628,46.097781155783544,2025-02-06,14.0
38.93599999999424,40.44792124672942,2025-02-06,15.0
29.26799999999639,24.32053386857135,2025-02-06,16.0
2.7280000000016,13.368451861325125,2025-02-06,17.0
31.099999999998545,11.007118928631213,2025-02-06,18.0
25.109999999999,24.256786912435178,2025-02-06,19.0
16.32999999999811,23.171396144188122,2025-02-06,20.0
19.852000000006228,35.10631784380949,2025-02-06,21.0
39.6876761959975,41.6834541086362,2025-02-06,22.0
42.57600000000093,38.57817377142851,2025-02-06,23.0
25.5080000000016,30.606922786031802,2025-02-06,24.0
17.551999999996042,17.72219427148604,2025-02-06,25.0
12.760000000002035,18.79343217630276,2025-02-06,26.0
12.5199999999968,18.285586792331944,2025-02-06,27.0
37.9280000000023,24.49321343209042,2025-02-06,28.0
36.0,36.33877107040692,2025-02-06,29.0
25.080000000001743,31.98691778603171,2025-02-06,30.0
48.5028000000008,43.84258662774853,2025-02-06,31.0
63.4628000000072,48.25795928961719,2025-02-06,32.0
45.2879999999958,19.358555237887852,2025-02-06,33.0
17.652000000001863,17.584690098270702,2025-02-06,34.0
18.2579999999981,28.160718880000037,2025-02-06,35.0
22.0280000000009,21.804002545454235,2025-02-06,36.0
45.0280000000081,55.72520173207881,2025-02-06,37.0
25.77999999999884,18.92464973018139,2025-02-06,38.0
18.0,19.603641688888867,2025-02-06,39.0
26.1099999999953,22.312186340886793,2025-02-07,1.0
33.520000000004075,24.200316023581692,2025-02-07,2.0
43.479999999995925,36.612714080000195,2025-02-07,3.0
44.0,22.452970150476386,2025-02-07,4.0
11.851999999999,16.955586358729917,2025-02-07,5.0
35.2280000000052,43.55954673185914,2025-02-07,6.0
31.53200000000652,34.35220504205071,2025-02-07,7.0
24.4320000000007,26.3360739561692,2025-02-07,8.0
37.98799999999756,21.746797848088505,2025-02-07,9.0
32.52799999999843,25.391962930158822,2025-02-07,10.0
25.339999999996508,24.720236520634877,2025-02-07,11.0
4.11999999999985,15.935886335021333,2025-02-07,12.0
63.2800000000011,69.015467564098,2025-02-07,13.0
50.771999999997206,43.60442984038634,2025-02-07,14.0
28.8120000000054,40.70948960074481,2025-02-07,15.0
21.61200000000099,23.52279083219466,2025-02-07,16.0
11.0999999999985,16.092943164004012,2025-02-07,17.0
21.5,13.437382317460346,2025-02-07,18.0
21.56000000000131,22.381981891138068,2025-02-07,19.0
25.9300000000003,22.276286257143035,2025-02-07,20.0
30.43999999999505,34.50137112980032,2025-02-07,21.0
38.7067359388949,36.26691244509896,2025-02-07,22.0
46.25200000000041,40.32467663420134,2025-02-07,23.0
23.8109999999981,23.703855299047742,2025-02-07,24.0
23.599999999998545,21.405251929889417,2025-02-07,25.0
20.987999999997555,18.095487361904983,2025-02-07,26.0
11.6399999999994,19.062729714862716,2025-02-07,27.0
27.512000000002445,22.167416720000265,2025-02-07,28.0
25.148000000001048,35.06346815990621,2025-02-07,29.0
37.72000000000117,30.609507780952292,2025-02-07,30.0
56.39999999999418,43.964878343741944,2025-02-07,31.0
61.83999999999651,48.41438165380486,2025-02-07,32.0
53.65200000000186,16.228384265814032,2025-02-07,33.0
22.731999999996333,16.54215531455015,2025-02-07,34.0
37.36000000000058,24.18289099962707,2025-02-07,35.0
20.12000000000262,19.742124801698658,2025-02-07,36.0
35.33199999999488,56.589630273628565,2025-02-07,37.0
12.479999999999563,13.727969457142821,2025-02-07,38.0
28.860000000000586,19.030421895025373,2025-02-07,39.0
19.5679999999993,19.473140038095423,2025-02-08,1.0
10.3199999999924,22.431222432803036,2025-02-08,2.0
43.62000000000262,28.123462130793442,2025-02-08,3.0
30.288000000000466,22.887530193650434,2025-02-08,4.0
11.6800000000003,14.82796470793656,2025-02-08,5.0
44.1428000000002,46.2945772549822,2025-02-08,6.0
37.33199999999488,31.216381498412467,2025-02-08,7.0
36.0480000000025,30.3463161142858,2025-02-08,8.0
29.380000000004657,24.057838163745835,2025-02-08,9.0
31.419999999998254,25.564115964386634,2025-02-08,10.0
41.23999999999796,20.200597826544403,2025-02-08,11.0
11.1700000000019,13.194965808973278,2025-02-08,12.0
54.68000000000029,61.188516104127146,2025-02-08,13.0
50.4120000000039,43.90671694263401,2025-02-08,14.0
56.93999999999505,33.83190633085311,2025-02-08,15.0
14.4800000000032,23.795691642482076,2025-02-08,16.0
18.460000000002765,11.02874586031738,2025-02-08,17.0
27.839999999996508,16.47244433897271,2025-02-08,18.0
23.919999999998254,21.157518309841112,2025-02-08,19.0
25.459999999999127,23.713308009523633,2025-02-08,20.0
25.5760000000009,27.16741468197859,2025-02-08,21.0
26.731999999996333,31.57405799852549,2025-02-08,22.0
61.08000000000175,33.58652176304325,2025-02-08,23.0
28.0679999999993,22.413002390475935,2025-02-08,24.0
21.0280000000009,18.695977817360106,2025-02-08,25.0
27.77199999999721,18.72931438140053,2025-02-08,26.0
23.47200000000157,15.57328582730174,2025-02-08,27.0
32.1099999999953,24.00168294793644,2025-02-08,28.0
51.05999999999767,34.977752163337385,2025-02-08,29.0
21.32800000000134,27.55258092232718,2025-02-08,30.0
44.95200000000477,40.31088619735959,2025-02-08,31.0
64.9360000000011,52.502616645515445,2025-02-08,32.0
6.099999999998545,17.698564269900533,2025-02-08,33.0
7.027999999998428,14.40952561195989,2025-02-08,34.0
22.091999999996915,28.957175742857007,2025-02-08,35.0
11.182800000001,18.64397026481535,2025-02-08,36.0
75.2560000000085,54.68541559901311,2025-02-08,37.0
31.209999999999127,15.000903790657494,2025-02-08,38.0
14.739999999997965,18.998100017736895,2025-02-08,39.0
11.4639999999999,22.58298802095248,2025-02-09,1.0
25.1020000000083,25.73115598476193,2025-02-09,2.0
36.05999999999767,35.1735150317459,2025-02-09,3.0
38.04799999999523,26.514178060998603,2025-02-09,4.0
7.580000000001746,16.741476942857116,2025-02-09,5.0
65.23999999999796,48.51407933315937,2025-02-09,6.0
33.85599999999977,34.544167381587144,2025-02-09,7.0
30.451999999997497,28.623467359657404,2025-02-09,8.0
26.5,27.386927508091464,2025-02-09,9.0
44.2500000000038,26.620520028929665,2025-02-09,10.0
31.012000000002445,26.583809765658252,2025-02-09,11.0
18.1199999999999,10.897984544163426,2025-02-09,12.0
55.4320000000007,58.50779206266459,2025-02-09,13.0
46.908000000003085,44.95813413368422,2025-02-09,14.0
54.28000000000611,37.25113340858857,2025-02-09,15.0
16.807999999997264,25.95748189215886,2025-02-09,16.0
16.969999999997526,12.459893952267176,2025-02-09,17.0
6.548000000002503,17.370379020317362,2025-02-09,18.0
24.2280000000016,26.486727848084623,2025-02-09,19.0
38.06000000000131,25.700974257385145,2025-02-09,20.0
33.9028000000023,34.57961584743081,2025-02-09,21.0
38.76000000000204,37.84817169536142,2025-02-09,22.0
11.051999999996,42.6373412018557,2025-02-09,23.0
25.3839999999982,26.68066723255338,2025-02-09,24.0
23.167999999997846,22.46688345221133,2025-02-09,25.0
14.175999999999476,24.92398561333324,2025-02-09,26.0
25.86800000000221,16.42764455238096,2025-02-09,27.0
18.456000000005588,26.64390092820304,2025-02-09,28.0
46.0879999999961,35.93702599047618,2025-02-09,29.0
37.39199999999983,33.44399600952352,2025-02-09,30.0
28.5999999999913,43.003138532603664,2025-02-09,31.0
55.36800000000221,57.27217260223855,2025-02-09,32.0
5.5679999999993015,25.64008645474482,2025-02-09,33.0
12.360000000000582,16.90934796273578,2025-02-09,34.0
31.167999999997846,29.99112418285728,2025-02-09,35.0
24.919999999998254,22.628380030350254,2025-02-09,36.0
56.919999999998254,53.73653942654437,2025-02-09,37.0
16.2300000000032,16.170317228571488,2025-02-09,38.0
20.30000000000291,21.796735869264168,2025-02-09,39.0
9.056000000004133,21.174585326984165,2025-02-10,1.0
10.227999999988242,23.032112623491983,2025-02-10,2.0
46.77999999999884,37.27606091607756,2025-02-10,3.0
29.1099999999953,29.489211358095336,2025-02-10,4.0
13.5,16.196909428571313,2025-02-10,5.0
48.0679999999993,45.928257616117165,2025-02-10,6.0
32.771999999997206,36.957711054603074,2025-02-10,7.0
23.61200000000099,28.036042647619077,2025-02-10,8.0
28.5879999999961,28.42944843809521,2025-02-10,9.0
30.37999999999738,30.4424951114026,2025-02-10,10.0
25.0480000000025,27.47468438905128,2025-02-10,11.0
9.10999999999898,12.848752306167064,2025-02-10,12.0
58.39199999999983,53.18100927092789,2025-02-10,13.0
47.1199999999962,45.492714226465345,2025-02-10,14.0
45.1199999999962,40.02554909944683,2025-02-10,15.0
21.9280000000023,24.316462629206157,2025-02-10,16.0
12.9280000000023,14.066830170371176,2025-02-10,17.0
13.080000000001746,21.135597185626704,2025-02-10,18.0
18.590000000000146,21.645087291701643,2025-02-10,19.0
21.470000000001164,22.895705402487657,2025-02-10,20.0
31.2879999999958,31.055591542857066,2025-02-10,21.0
37.5418282511132,36.062745687625025,2025-02-10,22.0
9.747999999999593,44.306177691353724,2025-02-10,23.0
17.656000000002678,23.52042543974688,2025-02-10,24.0
13.372000000003029,22.68425534603168,2025-02-10,25.0
28.351999999998952,22.298207564213193,2025-02-10,26.0
10.5800000000017,17.883350357466636,2025-02-10,27.0
20.971999999994296,27.65210365303771,2025-02-10,28.0
25.3828000000055,35.639082988439554,2025-02-10,29.0
30.799999999995634,32.21871418095245,2025-02-10,30.0
46.52000000000408,47.16169674337222,2025-02-10,31.0
64.65600000000268,56.34943685415099,2025-02-10,32.0
5.560000000004948,20.163295807169465,2025-02-10,33.0
16.61200000000099,18.168359676190317,2025-02-10,34.0
4.368000000002212,29.94371275171286,2025-02-10,35.0
16.70799999999872,18.94233722395382,2025-02-10,36.0
63.8628000000014,55.174969764228734,2025-02-10,37.0
14.319999999999707,17.33124471484691,2025-02-10,38.0
22.220000000001164,21.271151987905213,2025-02-10,39.0
41.02399999999761,17.812246200173284,2025-02-11,1.0
8.60000000000582,22.985808846349208,2025-02-11,2.0
31.76000000000204,36.139262541269794,2025-02-11,3.0
35.17600000000675,32.0626855049718,2025-02-11,4.0
14.680000000000293,15.696441260657663,2025-02-11,5.0
51.58000000000175,50.71220877389051,2025-02-11,6.0
28.8399999999965,34.51483930063888,2025-02-11,7.0
26.648000000001048,30.097651248253957,2025-02-11,8.0
29.55999999999767,30.656481722623656,2025-02-11,9.0
36.0280000000009,29.83156624317455,2025-02-11,10.0
23.87999999999738,29.50802762888331,2025-02-11,11.0
10.5200000000004,14.641804986479924,2025-02-11,12.0
60.19999999999709,58.91207634111588,2025-02-11,13.0
44.63999999999942,46.85845982341069,2025-02-11,14.0
43.37999999999738,41.01784540543101,2025-02-11,15.0
28.839999999996508,23.24079055111843,2025-02-11,16.0
11.4499999999971,14.506615295871951,2025-02-11,17.0
23.583999999995285,18.35112420376181,2025-02-11,18.0
25.959999999999127,25.36782065714261,2025-02-11,19.0
26.46999999999753,25.301243884448454,2025-02-11,20.0
25.5280000000009,31.177905205050575,2025-02-11,21.0
37.7009503390094,35.7230817214408,2025-02-11,22.0
18.94800000000396,37.77097368611313,2025-02-11,23.0
29.98399999999674,27.98224918949669,2025-02-11,24.0
17.0,22.09252030476209,2025-02-11,25.0
27.568000000006577,20.212466600000038,2025-02-11,26.0
12.0199999999968,18.89465688300362,2025-02-11,27.0
17.427999999999884,31.518560184761895,2025-02-11,28.0
28.627999999996973,35.547280612876065,2025-02-11,29.0
13.968000000000757,29.96993972952374,2025-02-11,30.0
30.703999999997905,43.33850385567039,2025-02-11,31.0
52.36799999998766,64.388555475759,2025-02-11,32.0
5.572000000000116,20.238494341522593,2025-02-11,33.0
10.720000000001164,17.622794684943702,2025-02-11,34.0
25.97200000000157,28.400888428571633,2025-02-11,35.0
24.20000000000437,17.87473738279653,2025-02-11,36.0
60.0119999999887,59.68978763301525,2025-02-11,37.0
17.7599999999984,18.583315086270424,2025-02-11,38.0
19.919999999998254,22.22205720085622,2025-02-11,39.0
6.959999999999127,20.758011366875785,2025-02-12,1.0
33.39999999999418,21.472609898991866,2025-02-12,2.0
39.0679999999993,40.650409437989765,2025-02-12,3.0
32.59200000000419,32.81377862898815,2025-02-12,4.0
19.747999999999596,13.286718870237173,2025-02-12,5.0
33.04799999999523,44.00595760173235,2025-02-12,6.0
33.33200000000943,36.784937787301594,2025-02-12,7.0
24.0,31.02502637460312,2025-02-12,8.0
25.0628000000058,28.8282717152038,2025-02-12,9.0
27.05999999999767,33.82905790920631,2025-02-12,10.0
26.959999999999127,28.764478991111353,2025-02-12,11.0
14.25,11.377225509189136,2025-02-12,12.0
55.908000000003085,66.02551827705636,2025-02-12,13.0
46.58000000000175,51.81455703940076,2025-02-12,14.0
38.29200000000128,44.02261744381905,2025-02-12,15.0
25.8109999999981,24.114352930906186,2025-02-12,16.0
14.5280000000009,13.102766620816244,2025-02-12,17.0
14.50800000000163,20.62570330036815,2025-02-12,18.0
28.869999999999,26.38657825294114,2025-02-12,19.0
28.13000000000102,23.692675125220347,2025-02-12,20.0
30.080000000001743,34.69499972697003,2025-02-12,21.0
36.90799999999581,37.80993647311246,2025-02-12,22.0
45.36000000000058,40.3816079526436,2025-02-12,23.0
4.92000000000553,23.61291806212624,2025-02-12,24.0
22.50800000000163,20.258441046774593,2025-02-12,25.0
20.791999999994005,22.95588844095251,2025-02-12,26.0
25.612000000001,18.665311345394446,2025-02-12,27.0
27.27200000000448,28.882214462857075,2025-02-12,28.0
50.5280000000009,40.21166107375973,2025-02-12,29.0
27.67199999999866,34.5728867250651,2025-02-12,30.0
44.21600000000035,45.77047604871947,2025-02-12,31.0
53.1120000000018,66.95714759134225,2025-02-12,32.0
11.3999999999942,20.433957481588834,2025-02-12,33.0
14.135999999998605,17.30398482539701,2025-02-12,34.0
43.63999999999942,23.09252208117386,2025-02-12,35.0
24.49199999999837,20.820819494521096,2025-02-12,36.0
48.78399999999965,56.391811019822654,2025-02-12,37.0
24.31999999999971,18.269809348120344,2025-02-12,38.0
24.1199999999962,24.502528949374287,2025-02-12,39.0
24.0679999999993,23.123773870887582,2025-02-13,1.0
25.3800000000047,20.890864129464845,2025-02-13,2.0
46.97200000000157,36.636824890928,2025-02-13,3.0
33.76799999999639,33.367775961904734,2025-02-13,4.0
1.54280000000169,11.8015825862689,2025-02-13,5.0
45.31200000000536,48.98486671755913,2025-02-13,6.0
25.4280000000023,36.32916683936521,2025-02-13,7.0
31.20799999999872,28.851234632857135,2025-02-13,8.0
30.17599999999948,30.446150279884467,2025-02-13,9.0
22.59200000000419,32.334978584126894,2025-02-13,10.0
20.8280000000038,30.170450975872953,2025-02-13,11.0
10.7200000000012,12.63884139292764,2025-02-13,12.0
56.4519999999975,57.43055245587328,2025-02-13,13.0
42.03199999999924,47.43078904916539,2025-02-13,14.0
50.8119999999989,41.5930685566618,2025-02-13,15.0
33.00800000000163,24.64048294621077,2025-02-13,16.0
16.010000000002037,14.773939389766383,2025-02-13,17.0
12.319999999999707,20.239504888535354,2025-02-13,18.0
21.460000000002765,26.21759776596276,2025-02-13,19.0
30.139999999999414,26.88518313906389,2025-02-13,20.0
39.63999999999942,33.79512185829743,2025-02-13,21.0
68.42799999999988,33.49180162505683,2025-02-13,22.0
31.063999999998487,30.999705710375324,2025-02-13,23.0
25.5279999999984,24.65807892097902,2025-02-13,24.0
11.0,19.9461725599591,2025-02-13,25.0
23.872000000003027,23.06438509523815,2025-02-13,26.0
14.2579999999981,19.622989299087795,2025-02-13,27.0
4.351999999998952,26.03217054863193,2025-02-13,28.0
11.9279999999999,35.03923777051033,2025-02-13,29.0
25.0480000000025,30.945811845598925,2025-02-13,30.0
39.16000000000349,40.50213486925427,2025-02-13,31.0
49.1120000000018,55.658693708829674,2025-02-13,32.0
8.851999999998952,19.002042394220414,2025-02-13,33.0
26.42399999999907,18.246079168253896,2025-02-13,34.0
20.091999999996915,24.524184290150714,2025-02-13,35.0
16.18800000000192,21.28612423219762,2025-02-13,36.0
44.0,51.040526774602014,2025-02-13,37.0
16.67000000000189,20.36424782484672,2025-02-13,38.0
20.10800000000017,23.40800133333316,2025-02-13,39.0
17.660000000003492,19.494638997698157,2025-02-14,1.0
8.872000000003027,23.006190402582405,2025-02-14,2.0
44.76000000000204,35.096002013997094,2025-02-14,3.0
28.1600000000035,31.659840347936218,2025-02-14,4.0
10.4680000000008,14.933525531740981,2025-02-14,5.0
57.0280000000009,41.1657970595475,2025-02-14,6.0
42.84799999999814,31.58188352058493,2025-02-14,7.0
24.79200000000128,27.824236359300798,2025-02-14,8.0
20.023999999997613,29.808396262857165,2025-02-14,9.0
33.788000000000466,32.16096736761887,2025-02-14,10.0
21.479999999995925,28.819352855407523,2025-02-14,11.0
14.549999999999272,12.941332212115485,2025-02-14,12.0
46.375999999996566,49.88606641904761,2025-02-14,13.0
41.09599999999773,41.96763777997997,2025-02-14,14.0
51.4320000000007,41.128958187015876,2025-02-14,15.0
19.18000000000029,21.35933386896392,2025-02-14,16.0
8.399999999997817,13.97052327067474,2025-02-14,17.0
25.02799999999843,19.162296639418347,2025-02-14,18.0
24.19999999999709,23.942417706711375,2025-02-14,19.0
24.950000000000728,24.585746415739226,2025-02-14,20.0
38.77999999999884,28.312281430825262,2025-02-14,21.0
21.6628000000043,33.96333696539067,2025-02-14,22.0
47.37600000000384,24.94951537742531,2025-02-14,23.0
29.580000000001743,24.146232628571205,2025-02-14,24.0
19.9109999999966,18.649311398986217,2025-02-14,25.0
25.21600000000035,23.570359557611273,2025-02-14,26.0
10.18800000000192,18.117098782103675,2025-02-14,27.0
7.82800000000125,26.082192530328427,2025-02-14,28.0
43.17199999999866,33.30587434942443,2025-02-14,29.0
24.44800000000396,27.459821190627554,2025-02-14,30.0
47.73600000000442,41.615597459627374,2025-02-14,31.0
46.80800000000454,51.570473380952,2025-02-14,32.0
8.528000000005704,13.90683378678443,2025-02-14,33.0
24.01600000000326,17.598423855699863,2025-02-14,34.0
37.5679999999993,25.405111101879754,2025-02-14,35.0
10.819999999999707,19.673293673015795,2025-02-14,36.0
44.0679999999993,49.55652475356098,2025-02-14,37.0
13.93999999999869,19.923076565079285,2025-02-14,38.0
17.12000000000262,22.317749885397497,2025-02-14,39.0
22.62000000000262,19.59981960033813,2025-02-15,1.0
9.00800000000163,23.10008194862729,2025-02-15,2.0
26.69999999999709,43.61215040352804,2025-02-15,3.0
28.5109999999879,37.52600924952385,2025-02-15,4.0
10.7319999999963,11.797289509365957,2025-02-15,5.0
48.9109999999966,42.388566243343185,2025-02-15,6.0
33.63999999999942,36.1476747415872,2025-02-15,7.0
21.591999999996915,27.273731761270014,2025-02-15,8.0
32.0480000000025,30.935388771269356,2025-02-15,9.0
31.360000000000586,36.48257640624901,2025-02-15,10.0
17.072000000000116,31.71256243224799,2025-02-15,11.0
22.52000000000044,14.977618933921223,2025-02-15,12.0
51.03199999999924,56.85753229303764,2025-02-15,13.0
45.72000000000117,40.06926043142071,2025-02-15,14.0
37.4800000000032,37.83259405705829,2025-02-15,15.0
26.860000000000586,27.788751679285543,2025-02-15,16.0
12.580000000001746,14.957576760770555,2025-02-15,17.0
12.61200000000099,18.08980025734852,2025-02-15,18.0
22.6500000000011,27.826817725980604,2025-02-15,19.0
25.25,25.621449704614392,2025-02-15,20.0
32.608000000000175,34.770269428570884,2025-02-15,21.0
28.5562531697204,42.17470764088947,2025-02-15,22.0
35.13199999999779,32.794333559364844,2025-02-15,23.0
19.2579999999981,23.346855077609693,2025-02-15,24.0
17.779999999998836,19.589349074588927,2025-02-15,25.0
7.091999999996915,28.040384244710687,2025-02-15,26.0
19.012000000002445,19.567654663032542,2025-02-15,27.0
9.331999999994878,22.934848264761904,2025-02-15,28.0
37.31999999999971,31.501861730620533,2025-02-15,29.0
37.94399999999587,26.566825616041985,2025-02-15,30.0
31.96799999999348,39.80799477304448,2025-02-15,31.0
63.463999999992666,57.97446727290497,2025-02-15,32.0
22.39999999999418,14.313904976529727,2025-02-15,33.0
10.98399999999674,18.870778443862914,2025-02-15,34.0
10.1280000000067,27.53393722122873,2025-02-15,35.0
14.979999999995924,19.532367911168368,2025-02-15,36.0
66.97200000000885,54.110417426245334,2025-02-15,37.0
17.36999999999898,19.434861037960676,2025-02-15,38.0
11.851999999999,22.27893984952376,2025-02-15,39.0
17.55999999999767,21.078355052544854,2025-02-16,1.0
25.839999999996508,20.637794101276192,2025-02-16,2.0
25.5520000000033,38.75452364914908,2025-02-16,3.0
48.2880000000104,33.2030527561907,2025-02-16,4.0
10.648000000001,12.420066847095788,2025-02-16,5.0
47.45599999999831,44.1310428780167,2025-02-16,6.0
36.84799999999814,30.117182465009726,2025-02-16,7.0
21.57600000000093,26.69946703873003,2025-02-16,8.0
30.239999999997963,27.84694916252117,2025-02-16,9.0
28.360000000000586,30.992777058412944,2025-02-16,10.0
24.228000000002798,28.47040724243726,2025-02-16,11.0
23.7599999999984,12.44828413086315,2025-02-16,12.0
45.208000000006,50.29775209256346,2025-02-16,13.0
45.05200000000332,36.99937589508911,2025-02-16,14.0
28.7920000000013,42.88666224037135,2025-02-16,15.0
14.7109999999995,25.004721997344912,2025-02-16,16.0
10.1499999999978,14.17570509525353,2025-02-16,17.0
17.260000000002037,18.48752919231492,2025-02-16,18.0
20.790000000000877,21.95686125934384,2025-02-16,19.0
38.13000000000102,24.895342921378358,2025-02-16,20.0
20.3028000000037,32.27686840000017,2025-02-16,21.0
35.3935452426273,36.49005200804823,2025-02-16,22.0
28.5,25.248111486349295,2025-02-16,23.0
10.1999999999971,22.408768631746074,2025-02-16,24.0
18.82800000000134,19.753021813591047,2025-02-16,25.0
36.53199999999924,22.630243861863725,2025-02-16,26.0
20.90799999999581,18.919523991927488,2025-02-16,27.0
25.908000000003085,19.640491921309252,2025-02-16,28.0
31.427999999999884,34.88481575428596,2025-02-16,29.0
22.2880000000031,25.208467325333448,2025-02-16,30.0
35.720000000001164,38.42301210818875,2025-02-16,31.0
56.79200000000128,48.95749174080493,2025-02-16,32.0
32.608000000000175,7.904283549206329,2025-02-16,33.0
14.0280000000009,18.064583256950954,2025-02-16,34.0
2.539999999993597,24.360893886796077,2025-02-16,35.0
25.099999999998545,20.504491505183996,2025-02-16,36.0
65.80000000000291,48.453737922093,2025-02-16,37.0
23.459999999999127,18.655364838573888,2025-02-16,38.0
13.092000000004193,21.23057609038071,2025-02-16,39.0
10.8399999999965,20.54849135619049,2025-02-17,1.0
25.20799999999872,19.80676024787632,2025-02-17,2.0
39.1099999999953,39.097134895925834,2025-02-17,3.0
47.3109999999908,32.33928876957256,2025-02-17,4.0
14.67199999999866,15.232382700322809,2025-02-17,5.0
50.7109999999995,45.93768489591772,2025-02-17,6.0
31.7109999999995,32.697092282539806,2025-02-17,7.0
25.3839999999982,27.32233467752316,2025-02-17,8.0
26.391999999999825,27.73905715373474,2025-02-17,9.0
31.31999999999971,29.08446092703294,2025-02-17,10.0
27.9320000000007,23.435515756188295,2025-02-17,11.0
10.290000000000871,15.081283296523019,2025-02-17,12.0
28.67199999999866,52.83593510017741,2025-02-17,13.0
44.45999999999913,42.40300224881546,2025-02-17,14.0
45.867999999994936,41.830542779572056,2025-02-17,15.0
22.256000000001222,24.02524222139769,2025-02-17,16.0
13.950000000000728,13.444553064896967,2025-02-17,17.0
2.82800000000378,16.26710567365091,2025-02-17,18.0
26.450000000000728,22.893982436777794,2025-02-17,19.0
24.729999999999563,26.319850672381172,2025-02-17,20.0
32.33599999999569,30.12418984126967,2025-02-17,21.0
31.855999999999767,39.599238796434925,2025-02-17,22.0
38.24799999999959,29.50201279963688,2025-02-17,23.0
13.891999999999824,21.555565692839686,2025-02-17,24.0
17.959999999999127,18.158714234920648,2025-02-17,25.0
6.368000000002212,23.7832762275578,2025-02-17,26.0
19.0280000000009,16.922855479447822,2025-02-17,27.0
19.50800000000163,16.252988648253947,2025-02-17,28.0
33.13199999999779,31.01812231407088,2025-02-17,29.0
18.459999999999127,25.856174992381064,2025-02-17,30.0
48.096000000005006,38.042961156603994,2025-02-17,31.0
58.95200000000477,53.82239678913885,2025-02-17,32.0
39.13200000000506,13.124894270821889,2025-02-17,33.0
11.0480000000025,15.817761406348977,2025-02-17,34.0
17.4800000000032,23.464785438960945,2025-02-17,35.0
11.5,17.449349247227445,2025-02-17,36.0
64.16799999999057,52.88402377140318,2025-02-17,37.0
16.05000000000291,15.991792620961947,2025-02-17,38.0
11.1199999999962,19.241804760932926,2025-02-17,39.0
23.77200000000448,22.877757099395936,2025-02-18,1.0
9.063999999998488,21.668587266770157,2025-02-18,2.0
39.0280000000009,39.50253613368303,2025-02-18,3.0
44.2528000000109,33.111063167403806,2025-02-18,4.0
10.6160000000018,14.816564242398254,2025-02-18,5.0
42.608000000000175,45.71763235978811,2025-02-18,6.0
25.239999999990687,36.5563316158728,2025-02-18,7.0
28.0280000000009,23.43022077333349,2025-02-18,8.0
25.01600000000326,30.424391544761722,2025-02-18,9.0
25.739999999998,30.66594351420854,2025-02-18,10.0
11.3359999999957,26.955918378203144,2025-02-18,11.0
10.4799999999996,16.198665124469887,2025-02-18,12.0
24.360000000000586,45.26491703380604,2025-02-18,13.0
48.167999999997846,43.98184866921706,2025-02-18,14.0
35.4600000000064,47.473180418216025,2025-02-18,15.0
25.61200000000099,24.58138408304441,2025-02-18,16.0
3.82800000000011,14.52341073599405,2025-02-18,17.0
25.3999999999942,16.941915454600192,2025-02-18,18.0
22.52999999999884,24.23149430455063,2025-02-18,19.0
11.239999999998,28.060652660317302,2025-02-18,20.0
22.872000000003027,32.64271781730795,2025-02-18,21.0
67.66399999999703,41.61516579868962,2025-02-18,22.0
38.1120000000018,31.697520173601482,2025-02-18,23.0
17.760000000002037,21.683675198622343,2025-02-18,24.0
11.4228000000063,15.154547206349188,2025-02-18,25.0
9.279999999998836,24.012529231998187,2025-02-18,26.0
8.98399999999674,18.33112390286421,2025-02-18,27.0
12.61200000000099,18.41778390857141,2025-02-18,28.0
21.20000000000437,33.47479922857107,2025-02-18,29.0
26.22799999999552,27.325448866630147,2025-02-18,30.0
42.98399999999674,47.5703986304762,2025-02-18,31.0
54.1019999999937,49.80633976366194,2025-02-18,32.0
46.299999999995634,20.131268076190402,2025-02-18,33.0
7.480000000003201,16.988664558538144,2025-02-18,34.0
16.76799999999639,30.632335194129993,2025-02-18,35.0
16.708000000005995,18.937763424078057,2025-02-18,36.0
48.47200000000885,48.26633702099613,2025-02-18,37.0
11.4699999999975,17.911484283730797,2025-02-18,38.0
24.01600000000326,19.110023870476265,2025-02-18,39.0
22.536000000000055,17.762849483194277,2025-02-19,1.0
20.81600000000617,20.898824722089817,2025-02-19,2.0
44.096000000005006,33.765493120431756,2025-02-19,3.0
32.655999999988126,34.017925907936615,2025-02-19,4.0
10.4280000000023,11.788446168960215,2025-02-19,5.0
48.35199999999895,42.26941847715098,2025-02-19,6.0
18.2720000000108,32.37210125206379,2025-02-19,7.0
14.788000000000466,25.253217012698258,2025-02-19,8.0
30.1428000000002,30.79196961142851,2025-02-19,9.0
39.4800000000032,29.57409316761895,2025-02-19,10.0
20.31999999999971,21.490439912553466,2025-02-19,11.0
8.59000000000011,15.570124048585402,2025-02-19,12.0
41.79200000000128,44.1397124229673,2025-02-19,13.0
49.0,41.87600529739248,2025-02-19,14.0
46.5399999999936,42.37309677546448,2025-02-19,15.0
19.70799999999872,23.13425865266698,2025-02-19,16.0
14.799999999999272,12.018493329243938,2025-02-19,17.0
12.2800000000011,15.675054070875365,2025-02-19,18.0
30.729999999999563,21.321116269321298,2025-02-19,19.0
38.7280000000016,27.752232675067116,2025-02-19,20.0
30.080000000001743,30.143659183887515,2025-02-19,21.0
26.44800000000396,35.286939892531024,2025-02-19,22.0
43.25999999999476,32.51549238793643,2025-02-19,23.0
5.760000000002037,19.01000195544708,2025-02-19,24.0
22.46799999999348,16.568302425672012,2025-02-19,25.0
9.752000000000407,21.6619726380952,2025-02-19,26.0
25.60000000000582,16.43847840615738,2025-02-19,27.0
6.939999999995052,15.212670603174454,2025-02-19,28.0
23.18000000000029,32.3790803222224,2025-02-19,29.0
35.2528000000046,21.42406545714263,2025-02-19,30.0
44.05599999999686,35.107540128686836,2025-02-19,31.0
56.20800000001327,47.178835923919905,2025-02-19,32.0
13.567999999999302,20.250562353435534,2025-02-19,33.0
14.819999999999707,16.25816809949065,2025-02-19,34.0
29.4628000000072,21.365924241269674,2025-02-19,35.0
39.78399999999965,16.260345565079458,2025-02-19,36.0
64.37599999998929,46.062222129983176,2025-02-19,37.0
20.950000000000728,18.101643659615476,2025-02-19,38.0
16.102000000001,15.263622312823832,2025-02-19,39.0
14.851999999998952,22.227437185951235,2025-02-20,1.0
50.5828000000026,20.189758165895274,2025-02-20,2.0
44.1019999999937,36.351329546031714,2025-02-20,3.0
54.1428000000002,36.327948016178,2025-02-20,4.0
7.71099999999953,9.716934384127171,2025-02-20,5.0
45.83200000000216,44.63818038631566,2025-02-20,6.0
44.0,37.56549153650799,2025-02-20,7.0
6.52000000000287,29.888276331428923,2025-02-20,8.0
24.29599999999482,27.928749321109347,2025-02-20,9.0
11.5599999999977,27.712933167618928,2025-02-20,10.0
26.1428000000002,24.21044029464102,2025-02-20,11.0
18.4900000000016,13.850817102567456,2025-02-20,12.0
50.49599999999919,44.842331459247696,2025-02-20,13.0
52.23999999999796,44.572536522576264,2025-02-20,14.0
42.74799999999959,38.598902267301774,2025-02-20,15.0
28.692000000002736,31.034368429526417,2025-02-20,16.0
0.8100000000013097,9.407028291428702,2025-02-20,17.0
2.180000000000291,16.228066520696515,2025-02-20,18.0
30.8280000000001,29.97108239295863,2025-02-20,19.0
25.220000000001164,28.341233146394565,2025-02-20,20.0
32.99199999999837,31.497230299047562,2025-02-20,21.0
41.3283564570365,40.168907743641235,2025-02-20,22.0
53.82800000000134,38.40396551292472,2025-02-20,23.0
39.31999999999971,18.514164619335926,2025-02-20,24.0
20.548000000002503,16.29359506081538,2025-02-20,25.0
18.256000000001222,18.526952239826237,2025-02-20,26.0
12.495999999999183,19.06799833878267,2025-02-20,27.0
19.80800000000454,15.295257019047849,2025-02-20,28.0
29.76799999999639,37.66543636789549,2025-02-20,29.0
26.96800000000076,29.4367166607651,2025-02-20,30.0
45.65600000000268,44.3313051111111,2025-02-20,31.0
59.5679999999993,52.314321620756566,2025-02-20,32.0
28.080000000001743,26.69411751856486,2025-02-20,33.0
17.771999999997206,17.704618757287392,2025-02-20,34.0
29.52799999999843,22.2452162603176,2025-02-20,35.0
16.57600000000093,15.916850561201215,2025-02-20,36.0
68.76000000000931,52.75386647330435,2025-02-20,37.0
12.970000000001164,18.157746794927085,2025-02-20,38.0
16.20799999999872,17.885386425679908,2025-02-20,39.0
8.02800000000087,18.715037402539632,2025-02-21,1.0
9.267999999996391,21.765037819047567,2025-02-21,2.0
38.12800000000425,37.291483603097056,2025-02-21,3.0
53.1120000000018,37.10275744000908,2025-02-21,4.0
12.88799999999901,14.286123923809432,2025-02-21,5.0
65.73600000000442,49.02172645292078,2025-02-21,6.0
29.855999999999767,29.80107141587289,2025-02-21,7.0
24.0109999999952,24.1001451968252,2025-02-21,8.0
28.560000000004948,29.29910310349193,2025-02-21,9.0
36.299999999995634,28.44197507909991,2025-02-21,10.0
18.12000000000262,20.787757402718345,2025-02-21,11.0
13.589999999996508,13.076144520634978,2025-02-21,12.0
48.27999999999884,39.61938029657682,2025-02-21,13.0
47.9028000000023,43.48651726235475,2025-02-21,14.0
41.87200000000303,42.11926060298054,2025-02-21,15.0
22.57200000000012,22.95448317714289,2025-02-21,16.0
0.828000000000146,10.946273247997285,2025-02-21,17.0
6.987999999997555,15.150514076190593,2025-02-21,18.0
16.169999999998254,25.525409399999976,2025-02-21,19.0
25.3999999999978,27.306880504761818,2025-02-21,20.0
28.4279999999999,32.14849714891783,2025-02-21,21.0
32.807999999997264,38.03007046184826,2025-02-21,22.0
27.6628000000043,35.58503204904723,2025-02-21,23.0
22.148000000001048,18.037962858881585,2025-02-21,24.0
17.8228000000005,16.80334711478372,2025-02-21,25.0
14.182800000001,17.87233591649188,2025-02-21,26.0
10.351999999998952,17.90245458939286,2025-02-21,27.0
33.9519999999975,14.006940100251478,2025-02-21,28.0
20.61200000000099,29.550027223492197,2025-02-21,29.0
25.3600000000006,29.026883923809702,2025-02-21,30.0
43.9428000000031,42.2763552114576,2025-02-21,31.0
62.23199999998906,53.33883678481005,2025-02-21,32.0
32.03199999999924,26.283017254066383,2025-02-21,33.0
20.167999999997846,17.409237997805334,2025-02-21,34.0
31.60800000000017,17.781156667342678,2025-02-21,35.0
16.17199999999866,19.479709712696607,2025-02-21,36.0
39.25199999999313,52.70249913745149,2025-02-21,37.0
22.090000000000146,17.003415520651828,2025-02-21,38.0
21.639999999999414,18.14015163472863,2025-02-21,39.0
20.360000000000586,19.417280104549057,2025-02-22,1.0
7.987999999997555,23.144643552463545,2025-02-22,2.0
42.70399999999791,35.496042773015894,2025-02-22,3.0
43.77599999999802,35.28367100994458,2025-02-22,4.0
11.8628000000014,12.483254914285828,2025-02-22,5.0
63.25199999999313,41.803382851952776,2025-02-22,6.0
39.99199999999837,30.908077278095405,2025-02-22,7.0
11.9599999999991,18.913642525714234,2025-02-22,8.0
22.07200000000012,27.04663364239701,2025-02-22,9.0
38.2500000000038,29.779735184762036,2025-02-22,10.0
21.89600000000064,20.174920768253855,2025-02-22,11.0
12.910000000003492,14.30236640606061,2025-02-22,12.0
60.78399999999965,32.05701649201852,2025-02-22,13.0
46.59999999999855,36.51009198851347,2025-02-22,14.0
47.87999999999738,33.58141796515974,2025-02-22,15.0
17.175999999999476,22.000189431746005,2025-02-22,16.0
16.2899999999999,10.173926854401888,2025-02-22,17.0
27.73200000000361,14.271245112956768,2025-02-22,18.0
24.5280000000009,24.43154062653534,2025-02-22,19.0
26.27000000000044,26.469176367243293,2025-02-22,20.0
36.31999999999971,28.577976565714117,2025-02-22,21.0
10.3028000000037,39.14692863953297,2025-02-22,22.0
36.6119999999945,34.77230677043909,2025-02-22,23.0
11.9319999999925,18.637331178322892,2025-02-22,24.0
27.20799999999872,17.078484870736848,2025-02-22,25.0
23.5879999999961,18.554476862574656,2025-02-22,26.0
18.27999999999884,19.024788676366953,2025-02-22,27.0
18.52799999999843,18.41722825701859,2025-02-22,28.0
36.29200000000128,30.057606895872993,2025-02-22,29.0
26.007999999994357,27.621268382318245,2025-02-22,30.0
55.8119999999916,35.957974205117786,2025-02-22,31.0
65.16800000000512,42.43160591506392,2025-02-22,32.0
25.8000000000029,30.01446638459648,2025-02-22,33.0
11.7680000000037,17.414941453226884,2025-02-22,34.0
26.091999999996915,16.86066001714287,2025-02-22,35.0
14.860000000000582,18.061913027409688,2025-02-22,36.0
64.45200000000477,49.86566671272928,2025-02-22,37.0
12.200000000000728,18.59415989661617,2025-02-22,38.0
12.559999999997672,17.622966010383593,2025-02-22,39.0
16.0,18.659324958547405,2025-02-23,1.0
9.14280000000023,22.19022931279232,2025-02-23,2.0
42.65600000000268,39.17248693333304,2025-02-23,3.0
51.37600000000384,36.991221746801564,2025-02-23,4.0
21.52799999999843,12.960621174708402,2025-02-23,5.0
66.2800000000011,44.39589973242015,2025-02-23,6.0
32.887999999991735,33.96762213777757,2025-02-23,7.0
31.4800000000032,17.52666014343428,2025-02-23,8.0
27.0879999999961,28.684225340537726,2025-02-23,9.0
33.4320000000007,28.8124281142855,2025-02-23,10.0
16.551999999996042,19.57968759385815,2025-02-23,11.0
10.12999999999738,12.583311701608656,2025-02-23,12.0
37.12000000000262,36.71663296148917,2025-02-23,13.0
45.12800000000425,41.63701229060625,2025-02-23,14.0
47.5280000000057,33.65774328500165,2025-02-23,15.0
23.839999999996508,25.034235365714416,2025-02-23,16.0
19.32999999999811,8.809445137373622,2025-02-23,17.0
13.680000000000293,13.052707071316785,2025-02-23,18.0
35.9280000000023,25.14566854285704,2025-02-23,19.0
31.979999999999563,25.98701589461193,2025-02-23,20.0
26.37199999999575,28.63487477270696,2025-02-23,21.0
24.959999999999127,38.018509296476914,2025-02-23,22.0
44.78399999999965,39.270856786635804,2025-02-23,23.0
25.452000000004773,17.93289751588405,2025-02-23,24.0
23.648000000001048,15.570436225343643,2025-02-23,25.0
29.66800000000512,15.732943968253824,2025-02-23,26.0
26.9800000000032,17.69504237739375,2025-02-23,27.0
28.1120000000018,19.162854466528792,2025-02-23,28.0
26.18800000000192,28.31723702921508,2025-02-23,29.0
33.31999999999971,26.091013624374263,2025-02-23,30.0
48.85599999999977,38.804774826147195,2025-02-23,31.0
57.1019999999937,51.212391491486514,2025-02-23,32.0
25.551999999996,32.34645589310252,2025-02-23,33.0
5.391999999999825,17.38385011111106,2025-02-23,34.0
19.851999999998952,18.807309798411787,2025-02-23,35.0
28.752000000000407,19.00463463436397,2025-02-23,36.0
51.7280000000028,52.008290215873096,2025-02-23,37.0
16.7599999999984,16.775816856518322,2025-02-23,38.0
14.8109999999981,17.524098775757587,2025-02-23,39.0
29.05199999999604,17.252547163707636,2025-02-24,1.0
9.187999999994643,22.923694755439683,2025-02-24,2.0
31.451999999997497,40.80036255843433,2025-02-24,3.0
52.2800000000087,49.16317364927592,2025-02-24,4.0
11.9599999999991,14.299895068676497,2025-02-24,5.0
48.78800000000047,51.03825471612191,2025-02-24,6.0
30.01600000000326,33.65062441650797,2025-02-24,7.0
23.127999999996973,22.030644295235266,2025-02-24,8.0
42.79200000000128,30.32315880404072,2025-02-24,9.0
33.19999999999709,30.17688691052712,2025-02-24,10.0
38.4800000000032,23.37698580380926,2025-02-24,11.0
19.65999999999985,13.167643313892953,2025-02-24,12.0
64.17599999999948,44.39895279477809,2025-02-24,13.0
51.5280000000009,47.282032747292405,2025-02-24,14.0
38.102000000001,44.01737073482525,2025-02-24,15.0
25.3109999999981,25.947736733333308,2025-02-24,16.0
14.360000000000582,8.885958850793635,2025-02-24,17.0
20.419999999998254,15.747054628571481,2025-02-24,18.0
23.539999999997235,25.349448933717404,2025-02-24,19.0
24.75,28.016137931445247,2025-02-24,20.0
37.41600000000472,30.00330664444466,2025-02-24,21.0
79.30799999999726,28.963374493650882,2025-02-24,22.0
55.62800000000425,38.88616837237091,2025-02-24,23.0
17.135999999998603,15.86530427185941,2025-02-24,24.0
21.5828000000026,19.901491722082003,2025-02-24,25.0
2.1999999999970896,16.46075146045567,2025-02-24,26.0
27.55999999999767,17.357986077616445,2025-02-24,27.0
4.620000000002619,21.737654053178503,2025-02-24,28.0
45.05199999999604,28.765237243809683,2025-02-24,29.0
23.812000000005355,24.785913233121125,2025-02-24,30.0
47.57600000000093,45.01142171385405,2025-02-24,31.0
69.6628000000043,52.272508609523804,2025-02-24,32.0
39.06800000000658,31.66262522857155,2025-02-24,33.0
18.27999999999884,17.34061125283959,2025-02-24,34.0
33.495999999999185,26.874838050445003,2025-02-24,35.0
11.9359999999942,23.828574212542552,2025-02-24,36.0
84.33999999999651,50.90624108571426,2025-02-24,37.0
12.2280000000016,15.703249133917156,2025-02-24,38.0
17.97200000000157,16.053368611185583,2025-02-24,39.0
21.0880000000025,20.494680518347835,2025-02-25,1.0
35.86000000000058,20.112855767142683,2025-02-25,2.0
49.26000000000204,42.30962241556832,2025-02-25,3.0
55.07200000000012,45.673184544839934,2025-02-25,4.0
16.37999999999738,14.652259289028988,2025-02-25,5.0
52.05200000000332,50.861983389926955,2025-02-25,6.0
45.36800000000221,30.60653644402094,2025-02-25,7.0
31.528000000005704,18.19290464262748,2025-02-25,8.0
28.76799999999639,24.03981661765075,2025-02-25,9.0
41.76000000000204,31.590353013333058,2025-02-25,10.0
19.247999999999596,18.54414247421114,2025-02-25,11.0
12.1199999999999,12.748150079018576,2025-02-25,12.0
58.9109999999966,41.47926462214272,2025-02-25,13.0
50.5199999999968,47.22618229139379,2025-02-25,14.0
46.03199999999924,42.471206921064784,2025-02-25,15.0
19.952000000004773,24.47761736761915,2025-02-25,16.0
16.30000000000291,10.86746793261467,2025-02-25,17.0
23.5,14.276723038095396,2025-02-25,18.0
32.970000000001164,24.78820799665765,2025-02-25,19.0
30.1100000000011,22.430933161310712,2025-02-25,20.0
35.73199999999633,29.529392749206227,2025-02-25,21.0
3.28000000000146,30.533759832381016,2025-02-25,22.0
53.37999999999738,39.42693736958569,2025-02-25,23.0
27.42399999999907,17.49954941229607,2025-02-25,24.0
14.0879999999961,19.267022058184303,2025-02-25,25.0
2.10399999999936,18.617210116595427,2025-02-25,26.0
14.319999999999707,18.615068639517805,2025-02-25,27.0
11.7479999999996,18.053329658008643,2025-02-25,28.0
41.0480000000025,25.56173644563123,2025-02-25,29.0
32.19999999999709,25.96525312253991,2025-02-25,30.0
45.79200000000128,45.8271366869279,2025-02-25,31.0
68.3028000000037,50.58525530095249,2025-02-25,32.0
41.307999999997264,28.74150714285702,2025-02-25,33.0
14.62000000000262,13.373154855779555,2025-02-25,34.0
14.982800000004,29.039854497263395,2025-02-25,35.0
13.10399999999936,20.734431443822626,2025-02-25,36.0
71.66000000000349,50.46943788021048,2025-02-25,37.0
16.149999999997817,17.50627778285708,2025-02-25,38.0
17.080000000001746,18.30199264760395,2025-02-25,39.0
25.807999999997264,20.77790465520733,2025-02-26,1.0
28.8280000000101,20.827975418663694,2025-02-26,2.0
30.807999999997264,41.8904084043058,2025-02-26,3.0
49.50399999998626,51.06792188505861,2025-02-26,4.0
12.4800000000032,11.702006402293282,2025-02-26,5.0
51.26799999999639,56.081989589438585,2025-02-26,6.0
25.5679999999993,35.092925613968184,2025-02-26,7.0
28.2539999999973,19.160139730158704,2025-02-26,8.0
27.59200000000419,29.068080313650807,2025-02-26,9.0
45.14800000000105,35.07546673353548,2025-02-26,10.0
27.19999999999709,24.55379119365057,2025-02-26,11.0
12.030000000002474,12.77742321510453,2025-02-26,12.0
36.05999999999767,50.156529188293234,2025-02-26,13.0
50.05200000000332,56.64735161496536,2025-02-26,14.0
38.84799999999814,50.01329079954361,2025-02-26,15.0
14.747999999999593,26.125593669114615,2025-02-26,16.0
13.799999999999272,10.827840250101072,2025-02-26,17.0
11.2280000000028,16.166724277967063,2025-02-26,18.0
25.06999999999971,27.76634791264296,2025-02-26,19.0
36.75,27.643440088684926,2025-02-26,20.0
17.760000000002037,32.00157462219385,2025-02-26,21.0
39.1657251716902,34.95291941717632,2025-02-26,22.0
64.7280000000028,48.10358960750122,2025-02-26,23.0
10.775999999998,19.78089955438141,2025-02-26,24.0
21.32800000000134,21.98908477294745,2025-02-26,25.0
19.00800000000163,15.143613771428509,2025-02-26,26.0
31.747999999999596,20.425243064139604,2025-02-26,27.0
25.943999999995867,19.187039071229773,2025-02-26,28.0
39.76799999999639,28.163518322424018,2025-02-26,29.0
23.548000000002503,29.901036377142816,2025-02-26,30.0
55.1120000000018,50.89362651843695,2025-02-26,31.0
65.39999999999418,56.552760142857174,2025-02-26,32.0
24.42399999999907,30.61984455555549,2025-02-26,33.0
10.7079999999987,18.65300381824854,2025-02-26,34.0
49.68800000000192,27.36474022311325,2025-02-26,35.0
21.66800000000512,21.85045296991147,2025-02-26,36.0
62.879999999990105,55.8838201047619,2025-02-26,37.0
36.22999999999956,16.637935534856748,2025-02-26,38.0
19.487999999997555,17.8673696253969,2025-02-26,39.0
9.063999999998488,20.370478392381095,2025-02-27,1.0
6.927999999999884,21.249092613195053,2025-02-27,2.0
38.05200000000332,39.287814093446144,2025-02-27,3.0
39.4280000000023,54.48204622380892,2025-02-27,4.0
1.3799999999973809,16.5436114321743,2025-02-27,5.0
46.79200000000128,48.96597056409948,2025-02-27,6.0
28.8479999999981,32.79804264467519,2025-02-27,7.0
36.0,20.995020344314668,2025-02-27,8.0
22.739999999997963,30.11501769015855,2025-02-27,9.0
25.7719999999972,29.47461530158742,2025-02-27,10.0
38.7028000000052,24.29693677460319,2025-02-27,11.0
3.2999999999992724,14.051442190476411,2025-02-27,12.0
26.268000000003667,52.96434655307025,2025-02-27,13.0
42.09599999999773,53.18796068442504,2025-02-27,14.0
44.5,46.769149531092715,2025-02-27,15.0
22.099999999998545,24.846588895238213,2025-02-27,16.0
0.7599999999983993,9.328358718736741,2025-02-27,17.0
12.903999999994994,15.094193635677351,2025-02-27,18.0
20.9000000000011,26.943593758157874,2025-02-27,19.0
21.05000000000291,25.7303584460315,2025-02-27,20.0
48.02799999999843,29.37762729396832,2025-02-27,21.0
39.6811244937305,39.77965674327749,2025-02-27,22.0
60.39199999999983,45.57566082605297,2025-02-27,23.0
30.222800000002,24.035949895200208,2025-02-27,24.0
17.0280000000009,22.14188697649437,2025-02-27,25.0
30.847999999998137,15.708475894285579,2025-02-27,26.0
18.78399999999965,18.365909767627535,2025-02-27,27.0
28.31999999999971,20.38011504880823,2025-02-27,28.0
35.79200000000128,30.45268398857143,2025-02-27,29.0
14.5428000000017,29.293169542856905,2025-02-27,30.0
44.64800000000105,48.83689540634883,2025-02-27,31.0
60.16000000000349,53.0204780095241,2025-02-27,32.0
33.53600000000006,28.307130729471805,2025-02-27,33.0
36.78399999999965,18.880197898163633,2025-02-27,34.0
29.72799999999552,24.021952653353743,2025-02-27,35.0
19.49199999999837,17.754246644287118,2025-02-27,36.0
60.2720000000108,52.14747737142871,2025-02-27,37.0
11.4900000000016,18.51987802305832,2025-02-27,38.0
14.580000000001746,19.174068366783857,2025-02-27,39.0
6.760000000002037,19.249643362361105,2025-02-28,1.0
2.3519999999989523,18.890402428468967,2025-02-28,2.0
14.29200000000128,39.01730512445122,2025-02-28,3.0
72.72000000000116,47.70314638542204,2025-02-28,4.0
0.5600000000049477,15.418301116965454,2025-02-28,5.0
11.1120000000018,51.81147521586923,2025-02-28,6.0
14.080000000001746,34.110559778571954,2025-02-28,7.0
10.8680000000022,19.382908197846298,2025-02-28,8.0
17.61200000000099,29.193673726007503,2025-02-28,9.0
47.5679999999993,35.16466060634932,2025-02-28,10.0
28.479999999995925,22.44437386416593,2025-02-28,11.0
1.97000000000106,13.480971558102997,2025-02-28,12.0
30.031999999999243,48.54813197575046,2025-02-28,13.0
17.652000000001863,46.77336472455677,2025-02-28,14.0
16.451999999997497,39.29583728689218,2025-02-28,15.0
20.648000000001048,19.22667948634878,2025-02-28,16.0
12.190000000002328,11.577722476190559,2025-02-28,17.0
4.62800000000669,17.731212962126108,2025-02-28,18.0
10.319999999999707,24.500046763846317,2025-02-28,19.0
23.869999999995343,24.005372409670635,2025-02-28,20.0
11.3919999999998,30.850882740196052,2025-02-28,21.0
68.27999999999884,29.8562172490501,2025-02-28,22.0
29.55199999999604,45.902468454934684,2025-02-28,23.0
1.82800000000378,19.70677532698376,2025-02-28,24.0
10.7839999999997,19.505657838112842,2025-02-28,25.0
7.49199999999837,15.259163812714936,2025-02-28,26.0
10.487999999997555,20.360527045205213,2025-02-28,27.0
3.32800000000125,20.90133852653039,2025-02-28,28.0
10.62000000000262,30.255294942857066,2025-02-28,29.0
19.927999999999884,26.092517322825817,2025-02-28,30.0
23.320000000006985,46.065537036417616,2025-02-28,31.0
20.16800000000512,56.938338798037385,2025-02-28,32.0
18.599999999998545,30.078649478624182,2025-02-28,33.0
3.02800000000087,18.059876715086055,2025-02-28,34.0
3.052000000003318,26.33059370337658,2025-02-28,35.0
6.239999999997963,16.77696877353092,2025-02-28,36.0
22.495999999999185,53.19303369264061,2025-02-28,37.0
6.569999999999709,19.659655000071087,2025-02-28,38.0
9.987999999997555,16.73028244521307,2025-02-28,39.0
12.127999999996971,19.342646878453383,2025-03-01,1.0
31.239999999990687,17.614019764285526,2025-03-01,2.0
58.807999999997264,40.655921008017195,2025-03-01,3.0
69.62399999999616,54.26995704467028,2025-03-01,4.0
18.69999999999709,11.7230362868817,2025-03-01,5.0
61.98799999999756,52.84303947918063,2025-03-01,6.0
31.9360000000011,35.426137511111044,2025-03-01,7.0
39.2579999999981,29.64154332332079,2025-03-01,8.0
32.63999999999942,29.787938156190542,2025-03-01,9.0
36.0880000000025,41.959975540739364,2025-03-01,10.0
24.927999999999884,28.73563186637639,2025-03-01,11.0
11.1299999999974,11.216448974499263,2025-03-01,12.0
50.87999999999738,48.10680769960232,2025-03-01,13.0
48.09199999999692,49.56504588356321,2025-03-01,14.0
24.427999999999884,43.157978164228055,2025-03-01,15.0
22.05199999999604,23.583979945875303,2025-03-01,16.0
12.37999999999738,11.853868281724012,2025-03-01,17.0
24.5679999999993,17.59910094296294,2025-03-01,18.0
21.61999999999898,31.25605773304527,2025-03-01,19.0
38.9280000000023,27.87422437056576,2025-03-01,20.0
28.9800000000032,31.762536543304154,2025-03-01,21.0
61.62799999999697,31.08190695474734,2025-03-01,22.0
49.5280000000057,52.410432388759475,2025-03-01,23.0
23.536000000000055,23.399720774506175,2025-03-01,24.0
29.080000000001743,20.875903957251463,2025-03-01,25.0
33.05200000000332,18.96911894999748,2025-03-01,26.0
16.208000000005995,23.56840672635902,2025-03-01,27.0
9.88799999999901,23.807977720740425,2025-03-01,28.0
36.307999999997264,33.3569222807179,2025-03-01,29.0
31.27999999999884,28.764569260317295,2025-03-01,30.0
54.83199999999488,51.05792379057016,2025-03-01,31.0
62.9360000000011,55.31769825492081,2025-03-01,32.0
28.3120000000054,32.404475982337715,2025-03-01,33.0
11.0679999999993,20.54296879571769,2025-03-01,34.0
28.6919999999955,27.27378389968235,2025-03-01,35.0
10.8480000000054,18.963228433957845,2025-03-01,36.0
61.27999999999884,55.642802492063524,2025-03-01,37.0
26.7599999999984,18.944484763087896,2025-03-01,38.0
21.639999999999414,18.877465642140002,2025-03-01,39.0
23.2280000000052,22.56335287703878,2025-03-02,1.0
9.79200000000128,19.023507596570052,2025-03-02,2.0
25.3109999999981,31.691254937206995,2025-03-02,3.0
60.76000000000931,51.53977050977902,2025-03-02,4.0
27.4800000000032,11.718217682539686,2025-03-02,5.0
52.667999999997846,47.03608727771936,2025-03-02,6.0
35.64800000000105,26.996941149841238,2025-03-02,7.0
23.9028000000023,23.27705581558452,2025-03-02,8.0
27.427999999999884,23.54686317474337,2025-03-02,9.0
35.799999999995634,35.03803541568111,2025-03-02,10.0
20.8280000000038,26.355281131222785,2025-03-02,11.0
19.62000000000262,10.155628136996022,2025-03-02,12.0
52.62000000000262,39.27820322724978,2025-03-02,13.0
43.2280000000028,35.53425945641225,2025-03-02,14.0
41.52000000000408,38.423609735377205,2025-03-02,15.0
17.148000000001048,21.492291056922316,2025-03-02,16.0
16.25,13.51039242005575,2025-03-02,17.0
11.6719999999987,16.352720214285725,2025-03-02,18.0
33.61999999999898,23.238111165425707,2025-03-02,19.0
23.81999999999971,24.67700212723182,2025-03-02,20.0
33.8109999999981,28.812304374285542,2025-03-02,21.0
24.8954372145603,39.393775042402496,2025-03-02,22.0
54.55199999999604,50.24729429790273,2025-03-02,23.0
16.851999999998952,19.439058591908243,2025-03-02,24.0
10.599999999998545,20.273690140995622,2025-03-02,25.0
5.207999999998719,17.170236892381016,2025-03-02,26.0
24.023999999997613,20.68695782789934,2025-03-02,27.0
24.919999999998254,18.351928620783987,2025-03-02,28.0
21.68000000000029,32.26865915416803,2025-03-02,29.0
27.60800000000017,22.268938478658814,2025-03-02,30.0
48.39999999999418,38.26045021026439,2025-03-02,31.0
56.63999999999942,49.88744327633631,2025-03-02,32.0
26.75999999999476,30.955078845648675,2025-03-02,33.0
4.279999999998836,15.857881616912001,2025-03-02,34.0
49.49599999999919,21.809168613385307,2025-03-02,35.0
20.591999999996915,16.88157807092582,2025-03-02,36.0
58.54399999999441,53.63056704223067,2025-03-02,37.0
14.680000000000293,17.220871918544905,2025-03-02,38.0
14.272000000004482,15.328554770896462,2025-03-02,39.0
12.87199999999575,22.02916291682537,2025-03-03,1.0
20.19999999999709,22.01258826358735,2025-03-03,2.0
28.0480000000025,33.24703818571004,2025-03-03,3.0
61.64800000000105,52.61191392744882,2025-03-03,4.0
12.291999999994005,12.735351768270307,2025-03-03,5.0
54.21200000000681,43.57046618836851,2025-03-03,6.0
28.59200000000419,28.138609093968338,2025-03-03,7.0
37.2879999999958,25.547556646666884,2025-03-03,8.0
32.69999999999709,28.27175979711803,2025-03-03,9.0
39.2628000000029,32.35612994757128,2025-03-03,10.0
26.239999999997963,28.582154878025015,2025-03-03,11.0
10.169999999998254,9.80034471928971,2025-03-03,12.0
33.5480000000025,40.4558090118971,2025-03-03,13.0
49.0109999999952,39.15673275991108,2025-03-03,14.0
24.747999999999596,35.47611813108179,2025-03-03,15.0
20.80000000000291,21.12021218095235,2025-03-03,16.0
13.1000000000006,12.572230017344497,2025-03-03,17.0
13.907999999995807,16.127034528398557,2025-03-03,18.0
21.639999999999414,20.98762151885475,2025-03-03,19.0
16.12999999999738,23.136362726984263,2025-03-03,20.0
29.33600000000297,29.768397899047596,2025-03-03,21.0
30.948606584233,43.50856020024816,2025-03-03,22.0
58.20799999999872,47.911933571858,2025-03-03,23.0
5.307999999997264,19.722818216557197,2025-03-03,24.0
33.987999999997555,18.40600500371283,2025-03-03,25.0
23.520000000004075,19.69601449128605,2025-03-03,26.0
11.9760000000024,21.29976917714269,2025-03-03,27.0
8.90280000000227,16.056362771428596,2025-03-03,28.0
26.49199999999837,33.40898843238091,2025-03-03,29.0
28.479999999995925,23.118028453968197,2025-03-03,30.0
30.768000000010943,42.94800225767233,2025-03-03,31.0
61.31999999999243,49.48925535402337,2025-03-03,32.0
24.247999999999596,28.3187404304762,2025-03-03,33.0
14.819999999999707,17.72771406984113,2025-03-03,34.0
22.4320000000007,23.43428084295425,2025-03-03,35.0
10.18800000000192,15.682932109656035,2025-03-03,36.0
52.2280000000052,46.761149497142945,2025-03-03,37.0
22.790000000000877,17.675955149560924,2025-03-03,38.0
17.839999999996508,16.044966376057122,2025-03-03,39.0
6.81199999999889,21.50891131688311,2025-03-04,1.0
8.148000000001048,22.388385030405296,2025-03-04,2.0
26.860000000000586,34.332864048254095,2025-03-04,3.0
79.19199999999546,52.377019265945705,2025-03-04,4.0
9.968000000000757,16.651514683642763,2025-03-04,5.0
11.627999999997,42.833196729915485,2025-03-04,6.0
33.36799999998766,27.99189905904785,2025-03-04,7.0
23.07200000000012,24.36436209489332,2025-03-04,8.0
22.18000000000029,24.672726407618953,2025-03-04,9.0
39.61600000000181,33.62910134100205,2025-03-04,10.0
22.591999999996915,24.931607206006692,2025-03-04,11.0
13.330000000001746,13.135954174603253,2025-03-04,12.0
45.86399999999412,41.39025809079895,2025-03-04,13.0
41.44800000000396,40.41894611856565,2025-03-04,14.0
45.1428000000002,32.352067572781436,2025-03-04,15.0
28.76000000000204,21.310852250697454,2025-03-04,16.0
0.8800000000010186,12.420680513675137,2025-03-04,17.0
11.0600000000049,16.615232079365125,2025-03-04,18.0
24.52000000000044,21.244274048254,2025-03-04,19.0
25.1000000000006,22.88211776964078,2025-03-04,20.0
27.3109999999981,26.327395854603417,2025-03-04,21.0
33.4205092275661,49.49239241291528,2025-03-04,22.0
43.5280000000009,44.854500234654495,2025-03-04,23.0
31.16000000000349,19.18022434183501,2025-03-04,24.0
8.228000000002794,18.924333647411725,2025-03-04,25.0
17.5199999999968,15.252178869841252,2025-03-04,26.0
17.451999999997497,20.61349086972328,2025-03-04,27.0
7.847999999998137,19.029476087378686,2025-03-04,28.0
29.820000000006985,34.31972219724036,2025-03-04,29.0
27.61200000000099,21.07126841269851,2025-03-04,30.0
48.39199999999255,41.60959359160379,2025-03-04,31.0
53.64800000000105,52.75365518059919,2025-03-04,32.0
46.09200000000419,26.555196780952667,2025-03-04,33.0
13.608000000000176,17.86108406512551,2025-03-04,34.0
23.080000000001743,23.978301666068337,2025-03-04,35.0
9.187999999994643,12.780058647585605,2025-03-04,36.0
43.0,57.706977032252055,2025-03-04,37.0
13.36999999999898,17.93458939682547,2025-03-04,38.0
23.26000000000204,16.0803457507699,2025-03-04,39.0
19.463999999999945,17.02568181272927,2025-03-05,1.0
47.78800000000047,20.671864906596017,2025-03-05,2.0
39.13199999999779,32.025291492698194,2025-03-05,3.0
66.222800000002,55.21678308479275,2025-03-05,4.0
5.02800000000087,14.450291385951733,2025-03-05,5.0
52.72000000000117,42.47807758434278,2025-03-05,6.0
29.2720000000108,27.019858777142684,2025-03-05,7.0
17.8280000000038,26.41151408447324,2025-03-05,8.0
28.0280000000009,27.289532014382484,2025-03-05,9.0
19.5428000000017,31.77471433968255,2025-03-05,10.0
12.388000000006286,30.180864496846223,2025-03-05,11.0
9.059999999997672,9.263985017749212,2025-03-05,12.0
28.760000000002,38.73667779445312,2025-03-05,13.0
37.77999999999884,40.69256430065383,2025-03-05,14.0
25.8559999999998,28.755739238367546,2025-03-05,15.0
31.19199999999546,20.53127546828759,2025-03-05,16.0
14.700000000000728,13.122256230450882,2025-03-05,17.0
21.951999999997497,15.734888261266454,2025-03-05,18.0
27.9280000000023,22.40917889523791,2025-03-05,19.0
17.779999999998836,25.437497716650082,2025-03-05,20.0
30.927999999999884,27.680105827936227,2025-03-05,21.0
21.672000000005937,42.51378612952858,2025-03-05,22.0
38.63999999999942,47.71670944230398,2025-03-05,23.0
10.3039999999964,17.750180240401676,2025-03-05,24.0
31.67199999999866,19.770911243185278,2025-03-05,25.0
13.1120000000018,17.589117006501898,2025-03-05,26.0
26.131999999997788,18.359126940820396,2025-03-05,27.0
8.52000000000287,15.747169274234418,2025-03-05,28.0
22.5199999999968,22.65903623428556,2025-03-05,29.0
18.228000000002798,22.636389534923303,2025-03-05,30.0
43.87200000000303,42.428500303661714,2025-03-05,31.0
45.9109999999966,48.38045183655199,2025-03-05,32.0
20.919999999998254,25.4473794269257,2025-03-05,33.0
16.832000000002154,15.393999766035629,2025-03-05,34.0
16.62000000000262,26.435211306976495,2025-03-05,35.0
19.4800000000032,15.19760048714294,2025-03-05,36.0
59.3109999999908,49.45480289890701,2025-03-05,37.0
20.38000000000102,15.24633754682483,2025-03-05,38.0
11.4599999999991,15.522220279395704,2025-03-05,39.0
6.576000000000931,14.126735488323522,2025-03-06,1.0
12.5028000000008,19.049244782972462,2025-03-06,2.0
27.76000000000204,36.80011190544526,2025-03-06,3.0
72.6079999999929,59.469717161904725,2025-03-06,4.0
1.088000000003376,10.70645895475604,2025-03-06,5.0
28.351999999999,36.03403210363822,2025-03-06,6.0
30.83199999999488,29.32092501587297,2025-03-06,7.0
24.43999999999505,29.732006752381196,2025-03-06,8.0
20.560000000004948,26.69643710158767,2025-03-06,9.0
23.687999999994645,38.934443483270606,2025-03-06,10.0
19.419999999998254,29.884599365079406,2025-03-06,11.0
19.92000000000189,8.327848888829195,2025-03-06,12.0
36.5679999999993,37.42961356594338,2025-03-06,13.0
27.919999999998254,39.820157065545814,2025-03-06,14.0
24.031999999999243,29.373953845225344,2025-03-06,15.0
28.4280000000023,23.978066313438315,2025-03-06,16.0
8.869999999998981,9.09503456825405,2025-03-06,17.0
2.360000000000582,13.539253032742915,2025-03-06,18.0
12.680000000000293,24.380669774304607,2025-03-06,19.0
14.8280000000038,27.951206019015924,2025-03-06,20.0
22.99199999999837,28.972843967619173,2025-03-06,21.0
71.68799999999464,42.28405028795363,2025-03-06,22.0
42.66000000000349,45.78985596803529,2025-03-06,23.0
28.76000000000204,17.518517105816418,2025-03-06,24.0
19.031999999999243,20.797813617174715,2025-03-06,25.0
14.455999999998312,18.95765000310544,2025-03-06,26.0
3.70799999999872,18.69205947933086,2025-03-06,27.0
9.760000000002035,17.624310829530444,2025-03-06,28.0
14.527999999998428,27.917522355040127,2025-03-06,29.0
24.0,25.100317129956455,2025-03-06,30.0
23.0880000000025,42.362123520651735,2025-03-06,31.0
56.2560000000085,54.68942914288461,2025-03-06,32.0
5.92800000000233,26.891753064127016,2025-03-06,33.0
18.459999999999127,15.710334860317442,2025-03-06,34.0
33.771999999997206,29.848624413333724,2025-03-06,35.0
6.891999999999825,14.948607039332328,2025-03-06,36.0
28.6160000000091,47.17996455677805,2025-03-06,37.0
10.709999999999129,16.04360828929024,2025-03-06,38.0
13.30000000000291,15.919523177142755,2025-03-06,39.0
11.1720000000059,13.459318520635088,2025-03-07,1.0
8.16000000000259,23.740148695087214,2025-03-07,2.0
26.959999999999127,32.116912415238204,2025-03-07,3.0
58.2000000000106,54.37052729333336,2025-03-07,4.0
1.0799999999944705,12.78390126514129,2025-03-07,5.0
35.599999999998545,34.119739673978,2025-03-07,6.0
28.6119999999945,26.234126876190526,2025-03-07,7.0
41.0880000000025,28.24442980952365,2025-03-07,8.0
21.788000000000466,26.282752241570307,2025-03-07,9.0
31.648000000001048,32.33799454571435,2025-03-07,10.0
11.5679999999993,26.39863518196798,2025-03-07,11.0
13.36999999999898,10.714833514491803,2025-03-07,12.0
35.700000000004366,33.20215887027463,2025-03-07,13.0
33.5480000000025,31.40584519508718,2025-03-07,14.0
28.0199999999968,30.939968805714912,2025-03-07,15.0
26.739999999997963,21.75413440194789,2025-03-07,16.0
6.669999999998254,10.093875210019494,2025-03-07,17.0
11.9479999999967,16.25206667464947,2025-03-07,18.0
22.489999999997963,20.79573979873061,2025-03-07,19.0
29.1000000000006,19.44734712952637,2025-03-07,20.0
27.959999999999127,30.750181073925265,2025-03-07,21.0
48.76000000000204,32.36747543056134,2025-03-07,22.0
35.00800000000163,43.871437028896956,2025-03-07,23.0
26.36800000000221,18.823409391113223,2025-03-07,24.0
16.82800000000134,23.025937323984458,2025-03-07,25.0
11.182800000001,18.819247811826003,2025-03-07,26.0
5.9320000000006985,20.06609365463434,2025-03-07,27.0
13.527999999998428,12.924599365375771,2025-03-07,28.0
22.29200000000128,26.419378482004095,2025-03-07,29.0
14.959999999999129,21.4397367561851,2025-03-07,30.0
44.471999999994296,36.02723900743854,2025-03-07,31.0
50.0,45.45481056284663,2025-03-07,32.0
5.61999999999525,27.860530281269707,2025-03-07,33.0
6.108000000000175,17.91770947044245,2025-03-07,34.0
26.94800000000396,24.092915733422053,2025-03-07,35.0
5.139999999999418,13.287359295228395,2025-03-07,36.0
58.32799999999406,44.09746479419584,2025-03-07,37.0
12.450000000000728,15.316730038098852,2025-03-07,38.0
11.1399999999994,17.40243922857126,2025-03-07,39.0
17.05999999999767,15.279394205833485,2025-03-08,1.0
21.055999999996857,22.998229877025523,2025-03-08,2.0
35.23999999999796,32.477479312044785,2025-03-08,3.0
29.1199999999889,63.0622440876189,2025-03-08,4.0
14.4280000000023,14.252943106190681,2025-03-08,5.0
56.99199999999837,39.993577373480925,2025-03-08,6.0
23.736000000004424,32.05141933822263,2025-03-08,7.0
27.7109999999995,26.075682397803494,2025-03-08,8.0
21.719999999993888,27.45299781531095,2025-03-08,9.0
31.952000000004773,31.85997944852253,2025-03-08,10.0
28.3109999999981,24.854729418758826,2025-03-08,11.0
5.009999999998399,13.559264584129426,2025-03-08,12.0
39.919999999998254,35.94276678113712,2025-03-08,13.0
25.9439999999959,39.01757847887098,2025-03-08,14.0
31.12000000000262,30.512275614603265,2025-03-08,15.0
31.419999999998254,25.380298945115523,2025-03-08,16.0
7.920000000001892,10.590039643843523,2025-03-08,17.0
13.427999999999884,14.021476243773254,2025-03-08,18.0
11.0499999999993,22.642062278431407,2025-03-08,19.0
18.290000000000877,24.132687933333166,2025-03-08,20.0
29.139999999999414,29.037073144761894,2025-03-08,21.0
10.8628000000014,38.94743622708854,2025-03-08,22.0
38.07999999999447,41.584911525714276,2025-03-08,23.0
17.2879999999958,21.22631727236357,2025-03-08,24.0
9.779999999998836,21.681095172706005,2025-03-08,25.0
7.239999999997963,16.167898895873016,2025-03-08,26.0
11.5679999999993,17.389201590268776,2025-03-08,27.0
25.0,15.039164487193052,2025-03-08,28.0
23.49199999999837,24.74160381005925,2025-03-08,29.0
29.222800000002,26.61992355936858,2025-03-08,30.0
29.0228000000049,38.32577695963474,2025-03-08,31.0
44.08000000000175,48.94219136615631,2025-03-08,32.0
5.680000000000291,22.931722026007115,2025-03-08,33.0
9.072000000000116,12.72545396358566,2025-03-08,34.0
7.819999999999709,25.289504263599056,2025-03-08,35.0
8.28800000000309,12.018756722077907,2025-03-08,36.0
55.6628000000043,45.79906102052695,2025-03-08,37.0
23.299999999999272,16.387822295238003,2025-03-08,38.0
11.1399999999994,16.203892784435897,2025-03-08,39.0
9.360000000000582,14.937572464438617,2025-03-09,1.0
8.851999999998952,22.205074376739212,2025-03-09,2.0
26.88799999999901,35.502295113871206,2025-03-09,3.0
51.47200000000885,55.40188252126986,2025-03-09,4.0
13.0,12.46311815671287,2025-03-09,5.0
16.296000000002095,33.75006507449065,2025-03-09,6.0
29.5828000000026,32.753991954383,2025-03-09,7.0
26.639999999999414,28.817684744762026,2025-03-09,8.0
24.2109999999995,26.24614453843545,2025-03-09,9.0
19.339999999996508,33.04839683680639,2025-03-09,10.0
19.68800000000192,24.405005762881743,2025-03-09,11.0
10.4900000000016,12.97487410453157,2025-03-09,12.0
19.87999999999738,38.91194742222232,2025-03-09,13.0
36.94800000000396,38.64348909848062,2025-03-09,14.0
28.55999999999767,31.89774527716415,2025-03-09,15.0
29.07200000000012,25.15635928428877,2025-03-09,16.0
10.1000000000006,11.246259477171904,2025-03-09,17.0
20.0,14.500138438374709,2025-03-09,18.0
14.080000000001746,23.29753235802701,2025-03-09,19.0
22.549999999995634,24.460797511110787,2025-03-09,20.0
28.30800000000454,26.840877167814384,2025-03-09,21.0
17.728000000002794,37.055405886959,2025-03-09,22.0
18.99200000000565,43.41810721835182,2025-03-09,23.0
12.9120000000039,21.628864173893465,2025-03-09,24.0
26.18000000000029,24.376614508857358,2025-03-09,25.0
27.30800000000454,15.47886563935723,2025-03-09,26.0
13.960000000006405,16.48951912113192,2025-03-09,27.0
8.959999999999127,13.99090849823228,2025-03-09,28.0
22.736000000004424,23.006000676162426,2025-03-09,29.0
19.88799999999901,24.641158112996305,2025-03-09,30.0
29.59999999999127,40.531366709435424,2025-03-09,31.0
43.87199999998848,51.23426645686645,2025-03-09,32.0
43.5480000000025,24.075566398412434,2025-03-09,33.0
16.07999999999447,13.589997426218106,2025-03-09,34.0
29.979999999995925,26.212509361269955,2025-03-09,35.0
17.891999999999825,12.031721405998118,2025-03-09,36.0
52.05599999999686,44.78882327363569,2025-03-09,37.0
10.5,16.39609872141968,2025-03-09,38.0
17.05999999999767,18.00432164088625,2025-03-09,39.0
10.799999999995634,15.323349340138495,2025-03-10,1.0
8.572000000000116,21.932227632080735,2025-03-10,2.0
25.5679999999993,28.761327248946575,2025-03-10,3.0
48.10399999999208,60.7379560139681,2025-03-10,4.0
5.631999999997788,12.268255626028377,2025-03-10,5.0
41.8628000000014,35.013688989939624,2025-03-10,6.0
23.8959999999925,29.366817761904684,2025-03-10,7.0
29.76000000000204,29.550362190738177,2025-03-10,8.0
18.92000000000553,25.83660799637443,2025-03-10,9.0
31.70799999999872,30.043554889523904,2025-03-10,10.0
31.1099999999953,25.745856389206168,2025-03-10,11.0
4.860000000000582,13.689829244271335,2025-03-10,12.0
42.5480000000025,35.98460920303118,2025-03-10,13.0
25.4799999999959,38.03130606161998,2025-03-10,14.0
23.959999999999127,29.613065386666815,2025-03-10,15.0
17.056000000004133,28.405757827453762,2025-03-10,16.0
0.9899999999979628,9.820423405133539,2025-03-10,17.0
21.4280000000023,14.216749296285395,2025-03-10,18.0
17.31999999999971,24.39224851215566,2025-03-10,19.0
12.860000000000582,25.441249246349212,2025-03-10,20.0
24.1428000000002,29.699616247787723,2025-03-10,21.0
35.1019999999937,31.973682489935708,2025-03-10,22.0
17.31999999999971,45.423296177604755,2025-03-10,23.0
12.719999999993888,23.0096435653883,2025-03-10,24.0
14.70799999999872,21.633255116603664,2025-03-10,25.0
20.77999999999884,15.494952988574243,2025-03-10,26.0
8.719999999993888,18.098447122346087,2025-03-10,27.0
9.83200000000211,15.56463297859204,2025-03-10,28.0
20.891999999999825,25.177116022611816,2025-03-10,29.0
13.687999999994643,25.024782273201843,2025-03-10,30.0
30.696000000010827,38.6071784229538,2025-03-10,31.0
51.36000000000058,46.73026652181529,2025-03-10,32.0
19.851999999998952,21.91108564461496,2025-03-10,33.0
16.320000000006985,14.417335735159652,2025-03-10,34.0
23.788000000000466,20.435703836470495,2025-03-10,35.0
7.731999999996333,12.139951729214244,2025-03-10,36.0
39.2280000000052,46.764133121386024,2025-03-10,37.0
8.510000000002037,16.85815470619011,2025-03-10,38.0
14.020000000004076,16.357942558427705,2025-03-10,39.0
11.2000000000044,15.992773438095208,2025-03-11,1.0
21.57600000000093,23.03580534285727,2025-03-11,2.0
20.0628000000058,30.912730615873,2025-03-11,3.0
58.20799999999872,57.333282555564104,2025-03-11,4.0
8.68800000000192,10.71652847301574,2025-03-11,5.0
35.88799999999901,35.22669309910773,2025-03-11,6.0
36.77599999999802,31.49465292127002,2025-03-11,7.0
20.639999999999414,31.267788962682225,2025-03-11,8.0
29.091999999996915,26.942553973333123,2025-03-11,9.0
24.99199999999837,29.435997803174686,2025-03-11,10.0
13.360000000000582,23.354059394293273,2025-03-11,11.0
12.079999999998108,14.075693670042439,2025-03-11,12.0
18.131999999997788,36.142464263492194,2025-03-11,13.0
32.06000000000495,38.15231099084065,2025-03-11,14.0
29.788000000000466,30.077410207619007,2025-03-11,15.0
25.2520000000004,31.348681448649707,2025-03-11,16.0
0.7700000000004366,8.586662269841147,2025-03-11,17.0
10.9428000000031,14.047708004334885,2025-03-11,18.0
20.229999999999563,18.280797425677946,2025-03-11,19.0
9.900000000001455,24.411301055023518,2025-03-11,20.0
21.1199999999962,31.63286168317449,2025-03-11,21.0
26.888000000006286,34.64463153333334,2025-03-11,22.0
22.807999999997264,37.291516934981956,2025-03-11,23.0
25.208000000005995,20.762255504885534,2025-03-11,24.0
19.080000000001743,23.920129114904128,2025-03-11,25.0
2.680000000000291,15.126456481020963,2025-03-11,26.0
17.560000000004948,14.223051288411318,2025-03-11,27.0
8.807999999997264,15.714833609974011,2025-03-11,28.0
20.5199999999968,26.4145626385207,2025-03-11,29.0
26.2800000000011,26.845019363809328,2025-03-11,30.0
28.5759999999864,38.48137987746067,2025-03-11,31.0
37.84799999999814,40.7380034673481,2025-03-11,32.0
14.87999999999738,26.518891923809445,2025-03-11,33.0
4.631999999997788,15.655174136153015,2025-03-11,34.0
25.9028000000023,25.174266544761693,2025-03-11,35.0
8.495999999999185,11.682216944997231,2025-03-11,36.0
54.18399999999383,47.9886018145397,2025-03-11,37.0
11.3999999999978,16.747391606122843,2025-03-11,38.0
10.8679999999949,15.291535214285577,2025-03-11,39.0
10.2719999999972,14.067380735281422,2025-03-12,1.0
27.880000000004657,21.77349313650777,2025-03-12,2.0
19.927999999999884,29.157576448831296,2025-03-12,3.0
25.952000000004773,57.83084754984116,2025-03-12,4.0
10.1428000000002,12.657283831746076,2025-03-12,5.0
27.220000000001164,31.8020162516958,2025-03-12,6.0
22.04800000000978,28.91635886476202,2025-03-12,7.0
25.807999999997264,27.40333335194127,2025-03-12,8.0
13.21600000000035,23.206943824126874,2025-03-12,9.0
23.780000000006112,27.96887173664775,2025-03-12,10.0
28.012000000002445,21.43955388662148,2025-03-12,11.0
9.13000000000102,10.525779801458167,2025-03-12,12.0
23.29200000000128,33.56961336253646,2025-03-12,13.0
26.807999999997264,30.61251062793264,2025-03-12,14.0
17.9428000000031,30.236685551745992,2025-03-12,15.0
49.98799999999756,28.355775713798753,2025-03-12,16.0
13.5,8.854759038095164,2025-03-12,17.0
12.935999999994236,16.906498295237913,2025-03-12,18.0
22.43000000000029,18.845170916181775,2025-03-12,19.0
12.839999999996508,20.23663666430405,2025-03-12,20.0
36.01600000000326,26.08417324132629,2025-03-12,21.0
21.487999999997555,33.12137471883588,2025-03-12,22.0
19.919999999998254,27.44535337301585,2025-03-12,23.0
32.971999999994296,21.0083185611747,2025-03-12,24.0
16.2109999999995,18.12573267953459,2025-03-12,25.0
25.52799999999843,16.056588183352712,2025-03-12,26.0
11.0280000000009,14.5844291632497,2025-03-12,27.0
8.052000000003318,13.481587793650762,2025-03-12,28.0
23.87999999999738,21.92697053775919,2025-03-12,29.0
13.192000000002736,22.240658294372018,2025-03-12,30.0
28.80800000000454,33.99310662729699,2025-03-12,31.0
39.31200000000536,47.32276212575937,2025-03-12,32.0
26.960000000006403,20.86413340577192,2025-03-12,33.0
19.695999999996275,17.361242443673998,2025-03-12,34.0
16.57600000000093,24.514890184612707,2025-03-12,35.0
19.4320000000007,10.320794913110399,2025-03-12,36.0
46.5280000000057,43.33824449787006,2025-03-12,37.0
23.0280000000009,18.311642291349667,2025-03-12,38.0
21.720000000001164,16.866572161429634,2025-03-12,39.0
7.987999999997555,13.945072381449926,2025-03-13,1.0
29.372000000003027,21.324690153429604,2025-03-13,2.0
19.007999999994357,25.621621522221943,2025-03-13,3.0
26.960000000006403,48.505833194555755,2025-03-13,4.0
14.68800000000192,13.888261225396901,2025-03-13,5.0
12.680000000000293,32.848367369846336,2025-03-13,6.0
21.7439999999911,25.31511074285692,2025-03-13,7.0
20.419999999998254,25.789751901564717,2025-03-13,8.0
32.1428000000002,22.371256683159057,2025-03-13,9.0
24.75999999999476,27.32984818349213,2025-03-13,10.0
14.5280000000009,21.188402622255282,2025-03-13,11.0
10.0600000000013,9.883615373451825,2025-03-13,12.0
33.667999999997846,30.76176148052617,2025-03-13,13.0
26.252000000000407,30.179475710476087,2025-03-13,14.0
32.1199999999962,25.358264153881553,2025-03-13,15.0
46.5028000000008,26.821926372763798,2025-03-13,16.0
8.31000000000131,8.785989930158806,2025-03-13,17.0
2.33200000000211,15.927859679485445,2025-03-13,18.0
7.72000000000106,17.72774406782117,2025-03-13,19.0
16.770000000004075,19.585246819047644,2025-03-13,20.0
26.99199999999837,25.641577800742628,2025-03-13,21.0
33.13199999999779,31.37307084616903,2025-03-13,22.0
17.743999999998778,28.700515865396564,2025-03-13,23.0
25.6000000000058,19.80403769058502,2025-03-13,24.0
10.0280000000009,19.90597360774667,2025-03-13,25.0
10.8320000000022,14.61836811880101,2025-03-13,26.0
6.180000000000291,13.922248039318116,2025-03-13,27.0
26.0109999999952,16.186050422813235,2025-03-13,28.0
20.852000000006228,21.46639402760234,2025-03-13,29.0
24.12000000000262,20.700475573340018,2025-03-13,30.0
36.36800000000221,32.14702551026102,2025-03-13,31.0
37.9360000000011,38.824575342522,2025-03-13,32.0
16.339999999996508,16.723703164951388,2025-03-13,33.0
9.79200000000128,14.912348988812848,2025-03-13,34.0
16.271999999997206,20.02334142454075,2025-03-13,35.0
10.448000000003958,9.315289597105002,2025-03-13,36.0
39.55199999999604,44.09342420433612,2025-03-13,37.0
12.779999999998836,15.404480788939422,2025-03-13,38.0
14.9428000000031,13.132033359518768,2025-03-13,39.0
14.380000000004657,15.534404532063444,2025-03-14,1.0
9.50800000000163,20.761217592415214,2025-03-14,2.0
23.639999999999414,28.84044574773125,2025-03-14,3.0
58.1759999999922,42.76877245454449,2025-03-14,4.0
1.9919999999983704,11.967143860317528,2025-03-14,5.0
24.139999999999414,34.01997547047601,2025-03-14,6.0
24.9828000000103,29.137177808396114,2025-03-14,7.0
23.012000000002445,29.15499855555568,2025-03-14,8.0
23.256000000001222,24.92011690954254,2025-03-14,9.0
19.02799999999843,28.37028982044623,2025-03-14,10.0
13.5280000000009,27.268536558730073,2025-03-14,11.0
12.109999999996944,10.916330681910132,2025-03-14,12.0
28.2500000000038,32.05738351492056,2025-03-14,13.0
21.77199999999721,31.137894072698085,2025-03-14,14.0
25.21600000000035,28.912284713779467,2025-03-14,15.0
47.01600000000326,31.126784541926458,2025-03-14,16.0
5.279999999998836,8.997949841269838,2025-03-14,17.0
2.4120000000039,16.197024606349192,2025-03-14,18.0
14.43999999999869,17.312696237796313,2025-03-14,19.0
18.790000000000877,17.873017266804712,2025-03-14,20.0
26.9000000000011,27.080542166349222,2025-03-14,21.0
17.12000000000262,29.622753838371118,2025-03-14,22.0
22.76000000000204,28.189322987936585,2025-03-14,23.0
23.38799999999901,27.843036873650618,2025-03-14,24.0
19.80000000000291,17.649048184963533,2025-03-14,25.0
12.567999999999302,16.67222558736071,2025-03-14,26.0
13.1199999999962,19.174152124350822,2025-03-14,27.0
9.200000000004366,14.74836658002334,2025-03-14,28.0
22.77599999999802,25.21721932504069,2025-03-14,29.0
0.0,19.747033764502163,2025-03-14,30.0
19.01600000000326,33.70830193176906,2025-03-14,31.0
39.36000000000058,44.44357824661835,2025-03-14,32.0
16.839999999996508,18.774470354161757,2025-03-14,33.0
10.660000000003492,15.05430553792508,2025-03-14,34.0
16.47200000000157,27.660609960603793,2025-03-14,35.0
7.719999999993888,12.126185666666736,2025-03-14,36.0
36.83999999999651,49.11067926444861,2025-03-14,37.0
8.4900000000016,15.233127151174628,2025-03-14,38.0
12.747999999999593,15.39499154349201,2025-03-14,39.0
10.2319999999963,15.306075987301538,2025-03-15,1.0
32.1428000000002,24.00753262155957,2025-03-15,2.0
16.982800000004,23.331508850793508,2025-03-15,3.0
35.288000000000466,35.85658837810345,2025-03-15,4.0
2.0800000000017462,13.661187166384408,2025-03-15,5.0
47.58000000000175,32.302760042020616,2025-03-15,6.0
18.67999999999301,26.90282748041528,2025-03-15,7.0
24.167999999997846,27.05524426851318,2025-03-15,8.0
13.972000000001572,23.505480566801193,2025-03-15,9.0
22.7028000000052,25.710092676825067,2025-03-15,10.0
22.1199999999962,24.66443984815765,2025-03-15,11.0
8.580000000001746,9.778638821504382,2025-03-15,12.0
25.79200000000128,29.524940647618944,2025-03-15,13.0
24.2580000000054,24.5868603536506,2025-03-15,14.0
33.79200000000128,25.851429502799274,2025-03-15,15.0
38.65199999999459,28.36084842868703,2025-03-15,16.0
1.2299999999995634,8.387721260317527,2025-03-15,17.0
14.735999999997148,14.356877759081154,2025-03-15,18.0
10.3100000000013,16.119238145396743,2025-03-15,19.0
10.6999999999971,15.532292627906351,2025-03-15,20.0
32.332000000002154,24.635092953015683,2025-03-15,21.0
14.307999999997264,23.800487958730034,2025-03-15,22.0
12.18800000000192,22.711852775693302,2025-03-15,23.0
17.651999999994587,22.680729348317982,2025-03-15,24.0
13.051999999996042,15.71849554795843,2025-03-15,25.0
3.21099999999953,16.089675717460175,2025-03-15,26.0
8.819999999999709,19.44069738862938,2025-03-15,27.0
19.29599999999482,16.358356578117327,2025-03-15,28.0
22.0280000000009,22.917270193819256,2025-03-15,29.0
17.0,18.417463919717935,2025-03-15,30.0
21.847999999998137,31.837326086349528,2025-03-15,31.0
39.96799999999348,36.94205152380967,2025-03-15,32.0
23.80000000000291,19.856118249305,2025-03-15,33.0
9.25799999999813,11.546574675823582,2025-03-15,34.0
19.747999999999596,22.287467914285724,2025-03-15,35.0
8.080000000001746,11.099196695238007,2025-03-15,36.0
33.328000000008615,39.13113829053824,2025-03-15,37.0
13.360000000000582,15.500805968253795,2025-03-15,38.0
9.939999999995052,15.23061263492053,2025-03-15,39.0
13.268000000003669,13.647235676190407,2025-03-16,1.0
8.959999999991851,23.080213031569805,2025-03-16,2.0
20.19999999999709,23.809079902424006,2025-03-16,3.0
10.263999999995576,35.32061345230774,2025-03-16,4.0
12.639999999999418,9.761594666666694,2025-03-16,5.0
20.70799999999872,34.92884601587319,2025-03-16,6.0
30.4280000000023,26.04201377973437,2025-03-16,7.0
30.44800000000396,25.741238716448347,2025-03-16,8.0
22.37199999999575,21.60014916983641,2025-03-16,9.0
20.94799999999668,28.746752189400045,2025-03-16,10.0
10.9200000000055,21.78889184444417,2025-03-16,11.0
14.020000000000437,10.236605561904748,2025-03-16,12.0
25.667999999997846,27.170184327503616,2025-03-16,13.0
19.07999999999447,27.719028491428663,2025-03-16,14.0
24.860000000000586,27.59964851662353,2025-03-16,15.0
30.4280000000023,29.836439149206434,2025-03-16,16.0
5.799999999999272,9.617852946031816,2025-03-16,17.0
14.87999999999738,10.242606428571465,2025-03-16,18.0
11.2899999999999,14.42953545714282,2025-03-16,19.0
7.809999999997672,15.779838483809582,2025-03-16,20.0
18.39999999999418,26.544035877302193,2025-03-16,21.0
11.0319999999992,23.800160339313454,2025-03-16,22.0
9.37199999999575,21.490381614603056,2025-03-16,23.0
8.588000000003376,21.29819957460309,2025-03-16,24.0
11.1200000000026,16.333386737777666,2025-03-16,25.0
14.75999999999476,14.885694085714254,2025-03-16,26.0
13.080000000001746,17.171013839423082,2025-03-16,27.0
12.031999999999243,15.178008449464867,2025-03-16,28.0
18.239999999997963,21.006901481456275,2025-03-16,29.0
10.2319999999963,17.811950029994236,2025-03-16,30.0
24.16000000000349,28.84065150718627,2025-03-16,31.0
26.42399999999907,40.072477401416876,2025-03-16,32.0
13.728000000002794,19.779934505022077,2025-03-16,33.0
12.959999999999129,14.199960481022984,2025-03-16,34.0
19.86800000000221,20.61322221393917,2025-03-16,35.0
16.10399999999936,10.549813239748252,2025-03-16,36.0
22.67999999999301,40.483731722631795,2025-03-16,37.0
8.319999999999709,16.198459748310288,2025-03-16,38.0
14.320000000006983,14.460895513328738,2025-03-16,39.0
6.25799999999813,17.97781584133302,2025-03-17,1.0
20.855999999999767,24.4585344678985,2025-03-17,2.0
18.768000000003667,21.492496900317185,2025-03-17,3.0
13.542800000009,41.80148178188156,2025-03-17,4.0
2.81199999999889,8.762012405627974,2025-03-17,5.0
13.8228000000005,27.750779947482336,2025-03-17,6.0
23.57600000000093,24.465218538046997,2025-03-17,7.0
19.57200000000012,21.646056419047824,2025-03-17,8.0
10.7360000000044,23.07444573494953,2025-03-17,9.0
21.94800000000396,22.973043961904917,2025-03-17,10.0
20.89999999999418,22.049042273401177,2025-03-17,11.0
9.049999999999272,9.211123237301782,2025-03-17,12.0
10.771999999997206,28.61013925566515,2025-03-17,13.0
25.10000000000582,27.291557117131962,2025-03-17,14.0
24.580000000001743,26.11651127714335,2025-03-17,15.0
35.73200000000361,33.23485430074316,2025-03-17,16.0
5.97000000000106,7.715396863492149,2025-03-17,17.0
10.8628000000014,15.013405990393832,2025-03-17,18.0
17.18000000000029,14.406957930343816,2025-03-17,19.0
10.380000000004657,12.510677555678713,2025-03-17,20.0
19.33600000000297,25.6517361730158,2025-03-17,21.0
16.632000000005064,23.055031541834552,2025-03-17,22.0
28.0880000000025,17.561175361157737,2025-03-17,23.0
10.599999999998545,24.54682669142879,2025-03-17,24.0
11.3079999999973,16.09926032266936,2025-03-17,25.0
13.30800000000454,13.424714657977418,2025-03-17,26.0
5.099999999998545,20.23576103942839,2025-03-17,27.0
9.22800000000524,15.355901893204859,2025-03-17,28.0
20.9320000000007,21.759901963521006,2025-03-17,29.0
16.976000000002387,16.025191126517903,2025-03-17,30.0
29.3109999999908,26.605526381587385,2025-03-17,31.0
32.2628000000101,41.282527962968864,2025-03-17,32.0
20.4109999999966,20.34292490539673,2025-03-17,33.0
10.131999999997788,14.887270295377835,2025-03-17,34.0
6.11199999999459,21.055650439864248,2025-03-17,35.0
8.02800000000087,13.026419380952317,2025-03-17,36.0
47.7109999999995,41.685509872351155,2025-03-17,37.0
12.659999999999854,14.584099341747995,2025-03-17,38.0
16.831999999994878,13.84777012861782,2025-03-17,39.0
5.26280000000285,14.764681983497164,2025-03-18,1.0
10.6628000000043,22.633256364808975,2025-03-18,2.0
19.4280000000023,19.22630627746508,2025-03-18,3.0
11.2399999999906,37.617296834030476,2025-03-18,4.0
1.25399999999732,10.930366847041832,2025-03-18,5.0
35.55999999999767,28.109760268571396,2025-03-18,6.0
26.62399999999616,22.574300294373145,2025-03-18,7.0
27.091999999996915,22.695079874836914,2025-03-18,8.0
19.583999999995285,22.248335524063204,2025-03-18,9.0
28.0109999999952,22.776946304991853,2025-03-18,10.0
12.180000000000293,21.684241690379736,2025-03-18,11.0
7.10999999999898,9.006896531577434,2025-03-18,12.0
10.4279999999999,27.613378157131717,2025-03-18,13.0
23.288000000000466,24.866699388717784,2025-03-18,14.0
14.080000000001746,25.649291996786904,2025-03-18,15.0
42.367999999994936,38.243241317140196,2025-03-18,16.0
2.59000000000011,6.713354923809275,2025-03-18,17.0
16.256000000001222,12.09173061406955,2025-03-18,18.0
10.0799999999981,15.095399348824694,2025-03-18,19.0
12.190000000002328,13.054326527543727,2025-03-18,20.0
25.2109999999995,26.183398453186598,2025-03-18,21.0
12.267999999996391,22.87914100981242,2025-03-18,22.0
22.32800000000134,17.510014183390908,2025-03-18,23.0
18.8228000000005,21.17893468798948,2025-03-18,24.0
6.779999999998836,14.837391723215358,2025-03-18,25.0
9.279999999998836,13.553186926399352,2025-03-18,26.0
8.919999999998254,20.07791942476753,2025-03-18,27.0
10.479999999995924,13.31825319254714,2025-03-18,28.0
20.50800000000163,19.359817295238216,2025-03-18,29.0
6.10399999999936,16.79390066632005,2025-03-18,30.0
20.3920000000071,26.94301045420821,2025-03-18,31.0
30.75999999999476,39.913407433610324,2025-03-18,32.0
13.948000000003958,21.58905580547226,2025-03-18,33.0
5.692000000002736,12.67817441025739,2025-03-18,34.0
20.2880000000031,22.52444955146774,2025-03-18,35.0
9.279999999998836,9.676362129528862,2025-03-18,36.0
14.639999999999418,40.65643175241353,2025-03-18,37.0
10.0099999999984,13.507694835155359,2025-03-18,38.0
21.0,14.812848482297914,2025-03-18,39.0
14.279999999998836,16.045204524098075,2025-03-19,1.0
19.296000000002092,23.693741049860215,2025-03-19,2.0
28.239999999997963,22.02337689402443,2025-03-19,3.0
13.920000000012806,33.91765817015718,2025-03-19,4.0
2.148000000001048,11.3321992253968,2025-03-19,5.0
41.5679999999993,24.1981162664666,2025-03-19,6.0
28.960000000006403,22.471841541037232,2025-03-19,7.0
16.8119999999989,28.78311067171459,2025-03-19,8.0
17.38799999999901,21.914630415237717,2025-03-19,9.0
21.531999999999243,29.27111810590004,2025-03-19,10.0
19.2800000000011,17.71645685714291,2025-03-19,11.0
9.010000000002035,9.750240412629081,2025-03-19,12.0
13.520000000004076,27.07166279411225,2025-03-19,13.0
23.86399999999412,25.25116084326446,2025-03-19,14.0
32.791999999994005,30.079966900991433,2025-03-19,15.0
44.86000000000058,36.32312475673621,2025-03-19,16.0
1.139999999999418,6.855183717460181,2025-03-19,17.0
9.10200000000099,9.337140409550662,2025-03-19,18.0
18.220000000001164,14.892272258048719,2025-03-19,19.0
7.8399999999965075,12.986797475794797,2025-03-19,20.0
27.30000000000291,26.344507594916085,2025-03-19,21.0
29.5280000000009,20.327807831447416,2025-03-19,22.0
19.463999999999945,18.897370605492224,2025-03-19,23.0
11.0080000000016,22.335208018412406,2025-03-19,24.0
26.26000000000204,13.591958664848597,2025-03-19,25.0
22.55200000000332,13.569295609450931,2025-03-19,26.0
17.220000000001164,19.68026348508502,2025-03-19,27.0
17.660000000003492,14.477316729636081,2025-03-19,28.0
20.98399999999674,23.386155711508653,2025-03-19,29.0
10.2959999999948,15.116900769995938,2025-03-19,30.0
28.0,28.014783146317335,2025-03-19,31.0
27.55999999999767,33.44989608500107,2025-03-19,32.0
16.8109999999981,19.189914489705764,2025-03-19,33.0
16.82800000000134,10.458759281904644,2025-03-19,34.0
12.29200000000128,17.311355190532716,2025-03-19,35.0
17.656000000002678,9.941365424761822,2025-03-19,36.0
28.4280000000023,38.91048227071298,2025-03-19,37.0
3.62800000000306,12.529787325167693,2025-03-19,38.0
14.160000000003492,14.053311969051709,2025-03-19,39.0
7.120000000002619,14.075674775029382,2025-03-20,1.0
16.4320000000007,22.70537222545025,2025-03-20,2.0
19.860000000000586,23.734238569127438,2025-03-20,3.0
12.623999999996158,29.768274914825394,2025-03-20,4.0
10.668000000005122,14.58975341269848,2025-03-20,5.0
25.260000000002,31.607706294322107,2025-03-20,6.0
24.239999999990687,35.79238787142138,2025-03-20,7.0
25.132000000005064,35.22620766412715,2025-03-20,8.0
19.8280000000038,23.136769822308896,2025-03-20,9.0
23.416000000004715,37.09240005968258,2025-03-20,10.0
11.0,18.390781519483422,2025-03-20,11.0
13.790000000000871,9.066404319838872,2025-03-20,12.0
18.10800000000017,30.992845535237898,2025-03-20,13.0
24.560000000004948,35.594124365714386,2025-03-20,14.0
24.568000000006577,32.30065049975275,2025-03-20,15.0
43.4800000000032,47.964662227990324,2025-03-20,16.0
10.720000000001164,9.025662655872953,2025-03-20,17.0
4.959999999999127,9.54721201575078,2025-03-20,18.0
12.739999999997965,13.998696434997317,2025-03-20,19.0
18.010000000002037,13.566726371537014,2025-03-20,20.0
11.8079999999973,34.466049018846114,2025-03-20,21.0
25.3680000000022,18.67065117933522,2025-03-20,22.0
22.22799999999552,19.369428826728534,2025-03-20,23.0
17.0,20.41048138998064,2025-03-20,24.0
16.739999999997963,12.932911550837623,2025-03-20,25.0
14.859999999993306,13.956609258146447,2025-03-20,26.0
10.031999999999243,10.665479073694177,2025-03-20,27.0
14.131999999997788,15.044457188956004,2025-03-20,28.0
14.38799999999901,25.01613180725066,2025-03-20,29.0
8.752000000000407,14.449034092165837,2025-03-20,30.0
28.07200000000012,29.72750298297531,2025-03-20,31.0
33.312000000005355,37.03600080332032,2025-03-20,32.0
18.05999999999767,22.457028614401732,2025-03-20,33.0
23.02799999999843,10.386662428571668,2025-03-20,34.0
5.239999999997963,17.826473581459314,2025-03-20,35.0
17.252000000000407,11.150712405435819,2025-03-20,36.0
16.368000000002212,31.90320677142854,2025-03-20,37.0
10.090000000000146,13.804717694755423,2025-03-20,38.0
10.9360000000011,17.312540620376883,2025-03-20,39.0
5.4799999999959255,14.405794215873165,2025-03-21,1.0
26.327999999994063,20.990294627858816,2025-03-21,2.0
18.451999999997497,22.232375952380735,2025-03-21,3.0
14.222800000002,27.6727060085711,2025-03-21,4.0
10.903999999994994,11.813935631745919,2025-03-21,5.0
12.979999999995924,30.377925164443795,2025-03-21,6.0
25.4879999999976,25.710865933578198,2025-03-21,7.0
33.0199999999968,27.317197157459983,2025-03-21,8.0
20.5199999999968,19.810438967899223,2025-03-21,9.0
36.17199999999866,25.88085942080683,2025-03-21,10.0
13.891999999999824,18.52066816171278,2025-03-21,11.0
8.969999999997526,8.422997906426703,2025-03-21,12.0
19.47200000000157,22.031400015872794,2025-03-21,13.0
27.82800000000134,27.98528887555513,2025-03-21,14.0
16.9109999999966,25.02983754356017,2025-03-21,15.0
41.97200000000157,42.85213700932018,2025-03-21,16.0
1.3100000000013097,3.9648155428572465,2025-03-21,17.0
18.832000000002157,12.008697797952795,2025-03-21,18.0
20.2280000000016,12.934701957038778,2025-03-21,19.0
19.68000000000029,10.948282794488879,2025-03-21,20.0
28.6319999999978,24.017096334223176,2025-03-21,21.0
14.9109999999966,17.80917609050224,2025-03-21,22.0
21.05200000000332,19.01803547544691,2025-03-21,23.0
17.55999999999767,19.833894145072136,2025-03-21,24.0
18.752000000000407,13.926651021641996,2025-03-21,25.0
12.932000000000698,14.436667308110312,2025-03-21,26.0
10.520000000004076,19.559257205079582,2025-03-21,27.0
8.368000000002212,12.71599914547342,2025-03-21,28.0
21.16000000000349,21.198637741587124,2025-03-21,29.0
16.247999999999593,15.914240481393351,2025-03-21,30.0
38.9360000000011,23.66746787414332,2025-03-21,31.0
38.9109999999966,35.43007731047597,2025-03-21,32.0
29.68800000000192,18.985306849178485,2025-03-21,33.0
12.17199999999866,9.545725468114547,2025-03-21,34.0
30.10800000000017,15.82622328571444,2025-03-21,35.0
6.731999999996333,10.285074041374155,2025-03-21,36.0
24.20799999999872,33.452850262426885,2025-03-21,37.0
11.2899999999972,9.165084177915517,2025-03-21,38.0
10.423999999999069,14.725786752380946,2025-03-21,39.0
16.0679999999993,14.47475773333336,2025-03-22,1.0
14.288000000000466,21.62594435536355,2025-03-22,2.0
10.735999999997148,21.037793859570744,2025-03-22,3.0
20.720000000001164,22.34935037075626,2025-03-22,4.0
11.5360000000001,15.300321774602917,2025-03-22,5.0
43.71200000000681,27.151183601039637,2025-03-22,6.0
31.92000000001281,25.033606156281763,2025-03-22,7.0
18.648000000001048,22.80860205038921,2025-03-22,8.0
17.868000000002212,21.201300734519776,2025-03-22,9.0
24.091999999996915,23.177304660224358,2025-03-22,10.0
12.0,19.491584244252447,2025-03-22,11.0
4.229999999999563,6.767314190785865,2025-03-22,12.0
11.791999999994,19.50168677831671,2025-03-22,13.0
24.851999999998952,22.1655478158544,2025-03-22,14.0
26.37599999999657,24.428890250793536,2025-03-22,15.0
33.1199999999962,37.48578044400313,2025-03-22,16.0
9.0199999999968,8.508083330158472,2025-03-22,17.0
17.9360000000011,12.46143011201282,2025-03-22,18.0
23.200000000000728,13.462782584376194,2025-03-22,19.0
10.930000000000293,13.476710099201997,2025-03-22,20.0
27.59200000000419,23.036362679999943,2025-03-22,21.0
20.4320000000007,19.1726873106609,2025-03-22,22.0
22.639999999999414,17.68469587255322,2025-03-22,23.0
24.020000000004075,18.14147402741691,2025-03-22,24.0
9.80800000000454,14.96588360519483,2025-03-22,25.0
13.30800000000454,13.870524209918695,2025-03-22,26.0
21.927999999999884,18.912195177778,2025-03-22,27.0
7.659999999996216,14.453965341446604,2025-03-22,28.0
18.57200000000012,20.006193928690287,2025-03-22,29.0
12.832000000002154,13.072887525827719,2025-03-22,30.0
28.127999999996973,23.862102995073553,2025-03-22,31.0
28.9520000000048,32.471455247260444,2025-03-22,32.0
27.023999999997613,17.9064096087102,2025-03-22,33.0
13.732000000003609,14.013265994079218,2025-03-22,34.0
46.46399999999994,16.69906442380936,2025-03-22,35.0
8.82800000000125,12.887749716893357,2025-03-22,36.0
24.335999999995693,29.97078344452088,2025-03-22,37.0
17.590000000000146,9.77961824000429,2025-03-22,38.0
12.0,15.94685272174308,2025-03-22,39.0
21.012000000002445,9.843059982001721,2025-03-23,1.0
21.0880000000025,20.776329707317448,2025-03-23,2.0
19.391999999999825,21.226831729521056,2025-03-23,3.0
22.631999999997788,18.170574332491746,2025-03-23,4.0
2.90280000000227,12.209989342856908,2025-03-23,5.0
53.95999999999913,29.76707280161351,2025-03-23,6.0
28.2879999999958,25.777231527834566,2025-03-23,7.0
20.3109999999981,25.57945636152017,2025-03-23,8.0
20.12000000000262,20.97895803974896,2025-03-23,9.0
17.175999999999476,28.00230598936899,2025-03-23,10.0
28.520000000004075,18.724037883015658,2025-03-23,11.0
3.170000000001892,6.744520052597252,2025-03-23,12.0
6.175999999999476,19.88155852696601,2025-03-23,13.0
19.599999999998545,29.306175361904454,2025-03-23,14.0
10.4228000000063,25.804722905918684,2025-03-23,15.0
58.24799999999959,44.51132219251957,2025-03-23,16.0
6.81000000000131,4.61089027301589,2025-03-23,17.0
14.039999999993595,15.985271194847956,2025-03-23,18.0
8.549999999999272,17.27926297386375,2025-03-23,19.0
10.389999999999418,14.245567598381752,2025-03-23,20.0
19.648000000001048,26.56226710400012,2025-03-23,21.0
12.167999999997846,19.118420432970666,2025-03-23,22.0
22.00800000000163,21.00510278389612,2025-03-23,23.0
12.239999999997965,20.405358460317558,2025-03-23,24.0
22.39999999999418,15.77704427619059,2025-03-23,25.0
10.37199999999575,14.696839218365396,2025-03-23,26.0
9.279999999998836,18.34934341529608,2025-03-23,27.0
6.480000000003201,14.805944461338346,2025-03-23,28.0
17.29599999999482,20.485847050307168,2025-03-23,29.0
0.0,15.712111375638537,2025-03-23,30.0
18.88799999999173,27.010420815555616,2025-03-23,31.0
33.19199999999546,32.38246353377462,2025-03-23,32.0
30.46800000000076,19.756645177122405,2025-03-23,33.0
10.167999999997846,14.512872477812675,2025-03-23,34.0
21.2800000000011,17.445318025346754,2025-03-23,35.0
13.4120000000039,11.80974890158733,2025-03-23,36.0
25.8000000000029,27.00088010179687,2025-03-23,37.0
10.420000000001892,8.422499894038316,2025-03-23,38.0
11.0879999999961,16.619549501845597,2025-03-23,39.0
9.375999999996566,12.19840637273831,2025-03-24,1.0
10.5828000000026,19.686767885714243,2025-03-24,2.0
17.072000000000116,21.54050362440345,2025-03-24,3.0
60.36000000000058,14.025440234214988,2025-03-24,4.0
1.175999999999476,12.37242738095246,2025-03-24,5.0
29.599999999998545,26.987710303776606,2025-03-24,6.0
29.695999999996275,26.716571469050606,2025-03-24,7.0
19.23200000000361,23.64192399255864,2025-03-24,8.0
20.599999999998545,19.543551296567188,2025-03-24,9.0
37.13200000000506,23.661758105796494,2025-03-24,10.0
20.94799999999668,17.420976500317515,2025-03-24,11.0
10.049999999999272,8.793574069421894,2025-03-24,12.0
19.3028000000037,18.397685435872944,2025-03-24,13.0
25.247999999999596,22.58571151487691,2025-03-24,14.0
37.82799999999406,22.06741120952114,2025-03-24,15.0
33.080000000001746,39.85453419513655,2025-03-24,16.0
6.319999999999709,6.293209366233551,2025-03-24,17.0
16.8628000000014,14.50427321969404,2025-03-24,18.0
19.419999999998254,16.08097865645657,2025-03-24,19.0
14.729999999995924,13.335551840463243,2025-03-24,20.0
24.18000000000029,22.558862282521158,2025-03-24,21.0
8.192000000002736,20.273473951163126,2025-03-24,22.0
30.580000000001743,18.87607838207386,2025-03-24,23.0
20.86800000000221,18.347839300880654,2025-03-24,24.0
18.81999999999971,13.516577165054084,2025-03-24,25.0
10.760000000002035,12.299287506525953,2025-03-24,26.0
10.231999999996331,15.649171750185845,2025-03-24,27.0
11.8919999999998,14.599530986031565,2025-03-24,28.0
20.8628000000014,20.14363022604642,2025-03-24,29.0
11.1600000000035,16.699665056083628,2025-03-24,30.0
38.1020000000083,28.521034476303413,2025-03-24,31.0
39.00800000000163,31.122340166984287,2025-03-24,32.0
16.459999999999127,20.116497656850942,2025-03-24,33.0
8.968000000000757,15.418063129519494,2025-03-24,34.0
17.57600000000093,23.460864946359553,2025-03-24,35.0
9.41199999999744,11.885079633018448,2025-03-24,36.0
24.8628000000014,25.040761112078897,2025-03-24,37.0
9.62999999999738,9.009325114285806,2025-03-24,38.0
10.67199999999866,14.200700325147602,2025-03-24,39.0
8.72000000000106,15.933434474920707,2025-03-25,1.0
10.735999999989872,21.026049491102633,2025-03-25,2.0
21.2580000000054,22.12213514728639,2025-03-25,3.0
49.27999999999884,17.24587639939493,2025-03-25,4.0
1.11200000000186,13.709941663492057,2025-03-25,5.0
21.27999999999884,31.986980973333697,2025-03-25,6.0
29.872000000003027,26.02432332380945,2025-03-25,7.0
27.90799999999581,22.4453912501587,2025-03-25,8.0
23.19999999999709,18.413661787552744,2025-03-25,9.0
24.5199999999968,24.587062247628356,2025-03-25,10.0
12.531999999999243,16.635669860406246,2025-03-25,11.0
4.02800000000087,8.433657383186365,2025-03-25,12.0
14.576000000000931,16.962714320634948,2025-03-25,13.0
24.959999999999127,20.76633382031728,2025-03-25,14.0
31.4120000000039,22.076808886170003,2025-03-25,15.0
53.22000000000117,41.459383078168436,2025-03-25,16.0
3.75,7.365970419047504,2025-03-25,17.0
21.16000000000349,13.495524351102311,2025-03-25,18.0
9.9900000000016,16.40516100712138,2025-03-25,19.0
11.3600000000006,13.261932162069336,2025-03-25,20.0
38.07999999999447,23.762182607619017,2025-03-25,21.0
9.536000000000058,18.147478944439957,2025-03-25,22.0
10.9599999999991,20.684732660317454,2025-03-25,23.0
8.11999999999622,17.64615660279085,2025-03-25,24.0
17.6280000000067,17.21958812063477,2025-03-25,25.0
2.228000000002794,13.317339125385878,2025-03-25,26.0
8.080000000001746,19.03951235398291,2025-03-25,27.0
10.656000000002678,16.77268076219335,2025-03-25,28.0
21.135999999998603,18.31104117453111,2025-03-25,29.0
14.939999999995052,15.93730924530698,2025-03-25,30.0
35.1120000000018,27.538292993968287,2025-03-25,31.0
35.3920000000071,30.796575050578422,2025-03-25,32.0
10.760000000002,21.913478221614053,2025-03-25,33.0
20.222800000002,14.683920728356291,2025-03-25,34.0
11.5720000000001,22.949944590476264,2025-03-25,35.0
7.760000000002037,13.998931583327705,2025-03-25,36.0
30.4320000000007,21.48487938271283,2025-03-25,37.0
11.1700000000019,11.425637834920503,2025-03-25,38.0
13.520000000004076,14.162153913680957,2025-03-25,39.0
8.18280000000101,14.787978004094374,2025-03-26,1.0
8.127999999996973,20.07936263751792,2025-03-26,2.0
22.5280000000009,21.45206587978331,2025-03-26,3.0
57.7439999999911,25.33425394724539,2025-03-26,4.0
1.11200000000186,13.453132622222197,2025-03-26,5.0
26.27999999999884,32.35224625714247,2025-03-26,6.0
24.6628000000043,31.277222506244673,2025-03-26,7.0
12.067999999999302,22.854931483977566,2025-03-26,8.0
20.743999999998778,19.89572211519089,2025-03-26,9.0
21.520000000004075,27.876193313163803,2025-03-26,10.0
19.536000000000055,17.04097957123658,2025-03-26,11.0
5.180000000000291,11.424158063492339,2025-03-26,12.0
17.5109999999952,21.452421171428767,2025-03-26,13.0
25.12000000000262,23.70671611293268,2025-03-26,14.0
23.0879999999961,24.25398745396817,2025-03-26,15.0
43.39999999999418,38.2464030323811,2025-03-26,16.0
6.299999999999272,7.252409936507919,2025-03-26,17.0
9.288000000000466,18.644226664311518,2025-03-26,18.0
21.81999999999971,15.730140428571472,2025-03-26,19.0
8.560000000004948,13.20911890562765,2025-03-26,20.0
26.860000000000586,23.925339654845992,2025-03-26,21.0
13.9109999999966,18.31169127282383,2025-03-26,22.0
22.291999999994005,23.6474463730601,2025-03-26,23.0
22.10399999999936,18.130401879935743,2025-03-26,24.0
12.0109999999952,18.167644040048806,2025-03-26,25.0
10.907999999995807,14.965811598650655,2025-03-26,26.0
22.5679999999993,15.297272091419174,2025-03-26,27.0
8.31099999999808,15.996297288580772,2025-03-26,28.0
17.0628000000058,19.78427394646819,2025-03-26,29.0
0.588000000003376,11.10709926242799,2025-03-26,30.0
21.872000000003027,29.067617645766813,2025-03-26,31.0
25.8719999999885,33.50487030158732,2025-03-26,32.0
9.567999999999302,22.294855234453763,2025-03-26,33.0
13.799999999995634,16.087793750061433,2025-03-26,34.0
33.667999999997846,21.27509610112044,2025-03-26,35.0
17.023999999997613,13.907139188063057,2025-03-26,36.0
20.648000000001048,23.864623168253917,2025-03-26,37.0
10.68999999999869,9.958865391697309,2025-03-26,38.0
24.68000000000029,14.25982511822229,2025-03-26,39.0
7.536000000000058,14.450623040025272,2025-03-27,1.0
12.00800000000163,22.254753406703646,2025-03-27,2.0
17.18000000000029,21.066592146823776,2025-03-27,3.0
48.89600000000792,29.71356161212362,2025-03-27,4.0
8.567999999999302,14.61738240952374,2025-03-27,5.0
53.80800000000454,33.20246360063512,2025-03-27,6.0
26.21600000000035,26.76318311862496,2025-03-27,7.0
19.952000000004773,23.704759406782376,2025-03-27,8.0
24.976000000002387,21.35437958036312,2025-03-27,9.0
20.959999999999127,27.221729026031717,2025-03-27,10.0
11.6228000000025,18.344163894529743,2025-03-27,11.0
7.719999999997526,12.803017647618809,2025-03-27,12.0
13.460000000006405,19.80887658349202,2025-03-27,13.0
27.05999999999767,24.49871845097579,2025-03-27,14.0
25.832000000002157,23.843661036525184,2025-03-27,15.0
46.492000000005646,41.38367126868878,2025-03-27,16.0
2.950000000000728,8.31602492380925,2025-03-27,17.0
10.807999999997264,16.322060326457784,2025-03-27,18.0
12.670000000001892,15.168775035271766,2025-03-27,19.0
19.39999999999418,14.621690873307552,2025-03-27,20.0
11.0880000000025,24.76332436143667,2025-03-27,21.0
12.608000000000176,15.95158411185627,2025-03-27,22.0
33.44800000000396,26.10727470551216,2025-03-27,23.0
19.0280000000009,18.2258887378371,2025-03-27,24.0
12.0,18.844272615476278,2025-03-27,25.0
4.919999999998254,13.892931762125468,2025-03-27,26.0
8.71099999999953,14.310771900965666,2025-03-27,27.0
26.099999999998545,15.212070100543926,2025-03-27,28.0
20.60800000000017,19.755337901715347,2025-03-27,29.0
10.0280000000009,16.839078969433302,2025-03-27,30.0
31.39199999999255,30.281721928658325,2025-03-27,31.0
39.69600000001083,41.22416372698473,2025-03-27,32.0
14.9428000000031,24.585842126311903,2025-03-27,33.0
13.01600000000326,18.560728172906792,2025-03-27,34.0
27.360000000000586,22.134441950988055,2025-03-27,35.0
9.288000000000466,12.068242201131008,2025-03-27,36.0
27.95999999999185,26.06163458118283,2025-03-27,37.0
10.290000000000871,12.413094108856317,2025-03-27,38.0
11.0,12.478957802051983,2025-03-27,39.0
22.080000000001743,15.454586384127062,2025-03-28,1.0
28.24800000000687,18.606702481772054,2025-03-28,2.0
28.39999999999418,19.926133417700886,2025-03-28,3.0
36.271999999997206,35.7347500723232,2025-03-28,4.0
8.487999999997555,13.659860152380904,2025-03-28,5.0
22.959999999999127,33.15359513650756,2025-03-28,6.0
26.76799999999639,28.723818145077907,2025-03-28,7.0
20.25999999999476,25.645977021587107,2025-03-28,8.0
16.192000000002736,20.10600427420568,2025-03-28,9.0
25.0280000000009,27.754580291182105,2025-03-28,10.0
23.2879999999958,18.259654403174526,2025-03-28,11.0
10.6280000000031,8.964060984126904,2025-03-28,12.0
14.651999999994588,19.650455373160405,2025-03-28,13.0
22.0679999999993,26.027134278041174,2025-03-28,14.0
35.52799999999843,26.46557512167808,2025-03-28,15.0
41.62799999999697,45.627055032201795,2025-03-28,16.0
10.5280000000009,8.589241076190449,2025-03-28,17.0
27.652000000001863,16.924504880998565,2025-03-28,18.0
17.959999999999127,14.05473287639816,2025-03-28,19.0
16.010000000002037,13.431880779434026,2025-03-28,20.0
38.3109999999981,26.46715453243785,2025-03-28,21.0
20.172000000005937,15.951968645714468,2025-03-28,22.0
28.7109999999995,25.259994441269832,2025-03-28,23.0
37.76000000000204,18.40081067898491,2025-03-28,24.0
22.919999999998254,16.211241561904806,2025-03-28,25.0
18.4800000000032,13.320789266223555,2025-03-28,26.0
16.32800000000134,15.449393810434533,2025-03-28,27.0
18.012000000002445,11.54671788659304,2025-03-28,28.0
22.599999999998545,20.024226624523454,2025-03-28,29.0
6.623999999996158,9.075621810390126,2025-03-28,30.0
36.77599999999802,33.93080944761897,2025-03-28,31.0
39.263999999995576,35.53290090095238,2025-03-28,32.0
21.19999999999709,18.993536465446464,2025-03-28,33.0
18.69199999999546,18.299082181314876,2025-03-28,34.0
17.252000000000407,26.447521536059625,2025-03-28,35.0
17.160000000003492,13.19263087741023,2025-03-28,36.0
25.8800000000047,27.363195528140515,2025-03-28,37.0
14.56000000000131,12.621839702246026,2025-03-28,38.0
20.31999999999971,15.04471494870491,2025-03-28,39.0
6.98399999999674,15.331176554085738,2025-03-29,1.0
31.16800000000512,16.73897560190466,2025-03-29,2.0
26.452000000004773,22.27968401715217,2025-03-29,3.0
59.16000000000349,38.9914143867293,2025-03-29,4.0
9.11999999999622,13.74499327619026,2025-03-29,5.0
57.55999999999767,37.4150855911111,2025-03-29,6.0
27.77599999999802,31.75197732316784,2025-03-29,7.0
25.4920000000056,22.2851080704183,2025-03-29,8.0
19.0199999999968,21.170623822222016,2025-03-29,9.0
25.61200000000099,26.24897179619075,2025-03-29,10.0
31.07200000000012,18.29178783106243,2025-03-29,11.0
5.729999999999563,9.840558895238228,2025-03-29,12.0
17.776000000005297,19.733887901445286,2025-03-29,13.0
31.9028000000023,25.02785971205549,2025-03-29,14.0
24.2280000000052,26.22754883754177,2025-03-29,15.0
50.62000000000262,41.082690434413095,2025-03-29,16.0
1.2799999999988358,7.630717590476202,2025-03-29,17.0
6.11999999999622,16.752831666666793,2025-03-29,18.0
10.419999999998254,16.663985859740084,2025-03-29,19.0
12.8280000000038,14.902977341306714,2025-03-29,20.0
28.69999999999709,25.463992440909433,2025-03-29,21.0
22.18000000000029,14.561967393298875,2025-03-29,22.0
12.027999999998428,24.61419008576749,2025-03-29,23.0
17.18800000000192,20.6880820476595,2025-03-29,24.0
14.668000000005122,15.738442247619023,2025-03-29,25.0
16.10399999999936,10.42098962222231,2025-03-29,26.0
13.048000000002505,14.73632816714135,2025-03-29,27.0
20.4119999999974,17.209826963760367,2025-03-29,28.0
21.979999999995925,25.448209029734308,2025-03-29,29.0
19.16800000000512,11.81519006984139,2025-03-29,30.0
21.09600000000501,30.53494355523815,2025-03-29,31.0
27.0,35.140877729517776,2025-03-29,32.0
11.0080000000016,22.08504840187724,2025-03-29,33.0
18.30000000000291,14.742311640969755,2025-03-29,34.0
21.919999999998254,29.252163399782162,2025-03-29,35.0
14.1099999999953,12.889024803174536,2025-03-29,36.0
29.263999999995576,25.25522205246233,2025-03-29,37.0
10.5,13.363319038012252,2025-03-29,38.0
13.335999999995693,14.606038455550832,2025-03-29,39.0
10.468000000000757,14.72385902005901,2025-03-30,1.0
30.879999999990105,19.51990431288031,2025-03-30,2.0
10.89600000000064,20.294461419272142,2025-03-30,3.0
31.1019999999937,38.75272912254292,2025-03-30,4.0
1.4120000000039,11.774798361904471,2025-03-30,5.0
35.9280000000023,33.97685866141488,2025-03-30,6.0
26.75999999999476,27.411215671775434,2025-03-30,7.0
24.77599999999802,18.95931662980638,2025-03-30,8.0
18.8109999999981,19.21542224761903,2025-03-30,9.0
11.5679999999993,23.51050071953188,2025-03-30,10.0
13.968000000000757,19.073478885952053,2025-03-30,11.0
4.389999999999418,7.9854958825396,2025-03-30,12.0
5.351999999998952,19.190092619047785,2025-03-30,13.0
30.047999999995227,22.46981224772468,2025-03-30,14.0
7.360000000000582,24.526467966984328,2025-03-30,15.0
33.86000000000058,36.41273914029577,2025-03-30,16.0
6.59000000000011,8.423138428571386,2025-03-30,17.0
3.22000000000106,16.960216205509184,2025-03-30,18.0
6.950000000000728,16.850933837067476,2025-03-30,19.0
5.899999999994179,12.12108815573886,2025-03-30,20.0
17.880000000004657,23.36668223421575,2025-03-30,21.0
10.7999999999956,13.54447670718804,2025-03-30,22.0
14.652000000001864,21.886897974539654,2025-03-30,23.0
13.619999999995343,19.563704185076713,2025-03-30,24.0
14.220000000001164,17.110583021292335,2025-03-30,25.0
3.567999999999301,8.606389764602666,2025-03-30,26.0
16.10399999999936,14.079882652965068,2025-03-30,27.0
5.91099999999662,13.557306725185422,2025-03-30,28.0
13.492000000005646,19.33433590869432,2025-03-30,29.0
18.391999999999825,10.130405546031701,2025-03-30,30.0
23.19199999999546,28.3644417031689,2025-03-30,31.0
28.55999999999767,35.0700997968255,2025-03-30,32.0
7.271999999997206,19.021213749891007,2025-03-30,33.0
6.4320000000006985,17.148685859303423,2025-03-30,34.0
10.548000000002505,21.17009663028649,2025-03-30,35.0
7.319999999999709,11.930336040318245,2025-03-30,36.0
19.2000000000106,25.222050153898603,2025-03-30,37.0
8.489999999997963,11.76209517189072,2025-03-30,38.0
13.102000000001,15.29219767187447,2025-03-30,39.0
10.37999999999738,13.529214596961502,2025-03-31,1.0
14.296000000002095,22.362000526225813,2025-03-31,2.0
20.68000000000029,21.26954712825399,2025-03-31,3.0
31.520000000004075,46.30015355604308,2025-03-31,4.0
2.148000000001048,12.2655578095235,2025-03-31,5.0
53.89999999999418,33.77474267388521,2025-03-31,6.0
8.567999999999302,27.731234561682907,2025-03-31,7.0
11.2800000000011,21.06958486989164,2025-03-31,8.0
22.8280000000038,20.586297053567968,2025-03-31,9.0
18.487999999997555,24.981846945222784,2025-03-31,10.0
14.20799999999872,21.289526124482137,2025-03-31,11.0
12.149999999997815,9.86350969523812,2025-03-31,12.0
12.87999999999738,19.231876457142906,2025-03-31,13.0
25.80800000000454,25.437624320381534,2025-03-31,14.0
16.57999999999447,27.107962866548647,2025-03-31,15.0
17.19999999999709,39.61780707299437,2025-03-31,16.0
1.860000000000582,5.600642041269756,2025-03-31,17.0
2.52000000000287,17.10419987492066,2025-03-31,18.0
14.529999999998836,16.50319571169531,2025-03-31,19.0
11.5200000000041,14.108594878486464,2025-03-31,20.0
28.4109999999966,26.48751741717594,2025-03-31,21.0
8.99199999999837,15.687995153407774,2025-03-31,22.0
21.70799999999872,22.604251260317305,2025-03-31,23.0
6.92800000000233,19.041102688357935,2025-03-31,24.0
11.127999999997,18.115607409009744,2025-03-31,25.0
12.2800000000011,10.599211145555303,2025-03-31,26.0
10.2579999999981,13.893410191870924,2025-03-31,27.0
10.6880000000019,17.75544107433543,2025-03-31,28.0
10.288000000000466,22.088018846034654,2025-03-31,29.0
0.4279999999998836,14.045568981086834,2025-03-31,30.0
11.7600000000093,28.333855857996976,2025-03-31,31.0
26.60000000000582,31.82340257553054,2025-03-31,32.0
8.056000000004133,16.32074673163561,2025-03-31,33.0
16.608000000000175,17.565135776826576,2025-03-31,34.0
11.182800000001,20.678616479919587,2025-03-31,35.0
8.760000000002037,13.199655106926105,2025-03-31,36.0
27.231999999989057,25.933752977785915,2025-03-31,37.0
9.12000000000262,10.393941262939522,2025-03-31,38.0
19.0280000000009,16.566894973722786,2025-03-31,39.0
12.232000000003609,14.228682391348428,2025-04-01,1.0
29.0,20.958011111018124,2025-04-01,2.0
11.1199999999962,22.34632528716285,2025-04-01,3.0
50.32799999999406,49.58897797015939,2025-04-01,4.0
8.18280000000101,12.476018225396714,2025-04-01,5.0
10.860000000000582,35.77610971102482,2025-04-01,6.0
31.9428000000031,30.35926790357269,2025-04-01,7.0
21.2109999999995,22.14351229488686,2025-04-01,8.0
13.735999999997148,20.97803459503025,2025-04-01,9.0
16.052000000003318,24.479568801650274,2025-04-01,10.0
27.4320000000007,19.025552024950407,2025-04-01,11.0
8.320000000003347,8.6075265186148,2025-04-01,12.0
17.0880000000025,17.655846078594518,2025-04-01,13.0
31.263999999995576,29.77901345330599,2025-04-01,14.0
30.18000000000029,27.620473293294577,2025-04-01,15.0
38.4519999999975,41.94765191646433,2025-04-01,16.0
5.369999999998981,6.327491393650584,2025-04-01,17.0
12.979999999995924,14.157090459729938,2025-04-01,18.0
3.900000000001455,15.363100969872027,2025-04-01,19.0
10.489999999997965,13.085684144261364,2025-04-01,20.0
29.16800000000512,28.354908481716233,2025-04-01,21.0
9.427999999999884,12.67437247370761,2025-04-01,22.0
7.628000000004249,19.000041857142808,2025-04-01,23.0
27.4109999999966,18.805611643143536,2025-04-01,24.0
11.3109999999981,19.056074899999945,2025-04-01,25.0
22.68800000000192,9.002913330736048,2025-04-01,26.0
13.027999999998428,13.734542879315757,2025-04-01,27.0
11.5999999999985,13.805977747618869,2025-04-01,28.0
19.27199999999721,20.1138200561571,2025-04-01,29.0
14.227999999995518,15.981637386373603,2025-04-01,30.0
12.423999999999069,29.22145352698436,2025-04-01,31.0
31.5679999999993,36.36320623169624,2025-04-01,32.0
8.091999999996915,12.479144807824452,2025-04-01,33.0
8.767999999996391,16.142322720634706,2025-04-01,34.0
20.1199999999962,21.054792946335937,2025-04-01,35.0
8.88799999999901,9.997428561627558,2025-04-01,36.0
25.4628000000072,31.00664290290723,2025-04-01,37.0
13.339999999996508,10.032288826331984,2025-04-01,38.0
13.99199999999837,14.887291682298414,2025-04-01,39.0
6.50800000000163,15.558527911111245,2025-04-02,1.0
30.0280000000081,22.181085494724627,2025-04-02,2.0
18.76000000000204,22.505389985468316,2025-04-02,3.0
20.696000000010827,42.420722546561805,2025-04-02,4.0
8.599999999998545,12.198855857777746,2025-04-02,5.0
27.73200000000361,35.88641583070096,2025-04-02,6.0
28.320000000006985,22.77657965779961,2025-04-02,7.0
28.77999999999884,23.02586439706453,2025-04-02,8.0
20.6228000000025,21.881957866636686,2025-04-02,9.0
22.131999999997788,20.67005847680691,2025-04-02,10.0
16.760000000002037,19.386323905562254,2025-04-02,11.0
7.0799999999981,8.897413476190538,2025-04-02,12.0
10.9519999999975,17.505691214297162,2025-04-02,13.0
24.49600000000646,25.366002598096674,2025-04-02,14.0
44.26000000000204,23.5295833492639,2025-04-02,15.0
26.456000000005588,36.520398692063495,2025-04-02,16.0
1.2299999999995634,5.399712587301588,2025-04-02,17.0
19.05999999999767,10.643958207490602,2025-04-02,18.0
10.2999999999993,12.621868132103955,2025-04-02,19.0
13.599999999998545,12.812745435101599,2025-04-02,20.0
23.5679999999993,27.330000803743896,2025-04-02,21.0
9.891999999999824,14.93478075430407,2025-04-02,22.0
21.639999999999414,20.21807497598439,2025-04-02,23.0
23.880000000004657,19.04095552090744,2025-04-02,24.0
20.580000000001743,13.581646921623983,2025-04-02,25.0
9.360000000000582,12.06964848198716,2025-04-02,26.0
13.652000000001864,15.370157784267004,2025-04-02,27.0
6.120000000002619,15.275050612831887,2025-04-02,28.0
19.65600000000268,18.943913926535846,2025-04-02,29.0
10.2528000000046,13.089430237894186,2025-04-02,30.0
11.5760000000009,20.95045878134345,2025-04-02,31.0
24.871999999988475,30.02074402186406,2025-04-02,32.0
8.027999999998428,10.765230776926755,2025-04-02,33.0
13.312000000005357,15.487143209149894,2025-04-02,34.0
17.33600000000297,20.99893268155234,2025-04-02,35.0
11.6920000000027,10.570810558391996,2025-04-02,36.0
31.456000000005588,19.305822342597846,2025-04-02,37.0
10.37000000000262,10.767719615991703,2025-04-02,38.0
14.0880000000025,14.832241542857167,2025-04-02,39.0
12.972000000001572,14.063500244514763,2025-04-03,1.0
17.519999999989523,22.88022657843169,2025-04-03,2.0
18.599999999998545,20.77746877302506,2025-04-03,3.0
45.16799999999057,41.54588193471807,2025-04-03,4.0
3.227999999995518,14.636839707936419,2025-04-03,5.0
43.19999999999709,41.306087123769785,2025-04-03,6.0
24.21600000000035,25.03036154692336,2025-04-03,7.0
11.887999999999,19.612541087464688,2025-04-03,8.0
18.70799999999872,19.485017546227226,2025-04-03,9.0
22.296000000002092,19.243381965695356,2025-04-03,10.0
12.5199999999968,20.7323558419948,2025-04-03,11.0
3.9900000000016007,10.410942101587484,2025-04-03,12.0
17.4320000000007,19.48784898095263,2025-04-03,13.0
20.851999999998952,27.731496462930053,2025-04-03,14.0
17.9800000000032,25.55053964945189,2025-04-03,15.0
35.66399999999703,37.286239122172546,2025-04-03,16.0
4.870000000002619,6.347316561904549,2025-04-03,17.0
2.52800000000087,9.622280630458308,2025-04-03,18.0
6.520000000000437,12.253034147492176,2025-04-03,19.0
4.700000000004366,12.05679903123857,2025-04-03,20.0
24.54399999999441,23.88562433644607,2025-04-03,21.0
5.456000000005588,14.084919378961379,2025-04-03,22.0
4.4799999999959255,18.017669736675813,2025-04-03,23.0
25.247999999999596,18.438224977671084,2025-04-03,24.0
17.87999999999738,13.891185970328245,2025-04-03,25.0
10.639999999999418,14.053123508460189,2025-04-03,26.0
7.788000000000466,15.529791568465832,2025-04-03,27.0
5.71099999999953,16.129303903734716,2025-04-03,28.0
14.39999999999418,19.142342809106317,2025-04-03,29.0
0.0,14.049126786173879,2025-04-03,30.0
31.38399999999092,22.213579409524172,2025-04-03,31.0
29.320000000006985,32.02847911047607,2025-04-03,32.0
19.812000000005355,10.960524169385625,2025-04-03,33.0
11.6879999999946,15.816964622826822,2025-04-03,34.0
17.55999999999767,17.455934192192046,2025-04-03,35.0
11.9320000000007,10.961716029384402,2025-04-03,36.0
26.023999999990338,26.544077164411895,2025-04-03,37.0
7.719999999997526,9.080542229864976,2025-04-03,38.0
13.551999999996042,15.6297804016666,2025-04-03,39.0
14.639999999999418,14.92925356634916,2025-04-04,1.0
25.055999999996857,25.61077028647656,2025-04-04,2.0
17.67199999999866,22.313137460340442,2025-04-04,3.0
28.320000000006985,40.80255133202352,2025-04-04,4.0
9.62800000000669,15.124469190476306,2025-04-04,5.0
50.30800000000454,34.57512798141668,2025-04-04,6.0
25.2879999999958,24.887511292137635,2025-04-04,7.0
26.1120000000018,21.515671353289406,2025-04-04,8.0
17.099999999998545,20.718236739724198,2025-04-04,9.0
19.231999999996333,20.165736738407766,2025-04-04,10.0
20.12800000000425,21.919531617829904,2025-04-04,11.0
10.5900000000001,9.16654929841272,2025-04-04,12.0
11.8119999999989,14.892340201930145,2025-04-04,13.0
25.971999999994296,25.478886181878515,2025-04-04,14.0
33.05999999999767,23.22966052380953,2025-04-04,15.0
22.520000000004075,37.17786696218421,2025-04-04,16.0
1.1299999999973809,4.662580130158977,2025-04-04,17.0
13.62800000000425,11.996823867159788,2025-04-04,18.0
13.5280000000009,9.195762301435968,2025-04-04,19.0
11.1899999999951,12.55346853430756,2025-04-04,20.0
23.31999999999971,26.42170103466107,2025-04-04,21.0
7.71099999999953,13.241522756992204,2025-04-04,22.0
23.47200000000157,19.477315252460315,2025-04-04,23.0
14.7109999999995,20.556026659713527,2025-04-04,24.0
11.7000000000044,14.32640704028852,2025-04-04,25.0
13.102000000001,13.592253334133455,2025-04-04,26.0
8.12000000000262,14.063894620898582,2025-04-04,27.0
5.92800000000233,14.432519583032402,2025-04-04,28.0
19.280000000006112,16.768963396090264,2025-04-04,29.0
6.41199999999744,16.02339731493294,2025-04-04,30.0
30.80000000000291,20.755420207077297,2025-04-04,31.0
27.01600000000326,28.888925161546744,2025-04-04,32.0
12.1099999999953,9.160397674892568,2025-04-04,33.0
21.531999999999243,14.874718170543154,2025-04-04,34.0
12.4109999999966,16.926667847619022,2025-04-04,35.0
9.19999999999709,9.167176189395063,2025-04-04,36.0
42.2879999999958,25.08959634871941,2025-04-04,37.0
14.1100000000011,8.565347607143936,2025-04-04,38.0
10.3600000000006,15.087728531172537,2025-04-04,39.0
6.0679999999993015,13.96234393399703,2025-04-05,1.0
14.9428000000031,24.675916380663924,2025-04-05,2.0
10.9520000000048,21.909875935889637,2025-04-05,3.0
42.39999999999418,41.45761065777792,2025-04-05,4.0
4.4799999999959255,13.953368974603046,2025-04-05,5.0
19.93999999999505,35.63234677936509,2025-04-05,6.0
18.6119999999945,25.368506840028456,2025-04-05,7.0
25.599999999998545,21.07619229502916,2025-04-05,8.0
18.720000000001164,22.360127844412414,2025-04-05,9.0
24.512000000002445,20.936839107727774,2025-04-05,10.0
12.383999999998196,21.55042133967906,2025-04-05,11.0
4.69999999999709,10.193893923809574,2025-04-05,12.0
18.77199999999721,17.885075665565466,2025-04-05,13.0
20.080000000001743,26.125346505248455,2025-04-05,14.0
17.2579999999981,24.639786807861334,2025-04-05,15.0
35.90799999999581,31.48590721428577,2025-04-05,16.0
5.069999999999709,8.24294708253933,2025-04-05,17.0
20.252000000000407,11.091291357974681,2025-04-05,18.0
14.599999999998545,10.673933358616566,2025-04-05,19.0
17.720000000001164,10.216917860202248,2025-04-05,20.0
27.520000000004075,24.76309029269826,2025-04-05,21.0
5.299999999995634,11.708417017316027,2025-04-05,22.0
11.0480000000025,18.632334524444452,2025-04-05,23.0
10.747999999999593,21.636940336336,2025-04-05,24.0
8.271999999997206,17.30597523988682,2025-04-05,25.0
16.0199999999968,12.486310518325388,2025-04-05,26.0
8.91099999999662,12.97497123483939,2025-04-05,27.0
17.427999999999884,15.226491190476173,2025-04-05,28.0
21.5109999999952,18.81491629390542,2025-04-05,29.0
8.599999999998545,11.47750841911041,2025-04-05,30.0
23.919999999998254,22.002127746935138,2025-04-05,31.0
25.2079999999987,28.347290426666707,2025-04-05,32.0
7.747999999999592,11.274049129100133,2025-04-05,33.0
8.172000000005937,14.164663957255073,2025-04-05,34.0
14.260000000002035,17.698428435828472,2025-04-05,35.0
8.495999999999185,10.354662294315899,2025-04-05,36.0
14.232000000003609,26.81620039131847,2025-04-05,37.0
10.569999999999707,9.802122142227397,2025-04-05,38.0
9.788000000000466,15.027904507492213,2025-04-05,39.0
7.19999999999709,14.153651749206379,2025-04-06,1.0
19.61600000000908,22.73557724448147,2025-04-06,2.0
17.327999999994063,20.440629914285925,2025-04-06,3.0
32.04800000000978,38.89156743652833,2025-04-06,4.0
6.459999999999127,12.211552533333005,2025-04-06,5.0
48.16000000000349,36.39730000317442,2025-04-06,6.0
24.760000000009317,24.623365399907986,2025-04-06,7.0
20.69999999999709,24.122165400585658,2025-04-06,8.0
25.66000000000349,19.90386078462354,2025-04-06,9.0
19.6119999999945,19.116337822194694,2025-04-06,10.0
17.987999999997555,20.35065763841845,2025-04-06,11.0
4.82800000000011,9.256595171428735,2025-04-06,12.0
18.280000000006112,14.67594267952432,2025-04-06,13.0
22.16000000000349,25.2526229339732,2025-04-06,14.0
23.0,26.044754438223404,2025-04-06,15.0
27.099999999998545,29.813551596502876,2025-04-06,16.0
1.3100000000013097,4.73921582626276,2025-04-06,17.0
14.680000000000293,9.458915520634871,2025-04-06,18.0
11.1100000000011,10.433146392921223,2025-04-06,19.0
13.880000000004657,8.97784216028377,2025-04-06,20.0
24.487999999997555,23.892954832141246,2025-04-06,21.0
3.72800000000524,8.449717352702665,2025-04-06,22.0
12.331999999994878,17.167387569360006,2025-04-06,23.0
5.7479999999995925,19.026984512814842,2025-04-06,24.0
14.200000000004366,14.523000616307261,2025-04-06,25.0
11.3799999999974,12.98208972894062,2025-04-06,26.0
13.639999999999418,17.020430026130132,2025-04-06,27.0
12.731999999996331,10.752871248209665,2025-04-06,28.0
20.048000000002503,17.32185510576522,2025-04-06,29.0
0.210999999999525,10.650357699044344,2025-04-06,30.0
26.4280000000023,21.911902752576044,2025-04-06,31.0
27.3109999999908,29.293399125994345,2025-04-06,32.0
11.2109999999995,8.625973555555607,2025-04-06,33.0
18.0,16.65638201160281,2025-04-06,34.0
21.5,17.41927089523808,2025-04-06,35.0
16.3109999999981,8.786255483673765,2025-04-06,36.0
21.79200000000128,28.03764722961042,2025-04-06,37.0
3.2299999999995634,8.600835451760558,2025-04-06,38.0
12.067999999999302,16.53417760304582,2025-04-06,39.0
10.148000000001048,16.719966378499393,2025-04-07,1.0
8.751999999993131,24.157438325490126,2025-04-07,2.0
12.200000000004366,19.880328262857127,2025-04-07,3.0
35.58399999998801,35.07966161360038,2025-04-07,4.0
3.52800000000087,13.01483073650789,2025-04-07,5.0
22.639999999999414,29.746220349206357,2025-04-07,6.0
17.823999999993248,25.558435640863234,2025-04-07,7.0
24.460000000006403,21.21561884698401,2025-04-07,8.0
19.731999999996333,19.096603265176224,2025-04-07,9.0
16.6280000000067,19.071307123686275,2025-04-07,10.0
12.332000000002154,18.070778678095245,2025-04-07,11.0
4.680000000000291,9.548399047619034,2025-04-07,12.0
12.307999999997264,16.390513866930096,2025-04-07,13.0
26.687999999994645,25.863149166043836,2025-04-07,14.0
20.4280000000023,24.179903332319995,2025-04-07,15.0
35.2800000000011,28.60560133714278,2025-04-07,16.0
1.2900000000008731,6.51703674285701,2025-04-07,17.0
10.0,12.182502910937687,2025-04-07,18.0
7.09000000000011,11.200722108710949,2025-04-07,19.0
10.839999999996508,10.248803583945792,2025-04-07,20.0
22.62000000000262,25.778636293947493,2025-04-07,21.0
7.239999999997963,8.474274171428528,2025-04-07,22.0
24.61200000000099,17.104424158729962,2025-04-07,23.0
13.1199999999962,18.49807384729323,2025-04-07,24.0
21.94799999999668,13.242692669757709,2025-04-07,25.0
10.760000000002,13.284713857074003,2025-04-07,26.0
9.52000000000287,19.61449164634943,2025-04-07,27.0
7.52800000000087,10.751394064872644,2025-04-07,28.0
23.12000000000262,17.524583765632084,2025-04-07,29.0
20.788000000000466,9.867237625396735,2025-04-07,30.0
11.8000000000029,20.67420401929018,2025-04-07,31.0
31.0880000000025,29.072017825886356,2025-04-07,32.0
16.260000000002037,10.07100970210954,2025-04-07,33.0
16.20799999999872,13.251458547775371,2025-04-07,34.0
11.4599999999991,15.417669092297226,2025-04-07,35.0
9.79200000000128,9.427228817576744,2025-04-07,36.0
26.047999999995227,26.03571596379176,2025-04-07,37.0
18.67000000000189,9.920196852133909,2025-04-07,38.0
11.3919999999998,13.797465521244405,2025-04-07,39.0
5.90280000000227,13.934191260380496,2025-04-08,1.0
26.07200000000012,22.734524082091525,2025-04-08,2.0
11.9000000000011,19.11198809917104,2025-04-08,3.0
33.64800000000105,38.370131516634636,2025-04-08,4.0
3.268000000003667,14.618398838095262,2025-04-08,5.0
22.26000000000204,34.456973392960286,2025-04-08,6.0
18.528000000005704,24.724990936593674,2025-04-08,7.0
16.127999999996973,22.098001930391007,2025-04-08,8.0
16.80000000000291,21.290917542129495,2025-04-08,9.0
14.10399999999936,20.155891359514218,2025-04-08,10.0
13.495999999999183,16.946647709878565,2025-04-08,11.0
5.139999999999418,8.64206295786458,2025-04-08,12.0
18.731999999996333,18.145575295238196,2025-04-08,13.0
25.9120000000039,24.7569768411098,2025-04-08,14.0
13.391999999999824,25.89445080519269,2025-04-08,15.0
22.2800000000011,28.568635346686822,2025-04-08,16.0
1.2299999999995634,5.44229087705635,2025-04-08,17.0
13.788000000000466,13.288189743535064,2025-04-08,18.0
3.97000000000106,9.29499428364759,2025-04-08,19.0
12.309999999997672,10.187995425981757,2025-04-08,20.0
29.4109999999966,24.116360398634125,2025-04-08,21.0
7.271999999997206,8.802096663492327,2025-04-08,22.0
11.9880000000048,17.19919701512277,2025-04-08,23.0
16.052000000003318,18.686689663654626,2025-04-08,24.0
12.819999999999707,13.388272671012196,2025-04-08,25.0
13.8280000000038,14.052449001060632,2025-04-08,26.0
9.659999999996217,19.402597810858826,2025-04-08,27.0
10.9919999999984,13.933043508963893,2025-04-08,28.0
22.1099999999953,17.069898958459117,2025-04-08,29.0
0.0,13.358757942857007,2025-04-08,30.0
27.95999999999185,21.701560674173518,2025-04-08,31.0
41.336000000010245,27.150319082397555,2025-04-08,32.0
7.419999999998254,8.684837291775562,2025-04-08,33.0
10.260000000002,16.704389244172813,2025-04-08,34.0
12.608000000000176,16.43392983351285,2025-04-08,35.0
10.0,8.80476945536191,2025-04-08,36.0
25.528000000005704,28.104060155502943,2025-04-08,37.0
9.599999999998545,9.351676761137073,2025-04-08,38.0
16.7280000000052,13.469914514685783,2025-04-08,39.0
17.647999999993772,11.753698553956966,2025-04-09,1.0
30.54399999999441,18.53180557714238,2025-04-09,2.0
26.971999999994296,17.27633574285732,2025-04-09,3.0
47.9428000000031,38.32932743682571,2025-04-09,4.0
9.18399999999383,11.939360346031535,2025-04-09,5.0
42.187999999994645,33.37853158724914,2025-04-09,6.0
26.97599999999511,22.129256586139082,2025-04-09,7.0
27.023999999997613,22.247106012698314,2025-04-09,8.0
11.7200000000012,20.436306826152556,2025-04-09,9.0
17.70799999999872,20.201163268275863,2025-04-09,10.0
20.959999999999127,15.710699176399906,2025-04-09,11.0
8.710000000002765,6.408859482539577,2025-04-09,12.0
18.812000000005355,17.874258734603206,2025-04-09,13.0
28.720000000001164,22.48611012677126,2025-04-09,14.0
37.52799999999843,27.03362320478044,2025-04-09,15.0
26.927999999999884,29.414496963170524,2025-04-09,16.0
6.790000000000873,4.218744406349127,2025-04-09,17.0
4.19199999999546,13.704559135083635,2025-04-09,18.0
9.37999999999738,10.865748100932379,2025-04-09,19.0
9.459999999999129,11.376488537188614,2025-04-09,20.0
23.17599999999948,24.49090539593736,2025-04-09,21.0
2.736000000004424,7.765717584126986,2025-04-09,22.0
21.799999999995634,17.897020914285715,2025-04-09,23.0
10.9800000000032,15.232141471168925,2025-04-09,24.0
14.419999999998254,14.49504799033406,2025-04-09,25.0
14.19999999999709,15.406456216442448,2025-04-09,26.0
14.972000000001572,18.518065151111124,2025-04-09,27.0
9.319999999999707,11.815341934203962,2025-04-09,28.0
22.652000000001863,19.106126624838247,2025-04-09,29.0
21.73200000000361,12.30781980524316,2025-04-09,30.0
31.9428000000031,22.982682020872012,2025-04-09,31.0
27.919999999998254,27.827960750501077,2025-04-09,32.0
19.360000000000586,10.93433016015012,2025-04-09,33.0
7.41099999999662,17.1167361095305,2025-04-09,34.0
17.61200000000099,17.067147346031774,2025-04-09,35.0
20.736000000004424,9.016599051703444,2025-04-09,36.0
28.687999999994645,28.20113604678615,2025-04-09,37.0
7.7280000000016,10.022938324648763,2025-04-09,38.0
10.4599999999991,12.4941089243801,2025-04-09,39.0
5.9120000000039,9.921286698266218,2025-04-10,1.0
11.416000000012,20.206331771349934,2025-04-10,2.0
11.2160000000003,17.850001092063547,2025-04-10,3.0
54.1359999999986,34.31946499568059,2025-04-10,4.0
3.89600000000064,10.807834142741488,2025-04-10,5.0
45.200000000004366,30.89317148695002,2025-04-10,6.0
29.888000000006286,19.529639766302683,2025-04-10,7.0
19.88799999999901,20.44350059047611,2025-04-10,8.0
22.455999999998312,19.16346041446191,2025-04-10,9.0
12.599999999998545,18.140171169219066,2025-04-10,10.0
18.080000000001743,17.43182385396829,2025-04-10,11.0
7.25000000000011,6.226473180952281,2025-04-10,12.0
12.319999999999707,18.729356573898723,2025-04-10,13.0
28.32800000000134,21.227465809569207,2025-04-10,14.0
18.872000000003027,19.349645044883054,2025-04-10,15.0
43.2800000000011,30.517582156314226,2025-04-10,16.0
1.9099999999998545,4.343071960173159,2025-04-10,17.0
7.272000000004482,13.827125031793127,2025-04-10,18.0
10.639999999999418,11.266248292518496,2025-04-10,19.0
9.35000000000582,11.554538968316345,2025-04-10,20.0
25.77200000000448,26.186911976832473,2025-04-10,21.0
2.639999999999418,6.863996295238122,2025-04-10,22.0
24.10800000000017,16.781495600000046,2025-04-10,23.0
21.5399999999936,17.515145528775232,2025-04-10,24.0
18.50800000000163,13.997428901948446,2025-04-10,25.0
9.099999999998545,12.740090423693434,2025-04-10,26.0
8.775999999998021,17.47320371532951,2025-04-10,27.0
17.068000000006577,10.262754850119455,2025-04-10,28.0
22.580000000001743,21.1203229365883,2025-04-10,29.0
10.0280000000009,9.317834470130073,2025-04-10,30.0
8.99199999999837,24.4413014063457,2025-04-10,31.0
36.23999999999069,28.946851451237123,2025-04-10,32.0
6.588000000003376,11.191986635652656,2025-04-10,33.0
24.927999999999884,17.147281186748433,2025-04-10,34.0
18.020000000004075,14.709759165079431,2025-04-10,35.0
9.839999999996508,10.956354950230303,2025-04-10,36.0
18.568000000013853,25.665595819202004,2025-04-10,37.0
10.459999999999129,10.130652843347683,2025-04-10,38.0
13.0,13.534869656818248,2025-04-10,39.0
5.360000000000582,13.211618709680888,2025-04-11,1.0
14.7439999999911,21.616362194378198,2025-04-11,2.0
11.9200000000055,18.138587170158576,2025-04-11,3.0
52.61600000000908,37.63979853323278,2025-04-11,4.0
8.4120000000039,13.681973374602999,2025-04-11,5.0
14.102000000001,33.255058903575225,2025-04-11,6.0
11.2879999999958,22.93015262476215,2025-04-11,7.0
28.96800000000076,23.496662997182074,2025-04-11,8.0
8.19999999999709,17.533213129389775,2025-04-11,9.0
21.70799999999872,18.79253096893863,2025-04-11,10.0
11.8919999999998,18.159358628571546,2025-04-11,11.0
8.049999999999272,7.902158638095314,2025-04-11,12.0
8.680000000000291,17.285855968027576,2025-04-11,13.0
28.351999999998952,24.42043028497231,2025-04-11,14.0
24.419999999998254,24.829234466702367,2025-04-11,15.0
23.102000000001,28.316402615151638,2025-04-11,16.0
1.2900000000008731,6.525011780952239,2025-04-11,17.0
5.695999999996275,14.99557439133908,2025-04-11,18.0
9.4900000000016,10.743078252956762,2025-04-11,19.0
11.3099999999977,11.954751789182765,2025-04-11,20.0
31.839999999996508,27.704848078235184,2025-04-11,21.0
1.6120000000009895,5.184451015872897,2025-04-11,22.0
13.9120000000039,20.702649729015366,2025-04-11,23.0
10.4800000000032,15.840758518932557,2025-04-11,24.0
20.10399999999936,14.14760490254748,2025-04-11,25.0
16.17199999999866,13.360532274449882,2025-04-11,26.0
9.81099999999808,16.95034974847751,2025-04-11,27.0
18.57999999999447,11.109179889403126,2025-04-11,28.0
20.75999999999476,21.977747456577497,2025-04-11,29.0
0.0,14.562852455555397,2025-04-11,30.0
35.36000000000058,27.3048631228973,2025-04-11,31.0
31.960000000006403,31.72677459301609,2025-04-11,32.0
24.223999999994703,12.797506809954484,2025-04-11,33.0
17.2500000000038,14.80676147227753,2025-04-11,34.0
10.5,16.840408458684866,2025-04-11,35.0
8.959999999999127,13.55038840866138,2025-04-11,36.0
22.16799999999057,27.791821624085816,2025-04-11,37.0
16.56999999999971,9.709277337711457,2025-04-11,38.0
12.580000000001746,11.268708266304431,2025-04-11,39.0
10.7079999999987,11.980802257793156,2025-04-12,1.0
17.83200000000943,20.084673489734072,2025-04-12,2.0
19.919999999998254,17.398202565079462,2025-04-12,3.0
37.36799999998766,41.585595890610335,2025-04-12,4.0
7.680000000000291,12.025116326984056,2025-04-12,5.0
39.52799999999843,36.25916866598248,2025-04-12,6.0
21.39199999999255,25.04269072634804,2025-04-12,7.0
17.78399999999965,24.221075448186554,2025-04-12,8.0
31.49199999999837,19.853253853875042,2025-04-12,9.0
17.9028000000023,19.24199051471308,2025-04-12,10.0
12.860000000000582,16.421188851428504,2025-04-12,11.0
10.459999999999129,7.384526111111179,2025-04-12,12.0
24.09599999999773,15.823978153650884,2025-04-12,13.0
24.288000000000466,25.527286121405872,2025-04-12,14.0
25.919999999998254,21.009938924728534,2025-04-12,15.0
24.0,31.468698053558004,2025-04-12,16.0
9.2599999999984,5.080643136508042,2025-04-12,17.0
20.10399999999936,11.457168209385355,2025-04-12,18.0
13.180000000000293,11.029746645391603,2025-04-12,19.0
17.0199999999968,11.884682748853146,2025-04-12,20.0
23.4120000000039,25.714498943467227,2025-04-12,21.0
6.10999999999525,4.873760801904756,2025-04-12,22.0
26.39999999999418,18.06962098871468,2025-04-12,23.0
7.139999999999418,15.823780537388997,2025-04-12,24.0
12.488000000004831,14.561481611114544,2025-04-12,25.0
10.5280000000057,13.74331659584784,2025-04-12,26.0
16.0,17.603898268097392,2025-04-12,27.0
14.880000000004657,14.835579333215065,2025-04-12,28.0
20.68800000000192,23.30607294149422,2025-04-12,29.0
1.9599999999991269,12.734464305871247,2025-04-12,30.0
25.00800000000163,21.52419468837391,2025-04-12,31.0
29.55199999999604,31.637513330140603,2025-04-12,32.0
8.427999999999884,10.02046018512181,2025-04-12,33.0
12.291999999994005,16.45410501939579,2025-04-12,34.0
18.0199999999968,13.756550830094804,2025-04-12,35.0
8.092000000004191,12.94132643316445,2025-04-12,36.0
27.36800000000221,22.71308765068392,2025-04-12,37.0
9.169999999998254,10.314043982549128,2025-04-12,38.0
16.02799999999843,12.528556502142633,2025-04-12,39.0
5.239999999997963,10.340850253528778,2025-04-13,1.0
8.543999999994412,20.434495382621204,2025-04-13,2.0
16.4320000000007,19.668617363383202,2025-04-13,3.0
47.8628000000014,37.110475107798386,2025-04-13,4.0
7.41099999999662,12.312806384126633,2025-04-13,5.0
45.5428000000017,30.45271155018113,2025-04-13,6.0
20.80000000000291,22.646721963809327,2025-04-13,7.0
25.728000000002798,26.524335633929574,2025-04-13,8.0
22.92000000000553,19.75323613681708,2025-04-13,9.0
25.4280000000023,18.796620727619015,2025-04-13,10.0
14.160000000003492,18.70532842857158,2025-04-13,11.0
9.479999999999563,6.731678320634686,2025-04-13,12.0
16.23200000000361,19.174100121212053,2025-04-13,13.0
27.5,28.068173658109018,2025-04-13,14.0
32.74799999999959,23.204041113763083,2025-04-13,15.0
39.1119999999946,28.825754608253852,2025-04-13,16.0
12.659999999999854,4.0921304190475984,2025-04-13,17.0
11.8680000000022,9.114000803174871,2025-04-13,18.0
6.849999999998545,10.54907277945408,2025-04-13,19.0
10.160000000003492,11.068925193764892,2025-04-13,20.0
27.507999999994357,29.30611382162492,2025-04-13,21.0
1.0279999999984284,3.8304494666668423,2025-04-13,22.0
19.952000000004773,20.543759430946125,2025-04-13,23.0
10.160000000003492,14.87245624842485,2025-04-13,24.0
11.9399999999951,18.166060904819727,2025-04-13,25.0
13.88799999999901,12.312984736238539,2025-04-13,26.0
8.97200000000117,17.577633761327753,2025-04-13,27.0
7.847999999998137,13.304056752195978,2025-04-13,28.0
19.951999999997497,22.294432030358657,2025-04-13,29.0
14.5879999999961,7.950286951595743,2025-04-13,30.0
27.9428000000031,25.35504023978207,2025-04-13,31.0
25.8228000000078,30.72968558292567,2025-04-13,32.0
7.532000000006519,13.167662636868371,2025-04-13,33.0
8.868000000002212,19.20318145714282,2025-04-13,34.0
7.80000000000291,18.047442576190434,2025-04-13,35.0
14.5879999999961,11.248300717023687,2025-04-13,36.0
36.19999999999709,24.255149377825862,2025-04-13,37.0
9.850000000002185,9.522860714285773,2025-04-13,38.0
13.0,12.471503036151141,2025-04-13,39.0
13.988000000004831,10.584341097624119,2025-04-14,1.0
23.80000000000291,21.416993047521732,2025-04-14,2.0
23.07999999999447,21.37144303636078,2025-04-14,3.0
38.2628000000101,43.34296866081091,2025-04-14,4.0
13.455999999998312,11.328154863491728,2025-04-14,5.0
38.23999999999796,30.028182768888943,2025-04-14,6.0
29.1828000000084,24.416688178645227,2025-04-14,7.0
11.9000000000011,24.05671019682524,2025-04-14,8.0
19.860000000000586,20.098065882478256,2025-04-14,9.0
24.14799999999377,19.577036303233285,2025-04-14,10.0
18.479999999995925,20.206601216508133,2025-04-14,11.0
10.6000000000022,8.23490250476192,2025-04-14,12.0
22.239999999997963,20.667671453391133,2025-04-14,13.0
28.69199999999546,26.15917373340339,2025-04-14,14.0
45.182800000001,24.647966964953294,2025-04-14,15.0
21.38799999999901,29.57438823809521,2025-04-14,16.0
1.4399999999986903,6.696784457142618,2025-04-14,17.0
12.459999999999129,9.810385000945363,2025-04-14,18.0
27.470000000001164,10.727904933813981,2025-04-14,19.0
11.6500000000011,11.921014801826294,2025-04-14,20.0
31.61200000000099,24.35821943098695,2025-04-14,21.0
3.812000000005355,6.36245069841262,2025-04-14,22.0
36.42799999999989,17.464438529703788,2025-04-14,23.0
19.007999999994357,15.542837778767463,2025-04-14,24.0
21.29200000000128,19.016364862914944,2025-04-14,25.0
3.71099999999953,13.61525918722199,2025-04-14,26.0
3.868000000002212,17.292095865329713,2025-04-14,27.0
18.2539999999973,13.154353323095618,2025-04-14,28.0
19.47200000000157,24.06902691557454,2025-04-14,29.0
19.639999999999414,10.71275095757601,2025-04-14,30.0
18.127999999996973,22.911832274700608,2025-04-14,31.0
31.231999999989057,35.59466007111109,2025-04-14,32.0
13.227999999995518,13.364257887851748,2025-04-14,33.0
23.2109999999995,19.51927777633491,2025-04-14,34.0
24.39999999999418,18.22723609203161,2025-04-14,35.0
8.252000000000407,11.580363303383399,2025-04-14,36.0
38.17600000000675,24.939675156488295,2025-04-14,37.0
16.739999999997963,11.806286531985775,2025-04-14,38.0
10.2539999999973,13.404698676403747,2025-04-14,39.0
4.91099999999662,8.955269404040463,2025-04-15,1.0
14.679999999993017,19.558816023363416,2025-04-15,2.0
28.10000000000582,19.900838199422815,2025-04-15,3.0
36.55199999999604,42.507327849396304,2025-04-15,4.0
10.272000000004482,14.257813536507738,2025-04-15,5.0
37.45599999999831,28.21635218313345,2025-04-15,6.0
20.239999999990687,18.64577535220592,2025-04-15,7.0
12.29200000000128,23.90827840544559,2025-04-15,8.0
19.752000000000407,20.744793420761813,2025-04-15,9.0
11.4520000000048,18.70353986401298,2025-04-15,10.0
21.70000000000437,18.11040760952408,2025-04-15,11.0
10.539999999997235,9.154914263491987,2025-04-15,12.0
16.720000000001164,18.862821501010135,2025-04-15,13.0
31.616000000001804,26.108869681254465,2025-04-15,14.0
23.307999999997264,26.776184828470587,2025-04-15,15.0
24.62000000000262,28.90148028571437,2025-04-15,16.0
1.02800000000087,7.304777701587049,2025-04-15,17.0
12.832000000002154,9.314263107855341,2025-04-15,18.0
8.180000000000291,10.221333037460234,2025-04-15,19.0
10.2599999999985,10.83080009003101,2025-04-15,20.0
28.2880000000031,26.484217001273013,2025-04-15,21.0
21.1256192960831,4.221829139682644,2025-04-15,22.0
22.299999999995634,18.57438303452081,2025-04-15,23.0
18.312000000005355,15.089967344341028,2025-04-15,24.0
19.268000000003667,16.465652002597423,2025-04-15,25.0
14.68800000000192,13.557756579917594,2025-04-15,26.0
4.012000000002445,17.610471925714396,2025-04-15,27.0
18.747999999999596,13.127731929365096,2025-04-15,28.0
21.76000000000204,21.10080240223289,2025-04-15,29.0
6.82800000000378,10.993542624628576,2025-04-15,30.0
19.736000000004424,24.99807333479592,2025-04-15,31.0
28.5028000000008,31.01277218676385,2025-04-15,32.0
16.2500000000038,12.923338579568366,2025-04-15,33.0
25.228000000002798,16.87851612767753,2025-04-15,34.0
10.0320000000065,14.341737652380784,2025-04-15,35.0
6.30800000000454,11.386479572525182,2025-04-15,36.0
16.5828000000026,26.71457106329639,2025-04-15,37.0
13.2500000000001,11.447448383669146,2025-04-15,38.0
9.108000000000176,12.766666658717913,2025-04-15,39.0
14.9000000000011,11.489761398610293,2025-04-16,1.0
33.4628000000072,18.63760336501655,2025-04-16,2.0
19.8109999999981,18.39773140749568,2025-04-16,3.0
30.75999999999476,42.88168891188459,2025-04-16,4.0
9.919999999998254,13.602878152381045,2025-04-16,5.0
32.46399999999994,33.95662829904772,2025-04-16,6.0
25.2280000000052,22.548079936507847,2025-04-16,7.0
13.1199999999962,21.5275650063493,2025-04-16,8.0
19.855999999999767,19.45884222658799,2025-04-16,9.0
31.4119999999974,18.204485003808124,2025-04-16,10.0
23.02799999999843,19.00277946031733,2025-04-16,11.0
9.010000000002035,11.210461736507865,2025-04-16,12.0
17.7109999999995,19.089917521116313,2025-04-16,13.0
30.9428000000031,26.62620552255731,2025-04-16,14.0
23.172000000005937,32.3792568129609,2025-04-16,15.0
36.47200000000157,30.946739450740925,2025-04-16,16.0
13.200000000000728,5.899202780952165,2025-04-16,17.0
19.127999999996973,10.589916107991073,2025-04-16,18.0
11.0299999999988,17.176076374823566,2025-04-16,19.0
6.28999999999622,11.746851510933883,2025-04-16,20.0
25.512000000002445,28.79271741453544,2025-04-16,21.0
8.459999999999127,5.196024154285604,2025-04-16,22.0
39.608000000000175,20.35245172170712,2025-04-16,23.0
17.69999999999709,15.812309053737545,2025-04-16,24.0
18.25199999999313,16.101731542857237,2025-04-16,25.0
10.703999999997905,11.000534760230682,2025-04-16,26.0
16.255999999993946,18.307903530447287,2025-04-16,27.0
24.46800000000076,14.788237348084483,2025-04-16,28.0
11.4680000000008,21.15390012027104,2025-04-16,29.0
6.41099999999662,15.435709213310872,2025-04-16,30.0
29.903999999994998,26.455327007831592,2025-04-16,31.0
22.21600000000035,32.86810200952358,2025-04-16,32.0
19.367999999994936,13.530595141640077,2025-04-16,33.0
7.027999999998428,18.49548897777778,2025-04-16,34.0
24.055999999996857,16.542858073015907,2025-04-16,35.0
11.4919999999984,11.639376310922637,2025-04-16,36.0
33.655999999988126,30.906169438640145,2025-04-16,37.0
20.700000000000728,11.769085520800058,2025-04-16,38.0
14.80000000000291,13.212809853589242,2025-04-16,39.0
17.419999999998254,10.66377705476411,2025-04-17,1.0
23.703999999997905,19.734593669810714,2025-04-17,2.0
14.4280000000023,23.71475364729869,2025-04-17,3.0
14.20799999999872,45.5476243003544,2025-04-17,4.0
14.631999999997788,10.100099174603287,2025-04-17,5.0
44.96800000000076,33.8568194024669,2025-04-17,6.0
16.551999999996042,21.26732721677017,2025-04-17,7.0
10.7360000000044,19.700844464880923,2025-04-17,8.0
25.5109999999952,23.341162167845457,2025-04-17,9.0
10.472000000001572,22.819877196449,2025-04-17,10.0
19.031999999999243,17.68354517197507,2025-04-17,11.0
10.489999999998,9.168835194284258,2025-04-17,12.0
25.44799999999668,18.595957142857078,2025-04-17,13.0
21.735999999997148,27.686303742331166,2025-04-17,14.0
14.647999999993772,29.469975197460382,2025-04-17,15.0
28.8119999999989,29.83247419746046,2025-04-17,16.0
1.430000000000291,5.747545930158859,2025-04-17,17.0
10.1399999999994,11.317128720784005,2025-04-17,18.0
20.75,12.426444096365255,2025-04-17,19.0
9.49000000000524,11.411417762840244,2025-04-17,20.0
27.88799999999901,27.096368754494637,2025-04-17,21.0
10.720000000001164,10.610155593650338,2025-04-17,22.0
16.531999999999243,23.744059991026717,2025-04-17,23.0
20.87999999999738,17.330475139718327,2025-04-17,24.0
20.2580000000054,17.794752420037252,2025-04-17,25.0
13.167999999997846,12.349931673013504,2025-04-17,26.0
7.952000000004773,11.560977218998357,2025-04-17,27.0
6.572000000000116,16.13204274509486,2025-04-17,28.0
9.572000000000116,20.39518502296477,2025-04-17,29.0
2.292000000001281,15.188439107936562,2025-04-17,30.0
41.19999999999709,23.562727188390877,2025-04-17,31.0
23.04800000000978,31.96752157451269,2025-04-17,32.0
18.312000000005355,13.155026425129888,2025-04-17,33.0
22.959999999999127,18.666587257142787,2025-04-17,34.0
18.12000000000262,16.001224777777733,2025-04-17,35.0
13.148000000001048,10.470575098338616,2025-04-17,36.0
22.560000000012224,27.615602552328845,2025-04-17,37.0
10.290000000000871,12.002553647916828,2025-04-17,38.0
12.419999999998254,12.117030474112783,2025-04-17,39.0
5.631999999997788,9.68519058008652,2025-04-18,1.0
31.39999999999418,16.524262117979433,2025-04-18,2.0
14.439999999995052,20.105430310400994,2025-04-18,3.0
10.3828000000055,35.09514303446381,2025-04-18,4.0
7.468000000000757,10.837037438095233,2025-04-18,5.0
31.580000000001743,34.36504411216046,2025-04-18,6.0
23.680000000007567,21.011899929436225,2025-04-18,7.0
23.743999999998778,16.796898094565254,2025-04-18,8.0
16.0,19.954091163534464,2025-04-18,9.0
20.60800000000017,20.387974498768212,2025-04-18,10.0
18.047999999995227,16.605506182076468,2025-04-18,11.0
9.510000000002035,9.562212704238423,2025-04-18,12.0
23.81999999999971,17.935163295237867,2025-04-18,13.0
27.47200000000157,22.749140888971382,2025-04-18,14.0
23.00800000000163,21.698665590233237,2025-04-18,15.0
26.97200000000157,26.162004219671132,2025-04-18,16.0
1.1499999999978172,7.768884073015666,2025-04-18,17.0
6.188000000001921,12.545435417691774,2025-04-18,18.0
9.52800000000087,11.953634050011775,2025-04-18,19.0
8.519999999996799,10.76792468123607,2025-04-18,20.0
25.1999999999971,22.036335805698823,2025-04-18,21.0
23.2003851443076,7.953873519364939,2025-04-18,22.0
23.372000000003027,22.540876425636974,2025-04-18,23.0
31.81999999999971,17.95589794784908,2025-04-18,24.0
18.87999999999738,16.314433028501526,2025-04-18,25.0
20.00800000000163,11.04483442256453,2025-04-18,26.0
13.67199999999866,12.181305445501904,2025-04-18,27.0
5.788000000000466,15.808974729725929,2025-04-18,28.0
20.87999999999738,19.678321834741254,2025-04-18,29.0
3.72000000000106,9.0219678332702,2025-04-18,30.0
17.271999999997206,21.807229288247655,2025-04-18,31.0
25.0479999999952,27.165038869206434,2025-04-18,32.0
12.0280000000009,12.777158483590684,2025-04-18,33.0
18.192000000002736,17.05378519105344,2025-04-18,34.0
10.5199999999968,18.106499631308704,2025-04-18,35.0
8.543999999994412,9.763173583673106,2025-04-18,36.0
24.95999999999185,26.324766714753288,2025-04-18,37.0
9.139999999999418,12.772450039175935,2025-04-18,38.0
14.139999999999418,11.64700695326267,2025-04-18,39.0
6.0680000000065775,14.070022932063372,2025-04-19,1.0
10.8559999999998,22.686546183415523,2025-04-19,2.0
13.200000000004366,21.219783413285253,2025-04-19,3.0
10.20799999999872,35.58930881464881,2025-04-19,4.0
4.22800000000524,10.394966109034478,2025-04-19,5.0
31.87999999999738,36.29044038620492,2025-04-19,6.0
20.4119999999974,21.847201254700003,2025-04-19,7.0
22.77599999999802,16.025838833073717,2025-04-19,8.0
18.67199999999866,23.242440017499426,2025-04-19,9.0
24.79200000000128,19.611576907775998,2025-04-19,10.0
11.2280000000052,17.37879692154437,2025-04-19,11.0
10.2199999999975,10.00700701843148,2025-04-19,12.0
16.4800000000032,20.19099393248903,2025-04-19,13.0
22.832000000002157,24.6661572315207,2025-04-19,14.0
17.192000000002736,25.327704368429224,2025-04-19,15.0
13.027999999998428,25.514998563758326,2025-04-19,16.0
6.630000000001019,7.899121352380669,2025-04-19,17.0
12.29200000000128,12.087693125942952,2025-04-19,18.0
16.209999999999127,14.620791628579198,2025-04-19,19.0
12.62800000000425,10.22539120388773,2025-04-19,20.0
21.27200000000448,26.14072970782648,2025-04-19,21.0
21.8129390625977,9.584147752380941,2025-04-19,22.0
17.495999999999185,24.43154749203126,2025-04-19,23.0
20.27200000000448,17.190538084160256,2025-04-19,24.0
19.531999999999243,16.9987181288981,2025-04-19,25.0
3.131999999997788,11.710475366112346,2025-04-19,26.0
11.2800000000011,12.776006524419365,2025-04-19,27.0
7.14280000000023,17.791587986798707,2025-04-19,28.0
20.82800000000134,16.77897812207044,2025-04-19,29.0
0.8000000000029104,12.595751525714201,2025-04-19,30.0
32.20800000001327,26.428885375605795,2025-04-19,31.0
23.351999999998952,26.237587501332325,2025-04-19,32.0
10.5109999999952,15.176770002890567,2025-04-19,33.0
4.11999999999622,18.14265602589923,2025-04-19,34.0
12.8628000000014,18.030394927565244,2025-04-19,35.0
8.848000000005413,9.830499088861652,2025-04-19,36.0
20.639999999999414,26.312481916783614,2025-04-19,37.0
10.0699999999997,14.27365630449187,2025-04-19,38.0
13.4800000000032,11.284532941957888,2025-04-19,39.0
5.099999999998545,16.60735741616153,2025-04-20,1.0
9.423999999999069,22.53483369659955,2025-04-20,2.0
17.927999999999884,22.9045561321601,2025-04-20,3.0
9.10280000000664,30.061671420000057,2025-04-20,4.0
3.5720000000001164,11.563373616495342,2025-04-20,5.0
32.73200000000361,35.13796196311285,2025-04-20,6.0
26.67999999999301,24.34332867693082,2025-04-20,7.0
16.023999999997613,17.65060999787307,2025-04-20,8.0
11.3600000000006,21.63159845437669,2025-04-20,9.0
16.19199999999546,20.209002595857516,2025-04-20,10.0
12.29200000000128,23.827228928171895,2025-04-20,11.0
6.200000000000728,10.647760361027375,2025-04-20,12.0
10.9199999999983,20.290222040853315,2025-04-20,13.0
22.07999999999447,25.73362174629049,2025-04-20,14.0
10.591999999996917,24.989783098185118,2025-04-20,15.0
30.8228000000005,26.831872749967904,2025-04-20,16.0
1.7280000000016,5.520897092063413,2025-04-20,17.0
10.0109999999952,15.109301992141871,2025-04-20,18.0
20.61999999999898,16.4107612343423,2025-04-20,19.0
9.0,11.326143025801342,2025-04-20,20.0
13.77599999999802,26.40266102461102,2025-04-20,21.0
24.3254998682692,12.323180642679056,2025-04-20,22.0
23.720000000001164,23.571436306788865,2025-04-20,23.0
16.360000000000582,23.760797591396425,2025-04-20,24.0
17.720000000001164,21.725311573853244,2025-04-20,25.0
10.459999999999129,16.853530724214586,2025-04-20,26.0
8.9759999999951,15.927380685499996,2025-04-20,27.0
14.468000000000757,17.11926854588724,2025-04-20,28.0
20.4800000000032,21.17458570905166,2025-04-20,29.0
2.767999999996391,9.832371990822686,2025-04-20,30.0
19.871999999988475,25.88980431828353,2025-04-20,31.0
22.23200000000361,25.51909119117498,2025-04-20,32.0
16.0,15.752928647121678,2025-04-20,33.0
10.00800000000163,17.656511661908123,2025-04-20,34.0
25.37599999999657,17.552828114153336,2025-04-20,35.0
18.247999999999596,10.701985831808821,2025-04-20,36.0
18.5828000000026,27.198890445391033,2025-04-20,37.0
9.549999999999272,15.71300671630538,2025-04-20,38.0
9.680000000000293,16.701315807099164,2025-04-20,39.0
11.4799999999959,12.93542435452732,2025-04-21,1.0
9.592000000004193,22.646546746998546,2025-04-21,2.0
20.18000000000029,19.700954752729196,2025-04-21,3.0
8.927999999999884,24.138702707586862,2025-04-21,4.0
12.455999999998312,11.929954751522464,2025-04-21,5.0
16.959999999999127,35.04484866384005,2025-04-21,6.0
27.9828000000103,24.591291156873964,2025-04-21,7.0
11.4560000000055,15.672219044503755,2025-04-21,8.0
20.256000000001222,20.075627881795313,2025-04-21,9.0
20.68800000000192,20.117765015109676,2025-04-21,10.0
12.0199999999968,18.49285345693894,2025-04-21,11.0
5.25000000000011,10.525370379763496,2025-04-21,12.0
10.239999999998,20.52359175465766,2025-04-21,13.0
22.68000000000029,26.837640371589455,2025-04-21,14.0
21.148000000001048,24.9585252752998,2025-04-21,15.0
33.5480000000025,26.76409562899228,2025-04-21,16.0
6.25999999999854,8.776050449639058,2025-04-21,17.0
16.908000000003085,13.190135488186016,2025-04-21,18.0
13.2800000000011,15.532873143268406,2025-04-21,19.0
17.359999999993306,10.458569496407094,2025-04-21,20.0
32.0,26.512480326644255,2025-04-21,21.0
12.047999999995229,14.640530397509739,2025-04-21,22.0
23.891999999999825,23.71482158601819,2025-04-21,23.0
16.055999999996857,19.49409072737687,2025-04-21,24.0
11.7200000000012,18.356934035365953,2025-04-21,25.0
12.632000000005064,12.603387836710722,2025-04-21,26.0
8.60000000000582,11.029262705229778,2025-04-21,27.0
11.2579999999981,14.557920746147742,2025-04-21,28.0
24.17199999999866,15.53412653776755,2025-04-21,29.0
2.8879999999990105,9.708376631168852,2025-04-21,30.0
14.9360000000011,26.549530312714943,2025-04-21,31.0
29.239999999990687,24.895367602595332,2025-04-21,32.0
9.919999999998254,14.628095223768604,2025-04-21,33.0
11.663999999997,18.16273627836803,2025-04-21,34.0
10.2109999999995,16.580914282057606,2025-04-21,35.0
10.731999999996331,10.357208147717008,2025-04-21,36.0
32.87200000000303,31.056384142399903,2025-04-21,37.0
9.92800000000233,13.737426878046087,2025-04-21,38.0
12.131999999997788,13.929611652161846,2025-04-21,39.0
6.25000000000378,12.316293495997497,2025-04-22,1.0
28.01600000000326,21.07393775067146,2025-04-22,2.0
17.939999999995052,18.66151208634941,2025-04-22,3.0
9.831999999994878,18.329457026666418,2025-04-22,4.0
13.19199999999546,9.537599743253491,2025-04-22,5.0
27.0280000000009,34.52685216105273,2025-04-22,6.0
26.5028000000008,23.598241008128607,2025-04-22,7.0
22.75199999999313,16.02881345568308,2025-04-22,8.0
19.6228000000025,19.452635814166037,2025-04-22,9.0
13.959999999999129,19.789342011169854,2025-04-22,10.0
18.031999999999243,18.86604129568724,2025-04-22,11.0
8.459999999999127,9.246618001063837,2025-04-22,12.0
6.908000000003085,17.994005372589815,2025-04-22,13.0
23.8119999999989,26.622856718077006,2025-04-22,14.0
19.0,20.17437678145547,2025-04-22,15.0
21.10800000000017,26.40977780951481,2025-04-22,16.0
1.92800000000233,4.740409465800924,2025-04-22,17.0
10.0919999999969,12.814789619499042,2025-04-22,18.0
10.389999999999418,16.254668626496933,2025-04-22,19.0
9.992000000005646,9.477851190072613,2025-04-22,20.0
21.77199999999721,23.209076198724958,2025-04-22,21.0
11.182800000001,20.254580169408186,2025-04-22,22.0
20.2109999999995,22.03922403801517,2025-04-22,23.0
14.17199999999866,20.543822154256965,2025-04-22,24.0
11.7279999999955,18.722183414761506,2025-04-22,25.0
6.919999999998254,11.248464090895341,2025-04-22,26.0
9.572000000000116,10.490725729907586,2025-04-22,27.0
7.42800000000233,12.606808591778591,2025-04-22,28.0
21.46800000000076,18.07945984001444,2025-04-22,29.0
5.54280000000169,10.217372606348935,2025-04-22,30.0
19.89600000000792,25.63948543759009,2025-04-22,31.0
30.9120000000101,23.896689323625694,2025-04-22,32.0
14.13600000000588,13.251134067956261,2025-04-22,33.0
10.8280000000013,16.80046098872388,2025-04-22,34.0
19.747999999999596,16.966976176369787,2025-04-22,35.0
10.531999999999243,9.265763289610462,2025-04-22,36.0
25.59999999999127,24.103658617676977,2025-04-22,37.0
8.0099999999984,13.1908794449151,2025-04-22,38.0
12.167999999997846,12.128482196749616,2025-04-22,39.0
12.731999999996331,10.866595047932922,2025-04-23,1.0
26.9360000000011,19.30488415726467,2025-04-23,2.0
18.18000000000029,19.938836938855975,2025-04-23,3.0
10.8080000000045,19.626865906445023,2025-04-23,4.0
13.1120000000018,10.279966128901403,2025-04-23,5.0
48.807999999997264,29.756382158730368,2025-04-23,6.0
22.8959999999925,29.15876941793574,2025-04-23,7.0
11.6720000000059,17.53898644875681,2025-04-23,8.0
11.9479999999967,19.024280234038564,2025-04-23,9.0
28.0280000000009,18.927490571222393,2025-04-23,10.0
19.288000000000466,19.888077096760817,2025-04-23,11.0
5.710000000002765,9.55343471755361,2025-04-23,12.0
10.2719999999972,20.304520066866317,2025-04-23,13.0
26.332000000002157,25.898236197084806,2025-04-23,14.0
20.9800000000032,17.881783571917712,2025-04-23,15.0
25.851999999999,25.748732202612803,2025-04-23,16.0
6.639999999999418,6.451265719480414,2025-04-23,17.0
13.12000000000262,12.37535668905266,2025-04-23,18.0
17.69000000000233,15.191623143491949,2025-04-23,19.0
13.527999999998428,12.340139460530073,2025-04-23,20.0
25.652000000001863,26.444019624055937,2025-04-23,21.0
1.1880000000019209,20.473068706903657,2025-04-23,22.0
21.01600000000326,25.74220525269614,2025-04-23,23.0
5.868000000002212,20.306140022752608,2025-04-23,24.0
10.42000000000553,20.311453818677972,2025-04-23,25.0
14.868000000002212,12.59769089676381,2025-04-23,26.0
18.719999999993888,15.231286020616931,2025-04-23,27.0
9.11200000000186,11.813786737516372,2025-04-23,28.0
27.1099999999953,19.066535396513657,2025-04-23,29.0
5.855999999999767,10.518409211428203,2025-04-23,30.0
33.512000000002445,28.062978121954725,2025-04-23,31.0
29.648000000001048,27.4794526904757,2025-04-23,32.0
17.479999999995925,16.954877542857027,2025-04-23,33.0
10.880000000004657,17.911515973344123,2025-04-23,34.0
13.61200000000099,18.345945673520827,2025-04-23,35.0
17.256000000001222,13.870238108212465,2025-04-23,36.0
27.2628000000101,29.23912761376223,2025-04-23,37.0
12.56000000000131,11.771786268256312,2025-04-23,38.0
13.099999999998545,12.769513041390727,2025-04-23,39.0
7.616000000001804,10.996276511976799,2025-04-24,1.0
10.2960000000021,21.02134313051728,2025-04-24,2.0
21.49200000000565,17.168064469671243,2025-04-24,3.0
32.02399999999034,14.957075994121706,2025-04-24,4.0
4.128000000004249,9.860072644690874,2025-04-24,5.0
17.99199999999837,27.14911235999989,2025-04-24,6.0
22.09600000000501,21.490582103504813,2025-04-24,7.0
27.29599999999482,17.970506430454087,2025-04-24,8.0
18.0280000000009,17.362014067090403,2025-04-24,9.0
13.88799999999901,16.928902511566957,2025-04-24,10.0
11.3199999999997,17.66715384761883,2025-04-24,11.0
10.7599999999984,9.717044833420113,2025-04-24,12.0
32.5,18.671309034461924,2025-04-24,13.0
24.4800000000032,21.66150864247451,2025-04-24,14.0
30.0879999999961,16.984667785925616,2025-04-24,15.0
21.70799999999872,26.942674293348034,2025-04-24,16.0
4.529999999998836,4.53469662181816,2025-04-24,17.0
10.968000000000757,12.493719867575896,2025-04-24,18.0
10.2599999999984,16.545858660317442,2025-04-24,19.0
6.99199999999837,11.759720477531108,2025-04-24,20.0
26.89600000000064,21.649949415848376,2025-04-24,21.0
23.8903057105532,17.47490411344469,2025-04-24,22.0
23.223999999994703,19.74236113817605,2025-04-24,23.0
14.559999999997672,18.65848457603088,2025-04-24,24.0
18.451999999997497,18.1204573212697,2025-04-24,25.0
13.38799999999901,11.213540400280944,2025-04-24,26.0
7.12800000000669,18.08316156253965,2025-04-24,27.0
17.3109999999981,15.235899851848764,2025-04-24,28.0
19.560000000004948,18.578324330082108,2025-04-24,29.0
19.87999999999738,11.100929981817776,2025-04-24,30.0
25.42399999999907,23.211423114806276,2025-04-24,31.0
33.03199999999197,25.812515394598126,2025-04-24,32.0
10.360000000000582,15.078046375365282,2025-04-24,33.0
11.8919999999998,13.360491076948644,2025-04-24,34.0
14.42000000000553,16.225644664054467,2025-04-24,35.0
17.703999999997905,12.254039836863178,2025-04-24,36.0
11.8119999999916,23.436646142260187,2025-04-24,37.0
10.849999999998545,10.771925186151261,2025-04-24,38.0
12.62000000000262,12.865610216978684,2025-04-24,39.0
17.42399999999907,10.839393456003588,2025-04-25,1.0
19.00799999998708,20.598714877922166,2025-04-25,2.0
16.947999999996682,19.761516343492065,2025-04-25,3.0
8.38280000000547,13.888244715560877,2025-04-25,4.0
1.8879999999990105,11.083382115557606,2025-04-25,5.0
16.57600000000093,30.4698920883747,2025-04-25,6.0
24.231999999989057,25.015279671153912,2025-04-25,7.0
28.78399999999965,18.862480731223336,2025-04-25,8.0
23.012000000002445,17.361253483905077,2025-04-25,9.0
14.972000000001572,19.133100171775045,2025-04-25,10.0
12.2800000000011,18.465520516697964,2025-04-25,11.0
12.1199999999999,9.376329115718084,2025-04-25,12.0
11.7079999999987,17.377027600019918,2025-04-25,13.0
27.70799999999872,22.71489703615209,2025-04-25,14.0
17.67199999999866,18.87276590087994,2025-04-25,15.0
20.703999999997905,24.486640172754168,2025-04-25,16.0
4.259999999998399,7.21779172380946,2025-04-25,17.0
12.648000000001048,11.20649282898919,2025-04-25,18.0
11.109999999999,15.33506098443221,2025-04-25,19.0
16.779999999998836,11.666024452779682,2025-04-25,20.0
33.799999999995634,22.941175556003856,2025-04-25,21.0
8.680000000000291,15.71381782666653,2025-04-25,22.0
32.096000000005006,19.499412444044225,2025-04-25,23.0
9.552000000003318,17.29690672843892,2025-04-25,24.0
17.627999999996973,17.278361882806465,2025-04-25,25.0
14.439999999995052,13.042147774149015,2025-04-25,26.0
8.96799999999258,17.18402585459404,2025-04-25,27.0
19.847999999998137,9.676137369476429,2025-04-25,28.0
24.0280000000009,19.294846044573255,2025-04-25,29.0
5.872000000003027,13.936916990475854,2025-04-25,30.0
13.38399999999092,27.405965472794396,2025-04-25,31.0
30.335999999995693,26.15428383661744,2025-04-25,32.0
11.351999999999,13.313336069223592,2025-04-25,33.0
17.719999999993888,16.022742739505507,2025-04-25,34.0
20.60800000000017,17.536591684417623,2025-04-25,35.0
10.200000000004366,13.880107195744026,2025-04-25,36.0
22.61600000000908,24.405202980760205,2025-04-25,37.0
9.229999999999563,9.459316589799249,2025-04-25,38.0
13.919999999998254,13.71459931875976,2025-04-25,39.0
6.30800000000454,10.846930399999973,2025-04-26,1.0
29.9360000000011,16.51814109649045,2025-04-26,2.0
16.61200000000099,18.789865132864666,2025-04-26,3.0
16.679999999993015,20.032209653285133,2025-04-26,4.0
13.559999999997672,10.787303682898465,2025-04-26,5.0
42.55200000000332,27.163739948225174,2025-04-26,6.0
18.0560000000104,25.867024069348755,2025-04-26,7.0
17.0280000000009,18.490527138326232,2025-04-26,8.0
25.6559999999954,19.985228905049492,2025-04-26,9.0
18.0,19.730717417687206,2025-04-26,10.0
14.487999999997555,17.52625204206385,2025-04-26,11.0
10.5900000000001,11.322359290359621,2025-04-26,12.0
7.680000000000291,18.005004064495505,2025-04-26,13.0
21.451999999997497,23.906596202305483,2025-04-26,14.0
20.102000000001,19.71149672132515,2025-04-26,15.0
25.70799999999872,26.415944413422142,2025-04-26,16.0
5.380000000001019,6.434580719364904,2025-04-26,17.0
16.599999999998545,12.658722329579241,2025-04-26,18.0
17.5,16.70780796522088,2025-04-26,19.0
14.060000000004948,11.096248108284435,2025-04-26,20.0
27.2628000000029,26.083058975795765,2025-04-26,21.0
3.9199999999982538,17.043315885332987,2025-04-26,22.0
26.943999999995867,22.4584268800147,2025-04-26,23.0
22.76799999999639,15.480172536276688,2025-04-26,24.0
11.7480000000069,15.59665886615529,2025-04-26,25.0
14.79200000000128,13.228114242090335,2025-04-26,26.0
17.160000000003492,15.842552523809514,2025-04-26,27.0
10.32800000000134,13.94050478095233,2025-04-26,28.0
22.959999999999127,23.91429424878376,2025-04-26,29.0
8.680000000000291,14.621844888888234,2025-04-26,30.0
24.5028000000008,26.123575333480645,2025-04-26,31.0
25.1028000000066,28.20097591246446,2025-04-26,32.0
7.351999999998952,13.318787988137867,2025-04-26,33.0
10.6880000000019,11.309482504883457,2025-04-26,34.0
17.359999999993306,17.858635996190433,2025-04-26,35.0
10.2879999999958,13.823446054352978,2025-04-26,36.0
24.463999999992662,25.778340946805372,2025-04-26,37.0
10.1280000000031,8.713786906989455,2025-04-26,38.0
13.1120000000018,13.706279767596454,2025-04-26,39.0
6.971999999994296,11.502026152863598,2025-04-27,1.0
14.336000000010245,17.39435010110178,2025-04-27,2.0
12.648000000001048,19.709427634920605,2025-04-27,3.0
7.960000000006403,13.559394120713337,2025-04-27,4.0
6.83200000000211,11.364905857143079,2025-04-27,5.0
41.61999999999534,25.944322217636735,2025-04-27,6.0
25.2539999999973,29.750063960657755,2025-04-27,7.0
28.09600000000501,19.85708637460316,2025-04-27,8.0
11.3320000000022,17.235357947795556,2025-04-27,9.0
24.788000000000466,21.065808742243142,2025-04-27,10.0
14.5028000000008,16.348949943633905,2025-04-27,11.0
10.6399999999994,10.318645420524804,2025-04-27,12.0
16.31999999999971,16.965038756374682,2025-04-27,13.0
18.891999999999825,27.145346509401993,2025-04-27,14.0
23.919999999998254,21.851684884198722,2025-04-27,15.0
33.92000000000553,27.50118116815425,2025-04-27,16.0
7.11999999999985,6.704563046060555,2025-04-27,17.0
12.131999999997788,13.97842559357602,2025-04-27,18.0
16.1199999999999,14.676237686284837,2025-04-27,19.0
10.9279999999999,13.116336653632832,2025-04-27,20.0
26.667999999997846,28.75165909929263,2025-04-27,21.0
4.868000000002212,14.634701889680283,2025-04-27,22.0
25.1200000000026,26.87806340624452,2025-04-27,23.0
20.6628000000043,15.019302508829965,2025-04-27,24.0
19.67199999999866,15.771093234198771,2025-04-27,25.0
14.279999999998836,12.821283687946877,2025-04-27,26.0
9.591999999996917,16.884734365864993,2025-04-27,27.0
14.360000000000582,14.507752197292202,2025-04-27,28.0
25.77999999999884,22.80864950607673,2025-04-27,29.0
5.5679999999993015,15.884826480952123,2025-04-27,30.0
24.07200000000012,20.55717322952946,2025-04-27,31.0
26.60000000000582,27.75125124769649,2025-04-27,32.0
17.2580000000054,13.101136198623532,2025-04-27,33.0
18.5,12.071170824962293,2025-04-27,34.0
24.2280000000052,19.467434764896637,2025-04-27,35.0
16.220000000001164,14.51367979191268,2025-04-27,36.0
19.7428000000061,24.411907471670347,2025-04-27,37.0
4.279999999998836,12.5273748645794,2025-04-27,38.0
14.608000000000176,13.911916350029582,2025-04-27,39.0
7.988000000004831,11.11364091258077,2025-04-28,1.0
18.047999999995227,18.94870958656718,2025-04-28,2.0
11.4719999999943,19.58498853701677,2025-04-28,3.0
8.52000000000287,14.470903259201224,2025-04-28,4.0
19.860000000000586,9.004560831983088,2025-04-28,5.0
45.63999999999942,27.36674876507921,2025-04-28,6.0
18.127999999996973,21.99911268266255,2025-04-28,7.0
25.69199999999546,18.647074414797586,2025-04-28,8.0
24.86800000000221,17.415671940191356,2025-04-28,9.0
18.692000000002736,18.201704300814097,2025-04-28,10.0
18.31999999999971,16.240534068571517,2025-04-28,11.0
12.06000000000131,9.01467389882857,2025-04-28,12.0
9.9120000000039,16.060151314505408,2025-04-28,13.0
24.847999999998137,21.356538608132993,2025-04-28,14.0
18.2880000000031,18.600103966576164,2025-04-28,15.0
19.57999999999447,22.545363676502948,2025-04-28,16.0
2.0,6.788034648484879,2025-04-28,17.0
9.02000000000287,13.356070207499444,2025-04-28,18.0
8.02800000000087,12.530693856716454,2025-04-28,19.0
10.102000000001,13.078853625984395,2025-04-28,20.0
27.42000000000553,25.253003680185902,2025-04-28,21.0
7.383999999998196,16.673260268508187,2025-04-28,22.0
30.22799999999552,21.8243866281473,2025-04-28,23.0
9.307999999997264,16.141746100000063,2025-04-28,24.0
17.32800000000134,12.891369634920526,2025-04-28,25.0
16.0,13.416982070194745,2025-04-28,26.0
10.4800000000032,21.500046818536493,2025-04-28,27.0
12.731999999996331,12.173798800284068,2025-04-28,28.0
30.5280000000009,21.59564194924645,2025-04-28,29.0
2.680000000000291,9.330615748571484,2025-04-28,30.0
22.59200000000419,20.902901987509274,2025-04-28,31.0
28.2879999999958,27.602772529523854,2025-04-28,32.0
8.69199999999546,12.553925099413153,2025-04-28,33.0
10.8919999999998,15.679722939618227,2025-04-28,34.0
27.943999999995867,16.068940351832488,2025-04-28,35.0
10.788000000000466,12.003872709426453,2025-04-28,36.0
16.39999999999418,21.573401864533775,2025-04-28,37.0
12.68999999999869,10.358705150415895,2025-04-28,38.0
10.552000000003318,13.436466172723467,2025-04-28,39.0
13.331999999994878,13.402993243335104,2025-04-29,1.0
14.3028000000037,20.57905890431994,2025-04-29,2.0
19.82800000000134,17.207496501575434,2025-04-29,3.0
9.7439999999911,15.219663523082517,2025-04-29,4.0
1.639999999999418,10.32283492114062,2025-04-29,5.0
55.85200000000623,31.66223957999619,2025-04-29,6.0
29.37600000000384,22.00243795236117,2025-04-29,7.0
17.5,22.49535380423731,2025-04-29,8.0
21.391999999999825,18.6509787410073,2025-04-29,9.0
21.651999999994587,18.894507050553297,2025-04-29,10.0
19.247999999999596,17.499111089523815,2025-04-29,11.0
9.7599999999984,10.322209086764083,2025-04-29,12.0
18.7109999999995,19.4804618750903,2025-04-29,13.0
24.768000000003667,23.31751215434458,2025-04-29,14.0
21.12000000000262,21.34702381019209,2025-04-29,15.0
21.080000000001743,24.574534156508236,2025-04-29,16.0
4.909999999999855,6.850652114285649,2025-04-29,17.0
24.99199999999837,13.933686781906472,2025-04-29,18.0
10.770000000000437,14.417481651027359,2025-04-29,19.0
16.459999999999127,12.741616267143087,2025-04-29,20.0
31.739999999997963,28.35351891759161,2025-04-29,21.0
1.41199999999744,10.242586442498414,2025-04-29,22.0
23.5880000000025,24.517338180890068,2025-04-29,23.0
10.5319999999992,17.27751704761919,2025-04-29,24.0
18.77199999999721,15.118781536741482,2025-04-29,25.0
6.28800000000309,14.33470324630767,2025-04-29,26.0
16.959999999999127,19.654741323552855,2025-04-29,27.0
14.21200000000681,13.946598933890897,2025-04-29,28.0
29.77999999999884,23.89766560653298,2025-04-29,29.0
6.451999999997497,8.900213066666725,2025-04-29,30.0
28.75199999999313,21.388040529753862,2025-04-29,31.0
36.1120000000018,30.210256844444498,2025-04-29,32.0
17.468000000000757,14.075870029905895,2025-04-29,33.0
13.927999999999884,16.006733103011566,2025-04-29,34.0
21.0679999999993,18.05483337240213,2025-04-29,35.0
10.639999999999418,14.231663202008166,2025-04-29,36.0
20.703999999997905,23.02644871980718,2025-04-29,37.0
12.8280000000001,9.412397109772431,2025-04-29,38.0
14.20799999999872,14.11077791341756,2025-04-29,39.0
14.92000000000553,11.167794443646134,2025-04-30,1.0
14.19999999999709,20.721616804944667,2025-04-30,2.0
18.747999999999596,18.67129231659623,2025-04-30,3.0
13.512000000002445,14.83396826789842,2025-04-30,4.0
1.4919999999983702,10.978071829662003,2025-04-30,5.0
39.479999999995925,34.118053088253696,2025-04-30,6.0
17.296000000002095,24.977324557176818,2025-04-30,7.0
21.12000000000262,26.507167060492417,2025-04-30,8.0
16.951999999997497,21.65149268455,2025-04-30,9.0
18.747999999999596,21.209380281366077,2025-04-30,10.0
21.9800000000032,17.407316387936778,2025-04-30,11.0
12.920000000001892,9.414133619490965,2025-04-30,12.0
14.695999999996276,17.28902924333203,2025-04-30,13.0
21.4280000000023,25.607057963634624,2025-04-30,14.0
23.739999999997963,22.072296437601658,2025-04-30,15.0
26.37999999999738,26.82407269077231,2025-04-30,16.0
10.200000000000728,6.491784292063654,2025-04-30,17.0
23.747999999999596,12.485745927835586,2025-04-30,18.0
18.090000000000146,13.100664643464977,2025-04-30,19.0
14.739999999997965,11.974592776643718,2025-04-30,20.0
30.479999999995925,29.31766736299949,2025-04-30,21.0
10.8800000000047,8.881896393211457,2025-04-30,22.0
29.839999999996508,26.187946247767684,2025-04-30,23.0
20.536000000000055,15.161949003071939,2025-04-30,24.0
10.7880000000005,14.916865485608707,2025-04-30,25.0
14.692000000002736,13.583195706232944,2025-04-30,26.0
11.0800000000017,17.340927817034153,2025-04-30,27.0
10.3999999999942,14.928707610785633,2025-04-30,28.0
32.03199999999924,25.410362075760762,2025-04-30,29.0
0.3000000000029104,9.107077460433343,2025-04-30,30.0
27.2280000000052,26.401773551869237,2025-04-30,31.0
30.59199999998964,31.739615454603445,2025-04-30,32.0
9.588000000003376,13.088418048985135,2025-04-30,33.0
10.1120000000018,14.73635150122272,2025-04-30,34.0
25.66800000000512,21.59792484429221,2025-04-30,35.0
18.2628000000029,14.004088631968425,2025-04-30,36.0
17.888000000006286,22.330509098673716,2025-04-30,37.0
13.5,9.759418945048179,2025-04-30,38.0
11.7599999999948,14.19887241261184,2025-04-30,39.0
10.1080000000002,13.62840819634461,2025-05-01,1.0
28.5828000000026,20.867654671516114,2025-05-01,2.0
18.891999999999825,19.565974295237993,2025-05-01,3.0
10.81600000000617,14.86436506809707,2025-05-01,4.0
1.28000000000146,8.623741367932322,2025-05-01,5.0
55.42799999999989,34.617999478603714,2025-05-01,6.0
35.471999999994296,25.697796001666138,2025-05-01,7.0
22.299999999995634,22.482781698412676,2025-05-01,8.0
21.055999999996857,21.638150710263346,2025-05-01,9.0
17.268000000003667,20.943113930158688,2025-05-01,10.0
18.70799999999872,17.626262306418067,2025-05-01,11.0
12.029999999998836,11.233311410464466,2025-05-01,12.0
10.972000000001572,17.95239179288015,2025-05-01,13.0
23.86399999999412,26.110387287233568,2025-05-01,14.0
14.17199999999866,22.473937336881097,2025-05-01,15.0
11.6280000000042,26.247113190481674,2025-05-01,16.0
4.81000000000131,9.17883269523766,2025-05-01,17.0
9.82800000000125,14.078430085483648,2025-05-01,18.0
20.57999999999811,13.645387082376628,2025-05-01,19.0
9.10200000000099,12.931696120650999,2025-05-01,20.0
37.28000000000611,30.677680639553863,2025-05-01,21.0
5.391999999999825,9.67235773333326,2025-05-01,22.0
36.7828000000069,26.817008079932325,2025-05-01,23.0
20.49200000000565,16.92768095668113,2025-05-01,24.0
9.479999999995924,17.34195226868684,2025-05-01,25.0
8.987999999997555,14.375295584703188,2025-05-01,26.0
11.7999999999956,14.2146842497999,2025-05-01,27.0
10.968000000000757,13.892041885697104,2025-05-01,28.0
19.0,26.963145440628416,2025-05-01,29.0
9.31099999999808,9.455224407504092,2025-05-01,30.0
20.0399999999936,26.21856944614259,2025-05-01,31.0
28.0228000000049,31.43248922642442,2025-05-01,32.0
10.2639999999956,12.985238930083915,2025-05-01,33.0
20.36800000000221,15.949143986351023,2025-05-01,34.0
43.8228000000005,20.89273304188534,2025-05-01,35.0
24.135999999998603,13.799983396716609,2025-05-01,36.0
27.27999999999884,20.00265342964239,2025-05-01,37.0
10.529999999998836,10.314714216911051,2025-05-01,38.0
12.8280000000038,13.977335644961213,2025-05-01,39.0
13.932000000000698,13.76320823716207,2025-05-02,1.0
18.103999999992084,18.71081547315116,2025-05-02,2.0
17.4120000000039,18.729920570038143,2025-05-02,3.0
9.19199999999546,13.53541333850904,2025-05-02,4.0
1.28000000000146,14.41924639047639,2025-05-02,5.0
44.13999999999942,40.29026896321778,2025-05-02,6.0
30.135999999998603,23.467195107701695,2025-05-02,7.0
21.4280000000023,24.35476362099776,2025-05-02,8.0
11.8520000000062,20.51698917656685,2025-05-02,9.0
21.023999999997613,20.838537920824205,2025-05-02,10.0
23.063999999998487,18.716944361508933,2025-05-02,11.0
12.670000000001892,10.808863008346323,2025-05-02,12.0
17.639999999999418,16.743587007843963,2025-05-02,13.0
26.5880000000025,24.56734495780394,2025-05-02,14.0
26.09599999999773,24.151877780918742,2025-05-02,15.0
4.572000000000116,24.855330494488683,2025-05-02,16.0
4.459999999999127,9.459173295237932,2025-05-02,17.0
10.760000000002035,17.676910220829303,2025-05-02,18.0
17.7300000000032,12.904123346775066,2025-05-02,19.0
14.97599999999511,13.411373577738479,2025-05-02,20.0
26.959999999999127,32.706056218442185,2025-05-02,21.0
9.79200000000128,8.878028542222197,2025-05-02,22.0
25.335999999995693,25.83500447692591,2025-05-02,23.0
37.5,17.650249766100654,2025-05-02,24.0
19.07200000000012,17.538058968341204,2025-05-02,25.0
14.7109999999995,13.122657389720276,2025-05-02,26.0
11.0600000000049,17.918980578393437,2025-05-02,27.0
10.5279999999984,13.412155201587213,2025-05-02,28.0
28.720000000001164,26.17314125757699,2025-05-02,29.0
0.9879999999975552,10.066095161904817,2025-05-02,30.0
35.99200000001292,23.770165187236103,2025-05-02,31.0
25.7520000000077,31.304629832138847,2025-05-02,32.0
14.88799999999901,11.127040326865483,2025-05-02,33.0
17.299999999995634,14.261154832812935,2025-05-02,34.0
32.6559999999954,24.23031181407509,2025-05-02,35.0
18.959999999999127,12.82868684306103,2025-05-02,36.0
25.1759999999922,20.06853848970377,2025-05-02,37.0
13.38000000000102,9.610744075674136,2025-05-02,38.0
11.9680000000008,12.745787196367518,2025-05-02,39.0
8.687999999994645,14.24255939540111,2025-05-03,1.0
27.872000000003027,23.57724791610439,2025-05-03,2.0
10.6800000000003,20.663217387301568,2025-05-03,3.0
9.679999999993017,14.275670221665495,2025-05-03,4.0
3.227999999995518,15.763025974603355,2025-05-03,5.0
24.648000000001048,38.554769111801924,2025-05-03,6.0
28.7109999999995,26.25140381340639,2025-05-03,7.0
26.97200000000157,21.45249901214704,2025-05-03,8.0
20.17199999999866,18.734400287973116,2025-05-03,9.0
28.599999999998545,22.932779397087163,2025-05-03,10.0
13.80000000000291,19.907608623344643,2025-05-03,11.0
7.779999999998836,11.941224696307602,2025-05-03,12.0
7.747999999999592,14.943709089368033,2025-05-03,13.0
21.599999999998545,24.434870398433212,2025-05-03,14.0
19.982800000004,21.582886486840412,2025-05-03,15.0
32.2109999999995,22.776042911656077,2025-05-03,16.0
6.700000000000728,7.556020203174518,2025-05-03,17.0
13.223999999994705,16.337392527208884,2025-05-03,18.0
19.639999999999414,15.996107471422368,2025-05-03,19.0
12.9028000000023,12.074078528701893,2025-05-03,20.0
29.5199999999968,28.916173816825854,2025-05-03,21.0
1.5599999999976717,7.123701034920473,2025-05-03,22.0
21.131999999997788,25.920390497021884,2025-05-03,23.0
11.1099999999953,17.657425831745932,2025-05-03,24.0
16.7109999999995,15.003266409523707,2025-05-03,25.0
7.8399999999965075,13.287321911623438,2025-05-03,26.0
18.659999999996217,15.017295164334243,2025-05-03,27.0
11.7428000000061,13.645247591878448,2025-05-03,28.0
30.2579999999981,28.083825045428963,2025-05-03,29.0
10.5600000000049,11.917557238094734,2025-05-03,30.0
33.1359999999986,24.495314508096463,2025-05-03,31.0
28.9109999999966,31.0706764336506,2025-05-03,32.0
31.92000000000553,13.24014670613593,2025-05-03,33.0
9.5,18.318230738431282,2025-05-03,34.0
27.1428000000002,24.385429444041698,2025-05-03,35.0
11.182800000001,15.187830463340767,2025-05-03,36.0
30.12000000000989,19.505545466465556,2025-05-03,37.0
10.0900000000001,9.790999743044475,2025-05-03,38.0
10.8399999999965,13.590883370292104,2025-05-03,39.0
9.80800000000454,14.809540184126842,2025-05-04,1.0
18.5679999999993,17.69159502761909,2025-05-04,2.0
17.127999999996973,17.226454457142825,2025-05-04,3.0
9.368000000002212,15.653149541464902,2025-05-04,4.0
10.020000000004076,14.063912841270042,2025-05-04,5.0
38.4280000000023,44.28595091538445,2025-05-04,6.0
25.76799999999639,26.587364357898263,2025-05-04,7.0
21.70799999999872,21.63549550448082,2025-05-04,8.0
19.94799999999668,18.05158948095217,2025-05-04,9.0
22.33600000000297,20.080048070072095,2025-05-04,10.0
13.50800000000163,19.674793183831344,2025-05-04,11.0
12.029999999998836,12.434783115633712,2025-05-04,12.0
10.5428000000017,17.537778427601207,2025-05-04,13.0
20.02799999999843,23.39832606691075,2025-05-04,14.0
19.427999999999884,20.3481523632749,2025-05-04,15.0
23.76799999999639,17.47048990140816,2025-05-04,16.0
9.0099999999984,6.258053838095061,2025-05-04,17.0
30.768000000003667,14.78466994672208,2025-05-04,18.0
16.399999999997817,14.300174841005335,2025-05-04,19.0
10.7680000000037,11.925493677531938,2025-05-04,20.0
21.599999999998545,30.556833262060323,2025-05-04,21.0
13.639999999999418,6.734450231746005,2025-05-04,22.0
39.25200000000041,25.022946339018354,2025-05-04,23.0
10.7200000000012,20.029258424653,2025-05-04,24.0
11.9600000000064,13.177120098412718,2025-05-04,25.0
20.00800000000163,13.9010710647226,2025-05-04,26.0
12.139999999999418,14.71530472082738,2025-05-04,27.0
10.187999999994643,15.506306655832907,2025-05-04,28.0
26.5,26.83554100530511,2025-05-04,29.0
3.9799999999959255,9.599785702856838,2025-05-04,30.0
22.67999999999301,27.170469161508425,2025-05-04,31.0
31.239999999990687,28.37534076772937,2025-05-04,32.0
11.7109999999995,14.007514810566668,2025-05-04,33.0
17.59200000000419,17.35910841081212,2025-05-04,34.0
22.228000000002798,25.580377159507933,2025-05-04,35.0
11.9680000000008,14.92180860234841,2025-05-04,36.0
29.327999999994063,21.022704324672173,2025-05-04,37.0
10.369999999999,11.424676824982987,2025-05-04,38.0
18.891999999999825,14.172670376252631,2025-05-04,39.0
5.651999999994587,13.583746043846359,2025-05-05,1.0
20.2560000000085,22.321587693997266,2025-05-05,2.0
13.739999999997965,16.803622200000067,2025-05-05,3.0
9.487999999997555,13.752608610027094,2025-05-05,4.0
6.899999999994179,10.24379404761877,2025-05-05,5.0
49.72000000000117,39.4706917403202,2025-05-05,6.0
22.312000000005355,27.09732299184381,2025-05-05,7.0
22.080000000001743,24.132929167791428,2025-05-05,8.0
17.8280000000038,16.928077421855843,2025-05-05,9.0
18.851999999998952,20.479462454875858,2025-05-05,10.0
10.1080000000002,18.01702529939453,2025-05-05,11.0
7.25000000000011,10.740983751166445,2025-05-05,12.0
12.01600000000326,13.710866864239899,2025-05-05,13.0
24.652000000001863,23.44464240855426,2025-05-05,14.0
19.479999999995925,18.80494053983448,2025-05-05,15.0
25.9000000000011,20.110941464616268,2025-05-05,16.0
3.630000000001018,5.963191848845379,2025-05-05,17.0
18.247999999999596,13.798277900793687,2025-05-05,18.0
9.30000000000291,16.50005206616562,2025-05-05,19.0
11.1119999999946,13.611758301078076,2025-05-05,20.0
23.139999999999414,31.72336381905432,2025-05-05,21.0
12.89600000000064,5.589435580952205,2025-05-05,22.0
24.028000000005704,24.12782186663122,2025-05-05,23.0
25.1120000000018,18.58280235573546,2025-05-05,24.0
16.547999999995227,15.237544822526843,2025-05-05,25.0
17.73200000000361,12.06425884070295,2025-05-05,26.0
8.959999999999127,14.572973363160772,2025-05-05,27.0
8.42000000000553,13.584948088247463,2025-05-05,28.0
25.9280000000023,26.591153594149176,2025-05-05,29.0
12.200000000004366,11.492575876189829,2025-05-05,30.0
14.831999999994878,25.50431826039918,2025-05-05,31.0
27.648000000001048,30.264387752381307,2025-05-05,32.0
10.011999999996,15.86710854252924,2025-05-05,33.0
10.70799999999872,13.957624110145849,2025-05-05,34.0
22.87999999999738,25.488985826031577,2025-05-05,35.0
10.0800000000017,15.601630065559219,2025-05-05,36.0
21.21600000000035,20.606169104197278,2025-05-05,37.0
10.0800000000017,10.568066290217018,2025-05-05,38.0
12.372000000003029,14.131365405382882,2025-05-05,39.0
13.18800000000192,14.574379809545821,2025-05-06,1.0
13.295999999987544,20.998183210431847,2025-05-06,2.0
11.2500000000038,18.86805611809514,2025-05-06,3.0
10.2960000000021,13.93083562114157,2025-05-06,4.0
10.2580000000054,12.88240689523782,2025-05-06,5.0
50.83199999999488,37.61645151276593,2025-05-06,6.0
24.80000000000291,28.442132052009622,2025-05-06,7.0
22.531999999999243,20.15488767132073,2025-05-06,8.0
21.839999999996508,19.54801982805946,2025-05-06,9.0
24.55999999999767,20.220720145652447,2025-05-06,10.0
17.599999999998545,18.45159708354022,2025-05-06,11.0
7.530000000002474,11.100247605613754,2025-05-06,12.0
18.79200000000128,13.706638119809535,2025-05-06,13.0
19.02799999999843,21.386397296563384,2025-05-06,14.0
20.332000000002157,18.070754960636204,2025-05-06,15.0
20.419999999998254,19.146262904957958,2025-05-06,16.0
8.419999999998254,7.5707462158728225,2025-05-06,17.0
10.572000000000116,17.53627712990889,2025-05-06,18.0
14.090000000000146,16.429239095238025,2025-05-06,19.0
9.52000000000287,12.481954564553067,2025-05-06,20.0
35.7109999999995,29.99523163682555,2025-05-06,21.0
14.1199999999962,7.9816962380951635,2025-05-06,22.0
26.18000000000029,27.747655854487896,2025-05-06,23.0
14.239999999997965,18.84590914832256,2025-05-06,24.0
11.6399999999994,13.606202095237965,2025-05-06,25.0
12.75999999999476,11.907892365427202,2025-05-06,26.0
8.60000000000582,13.573727170783332,2025-05-06,27.0
10.96799999999348,13.454628789257638,2025-05-06,28.0
29.9320000000007,26.963450757404008,2025-05-06,29.0
0.0,13.053810853332964,2025-05-06,30.0
28.0,28.33578977798124,2025-05-06,31.0
41.16800000000512,30.537002873793742,2025-05-06,32.0
10.7200000000012,14.476463590476227,2025-05-06,33.0
19.05199999999604,17.01344133250604,2025-05-06,34.0
30.62000000000262,29.053950971290146,2025-05-06,35.0
10.739999999997965,15.299970333333441,2025-05-06,36.0
27.80800000000454,24.89063787941297,2025-05-06,37.0
10.2800000000011,11.45270718417885,2025-05-06,38.0
13.20799999999872,11.692264361588713,2025-05-06,39.0
9.31099999999808,14.44965753011229,2025-05-07,1.0
25.960000000006403,22.568690921609328,2025-05-07,2.0
22.5,17.416632855237935,2025-05-07,3.0
8.8228000000078,14.86592978267376,2025-05-07,4.0
20.599999999998545,13.444519530158642,2025-05-07,5.0
48.35199999999895,41.91951270222236,2025-05-07,6.0
32.59999999999127,27.111721783826848,2025-05-07,7.0
17.735999999997148,22.053403753546515,2025-05-07,8.0
19.12000000000262,17.84600852997395,2025-05-07,9.0
21.132000000005064,20.308946131929325,2025-05-07,10.0
16.8228000000005,17.20778725418466,2025-05-07,11.0
8.919999999998254,8.97399547260394,2025-05-07,12.0
13.831999999994878,15.03205704306893,2025-05-07,13.0
23.0,24.405812239308233,2025-05-07,14.0
23.296000000002092,19.263583157718536,2025-05-07,15.0
22.728000000002798,19.96230920711236,2025-05-07,16.0
5.31000000000131,6.196156173333364,2025-05-07,17.0
20.860000000000586,19.34172303927894,2025-05-07,18.0
16.109999999996944,17.10376974354078,2025-05-07,19.0
11.2679999999964,13.097371822317907,2025-05-07,20.0
30.2280000000052,28.67576939551067,2025-05-07,21.0
20.6628000000043,9.692565015873056,2025-05-07,22.0
27.07200000000012,26.83197304797214,2025-05-07,23.0
20.2800000000011,20.043783390504647,2025-05-07,24.0
17.028000000005704,14.780448641320078,2025-05-07,25.0
14.260000000002035,13.89024937989943,2025-05-07,26.0
17.07999999999447,13.891983576087686,2025-05-07,27.0
8.680000000000291,14.117563542797951,2025-05-07,28.0
27.72799999999552,27.68924055978605,2025-05-07,29.0
3.127999999996973,11.765851199999748,2025-05-07,30.0
28.00800000000163,25.721410911782062,2025-05-07,31.0
27.2879999999958,31.421684923809828,2025-05-07,32.0
12.1428000000002,15.003194171428415,2025-05-07,33.0
16.668000000005122,18.662839761725447,2025-05-07,34.0
45.96800000000076,26.283653829092966,2025-05-07,35.0
18.29200000000128,15.821453889523642,2025-05-07,36.0
10.4280000000023,25.596464783549706,2025-05-07,37.0
17.07999999999811,11.629062121708596,2025-05-07,38.0
14.239999999997965,13.86206810368583,2025-05-07,39.0
8.60000000000582,12.98129075967761,2025-05-08,1.0
31.839999999996508,23.402806121868696,2025-05-08,2.0
25.49199999999837,17.852892948571665,2025-05-08,3.0
12.1099999999953,14.37431174033062,2025-05-08,4.0
10.8628000000014,13.404963799999678,2025-05-08,5.0
43.48800000000483,41.93283258031718,2025-05-08,6.0
26.32800000000861,29.800833844910315,2025-05-08,7.0
28.12000000000262,25.233656888888962,2025-05-08,8.0
20.959999999999127,18.864374625379472,2025-05-08,9.0
25.5199999999968,22.70861488888889,2025-05-08,10.0
11.148000000001,17.006779921735987,2025-05-08,11.0
10.3100000000013,8.668035034878333,2025-05-08,12.0
12.8280000000038,16.079223231296865,2025-05-08,13.0
21.4320000000007,24.35999782222224,2025-05-08,14.0
19.752000000000407,21.140625206687155,2025-05-08,15.0
17.97200000000157,21.345489627974985,2025-05-08,16.0
4.93999999999869,6.881357169639187,2025-05-08,17.0
9.72000000000106,16.55987935096613,2025-05-08,18.0
17.010000000002037,17.84347660496363,2025-05-08,19.0
12.62000000000262,11.364558198311032,2025-05-08,20.0
25.536000000000055,32.37740942429458,2025-05-08,21.0
20.495999999999185,10.493608998428089,2025-05-08,22.0
10.9279999999999,31.436486761624426,2025-05-08,23.0
29.20799999999872,20.634990683536714,2025-05-08,24.0
17.7109999999995,14.50956023344637,2025-05-08,25.0
12.4280000000023,13.285484067663775,2025-05-08,26.0
10.7800000000061,16.20892299160244,2025-05-08,27.0
11.2720000000045,13.728238281371036,2025-05-08,28.0
11.5200000000041,28.052961207126057,2025-05-08,29.0
6.49199999999837,12.92067891428563,2025-05-08,30.0
36.48000000001048,27.585597448354385,2025-05-08,31.0
31.888000000006286,31.673725277864765,2025-05-08,32.0
13.080000000001746,14.910328719377858,2025-05-08,33.0
18.90799999999581,18.818277601270076,2025-05-08,34.0
31.743999999998778,26.874685877076956,2025-05-08,35.0
17.855999999999767,15.606436295238073,2025-05-08,36.0
21.24799999999232,28.04427053832021,2025-05-08,37.0
10.3199999999997,9.745365322054822,2025-05-08,38.0
21.26000000000204,13.625069780788504,2025-05-08,39.0
14.299999999995634,14.099186814721797,2025-05-09,1.0
23.0280000000081,19.23189865993481,2025-05-09,2.0
20.599999999998545,17.78028753714296,2025-05-09,3.0
10.6800000000076,12.53539639497099,2025-05-09,4.0
2.2559999999939464,13.847078138095045,2025-05-09,5.0
43.9519999999975,38.49352868212945,2025-05-09,6.0
27.23200000000361,24.94385044918535,2025-05-09,7.0
16.5428000000017,21.558769417778084,2025-05-09,8.0
20.652000000001863,19.15348326561648,2025-05-09,9.0
18.37600000000384,23.155965359365325,2025-05-09,10.0
13.279999999998836,17.974604324697125,2025-05-09,11.0
10.5099999999984,9.812104266321889,2025-05-09,12.0
11.1359999999986,14.894025164573351,2025-05-09,13.0
21.419999999998254,21.55004579085648,2025-05-09,14.0
23.919999999998254,21.58248951113477,2025-05-09,15.0
18.50800000000163,20.95448145185665,2025-05-09,16.0
10.600000000002185,6.99078253015868,2025-05-09,17.0
12.479999999995924,16.14202849985343,2025-05-09,18.0
16.360000000000582,15.976698563444668,2025-05-09,19.0
7.580000000001746,13.21207190307797,2025-05-09,20.0
23.31999999999971,25.538817888888914,2025-05-09,21.0
21.891999999999825,12.568253474520816,2025-05-09,22.0
19.6079999999929,23.045958578339786,2025-05-09,23.0
24.720000000001164,19.305792382090832,2025-05-09,24.0
16.52799999999843,14.882937937487721,2025-05-09,25.0
11.1199999999962,13.219677239462522,2025-05-09,26.0
10.6800000000003,13.758834196884468,2025-05-09,27.0
10.1399999999994,14.428180489991716,2025-05-09,28.0
10.5109999999952,26.557126318756016,2025-05-09,29.0
10.9320000000007,9.89693616380931,2025-05-09,30.0
19.55199999999604,26.834699063521782,2025-05-09,31.0
33.36800000000221,29.986982223636474,2025-05-09,32.0
35.8119999999989,14.7668394662606,2025-05-09,33.0
9.232000000003609,16.243610359210074,2025-05-09,34.0
18.987999999997555,27.95196444507929,2025-05-09,35.0
13.1199999999962,13.056438583765393,2025-05-09,36.0
28.04800000000978,22.401820795996,2025-05-09,37.0
14.420000000001892,12.740591148901755,2025-05-09,38.0
13.228000000002794,12.900529149969369,2025-05-09,39.0
10.5280000000009,13.092976146264286,2025-05-10,1.0
11.5199999999895,19.7664015299022,2025-05-10,2.0
16.108000000000175,19.124275601876146,2025-05-10,3.0
10.831999999994878,13.75919418154681,2025-05-10,4.0
17.692000000002736,12.901881966215784,2025-05-10,5.0
46.36000000000058,36.85253075678612,2025-05-10,6.0
26.127999999996973,25.51352219674607,2025-05-10,7.0
22.00800000000163,21.68810943396805,2025-05-10,8.0
16.19999999999709,20.194465199034877,2025-05-10,9.0
20.49199999999837,23.21209975909944,2025-05-10,10.0
14.0280000000009,16.273137246031713,2025-05-10,11.0
10.659999999999854,11.527778556682973,2025-05-10,12.0
10.3039999999964,14.745155331271878,2025-05-10,13.0
24.708000000005995,20.49762353752324,2025-05-10,14.0
21.36800000000221,18.302688895812594,2025-05-10,15.0
19.471999999994296,23.016830923184244,2025-05-10,16.0
4.919999999998254,7.78335462857135,2025-05-10,17.0
26.80800000000454,17.48691120571439,2025-05-10,18.0
23.2599999999985,16.3550429301811,2025-05-10,19.0
18.55999999999767,12.303737415549506,2025-05-10,20.0
27.75999999999476,25.42108120601879,2025-05-10,21.0
13.4109999999966,14.098460570046681,2025-05-10,22.0
26.6628000000043,24.92359707757644,2025-05-10,23.0
18.2879999999958,19.991615905369706,2025-05-10,24.0
16.30399999999645,17.035753937460214,2025-05-10,25.0
7.52800000000087,13.407545886755925,2025-05-10,26.0
11.6079999999929,14.219886176356315,2025-05-10,27.0
12.4280000000023,15.018251862621874,2025-05-10,28.0
32.0679999999993,21.926015253032332,2025-05-10,29.0
2.495999999999185,14.990911187532124,2025-05-10,30.0
22.728000000002798,26.305058013399005,2025-05-10,31.0
30.4280000000023,30.84295449911309,2025-05-10,32.0
35.37200000000303,15.680759876292594,2025-05-10,33.0
10.7599999999948,16.724426769184348,2025-05-10,34.0
71.89199999999983,29.10957540620135,2025-05-10,35.0
14.5428000000017,13.933749543112004,2025-05-10,36.0
32.32799999999406,21.687408705762785,2025-05-10,37.0
9.559999999997672,12.096462905525064,2025-05-10,38.0
11.7319999999963,15.760384804576761,2025-05-10,39.0
8.28800000000309,11.190191656836504,2025-05-11,1.0
25.92000000001281,27.146979831999158,2025-05-11,2.0
17.18000000000029,20.75820918736456,2025-05-11,3.0
10.9428000000031,12.303266553795131,2025-05-11,4.0
13.919999999998254,9.875828484062495,2025-05-11,5.0
48.85599999999977,42.2678287409412,2025-05-11,6.0
26.62399999999616,26.602478564616526,2025-05-11,7.0
25.487999999997555,26.475337099754245,2025-05-11,8.0
24.09599999999773,21.373783978672645,2025-05-11,9.0
24.18000000000029,26.31168106314032,2025-05-11,10.0
11.5079999999944,15.806393766523424,2025-05-11,11.0
12.319999999999707,9.245101087545974,2025-05-11,12.0
12.92000000000553,14.067987150894764,2025-05-11,13.0
24.1119999999946,26.490590684265143,2025-05-11,14.0
14.61200000000099,23.573432942528594,2025-05-11,15.0
22.00800000000163,23.76869228537781,2025-05-11,16.0
6.690000000002328,8.035806619047612,2025-05-11,17.0
13.19199999999546,17.403283624799712,2025-05-11,18.0
21.18000000000029,17.123044884739997,2025-05-11,19.0
23.0,8.035522136450286,2025-05-11,20.0
18.27200000000448,26.208836718280832,2025-05-11,21.0
16.8428802253106,19.63087222354699,2025-05-11,22.0
29.855999999999767,25.984984902734272,2025-05-11,23.0
18.7428000000061,21.556686919800867,2025-05-11,24.0
9.68800000000192,17.176193223613154,2025-05-11,25.0
13.18800000000192,14.766994787494488,2025-05-11,26.0
17.960000000006403,13.625189205254161,2025-05-11,27.0
10.0599999999977,12.10354061297601,2025-05-11,28.0
29.2500000000038,24.616406112081425,2025-05-11,29.0
18.68000000000029,11.555139066667,2025-05-11,30.0
25.239999999990687,27.194510716684505,2025-05-11,31.0
25.75999999999476,35.82531691809527,2025-05-11,32.0
28.2579999999981,18.790289937891693,2025-05-11,33.0
16.512000000002445,17.7992743777776,2025-05-11,34.0
57.27999999999884,25.24886602528609,2025-05-11,35.0
17.02799999999843,13.094356763634647,2025-05-11,36.0
18.839999999996508,24.245820477855116,2025-05-11,37.0
14.639999999999418,10.845883693776035,2025-05-11,38.0
11.7079999999987,17.17758374412698,2025-05-11,39.0
8.051999999996042,11.949008663783296,2025-05-12,1.0
29.295999999987544,22.23236017142839,2025-05-12,2.0
17.700000000004366,20.22751977270478,2025-05-12,3.0
10.1039999999921,13.205686683988192,2025-05-12,4.0
13.82800000000134,10.94736410320312,2025-05-12,5.0
51.12000000000262,45.40116328019945,2025-05-12,6.0
27.4119999999974,25.147189653673966,2025-05-12,7.0
26.012000000002445,21.949278070665873,2025-05-12,8.0
19.4320000000007,25.580749102917363,2025-05-12,9.0
22.959999999999127,23.12031440190446,2025-05-12,10.0
11.1600000000035,14.653445154317673,2025-05-12,11.0
9.729999999999563,9.47064469949158,2025-05-12,12.0
31.288000000000466,13.139507022000652,2025-05-12,13.0
24.139999999999414,22.538710905028147,2025-05-12,14.0
20.867999999994936,21.813211559269632,2025-05-12,15.0
16.4280000000023,22.766826830389764,2025-05-12,16.0
10.43999999999869,7.0319024978355795,2025-05-12,17.0
13.580000000001746,18.973055954916024,2025-05-12,18.0
18.02999999999884,16.137135454748268,2025-05-12,19.0
11.6520000000018,11.496137316422901,2025-05-12,20.0
33.35199999999895,27.46424572789695,2025-05-12,21.0
28.048000000002503,16.263480713852406,2025-05-12,22.0
29.27199999999721,23.42069242581171,2025-05-12,23.0
26.919999999998254,21.45945475068272,2025-05-12,24.0
17.30000000000291,15.733551003174698,2025-05-12,25.0
9.131999999997788,13.494547842120577,2025-05-12,26.0
13.591999999996917,17.15458287943547,2025-05-12,27.0
10.0999999999985,11.92760484954017,2025-05-12,28.0
29.99199999999837,24.138254828189325,2025-05-12,29.0
9.50280000000081,10.54931149714249,2025-05-12,30.0
39.24800000000687,23.964452257309507,2025-05-12,31.0
32.736000000004424,34.6787012121606,2025-05-12,32.0
28.943999999995867,23.2519952371969,2025-05-12,33.0
14.880000000004657,18.230874823514238,2025-05-12,34.0
66.01600000000326,41.840103989206675,2025-05-12,35.0
12.459999999999129,13.6057272623341,2025-05-12,36.0
26.2539999999973,23.07976571441756,2025-05-12,37.0
11.2700000000004,12.398959381863795,2025-05-12,38.0
14.031999999999243,15.09126028308586,2025-05-12,39.0
8.427999999999884,12.98689279626307,2025-05-13,1.0
16.2628000000101,19.47179546984089,2025-05-13,2.0
18.739999999997963,20.56790534368814,2025-05-13,3.0
9.58280000000256,14.984795689842173,2025-05-13,4.0
8.49199999999837,13.966520402188207,2025-05-13,5.0
32.891999999999825,41.68452548981032,2025-05-13,6.0
31.48000000001048,26.5147073400448,2025-05-13,7.0
21.459999999999127,20.589363549740007,2025-05-13,8.0
22.031999999999243,22.58782778440731,2025-05-13,9.0
22.728000000002798,20.362373075372588,2025-05-13,10.0
16.10399999999936,14.441237935673689,2025-05-13,11.0
11.3300000000017,10.269215744774256,2025-05-13,12.0
16.459999999999127,13.90482070559992,2025-05-13,13.0
23.57200000000012,20.162737137561212,2025-05-13,14.0
11.0520000000033,21.87466972183009,2025-05-13,15.0
10.9320000000007,20.511940713214702,2025-05-13,16.0
4.25000000000011,6.966739031745833,2025-05-13,17.0
17.747999999999593,17.601514498647507,2025-05-13,18.0
18.51000000000204,19.46799143689898,2025-05-13,19.0
17.919999999998254,13.280890005507997,2025-05-13,20.0
23.987999999997555,25.909706998841056,2025-05-13,21.0
11.9280000000023,19.11532185787666,2025-05-13,22.0
25.4800000000032,22.014728032885355,2025-05-13,23.0
11.775999999998,20.330216153765203,2025-05-13,24.0
9.919999999998254,14.541965006972339,2025-05-13,25.0
10.6520000000018,12.973164343791135,2025-05-13,26.0
13.072000000000116,16.210949631124237,2025-05-13,27.0
18.30000000000291,13.219539718561066,2025-05-13,28.0
28.21600000000035,22.574758821284558,2025-05-13,29.0
0.0,9.674302824675623,2025-05-13,30.0
19.9360000000011,23.04859846698591,2025-05-13,31.0
33.463999999992666,33.27320155885511,2025-05-13,32.0
9.376000000003842,21.584822561275452,2025-05-13,33.0
16.535999999992782,17.23283578031733,2025-05-13,34.0
36.4109999999966,38.205983824981786,2025-05-13,35.0
19.60000000000582,15.387527274262427,2025-05-13,36.0
25.542800000009,21.401778338661256,2025-05-13,37.0
11.2299999999996,12.351202099980748,2025-05-13,38.0
18.2500000000038,15.283854747624375,2025-05-13,39.0
21.67199999999866,13.429507452025131,2025-05-14,1.0
25.6119999999945,24.230817900952403,2025-05-14,2.0
20.5199999999968,18.369953859089044,2025-05-14,3.0
8.360000000000582,14.11755521239846,2025-05-14,4.0
13.580000000001746,12.413630558462613,2025-05-14,5.0
37.45999999999913,45.53298764901546,2025-05-14,6.0
23.519999999989523,26.229085209341537,2025-05-14,7.0
24.79200000000128,24.014109811300898,2025-05-14,8.0
22.880000000004657,21.715382292088808,2025-05-14,9.0
21.063999999998487,22.01505273188555,2025-05-14,10.0
13.927999999999884,15.058067474654388,2025-05-14,11.0
9.399999999997815,10.49884071732269,2025-05-14,12.0
10.1099999999953,18.537802024541033,2025-05-14,13.0
22.456000000005588,23.232032405851438,2025-05-14,14.0
22.4280000000023,21.989188464019524,2025-05-14,15.0
22.860000000000586,18.595090179796816,2025-05-14,16.0
5.209999999999127,7.671606380952139,2025-05-14,17.0
11.9428000000031,16.566832419047834,2025-05-14,18.0
16.289999999997235,17.887489807544796,2025-05-14,19.0
16.68000000000029,13.352986601130478,2025-05-14,20.0
27.708000000005995,25.544182209692707,2025-05-14,21.0
18.5879999999961,16.869401612823932,2025-05-14,22.0
31.19999999999709,21.59677194482182,2025-05-14,23.0
27.73200000000361,25.044983712148966,2025-05-14,24.0
11.5199999999968,16.145581213678376,2025-05-14,25.0
14.455999999998312,11.765778528721874,2025-05-14,26.0
17.788000000000466,13.234359789974556,2025-05-14,27.0
10.69999999999709,13.09449750555768,2025-05-14,28.0
24.692000000002736,20.105952049536103,2025-05-14,29.0
14.288000000000466,11.651861771428383,2025-05-14,30.0
30.75199999999313,25.241706835549106,2025-05-14,31.0
32.98399999999674,31.425583685714095,2025-05-14,32.0
25.652000000001863,24.89116508123666,2025-05-14,33.0
9.12000000000262,18.967528799537153,2025-05-14,34.0
18.80000000000291,42.52697656109143,2025-05-14,35.0
14.919999999998254,16.993572935350397,2025-05-14,36.0
28.39999999999418,21.654013157831677,2025-05-14,37.0
10.530000000002474,13.01391519209972,2025-05-14,38.0
14.739999999997965,16.164181438095312,2025-05-14,39.0
6.608000000000175,11.729732296336872,2025-05-15,1.0
32.95200000000477,22.86936975495277,2025-05-15,2.0
18.360000000000586,22.25880608634914,2025-05-15,3.0
14.495999999999183,14.417182627631655,2025-05-15,4.0
5.71099999999953,12.961990844829034,2025-05-15,5.0
35.0280000000009,44.27310491441546,2025-05-15,6.0
30.672000000005937,28.910479009734274,2025-05-15,7.0
17.46799999999348,20.791571847886168,2025-05-15,8.0
19.52799999999843,19.952887142941865,2025-05-15,9.0
10.2799999999988,24.073432325602568,2025-05-15,10.0
24.847999999998137,14.6508565875405,2025-05-15,11.0
12.2800000000011,10.741859003950465,2025-05-15,12.0
16.720000000001164,18.265121229695637,2025-05-15,13.0
21.9320000000007,22.81661698700226,2025-05-15,14.0
20.252000000000407,19.937005926604368,2025-05-15,15.0
17.847999999998137,17.478532509201205,2025-05-15,16.0
4.10999999999898,6.985414363809757,2025-05-15,17.0
16.047999999995227,14.630171119138607,2025-05-15,18.0
21.790000000000877,18.560244594911733,2025-05-15,19.0
16.747999999999593,14.577133971428582,2025-05-15,20.0
25.2799999999988,25.082898401613082,2025-05-15,21.0
18.812000000005355,18.634643902480683,2025-05-15,22.0
30.27999999999884,22.177347477026338,2025-05-15,23.0
33.90799999999581,22.913964891598926,2025-05-15,24.0
16.228000000002794,13.513166552381,2025-05-15,25.0
10.7028000000052,11.507085525768547,2025-05-15,26.0
14.932000000000698,13.900038759254397,2025-05-15,27.0
14.62000000000262,13.50434703522053,2025-05-15,28.0
28.239999999997963,22.895550768390713,2025-05-15,29.0
6.880000000004657,10.477088949494993,2025-05-15,30.0
21.79200000000128,26.534465779047785,2025-05-15,31.0
25.472000000008848,31.75415341796446,2025-05-15,32.0
25.07999999999447,23.960631386694942,2025-05-15,33.0
28.2628000000029,17.337255380317448,2025-05-15,34.0
13.360000000000582,39.78381967178049,2025-05-15,35.0
8.419999999998254,15.43399087099008,2025-05-15,36.0
38.1020000000083,25.685617209378293,2025-05-15,37.0
12.0099999999984,12.589904661802825,2025-05-15,38.0
18.30000000000291,14.93469236067458,2025-05-15,39.0
8.351999999998952,14.86057279068531,2025-05-16,1.0
26.351999999998952,23.003447586062556,2025-05-16,2.0
14.2500000000038,22.12452279806292,2025-05-16,3.0
8.479999999995925,14.579412030476092,2025-05-16,4.0
10.656000000002678,12.815286770745681,2025-05-16,5.0
27.031999999999243,35.49373605096473,2025-05-16,6.0
23.648000000001048,26.505605393009184,2025-05-16,7.0
18.05200000000332,22.260496357957518,2025-05-16,8.0
19.220000000001164,20.563728403283083,2025-05-16,9.0
25.2879999999958,22.34655510261768,2025-05-16,10.0
20.55200000000332,14.825151983556816,2025-05-16,11.0
8.330000000001746,9.106090678633995,2025-05-16,12.0
13.12000000000262,18.919887570016567,2025-05-16,13.0
25.091999999996915,22.242364780756464,2025-05-16,14.0
21.0399999999936,20.932429109949826,2025-05-16,15.0
19.2109999999995,16.492854245603194,2025-05-16,16.0
10.420000000001892,7.886551329524038,2025-05-16,17.0
16.351999999998952,15.319415838095233,2025-05-16,18.0
17.69000000000233,18.65735672387325,2025-05-16,19.0
10.307999999997264,15.189100387159566,2025-05-16,20.0
27.1099999999953,24.379898378216275,2025-05-16,21.0
32.799999999995634,19.857383639051225,2025-05-16,22.0
27.0880000000025,22.85359716385986,2025-05-16,23.0
20.631999999997788,22.76610658038256,2025-05-16,24.0
11.1428000000002,13.299526251576758,2025-05-16,25.0
5.41199999999744,11.024272535167388,2025-05-16,26.0
11.2799999999988,15.369551946266743,2025-05-16,27.0
9.099999999998545,14.26492249909101,2025-05-16,28.0
28.50800000000163,23.986686475163143,2025-05-16,29.0
0.2879999999931897,9.269491257024628,2025-05-16,30.0
33.85599999999977,28.67925291481018,2025-05-16,31.0
26.18399999999383,31.481398893573775,2025-05-16,32.0
27.9320000000007,23.153176350265753,2025-05-16,33.0
16.447999999996682,17.053753335351676,2025-05-16,34.0
33.49199999999837,32.375069438698915,2025-05-16,35.0
10.6280000000042,15.402247718847844,2025-05-16,36.0
29.21600000000035,25.185166793607262,2025-05-16,37.0
13.979999999999563,13.11891101185327,2025-05-16,38.0
12.82800000000134,14.397720509717788,2025-05-16,39.0
14.9280000000023,13.25814980867394,2025-05-17,1.0
21.55999999999767,24.078604651621994,2025-05-17,2.0
16.868000000002212,18.145082825492366,2025-05-17,3.0
8.90280000000955,14.617977442539576,2025-05-17,4.0
7.031999999999243,14.961281519683101,2025-05-17,5.0
27.0280000000009,32.871127505557126,2025-05-17,6.0
28.663999999989755,27.295786124179244,2025-05-17,7.0
27.976000000002387,19.230890164633887,2025-05-17,8.0
17.580000000001746,19.93520327018458,2025-05-17,9.0
18.12000000000262,18.887278311454388,2025-05-17,10.0
13.527999999998428,15.408706885079393,2025-05-17,11.0
10.0999999999985,8.818055764157918,2025-05-17,12.0
17.69199999999546,17.920884789364045,2025-05-17,13.0
24.080000000001743,22.05464241841295,2025-05-17,14.0
18.18800000000192,19.267051859150094,2025-05-17,15.0
13.091999999996917,16.214731176524072,2025-05-17,16.0
4.10000000000058,6.64122092317455,2025-05-17,17.0
12.548000000002505,15.227297402062636,2025-05-17,18.0
13.109999999996944,17.391337754864413,2025-05-17,19.0
11.7920000000013,15.59556747301581,2025-05-17,20.0
21.639999999999414,25.041598459135873,2025-05-17,21.0
23.139999999999414,16.06879014815939,2025-05-17,22.0
28.87999999999738,25.205343104157656,2025-05-17,23.0
22.927999999999884,24.684228037318565,2025-05-17,24.0
8.247999999999593,12.465118758458242,2025-05-17,25.0
7.292000000001281,11.101161250187285,2025-05-17,26.0
11.6960000000036,15.144247376507876,2025-05-17,27.0
8.851999999998952,13.871388558904505,2025-05-17,28.0
26.8109999999981,25.36191717460637,2025-05-17,29.0
0.132000000005064,9.497323975204928,2025-05-17,30.0
22.53600000000733,23.526315868353688,2025-05-17,31.0
27.320000000006985,30.791158512294043,2025-05-17,32.0
45.38799999999901,23.062643522388964,2025-05-17,33.0
13.0,17.40002128982169,2025-05-17,34.0
24.46800000000076,38.35462027638339,2025-05-17,35.0
12.439999999995052,14.403939999999784,2025-05-17,36.0
21.57599999998638,27.71948763331899,2025-05-17,37.0
11.4600000000028,11.621930253366758,2025-05-17,38.0
17.252000000000407,14.172735973646304,2025-05-17,39.0
10.4800000000032,12.693811382020689,2025-05-18,1.0
21.24799999999232,24.332473873181982,2025-05-18,2.0
18.023999999997613,16.733201777164048,2025-05-18,3.0
10.80000000000291,13.472277571349245,2025-05-18,4.0
1.52800000000087,12.490942272239273,2025-05-18,5.0
28.6399999999994,32.18418087330017,2025-05-18,6.0
30.680000000007567,24.131454877717864,2025-05-18,7.0
23.903999999994998,22.356349950100128,2025-05-18,8.0
25.87999999999738,19.856289517460354,2025-05-18,9.0
11.6800000000003,20.320470242264992,2025-05-18,10.0
14.531999999999243,15.7697285999262,2025-05-18,11.0
9.25,7.860731764914897,2025-05-18,12.0
9.416000000004717,16.201782894976468,2025-05-18,13.0
26.97599999999511,23.676866911593997,2025-05-18,14.0
18.46800000000076,18.483424318812038,2025-05-18,15.0
8.668000000005122,15.64459714252432,2025-05-18,16.0
5.369999999998981,6.5017600342857245,2025-05-18,17.0
16.9000000000011,12.985664054091114,2025-05-18,18.0
12.220000000001164,17.84423928069929,2025-05-18,19.0
17.4280000000023,13.85588820016645,2025-05-18,20.0
29.372000000003027,23.84702876640048,2025-05-18,21.0
20.59200000000419,18.019308594517128,2025-05-18,22.0
36.37200000000303,26.378476602034404,2025-05-18,23.0
27.4628000000072,23.648092458859367,2025-05-18,24.0
17.591999999996915,13.035036072481885,2025-05-18,25.0
13.187999999994643,11.892145996021776,2025-05-18,26.0
11.5839999999953,15.086464629876108,2025-05-18,27.0
10.135999999998605,13.799054274652525,2025-05-18,28.0
25.7200000000012,26.784085612497574,2025-05-18,29.0
14.619999999995343,9.740318460606144,2025-05-18,30.0
32.59199999998964,26.642004159526262,2025-05-18,31.0
32.03199999999197,30.468049919047463,2025-05-18,32.0
35.50800000000163,22.617137357969938,2025-05-18,33.0
22.139999999999414,15.816235332163474,2025-05-18,34.0
35.86800000000221,33.07848752291331,2025-05-18,35.0
16.5428000000017,13.53688822712065,2025-05-18,36.0
35.80000000000291,27.110382336905655,2025-05-18,37.0
14.539999999997235,12.231414155516728,2025-05-18,38.0
14.19999999999709,14.552225851647693,2025-05-18,39.0
13.57999999999447,13.967887943434794,2025-05-19,1.0
23.0228000000049,26.254663184637156,2025-05-19,2.0
18.5879999999961,20.634528676190406,2025-05-19,3.0
10.255999999993946,14.055600648321041,2025-05-19,4.0
2.11999999999622,11.430350102789662,2025-05-19,5.0
32.57600000000093,35.48646995272893,2025-05-19,6.0
25.36800000000221,28.630328989056583,2025-05-19,7.0
16.096000000005006,21.459507738983575,2025-05-19,8.0
17.260000000002037,22.42041414603166,2025-05-19,9.0
22.5280000000009,23.220614372491152,2025-05-19,10.0
14.531999999999243,17.8743117715874,2025-05-19,11.0
7.819999999999709,10.923303269156563,2025-05-19,12.0
16.271999999997206,19.12016237604191,2025-05-19,13.0
32.76000000000204,21.173821061286517,2025-05-19,14.0
21.332000000002157,18.75051665961883,2025-05-19,15.0
19.091999999996915,18.86229592131761,2025-05-19,16.0
4.43999999999869,6.6572239333334435,2025-05-19,17.0
16.968000000000757,15.381621671918642,2025-05-19,18.0
10.4599999999991,18.618169392381873,2025-05-19,19.0
16.512000000002445,15.641264172510612,2025-05-19,20.0
24.10800000000017,23.621511311572487,2025-05-19,21.0
10.6559999999954,21.226130952617176,2025-05-19,22.0
27.012000000002445,28.18882378530847,2025-05-19,23.0
17.479999999995925,19.608663516496712,2025-05-19,24.0
12.888000000006286,13.693830003320013,2025-05-19,25.0
6.92000000000553,10.7176877623725,2025-05-19,26.0
11.648000000001,15.331292264189994,2025-05-19,27.0
10.492000000005646,14.010296793722459,2025-05-19,28.0
25.5280000000009,28.390831956871512,2025-05-19,29.0
1.0320000000065193,9.092207949495016,2025-05-19,30.0
20.89600000000792,28.915572884168096,2025-05-19,31.0
28.5828000000026,31.378697020634803,2025-05-19,32.0
30.99199999999837,28.591063480018857,2025-05-19,33.0
14.572000000000116,18.097712403116212,2025-05-19,34.0
38.67199999999866,31.084112687491086,2025-05-19,35.0
12.987999999997555,13.185757015469132,2025-05-19,36.0
28.760000000009317,27.934666745826853,2025-05-19,37.0
11.0900000000001,13.756317845752717,2025-05-19,38.0
19.091999999996915,16.40324400065698,2025-05-19,39.0
14.060000000004948,12.646666285107358,2025-05-20,1.0
23.952000000004773,24.90834565095293,2025-05-20,2.0
14.732000000003609,19.135321570456657,2025-05-20,3.0
9.99199999999837,13.58413753541128,2025-05-20,4.0
10.6520000000018,10.099518344720325,2025-05-20,5.0
42.37199999999575,29.13771482730133,2025-05-20,6.0
25.512000000002445,27.970432523473576,2025-05-20,7.0
11.3109999999981,23.17615592996118,2025-05-20,8.0
19.9320000000007,23.291299808253854,2025-05-20,9.0
12.239999999997965,20.584770107968076,2025-05-20,10.0
11.8000000000029,17.741438034285586,2025-05-20,11.0
12.389999999999418,11.177153356114875,2025-05-20,12.0
10.0319999999992,14.747372162539873,2025-05-20,13.0
28.5828000000026,24.190217781865115,2025-05-20,14.0
14.919999999998254,19.960940461246665,2025-05-20,15.0
10.12800000000425,15.209182861946237,2025-05-20,16.0
8.610000000000582,6.465414936507837,2025-05-20,17.0
20.57200000000012,15.177956427497943,2025-05-20,18.0
20.610000000000586,16.26594631240682,2025-05-20,19.0
16.0879999999961,15.324175859878885,2025-05-20,20.0
27.951999999997497,24.25031780954861,2025-05-20,21.0
36.222800000002,20.91808432811451,2025-05-20,22.0
33.427999999999884,30.017035038095244,2025-05-20,23.0
25.427999999999884,23.63188552300459,2025-05-20,24.0
11.0799999999945,13.25275565912469,2025-05-20,25.0
13.623999999996158,10.939720142848866,2025-05-20,26.0
13.447999999996682,13.490368169576243,2025-05-20,27.0
10.907999999995807,12.399417709473365,2025-05-20,28.0
30.220000000001164,26.153584240880747,2025-05-20,29.0
0.0,11.85567364126984,2025-05-20,30.0
25.6628000000043,27.03891569015886,2025-05-20,31.0
27.839999999996508,30.628328372921512,2025-05-20,32.0
41.0,26.73237917689815,2025-05-20,33.0
12.12000000000262,17.752055291288087,2025-05-20,34.0
22.5,28.453778295238013,2025-05-20,35.0
12.468000000000757,13.653647579893253,2025-05-20,36.0
16.1199999999889,32.325219231185415,2025-05-20,37.0
10.2800000000011,11.445751621765897,2025-05-20,38.0
12.568000000006576,16.49190044299764,2025-05-20,39.0
14.419999999998254,12.433380769052793,2025-05-21,1.0
19.1759999999922,25.890744037481117,2025-05-21,2.0
19.50800000000163,19.16764828344936,2025-05-21,3.0
10.9759999999951,14.251719781774769,2025-05-21,4.0
8.768000000003667,12.783845380952595,2025-05-21,5.0
44.30000000000291,33.042666201904815,2025-05-21,6.0
29.1759999999922,28.36369060251583,2025-05-21,7.0
14.760000000002035,23.484443784350432,2025-05-21,8.0
18.687999999994645,23.444362516902864,2025-05-21,9.0
27.148000000001048,22.088389940663788,2025-05-21,10.0
23.72799999999552,19.134531296057116,2025-05-21,11.0
9.900000000001455,10.984716958167782,2025-05-21,12.0
25.736000000004424,20.0510970076188,2025-05-21,13.0
25.89600000000064,27.902354642259848,2025-05-21,14.0
20.76000000000204,22.764881397247446,2025-05-21,15.0
24.487999999997555,16.363969991643334,2025-05-21,16.0
8.549999999999272,6.419946120346089,2025-05-21,17.0
19.37999999999738,14.37169666031753,2025-05-21,18.0
19.700000000000728,15.83790718749395,2025-05-21,19.0
14.472000000001572,14.192234483982778,2025-05-21,20.0
23.247999999999596,24.99739114985831,2025-05-21,21.0
12.5880000000025,21.480640007774632,2025-05-21,22.0
30.099999999998545,31.48849900317435,2025-05-21,23.0
22.12000000000262,25.05221523333075,2025-05-21,24.0
9.192000000002736,13.199540976753347,2025-05-21,25.0
18.908000000003085,11.49204524715047,2025-05-21,26.0
20.652000000001863,13.633097592548323,2025-05-21,27.0
19.599999999998545,13.205316577754042,2025-05-21,28.0
30.0679999999993,27.53878876925433,2025-05-21,29.0
10.3199999999997,16.49227788380936,2025-05-21,30.0
18.055999999996857,26.72292877399209,2025-05-21,31.0
26.9828000000103,31.184490627301667,2025-05-21,32.0
41.608000000000175,28.832632572899062,2025-05-21,33.0
10.82800000000134,18.338176799133922,2025-05-21,34.0
48.78800000000047,25.91966466444523,2025-05-21,35.0
19.8280000000038,13.021594230571914,2025-05-21,36.0
37.2000000000106,31.923968085714215,2025-05-21,37.0
13.770000000000437,12.845219925580233,2025-05-21,38.0
20.77999999999884,16.518910381212173,2025-05-21,39.0
10.2719999999972,14.287345093134471,2025-05-22,1.0
22.2880000000104,25.24212342661968,2025-05-22,2.0
19.659999999996217,18.100064558279644,2025-05-22,3.0
14.3828000000055,14.797981337185929,2025-05-22,4.0
6.259999999994761,12.977275251832852,2025-05-22,5.0
26.847999999998137,25.844189565487316,2025-05-22,6.0
32.1828000000084,27.46061265523261,2025-05-22,7.0
24.391999999999825,18.798832959912538,2025-05-22,8.0
19.9280000000023,19.92423232380952,2025-05-22,9.0
9.47200000000117,18.05822011114554,2025-05-22,10.0
21.832000000002157,17.783339923677826,2025-05-22,11.0
4.10999999999898,11.227713154826699,2025-05-22,12.0
33.35199999999895,16.01656811138224,2025-05-22,13.0
26.19999999999709,27.180660273416205,2025-05-22,14.0
20.31999999999971,19.21719137462072,2025-05-22,15.0
9.72000000000106,15.484218452810257,2025-05-22,16.0
5.780000000002474,6.875716304761728,2025-05-22,17.0
17.1120000000018,16.15318002451589,2025-05-22,18.0
11.9599999999991,15.8476937841089,2025-05-22,19.0
12.175999999999476,14.405728503530481,2025-05-22,20.0
27.8628000000014,24.712067952183112,2025-05-22,21.0
11.8600000000006,22.33986846986809,2025-05-22,22.0
38.608000000000175,29.670263877645347,2025-05-22,23.0
21.18000000000029,24.659421549502074,2025-05-22,24.0
17.2879999999958,13.468022982675013,2025-05-22,25.0
10.9280000000023,12.389102330305032,2025-05-22,26.0
11.4199999999983,13.891269491646225,2025-05-22,27.0
14.720000000001164,14.178222432380803,2025-05-22,28.0
27.471999999994296,26.19179662405112,2025-05-22,29.0
0.0959999999977299,7.761265038095081,2025-05-22,30.0
23.222800000002,26.622631282708543,2025-05-22,31.0
32.78399999999965,28.32291582444426,2025-05-22,32.0
14.12000000000262,29.845750708818997,2025-05-22,33.0
17.02799999999843,18.021059737850614,2025-05-22,34.0
4.28000000000146,29.34547532757166,2025-05-22,35.0
26.67199999999866,13.577035251524512,2025-05-22,36.0
21.127999999996973,28.031349022258777,2025-05-22,37.0
16.25,12.888112621970626,2025-05-22,38.0
17.479999999995925,16.329949053014168,2025-05-22,39.0
12.468000000000757,13.291199982953419,2025-05-23,1.0
29.1019999999937,22.20790154269767,2025-05-23,2.0
11.8800000000047,17.193889355772896,2025-05-23,3.0
13.168000000005122,14.801602359230532,2025-05-23,4.0
10.2109999999995,14.65775452127024,2025-05-23,5.0
37.17199999999866,30.660168233181032,2025-05-23,6.0
29.648000000001048,27.646001238068223,2025-05-23,7.0
20.90799999999581,16.605830068490146,2025-05-23,8.0
18.94799999999668,18.433839526165507,2025-05-23,9.0
23.9000000000011,19.083047422713836,2025-05-23,10.0
36.28800000000047,16.198542023527096,2025-05-23,11.0
9.659999999999854,11.483481390552551,2025-05-23,12.0
14.20799999999872,18.728083834059642,2025-05-23,13.0
31.3028000000037,25.946747429638993,2025-05-23,14.0
21.77199999999721,17.942614536911886,2025-05-23,15.0
8.131999999997788,16.6702266399218,2025-05-23,16.0
6.799999999999272,7.0004702253971045,2025-05-23,17.0
11.2960000000021,15.915567047579547,2025-05-23,18.0
13.030000000002474,15.887945091598736,2025-05-23,19.0
18.591999999996915,13.168101468571376,2025-05-23,20.0
26.768000000003667,23.950873829426456,2025-05-23,21.0
24.031999999999243,20.08854747752115,2025-05-23,22.0
30.78399999999965,28.911120659913674,2025-05-23,23.0
18.0199999999968,22.179503075225696,2025-05-23,24.0
14.272000000004482,13.207672239081715,2025-05-23,25.0
7.791999999994005,12.36623236134843,2025-05-23,26.0
16.220000000001164,14.087937433474918,2025-05-23,27.0
11.0639999999985,13.01523711005523,2025-05-23,28.0
31.5280000000009,26.83639018607585,2025-05-23,29.0
7.292000000001281,12.979939161904358,2025-05-23,30.0
37.95199999999022,24.43764537074117,2025-05-23,31.0
32.687999999994645,26.939265645066058,2025-05-23,32.0
14.771999999997206,31.62131320254012,2025-05-23,33.0
10.80000000000291,13.961343289639334,2025-05-23,34.0
4.599999999998545,31.335427949713324,2025-05-23,35.0
13.2879999999958,13.266950866591635,2025-05-23,36.0
22.55999999999767,28.506297036190475,2025-05-23,37.0
17.469999999997526,12.921691909196548,2025-05-23,38.0
18.18800000000192,16.433412666013645,2025-05-23,39.0
10.028000000005704,15.80185785992982,2025-05-24,1.0
21.81600000000617,23.855484005079273,2025-05-24,2.0
16.739999999997963,17.30425689764337,2025-05-24,3.0
11.9199999999983,13.260443325713968,2025-05-24,4.0
3.16000000000259,13.549505273015914,2025-05-24,5.0
30.86800000000221,32.081610918094995,2025-05-24,6.0
25.76799999999639,28.930122820863307,2025-05-24,7.0
16.160000000003492,18.460890141791815,2025-05-24,8.0
30.352000000006228,18.735790582243506,2025-05-24,9.0
16.959999999999127,17.181617073875188,2025-05-24,10.0
23.8280000000038,16.975479166152297,2025-05-24,11.0
12.720000000001164,8.123220741530503,2025-05-24,12.0
10.1319999999978,19.538896511246644,2025-05-24,13.0
30.8119999999989,27.519601037738774,2025-05-24,14.0
14.056000000004133,17.22285525812243,2025-05-24,15.0
24.720000000001164,15.362744805529186,2025-05-24,16.0
5.900000000001455,7.453734741702764,2025-05-24,17.0
13.072000000000116,15.67690354376992,2025-05-24,18.0
14.599999999998545,16.058557088312334,2025-05-24,19.0
17.208000000005995,15.77042668730156,2025-05-24,20.0
30.07200000000012,25.102952947502644,2025-05-24,21.0
24.29599999999482,22.03282614920628,2025-05-24,22.0
32.04799999999523,29.863907986666614,2025-05-24,23.0
22.451999999997497,25.546484309169323,2025-05-24,24.0
9.5199999999968,16.14608069370835,2025-05-24,25.0
16.616000000001804,12.265680877750464,2025-05-24,26.0
19.252000000000407,15.457044006102027,2025-05-24,27.0
13.560000000004948,13.326490787677907,2025-05-24,28.0
30.148000000001048,28.092090209576213,2025-05-24,29.0
2.959999999999127,12.141780571428498,2025-05-24,30.0
21.8628000000014,24.59277027714394,2025-05-24,31.0
33.1120000000018,29.234728392385268,2025-05-24,32.0
14.260000000002035,32.156343090514895,2025-05-24,33.0
18.55199999999604,17.49153440127007,2025-05-24,34.0
4.599999999998545,33.97168817904809,2025-05-24,35.0
11.6628000000043,15.11304501217602,2025-05-24,36.0
29.135999999998603,29.24025717299505,2025-05-24,37.0
11.510000000002,15.101111361642655,2025-05-24,38.0
17.652000000001863,16.254742195321654,2025-05-24,39.0
10.99199999999837,15.50747999343081,2025-05-25,1.0
20.103999999992084,25.489674761999982,2025-05-25,2.0
18.76000000000204,19.471444331371398,2025-05-25,3.0
12.335999999995693,15.616505889202905,2025-05-25,4.0
10.19999999999709,14.165160513015921,2025-05-25,5.0
37.0280000000009,34.59141089206356,2025-05-25,6.0
25.42399999999907,26.51257964190444,2025-05-25,7.0
16.891999999999825,21.266399650676146,2025-05-25,8.0
21.860000000000586,22.807051598783335,2025-05-25,9.0
25.360000000000586,20.52984104737364,2025-05-25,10.0
18.659999999996217,23.454410406637333,2025-05-25,11.0
10.4500000000007,10.5812011418036,2025-05-25,12.0
10.7000000000044,20.19237581437236,2025-05-25,13.0
30.83199999999488,28.186685267719177,2025-05-25,14.0
14.679999999993017,20.94140702152827,2025-05-25,15.0
8.28000000000146,14.316955134789351,2025-05-25,16.0
7.519999999996799,8.104109193650563,2025-05-25,17.0
20.19199999999546,17.3353615824755,2025-05-25,18.0
10.8199999999997,14.99435883889946,2025-05-25,19.0
11.8109999999981,16.519386741642357,2025-05-25,20.0
20.89600000000064,26.92746716848705,2025-05-25,21.0
10.192000000002736,19.33231083353853,2025-05-25,22.0
31.927999999999884,34.56047070063505,2025-05-25,23.0
21.2580000000054,23.852875523510956,2025-05-25,24.0
10.5480000000025,14.312542258943571,2025-05-25,25.0
9.592000000004193,13.679322527583158,2025-05-25,26.0
19.10800000000017,15.63991406199264,2025-05-25,27.0
19.0879999999961,13.869111980661378,2025-05-25,28.0
31.57200000000012,27.28731640125682,2025-05-25,29.0
3.959999999999127,16.498203892063263,2025-05-25,30.0
22.456000000005588,26.273030737530753,2025-05-25,31.0
27.19199999999546,30.441995571891653,2025-05-25,32.0
14.959999999999129,33.72494070176057,2025-05-25,33.0
11.4199999999983,17.150917622738895,2025-05-25,34.0
25.692000000002736,28.541309223003868,2025-05-25,35.0
21.17599999999948,18.28635003805584,2025-05-25,36.0
28.135999999998603,29.501462855215653,2025-05-25,37.0
14.220000000001164,15.372542020054004,2025-05-25,38.0
19.459999999999127,18.242077199839326,2025-05-25,39.0
13.20799999999872,14.684955926262202,2025-05-26,1.0
16.888000000006286,22.333870055872744,2025-05-26,2.0
18.599999999998545,19.584030590476246,2025-05-26,3.0
13.855999999999767,15.272111659579643,2025-05-26,4.0
9.00800000000163,14.530949819047418,2025-05-26,5.0
30.1428000000002,32.162600342857296,2025-05-26,6.0
21.67999999999301,24.933040421702742,2025-05-26,7.0
6.788000000000466,19.458091926649317,2025-05-26,8.0
21.77199999999721,21.180027896434556,2025-05-26,9.0
25.720000000001164,18.69396956188563,2025-05-26,10.0
20.419999999998254,22.66589333550508,2025-05-26,11.0
13.069999999999707,8.88545121169479,2025-05-26,12.0
12.1199999999962,17.166989672104506,2025-05-26,13.0
25.7800000000061,26.55700803625873,2025-05-26,14.0
18.21200000000681,18.242881774440452,2025-05-26,15.0
9.5,15.717392292063575,2025-05-26,16.0
5.230000000003201,6.566251663492027,2025-05-26,17.0
12.919999999998254,17.708642170918147,2025-05-26,18.0
18.889999999999414,15.737315631792123,2025-05-26,19.0
11.1319999999978,15.700614721766444,2025-05-26,20.0
26.703999999997905,26.098668897209485,2025-05-26,21.0
23.2762006458754,20.23034416338408,2025-05-26,22.0
22.8228000000005,28.37165935238081,2025-05-26,23.0
16.419999999998254,21.877740097625356,2025-05-26,24.0
17.279999999998836,13.57063350551967,2025-05-26,25.0
11.4799999999959,13.49383275513379,2025-05-26,26.0
17.30000000000291,15.593197336544955,2025-05-26,27.0
11.2079999999987,13.803582265834248,2025-05-26,28.0
30.29200000000128,24.44506159765438,2025-05-26,29.0
8.519999999996799,10.783769563809209,2025-05-26,30.0
32.080000000001746,26.28719725387252,2025-05-26,31.0
33.2539999999973,31.131282277814663,2025-05-26,32.0
10.67199999999866,25.695351462590967,2025-05-26,33.0
14.531999999999243,16.47222600808106,2025-05-26,34.0
41.94799999999668,18.161622796159513,2025-05-26,35.0
22.3839999999982,16.488209317460278,2025-05-26,36.0
31.1120000000018,26.191539182508624,2025-05-26,37.0
11.5599999999977,13.944821357053133,2025-05-26,38.0
14.5280000000009,16.812505471165295,2025-05-26,39.0
10.78399999999965,13.202301860198439,2025-05-27,1.0
16.527999999991152,20.61187514666485,2025-05-27,2.0
18.580000000001743,17.050860607721944,2025-05-27,3.0
14.559999999997672,15.372563499804066,2025-05-27,4.0
10.4320000000007,13.10937323492074,2025-05-27,5.0
38.1359999999986,35.08137798535982,2025-05-27,6.0
28.5828000000026,24.98802184461064,2025-05-27,7.0
7.307999999997264,15.610214555290991,2025-05-27,8.0
20.70799999999872,19.54912204952354,2025-05-27,9.0
22.10800000000017,18.841329561510964,2025-05-27,10.0
19.5679999999993,21.089586088859956,2025-05-27,11.0
10.6899999999987,10.416947419106371,2025-05-27,12.0
10.9680000000008,16.113356361776805,2025-05-27,13.0
31.61200000000099,27.69066849206307,2025-05-27,14.0
16.459999999999127,15.111177019554908,2025-05-27,15.0
5.31099999999808,14.294192710560981,2025-05-27,16.0
2.75,6.623947279365192,2025-05-27,17.0
16.427999999999884,14.222447732107854,2025-05-27,18.0
11.75,14.39944858819621,2025-05-27,19.0
9.72000000000106,14.315550425396793,2025-05-27,20.0
30.616000000001804,23.609657170136053,2025-05-27,21.0
75.28800000000047,17.135523707936528,2025-05-27,22.0
25.2880000000031,29.432013187398955,2025-05-27,23.0
28.512000000002445,19.445650503891073,2025-05-27,24.0
8.900000000001455,13.501517561636113,2025-05-27,25.0
9.52000000000287,14.084538071156224,2025-05-27,26.0
16.760000000002037,14.459001828571497,2025-05-27,27.0
9.61200000000099,15.908632726610268,2025-05-27,28.0
31.0280000000009,27.85175063797968,2025-05-27,29.0
7.812000000005355,15.100623390476061,2025-05-27,30.0
33.679999999993015,24.02070081516591,2025-05-27,31.0
39.16000000000349,29.78647355238133,2025-05-27,32.0
14.680000000000293,22.482309164050335,2025-05-27,33.0
14.656000000002678,17.751054723960326,2025-05-27,34.0
62.6228000000025,19.26654129042866,2025-05-27,35.0
21.959999999999127,14.799224397460362,2025-05-27,36.0
17.687999999994645,23.411966202485836,2025-05-27,37.0
17.610000000000582,14.194789707238293,2025-05-27,38.0
14.5199999999968,15.480400959991218,2025-05-27,39.0
16.447999999996682,15.233449485611452,2025-05-28,1.0
19.99199999999837,20.43448897068041,2025-05-28,2.0
18.88799999999901,20.52556143420331,2025-05-28,3.0
9.42800000000233,14.879985980515153,2025-05-28,4.0
8.495999999999185,9.970375135625972,2025-05-28,5.0
43.2109999999995,34.374777894285835,2025-05-28,6.0
30.98399999999674,27.23713624505541,2025-05-28,7.0
1.319999999999709,16.914264254603193,2025-05-28,8.0
23.66000000000349,20.467432004769712,2025-05-28,9.0
21.591999999996915,20.108992914633895,2025-05-28,10.0
36.2628000000029,20.54484930647832,2025-05-28,11.0
10.549999999999272,10.204010087102915,2025-05-28,12.0
14.092000000004193,17.195992742857136,2025-05-28,13.0
31.2579999999981,27.59845202191351,2025-05-28,14.0
19.799999999995634,20.050501330791825,2025-05-28,15.0
13.760000000002035,13.821035709548479,2025-05-28,16.0
6.25000000000011,7.152354015872832,2025-05-28,17.0
19.70000000000437,16.031861722436897,2025-05-28,18.0
19.470000000001164,16.38372959186099,2025-05-28,19.0
9.447999999996682,14.300724161904613,2025-05-28,20.0
20.919999999998254,25.684299787290108,2025-05-28,21.0
28.531999999999243,17.544853473898236,2025-05-28,22.0
28.36800000000221,29.465159971428697,2025-05-28,23.0
21.855999999999767,20.06468150005881,2025-05-28,24.0
10.447999999996682,16.417684544716607,2025-05-28,25.0
9.75999999999476,15.41531640868833,2025-05-28,26.0
20.127999999996973,17.916103232812322,2025-05-28,27.0
11.1600000000035,15.051565402741643,2025-05-28,28.0
29.60800000000017,30.058967619776944,2025-05-28,29.0
4.608000000000175,16.901056047618734,2025-05-28,30.0
33.21600000000035,24.666363859367817,2025-05-28,31.0
28.55999999999767,32.131248606996834,2025-05-28,32.0
10.1880000000019,20.447627438113173,2025-05-28,33.0
16.182800000001,16.78272959640716,2025-05-28,34.0
28.4559999999983,19.1307925975733,2025-05-28,35.0
20.788000000000466,20.743749131038175,2025-05-28,36.0
50.542800000009,27.25953625100822,2025-05-28,37.0
13.1000000000006,14.293330258878283,2025-05-28,38.0
11.239999999998,18.60638530844002,2025-05-28,39.0
7.860000000000582,11.882034948057298,2025-05-29,1.0
22.44800000000396,21.425616195159588,2025-05-29,2.0
11.4320000000007,16.63369152319159,2025-05-29,3.0
22.351999999998952,12.225333042396061,2025-05-29,4.0
7.131999999997788,10.075767579954448,2025-05-29,5.0
42.0280000000009,30.79204866497355,2025-05-29,6.0
32.6880000000092,26.338671989550328,2025-05-29,7.0
0.0239999999976134,15.470054874921345,2025-05-29,8.0
24.43999999999505,20.094191071348092,2025-05-29,9.0
9.659999999996217,19.964635192273146,2025-05-29,10.0
28.495999999999185,21.67861494185081,2025-05-29,11.0
10.299999999999272,9.895018927311494,2025-05-29,12.0
23.479999999995925,16.26133149455274,2025-05-29,13.0
28.0,29.29646270995658,2025-05-29,14.0
13.4800000000032,16.441047256339438,2025-05-29,15.0
17.648000000001048,11.771717094457635,2025-05-29,16.0
5.779999999998836,5.907366125714183,2025-05-29,17.0
10.0319999999992,15.920937113157922,2025-05-29,18.0
24.18999999999869,16.256411187844716,2025-05-29,19.0
14.520000000004076,13.714224758173918,2025-05-29,20.0
29.10399999999936,25.377722885588817,2025-05-29,21.0
19.788000000000466,27.473867768612298,2025-05-29,22.0
31.0,28.9573873587301,2025-05-29,23.0
29.919999999998254,21.28394984262082,2025-05-29,24.0
13.772000000004482,10.804527604970298,2025-05-29,25.0
13.599999999998545,11.735282548521182,2025-05-29,26.0
22.591999999996915,16.956120083369466,2025-05-29,27.0
11.5800000000017,16.423850966584016,2025-05-29,28.0
23.631999999997788,28.877579093897875,2025-05-29,29.0
10.69999999999709,11.406960139682333,2025-05-29,30.0
28.7109999999995,26.652844292914132,2025-05-29,31.0
25.6880000000092,32.20952882666652,2025-05-29,32.0
16.788000000000466,13.829800883346598,2025-05-29,33.0
24.228000000002798,18.503991042222424,2025-05-29,34.0
7.120000000002619,27.484337420278514,2025-05-29,35.0
17.9320000000007,15.969951187778724,2025-05-29,36.0
18.1019999999937,25.78801645265781,2025-05-29,37.0
19.2500000000001,16.9258010675761,2025-05-29,38.0
17.052000000003318,16.08687918324362,2025-05-29,39.0
7.908000000003085,13.649393614073736,2025-05-30,1.0
17.2560000000085,20.31088404411436,2025-05-30,2.0
17.752000000000407,19.405935238143993,2025-05-30,3.0
16.60000000000582,12.771633916202463,2025-05-30,4.0
1.588000000003376,8.672707323947288,2025-05-30,5.0
38.55999999999767,31.84360075936476,2025-05-30,6.0
26.38399999999092,26.953865547123655,2025-05-30,7.0
1.1480000000010475,9.663148240089491,2025-05-30,8.0
22.020000000004075,21.065743625430468,2025-05-30,9.0
25.020000000004075,21.546698961897526,2025-05-30,10.0
29.1120000000018,24.984054359489882,2025-05-30,11.0
9.520000000000437,10.775539988636277,2025-05-30,12.0
10.5200000000041,20.14752944394899,2025-05-30,13.0
30.93999999999505,29.26692907856556,2025-05-30,14.0
19.5280000000009,18.860893961566827,2025-05-30,15.0
7.871999999995751,11.499082589504955,2025-05-30,16.0
4.559999999997672,6.055138809523638,2025-05-30,17.0
7.335999999995693,17.22507013657069,2025-05-30,18.0
13.930000000000293,16.05076688067973,2025-05-30,19.0
14.0,11.86051451514624,2025-05-30,20.0
27.87999999999738,25.349110884723324,2025-05-30,21.0
25.9839999999967,27.787571488738827,2025-05-30,22.0
29.83199999999488,29.425525439999955,2025-05-30,23.0
14.663999999997031,20.24925746065789,2025-05-30,24.0
13.70799999999872,12.824372817637418,2025-05-30,25.0
9.42000000000553,11.899019519663666,2025-05-30,26.0
14.648000000001048,19.037618676822348,2025-05-30,27.0
14.007999999994354,13.231155453529585,2025-05-30,28.0
26.77599999999802,30.497431877078107,2025-05-30,29.0
0.091999999996911,15.156995333333178,2025-05-30,30.0
23.6880000000092,29.317434120783407,2025-05-30,31.0
31.39199999999255,35.15109959682527,2025-05-30,32.0
10.182800000001,12.431346187150355,2025-05-30,33.0
12.307999999997264,18.03615961076845,2025-05-30,34.0
56.74399999999878,21.686556527507623,2025-05-30,35.0
16.8280000000038,16.322532883392345,2025-05-30,36.0
28.672000000005937,30.135535574550975,2025-05-30,37.0
16.860000000000582,15.59316745526403,2025-05-30,38.0
16.055999999996857,17.9074940633079,2025-05-30,39.0
8.959999999999127,12.951050584024053,2025-05-31,1.0
17.103999999992084,19.64211399297656,2025-05-31,2.0
14.5199999999968,19.02833572052775,2025-05-31,3.0
23.535999999992782,14.935276476573952,2025-05-31,4.0
1.97200000000117,9.762594025014971,2025-05-31,5.0
27.580000000001743,33.84278283402114,2025-05-31,6.0
28.9360000000011,27.090101075257408,2025-05-31,7.0
1.25800000000541,10.092328292329977,2025-05-31,8.0
22.69999999999709,20.259882437942334,2025-05-31,9.0
23.167999999997846,18.889989582303155,2025-05-31,10.0
29.580000000001743,24.693084395398202,2025-05-31,11.0
10.220000000001164,8.907188552842333,2025-05-31,12.0
13.2579999999981,17.07652935727947,2025-05-31,13.0
28.960000000006403,30.508936892063154,2025-05-31,14.0
11.0599999999977,19.76241588135426,2025-05-31,15.0
12.00800000000163,11.988772969066352,2025-05-31,16.0
4.09000000000011,6.055875105396974,2025-05-31,17.0
3.0800000000017462,14.26975758309153,2025-05-31,18.0
20.8280000000001,17.407202077858447,2025-05-31,19.0
18.080000000001743,11.915329022651372,2025-05-31,20.0
26.33600000000297,25.143300902691664,2025-05-31,21.0
14.360000000000582,33.156706674259944,2025-05-31,22.0
23.560000000004948,28.62817439650784,2025-05-31,23.0
20.31999999999971,18.346214839856117,2025-05-31,24.0
10.1319999999978,12.005173949795415,2025-05-31,25.0
7.108000000000175,9.604990544795882,2025-05-31,26.0
19.27999999999884,18.436248189052293,2025-05-31,27.0
23.720000000001164,11.9700406942821,2025-05-31,28.0
30.8228000000005,29.416803299956875,2025-05-31,29.0
1.6680000000051225,10.967006822222379,2025-05-31,30.0
26.471999999994296,29.699193725281315,2025-05-31,31.0
41.28800000000047,30.958911975122664,2025-05-31,32.0
11.4959999999992,12.717719824327842,2025-05-31,33.0
14.3109999999981,17.084294269558157,2025-05-31,34.0
66.0879999999961,23.74945799445855,2025-05-31,35.0
21.55999999999767,18.287271029206636,2025-05-31,36.0
23.239999999990687,28.247677765572632,2025-05-31,37.0
12.25,15.030666978865973,2025-05-31,38.0
11.5520000000033,16.719690407834367,2025-05-31,39.0
4.591999999996915,12.649871419875605,2025-06-01,1.0
12.1099999999953,21.70530554622571,2025-06-01,2.0
11.2799999999988,18.98963614442239,2025-06-01,3.0
18.919999999998254,15.141433848478085,2025-06-01,4.0
7.819999999999709,15.39213309523836,2025-06-01,5.0
19.391999999999825,35.23314091746063,2025-06-01,6.0
20.127999999996973,24.171205321466438,2025-06-01,7.0
4.063999999998487,11.166139895238269,2025-06-01,8.0
17.1120000000018,19.099150054215773,2025-06-01,9.0
21.063999999998487,20.51555050576139,2025-06-01,10.0
28.02799999999843,23.579947682765543,2025-06-01,11.0
6.569999999999709,9.625454624446071,2025-06-01,12.0
9.17199999999866,13.057811098678698,2025-06-01,13.0
19.5,25.495256013332984,2025-06-01,14.0
9.10200000000099,17.684450441049933,2025-06-01,15.0
8.391999999999825,11.646117065426482,2025-06-01,16.0
2.5800000000017462,6.170849434920544,2025-06-01,17.0
9.351999999998952,13.958803822421123,2025-06-01,18.0
17.5280000000009,15.230279014522175,2025-06-01,19.0
8.91099999999662,10.84279508088141,2025-06-01,20.0
16.072000000000116,22.65031173349775,2025-06-01,21.0
27.360000000000586,26.338848676687704,2025-06-01,22.0
21.05999999999767,25.13548969714309,2025-06-01,23.0
10.448000000004,19.383152065191293,2025-06-01,24.0
9.25799999999813,12.139025869875939,2025-06-01,25.0
6.759999999994761,12.558130542105722,2025-06-01,26.0
10.560000000004948,17.272546402519925,2025-06-01,27.0
12.7109999999995,11.771909797177074,2025-06-01,28.0
16.13600000000588,26.827640266657845,2025-06-01,29.0
8.28000000000146,9.749264681904595,2025-06-01,30.0
20.319999999992437,25.811784894071153,2025-06-01,31.0
18.9109999999966,33.45889104380985,2025-06-01,32.0
6.83200000000211,11.384446231231998,2025-06-01,33.0
8.88799999999901,16.178480703787624,2025-06-01,34.0
28.2000000000044,35.41280502931227,2025-06-01,35.0
11.1080000000002,21.357673704252527,2025-06-01,36.0
23.976000000009662,29.053935020952114,2025-06-01,37.0
14.919999999998254,15.148836333933923,2025-06-01,38.0
13.487999999997555,15.202521644507305,2025-06-01,39.0
10.448000000003958,13.044496942461485,2025-06-02,1.0
30.360000000000586,21.81399614990596,2025-06-02,2.0
20.0679999999993,18.25300433751484,2025-06-02,3.0
20.7028000000125,15.68909789874032,2025-06-02,4.0
11.9109999999966,12.586273773016051,2025-06-02,5.0
29.080000000001743,32.082935962541995,2025-06-02,6.0
23.41600000001199,31.763225536625445,2025-06-02,7.0
3.61199999999453,6.5820791739103495,2025-06-02,8.0
22.02799999999843,19.844370832594112,2025-06-02,9.0
22.548000000002503,19.97887564422046,2025-06-02,10.0
27.720000000001164,23.582305781772202,2025-06-02,11.0
10.600000000002185,11.10334678755508,2025-06-02,12.0
13.228000000002794,16.378704553444834,2025-06-02,13.0
29.979999999995925,26.70399580351364,2025-06-02,14.0
20.048000000002503,16.73476670280585,2025-06-02,15.0
9.11999999999622,11.538516803013481,2025-06-02,16.0
6.029999999998836,5.605266227301452,2025-06-02,17.0
13.0280000000009,11.26568565863924,2025-06-02,18.0
14.739999999997965,16.3871559970958,2025-06-02,19.0
13.468000000000757,11.048477339375534,2025-06-02,20.0
24.220000000001164,23.163928577398867,2025-06-02,21.0
26.455999999998312,28.168536361626906,2025-06-02,22.0
23.268000000003667,26.619543814787352,2025-06-02,23.0
13.567999999999302,20.64518969108083,2025-06-02,24.0
8.90280000000227,11.673109040273413,2025-06-02,25.0
18.4120000000039,10.728958764198882,2025-06-02,26.0
18.07200000000012,17.106976271297242,2025-06-02,27.0
12.880000000004657,12.715211296444231,2025-06-02,28.0
29.1099999999953,25.60307180596168,2025-06-02,29.0
2.639999999999418,10.441871361904285,2025-06-02,30.0
35.3028000000037,28.54660943619219,2025-06-02,31.0
42.63999999999942,32.7805504030128,2025-06-02,32.0
11.0720000000001,11.861192046901921,2025-06-02,33.0
13.972000000001572,15.188683058695533,2025-06-02,34.0
46.5,35.73383615152715,2025-06-02,35.0
17.239999999997963,19.07667423617121,2025-06-02,36.0
25.1919999999955,28.404043231519307,2025-06-02,37.0
16.700000000000728,13.828338147800887,2025-06-02,38.0
12.732000000003609,13.796912530632193,2025-06-02,39.0
8.531999999999243,10.73208191396645,2025-06-03,1.0
14.6628000000043,17.349600137356948,2025-06-03,2.0
14.531999999999243,16.229184563953385,2025-06-03,3.0
19.75999999999476,16.432250773945967,2025-06-03,4.0
5.207999999998719,13.518871866666712,2025-06-03,5.0
25.2880000000005,28.806541974380245,2025-06-03,6.0
30.07200000000012,20.716794950485447,2025-06-03,7.0
6.28000000000146,7.868754606926437,2025-06-03,8.0
21.2500000000038,18.324807267251824,2025-06-03,9.0
16.0,17.9775003983318,2025-06-03,10.0
39.67199999999866,20.618673432252464,2025-06-03,11.0
9.739999999997965,9.256347240154586,2025-06-03,12.0
10.8109999999981,13.986729574945512,2025-06-03,13.0
29.23200000000361,25.350280225447715,2025-06-03,14.0
11.0319999999992,16.860104096441212,2025-06-03,15.0
12.888000000006286,9.238464094893223,2025-06-03,16.0
6.06000000000131,5.2935617523812075,2025-06-03,17.0
12.4800000000032,8.239229672567747,2025-06-03,18.0
16.5,15.031741558612943,2025-06-03,19.0
17.372000000003027,10.774238461778628,2025-06-03,20.0
26.747999999999596,22.027237136693056,2025-06-03,21.0
41.27200000000448,27.02373063368015,2025-06-03,22.0
18.0,22.226022299445617,2025-06-03,23.0
12.98399999999674,17.705902902803523,2025-06-03,24.0
12.5880000000025,10.289470727216708,2025-06-03,25.0
10.9000000000011,8.757379837365763,2025-06-03,26.0
22.007999999994357,15.763302465574284,2025-06-03,27.0
17.239999999997963,12.139155988213663,2025-06-03,28.0
30.29200000000128,20.584234605336473,2025-06-03,29.0
0.4279999999998836,11.38239958412654,2025-06-03,30.0
25.839999999996508,25.53244244380948,2025-06-03,31.0
35.288000000000466,30.216494697817758,2025-06-03,32.0
10.695999999996276,9.76205000946973,2025-06-03,33.0
12.8109999999981,16.642957946031878,2025-06-03,34.0
45.18000000000029,34.87928285010427,2025-06-03,35.0
18.20000000000437,16.968493573852463,2025-06-03,36.0
29.263999999995576,25.300875710747455,2025-06-03,37.0
16.63000000000102,15.781437168423894,2025-06-03,38.0
10.8199999999997,15.502556629609261,2025-06-03,39.0
13.372000000003029,10.388276572436675,2025-06-04,1.0
36.04799999999523,22.93434603490645,2025-06-04,2.0
18.50800000000163,18.107126757976303,2025-06-04,3.0
22.736000000004424,18.518188222517555,2025-06-04,4.0
1.6880000000019209,13.018089980952494,2025-06-04,5.0
38.18000000000029,33.40705449015274,2025-06-04,6.0
33.54399999999441,26.89682975510667,2025-06-04,7.0
14.8628000000014,6.899332161904786,2025-06-04,8.0
24.27999999999884,22.188658065376956,2025-06-04,9.0
26.919999999998254,20.757056265470634,2025-06-04,10.0
38.36000000000058,27.841369443157067,2025-06-04,11.0
14.2500000000001,9.152739037992818,2025-06-04,12.0
26.77999999999884,13.945696755433909,2025-06-04,13.0
26.288000000000466,26.755423732011494,2025-06-04,14.0
17.175999999999476,16.68721699365058,2025-06-04,15.0
25.247999999999596,10.786348842998208,2025-06-04,16.0
6.28000000000146,5.851159180952405,2025-06-04,17.0
23.167999999997846,10.676414369946658,2025-06-04,18.0
23.80000000000291,17.268647208836644,2025-06-04,19.0
13.1199999999962,11.494900716884699,2025-06-04,20.0
26.8628000000014,21.030824541473592,2025-06-04,21.0
19.88799999999901,27.258028205749376,2025-06-04,22.0
29.43999999999505,24.389821108772345,2025-06-04,23.0
29.548000000002503,18.759200109579744,2025-06-04,24.0
12.680000000000293,9.632805955589518,2025-06-04,25.0
13.87999999999738,10.390280940537194,2025-06-04,26.0
20.720000000001164,18.249597325737287,2025-06-04,27.0
28.5199999999968,14.546437732235148,2025-06-04,28.0
30.23245,26.45750687635914,2025-06-04,29.0
12.98399999999674,10.956872293332994,2025-06-04,30.0
37.2628000000101,26.018876893281043,2025-06-04,31.0
35.88000000000466,31.263729491123886,2025-06-04,32.0
18.23200000000361,11.409521936582776,2025-06-04,33.0
17.968000000000757,17.794743304917322,2025-06-04,34.0
38.59999999999855,38.029874746132315,2025-06-04,35.0
22.719999999993888,16.712013365620734,2025-06-04,36.0
25.1680000000051,27.42608816004905,2025-06-04,37.0
23.1000000000006,16.84239990760544,2025-06-04,38.0
20.807999999997264,13.711169299769528,2025-06-04,39.0
12.307999999997264,9.473907355901462,2025-06-05,1.0
32.628000000014,21.136399913448802,2025-06-05,2.0
27.239999999997963,18.708056538585982,2025-06-05,3.0
31.319999999992437,21.375290240887814,2025-06-05,4.0
2.26280000000285,12.214569114285556,2025-06-05,5.0
52.33999999999651,29.373618916190427,2025-06-05,6.0
31.255999999993943,23.946225362301753,2025-06-05,7.0
5.32800000000125,10.223372933333295,2025-06-05,8.0
21.47200000000157,19.4817537046117,2025-06-05,9.0
16.2500000000038,20.08000796718682,2025-06-05,10.0
35.61999999999534,28.191196936508067,2025-06-05,11.0
10.430000000000293,8.96204312791774,2025-06-05,12.0
10.9279999999999,15.080582922880003,2025-06-05,13.0
32.791999999994005,24.815084611045936,2025-06-05,14.0
20.743999999998778,16.14216202158454,2025-06-05,15.0
14.67199999999866,12.43970516170302,2025-06-05,16.0
4.779999999998836,6.277682758730125,2025-06-05,17.0
14.67199999999866,10.2323951040846,2025-06-05,18.0
22.299999999999272,16.363599457437875,2025-06-05,19.0
17.847999999998137,13.618977998034525,2025-06-05,20.0
27.6559999999954,26.40242286574169,2025-06-05,21.0
20.17199999999866,23.685230961510722,2025-06-05,22.0
23.1120000000018,23.1223910221745,2025-06-05,23.0
32.26000000000204,15.52010863906828,2025-06-05,24.0
10.5879999999961,10.006774498201352,2025-06-05,25.0
20.192000000002736,11.01092123004734,2025-06-05,26.0
21.12000000000262,16.901476383053634,2025-06-05,27.0
24.9800000000032,16.266620022222288,2025-06-05,28.0
28.360000000000586,24.560495927773598,2025-06-05,29.0
19.09599999999773,9.274610739047295,2025-06-05,30.0
42.1199999999889,24.679439042373097,2025-06-05,31.0
44.63199999999779,32.367838401904805,2025-06-05,32.0
9.831999999994878,9.084753536644858,2025-06-05,33.0
22.0880000000025,16.96622036571433,2025-06-05,34.0
47.59199999999692,37.41070418237717,2025-06-05,35.0
24.460000000006403,15.175127825459565,2025-06-05,36.0
39.19999999999709,24.367160429206432,2025-06-05,37.0
9.239999999997965,18.80620323809511,2025-06-05,38.0
18.3028000000037,13.109941939604825,2025-06-05,39.0
10.0599999999977,10.140899896247799,2025-06-06,1.0
21.223999999987427,20.26120110706592,2025-06-06,2.0
14.468000000000757,18.85079929396826,2025-06-06,3.0
28.00800000000163,18.59956293647856,2025-06-06,4.0
10.907999999995807,11.096318915555269,2025-06-06,5.0
43.5679999999993,27.866689651746146,2025-06-06,6.0
24.5828000000026,27.35538762603126,2025-06-06,7.0
3.591999999996915,14.712773898412363,2025-06-06,8.0
25.987999999997555,19.406989280741566,2025-06-06,9.0
17.20799999999872,21.922938055520824,2025-06-06,10.0
30.548000000002503,30.078187606934108,2025-06-06,11.0
8.56000000000131,8.230394484951873,2025-06-06,12.0
11.372000000003,18.30898498988115,2025-06-06,13.0
31.855999999999767,26.901128750037046,2025-06-06,14.0
16.247999999999593,15.97980781822781,2025-06-06,15.0
14.9109999999966,14.060469738509576,2025-06-06,16.0
5.3299999999981,6.722852263492109,2025-06-06,17.0
7.72000000000106,11.977054299522946,2025-06-06,18.0
18.919999999998254,15.882876635833979,2025-06-06,19.0
13.580000000001746,15.67440892680421,2025-06-06,20.0
31.8280000000038,18.71837380227986,2025-06-06,21.0
22.70000000000437,23.30821997587813,2025-06-06,22.0
30.360000000000586,17.99142346927186,2025-06-06,23.0
26.839999999996508,17.533241218083937,2025-06-06,24.0
16.252000000000407,11.883866011726864,2025-06-06,25.0
10.147999999993772,12.932330568162218,2025-06-06,26.0
18.0,15.116687682647932,2025-06-06,27.0
18.987999999997555,15.476297718229512,2025-06-06,28.0
18.747999999999596,27.012909115805687,2025-06-06,29.0
8.632000000005064,13.613943933332965,2025-06-06,30.0
24.07200000000012,28.053240746031417,2025-06-06,31.0
35.27999999999884,32.65522475111124,2025-06-06,32.0
12.9360000000011,12.85804097851738,2025-06-06,33.0
12.1199999999962,15.144664031786103,2025-06-06,34.0
29.455999999998312,37.54017592957088,2025-06-06,35.0
20.619999999995343,14.396042655071692,2025-06-06,36.0
16.328000000008615,23.51315716754332,2025-06-06,37.0
17.389999999999418,14.4570364174604,2025-06-06,38.0
24.720000000001164,16.226861036029007,2025-06-06,39.0
10.7799999999988,10.75914217930197,2025-06-07,1.0
21.927999999999884,22.07249468788641,2025-06-07,2.0
23.959999999999127,16.979720100890468,2025-06-07,3.0
19.736000000004424,20.473543626429535,2025-06-07,4.0
2.628000000004249,11.655788952380853,2025-06-07,5.0
31.4120000000039,27.066040262353543,2025-06-07,6.0
25.4800000000105,27.030006506451628,2025-06-07,7.0
7.948000000003958,8.497141638095224,2025-06-07,8.0
25.747999999999596,21.475521721380396,2025-06-07,9.0
18.76000000000204,21.338434212473295,2025-06-07,10.0
36.59199999999692,30.23296829480296,2025-06-07,11.0
16.19999999999709,11.086843216368562,2025-06-07,12.0
12.75999999999476,18.207069054220547,2025-06-07,13.0
23.692000000002736,26.386530081269814,2025-06-07,14.0
18.099999999998545,17.71689674193679,2025-06-07,15.0
10.096000000005,16.21503354179452,2025-06-07,16.0
5.420000000001892,5.972920532063596,2025-06-07,17.0
3.0800000000017462,15.419521450306641,2025-06-07,18.0
19.9900000000016,18.421928867622572,2025-06-07,19.0
17.37999999999738,14.86543385269845,2025-06-07,20.0
19.752000000000407,24.731566094058476,2025-06-07,21.0
23.27999999999884,25.38728816284598,2025-06-07,22.0
11.3919999999998,23.32538096366181,2025-06-07,23.0
16.68000000000029,19.28500693195071,2025-06-07,24.0
10.7320000000036,10.03238864692258,2025-06-07,25.0
7.692000000002736,24.758485624852465,2025-06-07,26.0
18.19999999999709,17.244314275793478,2025-06-07,27.0
16.919999999998254,18.014379946952626,2025-06-07,28.0
7.72000000000106,26.669185045082457,2025-06-07,29.0
2.4199999999982538,17.305211492063226,2025-06-07,30.0
38.60800000000745,28.98328866022271,2025-06-07,31.0
55.80000000000291,33.31075027407627,2025-06-07,32.0
8.552000000003318,9.946693372511328,2025-06-07,33.0
12.760000000002035,16.167529412311378,2025-06-07,34.0
28.852000000006228,40.709922169390744,2025-06-07,35.0
21.739999999997963,18.36862547563821,2025-06-07,36.0
35.19199999999546,27.23770760095238,2025-06-07,37.0
17.62000000000262,16.089066760545247,2025-06-07,38.0
21.239999999997963,15.149529149006074,2025-06-07,39.0
12.932000000000698,10.098531090186507,2025-06-08,1.0
17.2720000000108,22.450527438193394,2025-06-08,2.0
17.60000000000582,18.847094794782535,2025-06-08,3.0
25.671999999991385,22.47898725716938,2025-06-08,4.0
12.391999999999824,13.290855504761648,2025-06-08,5.0
32.307999999997264,31.08775274204893,2025-06-08,6.0
30.863999999986845,26.829155839123562,2025-06-08,7.0
12.1199999999962,9.864710180952454,2025-06-08,8.0
24.8109999999981,19.50300504279581,2025-06-08,9.0
21.39999999999418,18.75519195560968,2025-06-08,10.0
32.7280000000052,29.603016391572755,2025-06-08,11.0
10.7800000000025,8.629602732840764,2025-06-08,12.0
13.380000000004657,16.31568342653206,2025-06-08,13.0
31.667999999997846,28.49946279447929,2025-06-08,14.0
20.372000000003027,17.45181638607761,2025-06-08,15.0
14.5028000000008,14.103566335113197,2025-06-08,16.0
6.369999999998981,6.336700450793885,2025-06-08,17.0
7.048000000002503,14.268391883859989,2025-06-08,18.0
22.61999999999898,16.043013661925446,2025-06-08,19.0
16.580000000001746,13.84614666666685,2025-06-08,20.0
31.919999999998254,23.177068238941267,2025-06-08,21.0
26.4320000000007,24.658831419870804,2025-06-08,22.0
24.80000000000291,24.207370572092074,2025-06-08,23.0
25.26000000000204,21.338660214602946,2025-06-08,24.0
16.135999999998603,12.48838258862134,2025-06-08,25.0
12.448000000003958,15.031034664609264,2025-06-08,26.0
16.172000000005937,14.481598561931127,2025-06-08,27.0
17.9120000000039,17.41943876485175,2025-06-08,28.0
14.799999999995634,24.697533819169863,2025-06-08,29.0
0.0,9.921003123809307,2025-06-08,30.0
28.4879999999976,30.011972801931776,2025-06-08,31.0
51.70399999999791,37.360736777475935,2025-06-08,32.0
6.559999999997672,11.806142265039389,2025-06-08,33.0
17.4320000000007,16.691879005079638,2025-06-08,34.0
36.87999999999738,39.33605713327702,2025-06-08,35.0
25.1120000000018,17.14281017879205,2025-06-08,36.0
23.736000000004424,25.551079851129384,2025-06-08,37.0
19.07999999999811,18.26759676334517,2025-06-08,38.0
17.855999999999767,18.664218945767352,2025-06-08,39.0
9.788000000000466,12.800006764831215,2025-06-09,1.0
20.44799999998941,25.280419164137815,2025-06-09,2.0
18.66399999999703,19.969883026380053,2025-06-09,3.0
22.99199999999837,21.640889999675714,2025-06-09,4.0
9.127999999996971,10.600902322539515,2025-06-09,5.0
46.73200000000361,32.472661900634805,2025-06-09,6.0
31.37600000000384,27.360616124680963,2025-06-09,7.0
10.108000000000176,12.904918682539794,2025-06-09,8.0
20.29200000000128,21.097741802339968,2025-06-09,9.0
25.102000000001,19.91996450268549,2025-06-09,10.0
36.08000000000175,32.66759043463184,2025-06-09,11.0
10.8799999999974,11.484634141177771,2025-06-09,12.0
11.2880000000005,17.09615203440193,2025-06-09,13.0
32.9120000000039,25.67710574408804,2025-06-09,14.0
17.167999999997846,18.182608584126765,2025-06-09,15.0
10.2879999999932,14.271443968743442,2025-06-09,16.0
4.799999999999272,5.889135577777781,2025-06-09,17.0
12.98399999999674,12.488302018330222,2025-06-09,18.0
22.31000000000131,15.70672449210131,2025-06-09,19.0
13.7280000000052,14.818925639976124,2025-06-09,20.0
29.9280000000023,23.660208708048707,2025-06-09,21.0
32.799999999995634,23.812551585173455,2025-06-09,22.0
32.19999999999709,21.967695201875635,2025-06-09,23.0
23.307999999997264,20.554245471746125,2025-06-09,24.0
10.551999999996042,12.867212527840167,2025-06-09,25.0
10.20799999999872,14.047917619757161,2025-06-09,26.0
16.619999999995343,17.060533755555436,2025-06-09,27.0
12.32800000000134,17.125355682789568,2025-06-09,28.0
29.872000000003027,20.304951934333403,2025-06-09,29.0
6.707999999998719,8.289481259300976,2025-06-09,30.0
28.263999999995576,33.247214771746286,2025-06-09,31.0
33.7109999999995,33.47144053910805,2025-06-09,32.0
10.9120000000039,10.935811393711202,2025-06-09,33.0
11.1920000000027,16.94038142095245,2025-06-09,34.0
43.12000000000262,36.58813614027912,2025-06-09,35.0
19.548000000002503,18.949386681097405,2025-06-09,36.0
20.57600000000093,25.58384637980833,2025-06-09,37.0
11.0900000000001,15.440421715790775,2025-06-09,38.0
21.222800000002,15.831030831400366,2025-06-09,39.0
10.880000000004657,12.817856420979158,2025-06-10,1.0
17.648000000001048,20.44508506036115,2025-06-10,2.0
19.44799999999668,18.20871441650806,2025-06-10,3.0
22.3828000000055,21.805822440308432,2025-06-10,4.0
7.752000000000407,13.382702057143005,2025-06-10,5.0
32.099999999998545,33.948555975849416,2025-06-10,6.0
30.487999999997555,26.411479914285696,2025-06-10,7.0
8.031999999999243,10.854934186797406,2025-06-10,8.0
23.135999999998603,21.0825761700015,2025-06-10,9.0
20.192000000002736,17.50297574349214,2025-06-10,10.0
37.07999999999447,28.45657144352021,2025-06-10,11.0
10.5300000000025,11.647182123789284,2025-06-10,12.0
11.3600000000006,16.8907461009523,2025-06-10,13.0
32.76799999999639,26.414609735238525,2025-06-10,14.0
14.4800000000032,13.450426536235927,2025-06-10,15.0
5.28800000000309,12.437316457142762,2025-06-10,16.0
6.81000000000131,6.38450449761888,2025-06-10,17.0
21.919999999998254,11.776743204080015,2025-06-10,18.0
19.139999999999414,16.63295410209297,2025-06-10,19.0
18.05999999999767,15.875053995427532,2025-06-10,20.0
25.49199999999837,19.95303143323585,2025-06-10,21.0
20.65600000000268,20.82944293139109,2025-06-10,22.0
24.720000000001164,19.083871774023816,2025-06-10,23.0
17.599999999998545,16.896353381690936,2025-06-10,24.0
10.1200000000026,12.395753200049668,2025-06-10,25.0
11.3319999999949,13.138869820250997,2025-06-10,26.0
17.660000000003492,15.906475455261331,2025-06-10,27.0
13.639999999999418,16.16628362239989,2025-06-10,28.0
31.68000000000029,18.198823485334188,2025-06-10,29.0
0.0,11.822641974891901,2025-06-10,30.0
35.136000000013155,26.493306336450722,2025-06-10,31.0
28.8000000000029,34.276607286255754,2025-06-10,32.0
16.135999999998603,10.445423346315891,2025-06-10,33.0
13.959999999999129,16.39394859017581,2025-06-10,34.0
33.299999999995634,36.258366481259856,2025-06-10,35.0
18.860000000000586,13.95678810427849,2025-06-10,36.0
27.07200000000012,25.527710935778902,2025-06-10,37.0
20.06999999999971,14.677323072286711,2025-06-10,38.0
16.1199999999962,13.943388160036683,2025-06-10,39.0
10.4399999999951,10.576960832938365,2025-06-11,1.0
20.648000000001048,23.654375439184573,2025-06-11,2.0
20.1280000000067,20.56609800894162,2025-06-11,3.0
28.23200000000361,24.492437472700416,2025-06-11,4.0
10.2079999999987,13.25051357777754,2025-06-11,5.0
39.81999999999971,34.783280515976934,2025-06-11,6.0
28.09600000000501,28.061427967618776,2025-06-11,7.0
10.7109999999995,10.773073232007329,2025-06-11,8.0
13.1428000000002,23.159493005200936,2025-06-11,9.0
19.839999999996508,21.9113740415168,2025-06-11,10.0
29.548000000002503,31.576225125396817,2025-06-11,11.0
10.1899999999987,9.867296728706664,2025-06-11,12.0
9.799999999995634,17.620119791301562,2025-06-11,13.0
33.4800000000032,29.123270916190364,2025-06-11,14.0
17.099999999998545,17.886431130139314,2025-06-11,15.0
21.55200000000332,15.075583471987692,2025-06-11,16.0
7.22000000000106,5.614997601904696,2025-06-11,17.0
17.760000000002037,10.043658683559777,2025-06-11,18.0
21.299999999999272,22.8630659546356,2025-06-11,19.0
17.4109999999966,15.179309885714352,2025-06-11,20.0
25.919999999998254,28.126710928312754,2025-06-11,21.0
8.21099999999953,24.850591132698483,2025-06-11,22.0
31.97599999999511,24.12778067360678,2025-06-11,23.0
25.5600000000049,23.50924761500115,2025-06-11,24.0
9.69999999999709,12.394540702124173,2025-06-11,25.0
9.62000000000262,12.734777314986623,2025-06-11,26.0
17.979999999995925,17.685192065503,2025-06-11,27.0
18.4320000000007,17.43057734084079,2025-06-11,28.0
32.271999999997206,20.19760449317084,2025-06-11,29.0
6.512000000002445,14.053290885714416,2025-06-11,30.0
29.57599999998638,30.28251784212749,2025-06-11,31.0
38.42399999999907,38.24903241225171,2025-06-11,32.0
19.87199999999575,7.325319739872383,2025-06-11,33.0
14.327999999994065,16.87715555771051,2025-06-11,34.0
45.419999999998254,37.598758697386536,2025-06-11,35.0
23.231999999996333,22.71326677104782,2025-06-11,36.0
31.055999999996857,26.768163238534395,2025-06-11,37.0
19.51000000000204,16.458341521269695,2025-06-11,38.0
18.76000000000204,20.74573217248891,2025-06-11,39.0
8.819999999999709,10.810432785856998,2025-06-12,1.0
23.19199999999546,21.63152731856661,2025-06-12,2.0
18.25199999999313,23.145173742222504,2025-06-12,3.0
32.52799999999115,26.577351945151143,2025-06-12,4.0
12.0280000000009,16.87415894603188,2025-06-12,5.0
39.31999999999971,34.76139820821629,2025-06-12,6.0
29.047999999995227,29.199597778412617,2025-06-12,7.0
10.296000000002095,9.873642462161504,2025-06-12,8.0
14.247999999999593,23.23261341850878,2025-06-12,9.0
8.248000000006869,21.255489758180847,2025-06-12,10.0
38.9320000000007,31.610601349156873,2025-06-12,11.0
10.520000000000437,10.547892560480886,2025-06-12,12.0
10.0,17.25443841664726,2025-06-12,13.0
25.0319999999992,27.88489656723134,2025-06-12,14.0
14.599999999998545,18.21429761239294,2025-06-12,15.0
1.7919999999940046,11.790695889286436,2025-06-12,16.0
4.849999999998545,6.367017876190342,2025-06-12,17.0
10.4279999999999,13.03784345665909,2025-06-12,18.0
27.0,20.495135285379398,2025-06-12,19.0
11.2000000000044,14.742290702856984,2025-06-12,20.0
29.495999999999185,28.255774242640143,2025-06-12,21.0
38.87999999999738,23.1479367849054,2025-06-12,22.0
25.53200000000652,24.976859422457437,2025-06-12,23.0
18.27999999999884,23.041837317364866,2025-06-12,24.0
10.42000000000553,11.696632407073752,2025-06-12,25.0
17.30000000000291,11.822031921441958,2025-06-12,26.0
11.9599999999991,15.466162208210303,2025-06-12,27.0
17.239999999997963,17.123655196255495,2025-06-12,28.0
27.247999999999596,20.32571529883157,2025-06-12,29.0
3.099999999998545,8.883672238095258,2025-06-12,30.0
36.67200000000594,31.869010608571458,2025-06-12,31.0
43.36000000000058,38.61951548348141,2025-06-12,32.0
18.2500000000038,11.089382647862077,2025-06-12,33.0
17.048000000002503,16.779086531289433,2025-06-12,34.0
25.5880000000025,34.996414698412735,2025-06-12,35.0
26.44800000000396,20.569255345574476,2025-06-12,36.0
23.055999999996857,26.78944360449743,2025-06-12,37.0
13.5099999999984,14.72675657264111,2025-06-12,38.0
16.1199999999962,18.66032266787874,2025-06-12,39.0
6.639999999999418,13.811953315696414,2025-06-13,1.0
13.992000000012922,20.594205970158637,2025-06-13,2.0
9.92000000000553,20.065810608058506,2025-06-13,3.0
23.19200000001001,20.581111945240878,2025-06-13,4.0
4.391999999999825,11.173211568253931,2025-06-13,5.0
24.891999999999825,31.288789718412566,2025-06-13,6.0
18.960000000006403,26.916257393650813,2025-06-13,7.0
7.952000000004773,10.581234698412725,2025-06-13,8.0
10.3280000000013,18.69181499421628,2025-06-13,9.0
24.64799999999377,21.47984150032718,2025-06-13,10.0
23.531999999999243,28.684308883809344,2025-06-13,11.0
7.450000000000728,11.064374790750557,2025-06-13,12.0
20.880000000004657,13.591170508675356,2025-06-13,13.0
23.648000000001048,28.18744896990641,2025-06-13,14.0
9.4800000000032,16.982549644085314,2025-06-13,15.0
10.3919999999962,12.646761294550066,2025-06-13,16.0
7.900000000001455,6.598034612698409,2025-06-13,17.0
10.160000000003492,12.676631146398242,2025-06-13,18.0
19.65999999999985,18.62923965476395,2025-06-13,19.0
10.8079999999973,13.556623851939252,2025-06-13,20.0
11.2628000000029,25.889230926108567,2025-06-13,21.0
16.132000000005064,17.697958552171546,2025-06-13,22.0
22.67999999999301,22.300694978505827,2025-06-13,23.0
13.49199999999837,20.355892534553433,2025-06-13,24.0
6.5679999999993015,12.593360784185846,2025-06-13,25.0
6.239999999997963,12.353654956255902,2025-06-13,26.0
10.720000000001164,15.003546625010598,2025-06-13,27.0
16.752000000000407,14.486844673750866,2025-06-13,28.0
24.32800000000134,22.04555050816027,2025-06-13,29.0
3.868000000002212,11.979016466666351,2025-06-13,30.0
13.8628000000014,28.08986111425165,2025-06-13,31.0
29.96799999999348,35.48847021097477,2025-06-13,32.0
8.080000000001746,12.468749468400272,2025-06-13,33.0
11.4320000000007,16.878682455238305,2025-06-13,34.0
25.3028000000037,31.87501810281597,2025-06-13,35.0
13.5199999999968,18.08423104101662,2025-06-13,36.0
19.296000000002092,26.37988370857151,2025-06-13,37.0
9.319999999999707,14.57500697580365,2025-06-13,38.0
12.88799999999901,19.179734351739707,2025-06-13,39.0
6.5680000000065775,11.220511000238554,2025-06-14,1.0
10.6719999999914,21.891410028263497,2025-06-14,2.0
11.5079999999944,20.648436951838537,2025-06-14,3.0
24.6079999999929,28.27631479806259,2025-06-14,4.0
6.560000000004948,11.937684248867043,2025-06-14,5.0
18.296000000002092,35.06259918292684,2025-06-14,6.0
11.1120000000018,30.574596484530584,2025-06-14,7.0
9.219999999993888,11.34181927515267,2025-06-14,8.0
18.3839999999982,22.35875345339921,2025-06-14,9.0
22.9428000000031,18.59278937179098,2025-06-14,10.0
30.228000000002798,32.6888672685753,2025-06-14,11.0
8.5,10.195912105973495,2025-06-14,12.0
10.679999999993017,12.629144225331235,2025-06-14,13.0
24.959999999999127,26.499556435555803,2025-06-14,14.0
8.971999999994296,18.772918583085108,2025-06-14,15.0
16.1199999999999,11.193055904857347,2025-06-14,16.0
7.75,6.168530697142774,2025-06-14,17.0
5.307999999997264,12.587269220810596,2025-06-14,18.0
6.82800000000011,22.420398521432638,2025-06-14,19.0
9.279999999998836,17.18021033506628,2025-06-14,20.0
17.639999999999418,28.823409755355232,2025-06-14,21.0
23.5707927754136,25.493460507772514,2025-06-14,22.0
11.9320000000007,23.601146862298165,2025-06-14,23.0
12.760000000002035,23.653783879199676,2025-06-14,24.0
7.18280000000101,12.344000942566122,2025-06-14,25.0
8.531999999999243,11.126986997916225,2025-06-14,26.0
10.512000000002445,17.558429252512923,2025-06-14,27.0
10.527999999998428,17.62514640701708,2025-06-14,28.0
21.512000000002445,24.204508250831285,2025-06-14,29.0
0.710999999999525,10.850655036190272,2025-06-14,30.0
32.24799999999232,31.677577541541808,2025-06-14,31.0
27.1020000000083,38.704377698034705,2025-06-14,32.0
10.6599999999962,13.700197805677856,2025-06-14,33.0
10.9800000000032,17.144445679947257,2025-06-14,34.0
25.93599999999424,35.78733128976698,2025-06-14,35.0
10.7920000000013,22.877226131058656,2025-06-14,36.0
11.2719999999972,26.735208391894147,2025-06-14,37.0
9.28000000000146,17.061808628583165,2025-06-14,38.0
10.03200000000652,20.402110983547903,2025-06-14,39.0
5.25399999999732,14.236084762149538,2025-06-15,1.0
10.1828000000084,20.224900202401567,2025-06-15,2.0
10.520000000004076,18.730639851925293,2025-06-15,3.0
22.0,26.153736421124187,2025-06-15,4.0
8.647999999993772,10.798844888888828,2025-06-15,5.0
29.223999999994703,32.54237538952401,2025-06-15,6.0
21.648000000001048,28.583400360626577,2025-06-15,7.0
6.25000000000378,11.234603346375838,2025-06-15,8.0
17.0,19.440695392877725,2025-06-15,9.0
6.987999999997555,19.993330946405678,2025-06-15,10.0
25.859999999993303,32.81695570158725,2025-06-15,11.0
6.450000000000728,10.848050966538533,2025-06-15,12.0
11.0,14.275348116131859,2025-06-15,13.0
19.05199999999604,27.649684794285534,2025-06-15,14.0
6.7479999999995925,18.26619791956696,2025-06-15,15.0
10.4480000000003,11.469459051778696,2025-06-15,16.0
4.719999999997526,8.424196971428369,2025-06-15,17.0
6.451999999997497,13.326388632364033,2025-06-15,18.0
20.079999999999927,20.619074551146543,2025-06-15,19.0
6.819999999999709,14.736910460317487,2025-06-15,20.0
14.87999999999738,24.746480265702136,2025-06-15,21.0
22.44799999999668,24.354121973014905,2025-06-15,22.0
16.0,24.49065037336806,2025-06-15,23.0
7.860000000000582,19.320295646752534,2025-06-15,24.0
5.73599999999711,10.357055274161972,2025-06-15,25.0
6.908000000003085,11.296394060516674,2025-06-15,26.0
9.927999999999884,16.37703730298899,2025-06-15,27.0
10.0,17.524324482630156,2025-06-15,28.0
19.05999999999767,25.635990900270336,2025-06-15,29.0
7.059999999997672,13.124678891428452,2025-06-15,30.0
17.3920000000071,27.787355930793908,2025-06-15,31.0
21.79200000000128,34.00953653174597,2025-06-15,32.0
7.71099999999953,12.839449842102933,2025-06-15,33.0
4.947999999996682,16.557967899047696,2025-06-15,34.0
16.880000000004657,34.65102874386351,2025-06-15,35.0
7.135999999998603,20.22096889228675,2025-06-15,36.0
21.888000000006286,26.459298163809766,2025-06-15,37.0
7.739999999997963,15.802854597949487,2025-06-15,38.0
7.775999999998021,17.8016524427617,2025-06-15,39.0
5.0,11.005263361410355,2025-06-16,1.0
10.0,18.93819716458522,2025-06-16,2.0
10.0,20.134569390447805,2025-06-16,3.0
24.0,27.516045394285364,2025-06-16,4.0
8.0,10.744322291973532,2025-06-16,5.0
30.0,29.12382328127,2025-06-16,6.0
20.0,25.409020846695576,2025-06-16,7.0
7.0,10.016677184008302,2025-06-16,8.0
11.0,18.552334631746387,2025-06-16,9.0
7.235,23.760062476508768,2025-06-16,10.0
25.0,29.812152526984235,2025-06-16,11.0
7.0,9.463485198538915,2025-06-16,12.0
18.4232300395354,14.627828304253487,2025-06-16,13.0
20.0,27.261489768986827,2025-06-16,14.0
7.859999999996944,15.258051162659644,2025-06-16,15.0
10.223999999994705,12.038442126224668,2025-06-16,16.0
6.22599999999876,6.8945475774603775,2025-06-16,17.0
5.879999999997381,13.928015595285158,2025-06-16,18.0
18.52499999999964,18.9547327345121,2025-06-16,19.0
13.602800000003,13.967258587029036,2025-06-16,20.0
27.080000000001743,20.65350337188803,2025-06-16,21.0
11.6942202549845,25.36987843349992,2025-06-16,22.0
26.62999999999738,25.241840737739413,2025-06-16,23.0
17.37800000000061,20.79669500014368,2025-06-16,24.0
9.727999999999156,11.153248952859105,2025-06-16,25.0
7.0,11.458725282028649,2025-06-16,26.0
17.2559999999977,16.324276326666762,2025-06-16,27.0
13.7664721110554,16.191138036312143,2025-06-16,28.0
29.495999999999185,25.148172069985506,2025-06-16,29.0
5.53199999999924,15.898472864761876,2025-06-16,30.0
31.78399999999965,26.778214041905123,2025-06-16,31.0
38.0639999999984,32.623345165311314,2025-06-16,32.0
6.5,14.880428964509342,2025-06-16,33.0
14.582000000002154,15.745949250793762,2025-06-16,34.0
44.81000000000131,32.08271591428583,2025-06-16,35.0
18.3928000000002,21.271532230339304,2025-06-16,36.0
27.3839999999982,24.653823027553994,2025-06-16,37.0
8.0,14.977378001606427,2025-06-16,38.0
16.978000000002794,15.259511827900955,2025-06-16,39.0
