actual,prediction,timestamp,house_id
8.748,9.083525,2024-09-18,1.0
13.11,9.0552225,2024-09-19,1.0
8.232,8.821049,2024-09-20,1.0
11.112,8.992872,2024-09-21,1.0
8.36,9.030955,2024-09-22,1.0
2.948,9.115336,2024-09-23,1.0
4.868,9.143597,2024-09-24,1.0
16.452,8.842548,2024-09-25,1.0
10.092,8.772829,2024-09-26,1.0
17.728,9.522578,2024-09-27,1.0
14.86,9.415483,2024-09-28,1.0
8.34,10.428,2024-09-29,1.0
9.028,11.148918,2024-09-30,1.0
17.28,11.623114,2024-10-01,1.0
5.992,12.0214,2024-10-02,1.0
19.64,13.182009,2024-10-03,1.0
9.056,13.208237,2024-10-04,1.0
7.352,13.052509,2024-10-05,1.0
24.78,13.068533,2024-10-06,1.0
7.972,12.158891,2024-10-07,1.0
8.428,14.313728,2024-10-08,1.0
12.06,14.4815645,2024-10-09,1.0
16.248,13.496669,2024-10-10,1.0
8.532,12.759031,2024-10-11,1.0
10.06,12.890282,2024-10-12,1.0
10.232,12.513288,2024-10-13,1.0
18.448,12.048168,2024-10-14,1.0
12.82,12.4405365,2024-10-15,1.0
10.25,13.668311,2024-10-16,1.0
8.74,14.041845,2024-10-17,1.0
12.08,13.692749,2024-10-18,1.0
11.64,13.095367,2024-10-19,1.0
5.42,12.735956,2024-10-20,1.0
11.18,12.034424,2024-10-21,1.0
21.64,11.482655,2024-10-22,1.0
10.25,11.538337,2024-10-23,1.0
10.552,13.402267,2024-10-24,1.0
10.32,13.732277,2024-10-25,1.0
17.976,13.364748,2024-10-26,1.0
11.272,12.956854,2024-10-27,1.0
5.311,12.586377,2024-10-28,1.0
11.008,12.560574,2024-10-29,1.0
11.928,12.305137,2024-10-30,1.0
6.311,11.999388,2024-10-31,1.0
26.528,12.088875,2024-11-01,1.0
5.068,12.058556,2024-11-02,1.0
14.9828,13.979668,2024-11-03,1.0
7.228,14.027257,2024-11-04,1.0
36.788,14.384922,2024-11-05,1.0
20.552,13.898455,2024-11-06,1.0
8.752,16.553093,2024-11-07,1.0
6.828,18.274162,2024-11-08,1.0
14.852,17.852219,2024-11-09,1.0
24.468,16.891315,2024-11-10,1.0
7.508,16.030085,2024-11-11,1.0
22.6,17.14087,2024-11-12,1.0
7.472,17.22046,2024-11-13,1.0
10.48,18.632769,2024-11-14,1.0
10.232,17.794653,2024-11-15,1.0
31.656,16.260538,2024-11-16,1.0
16.464,15.560167,2024-11-17,1.0
7.628,17.314323,2024-11-18,1.0
25.84,18.803541,2024-11-19,1.0
8.2,18.621641,2024-11-20,1.0
7.98,19.651592,2024-11-21,1.0
7.608,18.143253,2024-11-22,1.0
21.064445,16.92278,2024-11-23,1.0
20.35861,15.748106,2024-11-24,1.0
14.498066,16.39352,2024-11-25,1.0
20.126177,18.35707,2024-11-26,1.0
24.001265,18.185604,2024-11-27,1.0
17.172037,19.577003,2024-11-28,1.0
19.374487,20.865225,2024-11-29,1.0
17.0232,19.45064,2024-11-30,1.0
11.0,18.919708,2024-12-01,1.0
22.328,18.7925,2024-12-02,1.0
36.28,18.895721,2024-12-03,1.0
19.011,19.08197,2024-12-04,1.0
14.28,22.453796,2024-12-05,1.0
20.268,23.923277,2024-12-06,1.0
12.472,22.225578,2024-12-07,1.0
12.52,21.504791,2024-12-08,1.0
22.68,19.516758,2024-12-09,1.0
20.36,18.855305,2024-12-10,1.0
21.232,19.478392,2024-12-11,1.0
21.72,20.015135,2024-12-12,1.0
23.448,20.08205,2024-12-13,1.0
29.728,20.868576,2024-12-14,1.0
10.572,22.259352,2024-12-15,1.0
31.848,23.886,2024-12-16,1.0
25.22,23.276325,2024-12-17,1.0
27.62,25.144344,2024-12-18,1.0
38.72,26.869804,2024-12-19,1.0
29.46,26.521255,2024-12-20,1.0
26.528,27.23045,2024-12-21,1.0
11.52,28.607708,2024-12-22,1.0
18.032,30.523973,2024-12-23,1.0
37.608,28.475597,2024-12-24,1.0
41.44,26.955526,2024-12-25,1.0
14.632,26.349878,2024-12-26,1.0
28.728,27.174854,2024-12-27,1.0
18.3,26.35233,2024-12-28,1.0
17.7,26.70499,2024-12-29,1.0
36.312,27.397955,2024-12-30,1.0
13.828,26.680164,2024-12-31,1.0
25.8,28.964302,2025-01-01,1.0
25.24,27.503223,2025-01-02,1.0
23.25,26.371319,2025-01-03,1.0
23.032,25.86709,2025-01-04,1.0
42.428,26.040983,2025-01-05,1.0
27.132,25.323923,2025-01-06,1.0
26.496,27.10118,2025-01-07,1.0
41.64,28.734005,2025-01-08,1.0
52.3028,28.41975,2025-01-09,1.0
11.24,30.11864,2025-01-10,1.0
28.888,33.364525,2025-01-11,1.0
21.208,31.8306,2025-01-12,1.0
21.24,30.473013,2025-01-13,1.0
30.384,30.330467,2025-01-14,1.0
35.808,28.70874,2025-01-15,1.0
11.78,27.929512,2025-01-16,1.0
31.092,28.755344,2025-01-17,1.0
22.096,27.756708,2025-01-18,1.0
14.9428,27.298567,2025-01-19,1.0
18.896,27.155844,2025-01-20,1.0
22.5028,25.818558,2025-01-21,1.0
27.708,25.669437,2025-01-22,1.0
16.28,24.477713,2025-01-23,1.0
24.48,24.961182,2025-01-24,1.0
16.012,24.726204,2025-01-25,1.0
22.936,24.602783,2025-01-26,1.0
8.36,23.499546,2025-01-27,1.0
16.172,23.728277,2025-01-28,1.0
26.52,22.97094,2025-01-29,1.0
13.932,21.935436,2025-01-30,1.0
17.456,22.382936,2025-01-31,1.0
22.432,21.561949,2025-02-01,1.0
14.7,20.14719,2025-02-02,1.0
23.892,19.506796,2025-02-03,1.0
14.428,19.783875,2025-02-04,1.0
29.132,20.979721,2025-02-05,1.0
9.728,21.504211,2025-02-06,1.0
26.11,22.46006,2025-02-07,1.0
19.568,21.338463,2025-02-08,1.0
11.464,20.90471,2025-02-09,1.0
9.056,20.142899,2025-02-10,1.0
41.024,19.813925,2025-02-11,1.0
6.96,19.139019,2025-02-12,1.0
24.068,21.641552,2025-02-13,1.0
17.66,21.970512,2025-02-14,1.0
22.62,21.536558,2025-02-15,1.0
17.56,21.005371,2025-02-16,1.0
10.84,21.07037,2025-02-17,1.0
23.772,20.68851,2025-02-18,1.0
22.536,19.91877,2025-02-19,1.0
14.852,19.303543,2025-02-20,1.0
8.028,19.520016,2025-02-21,1.0
20.36,19.292898,2025-02-22,1.0
16.0,18.524303,2025-02-23,1.0
29.052,18.611984,2025-02-24,1.0
21.088,18.786327,2025-02-25,1.0
25.808,20.783756,2025-02-26,1.0
9.064,22.129204,2025-02-27,1.0
6.76,22.732271,2025-02-28,1.0
12.128,21.380455,2025-03-01,1.0
23.228,18.418358,2025-03-02,1.0
12.872,16.251886,2025-03-03,1.0
6.812,16.739544,2025-03-04,1.0
19.464,17.205929,2025-03-05,1.0
6.576,16.816017,2025-03-06,1.0
11.172,17.487171,2025-03-07,1.0
17.06,16.267715,2025-03-08,1.0
9.36,15.004785,2025-03-09,1.0
10.8,15.290373,2025-03-10,1.0
11.2,15.169223,2025-03-11,1.0
10.272,14.637522,2025-03-12,1.0
7.988,13.705286,2025-03-13,1.0
14.38,13.693878,2025-03-14,1.0
10.232,12.956556,2025-03-15,1.0
13.268,13.120563,2025-03-16,1.0
6.258,12.874498,2025-03-17,1.0
5.2628,12.828377,2025-03-18,1.0
14.28,12.340456,2025-03-19,1.0
7.12,11.493322,2025-03-20,1.0
5.48,11.531317,2025-03-21,1.0
16.068,11.070351,2025-03-22,1.0
21.012,10.212592,2025-03-23,1.0
9.376,9.927582,2025-03-24,1.0
8.72,11.580084,2025-03-25,1.0
8.1828,12.691086,2025-03-26,1.0
7.536,12.96517,2025-03-27,1.0
22.08,12.35129,2025-03-28,1.0
6.984,11.570055,2025-03-29,1.0
10.468,12.818611,2025-03-30,1.0
10.38,12.593048,2025-03-31,1.0
12.232,11.919594,2025-04-01,1.0
6.508,11.6047,2025-04-02,1.0
12.972,10.913607,2025-04-03,1.0
14.64,10.517441,2025-04-04,1.0
6.068,10.751998,2025-04-05,1.0
7.2,10.908323,2025-04-06,1.0
10.148,10.204663,2025-04-07,1.0
5.9028,9.948611,2025-04-08,1.0
17.648,10.264531,2025-04-09,1.0
5.912,9.92133,2025-04-10,1.0
5.36,10.753958,2025-04-11,1.0
10.708,10.515423,2025-04-12,1.0
5.24,10.417818,2025-04-13,1.0
13.988,9.764549,2025-04-14,1.0
4.911,8.708525,2025-04-15,1.0
14.9,8.839161,2025-04-16,1.0
17.42,8.604658,2025-04-17,1.0
5.632,8.617285,2025-04-18,1.0
6.068,9.640744,2025-04-19,1.0
5.1,9.748183,2025-04-20,1.0
11.48,8.984175,2025-04-21,1.0
6.25,8.754922,2025-04-22,1.0
12.732,9.199114,2025-04-23,1.0
7.616,9.4200535,2025-04-24,1.0
17.424,10.09081,2025-04-25,1.0
6.308,9.821088,2025-04-26,1.0
6.972,10.246498,2025-04-27,1.0
7.988,8.972855,2025-04-28,1.0
13.332,8.888733,2025-04-29,1.0
14.92,10.095398,2025-04-30,1.0
10.108,10.941429,2025-05-01,1.0
13.932,11.158719,2025-05-02,1.0
8.688,10.714013,2025-05-03,1.0
9.808,10.633669,2025-05-04,1.0
5.652,10.204201,2025-05-05,1.0
13.188,10.002678,2025-05-06,1.0
9.311,9.709273,2025-05-07,1.0
8.6,10.097109,2025-05-08,1.0
14.3,9.820866,2025-05-09,1.0
10.528,9.44412,2025-05-10,1.0
8.288,9.073907,2025-05-11,1.0
8.052,8.443759,2025-05-12,1.0
8.428,9.225464,2025-05-13,1.0
21.672,9.069044,2025-05-14,1.0
6.608,9.021421,2025-05-15,1.0
8.352,10.746462,2025-05-16,1.0
14.928,10.324196,2025-05-17,1.0
10.48,9.894621,2025-05-18,1.0
13.58,9.371132,2025-05-19,1.0
14.06,10.234677,2025-05-20,1.0
14.42,11.201135,2025-05-21,1.0
10.272,11.773764,2025-05-22,1.0
12.468,11.538532,2025-05-23,1.0
10.028,10.410599,2025-05-24,1.0
10.992,9.777955,2025-05-25,1.0
13.208,9.838165,2025-05-26,1.0
10.784,10.275658,2025-05-27,1.0
16.448,12.204813,2025-05-28,1.0
7.86,12.280624,2025-05-29,1.0
7.908,12.151729,2025-05-30,1.0
8.96,10.817611,2025-05-31,1.0
4.592,9.715279,2025-06-01,1.0
10.448,8.91437,2025-06-02,1.0
8.532,8.220358,2025-06-03,1.0
13.372,8.090153,2025-06-04,1.0
12.308,8.243625,2025-06-05,1.0
10.06,9.353744,2025-06-06,1.0
10.78,9.250366,2025-06-07,1.0
12.932,8.742479,2025-06-08,1.0
9.788,8.157469,2025-06-09,1.0
10.88,9.092895,2025-06-10,1.0
10.44,9.904282,2025-06-11,1.0
8.82,10.334559,2025-06-12,1.0
6.64,9.784135,2025-06-13,1.0
6.568,8.465456,2025-06-14,1.0
5.254,7.5201335,2025-06-15,1.0
5.0,7.354901,2025-06-16,1.0
8.102,10.030584,2024-09-18,2.0
14.511,9.977934,2024-09-19,2.0
10.32,9.857973,2024-09-20,2.0
30.068,10.062659,2024-09-21,2.0
14.46,10.132544,2024-09-22,2.0
5.0,12.705215,2024-09-23,2.0
6.472,14.422925,2024-09-24,2.0
9.08,14.391907,2024-09-25,2.0
32.696,13.761478,2024-09-26,2.0
36.76,12.799435,2024-09-27,2.0
24.452,14.088591,2024-09-28,2.0
18.308,17.40997,2024-09-29,2.0
14.0,20.596588,2024-09-30,2.0
30.1428,21.924568,2024-10-01,2.0
22.188,21.208462,2024-10-02,2.0
17.132,21.594217,2024-10-03,2.0
36.6,22.044464,2024-10-04,2.0
17.696,21.35896,2024-10-05,2.0
19.664,23.344707,2024-10-06,2.0
11.36,23.898073,2024-10-07,2.0
32.096,24.237051,2024-10-08,2.0
24.32,22.652594,2024-10-09,2.0
19.48,23.04834,2024-10-10,2.0
33.664,22.672215,2024-10-11,2.0
32.52,21.988396,2024-10-12,2.0
25.748,23.215782,2024-10-13,2.0
29.84,24.97567,2024-10-14,2.0
18.652,26.248539,2024-10-15,2.0
19.2,27.216259,2024-10-16,2.0
26.588,26.700228,2024-10-17,2.0
10.332,25.12104,2024-10-18,2.0
21.96,24.13419,2024-10-19,2.0
9.668,22.304272,2024-10-20,2.0
20.8,21.750515,2024-10-21,2.0
12.428,20.92326,2024-10-22,2.0
44.76,21.142788,2024-10-23,2.0
29.832,20.68884,2024-10-24,2.0
26.32,23.258457,2024-10-25,2.0
20.808,24.750376,2024-10-26,2.0
36.944,24.614307,2024-10-27,2.0
24.32,23.673111,2024-10-28,2.0
44.628,24.86456,2024-10-29,2.0
20.46,26.086771,2024-10-30,2.0
53.56,26.898783,2024-10-31,2.0
10.42,27.57164,2024-11-01,2.0
29.258,30.222687,2024-11-02,2.0
31.212,28.511217,2024-11-03,2.0
24.3,28.72218,2024-11-04,2.0
26.232,29.921413,2024-11-05,2.0
36.4,30.175165,2024-11-06,2.0
36.976,29.343405,2024-11-07,2.0
22.12,29.556242,2024-11-08,2.0
41.332,30.311747,2024-11-09,2.0
35.528,28.694016,2024-11-10,2.0
10.25,30.315338,2024-11-11,2.0
28.948,32.52569,2024-11-12,2.0
24.211,30.989403,2024-11-13,2.0
18.268,29.33817,2024-11-14,2.0
16.76,27.779018,2024-11-15,2.0
25.76794,25.851683,2024-11-16,2.0
33.77047,24.20958,2024-11-17,2.0
17.52354,24.527958,2024-11-18,2.0
27.59,26.334871,2024-11-19,2.0
30.306,26.59341,2024-11-20,2.0
36.268,27.2865,2024-11-21,2.0
16.766666,27.019955,2024-11-22,2.0
35.149315,27.661583,2024-11-23,2.0
33.507492,25.821907,2024-11-24,2.0
21.842386,26.659185,2024-11-25,2.0
27.59,29.191216,2024-11-26,2.0
30.211622,28.320202,2024-11-27,2.0
36.268,28.694664,2024-11-28,2.0
20.766666,29.688538,2024-11-29,2.0
43.72228,28.76778,2024-11-30,2.0
10.708,26.864227,2024-12-01,2.0
9.932,28.789097,2024-12-02,2.0
12.088,28.927053,2024-12-03,2.0
9.46,25.965199,2024-12-04,2.0
33.36,23.999252,2024-12-05,2.0
27.728,22.727074,2024-12-06,2.0
31.952,22.664543,2024-12-07,2.0
25.376,23.322498,2024-12-08,2.0
18.5828,24.406212,2024-12-09,2.0
10.536,25.461159,2024-12-10,2.0
43.911,24.413113,2024-12-11,2.0
20.58,21.859556,2024-12-12,2.0
13.64,22.456581,2024-12-13,2.0
8.0,23.344418,2024-12-14,2.0
33.64,23.385529,2024-12-15,2.0
8.012,22.795303,2024-12-16,2.0
8.576,24.593613,2024-12-17,2.0
33.24,24.958948,2024-12-18,2.0
23.932,24.120745,2024-12-19,2.0
10.211,24.372784,2024-12-20,2.0
25.748,24.238586,2024-12-21,2.0
8.628,23.58624,2024-12-22,2.0
8.132,24.273247,2024-12-23,2.0
9.772,23.32978,2024-12-24,2.0
31.268,21.822723,2024-12-25,2.0
52.068,19.863869,2024-12-26,2.0
8.432,20.039215,2024-12-27,2.0
19.76,22.582815,2024-12-28,2.0
25.7,22.70211,2024-12-29,2.0
8.452,23.760487,2024-12-30,2.0
33.588,24.970606,2024-12-31,2.0
20.252,24.761715,2025-01-01,2.0
28.576,24.915482,2025-01-02,2.0
27.992,25.030138,2025-01-03,2.0
32.488,26.457333,2025-01-04,2.0
23.428,26.891457,2025-01-05,2.0
25.852,27.979496,2025-01-06,2.0
10.628,28.167362,2025-01-07,2.0
31.452,28.369839,2025-01-08,2.0
50.34,27.005108,2025-01-09,2.0
11.428,26.998981,2025-01-10,2.0
10.072,30.163132,2025-01-11,2.0
35.88,29.444296,2025-01-12,2.0
9.328,27.02627,2025-01-13,2.0
17.428,28.192345,2025-01-14,2.0
25.96,27.32978,2025-01-15,2.0
29.432,25.683622,2025-01-16,2.0
9.708,25.137066,2025-01-17,2.0
9.6,25.458353,2025-01-18,2.0
44.18,24.580147,2025-01-19,2.0
32.752,23.629217,2025-01-20,2.0
10.228,24.85154,2025-01-21,2.0
8.611,27.48626,2025-01-22,2.0
49.128,25.978813,2025-01-23,2.0
8.992,24.247175,2025-01-24,2.0
23.588,26.140236,2025-01-25,2.0
9.772,24.975237,2025-01-26,2.0
25.748,24.812124,2025-01-27,2.0
18.148,25.509136,2025-01-28,2.0
17.5828,26.905882,2025-01-29,2.0
36.968,26.000412,2025-01-30,2.0
7.848,25.288689,2025-01-31,2.0
17.692,25.837822,2025-02-01,2.0
9.388,23.34825,2025-02-02,2.0
32.692,21.489954,2025-02-03,2.0
10.72,20.984978,2025-02-04,2.0
30.98,23.475628,2025-02-05,2.0
16.28,24.354492,2025-02-06,2.0
33.52,25.251143,2025-02-07,2.0
10.32,24.465954,2025-02-08,2.0
25.102,23.856129,2025-02-09,2.0
10.228,22.024626,2025-02-10,2.0
8.6,22.655926,2025-02-11,2.0
33.4,22.552895,2025-02-12,2.0
25.38,21.63747,2025-02-13,2.0
8.872,23.17659,2025-02-14,2.0
9.008,24.094679,2025-02-15,2.0
25.84,22.629429,2025-02-16,2.0
25.208,21.108265,2025-02-17,2.0
9.064,21.405796,2025-02-18,2.0
20.816,21.919254,2025-02-19,2.0
50.5828,20.935823,2025-02-20,2.0
9.268,20.756744,2025-02-21,2.0
7.988,22.977438,2025-02-22,2.0
9.1428,22.832355,2025-02-23,2.0
9.188,21.538925,2025-02-24,2.0
35.86,20.806156,2025-02-25,2.0
28.828,20.470982,2025-02-26,2.0
6.928,21.716953,2025-02-27,2.0
2.352,23.745901,2025-02-28,2.0
31.24,23.517494,2025-03-01,2.0
9.792,20.327927,2025-03-02,2.0
20.2,19.477322,2025-03-03,2.0
8.148,18.838276,2025-03-04,2.0
47.788,19.41852,2025-03-05,2.0
12.5028,19.913906,2025-03-06,2.0
8.16,23.187786,2025-03-07,2.0
21.056,22.637894,2025-03-08,2.0
8.852,20.767456,2025-03-09,2.0
8.572,21.074537,2025-03-10,2.0
21.576,20.477905,2025-03-11,2.0
27.88,19.079123,2025-03-12,2.0
29.372,19.29995,2025-03-13,2.0
9.508,21.106808,2025-03-14,2.0
32.1428,21.860912,2025-03-15,2.0
8.96,20.667967,2025-03-16,2.0
20.856,21.95762,2025-03-17,2.0
10.6628,21.487682,2025-03-18,2.0
19.296,21.442028,2025-03-19,2.0
16.432,20.863083,2025-03-20,2.0
26.328,20.764444,2025-03-21,2.0
14.288,20.11796,2025-03-22,2.0
21.088,20.225124,2025-03-23,2.0
10.5828,20.012388,2025-03-24,2.0
10.736,20.73378,2025-03-25,2.0
8.128,20.764994,2025-03-26,2.0
12.008,19.719776,2025-03-27,2.0
28.248,18.36981,2025-03-28,2.0
31.168,17.335823,2025-03-29,2.0
30.88,17.986633,2025-03-30,2.0
14.296,20.107302,2025-03-31,2.0
29.0,22.567657,2025-04-01,2.0
30.028,22.397942,2025-04-02,2.0
17.52,22.356913,2025-04-03,2.0
25.056,22.92107,2025-04-04,2.0
14.9428,22.51394,2025-04-05,2.0
19.616,22.41011,2025-04-06,2.0
8.752,22.003674,2025-04-07,2.0
26.072,22.690632,2025-04-08,2.0
30.544,21.554546,2025-04-09,2.0
11.416,22.245586,2025-04-10,2.0
14.744,23.718193,2025-04-11,2.0
17.832,23.00268,2025-04-12,2.0
8.544,21.861315,2025-04-13,2.0
23.8,20.481476,2025-04-14,2.0
14.68,18.630829,2025-04-15,2.0
33.4628,18.411402,2025-04-16,2.0
23.704,18.407007,2025-04-17,2.0
31.4,19.867153,2025-04-18,2.0
10.856,20.271957,2025-04-19,2.0
9.424,21.388557,2025-04-20,2.0
9.592,20.339241,2025-04-21,2.0
28.016,18.7361,2025-04-22,2.0
26.936,18.152496,2025-04-23,2.0
10.296,19.542673,2025-04-24,2.0
19.008,21.728935,2025-04-25,2.0
29.936,21.086647,2025-04-26,2.0
14.336,19.90549,2025-04-27,2.0
18.048,20.173517,2025-04-28,2.0
14.3028,20.787693,2025-04-29,2.0
14.2,22.008244,2025-04-30,2.0
28.5828,21.605057,2025-05-01,2.0
18.104,19.74378,2025-05-02,2.0
27.872,19.257973,2025-05-03,2.0
18.568,18.761135,2025-05-04,2.0
20.256,20.099382,2025-05-05,2.0
13.296,20.667887,2025-05-06,2.0
25.96,21.18254,2025-05-07,2.0
31.84,20.335028,2025-05-08,2.0
23.028,20.197231,2025-05-09,2.0
11.52,21.017017,2025-05-10,2.0
25.92,20.91737,2025-05-11,2.0
29.296,19.554596,2025-05-12,2.0
16.2628,20.592674,2025-05-13,2.0
25.612,22.563261,2025-05-14,2.0
32.952,22.10567,2025-05-15,2.0
26.352,22.007061,2025-05-16,2.0
21.56,22.675436,2025-05-17,2.0
21.248,22.655098,2025-05-18,2.0
23.0228,22.336666,2025-05-19,2.0
23.952,23.188282,2025-05-20,2.0
19.176,23.59208,2025-05-21,2.0
22.288,22.956558,2025-05-22,2.0
29.102,21.587742,2025-05-23,2.0
21.816,20.819626,2025-05-24,2.0
20.104,21.174248,2025-05-25,2.0
16.888,21.925276,2025-05-26,2.0
16.528,22.673988,2025-05-27,2.0
19.992,23.10114,2025-05-28,2.0
22.448,22.03897,2025-05-29,2.0
17.256,20.664143,2025-05-30,2.0
17.104,19.417809,2025-05-31,2.0
12.11,18.247974,2025-06-01,2.0
30.36,17.319397,2025-06-02,2.0
14.6628,16.945175,2025-06-03,2.0
36.048,18.442198,2025-06-04,2.0
32.628,18.718937,2025-06-05,2.0
21.224,20.926205,2025-06-06,2.0
21.928,22.387054,2025-06-07,2.0
17.272,21.455158,2025-06-08,2.0
20.448,20.72034,2025-06-09,2.0
17.648,20.247526,2025-06-10,2.0
20.648,21.104664,2025-06-11,2.0
23.192,20.844025,2025-06-12,2.0
13.992,20.452995,2025-06-13,2.0
10.672,19.864456,2025-06-14,2.0
10.1828,18.139935,2025-06-15,2.0
10.0,16.623505,2025-06-16,2.0
21.972,23.678352,2024-09-18,3.0
8.228,21.462952,2024-09-19,3.0
27.332,20.694206,2024-09-20,3.0
33.12,18.640057,2024-09-21,3.0
26.648,18.853527,2024-09-22,3.0
14.18,21.709253,2024-09-23,3.0
9.572,23.83031,2024-09-24,3.0
22.64,23.211823,2024-09-25,3.0
33.258,20.328926,2024-09-26,3.0
29.64,18.839222,2024-09-27,3.0
21.0,19.307823,2024-09-28,3.0
22.66,21.635605,2024-09-29,3.0
20.08,23.234898,2024-09-30,3.0
22.328,24.218071,2024-10-01,3.0
14.6,23.570332,2024-10-02,3.0
21.612,23.03169,2024-10-03,3.0
26.292,22.683662,2024-10-04,3.0
19.328,22.319725,2024-10-05,3.0
20.14,23.06677,2024-10-06,3.0
23.98,22.607674,2024-10-07,3.0
21.928,22.715092,2024-10-08,3.0
19.392,22.884237,2024-10-09,3.0
24.352,22.262371,2024-10-10,3.0
23.36,20.733013,2024-10-11,3.0
18.76,20.714914,2024-10-12,3.0
19.016,21.251371,2024-10-13,3.0
24.532,20.923065,2024-10-14,3.0
23.44,21.143717,2024-10-15,3.0
18.211,22.2308,2024-10-16,3.0
22.328,22.823957,2024-10-17,3.0
21.0,22.347454,2024-10-18,3.0
29.1,22.285301,2024-10-19,3.0
20.548,21.829418,2024-10-20,3.0
24.872,22.36509,2024-10-21,3.0
25.552,22.526623,2024-10-22,3.0
29.856,23.239588,2024-10-23,3.0
26.372,24.22533,2024-10-24,3.0
23.092,24.693777,2024-10-25,3.0
18.936,24.592205,2024-10-26,3.0
19.5028,24.143211,2024-10-27,3.0
19.308,22.759254,2024-10-28,3.0
26.852,21.796074,2024-10-29,3.0
19.96,21.612862,2024-10-30,3.0
16.368,21.401728,2024-10-31,3.0
24.86,21.68686,2024-11-01,3.0
14.64,21.6025,2024-11-02,3.0
24.18,21.672087,2024-11-03,3.0
24.672,21.052002,2024-11-04,3.0
12.008,21.348043,2024-11-05,3.0
20.512,22.155548,2024-11-06,3.0
24.468,21.064718,2024-11-07,3.0
26.5,20.23396,2024-11-08,3.0
17.672,20.483341,2024-11-09,3.0
23.968,21.910727,2024-11-10,3.0
25.428,22.006828,2024-11-11,3.0
19.08,22.561176,2024-11-12,3.0
20.02,23.272408,2024-11-13,3.0
23.508,22.355928,2024-11-14,3.0
16.384,21.44974,2024-11-15,3.0
28.888,21.422796,2024-11-16,3.0
11.568,21.396046,2024-11-17,3.0
19.612,22.349388,2024-11-18,3.0
27.92,21.848305,2024-11-19,3.0
22.668,22.287687,2024-11-20,3.0
22.432,23.227585,2024-11-21,3.0
22.581333,23.035107,2024-11-22,3.0
20.4,23.447403,2024-11-23,3.0
21.238667,23.143902,2024-11-24,3.0
23.241333,22.981216,2024-11-25,3.0
19.669333,22.978317,2024-11-26,3.0
21.066668,22.65998,2024-11-27,3.0
21.694,23.235361,2024-11-28,3.0
22.581333,23.729187,2024-11-29,3.0
24.3232,22.58801,2024-11-30,3.0
13.688,22.098135,2024-12-01,3.0
25.672,22.281857,2024-12-02,3.0
19.296,22.301544,2024-12-03,3.0
29.1828,22.243254,2024-12-04,3.0
24.2,22.458029,2024-12-05,3.0
31.412,23.720646,2024-12-06,3.0
20.732,23.3374,2024-12-07,3.0
18.388,24.292423,2024-12-08,3.0
22.612,23.383022,2024-12-09,3.0
25.68,23.229286,2024-12-10,3.0
24.572,22.979527,2024-12-11,3.0
27.168,22.511091,2024-12-12,3.0
37.028,22.44511,2024-12-13,3.0
21.2,23.693108,2024-12-14,3.0
37.512,27.02149,2024-12-15,3.0
28.536,27.860218,2024-12-16,3.0
22.08,29.230158,2024-12-17,3.0
24.452,30.391682,2024-12-18,3.0
35.24,30.428055,2024-12-19,3.0
36.228,28.517532,2024-12-20,3.0
29.472,27.981762,2024-12-21,3.0
22.448,29.330364,2024-12-22,3.0
27.592,31.55412,2024-12-23,3.0
32.76,31.63661,2024-12-24,3.0
25.98,30.817902,2024-12-25,3.0
28.892,29.065937,2024-12-26,3.0
29.412,27.068983,2024-12-27,3.0
35.692,26.42551,2024-12-28,3.0
26.411,27.47633,2024-12-29,3.0
13.536,30.695549,2024-12-30,3.0
25.2,32.070377,2024-12-31,3.0
27.552,31.638836,2025-01-01,3.0
42.98,29.270973,2025-01-02,3.0
33.308,27.378944,2025-01-03,3.0
35.24,29.19992,2025-01-04,3.0
30.2528,31.030376,2025-01-05,3.0
35.768,32.238617,2025-01-06,3.0
30.192,31.768673,2025-01-07,3.0
25.88,31.409178,2025-01-08,3.0
38.748,30.986877,2025-01-09,3.0
39.948,30.551096,2025-01-10,3.0
42.92,32.034977,2025-01-11,3.0
41.5428,33.547314,2025-01-12,3.0
41.628,35.577835,2025-01-13,3.0
13.588,37.66285,2025-01-14,3.0
43.64,36.93571,2025-01-15,3.0
52.072,34.272575,2025-01-16,3.0
28.82,33.40914,2025-01-17,3.0
26.06,34.05368,2025-01-18,3.0
31.32,34.786545,2025-01-19,3.0
20.128,35.267075,2025-01-20,3.0
27.9428,35.122368,2025-01-21,3.0
31.328,34.166084,2025-01-22,3.0
30.5,30.486984,2025-01-23,3.0
21.228,30.224604,2025-01-24,3.0
37.572,31.01939,2025-01-25,3.0
24.828,29.813526,2025-01-26,3.0
25.472,30.234417,2025-01-27,3.0
32.112,30.872818,2025-01-28,3.0
29.648,30.290537,2025-01-29,3.0
25.472,29.81456,2025-01-30,3.0
45.768,29.815605,2025-01-31,3.0
26.56,28.649391,2025-02-01,3.0
30.232,28.672995,2025-02-02,3.0
43.068,28.681276,2025-02-03,3.0
28.708,29.628105,2025-02-04,3.0
33.952,32.15174,2025-02-05,3.0
39.88,33.268375,2025-02-06,3.0
43.48,33.510017,2025-02-07,3.0
43.62,34.149334,2025-02-08,3.0
36.06,34.766712,2025-02-09,3.0
46.78,35.18031,2025-02-10,3.0
31.76,36.628334,2025-02-11,3.0
39.068,38.878494,2025-02-12,3.0
46.972,38.630585,2025-02-13,3.0
44.76,38.554962,2025-02-14,3.0
26.7,38.67249,2025-02-15,3.0
25.552,38.344093,2025-02-16,3.0
39.11,38.166317,2025-02-17,3.0
39.028,36.903778,2025-02-18,3.0
44.096,35.810814,2025-02-19,3.0
44.102,34.228653,2025-02-20,3.0
38.128,34.312088,2025-02-21,3.0
42.704,34.91456,2025-02-22,3.0
42.656,35.097183,2025-02-23,3.0
31.452,36.708664,2025-02-24,3.0
49.26,37.603153,2025-02-25,3.0
30.808,38.65578,2025-02-26,3.0
38.052,39.42669,2025-02-27,3.0
14.292,37.909523,2025-02-28,3.0
58.808,37.55531,2025-03-01,3.0
25.311,33.690266,2025-03-02,3.0
28.048,33.74704,2025-03-03,3.0
26.86,34.109917,2025-03-04,3.0
39.132,34.031242,2025-03-05,3.0
27.76,32.975483,2025-03-06,3.0
26.96,32.997147,2025-03-07,3.0
35.24,31.552307,2025-03-08,3.0
26.888,29.783932,2025-03-09,3.0
25.568,30.915096,2025-03-10,3.0
20.0628,31.580673,2025-03-11,3.0
19.928,30.34335,2025-03-12,3.0
19.008,27.86707,2025-03-13,3.0
23.64,26.75495,2025-03-14,3.0
16.9828,24.708252,2025-03-15,3.0
20.2,23.481422,2025-03-16,3.0
18.768,23.497503,2025-03-17,3.0
19.428,23.295403,2025-03-18,3.0
28.24,22.87432,2025-03-19,3.0
19.86,22.861748,2025-03-20,3.0
18.452,22.875948,2025-03-21,3.0
10.736,22.414919,2025-03-22,3.0
19.392,21.49176,2025-03-23,3.0
17.072,19.66609,2025-03-24,3.0
21.258,19.186592,2025-03-25,3.0
22.528,19.456,2025-03-26,3.0
17.18,20.393957,2025-03-27,3.0
28.4,21.197147,2025-03-28,3.0
26.452,20.333435,2025-03-29,3.0
10.896,20.933035,2025-03-30,3.0
20.68,21.862091,2025-03-31,3.0
11.12,20.88794,2025-04-01,3.0
18.76,20.27943,2025-04-02,3.0
18.6,18.772146,2025-04-03,3.0
17.672,18.389101,2025-04-04,3.0
10.952,18.458965,2025-04-05,3.0
17.328,18.668205,2025-04-06,3.0
12.2,17.596964,2025-04-07,3.0
11.9,17.668852,2025-04-08,3.0
26.972,17.247204,2025-04-09,3.0
11.216,16.399706,2025-04-10,3.0
11.92,17.190441,2025-04-11,3.0
19.92,16.780798,2025-04-12,3.0
16.432,16.319876,2025-04-13,3.0
23.08,16.344538,2025-04-14,3.0
28.1,16.15849,2025-04-15,3.0
19.811,17.082687,2025-04-16,3.0
14.428,18.890656,2025-04-17,3.0
14.44,19.29897,2025-04-18,3.0
13.2,18.360592,2025-04-19,3.0
17.928,17.745651,2025-04-20,3.0
20.18,17.12486,2025-04-21,3.0
17.94,17.307632,2025-04-22,3.0
18.18,18.884327,2025-04-23,3.0
21.492,19.6472,2025-04-24,3.0
16.948,19.777802,2025-04-25,3.0
16.612,19.965603,2025-04-26,3.0
12.648,19.150118,2025-04-27,3.0
11.472,17.412437,2025-04-28,3.0
19.828,16.843002,2025-04-29,3.0
18.748,17.454823,2025-04-30,3.0
18.892,18.095655,2025-05-01,3.0
17.412,17.801107,2025-05-02,3.0
10.68,17.67742,2025-05-03,3.0
17.128,16.987926,2025-05-04,3.0
13.74,16.060337,2025-05-05,3.0
11.25,15.9723835,2025-05-06,3.0
22.5,15.840345,2025-05-07,3.0
25.492,15.608391,2025-05-08,3.0
20.6,15.93829,2025-05-09,3.0
16.108,17.150818,2025-05-10,3.0
17.18,17.625286,2025-05-11,3.0
17.7,16.703676,2025-05-12,3.0
18.74,17.276772,2025-05-13,3.0
20.52,17.236992,2025-05-14,3.0
18.36,17.265982,2025-05-15,3.0
14.25,17.868639,2025-05-16,3.0
16.868,18.001846,2025-05-17,3.0
18.024,17.447235,2025-05-18,3.0
18.588,16.423975,2025-05-19,3.0
14.732,17.318062,2025-05-20,3.0
19.508,18.2449,2025-05-21,3.0
19.66,17.965973,2025-05-22,3.0
11.88,17.342644,2025-05-23,3.0
16.74,16.900934,2025-05-24,3.0
18.76,15.768923,2025-05-25,3.0
18.6,15.860567,2025-05-26,3.0
18.58,16.385765,2025-05-27,3.0
18.888,18.059715,2025-05-28,3.0
11.432,18.350258,2025-05-29,3.0
17.752,17.755497,2025-05-30,3.0
14.52,15.60907,2025-05-31,3.0
11.28,14.714584,2025-06-01,3.0
20.068,14.404221,2025-06-02,3.0
14.532,14.431627,2025-06-03,3.0
18.508,15.172102,2025-06-04,3.0
27.24,15.728434,2025-06-05,3.0
14.468,16.694916,2025-06-06,3.0
23.96,17.965368,2025-06-07,3.0
17.6,17.504948,2025-06-08,3.0
18.664,17.879272,2025-06-09,3.0
19.448,18.262072,2025-06-10,3.0
20.128,19.259964,2025-06-11,3.0
18.252,19.50131,2025-06-12,3.0
9.92,18.761734,2025-06-13,3.0
11.508,17.869698,2025-06-14,3.0
10.52,16.073029,2025-06-15,3.0
10.0,15.22823,2025-06-16,3.0
27.256,24.73806,2024-09-18,4.0
25.736,23.608196,2024-09-19,4.0
14.184,23.949646,2024-09-20,4.0
30.856,23.627457,2024-09-21,4.0
16.416,21.06871,2024-09-22,4.0
33.832,21.876537,2024-09-23,4.0
18.28,22.163242,2024-09-24,4.0
24.376,24.18532,2024-09-25,4.0
36.428,24.599222,2024-09-26,4.0
23.96,23.763884,2024-09-27,4.0
11.711,23.300264,2024-09-28,4.0
17.288,22.405592,2024-09-29,4.0
27.6628,21.534637,2024-09-30,4.0
17.256,21.418695,2024-10-01,4.0
31.56,23.19158,2024-10-02,4.0
25.272,23.506796,2024-10-03,4.0
16.888,25.11152,2024-10-04,4.0
25.8,24.994461,2024-10-05,4.0
9.2,23.1591,2024-10-06,4.0
17.6,22.954409,2024-10-07,4.0
24.128,22.22913,2024-10-08,4.0
25.432,21.712345,2024-10-09,4.0
35.8228,21.425182,2024-10-10,4.0
26.6,21.480148,2024-10-11,4.0
19.984,22.628012,2024-10-12,4.0
24.496,22.759556,2024-10-13,4.0
33.648,22.93335,2024-10-14,4.0
31.792,23.369505,2024-10-15,4.0
22.816,25.463327,2024-10-16,4.0
65.68,27.24007,2024-10-17,4.0
48.0628,27.326656,2024-10-18,4.0
59.711,31.04274,2024-10-19,4.0
36.432,33.15799,2024-10-20,4.0
25.368,37.766823,2024-10-21,4.0
44.2228,40.466263,2024-10-22,4.0
39.8628,40.154804,2024-10-23,4.0
28.096,40.354088,2024-10-24,4.0
31.736,39.281204,2024-10-25,4.0
42.102,36.93779,2024-10-26,4.0
28.064,34.457085,2024-10-27,4.0
21.96,35.48149,2024-10-28,4.0
28.808,35.840294,2024-10-29,4.0
32.828,34.57744,2024-10-30,4.0
25.192,31.845976,2024-10-31,4.0
48.608,30.685112,2024-11-01,4.0
28.872,29.240084,2024-11-02,4.0
22.256,29.81073,2024-11-03,4.0
43.648,32.282345,2024-11-04,4.0
37.976,32.381477,2024-11-05,4.0
35.88,33.238182,2024-11-06,4.0
48.008,33.558784,2024-11-07,4.0
32.424,33.64528,2024-11-08,4.0
29.6628,33.697414,2024-11-09,4.0
49.624,33.591778,2024-11-10,4.0
28.96,33.892376,2024-11-11,4.0
18.0,36.147552,2024-11-12,4.0
28.296,37.91859,2024-11-13,4.0
36.064,35.62026,2024-11-14,4.0
52.968,32.595284,2024-11-15,4.0
45.6,30.782593,2024-11-16,4.0
28.792,31.224936,2024-11-17,4.0
47.008,34.984085,2024-11-18,4.0
38.592,37.47058,2024-11-19,4.0
38.96,39.822723,2024-11-20,4.0
31.8228,39.732697,2024-11-21,4.0
38.168,38.311394,2024-11-22,4.0
25.712,36.83342,2024-11-23,4.0
33.557335,35.41976,2024-11-24,4.0
43.872,34.852577,2024-11-25,4.0
31.522667,35.486298,2024-11-26,4.0
38.378666,36.489372,2024-11-27,4.0
38.632,37.237595,2024-11-28,4.0
43.042,37.688835,2024-11-29,4.0
22.746,34.51867,2024-11-30,4.0
26.162,33.109997,2024-12-01,4.0
28.210667,32.434967,2024-12-02,4.0
22.212,33.095562,2024-12-03,4.0
28.909334,32.602806,2024-12-04,4.0
30.680082,31.620876,2024-12-05,4.0
32.878925,31.314125,2024-12-06,4.0
25.008,29.4934,2024-12-07,4.0
26.5028,28.674992,2024-12-08,4.0
35.384,27.45565,2024-12-09,4.0
17.096,28.405132,2024-12-10,4.0
31.128,29.376534,2024-12-11,4.0
29.216,27.47308,2024-12-12,4.0
17.3028,26.347054,2024-12-13,4.0
10.16,26.21997,2024-12-14,4.0
26.44,25.635878,2024-12-15,4.0
17.9028,24.429768,2024-12-16,4.0
18.464,25.493526,2024-12-17,4.0
24.568,26.999218,2024-12-18,4.0
25.832,27.031734,2024-12-19,4.0
32.311,26.158512,2024-12-20,4.0
23.228,25.275627,2024-12-21,4.0
18.176,25.571886,2024-12-22,4.0
31.254,26.886017,2024-12-23,4.0
31.088,26.646399,2024-12-24,4.0
31.032,27.211643,2024-12-25,4.0
33.888,26.78146,2024-12-26,4.0
19.768,26.279192,2024-12-27,4.0
30.16,25.794628,2024-12-28,4.0
33.528,25.273426,2024-12-29,4.0
31.576,27.53595,2024-12-30,4.0
32.336,30.392616,2024-12-31,4.0
37.432,33.529373,2025-01-01,4.0
32.912,33.47698,2025-01-02,4.0
31.472,32.904526,2025-01-03,4.0
25.648,32.451294,2025-01-04,4.0
25.032,31.31926,2025-01-05,4.0
27.896,31.304497,2025-01-06,4.0
30.312,31.34124,2025-01-07,4.0
26.08,31.75688,2025-01-08,4.0
28.96,31.762806,2025-01-09,4.0
29.56,31.650137,2025-01-10,4.0
33.888,30.86028,2025-01-11,4.0
25.32,29.60027,2025-01-12,4.0
19.428,30.189861,2025-01-13,4.0
29.848,31.427006,2025-01-14,4.0
19.911,30.35582,2025-01-15,4.0
16.848,29.387062,2025-01-16,4.0
19.632,27.719799,2025-01-17,4.0
16.8628,25.667614,2025-01-18,4.0
17.008,24.995285,2025-01-19,4.0
26.511,24.85665,2025-01-20,4.0
12.0,24.078484,2025-01-21,4.0
26.216,24.890163,2025-01-22,4.0
25.64,23.346111,2025-01-23,4.0
19.828,23.007029,2025-01-24,4.0
30.12,23.033806,2025-01-25,4.0
16.312,22.305357,2025-01-26,4.0
19.352,23.42598,2025-01-27,4.0
22.048,24.810328,2025-01-28,4.0
22.032,25.735455,2025-01-29,4.0
28.6628,25.286554,2025-01-30,4.0
29.528,25.217228,2025-01-31,4.0
25.428,24.820421,2025-02-01,4.0
25.856,23.84657,2025-02-02,4.0
17.008,23.991919,2025-02-03,4.0
13.28,25.745523,2025-02-04,4.0
29.16,26.794483,2025-02-05,4.0
24.936,26.618021,2025-02-06,4.0
44.0,26.557962,2025-02-07,4.0
30.288,25.720926,2025-02-08,4.0
38.048,26.139997,2025-02-09,4.0
29.11,27.134571,2025-02-10,4.0
35.176,30.13097,2025-02-11,4.0
32.592,31.234528,2025-02-12,4.0
33.768,31.869549,2025-02-13,4.0
28.16,32.50236,2025-02-14,4.0
28.511,31.76984,2025-02-15,4.0
48.288,30.181322,2025-02-16,4.0
47.311,30.817535,2025-02-17,4.0
44.2528,33.244396,2025-02-18,4.0
32.656,35.957653,2025-02-19,4.0
54.1428,36.974556,2025-02-20,4.0
53.112,36.56125,2025-02-21,4.0
43.776,36.524704,2025-02-22,4.0
51.376,37.392265,2025-02-23,4.0
52.28,41.744835,2025-02-24,4.0
55.072,46.22043,2025-02-25,4.0
49.504,50.5699,2025-02-26,4.0
39.428,52.33249,2025-02-27,4.0
72.72,51.667706,2025-02-28,4.0
69.624,50.266945,2025-03-01,4.0
60.76,48.656113,2025-03-02,4.0
61.648,51.208824,2025-03-03,4.0
79.192,55.52359,2025-03-04,4.0
66.2228,59.304626,2025-03-05,4.0
72.608,61.239826,2025-03-06,4.0
58.2,62.2994,2025-03-07,4.0
29.12,62.174854,2025-03-08,4.0
51.472,61.10337,2025-03-09,4.0
48.104,60.196266,2025-03-10,4.0
58.208,60.21205,2025-03-11,4.0
25.952,59.27997,2025-03-12,4.0
26.96,56.379333,2025-03-13,4.0
58.176,53.43097,2025-03-14,4.0
35.288,47.142365,2025-03-15,4.0
10.264,42.47283,2025-03-16,4.0
13.5428,42.993675,2025-03-17,4.0
11.24,40.25219,2025-03-18,4.0
13.92,36.784008,2025-03-19,4.0
12.624,32.79217,2025-03-20,4.0
14.2228,27.649414,2025-03-21,4.0
20.72,23.729141,2025-03-22,4.0
22.632,21.40852,2025-03-23,4.0
60.36,20.439287,2025-03-24,4.0
49.28,20.765156,2025-03-25,4.0
57.744,25.26094,2025-03-26,4.0
48.896,30.721529,2025-03-27,4.0
36.272,35.1867,2025-03-28,4.0
59.16,35.808414,2025-03-29,4.0
31.102,34.66081,2025-03-30,4.0
31.52,38.148243,2025-03-31,4.0
50.328,40.759113,2025-04-01,4.0
20.696,42.38237,2025-04-02,4.0
45.168,44.16149,2025-04-03,4.0
28.32,42.573124,2025-04-04,4.0
42.4,39.417633,2025-04-05,4.0
32.048,35.18915,2025-04-06,4.0
35.584,35.111603,2025-04-07,4.0
33.648,36.44677,2025-04-08,4.0
47.9428,36.581535,2025-04-09,4.0
54.136,36.527206,2025-04-10,4.0
52.616,37.152046,2025-04-11,4.0
37.368,38.045826,2025-04-12,4.0
47.8628,39.277096,2025-04-13,4.0
38.2628,41.007713,2025-04-14,4.0
36.552,42.365536,2025-04-15,4.0
30.76,42.69619,2025-04-16,4.0
14.208,41.617188,2025-04-17,4.0
10.3828,38.49561,2025-04-18,4.0
10.208,33.12138,2025-04-19,4.0
9.1028,28.238876,2025-04-20,4.0
8.928,24.790085,2025-04-21,4.0
9.832,22.677895,2025-04-22,4.0
10.808,21.986141,2025-04-23,4.0
32.024,20.91409,2025-04-24,4.0
8.3828,19.34544,2025-04-25,4.0
16.68,19.112942,2025-04-26,4.0
7.96,16.625092,2025-04-27,4.0
8.52,15.241961,2025-04-28,4.0
9.744,14.887379,2025-04-29,4.0
13.512,15.214599,2025-04-30,4.0
10.816,14.790779,2025-05-01,4.0
9.192,14.268553,2025-05-02,4.0
9.68,13.594025,2025-05-03,4.0
9.368,12.587414,2025-05-04,4.0
9.488,11.945425,2025-05-05,4.0
10.296,11.718608,2025-05-06,4.0
8.8228,11.909914,2025-05-07,4.0
12.11,12.15083,2025-05-08,4.0
10.68,11.702543,2025-05-09,4.0
10.832,11.319134,2025-05-10,4.0
10.9428,10.271393,2025-05-11,4.0
10.104,9.840822,2025-05-12,4.0
9.5828,10.795486,2025-05-13,4.0
8.36,11.255422,2025-05-14,4.0
14.496,11.528792,2025-05-15,4.0
8.48,11.511927,2025-05-16,4.0
8.9028,11.224791,2025-05-17,4.0
10.8,10.693239,2025-05-18,4.0
10.256,9.989979,2025-05-19,4.0
9.992,10.60643,2025-05-20,4.0
10.976,11.325569,2025-05-21,4.0
14.3828,11.548058,2025-05-22,4.0
13.168,11.0966,2025-05-23,4.0
11.92,10.601289,2025-05-24,4.0
12.336,10.056252,2025-05-25,4.0
13.856,10.4657135,2025-05-26,4.0
14.56,11.610555,2025-05-27,4.0
9.428,13.523304,2025-05-28,4.0
22.352,14.241636,2025-05-29,4.0
16.6,13.431061,2025-05-30,4.0
23.536,13.222313,2025-05-31,4.0
18.92,13.106372,2025-06-01,4.0
20.7028,14.426618,2025-06-02,4.0
19.76,15.991081,2025-06-03,4.0
22.736,17.205,2025-06-04,4.0
31.32,17.92571,2025-06-05,4.0
28.008,18.090443,2025-06-06,4.0
19.736,18.677216,2025-06-07,4.0
25.672,19.007072,2025-06-08,4.0
22.992,19.538242,2025-06-09,4.0
22.3828,21.175789,2025-06-10,4.0
28.232,22.76653,2025-06-11,4.0
32.528,23.147577,2025-06-12,4.0
23.192,22.573189,2025-06-13,4.0
24.608,22.419601,2025-06-14,4.0
22.0,21.428038,2025-06-15,4.0
24.0,21.496021,2025-06-16,4.0
6.2,7.5229344,2024-09-18,5.0
8.28,7.8027434,2024-09-19,5.0
5.66,7.924914,2024-09-20,5.0
7.98,7.95073,2024-09-21,5.0
8.808,7.918143,2024-09-22,5.0
5.628,7.6343727,2024-09-23,5.0
0.0,7.8444505,2024-09-24,5.0
0.0,7.9617586,2024-09-25,5.0
0.0,7.966889,2024-09-26,5.0
4.72,7.5037775,2024-09-27,5.0
12.68,6.7531476,2024-09-28,5.0
5.1828,6.608133,2024-09-29,5.0
2.96,7.0355506,2024-09-30,5.0
14.376,7.6111007,2024-10-01,5.0
10.132,8.118362,2024-10-02,5.0
13.66,9.327843,2024-10-03,5.0
10.06,10.135643,2024-10-04,5.0
0.02,9.902526,2024-10-05,5.0
0.0,10.150953,2024-10-06,5.0
0.06,9.178661,2024-10-07,5.0
0.068,8.732781,2024-10-08,5.0
0.0,8.274703,2024-10-09,5.0
0.0,7.8958735,2024-10-10,5.0
0.032,7.626739,2024-10-11,5.0
0.032,7.1603527,2024-10-12,5.0
0.28,6.6134934,2024-10-13,5.0
0.0,5.865969,2024-10-14,5.0
3.016,5.844211,2024-10-15,5.0
16.24,5.6255994,2024-10-16,5.0
16.28,5.782126,2024-10-17,5.0
16.28,6.9167743,2024-10-18,5.0
2.56,8.240575,2024-10-19,5.0
2.1828,9.51509,2024-10-20,5.0
4.328,8.981692,2024-10-21,5.0
1.088,8.412055,2024-10-22,5.0
0.0,8.158821,2024-10-23,5.0
3.232,8.096317,2024-10-24,5.0
2.3,8.039935,2024-10-25,5.0
11.452,7.959539,2024-10-26,5.0
0.976,7.6893764,2024-10-27,5.0
1.84,7.504372,2024-10-28,5.0
1.384,7.3205233,2024-10-29,5.0
1.128,7.0864487,2024-10-30,5.0
2.911,6.6304603,2024-10-31,5.0
1.688,6.4569793,2024-11-01,5.0
1.84,6.4774837,2024-11-02,5.0
0.14,6.8071876,2024-11-03,5.0
0.128,6.3041596,2024-11-04,5.0
0.14,6.3835583,2024-11-05,5.0
0.528,6.422518,2024-11-06,5.0
0.128,6.180255,2024-11-07,5.0
0.1828,6.1279187,2024-11-08,5.0
0.136,6.1631527,2024-11-09,5.0
14.52,6.17919,2024-11-10,5.0
2.12,5.56051,2024-11-11,5.0
2.12,6.613734,2024-11-12,5.0
2.092,7.010161,2024-11-13,5.0
0.811,7.3086953,2024-11-14,5.0
0.136,7.2364764,2024-11-15,5.0
0.744,6.8495193,2024-11-16,5.0
0.148,6.700589,2024-11-17,5.0
0.12,6.0797763,2024-11-18,5.0
0.732,5.749677,2024-11-19,5.0
1.496,5.8390594,2024-11-20,5.0
1.052,6.0218043,2024-11-21,5.0
16.76853,6.176555,2024-11-22,5.0
17.225039,5.962768,2024-11-23,5.0
19.852396,7.2482758,2024-11-24,5.0
19.892107,8.557119,2024-11-25,5.0
18.913795,11.084486,2024-11-26,5.0
20.778698,12.873135,2024-11-27,5.0
19.173038,14.660105,2024-11-28,5.0
16.353529,16.279568,2024-11-29,5.0
27.1012,16.166101,2024-11-30,5.0
12.528,16.342258,2024-12-01,5.0
26.192,17.275085,2024-12-02,5.0
17.76,18.460756,2024-12-03,5.0
21.708,19.799675,2024-12-04,5.0
28.94,20.85456,2024-12-05,5.0
25.428,21.508924,2024-12-06,5.0
22.14,21.405155,2024-12-07,5.0
11.988,21.92218,2024-12-08,5.0
20.7828,20.879082,2024-12-09,5.0
24.088,20.454096,2024-12-10,5.0
9.832,20.573393,2024-12-11,5.0
11.688,20.520317,2024-12-12,5.0
32.792,19.333984,2024-12-13,5.0
31.488,18.795038,2024-12-14,5.0
25.808,20.875902,2024-12-15,5.0
9.992,23.059635,2024-12-16,5.0
29.828,24.5602,2024-12-17,5.0
19.072,24.453293,2024-12-18,5.0
26.148,25.410912,2024-12-19,5.0
22.2,23.57363,2024-12-20,5.0
32.868,22.437786,2024-12-21,5.0
29.492,23.099426,2024-12-22,5.0
29.88,26.200603,2024-12-23,5.0
26.66,27.714176,2024-12-24,5.0
30.688,28.255733,2024-12-25,5.0
12.4228,27.221777,2024-12-26,5.0
16.64,25.729568,2024-12-27,5.0
17.64,23.235462,2024-12-28,5.0
10.868,22.160927,2024-12-29,5.0
22.28,22.588093,2024-12-30,5.0
13.172,22.528166,2024-12-31,5.0
20.708,24.329226,2025-01-01,5.0
11.28,23.023472,2025-01-02,5.0
8.508,22.03837,2025-01-03,5.0
24.8,20.58273,2025-01-04,5.0
17.092,19.114529,2025-01-05,5.0
45.74,18.68659,2025-01-06,5.0
35.22,18.783516,2025-01-07,5.0
20.528,22.456367,2025-01-08,5.0
13.78,25.686188,2025-01-09,5.0
10.052,26.826313,2025-01-10,5.0
12.388,25.429537,2025-01-11,5.0
13.812,22.898796,2025-01-12,5.0
20.128,20.79166,2025-01-13,5.0
5.06,20.224056,2025-01-14,5.0
31.38,20.663029,2025-01-15,5.0
26.568,19.742561,2025-01-16,5.0
10.64,20.216219,2025-01-17,5.0
20.112,20.601263,2025-01-18,5.0
19.711,19.900309,2025-01-19,5.0
23.11,19.147646,2025-01-20,5.0
17.92,18.887016,2025-01-21,5.0
20.376,20.219116,2025-01-22,5.0
6.5028,19.926655,2025-01-23,5.0
22.696,20.884327,2025-01-24,5.0
16.472,20.36422,2025-01-25,5.0
22.56,20.245422,2025-01-26,5.0
21.86,19.900139,2025-01-27,5.0
22.452,21.04839,2025-01-28,5.0
28.388,22.277954,2025-01-29,5.0
4.32,22.454115,2025-01-30,5.0
1.811,23.145569,2025-01-31,5.0
12.088,20.95755,2025-02-01,5.0
20.1,17.769482,2025-02-02,5.0
21.16,15.818068,2025-02-03,5.0
22.508,16.288603,2025-02-04,5.0
14.0228,18.289236,2025-02-05,5.0
6.736,20.202225,2025-02-06,5.0
11.852,20.278322,2025-02-07,5.0
11.68,18.14532,2025-02-08,5.0
7.58,16.098215,2025-02-09,5.0
13.5,14.517891,2025-02-10,5.0
14.68,13.956686,2025-02-11,5.0
19.748,14.627944,2025-02-12,5.0
1.5428,15.321762,2025-02-13,5.0
10.468,16.723213,2025-02-14,5.0
10.732,15.218328,2025-02-15,5.0
10.648,13.988495,2025-02-16,5.0
14.672,12.549166,2025-02-17,5.0
10.616,11.941653,2025-02-18,5.0
10.428,12.058804,2025-02-19,5.0
7.711,11.4064045,2025-02-20,5.0
12.888,11.363465,2025-02-21,5.0
11.8628,11.056662,2025-02-22,5.0
21.528,11.446431,2025-02-23,5.0
11.96,11.583684,2025-02-24,5.0
16.38,13.356266,2025-02-25,5.0
12.48,14.905838,2025-02-26,5.0
1.38,15.627657,2025-02-27,5.0
0.56,15.726802,2025-02-28,5.0
18.7,14.095917,2025-03-01,5.0
27.48,12.077948,2025-03-02,5.0
12.292,11.691116,2025-03-03,5.0
9.968,13.563733,2025-03-04,5.0
5.028,14.899702,2025-03-05,5.0
1.088,14.956306,2025-03-06,5.0
1.08,14.195002,2025-03-07,5.0
14.428,12.320345,2025-03-08,5.0
13.0,10.7409525,2025-03-09,5.0
5.632,10.638773,2025-03-10,5.0
8.688,11.542435,2025-03-11,5.0
10.1428,11.879048,2025-03-12,5.0
14.688,11.095836,2025-03-13,5.0
1.992,11.451756,2025-03-14,5.0
2.08,11.454588,2025-03-15,5.0
12.64,10.8222,2025-03-16,5.0
2.812,9.699606,2025-03-17,5.0
1.254,9.4340105,2025-03-18,5.0
2.148,9.282011,2025-03-19,5.0
10.668,8.839315,2025-03-20,5.0
10.904,8.585934,2025-03-21,5.0
11.536,8.525686,2025-03-22,5.0
2.9028,8.819498,2025-03-23,5.0
1.176,8.477516,2025-03-24,5.0
1.112,8.051068,2025-03-25,5.0
1.112,7.8881764,2025-03-26,5.0
8.568,7.651446,2025-03-27,5.0
8.488,7.3176093,2025-03-28,5.0
9.12,7.394255,2025-03-29,5.0
1.412,8.023066,2025-03-30,5.0
2.148,7.8155885,2025-03-31,5.0
8.1828,7.1256795,2025-04-01,5.0
8.6,6.874175,2025-04-02,5.0
3.228,6.682553,2025-04-03,5.0
9.628,7.273783,2025-04-04,5.0
4.48,7.215853,2025-04-05,5.0
6.46,7.4400473,2025-04-06,5.0
3.528,7.143372,2025-04-07,5.0
3.268,7.368523,2025-04-08,5.0
9.184,7.760612,2025-04-09,5.0
3.896,7.7932496,2025-04-10,5.0
8.412,7.9869695,2025-04-11,5.0
7.68,7.999272,2025-04-12,5.0
7.411,8.368664,2025-04-13,5.0
13.456,8.090162,2025-04-14,5.0
10.272,7.7735763,2025-04-15,5.0
9.92,8.472568,2025-04-16,5.0
14.632,9.10531,2025-04-17,5.0
7.468,9.238003,2025-04-18,5.0
4.228,9.746622,2025-04-19,5.0
3.572,9.868538,2025-04-20,5.0
12.456,9.306194,2025-04-21,5.0
13.192,9.210683,2025-04-22,5.0
13.112,9.955112,2025-04-23,5.0
4.128,11.107206,2025-04-24,5.0
1.888,12.155049,2025-04-25,5.0
13.56,11.591627,2025-04-26,5.0
6.832,10.188925,2025-04-27,5.0
19.86,9.091223,2025-04-28,5.0
1.64,9.020136,2025-04-29,5.0
1.492,11.535949,2025-04-30,5.0
1.28,11.700956,2025-05-01,5.0
1.28,10.410429,2025-05-02,5.0
3.228,8.919569,2025-05-03,5.0
10.02,8.05541,2025-05-04,5.0
6.9,7.172497,2025-05-05,5.0
10.258,7.3597803,2025-05-06,5.0
20.6,7.556723,2025-05-07,5.0
10.8628,8.238806,2025-05-08,5.0
2.256,9.522416,2025-05-09,5.0
17.692,9.883675,2025-05-10,5.0
13.92,8.695711,2025-05-11,5.0
13.828,8.503915,2025-05-12,5.0
8.492,9.89003,2025-05-13,5.0
13.58,10.984273,2025-05-14,5.0
5.711,11.526584,2025-05-15,5.0
10.656,12.192951,2025-05-16,5.0
7.032,11.29676,2025-05-17,5.0
1.528,10.941538,2025-05-18,5.0
2.12,9.768771,2025-05-19,5.0
10.652,9.450562,2025-05-20,5.0
8.768,8.895192,2025-05-21,5.0
6.26,9.077777,2025-05-22,5.0
10.211,8.840195,2025-05-23,5.0
3.16,8.397596,2025-05-24,5.0
10.2,8.030056,2025-05-25,5.0
9.008,7.418941,2025-05-26,5.0
10.432,7.5187078,2025-05-27,5.0
8.496,8.767556,2025-05-28,5.0
7.132,9.255464,2025-05-29,5.0
1.588,9.143557,2025-05-30,5.0
1.972,8.488039,2025-05-31,5.0
7.82,7.642987,2025-06-01,5.0
11.911,6.952125,2025-06-02,5.0
5.208,7.0847936,2025-06-03,5.0
1.688,7.797475,2025-06-04,5.0
2.2628,8.119192,2025-06-05,5.0
10.908,8.2348995,2025-06-06,5.0
2.628,7.1709046,2025-06-07,5.0
12.392,6.9113564,2025-06-08,5.0
9.128,6.1531076,2025-06-09,5.0
7.752,7.0972595,2025-06-10,5.0
10.208,8.124575,2025-06-11,5.0
12.028,8.773533,2025-06-12,5.0
4.392,8.805939,2025-06-13,5.0
6.56,8.444432,2025-06-14,5.0
8.648,7.790315,2025-06-15,5.0
8.0,7.6755958,2025-06-16,5.0
2.932,5.745214,2024-09-18,6.0
4.748,6.0736413,2024-09-19,6.0
6.34,6.0947547,2024-09-20,6.0
7.22,6.091581,2024-09-21,6.0
3.5,6.494367,2024-09-22,6.0
2.248,6.322717,2024-09-23,6.0
2.392,6.28273,2024-09-24,6.0
3.288,6.202539,2024-09-25,6.0
5.092,6.5754976,2024-09-26,6.0
5.532,6.770924,2024-09-27,6.0
5.128,6.938904,2024-09-28,6.0
3.92,7.202388,2024-09-29,6.0
1.728,6.711923,2024-09-30,6.0
1.452,6.91046,2024-10-01,6.0
0.72,7.3611693,2024-10-02,6.0
0.46,7.8326025,2024-10-03,6.0
0.26,8.107294,2024-10-04,6.0
1.0,7.171221,2024-10-05,6.0
1.08,6.9205203,2024-10-06,6.0
5.25,6.2147193,2024-10-07,6.0
8.32,6.13944,2024-10-08,6.0
5.028,6.3818154,2024-10-09,6.0
6.472,7.172259,2024-10-10,6.0
33.248,7.6538167,2024-10-11,6.0
35.56,8.0497055,2024-10-12,6.0
39.952,11.377705,2024-10-13,6.0
19.056,15.506231,2024-10-14,6.0
35.24,21.265308,2024-10-15,6.0
27.32,22.84383,2024-10-16,6.0
30.752,24.241364,2024-10-17,6.0
13.58,24.492855,2024-10-18,6.0
32.68,24.756222,2024-10-19,6.0
24.748,23.785973,2024-10-20,6.0
10.48,24.18571,2024-10-21,6.0
14.2528,25.057571,2024-10-22,6.0
29.696,23.846752,2024-10-23,6.0
35.112,23.092146,2024-10-24,6.0
32.528,23.581917,2024-10-25,6.0
27.064,25.052406,2024-10-26,6.0
28.736,25.914234,2024-10-27,6.0
26.332,25.728865,2024-10-28,6.0
23.52,25.984547,2024-10-29,6.0
10.892,25.677605,2024-10-30,6.0
28.776,24.01189,2024-10-31,6.0
28.1428,22.482264,2024-11-01,6.0
32.12,23.207375,2024-11-02,6.0
25.308,24.14523,2024-11-03,6.0
42.12,25.460598,2024-11-04,6.0
38.68,26.30729,2024-11-05,6.0
29.148,28.185152,2024-11-06,6.0
37.64,29.727951,2024-11-07,6.0
50.32,29.472649,2024-11-08,6.0
48.36,29.964573,2024-11-09,6.0
38.664,31.95006,2024-11-10,6.0
48.12,34.47941,2024-11-11,6.0
28.88,35.117584,2024-11-12,6.0
47.8,36.607674,2024-11-13,6.0
43.36,36.00661,2024-11-14,6.0
36.388,35.37023,2024-11-15,6.0
52.172,35.147713,2024-11-16,6.0
36.968,34.79811,2024-11-17,6.0
42.832,36.31361,2024-11-18,6.0
46.6,36.9809,2024-11-19,6.0
41.24,38.268616,2024-11-20,6.0
28.056,38.256943,2024-11-21,6.0
28.256,37.748688,2024-11-22,6.0
44.217335,36.203285,2024-11-23,6.0
36.646667,33.524628,2024-11-24,6.0
44.357334,33.464733,2024-11-25,6.0
42.053333,34.084305,2024-11-26,6.0
39.396,34.51926,2024-11-27,6.0
37.458,36.192566,2024-11-28,6.0
41.777,36.794846,2024-11-29,6.0
41.2,34.240463,2024-11-30,6.0
56.868,33.186607,2024-12-01,6.0
51.512,33.169735,2024-12-02,6.0
60.62,36.129425,2024-12-03,6.0
52.96,38.41342,2024-12-04,6.0
51.428,41.455696,2024-12-05,6.0
54.532,42.953545,2024-12-06,6.0
47.92,41.94191,2024-12-07,6.0
28.228,41.77959,2024-12-08,6.0
41.0228,40.490227,2024-12-09,6.0
53.188,40.110703,2024-12-10,6.0
48.108,38.79762,2024-12-11,6.0
48.08,38.4103,2024-12-12,6.0
38.292,38.41674,2024-12-13,6.0
41.7,39.214317,2024-12-14,6.0
46.928,39.285824,2024-12-15,6.0
54.664,38.79796,2024-12-16,6.0
39.808,38.905003,2024-12-17,6.0
49.808,40.59193,2024-12-18,6.0
48.292,41.88742,2024-12-19,6.0
55.532,41.308178,2024-12-20,6.0
63.208,39.7182,2024-12-21,6.0
49.26,39.26976,2024-12-22,6.0
45.188,42.57204,2024-12-23,6.0
52.112,44.753082,2024-12-24,6.0
59.7,44.966698,2024-12-25,6.0
57.452,43.557472,2024-12-26,6.0
55.11,42.70459,2024-12-27,6.0
60.64,42.20942,2024-12-28,6.0
50.816,42.492302,2024-12-29,6.0
56.711,45.224464,2024-12-30,6.0
54.68,46.881973,2024-12-31,6.0
59.048,48.4533,2025-01-01,6.0
57.0,48.761208,2025-01-02,6.0
50.92,49.155754,2025-01-03,6.0
51.272,49.88498,2025-01-04,6.0
62.74,49.46218,2025-01-05,6.0
67.26,49.07404,2025-01-06,6.0
62.74,49.622948,2025-01-07,6.0
68.1,51.378693,2025-01-08,6.0
53.792,52.792034,2025-01-09,6.0
70.668,54.31813,2025-01-10,6.0
71.3,54.033306,2025-01-11,6.0
68.392,53.646782,2025-01-12,6.0
57.008,54.956383,2025-01-13,6.0
31.82,56.684906,2025-01-14,6.0
70.62,55.176224,2025-01-15,6.0
56.14,52.520367,2025-01-16,6.0
49.2,51.79347,2025-01-17,6.0
53.108,50.173935,2025-01-18,6.0
45.032,48.70165,2025-01-19,6.0
44.792,48.640957,2025-01-20,6.0
54.776,48.26966,2025-01-21,6.0
52.424,48.389915,2025-01-22,6.0
44.248,45.79104,2025-01-23,6.0
43.12,46.27403,2025-01-24,6.0
43.58,46.07647,2025-01-25,6.0
48.62,44.33194,2025-01-26,6.0
36.552,43.896713,2025-01-27,6.0
48.668,44.75698,2025-01-28,6.0
28.052,44.041466,2025-01-29,6.0
33.376,43.15273,2025-01-30,6.0
25.5828,41.297413,2025-01-31,6.0
38.6,37.942528,2025-02-01,6.0
42.508,34.1817,2025-02-02,6.0
51.268,32.539375,2025-02-03,6.0
61.9428,34.17974,2025-02-04,6.0
43.568,37.437775,2025-02-05,6.0
62.848,40.91152,2025-02-06,6.0
35.228,42.584175,2025-02-07,6.0
44.1428,44.02208,2025-02-08,6.0
65.24,41.807724,2025-02-09,6.0
48.068,40.130295,2025-02-10,6.0
51.58,42.758842,2025-02-11,6.0
33.048,45.209816,2025-02-12,6.0
45.312,46.775784,2025-02-13,6.0
57.028,45.827965,2025-02-14,6.0
48.911,43.869568,2025-02-15,6.0
47.456,42.06525,2025-02-16,6.0
50.711,42.60871,2025-02-17,6.0
42.608,43.42279,2025-02-18,6.0
48.352,43.472836,2025-02-19,6.0
45.832,41.281452,2025-02-20,6.0
65.736,39.741913,2025-02-21,6.0
63.252,38.565556,2025-02-22,6.0
66.28,39.6597,2025-02-23,6.0
48.788,43.94581,2025-02-24,6.0
52.052,47.626587,2025-02-25,6.0
51.268,50.183052,2025-02-26,6.0
46.792,50.50792,2025-02-27,6.0
11.112,48.909252,2025-02-28,6.0
61.988,47.532333,2025-03-01,6.0
52.668,41.64759,2025-03-02,6.0
54.212,39.08812,2025-03-03,6.0
11.628,40.329784,2025-03-04,6.0
52.72,43.143585,2025-03-05,6.0
28.352,40.729828,2025-03-06,6.0
35.6,39.91223,2025-03-07,6.0
56.992,36.953445,2025-03-08,6.0
16.296,34.25807,2025-03-09,6.0
41.8628,35.737587,2025-03-10,6.0
35.888,36.006805,2025-03-11,6.0
27.22,36.09749,2025-03-12,6.0
12.68,33.622776,2025-03-13,6.0
24.14,32.671684,2025-03-14,6.0
47.58,29.54145,2025-03-15,6.0
20.708,27.484474,2025-03-16,6.0
13.8228,29.449253,2025-03-17,6.0
35.56,29.382343,2025-03-18,6.0
41.568,28.462738,2025-03-19,6.0
25.26,29.215565,2025-03-20,6.0
12.98,29.768932,2025-03-21,6.0
43.712,28.852583,2025-03-22,6.0
53.96,26.960947,2025-03-23,6.0
29.6,27.681538,2025-03-24,6.0
21.28,29.438437,2025-03-25,6.0
26.28,30.944126,2025-03-26,6.0
53.808,31.040077,2025-03-27,6.0
22.96,30.426556,2025-03-28,6.0
57.56,30.358456,2025-03-29,6.0
35.928,29.807487,2025-03-30,6.0
53.9,32.455776,2025-03-31,6.0
10.86,34.462776,2025-04-01,6.0
27.732,36.46399,2025-04-02,6.0
43.2,33.76559,2025-04-03,6.0
50.308,31.28867,2025-04-04,6.0
19.94,31.017727,2025-04-05,6.0
48.16,31.811028,2025-04-06,6.0
22.64,31.05265,2025-04-07,6.0
22.26,33.129753,2025-04-08,6.0
42.188,32.864456,2025-04-09,6.0
45.2,30.082193,2025-04-10,6.0
14.102,29.984406,2025-04-11,6.0
39.528,31.31513,2025-04-12,6.0
45.5428,30.78301,2025-04-13,6.0
38.24,30.200539,2025-04-14,6.0
37.456,31.29873,2025-04-15,6.0
32.464,32.11566,2025-04-16,6.0
44.968,32.394444,2025-04-17,6.0
31.58,31.592903,2025-04-18,6.0
31.88,31.668816,2025-04-19,6.0
32.732,30.925774,2025-04-20,6.0
16.96,30.447943,2025-04-21,6.0
27.028,30.35785,2025-04-22,6.0
48.808,29.980972,2025-04-23,6.0
17.992,29.256622,2025-04-24,6.0
16.576,30.956587,2025-04-25,6.0
42.552,30.754768,2025-04-26,6.0
41.62,28.196686,2025-04-27,6.0
45.64,27.16396,2025-04-28,6.0
55.852,29.590408,2025-04-29,6.0
39.48,33.656723,2025-04-30,6.0
55.428,37.185017,2025-05-01,6.0
44.14,38.22718,2025-05-02,6.0
24.648,37.273705,2025-05-03,6.0
38.428,35.985786,2025-05-04,6.0
49.72,34.33748,2025-05-05,6.0
50.832,33.916023,2025-05-06,6.0
48.352,35.659374,2025-05-07,6.0
43.488,38.383392,2025-05-08,6.0
43.952,38.679626,2025-05-09,6.0
46.36,38.173035,2025-05-10,6.0
48.856,38.218758,2025-05-11,6.0
51.12,37.157436,2025-05-12,6.0
32.892,37.686703,2025-05-13,6.0
37.46,39.798767,2025-05-14,6.0
35.028,39.729057,2025-05-15,6.0
27.032,37.484146,2025-05-16,6.0
27.028,35.090115,2025-05-17,6.0
28.64,32.844917,2025-05-18,6.0
32.576,31.046585,2025-05-19,6.0
42.372,31.117111,2025-05-20,6.0
44.3,31.099712,2025-05-21,6.0
26.848,31.314411,2025-05-22,6.0
37.172,32.198433,2025-05-23,6.0
30.868,31.086355,2025-05-24,6.0
37.028,30.492237,2025-05-25,6.0
30.1428,29.489002,2025-05-26,6.0
38.136,29.41598,2025-05-27,6.0
43.211,30.142124,2025-05-28,6.0
42.028,31.394135,2025-05-29,6.0
38.56,32.70102,2025-05-30,6.0
27.58,32.522804,2025-05-31,6.0
19.392,32.50712,2025-06-01,6.0
29.08,30.591684,2025-06-02,6.0
25.288,28.387342,2025-06-03,6.0
38.18,27.008205,2025-06-04,6.0
52.34,26.626892,2025-06-05,6.0
43.568,27.8697,2025-06-06,6.0
31.412,30.885954,2025-06-07,6.0
32.308,32.6314,2025-06-08,6.0
46.732,31.92053,2025-06-09,6.0
32.1,30.46811,2025-06-10,6.0
39.82,31.810791,2025-06-11,6.0
39.32,31.47935,2025-06-12,6.0
24.892,30.981194,2025-06-13,6.0
18.296,31.332253,2025-06-14,6.0
29.224,30.038025,2025-06-15,6.0
30.0,26.964865,2025-06-16,6.0
26.268,21.9875,2024-09-18,7.0
27.532,20.794027,2024-09-19,7.0
25.172,21.029245,2024-09-20,7.0
25.28,21.66941,2024-09-21,7.0
21.888,22.092812,2024-09-22,7.0
19.58,22.828993,2024-09-23,7.0
21.38,23.229092,2024-09-24,7.0
20.608,22.816864,2024-09-25,7.0
41.36,22.34659,2024-09-26,7.0
36.832,21.497433,2024-09-27,7.0
32.168,23.162102,2024-09-28,7.0
32.624,25.868408,2024-09-29,7.0
31.96,28.47403,2024-09-30,7.0
36.028,30.227978,2024-10-01,7.0
25.068,29.780928,2024-10-02,7.0
36.528,29.61836,2024-10-03,7.0
25.488,28.887274,2024-10-04,7.0
25.932,29.501753,2024-10-05,7.0
33.932,29.557117,2024-10-06,7.0
33.028,29.359367,2024-10-07,7.0
41.72,30.712265,2024-10-08,7.0
38.12,31.597176,2024-10-09,7.0
30.88,32.380947,2024-10-10,7.0
23.08,31.709167,2024-10-11,7.0
30.092,31.177505,2024-10-12,7.0
25.788,29.139797,2024-10-13,7.0
30.788,28.456738,2024-10-14,7.0
28.532,28.762896,2024-10-15,7.0
35.708,29.836567,2024-10-16,7.0
28.112,30.454681,2024-10-17,7.0
33.34,31.222166,2024-10-18,7.0
23.732,30.319454,2024-10-19,7.0
20.048,29.04852,2024-10-20,7.0
27.032,27.924995,2024-10-21,7.0
27.028,26.54588,2024-10-22,7.0
22.572,26.40405,2024-10-23,7.0
36.8,27.042164,2024-10-24,7.0
31.12,26.522995,2024-10-25,7.0
27.628,26.849129,2024-10-26,7.0
25.25,27.482363,2024-10-27,7.0
32.752,27.075497,2024-10-28,7.0
24.768,26.737219,2024-10-29,7.0
25.828,27.795015,2024-10-30,7.0
29.208,26.195393,2024-10-31,7.0
21.88,25.404907,2024-11-01,7.0
29.932,26.157845,2024-11-02,7.0
25.788,25.785915,2024-11-03,7.0
27.172,26.862991,2024-11-04,7.0
20.428,27.636032,2024-11-05,7.0
31.052,28.034552,2024-11-06,7.0
32.8,26.726543,2024-11-07,7.0
21.092,26.198154,2024-11-08,7.0
25.72,26.628101,2024-11-09,7.0
23.336,26.261065,2024-11-10,7.0
50.064,26.614136,2024-11-11,7.0
43.848,26.510963,2024-11-12,7.0
37.168,29.421837,2024-11-13,7.0
29.104,32.10695,2024-11-14,7.0
26.736,33.152824,2024-11-15,7.0
37.48,32.0206,2024-11-16,7.0
36.08,29.844635,2024-11-17,7.0
31.652,30.18351,2024-11-18,7.0
32.728,31.579863,2024-11-19,7.0
25.0,34.078335,2024-11-20,7.0
35.68,34.882904,2024-11-21,7.0
25.952,32.63021,2024-11-22,7.0
25.0428,31.679777,2024-11-23,7.0
28.281334,29.79501,2024-11-24,7.0
36.296,29.170725,2024-11-25,7.0
32.338665,29.772282,2024-11-26,7.0
25.073334,30.031631,2024-11-27,7.0
31.698,31.320183,2024-11-28,7.0
26.165,30.989174,2024-11-29,7.0
28.8668,29.00647,2024-11-30,7.0
38.1,27.408897,2024-12-01,7.0
32.848,27.099522,2024-12-02,7.0
38.12,29.38761,2024-12-03,7.0
35.552,30.511908,2024-12-04,7.0
50.048,32.12501,2024-12-05,7.0
29.6228,32.72722,2024-12-06,7.0
38.908,32.998302,2024-12-07,7.0
33.772,32.379753,2024-12-08,7.0
35.216,31.818771,2024-12-09,7.0
25.12,33.48976,2024-12-10,7.0
39.9428,33.666386,2024-12-11,7.0
26.92,31.511917,2024-12-12,7.0
41.228,30.668894,2024-12-13,7.0
30.26,30.88269,2024-12-14,7.0
44.78,32.16227,2024-12-15,7.0
25.8,33.629906,2024-12-16,7.0
41.72,35.993446,2024-12-17,7.0
48.868,36.43473,2024-12-18,7.0
41.612,36.93885,2024-12-19,7.0
42.72,37.207016,2024-12-20,7.0
39.211,36.38967,2024-12-21,7.0
39.888,36.7953,2024-12-22,7.0
42.028,39.08423,2024-12-23,7.0
44.688,40.144485,2024-12-24,7.0
50.792,40.099037,2024-12-25,7.0
38.632,39.112595,2024-12-26,7.0
41.688,38.55861,2024-12-27,7.0
33.68,37.089684,2024-12-28,7.0
39.76,36.71301,2024-12-29,7.0
28.448,38.171432,2024-12-30,7.0
43.812,39.68416,2024-12-31,7.0
37.34,40.11204,2025-01-01,7.0
41.02,39.323368,2025-01-02,7.0
39.411,38.323315,2025-01-03,7.0
47.808,38.330536,2025-01-04,7.0
28.88,38.349205,2025-01-05,7.0
43.8,39.47886,2025-01-06,7.0
31.048,39.176506,2025-01-07,7.0
39.6,39.260807,2025-01-08,7.0
47.392,38.567604,2025-01-09,7.0
28.192,38.227467,2025-01-10,7.0
41.12,38.81099,2025-01-11,7.0
28.812,37.569466,2025-01-12,7.0
37.592,37.79604,2025-01-13,7.0
25.36,37.624832,2025-01-14,7.0
30.52,36.16793,2025-01-15,7.0
50.64,34.00009,2025-01-16,7.0
47.2,32.50746,2025-01-17,7.0
50.5,32.742416,2025-01-18,7.0
41.932,34.501274,2025-01-19,7.0
27.336,38.0271,2025-01-20,7.0
39.624,40.15036,2025-01-21,7.0
41.568,40.806366,2025-01-22,7.0
35.808,37.6905,2025-01-23,7.0
25.2,37.697094,2025-01-24,7.0
39.372,38.00119,2025-01-25,7.0
27.8,36.268314,2025-01-26,7.0
25.372,36.802418,2025-01-27,7.0
25.288,37.443577,2025-01-28,7.0
37.528,36.275898,2025-01-29,7.0
32.6228,34.116043,2025-01-30,7.0
38.176,33.275642,2025-01-31,7.0
31.11,31.780281,2025-02-01,7.0
35.792,30.462868,2025-02-02,7.0
38.62,30.246483,2025-02-03,7.0
31.62,32.01187,2025-02-04,7.0
32.1,34.129776,2025-02-05,7.0
42.548,34.727463,2025-02-06,7.0
31.532,34.70027,2025-02-07,7.0
37.332,35.017467,2025-02-08,7.0
33.856,33.695297,2025-02-09,7.0
32.772,33.06094,2025-02-10,7.0
28.84,34.33255,2025-02-11,7.0
33.332,35.137905,2025-02-12,7.0
25.428,34.42578,2025-02-13,7.0
42.848,34.223312,2025-02-14,7.0
33.64,32.716988,2025-02-15,7.0
36.848,31.90633,2025-02-16,7.0
31.711,33.0046,2025-02-17,7.0
25.24,34.045776,2025-02-18,7.0
18.272,33.666916,2025-02-19,7.0
44.0,31.26062,2025-02-20,7.0
29.856,28.434837,2025-02-21,7.0
39.992,27.969799,2025-02-22,7.0
32.888,28.601559,2025-02-23,7.0
30.016,31.395142,2025-02-24,7.0
45.368,33.238106,2025-02-25,7.0
25.568,34.37603,2025-02-26,7.0
28.848,34.89164,2025-02-27,7.0
14.08,33.022408,2025-02-28,7.0
31.936,32.207626,2025-03-01,7.0
35.648,28.927345,2025-03-02,7.0
28.592,27.623737,2025-03-03,7.0
33.368,28.665691,2025-03-04,7.0
29.272,30.182411,2025-03-05,7.0
30.832,31.104282,2025-03-06,7.0
28.612,31.060482,2025-03-07,7.0
23.736,29.67429,2025-03-08,7.0
29.5828,28.20216,2025-03-09,7.0
23.896,28.360329,2025-03-10,7.0
36.776,29.656229,2025-03-11,7.0
22.048,29.313778,2025-03-12,7.0
21.744,28.523891,2025-03-13,7.0
24.9828,27.975374,2025-03-14,7.0
18.68,26.364655,2025-03-15,7.0
30.428,25.075716,2025-03-16,7.0
23.576,24.884737,2025-03-17,7.0
26.624,25.618893,2025-03-18,7.0
28.96,26.194317,2025-03-19,7.0
24.24,27.46307,2025-03-20,7.0
25.488,26.924162,2025-03-21,7.0
31.92,25.879055,2025-03-22,7.0
28.288,24.878775,2025-03-23,7.0
29.696,25.419071,2025-03-24,7.0
29.872,26.315506,2025-03-25,7.0
24.6628,27.568012,2025-03-26,7.0
26.216,28.726463,2025-03-27,7.0
26.768,28.322815,2025-03-28,7.0
27.776,26.474895,2025-03-29,7.0
26.76,25.810719,2025-03-30,7.0
8.568,26.225937,2025-03-31,7.0
31.9428,26.611134,2025-04-01,7.0
28.32,24.797401,2025-04-02,7.0
24.216,24.253168,2025-04-03,7.0
25.288,24.551884,2025-04-04,7.0
18.612,24.511328,2025-04-05,7.0
24.76,24.219908,2025-04-06,7.0
17.824,23.411478,2025-04-07,7.0
18.528,24.04146,2025-04-08,7.0
26.976,23.02298,2025-04-09,7.0
29.888,22.522945,2025-04-10,7.0
11.288,22.71761,2025-04-11,7.0
21.392,23.345451,2025-04-12,7.0
20.8,22.803982,2025-04-13,7.0
29.1828,22.043694,2025-04-14,7.0
20.24,21.426437,2025-04-15,7.0
25.228,22.01991,2025-04-16,7.0
16.552,21.98655,2025-04-17,7.0
23.68,21.717377,2025-04-18,7.0
20.412,20.971449,2025-04-19,7.0
26.68,20.779675,2025-04-20,7.0
27.9828,20.986538,2025-04-21,7.0
26.5028,21.96537,2025-04-22,7.0
22.896,24.542736,2025-04-23,7.0
22.096,25.432037,2025-04-24,7.0
24.232,25.355742,2025-04-25,7.0
18.056,24.337633,2025-04-26,7.0
25.254,23.433712,2025-04-27,7.0
18.128,21.747374,2025-04-28,7.0
29.376,22.850697,2025-04-29,7.0
17.296,24.856659,2025-04-30,7.0
35.472,25.88586,2025-05-01,7.0
30.136,23.857002,2025-05-02,7.0
28.711,23.696234,2025-05-03,7.0
25.768,23.819414,2025-05-04,7.0
22.312,24.87291,2025-05-05,7.0
24.8,25.822914,2025-05-06,7.0
32.6,25.567883,2025-05-07,7.0
26.328,25.58237,2025-05-08,7.0
27.232,24.903744,2025-05-09,7.0
26.128,24.701303,2025-05-10,7.0
26.624,24.935297,2025-05-11,7.0
27.412,24.841148,2025-05-12,7.0
31.48,25.741962,2025-05-13,7.0
23.52,26.196789,2025-05-14,7.0
30.672,26.683971,2025-05-15,7.0
23.648,25.92572,2025-05-16,7.0
28.664,25.331984,2025-05-17,7.0
30.68,24.673035,2025-05-18,7.0
25.368,24.849567,2025-05-19,7.0
25.512,26.956741,2025-05-20,7.0
29.176,27.491968,2025-05-21,7.0
32.1828,26.763163,2025-05-22,7.0
29.648,25.45731,2025-05-23,7.0
25.768,25.283022,2025-05-24,7.0
25.424,25.615902,2025-05-25,7.0
21.68,26.323906,2025-05-26,7.0
28.5828,26.660034,2025-05-27,7.0
30.984,26.660301,2025-05-28,7.0
32.688,26.362091,2025-05-29,7.0
26.384,26.090311,2025-05-30,7.0
28.936,25.941576,2025-05-31,7.0
20.128,25.540916,2025-06-01,7.0
23.416,25.468859,2025-06-02,7.0
30.072,24.99091,2025-06-03,7.0
33.544,23.95764,2025-06-04,7.0
31.256,24.61362,2025-06-05,7.0
24.5828,25.86913,2025-06-06,7.0
25.48,26.78614,2025-06-07,7.0
30.864,25.924019,2025-06-08,7.0
31.376,25.51708,2025-06-09,7.0
30.488,25.898455,2025-06-10,7.0
28.096,27.409172,2025-06-11,7.0
29.048,28.24826,2025-06-12,7.0
18.96,27.223282,2025-06-13,7.0
11.112,26.021439,2025-06-14,7.0
21.648,23.935635,2025-06-15,7.0
20.0,21.596554,2025-06-16,7.0
9.811,10.884571,2024-09-18,8.0
10.72,10.880229,2024-09-19,8.0
13.468,11.137407,2024-09-20,8.0
16.948,11.014765,2024-09-21,8.0
12.8628,11.249835,2024-09-22,8.0
10.08,11.551724,2024-09-23,8.0
5.288,11.978014,2024-09-24,8.0
9.88,12.270153,2024-09-25,8.0
23.911,12.119413,2024-09-26,8.0
20.188,11.982103,2024-09-27,8.0
19.64,13.061748,2024-09-28,8.0
14.96,14.438511,2024-09-29,8.0
17.6,15.218391,2024-09-30,8.0
11.708,16.09105,2024-10-01,8.0
10.584,16.688942,2024-10-02,8.0
22.808,16.70451,2024-10-03,8.0
21.552,16.730503,2024-10-04,8.0
18.56,17.338125,2024-10-05,8.0
22.628,18.786518,2024-10-06,8.0
18.0,19.12209,2024-10-07,8.0
17.612,20.557716,2024-10-08,8.0
17.012,20.747463,2024-10-09,8.0
23.464,19.93049,2024-10-10,8.0
20.928,18.895344,2024-10-11,8.0
11.6,19.355927,2024-10-12,8.0
18.048,19.804785,2024-10-13,8.0
25.432,18.620335,2024-10-14,8.0
22.672,18.773798,2024-10-15,8.0
17.428,20.22557,2024-10-16,8.0
25.936,21.2084,2024-10-17,8.0
18.832,21.379284,2024-10-18,8.0
26.248,21.946007,2024-10-19,8.0
22.211,21.332928,2024-10-20,8.0
11.8,20.762482,2024-10-21,8.0
30.012,21.224976,2024-10-22,8.0
12.56,21.111225,2024-10-23,8.0
20.056,22.85991,2024-10-24,8.0
35.704,22.440659,2024-10-25,8.0
12.096,21.879602,2024-10-26,8.0
25.0,22.910795,2024-10-27,8.0
11.852,21.461401,2024-10-28,8.0
20.932,21.469799,2024-10-29,8.0
19.828,20.908264,2024-10-30,8.0
27.12,20.02237,2024-10-31,8.0
20.976,19.902538,2024-11-01,8.0
16.532,21.561375,2024-11-02,8.0
27.72,22.639582,2024-11-03,8.0
18.028,22.371792,2024-11-04,8.0
20.308,23.368896,2024-11-05,8.0
11.5428,23.269228,2024-11-06,8.0
27.768,22.878033,2024-11-07,8.0
29.98,22.005077,2024-11-08,8.0
20.988,22.46836,2024-11-09,8.0
21.28,23.772463,2024-11-10,8.0
25.28,23.858555,2024-11-11,8.0
10.432,23.810934,2024-11-12,8.0
18.272,24.139576,2024-11-13,8.0
25.028,22.987352,2024-11-14,8.0
28.868,21.855331,2024-11-15,8.0
27.188,22.11396,2024-11-16,8.0
23.072,23.24736,2024-11-17,8.0
11.232,23.850822,2024-11-18,8.0
24.848,24.559855,2024-11-19,8.0
23.06,24.317303,2024-11-20,8.0
23.028,23.85184,2024-11-21,8.0
26.608,23.369167,2024-11-22,8.0
21.569334,23.828787,2024-11-23,8.0
24.024,24.301823,2024-11-24,8.0
19.517334,24.1129,2024-11-25,8.0
18.529333,24.555046,2024-11-26,8.0
18.958666,23.554796,2024-11-27,8.0
28.282667,23.61608,2024-11-28,8.0
28.965992,23.697552,2024-11-29,8.0
22.588,23.202923,2024-11-30,8.0
22.58,23.75254,2024-12-01,8.0
24.1,23.273165,2024-12-02,8.0
22.628,23.997232,2024-12-03,8.0
24.811,24.14714,2024-12-04,8.0
17.258,24.833183,2024-12-05,8.0
14.8628,25.335388,2024-12-06,8.0
18.576,24.279747,2024-12-07,8.0
23.232,23.295675,2024-12-08,8.0
12.7,21.223125,2024-12-09,8.0
11.428,21.659077,2024-12-10,8.0
16.06,21.397427,2024-12-11,8.0
17.368,20.54958,2024-12-12,8.0
12.732,20.017231,2024-12-13,8.0
10.988,20.193775,2024-12-14,8.0
20.12,20.069635,2024-12-15,8.0
22.92,18.580006,2024-12-16,8.0
20.7428,18.762352,2024-12-17,8.0
23.488,20.299755,2024-12-18,8.0
11.64,21.843931,2024-12-19,8.0
19.38,22.259264,2024-12-20,8.0
10.388,21.266289,2024-12-21,8.0
23.332,20.9786,2024-12-22,8.0
10.388,20.16142,2024-12-23,8.0
6.532,20.403719,2024-12-24,8.0
16.0,20.408516,2024-12-25,8.0
11.508,18.979336,2024-12-26,8.0
12.36,18.096859,2024-12-27,8.0
19.0,17.318665,2024-12-28,8.0
18.472,17.20272,2024-12-29,8.0
16.102,17.638271,2024-12-30,8.0
20.176,18.727093,2024-12-31,8.0
20.011,20.431942,2025-01-01,8.0
13.128,20.284267,2025-01-02,8.0
23.82,20.364342,2025-01-03,8.0
21.772,20.248343,2025-01-04,8.0
18.568,21.342861,2025-01-05,8.0
19.06,21.591005,2025-01-06,8.0
19.52,22.015932,2025-01-07,8.0
17.748,22.495758,2025-01-08,8.0
5.632,22.59749,2025-01-09,8.0
21.848,22.821423,2025-01-10,8.0
5.1428,21.895851,2025-01-11,8.0
14.888,21.772106,2025-01-12,8.0
18.608,19.674992,2025-01-13,8.0
17.628,18.965012,2025-01-14,8.0
18.052,18.603893,2025-01-15,8.0
20.372,18.559021,2025-01-16,8.0
10.768,18.551517,2025-01-17,8.0
11.12,19.088844,2025-01-18,8.0
10.648,18.806648,2025-01-19,8.0
19.192,17.268372,2025-01-20,8.0
13.56,15.923161,2025-01-21,8.0
14.88,16.588686,2025-01-22,8.0
23.488,17.086674,2025-01-23,8.0
18.96,18.287342,2025-01-24,8.0
7.672,20.40443,2025-01-25,8.0
16.1,21.346926,2025-01-26,8.0
20.56,19.556124,2025-01-27,8.0
14.548,19.338028,2025-01-28,8.0
10.984,20.076015,2025-01-29,8.0
3.92,19.960835,2025-01-30,8.0
24.256,19.637894,2025-01-31,8.0
25.28,17.997154,2025-02-01,8.0
25.092,17.584766,2025-02-02,8.0
21.972,17.82776,2025-02-03,8.0
29.708,19.719685,2025-02-04,8.0
35.028,22.04575,2025-02-05,8.0
23.32,23.98818,2025-02-06,8.0
24.432,25.66989,2025-02-07,8.0
36.048,26.139168,2025-02-08,8.0
30.452,25.556765,2025-02-09,8.0
23.612,25.942654,2025-02-10,8.0
26.648,27.740585,2025-02-11,8.0
24.0,28.504799,2025-02-12,8.0
31.208,28.952393,2025-02-13,8.0
24.792,29.568478,2025-02-14,8.0
21.592,29.11216,2025-02-15,8.0
21.576,28.312084,2025-02-16,8.0
25.384,27.538872,2025-02-17,8.0
28.028,26.846292,2025-02-18,8.0
14.788,26.625538,2025-02-19,8.0
6.52,25.624678,2025-02-20,8.0
24.011,24.607504,2025-02-21,8.0
11.96,22.410744,2025-02-22,8.0
31.48,21.902584,2025-02-23,8.0
23.128,20.68014,2025-02-24,8.0
31.528,22.150467,2025-02-25,8.0
28.254,24.307674,2025-02-26,8.0
36.0,26.153818,2025-02-27,8.0
10.868,26.629856,2025-02-28,8.0
39.258,27.603392,2025-03-01,8.0
23.9028,25.071932,2025-03-02,8.0
37.288,24.857353,2025-03-03,8.0
23.072,25.429401,2025-03-04,8.0
17.828,27.915768,2025-03-05,8.0
24.44,28.729425,2025-03-06,8.0
41.088,28.637756,2025-03-07,8.0
27.711,27.448812,2025-03-08,8.0
26.64,27.722294,2025-03-09,8.0
29.76,28.636673,2025-03-10,8.0
20.64,29.559124,2025-03-11,8.0
25.808,30.423626,2025-03-12,8.0
20.42,28.370132,2025-03-13,8.0
23.012,27.571932,2025-03-14,8.0
24.168,26.489775,2025-03-15,8.0
30.448,25.725555,2025-03-16,8.0
19.572,25.624828,2025-03-17,8.0
27.092,26.40961,2025-03-18,8.0
16.812,26.542374,2025-03-19,8.0
25.132,27.200455,2025-03-20,8.0
33.02,26.013195,2025-03-21,8.0
18.648,25.085428,2025-03-22,8.0
20.311,25.509266,2025-03-23,8.0
19.232,24.490372,2025-03-24,8.0
27.908,23.52473,2025-03-25,8.0
12.068,23.60595,2025-03-26,8.0
19.952,24.65134,2025-03-27,8.0
20.26,23.988884,2025-03-28,8.0
25.492,22.788818,2025-03-29,8.0
24.776,22.607086,2025-03-30,8.0
11.28,22.369053,2025-03-31,8.0
21.211,22.453245,2025-04-01,8.0
28.78,21.244143,2025-04-02,8.0
11.888,20.807278,2025-04-03,8.0
26.112,21.65981,2025-04-04,8.0
25.6,20.8583,2025-04-05,8.0
20.7,20.97876,2025-04-06,8.0
24.46,21.195166,2025-04-07,8.0
16.128,21.891794,2025-04-08,8.0
27.024,22.38142,2025-04-09,8.0
19.888,22.238102,2025-04-10,8.0
28.968,22.902752,2025-04-11,8.0
17.784,22.638824,2025-04-12,8.0
25.728,23.787632,2025-04-13,8.0
11.9,23.096046,2025-04-14,8.0
12.292,22.787468,2025-04-15,8.0
13.12,21.66597,2025-04-16,8.0
10.736,20.12175,2025-04-17,8.0
23.744,18.513416,2025-04-18,8.0
22.776,17.095905,2025-04-19,8.0
16.024,17.376598,2025-04-20,8.0
11.456,17.769825,2025-04-21,8.0
22.752,17.879099,2025-04-22,8.0
11.672,17.917421,2025-04-23,8.0
27.296,18.585194,2025-04-24,8.0
28.784,18.408371,2025-04-25,8.0
17.028,19.368597,2025-04-26,8.0
28.096,20.738243,2025-04-27,8.0
25.692,19.596552,2025-04-28,8.0
17.5,21.035997,2025-04-29,8.0
21.12,24.02993,2025-04-30,8.0
22.3,24.176502,2025-05-01,8.0
21.428,22.994137,2025-05-02,8.0
26.972,22.029251,2025-05-03,8.0
21.708,21.06607,2025-05-04,8.0
22.08,21.006367,2025-05-05,8.0
22.532,21.59982,2025-05-06,8.0
17.736,22.31999,2025-05-07,8.0
28.12,22.746115,2025-05-08,8.0
16.5428,21.572803,2025-05-09,8.0
22.008,21.29817,2025-05-10,8.0
25.488,20.53194,2025-05-11,8.0
26.012,19.330263,2025-05-12,8.0
21.46,20.543701,2025-05-13,8.0
24.792,22.057785,2025-05-14,8.0
17.468,22.70956,2025-05-15,8.0
18.052,22.772717,2025-05-16,8.0
27.976,21.748295,2025-05-17,8.0
23.904,20.65929,2025-05-18,8.0
16.096,20.459469,2025-05-19,8.0
11.311,22.008728,2025-05-20,8.0
14.76,21.946316,2025-05-21,8.0
24.392,20.273546,2025-05-22,8.0
20.908,18.47445,2025-05-23,8.0
16.16,17.896145,2025-05-24,8.0
16.892,17.787376,2025-05-25,8.0
6.788,17.25448,2025-05-26,8.0
7.308,17.110344,2025-05-27,8.0
1.32,16.931583,2025-05-28,8.0
0.024,15.624025,2025-05-29,8.0
1.148,13.610967,2025-05-30,8.0
1.258,11.201806,2025-05-31,8.0
4.064,9.45969,2025-06-01,8.0
3.612,7.764384,2025-06-02,8.0
6.28,6.9441123,2025-06-03,8.0
14.8628,6.5735226,2025-06-04,8.0
5.328,6.564778,2025-06-05,8.0
3.592,7.8165107,2025-06-06,8.0
7.948,7.420337,2025-06-07,8.0
12.12,6.653577,2025-06-08,8.0
10.108,5.8502088,2025-06-09,8.0
8.032,6.7560716,2025-06-10,8.0
10.711,7.8599105,2025-06-11,8.0
10.296,8.731907,2025-06-12,8.0
7.952,8.999012,2025-06-13,8.0
9.22,8.600824,2025-06-14,8.0
6.25,8.254496,2025-06-15,8.0
7.0,8.056137,2025-06-16,8.0
13.94,17.408958,2024-09-18,9.0
16.072,16.769747,2024-09-19,9.0
20.028,16.007656,2024-09-20,9.0
22.82,15.44989,2024-09-21,9.0
16.392,15.540319,2024-09-22,9.0
16.056,17.04607,2024-09-23,9.0
14.132,18.083096,2024-09-24,9.0
13.572,18.107851,2024-09-25,9.0
32.296,17.576841,2024-09-26,9.0
26.1428,16.237122,2024-09-27,9.0
23.088,17.421478,2024-09-28,9.0
30.68,19.426888,2024-09-29,9.0
27.42,21.299082,2024-09-30,9.0
21.4,24.208616,2024-10-01,9.0
23.428,25.87041,2024-10-02,9.0
18.8,25.515423,2024-10-03,9.0
24.028,24.925846,2024-10-04,9.0
23.784,23.542408,2024-10-05,9.0
25.888,23.164593,2024-10-06,9.0
19.568,23.469093,2024-10-07,9.0
17.32,25.323887,2024-10-08,9.0
26.992,25.557007,2024-10-09,9.0
19.58,23.700922,2024-10-10,9.0
11.64,22.603096,2024-10-11,9.0
25.028,21.660446,2024-10-12,9.0
23.228,20.257483,2024-10-13,9.0
18.172,20.542807,2024-10-14,9.0
16.732,22.190191,2024-10-15,9.0
18.628,22.628696,2024-10-16,9.0
23.748,21.76561,2024-10-17,9.0
11.052,21.148796,2024-10-18,9.0
17.168,21.010098,2024-10-19,9.0
31.0,19.341078,2024-10-20,9.0
22.088,18.723194,2024-10-21,9.0
26.48,20.889462,2024-10-22,9.0
24.112,22.39051,2024-10-23,9.0
21.0,23.747469,2024-10-24,9.0
27.82,23.702297,2024-10-25,9.0
27.88,22.841927,2024-10-26,9.0
11.108,22.490505,2024-10-27,9.0
16.102,22.907482,2024-10-28,9.0
27.88,22.39272,2024-10-29,9.0
27.432,21.63499,2024-10-30,9.0
26.92,21.48713,2024-10-31,9.0
26.528,21.985044,2024-11-01,9.0
24.28,23.071415,2024-11-02,9.0
27.428,23.854298,2024-11-03,9.0
26.928,24.678974,2024-11-04,9.0
19.052,25.09414,2024-11-05,9.0
29.228,25.576736,2024-11-06,9.0
25.28,24.939522,2024-11-07,9.0
25.108,24.93919,2024-11-08,9.0
24.64,24.854107,2024-11-09,9.0
20.84,25.110329,2024-11-10,9.0
27.852,25.666868,2024-11-11,9.0
22.852,25.794552,2024-11-12,9.0
25.72,26.296076,2024-11-13,9.0
21.328,25.507103,2024-11-14,9.0
21.112,24.940401,2024-11-15,9.0
28.148,23.978794,2024-11-16,9.0
27.76,23.44131,2024-11-17,9.0
33.092,24.109623,2024-11-18,9.0
23.648,25.375963,2024-11-19,9.0
22.352,28.176392,2024-11-20,9.0
21.656,28.632397,2024-11-21,9.0
27.262667,26.842848,2024-11-22,9.0
25.689333,25.559141,2024-11-23,9.0
25.256666,24.594635,2024-11-24,9.0
29.294666,25.049314,2024-11-25,9.0
21.850666,26.472626,2024-11-26,9.0
28.766666,27.181755,2024-11-27,9.0
23.826,27.36229,2024-11-28,9.0
31.451227,27.685062,2024-11-29,9.0
29.7052,25.592934,2024-11-30,9.0
36.612,25.293447,2024-12-01,9.0
26.728,26.287811,2024-12-02,9.0
28.02,28.813068,2024-12-03,9.0
36.88,28.913033,2024-12-04,9.0
29.668,28.7961,2024-12-05,9.0
43.372,29.801643,2024-12-06,9.0
21.812,28.677896,2024-12-07,9.0
39.212,29.74503,2024-12-08,9.0
25.492,29.07577,2024-12-09,9.0
26.132,30.934448,2024-12-10,9.0
43.696,30.255629,2024-12-11,9.0
28.6,28.20129,2024-12-12,9.0
31.292,28.574133,2024-12-13,9.0
22.34,29.247059,2024-12-14,9.0
29.048,30.554256,2024-12-15,9.0
27.832,30.734772,2024-12-16,9.0
27.48,31.22747,2024-12-17,9.0
24.688,31.358692,2024-12-18,9.0
35.48,31.380833,2024-12-19,9.0
22.68,29.815681,2024-12-20,9.0
14.292,28.953205,2024-12-21,9.0
36.092,28.687836,2024-12-22,9.0
26.028,28.060259,2024-12-23,9.0
26.972,28.541752,2024-12-24,9.0
27.028,28.813606,2024-12-25,9.0
24.26,27.28622,2024-12-26,9.0
24.711,25.797106,2024-12-27,9.0
27.088,24.947575,2024-12-28,9.0
20.008,24.957474,2024-12-29,9.0
37.064,26.906727,2024-12-30,9.0
24.72,28.27735,2024-12-31,9.0
31.696,31.53269,2025-01-01,9.0
25.032,30.804785,2025-01-02,9.0
22.9,29.650547,2025-01-03,9.0
27.028,29.004097,2025-01-04,9.0
27.08,28.433895,2025-01-05,9.0
22.811,28.011356,2025-01-06,9.0
31.28,28.002234,2025-01-07,9.0
23.428,28.25921,2025-01-08,9.0
21.74,28.412334,2025-01-09,9.0
28.632,28.453524,2025-01-10,9.0
31.32,27.955418,2025-01-11,9.0
20.888,27.571236,2025-01-12,9.0
25.968,28.272293,2025-01-13,9.0
24.211,28.844965,2025-01-14,9.0
22.44,28.371399,2025-01-15,9.0
21.58,27.264713,2025-01-16,9.0
32.3,25.813652,2025-01-17,9.0
22.42,24.707392,2025-01-18,9.0
13.928,25.59877,2025-01-19,9.0
37.092,26.452137,2025-01-20,9.0
25.616,25.669373,2025-01-21,9.0
25.5028,27.410954,2025-01-22,9.0
25.136,26.721498,2025-01-23,9.0
28.911,26.841633,2025-01-24,9.0
31.952,27.039886,2025-01-25,9.0
28.216,27.27225,2025-01-26,9.0
22.252,28.22597,2025-01-27,9.0
20.492,29.77992,2025-01-28,9.0
39.576,30.539799,2025-01-29,9.0
30.48,29.126556,2025-01-30,9.0
28.672,29.133957,2025-01-31,9.0
11.192,28.66995,2025-02-01,9.0
31.268,27.577698,2025-02-02,9.0
25.52,25.710575,2025-02-03,9.0
17.18,26.491926,2025-02-04,9.0
30.608,27.976246,2025-02-05,9.0
26.1428,27.897163,2025-02-06,9.0
37.988,28.06581,2025-02-07,9.0
29.38,27.653818,2025-02-08,9.0
26.5,27.562244,2025-02-09,9.0
28.588,27.290573,2025-02-10,9.0
29.56,28.558762,2025-02-11,9.0
25.0628,29.287241,2025-02-12,9.0
30.176,29.372723,2025-02-13,9.0
20.024,29.589565,2025-02-14,9.0
32.048,29.061523,2025-02-15,9.0
30.24,27.705793,2025-02-16,9.0
26.392,28.170723,2025-02-17,9.0
25.016,28.88351,2025-02-18,9.0
30.1428,28.575378,2025-02-19,9.0
24.296,27.13715,2025-02-20,9.0
28.56,26.36358,2025-02-21,9.0
22.072,25.661312,2025-02-22,9.0
27.088,25.718979,2025-02-23,9.0
42.792,26.47846,2025-02-24,9.0
28.768,27.254642,2025-02-25,9.0
27.592,30.10309,2025-02-26,9.0
22.74,31.150108,2025-02-27,9.0
17.612,30.204681,2025-02-28,9.0
32.64,28.818977,2025-03-01,9.0
27.428,26.16422,2025-03-02,9.0
32.7,25.402443,2025-03-03,9.0
22.18,26.379768,2025-03-04,9.0
28.028,28.87682,2025-03-05,9.0
20.56,28.882835,2025-03-06,9.0
21.788,28.63636,2025-03-07,9.0
21.72,26.56063,2025-03-08,9.0
24.211,24.816038,2025-03-09,9.0
18.92,25.009987,2025-03-10,9.0
29.092,25.77702,2025-03-11,9.0
13.216,25.563358,2025-03-12,9.0
32.1428,24.839405,2025-03-13,9.0
23.256,23.803764,2025-03-14,9.0
13.972,23.173786,2025-03-15,9.0
22.372,22.867813,2025-03-16,9.0
10.736,22.724487,2025-03-17,9.0
19.584,22.908789,2025-03-18,9.0
17.388,22.013147,2025-03-19,9.0
19.828,21.887226,2025-03-20,9.0
20.52,20.984982,2025-03-21,9.0
17.868,20.565586,2025-03-22,9.0
20.12,20.273537,2025-03-23,9.0
20.6,19.900911,2025-03-24,9.0
23.2,20.310242,2025-03-25,9.0
20.744,20.891453,2025-03-26,9.0
24.976,21.624561,2025-03-27,9.0
16.192,21.633654,2025-03-28,9.0
19.02,21.344734,2025-03-29,9.0
18.811,21.024323,2025-03-30,9.0
22.828,20.914366,2025-03-31,9.0
13.736,20.87973,2025-04-01,9.0
20.6228,21.255934,2025-04-02,9.0
18.708,20.398682,2025-04-03,9.0
17.1,20.059673,2025-04-04,9.0
18.72,19.837193,2025-04-05,9.0
25.66,19.135864,2025-04-06,9.0
19.732,18.913767,2025-04-07,9.0
16.8,20.741512,2025-04-08,9.0
11.72,21.726877,2025-04-09,9.0
22.456,21.28766,2025-04-10,9.0
8.2,19.750168,2025-04-11,9.0
31.492,19.118637,2025-04-12,9.0
22.92,18.098858,2025-04-13,9.0
19.86,19.457424,2025-04-14,9.0
19.752,20.841427,2025-04-15,9.0
19.856,21.381561,2025-04-16,9.0
25.511,20.865486,2025-04-17,9.0
16.0,19.439358,2025-04-18,9.0
18.672,19.66905,2025-04-19,9.0
11.36,19.37891,2025-04-20,9.0
20.256,19.845884,2025-04-21,9.0
19.6228,19.397991,2025-04-22,9.0
11.948,20.22406,2025-04-23,9.0
18.028,20.42698,2025-04-24,9.0
23.012,19.409264,2025-04-25,9.0
25.656,18.925179,2025-04-26,9.0
11.332,18.841003,2025-04-27,9.0
24.868,19.13979,2025-04-28,9.0
21.392,19.16025,2025-04-29,9.0
16.952,21.812216,2025-04-30,9.0
21.056,22.50786,2025-05-01,9.0
11.852,20.364317,2025-05-02,9.0
20.172,19.187248,2025-05-03,9.0
19.948,17.547588,2025-05-04,9.0
17.828,17.965523,2025-05-05,9.0
21.84,18.729849,2025-05-06,9.0
19.12,19.672333,2025-05-07,9.0
20.96,20.613564,2025-05-08,9.0
20.652,19.770832,2025-05-09,9.0
16.2,18.959572,2025-05-10,9.0
24.096,18.089804,2025-05-11,9.0
19.432,17.111517,2025-05-12,9.0
22.032,19.220491,2025-05-13,9.0
22.88,20.17491,2025-05-14,9.0
19.528,20.683132,2025-05-15,9.0
19.22,20.670422,2025-05-16,9.0
17.58,19.870333,2025-05-17,9.0
25.88,19.173668,2025-05-18,9.0
17.26,18.231052,2025-05-19,9.0
19.932,20.511158,2025-05-20,9.0
18.688,21.148483,2025-05-21,9.0
19.928,21.002449,2025-05-22,9.0
18.948,19.602013,2025-05-23,9.0
30.352,18.394432,2025-05-24,9.0
21.86,17.683098,2025-05-25,9.0
21.772,20.166325,2025-05-26,9.0
20.708,22.291521,2025-05-27,9.0
23.66,23.798773,2025-05-28,9.0
24.44,23.257467,2025-05-29,9.0
22.02,21.809227,2025-05-30,9.0
22.7,20.324604,2025-05-31,9.0
17.112,19.539986,2025-06-01,9.0
22.028,20.039753,2025-06-02,9.0
21.25,20.490921,2025-06-03,9.0
24.28,20.59306,2025-06-04,9.0
21.472,20.728424,2025-06-05,9.0
25.988,21.366554,2025-06-06,9.0
25.748,21.11865,2025-06-07,9.0
24.811,21.043617,2025-06-08,9.0
20.292,21.858166,2025-06-09,9.0
23.136,23.002014,2025-06-10,9.0
13.1428,23.838463,2025-06-11,9.0
14.248,23.676273,2025-06-12,9.0
10.328,20.931728,2025-06-13,9.0
18.384,17.902576,2025-06-14,9.0
17.0,15.697024,2025-06-15,9.0
11.0,16.10616,2025-06-16,9.0
11.936,18.701004,2024-09-18,10.0
14.052,19.366653,2024-09-19,10.0
26.98,18.606186,2024-09-20,10.0
23.632,17.207687,2024-09-21,10.0
25.928,17.908482,2024-09-22,10.0
17.728,18.900942,2024-09-23,10.0
18.188,20.035625,2024-09-24,10.0
31.752,20.442173,2024-09-25,10.0
20.2,20.487389,2024-09-26,10.0
12.888,21.119473,2024-09-27,10.0
25.028,20.820839,2024-09-28,10.0
21.24,20.19118,2024-09-29,10.0
24.032,20.25747,2024-09-30,10.0
23.28,20.951427,2024-10-01,10.0
25.232,21.361553,2024-10-02,10.0
12.368,22.152813,2024-10-03,10.0
29.28,23.572487,2024-10-04,10.0
28.672,22.287884,2024-10-05,10.0
28.448,22.94946,2024-10-06,10.0
22.888,23.948856,2024-10-07,10.0
27.411,25.490604,2024-10-08,10.0
25.86,25.412811,2024-10-09,10.0
11.568,24.896015,2024-10-10,10.0
16.452,24.186157,2024-10-11,10.0
10.452,22.53889,2024-10-12,10.0
28.988,21.700539,2024-10-13,10.0
29.28,19.848679,2024-10-14,10.0
26.28,20.784267,2024-10-15,10.0
33.14,22.725275,2024-10-16,10.0
9.112,24.028881,2024-10-17,10.0
36.428,25.677696,2024-10-18,10.0
30.258,23.832558,2024-10-19,10.0
32.172,23.862549,2024-10-20,10.0
29.06,23.95916,2024-10-21,10.0
30.48,25.523716,2024-10-22,10.0
38.632,26.937952,2024-10-23,10.0
8.828,28.22057,2024-10-24,10.0
26.052,29.55039,2024-10-25,10.0
24.68,26.788319,2024-10-26,10.0
19.456,25.796394,2024-10-27,10.0
31.792,24.522606,2024-10-28,10.0
21.24,23.835205,2024-10-29,10.0
21.768,24.799654,2024-10-30,10.0
12.372,23.908613,2024-10-31,10.0
17.56,23.64599,2024-11-01,10.0
27.94,22.639141,2024-11-02,10.0
28.06,22.140425,2024-11-03,10.0
25.54,22.637691,2024-11-04,10.0
29.632,23.810204,2024-11-05,10.0
33.848,24.785347,2024-11-06,10.0
7.968,25.395573,2024-11-07,10.0
22.092,26.462013,2024-11-08,10.0
29.428,24.700716,2024-11-09,10.0
39.5028,23.935524,2024-11-10,10.0
21.936,24.301971,2024-11-11,10.0
18.36,26.225595,2024-11-12,10.0
11.5028,26.92279,2024-11-13,10.0
10.8,26.308819,2024-11-14,10.0
19.088,24.378677,2024-11-15,10.0
39.472,21.978085,2024-11-16,10.0
17.668,21.434399,2024-11-17,10.0
19.24,23.358295,2024-11-18,10.0
26.612,24.48405,2024-11-19,10.0
38.856,24.919783,2024-11-20,10.0
10.252,24.761314,2024-11-21,10.0
10.58,25.38978,2024-11-22,10.0
32.28,24.599237,2024-11-23,10.0
28.410667,22.852213,2024-11-24,10.0
22.238667,23.417217,2024-11-25,10.0
24.868,24.87978,2024-11-26,10.0
29.282667,24.709919,2024-11-27,10.0
10.598,25.71793,2024-11-28,10.0
17.58,27.31208,2024-11-29,10.0
18.3832,24.399603,2024-11-30,10.0
13.0,22.667866,2024-12-01,10.0
22.288,21.476717,2024-12-02,10.0
13.872,20.979713,2024-12-03,10.0
13.72,20.987696,2024-12-04,10.0
10.688,21.42137,2024-12-05,10.0
25.968,21.396313,2024-12-06,10.0
13.828,19.769794,2024-12-07,10.0
12.72,20.131845,2024-12-08,10.0
23.652,18.547688,2024-12-09,10.0
16.948,17.907475,2024-12-10,10.0
18.1828,18.560387,2024-12-11,10.0
10.696,18.815191,2024-12-12,10.0
11.112,18.994867,2024-12-13,10.0
10.06,19.131979,2024-12-14,10.0
14.052,19.333603,2024-12-15,10.0
19.12,17.993813,2024-12-16,10.0
18.336,17.308159,2024-12-17,10.0
24.132,18.487915,2024-12-18,10.0
10.028,19.99419,2024-12-19,10.0
12.25,20.88518,2024-12-20,10.0
18.648,20.134401,2024-12-21,10.0
23.28,19.736317,2024-12-22,10.0
23.5028,19.868252,2024-12-23,10.0
27.108,20.412338,2024-12-24,10.0
24.492,21.925634,2024-12-25,10.0
10.336,22.84818,2024-12-26,10.0
23.532,23.187038,2024-12-27,10.0
24.92,21.88607,2024-12-28,10.0
19.052,22.141117,2024-12-29,10.0
33.028,23.498886,2024-12-30,10.0
22.308,24.370466,2024-12-31,10.0
22.092,27.307468,2025-01-01,10.0
10.748,27.04398,2025-01-02,10.0
24.06,25.867413,2025-01-03,10.0
27.92,24.363316,2025-01-04,10.0
28.72,24.573483,2025-01-05,10.0
9.928,24.575085,2025-01-06,10.0
26.304,25.230164,2025-01-07,10.0
29.568,24.60569,2025-01-08,10.0
25.752,24.509369,2025-01-09,10.0
11.296,25.467384,2025-01-10,10.0
23.472,26.49688,2025-01-11,10.0
29.62,25.839865,2025-01-12,10.0
10.132,24.967459,2025-01-13,10.0
21.68,25.471603,2025-01-14,10.0
12.096,23.738338,2025-01-15,10.0
12.88,22.772692,2025-01-16,10.0
19.332,21.613632,2025-01-17,10.0
30.3,20.839878,2025-01-18,10.0
27.048,20.98663,2025-01-19,10.0
21.32,21.774895,2025-01-20,10.0
11.672,22.887445,2025-01-21,10.0
27.06,24.23993,2025-01-22,10.0
14.78,22.683247,2025-01-23,10.0
33.992,23.135477,2025-01-24,10.0
37.648,23.50031,2025-01-25,10.0
28.832,25.08683,2025-01-26,10.0
22.708,27.34898,2025-01-27,10.0
25.32,29.46197,2025-01-28,10.0
22.372,29.365376,2025-01-29,10.0
17.028,28.211569,2025-01-30,10.0
10.708,27.389042,2025-01-31,10.0
11.708,25.904423,2025-02-01,10.0
14.411,23.973537,2025-02-02,10.0
30.708,21.789036,2025-02-03,10.0
32.992,21.118462,2025-02-04,10.0
29.032,22.927317,2025-02-05,10.0
25.32,24.960499,2025-02-06,10.0
32.528,26.226326,2025-02-07,10.0
31.42,26.581497,2025-02-08,10.0
44.25,26.470984,2025-02-09,10.0
30.38,26.07537,2025-02-10,10.0
36.028,28.753368,2025-02-11,10.0
27.06,31.024918,2025-02-12,10.0
22.592,32.551323,2025-02-13,10.0
33.788,33.023056,2025-02-14,10.0
31.36,31.327192,2025-02-15,10.0
28.36,30.450157,2025-02-16,10.0
31.32,30.540768,2025-02-17,10.0
25.74,30.589426,2025-02-18,10.0
39.48,30.359962,2025-02-19,10.0
11.56,28.743511,2025-02-20,10.0
36.3,28.678423,2025-02-21,10.0
38.25,27.298937,2025-02-22,10.0
33.432,27.79327,2025-02-23,10.0
33.2,29.770891,2025-02-24,10.0
41.76,30.93552,2025-02-25,10.0
45.148,32.356987,2025-02-26,10.0
25.772,33.36151,2025-02-27,10.0
47.568,34.307526,2025-02-28,10.0
36.088,33.69411,2025-03-01,10.0
35.8,33.42189,2025-03-02,10.0
39.2628,33.27672,2025-03-03,10.0
39.616,33.65069,2025-03-04,10.0
19.5428,35.192474,2025-03-05,10.0
23.688,36.040585,2025-03-06,10.0
31.648,35.219284,2025-03-07,10.0
31.952,32.506332,2025-03-08,10.0
19.34,31.05616,2025-03-09,10.0
31.708,30.925388,2025-03-10,10.0
24.992,30.238495,2025-03-11,10.0
23.78,30.17687,2025-03-12,10.0
24.76,28.516813,2025-03-13,10.0
19.028,27.271433,2025-03-14,10.0
22.7028,26.215183,2025-03-15,10.0
20.948,25.401419,2025-03-16,10.0
21.948,25.13675,2025-03-17,10.0
28.011,24.53144,2025-03-18,10.0
21.532,24.358105,2025-03-19,10.0
23.416,25.234573,2025-03-20,10.0
36.172,24.966408,2025-03-21,10.0
24.092,24.657862,2025-03-22,10.0
17.176,25.6273,2025-03-23,10.0
37.132,25.465382,2025-03-24,10.0
24.52,24.051975,2025-03-25,10.0
21.52,25.168497,2025-03-26,10.0
20.96,26.215118,2025-03-27,10.0
25.028,26.142351,2025-03-28,10.0
25.612,25.092567,2025-03-29,10.0
11.568,25.340944,2025-03-30,10.0
18.488,25.033562,2025-03-31,10.0
16.052,23.141869,2025-04-01,10.0
22.132,21.978539,2025-04-02,10.0
22.296,20.706718,2025-04-03,10.0
19.232,20.50481,2025-04-04,10.0
24.512,20.798294,2025-04-05,10.0
19.612,21.200794,2025-04-06,10.0
16.628,21.167212,2025-04-07,10.0
14.104,21.152975,2025-04-08,10.0
17.708,20.621302,2025-04-09,10.0
12.6,19.593616,2025-04-10,10.0
21.708,18.976526,2025-04-11,10.0
17.9028,18.318804,2025-04-12,10.0
25.428,19.14949,2025-04-13,10.0
24.148,19.136213,2025-04-14,10.0
11.452,19.31285,2025-04-15,10.0
31.412,20.14946,2025-04-16,10.0
10.472,19.315277,2025-04-17,10.0
20.608,19.49244,2025-04-18,10.0
24.792,18.68279,2025-04-19,10.0
16.192,18.895428,2025-04-20,10.0
20.688,19.45126,2025-04-21,10.0
13.96,19.308462,2025-04-22,10.0
28.028,20.145948,2025-04-23,10.0
13.888,19.456863,2025-04-24,10.0
14.972,20.55808,2025-04-25,10.0
18.0,20.395382,2025-04-26,10.0
24.788,19.768648,2025-04-27,10.0
18.692,18.135025,2025-04-28,10.0
21.652,18.947203,2025-04-29,10.0
18.748,20.876242,2025-04-30,10.0
17.268,21.39282,2025-05-01,10.0
21.024,20.92524,2025-05-02,10.0
28.6,19.768211,2025-05-03,10.0
22.336,19.080664,2025-05-04,10.0
18.852,19.932098,2025-05-05,10.0
24.56,20.782383,2025-05-06,10.0
21.132,20.907207,2025-05-07,10.0
25.52,21.446564,2025-05-08,10.0
18.376,20.673985,2025-05-09,10.0
20.492,20.518648,2025-05-10,10.0
24.18,20.366653,2025-05-11,10.0
22.96,19.572887,2025-05-12,10.0
22.728,20.551327,2025-05-13,10.0
21.064,21.066029,2025-05-14,10.0
10.28,21.437397,2025-05-15,10.0
25.288,21.121923,2025-05-16,10.0
18.12,19.612213,2025-05-17,10.0
11.68,19.67606,2025-05-18,10.0
22.528,18.823467,2025-05-19,10.0
12.24,18.521616,2025-05-20,10.0
27.148,18.80351,2025-05-21,10.0
9.472,17.958645,2025-05-22,10.0
23.9,17.930086,2025-05-23,10.0
16.96,16.477627,2025-05-24,10.0
25.36,16.989162,2025-05-25,10.0
25.72,16.980698,2025-05-26,10.0
22.108,17.78038,2025-05-27,10.0
21.592,20.24186,2025-05-28,10.0
9.66,20.97076,2025-05-29,10.0
25.02,20.746944,2025-05-30,10.0
23.168,18.231102,2025-05-31,10.0
21.064,18.089817,2025-06-01,10.0
22.548,18.339447,2025-06-02,10.0
16.0,19.069155,2025-06-03,10.0
26.92,19.76511,2025-06-04,10.0
16.25,19.496838,2025-06-05,10.0
17.208,20.157688,2025-06-06,10.0
18.76,19.176048,2025-06-07,10.0
21.4,18.35,2025-06-08,10.0
25.102,17.460659,2025-06-09,10.0
20.192,17.933743,2025-06-10,10.0
19.84,19.665531,2025-06-11,10.0
8.248,20.09827,2025-06-12,10.0
24.648,19.380587,2025-06-13,10.0
22.9428,16.866308,2025-06-14,10.0
6.988,16.569595,2025-06-15,10.0
7.235,17.145329,2025-06-16,10.0
24.62,25.354214,2024-09-18,11.0
25.388,23.91433,2024-09-19,11.0
17.8628,23.387447,2024-09-20,11.0
11.012,22.81361,2024-09-21,11.0
11.472,21.49889,2024-09-22,11.0
14.25,19.69474,2024-09-23,11.0
11.4,17.870861,2024-09-24,11.0
11.728,16.666697,2024-09-25,11.0
16.432,15.99923,2024-09-26,11.0
12.908,15.110284,2024-09-27,11.0
17.02,14.537677,2024-09-28,11.0
25.768,13.97744,2024-09-29,11.0
13.28,13.97934,2024-09-30,11.0
14.052,16.562847,2024-10-01,11.0
19.64,17.560863,2024-10-02,11.0
17.22,17.65572,2024-10-03,11.0
16.16,18.033924,2024-10-04,11.0
13.112,16.98693,2024-10-05,11.0
14.308,16.619959,2024-10-06,11.0
13.908,16.371727,2024-10-07,11.0
16.052,17.094925,2024-10-08,11.0
21.292,17.04602,2024-10-09,11.0
19.52,16.68425,2024-10-10,11.0
19.216,16.834663,2024-10-11,11.0
13.872,17.207945,2024-10-12,11.0
12.28,17.434855,2024-10-13,11.0
11.08,16.69878,2024-10-14,11.0
13.232,16.561008,2024-10-15,11.0
21.08,16.014778,2024-10-16,11.0
12.248,15.432804,2024-10-17,11.0
11.0,16.177036,2024-10-18,11.0
18.248,16.092367,2024-10-19,11.0
10.1828,15.278267,2024-10-20,11.0
8.6,15.179041,2024-10-21,11.0
17.136,14.811113,2024-10-22,11.0
9.912,13.985186,2024-10-23,11.0
14.472,14.373567,2024-10-24,11.0
16.056,14.191975,2024-10-25,11.0
10.132,13.9742365,2024-10-26,11.0
11.428,14.238728,2024-10-27,11.0
14.104,13.199625,2024-10-28,11.0
11.428,12.819981,2024-10-29,11.0
8.216,13.160954,2024-10-30,11.0
14.704,12.708042,2024-10-31,11.0
13.568,11.924089,2024-11-01,11.0
9.368,12.244345,2024-11-02,11.0
10.384,12.708532,2024-11-03,11.0
12.648,12.812197,2024-11-04,11.0
7.552,13.120127,2024-11-05,11.0
20.708,13.502317,2024-11-06,11.0
18.08,12.962,2024-11-07,11.0
13.86,13.723192,2024-11-08,11.0
8.432,14.903679,2024-11-09,11.0
22.128,15.781519,2024-11-10,11.0
8.272,15.195198,2024-11-11,11.0
10.508,16.332804,2024-11-12,11.0
21.828,16.087816,2024-11-13,11.0
8.1828,15.39685,2024-11-14,11.0
14.32,16.051971,2024-11-15,11.0
7.896,15.588703,2024-11-16,11.0
13.944,15.594597,2024-11-17,11.0
12.258,14.6921215,2024-11-18,11.0
13.26,14.856779,2024-11-19,11.0
18.12,15.568478,2024-11-20,11.0
16.82,15.8827915,2024-11-21,11.0
10.972,16.041245,2024-11-22,11.0
8.565333,16.56872,2024-11-23,11.0
11.818666,15.995048,2024-11-24,11.0
10.089334,15.044467,2024-11-25,11.0
10.773334,15.391544,2024-11-26,11.0
20.218666,15.03713,2024-11-27,11.0
14.447,15.0818815,2024-11-28,11.0
13.18,16.528034,2024-11-29,11.0
16.1968,16.138493,2024-11-30,11.0
26.1,15.653674,2024-12-01,11.0
16.532,15.149133,2024-12-02,11.0
10.412,17.097504,2024-12-03,11.0
21.772,17.788765,2024-12-04,11.0
28.3,17.832447,2024-12-05,11.0
16.128,18.666252,2024-12-06,11.0
25.432,19.417356,2024-12-07,11.0
20.82,19.499023,2024-12-08,11.0
14.492,19.616804,2024-12-09,11.0
30.2,20.817677,2024-12-10,11.0
14.428,20.53388,2024-12-11,11.0
26.372,20.927025,2024-12-12,11.0
19.288,20.399128,2024-12-13,11.0
7.4,21.45187,2024-12-14,11.0
18.712,22.062023,2024-12-15,11.0
26.928,21.003056,2024-12-16,11.0
13.58,20.652657,2024-12-17,11.0
24.72,22.419924,2024-12-18,11.0
29.6,23.088942,2024-12-19,11.0
18.76,22.538494,2024-12-20,11.0
20.92,23.185062,2024-12-21,11.0
20.372,23.324469,2024-12-22,11.0
20.36,23.810852,2024-12-23,11.0
24.968,23.945993,2024-12-24,11.0
18.648,24.126589,2024-12-25,11.0
25.11,23.303246,2024-12-26,11.0
28.012,22.08875,2024-12-27,11.0
19.811,21.856405,2024-12-28,11.0
28.828,22.811563,2024-12-29,11.0
16.368,24.35051,2024-12-30,11.0
18.828,26.359324,2024-12-31,11.0
30.528,27.406374,2025-01-01,11.0
28.211,25.55465,2025-01-02,11.0
24.988,24.84094,2025-01-03,11.0
27.16,25.812864,2025-01-04,11.0
28.92,26.518188,2025-01-05,11.0
30.9828,26.759502,2025-01-06,11.0
28.988,27.568762,2025-01-07,11.0
36.652,28.453762,2025-01-08,11.0
37.748,28.702538,2025-01-09,11.0
25.42,30.068256,2025-01-10,11.0
30.088,31.54383,2025-01-11,11.0
43.952,30.858513,2025-01-12,11.0
31.711,30.581163,2025-01-13,11.0
41.768,32.901352,2025-01-14,11.0
33.428,32.676376,2025-01-15,11.0
32.2,32.340263,2025-01-16,11.0
28.76,32.473564,2025-01-17,11.0
36.352,31.875849,2025-01-18,11.0
37.048,31.290989,2025-01-19,11.0
47.52,32.213493,2025-01-20,11.0
25.392,33.487247,2025-01-21,11.0
35.28,36.504757,2025-01-22,11.0
36.488,35.05349,2025-01-23,11.0
29.472,34.950294,2025-01-24,11.0
45.708,34.736908,2025-01-25,11.0
45.08,33.332207,2025-01-26,11.0
22.86,34.734688,2025-01-27,11.0
32.872,38.192738,2025-01-28,11.0
30.908,38.508575,2025-01-29,11.0
35.96,36.44188,2025-01-30,11.0
17.3,34.79426,2025-01-31,11.0
17.928,33.126503,2025-02-01,11.0
18.52,30.091808,2025-02-02,11.0
19.972,27.994846,2025-02-03,11.0
24.148,27.580275,2025-02-04,11.0
20.96,27.616798,2025-02-05,11.0
26.672,27.539661,2025-02-06,11.0
25.34,26.633652,2025-02-07,11.0
41.24,25.682997,2025-02-08,11.0
31.012,24.433327,2025-02-09,11.0
25.048,25.609787,2025-02-10,11.0
23.88,27.965534,2025-02-11,11.0
26.96,28.869452,2025-02-12,11.0
20.828,28.352484,2025-02-13,11.0
21.48,28.092323,2025-02-14,11.0
17.072,26.585598,2025-02-15,11.0
24.228,25.123793,2025-02-16,11.0
27.932,24.528404,2025-02-17,11.0
11.336,24.010033,2025-02-18,11.0
20.32,23.86261,2025-02-19,11.0
26.1428,22.088322,2025-02-20,11.0
18.12,21.017912,2025-02-21,11.0
21.896,20.993778,2025-02-22,11.0
16.552,21.101694,2025-02-23,11.0
38.48,21.900959,2025-02-24,11.0
19.248,22.308662,2025-02-25,11.0
27.2,25.224827,2025-02-26,11.0
38.7028,25.476294,2025-02-27,11.0
28.48,25.05732,2025-02-28,11.0
24.928,26.442562,2025-03-01,11.0
20.828,26.21072,2025-03-02,11.0
26.24,25.908587,2025-03-03,11.0
22.592,25.596,2025-03-04,11.0
12.388,26.354084,2025-03-05,11.0
19.42,25.690754,2025-03-06,11.0
11.568,24.532303,2025-03-07,11.0
28.311,23.157524,2025-03-08,11.0
19.688,21.285309,2025-03-09,11.0
31.11,21.902786,2025-03-10,11.0
13.36,22.55703,2025-03-11,11.0
28.012,24.272043,2025-03-12,11.0
14.528,22.767315,2025-03-13,11.0
13.528,22.175842,2025-03-14,11.0
22.12,20.946465,2025-03-15,11.0
10.92,19.699211,2025-03-16,11.0
20.9,20.257973,2025-03-17,11.0
12.18,20.023891,2025-03-18,11.0
19.28,19.990211,2025-03-19,11.0
11.0,19.257305,2025-03-20,11.0
13.892,18.820143,2025-03-21,11.0
12.0,17.510778,2025-03-22,11.0
28.52,16.606224,2025-03-23,11.0
20.948,15.374246,2025-03-24,11.0
12.532,16.612503,2025-03-25,11.0
19.536,18.131588,2025-03-26,11.0
11.6228,18.194317,2025-03-27,11.0
23.288,18.204124,2025-03-28,11.0
31.072,17.133623,2025-03-29,11.0
13.968,17.679728,2025-03-30,11.0
14.208,20.235321,2025-03-31,11.0
27.432,20.907257,2025-04-01,11.0
16.76,19.912682,2025-04-02,11.0
12.52,19.63866,2025-04-03,11.0
20.128,19.12545,2025-04-04,11.0
12.384,18.029366,2025-04-05,11.0
17.988,17.896313,2025-04-06,11.0
12.332,17.379261,2025-04-07,11.0
13.496,17.896168,2025-04-08,11.0
20.96,17.865757,2025-04-09,11.0
18.08,17.470762,2025-04-10,11.0
11.892,17.303246,2025-04-11,11.0
12.86,17.02358,2025-04-12,11.0
14.16,16.630503,2025-04-13,11.0
18.48,15.981405,2025-04-14,11.0
21.7,15.272985,2025-04-15,11.0
23.028,15.565712,2025-04-16,11.0
19.032,16.583843,2025-04-17,11.0
18.048,17.316875,2025-04-18,11.0
11.228,17.754288,2025-04-19,11.0
12.292,17.850739,2025-04-20,11.0
12.02,16.931023,2025-04-21,11.0
18.032,16.190487,2025-04-22,11.0
19.288,16.045176,2025-04-23,11.0
11.32,16.209414,2025-04-24,11.0
12.28,17.03793,2025-04-25,11.0
14.488,16.74732,2025-04-26,11.0
14.5028,15.565595,2025-04-27,11.0
18.32,13.796459,2025-04-28,11.0
19.248,13.590666,2025-04-29,11.0
21.98,15.514114,2025-04-30,11.0
18.708,17.129055,2025-05-01,11.0
23.064,17.848934,2025-05-02,11.0
13.8,17.364584,2025-05-03,11.0
13.508,17.041365,2025-05-04,11.0
10.108,16.917738,2025-05-05,11.0
17.6,16.505865,2025-05-06,11.0
16.8228,15.730643,2025-05-07,11.0
11.148,15.897773,2025-05-08,11.0
13.28,15.443215,2025-05-09,11.0
14.028,14.522398,2025-05-10,11.0
11.508,13.336823,2025-05-11,11.0
11.16,12.160103,2025-05-12,11.0
16.104,12.8011265,2025-05-13,11.0
13.928,12.310816,2025-05-14,11.0
24.848,12.56368,2025-05-15,11.0
20.552,12.943278,2025-05-16,11.0
13.528,14.233732,2025-05-17,11.0
14.532,15.472489,2025-05-18,11.0
14.532,14.738572,2025-05-19,11.0
11.8,15.036502,2025-05-20,11.0
23.728,15.021219,2025-05-21,11.0
21.832,14.50589,2025-05-22,11.0
36.288,14.742151,2025-05-23,11.0
23.828,15.473726,2025-05-24,11.0
18.66,18.58597,2025-05-25,11.0
20.42,20.658642,2025-05-26,11.0
19.568,20.61805,2025-05-27,11.0
36.2628,21.293222,2025-05-28,11.0
28.496,20.54826,2025-05-29,11.0
29.112,21.334969,2025-05-30,11.0
29.58,21.808344,2025-05-31,11.0
28.028,23.095999,2025-06-01,11.0
27.72,24.307467,2025-06-02,11.0
39.672,25.220432,2025-06-03,11.0
38.36,25.212587,2025-06-04,11.0
35.62,26.49638,2025-06-05,11.0
30.548,28.150772,2025-06-06,11.0
36.592,28.894909,2025-06-07,11.0
32.728,28.28772,2025-06-08,11.0
36.08,28.910107,2025-06-09,11.0
37.08,29.622837,2025-06-10,11.0
29.548,30.939953,2025-06-11,11.0
38.932,31.87506,2025-06-12,11.0
23.532,30.13227,2025-06-13,11.0
30.228,29.00992,2025-06-14,11.0
25.86,27.077423,2025-06-15,11.0
25.0,26.755173,2025-06-16,11.0
2.5,6.5151668,2024-09-18,12.0
9.99,6.8814073,2024-09-19,12.0
8.69,6.714064,2024-09-20,12.0
8.21,6.7703695,2024-09-21,12.0
4.1,7.084946,2024-09-22,12.0
9.36,7.0277286,2024-09-23,12.0
2.49,6.9001393,2024-09-24,12.0
5.74,7.4198327,2024-09-25,12.0
11.55,7.683138,2024-09-26,12.0
10.91,7.668094,2024-09-27,12.0
12.43,7.8056636,2024-09-28,12.0
8.428,8.252384,2024-09-29,12.0
8.3,8.588533,2024-09-30,12.0
8.09,9.250597,2024-10-01,12.0
8.91,9.836102,2024-10-02,12.0
10.03,10.295283,2024-10-03,12.0
10.64,10.574741,2024-10-04,12.0
10.38,9.860907,2024-10-05,12.0
14.69,10.178655,2024-10-06,12.0
9.828,10.249041,2024-10-07,12.0
12.81,11.559395,2024-10-08,12.0
12.08,11.978468,2024-10-09,12.0
13.42,12.0952015,2024-10-10,12.0
7.97,11.853609,2024-10-11,12.0
9.96,11.850502,2024-10-12,12.0
8.63,11.46242,2024-10-13,12.0
10.58,10.991641,2024-10-14,12.0
12.42,11.230909,2024-10-15,12.0
14.29,11.681725,2024-10-16,12.0
8.45,12.123416,2024-10-17,12.0
8.75,12.735432,2024-10-18,12.0
10.01,12.433002,2024-10-19,12.0
3.74,11.7386,2024-10-20,12.0
9.05,10.7956915,2024-10-21,12.0
9.46,9.928645,2024-10-22,12.0
10.75,9.769586,2024-10-23,12.0
1.65,10.210327,2024-10-24,12.0
7.76,10.730736,2024-10-25,12.0
12.09,9.927838,2024-10-26,12.0
9.3,9.444975,2024-10-27,12.0
3.4,8.819898,2024-10-28,12.0
17.1,8.951189,2024-10-29,12.0
6.83,8.859038,2024-10-30,12.0
10.46,9.245694,2024-10-31,12.0
10.1,9.539877,2024-11-01,12.0
3.47,10.10706,2024-11-02,12.0
3.23,10.711705,2024-11-03,12.0
10.61,10.303505,2024-11-04,12.0
2.96,9.75992,2024-11-05,12.0
10.95,10.231057,2024-11-06,12.0
12.39,9.552534,2024-11-07,12.0
10.33,9.85277,2024-11-08,12.0
4.77,10.5024395,2024-11-09,12.0
10.86,11.041903,2024-11-10,12.0
10.51,10.250124,2024-11-11,12.0
13.52,10.316185,2024-11-12,12.0
8.87,10.426164,2024-11-13,12.0
8.08,11.204006,2024-11-14,12.0
8.21,11.319096,2024-11-15,12.0
9.44,10.991247,2024-11-16,12.0
7.35,10.965497,2024-11-17,12.0
7.53,10.471573,2024-11-18,12.0
6.58,10.321959,2024-11-19,12.0
12.23,10.858671,2024-11-20,12.0
12.98,10.774164,2024-11-21,12.0
9.546667,10.878905,2024-11-22,12.0
5.8933334,11.430802,2024-11-23,12.0
7.48,11.657698,2024-11-24,12.0
9.883333,10.930172,2024-11-25,12.0
7.6866665,10.897659,2024-11-26,12.0
10.683333,10.677128,2024-11-27,12.0
10.2275,10.89197,2024-11-28,12.0
9.546667,11.562529,2024-11-29,12.0
12.211,11.054648,2024-11-30,12.0
12.1,10.753628,2024-12-01,12.0
9.66,10.286626,2024-12-02,12.0
10.828,11.296875,2024-12-03,12.0
12.49,11.529142,2024-12-04,12.0
16.02,12.220543,2024-12-05,12.0
10.21,12.812168,2024-12-06,12.0
16.62,12.809092,2024-12-07,12.0
10.72,12.947178,2024-12-08,12.0
13.23,12.399731,2024-12-09,12.0
12.62,13.023243,2024-12-10,12.0
18.82,13.783197,2024-12-11,12.0
14.09,13.830773,2024-12-12,12.0
3.928,14.224548,2024-12-13,12.0
5.31,14.762026,2024-12-14,12.0
17.26,14.372398,2024-12-15,12.0
10.13,13.002321,2024-12-16,12.0
7.7,13.613023,2024-12-17,12.0
14.05,15.071417,2024-12-18,12.0
13.72,15.903984,2024-12-19,12.0
13.27,15.660738,2024-12-20,12.0
16.19,15.287664,2024-12-21,12.0
10.99,15.861743,2024-12-22,12.0
11.25,17.313875,2024-12-23,12.0
9.45,17.253075,2024-12-24,12.0
12.83,17.111912,2024-12-25,12.0
3.83,15.583576,2024-12-26,12.0
12.51,14.3147745,2024-12-27,12.0
12.31,12.844854,2024-12-28,12.0
5.67,13.020102,2024-12-29,12.0
12.62,13.785697,2024-12-30,12.0
14.28,14.02059,2024-12-31,12.0
12.97,15.479711,2025-01-01,12.0
13.29,14.754429,2025-01-02,12.0
8.11,13.786823,2025-01-03,12.0
10.98,13.441063,2025-01-04,12.0
19.12,13.013236,2025-01-05,12.0
10.3,12.273012,2025-01-06,12.0
9.5,13.205498,2025-01-07,12.0
16.67,13.600206,2025-01-08,12.0
23.76,13.291803,2025-01-09,12.0
9.18,13.78495,2025-01-10,12.0
9.75,15.425367,2025-01-11,12.0
7.61,15.578081,2025-01-12,12.0
9.22,14.891474,2025-01-13,12.0
13.44,14.211152,2025-01-14,12.0
24.67,13.551171,2025-01-15,12.0
10.0,13.418926,2025-01-16,12.0
9.04,14.708477,2025-01-17,12.0
18.62,14.935551,2025-01-18,12.0
7.66,15.082856,2025-01-19,12.0
10.4,14.858486,2025-01-20,12.0
11.28,14.396244,2025-01-21,12.0
21.7,14.350876,2025-01-22,12.0
12.67,13.927303,2025-01-23,12.0
14.18,14.640867,2025-01-24,12.0
8.25,15.336134,2025-01-25,12.0
6.77,15.619278,2025-01-26,12.0
8.57,14.671881,2025-01-27,12.0
20.88,14.00885,2025-01-28,12.0
9.28,13.729552,2025-01-29,12.0
13.85,14.28158,2025-01-30,12.0
7.38,14.646238,2025-01-31,12.0
13.91,14.561195,2025-02-01,12.0
10.42,13.289822,2025-02-02,12.0
12.63,12.591048,2025-02-03,12.0
12.5,12.72312,2025-02-04,12.0
12.64,13.319334,2025-02-05,12.0
17.02,13.979765,2025-02-06,12.0
4.12,14.147042,2025-02-07,12.0
11.17,14.045707,2025-02-08,12.0
18.12,12.940919,2025-02-09,12.0
9.11,11.760069,2025-02-10,12.0
10.52,12.456119,2025-02-11,12.0
14.25,13.054638,2025-02-12,12.0
10.72,13.236416,2025-02-13,12.0
14.55,13.795717,2025-02-14,12.0
22.52,13.164297,2025-02-15,12.0
23.76,12.9321575,2025-02-16,12.0
10.29,13.904284,2025-02-17,12.0
10.48,15.397698,2025-02-18,12.0
8.59,15.717108,2025-02-19,12.0
18.49,14.3825035,2025-02-20,12.0
13.59,13.463303,2025-02-21,12.0
12.91,13.62031,2025-02-22,12.0
10.13,14.20377,2025-02-23,12.0
19.66,14.359421,2025-02-24,12.0
12.12,14.400794,2025-02-25,12.0
12.03,15.975048,2025-02-26,12.0
3.3,16.069593,2025-02-27,12.0
1.97,15.5199795,2025-02-28,12.0
11.13,13.903682,2025-03-01,12.0
19.62,11.589437,2025-03-02,12.0
10.17,10.18509,2025-03-03,12.0
13.33,11.031366,2025-03-04,12.0
9.06,11.543787,2025-03-05,12.0
19.92,12.217829,2025-03-06,12.0
13.37,12.384275,2025-03-07,12.0
5.01,12.833535,2025-03-08,12.0
10.49,12.894737,2025-03-09,12.0
4.86,12.67329,2025-03-10,12.0
12.08,12.493674,2025-03-11,12.0
9.13,11.859367,2025-03-12,12.0
10.06,11.161178,2025-03-13,12.0
12.11,11.736849,2025-03-14,12.0
8.58,11.618666,2025-03-15,12.0
14.02,11.653593,2025-03-16,12.0
9.05,11.260336,2025-03-17,12.0
7.11,11.041274,2025-03-18,12.0
9.01,10.998955,2025-03-19,12.0
13.79,10.7569065,2025-03-20,12.0
8.97,10.576778,2025-03-21,12.0
4.23,10.703302,2025-03-22,12.0
3.17,10.687806,2025-03-23,12.0
10.05,9.262549,2025-03-24,12.0
4.028,8.551239,2025-03-25,12.0
5.18,8.875586,2025-03-26,12.0
7.72,9.007468,2025-03-27,12.0
10.628,8.805215,2025-03-28,12.0
5.73,8.427616,2025-03-29,12.0
4.39,8.65584,2025-03-30,12.0
12.15,7.8960395,2025-03-31,12.0
8.32,6.956258,2025-04-01,12.0
7.08,7.1726537,2025-04-02,12.0
3.99,7.1901374,2025-04-03,12.0
10.59,7.5767198,2025-04-04,12.0
4.7,7.4599605,2025-04-05,12.0
4.828,7.4574122,2025-04-06,12.0
4.68,7.0120373,2025-04-07,12.0
5.14,6.8742676,2025-04-08,12.0
8.71,7.049245,2025-04-09,12.0
7.25,7.1187205,2025-04-10,12.0
8.05,7.3941946,2025-04-11,12.0
10.46,7.731014,2025-04-12,12.0
9.48,8.235046,2025-04-13,12.0
10.6,8.1194725,2025-04-14,12.0
10.54,7.8520455,2025-04-15,12.0
9.01,8.19418,2025-04-16,12.0
10.49,8.573044,2025-04-17,12.0
9.51,8.4720955,2025-04-18,12.0
10.22,8.429164,2025-04-19,12.0
6.2,8.686882,2025-04-20,12.0
5.25,8.7783165,2025-04-21,12.0
8.46,9.009487,2025-04-22,12.0
5.71,9.184381,2025-04-23,12.0
10.76,9.578125,2025-04-24,12.0
12.12,9.588236,2025-04-25,12.0
10.59,9.581947,2025-04-26,12.0
10.64,9.610872,2025-04-27,12.0
12.06,8.822403,2025-04-28,12.0
9.76,9.396294,2025-04-29,12.0
12.92,11.319621,2025-04-30,12.0
12.03,11.943431,2025-05-01,12.0
12.67,11.813908,2025-05-02,12.0
7.78,11.164798,2025-05-03,12.0
12.03,10.744811,2025-05-04,12.0
7.25,10.034135,2025-05-05,12.0
7.53,10.2428255,2025-05-06,12.0
8.92,10.352679,2025-05-07,12.0
10.31,10.377489,2025-05-08,12.0
10.51,9.911188,2025-05-09,12.0
10.66,9.6381645,2025-05-10,12.0
12.32,9.073171,2025-05-11,12.0
9.73,8.3956585,2025-05-12,12.0
11.33,9.459046,2025-05-13,12.0
9.4,9.884878,2025-05-14,12.0
12.28,10.441639,2025-05-15,12.0
8.33,10.653194,2025-05-16,12.0
10.1,10.393129,2025-05-17,12.0
9.25,10.103473,2025-05-18,12.0
7.82,9.284275,2025-05-19,12.0
12.39,9.788715,2025-05-20,12.0
9.9,10.142762,2025-05-21,12.0
4.11,10.52303,2025-05-22,12.0
9.66,10.086952,2025-05-23,12.0
12.72,8.823065,2025-05-24,12.0
10.45,8.105619,2025-05-25,12.0
13.07,8.359648,2025-05-26,12.0
10.69,8.884716,2025-05-27,12.0
10.55,10.710255,2025-05-28,12.0
10.3,11.205333,2025-05-29,12.0
9.52,10.769818,2025-05-30,12.0
10.22,9.915032,2025-05-31,12.0
6.57,9.471823,2025-06-01,12.0
10.6,9.090878,2025-06-02,12.0
9.74,8.921804,2025-06-03,12.0
14.25,9.104956,2025-06-04,12.0
10.43,9.4957,2025-06-05,12.0
8.56,10.633155,2025-06-06,12.0
16.2,10.214496,2025-06-07,12.0
10.78,9.3988695,2025-06-08,12.0
10.88,9.341166,2025-06-09,12.0
10.53,10.057272,2025-06-10,12.0
10.19,10.956183,2025-06-11,12.0
10.52,11.443451,2025-06-12,12.0
7.45,10.786274,2025-06-13,12.0
8.5,9.543806,2025-06-14,12.0
6.45,8.711433,2025-06-15,12.0
7.0,8.471544,2025-06-16,12.0
18.148,9.494074,2024-09-18,13.0
20.711,9.724161,2024-09-19,13.0
11.911,10.679302,2024-09-20,13.0
16.608,11.916985,2024-09-21,13.0
17.72,12.02666,2024-09-22,13.0
9.38,12.660088,2024-09-23,13.0
16.668,13.434244,2024-09-24,13.0
23.952,12.929245,2024-09-25,13.0
39.752,13.673195,2024-09-26,13.0
16.588,15.427622,2024-09-27,13.0
20.11,19.30889,2024-09-28,13.0
33.788,19.840435,2024-09-29,13.0
27.872,19.876554,2024-09-30,13.0
16.288,22.476923,2024-10-01,13.0
24.2228,24.005207,2024-10-02,13.0
10.028,23.984766,2024-10-03,13.0
19.228,24.736654,2024-10-04,13.0
18.972,23.287783,2024-10-05,13.0
32.4,21.794384,2024-10-06,13.0
14.732,21.232014,2024-10-07,13.0
13.388,24.254583,2024-10-08,13.0
32.928,24.40046,2024-10-09,13.0
11.592,21.830929,2024-10-10,13.0
31.288,21.539566,2024-10-11,13.0
14.86,19.793316,2024-10-12,13.0
25.828,20.48285,2024-10-13,13.0
25.028,20.373724,2024-10-14,13.0
17.664,22.404377,2024-10-15,13.0
27.108,23.700878,2024-10-16,13.0
13.732,22.917507,2024-10-17,13.0
33.936,23.538158,2024-10-18,13.0
10.732,21.922989,2024-10-19,13.0
33.748,22.867176,2024-10-20,13.0
33.652,21.5229,2024-10-21,13.0
22.3,23.274612,2024-10-22,13.0
24.46,26.135925,2024-10-23,13.0
25.212,26.936255,2024-10-24,13.0
29.64,26.17363,2024-10-25,13.0
39.32,24.588892,2024-10-26,13.0
13.256,24.722244,2024-10-27,13.0
29.072,26.017736,2024-10-28,13.0
23.46,26.342617,2024-10-29,13.0
42.828,27.356943,2024-10-30,13.0
11.88,25.141708,2024-10-31,13.0
49.72,26.682175,2024-11-01,13.0
13.4,26.379469,2024-11-02,13.0
42.1428,28.824251,2024-11-03,13.0
25.336,29.35873,2024-11-04,13.0
22.252,30.455324,2024-11-05,13.0
26.12,30.622343,2024-11-06,13.0
41.32,28.996311,2024-11-07,13.0
31.86,27.966125,2024-11-08,13.0
24.792,28.169159,2024-11-09,13.0
41.176,30.001026,2024-11-10,13.0
20.228,29.862312,2024-11-11,13.0
28.102,32.181927,2024-11-12,13.0
9.488,31.712782,2024-11-13,13.0
48.452,29.93391,2024-11-14,13.0
39.38,26.416008,2024-11-15,13.0
25.26,27.437218,2024-11-16,13.0
35.74,29.72055,2024-11-17,13.0
24.008,30.907475,2024-11-18,13.0
39.172,32.85067,2024-11-19,13.0
11.9,32.74215,2024-11-20,13.0
35.42,32.885624,2024-11-21,13.0
45.22,29.182373,2024-11-22,13.0
42.272,29.768291,2024-11-23,13.0
39.68667,31.661331,2024-11-24,13.0
26.194666,34.66891,2024-11-25,13.0
33.845333,37.85601,2024-11-26,13.0
17.182667,35.779037,2024-11-27,13.0
35.268,35.391495,2024-11-28,13.0
41.545,32.313736,2024-11-29,13.0
41.4216,30.00352,2024-11-30,13.0
56.96,31.035051,2024-12-01,13.0
42.432,33.715416,2024-12-02,13.0
48.62,39.21254,2024-12-03,13.0
76.428,41.11988,2024-12-04,13.0
46.372,42.44181,2024-12-05,13.0
44.96,45.15267,2024-12-06,13.0
64.28,45.43806,2024-12-07,13.0
69.028,44.968792,2024-12-08,13.0
37.376,45.319344,2024-12-09,13.0
62.064,50.246723,2024-12-10,13.0
56.368,51.24568,2024-12-11,13.0
50.02,51.43712,2024-12-12,13.0
52.78,51.650772,2024-12-13,13.0
28.552,50.786884,2024-12-14,13.0
70.828,50.25309,2024-12-15,13.0
63.488,49.895077,2024-12-16,13.0
72.42,52.142708,2024-12-17,13.0
51.96,54.19744,2024-12-18,13.0
43.3,56.894424,2024-12-19,13.0
56.792,57.12066,2024-12-20,13.0
67.668,54.485023,2024-12-21,13.0
67.692,51.73077,2024-12-22,13.0
75.176,53.31257,2024-12-23,13.0
69.332,56.00299,2024-12-24,13.0
74.7,58.51586,2024-12-25,13.0
62.752,59.477863,2024-12-26,13.0
79.28,59.51374,2024-12-27,13.0
70.508,58.679504,2024-12-28,13.0
69.728,58.935158,2024-12-29,13.0
66.72,60.879944,2024-12-30,13.0
71.24,62.51098,2024-12-31,13.0
65.428,63.454624,2025-01-01,13.0
75.72,63.721115,2025-01-02,13.0
71.02,63.61669,2025-01-03,13.0
73.86,63.615776,2025-01-04,13.0
73.448,63.311462,2025-01-05,13.0
43.28,63.724052,2025-01-06,13.0
81.9428,64.12481,2025-01-07,13.0
56.608,63.702972,2025-01-08,13.0
58.8,63.337368,2025-01-09,13.0
84.3,62.85943,2025-01-10,13.0
65.9,61.567585,2025-01-11,13.0
71.048,61.13085,2025-01-12,13.0
71.784,61.857628,2025-01-13,13.0
46.328,62.837074,2025-01-14,13.0
76.14,61.419327,2025-01-15,13.0
55.308,60.358192,2025-01-16,13.0
73.572,60.440273,2025-01-17,13.0
54.38,59.221886,2025-01-18,13.0
61.352,58.76095,2025-01-19,13.0
55.848,58.898067,2025-01-20,13.0
60.592,59.24512,2025-01-21,13.0
57.908,59.74353,2025-01-22,13.0
56.268,58.843056,2025-01-23,13.0
58.64,58.560944,2025-01-24,13.0
52.944,57.42254,2025-01-25,13.0
56.288,56.103928,2025-01-26,13.0
66.028,56.72952,2025-01-27,13.0
73.168,58.04989,2025-01-28,13.0
64.96,58.734467,2025-01-29,13.0
53.9028,59.621815,2025-01-30,13.0
72.412,60.2708,2025-01-31,13.0
50.228,58.181908,2025-02-01,13.0
70.072,57.037395,2025-02-02,13.0
72.76,57.193623,2025-02-03,13.0
54.48,58.9898,2025-02-04,13.0
56.672,60.7128,2025-02-05,13.0
68.256,61.440643,2025-02-06,13.0
63.28,61.59617,2025-02-07,13.0
54.68,61.146763,2025-02-08,13.0
55.432,60.01754,2025-02-09,13.0
58.392,58.974136,2025-02-10,13.0
60.2,58.810272,2025-02-11,13.0
55.908,59.014755,2025-02-12,13.0
56.452,59.223106,2025-02-13,13.0
46.376,59.096107,2025-02-14,13.0
51.032,57.83188,2025-02-15,13.0
45.208,54.951492,2025-02-16,13.0
28.672,54.12294,2025-02-17,13.0
24.36,52.86799,2025-02-18,13.0
41.792,50.05821,2025-02-19,13.0
50.496,44.489273,2025-02-20,13.0
48.28,40.813156,2025-02-21,13.0
60.784,39.29059,2025-02-22,13.0
37.12,39.46198,2025-02-23,13.0
64.176,43.986458,2025-02-24,13.0
58.911,45.622818,2025-02-25,13.0
36.06,47.610283,2025-02-26,13.0
26.268,49.029312,2025-02-27,13.0
30.032,47.528442,2025-02-28,13.0
50.88,44.93039,2025-03-01,13.0
52.62,39.905373,2025-03-02,13.0
33.548,39.009438,2025-03-03,13.0
45.864,41.566837,2025-03-04,13.0
28.76,44.105637,2025-03-05,13.0
36.568,44.67005,2025-03-06,13.0
35.7,42.870995,2025-03-07,13.0
39.92,38.930557,2025-03-08,13.0
19.88,36.139755,2025-03-09,13.0
42.548,37.24932,2025-03-10,13.0
18.132,37.09436,2025-03-11,13.0
23.292,36.007668,2025-03-12,13.0
33.668,33.153442,2025-03-13,13.0
28.25,31.401615,2025-03-14,13.0
25.792,30.128313,2025-03-15,13.0
25.668,29.088398,2025-03-16,13.0
10.772,29.412882,2025-03-17,13.0
10.428,28.896343,2025-03-18,13.0
13.52,27.221779,2025-03-19,13.0
18.108,24.419039,2025-03-20,13.0
19.472,21.742523,2025-03-21,13.0
11.792,20.264889,2025-03-22,13.0
6.176,19.54004,2025-03-23,13.0
19.3028,18.5047,2025-03-24,13.0
14.576,16.948612,2025-03-25,13.0
17.511,16.626762,2025-03-26,13.0
13.46,16.572622,2025-03-27,13.0
14.652,16.379196,2025-03-28,13.0
17.776,15.745256,2025-03-29,13.0
5.352,15.709301,2025-03-30,13.0
12.88,15.718558,2025-03-31,13.0
17.088,14.508595,2025-04-01,13.0
10.952,13.968143,2025-04-02,13.0
17.432,13.609815,2025-04-03,13.0
11.812,13.346483,2025-04-04,13.0
18.772,13.699392,2025-04-05,13.0
18.28,13.473806,2025-04-06,13.0
12.308,13.94629,2025-04-07,13.0
18.732,15.292604,2025-04-08,13.0
18.812,15.690245,2025-04-09,13.0
12.32,16.139538,2025-04-10,13.0
8.68,16.273489,2025-04-11,13.0
24.096,15.476294,2025-04-12,13.0
16.232,14.737021,2025-04-13,13.0
22.24,15.476571,2025-04-14,13.0
16.72,15.7264385,2025-04-15,13.0
17.711,16.7306,2025-04-16,13.0
25.448,17.102295,2025-04-17,13.0
23.82,16.518223,2025-04-18,13.0
16.48,17.279331,2025-04-19,13.0
10.92,18.410818,2025-04-20,13.0
10.24,18.92777,2025-04-21,13.0
6.908,18.029778,2025-04-22,13.0
10.272,17.317995,2025-04-23,13.0
32.5,15.473121,2025-04-24,13.0
11.708,14.331381,2025-04-25,13.0
7.68,16.604496,2025-04-26,13.0
16.32,16.72689,2025-04-27,13.0
9.912,14.386927,2025-04-28,13.0
18.711,13.9166975,2025-04-29,13.0
14.696,14.361368,2025-04-30,13.0
10.972,14.844266,2025-05-01,13.0
17.64,14.104584,2025-05-02,13.0
7.748,13.077551,2025-05-03,13.0
10.5428,12.554366,2025-05-04,13.0
12.016,11.97275,2025-05-05,13.0
18.792,11.920244,2025-05-06,13.0
13.832,12.112032,2025-05-07,13.0
12.828,13.252408,2025-05-08,13.0
11.136,12.767374,2025-05-09,13.0
10.304,12.320194,2025-05-10,13.0
12.92,11.095444,2025-05-11,13.0
31.288,9.593497,2025-05-12,13.0
16.46,10.743229,2025-05-13,13.0
10.11,13.899701,2025-05-14,13.0
16.72,15.810709,2025-05-15,13.0
13.12,15.264698,2025-05-16,13.0
17.692,14.316376,2025-05-17,13.0
9.416,13.4327755,2025-05-18,13.0
16.272,12.592791,2025-05-19,13.0
10.032,13.000059,2025-05-20,13.0
25.736,14.445641,2025-05-21,13.0
33.352,14.252874,2025-05-22,13.0
14.208,14.730219,2025-05-23,13.0
10.132,16.757675,2025-05-24,13.0
10.7,16.384365,2025-05-25,13.0
12.12,15.420403,2025-05-26,13.0
10.968,14.02743,2025-05-27,13.0
14.092,14.514329,2025-05-28,13.0
23.48,13.754904,2025-05-29,13.0
10.52,12.935621,2025-05-30,13.0
13.258,13.494633,2025-05-31,13.0
9.172,12.772824,2025-06-01,13.0
13.228,12.452154,2025-06-02,13.0
10.811,11.988723,2025-06-03,13.0
26.78,11.515667,2025-06-04,13.0
10.928,11.08996,2025-06-05,13.0
11.372,13.4798355,2025-06-06,13.0
12.76,13.684913,2025-06-07,13.0
13.38,12.586008,2025-06-08,13.0
11.288,11.735535,2025-06-09,13.0
11.36,12.131295,2025-06-10,13.0
9.8,12.684044,2025-06-11,13.0
10.0,12.662416,2025-06-12,13.0
20.88,11.528376,2025-06-13,13.0
10.68,9.9049,2025-06-14,13.0
11.0,10.417463,2025-06-15,13.0
18.42323,11.163617,2025-06-16,13.0
23.528,28.576532,2024-09-18,14.0
25.768,25.913036,2024-09-19,14.0
18.772,24.926365,2024-09-20,14.0
22.258,25.042877,2024-09-21,14.0
18.28,23.719315,2024-09-22,14.0
12.6,23.553116,2024-09-23,14.0
10.8628,23.380482,2024-09-24,14.0
13.976,22.195866,2024-09-25,14.0
41.224,20.147047,2024-09-26,14.0
28.376,18.187256,2024-09-27,14.0
27.132,19.884848,2024-09-28,14.0
27.228,21.849289,2024-09-29,14.0
28.452,23.852985,2024-09-30,14.0
24.012,25.659006,2024-10-01,14.0
17.748,25.892067,2024-10-02,14.0
20.268,25.302006,2024-10-03,14.0
19.028,24.526573,2024-10-04,14.0
21.828,24.232841,2024-10-05,14.0
22.852,23.884987,2024-10-06,14.0
24.532,23.792564,2024-10-07,14.0
22.168,24.782516,2024-10-08,14.0
21.311,25.428059,2024-10-09,14.0
22.228,24.529537,2024-10-10,14.0
22.252,22.58627,2024-10-11,14.0
23.296,21.612019,2024-10-12,14.0
22.76,21.15363,2024-10-13,14.0
23.12,21.324112,2024-10-14,14.0
21.984,22.503056,2024-10-15,14.0
22.896,23.854216,2024-10-16,14.0
21.9028,24.026901,2024-10-17,14.0
26.36,23.874245,2024-10-18,14.0
21.008,23.347591,2024-10-19,14.0
23.288,23.051895,2024-10-20,14.0
25.102,22.640606,2024-10-21,14.0
23.432,22.97699,2024-10-22,14.0
28.136,24.004944,2024-10-23,14.0
23.384,25.039698,2024-10-24,14.0
26.928,25.394619,2024-10-25,14.0
28.768,24.638796,2024-10-26,14.0
20.2628,24.408636,2024-10-27,14.0
27.108,24.35407,2024-10-28,14.0
21.588,24.393614,2024-10-29,14.0
25.911,25.442944,2024-10-30,14.0
28.86,24.14744,2024-10-31,14.0
25.98,24.160362,2024-11-01,14.0
32.72,25.235317,2024-11-02,14.0
31.112,25.889595,2024-11-03,14.0
27.728,28.124325,2024-11-04,14.0
32.528,29.77563,2024-11-05,14.0
33.592,30.312607,2024-11-06,14.0
29.128,30.160118,2024-11-07,14.0
28.852,30.196363,2024-11-08,14.0
29.188,29.665462,2024-11-09,14.0
44.12,29.17167,2024-11-10,14.0
32.672,29.72736,2024-11-11,14.0
32.472,31.843582,2024-11-12,14.0
32.568,33.43631,2024-11-13,14.0
25.648,33.615715,2024-11-14,14.0
32.392,32.519547,2024-11-15,14.0
41.568,30.268776,2024-11-16,14.0
32.102,29.084427,2024-11-17,14.0
32.792,30.838646,2024-11-18,14.0
35.668,33.09445,2024-11-19,14.0
31.748,34.85849,2024-11-20,14.0
6.112,35.187157,2024-11-21,14.0
36.074665,33.62455,2024-11-22,14.0
25.492,30.01586,2024-11-23,14.0
35.808,28.458424,2024-11-24,14.0
31.0628,28.50972,2024-11-25,14.0
33.556,30.477879,2024-11-26,14.0
32.636,30.721107,2024-11-27,14.0
30.878666,32.365643,2024-11-28,14.0
36.622,32.86188,2024-11-29,14.0
42.998,29.403875,2024-11-30,14.0
45.172,29.055004,2024-12-01,14.0
39.788,30.789757,2024-12-02,14.0
45.652,35.22197,2024-12-03,14.0
49.376,36.8785,2024-12-04,14.0
46.5828,38.787743,2024-12-05,14.0
49.208,40.156754,2024-12-06,14.0
48.102,39.137062,2024-12-07,14.0
45.44,39.519955,2024-12-08,14.0
44.176,40.21343,2024-12-09,14.0
45.52,43.429665,2024-12-10,14.0
51.592,44.09131,2024-12-11,14.0
45.14,42.723175,2024-12-12,14.0
46.56,41.89378,2024-12-13,14.0
32.14,42.00485,2024-12-14,14.0
51.26,42.666206,2024-12-15,14.0
51.86,42.917286,2024-12-16,14.0
53.168,44.556953,2024-12-17,14.0
49.4,46.699387,2024-12-18,14.0
49.3828,48.97736,2024-12-19,14.0
44.72,48.724136,2024-12-20,14.0
46.028,46.94552,2024-12-21,14.0
49.856,45.60252,2024-12-22,14.0
47.192,47.041878,2024-12-23,14.0
44.26,48.459595,2024-12-24,14.0
47.94,48.948196,2024-12-25,14.0
48.928,46.863262,2024-12-26,14.0
45.58,44.032547,2024-12-27,14.0
43.272,42.06785,2024-12-28,14.0
47.508,41.4566,2024-12-29,14.0
47.988,43.45069,2024-12-30,14.0
50.64,45.68535,2024-12-31,14.0
43.3028,47.58147,2025-01-01,14.0
46.456,47.22719,2025-01-02,14.0
44.232,45.964565,2025-01-03,14.0
44.3,45.914116,2025-01-04,14.0
49.32,45.558266,2025-01-05,14.0
46.172,45.819843,2025-01-06,14.0
47.258,46.757137,2025-01-07,14.0
53.211,47.675922,2025-01-08,14.0
51.228,47.74905,2025-01-09,14.0
49.092,48.20073,2025-01-10,14.0
47.8,48.180134,2025-01-11,14.0
48.828,47.46776,2025-01-12,14.0
48.72,47.831463,2025-01-13,14.0
31.492,49.209248,2025-01-14,14.0
47.088,47.93127,2025-01-15,14.0
51.68,46.16239,2025-01-16,14.0
45.62,45.322037,2025-01-17,14.0
41.292,44.384502,2025-01-18,14.0
46.168,44.427464,2025-01-19,14.0
48.911,45.826168,2025-01-20,14.0
43.228,46.928833,2025-01-21,14.0
53.02,48.524384,2025-01-22,14.0
43.5,45.728638,2025-01-23,14.0
44.3,46.22323,2025-01-24,14.0
44.88,46.33345,2025-01-25,14.0
28.98,44.904804,2025-01-26,14.0
39.932,45.49649,2025-01-27,14.0
28.888,45.819008,2025-01-28,14.0
39.42,45.60546,2025-01-29,14.0
44.972,43.468987,2025-01-30,14.0
46.48,42.034874,2025-01-31,14.0
38.52,40.324215,2025-02-01,14.0
43.268,39.07111,2025-02-02,14.0
44.628,38.646557,2025-02-03,14.0
48.664,40.274067,2025-02-04,14.0
48.8,42.312733,2025-02-05,14.0
51.696,43.638504,2025-02-06,14.0
50.772,45.52581,2025-02-07,14.0
50.412,46.783318,2025-02-08,14.0
46.908,46.17614,2025-02-09,14.0
47.12,45.876434,2025-02-10,14.0
44.64,47.123573,2025-02-11,14.0
46.58,48.192413,2025-02-12,14.0
42.032,48.425507,2025-02-13,14.0
41.096,48.66713,2025-02-14,14.0
45.72,47.303066,2025-02-15,14.0
45.052,44.67671,2025-02-16,14.0
44.46,45.116566,2025-02-17,14.0
48.168,45.9458,2025-02-18,14.0
49.0,46.204712,2025-02-19,14.0
52.24,45.008926,2025-02-20,14.0
47.9028,44.31639,2025-02-21,14.0
46.6,43.43096,2025-02-22,14.0
45.128,42.869297,2025-02-23,14.0
51.528,45.31773,2025-02-24,14.0
50.52,46.927032,2025-02-25,14.0
50.052,49.5085,2025-02-26,14.0
42.096,50.836994,2025-02-27,14.0
17.652,50.11104,2025-02-28,14.0
48.092,49.280388,2025-03-01,14.0
43.228,43.279884,2025-03-02,14.0
49.011,40.227676,2025-03-03,14.0
41.448,40.766068,2025-03-04,14.0
37.78,43.6538,2025-03-05,14.0
27.92,44.535904,2025-03-06,14.0
33.548,44.943855,2025-03-07,14.0
25.944,41.00963,2025-03-08,14.0
36.948,36.685127,2025-03-09,14.0
25.48,35.545403,2025-03-10,14.0
32.06,36.74874,2025-03-11,14.0
26.808,36.171066,2025-03-12,14.0
26.252,34.126534,2025-03-13,14.0
21.772,32.849728,2025-03-14,14.0
24.258,30.592876,2025-03-15,14.0
19.08,28.073795,2025-03-16,14.0
25.1,27.527042,2025-03-17,14.0
23.288,26.848171,2025-03-18,14.0
23.864,26.68233,2025-03-19,14.0
24.56,27.338234,2025-03-20,14.0
27.828,26.565413,2025-03-21,14.0
24.852,25.618584,2025-03-22,14.0
19.6,24.985798,2025-03-23,14.0
25.248,24.757267,2025-03-24,14.0
24.96,24.068937,2025-03-25,14.0
25.12,24.839863,2025-03-26,14.0
27.06,25.881542,2025-03-27,14.0
22.068,26.098228,2025-03-28,14.0
31.9028,25.14237,2025-03-29,14.0
30.048,24.619244,2025-03-30,14.0
25.808,25.434868,2025-03-31,14.0
31.264,26.378912,2025-04-01,14.0
24.496,26.786346,2025-04-02,14.0
20.852,27.339092,2025-04-03,14.0
25.972,27.21062,2025-04-04,14.0
20.08,25.861755,2025-04-05,14.0
22.16,24.553635,2025-04-06,14.0
26.688,23.560093,2025-04-07,14.0
25.912,24.038137,2025-04-08,14.0
28.72,24.660265,2025-04-09,14.0
28.328,25.38417,2025-04-10,14.0
28.352,26.007996,2025-04-11,14.0
24.288,26.091885,2025-04-12,14.0
27.5,26.90244,2025-04-13,14.0
28.692,26.677467,2025-04-14,14.0
31.616,26.32191,2025-04-15,14.0
30.9428,26.598331,2025-04-16,14.0
21.736,27.151909,2025-04-17,14.0
27.472,26.851566,2025-04-18,14.0
22.832,25.592457,2025-04-19,14.0
22.08,25.291897,2025-04-20,14.0
22.68,24.889927,2025-04-21,14.0
23.812,24.344173,2025-04-22,14.0
26.332,25.471386,2025-04-23,14.0
24.48,26.134167,2025-04-24,14.0
27.708,26.809677,2025-04-25,14.0
21.452,26.35166,2025-04-26,14.0
18.892,25.69461,2025-04-27,14.0
24.848,24.018858,2025-04-28,14.0
24.768,24.102753,2025-04-29,14.0
21.428,26.44164,2025-04-30,14.0
23.864,26.874126,2025-05-01,14.0
26.588,25.26087,2025-05-02,14.0
21.6,23.577204,2025-05-03,14.0
20.028,22.463776,2025-05-04,14.0
24.652,22.03328,2025-05-05,14.0
19.028,22.105185,2025-05-06,14.0
23.0,23.16243,2025-05-07,14.0
21.432,23.481398,2025-05-08,14.0
21.42,22.389313,2025-05-09,14.0
24.708,21.339554,2025-05-10,14.0
24.112,20.91382,2025-05-11,14.0
24.14,20.718063,2025-05-12,14.0
23.572,22.197979,2025-05-13,14.0
22.456,23.63985,2025-05-14,14.0
21.932,23.942665,2025-05-15,14.0
25.092,23.247387,2025-05-16,14.0
24.08,21.958029,2025-05-17,14.0
26.976,21.660934,2025-05-18,14.0
32.76,21.936298,2025-05-19,14.0
28.5828,24.23474,2025-05-20,14.0
25.896,26.902092,2025-05-21,14.0
26.2,27.550117,2025-05-22,14.0
31.3028,26.398806,2025-05-23,14.0
30.812,24.683708,2025-05-24,14.0
30.832,24.77439,2025-05-25,14.0
25.78,25.940376,2025-05-26,14.0
31.612,27.649948,2025-05-27,14.0
31.258,29.570034,2025-05-28,14.0
28.0,30.273872,2025-05-29,14.0
30.94,29.928982,2025-05-30,14.0
28.96,28.54815,2025-05-31,14.0
19.5,27.976141,2025-06-01,14.0
29.98,27.568897,2025-06-02,14.0
29.232,26.784973,2025-06-03,14.0
26.288,26.559864,2025-06-04,14.0
32.792,27.414762,2025-06-05,14.0
31.856,27.182665,2025-06-06,14.0
23.692,27.104229,2025-06-07,14.0
31.668,27.222431,2025-06-08,14.0
32.912,26.74476,2025-06-09,14.0
32.768,27.147198,2025-06-10,14.0
33.48,29.216179,2025-06-11,14.0
25.032,30.314898,2025-06-12,14.0
23.648,29.332003,2025-06-13,14.0
24.96,27.668013,2025-06-14,14.0
19.052,25.93378,2025-06-15,14.0
20.0,24.772678,2025-06-16,14.0
17.788,12.163066,2024-09-18,15.0
7.252,11.699923,2024-09-19,15.0
22.66,12.083734,2024-09-20,15.0
22.072,11.48804,2024-09-21,15.0
9.256,12.441815,2024-09-22,15.0
5.8628,14.272423,2024-09-23,15.0
12.376,14.441254,2024-09-24,15.0
14.692,13.7023945,2024-09-25,15.0
30.332,13.8046465,2024-09-26,15.0
27.936,13.82328,2024-09-27,15.0
25.56,15.013372,2024-09-28,15.0
24.028,17.010662,2024-09-29,15.0
22.132,19.251673,2024-09-30,15.0
26.188,21.01432,2024-10-01,15.0
17.5028,22.09718,2024-10-02,15.0
21.548,22.983292,2024-10-03,15.0
21.0,23.14717,2024-10-04,15.0
24.06,22.20795,2024-10-05,15.0
29.072,22.095839,2024-10-06,15.0
16.488,22.72736,2024-10-07,15.0
23.752,24.457527,2024-10-08,15.0
23.428,23.966244,2024-10-09,15.0
20.096,23.18478,2024-10-10,15.0
29.252,22.294514,2024-10-11,15.0
19.24,21.58619,2024-10-12,15.0
20.492,22.068432,2024-10-13,15.0
20.76,22.478075,2024-10-14,15.0
19.736,23.216206,2024-10-15,15.0
16.412,23.169266,2024-10-16,15.0
32.452,22.640392,2024-10-17,15.0
21.828,21.839424,2024-10-18,15.0
23.012,22.499617,2024-10-19,15.0
17.24,22.742092,2024-10-20,15.0
22.552,22.94373,2024-10-21,15.0
19.488,22.674938,2024-10-22,15.0
17.512,22.431595,2024-10-23,15.0
17.568,22.32967,2024-10-24,15.0
16.772,21.5896,2024-10-25,15.0
10.108,20.737978,2024-10-26,15.0
25.572,20.02769,2024-10-27,15.0
17.8,18.629791,2024-10-28,15.0
16.66,19.241135,2024-10-29,15.0
21.72,19.8615,2024-10-30,15.0
14.828,19.70146,2024-10-31,15.0
11.808,19.703661,2024-11-01,15.0
21.3828,19.679049,2024-11-02,15.0
25.708,19.028072,2024-11-03,15.0
17.24,19.594696,2024-11-04,15.0
21.258,21.035227,2024-11-05,15.0
31.0,21.265312,2024-11-06,15.0
22.432,21.37917,2024-11-07,15.0
32.808,22.2871,2024-11-08,15.0
23.224,22.389603,2024-11-09,15.0
33.376,23.44991,2024-11-10,15.0
18.784,24.54346,2024-11-11,15.0
16.28,25.947693,2024-11-12,15.0
35.976,25.869946,2024-11-13,15.0
27.68,24.90642,2024-11-14,15.0
26.64,25.389725,2024-11-15,15.0
20.072,25.603825,2024-11-16,15.0
33.848,26.204962,2024-11-17,15.0
23.584,26.335247,2024-11-18,15.0
20.576,27.828646,2024-11-19,15.0
27.512,28.54415,2024-11-20,15.0
19.928,27.191553,2024-11-21,15.0
21.08,26.573675,2024-11-22,15.0
21.56,26.022713,2024-11-23,15.0
30.977333,25.287243,2024-11-24,15.0
19.869333,25.4404,2024-11-25,15.0
19.441334,27.274378,2024-11-26,15.0
31.496,26.395145,2024-11-27,15.0
21.22,26.036682,2024-11-28,15.0
24.084,26.893555,2024-11-29,15.0
26.12228,25.079866,2024-11-30,15.0
27.928,24.261616,2024-12-01,15.0
32.1,24.506367,2024-12-02,15.0
26.56,26.403025,2024-12-03,15.0
32.258,27.165913,2024-12-04,15.0
21.272,28.006235,2024-12-05,15.0
37.14,28.500832,2024-12-06,15.0
22.1,26.55259,2024-12-07,15.0
32.728,26.899578,2024-12-08,15.0
16.72,26.325542,2024-12-09,15.0
30.912,27.901344,2024-12-10,15.0
36.3,27.659887,2024-12-11,15.0
26.428,26.996273,2024-12-12,15.0
31.424,27.246197,2024-12-13,15.0
20.936,27.675945,2024-12-14,15.0
32.5428,28.789145,2024-12-15,15.0
31.056,28.778801,2024-12-16,15.0
28.992,29.556007,2024-12-17,15.0
35.96,30.445427,2024-12-18,15.0
30.94,32.00612,2024-12-19,15.0
25.92,32.062237,2024-12-20,15.0
28.788,30.311176,2024-12-21,15.0
36.824,29.734528,2024-12-22,15.0
25.08,31.383593,2024-12-23,15.0
25.668,32.89618,2024-12-24,15.0
20.972,32.845753,2024-12-25,15.0
32.428,31.050453,2024-12-26,15.0
24.776,28.478184,2024-12-27,15.0
24.312,27.516193,2024-12-28,15.0
31.328,27.539787,2024-12-29,15.0
25.312,28.978695,2024-12-30,15.0
13.072,30.915562,2024-12-31,15.0
30.228,31.743435,2025-01-01,15.0
46.708,28.491066,2025-01-02,15.0
32.692,26.759354,2025-01-03,15.0
47.211,28.675114,2025-01-04,15.0
32.168,30.00115,2025-01-05,15.0
35.0,32.43398,2025-01-06,15.0
32.9,33.76318,2025-01-07,15.0
26.86,34.05536,2025-01-08,15.0
30.568,33.56559,2025-01-09,15.0
27.8628,33.245186,2025-01-10,15.0
41.188,33.258232,2025-01-11,15.0
35.72,32.889786,2025-01-12,15.0
37.46,34.1574,2025-01-13,15.0
20.8,35.2166,2025-01-14,15.0
23.64,34.538837,2025-01-15,15.0
38.58,32.5961,2025-01-16,15.0
28.052,30.86268,2025-01-17,15.0
23.8,29.91634,2025-01-18,15.0
26.576,30.23882,2025-01-19,15.0
29.64,30.946932,2025-01-20,15.0
21.784,31.442986,2025-01-21,15.0
31.428,32.53616,2025-01-22,15.0
24.828,29.6666,2025-01-23,15.0
35.11,29.128397,2025-01-24,15.0
36.82,29.213678,2025-01-25,15.0
42.2,29.351488,2025-01-26,15.0
42.928,30.835619,2025-01-27,15.0
43.82,33.4048,2025-01-28,15.0
28.072,35.173477,2025-01-29,15.0
41.128,36.194748,2025-01-30,15.0
25.12,36.04435,2025-01-31,15.0
42.448,35.11515,2025-02-01,15.0
50.5428,33.024742,2025-02-02,15.0
29.736,33.283268,2025-02-03,15.0
46.2228,36.513435,2025-02-04,15.0
45.028,37.9607,2025-02-05,15.0
38.936,38.84064,2025-02-06,15.0
28.812,40.204357,2025-02-07,15.0
56.94,40.467636,2025-02-08,15.0
54.28,37.854725,2025-02-09,15.0
45.12,38.733047,2025-02-10,15.0
43.38,42.059002,2025-02-11,15.0
38.292,44.364677,2025-02-12,15.0
50.812,45.32956,2025-02-13,15.0
51.432,44.943153,2025-02-14,15.0
37.48,43.596645,2025-02-15,15.0
28.792,42.38426,2025-02-16,15.0
45.868,43.22048,2025-02-17,15.0
35.46,43.25591,2025-02-18,15.0
46.54,43.117752,2025-02-19,15.0
42.748,40.752373,2025-02-20,15.0
41.872,39.19113,2025-02-21,15.0
47.88,37.76522,2025-02-22,15.0
47.528,37.069138,2025-02-23,15.0
38.102,39.123497,2025-02-24,15.0
46.032,40.792953,2025-02-25,15.0
38.848,42.688164,2025-02-26,15.0
44.5,43.48024,2025-02-27,15.0
16.452,42.082474,2025-02-28,15.0
24.428,41.632607,2025-03-01,15.0
41.52,38.132835,2025-03-02,15.0
24.748,34.479233,2025-03-03,15.0
45.1428,33.838547,2025-03-04,15.0
25.856,33.857933,2025-03-05,15.0
24.032,33.933987,2025-03-06,15.0
28.02,34.01052,2025-03-07,15.0
31.12,31.942814,2025-03-08,15.0
28.56,29.881618,2025-03-09,15.0
23.96,29.50457,2025-03-10,15.0
29.788,31.012928,2025-03-11,15.0
17.9428,30.507004,2025-03-12,15.0
32.12,29.08707,2025-03-13,15.0
25.216,27.94423,2025-03-14,15.0
33.792,26.832232,2025-03-15,15.0
24.86,26.41878,2025-03-16,15.0
24.58,28.440254,2025-03-17,15.0
14.08,28.416859,2025-03-18,15.0
32.792,28.003708,2025-03-19,15.0
24.568,27.61895,2025-03-20,15.0
16.911,26.553246,2025-03-21,15.0
26.376,26.013634,2025-03-22,15.0
10.4228,24.848526,2025-03-23,15.0
37.828,24.637917,2025-03-24,15.0
31.412,23.642494,2025-03-25,15.0
23.088,24.65201,2025-03-26,15.0
25.832,26.411581,2025-03-27,15.0
35.528,26.613428,2025-03-28,15.0
24.228,25.448519,2025-03-29,15.0
7.36,25.850883,2025-03-30,15.0
16.58,26.115047,2025-03-31,15.0
30.18,24.099916,2025-04-01,15.0
44.26,22.868565,2025-04-02,15.0
17.98,22.541283,2025-04-03,15.0
33.06,24.970947,2025-04-04,15.0
17.258,25.48147,2025-04-05,15.0
23.0,26.058086,2025-04-06,15.0
20.428,24.996141,2025-04-07,15.0
13.392,24.58162,2025-04-08,15.0
37.528,23.5349,2025-04-09,15.0
18.872,22.487198,2025-04-10,15.0
24.42,23.558071,2025-04-11,15.0
25.92,23.413507,2025-04-12,15.0
32.748,23.958776,2025-04-13,15.0
45.1828,24.322886,2025-04-14,15.0
23.308,24.801083,2025-04-15,15.0
23.172,26.700119,2025-04-16,15.0
14.648,26.775932,2025-04-17,15.0
23.008,25.385263,2025-04-18,15.0
17.192,22.951368,2025-04-19,15.0
10.592,22.275269,2025-04-20,15.0
21.148,22.170883,2025-04-21,15.0
19.0,21.421482,2025-04-22,15.0
20.98,22.107578,2025-04-23,15.0
30.088,21.750961,2025-04-24,15.0
17.672,21.648064,2025-04-25,15.0
20.102,22.160046,2025-04-26,15.0
23.92,21.47429,2025-04-27,15.0
18.288,20.140156,2025-04-28,15.0
21.12,20.810234,2025-04-29,15.0
23.74,22.52861,2025-04-30,15.0
14.172,22.567642,2025-05-01,15.0
26.096,21.87177,2025-05-02,15.0
19.9828,20.400482,2025-05-03,15.0
19.428,19.889906,2025-05-04,15.0
19.48,20.313519,2025-05-05,15.0
20.332,20.65554,2025-05-06,15.0
23.296,20.623558,2025-05-07,15.0
19.752,20.705116,2025-05-08,15.0
23.92,20.060905,2025-05-09,15.0
21.368,19.386162,2025-05-10,15.0
14.612,19.294497,2025-05-11,15.0
20.868,19.464275,2025-05-12,15.0
11.052,19.786274,2025-05-13,15.0
22.428,19.806293,2025-05-14,15.0
20.252,18.832888,2025-05-15,15.0
21.04,18.56827,2025-05-16,15.0
18.188,18.147549,2025-05-17,15.0
18.468,18.194607,2025-05-18,15.0
21.332,18.118233,2025-05-19,15.0
14.92,19.211067,2025-05-20,15.0
20.76,19.814407,2025-05-21,15.0
20.32,18.703743,2025-05-22,15.0
21.772,17.76484,2025-05-23,15.0
14.056,17.009811,2025-05-24,15.0
14.68,17.157993,2025-05-25,15.0
18.212,17.768196,2025-05-26,15.0
16.46,17.755074,2025-05-27,15.0
19.8,18.749832,2025-05-28,15.0
13.48,18.402206,2025-05-29,15.0
19.528,17.769669,2025-05-30,15.0
11.06,16.345623,2025-05-31,15.0
9.102,16.04729,2025-06-01,15.0
20.048,15.491507,2025-06-02,15.0
11.032,14.653793,2025-06-03,15.0
17.176,14.955338,2025-06-04,15.0
20.744,15.082384,2025-06-05,15.0
16.248,15.698637,2025-06-06,15.0
18.1,15.6179285,2025-06-07,15.0
20.372,15.079487,2025-06-08,15.0
17.168,15.288059,2025-06-09,15.0
14.48,16.306343,2025-06-10,15.0
17.1,17.205322,2025-06-11,15.0
14.6,16.927965,2025-06-12,15.0
9.48,16.175505,2025-06-13,15.0
8.972,14.877781,2025-06-14,15.0
6.748,13.7849655,2025-06-15,15.0
7.86,13.450217,2025-06-16,15.0
4.656,11.560215,2024-09-18,16.0
22.132,11.083347,2024-09-19,16.0
14.548,9.864923,2024-09-20,16.0
13.0,10.627821,2024-09-21,16.0
11.2,11.509303,2024-09-22,16.0
5.84,11.918858,2024-09-23,16.0
16.512,11.99996,2024-09-24,16.0
8.88,11.174687,2024-09-25,16.0
9.432,11.867099,2024-09-26,16.0
10.468,11.679327,2024-09-27,16.0
22.372,11.093431,2024-09-28,16.0
10.108,10.883704,2024-09-29,16.0
14.16,12.233739,2024-09-30,16.0
12.56,13.121714,2024-10-01,16.0
23.38,14.133361,2024-10-02,16.0
13.288,14.922741,2024-10-03,16.0
25.92,16.527502,2024-10-04,16.0
11.072,15.69578,2024-10-05,16.0
12.92,17.18073,2024-10-06,16.0
14.3,16.956873,2024-10-07,16.0
14.228,16.957363,2024-10-08,16.0
18.908,16.655178,2024-10-09,16.0
12.828,16.183922,2024-10-10,16.0
14.102,16.253162,2024-10-11,16.0
14.528,16.045998,2024-10-12,16.0
10.464,15.903119,2024-10-13,16.0
19.336,15.180784,2024-10-14,16.0
14.3828,14.990898,2024-10-15,16.0
24.256,15.862892,2024-10-16,16.0
11.5428,16.0168,2024-10-17,16.0
18.776,17.423983,2024-10-18,16.0
24.48,17.117939,2024-10-19,16.0
13.028,16.983315,2024-10-20,16.0
27.304,17.620869,2024-10-21,16.0
27.656,17.582031,2024-10-22,16.0
23.352,19.315544,2024-10-23,16.0
25.072,21.65768,2024-10-24,16.0
24.728,22.82032,2024-10-25,16.0
42.74,22.784584,2024-10-26,16.0
37.2,22.861832,2024-10-27,16.0
36.948,24.946266,2024-10-28,16.0
32.592,27.728004,2024-10-29,16.0
18.76,30.822495,2024-10-30,16.0
41.22,29.854181,2024-10-31,16.0
29.092,27.777414,2024-11-01,16.0
36.92,28.416374,2024-11-02,16.0
33.52,28.713135,2024-11-03,16.0
26.36,31.15237,2024-11-04,16.0
50.136,33.093513,2024-11-05,16.0
32.912,33.00043,2024-11-06,16.0
28.96,33.931473,2024-11-07,16.0
13.66,33.456123,2024-11-08,16.0
27.528,32.47785,2024-11-09,16.0
35.66,29.667702,2024-11-10,16.0
32.011,28.41227,2024-11-11,16.0
27.128,29.01801,2024-11-12,16.0
25.6,30.125565,2024-11-13,16.0
38.12,30.83624,2024-11-14,16.0
37.22,29.542368,2024-11-15,16.0
38.628,29.105885,2024-11-16,16.0
30.332,28.853167,2024-11-17,16.0
39.6,30.382652,2024-11-18,16.0
54.028,31.69806,2024-11-19,16.0
29.256,33.831985,2024-11-20,16.0
39.528,36.344574,2024-11-21,16.0
26.657333,35.335434,2024-11-22,16.0
25.362667,35.301247,2024-11-23,16.0
33.170666,33.250805,2024-11-24,16.0
32.657333,31.607815,2024-11-25,16.0
43.7628,31.655827,2024-11-26,16.0
29.39101,31.443426,2024-11-27,16.0
32.51117,34.067055,2024-11-28,16.0
33.01219,34.22592,2024-11-29,16.0
29.312,31.889164,2024-11-30,16.0
23.68,30.21818,2024-12-01,16.0
17.32,29.394447,2024-12-02,16.0
23.932,29.322304,2024-12-03,16.0
23.056,27.631958,2024-12-04,16.0
28.472,27.439121,2024-12-05,16.0
23.72,27.010532,2024-12-06,16.0
18.272,26.270046,2024-12-07,16.0
27.6,25.930115,2024-12-08,16.0
17.936,24.188389,2024-12-09,16.0
26.1428,24.279842,2024-12-10,16.0
20.258,23.430286,2024-12-11,16.0
27.56,23.064514,2024-12-12,16.0
22.292,22.519703,2024-12-13,16.0
20.088,23.589237,2024-12-14,16.0
28.752,24.390799,2024-12-15,16.0
25.52,24.34351,2024-12-16,16.0
13.176,25.40535,2024-12-17,16.0
22.3028,26.662683,2024-12-18,16.0
23.776,26.289404,2024-12-19,16.0
11.36,24.61864,2024-12-20,16.0
24.6,24.020367,2024-12-21,16.0
25.552,23.30084,2024-12-22,16.0
20.52,23.833822,2024-12-23,16.0
29.7,24.728043,2024-12-24,16.0
18.82,25.069416,2024-12-25,16.0
16.32,24.474224,2024-12-26,16.0
20.728,23.133228,2024-12-27,16.0
24.912,21.825644,2024-12-28,16.0
19.14,21.605963,2024-12-29,16.0
33.268,23.26271,2024-12-30,16.0
31.96,24.58115,2024-12-31,16.0
30.56,27.919231,2025-01-01,16.0
29.252,29.006687,2025-01-02,16.0
27.308,28.588753,2025-01-03,16.0
20.692,28.8142,2025-01-04,16.0
24.052,29.016539,2025-01-05,16.0
26.888,27.942528,2025-01-06,16.0
22.711,27.28748,2025-01-07,16.0
23.548,27.847206,2025-01-08,16.0
22.78,27.749792,2025-01-09,16.0
27.048,27.621662,2025-01-10,16.0
30.1828,27.649605,2025-01-11,16.0
26.856,27.463755,2025-01-12,16.0
22.064,27.55805,2025-01-13,16.0
23.488,28.424747,2025-01-14,16.0
11.992,27.651405,2025-01-15,16.0
22.296,26.07713,2025-01-16,16.0
21.552,23.876253,2025-01-17,16.0
20.64,22.985615,2025-01-18,16.0
17.288,23.253265,2025-01-19,16.0
22.0228,23.257,2025-01-20,16.0
17.72,22.851063,2025-01-21,16.0
23.108,23.75448,2025-01-22,16.0
29.548,22.735004,2025-01-23,16.0
24.92,22.950779,2025-01-24,16.0
26.6,24.519234,2025-01-25,16.0
19.092,25.306385,2025-01-26,16.0
21.2,25.830257,2025-01-27,16.0
16.468,26.274227,2025-01-28,16.0
23.3028,26.290628,2025-01-29,16.0
28.188,24.966541,2025-01-30,16.0
16.32,24.460667,2025-01-31,16.0
20.108,24.655556,2025-02-01,16.0
22.864,23.463879,2025-02-02,16.0
20.258,22.471994,2025-02-03,16.0
19.0,23.183964,2025-02-04,16.0
23.852,24.230509,2025-02-05,16.0
29.268,24.244675,2025-02-06,16.0
21.612,24.036526,2025-02-07,16.0
14.48,24.4073,2025-02-08,16.0
16.808,23.790474,2025-02-09,16.0
21.928,22.231232,2025-02-10,16.0
28.84,21.86763,2025-02-11,16.0
25.811,22.491745,2025-02-12,16.0
33.008,23.645538,2025-02-13,16.0
19.18,25.306992,2025-02-14,16.0
26.86,26.470749,2025-02-15,16.0
14.711,25.551338,2025-02-16,16.0
22.256,25.216282,2025-02-17,16.0
25.612,23.886765,2025-02-18,16.0
19.708,23.04557,2025-02-19,16.0
28.692,22.430664,2025-02-20,16.0
22.572,22.305862,2025-02-21,16.0
17.176,23.081018,2025-02-22,16.0
23.84,23.820879,2025-02-23,16.0
25.311,23.7467,2025-02-24,16.0
19.952,23.824226,2025-02-25,16.0
14.748,25.037422,2025-02-26,16.0
22.1,25.059277,2025-02-27,16.0
20.648,23.56274,2025-02-28,16.0
22.052,22.90136,2025-03-01,16.0
17.148,21.809086,2025-03-02,16.0
20.8,21.395027,2025-03-03,16.0
28.76,21.29656,2025-03-04,16.0
31.192,21.706253,2025-03-05,16.0
28.428,22.550535,2025-03-06,16.0
26.74,23.942238,2025-03-07,16.0
31.42,24.815287,2025-03-08,16.0
29.072,25.192787,2025-03-09,16.0
17.056,26.706413,2025-03-10,16.0
25.252,28.219702,2025-03-11,16.0
49.988,27.36185,2025-03-12,16.0
46.5028,25.836067,2025-03-13,16.0
47.016,27.70951,2025-03-14,16.0
38.652,30.531399,2025-03-15,16.0
30.428,33.11557,2025-03-16,16.0
35.732,36.231964,2025-03-17,16.0
42.368,36.20614,2025-03-18,16.0
44.86,35.318825,2025-03-19,16.0
43.48,36.37772,2025-03-20,16.0
41.972,37.408165,2025-03-21,16.0
33.12,37.961807,2025-03-22,16.0
58.248,37.663506,2025-03-23,16.0
33.08,37.268433,2025-03-24,16.0
53.22,37.767582,2025-03-25,16.0
43.4,39.049286,2025-03-26,16.0
46.492,41.68995,2025-03-27,16.0
41.628,42.87362,2025-03-28,16.0
50.62,41.080322,2025-03-29,16.0
33.86,39.44101,2025-03-30,16.0
17.2,40.182133,2025-03-31,16.0
38.452,40.4834,2025-04-01,16.0
26.456,37.471645,2025-04-02,16.0
35.664,35.857437,2025-04-03,16.0
22.52,33.979595,2025-04-04,16.0
35.908,32.4543,2025-04-05,16.0
27.1,30.407984,2025-04-06,16.0
35.28,30.056633,2025-04-07,16.0
22.28,30.562113,2025-04-08,16.0
26.928,30.35948,2025-04-09,16.0
43.28,29.61619,2025-04-10,16.0
23.102,28.492428,2025-04-11,16.0
24.0,29.055027,2025-04-12,16.0
39.112,29.061478,2025-04-13,16.0
21.388,28.396095,2025-04-14,16.0
24.62,28.838343,2025-04-15,16.0
36.472,28.53785,2025-04-16,16.0
28.812,27.031963,2025-04-17,16.0
26.972,26.452202,2025-04-18,16.0
13.028,26.783545,2025-04-19,16.0
30.8228,26.567738,2025-04-20,16.0
33.548,24.660572,2025-04-21,16.0
21.108,24.791851,2025-04-22,16.0
25.852,26.938934,2025-04-23,16.0
21.708,26.936943,2025-04-24,16.0
20.704,27.102589,2025-04-25,16.0
25.708,26.37591,2025-04-26,16.0
33.92,24.56163,2025-04-27,16.0
19.58,22.620445,2025-04-28,16.0
21.08,24.966253,2025-04-29,16.0
26.38,27.652237,2025-04-30,16.0
11.628,26.926086,2025-05-01,16.0
4.572,25.361752,2025-05-02,16.0
32.211,22.396072,2025-05-03,16.0
23.768,18.666811,2025-05-04,16.0
25.9,19.153612,2025-05-05,16.0
20.42,20.937279,2025-05-06,16.0
22.728,22.67423,2025-05-07,16.0
17.972,23.167677,2025-05-08,16.0
18.508,22.027016,2025-05-09,16.0
19.472,19.831036,2025-05-10,16.0
22.008,18.314617,2025-05-11,16.0
16.428,17.503654,2025-05-12,16.0
10.932,19.276466,2025-05-13,16.0
22.86,19.626049,2025-05-14,16.0
17.848,18.215387,2025-05-15,16.0
19.211,18.169975,2025-05-16,16.0
13.092,17.733168,2025-05-17,16.0
8.668,17.690832,2025-05-18,16.0
19.092,16.324707,2025-05-19,16.0
10.128,15.50731,2025-05-20,16.0
24.488,15.674717,2025-05-21,16.0
9.72,14.886044,2025-05-22,16.0
8.132,15.2307205,2025-05-23,16.0
24.72,14.169392,2025-05-24,16.0
8.28,12.445614,2025-05-25,16.0
9.5,13.526398,2025-05-26,16.0
5.311,13.228352,2025-05-27,16.0
13.76,13.845358,2025-05-28,16.0
17.648,12.491777,2025-05-29,16.0
7.872,11.397331,2025-05-30,16.0
12.008,11.075802,2025-05-31,16.0
8.392,10.448311,2025-06-01,16.0
9.12,10.263679,2025-06-02,16.0
12.888,10.138742,2025-06-03,16.0
25.248,9.446344,2025-06-04,16.0
14.672,9.359555,2025-06-05,16.0
14.911,12.160722,2025-06-06,16.0
10.096,13.006489,2025-06-07,16.0
14.5028,12.758072,2025-06-08,16.0
10.288,11.602119,2025-06-09,16.0
5.288,12.11714,2025-06-10,16.0
21.552,12.560917,2025-06-11,16.0
1.792,11.755003,2025-06-12,16.0
10.392,12.152096,2025-06-13,16.0
16.12,9.984948,2025-06-14,16.0
10.448,8.907612,2025-06-15,16.0
10.224,9.86446,2025-06-16,16.0
4.2,5.0860486,2024-09-18,17.0
7.18,5.5139613,2024-09-19,17.0
17.14,5.3109193,2024-09-20,17.0
7.52,5.173757,2024-09-21,17.0
10.76,6.196572,2024-09-22,17.0
5.19,6.3113036,2024-09-23,17.0
7.97,6.6832886,2024-09-24,17.0
12.3,6.5300727,2024-09-25,17.0
5.51,6.7736354,2024-09-26,17.0
3.91,7.4324546,2024-09-27,17.0
10.42,7.2523303,2024-09-28,17.0
8.88,6.808469,2024-09-29,17.0
8.79,6.751112,2024-09-30,17.0
7.35,7.3049383,2024-10-01,17.0
7.59,8.11343,2024-10-02,17.0
4.75,8.860155,2024-10-03,17.0
10.81,9.333576,2024-10-04,17.0
8.03,7.898054,2024-10-05,17.0
9.06,8.038334,2024-10-06,17.0
9.23,7.737286,2024-10-07,17.0
8.35,8.3739805,2024-10-08,17.0
10.24,8.665901,2024-10-09,17.0
9.75,8.618064,2024-10-10,17.0
2.6,8.590254,2024-10-11,17.0
9.72,8.588503,2024-10-12,17.0
9.59,7.9170985,2024-10-13,17.0
4.53,7.4728537,2024-10-14,17.0
2.18,7.990843,2024-10-15,17.0
16.33,7.984259,2024-10-16,17.0
5.52,7.4770827,2024-10-17,17.0
13.72,8.19276,2024-10-18,17.0
16.12,7.9394393,2024-10-19,17.0
2.68,8.402865,2024-10-20,17.0
10.71,8.952594,2024-10-21,17.0
10.05,8.492849,2024-10-22,17.0
9.63,8.566876,2024-10-23,17.0
9.67,8.970079,2024-10-24,17.0
2.01,9.169975,2024-10-25,17.0
10.89,9.30679,2024-10-26,17.0
9.58,8.636869,2024-10-27,17.0
9.56,7.692904,2024-10-28,17.0
9.26,7.842148,2024-10-29,17.0
9.028,8.192803,2024-10-30,17.0
12.55,8.032955,2024-10-31,17.0
2.26,7.9437356,2024-11-01,17.0
9.57,8.36204,2024-11-02,17.0
10.27,8.349877,2024-11-03,17.0
9.33,8.240488,2024-11-04,17.0
10.23,8.655172,2024-11-05,17.0
10.28,9.132307,2024-11-06,17.0
2.13,9.12883,2024-11-07,17.0
2.36,9.363894,2024-11-08,17.0
11.75,8.905854,2024-11-09,17.0
12.14,8.551625,2024-11-10,17.0
10.19,8.418413,2024-11-11,17.0
12.7,9.075497,2024-11-12,17.0
9.71,9.450466,2024-11-13,17.0
10.18,10.004514,2024-11-14,17.0
3.29,9.990197,2024-11-15,17.0
9.628,9.868036,2024-11-16,17.0
5.45,9.470028,2024-11-17,17.0
12.76,8.849987,2024-11-18,17.0
12.46,8.636005,2024-11-19,17.0
12.23,9.60631,2024-11-20,17.0
7.75,10.592459,2024-11-21,17.0
10.23,10.934152,2024-11-22,17.0
10.653334,10.656195,2024-11-23,17.0
9.62,10.379669,2024-11-24,17.0
10.76,10.10292,2024-11-25,17.0
12.13,10.694729,2024-11-26,17.0
10.073334,10.944848,2024-11-27,17.0
8.1125,11.645718,2024-11-28,17.0
4.526,12.011948,2024-11-29,17.0
8.025,10.90234,2024-11-30,17.0
10.87,9.782633,2024-12-01,17.0
10.17,8.654064,2024-12-02,17.0
13.19,8.691334,2024-12-03,17.0
12.43,8.922769,2024-12-04,17.0
1.61,9.94886,2024-12-05,17.0
11.828,10.95949,2024-12-06,17.0
16.26,9.574273,2024-12-07,17.0
11.2,9.393824,2024-12-08,17.0
8.8,8.99744,2024-12-09,17.0
14.73,9.335253,2024-12-10,17.0
13.09,9.8406515,2024-12-11,17.0
12.61,10.737175,2024-12-12,17.0
10.38,11.141642,2024-12-13,17.0
10.71,11.726075,2024-12-14,17.0
9.528,12.343275,2024-12-15,17.0
14.66,12.026055,2024-12-16,17.0
9.28,11.708852,2024-12-17,17.0
22.05,12.693373,2024-12-18,17.0
10.43,12.912939,2024-12-19,17.0
8.11,13.705684,2024-12-20,17.0
10.128,13.622221,2024-12-21,17.0
11.02,13.622107,2024-12-22,17.0
2.08,13.304288,2024-12-23,17.0
10.78,12.875807,2024-12-24,17.0
18.66,11.969307,2024-12-25,17.0
12.91,11.446178,2024-12-26,17.0
13.93,11.606527,2024-12-27,17.0
9.93,11.792571,2024-12-28,17.0
9.39,12.521608,2024-12-29,17.0
21.09,13.077322,2024-12-30,17.0
14.77,13.049766,2024-12-31,17.0
18.12,15.747595,2025-01-01,17.0
11.15,15.729803,2025-01-02,17.0
18.36,15.899225,2025-01-03,17.0
10.6,15.601976,2025-01-04,17.0
14.38,16.016285,2025-01-05,17.0
13.99,15.059478,2025-01-06,17.0
9.85,15.336517,2025-01-07,17.0
13.64,15.6879015,2025-01-08,17.0
17.82,15.062346,2025-01-09,17.0
5.82,14.7139435,2025-01-10,17.0
10.66,15.285473,2025-01-11,17.0
11.77,14.591936,2025-01-12,17.0
8.74,13.772236,2025-01-13,17.0
0.55,13.596976,2025-01-14,17.0
11.75,12.739387,2025-01-15,17.0
12.3,10.608793,2025-01-16,17.0
12.82,9.625871,2025-01-17,17.0
11.88,9.252289,2025-01-18,17.0
13.13,10.1744175,2025-01-19,17.0
1.58,9.889652,2025-01-20,17.0
16.5,9.908338,2025-01-21,17.0
17.26,9.075611,2025-01-22,17.0
10.09,10.100902,2025-01-23,17.0
12.78,11.466921,2025-01-24,17.0
11.93,12.476794,2025-01-25,17.0
14.79,13.190699,2025-01-26,17.0
13.428,13.142185,2025-01-27,17.0
14.67,13.615819,2025-01-28,17.0
10.79,14.235085,2025-01-29,17.0
12.96,13.996761,2025-01-30,17.0
7.42,13.614481,2025-01-31,17.0
9.49,13.517069,2025-02-01,17.0
17.77,12.62936,2025-02-02,17.0
8.46,12.050262,2025-02-03,17.0
17.28,13.278163,2025-02-04,17.0
14.85,13.7476,2025-02-05,17.0
2.728,14.394018,2025-02-06,17.0
11.1,14.098204,2025-02-07,17.0
18.46,11.940664,2025-02-08,17.0
16.97,10.97831,2025-02-09,17.0
12.928,11.29151,2025-02-10,17.0
11.45,12.419885,2025-02-11,17.0
14.528,13.791992,2025-02-12,17.0
16.01,13.850902,2025-02-13,17.0
8.4,14.016445,2025-02-14,17.0
12.58,13.547691,2025-02-15,17.0
10.15,12.674971,2025-02-16,17.0
13.95,11.888872,2025-02-17,17.0
3.828,10.854559,2025-02-18,17.0
14.8,10.404279,2025-02-19,17.0
0.81,8.924442,2025-02-20,17.0
0.828,9.070896,2025-02-21,17.0
16.29,8.293013,2025-02-22,17.0
19.33,7.9407954,2025-02-23,17.0
14.36,8.195625,2025-02-24,17.0
16.3,10.172882,2025-02-25,17.0
13.8,11.847023,2025-02-26,17.0
0.76,12.65142,2025-02-27,17.0
12.19,12.745213,2025-02-28,17.0
12.38,11.027391,2025-03-01,17.0
16.25,10.218088,2025-03-02,17.0
13.1,10.065355,2025-03-03,17.0
0.88,10.937455,2025-03-04,17.0
14.7,11.739708,2025-03-05,17.0
8.87,10.647068,2025-03-06,17.0
6.67,10.416735,2025-03-07,17.0
7.92,10.210676,2025-03-08,17.0
10.1,9.414716,2025-03-09,17.0
0.99,9.255001,2025-03-10,17.0
0.77,8.858679,2025-03-11,17.0
13.5,7.9839377,2025-03-12,17.0
8.31,6.94581,2025-03-13,17.0
5.28,6.9337864,2025-03-14,17.0
1.23,6.878588,2025-03-15,17.0
5.8,7.139811,2025-03-16,17.0
5.97,6.4157515,2025-03-17,17.0
2.59,5.719769,2025-03-18,17.0
1.14,5.6779733,2025-03-19,17.0
10.72,5.0660863,2025-03-20,17.0
1.31,4.6687174,2025-03-21,17.0
9.02,4.80508,2025-03-22,17.0
6.81,4.796867,2025-03-23,17.0
6.32,4.4081645,2025-03-24,17.0
3.75,4.3937025,2025-03-25,17.0
6.3,4.6136537,2025-03-26,17.0
2.95,4.6261687,2025-03-27,17.0
10.528,4.8113565,2025-03-28,17.0
1.28,4.7830396,2025-03-29,17.0
6.59,5.9696074,2025-03-30,17.0
1.86,5.641644,2025-03-31,17.0
5.37,5.018094,2025-04-01,17.0
1.23,4.664984,2025-04-02,17.0
4.87,4.20742,2025-04-03,17.0
1.13,3.9833066,2025-04-04,17.0
5.07,3.8286867,2025-04-05,17.0
1.31,3.305342,2025-04-06,17.0
1.29,3.3402078,2025-04-07,17.0
1.23,3.1702096,2025-04-08,17.0
6.79,3.6208134,2025-04-09,17.0
1.91,3.7221937,2025-04-10,17.0
1.29,4.131943,2025-04-11,17.0
9.26,3.8984494,2025-04-12,17.0
12.66,4.01852,2025-04-13,17.0
1.44,3.8677573,2025-04-14,17.0
1.028,4.312687,2025-04-15,17.0
13.2,4.3237457,2025-04-16,17.0
1.43,4.1754475,2025-04-17,17.0
1.15,4.6700406,2025-04-18,17.0
6.63,4.728659,2025-04-19,17.0
1.728,4.6215987,2025-04-20,17.0
6.26,4.5229664,2025-04-21,17.0
1.928,4.5267863,2025-04-22,17.0
6.64,4.909881,2025-04-23,17.0
4.53,5.154121,2025-04-24,17.0
4.26,5.1183352,2025-04-25,17.0
5.38,5.026855,2025-04-26,17.0
7.12,4.8008647,2025-04-27,17.0
2.0,3.7439888,2025-04-28,17.0
4.91,3.8065221,2025-04-29,17.0
10.2,4.0819173,2025-04-30,17.0
4.81,4.399111,2025-05-01,17.0
4.46,4.914896,2025-05-02,17.0
6.7,4.7430134,2025-05-03,17.0
9.01,4.6906652,2025-05-04,17.0
3.63,4.74949,2025-05-05,17.0
8.42,5.029806,2025-05-06,17.0
5.31,5.210016,2025-05-07,17.0
4.94,5.5371118,2025-05-08,17.0
10.6,5.256759,2025-05-09,17.0
4.92,5.1163583,2025-05-10,17.0
6.69,4.832009,2025-05-11,17.0
10.44,4.057181,2025-05-12,17.0
4.25,4.884196,2025-05-13,17.0
5.21,5.2770457,2025-05-14,17.0
4.11,5.2934117,2025-05-15,17.0
10.42,5.6525054,2025-05-16,17.0
4.1,5.445437,2025-05-17,17.0
5.37,5.841708,2025-05-18,17.0
4.44,4.8628125,2025-05-19,17.0
8.61,5.041584,2025-05-20,17.0
8.55,5.103629,2025-05-21,17.0
5.78,5.642756,2025-05-22,17.0
6.8,5.541447,2025-05-23,17.0
5.9,5.1887593,2025-05-24,17.0
7.52,4.567308,2025-05-25,17.0
5.23,4.505744,2025-05-26,17.0
2.75,4.56998,2025-05-27,17.0
6.25,5.539148,2025-05-28,17.0
5.78,5.2520843,2025-05-29,17.0
4.56,4.69793,2025-05-30,17.0
4.09,4.2987294,2025-05-31,17.0
2.58,4.1031055,2025-06-01,17.0
6.03,4.0755544,2025-06-02,17.0
6.06,3.9822197,2025-06-03,17.0
6.28,3.9061933,2025-06-04,17.0
4.78,4.001586,2025-06-05,17.0
5.33,4.6667194,2025-06-06,17.0
5.42,4.317284,2025-06-07,17.0
6.37,3.9757361,2025-06-08,17.0
4.8,3.4889245,2025-06-09,17.0
6.81,3.9545128,2025-06-10,17.0
7.22,4.444735,2025-06-11,17.0
4.85,4.964072,2025-06-12,17.0
7.9,5.0069256,2025-06-13,17.0
7.75,4.205026,2025-06-14,17.0
4.72,4.0068398,2025-06-15,17.0
6.226,4.587871,2025-06-16,17.0
6.976,10.369944,2024-09-18,18.0
11.2628,10.342918,2024-09-19,18.0
11.72,9.869301,2024-09-20,18.0
20.36,9.559719,2024-09-21,18.0
12.376,9.93252,2024-09-22,18.0
7.432,11.188078,2024-09-23,18.0
6.752,12.0096035,2024-09-24,18.0
12.8,11.891874,2024-09-25,18.0
3.328,11.684567,2024-09-26,18.0
16.6,11.54627,2024-09-27,18.0
20.728,10.348043,2024-09-28,18.0
17.932,10.844246,2024-09-29,18.0
10.508,12.338608,2024-09-30,18.0
22.552,14.410082,2024-10-01,18.0
13.25,15.082491,2024-10-02,18.0
4.028,16.34917,2024-10-03,18.0
13.612,16.638401,2024-10-04,18.0
22.068,14.441311,2024-10-05,18.0
22.102,14.165367,2024-10-06,18.0
20.76,15.155085,2024-10-07,18.0
18.08,17.472546,2024-10-08,18.0
18.768,18.894081,2024-10-09,18.0
7.192,19.077957,2024-10-10,18.0
7.1,18.36721,2024-10-11,18.0
26.108,16.612827,2024-10-12,18.0
19.532,15.206365,2024-10-13,18.0
17.068,15.906997,2024-10-14,18.0
17.1828,17.74168,2024-10-15,18.0
19.868,18.820812,2024-10-16,18.0
3.092,18.924232,2024-10-17,18.0
14.48,19.06464,2024-10-18,18.0
13.88,17.043026,2024-10-19,18.0
9.688,15.9373665,2024-10-20,18.0
25.78,15.150518,2024-10-21,18.0
10.028,14.602453,2024-10-22,18.0
7.88,16.071957,2024-10-23,18.0
19.52,16.589252,2024-10-24,18.0
17.028,15.819651,2024-10-25,18.0
11.132,15.69136,2024-10-26,18.0
11.096,15.923201,2024-10-27,18.0
17.052,14.614625,2024-10-28,18.0
12.132,14.082713,2024-10-29,18.0
13.828,14.785307,2024-10-30,18.0
9.86,14.444372,2024-10-31,18.0
10.428,14.608793,2024-11-01,18.0
23.168,14.868551,2024-11-02,18.0
23.592,14.878273,2024-11-03,18.0
18.911,15.88069,2024-11-04,18.0
17.808,17.548035,2024-11-05,18.0
18.2,18.722565,2024-11-06,18.0
13.92,18.929825,2024-11-07,18.0
10.24,18.717667,2024-11-08,18.0
11.42,18.189976,2024-11-09,18.0
4.64,17.67228,2024-11-10,18.0
16.44,16.904245,2024-11-11,18.0
23.08,15.702904,2024-11-12,18.0
17.468,15.803164,2024-11-13,18.0
14.9828,17.118647,2024-11-14,18.0
17.536,17.851295,2024-11-15,18.0
18.032,17.8997,2024-11-16,18.0
11.34,18.128325,2024-11-17,18.0
10.62,17.620636,2024-11-18,18.0
16.14,16.913876,2024-11-19,18.0
12.532,16.958576,2024-11-20,18.0
2.56,17.264023,2024-11-21,18.0
13.928,16.93911,2024-11-22,18.0
19.632,16.068798,2024-11-23,18.0
21.496,15.863404,2024-11-24,18.0
23.26115,16.396685,2024-11-25,18.0
22.069975,17.943111,2024-11-26,18.0
23.114286,18.774647,2024-11-27,18.0
17.109364,20.33141,2024-11-28,18.0
20.267578,21.5025,2024-11-29,18.0
14.664,19.96764,2024-11-30,18.0
32.888,19.683746,2024-12-01,18.0
18.528,18.984657,2024-12-02,18.0
31.928,21.367283,2024-12-03,18.0
27.028,22.013187,2024-12-04,18.0
23.32,24.216228,2024-12-05,18.0
12.38,25.538425,2024-12-06,18.0
16.652,24.592142,2024-12-07,18.0
9.988,23.141733,2024-12-08,18.0
9.252,21.016912,2024-12-09,18.0
23.296,20.240625,2024-12-10,18.0
26.872,19.095257,2024-12-11,18.0
3.072,19.166124,2024-12-12,18.0
11.536,20.10864,2024-12-13,18.0
20.9028,19.50711,2024-12-14,18.0
22.948,18.943546,2024-12-15,18.0
19.172,18.682838,2024-12-16,18.0
20.848,19.415668,2024-12-17,18.0
11.952,20.988594,2024-12-18,18.0
17.976,23.062056,2024-12-19,18.0
27.64,22.05667,2024-12-20,18.0
16.64,20.61192,2024-12-21,18.0
25.732,21.777245,2024-12-22,18.0
21.892,23.305712,2024-12-23,18.0
18.288,24.279129,2024-12-24,18.0
22.632,24.843067,2024-12-25,18.0
19.688,23.358984,2024-12-26,18.0
8.24,21.882267,2024-12-27,18.0
20.0,21.209333,2024-12-28,18.0
33.428,20.708853,2024-12-29,18.0
23.4,21.537107,2024-12-30,18.0
12.808,24.571232,2024-12-31,18.0
19.232,27.243885,2025-01-01,18.0
2.6,24.86861,2025-01-02,18.0
10.028,22.783577,2025-01-03,18.0
21.76,20.520245,2025-01-04,18.0
29.808,19.121601,2025-01-05,18.0
26.36,18.888708,2025-01-06,18.0
13.192,20.648865,2025-01-07,18.0
24.528,22.571257,2025-01-08,18.0
10.76,22.249487,2025-01-09,18.0
33.612,22.515982,2025-01-10,18.0
17.3,21.688646,2025-01-11,18.0
24.488,22.748848,2025-01-12,18.0
21.024,22.698097,2025-01-13,18.0
25.428,23.80347,2025-01-14,18.0
25.128,23.772125,2025-01-15,18.0
25.06,23.579475,2025-01-16,18.0
9.468,23.67803,2025-01-17,18.0
25.592,23.91256,2025-01-18,18.0
16.22,23.751503,2025-01-19,18.0
29.092,23.63227,2025-01-20,18.0
10.888,23.176727,2025-01-21,18.0
17.7,24.811983,2025-01-22,18.0
12.74,23.10728,2025-01-23,18.0
31.102,22.548117,2025-01-24,18.0
10.656,22.01286,2025-01-25,18.0
25.972,22.692392,2025-01-26,18.0
23.108,21.734596,2025-01-27,18.0
25.464,22.60386,2025-01-28,18.0
16.616,23.776794,2025-01-29,18.0
3.372,24.006481,2025-01-30,18.0
5.9,23.625088,2025-01-31,18.0
13.64,21.652958,2025-02-01,18.0
11.352,18.98656,2025-02-02,18.0
10.868,17.18649,2025-02-03,18.0
16.98,16.771465,2025-02-04,18.0
13.5,17.299625,2025-02-05,18.0
31.1,18.16259,2025-02-06,18.0
21.5,18.000727,2025-02-07,18.0
27.84,18.979843,2025-02-08,18.0
6.548,19.33995,2025-02-09,18.0
13.08,19.677517,2025-02-10,18.0
23.584,18.980486,2025-02-11,18.0
14.508,18.519266,2025-02-12,18.0
12.32,19.173708,2025-02-13,18.0
25.028,19.977468,2025-02-14,18.0
12.612,19.671167,2025-02-15,18.0
17.26,20.36224,2025-02-16,18.0
2.828,19.829067,2025-02-17,18.0
25.4,19.262766,2025-02-18,18.0
12.28,17.623526,2025-02-19,18.0
2.18,16.865814,2025-02-20,18.0
6.988,16.475628,2025-02-21,18.0
27.732,15.396003,2025-02-22,18.0
13.68,14.462103,2025-02-23,18.0
20.42,15.818838,2025-02-24,18.0
23.5,16.590992,2025-02-25,18.0
11.228,18.144772,2025-02-26,18.0
12.904,19.62271,2025-02-27,18.0
4.628,19.119915,2025-02-28,18.0
24.568,18.007057,2025-03-01,18.0
11.672,16.151617,2025-03-02,18.0
13.908,15.946938,2025-03-03,18.0
11.06,15.984169,2025-03-04,18.0
21.952,16.26867,2025-03-05,18.0
2.36,16.324722,2025-03-06,18.0
11.948,17.410255,2025-03-07,18.0
13.428,16.335453,2025-03-08,18.0
20.0,15.406296,2025-03-09,18.0
21.428,15.160423,2025-03-10,18.0
10.9428,16.19131,2025-03-11,18.0
12.936,17.536545,2025-03-12,18.0
2.332,17.184338,2025-03-13,18.0
2.412,17.127254,2025-03-14,18.0
14.736,15.502027,2025-03-15,18.0
14.88,13.875488,2025-03-16,18.0
10.8628,13.606348,2025-03-17,18.0
16.256,13.886613,2025-03-18,18.0
9.102,14.108065,2025-03-19,18.0
4.96,15.065843,2025-03-20,18.0
18.832,14.821484,2025-03-21,18.0
17.936,13.472475,2025-03-22,18.0
14.04,13.555743,2025-03-23,18.0
16.8628,13.483295,2025-03-24,18.0
21.16,14.168605,2025-03-25,18.0
9.288,15.523762,2025-03-26,18.0
10.808,17.04805,2025-03-27,18.0
27.652,16.890089,2025-03-28,18.0
6.12,15.95361,2025-03-29,18.0
3.22,17.213512,2025-03-30,18.0
2.52,16.429169,2025-03-31,18.0
12.98,14.547097,2025-04-01,18.0
19.06,12.734495,2025-04-02,18.0
2.528,11.737125,2025-04-03,18.0
13.628,12.758179,2025-04-04,18.0
20.252,12.498149,2025-04-05,18.0
14.68,12.491631,2025-04-06,18.0
10.0,12.975376,2025-04-07,18.0
13.788,13.576635,2025-04-08,18.0
4.192,13.480825,2025-04-09,18.0
7.272,13.625209,2025-04-10,18.0
5.696,12.604481,2025-04-11,18.0
20.104,11.820026,2025-04-12,18.0
11.868,11.79156,2025-04-13,18.0
12.46,12.384908,2025-04-14,18.0
12.832,12.385023,2025-04-15,18.0
19.128,12.602576,2025-04-16,18.0
10.14,12.611735,2025-04-17,18.0
6.188,12.920146,2025-04-18,18.0
12.292,12.58987,2025-04-19,18.0
10.011,11.983645,2025-04-20,18.0
16.908,11.631195,2025-04-21,18.0
10.092,11.750435,2025-04-22,18.0
13.12,12.941587,2025-04-23,18.0
10.968,13.429658,2025-04-24,18.0
12.648,13.804668,2025-04-25,18.0
16.6,13.673862,2025-04-26,18.0
12.132,13.238871,2025-04-27,18.0
9.02,12.440974,2025-04-28,18.0
24.992,13.052555,2025-04-29,18.0
23.748,14.414274,2025-04-30,18.0
9.828,16.319767,2025-05-01,18.0
10.76,17.456255,2025-05-02,18.0
13.224,16.432693,2025-05-03,18.0
30.768,15.082889,2025-05-04,18.0
18.248,14.270516,2025-05-05,18.0
10.572,16.19291,2025-05-06,18.0
20.86,17.561964,2025-05-07,18.0
9.72,17.715004,2025-05-08,18.0
12.48,17.476307,2025-05-09,18.0
26.808,15.998711,2025-05-10,18.0
13.192,14.557006,2025-05-11,18.0
13.58,14.982632,2025-05-12,18.0
17.748,16.56934,2025-05-13,18.0
11.9428,16.62075,2025-05-14,18.0
16.048,16.63321,2025-05-15,18.0
16.352,15.950018,2025-05-16,18.0
12.548,15.110664,2025-05-17,18.0
16.9,15.072491,2025-05-18,18.0
16.968,14.09511,2025-05-19,18.0
20.572,15.218622,2025-05-20,18.0
19.38,16.055775,2025-05-21,18.0
17.112,16.695036,2025-05-22,18.0
11.296,16.37752,2025-05-23,18.0
13.072,15.813328,2025-05-24,18.0
20.192,14.879133,2025-05-25,18.0
12.92,14.47641,2025-05-26,18.0
16.428,15.243908,2025-05-27,18.0
19.7,16.527962,2025-05-28,18.0
10.032,16.846699,2025-05-29,18.0
7.336,16.811176,2025-05-30,18.0
3.08,15.202665,2025-05-31,18.0
9.352,13.42952,2025-06-01,18.0
13.028,11.206581,2025-06-02,18.0
12.48,10.36956,2025-06-03,18.0
23.168,10.43243,2025-06-04,18.0
14.672,11.066145,2025-06-05,18.0
7.72,13.570606,2025-06-06,18.0
3.08,13.904606,2025-06-07,18.0
7.048,12.419245,2025-06-08,18.0
12.984,9.988672,2025-06-09,18.0
21.92,9.329176,2025-06-10,18.0
17.76,10.010498,2025-06-11,18.0
10.428,12.237862,2025-06-12,18.0
10.16,13.517885,2025-06-13,18.0
5.308,12.647041,2025-06-14,18.0
6.452,11.537946,2025-06-15,18.0
5.88,10.229452,2025-06-16,18.0
25.13,17.940811,2024-09-18,19.0
18.72,20.247534,2024-09-19,19.0
35.95,21.941544,2024-09-20,19.0
27.31,21.605438,2024-09-21,19.0
21.68,22.406467,2024-09-22,19.0
13.11,22.831436,2024-09-23,19.0
7.19,22.311228,2024-09-24,19.0
14.0919485,21.466423,2024-09-25,19.0
11.4796,20.213688,2024-09-26,19.0
14.433362,18.412521,2024-09-27,19.0
11.553608,16.522276,2024-09-28,19.0
13.728,15.9863205,2024-09-29,19.0
23.728,15.344862,2024-09-30,19.0
19.94,15.488498,2024-10-01,19.0
21.17,16.542702,2024-10-02,19.0
18.81,17.372236,2024-10-03,19.0
21.59,18.112381,2024-10-04,19.0
16.47,17.31279,2024-10-05,19.0
8.58,17.469595,2024-10-06,19.0
24.66,17.253761,2024-10-07,19.0
17.91,16.999851,2024-10-08,19.0
21.08,17.994827,2024-10-09,19.0
19.32,18.240868,2024-10-10,19.0
22.528,18.29932,2024-10-11,19.0
23.5,18.297356,2024-10-12,19.0
24.61,18.595886,2024-10-13,19.0
17.428,18.773151,2024-10-14,19.0
18.39,19.819721,2024-10-15,19.0
22.75,20.375898,2024-10-16,19.0
17.86,20.11914,2024-10-17,19.0
17.96,20.376474,2024-10-18,19.0
20.76,19.924603,2024-10-19,19.0
5.19,19.209301,2024-10-20,19.0
19.24,18.898823,2024-10-21,19.0
16.72,17.462662,2024-10-22,19.0
26.12,17.186594,2024-10-23,19.0
13.47,17.584839,2024-10-24,19.0
13.67,18.882208,2024-10-25,19.0
20.8,18.39838,2024-10-26,19.0
11.17,17.458973,2024-10-27,19.0
12.23,16.532372,2024-10-28,19.0
10.96,15.744513,2024-10-29,19.0
22.93,15.450495,2024-10-30,19.0
17.928,14.465282,2024-10-31,19.0
21.89,15.093197,2024-11-01,19.0
20.0,15.865158,2024-11-02,19.0
11.23,16.799671,2024-11-03,19.0
9.31,17.771175,2024-11-04,19.0
25.59,17.48441,2024-11-05,19.0
28.25,16.504013,2024-11-06,19.0
13.51,16.86192,2024-11-07,19.0
19.1,18.649004,2024-11-08,19.0
18.05,18.88247,2024-11-09,19.0
14.79,19.205757,2024-11-10,19.0
17.83,19.268555,2024-11-11,19.0
12.88,18.517193,2024-11-12,19.0
24.91,18.290737,2024-11-13,19.0
14.98,18.040722,2024-11-14,19.0
23.71,18.72041,2024-11-15,19.0
13.73,18.382444,2024-11-16,19.0
26.27,18.894716,2024-11-17,19.0
20.35,18.301605,2024-11-18,19.0
12.74,19.19933,2024-11-19,19.0
25.85,20.494637,2024-11-20,19.0
13.55,19.894276,2024-11-21,19.0
23.33,20.033052,2024-11-22,19.0
21.37,19.549576,2024-11-23,19.0
16.88319,19.639744,2024-11-24,19.0
16.616508,19.908192,2024-11-25,19.0
11.28797,20.491596,2024-11-26,19.0
17.10771,19.816845,2024-11-27,19.0
14.668624,19.069677,2024-11-28,19.0
11.235307,19.185928,2024-11-29,19.0
19.281,17.854258,2024-11-30,19.0
24.46,16.913761,2024-12-01,19.0
25.56,16.057127,2024-12-02,19.0
14.528,17.711414,2024-12-03,19.0
23.72,19.139256,2024-12-04,19.0
17.43,19.53278,2024-12-05,19.0
24.28,20.082039,2024-12-06,19.0
12.99,18.860607,2024-12-07,19.0
21.09,18.933928,2024-12-08,19.0
14.93,17.35863,2024-12-09,19.0
13.69,18.304043,2024-12-10,19.0
20.11,18.837486,2024-12-11,19.0
17.028,18.166084,2024-12-12,19.0
11.06,17.883135,2024-12-13,19.0
28.25,18.107866,2024-12-14,19.0
13.87,18.009674,2024-12-15,19.0
10.96,18.783085,2024-12-16,19.0
19.62,19.191465,2024-12-17,19.0
31.61,19.377579,2024-12-18,19.0
20.73,20.078785,2024-12-19,19.0
11.99,21.055855,2024-12-20,19.0
30.97,20.574005,2024-12-21,19.0
16.74,20.162613,2024-12-22,19.0
19.5,22.360783,2024-12-23,19.0
23.12,22.453672,2024-12-24,19.0
24.2,22.307407,2024-12-25,19.0
29.09,21.67313,2024-12-26,19.0
10.01,21.049122,2024-12-27,19.0
19.52,20.987087,2024-12-28,19.0
16.08,20.276749,2024-12-29,19.0
27.62,21.006699,2024-12-30,19.0
17.828,21.379467,2024-12-31,19.0
29.31,23.69283,2025-01-01,19.0
24.73,23.061558,2025-01-02,19.0
23.19,23.167925,2025-01-03,19.0
19.98,23.947483,2025-01-04,19.0
22.12,23.758762,2025-01-05,19.0
13.71,22.954351,2025-01-06,19.0
25.85,22.679222,2025-01-07,19.0
24.03,22.127666,2025-01-08,19.0
22.5,22.237797,2025-01-09,19.0
20.25,23.134726,2025-01-10,19.0
14.59,24.129387,2025-01-11,19.0
24.09,23.958317,2025-01-12,19.0
19.66,22.620472,2025-01-13,19.0
24.43,22.515621,2025-01-14,19.0
19.81,21.763773,2025-01-15,19.0
21.83,21.61626,2025-01-16,19.0
26.01,21.429974,2025-01-17,19.0
25.28,21.06195,2025-01-18,19.0
21.77,21.502174,2025-01-19,19.0
16.24,22.001482,2025-01-20,19.0
33.42,22.407654,2025-01-21,19.0
24.4,22.994421,2025-01-22,19.0
14.51,22.902573,2025-01-23,19.0
21.15,23.773754,2025-01-24,19.0
20.85,23.57975,2025-01-25,19.0
11.77,23.125938,2025-01-26,19.0
31.55,22.747347,2025-01-27,19.0
17.42,22.200722,2025-01-28,19.0
24.36,23.056953,2025-01-29,19.0
27.33,23.035385,2025-01-30,19.0
20.92,23.147161,2025-01-31,19.0
22.49,22.44662,2025-02-01,19.0
18.53,21.177147,2025-02-02,19.0
28.028,20.318893,2025-02-03,19.0
14.9,20.767187,2025-02-04,19.0
37.65,22.657124,2025-02-05,19.0
25.11,22.997417,2025-02-06,19.0
21.56,24.628922,2025-02-07,19.0
23.92,25.400324,2025-02-08,19.0
24.228,24.061836,2025-02-09,19.0
18.59,22.8779,2025-02-10,19.0
25.96,23.273537,2025-02-11,19.0
28.87,23.336452,2025-02-12,19.0
21.46,23.746202,2025-02-13,19.0
24.2,25.367815,2025-02-14,19.0
22.65,24.85608,2025-02-15,19.0
20.79,23.858105,2025-02-16,19.0
26.45,23.177423,2025-02-17,19.0
22.53,22.629524,2025-02-18,19.0
30.73,22.754417,2025-02-19,19.0
30.828,21.834286,2025-02-20,19.0
16.17,22.519627,2025-02-21,19.0
24.528,23.11291,2025-02-22,19.0
35.928,22.587574,2025-02-23,19.0
23.54,22.985489,2025-02-24,19.0
32.97,24.628426,2025-02-25,19.0
25.07,26.133036,2025-02-26,19.0
20.9,26.919693,2025-02-27,19.0
10.32,26.64405,2025-02-28,19.0
21.62,25.93729,2025-03-01,19.0
33.62,22.798878,2025-03-02,19.0
21.64,21.045126,2025-03-03,19.0
24.52,22.08396,2025-03-04,19.0
27.928,23.4165,2025-03-05,19.0
12.68,23.963566,2025-03-06,19.0
22.49,24.721987,2025-03-07,19.0
11.05,22.812578,2025-03-08,19.0
14.08,21.278292,2025-03-09,19.0
17.32,20.098549,2025-03-10,19.0
20.23,19.89999,2025-03-11,19.0
22.43,19.80297,2025-03-12,19.0
7.72,19.034595,2025-03-13,19.0
14.44,19.70707,2025-03-14,19.0
10.31,18.272587,2025-03-15,19.0
11.29,17.01236,2025-03-16,19.0
17.18,16.011293,2025-03-17,19.0
10.08,15.0268955,2025-03-18,19.0
18.22,15.094666,2025-03-19,19.0
12.74,15.266354,2025-03-20,19.0
20.228,15.545458,2025-03-21,19.0
23.2,15.073089,2025-03-22,19.0
8.55,15.237587,2025-03-23,19.0
19.42,15.4232435,2025-03-24,19.0
9.99,14.940118,2025-03-25,19.0
21.82,15.466344,2025-03-26,19.0
12.67,15.459384,2025-03-27,19.0
17.96,16.143665,2025-03-28,19.0
10.42,15.567577,2025-03-29,19.0
6.95,15.994448,2025-03-30,19.0
14.53,15.331917,2025-03-31,19.0
3.9,14.16119,2025-04-01,19.0
10.3,13.910484,2025-04-02,19.0
6.52,12.692976,2025-04-03,19.0
13.528,12.352203,2025-04-04,19.0
14.6,11.702718,2025-04-05,19.0
11.11,11.459977,2025-04-06,19.0
7.09,11.4533615,2025-04-07,19.0
3.97,11.702932,2025-04-08,19.0
9.38,11.680748,2025-04-09,19.0
10.64,10.960447,2025-04-10,19.0
9.49,10.550204,2025-04-11,19.0
13.18,10.457481,2025-04-12,19.0
6.85,10.865454,2025-04-13,19.0
27.47,10.913859,2025-04-14,19.0
8.18,10.295828,2025-04-15,19.0
11.03,12.158372,2025-04-16,19.0
20.75,12.542538,2025-04-17,19.0
9.528,12.126902,2025-04-18,19.0
16.21,12.568861,2025-04-19,19.0
20.62,12.560665,2025-04-20,19.0
13.28,12.897258,2025-04-21,19.0
10.39,14.24558,2025-04-22,19.0
17.69,15.330288,2025-04-23,19.0
10.26,15.240587,2025-04-24,19.0
11.11,15.701924,2025-04-25,19.0
17.5,15.308908,2025-04-26,19.0
16.12,14.457628,2025-04-27,19.0
8.028,13.523573,2025-04-28,19.0
10.77,13.934095,2025-04-29,19.0
18.09,14.884005,2025-04-30,19.0
20.58,14.709119,2025-05-01,19.0
17.73,14.567914,2025-05-02,19.0
19.64,14.533501,2025-05-03,19.0
16.4,14.4203205,2025-05-04,19.0
9.3,14.918306,2025-05-05,19.0
14.09,15.411453,2025-05-06,19.0
16.11,14.900765,2025-05-07,19.0
17.01,14.738454,2025-05-08,19.0
16.36,14.5379715,2025-05-09,19.0
23.26,14.474562,2025-05-10,19.0
21.18,14.227767,2025-05-11,19.0
18.03,14.44014,2025-05-12,19.0
18.51,16.140364,2025-05-13,19.0
16.29,16.726013,2025-05-14,19.0
21.79,17.032368,2025-05-15,19.0
17.69,16.71154,2025-05-16,19.0
13.11,16.50876,2025-05-17,19.0
12.22,16.40401,2025-05-18,19.0
10.46,15.657854,2025-05-19,19.0
20.61,16.002684,2025-05-20,19.0
19.7,15.619135,2025-05-21,19.0
11.96,15.971264,2025-05-22,19.0
13.03,15.983923,2025-05-23,19.0
14.6,15.031511,2025-05-24,19.0
10.82,14.119919,2025-05-25,19.0
18.89,13.783537,2025-05-26,19.0
11.75,13.178545,2025-05-27,19.0
19.47,14.4739065,2025-05-28,19.0
24.19,14.665992,2025-05-29,19.0
13.93,14.779769,2025-05-30,19.0
20.828,14.901176,2025-05-31,19.0
17.528,14.569387,2025-06-01,19.0
14.74,14.95076,2025-06-02,19.0
16.5,15.467049,2025-06-03,19.0
23.8,15.488137,2025-06-04,19.0
22.3,15.649919,2025-06-05,19.0
18.92,16.919132,2025-06-06,19.0
19.99,17.371716,2025-06-07,19.0
22.62,16.901344,2025-06-08,19.0
22.31,16.856144,2025-06-09,19.0
19.14,17.817577,2025-06-10,19.0
21.3,19.088852,2025-06-11,19.0
27.0,19.337671,2025-06-12,19.0
19.66,18.815384,2025-06-13,19.0
6.828,18.550632,2025-06-14,19.0
20.08,18.019302,2025-06-15,19.0
18.525,16.464165,2025-06-16,19.0
12.1,10.197523,2024-09-18,20.0
14.86,9.709803,2024-09-19,20.0
13.23,9.748941,2024-09-20,20.0
18.98,9.734111,2024-09-21,20.0
6.86,9.821515,2024-09-22,20.0
5.2,10.97168,2024-09-23,20.0
12.21,10.910276,2024-09-24,20.0
12.64,10.267403,2024-09-25,20.0
24.55,10.372648,2024-09-26,20.0
20.76,10.468915,2024-09-27,20.0
22.56,11.655645,2024-09-28,20.0
14.29,13.15275,2024-09-29,20.0
13.46,14.881696,2024-09-30,20.0
22.57,15.567549,2024-10-01,20.0
7.48,14.804143,2024-10-02,20.0
31.0,15.102839,2024-10-03,20.0
13.21,14.699322,2024-10-04,20.0
25.36,15.627084,2024-10-05,20.0
11.26,15.975468,2024-10-06,20.0
10.64,17.507114,2024-10-07,20.0
7.93,17.838964,2024-10-08,20.0
12.39,16.878227,2024-10-09,20.0
19.97,15.21302,2024-10-10,20.0
18.88,14.037852,2024-10-11,20.0
18.76,14.077525,2024-10-12,20.0
19.39,14.419772,2024-10-13,20.0
10.11,15.026438,2024-10-14,20.0
21.72,16.095436,2024-10-15,20.0
21.52,15.561275,2024-10-16,20.0
12.82,15.559973,2024-10-17,20.0
10.37,15.939606,2024-10-18,20.0
11.76,15.61471,2024-10-19,20.0
12.96,14.668758,2024-10-20,20.0
7.89,14.16376,2024-10-21,20.0
12.88,14.259763,2024-10-22,20.0
18.96,13.948639,2024-10-23,20.0
4.24,13.987457,2024-10-24,20.0
24.08,14.535839,2024-10-25,20.0
16.2,13.430155,2024-10-26,20.0
13.8,13.787833,2024-10-27,20.0
18.29,13.735682,2024-10-28,20.0
16.27,13.92403,2024-10-29,20.0
9.64,14.419518,2024-10-30,20.0
10.78,13.961179,2024-10-31,20.0
13.95,13.181643,2024-11-01,20.0
28.08,12.899589,2024-11-02,20.0
25.96,13.008595,2024-11-03,20.0
31.57,15.3455715,2024-11-04,20.0
12.02,18.028965,2024-11-05,20.0
19.07,20.849665,2024-11-06,20.0
17.58,20.324627,2024-11-07,20.0
10.0,19.306858,2024-11-08,20.0
18.52,18.285873,2024-11-09,20.0
12.02,17.350845,2024-11-10,20.0
12.228,17.61462,2024-11-11,20.0
21.63,17.53186,2024-11-12,20.0
14.29,17.263962,2024-11-13,20.0
10.11,17.637388,2024-11-14,20.0
11.39,17.461662,2024-11-15,20.0
9.23,16.545002,2024-11-16,20.0
19.05,15.91576,2024-11-17,20.0
14.75,15.178865,2024-11-18,20.0
17.26,15.768986,2024-11-19,20.0
22.428,16.82058,2024-11-20,20.0
22.67,17.21644,2024-11-21,20.0
24.39,17.428366,2024-11-22,20.0
13.414682,18.401873,2024-11-23,20.0
13.968186,18.868616,2024-11-24,20.0
16.60058,18.999863,2024-11-25,20.0
11.3278,19.45084,2024-11-26,20.0
11.0769205,18.95993,2024-11-27,20.0
20.076797,18.842354,2024-11-28,20.0
13.505376,18.729588,2024-11-29,20.0
20.6728,17.950047,2024-11-30,20.0
37.39,17.474682,2024-12-01,20.0
29.01,17.266582,2024-12-02,20.0
13.26,19.999779,2024-12-03,20.0
30.29,22.201649,2024-12-04,20.0
39.63,22.487253,2024-12-05,20.0
14.7,23.181652,2024-12-06,20.0
19.12,23.949015,2024-12-07,20.0
32.21,23.103977,2024-12-08,20.0
24.25,21.919151,2024-12-09,20.0
24.05,23.156548,2024-12-10,20.0
19.09,23.856617,2024-12-11,20.0
29.24,23.527681,2024-12-12,20.0
17.82,22.9759,2024-12-13,20.0
16.31,23.913368,2024-12-14,20.0
25.26,23.55551,2024-12-15,20.0
32.88,22.863808,2024-12-16,20.0
26.11,23.087166,2024-12-17,20.0
27.99,25.321877,2024-12-18,20.0
37.85,27.357304,2024-12-19,20.0
31.77,27.454464,2024-12-20,20.0
28.46,28.014982,2024-12-21,20.0
29.91,28.124836,2024-12-22,20.0
27.85,29.095942,2024-12-23,20.0
26.22,29.798866,2024-12-24,20.0
5.67,30.415213,2024-12-25,20.0
27.01,29.2972,2024-12-26,20.0
42.32,26.22921,2024-12-27,20.0
17.92,24.978638,2024-12-28,20.0
39.05,26.24248,2024-12-29,20.0
39.72,27.112274,2024-12-30,20.0
19.65,29.03524,2024-12-31,20.0
42.88,32.180344,2025-01-01,20.0
21.14,29.979149,2025-01-02,20.0
10.528,28.422852,2025-01-03,20.0
24.69,27.435041,2025-01-04,20.0
25.51,25.725643,2025-01-05,20.0
33.028,24.656223,2025-01-06,20.0
25.06,24.746311,2025-01-07,20.0
9.83,25.813446,2025-01-08,20.0
27.19,25.97981,2025-01-09,20.0
31.39,24.727757,2025-01-10,20.0
29.98,24.083836,2025-01-11,20.0
25.5,24.07967,2025-01-12,20.0
26.61,24.787334,2025-01-13,20.0
23.93,25.509302,2025-01-14,20.0
29.92,25.340954,2025-01-15,20.0
22.27,24.668247,2025-01-16,20.0
21.08,24.379868,2025-01-17,20.0
27.09,24.486313,2025-01-18,20.0
22.68,24.662926,2025-01-19,20.0
27.5,25.311846,2025-01-20,20.0
36.1,25.40604,2025-01-21,20.0
26.78,27.053753,2025-01-22,20.0
26.38,27.149082,2025-01-23,20.0
26.1,27.877338,2025-01-24,20.0
28.01,27.499666,2025-01-25,20.0
23.62,26.375418,2025-01-26,20.0
23.94,26.241913,2025-01-27,20.0
25.14,26.484524,2025-01-28,20.0
1.94,26.751541,2025-01-29,20.0
21.58,26.399437,2025-01-30,20.0
23.61,24.347061,2025-01-31,20.0
33.59,22.483467,2025-02-01,20.0
18.64,21.08649,2025-02-02,20.0
23.39,21.749195,2025-02-03,20.0
17.7,22.60606,2025-02-04,20.0
36.52,23.678093,2025-02-05,20.0
16.33,23.509315,2025-02-06,20.0
25.93,23.937733,2025-02-07,20.0
25.46,23.467903,2025-02-08,20.0
38.06,22.865545,2025-02-09,20.0
21.47,23.049316,2025-02-10,20.0
26.47,25.436598,2025-02-11,20.0
28.13,26.05299,2025-02-12,20.0
30.14,25.660355,2025-02-13,20.0
24.95,26.266693,2025-02-14,20.0
25.25,25.512285,2025-02-15,20.0
38.13,24.388712,2025-02-16,20.0
24.73,24.64222,2025-02-17,20.0
11.24,26.038288,2025-02-18,20.0
38.728,26.854744,2025-02-19,20.0
25.22,24.725595,2025-02-20,20.0
25.4,25.159302,2025-02-21,20.0
26.27,25.501057,2025-02-22,20.0
31.98,25.41417,2025-02-23,20.0
24.75,26.277525,2025-02-24,20.0
30.11,27.305635,2025-02-25,20.0
36.75,27.715553,2025-02-26,20.0
21.05,27.169916,2025-02-27,20.0
23.87,27.31602,2025-02-28,20.0
38.928,26.431664,2025-03-01,20.0
23.82,24.055595,2025-03-02,20.0
16.13,24.48994,2025-03-03,20.0
25.1,24.794907,2025-03-04,20.0
17.78,24.21681,2025-03-05,20.0
14.828,24.26517,2025-03-06,20.0
29.1,24.178925,2025-03-07,20.0
18.29,22.494455,2025-03-08,20.0
22.55,22.25158,2025-03-09,20.0
12.86,22.733578,2025-03-10,20.0
9.9,22.86494,2025-03-11,20.0
12.84,22.006077,2025-03-12,20.0
16.77,20.006016,2025-03-13,20.0
18.79,18.306555,2025-03-14,20.0
10.7,17.285679,2025-03-15,20.0
7.81,16.912453,2025-03-16,20.0
10.38,17.075422,2025-03-17,20.0
12.19,16.451097,2025-03-18,20.0
7.84,15.273485,2025-03-19,20.0
18.01,14.694375,2025-03-20,20.0
19.68,13.933046,2025-03-21,20.0
10.93,13.721636,2025-03-22,20.0
10.39,14.294226,2025-03-23,20.0
14.73,13.823903,2025-03-24,20.0
11.36,13.488509,2025-03-25,20.0
8.56,13.690111,2025-03-26,20.0
19.4,13.777342,2025-03-27,20.0
16.01,13.722363,2025-03-28,20.0
12.828,14.015034,2025-03-29,20.0
5.9,14.843321,2025-03-30,20.0
11.52,15.5779,2025-03-31,20.0
10.49,14.655979,2025-04-01,20.0
13.6,13.886262,2025-04-02,20.0
4.7,12.962419,2025-04-03,20.0
11.19,12.7981,2025-04-04,20.0
17.72,11.744571,2025-04-05,20.0
13.88,11.272413,2025-04-06,20.0
10.84,12.102699,2025-04-07,20.0
12.31,13.173946,2025-04-08,20.0
9.46,13.55502,2025-04-09,20.0
9.35,13.386132,2025-04-10,20.0
11.31,12.538222,2025-04-11,20.0
17.02,11.523684,2025-04-12,20.0
10.16,11.329957,2025-04-13,20.0
11.65,12.060447,2025-04-14,20.0
10.26,12.08214,2025-04-15,20.0
6.29,12.466089,2025-04-16,20.0
9.49,12.456812,2025-04-17,20.0
8.52,11.463573,2025-04-18,20.0
12.628,10.68919,2025-04-19,20.0
9.0,10.140822,2025-04-20,20.0
17.36,10.382157,2025-04-21,20.0
9.992,10.631972,2025-04-22,20.0
13.528,11.64175,2025-04-23,20.0
6.992,11.594813,2025-04-24,20.0
16.78,11.763135,2025-04-25,20.0
14.06,11.079237,2025-04-26,20.0
10.928,10.921524,2025-04-27,20.0
10.102,10.584842,2025-04-28,20.0
16.46,10.946768,2025-04-29,20.0
14.74,11.957106,2025-04-30,20.0
9.102,13.03915,2025-05-01,20.0
14.976,13.324693,2025-05-02,20.0
12.9028,12.51186,2025-05-03,20.0
10.768,12.118269,2025-05-04,20.0
11.112,12.213518,2025-05-05,20.0
9.52,12.144816,2025-05-06,20.0
11.268,12.182842,2025-05-07,20.0
12.62,11.991045,2025-05-08,20.0
7.58,11.186447,2025-05-09,20.0
18.56,10.516092,2025-05-10,20.0
23.0,9.539425,2025-05-11,20.0
11.652,9.93948,2025-05-12,20.0
17.92,12.284636,2025-05-13,20.0
16.68,12.61782,2025-05-14,20.0
16.748,13.153217,2025-05-15,20.0
10.308,13.418678,2025-05-16,20.0
11.792,13.074373,2025-05-17,20.0
17.428,12.543606,2025-05-18,20.0
16.512,11.946959,2025-05-19,20.0
16.088,13.053093,2025-05-20,20.0
14.472,13.95915,2025-05-21,20.0
12.176,14.269718,2025-05-22,20.0
18.592,13.68236,2025-05-23,20.0
17.208,12.54462,2025-05-24,20.0
11.811,12.165451,2025-05-25,20.0
11.132,12.680834,2025-05-26,20.0
9.72,12.897814,2025-05-27,20.0
9.448,13.547324,2025-05-28,20.0
14.52,13.049245,2025-05-29,20.0
14.0,11.908333,2025-05-30,20.0
18.08,11.088491,2025-05-31,20.0
8.911,10.863967,2025-06-01,20.0
13.468,11.537687,2025-06-02,20.0
17.372,11.764915,2025-06-03,20.0
13.12,11.748352,2025-06-04,20.0
17.848,12.145438,2025-06-05,20.0
13.58,12.167797,2025-06-06,20.0
17.38,11.944553,2025-06-07,20.0
16.58,11.618736,2025-06-08,20.0
13.728,11.967544,2025-06-09,20.0
18.06,13.0296135,2025-06-10,20.0
17.411,13.744223,2025-06-11,20.0
11.2,14.330427,2025-06-12,20.0
10.808,13.907507,2025-06-13,20.0
9.28,12.506788,2025-06-14,20.0
6.82,11.323807,2025-06-15,20.0
13.6028,10.997864,2025-06-16,20.0
20.12,19.579308,2024-09-18,21.0
11.936,19.513268,2024-09-19,21.0
25.744,19.19162,2024-09-20,21.0
21.428,17.783651,2024-09-21,21.0
18.708,18.07702,2024-09-22,21.0
11.5,18.736256,2024-09-23,21.0
16.872,19.45221,2024-09-24,21.0
22.788,19.094002,2024-09-25,21.0
28.0,18.905167,2024-09-26,21.0
30.172,18.670847,2024-09-27,21.0
28.36,18.909983,2024-09-28,21.0
24.456,20.87027,2024-09-29,21.0
31.411,22.932352,2024-09-30,21.0
31.388,24.362259,2024-10-01,21.0
12.8228,24.907969,2024-10-02,21.0
28.696,25.528591,2024-10-03,21.0
18.972,24.50322,2024-10-04,21.0
27.28,23.92738,2024-10-05,21.0
26.428,23.70461,2024-10-06,21.0
27.88,24.20271,2024-10-07,21.0
28.24,25.606934,2024-10-08,21.0
22.228,26.747633,2024-10-09,21.0
11.972,26.627968,2024-10-10,21.0
25.86,24.443384,2024-10-11,21.0
25.952,22.359825,2024-10-12,21.0
17.36,21.73738,2024-10-13,21.0
30.976,22.24506,2024-10-14,21.0
30.972,22.70489,2024-10-15,21.0
28.02,24.618454,2024-10-16,21.0
30.0,26.227016,2024-10-17,21.0
25.672,26.5724,2024-10-18,21.0
14.11,26.150833,2024-10-19,21.0
33.6,25.544922,2024-10-20,21.0
38.2,23.469795,2024-10-21,21.0
28.468,23.795116,2024-10-22,21.0
25.18,26.630178,2024-10-23,21.0
25.96,28.954817,2024-10-24,21.0
35.911,28.406277,2024-10-25,21.0
31.0,27.093128,2024-10-26,21.0
19.456,26.848011,2024-10-27,21.0
24.384,26.476406,2024-10-28,21.0
26.508,26.43697,2024-10-29,21.0
21.98,26.83606,2024-10-30,21.0
36.008,25.208954,2024-10-31,21.0
32.892,24.23056,2024-11-01,21.0
17.372,25.472292,2024-11-02,21.0
29.008,26.95557,2024-11-03,21.0
22.2,26.994495,2024-11-04,21.0
17.11,26.897194,2024-11-05,21.0
20.98,26.286613,2024-11-06,21.0
27.88,24.679214,2024-11-07,21.0
25.972,23.422693,2024-11-08,21.0
32.296,23.785465,2024-11-09,21.0
10.424,24.689186,2024-11-10,21.0
33.256,26.074041,2024-11-11,21.0
26.411,25.051762,2024-11-12,21.0
23.258,25.286716,2024-11-13,21.0
30.2228,25.14387,2024-11-14,21.0
26.448,24.3961,2024-11-15,21.0
30.84,24.689688,2024-11-16,21.0
26.88,25.261747,2024-11-17,21.0
24.112,26.344303,2024-11-18,21.0
23.108,26.627823,2024-11-19,21.0
26.42,27.805077,2024-11-20,21.0
17.728,27.315613,2024-11-21,21.0
10.0,26.10513,2024-11-22,21.0
25.07418,25.478802,2024-11-23,21.0
24.24973,23.317951,2024-11-24,21.0
25.285187,23.036064,2024-11-25,21.0
23.653664,24.09456,2024-11-26,21.0
25.590658,24.191856,2024-11-27,21.0
26.289062,25.092272,2024-11-28,21.0
23.837677,26.00341,2024-11-29,21.0
25.7268,24.431372,2024-11-30,21.0
11.032,23.439419,2024-12-01,21.0
43.88,23.536568,2024-12-02,21.0
19.36,23.294598,2024-12-03,21.0
25.2,25.107689,2024-12-04,21.0
33.208,26.055092,2024-12-05,21.0
32.7028,26.393206,2024-12-06,21.0
27.12,26.075062,2024-12-07,21.0
14.88,26.73663,2024-12-08,21.0
45.496,25.899006,2024-12-09,21.0
17.412,25.405209,2024-12-10,21.0
46.82,27.50327,2024-12-11,21.0
27.28,26.191545,2024-12-12,21.0
38.88,27.14526,2024-12-13,21.0
30.872,28.5112,2024-12-14,21.0
27.908,30.65134,2024-12-15,21.0
32.0,31.641705,2024-12-16,21.0
33.428,31.645943,2024-12-17,21.0
36.312,32.781654,2024-12-18,21.0
25.248,33.468483,2024-12-19,21.0
37.692,33.33376,2024-12-20,21.0
32.388,31.411999,2024-12-21,21.0
25.28,31.593288,2024-12-22,21.0
16.56,33.376144,2024-12-23,21.0
37.72,32.982025,2024-12-24,21.0
30.8,31.172703,2024-12-25,21.0
41.384,29.71104,2024-12-26,21.0
28.648,28.481266,2024-12-27,21.0
27.232,28.602518,2024-12-28,21.0
28.28,29.35202,2024-12-29,21.0
28.508,31.022667,2024-12-30,21.0
28.588,31.676056,2024-12-31,21.0
37.772,32.32253,2025-01-01,21.0
22.628,31.07116,2025-01-02,21.0
30.252,30.603304,2025-01-03,21.0
35.908,30.58041,2025-01-04,21.0
24.332,30.41316,2025-01-05,21.0
35.708,30.702415,2025-01-06,21.0
32.8628,30.32745,2025-01-07,21.0
23.216,30.795353,2025-01-08,21.0
28.6228,31.283558,2025-01-09,21.0
35.212,31.14844,2025-01-10,21.0
41.112,30.577248,2025-01-11,21.0
32.112,30.649595,2025-01-12,21.0
25.6,32.134323,2025-01-13,21.0
30.468,33.423515,2025-01-14,21.0
29.18,32.354694,2025-01-15,21.0
37.928,30.960157,2025-01-16,21.0
33.9428,29.78194,2025-01-17,21.0
36.808,29.578312,2025-01-18,21.0
31.5,30.666416,2025-01-19,21.0
26.64,32.6306,2025-01-20,21.0
36.308,33.28368,2025-01-21,21.0
45.2228,33.888313,2025-01-22,21.0
29.296,32.0671,2025-01-23,21.0
41.6,33.3201,2025-01-24,21.0
29.092,34.0255,2025-01-25,21.0
27.588,34.127167,2025-01-26,21.0
33.2228,34.32449,2025-01-27,21.0
32.056,34.558636,2025-01-28,21.0
29.392,34.345642,2025-01-29,21.0
45.568,33.908333,2025-01-30,21.0
29.96,33.438663,2025-01-31,21.0
28.192,32.86117,2025-02-01,21.0
35.968,31.481503,2025-02-02,21.0
27.76,30.080795,2025-02-03,21.0
30.744,31.433105,2025-02-04,21.0
46.268,32.691853,2025-02-05,21.0
19.852,32.898613,2025-02-06,21.0
30.44,34.412907,2025-02-07,21.0
25.576,33.713127,2025-02-08,21.0
33.9028,31.312084,2025-02-09,21.0
31.288,29.162945,2025-02-10,21.0
25.528,30.00027,2025-02-11,21.0
30.08,30.973915,2025-02-12,21.0
39.64,31.059978,2025-02-13,21.0
38.78,31.675976,2025-02-14,21.0
32.608,31.36786,2025-02-15,21.0
20.3028,31.191898,2025-02-16,21.0
32.336,31.90815,2025-02-17,21.0
22.872,31.778048,2025-02-18,21.0
30.08,31.016691,2025-02-19,21.0
32.992,28.794237,2025-02-20,21.0
28.428,27.685753,2025-02-21,21.0
36.32,27.691284,2025-02-22,21.0
26.372,28.064684,2025-02-23,21.0
37.416,29.81435,2025-02-24,21.0
35.732,30.046726,2025-02-25,21.0
17.76,31.617586,2025-02-26,21.0
48.028,32.125294,2025-02-27,21.0
11.392,30.299198,2025-02-28,21.0
28.98,31.062294,2025-03-01,21.0
33.811,28.611858,2025-03-02,21.0
29.336,26.988026,2025-03-03,21.0
27.311,27.509163,2025-03-04,21.0
30.928,29.120043,2025-03-05,21.0
22.992,29.170067,2025-03-06,21.0
27.96,29.477283,2025-03-07,21.0
29.14,28.568745,2025-03-08,21.0
28.308,27.045399,2025-03-09,21.0
24.1428,27.538666,2025-03-10,21.0
21.12,28.982317,2025-03-11,21.0
36.016,28.704613,2025-03-12,21.0
26.992,26.759201,2025-03-13,21.0
26.9,27.01691,2025-03-14,21.0
32.332,26.40596,2025-03-15,21.0
18.4,25.9218,2025-03-16,21.0
19.336,27.4758,2025-03-17,21.0
25.211,27.189678,2025-03-18,21.0
27.3,26.0983,2025-03-19,21.0
11.808,26.145779,2025-03-20,21.0
28.632,25.858437,2025-03-21,21.0
27.592,24.121355,2025-03-22,21.0
19.648,23.53011,2025-03-23,21.0
24.18,23.91146,2025-03-24,21.0
38.08,23.562778,2025-03-25,21.0
26.86,23.984146,2025-03-26,21.0
11.088,25.98196,2025-03-27,21.0
38.311,26.710903,2025-03-28,21.0
28.7,24.283104,2025-03-29,21.0
17.88,24.6954,2025-03-30,21.0
28.411,25.669594,2025-03-31,21.0
29.168,24.951015,2025-04-01,21.0
23.568,24.957645,2025-04-02,21.0
24.544,25.583782,2025-04-03,21.0
23.32,25.431427,2025-04-04,21.0
27.52,24.573198,2025-04-05,21.0
24.488,24.156525,2025-04-06,21.0
22.62,23.91959,2025-04-07,21.0
29.411,24.581676,2025-04-08,21.0
23.176,24.659801,2025-04-09,21.0
25.772,25.248137,2025-04-10,21.0
31.84,25.106028,2025-04-11,21.0
23.412,24.646132,2025-04-12,21.0
27.508,25.718529,2025-04-13,21.0
31.612,25.793592,2025-04-14,21.0
28.288,25.346924,2025-04-15,21.0
25.512,25.795784,2025-04-16,21.0
27.888,26.22436,2025-04-17,21.0
25.2,24.967888,2025-04-18,21.0
21.272,24.336903,2025-04-19,21.0
13.776,24.510916,2025-04-20,21.0
32.0,24.000143,2025-04-21,21.0
21.772,22.623035,2025-04-22,21.0
25.652,24.488583,2025-04-23,21.0
26.896,25.070145,2025-04-24,21.0
33.8,25.27812,2025-04-25,21.0
27.2628,25.39896,2025-04-26,21.0
26.668,25.763422,2025-04-27,21.0
27.42,25.11039,2025-04-28,21.0
31.74,26.19614,2025-04-29,21.0
30.48,29.065807,2025-04-30,21.0
37.28,29.318985,2025-05-01,21.0
26.96,28.057533,2025-05-02,21.0
29.52,27.691204,2025-05-03,21.0
21.6,26.950476,2025-05-04,21.0
23.14,26.949837,2025-05-05,21.0
35.711,26.56854,2025-05-06,21.0
30.228,26.179943,2025-05-07,21.0
25.536,27.433502,2025-05-08,21.0
23.32,27.410664,2025-05-09,21.0
27.76,26.592388,2025-05-10,21.0
18.272,25.518139,2025-05-11,21.0
33.352,24.63632,2025-05-12,21.0
23.988,23.94046,2025-05-13,21.0
27.708,24.9663,2025-05-14,21.0
25.28,25.689743,2025-05-15,21.0
27.11,25.374102,2025-05-16,21.0
21.64,24.323502,2025-05-17,21.0
29.372,23.868055,2025-05-18,21.0
24.108,23.288147,2025-05-19,21.0
27.952,24.666407,2025-05-20,21.0
23.248,25.593319,2025-05-21,21.0
27.8628,25.3311,2025-05-22,21.0
26.768,24.080786,2025-05-23,21.0
30.072,23.224346,2025-05-24,21.0
20.896,23.392231,2025-05-25,21.0
26.704,24.61253,2025-05-26,21.0
30.616,25.031065,2025-05-27,21.0
20.92,25.986061,2025-05-28,21.0
29.104,26.559078,2025-05-29,21.0
27.88,25.126385,2025-05-30,21.0
26.336,23.986706,2025-05-31,21.0
16.072,23.651304,2025-06-01,21.0
24.22,23.486994,2025-06-02,21.0
26.748,22.53204,2025-06-03,21.0
26.8628,22.216896,2025-06-04,21.0
27.656,23.146671,2025-06-05,21.0
31.828,23.390335,2025-06-06,21.0
19.752,23.654535,2025-06-07,21.0
31.92,24.22369,2025-06-08,21.0
29.928,23.624437,2025-06-09,21.0
25.492,24.20724,2025-06-10,21.0
25.92,25.948963,2025-06-11,21.0
29.496,26.276182,2025-06-12,21.0
11.2628,24.876686,2025-06-13,21.0
17.64,23.99361,2025-06-14,21.0
14.88,21.874798,2025-06-15,21.0
27.08,20.162132,2025-06-16,21.0
21.428,21.401035,2024-09-18,22.0
28.82,22.271133,2024-09-19,22.0
24.3,22.981358,2024-09-20,22.0
26.248,22.806591,2024-09-21,22.0
28.492,21.781477,2024-09-22,22.0
18.22,22.342024,2024-09-23,22.0
16.61242,23.14809,2024-09-24,22.0
17.610548,23.737724,2024-09-25,22.0
19.031319,23.24865,2024-09-26,22.0
19.317225,21.277683,2024-09-27,22.0
24.13779,19.512749,2024-09-28,22.0
16.488,18.69758,2024-09-29,22.0
27.232,19.435387,2024-09-30,22.0
14.928,20.184448,2024-10-01,22.0
0.532,21.145048,2024-10-02,22.0
16.316135,20.845737,2024-10-03,22.0
21.788,18.77058,2024-10-04,22.0
17.504,16.714539,2024-10-05,22.0
4.628,16.875805,2024-10-06,22.0
13.35559,17.333817,2024-10-07,22.0
16.135893,16.784307,2024-10-08,22.0
22.868,16.147629,2024-10-09,22.0
8.22,15.454338,2024-10-10,22.0
12.368,15.298214,2024-10-11,22.0
18.211,14.504208,2024-10-12,22.0
12.98,14.026144,2024-10-13,22.0
13.417414,14.176508,2024-10-14,22.0
17.19786,14.476782,2024-10-15,22.0
14.112,14.797319,2024-10-16,22.0
22.228,15.304932,2024-10-17,22.0
16.58,15.4582,2024-10-18,22.0
11.712,15.914383,2024-10-19,22.0
20.28,16.00185,2024-10-20,22.0
29.012,15.509416,2024-10-21,22.0
12.112,15.841322,2024-10-22,22.0
49.632,17.633484,2024-10-23,22.0
9.148,18.077227,2024-10-24,22.0
11.7868,21.787237,2024-10-25,22.0
10.1,21.436237,2024-10-26,22.0
44.26,19.502487,2024-10-27,22.0
12.58,17.00027,2024-10-28,22.0
16.320282,19.470255,2024-10-29,22.0
18.86862,20.710508,2024-10-30,22.0
46.432,19.434597,2024-10-31,22.0
14.08,19.462326,2024-11-01,22.0
6.048,21.968441,2024-11-02,22.0
44.86,21.963688,2024-11-03,22.0
33.692,20.876236,2024-11-04,22.0
29.668,24.073303,2024-11-05,22.0
20.968105,26.49311,2024-11-06,22.0
25.411,27.03092,2024-11-07,22.0
45.828,26.175053,2024-11-08,22.0
42.788,25.825855,2024-11-09,22.0
16.892,26.907635,2024-11-10,22.0
24.56432,29.576803,2024-11-11,22.0
19.576,30.309418,2024-11-12,22.0
7.992,29.707275,2024-11-13,22.0
62.632,27.655571,2024-11-14,22.0
49.92,23.779663,2024-11-15,22.0
25.393717,25.679668,2024-11-16,22.0
70.696,30.347435,2024-11-17,22.0
27.472,32.91432,2024-11-18,22.0
27.648,37.34531,2024-11-19,22.0
49.552,38.84433,2024-11-20,22.0
0.72,35.809513,2024-11-21,22.0
27.149633,34.437584,2024-11-22,22.0
25.242577,32.27088,2024-11-23,22.0
23.497503,29.866928,2024-11-24,22.0
25.094692,29.21371,2024-11-25,22.0
19.201052,30.708767,2024-11-26,22.0
20.710695,29.24132,2024-11-27,22.0
24.526375,28.50957,2024-11-28,22.0
27.228125,28.123085,2024-11-29,22.0
26.9368,24.537537,2024-11-30,22.0
10.832,23.73096,2024-12-01,22.0
41.101067,23.383339,2024-12-02,22.0
35.498905,23.216888,2024-12-03,22.0
42.352,24.864708,2024-12-04,22.0
61.656,27.62188,2024-12-05,22.0
16.252,30.404839,2024-12-06,22.0
31.692738,33.00357,2024-12-07,22.0
31.589584,32.130955,2024-12-08,22.0
27.668,29.422283,2024-12-09,22.0
48.5028,29.8755,2024-12-10,22.0
18.508,30.502432,2024-12-11,22.0
39.69651,31.945694,2024-12-12,22.0
30.281866,31.217728,2024-12-13,22.0
32.862713,32.867733,2024-12-14,22.0
56.58,32.40465,2024-12-15,22.0
58.272,32.601143,2024-12-16,22.0
46.016,35.881783,2024-12-17,22.0
42.80571,40.49733,2024-12-18,22.0
38.663227,44.41838,2024-12-19,22.0
29.773745,43.445198,2024-12-20,22.0
30.82465,41.010532,2024-12-21,22.0
32.07459,38.380623,2024-12-22,22.0
48.452,39.040985,2024-12-23,22.0
54.74,39.700928,2024-12-24,22.0
56.912,41.251274,2024-12-25,22.0
39.632175,42.14006,2024-12-26,22.0
30.947954,42.485477,2024-12-27,22.0
32.662495,40.864635,2024-12-28,22.0
57.336,38.416138,2024-12-29,22.0
68.102,38.20966,2024-12-30,22.0
46.448,40.845505,2024-12-31,22.0
46.28657,46.284615,2025-01-01,22.0
44.480995,48.54641,2025-01-02,22.0
28.84,48.599625,2025-01-03,22.0
22.732,47.440716,2025-01-04,22.0
21.66,43.70027,2025-01-05,22.0
58.088,40.211044,2025-01-06,22.0
74.492,37.45949,2025-01-07,22.0
44.526882,38.86342,2025-01-08,22.0
44.386307,43.05316,2025-01-09,22.0
36.81359,46.152863,2025-01-10,22.0
39.80449,46.012657,2025-01-11,22.0
28.107182,43.2108,2025-01-12,22.0
37.61709,41.18772,2025-01-13,22.0
47.305885,39.721527,2025-01-14,22.0
142.48,37.982018,2025-01-15,22.0
52.932,38.347885,2025-01-16,22.0
35.900394,45.280952,2025-01-17,22.0
41.264812,49.31133,2025-01-18,22.0
28.532694,49.75046,2025-01-19,22.0
53.168,49.86724,2025-01-20,22.0
41.96,48.089424,2025-01-21,22.0
46.271095,48.829575,2025-01-22,22.0
44.625717,48.152275,2025-01-23,22.0
35.968502,49.262886,2025-01-24,22.0
52.028,48.16929,2025-01-25,22.0
48.192,44.601665,2025-01-26,22.0
36.27761,44.564804,2025-01-27,22.0
47.765057,46.23443,2025-01-28,22.0
46.382545,46.328587,2025-01-29,22.0
35.228,45.373863,2025-01-30,22.0
29.25,45.50831,2025-01-31,22.0
28.763268,42.40848,2025-02-01,22.0
36.682755,38.393055,2025-02-02,22.0
37.81007,36.236862,2025-02-03,22.0
53.68,36.933495,2025-02-04,22.0
43.14,38.180336,2025-02-05,22.0
39.687675,40.74045,2025-02-06,22.0
38.706738,42.795113,2025-02-07,22.0
26.732,42.23462,2025-02-08,22.0
38.76,39.348457,2025-02-09,22.0
37.54183,36.06936,2025-02-10,22.0
37.70095,36.0093,2025-02-11,22.0
36.908,37.094654,2025-02-12,22.0
68.428,38.35012,2025-02-13,22.0
21.6628,38.9402,2025-02-14,22.0
28.556253,40.279884,2025-02-15,22.0
35.393547,37.787457,2025-02-16,22.0
31.856,35.91454,2025-02-17,22.0
67.664,35.108303,2025-02-18,22.0
26.448,34.304943,2025-02-19,22.0
41.328358,35.011513,2025-02-20,22.0
32.808,35.780663,2025-02-21,22.0
10.3028,36.024254,2025-02-22,22.0
24.96,34.50275,2025-02-23,22.0
79.308,32.43403,2025-02-24,22.0
3.28,30.410814,2025-02-25,22.0
39.165726,34.710953,2025-02-26,22.0
39.681126,34.91152,2025-02-27,22.0
68.28,32.80216,2025-02-28,22.0
61.628,33.069805,2025-03-01,22.0
24.895437,34.115005,2025-03-02,22.0
30.948606,37.19849,2025-03-03,22.0
33.42051,39.447376,2025-03-04,22.0
21.672,41.1103,2025-03-05,22.0
71.688,37.66861,2025-03-06,22.0
48.76,35.53051,2025-03-07,22.0
10.8628,36.51146,2025-03-08,22.0
17.728,38.9913,2025-03-09,22.0
35.102,38.293476,2025-03-10,22.0
26.888,35.12136,2025-03-11,22.0
21.488,32.554718,2025-03-12,22.0
33.132,29.319921,2025-03-13,22.0
17.12,28.215042,2025-03-14,22.0
14.308,28.24332,2025-03-15,22.0
11.032,26.782467,2025-03-16,22.0
16.632,25.026726,2025-03-17,22.0
12.268,22.463923,2025-03-18,22.0
29.528,21.033981,2025-03-19,22.0
25.368,19.982807,2025-03-20,22.0
14.911,20.011517,2025-03-21,22.0
20.432,20.732975,2025-03-22,22.0
12.168,20.042366,2025-03-23,22.0
8.192,19.185562,2025-03-24,22.0
9.536,17.927921,2025-03-25,22.0
13.911,16.772282,2025-03-26,22.0
12.608,15.897079,2025-03-27,22.0
20.172,15.414635,2025-03-28,22.0
22.18,14.769478,2025-03-29,22.0
10.8,15.371056,2025-03-30,22.0
8.992,16.449978,2025-03-31,22.0
9.428,15.864311,2025-04-01,22.0
9.892,14.632842,2025-04-02,22.0
5.456,12.968973,2025-04-03,22.0
7.711,12.169238,2025-04-04,22.0
5.3,11.436422,2025-04-05,22.0
3.728,10.788269,2025-04-06,22.0
7.24,10.085749,2025-04-07,22.0
7.272,9.644924,2025-04-08,22.0
2.736,9.572262,2025-04-09,22.0
2.64,9.330404,2025-04-10,22.0
1.612,8.6136875,2025-04-11,22.0
6.11,7.7379932,2025-04-12,22.0
1.028,7.221359,2025-04-13,22.0
3.812,6.795319,2025-04-14,22.0
21.12562,6.203252,2025-04-15,22.0
8.46,6.0880365,2025-04-16,22.0
10.72,7.51055,2025-04-17,22.0
23.200386,8.147587,2025-04-18,22.0
21.812939,8.477926,2025-04-19,22.0
24.3255,10.141892,2025-04-20,22.0
12.048,12.217876,2025-04-21,22.0
11.1828,14.227822,2025-04-22,22.0
1.188,15.058863,2025-04-23,22.0
23.890306,14.815029,2025-04-24,22.0
8.68,13.415428,2025-04-25,22.0
3.92,13.881542,2025-04-26,22.0
4.868,13.6035,2025-04-27,22.0
7.384,12.078495,2025-04-28,22.0
1.412,11.343664,2025-04-29,22.0
10.88,11.661251,2025-04-30,22.0
5.392,10.873096,2025-05-01,22.0
9.792,10.256304,2025-05-02,22.0
1.56,9.172512,2025-05-03,22.0
13.64,8.702147,2025-05-04,22.0
12.896,7.842383,2025-05-05,22.0
14.12,8.2363205,2025-05-06,22.0
20.6628,9.002938,2025-05-07,22.0
20.496,10.055716,2025-05-08,22.0
21.892,10.862215,2025-05-09,22.0
13.411,11.8618965,2025-05-10,22.0
16.84288,12.641338,2025-05-11,22.0
28.048,12.477444,2025-05-12,22.0
11.928,13.684301,2025-05-13,22.0
18.588,15.794413,2025-05-14,22.0
18.812,16.20934,2025-05-15,22.0
32.8,16.486656,2025-05-16,22.0
23.14,16.224976,2025-05-17,22.0
20.592,17.801458,2025-05-18,22.0
10.656,18.522987,2025-05-19,22.0
36.2228,19.930977,2025-05-20,22.0
12.588,19.608215,2025-05-21,22.0
11.86,20.528885,2025-05-22,22.0
24.032,19.17293,2025-05-23,22.0
24.296,16.908468,2025-05-24,22.0
10.192,16.93467,2025-05-25,22.0
23.276201,18.21791,2025-05-26,22.0
75.288,17.685207,2025-05-27,22.0
28.532,18.850815,2025-05-28,22.0
19.788,26.334278,2025-05-29,22.0
25.984,28.432482,2025-05-30,22.0
14.36,25.994009,2025-05-31,22.0
27.36,24.365364,2025-06-01,22.0
26.456,21.925854,2025-06-02,22.0
41.272,21.077343,2025-06-03,22.0
19.888,21.578308,2025-06-04,22.0
20.172,26.827026,2025-06-05,22.0
22.7,27.056963,2025-06-06,22.0
23.28,24.60046,2025-06-07,22.0
26.432,22.50339,2025-06-08,22.0
32.8,21.154886,2025-06-09,22.0
20.656,21.712313,2025-06-10,22.0
8.211,23.926332,2025-06-11,22.0
38.88,25.145557,2025-06-12,22.0
16.132,21.581665,2025-06-13,22.0
23.570793,20.655945,2025-06-14,22.0
22.448,19.583992,2025-06-15,22.0
11.694221,19.5758,2025-06-16,22.0
9.688,13.10792,2024-09-18,23.0
22.3,11.925817,2024-09-19,23.0
24.04,11.170088,2024-09-20,23.0
22.5,11.858591,2024-09-21,23.0
10.38,13.8993225,2024-09-22,23.0
4.452,16.091343,2024-09-23,23.0
5.8,15.727377,2024-09-24,23.0
10.768,14.043406,2024-09-25,23.0
30.14,12.711056,2024-09-26,23.0
11.828,11.868229,2024-09-27,23.0
23.172,13.448873,2024-09-28,23.0
17.088,14.125185,2024-09-29,23.0
31.672,15.53076,2024-09-30,23.0
17.012,16.336227,2024-10-01,23.0
10.472,18.08908,2024-10-02,23.0
11.888,18.42927,2024-10-03,23.0
19.772,17.906158,2024-10-04,23.0
37.02,16.33572,2024-10-05,23.0
19.102,16.295832,2024-10-06,23.0
29.296,19.238956,2024-10-07,23.0
17.864,21.241653,2024-10-08,23.0
21.96,23.044596,2024-10-09,23.0
25.148,21.780205,2024-10-10,23.0
22.25,19.958305,2024-10-11,23.0
28.2,19.38441,2024-10-12,23.0
18.048,19.643425,2024-10-13,23.0
22.492,21.166706,2024-10-14,23.0
11.668,21.7216,2024-10-15,23.0
32.752,22.107231,2024-10-16,23.0
9.952,20.26424,2024-10-17,23.0
11.536,20.91595,2024-10-18,23.0
36.172,19.909048,2024-10-19,23.0
23.52,18.314514,2024-10-20,23.0
24.188,19.78682,2024-10-21,23.0
19.572,20.84472,2024-10-22,23.0
24.852,21.418686,2024-10-23,23.0
21.336,21.33799,2024-10-24,23.0
18.711,21.520039,2024-10-25,23.0
24.18,20.351616,2024-10-26,23.0
19.211,19.563274,2024-10-27,23.0
24.776,19.633028,2024-10-28,23.0
27.552,19.822535,2024-10-29,23.0
29.352,20.683311,2024-10-30,23.0
23.92,20.121296,2024-10-31,23.0
31.258,21.145391,2024-11-01,23.0
28.16,21.800121,2024-11-02,23.0
23.612,22.553555,2024-11-03,23.0
25.288,24.205158,2024-11-04,23.0
21.072,24.76273,2024-11-05,23.0
38.108,24.780834,2024-11-06,23.0
20.25,23.910954,2024-11-07,23.0
26.8,24.549374,2024-11-08,23.0
27.768,24.036213,2024-11-09,23.0
21.264,24.267307,2024-11-10,23.0
37.52,25.032145,2024-11-11,23.0
7.216,24.516968,2024-11-12,23.0
29.424,25.47445,2024-11-13,23.0
19.608,23.547329,2024-11-14,23.0
36.46,22.987112,2024-11-15,23.0
37.7,21.845943,2024-11-16,23.0
17.0,23.073874,2024-11-17,23.0
39.38,25.667435,2024-11-18,23.0
4.64,25.542236,2024-11-19,23.0
4.268,27.776838,2024-11-20,23.0
12.6228,24.712532,2024-11-21,23.0
38.376,20.878613,2024-11-22,23.0
25.912,18.920113,2024-11-23,23.0
18.926859,20.585947,2024-11-24,23.0
22.389324,22.77885,2024-11-25,23.0
16.68478,23.604242,2024-11-26,23.0
23.938536,23.191734,2024-11-27,23.0
20.307186,21.61853,2024-11-28,23.0
23.90361,21.128983,2024-11-29,23.0
37.248,19.872816,2024-11-30,23.0
58.332,20.20692,2024-12-01,23.0
49.611,22.095167,2024-12-02,23.0
37.92,28.40871,2024-12-03,23.0
47.088,32.654568,2024-12-04,23.0
58.96,34.016335,2024-12-05,23.0
41.192,34.531013,2024-12-06,23.0
47.928,34.37322,2024-12-07,23.0
41.22,34.646442,2024-12-08,23.0
27.652,34.916145,2024-12-09,23.0
18.216,37.956062,2024-12-10,23.0
18.792,37.303238,2024-12-11,23.0
55.552,32.935806,2024-12-12,23.0
29.576,28.8456,2024-12-13,23.0
41.944,30.13046,2024-12-14,23.0
51.088,31.340197,2024-12-15,23.0
50.56,33.52985,2024-12-16,23.0
45.76,36.615112,2024-12-17,23.0
51.42,38.57744,2024-12-18,23.0
45.852,39.490227,2024-12-19,23.0
54.088,39.458786,2024-12-20,23.0
59.36,38.711136,2024-12-21,23.0
46.272,38.41086,2024-12-22,23.0
55.6,42.175804,2024-12-23,23.0
43.508,44.482826,2024-12-24,23.0
37.3,45.730007,2024-12-25,23.0
52.848,44.309002,2024-12-26,23.0
49.432,40.901382,2024-12-27,23.0
31.528,38.901985,2024-12-28,23.0
45.0,38.8898,2024-12-29,23.0
41.28,39.931618,2024-12-30,23.0
46.172,40.985596,2024-12-31,23.0
45.06,42.190678,2025-01-01,23.0
32.12,41.02819,2025-01-02,23.0
60.352,39.536423,2025-01-03,23.0
38.948,38.375725,2025-01-04,23.0
49.34,38.328842,2025-01-05,23.0
41.02,38.528076,2025-01-06,23.0
38.78,39.303593,2025-01-07,23.0
48.728,39.869453,2025-01-08,23.0
32.72,39.42649,2025-01-09,23.0
47.652,39.616783,2025-01-10,23.0
48.172,38.1894,2025-01-11,23.0
47.308,37.822666,2025-01-12,23.0
28.94,38.879593,2025-01-13,23.0
39.592,40.688744,2025-01-14,23.0
49.508,37.973946,2025-01-15,23.0
43.972,36.29193,2025-01-16,23.0
45.708,36.625816,2025-01-17,23.0
42.011,35.63098,2025-01-18,23.0
56.988,36.12335,2025-01-19,23.0
48.708,37.645317,2025-01-20,23.0
32.652,39.580204,2025-01-21,23.0
49.66,42.136,2025-01-22,23.0
47.9,39.87381,2025-01-23,23.0
31.628,39.770977,2025-01-24,23.0
35.292,39.603653,2025-01-25,23.0
33.68,37.68157,2025-01-26,23.0
49.332,37.340862,2025-01-27,23.0
28.008,37.792934,2025-01-28,23.0
35.22,37.98894,2025-01-29,23.0
38.012,36.546547,2025-01-30,23.0
32.576,35.620056,2025-01-31,23.0
20.612,33.49543,2025-02-01,23.0
44.148,31.056908,2025-02-02,23.0
37.4,28.894487,2025-02-03,23.0
45.0628,30.415462,2025-02-04,23.0
55.76,32.627476,2025-02-05,23.0
42.576,34.23949,2025-02-06,23.0
46.252,36.84221,2025-02-07,23.0
61.08,37.9976,2025-02-08,23.0
11.052,36.99502,2025-02-09,23.0
9.748,38.216263,2025-02-10,23.0
18.948,37.33364,2025-02-11,23.0
45.36,33.409103,2025-02-12,23.0
31.064,30.21879,2025-02-13,23.0
47.376,30.908688,2025-02-14,23.0
35.132,30.887287,2025-02-15,23.0
28.5,31.4598,2025-02-16,23.0
38.248,32.864838,2025-02-17,23.0
38.112,31.404415,2025-02-18,23.0
43.26,29.95567,2025-02-19,23.0
53.828,29.23909,2025-02-20,23.0
27.6628,30.180233,2025-02-21,23.0
36.612,31.85183,2025-02-22,23.0
44.784,32.16695,2025-02-23,23.0
55.628,33.37587,2025-02-24,23.0
53.38,34.08081,2025-02-25,23.0
64.728,36.836197,2025-02-26,23.0
60.392,38.91902,2025-02-27,23.0
29.552,40.373657,2025-02-28,23.0
49.528,43.00833,2025-03-01,23.0
54.552,39.89748,2025-03-02,23.0
58.208,38.75933,2025-03-03,23.0
43.528,40.38372,2025-03-04,23.0
38.64,43.690285,2025-03-05,23.0
42.66,44.07965,2025-03-06,23.0
35.008,43.900948,2025-03-07,23.0
38.08,41.31495,2025-03-08,23.0
18.992,37.776375,2025-03-09,23.0
17.32,36.94593,2025-03-10,23.0
22.808,36.35182,2025-03-11,23.0
19.92,33.263092,2025-03-12,23.0
17.744,29.432121,2025-03-13,23.0
22.76,27.610691,2025-03-14,23.0
12.188,25.020718,2025-03-15,23.0
9.372,23.281115,2025-03-16,23.0
28.088,22.363693,2025-03-17,23.0
22.328,20.389656,2025-03-18,23.0
19.464,20.156519,2025-03-19,23.0
22.228,21.101475,2025-03-20,23.0
21.052,20.672543,2025-03-21,23.0
22.64,20.187748,2025-03-22,23.0
22.008,19.594425,2025-03-23,23.0
30.58,19.428398,2025-03-24,23.0
10.96,19.892706,2025-03-25,23.0
22.292,21.709759,2025-03-26,23.0
33.448,21.89946,2025-03-27,23.0
28.711,21.484661,2025-03-28,23.0
12.028,21.530098,2025-03-29,23.0
14.652,22.294052,2025-03-30,23.0
21.708,21.883987,2025-03-31,23.0
7.628,20.835968,2025-04-01,23.0
21.64,20.474148,2025-04-02,23.0
4.48,18.48862,2025-04-03,23.0
23.472,18.272575,2025-04-04,23.0
11.048,17.35582,2025-04-05,23.0
12.332,17.166965,2025-04-06,23.0
24.612,16.241554,2025-04-07,23.0
11.988,15.961884,2025-04-08,23.0
21.8,16.754536,2025-04-09,23.0
24.108,16.272894,2025-04-10,23.0
13.912,16.24355,2025-04-11,23.0
26.4,16.814655,2025-04-12,23.0
19.952,17.201431,2025-04-13,23.0
36.428,18.141792,2025-04-14,23.0
22.3,18.578272,2025-04-15,23.0
39.608,21.157433,2025-04-16,23.0
16.532,21.934984,2025-04-17,23.0
23.372,23.059967,2025-04-18,23.0
17.496,21.948051,2025-04-19,23.0
23.72,21.441029,2025-04-20,23.0
23.892,20.985458,2025-04-21,23.0
20.211,20.906658,2025-04-22,23.0
21.016,22.466179,2025-04-23,23.0
23.224,22.775644,2025-04-24,23.0
32.096,23.054674,2025-04-25,23.0
26.944,22.390049,2025-04-26,23.0
25.12,22.553692,2025-04-27,23.0
30.228,22.150303,2025-04-28,23.0
23.588,23.479576,2025-04-29,23.0
29.84,26.72308,2025-04-30,23.0
36.7828,26.711472,2025-05-01,23.0
25.336,25.487682,2025-05-02,23.0
21.132,25.119959,2025-05-03,23.0
39.252,24.453959,2025-05-04,23.0
24.028,23.855415,2025-05-05,23.0
26.18,25.628147,2025-05-06,23.0
27.072,26.51155,2025-05-07,23.0
10.928,26.488537,2025-05-08,23.0
19.608,25.39794,2025-05-09,23.0
26.6628,22.739166,2025-05-10,23.0
29.856,20.709055,2025-05-11,23.0
29.272,20.172642,2025-05-12,23.0
25.48,22.304016,2025-05-13,23.0
31.2,24.192055,2025-05-14,23.0
30.28,24.928093,2025-05-15,23.0
27.088,24.771214,2025-05-16,23.0
28.88,23.6487,2025-05-17,23.0
36.372,23.081495,2025-05-18,23.0
27.012,23.674103,2025-05-19,23.0
33.428,26.749722,2025-05-20,23.0
30.1,27.93789,2025-05-21,23.0
38.608,27.729414,2025-05-22,23.0
30.784,27.085323,2025-05-23,23.0
32.048,26.882626,2025-05-24,23.0
31.928,27.04771,2025-05-25,23.0
22.8228,27.902792,2025-05-26,23.0
25.288,28.62282,2025-05-27,23.0
28.368,28.355938,2025-05-28,23.0
31.0,27.33136,2025-05-29,23.0
29.832,26.063965,2025-05-30,23.0
23.56,25.22676,2025-05-31,23.0
21.06,25.047842,2025-06-01,23.0
23.268,24.32795,2025-06-02,23.0
18.0,23.708101,2025-06-03,23.0
29.44,22.879185,2025-06-04,23.0
23.112,21.996876,2025-06-05,23.0
30.36,22.090647,2025-06-06,23.0
11.392,21.795969,2025-06-07,23.0
24.8,22.198212,2025-06-08,23.0
32.2,20.787447,2025-06-09,23.0
24.72,20.662647,2025-06-10,23.0
31.976,22.68946,2025-06-11,23.0
25.532,23.389223,2025-06-12,23.0
22.68,23.671658,2025-06-13,23.0
11.932,22.7972,2025-06-14,23.0
16.0,21.841812,2025-06-15,23.0
26.63,19.528904,2025-06-16,23.0
11.72,16.401163,2024-09-18,24.0
20.288,16.478065,2024-09-19,24.0
32.752,15.74121,2024-09-20,24.0
25.06,15.946442,2024-09-21,24.0
20.292,18.035025,2024-09-22,24.0
11.28,19.77861,2024-09-23,24.0
11.288,20.58242,2024-09-24,24.0
20.628,19.644299,2024-09-25,24.0
29.68,18.132288,2024-09-26,24.0
29.98,17.298475,2024-09-27,24.0
24.628,18.443495,2024-09-28,24.0
11.88,21.202263,2024-09-29,24.0
30.88,22.755367,2024-09-30,24.0
24.08,21.937254,2024-10-01,24.0
17.012,21.98415,2024-10-02,24.0
25.52,22.213272,2024-10-03,24.0
12.908,22.213388,2024-10-04,24.0
33.272,22.399857,2024-10-05,24.0
20.072,22.024391,2024-10-06,24.0
22.688,23.104,2024-10-07,24.0
29.032,23.655987,2024-10-08,24.0
32.668,24.07309,2024-10-09,24.0
19.8,24.28524,2024-10-10,24.0
23.82,24.498302,2024-10-11,24.0
25.58,24.140049,2024-10-12,24.0
27.02,23.497778,2024-10-13,24.0
29.368,23.547054,2024-10-14,24.0
23.24,24.278315,2024-10-15,24.0
27.432,25.630337,2024-10-16,24.0
20.968,25.82223,2024-10-17,24.0
10.032,26.063437,2024-10-18,24.0
20.08,24.964397,2024-10-19,24.0
23.288,22.48859,2024-10-20,24.0
46.0,20.80059,2024-10-21,24.0
14.052,21.037884,2024-10-22,24.0
27.892,25.044716,2024-10-23,24.0
25.248,25.950169,2024-10-24,24.0
23.088,25.883884,2024-10-25,24.0
10.032,25.02413,2024-10-26,24.0
25.888,23.780169,2024-10-27,24.0
17.432,21.06334,2024-10-28,24.0
37.7,21.075367,2024-10-29,24.0
24.012,21.96772,2024-10-30,24.0
26.828,22.351593,2024-10-31,24.0
39.52,23.161865,2024-11-01,24.0
37.38,24.350609,2024-11-02,24.0
29.64,25.977676,2024-11-03,24.0
7.368,28.110947,2024-11-04,24.0
25.984,29.317966,2024-11-05,24.0
18.208,27.074738,2024-11-06,24.0
31.272,25.710693,2024-11-07,24.0
19.788,24.26883,2024-11-08,24.0
22.82,24.495064,2024-11-09,24.0
25.288,25.05166,2024-11-10,24.0
20.424,25.240055,2024-11-11,24.0
23.336,25.356655,2024-11-12,24.0
29.732,24.455894,2024-11-13,24.0
23.788,23.99836,2024-11-14,24.0
18.412,24.050842,2024-11-15,24.0
14.0,24.388264,2024-11-16,24.0
45.11,23.89574,2024-11-17,24.0
24.628,22.381199,2024-11-18,24.0
22.6,24.915241,2024-11-19,24.0
16.732,27.001854,2024-11-20,24.0
29.492,27.146069,2024-11-21,24.0
20.768,25.373259,2024-11-22,24.0
26.190437,25.364357,2024-11-23,24.0
27.748457,24.273678,2024-11-24,24.0
25.163582,24.077244,2024-11-25,24.0
23.084198,26.099236,2024-11-26,24.0
24.380838,26.092651,2024-11-27,24.0
31.063702,26.30596,2024-11-28,24.0
25.477945,26.177776,2024-11-29,24.0
25.1012,25.433956,2024-11-30,24.0
24.448,25.025578,2024-12-01,24.0
21.112,24.788363,2024-12-02,24.0
25.176,25.520042,2024-12-03,24.0
30.192,24.88255,2024-12-04,24.0
36.36,25.204872,2024-12-05,24.0
28.992,26.177952,2024-12-06,24.0
26.748,26.939342,2024-12-07,24.0
22.62,27.478039,2024-12-08,24.0
29.74,26.411919,2024-12-09,24.0
19.528,26.306297,2024-12-10,24.0
36.44,26.07206,2024-12-11,24.0
22.032,24.898258,2024-12-12,24.0
20.72,25.421999,2024-12-13,24.0
20.548,26.306927,2024-12-14,24.0
25.66,26.533314,2024-12-15,24.0
19.62,25.976952,2024-12-16,24.0
22.708,25.931568,2024-12-17,24.0
38.6228,26.356998,2024-12-18,24.0
25.488,26.549644,2024-12-19,24.0
25.032,27.328499,2024-12-20,24.0
39.76,27.027714,2024-12-21,24.0
35.92,26.926823,2024-12-22,24.0
26.548,28.956059,2024-12-23,24.0
27.972,30.49829,2024-12-24,24.0
32.812,30.524395,2024-12-25,24.0
27.132,28.965332,2024-12-26,24.0
18.188,28.09609,2024-12-27,24.0
43.411,27.154024,2024-12-28,24.0
27.14,26.434025,2024-12-29,24.0
32.42,29.236723,2024-12-30,24.0
38.8,31.127625,2024-12-31,24.0
38.532,32.901386,2025-01-01,24.0
22.068,32.86924,2025-01-02,24.0
25.492,32.91549,2025-01-03,24.0
16.648,32.119694,2025-01-04,24.0
35.02,31.064537,2025-01-05,24.0
32.132,29.33157,2025-01-06,24.0
31.8,29.069695,2025-01-07,24.0
33.376,30.038208,2025-01-08,24.0
36.192,31.000854,2025-01-09,24.0
20.88,32.078133,2025-01-10,24.0
33.64,32.58433,2025-01-11,24.0
31.768,31.154667,2025-01-12,24.0
32.028,30.211075,2025-01-13,24.0
4.384,31.12519,2025-01-14,24.0
51.288,30.826405,2025-01-15,24.0
39.96,28.48614,2025-01-16,24.0
17.992,28.84044,2025-01-17,24.0
35.468,30.061722,2025-01-18,24.0
31.928,29.80227,2025-01-19,24.0
37.768,30.270819,2025-01-20,24.0
32.1028,30.739704,2025-01-21,24.0
17.168,32.269386,2025-01-22,24.0
23.52,31.137753,2025-01-23,24.0
28.288,31.070395,2025-01-24,24.0
26.5828,30.492294,2025-01-25,24.0
7.096,29.44122,2025-01-26,24.0
22.8,29.023119,2025-01-27,24.0
26.828,27.893856,2025-01-28,24.0
19.428,27.616756,2025-01-29,24.0
33.664,27.045937,2025-01-30,24.0
23.896,26.092989,2025-01-31,24.0
28.2628,25.912659,2025-02-01,24.0
12.136,25.16664,2025-02-02,24.0
9.872,24.655678,2025-02-03,24.0
48.872,24.092072,2025-02-04,24.0
13.108,23.768179,2025-02-05,24.0
25.508,26.199657,2025-02-06,24.0
23.811,26.355526,2025-02-07,24.0
28.068,26.097523,2025-02-08,24.0
25.384,25.30749,2025-02-09,24.0
17.656,24.781025,2025-02-10,24.0
29.984,25.202187,2025-02-11,24.0
4.92,25.351809,2025-02-12,24.0
25.528,26.586994,2025-02-13,24.0
29.58,25.228516,2025-02-14,24.0
19.258,24.2491,2025-02-15,24.0
10.2,24.347775,2025-02-16,24.0
13.892,24.433836,2025-02-17,24.0
17.76,23.351566,2025-02-18,24.0
5.76,21.705315,2025-02-19,24.0
39.32,20.018559,2025-02-20,24.0
22.148,18.436111,2025-02-21,24.0
11.932,19.82787,2025-02-22,24.0
25.452,21.760672,2025-02-23,24.0
17.136,21.555058,2025-02-24,24.0
27.424,22.001514,2025-02-25,24.0
10.776,22.613245,2025-02-26,24.0
30.2228,23.290644,2025-02-27,24.0
1.828,22.361996,2025-02-28,24.0
23.536,23.277336,2025-03-01,24.0
16.852,20.901989,2025-03-02,24.0
5.308,19.939823,2025-03-03,24.0
31.16,19.813448,2025-03-04,24.0
10.304,18.67731,2025-03-05,24.0
28.76,19.980482,2025-03-06,24.0
26.368,20.219759,2025-03-07,24.0
17.288,20.964266,2025-03-08,24.0
12.912,21.634518,2025-03-09,24.0
12.72,22.28556,2025-03-10,24.0
25.208,21.661884,2025-03-11,24.0
32.972,20.492523,2025-03-12,24.0
25.6,20.210602,2025-03-13,24.0
23.388,21.72276,2025-03-14,24.0
17.652,23.014881,2025-03-15,24.0
8.588,23.691843,2025-03-16,24.0
10.6,23.520563,2025-03-17,24.0
18.8228,21.838846,2025-03-18,24.0
11.008,20.129742,2025-03-19,24.0
17.0,20.008425,2025-03-20,24.0
17.56,19.486437,2025-03-21,24.0
24.02,19.08041,2025-03-22,24.0
12.24,19.07836,2025-03-23,24.0
20.868,19.171215,2025-03-24,24.0
8.12,18.664377,2025-03-25,24.0
22.104,19.035633,2025-03-26,24.0
19.028,18.243866,2025-03-27,24.0
37.76,18.441505,2025-03-28,24.0
17.188,18.611917,2025-03-29,24.0
13.62,21.41845,2025-03-30,24.0
6.928,22.344622,2025-03-31,24.0
27.411,21.288706,2025-04-01,24.0
23.88,19.011906,2025-04-02,24.0
25.248,18.600616,2025-04-03,24.0
14.711,19.605782,2025-04-04,24.0
10.748,21.063599,2025-04-05,24.0
5.748,21.43993,2025-04-06,24.0
13.12,19.600788,2025-04-07,24.0
16.052,17.58455,2025-04-08,24.0
10.98,16.715502,2025-04-09,24.0
21.54,16.854532,2025-04-10,24.0
10.48,16.479725,2025-04-11,24.0
7.14,17.032454,2025-04-12,24.0
10.16,17.056087,2025-04-13,24.0
19.008,15.175327,2025-04-14,24.0
18.312,13.643981,2025-04-15,24.0
17.7,13.9078455,2025-04-16,24.0
20.88,14.871611,2025-04-17,24.0
31.82,15.216783,2025-04-18,24.0
20.272,16.369778,2025-04-19,24.0
16.36,19.051975,2025-04-20,24.0
16.056,19.649805,2025-04-21,24.0
14.172,19.169157,2025-04-22,24.0
5.868,19.466438,2025-04-23,24.0
14.56,18.84473,2025-04-24,24.0
9.552,17.20313,2025-04-25,24.0
22.768,16.703001,2025-04-26,24.0
20.6628,15.77236,2025-04-27,24.0
9.308,15.402149,2025-04-28,24.0
10.532,17.057816,2025-04-29,24.0
20.536,18.190475,2025-04-30,24.0
20.492,17.20018,2025-05-01,24.0
37.5,16.304396,2025-05-02,24.0
11.11,16.219412,2025-05-03,24.0
10.72,18.639347,2025-05-04,24.0
25.112,19.182201,2025-05-05,24.0
14.24,18.018545,2025-05-06,24.0
20.28,18.436264,2025-05-07,24.0
29.208,18.272064,2025-05-08,24.0
24.72,17.921171,2025-05-09,24.0
18.288,19.205109,2025-05-10,24.0
18.7428,20.776577,2025-05-11,24.0
26.92,19.565788,2025-05-12,24.0
11.776,19.733795,2025-05-13,24.0
27.732,20.942705,2025-05-14,24.0
33.908,19.76136,2025-05-15,24.0
20.632,20.152353,2025-05-16,24.0
22.928,22.20891,2025-05-17,24.0
27.4628,22.703476,2025-05-18,24.0
17.48,22.112478,2025-05-19,24.0
25.428,23.36077,2025-05-20,24.0
22.12,22.949722,2025-05-21,24.0
21.18,22.149542,2025-05-22,24.0
18.02,21.386461,2025-05-23,24.0
22.452,21.033625,2025-05-24,24.0
21.258,20.170551,2025-05-25,24.0
16.42,20.295492,2025-05-26,24.0
28.512,20.872063,2025-05-27,24.0
21.856,21.436203,2025-05-28,24.0
29.92,22.479603,2025-05-29,24.0
14.664,22.121014,2025-05-30,24.0
20.32,21.819996,2025-05-31,24.0
10.448,20.232527,2025-06-01,24.0
13.568,19.094559,2025-06-02,24.0
12.984,17.909266,2025-06-03,24.0
29.548,16.560843,2025-06-04,24.0
32.26,15.895122,2025-06-05,24.0
26.84,17.97718,2025-06-06,24.0
16.68,20.983372,2025-06-07,24.0
25.26,22.070694,2025-06-08,24.0
23.308,20.862217,2025-06-09,24.0
17.6,20.70997,2025-06-10,24.0
25.56,21.35595,2025-06-11,24.0
18.28,20.696203,2025-06-12,24.0
13.492,20.492287,2025-06-13,24.0
12.76,19.625248,2025-06-14,24.0
7.86,18.050987,2025-06-15,24.0
17.378,16.602007,2025-06-16,24.0
10.78,7.7094917,2024-09-18,25.0
13.86,7.8097997,2024-09-19,25.0
6.96,8.11149,2024-09-20,25.0
13.49,8.475108,2024-09-21,25.0
7.61,8.3406105,2024-09-22,25.0
9.93,8.566734,2024-09-23,25.0
3.528,8.673857,2024-09-24,25.0
10.828,9.0684395,2024-09-25,25.0
13.03,9.065411,2024-09-26,25.0
12.59,9.211178,2024-09-27,25.0
11.8,9.245726,2024-09-28,25.0
10.61,9.540806,2024-09-29,25.0
12.37,9.650742,2024-09-30,25.0
9.79,10.504856,2024-10-01,25.0
10.928,12.195112,2024-10-02,25.0
10.01,13.396193,2024-10-03,25.0
11.08,14.342073,2024-10-04,25.0
10.9,13.253931,2024-10-05,25.0
14.13,12.627381,2024-10-06,25.0
13.51,11.993688,2024-10-07,25.0
10.56,12.744828,2024-10-08,25.0
17.32,13.292229,2024-10-09,25.0
9.47,12.935875,2024-10-10,25.0
13.77,12.874358,2024-10-11,25.0
10.1,12.339247,2024-10-12,25.0
10.39,12.160263,2024-10-13,25.0
10.59,11.744505,2024-10-14,25.0
10.528,12.165697,2024-10-15,25.0
10.228,12.581703,2024-10-16,25.0
13.12,12.74584,2024-10-17,25.0
19.32,12.677982,2024-10-18,25.0
11.85,12.741819,2024-10-19,25.0
18.97,13.266531,2024-10-20,25.0
17.37,12.970959,2024-10-21,25.0
13.09,13.783051,2024-10-22,25.0
21.73,14.77804,2024-10-23,25.0
12.53,15.19899,2024-10-24,25.0
19.89,15.998268,2024-10-25,25.0
18.45,15.60215,2024-10-26,25.0
17.25,15.811787,2024-10-27,25.0
11.59,15.598753,2024-10-28,25.0
21.27,16.100227,2024-10-29,25.0
21.64,16.28828,2024-10-30,25.0
22.19,16.896473,2024-10-31,25.0
21.64,17.701717,2024-11-01,25.0
17.06,18.730839,2024-11-02,25.0
21.8,19.36294,2024-11-03,25.0
18.52,19.663862,2024-11-04,25.0
19.9,20.192833,2024-11-05,25.0
21.58,20.390314,2024-11-06,25.0
13.43,20.032955,2024-11-07,25.0
22.05,20.24762,2024-11-08,25.0
19.22,19.31649,2024-11-09,25.0
17.81,19.32521,2024-11-10,25.0
26.81,19.508516,2024-11-11,25.0
21.25,20.019197,2024-11-12,25.0
21.61,21.479767,2024-11-13,25.0
18.59,21.866924,2024-11-14,25.0
17.57,21.486404,2024-11-15,25.0
25.8,20.367008,2024-11-16,25.0
12.73,19.83588,2024-11-17,25.0
20.75,20.292728,2024-11-18,25.0
24.71,20.05325,2024-11-19,25.0
19.728,21.184912,2024-11-20,25.0
21.12,22.679585,2024-11-21,25.0
17.618887,22.49804,2024-11-22,25.0
17.69668,22.418476,2024-11-23,25.0
17.66786,21.233961,2024-11-24,25.0
16.836596,20.396374,2024-11-25,25.0
16.753767,20.428843,2024-11-26,25.0
18.432762,19.947153,2024-11-27,25.0
17.28628,20.274166,2024-11-28,25.0
17.890724,20.807987,2024-11-29,25.0
25.286,19.525257,2024-11-30,25.0
37.79,18.56107,2024-12-01,25.0
27.08,19.330093,2024-12-02,25.0
29.77,22.768076,2024-12-03,25.0
27.74,24.238197,2024-12-04,25.0
27.22,25.81134,2024-12-05,25.0
33.93,26.78682,2024-12-06,25.0
32.63,25.406023,2024-12-07,25.0
28.82,25.351643,2024-12-08,25.0
26.728,26.266602,2024-12-09,25.0
35.29,28.87753,2024-12-10,25.0
35.46,29.170818,2024-12-11,25.0
26.23,28.86483,2024-12-12,25.0
30.25,28.629208,2024-12-13,25.0
27.73,28.405914,2024-12-14,25.0
30.72,29.091864,2024-12-15,25.0
32.9,30.144045,2024-12-16,25.0
30.25,31.559546,2024-12-17,25.0
29.76,33.4061,2024-12-18,25.0
26.77,34.774105,2024-12-19,25.0
28.198,33.375824,2024-12-20,25.0
27.0228,31.089676,2024-12-21,25.0
26.328,30.240221,2024-12-22,25.0
28.488,30.983948,2024-12-23,25.0
30.1428,30.913975,2024-12-24,25.0
27.988,30.837145,2024-12-25,25.0
31.16,29.273197,2024-12-26,25.0
25.96,27.519276,2024-12-27,25.0
23.652,26.318546,2024-12-28,25.0
26.0,26.126923,2024-12-29,25.0
35.188,27.548492,2024-12-30,25.0
31.652,28.924065,2024-12-31,25.0
22.96,32.057907,2025-01-01,25.0
25.628,32.306248,2025-01-02,25.0
28.38,30.152775,2025-01-03,25.0
23.92,29.004189,2025-01-04,25.0
26.08,28.44963,2025-01-05,25.0
36.7,27.570637,2025-01-06,25.0
30.58,27.302742,2025-01-07,25.0
32.102,29.133821,2025-01-08,25.0
35.788,30.022106,2025-01-09,25.0
23.732,30.693535,2025-01-10,25.0
25.36,31.648388,2025-01-11,25.0
36.296,30.612965,2025-01-12,25.0
24.232,29.155289,2025-01-13,25.0
26.84,30.726215,2025-01-14,25.0
23.432,31.190151,2025-01-15,25.0
26.228,30.731966,2025-01-16,25.0
22.12,29.544937,2025-01-17,25.0
28.948,28.17,2025-01-18,25.0
23.744,27.45715,2025-01-19,25.0
31.128,28.104418,2025-01-20,25.0
16.82,28.077879,2025-01-21,25.0
19.932,29.173134,2025-01-22,25.0
11.488,26.879412,2025-01-23,25.0
20.528,25.403364,2025-01-24,25.0
14.928,23.658207,2025-01-25,25.0
17.311,22.539051,2025-01-26,25.0
19.448,21.370848,2025-01-27,25.0
21.9,21.781082,2025-01-28,25.0
11.2,22.894089,2025-01-29,25.0
17.928,22.998695,2025-01-30,25.0
11.808,21.92099,2025-01-31,25.0
18.28,21.066746,2025-02-01,25.0
20.872,18.83701,2025-02-02,25.0
20.168,17.498867,2025-02-03,25.0
20.192,18.243431,2025-02-04,25.0
20.848,20.079533,2025-02-05,25.0
17.552,21.41537,2025-02-06,25.0
23.6,21.75317,2025-02-07,25.0
21.028,20.798512,2025-02-08,25.0
23.168,20.101995,2025-02-09,25.0
13.372,19.352884,2025-02-10,25.0
17.0,20.316406,2025-02-11,25.0
22.508,20.434168,2025-02-12,25.0
11.0,20.371075,2025-02-13,25.0
19.911,20.984142,2025-02-14,25.0
17.78,19.874191,2025-02-15,25.0
18.828,19.057564,2025-02-16,25.0
17.96,18.944895,2025-02-17,25.0
11.4228,18.926289,2025-02-18,25.0
22.468,18.60855,2025-02-19,25.0
20.548,17.523563,2025-02-20,25.0
17.8228,17.5551,2025-02-21,25.0
27.208,17.778769,2025-02-22,25.0
23.648,18.112465,2025-02-23,25.0
21.5828,19.569252,2025-02-24,25.0
14.088,21.144402,2025-02-25,25.0
21.328,22.509502,2025-02-26,25.0
17.028,21.617298,2025-02-27,25.0
10.784,20.771576,2025-02-28,25.0
29.08,19.933556,2025-03-01,25.0
10.6,18.645145,2025-03-02,25.0
33.988,19.061703,2025-03-03,25.0
8.228,19.074236,2025-03-04,25.0
31.672,21.241123,2025-03-05,25.0
19.032,20.756641,2025-03-06,25.0
16.828,21.959272,2025-03-07,25.0
9.78,21.34071,2025-03-08,25.0
26.18,20.043259,2025-03-09,25.0
14.708,19.221947,2025-03-10,25.0
19.08,19.967237,2025-03-11,25.0
16.211,19.93778,2025-03-12,25.0
10.028,19.920788,2025-03-13,25.0
19.8,20.176516,2025-03-14,25.0
13.052,18.83715,2025-03-15,25.0
11.12,17.688524,2025-03-16,25.0
11.308,17.2505,2025-03-17,25.0
6.78,16.764307,2025-03-18,25.0
26.26,16.360031,2025-03-19,25.0
16.74,15.1480255,2025-03-20,25.0
18.752,15.9292145,2025-03-21,25.0
9.808,16.15543,2025-03-22,25.0
22.4,16.185547,2025-03-23,25.0
18.82,14.825333,2025-03-24,25.0
17.628,15.688535,2025-03-25,25.0
12.011,16.88126,2025-03-26,25.0
12.0,17.87769,2025-03-27,25.0
22.92,17.765202,2025-03-28,25.0
14.668,16.512745,2025-03-29,25.0
14.22,16.53115,2025-03-30,25.0
11.128,16.226364,2025-03-31,25.0
11.311,15.850235,2025-04-01,25.0
20.58,15.378235,2025-04-02,25.0
17.88,14.383503,2025-04-03,25.0
11.7,14.726441,2025-04-04,25.0
8.272,15.277125,2025-04-05,25.0
14.2,14.737154,2025-04-06,25.0
21.948,13.468111,2025-04-07,25.0
12.82,13.505852,2025-04-08,25.0
14.42,14.681618,2025-04-09,25.0
18.508,15.06798,2025-04-10,25.0
20.104,15.115868,2025-04-11,25.0
12.488,15.290936,2025-04-12,25.0
11.94,15.892097,2025-04-13,25.0
21.292,15.173254,2025-04-14,25.0
19.268,14.454332,2025-04-15,25.0
18.252,14.962761,2025-04-16,25.0
20.258,15.479169,2025-04-17,25.0
18.88,15.271236,2025-04-18,25.0
19.532,15.469114,2025-04-19,25.0
17.72,15.793228,2025-04-20,25.0
11.72,16.068527,2025-04-21,25.0
11.728,16.436771,2025-04-22,25.0
10.42,16.966206,2025-04-23,25.0
18.452,16.597834,2025-04-24,25.0
17.628,15.692188,2025-04-25,25.0
11.748,15.37239,2025-04-26,25.0
19.672,14.917719,2025-04-27,25.0
17.328,13.945205,2025-04-28,25.0
18.772,14.991653,2025-04-29,25.0
10.788,17.058361,2025-04-30,25.0
9.48,17.714062,2025-05-01,25.0
19.072,16.01535,2025-05-02,25.0
16.711,14.220916,2025-05-03,25.0
11.96,13.337751,2025-05-04,25.0
16.548,13.22777,2025-05-05,25.0
11.64,13.39373,2025-05-06,25.0
17.028,14.246378,2025-05-07,25.0
17.711,14.403921,2025-05-08,25.0
16.528,14.080278,2025-05-09,25.0
16.304,13.714989,2025-05-10,25.0
9.688,13.105812,2025-05-11,25.0
17.3,12.61235,2025-05-12,25.0
9.92,12.844648,2025-05-13,25.0
11.52,13.358168,2025-05-14,25.0
16.228,13.0900135,2025-05-15,25.0
11.1428,12.775414,2025-05-16,25.0
8.248,12.348572,2025-05-17,25.0
17.592,11.812389,2025-05-18,25.0
12.888,10.453238,2025-05-19,25.0
11.08,11.398291,2025-05-20,25.0
9.192,12.2593,2025-05-21,25.0
17.288,12.161373,2025-05-22,25.0
14.272,11.005966,2025-05-23,25.0
9.52,10.56823,2025-05-24,25.0
10.548,10.106316,2025-05-25,25.0
17.28,10.038571,2025-05-26,25.0
8.9,10.431032,2025-05-27,25.0
10.448,12.4626465,2025-05-28,25.0
13.772,12.385992,2025-05-29,25.0
13.708,11.442699,2025-05-30,25.0
10.132,10.487207,2025-05-31,25.0
9.258,10.068549,2025-06-01,25.0
8.9028,9.565241,2025-06-02,25.0
12.588,9.627008,2025-06-03,25.0
12.68,9.4375725,2025-06-04,25.0
10.588,9.808875,2025-06-05,25.0
16.252,10.459849,2025-06-06,25.0
10.732,9.92313,2025-06-07,25.0
16.136,9.766983,2025-06-08,25.0
10.552,9.303951,2025-06-09,25.0
10.12,10.351841,2025-06-10,25.0
9.7,11.219402,2025-06-11,25.0
10.42,11.467995,2025-06-12,25.0
6.568,10.554027,2025-06-13,25.0
7.1828,9.267759,2025-06-14,25.0
5.736,8.251506,2025-06-15,25.0
9.728,7.9503903,2025-06-16,25.0
18.71,14.152205,2024-09-18,26.0
11.83,13.198856,2024-09-19,26.0
24.83,13.363102,2024-09-20,26.0
29.18,13.022426,2024-09-21,26.0
13.6,14.3525505,2024-09-22,26.0
12.1,16.699318,2024-09-23,26.0
16.27,16.279001,2024-09-24,26.0
18.91,15.008789,2024-09-25,26.0
21.84,14.744381,2024-09-26,26.0
11.42,14.415989,2024-09-27,26.0
21.26,14.767693,2024-09-28,26.0
22.09,14.891739,2024-09-29,26.0
14.08,15.498169,2024-09-30,26.0
19.48,16.724743,2024-10-01,26.0
17.92,16.528313,2024-10-02,26.0
21.21,16.628597,2024-10-03,26.0
11.928,16.893116,2024-10-04,26.0
18.708,16.643837,2024-10-05,26.0
13.032,16.088514,2024-10-06,26.0
22.112,15.721256,2024-10-07,26.0
19.988,15.509786,2024-10-08,26.0
26.08,15.826401,2024-10-09,26.0
17.8,15.872221,2024-10-10,26.0
21.72,16.494379,2024-10-11,26.0
27.18,16.724752,2024-10-12,26.0
24.028,17.156738,2024-10-13,26.0
24.768,17.748997,2024-10-14,26.0
27.584,18.893902,2024-10-15,26.0
19.228,20.042772,2024-10-16,26.0
21.052,21.064043,2024-10-17,26.0
19.708,21.108433,2024-10-18,26.0
13.42,20.940567,2024-10-19,26.0
21.888,20.56921,2024-10-20,26.0
2.56,18.853687,2024-10-21,26.0
25.952,18.201647,2024-10-22,26.0
10.728,16.090317,2024-10-23,26.0
14.6628,16.63153,2024-10-24,26.0
17.288,16.099918,2024-10-25,26.0
21.18,15.50827,2024-10-26,26.0
24.772,15.226246,2024-10-27,26.0
18.548,14.589148,2024-10-28,26.0
17.948,15.096453,2024-10-29,26.0
20.552,15.568917,2024-10-30,26.0
11.04,14.987362,2024-10-31,26.0
24.808,15.295591,2024-11-01,26.0
4.8628,15.345478,2024-11-02,26.0
4.208,16.476511,2024-11-03,26.0
19.808,15.6283455,2024-11-04,26.0
16.952,14.122614,2024-11-05,26.0
7.208,13.8969,2024-11-06,26.0
16.112,13.970843,2024-11-07,26.0
26.728,12.923295,2024-11-08,26.0
19.34,13.2221985,2024-11-09,26.0
20.14,15.144346,2024-11-10,26.0
11.668,15.900229,2024-11-11,26.0
16.4,15.967363,2024-11-12,26.0
19.872,15.256429,2024-11-13,26.0
8.66,14.809059,2024-11-14,26.0
11.372,14.914022,2024-11-15,26.0
11.988,14.459185,2024-11-16,26.0
18.46,14.772266,2024-11-17,26.0
11.432,14.200959,2024-11-18,26.0
4.96,14.304794,2024-11-19,26.0
23.128,14.691639,2024-11-20,26.0
22.74,13.511545,2024-11-21,26.0
23.692,13.587588,2024-11-22,26.0
13.941689,15.145909,2024-11-23,26.0
11.3126955,16.901741,2024-11-24,26.0
12.809107,17.027092,2024-11-25,26.0
10.566586,16.61588,2024-11-26,26.0
13.891131,15.008265,2024-11-27,26.0
13.818224,14.548135,2024-11-28,26.0
14.55795,15.001503,2024-11-29,26.0
14.352,14.6225395,2024-11-30,26.0
35.808,14.684834,2024-12-01,26.0
18.472,13.78779,2024-12-02,26.0
19.8,16.589712,2024-12-03,26.0
25.368,17.09348,2024-12-04,26.0
2.24,17.896431,2024-12-05,26.0
22.25,18.738094,2024-12-06,26.0
17.172,16.307224,2024-12-07,26.0
24.12,16.27932,2024-12-08,26.0
19.988,15.661325,2024-12-09,26.0
19.532,17.232132,2024-12-10,26.0
23.028,18.226355,2024-12-11,26.0
16.212,18.048985,2024-12-12,26.0
22.9028,17.75287,2024-12-13,26.0
16.288,17.914143,2024-12-14,26.0
21.288,19.327522,2024-12-15,26.0
14.64,19.058125,2024-12-16,26.0
24.132,19.228895,2024-12-17,26.0
16.528,19.921,2024-12-18,26.0
18.64,21.649998,2024-12-19,26.0
21.7,21.022987,2024-12-20,26.0
14.38,20.126293,2024-12-21,26.0
9.102,21.038546,2024-12-22,26.0
23.548,21.557934,2024-12-23,26.0
7.32,19.9152,2024-12-24,26.0
36.2,19.99242,2024-12-25,26.0
24.18,18.082497,2024-12-26,26.0
26.18,18.498363,2024-12-27,26.0
16.82,19.406723,2024-12-28,26.0
24.7,21.578358,2024-12-29,26.0
5.7,22.342506,2024-12-30,26.0
7.208,23.076477,2024-12-31,26.0
32.072,21.888056,2025-01-01,26.0
26.64,18.443138,2025-01-02,26.0
19.38,18.44749,2025-01-03,26.0
25.028,19.931332,2025-01-04,26.0
23.52,20.776636,2025-01-05,26.0
30.832,20.632347,2025-01-06,26.0
16.48,20.323627,2025-01-07,26.0
22.4,20.877422,2025-01-08,26.0
25.272,20.39667,2025-01-09,26.0
23.36,20.859158,2025-01-10,26.0
26.808,22.371876,2025-01-11,26.0
31.06,23.2661,2025-01-12,26.0
26.128,23.440308,2025-01-13,26.0
25.248,24.266212,2025-01-14,26.0
23.464,23.667507,2025-01-15,26.0
21.0,22.907356,2025-01-16,26.0
25.92,22.556091,2025-01-17,26.0
18.188,22.113258,2025-01-18,26.0
12.11,22.846529,2025-01-19,26.0
17.508,22.900352,2025-01-20,26.0
16.2628,21.861868,2025-01-21,26.0
13.648,21.948969,2025-01-22,26.0
32.98,19.595087,2025-01-23,26.0
24.692,18.3083,2025-01-24,26.0
25.388,20.006927,2025-01-25,26.0
26.528,21.302876,2025-01-26,26.0
25.34,21.60311,2025-01-27,26.0
22.56,22.079567,2025-01-28,26.0
20.08,22.15329,2025-01-29,26.0
12.588,21.604431,2025-01-30,26.0
1.8,21.640749,2025-01-31,26.0
25.392,20.602467,2025-02-01,26.0
19.48,18.009796,2025-02-02,26.0
21.552,16.987007,2025-02-03,26.0
22.376,17.524204,2025-02-04,26.0
21.8628,18.628143,2025-02-05,26.0
12.76,19.571611,2025-02-06,26.0
20.988,19.790241,2025-02-07,26.0
27.772,19.054054,2025-02-08,26.0
14.176,18.2557,2025-02-09,26.0
28.352,18.210289,2025-02-10,26.0
27.568,18.250622,2025-02-11,26.0
20.792,19.555927,2025-02-12,26.0
23.872,20.982948,2025-02-13,26.0
25.216,21.796354,2025-02-14,26.0
7.092,21.594004,2025-02-15,26.0
36.532,21.627674,2025-02-16,26.0
6.368,19.423973,2025-02-17,26.0
9.28,19.81831,2025-02-18,26.0
9.752,18.894909,2025-02-19,26.0
18.256,16.639008,2025-02-20,26.0
14.1828,15.251291,2025-02-21,26.0
23.588,14.826796,2025-02-22,26.0
29.668,14.538405,2025-02-23,26.0
2.2,15.939249,2025-02-24,26.0
2.104,17.608997,2025-02-25,26.0
19.008,16.658955,2025-02-26,26.0
30.848,14.3675,2025-02-27,26.0
7.492,13.670326,2025-02-28,26.0
33.052,15.2295475,2025-03-01,26.0
5.208,15.379405,2025-03-02,26.0
23.52,16.521992,2025-03-03,26.0
17.52,15.491952,2025-03-04,26.0
13.112,15.683233,2025-03-05,26.0
14.456,15.280916,2025-03-06,26.0
11.1828,15.490458,2025-03-07,26.0
7.24,15.260544,2025-03-08,26.0
27.308,15.005256,2025-03-09,26.0
20.78,13.46595,2025-03-10,26.0
2.68,15.174076,2025-03-11,26.0
25.528,16.57645,2025-03-12,26.0
10.832,14.913,2025-03-13,26.0
12.568,15.26627,2025-03-14,26.0
3.211,14.479942,2025-03-15,26.0
14.76,13.769831,2025-03-16,26.0
13.308,12.938875,2025-03-17,26.0
9.28,12.279342,2025-03-18,26.0
22.552,11.942123,2025-03-19,26.0
14.86,12.293171,2025-03-20,26.0
12.932,13.027477,2025-03-21,26.0
13.308,13.538221,2025-03-22,26.0
10.372,13.362375,2025-03-23,26.0
10.76,12.296228,2025-03-24,26.0
2.228,11.815186,2025-03-25,26.0
10.908,11.724775,2025-03-26,26.0
4.92,10.937464,2025-03-27,26.0
18.48,10.439236,2025-03-28,26.0
16.104,9.83819,2025-03-29,26.0
3.568,10.773397,2025-03-30,26.0
12.28,11.29043,2025-03-31,26.0
22.688,10.046967,2025-04-01,26.0
9.36,9.549594,2025-04-02,26.0
10.64,9.802744,2025-04-03,26.0
13.102,10.019569,2025-04-04,26.0
16.02,10.371443,2025-04-05,26.0
11.38,10.652368,2025-04-06,26.0
10.76,10.715385,2025-04-07,26.0
13.828,10.971141,2025-04-08,26.0
14.2,11.080939,2025-04-09,26.0
9.1,10.825428,2025-04-10,26.0
16.172,10.877296,2025-04-11,26.0
10.528,10.632763,2025-04-12,26.0
13.888,11.635529,2025-04-13,26.0
3.711,11.375324,2025-04-14,26.0
14.688,10.821564,2025-04-15,26.0
10.704,9.912867,2025-04-16,26.0
13.168,10.064852,2025-04-17,26.0
20.008,9.804949,2025-04-18,26.0
3.132,9.952543,2025-04-19,26.0
10.46,11.162142,2025-04-20,26.0
12.632,10.461281,2025-04-21,26.0
6.92,9.78234,2025-04-22,26.0
14.868,9.836256,2025-04-23,26.0
13.388,9.441951,2025-04-24,26.0
14.44,10.087238,2025-04-25,26.0
14.792,10.910749,2025-04-26,26.0
14.28,11.3555355,2025-04-27,26.0
16.0,10.458376,2025-04-28,26.0
6.288,10.573309,2025-04-29,26.0
14.692,12.278566,2025-04-30,26.0
8.988,12.008554,2025-05-01,26.0
14.711,11.715366,2025-05-02,26.0
7.84,11.061446,2025-05-03,26.0
20.008,11.219267,2025-05-04,26.0
17.732,10.592859,2025-05-05,26.0
12.76,11.212933,2025-05-06,26.0
14.26,11.949064,2025-05-07,26.0
12.428,12.205826,2025-05-08,26.0
11.12,11.7000675,2025-05-09,26.0
7.528,11.396294,2025-05-10,26.0
13.188,10.705554,2025-05-11,26.0
9.132,9.435188,2025-05-12,26.0
10.652,9.933285,2025-05-13,26.0
14.456,9.607155,2025-05-14,26.0
10.7028,9.596114,2025-05-15,26.0
5.412,10.004061,2025-05-16,26.0
7.292,9.835779,2025-05-17,26.0
13.188,9.285824,2025-05-18,26.0
6.92,7.9791703,2025-05-19,26.0
13.624,8.656008,2025-05-20,26.0
18.908,8.695777,2025-05-21,26.0
10.928,8.932907,2025-05-22,26.0
7.792,9.419914,2025-05-23,26.0
16.616,9.245194,2025-05-24,26.0
9.592,8.909554,2025-05-25,26.0
11.48,9.461619,2025-05-26,26.0
9.52,9.099753,2025-05-27,26.0
9.76,9.866634,2025-05-28,26.0
13.6,9.707968,2025-05-29,26.0
9.42,9.04448,2025-05-30,26.0
7.108,8.947317,2025-05-31,26.0
6.76,9.194521,2025-06-01,26.0
18.412,8.643879,2025-06-02,26.0
10.9,8.052001,2025-06-03,26.0
13.88,8.597947,2025-06-04,26.0
20.192,9.15439,2025-06-05,26.0
10.148,10.136267,2025-06-06,26.0
7.692,11.080584,2025-06-07,26.0
12.448,10.792125,2025-06-08,26.0
10.208,9.8944645,2025-06-09,26.0
11.332,10.015771,2025-06-10,26.0
9.62,10.262195,2025-06-11,26.0
17.3,10.443101,2025-06-12,26.0
6.24,9.928814,2025-06-13,26.0
8.532,9.876354,2025-06-14,26.0
6.908,9.388465,2025-06-15,26.0
7.0,8.895557,2025-06-16,26.0
11.1,12.013998,2024-09-18,27.0
17.272,11.722087,2024-09-19,27.0
18.08,11.609155,2024-09-20,27.0
20.36,11.819918,2024-09-21,27.0
10.0,12.541844,2024-09-22,27.0
8.248,13.930532,2024-09-23,27.0
9.28,14.048103,2024-09-24,27.0
11.528,13.526971,2024-09-25,27.0
21.948,13.219992,2024-09-26,27.0
18.28,12.693459,2024-09-27,27.0
16.472,13.089327,2024-09-28,27.0
11.28,13.969185,2024-09-29,27.0
17.78,14.828888,2024-09-30,27.0
13.62,15.182718,2024-10-01,27.0
13.592,15.523451,2024-10-02,27.0
16.768,15.443428,2024-10-03,27.0
13.2,15.302577,2024-10-04,27.0
18.832,14.764203,2024-10-05,27.0
20.568,14.758148,2024-10-06,27.0
18.128,15.502739,2024-10-07,27.0
13.32,17.303747,2024-10-08,27.0
16.472,18.126064,2024-10-09,27.0
13.98,17.295647,2024-10-10,27.0
11.308,16.217545,2024-10-11,27.0
11.2,15.393541,2024-10-12,27.0
19.352,14.601914,2024-10-13,27.0
18.448,14.059631,2024-10-14,27.0
16.52,15.2691555,2024-10-15,27.0
25.36,16.671255,2024-10-16,27.0
14.132,17.043467,2024-10-17,27.0
17.211,18.147074,2024-10-18,27.0
10.576,17.768314,2024-10-19,27.0
13.952,16.986902,2024-10-20,27.0
9.592,15.727885,2024-10-21,27.0
9.136,15.309127,2024-10-22,27.0
26.952,14.819944,2024-10-23,27.0
13.311,14.586235,2024-10-24,27.0
10.088,16.244091,2024-10-25,27.0
21.46,16.309608,2024-10-26,27.0
18.692,15.45458,2024-10-27,27.0
13.848,15.020032,2024-10-28,27.0
11.832,15.536976,2024-10-29,27.0
28.258,15.818903,2024-10-30,27.0
20.108,14.566326,2024-10-31,27.0
14.5028,15.682932,2024-11-01,27.0
19.412,16.808378,2024-11-02,27.0
19.472,17.120125,2024-11-03,27.0
17.928,18.237732,2024-11-04,27.0
10.052,19.224186,2024-11-05,27.0
26.428,19.460155,2024-11-06,27.0
20.384,18.161478,2024-11-07,27.0
11.808,18.713219,2024-11-08,27.0
23.032,19.114208,2024-11-09,27.0
13.428,18.598309,2024-11-10,27.0
21.258,19.2113,2024-11-11,27.0
14.864,18.99218,2024-11-12,27.0
20.668,19.293839,2024-11-13,27.0
23.32,18.747684,2024-11-14,27.0
11.18,18.745903,2024-11-15,27.0
19.792,18.96172,2024-11-16,27.0
20.8,18.355495,2024-11-17,27.0
16.376,18.277071,2024-11-18,27.0
11.744,18.91153,2024-11-19,27.0
16.136,20.010029,2024-11-20,27.0
20.672,19.20575,2024-11-21,27.0
20.9,18.269676,2024-11-22,27.0
17.539555,18.543373,2024-11-23,27.0
19.628311,18.70609,2024-11-24,27.0
16.30217,19.17009,2024-11-25,27.0
11.592836,20.229149,2024-11-26,27.0
21.3658,19.513351,2024-11-27,27.0
19.696907,18.810398,2024-11-28,27.0
17.172537,19.2485,2024-11-29,27.0
22.4492,18.54049,2024-11-30,27.0
30.568,18.170197,2024-12-01,27.0
32.832,18.116116,2024-12-02,27.0
22.928,20.933813,2024-12-03,27.0
38.768,23.188858,2024-12-04,27.0
26.772,24.378948,2024-12-05,27.0
18.932,26.25534,2024-12-06,27.0
31.168,25.392744,2024-12-07,27.0
29.48,24.187115,2024-12-08,27.0
20.272,23.38293,2024-12-09,27.0
21.088,25.626612,2024-12-10,27.0
41.26,26.191826,2024-12-11,27.0
17.42,24.820751,2024-12-12,27.0
24.58,25.665909,2024-12-13,27.0
19.788,25.472672,2024-12-14,27.0
44.132,25.334763,2024-12-15,27.0
23.18,25.07256,2024-12-16,27.0
22.392,27.813,2024-12-17,27.0
31.816,29.424612,2024-12-18,27.0
18.36,30.041565,2024-12-19,27.0
30.692,29.722973,2024-12-20,27.0
22.0,27.032732,2024-12-21,27.0
38.16,26.730362,2024-12-22,27.0
20.468,28.32322,2024-12-23,27.0
24.992,30.846493,2024-12-24,27.0
42.928,30.719114,2024-12-25,27.0
16.192,28.43589,2024-12-26,27.0
18.1,27.79873,2024-12-27,27.0
20.74,25.563168,2024-12-28,27.0
33.848,24.503252,2024-12-29,27.0
19.211,25.181723,2024-12-30,27.0
17.08,27.981207,2024-12-31,27.0
33.932,28.976673,2025-01-01,27.0
25.248,26.432388,2025-01-02,27.0
19.288,25.932219,2025-01-03,27.0
32.96,25.478073,2025-01-04,27.0
31.272,24.516897,2025-01-05,27.0
17.688,24.925703,2025-01-06,27.0
18.68,26.269257,2025-01-07,27.0
36.48,25.774357,2025-01-08,27.0
18.744,24.36507,2025-01-09,27.0
27.428,25.518394,2025-01-10,27.0
19.928,25.631035,2025-01-11,27.0
24.688,25.50908,2025-01-12,27.0
22.064,25.20478,2025-01-13,27.0
14.028,25.64061,2025-01-14,27.0
35.452,24.343311,2025-01-15,27.0
18.812,22.95406,2025-01-16,27.0
27.092,23.452114,2025-01-17,27.0
23.26,23.001692,2025-01-18,27.0
28.14,23.533792,2025-01-19,27.0
14.988,24.064856,2025-01-20,27.0
16.752,24.966785,2025-01-21,27.0
26.28,25.26233,2025-01-22,27.0
13.872,22.842468,2025-01-23,27.0
14.936,22.796711,2025-01-24,27.0
21.5028,22.131866,2025-01-25,27.0
24.576,21.103823,2025-01-26,27.0
11.352,20.952404,2025-01-27,27.0
13.552,22.25951,2025-01-28,27.0
33.28,22.019722,2025-01-29,27.0
12.92,20.57928,2025-01-30,27.0
13.16,21.303474,2025-01-31,27.0
12.788,20.23705,2025-02-01,27.0
23.252,18.348396,2025-02-02,27.0
11.148,16.927584,2025-02-03,27.0
13.011,17.915405,2025-02-04,27.0
25.288,18.245995,2025-02-05,27.0
12.52,18.539248,2025-02-06,27.0
11.64,19.216923,2025-02-07,27.0
23.472,18.48413,2025-02-08,27.0
25.868,16.926697,2025-02-09,27.0
10.58,16.710247,2025-02-10,27.0
12.02,18.485859,2025-02-11,27.0
25.612,18.766533,2025-02-12,27.0
14.258,18.029049,2025-02-13,27.0
10.188,18.972792,2025-02-14,27.0
19.012,18.191502,2025-02-15,27.0
20.908,16.799427,2025-02-16,27.0
19.028,16.64435,2025-02-17,27.0
8.984,17.116173,2025-02-18,27.0
25.6,17.501217,2025-02-19,27.0
12.496,16.150156,2025-02-20,27.0
10.352,16.651474,2025-02-21,27.0
18.28,16.2634,2025-02-22,27.0
26.98,15.6826315,2025-02-23,27.0
27.56,16.03299,2025-02-24,27.0
14.32,17.961262,2025-02-25,27.0
31.748,20.814728,2025-02-26,27.0
18.784,20.844515,2025-02-27,27.0
10.488,21.294975,2025-02-28,27.0
16.208,21.13982,2025-03-01,27.0
24.024,18.956385,2025-03-02,27.0
11.976,17.703163,2025-03-03,27.0
17.452,18.362507,2025-03-04,27.0
26.132,18.630192,2025-03-05,27.0
3.708,18.519554,2025-03-06,27.0
5.932,19.791079,2025-03-07,27.0
11.568,18.261375,2025-03-08,27.0
13.96,16.06236,2025-03-09,27.0
8.72,15.204628,2025-03-10,27.0
17.56,15.216599,2025-03-11,27.0
11.028,14.744757,2025-03-12,27.0
6.18,14.022748,2025-03-13,27.0
13.12,14.060909,2025-03-14,27.0
8.82,12.982256,2025-03-15,27.0
13.08,12.502206,2025-03-16,27.0
5.1,12.210907,2025-03-17,27.0
8.92,11.90313,2025-03-18,27.0
17.22,11.412458,2025-03-19,27.0
10.032,11.095286,2025-03-20,27.0
10.52,11.762087,2025-03-21,27.0
21.928,11.688509,2025-03-22,27.0
9.28,11.451176,2025-03-23,27.0
10.232,12.010509,2025-03-24,27.0
8.08,12.273289,2025-03-25,27.0
22.568,12.514437,2025-03-26,27.0
8.711,12.592841,2025-03-27,27.0
16.328,13.48118,2025-03-28,27.0
13.048,13.014453,2025-03-29,27.0
16.104,13.4601755,2025-03-30,27.0
10.258,13.525206,2025-03-31,27.0
13.028,13.724224,2025-04-01,27.0
13.652,13.41498,2025-04-02,27.0
7.788,12.831968,2025-04-03,27.0
8.12,12.957942,2025-04-04,27.0
8.911,12.5342655,2025-04-05,27.0
13.64,11.562823,2025-04-06,27.0
9.52,10.937855,2025-04-07,27.0
9.66,11.416104,2025-04-08,27.0
14.972,11.761304,2025-04-09,27.0
8.776,11.54908,2025-04-10,27.0
9.811,11.789624,2025-04-11,27.0
16.0,11.461197,2025-04-12,27.0
8.972,11.577957,2025-04-13,27.0
3.868,11.920849,2025-04-14,27.0
4.012,11.577007,2025-04-15,27.0
16.256,10.894764,2025-04-16,27.0
7.952,10.013113,2025-04-17,27.0
13.672,10.006588,2025-04-18,27.0
11.28,9.769555,2025-04-19,27.0
8.976,10.25325,2025-04-20,27.0
8.6,10.571362,2025-04-21,27.0
9.572,10.757374,2025-04-22,27.0
18.72,10.902682,2025-04-23,27.0
7.128,10.999157,2025-04-24,27.0
8.968,12.15514,2025-04-25,27.0
17.16,12.024538,2025-04-26,27.0
9.592,11.372273,2025-04-27,27.0
10.48,10.969435,2025-04-28,27.0
16.96,11.487536,2025-04-29,27.0
11.08,12.979874,2025-04-30,27.0
11.8,14.085831,2025-05-01,27.0
11.06,13.822934,2025-05-02,27.0
18.66,12.684822,2025-05-03,27.0
12.14,11.744186,2025-05-04,27.0
8.96,12.177872,2025-05-05,27.0
8.6,12.695321,2025-05-06,27.0
17.08,12.764415,2025-05-07,27.0
10.78,12.5676,2025-05-08,27.0
10.68,12.469873,2025-05-09,27.0
11.608,11.954384,2025-05-10,27.0
17.96,11.184435,2025-05-11,27.0
13.592,10.536608,2025-05-12,27.0
13.072,12.109332,2025-05-13,27.0
17.788,12.814323,2025-05-14,27.0
14.932,13.261413,2025-05-15,27.0
11.28,13.889657,2025-05-16,27.0
11.696,13.551994,2025-05-17,27.0
11.584,12.935477,2025-05-18,27.0
11.648,12.198814,2025-05-19,27.0
13.448,12.890998,2025-05-20,27.0
20.652,13.465126,2025-05-21,27.0
11.42,13.602171,2025-05-22,27.0
16.22,14.018137,2025-05-23,27.0
19.252,13.14104,2025-05-24,27.0
19.108,12.764,2025-05-25,27.0
17.3,13.58268,2025-05-26,27.0
16.76,14.559292,2025-05-27,27.0
20.128,16.32545,2025-05-28,27.0
22.592,16.74729,2025-05-29,27.0
14.648,16.658749,2025-05-30,27.0
19.28,16.303635,2025-05-31,27.0
10.56,15.867188,2025-06-01,27.0
18.072,16.085445,2025-06-02,27.0
22.008,15.781577,2025-06-03,27.0
20.72,15.883738,2025-06-04,27.0
21.12,16.82791,2025-06-05,27.0
18.0,17.740873,2025-06-06,27.0
18.2,17.795677,2025-06-07,27.0
16.172,17.078094,2025-06-08,27.0
16.62,16.780994,2025-06-09,27.0
17.66,16.85315,2025-06-10,27.0
17.98,17.482391,2025-06-11,27.0
11.96,17.891613,2025-06-12,27.0
10.72,17.16803,2025-06-13,27.0
10.512,15.448845,2025-06-14,27.0
9.928,13.956036,2025-06-15,27.0
17.256,13.259027,2025-06-16,27.0
19.612,11.434456,2024-09-18,28.0
12.258,11.148559,2024-09-19,28.0
8.544,12.106916,2024-09-20,28.0
22.168,12.087587,2024-09-21,28.0
6.68,11.480274,2024-09-22,28.0
10.74,12.509176,2024-09-23,28.0
3.9,12.502567,2024-09-24,28.0
17.768,12.656221,2024-09-25,28.0
32.2628,12.191215,2024-09-26,28.0
13.296,12.505822,2024-09-27,28.0
11.32,14.430703,2024-09-28,28.0
13.064,15.002111,2024-09-29,28.0
13.36,14.501261,2024-09-30,28.0
11.08,14.514529,2024-10-01,28.0
14.68,14.630587,2024-10-02,28.0
8.288,14.425287,2024-10-03,28.0
12.688,15.092552,2024-10-04,28.0
12.664,14.354086,2024-10-05,28.0
19.888,14.10408,2024-10-06,28.0
12.42,13.716409,2024-10-07,28.0
18.492,15.158115,2024-10-08,28.0
14.28,15.4526,2024-10-09,28.0
16.688,15.519051,2024-10-10,28.0
12.448,14.838853,2024-10-11,28.0
14.412,14.634048,2024-10-12,28.0
14.38,14.291681,2024-10-13,28.0
16.028,13.985206,2024-10-14,28.0
29.08,14.654224,2024-10-15,28.0
16.38,15.619339,2024-10-16,28.0
10.211,17.909338,2024-10-17,28.0
22.896,18.754349,2024-10-18,28.0
21.911,17.777744,2024-10-19,28.0
20.028,17.490719,2024-10-20,28.0
16.472,17.446709,2024-10-21,28.0
21.068,17.95984,2024-10-22,28.0
45.36,18.48271,2024-10-23,28.0
13.132,20.037258,2024-10-24,28.0
27.96,23.547466,2024-10-25,28.0
12.28,22.822765,2024-10-26,28.0
26.128,22.824528,2024-10-27,28.0
24.288,20.829744,2024-10-28,28.0
11.512,20.738583,2024-10-29,28.0
23.34,21.6052,2024-10-30,28.0
23.7,20.502903,2024-10-31,28.0
21.472,21.103695,2024-11-01,28.0
37.708,21.796024,2024-11-02,28.0
19.08,22.126595,2024-11-03,28.0
17.828,24.506187,2024-11-04,28.0
21.32,25.423195,2024-11-05,28.0
22.068,24.59105,2024-11-06,28.0
31.092,23.0997,2024-11-07,28.0
28.428,22.515694,2024-11-08,28.0
31.1,23.092014,2024-11-09,28.0
33.711,24.31246,2024-11-10,28.0
12.776,26.435429,2024-11-11,28.0
11.5428,27.584156,2024-11-12,28.0
35.08,26.317848,2024-11-13,28.0
19.76,23.647999,2024-11-14,28.0
24.248,23.29019,2024-11-15,28.0
22.992,23.01101,2024-11-16,28.0
13.248,23.269888,2024-11-17,28.0
25.792,23.822514,2024-11-18,28.0
11.688,23.3453,2024-11-19,28.0
23.64,23.821924,2024-11-20,28.0
30.56,22.390882,2024-11-21,28.0
18.112,21.861814,2024-11-22,28.0
36.08,23.177345,2024-11-23,28.0
32.336,22.98928,2024-11-24,28.0
19.925186,24.517834,2024-11-25,28.0
17.118542,26.688759,2024-11-26,28.0
20.599506,25.73662,2024-11-27,28.0
22.5172,24.5491,2024-11-28,28.0
22.202887,24.262306,2024-11-29,28.0
20.8512,22.723349,2024-11-30,28.0
24.94,22.116306,2024-12-01,28.0
27.508,22.267387,2024-12-02,28.0
24.252,24.011753,2024-12-03,28.0
47.16,24.570827,2024-12-04,28.0
44.88,25.216295,2024-12-05,28.0
43.748,28.028782,2024-12-06,28.0
26.428,29.6363,2024-12-07,28.0
25.5028,31.56921,2024-12-08,28.0
37.288,30.40937,2024-12-09,28.0
26.2,30.675898,2024-12-10,28.0
22.24,30.782558,2024-12-11,28.0
37.7,29.224894,2024-12-12,28.0
20.028,27.977173,2024-12-13,28.0
31.211,29.371626,2024-12-14,28.0
41.72,29.789415,2024-12-15,28.0
14.12,29.762856,2024-12-16,28.0
39.36,31.691051,2024-12-17,28.0
36.696,31.997395,2024-12-18,28.0
28.52,32.977936,2024-12-19,28.0
37.652,32.414764,2024-12-20,28.0
38.652,31.321098,2024-12-21,28.0
28.768,31.447435,2024-12-22,28.0
28.248,34.80713,2024-12-23,28.0
25.64,35.622158,2024-12-24,28.0
39.08,34.155174,2024-12-25,28.0
39.492,31.58063,2024-12-26,28.0
29.468,30.034813,2024-12-27,28.0
41.8,29.85244,2024-12-28,28.0
29.8,30.43676,2024-12-29,28.0
28.732,33.748196,2024-12-30,28.0
45.692,35.174324,2024-12-31,28.0
37.748,35.390736,2025-01-01,28.0
28.02,34.507816,2025-01-02,28.0
39.64,34.226604,2025-01-03,28.0
10.74,34.00319,2025-01-04,28.0
36.572,34.18126,2025-01-05,28.0
28.696,32.06614,2025-01-06,28.0
22.992,30.94963,2025-01-07,28.0
25.032,30.625336,2025-01-08,28.0
28.188,29.90401,2025-01-09,28.0
28.06,29.376686,2025-01-10,28.0
39.392,29.265081,2025-01-11,28.0
39.64,29.112638,2025-01-12,28.0
36.068,29.484787,2025-01-13,28.0
29.58,32.082275,2025-01-14,28.0
22.728,32.310234,2025-01-15,28.0
17.864,31.691475,2025-01-16,28.0
18.468,30.361614,2025-01-17,28.0
19.228,28.138199,2025-01-18,28.0
31.88,27.166695,2025-01-19,28.0
29.08,26.623669,2025-01-20,28.0
36.211,27.368958,2025-01-21,28.0
45.24,29.510527,2025-01-22,28.0
29.412,29.12714,2025-01-23,28.0
20.772,31.01993,2025-01-24,28.0
22.64,31.512222,2025-01-25,28.0
23.56,29.540232,2025-01-26,28.0
25.628,27.840054,2025-01-27,28.0
16.48,27.951073,2025-01-28,28.0
20.292,28.42962,2025-01-29,28.0
29.268,27.873524,2025-01-30,28.0
24.772,27.4459,2025-01-31,28.0
11.452,26.43425,2025-02-01,28.0
19.328,24.720865,2025-02-02,28.0
17.288,22.085852,2025-02-03,28.0
42.832,21.683237,2025-02-04,28.0
24.58,21.779652,2025-02-05,28.0
37.928,24.172226,2025-02-06,28.0
27.512,25.70297,2025-02-07,28.0
32.11,27.948353,2025-02-08,28.0
18.456,27.648748,2025-02-09,28.0
20.972,26.63314,2025-02-10,28.0
17.428,25.860756,2025-02-11,28.0
27.272,25.418633,2025-02-12,28.0
4.352,25.009773,2025-02-13,28.0
7.828,25.718285,2025-02-14,28.0
9.332,23.661066,2025-02-15,28.0
25.908,20.931229,2025-02-16,28.0
19.508,18.661692,2025-02-17,28.0
12.612,18.476715,2025-02-18,28.0
6.94,18.630486,2025-02-19,28.0
19.808,17.445013,2025-02-20,28.0
33.952,15.619989,2025-02-21,28.0
18.528,14.9533825,2025-02-22,28.0
28.112,16.798122,2025-02-23,28.0
4.62,18.373625,2025-02-24,28.0
11.748,20.6321,2025-02-25,28.0
25.944,20.719997,2025-02-26,28.0
28.32,19.112377,2025-02-27,28.0
3.328,18.784182,2025-02-28,28.0
9.888,19.99123,2025-03-01,28.0
24.92,18.412165,2025-03-02,28.0
8.9028,16.38343,2025-03-03,28.0
7.848,16.690725,2025-03-04,28.0
8.52,16.07837,2025-03-05,28.0
9.76,15.262496,2025-03-06,28.0
13.528,15.011938,2025-03-07,28.0
25.0,13.932352,2025-03-08,28.0
8.96,13.225594,2025-03-09,28.0
9.832,14.71946,2025-03-10,28.0
8.808,15.300231,2025-03-11,28.0
8.052,14.50159,2025-03-12,28.0
26.011,12.921507,2025-03-13,28.0
9.2,12.431129,2025-03-14,28.0
19.296,13.495678,2025-03-15,28.0
12.032,13.878851,2025-03-16,28.0
9.228,14.578729,2025-03-17,28.0
10.48,14.46587,2025-03-18,28.0
17.66,13.849836,2025-03-19,28.0
14.132,13.424765,2025-03-20,28.0
8.368,13.895897,2025-03-21,28.0
7.66,14.010052,2025-03-22,28.0
6.48,13.406799,2025-03-23,28.0
11.892,11.805187,2025-03-24,28.0
10.656,10.921524,2025-03-25,28.0
8.311,11.286651,2025-03-26,28.0
26.1,11.840045,2025-03-27,28.0
18.012,11.56861,2025-03-28,28.0
20.412,12.689556,2025-03-29,28.0
5.911,13.790644,2025-03-30,28.0
10.688,14.528009,2025-03-31,28.0
11.6,13.374983,2025-04-01,28.0
6.12,12.523745,2025-04-02,28.0
5.711,11.769283,2025-04-03,28.0
5.928,11.430405,2025-04-04,28.0
17.428,10.813538,2025-04-05,28.0
12.732,10.039285,2025-04-06,28.0
7.528,10.0634985,2025-04-07,28.0
10.992,10.695938,2025-04-08,28.0
9.32,10.82235,2025-04-09,28.0
17.068,10.82903,2025-04-10,28.0
18.58,10.5216675,2025-04-11,28.0
14.88,11.032579,2025-04-12,28.0
7.848,12.608888,2025-04-13,28.0
18.254,13.152847,2025-04-14,28.0
18.748,12.325918,2025-04-15,28.0
24.468,12.6713505,2025-04-16,28.0
6.572,13.465057,2025-04-17,28.0
5.788,14.542542,2025-04-18,28.0
7.1428,13.855097,2025-04-19,28.0
14.468,12.695353,2025-04-20,28.0
11.258,11.367864,2025-04-21,28.0
7.428,11.669327,2025-04-22,28.0
9.112,12.509422,2025-04-23,28.0
17.311,12.874622,2025-04-24,28.0
19.848,12.790355,2025-04-25,28.0
10.328,12.950083,2025-04-26,28.0
14.36,13.209843,2025-04-27,28.0
12.732,12.052383,2025-04-28,28.0
14.212,12.713057,2025-04-29,28.0
10.4,14.58112,2025-04-30,28.0
10.968,15.025965,2025-05-01,28.0
10.528,14.139603,2025-05-02,28.0
11.7428,12.896121,2025-05-03,28.0
10.188,11.83526,2025-05-04,28.0
8.42,11.0779705,2025-05-05,28.0
10.968,10.992201,2025-05-06,28.0
8.68,11.121981,2025-05-07,28.0
11.272,11.390053,2025-05-08,28.0
10.14,10.733765,2025-05-09,28.0
12.428,10.231433,2025-05-10,28.0
10.06,9.512697,2025-05-11,28.0
10.1,8.836086,2025-05-12,28.0
18.3,9.63796,2025-05-13,28.0
10.7,9.990107,2025-05-14,28.0
14.62,11.444778,2025-05-15,28.0
9.1,11.994072,2025-05-16,28.0
8.852,11.849272,2025-05-17,28.0
10.136,11.411022,2025-05-18,28.0
10.492,10.249519,2025-05-19,28.0
10.908,10.571432,2025-05-20,28.0
19.6,11.139257,2025-05-21,28.0
14.72,11.360071,2025-05-22,28.0
11.064,11.973133,2025-05-23,28.0
13.56,11.8304615,2025-05-24,28.0
19.088,11.152216,2025-05-25,28.0
11.208,11.1401415,2025-05-26,28.0
9.612,12.222658,2025-05-27,28.0
11.16,13.657048,2025-05-28,28.0
11.58,13.553584,2025-05-29,28.0
14.008,12.8751545,2025-05-30,28.0
23.72,11.820549,2025-05-31,28.0
12.711,11.522577,2025-06-01,28.0
12.88,12.628624,2025-06-02,28.0
17.24,13.3800335,2025-06-03,28.0
28.52,13.480434,2025-06-04,28.0
24.98,13.958983,2025-06-05,28.0
18.988,16.026758,2025-06-06,28.0
16.92,17.082045,2025-06-07,28.0
17.912,17.095005,2025-06-08,28.0
12.328,16.748074,2025-06-09,28.0
13.64,17.169249,2025-06-10,28.0
18.432,17.133415,2025-06-11,28.0
17.24,16.783726,2025-06-12,28.0
16.752,16.313381,2025-06-13,28.0
10.528,15.460426,2025-06-14,28.0
10.0,14.846685,2025-06-15,28.0
13.766472,14.011278,2025-06-16,28.0
11.228,22.61433,2024-09-18,29.0
23.652,21.206625,2024-09-19,29.0
26.688,18.808111,2024-09-20,29.0
36.28,17.881931,2024-09-21,29.0
24.848,18.294735,2024-09-22,29.0
8.72,21.944548,2024-09-23,29.0
12.272,25.518795,2024-09-24,29.0
20.0,23.861877,2024-09-25,29.0
36.34,21.1529,2024-09-26,29.0
36.62,18.981071,2024-09-27,29.0
31.14,19.920107,2024-09-28,29.0
32.96,23.002079,2024-09-29,29.0
27.612,26.852493,2024-09-30,29.0
25.456,29.476555,2024-10-01,29.0
21.9828,28.114172,2024-10-02,29.0
21.696,26.504623,2024-10-03,29.0
24.332,25.445854,2024-10-04,29.0
24.092,24.501724,2024-10-05,29.0
24.448,24.631676,2024-10-06,29.0
27.711,25.130682,2024-10-07,29.0
21.536,26.37674,2024-10-08,29.0
22.911,26.921465,2024-10-09,29.0
24.992,25.554413,2024-10-10,29.0
24.936,23.593058,2024-10-11,29.0
21.92,22.834673,2024-10-12,29.0
26.96,22.812134,2024-10-13,29.0
24.272,22.854057,2024-10-14,29.0
24.76,24.24947,2024-10-15,29.0
24.528,25.381329,2024-10-16,29.0
19.572,25.251232,2024-10-17,29.0
10.368,24.862629,2024-10-18,29.0
14.248,23.881496,2024-10-19,29.0
17.9028,21.62228,2024-10-20,29.0
18.776,19.805069,2024-10-21,29.0
19.852,19.440828,2024-10-22,29.0
17.96,19.69579,2024-10-23,29.0
19.708,20.471317,2024-10-24,29.0
19.76,20.443203,2024-10-25,29.0
21.011,19.926643,2024-10-26,29.0
17.068,19.330948,2024-10-27,29.0
20.5828,18.740284,2024-10-28,29.0
19.412,18.753582,2024-10-29,29.0
17.464,19.431065,2024-10-30,29.0
18.968,18.931776,2024-10-31,29.0
17.28,18.56058,2024-11-01,29.0
20.008,18.85822,2024-11-02,29.0
17.412,18.924276,2024-11-03,29.0
17.78,19.672386,2024-11-04,29.0
20.792,20.181095,2024-11-05,29.0
16.988,20.331345,2024-11-06,29.0
21.692,20.37439,2024-11-07,29.0
22.0,19.795197,2024-11-08,29.0
19.976,19.847332,2024-11-09,29.0
20.112,20.54994,2024-11-10,29.0
19.22,21.258743,2024-11-11,29.0
18.892,21.533703,2024-11-12,29.0
20.52,21.598667,2024-11-13,29.0
22.936,21.257214,2024-11-14,29.0
19.992,20.677479,2024-11-15,29.0
11.432,20.78109,2024-11-16,29.0
19.208,21.115788,2024-11-17,29.0
11.428,20.305767,2024-11-18,29.0
19.192,20.271986,2024-11-19,29.0
14.908,20.249249,2024-11-20,29.0
8.528,20.254818,2024-11-21,29.0
12.58,19.448946,2024-11-22,29.0
18.472,18.556036,2024-11-23,29.0
18.9228,17.57682,2024-11-24,29.0
17.48,17.715363,2024-11-25,29.0
19.625334,19.089212,2024-11-26,29.0
17.472,19.169662,2024-11-27,29.0
16.114666,20.074306,2024-11-28,29.0
17.963,20.416142,2024-11-29,29.0
22.522,18.846447,2024-11-30,29.0
27.832,18.279615,2024-12-01,29.0
27.948,18.621464,2024-12-02,29.0
38.788,21.068949,2024-12-03,29.0
33.2,22.739534,2024-12-04,29.0
23.1828,26.059923,2024-12-05,29.0
28.736,27.913946,2024-12-06,29.0
25.8628,26.337097,2024-12-07,29.0
29.696,25.744415,2024-12-08,29.0
28.032,24.906578,2024-12-09,29.0
27.5,26.424171,2024-12-10,29.0
23.548,27.267284,2024-12-11,29.0
27.88,27.088024,2024-12-12,29.0
29.052,25.983652,2024-12-13,29.0
26.56,26.00226,2024-12-14,29.0
38.108,26.957424,2024-12-15,29.0
32.2,27.895456,2024-12-16,29.0
28.672,30.172634,2024-12-17,29.0
33.78,32.232086,2024-12-18,29.0
28.228,33.0607,2024-12-19,29.0
29.811,31.815632,2024-12-20,29.0
39.2,30.215841,2024-12-21,29.0
28.332,29.964796,2024-12-22,29.0
28.948,32.60611,2024-12-23,29.0
33.8,33.806538,2024-12-24,29.0
26.96,33.497395,2024-12-25,29.0
14.46,31.746567,2024-12-26,29.0
29.14,29.34329,2024-12-27,29.0
35.28,26.407768,2024-12-28,29.0
48.308,26.129002,2024-12-29,29.0
18.312,29.117214,2024-12-30,29.0
28.42,33.69599,2024-12-31,29.0
35.22,34.894764,2025-01-01,29.0
11.288,32.68268,2025-01-02,29.0
26.792,30.671022,2025-01-03,29.0
24.78,28.06525,2025-01-04,29.0
27.892,27.331322,2025-01-05,29.0
30.976,27.505144,2025-01-06,29.0
31.92,28.199722,2025-01-07,29.0
27.532,28.746927,2025-01-08,29.0
29.211,29.405584,2025-01-09,29.0
43.08,29.849907,2025-01-10,29.0
30.688,29.441149,2025-01-11,29.0
32.88,30.459484,2025-01-12,29.0
45.592,31.270792,2025-01-13,29.0
24.976,32.528175,2025-01-14,29.0
29.372,32.818817,2025-01-15,29.0
23.188,31.918777,2025-01-16,29.0
27.028,30.885548,2025-01-17,29.0
27.772,29.41677,2025-01-18,29.0
16.52,29.268135,2025-01-19,29.0
28.38,29.701935,2025-01-20,29.0
16.1,29.081837,2025-01-21,29.0
35.74,29.85001,2025-01-22,29.0
21.92,26.99192,2025-01-23,29.0
22.48,27.10146,2025-01-24,29.0
39.928,27.11203,2025-01-25,29.0
30.16,26.432964,2025-01-26,29.0
33.544,27.931782,2025-01-27,29.0
27.208,29.908901,2025-01-28,29.0
48.86,31.267345,2025-01-29,29.0
29.812,30.730577,2025-01-30,29.0
37.828,32.240864,2025-01-31,29.0
28.78,31.497803,2025-02-01,29.0
33.048,30.580486,2025-02-02,29.0
41.8228,30.406305,2025-02-03,29.0
29.468,31.915188,2025-02-04,29.0
49.732,34.47452,2025-02-05,29.0
36.0,35.23815,2025-02-06,29.0
25.148,37.25327,2025-02-07,29.0
51.06,37.51819,2025-02-08,29.0
46.088,34.74932,2025-02-09,29.0
25.3828,34.61787,2025-02-10,29.0
28.628,37.480812,2025-02-11,29.0
50.528,37.868134,2025-02-12,29.0
11.928,36.349586,2025-02-13,29.0
43.172,37.735054,2025-02-14,29.0
37.32,34.83912,2025-02-15,29.0
31.428,32.844078,2025-02-16,29.0
33.132,34.174606,2025-02-17,29.0
21.2,34.852543,2025-02-18,29.0
23.18,33.84411,2025-02-19,29.0
29.768,31.178436,2025-02-20,29.0
20.612,28.732422,2025-02-21,29.0
36.292,27.062534,2025-02-22,29.0
26.188,26.272408,2025-02-23,29.0
45.052,28.065971,2025-02-24,29.0
41.048,29.19167,2025-02-25,29.0
39.768,32.07708,2025-02-26,29.0
35.792,33.71982,2025-02-27,29.0
10.62,33.57176,2025-02-28,29.0
36.308,33.92155,2025-03-01,29.0
21.68,30.222958,2025-03-02,29.0
26.492,28.791344,2025-03-03,29.0
29.82,28.209003,2025-03-04,29.0
22.52,29.063517,2025-03-05,29.0
14.528,29.43365,2025-03-06,29.0
22.292,29.440693,2025-03-07,29.0
23.492,26.895737,2025-03-08,29.0
22.736,24.613441,2025-03-09,29.0
20.892,24.418554,2025-03-10,29.0
20.52,24.89293,2025-03-11,29.0
23.88,24.804123,2025-03-12,29.0
20.852,23.518238,2025-03-13,29.0
22.776,23.043606,2025-03-14,29.0
22.028,22.091496,2025-03-15,29.0
18.24,21.632736,2025-03-16,29.0
20.932,22.54993,2025-03-17,29.0
20.508,22.639751,2025-03-18,29.0
20.984,22.529999,2025-03-19,29.0
14.388,22.943426,2025-03-20,29.0
21.16,22.367134,2025-03-21,29.0
18.572,21.075533,2025-03-22,29.0
17.296,20.457655,2025-03-23,29.0
20.8628,20.026749,2025-03-24,29.0
21.136,19.919205,2025-03-25,29.0
17.0628,20.435873,2025-03-26,29.0
20.608,21.072008,2025-03-27,29.0
22.6,20.744066,2025-03-28,29.0
21.98,19.850262,2025-03-29,29.0
13.492,20.148808,2025-03-30,29.0
10.288,20.76104,2025-03-31,29.0
19.272,20.207684,2025-04-01,29.0
19.656,18.820854,2025-04-02,29.0
14.4,17.84578,2025-04-03,29.0
19.28,17.854622,2025-04-04,29.0
21.511,17.671661,2025-04-05,29.0
20.048,17.883848,2025-04-06,29.0
23.12,18.434906,2025-04-07,29.0
22.11,19.47826,2025-04-08,29.0
22.652,20.150421,2025-04-09,29.0
22.58,20.570286,2025-04-10,29.0
20.76,20.61665,2025-04-11,29.0
20.688,20.455265,2025-04-12,29.0
19.952,21.043184,2025-04-13,29.0
19.472,21.301884,2025-04-14,29.0
21.76,20.97498,2025-04-15,29.0
11.468,20.848755,2025-04-16,29.0
9.572,20.804916,2025-04-17,29.0
20.88,19.098503,2025-04-18,29.0
20.828,17.413498,2025-04-19,29.0
20.48,17.405182,2025-04-20,29.0
24.172,18.238825,2025-04-21,29.0
21.468,19.05985,2025-04-22,29.0
27.11,20.901821,2025-04-23,29.0
19.56,21.427883,2025-04-24,29.0
24.028,21.974106,2025-04-25,29.0
22.96,21.645306,2025-04-26,29.0
25.78,21.54588,2025-04-27,29.0
30.528,20.91991,2025-04-28,29.0
29.78,22.427034,2025-04-29,29.0
32.032,26.37206,2025-04-30,29.0
19.0,27.955124,2025-05-01,29.0
28.72,27.715,2025-05-02,29.0
30.258,25.41383,2025-05-03,29.0
26.5,23.974678,2025-05-04,29.0
25.928,24.609604,2025-05-05,29.0
29.932,25.683502,2025-05-06,29.0
27.728,26.613777,2025-05-07,29.0
11.52,27.592094,2025-05-08,29.0
10.511,26.731682,2025-05-09,29.0
32.068,23.574604,2025-05-10,29.0
29.25,20.811924,2025-05-11,29.0
29.992,20.631115,2025-05-12,29.0
28.216,23.092712,2025-05-13,29.0
24.692,25.405884,2025-05-14,29.0
28.24,26.755173,2025-05-15,29.0
28.508,25.77723,2025-05-16,29.0
26.811,24.115143,2025-05-17,29.0
25.72,23.461481,2025-05-18,29.0
25.528,24.066254,2025-05-19,29.0
30.22,25.920033,2025-05-20,29.0
30.068,26.579216,2025-05-21,29.0
27.472,26.561974,2025-05-22,29.0
31.528,25.81318,2025-05-23,29.0
30.148,25.038055,2025-05-24,29.0
31.572,25.559868,2025-05-25,29.0
30.292,26.70193,2025-05-26,29.0
31.028,27.609167,2025-05-27,29.0
29.608,28.939304,2025-05-28,29.0
23.632,29.375156,2025-05-29,29.0
26.776,28.549042,2025-05-30,29.0
30.8228,26.428747,2025-05-31,29.0
16.136,25.304003,2025-06-01,29.0
29.11,25.43142,2025-06-02,29.0
30.292,24.856335,2025-06-03,29.0
30.23245,24.87548,2025-06-04,29.0
28.36,25.93892,2025-06-05,29.0
18.748,26.303024,2025-06-06,29.0
7.72,25.841404,2025-06-07,29.0
14.8,24.114822,2025-06-08,29.0
29.872,21.362154,2025-06-09,29.0
31.68,19.431295,2025-06-10,29.0
32.272,21.08469,2025-06-11,29.0
27.248,23.690868,2025-06-12,29.0
24.328,24.988956,2025-06-13,29.0
21.512,24.891739,2025-06-14,29.0
19.06,23.618656,2025-06-15,29.0
29.496,22.152596,2025-06-16,29.0
14.968,19.36539,2024-09-18,30.0
21.448,18.71204,2024-09-19,30.0
22.492,18.17784,2024-09-20,30.0
23.932,18.04652,2024-09-21,30.0
13.896,18.18824,2024-09-22,30.0
9.652,19.091505,2024-09-23,30.0
13.24,19.087723,2024-09-24,30.0
11.892,18.22543,2024-09-25,30.0
25.896,17.533688,2024-09-26,30.0
26.052,16.33043,2024-09-27,30.0
24.268,16.827923,2024-09-28,30.0
20.56,18.464176,2024-09-29,30.0
21.36,19.969032,2024-09-30,30.0
14.612,21.12046,2024-10-01,30.0
13.6,21.65276,2024-10-02,30.0
25.22,21.02169,2024-10-03,30.0
21.248,20.135876,2024-10-04,30.0
24.211,19.860725,2024-10-05,30.0
25.72,20.537249,2024-10-06,30.0
28.252,21.376585,2024-10-07,30.0
11.128,23.271152,2024-10-08,30.0
12.8,24.727278,2024-10-09,30.0
28.12,22.662655,2024-10-10,30.0
7.472,20.154661,2024-10-11,30.0
17.328,20.363949,2024-10-12,30.0
22.66,19.369703,2024-10-13,30.0
17.508,18.639095,2024-10-14,30.0
10.411,19.998575,2024-10-15,30.0
20.172,20.974974,2024-10-16,30.0
14.548,19.706364,2024-10-17,30.0
13.46,19.402945,2024-10-18,30.0
31.26,19.053425,2024-10-19,30.0
14.28,17.939732,2024-10-20,30.0
20.612,18.905018,2024-10-21,30.0
10.488,19.375952,2024-10-22,30.0
20.648,20.034733,2024-10-23,30.0
17.992,19.548897,2024-10-24,30.0
16.288,19.452282,2024-10-25,30.0
20.112,19.19918,2024-10-26,30.0
9.98,18.952023,2024-10-27,30.0
31.928,18.496376,2024-10-28,30.0
12.352,17.790133,2024-10-29,30.0
14.228,19.725044,2024-10-30,30.0
27.412,19.111855,2024-10-31,30.0
11.852,18.453365,2024-11-01,30.0
28.228,19.690578,2024-11-02,30.0
25.584,19.5368,2024-11-03,30.0
25.936,20.476887,2024-11-04,30.0
19.08,21.974503,2024-11-05,30.0
22.952,23.52186,2024-11-06,30.0
33.008,23.240688,2024-11-07,30.0
19.792,23.022953,2024-11-08,30.0
20.352,24.18707,2024-11-09,30.0
37.428,24.218988,2024-11-10,30.0
25.576,24.125698,2024-11-11,30.0
22.4628,25.867756,2024-11-12,30.0
23.248,27.12067,2024-11-13,30.0
17.3,26.694298,2024-11-14,30.0
36.188,25.716465,2024-11-15,30.0
19.64,24.647657,2024-11-16,30.0
28.36,25.155071,2024-11-17,30.0
30.411,24.947317,2024-11-18,30.0
22.48,26.182964,2024-11-19,30.0
26.572,28.23225,2024-11-20,30.0
28.12,27.966045,2024-11-21,30.0
24.566645,26.839653,2024-11-22,30.0
23.05544,26.801895,2024-11-23,30.0
27.852526,26.419106,2024-11-24,30.0
26.684786,25.624065,2024-11-25,30.0
22.319866,26.608997,2024-11-26,30.0
23.768396,26.636976,2024-11-27,30.0
28.010567,26.91369,2024-11-28,30.0
26.145168,27.14603,2024-11-29,30.0
22.824,25.934393,2024-11-30,30.0
41.96,25.448801,2024-12-01,30.0
27.168,24.769892,2024-12-02,30.0
32.752,27.41266,2024-12-03,30.0
25.188,28.118544,2024-12-04,30.0
24.468,29.203005,2024-12-05,30.0
38.032,29.012114,2024-12-06,30.0
37.472,27.302229,2024-12-07,30.0
28.728,27.627693,2024-12-08,30.0
38.52,27.84761,2024-12-09,30.0
41.78,29.7132,2024-12-10,30.0
37.06,30.765741,2024-12-11,30.0
31.228,31.370735,2024-12-12,30.0
47.36,31.19764,2024-12-13,30.0
36.1,31.359846,2024-12-14,30.0
30.9,33.599133,2024-12-15,30.0
38.688,34.993416,2024-12-16,30.0
41.5828,35.290714,2024-12-17,30.0
43.248,36.239967,2024-12-18,30.0
52.48,37.816242,2024-12-19,30.0
36.288,37.27269,2024-12-20,30.0
55.852,36.859764,2024-12-21,30.0
36.852,36.90927,2024-12-22,30.0
26.536,40.007275,2024-12-23,30.0
26.028,40.773243,2024-12-24,30.0
31.68,38.97921,2024-12-25,30.0
51.96,35.111023,2024-12-26,30.0
33.592,32.229073,2024-12-27,30.0
25.352,32.58869,2024-12-28,30.0
23.828,33.04935,2024-12-29,30.0
43.292,34.14097,2024-12-30,30.0
28.84,33.473766,2024-12-31,30.0
30.68,34.988102,2025-01-01,30.0
23.52,33.568703,2025-01-02,30.0
27.488,32.290874,2025-01-03,30.0
36.18,32.160194,2025-01-04,30.0
36.5,31.69463,2025-01-05,30.0
27.248,31.449917,2025-01-06,30.0
37.24,32.32589,2025-01-07,30.0
33.392,33.021843,2025-01-08,30.0
36.22,33.427925,2025-01-09,30.0
42.452,34.078854,2025-01-10,30.0
17.868,34.48205,2025-01-11,30.0
38.092,34.8479,2025-01-12,30.0
31.52,33.273575,2025-01-13,30.0
32.988,33.8033,2025-01-14,30.0
28.652,33.058556,2025-01-15,30.0
32.308,32.426346,2025-01-16,30.0
36.74,31.680027,2025-01-17,30.0
20.711,31.159729,2025-01-18,30.0
32.048,31.700527,2025-01-19,30.0
23.86,31.358639,2025-01-20,30.0
16.828,31.264763,2025-01-21,30.0
33.811,31.83712,2025-01-22,30.0
39.288,28.984818,2025-01-23,30.0
26.88,29.200027,2025-01-24,30.0
23.62,31.250748,2025-01-25,30.0
36.18,31.346916,2025-01-26,30.0
20.32,30.259787,2025-01-27,30.0
33.711,31.729086,2025-01-28,30.0
29.016,31.341557,2025-01-29,30.0
42.424,30.790924,2025-01-30,30.0
24.136,30.953249,2025-01-31,30.0
30.9028,31.287315,2025-02-01,30.0
33.258,29.524895,2025-02-02,30.0
30.932,28.492085,2025-02-03,30.0
22.988,30.165733,2025-02-04,30.0
42.211,31.938538,2025-02-05,30.0
25.08,31.791372,2025-02-06,30.0
37.72,32.930664,2025-02-07,30.0
21.328,32.905373,2025-02-08,30.0
37.392,31.592957,2025-02-09,30.0
30.8,29.35588,2025-02-10,30.0
13.968,30.661064,2025-02-11,30.0
27.672,31.677143,2025-02-12,30.0
25.048,30.2757,2025-02-13,30.0
24.448,30.270983,2025-02-14,30.0
37.944,29.15986,2025-02-15,30.0
22.288,28.028809,2025-02-16,30.0
18.46,28.553816,2025-02-17,30.0
26.228,29.236828,2025-02-18,30.0
35.2528,28.18197,2025-02-19,30.0
26.968,25.981785,2025-02-20,30.0
25.36,25.862988,2025-02-21,30.0
26.008,25.926998,2025-02-22,30.0
33.32,26.346165,2025-02-23,30.0
23.812,27.326382,2025-02-24,30.0
32.2,28.371899,2025-02-25,30.0
23.548,29.152977,2025-02-26,30.0
14.5428,29.649578,2025-02-27,30.0
19.928,29.208488,2025-02-28,30.0
31.28,27.568295,2025-03-01,30.0
27.608,25.069937,2025-03-02,30.0
28.48,24.16301,2025-03-03,30.0
27.612,25.087526,2025-03-04,30.0
18.228,26.741304,2025-03-05,30.0
24.0,27.486147,2025-03-06,30.0
14.96,27.14206,2025-03-07,30.0
29.2228,25.48447,2025-03-08,30.0
19.888,23.795485,2025-03-09,30.0
13.688,24.133743,2025-03-10,30.0
26.28,25.08638,2025-03-11,30.0
13.192,24.569218,2025-03-12,30.0
24.12,23.653206,2025-03-13,30.0
0.0,22.865925,2025-03-14,30.0
17.0,22.019547,2025-03-15,30.0
10.232,19.856178,2025-03-16,30.0
16.976,18.987938,2025-03-17,30.0
6.104,17.924679,2025-03-18,30.0
10.296,17.757383,2025-03-19,30.0
8.752,17.329731,2025-03-20,30.0
16.248,16.382095,2025-03-21,30.0
12.832,15.351642,2025-03-22,30.0
0.0,14.951046,2025-03-23,30.0
11.16,13.774763,2025-03-24,30.0
14.94,12.572464,2025-03-25,30.0
0.588,12.31565,2025-03-26,30.0
10.028,12.9561615,2025-03-27,30.0
6.624,12.093536,2025-03-28,30.0
19.168,11.988169,2025-03-29,30.0
18.392,11.885732,2025-03-30,30.0
0.428,12.094563,2025-03-31,30.0
14.228,12.782465,2025-04-01,30.0
10.2528,11.960062,2025-04-02,30.0
0.0,11.4067,2025-04-03,30.0
6.412,11.69253,2025-04-04,30.0
8.6,10.743956,2025-04-05,30.0
0.211,10.230273,2025-04-06,30.0
20.788,9.931295,2025-04-07,30.0
0.0,9.026897,2025-04-08,30.0
21.732,10.78301,2025-04-09,30.0
10.028,10.592307,2025-04-10,30.0
0.0,11.713716,2025-04-11,30.0
1.96,12.049764,2025-04-12,30.0
14.588,11.362504,2025-04-13,30.0
19.64,9.218847,2025-04-14,30.0
6.828,9.202572,2025-04-15,30.0
6.411,10.424551,2025-04-16,30.0
2.292,11.062029,2025-04-17,30.0
3.72,10.58267,2025-04-18,30.0
0.8,9.637436,2025-04-19,30.0
2.768,8.966744,2025-04-20,30.0
2.888,7.959286,2025-04-21,30.0
5.5428,7.6373878,2025-04-22,30.0
5.856,7.5143447,2025-04-23,30.0
19.88,7.8473706,2025-04-24,30.0
5.872,8.035015,2025-04-25,30.0
8.68,9.53719,2025-04-26,30.0
5.568,9.37319,2025-04-27,30.0
2.68,8.089802,2025-04-28,30.0
6.452,7.8040633,2025-04-29,30.0
0.3,8.506127,2025-04-30,30.0
9.311,8.83091,2025-05-01,30.0
0.988,8.252605,2025-05-02,30.0
10.56,7.9802012,2025-05-03,30.0
3.98,7.7940993,2025-05-04,30.0
12.2,7.709755,2025-05-05,30.0
0.0,7.312413,2025-05-06,30.0
3.128,7.9801097,2025-05-07,30.0
6.492,7.5884943,2025-05-08,30.0
10.932,6.9885077,2025-05-09,30.0
2.496,6.917521,2025-05-10,30.0
18.68,6.8184233,2025-05-11,30.0
9.5028,5.704744,2025-05-12,30.0
0.0,8.078712,2025-05-13,30.0
14.288,8.765554,2025-05-14,30.0
6.88,8.520163,2025-05-15,30.0
0.288,9.28406,2025-05-16,30.0
0.132,9.173246,2025-05-17,30.0
14.62,8.398262,2025-05-18,30.0
1.032,6.7355685,2025-05-19,30.0
0.0,7.7842946,2025-05-20,30.0
10.32,7.8296347,2025-05-21,30.0
0.096,7.30767,2025-05-22,30.0
7.292,6.9164505,2025-05-23,30.0
2.96,6.002261,2025-05-24,30.0
3.96,5.6092324,2025-05-25,30.0
8.52,5.316874,2025-05-26,30.0
7.812,5.125129,2025-05-27,30.0
4.608,6.7657022,2025-05-28,30.0
10.7,7.292714,2025-05-29,30.0
0.092,6.747584,2025-05-30,30.0
1.668,6.9037514,2025-05-31,30.0
8.28,6.3180375,2025-06-01,30.0
2.64,5.4256105,2025-06-02,30.0
0.428,5.7103806,2025-06-03,30.0
12.984,5.689918,2025-06-04,30.0
19.096,5.422419,2025-06-05,30.0
8.632,6.9996486,2025-06-06,30.0
2.42,8.224298,2025-06-07,30.0
0.0,8.335624,2025-06-08,30.0
6.708,7.1475673,2025-06-09,30.0
0.0,6.5890555,2025-06-10,30.0
6.512,6.8361526,2025-06-11,30.0
3.1,6.7336917,2025-06-12,30.0
3.868,6.535887,2025-06-13,30.0
0.711,5.5773892,2025-06-14,30.0
7.06,5.1288524,2025-06-15,30.0
5.532,4.689005,2025-06-16,30.0
33.984,19.643274,2024-09-18,31.0
37.392,18.499668,2024-09-19,31.0
26.016,19.992167,2024-09-20,31.0
29.1428,22.66046,2024-09-21,31.0
20.632,23.23716,2024-09-22,31.0
13.192,24.788952,2024-09-23,31.0
14.368,24.476942,2024-09-24,31.0
26.288,23.066374,2024-09-25,31.0
31.6,20.790794,2024-09-26,31.0
35.736,20.840439,2024-09-27,31.0
30.904,22.243126,2024-09-28,31.0
24.752,24.72721,2024-09-29,31.0
27.102,27.396902,2024-09-30,31.0
30.912,27.96751,2024-10-01,31.0
9.168,26.84285,2024-10-02,31.0
32.92,26.651028,2024-10-03,31.0
27.432,25.449743,2024-10-04,31.0
26.512,25.70336,2024-10-05,31.0
23.1428,26.961142,2024-10-06,31.0
29.808,27.82378,2024-10-07,31.0
21.832,28.1137,2024-10-08,31.0
27.8,28.334381,2024-10-09,31.0
35.96,26.826616,2024-10-10,31.0
27.432,24.6133,2024-10-11,31.0
29.8,25.62122,2024-10-12,31.0
23.232,26.266596,2024-10-13,31.0
36.0,27.181927,2024-10-14,31.0
32.64,27.509642,2024-10-15,31.0
26.72,29.46049,2024-10-16,31.0
24.248,30.343536,2024-10-17,31.0
25.812,30.194618,2024-10-18,31.0
32.08,29.226004,2024-10-19,31.0
38.16,27.577248,2024-10-20,31.0
27.68,27.561863,2024-10-21,31.0
36.84,29.327824,2024-10-22,31.0
26.232,31.056595,2024-10-23,31.0
27.296,33.01142,2024-10-24,31.0
41.096,31.70652,2024-10-25,31.0
45.696,29.250727,2024-10-26,31.0
43.984,29.185793,2024-10-27,31.0
28.424,31.701265,2024-10-28,31.0
36.296,35.81717,2024-10-29,31.0
25.048,37.077393,2024-10-30,31.0
20.9028,34.29518,2024-10-31,31.0
44.96,32.138657,2024-11-01,31.0
42.424,30.302906,2024-11-02,31.0
36.3028,31.36839,2024-11-03,31.0
31.088,35.478615,2024-11-04,31.0
1.096,38.459282,2024-11-05,31.0
81.656,38.176506,2024-11-06,31.0
43.784,32.345398,2024-11-07,31.0
30.768,33.75347,2024-11-08,31.0
24.904,35.90502,2024-11-09,31.0
28.3828,36.879204,2024-11-10,31.0
30.08,36.51732,2024-11-11,31.0
44.136,34.929848,2024-11-12,31.0
38.184,33.08035,2024-11-13,31.0
14.1028,32.580605,2024-11-14,31.0
24.544,35.429512,2024-11-15,31.0
36.4,33.13598,2024-11-16,31.0
33.936,30.371496,2024-11-17,31.0
31.288,30.14487,2024-11-18,31.0
31.264,31.250046,2024-11-19,31.0
37.488,33.125355,2024-11-20,31.0
39.25625,34.213852,2024-11-21,31.0
35.128532,34.04518,2024-11-22,31.0
25.285059,33.819096,2024-11-23,31.0
35.65422,33.244507,2024-11-24,31.0
33.73251,32.98962,2024-11-25,31.0
32.42889,33.99392,2024-11-26,31.0
38.247284,33.399452,2024-11-27,31.0
36.667908,34.080914,2024-11-28,31.0
36.488796,35.556656,2024-11-29,31.0
41.8392,34.34692,2024-11-30,31.0
39.928,33.577656,2024-12-01,31.0
28.888,34.06517,2024-12-02,31.0
44.552,36.823425,2024-12-03,31.0
41.1428,36.319305,2024-12-04,31.0
43.848,37.344986,2024-12-05,31.0
48.744,38.58467,2024-12-06,31.0
32.9428,37.784264,2024-12-07,31.0
25.248,38.55105,2024-12-08,31.0
43.288,37.641373,2024-12-09,31.0
28.704,37.500984,2024-12-10,31.0
32.176,37.081284,2024-12-11,31.0
43.792,35.259003,2024-12-12,31.0
54.064,33.48864,2024-12-13,31.0
32.912,34.74466,2024-12-14,31.0
57.048,38.498714,2024-12-15,31.0
44.5828,40.102913,2024-12-16,31.0
56.5028,42.894096,2024-12-17,31.0
46.76,45.463223,2024-12-18,31.0
51.112,47.56225,2024-12-19,31.0
50.736,47.38492,2024-12-20,31.0
31.48,46.409622,2024-12-21,31.0
28.968,46.208607,2024-12-22,31.0
31.672,47.20415,2024-12-23,31.0
35.8,46.017784,2024-12-24,31.0
37.88,44.02415,2024-12-25,31.0
44.888,40.9001,2024-12-26,31.0
28.856,37.8404,2024-12-27,31.0
30.228,37.046486,2024-12-28,31.0
25.768,36.60914,2024-12-29,31.0
57.088,36.940918,2024-12-30,31.0
33.102,36.29531,2024-12-31,31.0
57.904,39.556427,2025-01-01,31.0
35.9428,39.509724,2025-01-02,31.0
39.428,40.951645,2025-01-03,31.0
39.544,42.29953,2025-01-04,31.0
50.428,41.370068,2025-01-05,31.0
55.032,40.769455,2025-01-06,31.0
28.976,41.876442,2025-01-07,31.0
51.088,45.310356,2025-01-08,31.0
56.192,45.019127,2025-01-09,31.0
39.792,45.784096,2025-01-10,31.0
29.904,46.402794,2025-01-11,31.0
39.1828,45.67304,2025-01-12,31.0
52.488,44.15489,2025-01-13,31.0
32.672,44.06697,2025-01-14,31.0
50.168,42.751064,2025-01-15,31.0
44.8,41.101326,2025-01-16,31.0
39.88,41.9419,2025-01-17,31.0
42.72,41.81448,2025-01-18,31.0
29.448,41.49166,2025-01-19,31.0
39.2628,42.318783,2025-01-20,31.0
47.072,42.11829,2025-01-21,31.0
50.6,42.982327,2025-01-22,31.0
25.228,41.32505,2025-01-23,31.0
33.288,42.88918,2025-01-24,31.0
50.92,41.95448,2025-01-25,31.0
38.088,39.4386,2025-01-26,31.0
33.184,40.65884,2025-01-27,31.0
42.0228,42.521503,2025-01-28,31.0
37.256,42.94108,2025-01-29,31.0
28.896,42.84792,2025-01-30,31.0
39.311,42.28213,2025-01-31,31.0
55.1428,38.419212,2025-02-01,31.0
48.536,35.752,2025-02-02,31.0
28.952,37.55844,2025-02-03,31.0
36.696,41.67988,2025-02-04,31.0
48.1428,42.944103,2025-02-05,31.0
48.5028,42.81438,2025-02-06,31.0
56.4,43.328133,2025-02-07,31.0
44.952,43.65175,2025-02-08,31.0
28.6,44.093037,2025-02-09,31.0
46.52,45.125282,2025-02-10,31.0
30.704,44.815987,2025-02-11,31.0
44.216,44.332767,2025-02-12,31.0
39.16,42.89689,2025-02-13,31.0
47.736,43.0447,2025-02-14,31.0
31.968,42.277256,2025-02-15,31.0
35.72,41.558064,2025-02-16,31.0
48.096,41.4697,2025-02-17,31.0
42.984,40.594086,2025-02-18,31.0
44.056,40.444794,2025-02-19,31.0
45.656,38.885616,2025-02-20,31.0
43.9428,38.590126,2025-02-21,31.0
55.812,38.406616,2025-02-22,31.0
48.856,38.755165,2025-02-23,31.0
47.576,42.553024,2025-02-24,31.0
45.792,45.66148,2025-02-25,31.0
55.112,49.08056,2025-02-26,31.0
44.648,50.040844,2025-02-27,31.0
23.32,49.39653,2025-02-28,31.0
54.832,48.98479,2025-03-01,31.0
48.4,44.10675,2025-03-02,31.0
30.768,42.64418,2025-03-03,31.0
48.392,44.342194,2025-03-04,31.0
43.872,45.375305,2025-03-05,31.0
23.088,45.119675,2025-03-06,31.0
44.472,45.740242,2025-03-07,31.0
29.0228,41.70775,2025-03-08,31.0
29.6,38.395096,2025-03-09,31.0
30.696,38.190872,2025-03-10,31.0
28.576,38.3369,2025-03-11,31.0
28.808,36.654633,2025-03-12,31.0
36.368,34.062695,2025-03-13,31.0
19.016,32.703884,2025-03-14,31.0
21.848,31.286354,2025-03-15,31.0
24.16,29.284843,2025-03-16,31.0
29.311,28.595026,2025-03-17,31.0
20.392,27.80389,2025-03-18,31.0
28.0,27.9497,2025-03-19,31.0
28.072,27.953098,2025-03-20,31.0
38.936,27.382519,2025-03-21,31.0
28.128,26.993843,2025-03-22,31.0
18.888,27.318392,2025-03-23,31.0
38.102,27.90099,2025-03-24,31.0
35.112,27.018753,2025-03-25,31.0
21.872,28.399368,2025-03-26,31.0
31.392,30.352356,2025-03-27,31.0
36.776,30.08271,2025-03-28,31.0
21.096,28.438087,2025-03-29,31.0
23.192,28.904507,2025-03-30,31.0
11.76,28.379425,2025-03-31,31.0
12.424,27.097061,2025-04-01,31.0
11.576,25.252436,2025-04-02,31.0
31.384,22.875574,2025-04-03,31.0
30.8,20.556892,2025-04-04,31.0
23.92,20.759079,2025-04-05,31.0
26.428,22.451231,2025-04-06,31.0
11.8,23.170301,2025-04-07,31.0
27.96,24.678917,2025-04-08,31.0
31.9428,22.724018,2025-04-09,31.0
8.992,21.869255,2025-04-10,31.0
35.36,22.443773,2025-04-11,31.0
25.008,21.633589,2025-04-12,31.0
27.9428,23.331776,2025-04-13,31.0
18.128,24.525331,2025-04-14,31.0
19.736,24.959412,2025-04-15,31.0
29.904,23.747154,2025-04-16,31.0
41.2,22.651825,2025-04-17,31.0
17.272,22.222538,2025-04-18,31.0
32.208,23.535429,2025-04-19,31.0
19.872,24.158669,2025-04-20,31.0
14.936,25.454292,2025-04-21,31.0
19.896,25.10548,2025-04-22,31.0
33.512,24.2089,2025-04-23,31.0
25.424,22.926888,2025-04-24,31.0
13.384,24.33104,2025-04-25,31.0
24.5028,25.79948,2025-04-26,31.0
24.072,23.987976,2025-04-27,31.0
22.592,22.64138,2025-04-28,31.0
28.752,23.038824,2025-04-29,31.0
27.228,24.6444,2025-04-30,31.0
20.04,25.518345,2025-05-01,31.0
35.992,25.523258,2025-05-02,31.0
33.136,23.969406,2025-05-03,31.0
22.68,23.3022,2025-05-04,31.0
14.832,24.922935,2025-05-05,31.0
28.0,25.798689,2025-05-06,31.0
28.008,24.736675,2025-05-07,31.0
36.48,24.843243,2025-05-08,31.0
19.552,24.251911,2025-05-09,31.0
22.728,24.646473,2025-05-10,31.0
25.24,24.91,2025-05-11,31.0
39.248,24.201437,2025-05-12,31.0
19.936,24.293772,2025-05-13,31.0
30.752,26.082035,2025-05-14,31.0
21.792,26.277893,2025-05-15,31.0
33.856,26.196007,2025-05-16,31.0
22.536,25.272839,2025-05-17,31.0
32.592,25.178738,2025-05-18,31.0
20.896,24.714956,2025-05-19,31.0
25.6628,26.68643,2025-05-20,31.0
18.056,27.46203,2025-05-21,31.0
23.2228,26.21994,2025-05-22,31.0
37.952,23.972076,2025-05-23,31.0
21.8628,22.05814,2025-05-24,31.0
22.456,23.717005,2025-05-25,31.0
32.08,24.416286,2025-05-26,31.0
33.68,24.762291,2025-05-27,31.0
33.216,26.35828,2025-05-28,31.0
28.711,27.725807,2025-05-29,31.0
23.688,27.673191,2025-05-30,31.0
26.472,26.707508,2025-05-31,31.0
20.32,26.015032,2025-06-01,31.0
35.3028,24.907015,2025-06-02,31.0
25.84,24.164713,2025-06-03,31.0
37.2628,25.390522,2025-06-04,31.0
42.12,26.75114,2025-06-05,31.0
24.072,28.305584,2025-06-06,31.0
38.608,30.098469,2025-06-07,31.0
28.488,28.950186,2025-06-08,31.0
28.264,29.32938,2025-06-09,31.0
35.136,29.101227,2025-06-10,31.0
29.576,29.839016,2025-06-11,31.0
36.672,30.065762,2025-06-12,31.0
13.8628,29.07737,2025-06-13,31.0
32.248,29.143597,2025-06-14,31.0
17.392,26.419743,2025-06-15,31.0
31.784,26.179707,2025-06-16,31.0
24.28,27.560034,2024-09-18,32.0
27.428,25.69334,2024-09-19,32.0
30.32,24.969059,2024-09-20,32.0
57.28,24.550037,2024-09-21,32.0
27.132,24.524101,2024-09-22,32.0
14.776,29.599617,2024-09-23,32.0
19.732,31.871567,2024-09-24,32.0
28.26,30.534365,2024-09-25,32.0
52.808,27.019232,2024-09-26,32.0
32.9028,24.662563,2024-09-27,32.0
55.32,26.136242,2024-09-28,32.0
39.028,28.314026,2024-09-29,32.0
43.532,34.657272,2024-09-30,32.0
52.28,37.93979,2024-10-01,32.0
23.708,37.59712,2024-10-02,32.0
37.652,38.324146,2024-10-03,32.0
28.428,37.692055,2024-10-04,32.0
28.48,37.4729,2024-10-05,32.0
31.86,36.02647,2024-10-06,32.0
24.888,35.229897,2024-10-07,32.0
24.9428,34.99813,2024-10-08,32.0
19.488,33.93625,2024-10-09,32.0
22.288,31.775211,2024-10-10,32.0
30.052,27.66193,2024-10-11,32.0
32.572,25.646727,2024-10-12,32.0
27.488,25.059935,2024-10-13,32.0
39.112,25.795486,2024-10-14,32.0
28.148,27.097965,2024-10-15,32.0
42.72,29.612476,2024-10-16,32.0
31.492,29.990686,2024-10-17,32.0
22.568,30.912016,2024-10-18,32.0
18.352,30.980087,2024-10-19,32.0
44.968,29.449734,2024-10-20,32.0
39.48,27.245686,2024-10-21,32.0
37.592,28.996754,2024-10-22,32.0
28.608,32.449497,2024-10-23,32.0
37.328,35.179096,2024-10-24,32.0
44.744,34.753017,2024-10-25,32.0
39.588,33.07328,2024-10-26,32.0
38.12,32.433907,2024-10-27,32.0
39.48,32.83555,2024-10-28,32.0
36.6,35.179504,2024-10-29,32.0
37.46,37.669685,2024-10-30,32.0
43.168,35.62199,2024-10-31,32.0
37.112,35.24714,2024-11-01,32.0
43.912,36.254234,2024-11-02,32.0
38.428,36.376213,2024-11-03,32.0
37.628,38.286747,2024-11-04,32.0
43.272,39.535027,2024-11-05,32.0
43.768,39.617256,2024-11-06,32.0
41.12,38.981056,2024-11-07,32.0
44.172,38.79837,2024-11-08,32.0
65.06,38.14132,2024-11-09,32.0
46.288,37.949867,2024-11-10,32.0
25.032,41.989548,2024-11-11,32.0
53.552,44.91848,2024-11-12,32.0
62.548,44.387215,2024-11-13,32.0
67.34,43.982265,2024-11-14,32.0
29.52,44.85948,2024-11-15,32.0
74.74,46.08453,2024-11-16,32.0
48.82,44.53936,2024-11-17,32.0
41.768,48.451477,2024-11-18,32.0
52.032,50.863213,2024-11-19,32.0
33.911,51.078293,2024-11-20,32.0
31.668,51.6389,2024-11-21,32.0
36.948,49.83055,2024-11-22,32.0
61.237335,46.88561,2024-11-23,32.0
44.512,42.543648,2024-11-24,32.0
37.809334,44.368378,2024-11-25,32.0
49.618668,46.448822,2024-11-26,32.0
46.74267,44.659897,2024-11-27,32.0
45.824,45.49407,2024-11-28,32.0
35.05256,45.514107,2024-11-29,32.0
53.338,42.55069,2024-11-30,32.0
72.48,39.868423,2024-12-01,32.0
56.032,41.423767,2024-12-02,32.0
63.2,46.572,2024-12-03,32.0
64.36,49.32011,2024-12-04,32.0
71.496,52.054756,2024-12-05,32.0
56.088,54.058746,2024-12-06,32.0
52.72,54.0688,2024-12-07,32.0
38.736,53.430763,2024-12-08,32.0
69.328,52.963707,2024-12-09,32.0
52.72,53.91967,2024-12-10,32.0
63.856,54.73482,2024-12-11,32.0
67.624,53.979607,2024-12-12,32.0
74.16,53.588356,2024-12-13,32.0
43.328,54.460995,2024-12-14,32.0
73.832,55.854286,2024-12-15,32.0
58.464,56.71829,2024-12-16,32.0
18.0228,58.811363,2024-12-17,32.0
11.576,60.23735,2024-12-18,32.0
29.216,58.226936,2024-12-19,32.0
59.928,51.264153,2024-12-20,32.0
48.08,43.968384,2024-12-21,32.0
52.32,41.825474,2024-12-22,32.0
49.496,44.52794,2024-12-23,32.0
39.36,47.418373,2024-12-24,32.0
49.536,48.303894,2024-12-25,32.0
52.8,43.922607,2024-12-26,32.0
41.6628,40.062653,2024-12-27,32.0
52.136,39.19213,2024-12-28,32.0
50.12,40.294647,2024-12-29,32.0
48.432,44.48123,2024-12-30,32.0
50.04,48.369064,2024-12-31,32.0
57.0,50.588333,2025-01-01,32.0
51.216,49.74987,2025-01-02,32.0
54.72,49.58259,2025-01-03,32.0
56.448,50.15049,2025-01-04,32.0
54.976,50.127247,2025-01-05,32.0
58.456,51.730324,2025-01-06,32.0
43.64,53.231598,2025-01-07,32.0
49.888,54.72951,2025-01-08,32.0
49.6,54.337395,2025-01-09,32.0
54.064,53.559315,2025-01-10,32.0
50.04,51.957954,2025-01-11,32.0
49.96,50.72014,2025-01-12,32.0
52.672,51.19031,2025-01-13,32.0
43.536,52.722656,2025-01-14,32.0
52.8628,51.010685,2025-01-15,32.0
60.048,49.79202,2025-01-16,32.0
52.48,49.67781,2025-01-17,32.0
51.832,48.798203,2025-01-18,32.0
54.6,48.829346,2025-01-19,32.0
58.36,50.018436,2025-01-20,32.0
55.28,51.337646,2025-01-21,32.0
55.528,53.314434,2025-01-22,32.0
52.428,52.697433,2025-01-23,32.0
53.36,53.346004,2025-01-24,32.0
59.432,52.92296,2025-01-25,32.0
47.8,51.612984,2025-01-26,32.0
45.254,53.62108,2025-01-27,32.0
55.792,55.927612,2025-01-28,32.0
46.96,56.34017,2025-01-29,32.0
43.456,56.091343,2025-01-30,32.0
51.608,55.130424,2025-01-31,32.0
59.812,51.58848,2025-02-01,32.0
46.528,48.23781,2025-02-02,32.0
54.792,48.345474,2025-02-03,32.0
61.448,50.16803,2025-02-04,32.0
47.512,52.006363,2025-02-05,32.0
63.4628,54.195797,2025-02-06,32.0
61.84,54.965324,2025-02-07,32.0
64.936,54.614517,2025-02-08,32.0
55.368,53.84321,2025-02-09,32.0
64.656,54.317905,2025-02-10,32.0
52.368,55.65979,2025-02-11,32.0
53.112,57.561306,2025-02-12,32.0
49.112,58.388115,2025-02-13,32.0
46.808,58.20611,2025-02-14,32.0
63.464,56.6463,2025-02-15,32.0
56.792,53.52585,2025-02-16,32.0
58.952,54.10498,2025-02-17,32.0
54.102,54.787098,2025-02-18,32.0
56.208,54.888847,2025-02-19,32.0
59.568,53.125595,2025-02-20,32.0
62.232,51.937653,2025-02-21,32.0
65.168,50.48483,2025-02-22,32.0
57.102,49.991146,2025-02-23,32.0
69.6628,53.780483,2025-02-24,32.0
68.3028,56.75255,2025-02-25,32.0
65.4,59.615326,2025-02-26,32.0
60.16,61.13925,2025-02-27,32.0
20.168,61.13346,2025-02-28,32.0
62.936,60.939896,2025-03-01,32.0
56.64,56.187744,2025-03-02,32.0
61.32,53.155087,2025-03-03,32.0
53.648,53.768147,2025-03-04,32.0
45.911,55.973038,2025-03-05,32.0
56.256,56.746838,2025-03-06,32.0
50.0,56.685963,2025-03-07,32.0
44.08,54.153465,2025-03-08,32.0
43.872,50.456284,2025-03-09,32.0
51.36,50.0214,2025-03-10,32.0
37.848,50.831104,2025-03-11,32.0
39.312,50.382324,2025-03-12,32.0
37.936,47.129036,2025-03-13,32.0
39.36,45.672844,2025-03-14,32.0
39.968,43.11787,2025-03-15,32.0
26.424,39.82123,2025-03-16,32.0
32.2628,40.260574,2025-03-17,32.0
30.76,38.8328,2025-03-18,32.0
27.56,38.098312,2025-03-19,32.0
33.312,37.475388,2025-03-20,32.0
38.911,34.95369,2025-03-21,32.0
28.952,32.80976,2025-03-22,32.0
33.192,31.634624,2025-03-23,32.0
39.008,31.342274,2025-03-24,32.0
35.392,31.345219,2025-03-25,32.0
25.872,33.334564,2025-03-26,32.0
39.696,34.948666,2025-03-27,32.0
39.264,33.642235,2025-03-28,32.0
27.0,31.74607,2025-03-29,32.0
28.56,31.48663,2025-03-30,32.0
26.6,31.161972,2025-03-31,32.0
31.568,30.950457,2025-04-01,32.0
24.872,30.80608,2025-04-02,32.0
29.32,30.678368,2025-04-03,32.0
27.016,29.600239,2025-04-04,32.0
25.208,29.019794,2025-04-05,32.0
27.311,27.851658,2025-04-06,32.0
31.088,26.401031,2025-04-07,32.0
41.336,27.111671,2025-04-08,32.0
27.92,27.575233,2025-04-09,32.0
36.24,29.51696,2025-04-10,32.0
31.96,30.030056,2025-04-11,32.0
29.552,29.92843,2025-04-12,32.0
25.8228,30.16018,2025-04-13,32.0
31.232,29.644646,2025-04-14,32.0
28.5028,28.783825,2025-04-15,32.0
22.216,28.769009,2025-04-16,32.0
23.048,28.852707,2025-04-17,32.0
25.048,26.786385,2025-04-18,32.0
23.352,25.3873,2025-04-19,32.0
22.232,24.997953,2025-04-20,32.0
29.24,24.703186,2025-04-21,32.0
30.912,24.356617,2025-04-22,32.0
29.648,26.270542,2025-04-23,32.0
33.032,27.415482,2025-04-24,32.0
30.336,27.659996,2025-04-25,32.0
25.1028,27.572502,2025-04-26,32.0
26.6,26.578888,2025-04-27,32.0
28.288,25.392365,2025-04-28,32.0
36.112,26.409916,2025-04-29,32.0
30.592,29.114426,2025-04-30,32.0
28.0228,30.70142,2025-05-01,32.0
25.752,29.90093,2025-05-02,32.0
28.911,28.610718,2025-05-03,32.0
31.24,26.580557,2025-05-04,32.0
27.648,25.546953,2025-05-05,32.0
41.168,26.402905,2025-05-06,32.0
27.288,27.701591,2025-05-07,32.0
31.888,30.535992,2025-05-08,32.0
33.368,30.093403,2025-05-09,32.0
30.428,28.504269,2025-05-10,32.0
25.76,27.89568,2025-05-11,32.0
32.736,27.455292,2025-05-12,32.0
33.464,27.330044,2025-05-13,32.0
32.984,28.180595,2025-05-14,32.0
25.472,29.401134,2025-05-15,32.0
26.184,29.133526,2025-05-16,32.0
27.32,27.670444,2025-05-17,32.0
32.032,26.447533,2025-05-18,32.0
28.5828,25.500633,2025-05-19,32.0
27.84,26.339191,2025-05-20,32.0
26.9828,27.563911,2025-05-21,32.0
32.784,27.666344,2025-05-22,32.0
32.688,26.93627,2025-05-23,32.0
33.112,26.018778,2025-05-24,32.0
27.192,25.990835,2025-05-25,32.0
33.254,26.795746,2025-05-26,32.0
39.16,27.849087,2025-05-27,32.0
28.56,29.662128,2025-05-28,32.0
25.688,31.10551,2025-05-29,32.0
31.392,30.201794,2025-05-30,32.0
41.288,27.806828,2025-05-31,32.0
18.911,26.732428,2025-06-01,32.0
42.64,27.479336,2025-06-02,32.0
35.288,27.295635,2025-06-03,32.0
35.88,29.050318,2025-06-04,32.0
44.632,31.571594,2025-06-05,32.0
35.28,31.361261,2025-06-06,32.0
55.8,31.61867,2025-06-07,32.0
51.704,31.587582,2025-06-08,32.0
33.711,34.80359,2025-06-09,32.0
28.8,37.894653,2025-06-10,32.0
38.424,39.914062,2025-06-11,32.0
43.36,38.175262,2025-06-12,32.0
29.968,35.132442,2025-06-13,32.0
27.102,34.00331,2025-06-14,32.0
21.792,32.464798,2025-06-15,32.0
38.064,31.657055,2025-06-16,32.0
10.52,9.27599,2024-09-18,33.0
13.664,8.940544,2024-09-19,33.0
14.8,9.1399,2024-09-20,33.0
20.628,9.561016,2024-09-21,33.0
6.76,10.253997,2024-09-22,33.0
3.012,11.625132,2024-09-23,33.0
3.96,11.268066,2024-09-24,33.0
10.428,10.054942,2024-09-25,33.0
13.932,9.369227,2024-09-26,33.0
20.0,9.148348,2024-09-27,33.0
14.428,9.473633,2024-09-28,33.0
16.12,11.09038,2024-09-29,33.0
12.908,11.970614,2024-09-30,33.0
14.732,13.358167,2024-10-01,33.0
9.5,14.003963,2024-10-02,33.0
8.68,14.421236,2024-10-03,33.0
4.38,14.2417,2024-10-04,33.0
10.92,12.797024,2024-10-05,33.0
12.652,11.692807,2024-10-06,33.0
14.028,11.179046,2024-10-07,33.0
12.052,12.15255,2024-10-08,33.0
11.268,13.027633,2024-10-09,33.0
11.98,13.036538,2024-10-10,33.0
21.511,12.364693,2024-10-11,33.0
8.92,11.769167,2024-10-12,33.0
11.828,12.517345,2024-10-13,33.0
5.42,11.904112,2024-10-14,33.0
5.38,12.400745,2024-10-15,33.0
5.28,12.106913,2024-10-16,33.0
17.148,11.419855,2024-10-17,33.0
13.872,10.663284,2024-10-18,33.0
14.832,11.378213,2024-10-19,33.0
20.168,11.901924,2024-10-20,33.0
10.768,11.939128,2024-10-21,33.0
12.411,13.03442,2024-10-22,33.0
18.332,13.089977,2024-10-23,33.0
13.188,13.253799,2024-10-24,33.0
11.652,13.916512,2024-10-25,33.0
11.4,13.868063,2024-10-26,33.0
9.576,13.569529,2024-10-27,33.0
22.8228,12.367711,2024-10-28,33.0
17.988,11.988984,2024-10-29,33.0
11.92,13.487046,2024-10-30,33.0
20.94,14.049054,2024-10-31,33.0
9.592,14.029469,2024-11-01,33.0
16.108,15.077377,2024-11-02,33.0
22.988,14.773561,2024-11-03,33.0
20.772,14.467602,2024-11-04,33.0
21.652,16.147045,2024-11-05,33.0
21.508,17.820484,2024-11-06,33.0
16.56,18.888863,2024-11-07,33.0
5.692,19.421085,2024-11-08,33.0
22.88,19.196644,2024-11-09,33.0
24.028,17.511429,2024-11-10,33.0
10.332,17.735092,2024-11-11,33.0
10.68,19.079674,2024-11-12,33.0
11.548,18.882166,2024-11-13,33.0
24.02,17.847868,2024-11-14,33.0
25.48,16.483215,2024-11-15,33.0
14.928,16.633333,2024-11-16,33.0
24.472,17.742054,2024-11-17,33.0
22.448,17.875124,2024-11-18,33.0
17.8628,19.264,2024-11-19,33.0
8.88,20.999756,2024-11-20,33.0
20.506666,20.679409,2024-11-21,33.0
13.588,18.462616,2024-11-22,33.0
17.972,18.52641,2024-11-23,33.0
23.829334,17.866364,2024-11-24,33.0
17.850666,17.612827,2024-11-25,33.0
16.732,19.597147,2024-11-26,33.0
11.312,19.842453,2024-11-27,33.0
11.994,19.941648,2024-11-28,33.0
18.467283,18.823067,2024-11-29,33.0
20.295,16.64257,2024-11-30,33.0
7.288,16.011063,2024-12-01,33.0
7.292,15.878067,2024-12-02,33.0
7.332,15.8568535,2024-12-03,33.0
7.28,14.519922,2024-12-04,33.0
7.328,13.744108,2024-12-05,33.0
50.18,12.784245,2024-12-06,33.0
27.14,11.510803,2024-12-07,33.0
63.102,16.385977,2024-12-08,33.0
28.808,18.533695,2024-12-09,33.0
21.552,27.253563,2024-12-10,33.0
41.428,29.692486,2024-12-11,33.0
17.188,26.433187,2024-12-12,33.0
10.56,25.185375,2024-12-13,33.0
28.452,24.256601,2024-12-14,33.0
24.376,23.682438,2024-12-15,33.0
45.432,24.685295,2024-12-16,33.0
24.48,27.31673,2024-12-17,33.0
26.488,31.102066,2024-12-18,33.0
11.392,32.31339,2024-12-19,33.0
29.832,30.71673,2024-12-20,33.0
7.976,25.926939,2024-12-21,33.0
7.9428,24.563465,2024-12-22,33.0
7.976,23.59449,2024-12-23,33.0
7.992,21.812859,2024-12-24,33.0
7.992,20.436857,2024-12-25,33.0
28.068,17.77961,2024-12-26,33.0
39.508,15.244118,2024-12-27,33.0
17.612,15.761261,2024-12-28,33.0
6.8,20.02757,2024-12-29,33.0
6.788,22.239439,2024-12-30,33.0
33.16,20.452896,2024-12-31,33.0
25.952,18.511326,2025-01-01,33.0
37.72,18.752491,2025-01-02,33.0
18.711,19.53334,2025-01-03,33.0
6.228,23.508724,2025-01-04,33.0
6.28,25.479807,2025-01-05,33.0
6.28,22.08226,2025-01-06,33.0
6.252,18.755934,2025-01-07,33.0
6.268,16.803305,2025-01-08,33.0
28.188,15.169794,2025-01-09,33.0
45.102,13.977987,2025-01-10,33.0
26.62,16.12858,2025-01-11,33.0
29.9,21.78529,2025-01-12,33.0
6.888,24.259827,2025-01-13,33.0
14.572,25.571083,2025-01-14,33.0
6.988,22.336979,2025-01-15,33.0
36.464,19.328487,2025-01-16,33.0
51.768,17.047169,2025-01-17,33.0
7.32,18.244083,2025-01-18,33.0
7.36,23.620731,2025-01-19,33.0
7.352,24.9239,2025-01-20,33.0
8.536,22.643366,2025-01-21,33.0
8.5428,20.268856,2025-01-22,33.0
55.188,17.06747,2025-01-23,33.0
30.32,15.471706,2025-01-24,33.0
8.0,20.6607,2025-01-25,33.0
7.972,25.540085,2025-01-26,33.0
7.988,23.664728,2025-01-27,33.0
7.96,20.963856,2025-01-28,33.0
7.92,18.325562,2025-01-29,33.0
45.188,16.02626,2025-01-30,33.0
44.2,15.076048,2025-01-31,33.0
6.7828,17.545269,2025-02-01,33.0
6.788,22.039341,2025-02-02,33.0
7.412,20.885828,2025-02-03,33.0
8.488,19.18208,2025-02-04,33.0
8.56,17.495804,2025-02-05,33.0
45.288,16.001616,2025-02-06,33.0
53.652,14.977987,2025-02-07,33.0
6.1,18.613968,2025-02-08,33.0
5.568,25.593927,2025-02-09,33.0
5.56,23.548748,2025-02-10,33.0
5.572,20.076511,2025-02-11,33.0
11.4,17.146313,2025-02-12,33.0
8.852,15.014307,2025-02-13,33.0
8.528,14.3633995,2025-02-14,33.0
22.4,13.783015,2025-02-15,33.0
32.608,13.145149,2025-02-16,33.0
39.132,13.21624,2025-02-17,33.0
46.3,14.871076,2025-02-18,33.0
13.568,18.337841,2025-02-19,33.0
28.08,22.048725,2025-02-20,33.0
32.032,21.948671,2025-02-21,33.0
25.8,21.599293,2025-02-22,33.0
25.552,22.776352,2025-02-23,33.0
39.068,24.945171,2025-02-24,33.0
41.308,26.414799,2025-02-25,33.0
24.424,30.094193,2025-02-26,33.0
33.536,33.386383,2025-02-27,33.0
18.6,31.260403,2025-02-28,33.0
28.312,30.926878,2025-03-01,33.0
26.76,28.102394,2025-03-02,33.0
24.248,26.084045,2025-03-03,33.0
46.092,25.940498,2025-03-04,33.0
20.92,27.034908,2025-03-05,33.0
5.928,29.26949,2025-03-06,33.0
5.62,29.659615,2025-03-07,33.0
5.68,25.979942,2025-03-08,33.0
43.548,21.590889,2025-03-09,33.0
19.852,18.466557,2025-03-10,33.0
14.88,21.234678,2025-03-11,33.0
26.96,23.417747,2025-03-12,33.0
16.34,22.48403,2025-03-13,33.0
16.84,22.692135,2025-03-14,33.0
23.8,20.45617,2025-03-15,33.0
13.728,18.360455,2025-03-16,33.0
20.411,18.934233,2025-03-17,33.0
13.948,19.01607,2025-03-18,33.0
16.811,19.06755,2025-03-19,33.0
18.06,19.343987,2025-03-20,33.0
29.688,18.72038,2025-03-21,33.0
27.024,18.023746,2025-03-22,33.0
30.468,18.74467,2025-03-23,33.0
16.46,19.606579,2025-03-24,33.0
10.76,21.01031,2025-03-25,33.0
9.568,21.590374,2025-03-26,33.0
14.9428,20.474508,2025-03-27,33.0
21.2,18.262772,2025-03-28,33.0
11.008,16.498165,2025-03-29,33.0
7.272,16.839172,2025-03-30,33.0
8.056,16.491652,2025-03-31,33.0
8.092,15.157252,2025-04-01,33.0
8.028,13.734071,2025-04-02,33.0
19.812,11.882027,2025-04-03,33.0
12.11,10.995921,2025-04-04,33.0
7.748,11.303904,2025-04-05,33.0
11.211,11.124976,2025-04-06,33.0
16.26,9.918076,2025-04-07,33.0
7.42,9.902252,2025-04-08,33.0
19.36,11.018431,2025-04-09,33.0
6.588,10.93211,2025-04-10,33.0
24.224,11.8376465,2025-04-11,33.0
8.428,11.412025,2025-04-12,33.0
7.532,13.092275,2025-04-13,33.0
13.228,12.542865,2025-04-14,33.0
16.25,11.292475,2025-04-15,33.0
19.368,11.167961,2025-04-16,33.0
18.312,11.881144,2025-04-17,33.0
12.028,12.567289,2025-04-18,33.0
10.511,13.47141,2025-04-19,33.0
16.0,13.68022,2025-04-20,33.0
9.92,12.995656,2025-04-21,33.0
14.136,13.264324,2025-04-22,33.0
17.48,13.568727,2025-04-23,33.0
10.36,14.031731,2025-04-24,33.0
11.352,15.139712,2025-04-25,33.0
7.352,14.765403,2025-04-26,33.0
17.258,13.644866,2025-04-27,33.0
8.692,11.253474,2025-04-28,33.0
17.468,11.340071,2025-04-29,33.0
9.588,12.458476,2025-04-30,33.0
10.264,13.691462,2025-05-01,33.0
14.888,13.086941,2025-05-02,33.0
31.92,11.7988,2025-05-03,33.0
11.711,11.131802,2025-05-04,33.0
10.012,13.631046,2025-05-05,33.0
10.72,14.53195,2025-05-06,33.0
12.1428,14.215373,2025-05-07,33.0
13.08,13.70963,2025-05-08,33.0
35.812,12.639953,2025-05-09,33.0
35.372,11.995216,2025-05-10,33.0
28.258,14.336481,2025-05-11,33.0
28.944,18.042473,2025-05-12,33.0
9.376,21.738972,2025-05-13,33.0
25.652,23.499233,2025-05-14,33.0
25.08,21.161858,2025-05-15,33.0
27.932,19.84215,2025-05-16,33.0
45.388,19.408735,2025-05-17,33.0
35.508,20.77048,2025-05-18,33.0
30.992,24.962574,2025-05-19,33.0
41.0,30.052456,2025-05-20,33.0
41.608,31.773926,2025-05-21,33.0
14.12,31.129211,2025-05-22,33.0
14.772,31.460938,2025-05-23,33.0
14.26,27.815947,2025-05-24,33.0
14.96,24.434788,2025-05-25,33.0
10.672,22.219364,2025-05-26,33.0
14.68,20.681786,2025-05-27,33.0
10.188,20.373938,2025-05-28,33.0
16.788,20.0023,2025-05-29,33.0
10.1828,18.363802,2025-05-30,33.0
11.496,16.107931,2025-05-31,33.0
6.832,14.033203,2025-06-01,33.0
11.072,12.558852,2025-06-02,33.0
10.696,11.381359,2025-06-03,33.0
18.232,10.695429,2025-06-04,33.0
9.832,10.57387,2025-06-05,33.0
12.936,12.108356,2025-06-06,33.0
8.552,11.6412735,2025-06-07,33.0
6.56,11.050264,2025-06-08,33.0
10.912,10.04048,2025-06-09,33.0
16.136,9.868086,2025-06-10,33.0
19.872,10.429083,2025-06-11,33.0
18.25,11.677,2025-06-12,33.0
8.08,12.551405,2025-06-13,33.0
10.66,12.500117,2025-06-14,33.0
7.711,11.383155,2025-06-15,33.0
6.5,10.815663,2025-06-16,33.0
6.296,10.110594,2024-09-18,34.0
26.352,9.963694,2024-09-19,34.0
12.288,9.553925,2024-09-20,34.0
22.311,10.712845,2024-09-21,34.0
23.088,11.341815,2024-09-22,34.0
10.732,12.330545,2024-09-23,34.0
5.56,13.938591,2024-09-24,34.0
13.988,14.152872,2024-09-25,34.0
25.272,13.402742,2024-09-26,34.0
19.032,12.9534,2024-09-27,34.0
11.668,13.855739,2024-09-28,34.0
18.988,14.789778,2024-09-29,34.0
14.012,14.457066,2024-09-30,34.0
17.252,15.355923,2024-10-01,34.0
10.648,15.99736,2024-10-02,34.0
23.288,16.600819,2024-10-03,34.0
17.772,16.756308,2024-10-04,34.0
12.388,17.12629,2024-10-05,34.0
14.5028,17.767956,2024-10-06,34.0
17.608,16.969616,2024-10-07,34.0
13.3,17.016716,2024-10-08,34.0
11.892,17.035366,2024-10-09,34.0
24.88,16.48882,2024-10-10,34.0
17.84,15.557823,2024-10-11,34.0
10.64,16.52155,2024-10-12,34.0
19.456,17.23256,2024-10-13,34.0
18.56,16.195297,2024-10-14,34.0
11.592,16.615322,2024-10-15,34.0
17.028,17.262878,2024-10-16,34.0
23.12,16.807648,2024-10-17,34.0
10.62,16.587734,2024-10-18,34.0
13.292,17.604023,2024-10-19,34.0
12.296,17.356289,2024-10-20,34.0
19.992,16.257551,2024-10-21,34.0
19.792,15.804168,2024-10-22,34.0
19.868,16.351143,2024-10-23,34.0
11.628,17.11972,2024-10-24,34.0
19.0,17.608711,2024-10-25,34.0
10.76,17.451069,2024-10-26,34.0
18.944,17.470581,2024-10-27,34.0
13.768,16.018314,2024-10-28,34.0
17.66,15.891872,2024-10-29,34.0
16.528,16.420547,2024-10-30,34.0
21.928,16.222088,2024-10-31,34.0
17.1,16.45337,2024-11-01,34.0
6.26,17.632343,2024-11-02,34.0
18.36,18.421448,2024-11-03,34.0
20.9,17.425781,2024-11-04,34.0
9.728,17.137497,2024-11-05,34.0
5.472,17.729681,2024-11-06,34.0
24.8,17.05696,2024-11-07,34.0
19.328,16.005373,2024-11-08,34.0
8.392,16.652824,2024-11-09,34.0
18.032,17.79211,2024-11-10,34.0
12.376,16.803268,2024-11-11,34.0
18.772,17.123577,2024-11-12,34.0
16.332,17.49765,2024-11-13,34.0
21.168,17.70625,2024-11-14,34.0
14.528,17.59996,2024-11-15,34.0
5.74,18.447712,2024-11-16,34.0
11.0,19.289478,2024-11-17,34.0
20.288,17.572922,2024-11-18,34.0
10.5028,16.664816,2024-11-19,34.0
23.128,17.513554,2024-11-20,34.0
18.74,17.82394,2024-11-21,34.0
16.92,18.359125,2024-11-22,34.0
6.7973332,19.521687,2024-11-23,34.0
17.130667,19.726238,2024-11-24,34.0
17.854666,18.031767,2024-11-25,34.0
13.325666,17.958183,2024-11-26,34.0
14.977333,18.097677,2024-11-27,34.0
21.662,18.520609,2024-11-28,34.0
16.972,19.194523,2024-11-29,34.0
17.1028,19.333084,2024-11-30,34.0
20.292,19.500101,2024-12-01,34.0
6.828,18.77939,2024-12-02,34.0
12.528,19.376793,2024-12-03,34.0
11.98,18.580875,2024-12-04,34.0
13.25,18.298708,2024-12-05,34.0
4.78,18.321873,2024-12-06,34.0
30.14,17.910645,2024-12-07,34.0
5.3,17.172737,2024-12-08,34.0
17.96,17.06961,2024-12-09,34.0
10.188,16.734089,2024-12-10,34.0
22.2528,16.955612,2024-12-11,34.0
37.0,16.603333,2024-12-12,34.0
21.868,17.12162,2024-12-13,34.0
22.908,20.093052,2024-12-14,34.0
7.092,22.10806,2024-12-15,34.0
11.092,23.086258,2024-12-16,34.0
28.8,21.790411,2024-12-17,34.0
10.72,21.351639,2024-12-18,34.0
24.788,22.37838,2024-12-19,34.0
23.66,21.761488,2024-12-20,34.0
14.792,22.54591,2024-12-21,34.0
11.608,23.860209,2024-12-22,34.0
25.248,24.167906,2024-12-23,34.0
9.632,22.413761,2024-12-24,34.0
6.78,22.661148,2024-12-25,34.0
36.668,21.400337,2024-12-26,34.0
25.792,19.413355,2024-12-27,34.0
8.102,20.531097,2024-12-28,34.0
16.788,22.567642,2024-12-29,34.0
16.92,22.693905,2024-12-30,34.0
26.14,22.49038,2024-12-31,34.0
16.688,22.998644,2025-01-01,34.0
21.32,22.29968,2025-01-02,34.0
13.912,21.197945,2025-01-03,34.0
27.26,21.783726,2025-01-04,34.0
8.96,21.983503,2025-01-05,34.0
24.06,21.764523,2025-01-06,34.0
10.44,20.561043,2025-01-07,34.0
6.14,20.704386,2025-01-08,34.0
37.7,20.215576,2025-01-09,34.0
18.328,18.780222,2025-01-10,34.0
20.88,20.639338,2025-01-11,34.0
21.1428,21.857288,2025-01-12,34.0
22.068,21.901913,2025-01-13,34.0
6.468,22.313492,2025-01-14,34.0
10.464,22.46787,2025-01-15,34.0
39.336,21.360844,2025-01-16,34.0
4.432,19.769258,2025-01-17,34.0
14.768,21.21163,2025-01-18,34.0
25.424,21.70058,2025-01-19,34.0
13.868,21.169403,2025-01-20,34.0
7.708,21.317682,2025-01-21,34.0
25.652,21.429401,2025-01-22,34.0
23.292,20.009022,2025-01-23,34.0
6.656,20.059696,2025-01-24,34.0
16.9828,21.323242,2025-01-25,34.0
21.088,20.652546,2025-01-26,34.0
13.102,19.666903,2025-01-27,34.0
9.776,20.248829,2025-01-28,34.0
11.32,20.833702,2025-01-29,34.0
21.52,20.205744,2025-01-30,34.0
21.104,19.527468,2025-01-31,34.0
12.588,19.649952,2025-02-01,34.0
10.02,19.340168,2025-02-02,34.0
10.42,18.391699,2025-02-03,34.0
16.428,18.108938,2025-02-04,34.0
18.028,18.230587,2025-02-05,34.0
17.652,18.800442,2025-02-06,34.0
22.732,18.965723,2025-02-07,34.0
7.028,18.792969,2025-02-08,34.0
12.36,19.0452,2025-02-09,34.0
16.612,17.323517,2025-02-10,34.0
10.72,16.60427,2025-02-11,34.0
14.136,17.110245,2025-02-12,34.0
26.424,17.05494,2025-02-13,34.0
24.016,17.28727,2025-02-14,34.0
10.984,18.169273,2025-02-15,34.0
14.028,19.186188,2025-02-16,34.0
11.048,18.693039,2025-02-17,34.0
7.48,18.407658,2025-02-18,34.0
14.82,17.685883,2025-02-19,34.0
17.772,16.01256,2025-02-20,34.0
20.168,15.712172,2025-02-21,34.0
11.768,16.09123,2025-02-22,34.0
5.392,17.332447,2025-02-23,34.0
18.28,17.171814,2025-02-24,34.0
14.62,16.624197,2025-02-25,34.0
10.708,17.221926,2025-02-26,34.0
36.784,17.204395,2025-02-27,34.0
3.028,16.669416,2025-02-28,34.0
11.068,18.087002,2025-03-01,34.0
4.28,17.276325,2025-03-02,34.0
14.82,15.860411,2025-03-03,34.0
13.608,14.688006,2025-03-04,34.0
16.832,14.430822,2025-03-05,34.0
18.46,15.120333,2025-03-06,34.0
6.108,16.438934,2025-03-07,34.0
9.072,17.238094,2025-03-08,34.0
16.08,16.284935,2025-03-09,34.0
16.32,15.588966,2025-03-10,34.0
4.632,15.141283,2025-03-11,34.0
19.696,15.300935,2025-03-12,34.0
9.792,14.786589,2025-03-13,34.0
10.66,15.210072,2025-03-14,34.0
9.258,15.335413,2025-03-15,34.0
12.96,15.1905575,2025-03-16,34.0
10.132,14.722242,2025-03-17,34.0
5.692,14.301716,2025-03-18,34.0
16.828,14.017389,2025-03-19,34.0
23.028,13.335611,2025-03-20,34.0
12.172,13.717374,2025-03-21,34.0
13.732,14.828415,2025-03-22,34.0
10.168,15.26251,2025-03-23,34.0
8.968,14.492784,2025-03-24,34.0
20.2228,14.415855,2025-03-25,34.0
13.8,14.537794,2025-03-26,34.0
13.016,15.131607,2025-03-27,34.0
18.692,15.68545,2025-03-28,34.0
18.3,15.755686,2025-03-29,34.0
6.432,16.432629,2025-03-30,34.0
16.608,16.418839,2025-03-31,34.0
8.768,15.325363,2025-04-01,34.0
13.312,15.068352,2025-04-02,34.0
11.688,14.193391,2025-04-03,34.0
21.532,13.898262,2025-04-04,34.0
8.172,13.820534,2025-04-05,34.0
18.0,14.660934,2025-04-06,34.0
16.208,14.15546,2025-04-07,34.0
10.26,14.603079,2025-04-08,34.0
7.411,15.203577,2025-04-09,34.0
24.928,15.089859,2025-04-10,34.0
17.25,14.09196,2025-04-11,34.0
12.292,14.544269,2025-04-12,34.0
8.868,15.454602,2025-04-13,34.0
23.211,15.039486,2025-04-14,34.0
25.228,13.860655,2025-04-15,34.0
7.028,14.480333,2025-04-16,34.0
22.96,15.825754,2025-04-17,34.0
18.192,15.141371,2025-04-18,34.0
4.12,15.680197,2025-04-19,34.0
10.008,16.272343,2025-04-20,34.0
11.664,14.771806,2025-04-21,34.0
10.828,13.828001,2025-04-22,34.0
10.88,13.828064,2025-04-23,34.0
11.892,13.582879,2025-04-24,34.0
17.72,13.219385,2025-04-25,34.0
10.688,13.014282,2025-04-26,34.0
18.5,13.241698,2025-04-27,34.0
10.892,12.128546,2025-04-28,34.0
13.928,12.72608,2025-04-29,34.0
10.112,13.716662,2025-04-30,34.0
20.368,14.104352,2025-05-01,34.0
17.3,13.134176,2025-05-02,34.0
9.5,13.018177,2025-05-03,34.0
17.592,13.301565,2025-05-04,34.0
10.708,12.934061,2025-05-05,34.0
19.052,13.383541,2025-05-06,34.0
16.668,13.530764,2025-05-07,34.0
18.908,14.123985,2025-05-08,34.0
9.232,14.03224,2025-05-09,34.0
10.76,14.242136,2025-05-10,34.0
16.512,13.233244,2025-05-11,34.0
14.88,11.734459,2025-05-12,34.0
16.536,12.536188,2025-05-13,34.0
9.12,12.844683,2025-05-14,34.0
28.2628,13.332576,2025-05-15,34.0
16.448,13.159796,2025-05-16,34.0
13.0,14.135202,2025-05-17,34.0
22.14,14.5308895,2025-05-18,34.0
14.572,13.333753,2025-05-19,34.0
12.12,14.241176,2025-05-20,34.0
10.828,14.729975,2025-05-21,34.0
17.028,14.4722595,2025-05-22,34.0
10.8,13.2186985,2025-05-23,34.0
18.552,12.858084,2025-05-24,34.0
11.42,12.2384615,2025-05-25,34.0
14.532,12.670617,2025-05-26,34.0
14.656,13.066992,2025-05-27,34.0
16.1828,14.309807,2025-05-28,34.0
24.228,14.379744,2025-05-29,34.0
12.308,13.634697,2025-05-30,34.0
14.311,13.507171,2025-05-31,34.0
8.888,13.095903,2025-06-01,34.0
13.972,12.506102,2025-06-02,34.0
12.811,12.1979885,2025-06-03,34.0
17.968,12.009361,2025-06-04,34.0
22.088,12.125509,2025-06-05,34.0
12.12,13.093576,2025-06-06,34.0
12.76,14.093301,2025-06-07,34.0
17.432,13.665773,2025-06-08,34.0
11.192,12.696751,2025-06-09,34.0
13.96,13.0526905,2025-06-10,34.0
14.328,13.327066,2025-06-11,34.0
17.048,13.432002,2025-06-12,34.0
11.432,12.991524,2025-06-13,34.0
10.98,12.597355,2025-06-14,34.0
4.948,12.096128,2025-06-15,34.0
14.582,11.785039,2025-06-16,34.0
27.128,31.985123,2024-09-18,35.0
29.5428,28.98402,2024-09-19,35.0
23.28,28.17789,2024-09-20,35.0
70.8,28.787838,2024-09-21,35.0
33.656,27.64051,2024-09-22,35.0
11.52,33.582977,2024-09-23,35.0
26.872,37.172386,2024-09-24,35.0
18.14,34.73059,2024-09-25,35.0
52.052,31.42046,2024-09-26,35.0
48.668,27.27579,2024-09-27,35.0
39.36,27.797342,2024-09-28,35.0
41.88,31.498215,2024-09-29,35.0
23.0,36.9588,2024-09-30,35.0
18.708,39.371292,2024-10-01,35.0
28.24,34.78398,2024-10-02,35.0
17.2,30.304657,2024-10-03,35.0
24.992,28.24295,2024-10-04,35.0
23.832,27.614439,2024-10-05,35.0
47.64,28.09528,2024-10-06,35.0
19.328,27.818913,2024-10-07,35.0
10.64,31.46444,2024-10-08,35.0
21.46,30.55403,2024-10-09,35.0
16.92,25.988148,2024-10-10,35.0
23.132,22.75726,2024-10-11,35.0
10.388,20.763863,2024-10-12,35.0
16.988,20.535864,2024-10-13,35.0
16.7028,19.379723,2024-10-14,35.0
22.52,19.945538,2024-10-15,35.0
26.176,19.946945,2024-10-16,35.0
18.3028,20.026314,2024-10-17,35.0
17.808,21.225643,2024-10-18,35.0
8.848,21.384111,2024-10-19,35.0
32.192,20.638956,2024-10-20,35.0
31.552,17.711939,2024-10-21,35.0
35.748,18.681793,2024-10-22,35.0
20.172,21.593584,2024-10-23,35.0
10.256,26.145899,2024-10-24,35.0
6.392,26.8144,2024-10-25,35.0
24.74,23.7365,2024-10-26,35.0
12.811,19.990587,2024-10-27,35.0
22.528,18.154408,2024-10-28,35.0
28.568,17.836258,2024-10-29,35.0
24.428,19.503412,2024-10-30,35.0
18.852,20.639511,2024-10-31,35.0
17.32,21.848928,2024-11-01,35.0
41.72,22.077915,2024-11-02,35.0
10.38,21.441017,2024-11-03,35.0
32.86,24.289257,2024-11-04,35.0
9.76,23.795238,2024-11-05,35.0
18.412,25.033012,2024-11-06,35.0
31.388,23.813198,2024-11-07,35.0
9.788,22.344242,2024-11-08,35.0
31.96,22.867594,2024-11-09,35.0
17.732,22.203983,2024-11-10,35.0
27.868,23.774714,2024-11-11,35.0
35.72,23.184113,2024-11-12,35.0
12.112,23.955704,2024-11-13,35.0
24.952,24.98907,2024-11-14,35.0
16.748,23.526684,2024-11-15,35.0
25.548,23.028519,2024-11-16,35.0
5.952,21.930614,2024-11-17,35.0
28.7,22.268398,2024-11-18,35.0
3.428,20.673687,2024-11-19,35.0
11.282,22.630754,2024-11-20,35.0
25.064,21.363796,2024-11-21,35.0
14.618667,18.847673,2024-11-22,35.0
33.076,19.56335,2024-11-23,35.0
10.688,19.23972,2024-11-24,35.0
33.809334,20.991646,2024-11-25,35.0
16.302668,20.742577,2024-11-26,35.0
10.254666,21.90599,2024-11-27,35.0
25.008,21.735735,2024-11-28,35.0
11.683333,20.460484,2024-11-29,35.0
27.7492,19.548409,2024-11-30,35.0
27.388,18.599142,2024-12-01,35.0
41.6,19.289204,2024-12-02,35.0
23.5028,21.86053,2024-12-03,35.0
39.968,26.003231,2024-12-04,35.0
11.288,27.453001,2024-12-05,35.0
49.472,28.83827,2024-12-06,35.0
29.048,26.027359,2024-12-07,35.0
31.624,27.186588,2024-12-08,35.0
38.768,27.42374,2024-12-09,35.0
39.08,29.749527,2024-12-10,35.0
49.98,31.756245,2024-12-11,35.0
10.22,31.467873,2024-12-12,35.0
26.68,32.61476,2024-12-13,35.0
19.528,30.482113,2024-12-14,35.0
43.92,30.370193,2024-12-15,35.0
46.932,28.979645,2024-12-16,35.0
41.296,30.73585,2024-12-17,35.0
37.892,34.739937,2024-12-18,35.0
23.572,38.89036,2024-12-19,35.0
25.64,39.068016,2024-12-20,35.0
28.52,34.7446,2024-12-21,35.0
55.488,32.48516,2024-12-22,35.0
13.94,32.77565,2024-12-23,35.0
2.62,36.21962,2024-12-24,35.0
4.728,35.732483,2024-12-25,35.0
55.5428,29.838375,2024-12-26,35.0
41.32,24.063196,2024-12-27,35.0
27.576,24.85322,2024-12-28,35.0
25.492,28.228249,2024-12-29,35.0
52.252,31.747614,2024-12-30,35.0
43.736,34.19809,2024-12-31,35.0
39.56,36.57853,2025-01-01,35.0
39.104,34.967335,2025-01-02,35.0
19.056,33.519554,2025-01-03,35.0
38.584,36.06936,2025-01-04,35.0
39.36,35.34007,2025-01-05,35.0
46.68,34.269844,2025-01-06,35.0
41.256,34.664608,2025-01-07,35.0
44.052,37.117287,2025-01-08,35.0
20.82,38.50673,2025-01-09,35.0
26.56,39.97515,2025-01-10,35.0
38.11,38.383633,2025-01-11,35.0
22.848,34.960823,2025-01-12,35.0
19.872,33.774895,2025-01-13,35.0
27.432,33.069046,2025-01-14,35.0
37.48,31.249996,2025-01-15,35.0
13.968,30.14743,2025-01-16,35.0
14.84,30.711498,2025-01-17,35.0
27.98,28.555777,2025-01-18,35.0
30.411,26.996155,2025-01-19,35.0
37.616,26.605728,2025-01-20,35.0
10.512,26.686234,2025-01-21,35.0
19.66,29.496456,2025-01-22,35.0
3.788,26.877586,2025-01-23,35.0
37.292,25.462357,2025-01-24,35.0
61.828,22.47045,2025-01-25,35.0
22.832,22.862352,2025-01-26,35.0
41.112,28.830433,2025-01-27,35.0
32.28,32.79678,2025-01-28,35.0
33.548,35.389244,2025-01-29,35.0
28.372,34.363365,2025-01-30,35.0
9.528,33.12311,2025-01-31,35.0
44.488,30.779991,2025-02-01,35.0
9.072,27.878235,2025-02-02,35.0
36.112,28.158398,2025-02-03,35.0
46.216,27.554363,2025-02-04,35.0
18.5428,29.477505,2025-02-05,35.0
18.258,32.385193,2025-02-06,35.0
37.36,32.341095,2025-02-07,35.0
22.092,30.154087,2025-02-08,35.0
31.168,28.645388,2025-02-09,35.0
4.368,26.688068,2025-02-10,35.0
25.972,26.769802,2025-02-11,35.0
43.64,25.346516,2025-02-12,35.0
20.092,25.117916,2025-02-13,35.0
37.568,27.688576,2025-02-14,35.0
10.128,27.636126,2025-02-15,35.0
2.54,28.46246,2025-02-16,35.0
17.48,26.873499,2025-02-17,35.0
16.768,23.43945,2025-02-18,35.0
29.4628,20.7095,2025-02-19,35.0
29.528,19.090405,2025-02-20,35.0
31.608,19.962755,2025-02-21,35.0
26.092,22.08944,2025-02-22,35.0
19.852,24.598743,2025-02-23,35.0
33.496,25.398746,2025-02-24,35.0
14.9828,24.056955,2025-02-25,35.0
49.688,25.364391,2025-02-26,35.0
29.728,24.547829,2025-02-27,35.0
3.052,26.795452,2025-02-28,35.0
28.692,29.603596,2025-03-01,35.0
49.496,26.62775,2025-03-02,35.0
22.432,24.664948,2025-03-03,35.0
23.08,27.026772,2025-03-04,35.0
16.62,28.837986,2025-03-05,35.0
33.772,28.023333,2025-03-06,35.0
26.948,28.122408,2025-03-07,35.0
7.82,27.55822,2025-03-08,35.0
29.98,26.495445,2025-03-09,35.0
23.788,25.2072,2025-03-10,35.0
25.9028,26.527622,2025-03-11,35.0
16.576,26.282156,2025-03-12,35.0
16.272,24.92925,2025-03-13,35.0
16.472,24.292633,2025-03-14,35.0
19.748,23.096115,2025-03-15,35.0
19.868,21.237265,2025-03-16,35.0
6.112,20.427397,2025-03-17,35.0
20.288,20.480467,2025-03-18,35.0
12.292,19.259838,2025-03-19,35.0
5.24,19.812366,2025-03-20,35.0
30.108,18.63463,2025-03-21,35.0
46.464,16.472656,2025-03-22,35.0
21.28,17.244816,2025-03-23,35.0
17.576,21.448298,2025-03-24,35.0
11.572,23.291655,2025-03-25,35.0
33.668,23.531002,2025-03-26,35.0
27.36,22.506176,2025-03-27,35.0
17.252,22.686169,2025-03-28,35.0
21.92,22.445927,2025-03-29,35.0
10.548,22.908407,2025-03-30,35.0
11.1828,23.363535,2025-03-31,35.0
20.12,21.529892,2025-04-01,35.0
17.336,19.083706,2025-04-02,35.0
17.56,18.045055,2025-04-03,35.0
12.411,18.39374,2025-04-04,35.0
14.26,18.49204,2025-04-05,35.0
21.5,17.36348,2025-04-06,35.0
11.46,15.817617,2025-04-07,35.0
12.608,16.243996,2025-04-08,35.0
17.612,15.988981,2025-04-09,35.0
18.02,15.432838,2025-04-10,35.0
10.5,15.622749,2025-04-11,35.0
18.02,16.187408,2025-04-12,35.0
7.8,16.267765,2025-04-13,35.0
24.4,16.136513,2025-04-14,35.0
10.032,14.594703,2025-04-15,35.0
24.056,15.239015,2025-04-16,35.0
18.12,14.831604,2025-04-17,35.0
10.52,15.320264,2025-04-18,35.0
12.8628,15.768932,2025-04-19,35.0
25.376,15.377207,2025-04-20,35.0
10.211,14.524341,2025-04-21,35.0
19.748,15.804571,2025-04-22,35.0
13.612,16.663883,2025-04-23,35.0
14.42,17.562363,2025-04-24,35.0
20.608,17.991772,2025-04-25,35.0
17.36,17.79333,2025-04-26,35.0
24.228,17.458504,2025-04-27,35.0
27.944,16.25288,2025-04-28,35.0
21.068,18.022865,2025-04-29,35.0
25.668,22.827995,2025-04-30,35.0
43.8228,24.47116,2025-05-01,35.0
32.656,23.865822,2025-05-02,35.0
27.1428,25.421238,2025-05-03,35.0
22.228,26.15259,2025-05-04,35.0
22.88,26.332087,2025-05-05,35.0
30.62,26.34896,2025-05-06,35.0
45.968,26.329592,2025-05-07,35.0
31.744,27.193745,2025-05-08,35.0
18.988,29.23861,2025-05-09,35.0
71.892,30.86229,2025-05-10,35.0
57.28,30.236168,2025-05-11,35.0
66.016,34.3388,2025-05-12,35.0
36.411,39.22049,2025-05-13,35.0
18.8,44.843727,2025-05-14,35.0
13.36,46.482574,2025-05-15,35.0
33.492,42.042538,2025-05-16,35.0
24.468,34.63089,2025-05-17,35.0
35.868,31.430735,2025-05-18,35.0
38.672,31.015068,2025-05-19,35.0
22.5,33.82215,2025-05-20,35.0
48.788,37.425095,2025-05-21,35.0
4.28,35.097797,2025-05-22,35.0
4.6,33.808914,2025-05-23,35.0
4.6,28.47403,2025-05-24,35.0
25.692,23.621216,2025-05-25,35.0
41.948,19.010555,2025-05-26,35.0
62.6228,18.569834,2025-05-27,35.0
28.456,24.080982,2025-05-28,35.0
7.12,33.107605,2025-05-29,35.0
56.744,37.644657,2025-05-30,35.0
66.088,30.881048,2025-05-31,35.0
28.2,30.094078,2025-06-01,35.0
46.5,33.74083,2025-06-02,35.0
45.18,35.722336,2025-06-03,35.0
38.6,38.666016,2025-06-04,35.0
47.592,43.063065,2025-06-05,35.0
29.456,40.873306,2025-06-06,35.0
28.852,38.782784,2025-06-07,35.0
36.88,38.0048,2025-06-08,35.0
43.12,36.96296,2025-06-09,35.0
33.3,35.831764,2025-06-10,35.0
45.42,37.79565,2025-06-11,35.0
25.588,38.341293,2025-06-12,35.0
25.3028,37.518852,2025-06-13,35.0
25.936,35.635345,2025-06-14,35.0
16.88,32.249496,2025-06-15,35.0
44.81,29.054935,2025-06-16,35.0
12.1,12.484392,2024-09-18,36.0
11.12,11.462264,2024-09-19,36.0
12.01,11.26866,2024-09-20,36.0
13.89,11.001499,2024-09-21,36.0
17.1,11.010094,2024-09-22,36.0
5.45,11.414522,2024-09-23,36.0
5.72,12.424956,2024-09-24,36.0
8.128,11.979792,2024-09-25,36.0
27.36,11.2907295,2024-09-26,36.0
14.05,10.338126,2024-09-27,36.0
13.52,11.666975,2024-09-28,36.0
16.0,12.669049,2024-09-29,36.0
14.32,13.099538,2024-09-30,36.0
13.532,14.488899,2024-10-01,36.0
9.856,14.921175,2024-10-02,36.0
27.292,14.879382,2024-10-03,36.0
13.372,14.597363,2024-10-04,36.0
12.496,15.859089,2024-10-05,36.0
16.7028,16.35701,2024-10-06,36.0
12.448,15.723505,2024-10-07,36.0
17.592,16.527367,2024-10-08,36.0
23.2,16.273335,2024-10-09,36.0
23.948,15.858105,2024-10-10,36.0
20.132,16.018867,2024-10-11,36.0
12.4,17.387014,2024-10-12,36.0
17.416,18.002874,2024-10-13,36.0
13.952,16.97881,2024-10-14,36.0
17.168,17.191166,2024-10-15,36.0
14.992,17.210392,2024-10-16,36.0
9.192,17.329319,2024-10-17,36.0
10.848,17.424734,2024-10-18,36.0
17.92,16.704094,2024-10-19,36.0
17.128,15.513812,2024-10-20,36.0
13.384,14.864677,2024-10-21,36.0
9.376,15.141169,2024-10-22,36.0
8.452,15.287098,2024-10-23,36.0
20.76,15.075454,2024-10-24,36.0
9.211,13.983199,2024-10-25,36.0
8.948,14.04464,2024-10-26,36.0
16.092,13.580709,2024-10-27,36.0
10.688,11.999282,2024-10-28,36.0
9.46,12.240234,2024-10-29,36.0
21.908,12.517116,2024-10-30,36.0
22.912,11.563477,2024-10-31,36.0
12.048,12.622259,2024-11-01,36.0
20.2228,14.806681,2024-11-02,36.0
8.056,15.324657,2024-11-03,36.0
10.211,16.446495,2024-11-04,36.0
12.3,16.076403,2024-11-05,36.0
13.02,15.2771015,2024-11-06,36.0
20.18,14.506555,2024-11-07,36.0
12.2,14.24143,2024-11-08,36.0
8.24,15.365393,2024-11-09,36.0
12.6,16.024782,2024-11-10,36.0
8.828,15.213861,2024-11-11,36.0
14.36,14.448209,2024-11-12,36.0
26.768,13.552298,2024-11-13,36.0
10.76,13.243545,2024-11-14,36.0
10.612,14.756981,2024-11-15,36.0
8.98,15.022057,2024-11-16,36.0
19.102,14.598575,2024-11-17,36.0
10.816,13.429295,2024-11-18,36.0
19.064,14.0336,2024-11-19,36.0
25.0,14.86843,2024-11-20,36.0
12.92,16.071993,2024-11-21,36.0
41.016,17.529568,2024-11-22,36.0
12.784481,17.983536,2024-11-23,36.0
16.713259,20.903978,2024-11-24,36.0
10.9771,20.829124,2024-11-25,36.0
13.745721,20.839714,2024-11-26,36.0
16.676102,18.59842,2024-11-27,36.0
11.105717,18.006783,2024-11-28,36.0
11.320729,18.402256,2024-11-29,36.0
17.44,17.010805,2024-11-30,36.0
35.6,16.276957,2024-12-01,36.0
18.532,15.574394,2024-12-02,36.0
18.2,19.257504,2024-12-03,36.0
32.828,20.0374,2024-12-04,36.0
25.424,20.547752,2024-12-05,36.0
18.976,22.422703,2024-12-06,36.0
18.744,21.881721,2024-12-07,36.0
28.28,21.349396,2024-12-08,36.0
11.76,20.190273,2024-12-09,36.0
18.48,22.699589,2024-12-10,36.0
32.128,22.042408,2024-12-11,36.0
25.102,20.599422,2024-12-12,36.0
19.448,21.2748,2024-12-13,36.0
13.7,22.823004,2024-12-14,36.0
27.532,23.54805,2024-12-15,36.0
17.12,22.688574,2024-12-16,36.0
18.548,23.577024,2024-12-17,36.0
29.988,23.797703,2024-12-18,36.0
20.652,24.293198,2024-12-19,36.0
19.028,24.873455,2024-12-20,36.0
20.34,24.506702,2024-12-21,36.0
26.72,24.494055,2024-12-22,36.0
19.1,25.39816,2024-12-23,36.0
17.572,26.200104,2024-12-24,36.0
37.688,25.63407,2024-12-25,36.0
37.1,23.144775,2024-12-26,36.0
16.28,23.143745,2024-12-27,36.0
19.528,24.651665,2024-12-28,36.0
21.56,24.773045,2024-12-29,36.0
19.248,25.679918,2024-12-30,36.0
18.704,26.522488,2024-12-31,36.0
27.72,26.76873,2025-01-01,36.0
18.28,24.099903,2025-01-02,36.0
17.228,23.592226,2025-01-03,36.0
26.24,23.75559,2025-01-04,36.0
21.708,22.73102,2025-01-05,36.0
17.068,22.4141,2025-01-06,36.0
19.424,22.380802,2025-01-07,36.0
33.616,21.7714,2025-01-08,36.0
21.512,20.881811,2025-01-09,36.0
26.94,22.531826,2025-01-10,36.0
11.828,23.73904,2025-01-11,36.0
36.532,24.440563,2025-01-12,36.0
18.548,22.975266,2025-01-13,36.0
13.311,24.500664,2025-01-14,36.0
30.968,23.748072,2025-01-15,36.0
30.192,22.305746,2025-01-16,36.0
16.76,22.926756,2025-01-17,36.0
18.632,23.6635,2025-01-18,36.0
25.32,23.891361,2025-01-19,36.0
18.012,23.618357,2025-01-20,36.0
17.512,23.947031,2025-01-21,36.0
33.632,24.23958,2025-01-22,36.0
23.088,21.901716,2025-01-23,36.0
17.488,23.134066,2025-01-24,36.0
11.5028,24.451511,2025-01-25,36.0
23.828,23.63908,2025-01-26,36.0
18.1,21.543911,2025-01-27,36.0
24.848,21.796772,2025-01-28,36.0
24.76,21.807127,2025-01-29,36.0
17.772,22.024843,2025-01-30,36.0
16.78,23.203674,2025-01-31,36.0
13.46,22.57409,2025-02-01,36.0
24.268,20.409256,2025-02-02,36.0
21.792,18.246868,2025-02-03,36.0
11.648,19.021992,2025-02-04,36.0
26.84,20.681929,2025-02-05,36.0
22.028,20.906738,2025-02-06,36.0
20.12,21.539001,2025-02-07,36.0
11.1828,21.783226,2025-02-08,36.0
24.92,20.776844,2025-02-09,36.0
16.708,18.386368,2025-02-10,36.0
24.2,19.117954,2025-02-11,36.0
24.492,19.644327,2025-02-12,36.0
16.188,20.36838,2025-02-13,36.0
10.82,21.950096,2025-02-14,36.0
14.98,21.289433,2025-02-15,36.0
25.1,19.10788,2025-02-16,36.0
11.5,17.535374,2025-02-17,36.0
16.708,17.705574,2025-02-18,36.0
39.784,17.438747,2025-02-19,36.0
16.576,16.21121,2025-02-20,36.0
16.172,18.764217,2025-02-21,36.0
14.86,19.523968,2025-02-22,36.0
28.752,19.183449,2025-02-23,36.0
11.936,18.737999,2025-02-24,36.0
13.104,20.05385,2025-02-25,36.0
21.668,20.332575,2025-02-26,36.0
19.492,19.367483,2025-02-27,36.0
6.24,19.225393,2025-02-28,36.0
10.848,19.41303,2025-03-01,36.0
20.592,17.16656,2025-03-02,36.0
10.188,15.223043,2025-03-03,36.0
9.188,15.336139,2025-03-04,36.0
19.48,15.043959,2025-03-05,36.0
6.892,13.866575,2025-03-06,36.0
5.14,14.542841,2025-03-07,36.0
8.288,13.7582855,2025-03-08,36.0
17.892,12.021135,2025-03-09,36.0
7.732,11.11629,2025-03-10,36.0
8.496,11.8144455,2025-03-11,36.0
19.432,11.664824,2025-03-12,36.0
10.448,10.485524,2025-03-13,36.0
7.72,11.398073,2025-03-14,36.0
8.08,11.340347,2025-03-15,36.0
16.104,10.82993,2025-03-16,36.0
8.028,10.179177,2025-03-17,36.0
9.28,10.236567,2025-03-18,36.0
17.656,10.284772,2025-03-19,36.0
17.252,10.386721,2025-03-20,36.0
6.732,11.315661,2025-03-21,36.0
8.828,12.315457,2025-03-22,36.0
13.412,11.84078,2025-03-23,36.0
9.412,10.38661,2025-03-24,36.0
7.76,10.116011,2025-03-25,36.0
17.024,10.55802,2025-03-26,36.0
9.288,10.675264,2025-03-27,36.0
17.16,11.40994,2025-03-28,36.0
14.11,10.996897,2025-03-29,36.0
7.32,11.78449,2025-03-30,36.0
8.76,12.012211,2025-03-31,36.0
8.888,11.088959,2025-04-01,36.0
11.692,10.420782,2025-04-02,36.0
11.932,9.513149,2025-04-03,36.0
9.2,9.572435,2025-04-04,36.0
8.496,9.917561,2025-04-05,36.0
16.311,9.601629,2025-04-06,36.0
9.792,8.741831,2025-04-07,36.0
10.0,9.629259,2025-04-08,36.0
20.736,10.277182,2025-04-09,36.0
9.84,10.349701,2025-04-10,36.0
8.96,11.597004,2025-04-11,36.0
8.092,11.83153,2025-04-12,36.0
14.588,11.938726,2025-04-13,36.0
8.252,11.086879,2025-04-14,36.0
6.308,10.684031,2025-04-15,36.0
11.492,10.441053,2025-04-16,36.0
13.148,9.836308,2025-04-17,36.0
8.544,9.365801,2025-04-18,36.0
8.848,9.611537,2025-04-19,36.0
18.248,9.688817,2025-04-20,36.0
10.732,9.406488,2025-04-21,36.0
10.532,10.676048,2025-04-22,36.0
17.256,11.736547,2025-04-23,36.0
17.704,11.964261,2025-04-24,36.0
10.2,12.95314,2025-04-25,36.0
10.288,13.9694,2025-04-26,36.0
16.22,13.312981,2025-04-27,36.0
10.788,11.545536,2025-04-28,36.0
10.64,12.13987,2025-04-29,36.0
18.2628,13.908457,2025-04-30,36.0
24.136,14.0717,2025-05-01,36.0
18.96,14.185639,2025-05-02,36.0
11.1828,14.980228,2025-05-03,36.0
11.968,14.955626,2025-05-04,36.0
10.08,14.305702,2025-05-05,36.0
10.74,14.03111,2025-05-06,36.0
18.292,13.583539,2025-05-07,36.0
17.856,13.2396345,2025-05-08,36.0
13.12,13.319126,2025-05-09,36.0
14.5428,13.961261,2025-05-10,36.0
17.028,13.66481,2025-05-11,36.0
12.46,12.706856,2025-05-12,36.0
19.6,13.8616295,2025-05-13,36.0
14.92,13.937755,2025-05-14,36.0
8.42,14.739288,2025-05-15,36.0
10.628,15.014551,2025-05-16,36.0
12.44,13.776952,2025-05-17,36.0
16.5428,12.895874,2025-05-18,36.0
12.988,11.9654,2025-05-19,36.0
12.468,13.30426,2025-05-20,36.0
19.828,14.252493,2025-05-21,36.0
26.672,14.222845,2025-05-22,36.0
13.288,14.262068,2025-05-23,36.0
11.6628,15.02541,2025-05-24,36.0
21.176,14.650213,2025-05-25,36.0
22.384,14.051455,2025-05-26,36.0
21.96,14.682524,2025-05-27,36.0
20.788,17.276278,2025-05-28,36.0
17.932,18.850954,2025-05-29,36.0
16.828,19.292522,2025-05-30,36.0
21.56,18.550041,2025-05-31,36.0
11.108,17.57933,2025-06-01,36.0
17.24,17.401854,2025-06-02,36.0
18.2,16.867004,2025-06-03,36.0
22.72,16.695463,2025-06-04,36.0
24.46,17.26168,2025-06-05,36.0
20.62,18.324032,2025-06-06,36.0
21.74,19.019321,2025-06-07,36.0
25.112,19.012753,2025-06-08,36.0
19.548,19.221241,2025-06-09,36.0
18.86,20.347734,2025-06-10,36.0
23.232,21.338135,2025-06-11,36.0
26.448,21.134968,2025-06-12,36.0
13.52,20.14822,2025-06-13,36.0
10.792,19.889109,2025-06-14,36.0
7.136,18.627651,2025-06-15,36.0
18.3928,17.096497,2025-06-16,36.0
20.332,15.382634,2024-09-18,37.0
10.16,15.796862,2024-09-19,37.0
24.28,16.596733,2024-09-20,37.0
32.708,15.936977,2024-09-21,37.0
18.76,16.451084,2024-09-22,37.0
16.828,18.73293,2024-09-23,37.0
12.5828,19.99525,2024-09-24,37.0
21.08,20.202898,2024-09-25,37.0
26.328,19.209202,2024-09-26,37.0
32.98,18.59497,2024-09-27,37.0
25.811,18.63978,2024-09-28,37.0
32.456,21.04262,2024-09-29,37.0
18.312,22.941656,2024-09-30,37.0
29.048,25.245607,2024-10-01,37.0
19.832,25.209572,2024-10-02,37.0
30.74,25.420748,2024-10-03,37.0
25.7,25.549252,2024-10-04,37.0
31.1,25.981892,2024-10-05,37.0
21.98,26.679903,2024-10-06,37.0
27.04,27.278894,2024-10-07,37.0
26.128,27.514282,2024-10-08,37.0
23.552,27.039495,2024-10-09,37.0
13.028,26.10627,2024-10-10,37.0
29.392,24.441643,2024-10-11,37.0
20.988,22.96693,2024-10-12,37.0
25.7,23.219528,2024-10-13,37.0
21.232,23.021244,2024-10-14,37.0
32.296,23.692005,2024-10-15,37.0
24.232,24.209545,2024-10-16,37.0
17.64,25.462189,2024-10-17,37.0
23.008,25.734947,2024-10-18,37.0
41.332,24.733232,2024-10-19,37.0
33.1,24.139486,2024-10-20,37.0
39.98,25.681202,2024-10-21,37.0
30.7,27.7259,2024-10-22,37.0
31.82,30.264538,2024-10-23,37.0
44.228,32.03884,2024-10-24,37.0
37.88,31.168781,2024-10-25,37.0
28.3028,30.879345,2024-10-26,37.0
28.0,31.436642,2024-10-27,37.0
46.24,31.364208,2024-10-28,37.0
38.248,31.156115,2024-10-29,37.0
39.06,33.636627,2024-10-30,37.0
28.508,32.557728,2024-10-31,37.0
26.872,33.64379,2024-11-01,37.0
35.952,34.23581,2024-11-02,37.0
53.628,32.83524,2024-11-03,37.0
50.908,32.832905,2024-11-04,37.0
41.472,35.49752,2024-11-05,37.0
44.512,39.158073,2024-11-06,37.0
38.228,40.263824,2024-11-07,37.0
36.812,40.19967,2024-11-08,37.0
51.948,38.389786,2024-11-09,37.0
45.82,36.794365,2024-11-10,37.0
38.28,38.6557,2024-11-11,37.0
49.768,41.473698,2024-11-12,37.0
39.892,43.1638,2024-11-13,37.0
25.74,43.61207,2024-11-14,37.0
44.512,42.349655,2024-11-15,37.0
48.788,38.455734,2024-11-16,37.0
25.12,36.841408,2024-11-17,37.0
45.588,38.672325,2024-11-18,37.0
49.252,38.34475,2024-11-19,37.0
53.3,39.75447,2024-11-20,37.0
29.632,42.15403,2024-11-21,37.0
25.296,43.187645,2024-11-22,37.0
25.784,42.06919,2024-11-23,37.0
37.673016,38.688618,2024-11-24,37.0
36.355274,35.647537,2024-11-25,37.0
25.998913,34.84616,2024-11-26,37.0
33.95899,34.360287,2024-11-27,37.0
25.450294,35.132805,2024-11-28,37.0
25.132702,36.55036,2024-11-29,37.0
46.8648,33.277443,2024-11-30,37.0
55.0,30.420853,2024-12-01,37.0
61.9,31.064455,2024-12-02,37.0
53.908,35.84694,2024-12-03,37.0
58.632,40.26908,2024-12-04,37.0
65.8,43.476852,2024-12-05,37.0
63.36,45.91645,2024-12-06,37.0
66.392,45.986404,2024-12-07,37.0
55.288,47.03907,2024-12-08,37.0
58.8,48.577984,2024-12-09,37.0
59.96,52.505356,2024-12-10,37.0
55.76,54.41999,2024-12-11,37.0
39.18,54.317524,2024-12-12,37.0
55.48,53.602955,2024-12-13,37.0
18.06,51.901173,2024-12-14,37.0
49.728,51.232235,2024-12-15,37.0
60.12,49.05934,2024-12-16,37.0
43.332,48.466976,2024-12-17,37.0
64.296,50.248108,2024-12-18,37.0
60.532,51.18216,2024-12-19,37.0
59.108,50.937576,2024-12-20,37.0
61.352,49.89158,2024-12-21,37.0
68.032,49.238045,2024-12-22,37.0
64.28,51.098667,2024-12-23,37.0
48.32,53.736473,2024-12-24,37.0
68.776,55.681343,2024-12-25,37.0
59.272,54.812202,2024-12-26,37.0
81.46,54.21311,2024-12-27,37.0
62.02,53.28457,2024-12-28,37.0
56.38,54.414993,2024-12-29,37.0
61.36,57.269756,2024-12-30,37.0
60.04,59.013313,2024-12-31,37.0
57.892,60.000984,2025-01-01,37.0
31.088,59.61199,2025-01-02,37.0
55.02,59.03135,2025-01-03,37.0
72.012,57.227303,2025-01-04,37.0
48.848,55.416756,2025-01-05,37.0
71.328,55.94733,2025-01-06,37.0
69.052,56.129707,2025-01-07,37.0
61.3,57.337723,2025-01-08,37.0
54.528,58.42392,2025-01-09,37.0
64.6,58.886536,2025-01-10,37.0
66.2,57.597366,2025-01-11,37.0
59.548,56.997986,2025-01-12,37.0
55.0628,58.11164,2025-01-13,37.0
35.848,59.53343,2025-01-14,37.0
58.58,57.708168,2025-01-15,37.0
60.94,55.657608,2025-01-16,37.0
57.7,54.655174,2025-01-17,37.0
50.268,52.872353,2025-01-18,37.0
64.16,52.307167,2025-01-19,37.0
70.1828,52.771194,2025-01-20,37.0
49.936,53.718384,2025-01-21,37.0
74.28,55.914406,2025-01-22,37.0
60.104,55.040188,2025-01-23,37.0
63.808,56.166977,2025-01-24,37.0
64.88,56.493046,2025-01-25,37.0
58.872,56.080032,2025-01-26,37.0
63.258,58.163303,2025-01-27,37.0
56.24,60.35855,2025-01-28,37.0
60.372,61.10863,2025-01-29,37.0
44.136,61.05452,2025-01-30,37.0
55.952,60.693623,2025-01-31,37.0
52.272,57.57418,2025-02-01,37.0
52.728,54.36953,2025-02-02,37.0
75.52,53.010155,2025-02-03,37.0
55.58,53.812824,2025-02-04,37.0
58.56,56.226433,2025-02-05,37.0
45.028,57.789047,2025-02-06,37.0
35.332,58.64904,2025-02-07,37.0
75.256,57.1101,2025-02-08,37.0
56.92,52.841244,2025-02-09,37.0
63.8628,51.699802,2025-02-10,37.0
60.012,53.25764,2025-02-11,37.0
48.784,55.840633,2025-02-12,37.0
44.0,57.626198,2025-02-13,37.0
44.068,57.69162,2025-02-14,37.0
66.972,54.99087,2025-02-15,37.0
65.8,51.069904,2025-02-16,37.0
64.168,51.72017,2025-02-17,37.0
48.472,52.924583,2025-02-18,37.0
64.376,53.865875,2025-02-19,37.0
68.76,52.104,2025-02-20,37.0
39.252,51.270554,2025-02-21,37.0
64.452,50.755028,2025-02-22,37.0
51.728,49.123,2025-02-23,37.0
84.34,51.948814,2025-02-24,37.0
71.66,54.45119,2025-02-25,37.0
62.88,57.77327,2025-02-26,37.0
60.272,60.0337,2025-02-27,37.0
22.496,60.323303,2025-02-28,37.0
61.28,60.113697,2025-03-01,37.0
58.544,55.27288,2025-03-02,37.0
52.228,52.063114,2025-03-03,37.0
43.0,52.70439,2025-03-04,37.0
59.311,54.53756,2025-03-05,37.0
28.616,54.085968,2025-03-06,37.0
58.328,54.11209,2025-03-07,37.0
55.6628,50.046646,2025-03-08,37.0
52.056,46.205906,2025-03-09,37.0
39.228,47.12764,2025-03-10,37.0
54.184,49.61875,2025-03-11,37.0
46.528,48.774704,2025-03-12,37.0
39.552,45.990376,2025-03-13,37.0
36.84,45.72722,2025-03-14,37.0
33.328,43.67541,2025-03-15,37.0
22.68,40.854286,2025-03-16,37.0
47.711,40.96211,2025-03-17,37.0
14.64,38.52861,2025-03-18,37.0
28.428,38.473476,2025-03-19,37.0
16.368,37.617653,2025-03-20,37.0
24.208,34.857357,2025-03-21,37.0
24.336,31.117044,2025-03-22,37.0
25.8,28.11783,2025-03-23,37.0
24.8628,26.259449,2025-03-24,37.0
30.432,26.173153,2025-03-25,37.0
20.648,27.203945,2025-03-26,37.0
27.96,27.789108,2025-03-27,37.0
25.88,26.95895,2025-03-28,37.0
29.264,25.24901,2025-03-29,37.0
19.2,24.801374,2025-03-30,37.0
27.232,25.0801,2025-03-31,37.0
25.4628,24.64254,2025-04-01,37.0
31.456,24.895666,2025-04-02,37.0
26.024,25.07229,2025-04-03,37.0
42.288,25.69542,2025-04-04,37.0
14.232,26.135134,2025-04-05,37.0
21.792,27.389965,2025-04-06,37.0
26.048,25.929138,2025-04-07,37.0
25.528,25.344398,2025-04-08,37.0
28.688,24.923107,2025-04-09,37.0
18.568,24.97647,2025-04-10,37.0
22.168,25.516773,2025-04-11,37.0
27.368,25.177464,2025-04-12,37.0
36.2,25.04818,2025-04-13,37.0
38.176,24.28318,2025-04-14,37.0
16.5828,25.037912,2025-04-15,37.0
33.656,27.085161,2025-04-16,37.0
22.56,26.462482,2025-04-17,37.0
24.96,25.669989,2025-04-18,37.0
20.64,24.419453,2025-04-19,37.0
18.5828,24.281628,2025-04-20,37.0
32.872,23.956486,2025-04-21,37.0
25.6,23.669498,2025-04-22,37.0
27.2628,26.030039,2025-04-23,37.0
11.812,26.36203,2025-04-24,37.0
22.616,26.663628,2025-04-25,37.0
24.464,24.603832,2025-04-26,37.0
19.7428,22.794983,2025-04-27,37.0
16.4,21.411148,2025-04-28,37.0
20.704,21.927967,2025-04-29,37.0
17.888,23.50634,2025-04-30,37.0
27.28,23.472454,2025-05-01,37.0
25.176,21.878233,2025-05-02,37.0
30.12,21.236744,2025-05-03,37.0
29.328,21.137047,2025-05-04,37.0
21.216,22.080708,2025-05-05,37.0
27.808,23.49076,2025-05-06,37.0
10.428,23.885546,2025-05-07,37.0
21.248,24.520836,2025-05-08,37.0
28.048,22.265423,2025-05-09,37.0
32.328,20.818356,2025-05-10,37.0
18.84,21.071201,2025-05-11,37.0
26.254,22.347816,2025-05-12,37.0
25.5428,23.070465,2025-05-13,37.0
28.4,23.487175,2025-05-14,37.0
38.102,23.566479,2025-05-15,37.0
29.216,22.984911,2025-05-16,37.0
21.576,23.987171,2025-05-17,37.0
35.8,25.119606,2025-05-18,37.0
28.76,24.70479,2025-05-19,37.0
16.12,25.732447,2025-05-20,37.0
37.2,26.690264,2025-05-21,37.0
21.128,25.098263,2025-05-22,37.0
22.56,25.210983,2025-05-23,37.0
29.136,24.921494,2025-05-24,37.0
28.136,24.33257,2025-05-25,37.0
31.112,24.422323,2025-05-26,37.0
17.688,25.685205,2025-05-27,37.0
50.5428,27.401604,2025-05-28,37.0
18.102,26.080082,2025-05-29,37.0
28.672,27.660666,2025-05-30,37.0
23.24,25.80182,2025-05-31,37.0
23.976,24.765156,2025-06-01,37.0
25.192,23.469599,2025-06-02,37.0
29.264,23.57625,2025-06-03,37.0
25.168,23.759398,2025-06-04,37.0
39.2,24.466682,2025-06-05,37.0
16.328,25.656734,2025-06-06,37.0
35.192,26.567976,2025-06-07,37.0
23.736,25.419788,2025-06-08,37.0
20.576,25.435722,2025-06-09,37.0
27.072,25.541975,2025-06-10,37.0
31.056,25.476849,2025-06-11,37.0
23.056,25.563736,2025-06-12,37.0
19.296,25.095821,2025-06-13,37.0
11.272,24.536858,2025-06-14,37.0
21.888,22.893036,2025-06-15,37.0
27.384,20.986536,2025-06-16,37.0
9.39,8.272856,2024-09-18,38.0
5.5,8.233147,2024-09-19,38.0
11.52,8.395408,2024-09-20,38.0
17.75,8.051732,2024-09-21,38.0
6.71,8.400957,2024-09-22,38.0
9.9,9.301855,2024-09-23,38.0
4.7,9.199673,2024-09-24,38.0
10.96,9.283621,2024-09-25,38.0
13.95,9.3285885,2024-09-26,38.0
11.66,9.2758,2024-09-27,38.0
11.42,9.552756,2024-09-28,38.0
11.92,10.086102,2024-09-29,38.0
17.25,10.178399,2024-09-30,38.0
10.09,10.86102,2024-10-01,38.0
12.58,12.037249,2024-10-02,38.0
3.78,12.52397,2024-10-03,38.0
13.43,12.886707,2024-10-04,38.0
6.69,11.481317,2024-10-05,38.0
13.21,11.334703,2024-10-06,38.0
10.59,10.648219,2024-10-07,38.0
14.12,11.167133,2024-10-08,38.0
14.1,11.327565,2024-10-09,38.0
8.14,11.58192,2024-10-10,38.0
11.25,11.65723,2024-10-11,38.0
16.33,11.327131,2024-10-12,38.0
8.11,11.148762,2024-10-13,38.0
13.82,11.302156,2024-10-14,38.0
8.13,11.439362,2024-10-15,38.0
17.02,11.963233,2024-10-16,38.0
12.05,11.782849,2024-10-17,38.0
13.17,12.352971,2024-10-18,38.0
10.11,12.609274,2024-10-19,38.0
19.57,12.813211,2024-10-20,38.0
12.72,12.07313,2024-10-21,38.0
9.78,12.498663,2024-10-22,38.0
11.11,12.506847,2024-10-23,38.0
17.14,12.566249,2024-10-24,38.0
18.89,12.529317,2024-10-25,38.0
4.4,12.879014,2024-10-26,38.0
11.29,13.531308,2024-10-27,38.0
9.31,12.233216,2024-10-28,38.0
16.6,11.67248,2024-10-29,38.0
8.12,11.470205,2024-10-30,38.0
20.22,11.613216,2024-10-31,38.0
4.17,11.672117,2024-11-01,38.0
23.9,12.745419,2024-11-02,38.0
13.51,12.530317,2024-11-03,38.0
13.37,13.510093,2024-11-04,38.0
13.89,13.930124,2024-11-05,38.0
19.44,14.046846,2024-11-06,38.0
17.09,13.861496,2024-11-07,38.0
5.79,14.245736,2024-11-08,38.0
16.15,14.757074,2024-11-09,38.0
14.3,14.558711,2024-11-10,38.0
13.26,14.516899,2024-11-11,38.0
10.79,14.371351,2024-11-12,38.0
19.96,14.208672,2024-11-13,38.0
11.66,14.01922,2024-11-14,38.0
6.07,14.393831,2024-11-15,38.0
16.09,14.273054,2024-11-16,38.0
10.91,13.846474,2024-11-17,38.0
14.17,13.548251,2024-11-18,38.0
10.98,13.372632,2024-11-19,38.0
13.29,14.013849,2024-11-20,38.0
16.9,13.856433,2024-11-21,38.0
12.11,13.623209,2024-11-22,38.0
10.230928,14.222351,2024-11-23,38.0
12.811581,14.412794,2024-11-24,38.0
10.925567,14.0487385,2024-11-25,38.0
10.36262,14.260094,2024-11-26,38.0
12.981311,13.642038,2024-11-27,38.0
11.957661,13.571196,2024-11-28,38.0
10.443016,14.068996,2024-11-29,38.0
10.277,13.575501,2024-11-30,38.0
14.07,13.156999,2024-12-01,38.0
12.54,12.262297,2024-12-02,38.0
13.8,12.821169,2024-12-03,38.0
18.52,12.821977,2024-12-04,38.0
16.15,13.485828,2024-12-05,38.0
14.83,14.205938,2024-12-06,38.0
14.44,14.031305,2024-12-07,38.0
11.59,14.289825,2024-12-08,38.0
10.39,13.604489,2024-12-09,38.0
14.78,13.810202,2024-12-10,38.0
19.99,13.899538,2024-12-11,38.0
19.19,13.806599,2024-12-12,38.0
12.73,14.098325,2024-12-13,38.0
10.9,15.1762705,2024-12-14,38.0
14.56,15.902475,2024-12-15,38.0
24.95,15.304602,2024-12-16,38.0
4.72,14.990071,2024-12-17,38.0
11.428,16.961744,2024-12-18,38.0
24.15,17.606293,2024-12-19,38.0
10.71,16.813122,2024-12-20,38.0
11.72,16.98137,2024-12-21,38.0
13.63,17.600964,2024-12-22,38.0
14.94,18.125366,2024-12-23,38.0
11.928,17.893589,2024-12-24,38.0
21.91,17.895824,2024-12-25,38.0
14.79,16.661415,2024-12-26,38.0
16.828,16.105076,2024-12-27,38.0
11.14,15.857756,2024-12-28,38.0
14.33,16.647375,2024-12-29,38.0
11.76,17.03648,2024-12-30,38.0
12.11,17.35146,2024-12-31,38.0
14.55,17.965109,2025-01-01,38.0
26.79,16.53879,2025-01-02,38.0
10.38,15.4173565,2025-01-03,38.0
23.85,16.36982,2025-01-04,38.0
13.81,16.503073,2025-01-05,38.0
13.72,16.778511,2025-01-06,38.0
13.28,16.499758,2025-01-07,38.0
13.1,16.124285,2025-01-08,38.0
25.64,15.605073,2025-01-09,38.0
14.028,15.50663,2025-01-10,38.0
13.39,17.12289,2025-01-11,38.0
12.35,17.953125,2025-01-12,38.0
17.05,17.476585,2025-01-13,38.0
10.52,16.816277,2025-01-14,38.0
28.57,16.48626,2025-01-15,38.0
22.28,15.890215,2025-01-16,38.0
13.3,16.53189,2025-01-17,38.0
19.46,17.489265,2025-01-18,38.0
12.57,18.119797,2025-01-19,38.0
11.59,18.217667,2025-01-20,38.0
24.58,17.857687,2025-01-21,38.0
12.96,17.944715,2025-01-22,38.0
17.61,17.45505,2025-01-23,38.0
16.828,17.159435,2025-01-24,38.0
12.94,17.715307,2025-01-25,38.0
13.77,17.9571,2025-01-26,38.0
12.58,17.314346,2025-01-27,38.0
18.69,16.88464,2025-01-28,38.0
24.06,16.697832,2025-01-29,38.0
19.23,16.565681,2025-01-30,38.0
10.63,17.590576,2025-01-31,38.0
12.59,17.72987,2025-02-01,38.0
17.21,16.624483,2025-02-02,38.0
17.55,15.33305,2025-02-03,38.0
11.1,15.4512005,2025-02-04,38.0
14.05,16.094429,2025-02-05,38.0
25.78,16.528297,2025-02-06,38.0
12.48,16.439442,2025-02-07,38.0
31.21,17.414824,2025-02-08,38.0
16.23,16.839565,2025-02-09,38.0
14.32,17.38049,2025-02-10,38.0
17.76,17.849201,2025-02-11,38.0
24.32,17.731878,2025-02-12,38.0
16.67,17.542425,2025-02-13,38.0
13.94,18.693304,2025-02-14,38.0
17.37,18.60109,2025-02-15,38.0
23.46,18.251286,2025-02-16,38.0
16.05,17.64952,2025-02-17,38.0
11.47,18.013718,2025-02-18,38.0
20.95,18.072872,2025-02-19,38.0
12.97,16.669632,2025-02-20,38.0
22.09,16.348387,2025-02-21,38.0
12.2,15.799889,2025-02-22,38.0
16.76,16.12222,2025-02-23,38.0
12.228,16.151737,2025-02-24,38.0
16.15,16.273256,2025-02-25,38.0
36.23,16.364769,2025-02-26,38.0
11.49,16.271849,2025-02-27,38.0
6.57,17.891825,2025-02-28,38.0
26.76,18.190445,2025-03-01,38.0
14.68,16.788486,2025-03-02,38.0
22.79,16.465023,2025-03-03,38.0
13.37,16.004078,2025-03-04,38.0
20.38,16.68425,2025-03-05,38.0
10.71,16.700764,2025-03-06,38.0
12.45,17.519608,2025-03-07,38.0
23.3,16.794458,2025-03-08,38.0
10.5,16.22971,2025-03-09,38.0
8.51,16.533058,2025-03-10,38.0
11.4,16.718487,2025-03-11,38.0
23.028,15.944619,2025-03-12,38.0
12.78,14.733259,2025-03-13,38.0
8.49,15.324279,2025-03-14,38.0
13.36,14.947336,2025-03-15,38.0
8.32,14.334901,2025-03-16,38.0
12.66,14.121198,2025-03-17,38.0
10.01,13.180797,2025-03-18,38.0
3.628,12.873457,2025-03-19,38.0
10.09,13.121609,2025-03-20,38.0
11.29,12.304171,2025-03-21,38.0
17.59,11.6947975,2025-03-22,38.0
10.42,11.503313,2025-03-23,38.0
9.63,11.29567,2025-03-24,38.0
11.17,11.620403,2025-03-25,38.0
10.69,11.831077,2025-03-26,38.0
10.29,11.844735,2025-03-27,38.0
14.56,11.815187,2025-03-28,38.0
10.5,11.560985,2025-03-29,38.0
8.49,12.121998,2025-03-30,38.0
9.12,11.997814,2025-03-31,38.0
13.34,11.268306,2025-04-01,38.0
10.37,10.835262,2025-04-02,38.0
7.72,10.507123,2025-04-03,38.0
14.11,10.720156,2025-04-04,38.0
10.57,10.73451,2025-04-05,38.0
3.23,11.021991,2025-04-06,38.0
18.67,10.770807,2025-04-07,38.0
9.6,10.1632595,2025-04-08,38.0
7.728,10.835098,2025-04-09,38.0
10.46,10.838463,2025-04-10,38.0
16.57,10.450897,2025-04-11,38.0
9.17,10.498594,2025-04-12,38.0
9.85,11.607737,2025-04-13,38.0
16.74,11.358059,2025-04-14,38.0
13.25,10.866922,2025-04-15,38.0
20.7,11.281527,2025-04-16,38.0
10.29,11.717247,2025-04-17,38.0
9.14,12.341572,2025-04-18,38.0
10.07,12.219423,2025-04-19,38.0
9.55,12.034297,2025-04-20,38.0
9.928,11.649769,2025-04-21,38.0
8.01,11.273924,2025-04-22,38.0
12.56,11.259869,2025-04-23,38.0
10.85,11.247938,2025-04-24,38.0
9.23,11.574723,2025-04-25,38.0
10.128,11.751923,2025-04-26,38.0
4.28,11.5371685,2025-04-27,38.0
12.69,10.192978,2025-04-28,38.0
12.828,9.460771,2025-04-29,38.0
13.5,10.629669,2025-04-30,38.0
10.53,11.368607,2025-05-01,38.0
13.38,11.636627,2025-05-02,38.0
10.09,11.387741,2025-05-03,38.0
10.37,11.345058,2025-05-04,38.0
10.08,10.942419,2025-05-05,38.0
10.28,10.690924,2025-05-06,38.0
17.08,10.609274,2025-05-07,38.0
10.32,10.760831,2025-05-08,38.0
14.42,11.141939,2025-05-09,38.0
9.56,11.179714,2025-05-10,38.0
14.64,11.185207,2025-05-11,38.0
11.27,10.386932,2025-05-12,38.0
11.23,11.195338,2025-05-13,38.0
10.53,11.225586,2025-05-14,38.0
12.01,11.389156,2025-05-15,38.0
13.98,11.327387,2025-05-16,38.0
11.46,11.129635,2025-05-17,38.0
14.54,11.338767,2025-05-18,38.0
11.09,10.861567,2025-05-19,38.0
10.28,11.963524,2025-05-20,38.0
13.77,12.295875,2025-05-21,38.0
16.25,11.872387,2025-05-22,38.0
17.47,11.354896,2025-05-23,38.0
11.51,11.3134365,2025-05-24,38.0
14.22,12.117328,2025-05-25,38.0
11.56,12.360302,2025-05-26,38.0
17.61,12.339607,2025-05-27,38.0
13.1,12.908905,2025-05-28,38.0
19.25,13.30367,2025-05-29,38.0
16.86,13.056129,2025-05-30,38.0
12.25,13.154643,2025-05-31,38.0
14.92,13.65863,2025-06-01,38.0
16.7,13.310965,2025-06-02,38.0
16.63,13.235949,2025-06-03,38.0
23.1,13.47444,2025-06-04,38.0
9.24,14.125734,2025-06-05,38.0
17.39,15.525527,2025-06-06,38.0
17.62,14.825703,2025-06-07,38.0
19.08,14.467617,2025-06-08,38.0
11.09,14.341602,2025-06-09,38.0
20.07,15.159414,2025-06-10,38.0
19.51,15.276939,2025-06-11,38.0
13.51,15.887033,2025-06-12,38.0
9.32,15.794857,2025-06-13,38.0
9.28,14.732727,2025-06-14,38.0
7.74,13.699327,2025-06-15,38.0
8.0,12.665333,2025-06-16,38.0
17.232,17.362574,2024-09-18,39.0
18.368,16.377548,2024-09-19,39.0
11.911,15.873292,2024-09-20,39.0
21.728,15.843054,2024-09-21,39.0
6.64,15.277429,2024-09-22,39.0
10.528,16.299833,2024-09-23,39.0
12.392,15.380753,2024-09-24,39.0
16.04,14.492913,2024-09-25,39.0
26.028,14.294606,2024-09-26,39.0
21.46,14.31233,2024-09-27,39.0
19.728,15.51474,2024-09-28,39.0
16.872,16.822205,2024-09-29,39.0
23.84,18.136581,2024-09-30,39.0
20.9,18.670845,2024-10-01,39.0
16.72,19.961311,2024-10-02,39.0
25.74,20.807945,2024-10-03,39.0
25.112,20.96914,2024-10-04,39.0
11.928,21.003521,2024-10-05,39.0
23.928,21.748775,2024-10-06,39.0
16.932,20.84289,2024-10-07,39.0
22.696,21.66832,2024-10-08,39.0
20.252,21.73894,2024-10-09,39.0
20.172,21.431526,2024-10-10,39.0
20.888,20.4739,2024-10-11,39.0
17.34,20.343857,2024-10-12,39.0
26.652,20.387714,2024-10-13,39.0
21.0,19.79607,2024-10-14,39.0
27.588,21.532892,2024-10-15,39.0
21.508,22.60465,2024-10-16,39.0
24.8,23.691257,2024-10-17,39.0
20.672,23.605558,2024-10-18,39.0
14.168,23.377205,2024-10-19,39.0
21.512,22.457193,2024-10-20,39.0
16.112,20.935673,2024-10-21,39.0
14.32,21.011452,2024-10-22,39.0
12.008,20.846062,2024-10-23,39.0
20.2,20.620192,2024-10-24,39.0
31.74,19.268736,2024-10-25,39.0
16.66,18.829933,2024-10-26,39.0
19.0,20.30509,2024-10-27,39.0
11.18,19.916847,2024-10-28,39.0
24.0,20.061813,2024-10-29,39.0
11.772,19.118244,2024-10-30,39.0
25.428,18.367023,2024-10-31,39.0
11.548,17.337595,2024-11-01,39.0
11.812,18.41148,2024-11-02,39.0
24.24,18.56158,2024-11-03,39.0
18.288,18.097458,2024-11-04,39.0
18.272,19.157103,2024-11-05,39.0
22.056,19.81874,2024-11-06,39.0
12.392,19.943037,2024-11-07,39.0
16.46,19.98304,2024-11-08,39.0
11.88,19.331814,2024-11-09,39.0
20.56,18.868881,2024-11-10,39.0
10.948,18.091755,2024-11-11,39.0
27.944,18.84349,2024-11-12,39.0
22.908,18.654572,2024-11-13,39.0
19.66,19.913652,2024-11-14,39.0
16.428,20.789455,2024-11-15,39.0
17.192,20.632095,2024-11-16,39.0
20.696,20.220163,2024-11-17,39.0
21.952,19.67252,2024-11-18,39.0
21.56,20.197865,2024-11-19,39.0
21.32,21.68303,2024-11-20,39.0
14.0,22.883457,2024-11-21,39.0
10.648,22.615398,2024-11-22,39.0
19.804226,21.855732,2024-11-23,39.0
24.955145,19.925163,2024-11-24,39.0
20.96283,19.52863,2024-11-25,39.0
21.066977,21.379793,2024-11-26,39.0
22.692713,22.02192,2024-11-27,39.0
24.817928,23.070889,2024-11-28,39.0
20.027113,23.806131,2024-11-29,39.0
19.5104,22.451773,2024-11-30,39.0
24.068,21.41633,2024-12-01,39.0
12.26,21.13961,2024-12-02,39.0
24.6,22.487919,2024-12-03,39.0
28.311,21.570553,2024-12-04,39.0
24.056,22.241982,2024-12-05,39.0
26.1828,23.703402,2024-12-06,39.0
19.208,23.514084,2024-12-07,39.0
21.44,23.725512,2024-12-08,39.0
17.488,22.742443,2024-12-09,39.0
21.1828,23.053505,2024-12-10,39.0
18.668,22.2207,2024-12-11,39.0
21.428,21.47307,2024-12-12,39.0
24.5028,20.826591,2024-12-13,39.0
22.32,21.339556,2024-12-14,39.0
17.988,22.814468,2024-12-15,39.0
14.508,23.932226,2024-12-16,39.0
24.292,24.09258,2024-12-17,39.0
24.58,23.9104,2024-12-18,39.0
25.648,24.466433,2024-12-19,39.0
25.892,23.861568,2024-12-20,39.0
19.252,23.817379,2024-12-21,39.0
28.216,25.005615,2024-12-22,39.0
22.172,26.25355,2024-12-23,39.0
19.972,26.659283,2024-12-24,39.0
36.088,26.450779,2024-12-25,39.0
17.911,24.671297,2024-12-26,39.0
22.576,24.382149,2024-12-27,39.0
25.828,23.57615,2024-12-28,39.0
19.904,23.811926,2024-12-29,39.0
24.936,25.888174,2024-12-30,39.0
11.972,27.210064,2024-12-31,39.0
31.572,28.686857,2025-01-01,39.0
11.012,25.97157,2025-01-02,39.0
20.952,25.340858,2025-01-03,39.0
22.86,23.945442,2025-01-04,39.0
25.0,23.62148,2025-01-05,39.0
24.58,23.472054,2025-01-06,39.0
29.768,23.859436,2025-01-07,39.0
19.932,24.575293,2025-01-08,39.0
26.468,25.163918,2025-01-09,39.0
25.732,25.544468,2025-01-10,39.0
20.26,25.726234,2025-01-11,39.0
21.3,25.862337,2025-01-12,39.0
23.38,25.480207,2025-01-13,39.0
18.808,25.812252,2025-01-14,39.0
31.812,25.604877,2025-01-15,39.0
18.3,24.447119,2025-01-16,39.0
23.0,24.331427,2025-01-17,39.0
24.792,23.888706,2025-01-18,39.0
18.548,24.172863,2025-01-19,39.0
19.492,24.643356,2025-01-20,39.0
22.896,24.521877,2025-01-21,39.0
17.211,25.031506,2025-01-22,39.0
21.0,23.878113,2025-01-23,39.0
30.24,23.50476,2025-01-24,39.0
13.2,23.425053,2025-01-25,39.0
17.86,24.205652,2025-01-26,39.0
12.76,23.712217,2025-01-27,39.0
21.26,23.690695,2025-01-28,39.0
11.88,23.181454,2025-01-29,39.0
11.908,22.448933,2025-01-30,39.0
19.992,21.453236,2025-01-31,39.0
25.088,20.37762,2025-02-01,39.0
11.132,19.262995,2025-02-02,39.0
10.132,19.30293,2025-02-03,39.0
21.028,19.58907,2025-02-04,39.0
27.12,19.597744,2025-02-05,39.0
18.0,20.034096,2025-02-06,39.0
28.86,20.700985,2025-02-07,39.0
14.74,20.560694,2025-02-08,39.0
20.3,21.264896,2025-02-09,39.0
22.22,20.727732,2025-02-10,39.0
19.92,21.100832,2025-02-11,39.0
24.12,21.818874,2025-02-12,39.0
20.108,22.30598,2025-02-13,39.0
17.12,23.469007,2025-02-14,39.0
11.852,23.125257,2025-02-15,39.0
13.092,22.123886,2025-02-16,39.0
11.12,20.767183,2025-02-17,39.0
24.016,19.490307,2025-02-18,39.0
16.102,17.915245,2025-02-19,39.0
16.208,17.326042,2025-02-20,39.0
21.64,17.444992,2025-02-21,39.0
12.56,17.38888,2025-02-22,39.0
14.811,18.230663,2025-02-23,39.0
17.972,18.334354,2025-02-24,39.0
17.08,18.265495,2025-02-25,39.0
19.488,18.98669,2025-02-26,39.0
14.58,19.207676,2025-02-27,39.0
9.988,19.16563,2025-02-28,39.0
21.64,18.688965,2025-03-01,39.0
14.272,17.513823,2025-03-02,39.0
17.84,17.352535,2025-03-03,39.0
23.26,17.463533,2025-03-04,39.0
11.46,17.984974,2025-03-05,39.0
13.3,18.900402,2025-03-06,39.0
11.14,18.860167,2025-03-07,39.0
11.14,17.797646,2025-03-08,39.0
17.06,16.722782,2025-03-09,39.0
14.02,16.320942,2025-03-10,39.0
10.868,16.814709,2025-03-11,39.0
21.72,17.226803,2025-03-12,39.0
14.9428,16.316677,2025-03-13,39.0
12.748,16.709211,2025-03-14,39.0
9.94,16.469791,2025-03-15,39.0
14.32,16.036343,2025-03-16,39.0
16.832,15.827564,2025-03-17,39.0
21.0,15.747885,2025-03-18,39.0
14.16,15.910482,2025-03-19,39.0
10.936,17.268547,2025-03-20,39.0
10.424,17.45458,2025-03-21,39.0
12.0,16.627787,2025-03-22,39.0
11.088,15.514912,2025-03-23,39.0
10.672,14.30424,2025-03-24,39.0
13.52,14.160538,2025-03-25,39.0
24.68,14.3813095,2025-03-26,39.0
11.0,14.649467,2025-03-27,39.0
20.32,15.923645,2025-03-28,39.0
13.336,15.676692,2025-03-29,39.0
13.102,16.378542,2025-03-30,39.0
19.028,16.408642,2025-03-31,39.0
13.992,15.915876,2025-04-01,39.0
14.088,16.072245,2025-04-02,39.0
13.552,15.604416,2025-04-03,39.0
10.36,15.505041,2025-04-04,39.0
9.788,15.282152,2025-04-05,39.0
12.068,14.6338215,2025-04-06,39.0
11.392,13.826378,2025-04-07,39.0
16.728,13.997955,2025-04-08,39.0
10.46,14.342608,2025-04-09,39.0
13.0,14.845526,2025-04-10,39.0
12.58,14.329573,2025-04-11,39.0
16.028,13.694518,2025-04-12,39.0
13.0,13.779654,2025-04-13,39.0
10.254,13.906118,2025-04-14,39.0
9.108,13.623505,2025-04-15,39.0
14.8,13.352113,2025-04-16,39.0
12.42,12.714078,2025-04-17,39.0
14.14,12.340864,2025-04-18,39.0
13.48,12.4449625,2025-04-19,39.0
9.68,12.984941,2025-04-20,39.0
12.132,13.5327,2025-04-21,39.0
12.168,13.652922,2025-04-22,39.0
13.1,13.851193,2025-04-23,39.0
12.62,13.66477,2025-04-24,39.0
13.92,13.689379,2025-04-25,39.0
13.112,13.636597,2025-04-26,39.0
14.608,13.540678,2025-04-27,39.0
10.552,12.499033,2025-04-28,39.0
14.208,13.0321455,2025-04-29,39.0
11.76,14.45318,2025-04-30,39.0
12.828,14.925677,2025-05-01,39.0
11.968,13.972276,2025-05-02,39.0
10.84,12.984978,2025-05-03,39.0
18.892,12.199916,2025-05-04,39.0
12.372,12.288877,2025-05-05,39.0
13.208,13.653157,2025-05-06,39.0
14.24,14.223261,2025-05-07,39.0
21.26,14.471465,2025-05-08,39.0
13.228,13.729116,2025-05-09,39.0
11.732,14.088685,2025-05-10,39.0
11.708,13.495804,2025-05-11,39.0
14.032,12.453804,2025-05-12,39.0
18.25,13.480973,2025-05-13,39.0
14.74,13.664704,2025-05-14,39.0
18.3,14.448202,2025-05-15,39.0
12.828,14.794799,2025-05-16,39.0
17.252,15.030615,2025-05-17,39.0
14.2,14.610797,2025-05-18,39.0
19.092,13.995454,2025-05-19,39.0
12.568,14.935177,2025-05-20,39.0
20.78,16.281754,2025-05-21,39.0
17.48,16.231495,2025-05-22,39.0
18.188,15.851026,2025-05-23,39.0
17.652,15.341673,2025-05-24,39.0
19.46,15.179586,2025-05-25,39.0
14.528,16.085917,2025-05-26,39.0
14.52,16.993313,2025-05-27,39.0
11.24,18.340822,2025-05-28,39.0
17.052,17.700191,2025-05-29,39.0
16.056,15.805609,2025-05-30,39.0
11.552,14.388806,2025-05-31,39.0
13.488,13.96308,2025-06-01,39.0
12.732,13.743698,2025-06-02,39.0
10.82,14.166361,2025-06-03,39.0
20.808,13.920851,2025-06-04,39.0
18.3028,13.373633,2025-06-05,39.0
24.72,14.4895115,2025-06-06,39.0
21.24,14.9580555,2025-06-07,39.0
17.856,16.031845,2025-06-08,39.0
21.2228,17.07924,2025-06-09,39.0
16.12,18.124498,2025-06-10,39.0
18.76,19.433832,2025-06-11,39.0
16.12,18.963367,2025-06-12,39.0
12.888,17.781837,2025-06-13,39.0
10.032,16.211685,2025-06-14,39.0
7.776,15.21886,2025-06-15,39.0
16.978,14.736877,2025-06-16,39.0
