actual,prediction,timestamp,house_id
8.748,8.147952,2024-09-18,1.0
13.11,7.906875,2024-09-19,1.0
8.232,7.8878994,2024-09-20,1.0
11.112,8.2271385,2024-09-21,1.0
8.36,8.788531,2024-09-22,1.0
2.948,8.973762,2024-09-23,1.0
4.868,8.989858,2024-09-24,1.0
16.452,8.557545,2024-09-25,1.0
10.092,7.561997,2024-09-26,1.0
17.728,8.240492,2024-09-27,1.0
14.86,8.712626,2024-09-28,1.0
8.34,10.263369,2024-09-29,1.0
9.028,11.402012,2024-09-30,1.0
17.28,10.726176,2024-10-01,1.0
5.992,10.460287,2024-10-02,1.0
19.64,11.528648,2024-10-03,1.0
9.056,11.347709,2024-10-04,1.0
7.352,12.083467,2024-10-05,1.0
24.78,12.959809,2024-10-06,1.0
7.972,11.571767,2024-10-07,1.0
8.428,12.456271,2024-10-08,1.0
12.06,13.38173,2024-10-09,1.0
16.248,12.558654,2024-10-10,1.0
8.532,12.041675,2024-10-11,1.0
10.06,12.434424,2024-10-12,1.0
10.232,12.151364,2024-10-13,1.0
18.448,11.43065,2024-10-14,1.0
12.82,11.2227335,2024-10-15,1.0
10.25,12.591037,2024-10-16,1.0
8.74,13.254557,2024-10-17,1.0
12.08,12.782931,2024-10-18,1.0
11.64,11.475375,2024-10-19,1.0
5.42,11.432216,2024-10-20,1.0
11.18,11.144095,2024-10-21,1.0
21.64,10.441,2024-10-22,1.0
10.25,11.234687,2024-10-23,1.0
10.552,13.420438,2024-10-24,1.0
10.32,13.607508,2024-10-25,1.0
17.976,12.39964,2024-10-26,1.0
11.272,12.192182,2024-10-27,1.0
5.311,12.622848,2024-10-28,1.0
11.008,12.229066,2024-10-29,1.0
11.928,11.909657,2024-10-30,1.0
6.311,12.211427,2024-10-31,1.0
26.528,12.03622,2024-11-01,1.0
5.068,10.613334,2024-11-02,1.0
14.9828,12.920606,2024-11-03,1.0
7.228,12.873739,2024-11-04,1.0
36.788,12.180408,2024-11-05,1.0
20.552,12.123263,2024-11-06,1.0
8.752,16.435987,2024-11-07,1.0
6.828,19.4289,2024-11-08,1.0
14.852,17.899673,2024-11-09,1.0
24.468,16.175709,2024-11-10,1.0
7.508,14.70012,2024-11-11,1.0
22.6,16.101763,2024-11-12,1.0
7.472,16.736938,2024-11-13,1.0
10.48,18.489168,2024-11-14,1.0
10.232,17.438616,2024-11-15,1.0
31.656,14.695721,2024-11-16,1.0
16.464,13.671084,2024-11-17,1.0
7.628,15.999803,2024-11-18,1.0
25.84,18.36609,2024-11-19,1.0
8.2,17.345587,2024-11-20,1.0
7.98,19.117012,2024-11-21,1.0
7.608,17.580017,2024-11-22,1.0
21.064445,14.699107,2024-11-23,1.0
20.35861,13.651678,2024-11-24,1.0
14.498066,14.898163,2024-11-25,1.0
20.126177,16.575888,2024-11-26,1.0
24.001265,17.345192,2024-11-27,1.0
17.172037,18.948912,2024-11-28,1.0
19.374487,19.878374,2024-11-29,1.0
17.0232,19.340055,2024-11-30,1.0
11.0,19.227468,2024-12-01,1.0
22.328,19.296926,2024-12-02,1.0
36.28,17.64465,2024-12-03,1.0
19.011,18.41618,2024-12-04,1.0
14.28,22.496029,2024-12-05,1.0
20.268,23.829943,2024-12-06,1.0
12.472,21.692213,2024-12-07,1.0
12.52,21.49032,2024-12-08,1.0
22.68,20.042116,2024-12-09,1.0
20.36,17.513098,2024-12-10,1.0
21.232,19.013933,2024-12-11,1.0
21.72,21.3712,2024-12-12,1.0
23.448,21.763931,2024-12-13,1.0
29.728,21.172373,2024-12-14,1.0
10.572,21.690968,2024-12-15,1.0
31.848,23.45494,2024-12-16,1.0
25.22,21.364838,2024-12-17,1.0
27.62,22.872057,2024-12-18,1.0
38.72,25.209568,2024-12-19,1.0
29.46,25.699492,2024-12-20,1.0
26.528,25.939775,2024-12-21,1.0
11.52,27.659168,2024-12-22,1.0
18.032,28.352907,2024-12-23,1.0
37.608,25.52787,2024-12-24,1.0
41.44,25.320478,2024-12-25,1.0
14.632,26.695515,2024-12-26,1.0
28.728,27.41595,2024-12-27,1.0
18.3,25.771444,2024-12-28,1.0
17.7,24.96657,2024-12-29,1.0
36.312,24.410336,2024-12-30,1.0
13.828,22.877905,2024-12-31,1.0
25.8,24.774202,2025-01-01,1.0
25.24,24.615147,2025-01-02,1.0
23.25,24.588617,2025-01-03,1.0
23.032,23.556374,2025-01-04,1.0
42.428,23.832758,2025-01-05,1.0
27.132,24.181314,2025-01-06,1.0
26.496,25.858797,2025-01-07,1.0
41.64,28.119741,2025-01-08,1.0
52.3028,27.457682,2025-01-09,1.0
11.24,28.34514,2025-01-10,1.0
28.888,29.847479,2025-01-11,1.0
21.208,28.976809,2025-01-12,1.0
21.24,27.351355,2025-01-13,1.0
30.384,27.884123,2025-01-14,1.0
35.808,27.3294,2025-01-15,1.0
11.78,27.031675,2025-01-16,1.0
31.092,27.203348,2025-01-17,1.0
22.096,26.474548,2025-01-18,1.0
14.9428,25.603388,2025-01-19,1.0
18.896,25.398825,2025-01-20,1.0
22.5028,23.506973,2025-01-21,1.0
27.708,22.287045,2025-01-22,1.0
16.28,22.657812,2025-01-23,1.0
24.48,23.627386,2025-01-24,1.0
16.012,21.501451,2025-01-25,1.0
22.936,21.816961,2025-01-26,1.0
8.36,21.634546,2025-01-27,1.0
16.172,21.638124,2025-01-28,1.0
26.52,20.886248,2025-01-29,1.0
13.932,19.801462,2025-01-30,1.0
17.456,20.280447,2025-01-31,1.0
22.432,19.44279,2025-02-01,1.0
14.7,19.30916,2025-02-02,1.0
23.892,19.224154,2025-02-03,1.0
14.428,19.396114,2025-02-04,1.0
29.132,19.327948,2025-02-05,1.0
9.728,19.412098,2025-02-06,1.0
26.11,20.46383,2025-02-07,1.0
19.568,17.975718,2025-02-08,1.0
11.464,18.438164,2025-02-09,1.0
9.056,19.315638,2025-02-10,1.0
41.024,18.000927,2025-02-11,1.0
6.96,17.069307,2025-02-12,1.0
24.068,20.36645,2025-02-13,1.0
17.66,20.725838,2025-02-14,1.0
22.62,19.666918,2025-02-15,1.0
17.56,19.937508,2025-02-16,1.0
10.84,20.37876,2025-02-17,1.0
23.772,20.284494,2025-02-18,1.0
22.536,18.380987,2025-02-19,1.0
14.852,19.801033,2025-02-20,1.0
8.028,20.121218,2025-02-21,1.0
20.36,18.893894,2025-02-22,1.0
16.0,16.791136,2025-02-23,1.0
29.052,16.932198,2025-02-24,1.0
21.088,16.957003,2025-02-25,1.0
25.808,20.319273,2025-02-26,1.0
9.064,22.870085,2025-02-27,1.0
6.76,23.282434,2025-02-28,1.0
12.128,19.932802,2025-03-01,1.0
23.228,16.046602,2025-03-02,1.0
12.872,14.927867,2025-03-03,1.0
6.812,16.557127,2025-03-04,1.0
19.464,17.384295,2025-03-05,1.0
6.576,16.488836,2025-03-06,1.0
11.172,16.373857,2025-03-07,1.0
17.06,13.467591,2025-03-08,1.0
9.36,11.776855,2025-03-09,1.0
10.8,12.817172,2025-03-10,1.0
11.2,13.269491,2025-03-11,1.0
10.272,12.393794,2025-03-12,1.0
7.988,12.120891,2025-03-13,1.0
14.38,11.413901,2025-03-14,1.0
10.232,10.037365,2025-03-15,1.0
13.268,10.936985,2025-03-16,1.0
6.258,11.059702,2025-03-17,1.0
5.2628,11.122491,2025-03-18,1.0
14.28,10.897141,2025-03-19,1.0
7.12,9.322736,2025-03-20,1.0
5.48,8.956575,2025-03-21,1.0
16.068,8.552926,2025-03-22,1.0
21.012,8.012045,2025-03-23,1.0
9.376,8.523895,2025-03-24,1.0
8.72,10.711239,2025-03-25,1.0
8.1828,11.597087,2025-03-26,1.0
7.536,10.95374,2025-03-27,1.0
22.08,10.578904,2025-03-28,1.0
6.984,9.404759,2025-03-29,1.0
10.468,10.795314,2025-03-30,1.0
10.38,11.363699,2025-03-31,1.0
12.232,11.021983,2025-04-01,1.0
6.508,10.780478,2025-04-02,1.0
12.972,10.742738,2025-04-03,1.0
14.64,9.796332,2025-04-04,1.0
6.068,9.840437,2025-04-05,1.0
7.2,11.01975,2025-04-06,1.0
10.148,10.520664,2025-04-07,1.0
5.9028,9.541096,2025-04-08,1.0
17.648,9.940382,2025-04-09,1.0
5.912,9.494744,2025-04-10,1.0
5.36,10.36387,2025-04-11,1.0
10.708,10.157709,2025-04-12,1.0
5.24,8.853813,2025-04-13,1.0
13.988,8.318257,2025-04-14,1.0
4.911,7.779799,2025-04-15,1.0
14.9,8.459074,2025-04-16,1.0
17.42,8.243785,2025-04-17,1.0
5.632,8.710956,2025-04-18,1.0
6.068,9.507987,2025-04-19,1.0
5.1,9.493684,2025-04-20,1.0
11.48,8.647267,2025-04-21,1.0
6.25,7.942995,2025-04-22,1.0
12.732,8.683174,2025-04-23,1.0
7.616,8.568956,2025-04-24,1.0
17.424,9.327213,2025-04-25,1.0
6.308,9.072726,2025-04-26,1.0
6.972,9.35735,2025-04-27,1.0
7.988,8.958922,2025-04-28,1.0
13.332,8.424875,2025-04-29,1.0
14.92,8.339744,2025-04-30,1.0
10.108,9.138516,2025-05-01,1.0
13.932,10.8780775,2025-05-02,1.0
8.688,11.186446,2025-05-03,1.0
9.808,12.041579,2025-05-04,1.0
5.652,10.703576,2025-05-05,1.0
13.188,9.566825,2025-05-06,1.0
9.311,9.160733,2025-05-07,1.0
8.6,9.855716,2025-05-08,1.0
14.3,10.112499,2025-05-09,1.0
10.528,8.978856,2025-05-10,1.0
8.288,9.391757,2025-05-11,1.0
8.052,9.805619,2025-05-12,1.0
8.428,9.478631,2025-05-13,1.0
21.672,9.196635,2025-05-14,1.0
6.608,8.852483,2025-05-15,1.0
8.352,10.80243,2025-05-16,1.0
14.928,10.855981,2025-05-17,1.0
10.48,10.652223,2025-05-18,1.0
13.58,10.882318,2025-05-19,1.0
14.06,9.945721,2025-05-20,1.0
14.42,10.041438,2025-05-21,1.0
10.272,11.298474,2025-05-22,1.0
12.468,12.415914,2025-05-23,1.0
10.028,11.599364,2025-05-24,1.0
10.992,11.593395,2025-05-25,1.0
13.208,11.008702,2025-05-26,1.0
10.784,10.546262,2025-05-27,1.0
16.448,11.519463,2025-05-28,1.0
7.86,12.326243,2025-05-29,1.0
7.908,13.0345,2025-05-30,1.0
8.96,11.43694,2025-05-31,1.0
4.592,10.326213,2025-06-01,1.0
10.448,9.667054,2025-06-02,1.0
8.532,8.6802635,2025-06-03,1.0
13.372,8.783186,2025-06-04,1.0
12.308,9.138441,2025-06-05,1.0
10.06,9.702556,2025-06-06,1.0
10.78,9.244083,2025-06-07,1.0
12.932,9.357005,2025-06-08,1.0
9.788,9.422563,2025-06-09,1.0
10.88,9.711545,2025-06-10,1.0
10.44,10.461913,2025-06-11,1.0
8.82,10.710071,2025-06-12,1.0
6.64,10.694974,2025-06-13,1.0
6.568,9.561798,2025-06-14,1.0
5.254,8.865716,2025-06-15,1.0
5.0,8.146791,2025-06-16,1.0
8.102,7.7355733,2024-09-18,2.0
14.511,7.340812,2024-09-19,2.0
10.32,7.1990066,2024-09-20,2.0
30.068,7.732146,2024-09-21,2.0
14.46,8.492287,2024-09-22,2.0
5.0,11.50083,2024-09-23,2.0
6.472,13.565839,2024-09-24,2.0
9.08,12.73654,2024-09-25,2.0
32.696,10.947567,2024-09-26,2.0
36.76,10.111576,2024-09-27,2.0
24.452,12.934554,2024-09-28,2.0
18.308,18.436464,2024-09-29,2.0
14.0,21.744127,2024-09-30,2.0
30.1428,20.9503,2024-10-01,2.0
22.188,19.58709,2024-10-02,2.0
17.132,20.968288,2024-10-03,2.0
36.6,22.179972,2024-10-04,2.0
17.696,22.072004,2024-10-05,2.0
19.664,23.86986,2024-10-06,2.0
11.36,24.24817,2024-10-07,2.0
32.096,22.271414,2024-10-08,2.0
24.32,21.183878,2024-10-09,2.0
19.48,22.894148,2024-10-10,2.0
33.664,23.898668,2024-10-11,2.0
32.52,22.41202,2024-10-12,2.0
25.748,23.793383,2024-10-13,2.0
29.84,25.459345,2024-10-14,2.0
18.652,25.783237,2024-10-15,2.0
19.2,26.501581,2024-10-16,2.0
26.588,26.515924,2024-10-17,2.0
10.332,24.81675,2024-10-18,2.0
21.96,24.056501,2024-10-19,2.0
9.668,23.135607,2024-10-20,2.0
20.8,22.765749,2024-10-21,2.0
12.428,21.170172,2024-10-22,2.0
44.76,21.644842,2024-10-23,2.0
29.832,20.507998,2024-10-24,2.0
26.32,23.292511,2024-10-25,2.0
20.808,24.380163,2024-10-26,2.0
36.944,24.760458,2024-10-27,2.0
24.32,24.3479,2024-10-28,2.0
44.628,24.74484,2024-10-29,2.0
20.46,26.480024,2024-10-30,2.0
53.56,28.132277,2024-10-31,2.0
10.42,28.469805,2024-11-01,2.0
29.258,29.648146,2024-11-02,2.0
31.212,28.73136,2024-11-03,2.0
24.3,28.32763,2024-11-04,2.0
26.232,29.193853,2024-11-05,2.0
36.4,29.499437,2024-11-06,2.0
36.976,29.247473,2024-11-07,2.0
22.12,28.579771,2024-11-08,2.0
41.332,28.672548,2024-11-09,2.0
35.528,27.627207,2024-11-10,2.0
10.25,29.241257,2024-11-11,2.0
28.948,30.193834,2024-11-12,2.0
24.211,27.86315,2024-11-13,2.0
18.268,26.686806,2024-11-14,2.0
16.76,27.133745,2024-11-15,2.0
25.76794,25.302053,2024-11-16,2.0
33.77047,23.649363,2024-11-17,2.0
17.52354,24.2482,2024-11-18,2.0
27.59,25.209639,2024-11-19,2.0
30.306,24.657053,2024-11-20,2.0
36.268,25.382933,2024-11-21,2.0
16.766666,26.014288,2024-11-22,2.0
35.149315,26.377562,2024-11-23,2.0
33.507492,26.084322,2024-11-24,2.0
21.842386,26.616148,2024-11-25,2.0
27.59,27.617514,2024-11-26,2.0
30.211622,27.754557,2024-11-27,2.0
36.268,27.901524,2024-11-28,2.0
20.766666,28.03033,2024-11-29,2.0
43.72228,27.770166,2024-11-30,2.0
10.708,27.172438,2024-12-01,2.0
9.932,28.951296,2024-12-02,2.0
12.088,28.21015,2024-12-03,2.0
9.46,24.736467,2024-12-04,2.0
33.36,23.069986,2024-12-05,2.0
27.728,21.597755,2024-12-06,2.0
31.952,22.247581,2024-12-07,2.0
25.376,23.357801,2024-12-08,2.0
18.5828,25.09358,2024-12-09,2.0
10.536,24.112226,2024-12-10,2.0
43.911,23.215425,2024-12-11,2.0
20.58,20.880123,2024-12-12,2.0
13.64,23.587528,2024-12-13,2.0
8.0,23.898329,2024-12-14,2.0
33.64,22.933868,2024-12-15,2.0
8.012,21.162348,2024-12-16,2.0
8.576,21.302137,2024-12-17,2.0
33.24,21.212793,2024-12-18,2.0
23.932,18.87484,2024-12-19,2.0
10.211,21.02468,2024-12-20,2.0
25.748,21.90948,2024-12-21,2.0
8.628,21.039877,2024-12-22,2.0
8.132,20.479166,2024-12-23,2.0
9.772,19.639524,2024-12-24,2.0
31.268,17.213146,2024-12-25,2.0
52.068,16.246885,2024-12-26,2.0
8.432,18.921818,2024-12-27,2.0
19.76,22.378277,2024-12-28,2.0
25.7,22.54512,2024-12-29,2.0
8.452,20.821138,2024-12-30,2.0
33.588,20.652063,2024-12-31,2.0
20.252,20.334549,2025-01-01,2.0
28.576,21.596338,2025-01-02,2.0
27.992,22.548792,2025-01-03,2.0
32.488,23.745943,2025-01-04,2.0
23.428,24.359674,2025-01-05,2.0
25.852,26.110083,2025-01-06,2.0
10.628,26.65624,2025-01-07,2.0
31.452,26.277609,2025-01-08,2.0
50.34,25.331251,2025-01-09,2.0
11.428,24.5324,2025-01-10,2.0
10.072,26.101961,2025-01-11,2.0
35.88,25.986288,2025-01-12,2.0
9.328,22.806744,2025-01-13,2.0
17.428,24.269585,2025-01-14,2.0
25.96,24.819708,2025-01-15,2.0
29.432,22.646936,2025-01-16,2.0
9.708,22.2094,2025-01-17,2.0
9.6,23.481567,2025-01-18,2.0
44.18,22.097368,2025-01-19,2.0
32.752,19.356634,2025-01-20,2.0
10.228,21.86902,2025-01-21,2.0
8.611,23.88242,2025-01-22,2.0
49.128,23.317686,2025-01-23,2.0
8.992,21.017282,2025-01-24,2.0
23.588,22.826036,2025-01-25,2.0
9.772,22.901545,2025-01-26,2.0
25.748,21.530437,2025-01-27,2.0
18.148,21.882458,2025-01-28,2.0
17.5828,23.041174,2025-01-29,2.0
36.968,23.02529,2025-01-30,2.0
7.848,20.931662,2025-01-31,2.0
17.692,22.942518,2025-02-01,2.0
9.388,22.053572,2025-02-02,2.0
32.692,19.978333,2025-02-03,2.0
10.72,18.79569,2025-02-04,2.0
30.98,20.565834,2025-02-05,2.0
16.28,21.078913,2025-02-06,2.0
33.52,21.27339,2025-02-07,2.0
10.32,21.236313,2025-02-08,2.0
25.102,22.18583,2025-02-09,2.0
10.228,20.90338,2025-02-10,2.0
8.6,20.422293,2025-02-11,2.0
33.4,20.739023,2025-02-12,2.0
25.38,18.555758,2025-02-13,2.0
8.872,20.538145,2025-02-14,2.0
9.008,21.697687,2025-02-15,2.0
25.84,21.395655,2025-02-16,2.0
25.208,17.591902,2025-02-17,2.0
9.064,18.539629,2025-02-18,2.0
20.816,19.611046,2025-02-19,2.0
50.5828,17.929405,2025-02-20,2.0
9.268,18.999987,2025-02-21,2.0
7.988,22.175434,2025-02-22,2.0
9.1428,22.741987,2025-02-23,2.0
9.188,18.945337,2025-02-24,2.0
35.86,17.13851,2025-02-25,2.0
28.828,16.806648,2025-02-26,2.0
6.928,19.924116,2025-02-27,2.0
2.352,22.424969,2025-02-28,2.0
31.24,21.50171,2025-03-01,2.0
9.792,16.123102,2025-03-02,2.0
20.2,16.503302,2025-03-03,2.0
8.148,16.79415,2025-03-04,2.0
47.788,17.300709,2025-03-05,2.0
12.5028,17.716703,2025-03-06,2.0
8.16,21.418173,2025-03-07,2.0
21.056,21.51647,2025-03-08,2.0
8.852,18.44549,2025-03-09,2.0
8.572,18.514444,2025-03-10,2.0
21.576,17.238276,2025-03-11,2.0
27.88,15.402755,2025-03-12,2.0
29.372,16.20651,2025-03-13,2.0
9.508,19.165623,2025-03-14,2.0
32.1428,20.457495,2025-03-15,2.0
8.96,20.130573,2025-03-16,2.0
20.856,20.422392,2025-03-17,2.0
10.6628,19.68836,2025-03-18,2.0
19.296,19.471941,2025-03-19,2.0
16.432,18.848986,2025-03-20,2.0
26.328,18.647303,2025-03-21,2.0
14.288,18.533377,2025-03-22,2.0
21.088,19.885876,2025-03-23,2.0
10.5828,19.63535,2025-03-24,2.0
10.736,19.455233,2025-03-25,2.0
8.128,18.734945,2025-03-26,2.0
12.008,16.271181,2025-03-27,2.0
28.248,15.239409,2025-03-28,2.0
31.168,14.062675,2025-03-29,2.0
30.88,16.668972,2025-03-30,2.0
14.296,19.846394,2025-03-31,2.0
29.0,22.580204,2025-04-01,2.0
30.028,22.145983,2025-04-02,2.0
17.52,22.917027,2025-04-03,2.0
25.056,24.323462,2025-04-04,2.0
14.9428,23.290583,2025-04-05,2.0
19.616,23.754908,2025-04-06,2.0
8.752,23.74867,2025-04-07,2.0
26.072,23.469202,2025-04-08,2.0
30.544,21.806606,2025-04-09,2.0
11.416,22.732141,2025-04-10,2.0
14.744,24.25789,2025-04-11,2.0
17.832,22.820383,2025-04-12,2.0
8.544,20.70453,2025-04-13,2.0
23.8,18.471931,2025-04-14,2.0
14.68,16.360525,2025-04-15,2.0
33.4628,17.279016,2025-04-16,2.0
23.704,18.572514,2025-04-17,2.0
31.4,21.188955,2025-04-18,2.0
10.856,21.278395,2025-04-19,2.0
9.424,23.12081,2025-04-20,2.0
9.592,21.327982,2025-04-21,2.0
28.016,18.561268,2025-04-22,2.0
26.936,17.416687,2025-04-23,2.0
10.296,19.15795,2025-04-24,2.0
19.008,21.79478,2025-04-25,2.0
29.936,20.636435,2025-04-26,2.0
14.336,19.575949,2025-04-27,2.0
18.048,19.980927,2025-04-28,2.0
14.3028,19.700617,2025-04-29,2.0
14.2,19.325975,2025-04-30,2.0
28.5828,20.00579,2025-05-01,2.0
18.104,19.442389,2025-05-02,2.0
27.872,20.025127,2025-05-03,2.0
18.568,21.065279,2025-05-04,2.0
20.256,21.705269,2025-05-05,2.0
13.296,21.15157,2025-05-06,2.0
25.96,21.184616,2025-05-07,2.0
31.84,20.176477,2025-05-08,2.0
23.028,20.664125,2025-05-09,2.0
11.52,21.825846,2025-05-10,2.0
25.92,22.953129,2025-05-11,2.0
29.296,21.455862,2025-05-12,2.0
16.2628,21.501217,2025-05-13,2.0
25.612,23.01156,2025-05-14,2.0
32.952,22.100187,2025-05-15,2.0
26.352,22.16454,2025-05-16,2.0
21.56,23.224371,2025-05-17,2.0
21.248,24.253382,2025-05-18,2.0
23.0228,23.705149,2025-05-19,2.0
23.952,22.480104,2025-05-20,2.0
19.176,22.619839,2025-05-21,2.0
22.288,23.019659,2025-05-22,2.0
29.102,22.711798,2025-05-23,2.0
21.816,22.177128,2025-05-24,2.0
20.104,23.260494,2025-05-25,2.0
16.888,23.569178,2025-05-26,2.0
16.528,22.859356,2025-05-27,2.0
19.992,22.31534,2025-05-28,2.0
22.448,21.788687,2025-05-29,2.0
17.256,21.559477,2025-05-30,2.0
17.104,20.514511,2025-05-31,2.0
12.11,20.227808,2025-06-01,2.0
30.36,19.247957,2025-06-02,2.0
14.6628,17.633455,2025-06-03,2.0
36.048,19.271444,2025-06-04,2.0
32.628,19.997087,2025-06-05,2.0
21.224,21.667202,2025-06-06,2.0
21.928,22.592615,2025-06-07,2.0
17.272,23.120405,2025-06-08,2.0
20.448,22.43102,2025-06-09,2.0
17.648,21.733004,2025-06-10,2.0
20.648,22.681816,2025-06-11,2.0
23.192,22.1367,2025-06-12,2.0
13.992,22.142534,2025-06-13,2.0
10.672,21.581858,2025-06-14,2.0
10.1828,20.539478,2025-06-15,2.0
10.0,18.0273,2025-06-16,2.0
21.972,23.701696,2024-09-18,3.0
8.228,21.989317,2024-09-19,3.0
27.332,21.172756,2024-09-20,3.0
33.12,19.127474,2024-09-21,3.0
26.648,19.690693,2024-09-22,3.0
14.18,22.324972,2024-09-23,3.0
9.572,23.821968,2024-09-24,3.0
22.64,22.779419,2024-09-25,3.0
33.258,19.068476,2024-09-26,3.0
29.64,18.808882,2024-09-27,3.0
21.0,20.726847,2024-09-28,3.0
22.66,23.002869,2024-09-29,3.0
20.08,23.792068,2024-09-30,3.0
22.328,23.264381,2024-10-01,3.0
14.6,23.037296,2024-10-02,3.0
21.612,22.889574,2024-10-03,3.0
26.292,22.383749,2024-10-04,3.0
19.328,21.863813,2024-10-05,3.0
20.14,23.027552,2024-10-06,3.0
23.98,22.553354,2024-10-07,3.0
21.928,21.545511,2024-10-08,3.0
19.392,22.662027,2024-10-09,3.0
24.352,23.157358,2024-10-10,3.0
23.36,22.094072,2024-10-11,3.0
18.76,21.920567,2024-10-12,3.0
19.016,22.57921,2024-10-13,3.0
24.532,21.979872,2024-10-14,3.0
23.44,20.93508,2024-10-15,3.0
18.211,22.526974,2024-10-16,3.0
22.328,23.53632,2024-10-17,3.0
21.0,22.726484,2024-10-18,3.0
29.1,21.888367,2024-10-19,3.0
20.548,22.234734,2024-10-20,3.0
24.872,22.82914,2024-10-21,3.0
25.552,23.12216,2024-10-22,3.0
29.856,24.567736,2024-10-23,3.0
26.372,25.155134,2024-10-24,3.0
23.092,25.556849,2024-10-25,3.0
18.936,25.327234,2024-10-26,3.0
19.5028,25.216627,2024-10-27,3.0
19.308,24.59872,2024-10-28,3.0
26.852,22.75068,2024-10-29,3.0
19.96,22.883982,2024-10-30,3.0
16.368,23.77039,2024-10-31,3.0
24.86,23.718555,2024-11-01,3.0
14.64,22.567034,2024-11-02,3.0
24.18,22.923212,2024-11-03,3.0
24.672,21.675776,2024-11-04,3.0
12.008,21.050478,2024-11-05,3.0
20.512,23.128017,2024-11-06,3.0
24.468,22.371525,2024-11-07,3.0
26.5,21.547586,2024-11-08,3.0
17.672,22.087055,2024-11-09,3.0
23.968,23.45011,2024-11-10,3.0
25.428,22.625202,2024-11-11,3.0
19.08,22.19938,2024-11-12,3.0
20.02,23.640696,2024-11-13,3.0
23.508,23.067633,2024-11-14,3.0
16.384,22.691378,2024-11-15,3.0
28.888,22.662378,2024-11-16,3.0
11.568,22.183432,2024-11-17,3.0
19.612,22.512278,2024-11-18,3.0
27.92,21.934675,2024-11-19,3.0
22.668,21.963737,2024-11-20,3.0
22.432,23.417349,2024-11-21,3.0
22.581333,23.734623,2024-11-22,3.0
20.4,23.195002,2024-11-23,3.0
21.238667,23.238054,2024-11-24,3.0
23.241333,22.748617,2024-11-25,3.0
19.669333,21.811722,2024-11-26,3.0
21.066668,23.133734,2024-11-27,3.0
21.694,23.585474,2024-11-28,3.0
22.581333,23.103107,2024-11-29,3.0
24.3232,22.413588,2024-11-30,3.0
13.688,22.673265,2024-12-01,3.0
25.672,23.022745,2024-12-02,3.0
19.296,20.818348,2024-12-03,3.0
29.1828,21.868517,2024-12-04,3.0
24.2,22.532278,2024-12-05,3.0
31.412,23.60033,2024-12-06,3.0
20.732,23.588997,2024-12-07,3.0
18.388,24.77191,2024-12-08,3.0
22.612,25.409678,2024-12-09,3.0
25.68,22.533823,2024-12-10,3.0
24.572,23.132336,2024-12-11,3.0
27.168,24.388754,2024-12-12,3.0
37.028,24.7997,2024-12-13,3.0
21.2,24.005043,2024-12-14,3.0
37.512,25.140377,2024-12-15,3.0
28.536,26.22188,2024-12-16,3.0
22.08,26.399584,2024-12-17,3.0
24.452,28.02807,2024-12-18,3.0
35.24,28.146719,2024-12-19,3.0
36.228,27.61822,2024-12-20,3.0
29.472,27.10389,2024-12-21,3.0
22.448,28.811422,2024-12-22,3.0
27.592,30.13147,2024-12-23,3.0
32.76,29.843119,2024-12-24,3.0
25.98,29.563452,2024-12-25,3.0
28.892,29.75271,2024-12-26,3.0
29.412,28.521124,2024-12-27,3.0
35.692,26.905235,2024-12-28,3.0
26.411,26.89401,2024-12-29,3.0
13.536,28.2685,2024-12-30,3.0
25.2,28.430262,2024-12-31,3.0
27.552,27.646288,2025-01-01,3.0
42.98,26.682447,2025-01-02,3.0
33.308,26.549555,2025-01-03,3.0
35.24,27.163061,2025-01-04,3.0
30.2528,28.282274,2025-01-05,3.0
35.768,30.099146,2025-01-06,3.0
30.192,30.358534,2025-01-07,3.0
25.88,30.321615,2025-01-08,3.0
38.748,31.311754,2025-01-09,3.0
39.948,30.004927,2025-01-10,3.0
42.92,28.94452,2025-01-11,3.0
41.5428,30.061432,2025-01-12,3.0
41.628,32.216434,2025-01-13,3.0
13.588,34.281403,2025-01-14,3.0
43.64,35.852657,2025-01-15,3.0
52.072,34.788933,2025-01-16,3.0
28.82,32.56468,2025-01-17,3.0
26.06,33.35247,2025-01-18,3.0
31.32,33.734547,2025-01-19,3.0
20.128,32.279873,2025-01-20,3.0
27.9428,31.46322,2025-01-21,3.0
31.328,30.321854,2025-01-22,3.0
30.5,28.212656,2025-01-23,3.0
21.228,28.22792,2025-01-24,3.0
37.572,27.914093,2025-01-25,3.0
24.828,26.880453,2025-01-26,3.0
25.472,27.768002,2025-01-27,3.0
32.112,28.609911,2025-01-28,3.0
29.648,28.749884,2025-01-29,3.0
25.472,29.2696,2025-01-30,3.0
45.768,28.579313,2025-01-31,3.0
26.56,27.882235,2025-02-01,3.0
30.232,28.574928,2025-02-02,3.0
43.068,29.605934,2025-02-03,3.0
28.708,30.12165,2025-02-04,3.0
33.952,31.545034,2025-02-05,3.0
39.88,33.286808,2025-02-06,3.0
43.48,32.517864,2025-02-07,3.0
43.62,31.666979,2025-02-08,3.0
36.06,32.99323,2025-02-09,3.0
46.78,34.057392,2025-02-10,3.0
31.76,34.53316,2025-02-11,3.0
39.068,36.52708,2025-02-12,3.0
46.972,37.189365,2025-02-13,3.0
44.76,37.298916,2025-02-14,3.0
26.7,37.89497,2025-02-15,3.0
25.552,39.61176,2025-02-16,3.0
39.11,39.44617,2025-02-17,3.0
39.028,35.600254,2025-02-18,3.0
44.096,34.1915,2025-02-19,3.0
44.102,33.797016,2025-02-20,3.0
38.128,34.411526,2025-02-21,3.0
42.704,34.10112,2025-02-22,3.0
42.656,35.390675,2025-02-23,3.0
31.452,37.78293,2025-02-24,3.0
49.26,40.691643,2025-02-25,3.0
30.808,40.42564,2025-02-26,3.0
38.052,39.981716,2025-02-27,3.0
14.292,39.371796,2025-02-28,3.0
58.808,37.565704,2025-03-01,3.0
25.311,33.543972,2025-03-02,3.0
28.048,34.17869,2025-03-03,3.0
26.86,34.70632,2025-03-04,3.0
39.132,33.37846,2025-03-05,3.0
27.76,32.410046,2025-03-06,3.0
26.96,33.245174,2025-03-07,3.0
35.24,32.467243,2025-03-08,3.0
26.888,29.665812,2025-03-09,3.0
25.568,30.711561,2025-03-10,3.0
20.0628,30.104542,2025-03-11,3.0
19.928,28.625914,2025-03-12,3.0
19.008,27.654404,2025-03-13,3.0
23.64,25.968622,2025-03-14,3.0
16.9828,24.023943,2025-03-15,3.0
20.2,24.030428,2025-03-16,3.0
18.768,23.513346,2025-03-17,3.0
19.428,23.1975,2025-03-18,3.0
28.24,23.104364,2025-03-19,3.0
19.86,22.027756,2025-03-20,3.0
18.452,22.205229,2025-03-21,3.0
10.736,21.842182,2025-03-22,3.0
19.392,21.646652,2025-03-23,3.0
17.072,19.205128,2025-03-24,3.0
21.258,18.666483,2025-03-25,3.0
22.528,19.401228,2025-03-26,3.0
17.18,19.41472,2025-03-27,3.0
28.4,20.996058,2025-03-28,3.0
26.452,20.40064,2025-03-29,3.0
10.896,21.726238,2025-03-30,3.0
20.68,22.344366,2025-03-31,3.0
11.12,20.89133,2025-04-01,3.0
18.76,20.213558,2025-04-02,3.0
18.6,19.634876,2025-04-03,3.0
17.672,19.072289,2025-04-04,3.0
10.952,18.828985,2025-04-05,3.0
17.328,19.53447,2025-04-06,3.0
12.2,18.05318,2025-04-07,3.0
11.9,17.418182,2025-04-08,3.0
26.972,17.848782,2025-04-09,3.0
11.216,16.924149,2025-04-10,3.0
11.92,18.870987,2025-04-11,3.0
19.92,18.37694,2025-04-12,3.0
16.432,16.466444,2025-04-13,3.0
23.08,15.382747,2025-04-14,3.0
28.1,15.787317,2025-04-15,3.0
19.811,17.975824,2025-04-16,3.0
14.428,20.585558,2025-04-17,3.0
14.44,21.816454,2025-04-18,3.0
13.2,19.129398,2025-04-19,3.0
17.928,18.067081,2025-04-20,3.0
20.18,16.801773,2025-04-21,3.0
17.94,17.408148,2025-04-22,3.0
18.18,19.7125,2025-04-23,3.0
21.492,20.768936,2025-04-24,3.0
16.948,20.202778,2025-04-25,3.0
16.612,19.210783,2025-04-26,3.0
12.648,18.682112,2025-04-27,3.0
11.472,17.167198,2025-04-28,3.0
19.828,16.509829,2025-04-29,3.0
18.748,16.146177,2025-04-30,3.0
18.892,17.272377,2025-05-01,3.0
17.412,18.758366,2025-05-02,3.0
10.68,18.841547,2025-05-03,3.0
17.128,19.093964,2025-05-04,3.0
13.74,16.809938,2025-05-05,3.0
11.25,15.370065,2025-05-06,3.0
22.5,15.638984,2025-05-07,3.0
25.492,15.543781,2025-05-08,3.0
20.6,16.727648,2025-05-09,3.0
16.108,18.009428,2025-05-10,3.0
17.18,19.350214,2025-05-11,3.0
17.7,18.180355,2025-05-12,3.0
18.74,18.046497,2025-05-13,3.0
20.52,17.823748,2025-05-14,3.0
18.36,17.64659,2025-05-15,3.0
14.25,18.743895,2025-05-16,3.0
16.868,18.972004,2025-05-17,3.0
18.024,18.600512,2025-05-18,3.0
18.588,17.823317,2025-05-19,3.0
14.732,16.778349,2025-05-20,3.0
19.508,16.858082,2025-05-21,3.0
19.66,17.283327,2025-05-22,3.0
11.88,17.704424,2025-05-23,3.0
16.74,17.552677,2025-05-24,3.0
18.76,17.205742,2025-05-25,3.0
18.6,16.293194,2025-05-26,3.0
18.58,16.423975,2025-05-27,3.0
18.888,17.809668,2025-05-28,3.0
11.432,18.865786,2025-05-29,3.0
17.752,19.47914,2025-05-30,3.0
14.52,16.896975,2025-05-31,3.0
11.28,16.019297,2025-06-01,3.0
20.068,15.4952345,2025-06-02,3.0
14.532,14.808314,2025-06-03,3.0
18.508,15.932237,2025-06-04,3.0
27.24,16.795815,2025-06-05,3.0
14.468,16.727604,2025-06-06,3.0
23.96,17.250135,2025-06-07,3.0
17.6,17.622618,2025-06-08,3.0
18.664,18.133905,2025-06-09,3.0
19.448,18.544247,2025-06-10,3.0
20.128,19.77358,2025-06-11,3.0
18.252,20.277205,2025-06-12,3.0
9.92,20.169037,2025-06-13,3.0
11.508,19.424547,2025-06-14,3.0
10.52,17.762356,2025-06-15,3.0
10.0,15.956872,2025-06-16,3.0
27.256,25.628443,2024-09-18,4.0
25.736,24.435465,2024-09-19,4.0
14.184,24.314236,2024-09-20,4.0
30.856,24.190908,2024-09-21,4.0
16.416,22.41923,2024-09-22,4.0
33.832,22.93786,2024-09-23,4.0
18.28,22.611244,2024-09-24,4.0
24.376,24.005486,2024-09-25,4.0
36.428,23.90619,2024-09-26,4.0
23.96,23.857658,2024-09-27,4.0
11.711,24.538412,2024-09-28,4.0
17.288,24.99471,2024-09-29,4.0
27.6628,23.150354,2024-09-30,4.0
17.256,21.203112,2024-10-01,4.0
31.56,23.353365,2024-10-02,4.0
25.272,23.616566,2024-10-03,4.0
16.888,24.391802,2024-10-04,4.0
25.8,24.643866,2024-10-05,4.0
9.2,23.856813,2024-10-06,4.0
17.6,22.462996,2024-10-07,4.0
24.128,20.30764,2024-10-08,4.0
25.432,20.255941,2024-10-09,4.0
35.8228,21.416414,2024-10-10,4.0
26.6,22.90713,2024-10-11,4.0
19.984,23.798891,2024-10-12,4.0
24.496,24.820501,2024-10-13,4.0
33.648,24.38766,2024-10-14,4.0
31.792,23.02143,2024-10-15,4.0
22.816,25.601532,2024-10-16,4.0
65.68,27.221132,2024-10-17,4.0
48.0628,26.683243,2024-10-18,4.0
59.711,28.604898,2024-10-19,4.0
36.432,31.947546,2024-10-20,4.0
25.368,36.477085,2024-10-21,4.0
44.2228,39.2976,2024-10-22,4.0
39.8628,39.64117,2024-10-23,4.0
28.096,41.181633,2024-10-24,4.0
31.736,39.40299,2024-10-25,4.0
42.102,36.32353,2024-10-26,4.0
28.064,33.46554,2024-10-27,4.0
21.96,35.988308,2024-10-28,4.0
28.808,35.67731,2024-10-29,4.0
32.828,33.160213,2024-10-30,4.0
25.192,32.944298,2024-10-31,4.0
48.608,32.749035,2024-11-01,4.0
28.872,30.34625,2024-11-02,4.0
22.256,30.446188,2024-11-03,4.0
43.648,32.14888,2024-11-04,4.0
37.976,30.564928,2024-11-05,4.0
35.88,32.399055,2024-11-06,4.0
48.008,34.308308,2024-11-07,4.0
32.424,35.01017,2024-11-08,4.0
29.6628,33.66763,2024-11-09,4.0
49.624,33.78606,2024-11-10,4.0
28.96,33.819935,2024-11-11,4.0
18.0,34.96582,2024-11-12,4.0
28.296,36.481754,2024-11-13,4.0
36.064,33.92046,2024-11-14,4.0
52.968,31.566916,2024-11-15,4.0
45.6,30.335411,2024-11-16,4.0
28.792,31.97946,2024-11-17,4.0
47.008,33.633713,2024-11-18,4.0
38.592,34.07465,2024-11-19,4.0
38.96,36.460236,2024-11-20,4.0
31.8228,38.711582,2024-11-21,4.0
38.168,39.590694,2024-11-22,4.0
25.712,35.68046,2024-11-23,4.0
33.557335,35.330612,2024-11-24,4.0
43.872,35.371655,2024-11-25,4.0
31.522667,35.06805,2024-11-26,4.0
38.378666,36.525085,2024-11-27,4.0
38.632,36.73293,2024-11-28,4.0
43.042,36.65618,2024-11-29,4.0
22.746,33.86204,2024-11-30,4.0
26.162,34.322548,2024-12-01,4.0
28.210667,34.112774,2024-12-02,4.0
22.212,31.561708,2024-12-03,4.0
28.909334,32.101154,2024-12-04,4.0
30.680082,30.86217,2024-12-05,4.0
32.878925,30.333235,2024-12-06,4.0
25.008,28.527906,2024-12-07,4.0
26.5028,28.791595,2024-12-08,4.0
35.384,29.423727,2024-12-09,4.0
17.096,27.768373,2024-12-10,4.0
31.128,29.281021,2024-12-11,4.0
29.216,28.246672,2024-12-12,4.0
17.3028,27.64305,2024-12-13,4.0
10.16,26.372915,2024-12-14,4.0
26.44,25.641832,2024-12-15,4.0
17.9028,23.719698,2024-12-16,4.0
18.464,22.717764,2024-12-17,4.0
24.568,23.817835,2024-12-18,4.0
25.832,23.206213,2024-12-19,4.0
32.311,23.827272,2024-12-20,4.0
23.228,23.493574,2024-12-21,4.0
18.176,25.042376,2024-12-22,4.0
31.254,25.306007,2024-12-23,4.0
31.088,24.166624,2024-12-24,4.0
31.032,25.620058,2024-12-25,4.0
33.888,26.579893,2024-12-26,4.0
19.768,26.645176,2024-12-27,4.0
30.16,26.206242,2024-12-28,4.0
33.528,26.104464,2024-12-29,4.0
31.576,26.094152,2024-12-30,4.0
32.336,27.042564,2024-12-31,4.0
37.432,28.620617,2025-01-01,4.0
32.912,29.153913,2025-01-02,4.0
31.472,30.473064,2025-01-03,4.0
25.648,30.556253,2025-01-04,4.0
25.032,30.926895,2025-01-05,4.0
27.896,30.91102,2025-01-06,4.0
30.312,29.695564,2025-01-07,4.0
26.08,29.39897,2025-01-08,4.0
28.96,29.528074,2025-01-09,4.0
29.56,29.001364,2025-01-10,4.0
33.888,27.209133,2025-01-11,4.0
25.32,27.337196,2025-01-12,4.0
19.428,28.125109,2025-01-13,4.0
29.848,28.557589,2025-01-14,4.0
19.911,27.863935,2025-01-15,4.0
16.848,27.694849,2025-01-16,4.0
19.632,26.094273,2025-01-17,4.0
16.8628,24.380459,2025-01-18,4.0
17.008,23.814243,2025-01-19,4.0
26.511,23.441301,2025-01-20,4.0
12.0,22.087032,2025-01-21,4.0
26.216,21.7201,2025-01-22,4.0
25.64,21.454916,2025-01-23,4.0
19.828,21.554317,2025-01-24,4.0
30.12,21.568106,2025-01-25,4.0
16.312,21.791855,2025-01-26,4.0
19.352,22.60496,2025-01-27,4.0
22.048,23.036097,2025-01-28,4.0
22.032,23.560266,2025-01-29,4.0
28.6628,23.585634,2025-01-30,4.0
29.528,23.2566,2025-01-31,4.0
25.428,23.791979,2025-02-01,4.0
25.856,24.60141,2025-02-02,4.0
17.008,25.136244,2025-02-03,4.0
13.28,25.621447,2025-02-04,4.0
29.16,24.973352,2025-02-05,4.0
24.936,23.083624,2025-02-06,4.0
44.0,22.869974,2025-02-07,4.0
30.288,23.156084,2025-02-08,4.0
38.048,25.181688,2025-02-09,4.0
29.11,26.898972,2025-02-10,4.0
35.176,27.926107,2025-02-11,4.0
32.592,29.654768,2025-02-12,4.0
33.768,30.069143,2025-02-13,4.0
28.16,30.88618,2025-02-14,4.0
28.511,30.374258,2025-02-15,4.0
48.288,31.110775,2025-02-16,4.0
47.311,30.406395,2025-02-17,4.0
44.2528,31.289682,2025-02-18,4.0
32.656,33.027287,2025-02-19,4.0
54.1428,34.633728,2025-02-20,4.0
53.112,36.014484,2025-02-21,4.0
43.776,36.522106,2025-02-22,4.0
51.376,40.004734,2025-02-23,4.0
52.28,41.3755,2025-02-24,4.0
55.072,43.72989,2025-02-25,4.0
49.504,44.669083,2025-02-26,4.0
39.428,45.431225,2025-02-27,4.0
72.72,45.802486,2025-02-28,4.0
69.624,44.983883,2025-03-01,4.0
60.76,45.58785,2025-03-02,4.0
61.648,46.37728,2025-03-03,4.0
79.192,46.631695,2025-03-04,4.0
66.2228,46.68895,2025-03-05,4.0
72.608,47.10359,2025-03-06,4.0
58.2,47.147953,2025-03-07,4.0
29.12,47.13648,2025-03-08,4.0
51.472,47.15044,2025-03-09,4.0
48.104,47.0938,2025-03-10,4.0
58.208,46.490643,2025-03-11,4.0
25.952,46.603153,2025-03-12,4.0
26.96,46.520386,2025-03-13,4.0
58.176,45.81439,2025-03-14,4.0
35.288,42.292564,2025-03-15,4.0
10.264,43.316578,2025-03-16,4.0
13.5428,41.67133,2025-03-17,4.0
11.24,37.360294,2025-03-18,4.0
13.92,31.583616,2025-03-19,4.0
12.624,28.164045,2025-03-20,4.0
14.2228,23.67245,2025-03-21,4.0
20.72,21.13537,2025-03-22,4.0
22.632,20.71051,2025-03-23,4.0
60.36,20.32304,2025-03-24,4.0
49.28,20.282663,2025-03-25,4.0
57.744,25.090448,2025-03-26,4.0
48.896,28.099339,2025-03-27,4.0
36.272,30.523096,2025-03-28,4.0
59.16,32.91402,2025-03-29,4.0
31.102,35.20834,2025-03-30,4.0
31.52,40.528084,2025-03-31,4.0
50.328,43.044785,2025-04-01,4.0
20.696,42.923664,2025-04-02,4.0
45.168,43.009987,2025-04-03,4.0
28.32,42.42541,2025-04-04,4.0
42.4,40.057774,2025-04-05,4.0
32.048,36.65773,2025-04-06,4.0
35.584,38.25166,2025-04-07,4.0
33.648,37.921356,2025-04-08,4.0
47.9428,36.717236,2025-04-09,4.0
54.136,37.94381,2025-04-10,4.0
52.616,38.080578,2025-04-11,4.0
37.368,40.24167,2025-04-12,4.0
47.8628,41.873596,2025-04-13,4.0
38.2628,42.64919,2025-04-14,4.0
36.552,42.974594,2025-04-15,4.0
30.76,43.420868,2025-04-16,4.0
14.208,43.4145,2025-04-17,4.0
10.3828,41.160378,2025-04-18,4.0
10.208,34.602917,2025-04-19,4.0
9.1028,29.304722,2025-04-20,4.0
8.928,25.992884,2025-04-21,4.0
9.832,23.357569,2025-04-22,4.0
10.808,21.470861,2025-04-23,4.0
32.024,18.993979,2025-04-24,4.0
8.3828,16.469774,2025-04-25,4.0
16.68,16.857138,2025-04-26,4.0
7.96,15.909604,2025-04-27,4.0
8.52,13.784379,2025-04-28,4.0
9.744,12.800906,2025-04-29,4.0
13.512,11.753692,2025-04-30,4.0
10.816,11.253527,2025-05-01,4.0
9.192,12.293611,2025-05-02,4.0
9.68,12.952881,2025-05-03,4.0
9.368,12.29368,2025-05-04,4.0
9.488,10.895228,2025-05-05,4.0
10.296,9.659793,2025-05-06,4.0
8.8228,9.597827,2025-05-07,4.0
12.11,9.840732,2025-05-08,4.0
10.68,9.672814,2025-05-09,4.0
10.832,8.939566,2025-05-10,4.0
10.9428,9.151809,2025-05-11,4.0
10.104,9.23039,2025-05-12,4.0
9.5828,9.748895,2025-05-13,4.0
8.36,9.955096,2025-05-14,4.0
14.496,9.631639,2025-05-15,4.0
8.48,9.543666,2025-05-16,4.0
8.9028,10.017055,2025-05-17,4.0
10.8,10.241134,2025-05-18,4.0
10.256,9.82592,2025-05-19,4.0
9.992,9.132289,2025-05-20,4.0
10.976,9.069335,2025-05-21,4.0
14.3828,9.404352,2025-05-22,4.0
13.168,9.664886,2025-05-23,4.0
11.92,10.05297,2025-05-24,4.0
12.336,10.839381,2025-05-25,4.0
13.856,10.562678,2025-05-26,4.0
14.56,10.543911,2025-05-27,4.0
9.428,11.692815,2025-05-28,4.0
22.352,13.025083,2025-05-29,4.0
16.6,12.623676,2025-05-30,4.0
23.536,12.803881,2025-05-31,4.0
18.92,14.04828,2025-06-01,4.0
20.7028,15.359216,2025-06-02,4.0
19.76,16.403543,2025-06-03,4.0
22.736,17.940254,2025-06-04,4.0
31.32,19.182869,2025-06-05,4.0
28.008,19.32418,2025-06-06,4.0
19.736,20.532625,2025-06-07,4.0
25.672,22.15871,2025-06-08,4.0
22.992,22.3997,2025-06-09,4.0
22.3828,22.9747,2025-06-10,4.0
28.232,24.328558,2025-06-11,4.0
32.528,24.621334,2025-06-12,4.0
23.192,24.512201,2025-06-13,4.0
24.608,24.581009,2025-06-14,4.0
22.0,25.244719,2025-06-15,4.0
24.0,24.87512,2025-06-16,4.0
6.2,5.1383824,2024-09-18,5.0
8.28,5.2107897,2024-09-19,5.0
5.66,5.2932973,2024-09-20,5.0
7.98,5.4420304,2024-09-21,5.0
8.808,5.648354,2024-09-22,5.0
5.628,5.727279,2024-09-23,5.0
0.0,6.132767,2024-09-24,5.0
0.0,6.617737,2024-09-25,5.0
0.0,5.9188614,2024-09-26,5.0
4.72,5.1346545,2024-09-27,5.0
12.68,4.4081388,2024-09-28,5.0
5.1828,4.3677483,2024-09-29,5.0
2.96,5.058323,2024-09-30,5.0
14.376,5.3977723,2024-10-01,5.0
10.132,5.447073,2024-10-02,5.0
13.66,6.2413955,2024-10-03,5.0
10.06,6.867387,2024-10-04,5.0
0.02,7.475966,2024-10-05,5.0
0.0,8.493188,2024-10-06,5.0
0.06,7.494091,2024-10-07,5.0
0.068,6.261822,2024-10-08,5.0
0.0,5.7417026,2024-10-09,5.0
0.0,5.252886,2024-10-10,5.0
0.032,4.7704473,2024-10-11,5.0
0.032,4.2115645,2024-10-12,5.0
0.28,3.8768847,2024-10-13,5.0
0.0,3.5907338,2024-10-14,5.0
3.016,3.383476,2024-10-15,5.0
16.24,3.3157744,2024-10-16,5.0
16.28,3.334144,2024-10-17,5.0
16.28,4.1545277,2024-10-18,5.0
2.56,5.572783,2024-10-19,5.0
2.1828,7.7529907,2024-10-20,5.0
4.328,7.388509,2024-10-21,5.0
1.088,6.6766715,2024-10-22,5.0
0.0,6.5564046,2024-10-23,5.0
3.232,6.143527,2024-10-24,5.0
2.3,5.7108502,2024-10-25,5.0
11.452,5.4082155,2024-10-26,5.0
0.976,5.2476287,2024-10-27,5.0
1.84,5.58677,2024-10-28,5.0
1.384,5.3246965,2024-10-29,5.0
1.128,5.0481925,2024-10-30,5.0
2.911,4.831591,2024-10-31,5.0
1.688,4.4586654,2024-11-01,5.0
1.84,4.1566873,2024-11-02,5.0
0.14,4.2207227,2024-11-03,5.0
0.128,4.310091,2024-11-04,5.0
0.14,4.1914134,2024-11-05,5.0
0.528,4.1832485,2024-11-06,5.0
0.128,4.031442,2024-11-07,5.0
0.1828,3.8364596,2024-11-08,5.0
0.136,3.582942,2024-11-09,5.0
14.52,3.4831138,2024-11-10,5.0
2.12,3.507554,2024-11-11,5.0
2.12,4.2743235,2024-11-12,5.0
2.092,4.94589,2024-11-13,5.0
0.811,4.823257,2024-11-14,5.0
0.136,4.6392336,2024-11-15,5.0
0.744,4.3137374,2024-11-16,5.0
0.148,4.169913,2024-11-17,5.0
0.12,4.1684623,2024-11-18,5.0
0.732,4.2239733,2024-11-19,5.0
1.496,4.276747,2024-11-20,5.0
1.052,4.1686635,2024-11-21,5.0
16.76853,4.014997,2024-11-22,5.0
17.225039,3.7876003,2024-11-23,5.0
19.852396,4.8095813,2024-11-24,5.0
19.892107,6.5366187,2024-11-25,5.0
18.913795,8.998433,2024-11-26,5.0
20.778698,12.258633,2024-11-27,5.0
19.173038,14.703726,2024-11-28,5.0
16.353529,16.495176,2024-11-29,5.0
27.1012,17.18265,2024-11-30,5.0
12.528,18.404602,2024-12-01,5.0
26.192,19.954233,2024-12-02,5.0
17.76,19.46808,2024-12-03,5.0
21.708,20.944017,2024-12-04,5.0
28.94,22.117008,2024-12-05,5.0
25.428,22.47893,2024-12-06,5.0
22.14,23.009504,2024-12-07,5.0
11.988,24.024843,2024-12-08,5.0
20.7828,24.335806,2024-12-09,5.0
24.088,21.27831,2024-12-10,5.0
9.832,21.554989,2024-12-11,5.0
11.688,22.795145,2024-12-12,5.0
32.792,21.692442,2024-12-13,5.0
31.488,19.593092,2024-12-14,5.0
25.808,21.424397,2024-12-15,5.0
9.992,24.12553,2024-12-16,5.0
29.828,24.206451,2024-12-17,5.0
19.072,22.922531,2024-12-18,5.0
26.148,23.491507,2024-12-19,5.0
22.2,23.21561,2024-12-20,5.0
32.868,23.18305,2024-12-21,5.0
29.492,24.165234,2024-12-22,5.0
29.88,25.69848,2024-12-23,5.0
26.66,26.608702,2024-12-24,5.0
30.688,27.537638,2024-12-25,5.0
12.4228,27.983116,2024-12-26,5.0
16.64,27.679468,2024-12-27,5.0
17.64,25.273039,2024-12-28,5.0
10.868,23.424837,2024-12-29,5.0
22.28,22.891552,2024-12-30,5.0
13.172,21.644896,2024-12-31,5.0
20.708,22.730255,2025-01-01,5.0
11.28,21.824438,2025-01-02,5.0
8.508,21.10443,2025-01-03,5.0
24.8,18.387383,2025-01-04,5.0
17.092,16.337065,2025-01-05,5.0
45.74,16.929873,2025-01-06,5.0
35.22,18.05578,2025-01-07,5.0
20.528,23.185652,2025-01-08,5.0
13.78,26.451918,2025-01-09,5.0
10.052,26.294456,2025-01-10,5.0
12.388,22.975348,2025-01-11,5.0
13.812,19.769627,2025-01-12,5.0
20.128,18.425316,2025-01-13,5.0
5.06,18.6305,2025-01-14,5.0
31.38,20.482828,2025-01-15,5.0
26.568,19.995148,2025-01-16,5.0
10.64,19.520529,2025-01-17,5.0
20.112,19.903635,2025-01-18,5.0
19.711,18.618681,2025-01-19,5.0
23.11,17.745874,2025-01-20,5.0
17.92,17.903873,2025-01-21,5.0
20.376,19.249037,2025-01-22,5.0
6.5028,19.862135,2025-01-23,5.0
22.696,20.637999,2025-01-24,5.0
16.472,18.295416,2025-01-25,5.0
22.56,17.723513,2025-01-26,5.0
21.86,18.36187,2025-01-27,5.0
22.452,19.781843,2025-01-28,5.0
28.388,21.955057,2025-01-29,5.0
4.32,23.154524,2025-01-30,5.0
1.811,23.352903,2025-01-31,5.0
12.088,19.966793,2025-02-01,5.0
20.1,16.056765,2025-02-02,5.0
21.16,14.418349,2025-02-03,5.0
22.508,16.316603,2025-02-04,5.0
14.0228,18.19181,2025-02-05,5.0
6.736,19.932169,2025-02-06,5.0
11.852,19.15871,2025-02-07,5.0
11.68,14.351733,2025-02-08,5.0
7.58,12.519511,2025-02-09,5.0
13.5,12.268698,2025-02-10,5.0
14.68,12.475493,2025-02-11,5.0
19.748,13.380857,2025-02-12,5.0
1.5428,14.920356,2025-02-13,5.0
10.468,15.668582,2025-02-14,5.0
10.732,12.616168,2025-02-15,5.0
10.648,10.942964,2025-02-16,5.0
14.672,10.445167,2025-02-17,5.0
10.616,10.826837,2025-02-18,5.0
10.428,11.51368,2025-02-19,5.0
7.711,11.930839,2025-02-20,5.0
12.888,11.756242,2025-02-21,5.0
11.8628,9.925903,2025-02-22,5.0
21.528,10.022679,2025-02-23,5.0
11.96,10.36482,2025-02-24,5.0
16.38,12.189643,2025-02-25,5.0
12.48,14.434667,2025-02-26,5.0
1.38,15.727309,2025-02-27,5.0
0.56,15.043249,2025-02-28,5.0
18.7,11.547552,2025-03-01,5.0
27.48,8.913571,2025-03-02,5.0
12.292,9.720815,2025-03-03,5.0
9.968,14.282504,2025-03-04,5.0
5.028,15.7177,2025-03-05,5.0
1.088,15.111178,2025-03-06,5.0
1.08,12.590915,2025-03-07,5.0
14.428,8.965516,2025-03-08,5.0
13.0,7.162414,2025-03-09,5.0
5.632,8.294105,2025-03-10,5.0
8.688,10.337855,2025-03-11,5.0
10.1428,10.318963,2025-03-12,5.0
14.688,9.749958,2025-03-13,5.0
1.992,8.839467,2025-03-14,5.0
2.08,8.713922,2025-03-15,5.0
12.64,8.24901,2025-03-16,5.0
2.812,7.592376,2025-03-17,5.0
1.254,7.882989,2025-03-18,5.0
2.148,7.8488913,2025-03-19,5.0
10.668,6.7252355,2025-03-20,5.0
10.904,5.7150416,2025-03-21,5.0
11.536,5.67271,2025-03-22,5.0
2.9028,6.089051,2025-03-23,5.0
1.176,6.413442,2025-03-24,5.0
1.112,6.5158076,2025-03-25,5.0
1.112,6.028825,2025-03-26,5.0
8.568,5.2841654,2025-03-27,5.0
8.488,4.9246197,2025-03-28,5.0
9.12,5.1199923,2025-03-29,5.0
1.412,5.7488923,2025-03-30,5.0
2.148,6.193437,2025-03-31,5.0
8.1828,5.5531287,2025-04-01,5.0
8.6,5.015271,2025-04-02,5.0
3.228,5.0207753,2025-04-03,5.0
9.628,5.2971997,2025-04-04,5.0
4.48,5.251167,2025-04-05,5.0
6.46,5.921257,2025-04-06,5.0
3.528,6.038364,2025-04-07,5.0
3.268,5.9427757,2025-04-08,5.0
9.184,6.0769944,2025-04-09,5.0
3.896,5.9562345,2025-04-10,5.0
8.412,6.1246567,2025-04-11,5.0
7.68,5.7517457,2025-04-12,5.0
7.411,5.710202,2025-04-13,5.0
13.456,5.7628775,2025-04-14,5.0
10.272,5.979138,2025-04-15,5.0
9.92,7.025871,2025-04-16,5.0
14.632,7.7627454,2025-04-17,5.0
7.468,7.9434357,2025-04-18,5.0
4.228,8.236212,2025-04-19,5.0
3.572,8.627032,2025-04-20,5.0
12.456,7.9792857,2025-04-21,5.0
13.192,7.374125,2025-04-22,5.0
13.112,8.375146,2025-04-23,5.0
4.128,9.541378,2025-04-24,5.0
1.888,10.580443,2025-04-25,5.0
13.56,9.290707,2025-04-26,5.0
6.832,7.475986,2025-04-27,5.0
19.86,7.074761,2025-04-28,5.0
1.64,7.400495,2025-04-29,5.0
1.492,9.661322,2025-04-30,5.0
1.28,9.6774235,2025-05-01,5.0
1.28,8.36425,2025-05-02,5.0
3.228,6.7983594,2025-05-03,5.0
10.02,5.853724,2025-05-04,5.0
6.9,5.202275,2025-05-05,5.0
10.258,5.278079,2025-05-06,5.0
20.6,5.9709477,2025-05-07,5.0
10.8628,6.5212693,2025-05-08,5.0
2.256,8.329839,2025-05-09,5.0
17.692,8.317105,2025-05-10,5.0
13.92,7.2243,2025-05-11,5.0
13.828,7.9806457,2025-05-12,5.0
8.492,9.658894,2025-05-13,5.0
13.58,10.871475,2025-05-14,5.0
5.711,10.926652,2025-05-15,5.0
10.656,11.863812,2025-05-16,5.0
7.032,10.700381,2025-05-17,5.0
1.528,10.177684,2025-05-18,5.0
2.12,9.808667,2025-05-19,5.0
10.652,8.214008,2025-05-20,5.0
8.768,6.8832536,2025-05-21,5.0
6.26,7.071487,2025-05-22,5.0
10.211,7.4156466,2025-05-23,5.0
3.16,6.825888,2025-05-24,5.0
10.2,7.084143,2025-05-25,5.0
9.008,6.3380218,2025-05-26,5.0
10.432,6.100702,2025-05-27,5.0
8.496,6.7801957,2025-05-28,5.0
7.132,7.931158,2025-05-29,5.0
1.588,8.249574,2025-05-30,5.0
1.972,7.2624335,2025-05-31,5.0
7.82,6.4990525,2025-06-01,5.0
11.911,5.835791,2025-06-02,5.0
5.208,5.7277794,2025-06-03,5.0
1.688,6.580851,2025-06-04,5.0
2.2628,6.9813795,2025-06-05,5.0
10.908,6.2400527,2025-06-06,5.0
2.628,5.0599174,2025-06-07,5.0
12.392,5.2923927,2025-06-08,5.0
9.128,5.2383256,2025-06-09,5.0
7.752,5.8612943,2025-06-10,5.0
10.208,7.1190715,2025-06-11,5.0
12.028,7.426379,2025-06-12,5.0
4.392,7.4580674,2025-06-13,5.0
6.56,7.229585,2025-06-14,5.0
8.648,7.03865,2025-06-15,5.0
8.0,6.5722547,2025-06-16,5.0
2.932,4.02072,2024-09-18,6.0
4.748,4.0057015,2024-09-19,6.0
6.34,3.9807053,2024-09-20,6.0
7.22,3.8906975,2024-09-21,6.0
3.5,4.2101054,2024-09-22,6.0
2.248,4.607643,2024-09-23,6.0
2.392,4.7478766,2024-09-24,6.0
3.288,4.8737683,2024-09-25,6.0
5.092,4.6985765,2024-09-26,6.0
5.532,4.542277,2024-09-27,6.0
5.128,4.378631,2024-09-28,6.0
3.92,4.619248,2024-09-29,6.0
1.728,4.6922164,2024-09-30,6.0
1.452,4.702544,2024-10-01,6.0
0.72,4.739839,2024-10-02,6.0
0.46,4.5758085,2024-10-03,6.0
0.26,4.3021636,2024-10-04,6.0
1.0,3.88413,2024-10-05,6.0
1.08,3.7611399,2024-10-06,6.0
5.25,3.6030269,2024-10-07,6.0
8.32,3.5519962,2024-10-08,6.0
5.028,3.8472538,2024-10-09,6.0
6.472,4.347533,2024-10-10,6.0
33.248,4.578568,2024-10-11,6.0
35.56,4.5566754,2024-10-12,6.0
39.952,7.9118114,2024-10-13,6.0
19.056,13.84685,2024-10-14,6.0
35.24,19.592184,2024-10-15,6.0
27.32,22.658518,2024-10-16,6.0
30.752,24.721106,2024-10-17,6.0
13.58,25.405468,2024-10-18,6.0
32.68,25.51299,2024-10-19,6.0
24.748,25.153185,2024-10-20,6.0
10.48,25.96119,2024-10-21,6.0
14.2528,26.75976,2024-10-22,6.0
29.696,25.095148,2024-10-23,6.0
35.112,23.22264,2024-10-24,6.0
32.528,23.863432,2024-10-25,6.0
27.064,24.544342,2024-10-26,6.0
28.736,25.653399,2024-10-27,6.0
26.332,26.695498,2024-10-28,6.0
23.52,26.462255,2024-10-29,6.0
10.892,26.766562,2024-10-30,6.0
28.776,26.364355,2024-10-31,6.0
28.1428,24.34653,2024-11-01,6.0
32.12,24.445787,2024-11-02,6.0
25.308,25.116297,2024-11-03,6.0
42.12,26.567266,2024-11-04,6.0
38.68,26.930595,2024-11-05,6.0
29.148,29.14549,2024-11-06,6.0
37.64,30.929468,2024-11-07,6.0
50.32,30.860426,2024-11-08,6.0
48.36,30.494396,2024-11-09,6.0
38.664,32.0379,2024-11-10,6.0
48.12,35.423008,2024-11-11,6.0
28.88,36.396603,2024-11-12,6.0
47.8,38.81867,2024-11-13,6.0
43.36,40.492912,2024-11-14,6.0
36.388,40.458717,2024-11-15,6.0
52.172,37.85282,2024-11-16,6.0
36.968,37.531693,2024-11-17,6.0
42.832,39.843052,2024-11-18,6.0
46.6,40.23289,2024-11-19,6.0
41.24,41.20469,2024-11-20,6.0
28.056,42.399734,2024-11-21,6.0
28.256,42.99685,2024-11-22,6.0
44.217335,39.378532,2024-11-23,6.0
36.646667,36.206577,2024-11-24,6.0
44.357334,37.778477,2024-11-25,6.0
42.053333,38.113056,2024-11-26,6.0
39.396,38.645958,2024-11-27,6.0
37.458,39.473133,2024-11-28,6.0
41.777,40.27962,2024-11-29,6.0
41.2,37.844673,2024-11-30,6.0
56.868,36.56212,2024-12-01,6.0
51.512,38.363804,2024-12-02,6.0
60.62,39.521603,2024-12-03,6.0
52.96,40.92998,2024-12-04,6.0
51.428,43.05357,2024-12-05,6.0
54.532,44.892647,2024-12-06,6.0
47.92,45.080063,2024-12-07,6.0
28.228,45.549026,2024-12-08,6.0
41.0228,46.157726,2024-12-09,6.0
53.188,45.548817,2024-12-10,6.0
48.108,44.522976,2024-12-11,6.0
48.08,44.79648,2024-12-12,6.0
38.292,44.20183,2024-12-13,6.0
41.7,41.92392,2024-12-14,6.0
46.928,40.75131,2024-12-15,6.0
54.664,42.7281,2024-12-16,6.0
39.808,43.02537,2024-12-17,6.0
49.808,44.19919,2024-12-18,6.0
48.292,44.641422,2024-12-19,6.0
55.532,44.426502,2024-12-20,6.0
63.208,44.155575,2024-12-21,6.0
49.26,44.95262,2024-12-22,6.0
45.188,46.091732,2024-12-23,6.0
52.112,46.000134,2024-12-24,6.0
59.7,46.099308,2024-12-25,6.0
57.452,45.83091,2024-12-26,6.0
55.11,45.57442,2024-12-27,6.0
60.64,45.66428,2024-12-28,6.0
50.816,45.910954,2024-12-29,6.0
56.711,46.614548,2024-12-30,6.0
54.68,46.620525,2024-12-31,6.0
59.048,46.658,2025-01-01,6.0
57.0,46.828667,2025-01-02,6.0
50.92,46.86534,2025-01-03,6.0
51.272,46.853115,2025-01-04,6.0
62.74,46.895214,2025-01-05,6.0
67.26,47.02311,2025-01-06,6.0
62.74,46.90083,2025-01-07,6.0
68.1,47.044407,2025-01-08,6.0
53.792,47.084583,2025-01-09,6.0
70.668,47.08331,2025-01-10,6.0
71.3,47.073864,2025-01-11,6.0
68.392,47.095432,2025-01-12,6.0
57.008,47.07644,2025-01-13,6.0
31.82,47.104,2025-01-14,6.0
70.62,47.12077,2025-01-15,6.0
56.14,47.133595,2025-01-16,6.0
49.2,46.965466,2025-01-17,6.0
53.108,46.98386,2025-01-18,6.0
45.032,46.997875,2025-01-19,6.0
44.792,46.955753,2025-01-20,6.0
54.776,46.57667,2025-01-21,6.0
52.424,46.5444,2025-01-22,6.0
44.248,45.727764,2025-01-23,6.0
43.12,45.89593,2025-01-24,6.0
43.58,45.675434,2025-01-25,6.0
48.62,45.005924,2025-01-26,6.0
36.552,45.51005,2025-01-27,6.0
48.668,45.492764,2025-01-28,6.0
28.052,45.279484,2025-01-29,6.0
33.376,44.51967,2025-01-30,6.0
25.5828,43.22421,2025-01-31,6.0
38.6,40.715103,2025-02-01,6.0
42.508,37.653877,2025-02-02,6.0
51.268,35.446213,2025-02-03,6.0
61.9428,37.20296,2025-02-04,6.0
43.568,38.07838,2025-02-05,6.0
62.848,40.75269,2025-02-06,6.0
35.228,42.737255,2025-02-07,6.0
44.1428,44.183086,2025-02-08,6.0
65.24,44.56909,2025-02-09,6.0
48.068,43.96484,2025-02-10,6.0
51.58,45.514442,2025-02-11,6.0
33.048,45.59402,2025-02-12,6.0
45.312,45.999355,2025-02-13,6.0
57.028,45.325546,2025-02-14,6.0
48.911,45.11871,2025-02-15,6.0
47.456,46.05707,2025-02-16,6.0
50.711,46.134125,2025-02-17,6.0
42.608,45.200302,2025-02-18,6.0
48.352,44.639034,2025-02-19,6.0
45.832,44.95,2025-02-20,6.0
65.736,45.134155,2025-02-21,6.0
63.252,44.25822,2025-02-22,6.0
66.28,45.29378,2025-02-23,6.0
48.788,46.182674,2025-02-24,6.0
52.052,46.593185,2025-02-25,6.0
51.268,46.752735,2025-02-26,6.0
46.792,46.66366,2025-02-27,6.0
11.112,46.64108,2025-02-28,6.0
61.988,46.249527,2025-03-01,6.0
52.668,43.95219,2025-03-02,6.0
54.212,42.50669,2025-03-03,6.0
11.628,43.191982,2025-03-04,6.0
52.72,43.755302,2025-03-05,6.0
28.352,42.63136,2025-03-06,6.0
35.6,40.67205,2025-03-07,6.0
56.992,40.11141,2025-03-08,6.0
16.296,36.23841,2025-03-09,6.0
41.8628,38.87676,2025-03-10,6.0
35.888,37.345867,2025-03-11,6.0
27.22,35.791225,2025-03-12,6.0
12.68,35.5991,2025-03-13,6.0
24.14,33.934254,2025-03-14,6.0
47.58,29.666697,2025-03-15,6.0
20.708,27.403662,2025-03-16,6.0
13.8228,29.792376,2025-03-17,6.0
35.56,29.386324,2025-03-18,6.0
41.568,27.977606,2025-03-19,6.0
25.26,27.541544,2025-03-20,6.0
12.98,28.467794,2025-03-21,6.0
43.712,28.211813,2025-03-22,6.0
53.96,26.250326,2025-03-23,6.0
29.6,27.714354,2025-03-24,6.0
21.28,30.381542,2025-03-25,6.0
26.28,32.543682,2025-03-26,6.0
53.808,31.211805,2025-03-27,6.0
22.96,30.07981,2025-03-28,6.0
57.56,31.778164,2025-03-29,6.0
35.928,31.150745,2025-03-30,6.0
53.9,32.439114,2025-03-31,6.0
10.86,34.655872,2025-04-01,6.0
27.732,36.98062,2025-04-02,6.0
43.2,36.63284,2025-04-03,6.0
50.308,32.627632,2025-04-04,6.0
19.94,33.245758,2025-04-05,6.0
48.16,32.820175,2025-04-06,6.0
22.64,33.687572,2025-04-07,6.0
22.26,33.43372,2025-04-08,6.0
42.188,34.997173,2025-04-09,6.0
45.2,32.876766,2025-04-10,6.0
14.102,32.5094,2025-04-11,6.0
39.528,32.756824,2025-04-12,6.0
45.5428,31.576876,2025-04-13,6.0
38.24,30.10557,2025-04-14,6.0
37.456,31.703657,2025-04-15,6.0
32.464,34.066593,2025-04-16,6.0
44.968,34.51717,2025-04-17,6.0
31.58,33.92717,2025-04-18,6.0
31.88,34.12065,2025-04-19,6.0
32.732,34.007305,2025-04-20,6.0
16.96,33.660263,2025-04-21,6.0
27.028,34.18273,2025-04-22,6.0
48.808,32.7039,2025-04-23,6.0
17.992,30.964624,2025-04-24,6.0
16.576,31.511637,2025-04-25,6.0
42.552,29.681997,2025-04-26,6.0
41.62,26.730734,2025-04-27,6.0
45.64,27.826351,2025-04-28,6.0
55.852,29.773413,2025-04-29,6.0
39.48,31.006779,2025-04-30,6.0
55.428,32.98174,2025-05-01,6.0
44.14,35.46114,2025-05-02,6.0
24.648,38.30441,2025-05-03,6.0
38.428,41.404152,2025-05-04,6.0
49.72,41.29516,2025-05-05,6.0
50.832,40.206547,2025-05-06,6.0
48.352,40.925762,2025-05-07,6.0
43.488,42.014908,2025-05-08,6.0
43.952,42.463604,2025-05-09,6.0
46.36,42.328587,2025-05-10,6.0
48.856,44.265984,2025-05-11,6.0
51.12,44.92306,2025-05-12,6.0
32.892,44.253036,2025-05-13,6.0
37.46,44.821762,2025-05-14,6.0
35.028,44.705475,2025-05-15,6.0
27.032,42.755383,2025-05-16,6.0
27.028,38.7777,2025-05-17,6.0
28.64,35.50253,2025-05-18,6.0
32.576,33.06704,2025-05-19,6.0
42.372,30.987337,2025-05-20,6.0
44.3,30.300941,2025-05-21,6.0
26.848,31.25648,2025-05-22,6.0
37.172,32.44789,2025-05-23,6.0
30.868,30.947912,2025-05-24,6.0
37.028,31.615576,2025-05-25,6.0
30.1428,32.80086,2025-05-26,6.0
38.136,33.387966,2025-05-27,6.0
43.211,32.72955,2025-05-28,6.0
42.028,33.53176,2025-05-29,6.0
38.56,35.4058,2025-05-30,6.0
27.58,35.27228,2025-05-31,6.0
19.392,36.22679,2025-06-01,6.0
29.08,34.21699,2025-06-02,6.0
25.288,32.019566,2025-06-03,6.0
38.18,30.149363,2025-06-04,6.0
52.34,29.504953,2025-06-05,6.0
43.568,29.596838,2025-06-06,6.0
31.412,29.80185,2025-06-07,6.0
32.308,31.847174,2025-06-08,6.0
46.732,32.6899,2025-06-09,6.0
32.1,33.546825,2025-06-10,6.0
39.82,35.74629,2025-06-11,6.0
39.32,36.541477,2025-06-12,6.0
24.892,35.7419,2025-06-13,6.0
18.296,34.863003,2025-06-14,6.0
29.224,33.87027,2025-06-15,6.0
30.0,31.672918,2025-06-16,6.0
26.268,21.855488,2024-09-18,7.0
27.532,21.057306,2024-09-19,7.0
25.172,21.563822,2024-09-20,7.0
25.28,22.207127,2024-09-21,7.0
21.888,23.045769,2024-09-22,7.0
19.58,23.338053,2024-09-23,7.0
21.38,23.005867,2024-09-24,7.0
20.608,22.568354,2024-09-25,7.0
41.36,21.57607,2024-09-26,7.0
36.832,22.255444,2024-09-27,7.0
32.168,23.53198,2024-09-28,7.0
32.624,25.748026,2024-09-29,7.0
31.96,27.216887,2024-09-30,7.0
36.028,28.195913,2024-10-01,7.0
25.068,29.615992,2024-10-02,7.0
36.528,31.344809,2024-10-03,7.0
25.488,30.714912,2024-10-04,7.0
25.932,30.0437,2024-10-05,7.0
33.932,29.847569,2024-10-06,7.0
33.028,29.395117,2024-10-07,7.0
41.72,29.82192,2024-10-08,7.0
38.12,30.66091,2024-10-09,7.0
30.88,32.458725,2024-10-10,7.0
23.08,32.31726,2024-10-11,7.0
30.092,31.098444,2024-10-12,7.0
25.788,29.735453,2024-10-13,7.0
30.788,29.697813,2024-10-14,7.0
28.532,29.651346,2024-10-15,7.0
35.708,29.743881,2024-10-16,7.0
28.112,30.12025,2024-10-17,7.0
33.34,30.23277,2024-10-18,7.0
23.732,28.8626,2024-10-19,7.0
20.048,29.05289,2024-10-20,7.0
27.032,29.150713,2024-10-21,7.0
27.028,27.988916,2024-10-22,7.0
22.572,28.430832,2024-10-23,7.0
36.8,28.481506,2024-10-24,7.0
31.12,27.54896,2024-10-25,7.0
27.628,26.756815,2024-10-26,7.0
25.25,27.639738,2024-10-27,7.0
32.752,28.17749,2024-10-28,7.0
24.768,27.023603,2024-10-29,7.0
25.828,28.332628,2024-10-30,7.0
29.208,28.78562,2024-10-31,7.0
21.88,27.60327,2024-11-01,7.0
29.932,27.420382,2024-11-02,7.0
25.788,26.872496,2024-11-03,7.0
27.172,27.532917,2024-11-04,7.0
20.428,27.64446,2024-11-05,7.0
31.052,28.601603,2024-11-06,7.0
32.8,27.446644,2024-11-07,7.0
21.092,27.255941,2024-11-08,7.0
25.72,27.038279,2024-11-09,7.0
23.336,26.40449,2024-11-10,7.0
50.064,26.254776,2024-11-11,7.0
43.848,25.68205,2024-11-12,7.0
37.168,29.11122,2024-11-13,7.0
29.104,31.158228,2024-11-14,7.0
26.736,31.73709,2024-11-15,7.0
37.48,30.74832,2024-11-16,7.0
36.08,30.296495,2024-11-17,7.0
31.652,31.839022,2024-11-18,7.0
32.728,32.250957,2024-11-19,7.0
25.0,33.124355,2024-11-20,7.0
35.68,33.48347,2024-11-21,7.0
25.952,32.363125,2024-11-22,7.0
25.0428,30.613691,2024-11-23,7.0
28.281334,30.054407,2024-11-24,7.0
36.296,29.501404,2024-11-25,7.0
32.338665,28.998056,2024-11-26,7.0
25.073334,30.207106,2024-11-27,7.0
31.698,30.902761,2024-11-28,7.0
26.165,29.81522,2024-11-29,7.0
28.8668,28.239805,2024-11-30,7.0
38.1,27.865515,2024-12-01,7.0
32.848,28.560253,2024-12-02,7.0
38.12,29.202154,2024-12-03,7.0
35.552,30.323687,2024-12-04,7.0
50.048,30.97145,2024-12-05,7.0
29.6228,31.533459,2024-12-06,7.0
38.908,32.18606,2024-12-07,7.0
33.772,32.559086,2024-12-08,7.0
35.216,34.74136,2024-12-09,7.0
25.12,35.79903,2024-12-10,7.0
39.9428,35.650894,2024-12-11,7.0
26.92,34.41947,2024-12-12,7.0
41.228,32.954556,2024-12-13,7.0
30.26,30.656523,2024-12-14,7.0
44.78,30.406515,2024-12-15,7.0
25.8,32.63656,2024-12-16,7.0
41.72,33.83875,2024-12-17,7.0
48.868,34.147552,2024-12-18,7.0
41.612,35.10737,2024-12-19,7.0
42.72,36.563583,2024-12-20,7.0
39.211,36.51602,2024-12-21,7.0
39.888,37.86277,2024-12-22,7.0
42.028,40.225067,2024-12-23,7.0
44.688,40.294056,2024-12-24,7.0
50.792,41.180683,2024-12-25,7.0
38.632,40.95732,2024-12-26,7.0
41.688,40.584755,2024-12-27,7.0
33.68,38.998962,2024-12-28,7.0
39.76,39.788605,2024-12-29,7.0
28.448,41.022152,2024-12-30,7.0
43.812,41.51118,2024-12-31,7.0
37.34,41.37169,2025-01-01,7.0
41.02,39.528065,2025-01-02,7.0
39.411,40.08067,2025-01-03,7.0
47.808,37.704872,2025-01-04,7.0
28.88,37.900917,2025-01-05,7.0
43.8,38.398823,2025-01-06,7.0
31.048,37.681046,2025-01-07,7.0
39.6,37.00359,2025-01-08,7.0
47.392,37.31674,2025-01-09,7.0
28.192,36.429043,2025-01-10,7.0
41.12,35.477303,2025-01-11,7.0
28.812,34.858307,2025-01-12,7.0
37.592,35.904903,2025-01-13,7.0
25.36,35.71349,2025-01-14,7.0
30.52,35.613846,2025-01-15,7.0
50.64,34.63323,2025-01-16,7.0
47.2,32.063305,2025-01-17,7.0
50.5,32.380928,2025-01-18,7.0
41.932,34.099285,2025-01-19,7.0
27.336,35.67314,2025-01-20,7.0
39.624,37.10252,2025-01-21,7.0
41.568,37.561672,2025-01-22,7.0
35.808,37.00774,2025-01-23,7.0
25.2,35.8613,2025-01-24,7.0
39.372,35.18827,2025-01-25,7.0
27.8,33.31959,2025-01-26,7.0
25.372,33.92281,2025-01-27,7.0
25.288,34.185574,2025-01-28,7.0
37.528,33.000656,2025-01-29,7.0
32.6228,32.466476,2025-01-30,7.0
38.176,31.102991,2025-01-31,7.0
31.11,30.813665,2025-02-01,7.0
35.792,30.583998,2025-02-02,7.0
38.62,31.102306,2025-02-03,7.0
31.62,32.465973,2025-02-04,7.0
32.1,33.716877,2025-02-05,7.0
42.548,34.731525,2025-02-06,7.0
31.532,33.630257,2025-02-07,7.0
37.332,33.05101,2025-02-08,7.0
33.856,32.976166,2025-02-09,7.0
32.772,32.8939,2025-02-10,7.0
28.84,32.839855,2025-02-11,7.0
33.332,33.669056,2025-02-12,7.0
25.428,33.00479,2025-02-13,7.0
42.848,32.255386,2025-02-14,7.0
33.64,31.072239,2025-02-15,7.0
36.848,31.701715,2025-02-16,7.0
31.711,32.499107,2025-02-17,7.0
25.24,31.994802,2025-02-18,7.0
18.272,31.498795,2025-02-19,7.0
44.0,30.421257,2025-02-20,7.0
29.856,28.985743,2025-02-21,7.0
39.992,28.293531,2025-02-22,7.0
32.888,29.394707,2025-02-23,7.0
30.016,30.364424,2025-02-24,7.0
45.368,31.813993,2025-02-25,7.0
25.568,33.056175,2025-02-26,7.0
28.848,34.31765,2025-02-27,7.0
14.08,32.935146,2025-02-28,7.0
31.936,31.500761,2025-03-01,7.0
35.648,28.264431,2025-03-02,7.0
28.592,27.819643,2025-03-03,7.0
33.368,29.16844,2025-03-04,7.0
29.272,29.209877,2025-03-05,7.0
30.832,29.771128,2025-03-06,7.0
28.612,30.44896,2025-03-07,7.0
23.736,29.819784,2025-03-08,7.0
29.5828,29.07479,2025-03-09,7.0
23.896,28.871725,2025-03-10,7.0
36.776,28.584463,2025-03-11,7.0
22.048,27.631342,2025-03-12,7.0
21.744,27.97912,2025-03-13,7.0
24.9828,27.87969,2025-03-14,7.0
18.68,26.084496,2025-03-15,7.0
30.428,25.939981,2025-03-16,7.0
23.576,24.914728,2025-03-17,7.0
26.624,25.525671,2025-03-18,7.0
28.96,26.241941,2025-03-19,7.0
24.24,26.296995,2025-03-20,7.0
25.488,25.777685,2025-03-21,7.0
31.92,25.11712,2025-03-22,7.0
28.288,25.511082,2025-03-23,7.0
29.696,26.424442,2025-03-24,7.0
29.872,27.470623,2025-03-25,7.0
24.6628,28.324793,2025-03-26,7.0
26.216,27.93513,2025-03-27,7.0
26.768,27.574562,2025-03-28,7.0
27.776,26.877718,2025-03-29,7.0
26.76,26.953125,2025-03-30,7.0
8.568,27.343475,2025-03-31,7.0
31.9428,27.37824,2025-04-01,7.0
28.32,25.56898,2025-04-02,7.0
24.216,25.686443,2025-04-03,7.0
25.288,26.396399,2025-04-04,7.0
18.612,25.675692,2025-04-05,7.0
24.76,25.484827,2025-04-06,7.0
17.824,25.147606,2025-04-07,7.0
18.528,25.166628,2025-04-08,7.0
26.976,24.494505,2025-04-09,7.0
29.888,24.371563,2025-04-10,7.0
11.288,24.609888,2025-04-11,7.0
21.392,24.800306,2025-04-12,7.0
20.8,23.960592,2025-04-13,7.0
29.1828,21.904425,2025-04-14,7.0
20.24,21.72223,2025-04-15,7.0
25.228,23.511965,2025-04-16,7.0
16.552,23.757713,2025-04-17,7.0
23.68,23.742731,2025-04-18,7.0
20.412,22.169254,2025-04-19,7.0
26.68,21.975878,2025-04-20,7.0
27.9828,21.654081,2025-04-21,7.0
26.5028,23.201769,2025-04-22,7.0
22.896,25.313494,2025-04-23,7.0
22.096,25.929945,2025-04-24,7.0
24.232,25.392467,2025-04-25,7.0
18.056,23.989525,2025-04-26,7.0
25.254,23.796926,2025-04-27,7.0
18.128,22.826591,2025-04-28,7.0
29.376,23.020657,2025-04-29,7.0
17.296,23.352583,2025-04-30,7.0
35.472,24.625143,2025-05-01,7.0
30.136,24.162409,2025-05-02,7.0
28.711,24.626694,2025-05-03,7.0
25.768,25.9992,2025-05-04,7.0
22.312,26.143732,2025-05-05,7.0
24.8,25.988625,2025-05-06,7.0
32.6,25.517,2025-05-07,7.0
26.328,25.912523,2025-05-08,7.0
27.232,25.952206,2025-05-09,7.0
26.128,25.571722,2025-05-10,7.0
26.624,26.101023,2025-05-11,7.0
27.412,26.537346,2025-05-12,7.0
31.48,26.548862,2025-05-13,7.0
23.52,26.69334,2025-05-14,7.0
30.672,26.794968,2025-05-15,7.0
23.648,26.121286,2025-05-16,7.0
28.664,25.691088,2025-05-17,7.0
30.68,25.538794,2025-05-18,7.0
25.368,25.77077,2025-05-19,7.0
25.512,25.562208,2025-05-20,7.0
29.176,25.69288,2025-05-21,7.0
32.1828,26.02368,2025-05-22,7.0
29.648,25.921423,2025-05-23,7.0
25.768,25.776728,2025-05-24,7.0
25.424,26.793953,2025-05-25,7.0
21.68,27.076405,2025-05-26,7.0
28.5828,27.266329,2025-05-27,7.0
30.984,26.565607,2025-05-28,7.0
32.688,26.674374,2025-05-29,7.0
26.384,27.489677,2025-05-30,7.0
28.936,26.800915,2025-05-31,7.0
20.128,26.616148,2025-06-01,7.0
23.416,26.28787,2025-06-02,7.0
30.072,25.775198,2025-06-03,7.0
33.544,25.042665,2025-06-04,7.0
31.256,25.792791,2025-06-05,7.0
24.5828,26.650621,2025-06-06,7.0
25.48,25.924746,2025-06-07,7.0
30.864,25.934483,2025-06-08,7.0
31.376,25.821264,2025-06-09,7.0
30.488,26.779432,2025-06-10,7.0
28.096,27.842407,2025-06-11,7.0
29.048,28.507902,2025-06-12,7.0
18.96,28.25336,2025-06-13,7.0
11.112,27.05837,2025-06-14,7.0
21.648,26.574675,2025-06-15,7.0
20.0,24.04242,2025-06-16,7.0
9.811,9.405098,2024-09-18,8.0
10.72,8.839513,2024-09-19,8.0
13.468,8.7688055,2024-09-20,8.0
16.948,8.772098,2024-09-21,8.0
12.8628,9.613402,2024-09-22,8.0
10.08,10.850762,2024-09-23,8.0
5.288,11.558957,2024-09-24,8.0
9.88,11.961342,2024-09-25,8.0
23.911,10.513865,2024-09-26,8.0
20.188,9.745529,2024-09-27,8.0
19.64,11.377631,2024-09-28,8.0
14.96,14.243354,2024-09-29,8.0
17.6,15.916747,2024-09-30,8.0
11.708,15.582856,2024-10-01,8.0
10.584,16.412083,2024-10-02,8.0
22.808,15.7593975,2024-10-03,8.0
21.552,14.656064,2024-10-04,8.0
18.56,16.01432,2024-10-05,8.0
22.628,18.203506,2024-10-06,8.0
18.0,18.618843,2024-10-07,8.0
17.612,18.756557,2024-10-08,8.0
17.012,19.942776,2024-10-09,8.0
23.464,19.606045,2024-10-10,8.0
20.928,18.764233,2024-10-11,8.0
11.6,19.457045,2024-10-12,8.0
18.048,20.338549,2024-10-13,8.0
25.432,19.04385,2024-10-14,8.0
22.672,17.95137,2024-10-15,8.0
17.428,20.138298,2024-10-16,8.0
25.936,21.720617,2024-10-17,8.0
18.832,21.118841,2024-10-18,8.0
26.248,21.222029,2024-10-19,8.0
22.211,21.578012,2024-10-20,8.0
11.8,21.539106,2024-10-21,8.0
30.012,22.158815,2024-10-22,8.0
12.56,22.174953,2024-10-23,8.0
20.056,23.478514,2024-10-24,8.0
35.704,22.361797,2024-10-25,8.0
12.096,21.1947,2024-10-26,8.0
25.0,23.475824,2024-10-27,8.0
11.852,23.108332,2024-10-28,8.0
20.932,21.85966,2024-10-29,8.0
19.828,21.326307,2024-10-30,8.0
27.12,21.504503,2024-10-31,8.0
20.976,21.258503,2024-11-01,8.0
16.532,21.887999,2024-11-02,8.0
27.72,22.664404,2024-11-03,8.0
18.028,21.411722,2024-11-04,8.0
20.308,21.643566,2024-11-05,8.0
11.5428,22.594278,2024-11-06,8.0
27.768,23.031713,2024-11-07,8.0
29.98,21.5371,2024-11-08,8.0
20.988,21.95097,2024-11-09,8.0
21.28,23.812422,2024-11-10,8.0
25.28,23.837255,2024-11-11,8.0
10.432,23.49943,2024-11-12,8.0
18.272,24.62834,2024-11-13,8.0
25.028,22.850714,2024-11-14,8.0
28.868,20.920675,2024-11-15,8.0
27.188,21.791101,2024-11-16,8.0
23.072,23.171375,2024-11-17,8.0
11.232,24.01357,2024-11-18,8.0
24.848,24.234,2024-11-19,8.0
23.06,23.158113,2024-11-20,8.0
23.028,22.866644,2024-11-21,8.0
26.608,23.485617,2024-11-22,8.0
21.569334,23.287537,2024-11-23,8.0
24.024,24.077375,2024-11-24,8.0
19.517334,23.881853,2024-11-25,8.0
18.529333,23.764387,2024-11-26,8.0
18.958666,23.693567,2024-11-27,8.0
28.282667,23.650267,2024-11-28,8.0
28.965992,23.250029,2024-11-29,8.0
22.588,23.163195,2024-11-30,8.0
22.58,24.058516,2024-12-01,8.0
24.1,24.4091,2024-12-02,8.0
22.628,23.65654,2024-12-03,8.0
24.811,24.42642,2024-12-04,8.0
17.258,24.964624,2024-12-05,8.0
14.8628,25.169939,2024-12-06,8.0
18.576,24.072496,2024-12-07,8.0
23.232,22.980083,2024-12-08,8.0
12.7,22.236021,2024-12-09,8.0
11.428,21.7819,2024-12-10,8.0
16.06,21.5172,2024-12-11,8.0
17.368,19.862541,2024-12-12,8.0
12.732,19.478975,2024-12-13,8.0
10.988,18.441668,2024-12-14,8.0
20.12,17.742119,2024-12-15,8.0
22.92,16.646328,2024-12-16,8.0
20.7428,16.56317,2024-12-17,8.0
23.488,18.544321,2024-12-18,8.0
11.64,19.741192,2024-12-19,8.0
19.38,20.92753,2024-12-20,8.0
10.388,19.615145,2024-12-21,8.0
23.332,19.389002,2024-12-22,8.0
10.388,17.412357,2024-12-23,8.0
6.532,17.821558,2024-12-24,8.0
16.0,19.094303,2024-12-25,8.0
11.508,17.631517,2024-12-26,8.0
12.36,17.147926,2024-12-27,8.0
19.0,15.5796585,2024-12-28,8.0
18.472,15.110788,2024-12-29,8.0
16.102,15.657603,2024-12-30,8.0
20.176,16.74548,2024-12-31,8.0
20.011,17.73231,2025-01-01,8.0
13.128,17.475847,2025-01-02,8.0
23.82,17.937635,2025-01-03,8.0
21.772,16.769333,2025-01-04,8.0
18.568,17.915049,2025-01-05,8.0
19.06,19.4853,2025-01-06,8.0
19.52,20.296268,2025-01-07,8.0
17.748,21.08835,2025-01-08,8.0
5.632,21.350027,2025-01-09,8.0
21.848,20.751886,2025-01-10,8.0
5.1428,17.133448,2025-01-11,8.0
14.888,16.950922,2025-01-12,8.0
18.608,16.227705,2025-01-13,8.0
17.628,15.695403,2025-01-14,8.0
18.052,16.895119,2025-01-15,8.0
20.372,17.759087,2025-01-16,8.0
10.768,17.15838,2025-01-17,8.0
11.12,16.19498,2025-01-18,8.0
10.648,15.528886,2025-01-19,8.0
19.192,13.9983015,2025-01-20,8.0
13.56,12.978568,2025-01-21,8.0
14.88,13.954904,2025-01-22,8.0
23.488,15.212939,2025-01-23,8.0
18.96,15.726437,2025-01-24,8.0
7.672,16.258673,2025-01-25,8.0
16.1,16.926872,2025-01-26,8.0
20.56,15.564525,2025-01-27,8.0
14.548,15.073008,2025-01-28,8.0
10.984,17.256735,2025-01-29,8.0
3.92,17.88513,2025-01-30,8.0
24.256,16.129787,2025-01-31,8.0
25.28,13.906307,2025-02-01,8.0
25.092,14.880373,2025-02-02,8.0
21.972,16.555353,2025-02-03,8.0
29.708,19.24639,2025-02-04,8.0
35.028,20.605795,2025-02-05,8.0
23.32,22.613596,2025-02-06,8.0
24.432,24.168776,2025-02-07,8.0
36.048,22.78878,2025-02-08,8.0
30.452,23.101686,2025-02-09,8.0
23.612,24.689295,2025-02-10,8.0
26.648,25.746025,2025-02-11,8.0
24.0,26.689646,2025-02-12,8.0
31.208,26.763485,2025-02-13,8.0
24.792,26.774523,2025-02-14,8.0
21.592,26.804672,2025-02-15,8.0
21.576,26.562986,2025-02-16,8.0
25.384,26.30055,2025-02-17,8.0
28.028,26.095837,2025-02-18,8.0
14.788,25.069328,2025-02-19,8.0
6.52,25.360693,2025-02-20,8.0
24.011,24.45411,2025-02-21,8.0
11.96,20.519785,2025-02-22,8.0
31.48,19.948841,2025-02-23,8.0
23.128,19.517918,2025-02-24,8.0
31.528,20.960894,2025-02-25,8.0
28.254,24.11073,2025-02-26,8.0
36.0,26.122553,2025-02-27,8.0
10.868,26.124804,2025-02-28,8.0
39.258,26.007187,2025-03-01,8.0
23.9028,24.571037,2025-03-02,8.0
37.288,25.183704,2025-03-03,8.0
23.072,27.119303,2025-03-04,8.0
17.828,27.344507,2025-03-05,8.0
24.44,27.778252,2025-03-06,8.0
41.088,26.863134,2025-03-07,8.0
27.711,25.943924,2025-03-08,8.0
26.64,26.590885,2025-03-09,8.0
29.76,27.956497,2025-03-10,8.0
20.64,27.17093,2025-03-11,8.0
25.808,26.954725,2025-03-12,8.0
20.42,26.687576,2025-03-13,8.0
23.012,25.621727,2025-03-14,8.0
24.168,24.281122,2025-03-15,8.0
30.448,24.684114,2025-03-16,8.0
19.572,24.455406,2025-03-17,8.0
27.092,25.123116,2025-03-18,8.0
16.812,26.320293,2025-03-19,8.0
25.132,25.734194,2025-03-20,8.0
33.02,24.427687,2025-03-21,8.0
18.648,23.559156,2025-03-22,8.0
20.311,24.390896,2025-03-23,8.0
19.232,24.48939,2025-03-24,8.0
27.908,24.131567,2025-03-25,8.0
12.068,23.698227,2025-03-26,8.0
19.952,24.237206,2025-03-27,8.0
20.26,22.635954,2025-03-28,8.0
25.492,21.220911,2025-03-29,8.0
24.776,21.126303,2025-03-30,8.0
11.28,21.812113,2025-03-31,8.0
21.211,22.488712,2025-04-01,8.0
28.78,21.336435,2025-04-02,8.0
11.888,21.362474,2025-04-03,8.0
26.112,22.435211,2025-04-04,8.0
25.6,20.988081,2025-04-05,8.0
20.7,20.992155,2025-04-06,8.0
24.46,22.557148,2025-04-07,8.0
16.128,23.194656,2025-04-08,8.0
27.024,23.86868,2025-04-09,8.0
19.888,23.250254,2025-04-10,8.0
28.968,24.078264,2025-04-11,8.0
17.784,23.076448,2025-04-12,8.0
25.728,23.92008,2025-04-13,8.0
11.9,22.996637,2025-04-14,8.0
12.292,23.306784,2025-04-15,8.0
13.12,22.750467,2025-04-16,8.0
10.736,19.688091,2025-04-17,8.0
23.744,18.082024,2025-04-18,8.0
22.776,15.90159,2025-04-19,8.0
16.024,17.068287,2025-04-20,8.0
11.456,18.605436,2025-04-21,8.0
22.752,19.126928,2025-04-22,8.0
11.672,17.79201,2025-04-23,8.0
27.296,18.048986,2025-04-24,8.0
28.784,17.166275,2025-04-25,8.0
17.028,17.717373,2025-04-26,8.0
28.096,19.99444,2025-04-27,8.0
25.692,20.302464,2025-04-28,8.0
17.5,21.550762,2025-04-29,8.0
21.12,22.85318,2025-04-30,8.0
22.3,23.235634,2025-05-01,8.0
21.428,22.769989,2025-05-02,8.0
26.972,22.773964,2025-05-03,8.0
21.708,23.016615,2025-05-04,8.0
22.08,22.770084,2025-05-05,8.0
22.532,22.675522,2025-05-06,8.0
17.736,23.653826,2025-05-07,8.0
28.12,23.87575,2025-05-08,8.0
16.5428,22.476032,2025-05-09,8.0
22.008,22.094692,2025-05-10,8.0
25.488,21.78419,2025-05-11,8.0
26.012,21.537233,2025-05-12,8.0
21.46,22.333918,2025-05-13,8.0
24.792,23.7403,2025-05-14,8.0
17.468,23.549139,2025-05-15,8.0
18.052,23.04856,2025-05-16,8.0
27.976,22.444918,2025-05-17,8.0
23.904,21.255255,2025-05-18,8.0
16.096,21.581305,2025-05-19,8.0
11.311,21.812082,2025-05-20,8.0
14.76,21.636457,2025-05-21,8.0
24.392,19.967981,2025-05-22,8.0
20.908,18.455233,2025-05-23,8.0
16.16,18.414297,2025-05-24,8.0
16.892,19.449509,2025-05-25,8.0
6.788,19.424538,2025-05-26,8.0
7.308,18.64057,2025-05-27,8.0
1.32,16.749554,2025-05-28,8.0
0.024,14.343518,2025-05-29,8.0
1.148,11.86729,2025-05-30,8.0
1.258,9.055121,2025-05-31,8.0
4.064,7.479521,2025-06-01,8.0
3.612,6.5385194,2025-06-02,8.0
6.28,5.774109,2025-06-03,8.0
14.8628,5.355846,2025-06-04,8.0
5.328,5.1966543,2025-06-05,8.0
3.592,5.841061,2025-06-06,8.0
7.948,5.3692527,2025-06-07,8.0
12.12,5.16144,2025-06-08,8.0
10.108,5.34499,2025-06-09,8.0
8.032,6.08157,2025-06-10,8.0
10.711,7.334357,2025-06-11,8.0
10.296,8.01478,2025-06-12,8.0
7.952,8.578461,2025-06-13,8.0
9.22,8.013125,2025-06-14,8.0
6.25,7.8685894,2025-06-15,8.0
7.0,7.732285,2025-06-16,8.0
13.94,16.387657,2024-09-18,9.0
16.072,15.746791,2024-09-19,9.0
20.028,15.325998,2024-09-20,9.0
22.82,15.000727,2024-09-21,9.0
16.392,15.792002,2024-09-22,9.0
16.056,16.984224,2024-09-23,9.0
14.132,17.44332,2024-09-24,9.0
13.572,17.571413,2024-09-25,9.0
32.296,16.43839,2024-09-26,9.0
26.1428,15.786607,2024-09-27,9.0
23.088,17.935383,2024-09-28,9.0
30.68,20.755362,2024-09-29,9.0
27.42,21.74615,2024-09-30,9.0
21.4,22.711658,2024-10-01,9.0
23.428,24.5516,2024-10-02,9.0
18.8,24.605305,2024-10-03,9.0
24.028,24.1043,2024-10-04,9.0
23.784,23.641966,2024-10-05,9.0
25.888,23.850344,2024-10-06,9.0
19.568,23.820139,2024-10-07,9.0
17.32,24.306814,2024-10-08,9.0
26.992,24.505304,2024-10-09,9.0
19.58,23.11931,2024-10-10,9.0
11.64,23.223557,2024-10-11,9.0
25.028,22.42938,2024-10-12,9.0
23.228,20.72531,2024-10-13,9.0
18.172,20.73966,2024-10-14,9.0
16.732,21.531218,2024-10-15,9.0
18.628,22.176302,2024-10-16,9.0
23.748,21.43993,2024-10-17,9.0
11.052,20.925478,2024-10-18,9.0
17.168,20.460045,2024-10-19,9.0
31.0,19.507742,2024-10-20,9.0
22.088,18.593817,2024-10-21,9.0
26.48,20.655298,2024-10-22,9.0
24.112,23.000433,2024-10-23,9.0
21.0,23.8033,2024-10-24,9.0
27.82,24.051378,2024-10-25,9.0
27.88,23.218016,2024-10-26,9.0
11.108,23.805859,2024-10-27,9.0
16.102,24.69639,2024-10-28,9.0
27.88,22.814455,2024-10-29,9.0
27.432,21.68807,2024-10-30,9.0
26.92,22.892836,2024-10-31,9.0
26.528,24.081087,2024-11-01,9.0
24.28,24.4426,2024-11-02,9.0
27.428,25.03682,2024-11-03,9.0
26.928,25.121733,2024-11-04,9.0
19.052,24.583433,2024-11-05,9.0
29.228,26.263453,2024-11-06,9.0
25.28,26.059755,2024-11-07,9.0
25.108,26.061087,2024-11-08,9.0
24.64,25.58337,2024-11-09,9.0
20.84,25.712374,2024-11-10,9.0
27.852,25.757385,2024-11-11,9.0
22.852,24.87612,2024-11-12,9.0
25.72,25.688257,2024-11-13,9.0
21.328,25.48725,2024-11-14,9.0
21.112,25.74458,2024-11-15,9.0
28.148,24.489023,2024-11-16,9.0
27.76,23.829483,2024-11-17,9.0
33.092,24.227633,2024-11-18,9.0
23.648,24.787249,2024-11-19,9.0
22.352,26.998648,2024-11-20,9.0
21.656,27.22008,2024-11-21,9.0
27.262667,26.311338,2024-11-22,9.0
25.689333,24.953518,2024-11-23,9.0
25.256666,25.368647,2024-11-24,9.0
29.294666,25.680727,2024-11-25,9.0
21.850666,25.47423,2024-11-26,9.0
28.766666,26.848375,2024-11-27,9.0
23.826,26.548468,2024-11-28,9.0
31.451227,26.506094,2024-11-29,9.0
29.7052,25.240358,2024-11-30,9.0
36.612,25.680376,2024-12-01,9.0
26.728,27.03335,2024-12-02,9.0
28.02,27.686237,2024-12-03,9.0
36.88,28.727997,2024-12-04,9.0
29.668,28.626451,2024-12-05,9.0
43.372,29.634249,2024-12-06,9.0
21.812,28.784126,2024-12-07,9.0
39.212,29.64792,2024-12-08,9.0
25.492,30.830105,2024-12-09,9.0
26.132,31.219255,2024-12-10,9.0
43.696,31.426569,2024-12-11,9.0
28.6,30.326502,2024-12-12,9.0
31.292,30.954374,2024-12-13,9.0
22.34,28.99141,2024-12-14,9.0
29.048,28.804981,2024-12-15,9.0
27.832,29.109306,2024-12-16,9.0
27.48,28.710691,2024-12-17,9.0
24.688,29.260288,2024-12-18,9.0
35.48,29.528654,2024-12-19,9.0
22.68,29.058544,2024-12-20,9.0
14.292,27.930319,2024-12-21,9.0
36.092,28.63393,2024-12-22,9.0
26.028,26.470709,2024-12-23,9.0
26.972,26.693523,2024-12-24,9.0
27.028,27.859936,2024-12-25,9.0
24.26,27.628271,2024-12-26,9.0
24.711,26.746187,2024-12-27,9.0
27.088,25.545412,2024-12-28,9.0
20.008,25.289299,2024-12-29,9.0
37.064,25.209978,2024-12-30,9.0
24.72,24.852886,2024-12-31,9.0
31.696,26.438707,2025-01-01,9.0
25.032,27.120455,2025-01-02,9.0
22.9,27.558111,2025-01-03,9.0
27.028,26.34701,2025-01-04,9.0
27.08,26.338152,2025-01-05,9.0
22.811,26.933786,2025-01-06,9.0
31.28,26.5283,2025-01-07,9.0
23.428,27.338543,2025-01-08,9.0
21.74,27.520174,2025-01-09,9.0
28.632,27.156391,2025-01-10,9.0
31.32,25.133905,2025-01-11,9.0
20.888,25.087046,2025-01-12,9.0
25.968,26.012205,2025-01-13,9.0
24.211,26.38874,2025-01-14,9.0
22.44,26.547815,2025-01-15,9.0
21.58,26.707668,2025-01-16,9.0
32.3,25.110037,2025-01-17,9.0
22.42,24.14977,2025-01-18,9.0
13.928,25.416098,2025-01-19,9.0
37.092,25.88957,2025-01-20,9.0
25.616,23.964823,2025-01-21,9.0
25.5028,24.324354,2025-01-22,9.0
25.136,25.427458,2025-01-23,9.0
28.911,25.349035,2025-01-24,9.0
31.952,24.553469,2025-01-25,9.0
28.216,25.266617,2025-01-26,9.0
22.252,26.516283,2025-01-27,9.0
20.492,26.995886,2025-01-28,9.0
39.576,27.947115,2025-01-29,9.0
30.48,27.238207,2025-01-30,9.0
28.672,27.320286,2025-01-31,9.0
11.192,27.694765,2025-02-01,9.0
31.268,27.92242,2025-02-02,9.0
25.52,26.15162,2025-02-03,9.0
17.18,26.262686,2025-02-04,9.0
30.608,26.984156,2025-02-05,9.0
26.1428,26.031828,2025-02-06,9.0
37.988,25.839773,2025-02-07,9.0
29.38,25.391298,2025-02-08,9.0
26.5,26.591705,2025-02-09,9.0
28.588,27.007109,2025-02-10,9.0
29.56,26.97502,2025-02-11,9.0
25.0628,28.179018,2025-02-12,9.0
30.176,27.95447,2025-02-13,9.0
20.024,27.993168,2025-02-14,9.0
32.048,27.116184,2025-02-15,9.0
30.24,27.564877,2025-02-16,9.0
26.392,27.362185,2025-02-17,9.0
25.016,27.87985,2025-02-18,9.0
30.1428,27.39127,2025-02-19,9.0
24.296,26.702103,2025-02-20,9.0
28.56,26.80599,2025-02-21,9.0
22.072,26.060549,2025-02-22,9.0
27.088,26.038395,2025-02-23,9.0
42.792,26.537958,2025-02-24,9.0
28.768,26.670801,2025-02-25,9.0
27.592,29.082785,2025-02-26,9.0
22.74,29.846695,2025-02-27,9.0
17.612,29.325155,2025-02-28,9.0
32.64,27.591747,2025-03-01,9.0
27.428,26.189058,2025-03-02,9.0
32.7,26.278635,2025-03-03,9.0
22.18,27.415052,2025-03-04,9.0
28.028,28.130915,2025-03-05,9.0
20.56,28.258846,2025-03-06,9.0
21.788,27.94948,2025-03-07,9.0
21.72,26.559134,2025-03-08,9.0
24.211,25.316488,2025-03-09,9.0
18.92,25.164213,2025-03-10,9.0
29.092,24.728876,2025-03-11,9.0
13.216,24.671415,2025-03-12,9.0
32.1428,24.93817,2025-03-13,9.0
23.256,23.537504,2025-03-14,9.0
13.972,22.906801,2025-03-15,9.0
22.372,24.018559,2025-03-16,9.0
10.736,22.5847,2025-03-17,9.0
19.584,22.329205,2025-03-18,9.0
17.388,21.462708,2025-03-19,9.0
19.828,20.456587,2025-03-20,9.0
20.52,19.22907,2025-03-21,9.0
17.868,19.538797,2025-03-22,9.0
20.12,20.126032,2025-03-23,9.0
20.6,19.28601,2025-03-24,9.0
23.2,19.558203,2025-03-25,9.0
20.744,20.19337,2025-03-26,9.0
24.976,20.632746,2025-03-27,9.0
16.192,21.354704,2025-03-28,9.0
19.02,21.689886,2025-03-29,9.0
18.811,21.855265,2025-03-30,9.0
22.828,20.739239,2025-03-31,9.0
13.736,20.420956,2025-04-01,9.0
20.6228,21.251505,2025-04-02,9.0
18.708,21.0785,2025-04-03,9.0
17.1,20.507036,2025-04-04,9.0
18.72,20.215986,2025-04-05,9.0
25.66,19.769627,2025-04-06,9.0
19.732,19.084608,2025-04-07,9.0
16.8,20.929434,2025-04-08,9.0
11.72,22.79612,2025-04-09,9.0
22.456,22.543146,2025-04-10,9.0
8.2,20.66802,2025-04-11,9.0
31.492,20.042854,2025-04-12,9.0
22.92,18.399687,2025-04-13,9.0
19.86,19.02263,2025-04-14,9.0
19.752,20.974318,2025-04-15,9.0
19.856,22.071852,2025-04-16,9.0
25.511,21.628426,2025-04-17,9.0
16.0,20.643126,2025-04-18,9.0
18.672,20.584797,2025-04-19,9.0
11.36,20.406408,2025-04-20,9.0
20.256,20.173468,2025-04-21,9.0
19.6228,19.484695,2025-04-22,9.0
11.948,20.223417,2025-04-23,9.0
18.028,20.983778,2025-04-24,9.0
23.012,19.495638,2025-04-25,9.0
25.656,18.15889,2025-04-26,9.0
11.332,18.578669,2025-04-27,9.0
24.868,19.275385,2025-04-28,9.0
21.392,18.523375,2025-04-29,9.0
16.952,19.563566,2025-04-30,9.0
21.056,21.29041,2025-05-01,9.0
11.852,21.012243,2025-05-02,9.0
20.172,20.627054,2025-05-03,9.0
19.948,20.168983,2025-05-04,9.0
17.828,19.227873,2025-05-05,9.0
21.84,18.856707,2025-05-06,9.0
19.12,19.620672,2025-05-07,9.0
20.96,20.79846,2025-05-08,9.0
20.652,20.734537,2025-05-09,9.0
16.2,19.760702,2025-05-10,9.0
24.096,20.044725,2025-05-11,9.0
19.432,19.14085,2025-05-12,9.0
22.032,20.111423,2025-05-13,9.0
22.88,20.55079,2025-05-14,9.0
19.528,20.623362,2025-05-15,9.0
19.22,21.018438,2025-05-16,9.0
17.58,20.777214,2025-05-17,9.0
25.88,20.818464,2025-05-18,9.0
17.26,20.038412,2025-05-19,9.0
19.932,19.92323,2025-05-20,9.0
18.688,19.82604,2025-05-21,9.0
19.928,20.194368,2025-05-22,9.0
18.948,20.195246,2025-05-23,9.0
30.352,19.475975,2025-05-24,9.0
21.86,19.815218,2025-05-25,9.0
21.772,21.049784,2025-05-26,9.0
20.708,22.130922,2025-05-27,9.0
23.66,22.465925,2025-05-28,9.0
24.44,22.674397,2025-05-29,9.0
22.02,23.052935,2025-05-30,9.0
22.7,22.206846,2025-05-31,9.0
17.112,21.991028,2025-06-01,9.0
22.028,22.025946,2025-06-02,9.0
21.25,21.512709,2025-06-03,9.0
24.28,21.593493,2025-06-04,9.0
21.472,22.08972,2025-06-05,9.0
25.988,22.237352,2025-06-06,9.0
25.748,21.412512,2025-06-07,9.0
24.811,22.028236,2025-06-08,9.0
20.292,22.764578,2025-06-09,9.0
23.136,23.404947,2025-06-10,9.0
13.1428,24.024183,2025-06-11,9.0
14.248,24.10211,2025-06-12,9.0
10.328,22.245958,2025-06-13,9.0
18.384,19.755545,2025-06-14,9.0
17.0,18.080206,2025-06-15,9.0
11.0,17.603325,2025-06-16,9.0
11.936,19.673695,2024-09-18,10.0
14.052,20.846998,2024-09-19,10.0
26.98,19.391973,2024-09-20,10.0
23.632,17.079094,2024-09-21,10.0
25.928,18.861433,2024-09-22,10.0
17.728,20.367353,2024-09-23,10.0
18.188,21.501907,2024-09-24,10.0
31.752,22.235868,2024-09-25,10.0
20.2,21.207262,2024-09-26,10.0
12.888,22.345676,2024-09-27,10.0
25.028,22.318495,2024-09-28,10.0
21.24,21.27777,2024-09-29,10.0
24.032,21.19727,2024-09-30,10.0
23.28,21.605494,2024-10-01,10.0
25.232,22.935186,2024-10-02,10.0
12.368,23.913998,2024-10-03,10.0
29.28,24.79205,2024-10-04,10.0
28.672,22.249481,2024-10-05,10.0
28.448,22.999094,2024-10-06,10.0
22.888,24.298773,2024-10-07,10.0
27.411,24.96514,2024-10-08,10.0
25.86,25.726318,2024-10-09,10.0
11.568,26.041666,2024-10-10,10.0
16.452,26.526161,2024-10-11,10.0
10.452,23.166132,2024-10-12,10.0
28.988,21.97128,2024-10-13,10.0
29.28,20.364801,2024-10-14,10.0
26.28,20.914858,2024-10-15,10.0
33.14,23.566004,2024-10-16,10.0
9.112,24.920252,2024-10-17,10.0
36.428,26.234064,2024-10-18,10.0
30.258,23.01273,2024-10-19,10.0
32.172,24.402128,2024-10-20,10.0
29.06,25.635906,2024-10-21,10.0
30.48,26.926283,2024-10-22,10.0
38.632,28.348938,2024-10-23,10.0
8.828,28.995314,2024-10-24,10.0
26.052,31.196909,2024-10-25,10.0
24.68,27.517975,2024-10-26,10.0
19.456,26.96695,2024-10-27,10.0
31.792,27.063969,2024-10-28,10.0
21.24,25.67708,2024-10-29,10.0
21.768,26.692541,2024-10-30,10.0
12.372,26.494843,2024-10-31,10.0
17.56,25.798727,2024-11-01,10.0
27.94,22.52908,2024-11-02,10.0
28.06,21.919441,2024-11-03,10.0
25.54,22.571186,2024-11-04,10.0
29.632,23.652506,2024-11-05,10.0
33.848,25.653065,2024-11-06,10.0
7.968,26.406357,2024-11-07,10.0
22.092,27.832249,2024-11-08,10.0
29.428,24.801374,2024-11-09,10.0
39.5028,23.93313,2024-11-10,10.0
21.936,25.180384,2024-11-11,10.0
18.36,27.05004,2024-11-12,10.0
11.5028,27.78362,2024-11-13,10.0
10.8,26.10116,2024-11-14,10.0
19.088,23.984798,2024-11-15,10.0
39.472,19.85833,2024-11-16,10.0
17.668,20.321817,2024-11-17,10.0
19.24,22.941744,2024-11-18,10.0
26.612,24.019106,2024-11-19,10.0
38.856,23.289896,2024-11-20,10.0
10.252,24.167114,2024-11-21,10.0
10.58,26.40225,2024-11-22,10.0
32.28,24.566978,2024-11-23,10.0
28.410667,22.051899,2024-11-24,10.0
22.238667,23.256208,2024-11-25,10.0
24.868,24.340942,2024-11-26,10.0
29.282667,25.002827,2024-11-27,10.0
10.598,25.257418,2024-11-28,10.0
17.58,26.22582,2024-11-29,10.0
18.3832,23.073061,2024-11-30,10.0
13.0,21.625084,2024-12-01,10.0
22.288,21.611265,2024-12-02,10.0
13.872,19.887028,2024-12-03,10.0
13.72,20.614365,2024-12-04,10.0
10.688,21.07529,2024-12-05,10.0
25.968,20.171099,2024-12-06,10.0
13.828,17.135834,2024-12-07,10.0
12.72,18.737156,2024-12-08,10.0
23.652,18.5292,2024-12-09,10.0
16.948,16.535131,2024-12-10,10.0
18.1828,18.23411,2024-12-11,10.0
10.696,19.045353,2024-12-12,10.0
11.112,19.160967,2024-12-13,10.0
10.06,17.561754,2024-12-14,10.0
14.052,16.924637,2024-12-15,10.0
19.12,15.345447,2024-12-16,10.0
18.336,14.581082,2024-12-17,10.0
24.132,16.359798,2024-12-18,10.0
10.028,17.973875,2024-12-19,10.0
12.25,19.340769,2024-12-20,10.0
18.648,17.936647,2024-12-21,10.0
23.28,16.83325,2024-12-22,10.0
23.5028,16.153543,2024-12-23,10.0
27.108,17.397783,2024-12-24,10.0
24.492,20.539253,2024-12-25,10.0
10.336,22.601954,2024-12-26,10.0
23.532,23.366669,2024-12-27,10.0
24.92,20.540255,2024-12-28,10.0
19.052,20.419245,2024-12-29,10.0
33.028,21.336798,2024-12-30,10.0
22.308,21.85806,2024-12-31,10.0
22.092,24.076857,2025-01-01,10.0
10.748,24.933138,2025-01-02,10.0
24.06,24.421549,2025-01-03,10.0
27.92,21.230032,2025-01-04,10.0
28.72,21.268467,2025-01-05,10.0
9.928,23.307749,2025-01-06,10.0
26.304,24.520628,2025-01-07,10.0
29.568,24.39443,2025-01-08,10.0
25.752,24.070911,2025-01-09,10.0
11.296,24.932236,2025-01-10,10.0
23.472,24.058275,2025-01-11,10.0
29.62,22.537247,2025-01-12,10.0
10.132,22.022488,2025-01-13,10.0
21.68,24.39987,2025-01-14,10.0
12.096,23.58347,2025-01-15,10.0
12.88,22.671682,2025-01-16,10.0
19.332,20.959236,2025-01-17,10.0
30.3,18.220613,2025-01-18,10.0
27.048,17.761656,2025-01-19,10.0
21.32,20.142887,2025-01-20,10.0
11.672,22.85438,2025-01-21,10.0
27.06,22.238373,2025-01-22,10.0
14.78,21.337725,2025-01-23,10.0
33.992,21.067698,2025-01-24,10.0
37.648,19.742455,2025-01-25,10.0
28.832,21.472158,2025-01-26,10.0
22.708,24.88392,2025-01-27,10.0
25.32,26.992647,2025-01-28,10.0
22.372,27.72503,2025-01-29,10.0
17.028,27.365147,2025-01-30,10.0
10.708,26.584003,2025-01-31,10.0
11.708,24.818506,2025-02-01,10.0
14.411,22.798832,2025-02-02,10.0
30.708,21.286133,2025-02-03,10.0
32.992,20.611835,2025-02-04,10.0
29.032,21.5379,2025-02-05,10.0
25.32,24.467741,2025-02-06,10.0
32.528,25.075468,2025-02-07,10.0
31.42,23.970388,2025-02-08,10.0
44.25,24.51391,2025-02-09,10.0
30.38,25.176886,2025-02-10,10.0
36.028,26.84268,2025-02-11,10.0
27.06,29.061466,2025-02-12,10.0
22.592,30.453047,2025-02-13,10.0
33.788,31.011047,2025-02-14,10.0
31.36,29.800938,2025-02-15,10.0
28.36,30.442537,2025-02-16,10.0
31.32,30.466143,2025-02-17,10.0
25.74,30.201847,2025-02-18,10.0
39.48,29.133188,2025-02-19,10.0
11.56,28.872305,2025-02-20,10.0
36.3,29.36403,2025-02-21,10.0
38.25,27.322805,2025-02-22,10.0
33.432,27.396452,2025-02-23,10.0
33.2,29.145552,2025-02-24,10.0
41.76,30.533705,2025-02-25,10.0
45.148,32.001415,2025-02-26,10.0
25.772,32.90086,2025-02-27,10.0
47.568,35.630043,2025-02-28,10.0
36.088,34.1872,2025-03-01,10.0
35.8,34.807545,2025-03-02,10.0
39.2628,35.797462,2025-03-03,10.0
39.616,36.375057,2025-03-04,10.0
19.5428,36.87693,2025-03-05,10.0
23.688,37.69106,2025-03-06,10.0
31.648,37.672493,2025-03-07,10.0
31.952,33.25834,2025-03-08,10.0
19.34,32.4907,2025-03-09,10.0
31.708,32.444065,2025-03-10,10.0
24.992,30.249216,2025-03-11,10.0
23.78,28.673517,2025-03-12,10.0
24.76,28.109678,2025-03-13,10.0
19.028,26.906015,2025-03-14,10.0
22.7028,25.338326,2025-03-15,10.0
20.948,25.110815,2025-03-16,10.0
21.948,24.282295,2025-03-17,10.0
28.011,23.921951,2025-03-18,10.0
21.532,24.831125,2025-03-19,10.0
23.416,25.200474,2025-03-20,10.0
36.172,24.411982,2025-03-21,10.0
24.092,23.821493,2025-03-22,10.0
17.176,24.772888,2025-03-23,10.0
37.132,25.823936,2025-03-24,10.0
24.52,24.93608,2025-03-25,10.0
21.52,26.27086,2025-03-26,10.0
20.96,26.576502,2025-03-27,10.0
25.028,25.68176,2025-03-28,10.0
25.612,24.535334,2025-03-29,10.0
11.568,24.862822,2025-03-30,10.0
18.488,25.120184,2025-03-31,10.0
16.052,23.381279,2025-04-01,10.0
22.132,22.74692,2025-04-02,10.0
22.296,22.036972,2025-04-03,10.0
19.232,21.805586,2025-04-04,10.0
24.512,21.543463,2025-04-05,10.0
19.612,21.439978,2025-04-06,10.0
16.628,21.765802,2025-04-07,10.0
14.104,21.706106,2025-04-08,10.0
17.708,21.953985,2025-04-09,10.0
12.6,20.835634,2025-04-10,10.0
21.708,20.436031,2025-04-11,10.0
17.9028,18.882944,2025-04-12,10.0
25.428,18.9475,2025-04-13,10.0
24.148,18.687157,2025-04-14,10.0
11.452,20.041548,2025-04-15,10.0
31.412,22.30136,2025-04-16,10.0
10.472,20.513842,2025-04-17,10.0
20.608,21.06405,2025-04-18,10.0
24.792,19.137074,2025-04-19,10.0
16.192,19.28139,2025-04-20,10.0
20.688,20.198198,2025-04-21,10.0
13.96,21.01925,2025-04-22,10.0
28.028,22.032103,2025-04-23,10.0
13.888,20.794756,2025-04-24,10.0
14.972,22.001637,2025-04-25,10.0
18.0,20.15324,2025-04-26,10.0
24.788,18.74409,2025-04-27,10.0
18.692,17.955809,2025-04-28,10.0
21.652,19.526297,2025-04-29,10.0
18.748,20.843964,2025-04-30,10.0
17.268,21.391367,2025-05-01,10.0
21.024,21.925718,2025-05-02,10.0
28.6,20.49923,2025-05-03,10.0
22.336,20.703537,2025-05-04,10.0
18.852,21.236986,2025-05-05,10.0
24.56,21.7984,2025-05-06,10.0
21.132,22.193016,2025-05-07,10.0
25.52,23.247526,2025-05-08,10.0
18.376,22.90196,2025-05-09,10.0
20.492,22.325993,2025-05-10,10.0
24.18,22.386023,2025-05-11,10.0
22.96,21.82147,2025-05-12,10.0
22.728,22.513712,2025-05-13,10.0
21.064,22.972998,2025-05-14,10.0
10.28,22.85609,2025-05-15,10.0
25.288,22.265738,2025-05-16,10.0
18.12,20.127882,2025-05-17,10.0
11.68,20.386248,2025-05-18,10.0
22.528,20.181948,2025-05-19,10.0
12.24,18.32564,2025-05-20,10.0
27.148,18.487547,2025-05-21,10.0
9.472,18.45603,2025-05-22,10.0
23.9,19.356777,2025-05-23,10.0
16.96,17.455404,2025-05-24,10.0
25.36,18.332811,2025-05-25,10.0
25.72,18.281939,2025-05-26,10.0
22.108,19.076527,2025-05-27,10.0
21.592,21.936646,2025-05-28,10.0
9.66,22.65608,2025-05-29,10.0
25.02,22.994593,2025-05-30,10.0
23.168,19.291376,2025-05-31,10.0
21.064,19.629179,2025-06-01,10.0
22.548,20.208384,2025-06-02,10.0
16.0,20.870632,2025-06-03,10.0
26.92,21.928097,2025-06-04,10.0
16.25,21.694489,2025-06-05,10.0
17.208,21.599602,2025-06-06,10.0
18.76,19.650192,2025-06-07,10.0
21.4,19.356823,2025-06-08,10.0
25.102,19.372755,2025-06-09,10.0
20.192,20.024118,2025-06-10,10.0
19.84,22.22525,2025-06-11,10.0
8.248,22.615604,2025-06-12,10.0
24.648,21.724136,2025-06-13,10.0
22.9428,18.111841,2025-06-14,10.0
6.988,18.227854,2025-06-15,10.0
7.235,19.223478,2025-06-16,10.0
24.62,26.981182,2024-09-18,11.0
25.388,25.418447,2024-09-19,11.0
17.8628,24.946074,2024-09-20,11.0
11.012,24.140139,2024-09-21,11.0
11.472,23.329254,2024-09-22,11.0
14.25,21.104673,2024-09-23,11.0
11.4,18.296326,2024-09-24,11.0
11.728,17.213743,2024-09-25,11.0
16.432,16.234833,2024-09-26,11.0
12.908,15.707501,2024-09-27,11.0
17.02,15.15466,2024-09-28,11.0
25.768,14.732425,2024-09-29,11.0
13.28,14.13916,2024-09-30,11.0
14.052,15.680589,2024-10-01,11.0
19.64,17.002916,2024-10-02,11.0
17.22,16.477442,2024-10-03,11.0
16.16,16.930273,2024-10-04,11.0
13.112,16.957003,2024-10-05,11.0
14.308,17.388638,2024-10-06,11.0
13.908,16.385895,2024-10-07,11.0
16.052,15.837342,2024-10-08,11.0
21.292,16.342382,2024-10-09,11.0
19.52,16.518576,2024-10-10,11.0
19.216,17.570282,2024-10-11,11.0
13.872,17.846695,2024-10-12,11.0
12.28,18.420122,2024-10-13,11.0
11.08,17.012545,2024-10-14,11.0
13.232,15.381822,2024-10-15,11.0
21.08,15.251794,2024-10-16,11.0
12.248,15.256072,2024-10-17,11.0
11.0,16.602627,2024-10-18,11.0
18.248,16.208456,2024-10-19,11.0
10.1828,15.3215685,2024-10-20,11.0
8.6,14.820777,2024-10-21,11.0
17.136,14.222681,2024-10-22,11.0
9.912,13.718352,2024-10-23,11.0
14.472,14.428397,2024-10-24,11.0
16.056,14.229929,2024-10-25,11.0
10.132,13.459513,2024-10-26,11.0
11.428,14.257205,2024-10-27,11.0
14.104,13.290788,2024-10-28,11.0
11.428,12.204825,2024-10-29,11.0
8.216,12.967947,2024-10-30,11.0
14.704,13.461945,2024-10-31,11.0
13.568,12.599752,2024-11-01,11.0
9.368,12.564707,2024-11-02,11.0
10.384,13.392423,2024-11-03,11.0
12.648,12.477518,2024-11-04,11.0
7.552,11.979981,2024-11-05,11.0
20.708,12.975129,2024-11-06,11.0
18.08,12.514392,2024-11-07,11.0
13.86,13.697137,2024-11-08,11.0
8.432,15.1809635,2024-11-09,11.0
22.128,15.943639,2024-11-10,11.0
8.272,13.86724,2024-11-11,11.0
10.508,14.430308,2024-11-12,11.0
21.828,14.843695,2024-11-13,11.0
8.1828,14.1392145,2024-11-14,11.0
14.32,15.890441,2024-11-15,11.0
7.896,15.179738,2024-11-16,11.0
13.944,14.656142,2024-11-17,11.0
12.258,13.509153,2024-11-18,11.0
13.26,13.656373,2024-11-19,11.0
18.12,14.266097,2024-11-20,11.0
16.82,14.651153,2024-11-21,11.0
10.972,15.586434,2024-11-22,11.0
8.565333,15.79045,2024-11-23,11.0
11.818666,15.401769,2024-11-24,11.0
10.089334,13.398629,2024-11-25,11.0
10.773334,12.8847,2024-11-26,11.0
20.218666,13.180374,2024-11-27,11.0
14.447,13.353141,2024-11-28,11.0
13.18,15.024959,2024-11-29,11.0
16.1968,15.262272,2024-11-30,11.0
26.1,14.911122,2024-12-01,11.0
16.532,14.57192,2024-12-02,11.0
10.412,15.497471,2024-12-03,11.0
21.772,17.499876,2024-12-04,11.0
28.3,17.014853,2024-12-05,11.0
16.128,17.974897,2024-12-06,11.0
25.432,19.7978,2024-12-07,11.0
20.82,20.711758,2024-12-08,11.0
14.492,21.329695,2024-12-09,11.0
30.2,21.038057,2024-12-10,11.0
14.428,20.491714,2024-12-11,11.0
26.372,22.013506,2024-12-12,11.0
19.288,22.059277,2024-12-13,11.0
7.4,21.9014,2024-12-14,11.0
18.712,22.044258,2024-12-15,11.0
26.928,20.351547,2024-12-16,11.0
13.58,18.359081,2024-12-17,11.0
24.72,20.17457,2024-12-18,11.0
29.6,21.285458,2024-12-19,11.0
18.76,21.763903,2024-12-20,11.0
20.92,22.474434,2024-12-21,11.0
20.372,23.00649,2024-12-22,11.0
20.36,21.954615,2024-12-23,11.0
24.968,21.684452,2024-12-24,11.0
18.648,22.954086,2024-12-25,11.0
25.11,23.42125,2024-12-26,11.0
28.012,23.375828,2024-12-27,11.0
19.811,22.677286,2024-12-28,11.0
28.828,23.247522,2024-12-29,11.0
16.368,22.81958,2024-12-30,11.0
18.828,22.99222,2024-12-31,11.0
30.528,23.855457,2025-01-01,11.0
28.211,23.104124,2025-01-02,11.0
24.988,23.576645,2025-01-03,11.0
27.16,23.814974,2025-01-04,11.0
28.92,24.860455,2025-01-05,11.0
30.9828,25.670921,2025-01-06,11.0
28.988,26.553709,2025-01-07,11.0
36.652,27.355322,2025-01-08,11.0
37.748,27.726618,2025-01-09,11.0
25.42,28.581324,2025-01-10,11.0
30.088,28.465794,2025-01-11,11.0
43.952,28.781115,2025-01-12,11.0
31.711,28.813486,2025-01-13,11.0
41.768,30.884188,2025-01-14,11.0
33.428,32.022476,2025-01-15,11.0
32.2,32.431057,2025-01-16,11.0
28.76,32.280464,2025-01-17,11.0
36.352,31.99013,2025-01-18,11.0
37.048,32.227123,2025-01-19,11.0
47.52,31.455116,2025-01-20,11.0
25.392,32.151543,2025-01-21,11.0
35.28,32.550526,2025-01-22,11.0
36.488,32.21928,2025-01-23,11.0
29.472,31.825636,2025-01-24,11.0
45.708,31.442389,2025-01-25,11.0
45.08,31.320124,2025-01-26,11.0
22.86,33.169914,2025-01-27,11.0
32.872,34.75422,2025-01-28,11.0
30.908,35.11382,2025-01-29,11.0
35.96,35.19165,2025-01-30,11.0
17.3,33.738834,2025-01-31,11.0
17.928,33.407436,2025-02-01,11.0
18.52,30.810675,2025-02-02,11.0
19.972,28.157816,2025-02-03,11.0
24.148,27.100111,2025-02-04,11.0
20.96,25.94044,2025-02-05,11.0
26.672,25.93839,2025-02-06,11.0
25.34,24.484697,2025-02-07,11.0
41.24,23.802423,2025-02-08,11.0
31.012,23.626596,2025-02-09,11.0
25.048,25.203068,2025-02-10,11.0
23.88,26.591505,2025-02-11,11.0
26.96,27.763655,2025-02-12,11.0
20.828,27.541012,2025-02-13,11.0
21.48,27.19525,2025-02-14,11.0
17.072,26.256989,2025-02-15,11.0
24.228,25.997269,2025-02-16,11.0
27.932,25.019157,2025-02-17,11.0
11.336,24.941,2025-02-18,11.0
20.32,24.543787,2025-02-19,11.0
26.1428,22.869204,2025-02-20,11.0
18.12,21.91964,2025-02-21,11.0
21.896,21.613146,2025-02-22,11.0
16.552,21.935308,2025-02-23,11.0
38.48,21.513115,2025-02-24,11.0
19.248,21.269335,2025-02-25,11.0
27.2,24.70855,2025-02-26,11.0
38.7028,25.21248,2025-02-27,11.0
28.48,24.90373,2025-02-28,11.0
24.928,25.728441,2025-03-01,11.0
20.828,26.563044,2025-03-02,11.0
26.24,26.739958,2025-03-03,11.0
22.592,26.34966,2025-03-04,11.0
12.388,26.6443,2025-03-05,11.0
19.42,26.67444,2025-03-06,11.0
11.568,25.099112,2025-03-07,11.0
28.311,23.759497,2025-03-08,11.0
19.688,21.76974,2025-03-09,11.0
31.11,22.379377,2025-03-10,11.0
13.36,22.558397,2025-03-11,11.0
28.012,23.807158,2025-03-12,11.0
14.528,23.410181,2025-03-13,11.0
13.528,21.690287,2025-03-14,11.0
22.12,20.469954,2025-03-15,11.0
10.92,19.475998,2025-03-16,11.0
20.9,19.641237,2025-03-17,11.0
12.18,19.687183,2025-03-18,11.0
19.28,20.277908,2025-03-19,11.0
11.0,19.110693,2025-03-20,11.0
13.892,18.5094,2025-03-21,11.0
12.0,16.415926,2025-03-22,11.0
28.52,15.85232,2025-03-23,11.0
20.948,14.471326,2025-03-24,11.0
12.532,16.633677,2025-03-25,11.0
19.536,19.638079,2025-03-26,11.0
11.6228,18.564936,2025-03-27,11.0
23.288,18.84711,2025-03-28,11.0
31.072,17.062424,2025-03-29,11.0
13.968,18.01164,2025-03-30,11.0
14.208,20.177803,2025-03-31,11.0
27.432,20.987944,2025-04-01,11.0
16.76,19.692421,2025-04-02,11.0
12.52,20.805618,2025-04-03,11.0
20.128,21.114815,2025-04-04,11.0
12.384,18.67272,2025-04-05,11.0
17.988,19.27257,2025-04-06,11.0
12.332,18.60668,2025-04-07,11.0
13.496,18.288286,2025-04-08,11.0
20.96,18.631268,2025-04-09,11.0
18.08,18.609064,2025-04-10,11.0
11.892,18.818478,2025-04-11,11.0
12.86,18.67953,2025-04-12,11.0
14.16,17.433548,2025-04-13,11.0
18.48,15.068002,2025-04-14,11.0
21.7,14.468751,2025-04-15,11.0
23.028,15.784739,2025-04-16,11.0
19.032,17.621372,2025-04-17,11.0
18.048,19.40016,2025-04-18,11.0
11.228,18.776276,2025-04-19,11.0
12.292,18.696882,2025-04-20,11.0
12.02,16.863153,2025-04-21,11.0
18.032,15.968789,2025-04-22,11.0
19.288,16.265867,2025-04-23,11.0
11.32,17.273321,2025-04-24,11.0
12.28,18.274124,2025-04-25,11.0
14.488,16.668722,2025-04-26,11.0
14.5028,15.271077,2025-04-27,11.0
18.32,13.666868,2025-04-28,11.0
19.248,13.644083,2025-04-29,11.0
21.98,15.035594,2025-04-30,11.0
18.708,17.242424,2025-05-01,11.0
23.064,19.14219,2025-05-02,11.0
13.8,19.003748,2025-05-03,11.0
13.508,19.971178,2025-05-04,11.0
10.108,18.497028,2025-05-05,11.0
17.6,16.863453,2025-05-06,11.0
16.8228,16.16606,2025-05-07,11.0
11.148,16.793325,2025-05-08,11.0
13.28,17.44619,2025-05-09,11.0
14.028,15.885325,2025-05-10,11.0
11.508,15.169375,2025-05-11,11.0
11.16,14.112857,2025-05-12,11.0
16.104,13.771356,2025-05-13,11.0
13.928,13.109946,2025-05-14,11.0
24.848,13.233656,2025-05-15,11.0
20.552,13.82231,2025-05-16,11.0
13.528,15.145652,2025-05-17,11.0
14.532,17.146894,2025-05-18,11.0
14.532,16.574018,2025-05-19,11.0
11.8,14.774137,2025-05-20,11.0
23.728,14.173326,2025-05-21,11.0
21.832,14.291005,2025-05-22,11.0
36.288,16.008387,2025-05-23,11.0
23.828,17.630228,2025-05-24,11.0
18.66,20.953012,2025-05-25,11.0
20.42,22.401886,2025-05-26,11.0
19.568,21.695679,2025-05-27,11.0
36.2628,21.605082,2025-05-28,11.0
28.496,21.688818,2025-05-29,11.0
29.112,23.888548,2025-05-30,11.0
29.58,23.934233,2025-05-31,11.0
28.028,24.959364,2025-06-01,11.0
27.72,25.338888,2025-06-02,11.0
39.672,25.85686,2025-06-03,11.0
38.36,26.47623,2025-06-04,11.0
35.62,27.81366,2025-06-05,11.0
30.548,29.181288,2025-06-06,11.0
36.592,28.471998,2025-06-07,11.0
32.728,29.123964,2025-06-08,11.0
36.08,30.374842,2025-06-09,11.0
37.08,31.696445,2025-06-10,11.0
29.548,32.33771,2025-06-11,11.0
38.932,33.521046,2025-06-12,11.0
23.532,33.445362,2025-06-13,11.0
30.228,32.11024,2025-06-14,11.0
25.86,31.61632,2025-06-15,11.0
25.0,31.322298,2025-06-16,11.0
2.5,5.1778517,2024-09-18,12.0
9.99,5.3084526,2024-09-19,12.0
8.69,5.121918,2024-09-20,12.0
8.21,5.295916,2024-09-21,12.0
4.1,5.9098215,2024-09-22,12.0
9.36,6.189677,2024-09-23,12.0
2.49,6.1121316,2024-09-24,12.0
5.74,6.7685194,2024-09-25,12.0
11.55,6.3428683,2024-09-26,12.0
10.91,5.991267,2024-09-27,12.0
12.43,6.3565707,2024-09-28,12.0
8.428,7.39307,2024-09-29,12.0
8.3,8.115218,2024-09-30,12.0
8.09,8.207593,2024-10-01,12.0
8.91,8.671895,2024-10-02,12.0
10.03,8.581784,2024-10-03,12.0
10.64,8.480651,2024-10-04,12.0
10.38,8.521401,2024-10-05,12.0
14.69,9.307829,2024-10-06,12.0
9.828,9.472515,2024-10-07,12.0
12.81,9.9461775,2024-10-08,12.0
12.08,10.735064,2024-10-09,12.0
13.42,11.208473,2024-10-10,12.0
7.97,11.410218,2024-10-11,12.0
9.96,11.270318,2024-10-12,12.0
8.63,11.203484,2024-10-13,12.0
10.58,10.643712,2024-10-14,12.0
12.42,10.134535,2024-10-15,12.0
14.29,10.542879,2024-10-16,12.0
8.45,11.124499,2024-10-17,12.0
8.75,11.827912,2024-10-18,12.0
10.01,10.924939,2024-10-19,12.0
3.74,10.497756,2024-10-20,12.0
9.05,9.974416,2024-10-21,12.0
9.46,9.027387,2024-10-22,12.0
10.75,9.326665,2024-10-23,12.0
1.65,9.7766485,2024-10-24,12.0
7.76,10.00777,2024-10-25,12.0
12.09,8.4709635,2024-10-26,12.0
9.3,8.11079,2024-10-27,12.0
3.4,8.386809,2024-10-28,12.0
17.1,8.31469,2024-10-29,12.0
6.83,8.160064,2024-10-30,12.0
10.46,9.556452,2024-10-31,12.0
10.1,9.706738,2024-11-01,12.0
3.47,9.037307,2024-11-02,12.0
3.23,9.418365,2024-11-03,12.0
10.61,8.796701,2024-11-04,12.0
2.96,7.7444453,2024-11-05,12.0
10.95,8.374511,2024-11-06,12.0
12.39,8.39765,2024-11-07,12.0
10.33,8.630326,2024-11-08,12.0
4.77,9.200525,2024-11-09,12.0
10.86,9.868052,2024-11-10,12.0
10.51,8.964648,2024-11-11,12.0
13.52,8.807991,2024-11-12,12.0
8.87,9.666253,2024-11-13,12.0
8.08,10.535207,2024-11-14,12.0
8.21,10.815833,2024-11-15,12.0
9.44,10.303705,2024-11-16,12.0
7.35,10.158546,2024-11-17,12.0
7.53,9.820365,2024-11-18,12.0
6.58,9.646167,2024-11-19,12.0
12.23,10.167068,2024-11-20,12.0
12.98,10.066894,2024-11-21,12.0
9.546667,10.075653,2024-11-22,12.0
5.8933334,10.3626375,2024-11-23,12.0
7.48,10.70458,2024-11-24,12.0
9.883333,9.838666,2024-11-25,12.0
7.6866665,9.152348,2024-11-26,12.0
10.683333,9.556923,2024-11-27,12.0
10.2275,9.707463,2024-11-28,12.0
9.546667,10.250047,2024-11-29,12.0
12.211,10.287034,2024-11-30,12.0
12.1,10.480064,2024-12-01,12.0
9.66,10.540647,2024-12-02,12.0
10.828,10.279439,2024-12-03,12.0
12.49,10.692822,2024-12-04,12.0
16.02,11.217925,2024-12-05,12.0
10.21,11.900162,2024-12-06,12.0
16.62,12.613886,2024-12-07,12.0
10.72,13.086575,2024-12-08,12.0
13.23,13.638813,2024-12-09,12.0
12.62,13.039647,2024-12-10,12.0
18.82,13.267228,2024-12-11,12.0
14.09,13.583894,2024-12-12,12.0
3.928,15.0960245,2024-12-13,12.0
5.31,15.483411,2024-12-14,12.0
17.26,13.996816,2024-12-15,12.0
10.13,12.24095,2024-12-16,12.0
7.7,12.003999,2024-12-17,12.0
14.05,12.7102785,2024-12-18,12.0
13.72,12.478649,2024-12-19,12.0
13.27,13.03928,2024-12-20,12.0
16.19,13.275641,2024-12-21,12.0
10.99,13.49321,2024-12-22,12.0
11.25,13.38848,2024-12-23,12.0
9.45,13.408486,2024-12-24,12.0
12.83,13.559523,2024-12-25,12.0
3.83,13.270644,2024-12-26,12.0
12.51,13.584582,2024-12-27,12.0
12.31,12.242314,2024-12-28,12.0
5.67,12.161071,2024-12-29,12.0
12.62,12.399221,2024-12-30,12.0
14.28,11.374494,2024-12-31,12.0
12.97,11.819404,2025-01-01,12.0
13.29,12.1612425,2025-01-02,12.0
8.11,12.034186,2025-01-03,12.0
10.98,11.576262,2025-01-04,12.0
19.12,11.6544485,2025-01-05,12.0
10.3,11.302649,2025-01-06,12.0
9.5,12.458509,2025-01-07,12.0
16.67,13.846269,2025-01-08,12.0
23.76,13.242103,2025-01-09,12.0
9.18,13.348147,2025-01-10,12.0
9.75,14.449822,2025-01-11,12.0
7.61,13.981935,2025-01-12,12.0
9.22,13.150825,2025-01-13,12.0
13.44,12.411319,2025-01-14,12.0
24.67,12.077859,2025-01-15,12.0
10.0,11.825447,2025-01-16,12.0
9.04,13.356076,2025-01-17,12.0
18.62,13.26834,2025-01-18,12.0
7.66,12.392754,2025-01-19,12.0
10.4,12.663718,2025-01-20,12.0
11.28,11.617821,2025-01-21,12.0
21.7,11.12721,2025-01-22,12.0
12.67,11.8286085,2025-01-23,12.0
14.18,14.142613,2025-01-24,12.0
8.25,13.766877,2025-01-25,12.0
6.77,13.46725,2025-01-26,12.0
8.57,13.066857,2025-01-27,12.0
20.88,11.471346,2025-01-28,12.0
9.28,11.0188875,2025-01-29,12.0
13.85,12.63005,2025-01-30,12.0
7.38,12.932908,2025-01-31,12.0
13.91,12.661978,2025-02-01,12.0
10.42,12.082849,2025-02-02,12.0
12.63,11.512238,2025-02-03,12.0
12.5,11.691227,2025-02-04,12.0
12.64,12.117524,2025-02-05,12.0
17.02,12.577771,2025-02-06,12.0
4.12,12.20094,2025-02-07,12.0
11.17,11.63523,2025-02-08,12.0
18.12,10.578517,2025-02-09,12.0
9.11,10.317897,2025-02-10,12.0
10.52,11.116656,2025-02-11,12.0
14.25,12.026309,2025-02-12,12.0
10.72,12.195006,2025-02-13,12.0
14.55,12.511493,2025-02-14,12.0
22.52,11.832218,2025-02-15,12.0
23.76,11.675256,2025-02-16,12.0
10.29,13.352586,2025-02-17,12.0
10.48,16.715351,2025-02-18,12.0
8.59,16.56641,2025-02-19,12.0
18.49,14.961032,2025-02-20,12.0
13.59,13.276007,2025-02-21,12.0
12.91,12.807727,2025-02-22,12.0
10.13,13.659073,2025-02-23,12.0
19.66,14.409978,2025-02-24,12.0
12.12,13.953539,2025-02-25,12.0
12.03,15.45548,2025-02-26,12.0
3.3,15.866585,2025-02-27,12.0
1.97,14.391055,2025-02-28,12.0
11.13,11.732558,2025-03-01,12.0
19.62,9.325231,2025-03-02,12.0
10.17,9.126546,2025-03-03,12.0
13.33,10.862016,2025-03-04,12.0
9.06,11.769269,2025-03-05,12.0
19.92,12.224954,2025-03-06,12.0
13.37,11.449868,2025-03-07,12.0
5.01,11.112393,2025-03-08,12.0
10.49,11.623149,2025-03-09,12.0
4.86,11.470241,2025-03-10,12.0
12.08,11.19821,2025-03-11,12.0
9.13,10.251529,2025-03-12,12.0
10.06,10.229356,2025-03-13,12.0
12.11,9.944719,2025-03-14,12.0
8.58,9.643337,2025-03-15,12.0
14.02,10.397454,2025-03-16,12.0
9.05,9.912666,2025-03-17,12.0
7.11,9.900743,2025-03-18,12.0
9.01,10.172572,2025-03-19,12.0
13.79,9.304675,2025-03-20,12.0
8.97,8.545359,2025-03-21,12.0
4.23,8.909801,2025-03-22,12.0
3.17,9.112996,2025-03-23,12.0
10.05,8.23762,2025-03-24,12.0
4.028,7.598726,2025-03-25,12.0
5.18,7.6948485,2025-03-26,12.0
7.72,7.217438,2025-03-27,12.0
10.628,6.984899,2025-03-28,12.0
5.73,6.8480563,2025-03-29,12.0
4.39,7.13254,2025-03-30,12.0
12.15,6.8652663,2025-03-31,12.0
8.32,6.163408,2025-04-01,12.0
7.08,6.5741496,2025-04-02,12.0
3.99,6.9698253,2025-04-03,12.0
10.59,6.9291673,2025-04-04,12.0
4.7,6.5473123,2025-04-05,12.0
4.828,7.052921,2025-04-06,12.0
4.68,6.912683,2025-04-07,12.0
5.14,6.4775934,2025-04-08,12.0
8.71,6.7236257,2025-04-09,12.0
7.25,6.6319213,2025-04-10,12.0
8.05,6.702874,2025-04-11,12.0
10.46,6.622505,2025-04-12,12.0
9.48,6.5144725,2025-04-13,12.0
10.6,6.698176,2025-04-14,12.0
10.54,6.9950852,2025-04-15,12.0
9.01,7.6617002,2025-04-16,12.0
10.49,8.102727,2025-04-17,12.0
9.51,8.124036,2025-04-18,12.0
10.22,7.878426,2025-04-19,12.0
6.2,8.319715,2025-04-20,12.0
5.25,8.699416,2025-04-21,12.0
8.46,8.57082,2025-04-22,12.0
5.71,8.474361,2025-04-23,12.0
10.76,8.33269,2025-04-24,12.0
12.12,7.9582524,2025-04-25,12.0
10.59,7.7397857,2025-04-26,12.0
10.64,8.056084,2025-04-27,12.0
12.06,8.229349,2025-04-28,12.0
9.76,8.687931,2025-04-29,12.0
12.92,9.374745,2025-04-30,12.0
12.03,9.72202,2025-05-01,12.0
12.67,10.50904,2025-05-02,12.0
7.78,11.041061,2025-05-03,12.0
12.03,11.742417,2025-05-04,12.0
7.25,10.59237,2025-05-05,12.0
7.53,9.986573,2025-05-06,12.0
8.92,9.98601,2025-05-07,12.0
10.31,9.583978,2025-05-08,12.0
10.51,9.290574,2025-05-09,12.0
10.66,8.572158,2025-05-10,12.0
12.32,8.606504,2025-05-11,12.0
9.73,8.945725,2025-05-12,12.0
11.33,9.48759,2025-05-13,12.0
9.4,9.692451,2025-05-14,12.0
12.28,9.657979,2025-05-15,12.0
8.33,9.872775,2025-05-16,12.0
10.1,10.025202,2025-05-17,12.0
9.25,10.149522,2025-05-18,12.0
7.82,9.978482,2025-05-19,12.0
12.39,9.076795,2025-05-20,12.0
9.9,8.616453,2025-05-21,12.0
4.11,9.328398,2025-05-22,12.0
9.66,9.616804,2025-05-23,12.0
12.72,8.568574,2025-05-24,12.0
10.45,8.29452,2025-05-25,12.0
13.07,8.398471,2025-05-26,12.0
10.69,8.554593,2025-05-27,12.0
10.55,9.661138,2025-05-28,12.0
10.3,10.763473,2025-05-29,12.0
9.52,10.727019,2025-05-30,12.0
10.22,9.52621,2025-05-31,12.0
6.57,9.392336,2025-06-01,12.0
10.6,9.447275,2025-06-02,12.0
9.74,8.98603,2025-06-03,12.0
14.25,9.272349,2025-06-04,12.0
10.43,9.655713,2025-06-05,12.0
8.56,10.187123,2025-06-06,12.0
16.2,9.569061,2025-06-07,12.0
10.78,9.355262,2025-06-08,12.0
10.88,10.117265,2025-06-09,12.0
10.53,10.467465,2025-06-10,12.0
10.19,11.120629,2025-06-11,12.0
10.52,11.269059,2025-06-12,12.0
7.45,10.985578,2025-06-13,12.0
8.5,9.844785,2025-06-14,12.0
6.45,9.341054,2025-06-15,12.0
7.0,8.870769,2025-06-16,12.0
18.148,8.00748,2024-09-18,13.0
20.711,8.141299,2024-09-19,13.0
11.911,9.571652,2024-09-20,13.0
16.608,11.627522,2024-09-21,13.0
17.72,12.439832,2024-09-22,13.0
9.38,12.509595,2024-09-23,13.0
16.668,13.28871,2024-09-24,13.0
23.952,13.562637,2024-09-25,13.0
39.752,13.8026285,2024-09-26,13.0
16.588,16.302141,2024-09-27,13.0
20.11,20.268986,2024-09-28,13.0
33.788,21.459631,2024-09-29,13.0
27.872,20.492117,2024-09-30,13.0
16.288,21.851374,2024-10-01,13.0
24.2228,24.384905,2024-10-02,13.0
10.028,24.153269,2024-10-03,13.0
19.228,24.077677,2024-10-04,13.0
18.972,22.590631,2024-10-05,13.0
32.4,21.281359,2024-10-06,13.0
14.732,20.781618,2024-10-07,13.0
13.388,22.610926,2024-10-08,13.0
32.928,23.312555,2024-10-09,13.0
11.592,20.889421,2024-10-10,13.0
31.288,22.333048,2024-10-11,13.0
14.86,20.617403,2024-10-12,13.0
25.828,21.971796,2024-10-13,13.0
25.028,21.60626,2024-10-14,13.0
17.664,21.718966,2024-10-15,13.0
27.108,23.11233,2024-10-16,13.0
13.732,22.77387,2024-10-17,13.0
33.936,23.488249,2024-10-18,13.0
10.732,21.640123,2024-10-19,13.0
33.748,23.47663,2024-10-20,13.0
33.652,22.318802,2024-10-21,13.0
22.3,23.155756,2024-10-22,13.0
24.46,26.059578,2024-10-23,13.0
25.212,26.230068,2024-10-24,13.0
29.64,26.037077,2024-10-25,13.0
39.32,25.09278,2024-10-26,13.0
13.256,26.38959,2024-10-27,13.0
29.072,27.655546,2024-10-28,13.0
23.46,26.788343,2024-10-29,13.0
42.828,27.06161,2024-10-30,13.0
11.88,27.19322,2024-10-31,13.0
49.72,28.759949,2024-11-01,13.0
13.4,27.186716,2024-11-02,13.0
42.1428,28.002674,2024-11-03,13.0
25.336,28.514826,2024-11-04,13.0
22.252,28.310291,2024-11-05,13.0
26.12,30.125872,2024-11-06,13.0
41.32,28.727476,2024-11-07,13.0
31.86,28.594553,2024-11-08,13.0
24.792,27.895058,2024-11-09,13.0
41.176,29.207972,2024-11-10,13.0
20.228,27.859951,2024-11-11,13.0
28.102,29.236778,2024-11-12,13.0
9.488,29.565157,2024-11-13,13.0
48.452,28.550692,2024-11-14,13.0
39.38,26.351793,2024-11-15,13.0
25.26,26.676332,2024-11-16,13.0
35.74,28.674448,2024-11-17,13.0
24.008,28.506453,2024-11-18,13.0
39.172,28.986382,2024-11-19,13.0
11.9,29.227797,2024-11-20,13.0
35.42,31.353083,2024-11-21,13.0
45.22,27.98786,2024-11-22,13.0
42.272,27.423132,2024-11-23,13.0
39.68667,29.345509,2024-11-24,13.0
26.194666,31.087149,2024-11-25,13.0
33.845333,32.56896,2024-11-26,13.0
17.182667,33.001965,2024-11-27,13.0
35.268,34.9567,2024-11-28,13.0
41.545,31.789783,2024-11-29,13.0
41.4216,29.519678,2024-11-30,13.0
56.96,29.802443,2024-12-01,13.0
42.432,31.557716,2024-12-02,13.0
48.62,33.852055,2024-12-03,13.0
76.428,35.858715,2024-12-04,13.0
46.372,39.155132,2024-12-05,13.0
44.96,43.1487,2024-12-06,13.0
64.28,44.02637,2024-12-07,13.0
69.028,44.548832,2024-12-08,13.0
37.376,45.67816,2024-12-09,13.0
62.064,46.36717,2024-12-10,13.0
56.368,46.185333,2024-12-11,13.0
50.02,45.877995,2024-12-12,13.0
52.78,46.319622,2024-12-13,13.0
28.552,45.641937,2024-12-14,13.0
70.828,44.790424,2024-12-15,13.0
63.488,44.72349,2024-12-16,13.0
72.42,45.358334,2024-12-17,13.0
51.96,45.977642,2024-12-18,13.0
43.3,46.370426,2024-12-19,13.0
56.792,46.60451,2024-12-20,13.0
67.668,46.29977,2024-12-21,13.0
67.692,46.65781,2024-12-22,13.0
75.176,46.81428,2024-12-23,13.0
69.332,46.91322,2024-12-24,13.0
74.7,46.950954,2024-12-25,13.0
62.752,47.02666,2024-12-26,13.0
79.28,47.000023,2024-12-27,13.0
70.508,46.983036,2024-12-28,13.0
69.728,47.108036,2024-12-29,13.0
66.72,47.16023,2024-12-30,13.0
71.24,47.151653,2024-12-31,13.0
65.428,47.149075,2025-01-01,13.0
75.72,47.160034,2025-01-02,13.0
71.02,47.165356,2025-01-03,13.0
73.86,47.159435,2025-01-04,13.0
73.448,47.133823,2025-01-05,13.0
43.28,47.0366,2025-01-06,13.0
81.9428,47.031704,2025-01-07,13.0
56.608,47.09238,2025-01-08,13.0
58.8,47.06458,2025-01-09,13.0
84.3,47.081364,2025-01-10,13.0
65.9,47.137966,2025-01-11,13.0
71.048,47.10335,2025-01-12,13.0
71.784,47.105724,2025-01-13,13.0
46.328,47.028732,2025-01-14,13.0
76.14,47.104885,2025-01-15,13.0
55.308,47.108326,2025-01-16,13.0
73.572,47.14045,2025-01-17,13.0
54.38,47.117958,2025-01-18,13.0
61.352,47.15494,2025-01-19,13.0
55.848,47.153492,2025-01-20,13.0
60.592,47.06242,2025-01-21,13.0
57.908,47.10985,2025-01-22,13.0
56.268,46.88476,2025-01-23,13.0
58.64,47.04257,2025-01-24,13.0
52.944,46.9873,2025-01-25,13.0
56.288,47.054935,2025-01-26,13.0
66.028,47.06687,2025-01-27,13.0
73.168,47.062603,2025-01-28,13.0
64.96,47.110394,2025-01-29,13.0
53.9028,47.134953,2025-01-30,13.0
72.412,47.128147,2025-01-31,13.0
50.228,47.05827,2025-02-01,13.0
70.072,47.1292,2025-02-02,13.0
72.76,47.127323,2025-02-03,13.0
54.48,47.13076,2025-02-04,13.0
56.672,47.131413,2025-02-05,13.0
68.256,47.13505,2025-02-06,13.0
63.28,47.10213,2025-02-07,13.0
54.68,47.00232,2025-02-08,13.0
55.432,47.145145,2025-02-09,13.0
58.392,47.07311,2025-02-10,13.0
60.2,47.064137,2025-02-11,13.0
55.908,47.082077,2025-02-12,13.0
56.452,47.062214,2025-02-13,13.0
46.376,47.06232,2025-02-14,13.0
51.032,46.964752,2025-02-15,13.0
45.208,46.970325,2025-02-16,13.0
28.672,46.966,2025-02-17,13.0
24.36,46.58565,2025-02-18,13.0
41.792,45.30307,2025-02-19,13.0
50.496,42.573776,2025-02-20,13.0
48.28,41.14897,2025-02-21,13.0
60.784,40.62453,2025-02-22,13.0
37.12,41.139397,2025-02-23,13.0
64.176,42.872795,2025-02-24,13.0
58.911,44.582428,2025-02-25,13.0
36.06,45.783054,2025-02-26,13.0
26.268,46.19945,2025-02-27,13.0
30.032,45.9434,2025-02-28,13.0
50.88,43.65552,2025-03-01,13.0
52.62,39.23358,2025-03-02,13.0
33.548,40.109932,2025-03-03,13.0
45.864,40.00113,2025-03-04,13.0
28.76,40.757767,2025-03-05,13.0
36.568,41.706856,2025-03-06,13.0
35.7,42.569843,2025-03-07,13.0
39.92,41.10177,2025-03-08,13.0
19.88,39.294865,2025-03-09,13.0
42.548,39.066257,2025-03-10,13.0
18.132,36.282543,2025-03-11,13.0
23.292,34.07264,2025-03-12,13.0
33.668,32.06633,2025-03-13,13.0
28.25,29.037949,2025-03-14,13.0
25.792,28.111269,2025-03-15,13.0
25.668,28.116037,2025-03-16,13.0
10.772,28.251986,2025-03-17,13.0
10.428,27.515541,2025-03-18,13.0
13.52,26.676956,2025-03-19,13.0
18.108,22.18729,2025-03-20,13.0
19.472,19.625402,2025-03-21,13.0
11.792,19.439278,2025-03-22,13.0
6.176,19.851809,2025-03-23,13.0
19.3028,18.862902,2025-03-24,13.0
14.576,16.294428,2025-03-25,13.0
17.511,15.4775095,2025-03-26,13.0
13.46,15.149642,2025-03-27,13.0
14.652,16.017387,2025-03-28,13.0
17.776,15.600905,2025-03-29,13.0
5.352,15.597646,2025-03-30,13.0
12.88,14.97276,2025-03-31,13.0
17.088,13.107585,2025-04-01,13.0
10.952,12.755371,2025-04-02,13.0
17.432,13.944947,2025-04-03,13.0
11.812,13.887662,2025-04-04,13.0
18.772,14.159514,2025-04-05,13.0
18.28,14.339341,2025-04-06,13.0
12.308,14.250136,2025-04-07,13.0
18.732,15.190352,2025-04-08,13.0
18.812,16.253563,2025-04-09,13.0
12.32,17.350075,2025-04-10,13.0
8.68,18.213995,2025-04-11,13.0
24.096,17.166567,2025-04-12,13.0
16.232,14.985257,2025-04-13,13.0
22.24,15.326615,2025-04-14,13.0
16.72,16.377096,2025-04-15,13.0
17.711,18.314169,2025-04-16,13.0
25.448,18.984308,2025-04-17,13.0
23.82,18.360939,2025-04-18,13.0
16.48,18.24832,2025-04-19,13.0
10.92,19.955748,2025-04-20,13.0
10.24,19.762367,2025-04-21,13.0
6.908,18.634705,2025-04-22,13.0
10.272,17.688871,2025-04-23,13.0
32.5,15.366903,2025-04-24,13.0
11.708,14.025813,2025-04-25,13.0
7.68,16.446432,2025-04-26,13.0
16.32,17.214401,2025-04-27,13.0
9.912,14.547302,2025-04-28,13.0
18.711,13.888975,2025-04-29,13.0
14.696,13.366657,2025-04-30,13.0
10.972,14.031972,2025-05-01,13.0
17.64,15.418862,2025-05-02,13.0
7.748,15.426403,2025-05-03,13.0
10.5428,15.445891,2025-05-04,13.0
12.016,13.448297,2025-05-05,13.0
18.792,11.810398,2025-05-06,13.0
13.832,12.049124,2025-05-07,13.0
12.828,13.992614,2025-05-08,13.0
11.136,14.379199,2025-05-09,13.0
10.304,13.049668,2025-05-10,13.0
12.92,12.594224,2025-05-11,13.0
31.288,11.511052,2025-05-12,13.0
16.46,11.651069,2025-05-13,13.0
10.11,14.9221525,2025-05-14,13.0
16.72,17.148888,2025-05-15,13.0
13.12,16.092115,2025-05-16,13.0
17.692,15.187912,2025-05-17,13.0
9.416,14.917697,2025-05-18,13.0
16.272,14.792525,2025-05-19,13.0
10.032,13.846234,2025-05-20,13.0
25.736,14.486924,2025-05-21,13.0
33.352,14.336419,2025-05-22,13.0
14.208,15.669163,2025-05-23,13.0
10.132,18.655924,2025-05-24,13.0
10.7,19.585007,2025-05-25,13.0
12.12,17.20141,2025-05-26,13.0
10.968,14.799254,2025-05-27,13.0
14.092,14.48469,2025-05-28,13.0
23.48,14.448783,2025-05-29,13.0
10.52,15.254,2025-05-30,13.0
13.258,15.8626795,2025-05-31,13.0
9.172,15.148597,2025-06-01,13.0
13.228,13.714314,2025-06-02,13.0
10.811,12.342586,2025-06-03,13.0
26.78,12.131344,2025-06-04,13.0
10.928,12.196111,2025-06-05,13.0
11.372,14.526256,2025-06-06,13.0
12.76,14.4423685,2025-06-07,13.0
13.38,13.408653,2025-06-08,13.0
11.288,12.878028,2025-06-09,13.0
11.36,12.72125,2025-06-10,13.0
9.8,13.121558,2025-06-11,13.0
10.0,13.122239,2025-06-12,13.0
20.88,12.678273,2025-06-13,13.0
10.68,10.754414,2025-06-14,13.0
11.0,11.896304,2025-06-15,13.0
18.42323,11.993708,2025-06-16,13.0
23.528,28.941916,2024-09-18,14.0
25.768,26.887066,2024-09-19,14.0
18.772,25.249128,2024-09-20,14.0
22.258,25.129232,2024-09-21,14.0
18.28,24.002966,2024-09-22,14.0
12.6,23.48707,2024-09-23,14.0
10.8628,22.874327,2024-09-24,14.0
13.976,21.551428,2024-09-25,14.0
41.224,18.495192,2024-09-26,14.0
28.376,17.213406,2024-09-27,14.0
27.132,20.083658,2024-09-28,14.0
27.228,22.615904,2024-09-29,14.0
28.452,23.510107,2024-09-30,14.0
24.012,24.066545,2024-10-01,14.0
17.748,25.905819,2024-10-02,14.0
20.268,26.38299,2024-10-03,14.0
19.028,24.740883,2024-10-04,14.0
21.828,24.256601,2024-10-05,14.0
22.852,23.752424,2024-10-06,14.0
24.532,23.09494,2024-10-07,14.0
22.168,23.061815,2024-10-08,14.0
21.311,24.357515,2024-10-09,14.0
22.228,24.443195,2024-10-10,14.0
22.252,23.33412,2024-10-11,14.0
23.296,22.505014,2024-10-12,14.0
22.76,22.596674,2024-10-13,14.0
23.12,22.698109,2024-10-14,14.0
21.984,22.717653,2024-10-15,14.0
22.896,23.842,2024-10-16,14.0
21.9028,23.934177,2024-10-17,14.0
26.36,23.755373,2024-10-18,14.0
21.008,22.815693,2024-10-19,14.0
23.288,23.639437,2024-10-20,14.0
25.102,23.487883,2024-10-21,14.0
23.432,23.49161,2024-10-22,14.0
28.136,25.07576,2024-10-23,14.0
23.384,25.52534,2024-10-24,14.0
26.928,25.929777,2024-10-25,14.0
28.768,25.229343,2024-10-26,14.0
20.2628,25.660574,2024-10-27,14.0
27.108,26.334362,2024-10-28,14.0
21.588,25.571943,2024-10-29,14.0
25.911,26.339424,2024-10-30,14.0
28.86,26.346432,2024-10-31,14.0
25.98,26.225313,2024-11-01,14.0
32.72,26.069033,2024-11-02,14.0
31.112,26.026281,2024-11-03,14.0
27.728,26.853552,2024-11-04,14.0
32.528,27.750952,2024-11-05,14.0
33.592,28.777805,2024-11-06,14.0
29.128,29.671747,2024-11-07,14.0
28.852,30.510714,2024-11-08,14.0
29.188,30.055033,2024-11-09,14.0
44.12,29.584688,2024-11-10,14.0
32.672,29.797293,2024-11-11,14.0
32.472,32.042477,2024-11-12,14.0
32.568,33.717037,2024-11-13,14.0
25.648,33.698368,2024-11-14,14.0
32.392,33.386345,2024-11-15,14.0
41.568,31.133104,2024-11-16,14.0
32.102,30.047205,2024-11-17,14.0
32.792,31.04626,2024-11-18,14.0
35.668,32.013584,2024-11-19,14.0
31.748,32.579227,2024-11-20,14.0
6.112,33.922886,2024-11-21,14.0
36.074665,34.864246,2024-11-22,14.0
25.492,29.593916,2024-11-23,14.0
35.808,28.59346,2024-11-24,14.0
31.0628,28.954824,2024-11-25,14.0
33.556,29.2017,2024-11-26,14.0
32.636,30.068035,2024-11-27,14.0
30.878666,30.369627,2024-11-28,14.0
36.622,31.562689,2024-11-29,14.0
42.998,29.50518,2024-11-30,14.0
45.172,30.06244,2024-12-01,14.0
39.788,31.424124,2024-12-02,14.0
45.652,33.520973,2024-12-03,14.0
49.376,34.537354,2024-12-04,14.0
46.5828,35.649124,2024-12-05,14.0
49.208,38.74007,2024-12-06,14.0
48.102,38.2429,2024-12-07,14.0
45.44,38.721718,2024-12-08,14.0
44.176,40.297997,2024-12-09,14.0
45.52,41.337063,2024-12-10,14.0
51.592,41.404118,2024-12-11,14.0
45.14,41.536327,2024-12-12,14.0
46.56,41.601284,2024-12-13,14.0
32.14,39.460026,2024-12-14,14.0
51.26,38.443874,2024-12-15,14.0
51.86,39.111137,2024-12-16,14.0
53.168,40.670555,2024-12-17,14.0
49.4,42.376995,2024-12-18,14.0
49.3828,43.218876,2024-12-19,14.0
44.72,43.753044,2024-12-20,14.0
46.028,43.320267,2024-12-21,14.0
49.856,43.108784,2024-12-22,14.0
47.192,43.36992,2024-12-23,14.0
44.26,43.063713,2024-12-24,14.0
47.94,43.376568,2024-12-25,14.0
48.928,42.829365,2024-12-26,14.0
45.58,41.388638,2024-12-27,14.0
43.272,40.366764,2024-12-28,14.0
47.508,40.17134,2024-12-29,14.0
47.988,41.23158,2024-12-30,14.0
50.64,42.2539,2024-12-31,14.0
43.3028,43.028934,2025-01-01,14.0
46.456,43.046818,2025-01-02,14.0
44.232,43.019695,2025-01-03,14.0
44.3,41.51132,2025-01-04,14.0
49.32,40.7889,2025-01-05,14.0
46.172,41.068295,2025-01-06,14.0
47.258,41.380493,2025-01-07,14.0
53.211,41.31307,2025-01-08,14.0
51.228,42.96529,2025-01-09,14.0
49.092,43.44914,2025-01-10,14.0
47.8,42.973457,2025-01-11,14.0
48.828,43.583275,2025-01-12,14.0
48.72,43.72678,2025-01-13,14.0
31.492,44.67442,2025-01-14,14.0
47.088,44.708668,2025-01-15,14.0
51.68,44.23744,2025-01-16,14.0
45.62,42.894173,2025-01-17,14.0
41.292,42.69088,2025-01-18,14.0
46.168,43.616234,2025-01-19,14.0
48.911,43.107937,2025-01-20,14.0
43.228,42.129726,2025-01-21,14.0
53.02,43.02299,2025-01-22,14.0
43.5,42.054432,2025-01-23,14.0
44.3,41.453793,2025-01-24,14.0
44.88,41.28132,2025-01-25,14.0
28.98,40.79909,2025-01-26,14.0
39.932,41.496082,2025-01-27,14.0
28.888,40.81361,2025-01-28,14.0
39.42,41.07747,2025-01-29,14.0
44.972,39.66219,2025-01-30,14.0
46.48,37.908367,2025-01-31,14.0
38.52,37.248344,2025-02-01,14.0
43.268,37.065163,2025-02-02,14.0
44.628,37.13803,2025-02-03,14.0
48.664,37.95527,2025-02-04,14.0
48.8,39.61555,2025-02-05,14.0
51.696,41.328976,2025-02-06,14.0
50.772,41.519173,2025-02-07,14.0
50.412,41.83919,2025-02-08,14.0
46.908,43.05955,2025-02-09,14.0
47.12,43.211876,2025-02-10,14.0
44.64,44.001675,2025-02-11,14.0
46.58,44.3204,2025-02-12,14.0
42.032,43.846798,2025-02-13,14.0
41.096,43.565594,2025-02-14,14.0
45.72,43.29736,2025-02-15,14.0
45.052,42.065826,2025-02-16,14.0
44.46,42.50665,2025-02-17,14.0
48.168,41.763947,2025-02-18,14.0
49.0,41.09812,2025-02-19,14.0
52.24,41.61221,2025-02-20,14.0
47.9028,42.58979,2025-02-21,14.0
46.6,42.741848,2025-02-22,14.0
45.128,42.79665,2025-02-23,14.0
51.528,43.030506,2025-02-24,14.0
50.52,44.48937,2025-02-25,14.0
50.052,44.667046,2025-02-26,14.0
42.096,44.23469,2025-02-27,14.0
17.652,44.41347,2025-02-28,14.0
48.092,43.75145,2025-03-01,14.0
43.228,39.289524,2025-03-02,14.0
49.011,38.9361,2025-03-03,14.0
41.448,39.8429,2025-03-04,14.0
37.78,40.41881,2025-03-05,14.0
27.92,40.679207,2025-03-06,14.0
33.548,40.899246,2025-03-07,14.0
25.944,40.398415,2025-03-08,14.0
36.948,36.521393,2025-03-09,14.0
25.48,35.370678,2025-03-10,14.0
32.06,33.56615,2025-03-11,14.0
26.808,32.31407,2025-03-12,14.0
26.252,31.205515,2025-03-13,14.0
21.772,30.48006,2025-03-14,14.0
24.258,28.410295,2025-03-15,14.0
19.08,27.688784,2025-03-16,14.0
25.1,26.204319,2025-03-17,14.0
23.288,25.509836,2025-03-18,14.0
23.864,25.872644,2025-03-19,14.0
24.56,25.966234,2025-03-20,14.0
27.828,25.10972,2025-03-21,14.0
24.852,24.545671,2025-03-22,14.0
19.6,24.263083,2025-03-23,14.0
25.248,24.674547,2025-03-24,14.0
24.96,24.332796,2025-03-25,14.0
25.12,24.84063,2025-03-26,14.0
27.06,24.81087,2025-03-27,14.0
22.068,24.583902,2025-03-28,14.0
31.9028,24.731398,2025-03-29,14.0
30.048,24.462381,2025-03-30,14.0
25.808,25.344662,2025-03-31,14.0
31.264,26.452381,2025-04-01,14.0
24.496,27.215239,2025-04-02,14.0
20.852,27.795355,2025-04-03,14.0
25.972,27.693567,2025-04-04,14.0
20.08,26.357187,2025-04-05,14.0
22.16,25.409931,2025-04-06,14.0
26.688,25.390732,2025-04-07,14.0
25.912,25.326529,2025-04-08,14.0
28.72,26.178804,2025-04-09,14.0
28.328,26.723024,2025-04-10,14.0
28.352,27.238396,2025-04-11,14.0
24.288,26.842417,2025-04-12,14.0
27.5,27.30977,2025-04-13,14.0
28.692,26.085756,2025-04-14,14.0
31.616,26.241829,2025-04-15,14.0
30.9428,27.367743,2025-04-16,14.0
21.736,27.567242,2025-04-17,14.0
27.472,27.77894,2025-04-18,14.0
22.832,26.490515,2025-04-19,14.0
22.08,26.270235,2025-04-20,14.0
22.68,25.811026,2025-04-21,14.0
23.812,25.283213,2025-04-22,14.0
26.332,25.768082,2025-04-23,14.0
24.48,26.039787,2025-04-24,14.0
27.708,26.08222,2025-04-25,14.0
21.452,24.925726,2025-04-26,14.0
18.892,24.700003,2025-04-27,14.0
24.848,24.321238,2025-04-28,14.0
24.768,23.583937,2025-04-29,14.0
21.428,23.699202,2025-04-30,14.0
23.864,24.395388,2025-05-01,14.0
26.588,24.498587,2025-05-02,14.0
21.6,24.070189,2025-05-03,14.0
20.028,24.545305,2025-05-04,14.0
24.652,23.56698,2025-05-05,14.0
19.028,22.319124,2025-05-06,14.0
23.0,23.632051,2025-05-07,14.0
21.432,23.95705,2025-05-08,14.0
21.42,23.1094,2025-05-09,14.0
24.708,22.046684,2025-05-10,14.0
24.112,22.022066,2025-05-11,14.0
24.14,22.365473,2025-05-12,14.0
23.572,22.81246,2025-05-13,14.0
22.456,23.781805,2025-05-14,14.0
21.932,23.489939,2025-05-15,14.0
25.092,23.188845,2025-05-16,14.0
24.08,22.827204,2025-05-17,14.0
26.976,23.133127,2025-05-18,14.0
32.76,22.964823,2025-05-19,14.0
28.5828,22.686071,2025-05-20,14.0
25.896,24.361616,2025-05-21,14.0
26.2,25.657618,2025-05-22,14.0
31.3028,25.90016,2025-05-23,14.0
30.812,25.23833,2025-05-24,14.0
30.832,25.969337,2025-05-25,14.0
25.78,26.869373,2025-05-26,14.0
31.612,28.01699,2025-05-27,14.0
31.258,28.529932,2025-05-28,14.0
28.0,28.51568,2025-05-29,14.0
30.94,29.524782,2025-05-30,14.0
28.96,28.349249,2025-05-31,14.0
19.5,28.480875,2025-06-01,14.0
29.98,27.570745,2025-06-02,14.0
29.232,26.428995,2025-06-03,14.0
26.288,26.46646,2025-06-04,14.0
32.792,27.289608,2025-06-05,14.0
31.856,26.921766,2025-06-06,14.0
23.692,26.107609,2025-06-07,14.0
31.668,26.909586,2025-06-08,14.0
32.912,26.788946,2025-06-09,14.0
32.768,26.860126,2025-06-10,14.0
33.48,28.435831,2025-06-11,14.0
25.032,29.677565,2025-06-12,14.0
23.648,29.673506,2025-06-13,14.0
24.96,28.494762,2025-06-14,14.0
19.052,27.924799,2025-06-15,14.0
20.0,27.008017,2025-06-16,14.0
17.788,9.387891,2024-09-18,15.0
7.252,8.731324,2024-09-19,15.0
22.66,9.662934,2024-09-20,15.0
22.072,9.484486,2024-09-21,15.0
9.256,11.297425,2024-09-22,15.0
5.8628,13.813156,2024-09-23,15.0
12.376,13.633281,2024-09-24,15.0
14.692,12.441932,2024-09-25,15.0
30.332,11.683854,2024-09-26,15.0
27.936,12.071552,2024-09-27,15.0
25.56,14.845089,2024-09-28,15.0
24.028,18.689371,2024-09-29,15.0
22.132,20.731928,2024-09-30,15.0
26.188,21.025179,2024-10-01,15.0
17.5028,21.973276,2024-10-02,15.0
21.548,23.23641,2024-10-03,15.0
21.0,22.730867,2024-10-04,15.0
24.06,22.503958,2024-10-05,15.0
29.072,22.745138,2024-10-06,15.0
16.488,22.82146,2024-10-07,15.0
23.752,23.868677,2024-10-08,15.0
23.428,23.94767,2024-10-09,15.0
20.096,23.639366,2024-10-10,15.0
29.252,23.440964,2024-10-11,15.0
19.24,22.422852,2024-10-12,15.0
20.492,23.224758,2024-10-13,15.0
20.76,23.35414,2024-10-14,15.0
19.736,22.580336,2024-10-15,15.0
16.412,22.715162,2024-10-16,15.0
32.452,22.592644,2024-10-17,15.0
21.828,21.49357,2024-10-18,15.0
23.012,21.965565,2024-10-19,15.0
17.24,23.173689,2024-10-20,15.0
22.552,22.79305,2024-10-21,15.0
19.488,21.92147,2024-10-22,15.0
17.512,22.961042,2024-10-23,15.0
17.568,23.14858,2024-10-24,15.0
16.772,21.784153,2024-10-25,15.0
10.108,21.101614,2024-10-26,15.0
25.572,20.436666,2024-10-27,15.0
17.8,18.55228,2024-10-28,15.0
16.66,18.456259,2024-10-29,15.0
21.72,20.220577,2024-10-30,15.0
14.828,20.504078,2024-10-31,15.0
11.808,20.480118,2024-11-01,15.0
21.3828,19.150583,2024-11-02,15.0
25.708,17.669996,2024-11-03,15.0
17.24,17.71781,2024-11-04,15.0
21.258,19.306467,2024-11-05,15.0
31.0,20.99676,2024-11-06,15.0
22.432,21.707851,2024-11-07,15.0
32.808,23.513895,2024-11-08,15.0
23.224,23.675867,2024-11-09,15.0
33.376,24.741539,2024-11-10,15.0
18.784,25.292845,2024-11-11,15.0
16.28,26.529371,2024-11-12,15.0
35.976,26.933332,2024-11-13,15.0
27.68,24.921179,2024-11-14,15.0
26.64,26.300463,2024-11-15,15.0
20.072,26.051516,2024-11-16,15.0
33.848,26.00162,2024-11-17,15.0
23.584,25.16525,2024-11-18,15.0
20.576,26.46151,2024-11-19,15.0
27.512,27.295097,2024-11-20,15.0
19.928,26.106165,2024-11-21,15.0
21.08,26.448183,2024-11-22,15.0
21.56,25.059914,2024-11-23,15.0
30.977333,24.557825,2024-11-24,15.0
19.869333,23.654955,2024-11-25,15.0
19.441334,24.78763,2024-11-26,15.0
31.496,25.362524,2024-11-27,15.0
21.22,24.28634,2024-11-28,15.0
24.084,25.30513,2024-11-29,15.0
26.12228,24.25958,2024-11-30,15.0
27.928,23.990793,2024-12-01,15.0
32.1,24.50155,2024-12-02,15.0
26.56,25.240152,2024-12-03,15.0
32.258,26.68727,2024-12-04,15.0
21.272,26.862654,2024-12-05,15.0
37.14,27.606066,2024-12-06,15.0
22.1,26.368414,2024-12-07,15.0
32.728,27.173632,2024-12-08,15.0
16.72,27.71282,2024-12-09,15.0
30.912,27.828373,2024-12-10,15.0
36.3,27.850368,2024-12-11,15.0
26.428,27.253038,2024-12-12,15.0
31.424,28.289534,2024-12-13,15.0
20.936,26.661716,2024-12-14,15.0
32.5428,26.98593,2024-12-15,15.0
31.056,26.969885,2024-12-16,15.0
28.992,27.70906,2024-12-17,15.0
35.96,28.201956,2024-12-18,15.0
30.94,29.409143,2024-12-19,15.0
25.92,29.705393,2024-12-20,15.0
28.788,28.897257,2024-12-21,15.0
36.824,29.735094,2024-12-22,15.0
25.08,29.55345,2024-12-23,15.0
25.668,30.030378,2024-12-24,15.0
20.972,30.282248,2024-12-25,15.0
32.428,29.164646,2024-12-26,15.0
24.776,27.517076,2024-12-27,15.0
24.312,26.209215,2024-12-28,15.0
31.328,26.096817,2024-12-29,15.0
25.312,25.869112,2024-12-30,15.0
13.072,26.580551,2024-12-31,15.0
30.228,27.154125,2025-01-01,15.0
46.708,25.120283,2025-01-02,15.0
32.692,24.544477,2025-01-03,15.0
47.211,26.951937,2025-01-04,15.0
32.168,28.361658,2025-01-05,15.0
35.0,30.143297,2025-01-06,15.0
32.9,30.91952,2025-01-07,15.0
26.86,31.757494,2025-01-08,15.0
30.568,31.823645,2025-01-09,15.0
27.8628,30.304586,2025-01-10,15.0
41.188,29.330975,2025-01-11,15.0
35.72,28.134794,2025-01-12,15.0
37.46,29.6417,2025-01-13,15.0
20.8,30.781603,2025-01-14,15.0
23.64,32.004864,2025-01-15,15.0
38.58,31.473352,2025-01-16,15.0
28.052,28.656096,2025-01-17,15.0
23.8,28.664284,2025-01-18,15.0
26.576,28.856081,2025-01-19,15.0
29.64,28.179121,2025-01-20,15.0
21.784,27.357592,2025-01-21,15.0
31.428,27.352613,2025-01-22,15.0
24.828,26.667023,2025-01-23,15.0
35.11,25.850508,2025-01-24,15.0
36.82,25.540358,2025-01-25,15.0
42.2,26.05249,2025-01-26,15.0
42.928,27.82427,2025-01-27,15.0
43.82,29.565897,2025-01-28,15.0
28.072,32.10428,2025-01-29,15.0
41.128,34.166103,2025-01-30,15.0
25.12,33.479305,2025-01-31,15.0
42.448,33.92455,2025-02-01,15.0
50.5428,32.96246,2025-02-02,15.0
29.736,32.051914,2025-02-03,15.0
46.2228,34.480175,2025-02-04,15.0
45.028,34.39242,2025-02-05,15.0
38.936,36.616413,2025-02-06,15.0
28.812,36.935005,2025-02-07,15.0
56.94,37.07578,2025-02-08,15.0
54.28,34.484867,2025-02-09,15.0
45.12,35.114944,2025-02-10,15.0
43.38,37.93501,2025-02-11,15.0
38.292,38.28214,2025-02-12,15.0
50.812,38.647762,2025-02-13,15.0
51.432,39.151432,2025-02-14,15.0
37.48,41.20795,2025-02-15,15.0
28.792,40.284245,2025-02-16,15.0
45.868,40.666725,2025-02-17,15.0
35.46,38.958828,2025-02-18,15.0
46.54,37.57407,2025-02-19,15.0
42.748,38.19028,2025-02-20,15.0
41.872,37.826626,2025-02-21,15.0
47.88,37.47717,2025-02-22,15.0
47.528,37.832222,2025-02-23,15.0
38.102,39.138397,2025-02-24,15.0
46.032,40.667202,2025-02-25,15.0
38.848,41.337578,2025-02-26,15.0
44.5,39.995304,2025-02-27,15.0
16.452,39.62532,2025-02-28,15.0
24.428,38.888863,2025-03-01,15.0
41.52,34.113632,2025-03-02,15.0
24.748,31.664879,2025-03-03,15.0
45.1428,33.292503,2025-03-04,15.0
25.856,31.569035,2025-03-05,15.0
24.032,32.777653,2025-03-06,15.0
28.02,32.929195,2025-03-07,15.0
31.12,31.523434,2025-03-08,15.0
28.56,29.672495,2025-03-09,15.0
23.96,29.327328,2025-03-10,15.0
29.788,29.306429,2025-03-11,15.0
17.9428,27.011152,2025-03-12,15.0
32.12,26.981466,2025-03-13,15.0
25.216,26.039804,2025-03-14,15.0
33.792,25.248419,2025-03-15,15.0
24.86,25.883928,2025-03-16,15.0
24.58,26.037403,2025-03-17,15.0
14.08,26.614965,2025-03-18,15.0
32.792,26.939886,2025-03-19,15.0
24.568,25.46866,2025-03-20,15.0
16.911,24.925611,2025-03-21,15.0
26.376,25.333698,2025-03-22,15.0
10.4228,23.456387,2025-03-23,15.0
37.828,23.956259,2025-03-24,15.0
31.412,22.81804,2025-03-25,15.0
23.088,24.196596,2025-03-26,15.0
25.832,25.163801,2025-03-27,15.0
35.528,25.204515,2025-03-28,15.0
24.228,24.776957,2025-03-29,15.0
7.36,25.35969,2025-03-30,15.0
16.58,25.993193,2025-03-31,15.0
30.18,23.020288,2025-04-01,15.0
44.26,21.960066,2025-04-02,15.0
17.98,23.919207,2025-04-03,15.0
33.06,26.522028,2025-04-04,15.0
17.258,26.090263,2025-04-05,15.0
23.0,25.68689,2025-04-06,15.0
20.428,25.258104,2025-04-07,15.0
13.392,23.760317,2025-04-08,15.0
37.528,24.245068,2025-04-09,15.0
18.872,23.190847,2025-04-10,15.0
24.42,25.465193,2025-04-11,15.0
25.92,24.60745,2025-04-12,15.0
32.748,24.499327,2025-04-13,15.0
45.1828,23.7083,2025-04-14,15.0
23.308,25.431099,2025-04-15,15.0
23.172,28.473475,2025-04-16,15.0
14.648,27.75348,2025-04-17,15.0
23.008,26.875319,2025-04-18,15.0
17.192,24.021496,2025-04-19,15.0
10.592,23.695515,2025-04-20,15.0
21.148,23.065123,2025-04-21,15.0
19.0,21.580957,2025-04-22,15.0
20.98,22.355211,2025-04-23,15.0
30.088,22.187834,2025-04-24,15.0
17.672,21.527077,2025-04-25,15.0
20.102,21.829363,2025-04-26,15.0
23.92,21.259863,2025-04-27,15.0
18.288,20.12721,2025-04-28,15.0
21.12,20.802103,2025-04-29,15.0
23.74,21.367691,2025-04-30,15.0
14.172,21.699755,2025-05-01,15.0
26.096,22.484102,2025-05-02,15.0
19.9828,21.460428,2025-05-03,15.0
19.428,21.967428,2025-05-04,15.0
19.48,21.221336,2025-05-05,15.0
20.332,20.259317,2025-05-06,15.0
23.296,21.01217,2025-05-07,15.0
19.752,21.613253,2025-05-08,15.0
23.92,21.799173,2025-05-09,15.0
21.368,20.295645,2025-05-10,15.0
14.612,20.820732,2025-05-11,15.0
20.868,21.131342,2025-05-12,15.0
11.052,20.066874,2025-05-13,15.0
22.428,20.231976,2025-05-14,15.0
20.252,18.884802,2025-05-15,15.0
21.04,18.91849,2025-05-16,15.0
18.188,19.39457,2025-05-17,15.0
18.468,19.907955,2025-05-18,15.0
21.332,19.361258,2025-05-19,15.0
14.92,17.681105,2025-05-20,15.0
20.76,18.471766,2025-05-21,15.0
20.32,18.27228,2025-05-22,15.0
21.772,18.669691,2025-05-23,15.0
14.056,18.756264,2025-05-24,15.0
14.68,19.51611,2025-05-25,15.0
18.212,18.808632,2025-05-26,15.0
16.46,17.512072,2025-05-27,15.0
19.8,18.272367,2025-05-28,15.0
13.48,18.575247,2025-05-29,15.0
19.528,18.808601,2025-05-30,15.0
11.06,17.160255,2025-05-31,15.0
9.102,16.985138,2025-06-01,15.0
20.048,15.823866,2025-06-02,15.0
11.032,13.905163,2025-06-03,15.0
17.176,14.83546,2025-06-04,15.0
20.744,15.252664,2025-06-05,15.0
16.248,15.190381,2025-06-06,15.0
18.1,14.968801,2025-06-07,15.0
20.372,15.586112,2025-06-08,15.0
17.168,15.789279,2025-06-09,15.0
14.48,16.275782,2025-06-10,15.0
17.1,17.886457,2025-06-11,15.0
14.6,17.49736,2025-06-12,15.0
9.48,17.202978,2025-06-13,15.0
8.972,15.934786,2025-06-14,15.0
6.748,14.692764,2025-06-15,15.0
7.86,13.280217,2025-06-16,15.0
4.656,10.733863,2024-09-18,16.0
22.132,10.045485,2024-09-19,16.0
14.548,8.840108,2024-09-20,16.0
13.0,9.90379,2024-09-21,16.0
11.2,11.589061,2024-09-22,16.0
5.84,11.846094,2024-09-23,16.0
16.512,11.89509,2024-09-24,16.0
8.88,11.497413,2024-09-25,16.0
9.432,11.349912,2024-09-26,16.0
10.468,11.181218,2024-09-27,16.0
22.372,10.698735,2024-09-28,16.0
10.108,10.65059,2024-09-29,16.0
14.16,12.167924,2024-09-30,16.0
12.56,12.287208,2024-10-01,16.0
23.38,12.945478,2024-10-02,16.0
13.288,13.368996,2024-10-03,16.0
25.92,14.929978,2024-10-04,16.0
11.072,14.909766,2024-10-05,16.0
12.92,17.38175,2024-10-06,16.0
14.3,16.89407,2024-10-07,16.0
14.228,15.207805,2024-10-08,16.0
18.908,15.454286,2024-10-09,16.0
12.828,15.815705,2024-10-10,16.0
14.102,16.783237,2024-10-11,16.0
14.528,15.878516,2024-10-12,16.0
10.464,15.9127245,2024-10-13,16.0
19.336,14.8326845,2024-10-14,16.0
14.3828,13.6428,2024-10-15,16.0
24.256,15.045402,2024-10-16,16.0
11.5428,15.937814,2024-10-17,16.0
18.776,17.587435,2024-10-18,16.0
24.48,16.57881,2024-10-19,16.0
13.028,16.834566,2024-10-20,16.0
27.304,17.76457,2024-10-21,16.0
27.656,17.623041,2024-10-22,16.0
23.352,20.272358,2024-10-23,16.0
25.072,22.995337,2024-10-24,16.0
24.728,23.907137,2024-10-25,16.0
42.74,23.55274,2024-10-26,16.0
37.2,24.276995,2024-10-27,16.0
36.948,26.630136,2024-10-28,16.0
32.592,28.322792,2024-10-29,16.0
18.76,29.814713,2024-10-30,16.0
41.22,31.401215,2024-10-31,16.0
29.092,30.561668,2024-11-01,16.0
36.92,31.065306,2024-11-02,16.0
33.52,30.844772,2024-11-03,16.0
26.36,32.323284,2024-11-04,16.0
50.136,33.051254,2024-11-05,16.0
32.912,33.454647,2024-11-06,16.0
28.96,35.749317,2024-11-07,16.0
13.66,36.05711,2024-11-08,16.0
27.528,34.06851,2024-11-09,16.0
35.66,29.553272,2024-11-10,16.0
32.011,28.77226,2024-11-11,16.0
27.128,29.607325,2024-11-12,16.0
25.6,30.157259,2024-11-13,16.0
38.12,30.655024,2024-11-14,16.0
37.22,29.188585,2024-11-15,16.0
38.628,28.73918,2024-11-16,16.0
30.332,29.564096,2024-11-17,16.0
39.6,31.02464,2024-11-18,16.0
54.028,31.139914,2024-11-19,16.0
29.256,32.761837,2024-11-20,16.0
39.528,35.883175,2024-11-21,16.0
26.657333,36.92098,2024-11-22,16.0
25.362667,35.72424,2024-11-23,16.0
33.170666,35.171074,2024-11-24,16.0
32.657333,33.870094,2024-11-25,16.0
43.7628,33.46487,2024-11-26,16.0
29.39101,33.516434,2024-11-27,16.0
32.51117,35.1537,2024-11-28,16.0
33.01219,33.81307,2024-11-29,16.0
29.312,31.61865,2024-11-30,16.0
23.68,31.164701,2024-12-01,16.0
17.32,31.768906,2024-12-02,16.0
23.932,30.224123,2024-12-03,16.0
23.056,29.234522,2024-12-04,16.0
28.472,28.607862,2024-12-05,16.0
23.72,28.012604,2024-12-06,16.0
18.272,26.681118,2024-12-07,16.0
27.6,26.314486,2024-12-08,16.0
17.936,25.771456,2024-12-09,16.0
26.1428,24.105558,2024-12-10,16.0
20.258,24.07342,2024-12-11,16.0
27.56,24.73504,2024-12-12,16.0
22.292,24.394709,2024-12-13,16.0
20.088,23.870434,2024-12-14,16.0
28.752,23.87472,2024-12-15,16.0
25.52,23.800928,2024-12-16,16.0
13.176,23.928078,2024-12-17,16.0
22.3028,25.062534,2024-12-18,16.0
23.776,24.640194,2024-12-19,16.0
11.36,24.10029,2024-12-20,16.0
24.6,23.533415,2024-12-21,16.0
25.552,22.68754,2024-12-22,16.0
20.52,22.126623,2024-12-23,16.0
29.7,23.182146,2024-12-24,16.0
18.82,24.184156,2024-12-25,16.0
16.32,24.545824,2024-12-26,16.0
20.728,24.146322,2024-12-27,16.0
24.912,22.065441,2024-12-28,16.0
19.14,21.592264,2024-12-29,16.0
33.268,22.076887,2024-12-30,16.0
31.96,22.19145,2024-12-31,16.0
30.56,24.164461,2025-01-01,16.0
29.252,25.963938,2025-01-02,16.0
27.308,26.792849,2025-01-03,16.0
20.692,26.348618,2025-01-04,16.0
24.052,26.788652,2025-01-05,16.0
26.888,27.028643,2025-01-06,16.0
22.711,26.099867,2025-01-07,16.0
23.548,27.03551,2025-01-08,16.0
22.78,27.24706,2025-01-09,16.0
27.048,26.279295,2025-01-10,16.0
30.1828,24.653875,2025-01-11,16.0
26.856,24.700027,2025-01-12,16.0
22.064,25.197453,2025-01-13,16.0
23.488,26.2895,2025-01-14,16.0
11.992,26.851507,2025-01-15,16.0
22.296,26.345877,2025-01-16,16.0
21.552,23.598728,2025-01-17,16.0
20.64,22.043604,2025-01-18,16.0
17.288,22.80846,2025-01-19,16.0
22.0228,23.32752,2025-01-20,16.0
17.72,22.493593,2025-01-21,16.0
23.108,21.733532,2025-01-22,16.0
29.548,21.73565,2025-01-23,16.0
24.92,21.503864,2025-01-24,16.0
26.6,22.059206,2025-01-25,16.0
19.092,23.078924,2025-01-26,16.0
21.2,23.782011,2025-01-27,16.0
16.468,24.027689,2025-01-28,16.0
23.3028,24.49063,2025-01-29,16.0
28.188,24.090803,2025-01-30,16.0
16.32,23.083805,2025-01-31,16.0
20.108,23.731546,2025-02-01,16.0
22.864,23.403526,2025-02-02,16.0
20.258,22.384867,2025-02-03,16.0
19.0,22.843414,2025-02-04,16.0
23.852,23.031916,2025-02-05,16.0
29.268,22.588037,2025-02-06,16.0
21.612,22.234556,2025-02-07,16.0
14.48,22.505995,2025-02-08,16.0
16.808,22.611835,2025-02-09,16.0
21.928,21.203018,2025-02-10,16.0
28.84,20.110983,2025-02-11,16.0
25.811,21.23525,2025-02-12,16.0
33.008,23.066198,2025-02-13,16.0
19.18,24.214941,2025-02-14,16.0
26.86,25.00471,2025-02-15,16.0
14.711,25.4744,2025-02-16,16.0
22.256,25.020552,2025-02-17,16.0
25.612,24.12998,2025-02-18,16.0
19.708,22.74938,2025-02-19,16.0
28.692,23.279184,2025-02-20,16.0
22.572,23.483015,2025-02-21,16.0
17.176,23.507708,2025-02-22,16.0
23.84,23.77101,2025-02-23,16.0
25.311,22.808592,2025-02-24,16.0
19.952,22.613161,2025-02-25,16.0
14.748,24.668736,2025-02-26,16.0
22.1,25.188522,2025-02-27,16.0
20.648,23.44119,2025-02-28,16.0
22.052,21.94662,2025-03-01,16.0
17.148,21.938913,2025-03-02,16.0
20.8,21.893816,2025-03-03,16.0
28.76,22.08114,2025-03-04,16.0
31.192,21.702057,2025-03-05,16.0
28.428,23.401054,2025-03-06,16.0
26.74,24.769773,2025-03-07,16.0
31.42,25.11271,2025-03-08,16.0
29.072,25.415129,2025-03-09,16.0
17.056,26.763544,2025-03-10,16.0
25.252,27.394037,2025-03-11,16.0
49.988,26.27984,2025-03-12,16.0
46.5028,26.104599,2025-03-13,16.0
47.016,27.884794,2025-03-14,16.0
38.652,28.881983,2025-03-15,16.0
30.428,31.038233,2025-03-16,16.0
35.732,33.215115,2025-03-17,16.0
42.368,34.566338,2025-03-18,16.0
44.86,35.613613,2025-03-19,16.0
43.48,37.836838,2025-03-20,16.0
41.972,38.427784,2025-03-21,16.0
33.12,38.02134,2025-03-22,16.0
58.248,38.891075,2025-03-23,16.0
33.08,40.518158,2025-03-24,16.0
53.22,42.325893,2025-03-25,16.0
43.4,43.554417,2025-03-26,16.0
46.492,43.276604,2025-03-27,16.0
41.628,43.58826,2025-03-28,16.0
50.62,43.567898,2025-03-29,16.0
33.86,44.161625,2025-03-30,16.0
17.2,43.872345,2025-03-31,16.0
38.452,44.75912,2025-04-01,16.0
26.456,41.984356,2025-04-02,16.0
35.664,40.02314,2025-04-03,16.0
22.52,37.987183,2025-04-04,16.0
35.908,34.951584,2025-04-05,16.0
27.1,32.115658,2025-04-06,16.0
35.28,32.43372,2025-04-07,16.0
22.28,33.204586,2025-04-08,16.0
26.928,32.513996,2025-04-09,16.0
43.28,32.716106,2025-04-10,16.0
23.102,30.596838,2025-04-11,16.0
24.0,30.840706,2025-04-12,16.0
39.112,30.5217,2025-04-13,16.0
21.388,28.853247,2025-04-14,16.0
24.62,29.402536,2025-04-15,16.0
36.472,30.073595,2025-04-16,16.0
28.812,28.747513,2025-04-17,16.0
26.972,28.497673,2025-04-18,16.0
13.028,28.123016,2025-04-19,16.0
30.8228,27.651958,2025-04-20,16.0
33.548,25.639246,2025-04-21,16.0
21.108,25.956003,2025-04-22,16.0
25.852,27.710232,2025-04-23,16.0
21.708,27.402605,2025-04-24,16.0
20.704,26.749327,2025-04-25,16.0
25.708,25.170727,2025-04-26,16.0
33.92,24.18577,2025-04-27,16.0
19.58,23.61684,2025-04-28,16.0
21.08,25.440252,2025-04-29,16.0
26.38,26.110632,2025-04-30,16.0
11.628,25.321833,2025-05-01,16.0
4.572,25.485617,2025-05-02,16.0
32.211,23.11478,2025-05-03,16.0
23.768,19.740122,2025-05-04,16.0
25.9,20.365513,2025-05-05,16.0
20.42,21.885527,2025-05-06,16.0
22.728,23.051193,2025-05-07,16.0
17.972,23.511593,2025-05-08,16.0
18.508,23.201696,2025-05-09,16.0
19.472,20.938456,2025-05-10,16.0
22.008,20.15713,2025-05-11,16.0
16.428,20.178087,2025-05-12,16.0
10.932,21.252851,2025-05-13,16.0
22.86,21.11609,2025-05-14,16.0
17.848,18.726753,2025-05-15,16.0
19.211,18.823483,2025-05-16,16.0
13.092,18.626377,2025-05-17,16.0
8.668,18.95807,2025-05-18,16.0
19.092,18.081089,2025-05-19,16.0
10.128,15.392047,2025-05-20,16.0
24.488,14.918938,2025-05-21,16.0
9.72,14.632391,2025-05-22,16.0
8.132,16.267237,2025-05-23,16.0
24.72,15.447891,2025-05-24,16.0
8.28,14.151053,2025-05-25,16.0
9.5,14.434299,2025-05-26,16.0
5.311,13.795511,2025-05-27,16.0
13.76,13.328429,2025-05-28,16.0
17.648,12.305492,2025-05-29,16.0
7.872,12.299306,2025-05-30,16.0
12.008,11.712407,2025-05-31,16.0
8.392,11.37396,2025-06-01,16.0
9.12,11.213925,2025-06-02,16.0
12.888,10.510009,2025-06-03,16.0
25.248,9.976001,2025-06-04,16.0
14.672,10.289597,2025-06-05,16.0
14.911,12.842404,2025-06-06,16.0
10.096,13.304805,2025-06-07,16.0
14.5028,13.507941,2025-06-08,16.0
10.288,12.901694,2025-06-09,16.0
5.288,12.642352,2025-06-10,16.0
21.552,12.887877,2025-06-11,16.0
1.792,11.944766,2025-06-12,16.0
10.392,13.297438,2025-06-13,16.0
16.12,11.259351,2025-06-14,16.0
10.448,10.201286,2025-06-15,16.0
10.224,10.418652,2025-06-16,16.0
4.2,5.050928,2024-09-18,17.0
7.18,5.2560754,2024-09-19,17.0
17.14,5.2144113,2024-09-20,17.0
7.52,5.0963597,2024-09-21,17.0
10.76,6.533685,2024-09-22,17.0
5.19,7.1395288,2024-09-23,17.0
7.97,7.6100297,2024-09-24,17.0
12.3,7.9861636,2024-09-25,17.0
5.51,7.6900535,2024-09-26,17.0
3.91,8.01227,2024-09-27,17.0
10.42,7.6422534,2024-09-28,17.0
8.88,7.393175,2024-09-29,17.0
8.79,7.4105353,2024-09-30,17.0
7.35,7.625442,2024-10-01,17.0
7.59,8.210611,2024-10-02,17.0
4.75,8.296603,2024-10-03,17.0
10.81,8.077281,2024-10-04,17.0
8.03,7.135816,2024-10-05,17.0
9.06,7.4832892,2024-10-06,17.0
9.23,7.6094356,2024-10-07,17.0
8.35,7.707748,2024-10-08,17.0
10.24,8.460875,2024-10-09,17.0
9.75,8.634409,2024-10-10,17.0
2.6,8.691366,2024-10-11,17.0
9.72,8.417374,2024-10-12,17.0
9.59,7.8976803,2024-10-13,17.0
4.53,7.6517954,2024-10-14,17.0
2.18,7.8328867,2024-10-15,17.0
16.33,7.9643407,2024-10-16,17.0
5.52,7.2067294,2024-10-17,17.0
13.72,8.048526,2024-10-18,17.0
16.12,7.7054677,2024-10-19,17.0
2.68,8.4357,2024-10-20,17.0
10.71,9.648179,2024-10-21,17.0
10.05,9.199595,2024-10-22,17.0
9.63,9.382897,2024-10-23,17.0
9.67,9.722535,2024-10-24,17.0
2.01,9.841491,2024-10-25,17.0
10.89,9.478675,2024-10-26,17.0
9.58,8.904862,2024-10-27,17.0
9.56,8.660914,2024-10-28,17.0
9.26,8.550979,2024-10-29,17.0
9.028,9.144012,2024-10-30,17.0
12.55,9.766383,2024-10-31,17.0
2.26,9.604781,2024-11-01,17.0
9.57,9.455262,2024-11-02,17.0
10.27,8.585805,2024-11-03,17.0
9.33,8.347957,2024-11-04,17.0
10.23,8.691264,2024-11-05,17.0
10.28,9.704498,2024-11-06,17.0
2.13,10.255136,2024-11-07,17.0
2.36,10.574499,2024-11-08,17.0
11.75,9.064104,2024-11-09,17.0
12.14,7.717909,2024-11-10,17.0
10.19,7.899629,2024-11-11,17.0
12.7,8.907446,2024-11-12,17.0
9.71,10.179188,2024-11-13,17.0
10.18,10.97366,2024-11-14,17.0
3.29,10.904782,2024-11-15,17.0
9.628,10.183056,2024-11-16,17.0
5.45,9.244975,2024-11-17,17.0
12.76,9.041852,2024-11-18,17.0
12.46,9.006596,2024-11-19,17.0
12.23,10.32975,2024-11-20,17.0
7.75,11.623355,2024-11-21,17.0
10.23,11.820355,2024-11-22,17.0
10.653334,10.830484,2024-11-23,17.0
9.62,10.540027,2024-11-24,17.0
10.76,10.205125,2024-11-25,17.0
12.13,10.073188,2024-11-26,17.0
10.073334,11.032808,2024-11-27,17.0
8.1125,11.98815,2024-11-28,17.0
4.526,12.147532,2024-11-29,17.0
8.025,11.038026,2024-11-30,17.0
10.87,10.180733,2024-12-01,17.0
10.17,9.501362,2024-12-02,17.0
13.19,9.199566,2024-12-03,17.0
12.43,9.937052,2024-12-04,17.0
1.61,11.06715,2024-12-05,17.0
11.828,11.843625,2024-12-06,17.0
16.26,10.080052,2024-12-07,17.0
11.2,9.854906,2024-12-08,17.0
8.8,10.812833,2024-12-09,17.0
14.73,11.145685,2024-12-10,17.0
13.09,11.587092,2024-12-11,17.0
12.61,12.432711,2024-12-12,17.0
10.38,13.199828,2024-12-13,17.0
10.71,12.62448,2024-12-14,17.0
9.528,13.025471,2024-12-15,17.0
14.66,12.830762,2024-12-16,17.0
9.28,11.940757,2024-12-17,17.0
22.05,12.5351305,2024-12-18,17.0
10.43,13.021795,2024-12-19,17.0
8.11,14.574467,2024-12-20,17.0
10.128,14.648665,2024-12-21,17.0
11.02,13.997867,2024-12-22,17.0
2.08,12.529206,2024-12-23,17.0
10.78,11.973493,2024-12-24,17.0
18.66,11.290689,2024-12-25,17.0
12.91,11.280934,2024-12-26,17.0
13.93,12.969758,2024-12-27,17.0
9.93,13.060697,2024-12-28,17.0
9.39,13.351112,2024-12-29,17.0
21.09,12.88528,2024-12-30,17.0
14.77,11.861192,2024-12-31,17.0
18.12,13.553571,2025-01-01,17.0
11.15,14.767498,2025-01-02,17.0
18.36,15.668014,2025-01-03,17.0
10.6,14.822797,2025-01-04,17.0
14.38,15.532553,2025-01-05,17.0
13.99,14.830199,2025-01-06,17.0
9.85,14.631406,2025-01-07,17.0
13.64,16.080317,2025-01-08,17.0
17.82,15.347193,2025-01-09,17.0
5.82,14.587776,2025-01-10,17.0
10.66,14.1932745,2025-01-11,17.0
11.77,12.768981,2025-01-12,17.0
8.74,12.014846,2025-01-13,17.0
0.55,12.086114,2025-01-14,17.0
11.75,12.340757,2025-01-15,17.0
12.3,10.339585,2025-01-16,17.0
12.82,9.278989,2025-01-17,17.0
11.88,9.06207,2025-01-18,17.0
13.13,9.605439,2025-01-19,17.0
1.58,10.263091,2025-01-20,17.0
16.5,10.399627,2025-01-21,17.0
17.26,9.396121,2025-01-22,17.0
10.09,9.807658,2025-01-23,17.0
12.78,11.809356,2025-01-24,17.0
11.93,11.373832,2025-01-25,17.0
14.79,11.451859,2025-01-26,17.0
13.428,11.955156,2025-01-27,17.0
14.67,12.59949,2025-01-28,17.0
10.79,13.407422,2025-01-29,17.0
12.96,14.3811455,2025-01-30,17.0
7.42,13.785272,2025-01-31,17.0
9.49,13.047915,2025-02-01,17.0
17.77,12.32996,2025-02-02,17.0
8.46,11.531567,2025-02-03,17.0
17.28,13.009408,2025-02-04,17.0
14.85,13.314317,2025-02-05,17.0
2.728,13.656206,2025-02-06,17.0
11.1,13.604264,2025-02-07,17.0
18.46,10.919104,2025-02-08,17.0
16.97,10.020595,2025-02-09,17.0
12.928,11.178564,2025-02-10,17.0
11.45,12.643933,2025-02-11,17.0
14.528,13.789228,2025-02-12,17.0
16.01,14.3527775,2025-02-13,17.0
8.4,13.953702,2025-02-14,17.0
12.58,13.30112,2025-02-15,17.0
10.15,12.63379,2025-02-16,17.0
13.95,12.509292,2025-02-17,17.0
3.828,12.821841,2025-02-18,17.0
14.8,12.9165125,2025-02-19,17.0
0.81,11.594193,2025-02-20,17.0
0.828,11.351012,2025-02-21,17.0
16.29,9.430947,2025-02-22,17.0
19.33,7.6842303,2025-02-23,17.0
14.36,8.181372,2025-02-24,17.0
16.3,10.055579,2025-02-25,17.0
13.8,12.746263,2025-02-26,17.0
0.76,14.28596,2025-02-27,17.0
12.19,14.223113,2025-02-28,17.0
12.38,10.537089,2025-03-01,17.0
16.25,9.450582,2025-03-02,17.0
13.1,10.306708,2025-03-03,17.0
0.88,12.27778,2025-03-04,17.0
14.7,13.252159,2025-03-05,17.0
8.87,11.900662,2025-03-06,17.0
6.67,10.965462,2025-03-07,17.0
7.92,9.597804,2025-03-08,17.0
10.1,8.946824,2025-03-09,17.0
0.99,9.256661,2025-03-10,17.0
0.77,9.649755,2025-03-11,17.0
13.5,8.4476385,2025-03-12,17.0
8.31,7.1648574,2025-03-13,17.0
5.28,7.076143,2025-03-14,17.0
1.23,7.1331058,2025-03-15,17.0
5.8,7.24954,2025-03-16,17.0
5.97,6.693318,2025-03-17,17.0
2.59,6.2489867,2025-03-18,17.0
1.14,6.1316395,2025-03-19,17.0
10.72,5.515879,2025-03-20,17.0
1.31,4.800554,2025-03-21,17.0
9.02,4.9240217,2025-03-22,17.0
6.81,4.760591,2025-03-23,17.0
6.32,4.7751174,2025-03-24,17.0
3.75,5.2220464,2025-03-25,17.0
6.3,5.6907578,2025-03-26,17.0
2.95,5.5150766,2025-03-27,17.0
10.528,5.6998987,2025-03-28,17.0
1.28,5.42275,2025-03-29,17.0
6.59,5.7569795,2025-03-30,17.0
1.86,5.613373,2025-03-31,17.0
5.37,5.348169,2025-04-01,17.0
1.23,5.100616,2025-04-02,17.0
4.87,4.9726458,2025-04-03,17.0
1.13,4.5833235,2025-04-04,17.0
5.07,4.4543777,2025-04-05,17.0
1.31,4.416741,2025-04-06,17.0
1.29,4.45141,2025-04-07,17.0
1.23,4.2986856,2025-04-08,17.0
6.79,4.3258243,2025-04-09,17.0
1.91,4.2068486,2025-04-10,17.0
1.29,4.31508,2025-04-11,17.0
9.26,4.1099243,2025-04-12,17.0
12.66,3.808047,2025-04-13,17.0
1.44,4.035231,2025-04-14,17.0
1.028,4.8634086,2025-04-15,17.0
13.2,5.011064,2025-04-16,17.0
1.43,4.6424813,2025-04-17,17.0
1.15,5.087236,2025-04-18,17.0
6.63,4.7112927,2025-04-19,17.0
1.728,4.4214034,2025-04-20,17.0
6.26,4.792041,2025-04-21,17.0
1.928,4.843841,2025-04-22,17.0
6.64,5.0864205,2025-04-23,17.0
4.53,4.9573817,2025-04-24,17.0
4.26,5.125714,2025-04-25,17.0
5.38,4.8019586,2025-04-26,17.0
7.12,4.536512,2025-04-27,17.0
2.0,4.4647136,2025-04-28,17.0
4.91,4.849193,2025-04-29,17.0
10.2,4.8849864,2025-04-30,17.0
4.81,4.9353576,2025-05-01,17.0
4.46,5.8286295,2025-05-02,17.0
6.7,5.96851,2025-05-03,17.0
9.01,5.854091,2025-05-04,17.0
3.63,5.612491,2025-05-05,17.0
8.42,5.5699706,2025-05-06,17.0
5.31,5.6203227,2025-05-07,17.0
4.94,5.9843087,2025-05-08,17.0
10.6,6.1203647,2025-05-09,17.0
4.92,5.3280683,2025-05-10,17.0
6.69,5.643907,2025-05-11,17.0
10.44,5.88403,2025-05-12,17.0
4.25,6.028995,2025-05-13,17.0
5.21,6.57414,2025-05-14,17.0
4.11,6.4499383,2025-05-15,17.0
10.42,6.358976,2025-05-16,17.0
4.1,5.9828315,2025-05-17,17.0
5.37,6.5782056,2025-05-18,17.0
4.44,6.55633,2025-05-19,17.0
8.61,5.9042773,2025-05-20,17.0
8.55,5.5373273,2025-05-21,17.0
5.78,5.881977,2025-05-22,17.0
6.8,6.2234807,2025-05-23,17.0
5.9,5.98449,2025-05-24,17.0
7.52,6.1153674,2025-05-25,17.0
5.23,5.860007,2025-05-26,17.0
2.75,5.7814317,2025-05-27,17.0
6.25,6.0391726,2025-05-28,17.0
5.78,6.076862,2025-05-29,17.0
4.56,6.009544,2025-05-30,17.0
4.09,5.319511,2025-05-31,17.0
2.58,5.274404,2025-06-01,17.0
6.03,5.2544684,2025-06-02,17.0
6.06,4.917843,2025-06-03,17.0
6.28,4.9718757,2025-06-04,17.0
4.78,5.1883197,2025-06-05,17.0
5.33,5.3275633,2025-06-06,17.0
5.42,4.8386455,2025-06-07,17.0
6.37,4.9147882,2025-06-08,17.0
4.8,5.0515757,2025-06-09,17.0
6.81,5.143849,2025-06-10,17.0
7.22,5.507959,2025-06-11,17.0
4.85,5.7857747,2025-06-12,17.0
7.9,5.9277267,2025-06-13,17.0
7.75,5.285472,2025-06-14,17.0
4.72,5.388234,2025-06-15,17.0
6.226,5.5490036,2025-06-16,17.0
6.976,9.061249,2024-09-18,18.0
11.2628,8.9047785,2024-09-19,18.0
11.72,8.188993,2024-09-20,18.0
20.36,7.8894825,2024-09-21,18.0
12.376,8.626469,2024-09-22,18.0
7.432,10.453139,2024-09-23,18.0
6.752,11.653813,2024-09-24,18.0
12.8,11.612895,2024-09-25,18.0
3.328,10.3003645,2024-09-26,18.0
16.6,9.973947,2024-09-27,18.0
20.728,8.682093,2024-09-28,18.0
17.932,9.668269,2024-09-29,18.0
10.508,12.143529,2024-09-30,18.0
22.552,13.581006,2024-10-01,18.0
13.25,13.906533,2024-10-02,18.0
4.028,15.171685,2024-10-03,18.0
13.612,15.359947,2024-10-04,18.0
22.068,12.623017,2024-10-05,18.0
22.102,12.755551,2024-10-06,18.0
20.76,14.490191,2024-10-07,18.0
18.08,16.433546,2024-10-08,18.0
18.768,18.796307,2024-10-09,18.0
7.192,19.864817,2024-10-10,18.0
7.1,19.252865,2024-10-11,18.0
26.108,15.871308,2024-10-12,18.0
19.532,14.033742,2024-10-13,18.0
17.068,15.54626,2024-10-14,18.0
17.1828,17.633606,2024-10-15,18.0
19.868,19.187513,2024-10-16,18.0
3.092,19.294527,2024-10-17,18.0
14.48,19.138577,2024-10-18,18.0
13.88,14.975968,2024-10-19,18.0
9.688,14.030159,2024-10-20,18.0
25.78,14.34667,2024-10-21,18.0
10.028,13.985507,2024-10-22,18.0
7.88,17.028564,2024-10-23,18.0
19.52,17.651361,2024-10-24,18.0
17.028,15.052316,2024-10-25,18.0
11.132,14.141305,2024-10-26,18.0
11.096,15.458622,2024-10-27,18.0
17.052,14.477058,2024-10-28,18.0
12.132,13.504942,2024-10-29,18.0
13.828,14.895341,2024-10-30,18.0
9.86,15.241925,2024-10-31,18.0
10.428,14.649642,2024-11-01,18.0
23.168,13.77819,2024-11-02,18.0
23.592,13.224508,2024-11-03,18.0
18.911,14.251843,2024-11-04,18.0
17.808,16.48402,2024-11-05,18.0
18.2,19.21035,2024-11-06,18.0
13.92,19.898453,2024-11-07,18.0
10.24,19.780817,2024-11-08,18.0
11.42,18.278387,2024-11-09,18.0
4.64,17.13362,2024-11-10,18.0
16.44,15.962004,2024-11-11,18.0
23.08,14.382377,2024-11-12,18.0
17.468,14.994039,2024-11-13,18.0
14.9828,17.286856,2024-11-14,18.0
17.536,18.434855,2024-11-15,18.0
18.032,17.273733,2024-11-16,18.0
11.34,17.292635,2024-11-17,18.0
10.62,16.796946,2024-11-18,18.0
16.14,15.693906,2024-11-19,18.0
12.532,16.049614,2024-11-20,18.0
2.56,17.13061,2024-11-21,18.0
13.928,16.676947,2024-11-22,18.0
19.632,13.823955,2024-11-23,18.0
21.496,13.388921,2024-11-24,18.0
23.26115,14.196368,2024-11-25,18.0
22.069975,15.873107,2024-11-26,18.0
23.114286,18.520008,2024-11-27,18.0
17.109364,20.657713,2024-11-28,18.0
20.267578,21.457027,2024-11-29,18.0
14.664,19.935709,2024-11-30,18.0
32.888,20.409668,2024-12-01,18.0
18.528,19.828693,2024-12-02,18.0
31.928,20.654228,2024-12-03,18.0
27.028,22.824656,2024-12-04,18.0
23.32,24.4876,2024-12-05,18.0
12.38,25.562742,2024-12-06,18.0
16.652,24.887506,2024-12-07,18.0
9.988,23.570536,2024-12-08,18.0
9.252,21.877535,2024-12-09,18.0
23.296,19.582394,2024-12-10,18.0
26.872,18.181284,2024-12-11,18.0
3.072,19.888819,2024-12-12,18.0
11.536,22.059347,2024-12-13,18.0
20.9028,18.759487,2024-12-14,18.0
22.948,16.153114,2024-12-15,18.0
19.172,16.52158,2024-12-16,18.0
20.848,17.3995,2024-12-17,18.0
11.952,18.742617,2024-12-18,18.0
17.976,20.67758,2024-12-19,18.0
27.64,19.917162,2024-12-20,18.0
16.64,18.388468,2024-12-21,18.0
25.732,20.491385,2024-12-22,18.0
21.892,21.077663,2024-12-23,18.0
18.288,21.633327,2024-12-24,18.0
22.632,23.351664,2024-12-25,18.0
19.688,22.994246,2024-12-26,18.0
8.24,22.653791,2024-12-27,18.0
20.0,21.924372,2024-12-28,18.0
33.428,20.295753,2024-12-29,18.0
23.4,19.476545,2024-12-30,18.0
12.808,21.652678,2024-12-31,18.0
19.232,23.858244,2025-01-01,18.0
2.6,22.584301,2025-01-02,18.0
10.028,21.201479,2025-01-03,18.0
21.76,17.326212,2025-01-04,18.0
29.808,15.11646,2025-01-05,18.0
26.36,16.324791,2025-01-06,18.0
13.192,20.205511,2025-01-07,18.0
24.528,23.271439,2025-01-08,18.0
10.76,22.289354,2025-01-09,18.0
33.612,21.645884,2025-01-10,18.0
17.3,18.268705,2025-01-11,18.0
24.488,19.691053,2025-01-12,18.0
21.024,20.831118,2025-01-13,18.0
25.428,22.541643,2025-01-14,18.0
25.128,24.037188,2025-01-15,18.0
25.06,24.235989,2025-01-16,18.0
9.468,24.09372,2025-01-17,18.0
25.592,23.320292,2025-01-18,18.0
16.22,22.083094,2025-01-19,18.0
29.092,21.919992,2025-01-20,18.0
10.888,21.651888,2025-01-21,18.0
17.7,22.07287,2025-01-22,18.0
12.74,21.86368,2025-01-23,18.0
31.102,20.883247,2025-01-24,18.0
10.656,18.715982,2025-01-25,18.0
25.972,19.724466,2025-01-26,18.0
23.108,19.742193,2025-01-27,18.0
25.464,20.675638,2025-01-28,18.0
16.616,23.138285,2025-01-29,18.0
3.372,24.163961,2025-01-30,18.0
5.9,22.61716,2025-01-31,18.0
13.64,18.594961,2025-02-01,18.0
11.352,15.986176,2025-02-02,18.0
10.868,14.771728,2025-02-03,18.0
16.98,15.463867,2025-02-04,18.0
13.5,15.566374,2025-02-05,18.0
31.1,15.763045,2025-02-06,18.0
21.5,14.892133,2025-02-07,18.0
27.84,15.110095,2025-02-08,18.0
6.548,16.411856,2025-02-09,18.0
13.08,18.276802,2025-02-10,18.0
23.584,17.347603,2025-02-11,18.0
14.508,16.553713,2025-02-12,18.0
12.32,18.530838,2025-02-13,18.0
25.028,18.975485,2025-02-14,18.0
12.612,18.062283,2025-02-15,18.0
17.26,19.264452,2025-02-16,18.0
2.828,18.985365,2025-02-17,18.0
25.4,18.214443,2025-02-18,18.0
12.28,15.297904,2025-02-19,18.0
2.18,15.7245455,2025-02-20,18.0
6.988,16.13415,2025-02-21,18.0
27.732,13.106027,2025-02-22,18.0
13.68,11.704476,2025-02-23,18.0
20.42,13.581254,2025-02-24,18.0
23.5,14.936061,2025-02-25,18.0
11.228,16.968441,2025-02-26,18.0
12.904,20.385473,2025-02-27,18.0
4.628,19.064423,2025-02-28,18.0
24.568,15.567918,2025-03-01,18.0
11.672,13.111799,2025-03-02,18.0
13.908,14.688679,2025-03-03,18.0
11.06,15.947219,2025-03-04,18.0
21.952,15.923677,2025-03-05,18.0
2.36,15.568751,2025-03-06,18.0
11.948,16.041979,2025-03-07,18.0
13.428,13.182041,2025-03-08,18.0
20.0,11.892679,2025-03-09,18.0
21.428,12.74904,2025-03-10,18.0
10.9428,14.097997,2025-03-11,18.0
12.936,15.915507,2025-03-12,18.0
2.332,16.218393,2025-03-13,18.0
2.412,14.92857,2025-03-14,18.0
14.736,11.795901,2025-03-15,18.0
14.88,9.964353,2025-03-16,18.0
10.8628,10.199607,2025-03-17,18.0
16.256,11.637391,2025-03-18,18.0
9.102,12.986033,2025-03-19,18.0
4.96,13.1047735,2025-03-20,18.0
18.832,11.752779,2025-03-21,18.0
17.936,9.419923,2025-03-22,18.0
14.04,9.841983,2025-03-23,18.0
16.8628,11.181047,2025-03-24,18.0
21.16,12.799537,2025-03-25,18.0
9.288,14.319126,2025-03-26,18.0
10.808,16.174131,2025-03-27,18.0
27.652,15.656035,2025-03-28,18.0
6.12,13.721051,2025-03-29,18.0
3.22,15.816823,2025-03-30,18.0
2.52,15.45765,2025-03-31,18.0
12.98,12.68492,2025-04-01,18.0
19.06,10.790215,2025-04-02,18.0
2.528,10.521401,2025-04-03,18.0
13.628,11.709014,2025-04-04,18.0
20.252,10.76742,2025-04-05,18.0
14.68,10.9697275,2025-04-06,18.0
10.0,11.814887,2025-04-07,18.0
13.788,12.499251,2025-04-08,18.0
4.192,12.5811205,2025-04-09,18.0
7.272,13.224105,2025-04-10,18.0
5.696,11.934583,2025-04-11,18.0
20.104,10.091338,2025-04-12,18.0
11.868,9.170561,2025-04-13,18.0
12.46,10.2148905,2025-04-14,18.0
12.832,11.346098,2025-04-15,18.0
19.128,12.084348,2025-04-16,18.0
10.14,11.97322,2025-04-17,18.0
6.188,12.432863,2025-04-18,18.0
12.292,11.439996,2025-04-19,18.0
10.011,10.474771,2025-04-20,18.0
16.908,10.617135,2025-04-21,18.0
10.092,10.827575,2025-04-22,18.0
13.12,12.553344,2025-04-23,18.0
10.968,12.946417,2025-04-24,18.0
12.648,13.001697,2025-04-25,18.0
16.6,11.7519655,2025-04-26,18.0
12.132,11.109456,2025-04-27,18.0
9.02,11.262713,2025-04-28,18.0
24.992,12.137682,2025-04-29,18.0
23.748,12.387729,2025-04-30,18.0
9.828,14.632825,2025-05-01,18.0
10.76,17.809973,2025-05-02,18.0
13.224,16.942097,2025-05-03,18.0
30.768,15.548221,2025-05-04,18.0
18.248,13.964095,2025-05-05,18.0
10.572,15.550365,2025-05-06,18.0
20.86,18.035147,2025-05-07,18.0
9.72,18.187033,2025-05-08,18.0
12.48,18.21837,2025-05-09,18.0
26.808,15.534479,2025-05-10,18.0
13.192,14.138802,2025-05-11,18.0
13.58,15.793107,2025-05-12,18.0
17.748,17.743479,2025-05-13,18.0
11.9428,17.13714,2025-05-14,18.0
16.048,16.433067,2025-05-15,18.0
16.352,15.949216,2025-05-16,18.0
12.548,14.877428,2025-05-17,18.0
16.9,15.506054,2025-05-18,18.0
16.968,15.41501,2025-05-19,18.0
20.572,14.386317,2025-05-20,18.0
19.38,14.654876,2025-05-21,18.0
17.112,16.380173,2025-05-22,18.0
11.296,17.242167,2025-05-23,18.0
13.072,16.873178,2025-05-24,18.0
20.192,16.267538,2025-05-25,18.0
12.92,14.865115,2025-05-26,18.0
16.428,15.310347,2025-05-27,18.0
19.7,16.324701,2025-05-28,18.0
10.032,17.146189,2025-05-29,18.0
7.336,17.99502,2025-05-30,18.0
3.08,15.488793,2025-05-31,18.0
9.352,13.120681,2025-06-01,18.0
13.028,10.894967,2025-06-02,18.0
12.48,9.962737,2025-06-03,18.0
23.168,10.490888,2025-06-04,18.0
14.672,11.552255,2025-06-05,18.0
7.72,13.575767,2025-06-06,18.0
3.08,13.059426,2025-06-07,18.0
7.048,11.824403,2025-06-08,18.0
12.984,9.713325,2025-06-09,18.0
21.92,8.682439,2025-06-10,18.0
17.76,9.667529,2025-06-11,18.0
10.428,12.518107,2025-06-12,18.0
10.16,14.693842,2025-06-13,18.0
5.308,13.124803,2025-06-14,18.0
6.452,11.887507,2025-06-15,18.0
5.88,9.807286,2025-06-16,18.0
25.13,18.987562,2024-09-18,19.0
18.72,22.589136,2024-09-19,19.0
35.95,24.091354,2024-09-20,19.0
27.31,23.376009,2024-09-21,19.0
21.68,24.581488,2024-09-22,19.0
13.11,25.599451,2024-09-23,19.0
7.19,24.743118,2024-09-24,19.0
14.0919485,23.37847,2024-09-25,19.0
11.4796,20.843843,2024-09-26,19.0
14.433362,18.829607,2024-09-27,19.0
11.553608,16.96926,2024-09-28,19.0
13.728,17.014359,2024-09-29,19.0
23.728,16.310732,2024-09-30,19.0
19.94,14.963164,2024-10-01,19.0
21.17,16.528582,2024-10-02,19.0
18.81,17.926489,2024-10-03,19.0
21.59,18.662214,2024-10-04,19.0
16.47,18.44311,2024-10-05,19.0
8.58,19.443352,2024-10-06,19.0
24.66,18.33211,2024-10-07,19.0
17.91,16.362274,2024-10-08,19.0
21.08,18.341215,2024-10-09,19.0
19.32,20.069033,2024-10-10,19.0
22.528,20.42312,2024-10-11,19.0
23.5,19.990717,2024-10-12,19.0
24.61,20.664,2024-10-13,19.0
17.428,20.76442,2024-10-14,19.0
18.39,20.990232,2024-10-15,19.0
22.75,22.139688,2024-10-16,19.0
17.86,21.829416,2024-10-17,19.0
17.96,21.97671,2024-10-18,19.0
20.76,21.078207,2024-10-19,19.0
5.19,20.92576,2024-10-20,19.0
19.24,20.865381,2024-10-21,19.0
16.72,18.642887,2024-10-22,19.0
26.12,18.70587,2024-10-23,19.0
13.47,19.303204,2024-10-24,19.0
13.67,20.728022,2024-10-25,19.0
20.8,19.671253,2024-10-26,19.0
11.17,18.511295,2024-10-27,19.0
12.23,17.902143,2024-10-28,19.0
10.96,16.222773,2024-10-29,19.0
22.93,15.941803,2024-10-30,19.0
17.928,15.926316,2024-10-31,19.0
21.89,17.206133,2024-11-01,19.0
20.0,17.9467,2024-11-02,19.0
11.23,19.210495,2024-11-03,19.0
9.31,19.1967,2024-11-04,19.0
25.59,17.498196,2024-11-05,19.0
28.25,16.437944,2024-11-06,19.0
13.51,18.20085,2024-11-07,19.0
19.1,21.50621,2024-11-08,19.0
18.05,21.134209,2024-11-09,19.0
14.79,21.068571,2024-11-10,19.0
17.83,20.149551,2024-11-11,19.0
12.88,18.399845,2024-11-12,19.0
24.91,18.689741,2024-11-13,19.0
14.98,18.876175,2024-11-14,19.0
23.71,20.41126,2024-11-15,19.0
13.73,19.498682,2024-11-16,19.0
26.27,20.28681,2024-11-17,19.0
20.35,19.262543,2024-11-18,19.0
12.74,19.913946,2024-11-19,19.0
25.85,21.964731,2024-11-20,19.0
13.55,20.744678,2024-11-21,19.0
23.33,21.502821,2024-11-22,19.0
21.37,20.544756,2024-11-23,19.0
16.88319,21.167692,2024-11-24,19.0
16.616508,21.04974,2024-11-25,19.0
11.28797,20.876736,2024-11-26,19.0
17.10771,20.901756,2024-11-27,19.0
14.668624,19.49616,2024-11-28,19.0
11.235307,19.230711,2024-11-29,19.0
19.281,17.897394,2024-11-30,19.0
24.46,17.33671,2024-12-01,19.0
25.56,17.33132,2024-12-02,19.0
14.528,17.859995,2024-12-03,19.0
23.72,20.452066,2024-12-04,19.0
17.43,20.431887,2024-12-05,19.0
24.28,20.9224,2024-12-06,19.0
12.99,20.225325,2024-12-07,19.0
21.09,21.306171,2024-12-08,19.0
14.93,20.680061,2024-12-09,19.0
13.69,19.515652,2024-12-10,19.0
20.11,20.196497,2024-12-11,19.0
17.028,19.339506,2024-12-12,19.0
11.06,19.925802,2024-12-13,19.0
28.25,19.283737,2024-12-14,19.0
13.87,18.32011,2024-12-15,19.0
10.96,19.382593,2024-12-16,19.0
19.62,19.097914,2024-12-17,19.0
31.61,17.869024,2024-12-18,19.0
20.73,18.02323,2024-12-19,19.0
11.99,20.507307,2024-12-20,19.0
30.97,21.229078,2024-12-21,19.0
16.74,21.1191,2024-12-22,19.0
19.5,21.871386,2024-12-23,19.0
23.12,21.565031,2024-12-24,19.0
24.2,21.791208,2024-12-25,19.0
29.09,22.8566,2024-12-26,19.0
10.01,23.569267,2024-12-27,19.0
19.52,23.333673,2024-12-28,19.0
16.08,21.915552,2024-12-29,19.0
27.62,20.928562,2024-12-30,19.0
17.828,20.270515,2024-12-31,19.0
29.31,22.402126,2025-01-01,19.0
24.73,22.63761,2025-01-02,19.0
23.19,23.152983,2025-01-03,19.0
19.98,23.381237,2025-01-04,19.0
22.12,23.554123,2025-01-05,19.0
13.71,23.353083,2025-01-06,19.0
25.85,23.106955,2025-01-07,19.0
24.03,23.353683,2025-01-08,19.0
22.5,23.61607,2025-01-09,19.0
20.25,23.869959,2025-01-10,19.0
14.59,23.039051,2025-01-11,19.0
24.09,22.720999,2025-01-12,19.0
19.66,21.05573,2025-01-13,19.0
24.43,21.935743,2025-01-14,19.0
19.81,22.682262,2025-01-15,19.0
21.83,23.481384,2025-01-16,19.0
26.01,22.582977,2025-01-17,19.0
25.28,21.697004,2025-01-18,19.0
21.77,22.580288,2025-01-19,19.0
16.24,23.46026,2025-01-20,19.0
33.42,23.569254,2025-01-21,19.0
24.4,22.220793,2025-01-22,19.0
14.51,23.72051,2025-01-23,19.0
21.15,24.334906,2025-01-24,19.0
20.85,22.68802,2025-01-25,19.0
11.77,22.25457,2025-01-26,19.0
31.55,22.252352,2025-01-27,19.0
17.42,21.376345,2025-01-28,19.0
24.36,22.942095,2025-01-29,19.0
27.33,24.335787,2025-01-30,19.0
20.92,23.336725,2025-01-31,19.0
22.49,23.42827,2025-02-01,19.0
18.53,23.493685,2025-02-02,19.0
28.028,22.75429,2025-02-03,19.0
14.9,22.693771,2025-02-04,19.0
37.65,23.898714,2025-02-05,19.0
25.11,23.742672,2025-02-06,19.0
21.56,24.412786,2025-02-07,19.0
23.92,24.75505,2025-02-08,19.0
24.228,24.181799,2025-02-09,19.0
18.59,23.756704,2025-02-10,19.0
25.96,23.50617,2025-02-11,19.0
28.87,24.483389,2025-02-12,19.0
21.46,24.26689,2025-02-13,19.0
24.2,25.342016,2025-02-14,19.0
22.65,24.765379,2025-02-15,19.0
20.79,24.905119,2025-02-16,19.0
26.45,24.777628,2025-02-17,19.0
22.53,24.599945,2025-02-18,19.0
30.73,23.976606,2025-02-19,19.0
30.828,23.922617,2025-02-20,19.0
16.17,24.88025,2025-02-21,19.0
24.528,25.016342,2025-02-22,19.0
35.928,24.79968,2025-02-23,19.0
23.54,24.138329,2025-02-24,19.0
32.97,25.76525,2025-02-25,19.0
25.07,27.650396,2025-02-26,19.0
20.9,28.059324,2025-02-27,19.0
10.32,27.92306,2025-02-28,19.0
21.62,26.414968,2025-03-01,19.0
33.62,23.676672,2025-03-02,19.0
21.64,22.65037,2025-03-03,19.0
24.52,25.325994,2025-03-04,19.0
27.928,25.516798,2025-03-05,19.0
12.68,25.73231,2025-03-06,19.0
22.49,26.10874,2025-03-07,19.0
11.05,23.824457,2025-03-08,19.0
14.08,22.598785,2025-03-09,19.0
17.32,21.326197,2025-03-10,19.0
20.23,19.894491,2025-03-11,19.0
22.43,19.52348,2025-03-12,19.0
7.72,20.132797,2025-03-13,19.0
14.44,20.369747,2025-03-14,19.0
10.31,17.62131,2025-03-15,19.0
11.29,16.80085,2025-03-16,19.0
17.18,14.885121,2025-03-17,19.0
10.08,14.143716,2025-03-18,19.0
18.22,15.111414,2025-03-19,19.0
12.74,14.82462,2025-03-20,19.0
20.228,14.799689,2025-03-21,19.0
23.2,13.90812,2025-03-22,19.0
8.55,14.866742,2025-03-23,19.0
19.42,15.799142,2025-03-24,19.0
9.99,15.511782,2025-03-25,19.0
21.82,16.096281,2025-03-26,19.0
12.67,15.425654,2025-03-27,19.0
17.96,16.770689,2025-03-28,19.0
10.42,16.350414,2025-03-29,19.0
6.95,17.104221,2025-03-30,19.0
14.53,15.956084,2025-03-31,19.0
3.9,13.587476,2025-04-01,19.0
10.3,13.2216,2025-04-02,19.0
6.52,11.976535,2025-04-03,19.0
13.528,11.112624,2025-04-04,19.0
14.6,10.201091,2025-04-05,19.0
11.11,10.513216,2025-04-06,19.0
7.09,10.754747,2025-04-07,19.0
3.97,10.997685,2025-04-08,19.0
9.38,11.186025,2025-04-09,19.0
10.64,9.826057,2025-04-10,19.0
9.49,9.084741,2025-04-11,19.0
13.18,8.882699,2025-04-12,19.0
6.85,8.996605,2025-04-13,19.0
27.47,9.21931,2025-04-14,19.0
8.18,9.178056,2025-04-15,19.0
11.03,12.181697,2025-04-16,19.0
20.75,12.656413,2025-04-17,19.0
9.528,11.568339,2025-04-18,19.0
16.21,11.978087,2025-04-19,19.0
20.62,12.435115,2025-04-20,19.0
13.28,12.645165,2025-04-21,19.0
10.39,14.670223,2025-04-22,19.0
17.69,16.709301,2025-04-23,19.0
10.26,15.396186,2025-04-24,19.0
11.11,15.347678,2025-04-25,19.0
17.5,14.201959,2025-04-26,19.0
16.12,12.965542,2025-04-27,19.0
8.028,12.942076,2025-04-28,19.0
10.77,14.336646,2025-04-29,19.0
18.09,14.07268,2025-04-30,19.0
20.58,13.157552,2025-05-01,19.0
17.73,14.237905,2025-05-02,19.0
19.64,15.2934475,2025-05-03,19.0
16.4,16.729134,2025-05-04,19.0
9.3,16.79365,2025-05-05,19.0
14.09,16.342173,2025-05-06,19.0
16.11,15.398961,2025-05-07,19.0
17.01,14.924188,2025-05-08,19.0
16.36,15.352033,2025-05-09,19.0
23.26,15.190771,2025-05-10,19.0
21.18,15.863191,2025-05-11,19.0
18.03,17.00338,2025-05-12,19.0
18.51,18.801432,2025-05-13,19.0
16.29,18.859682,2025-05-14,19.0
21.79,18.396011,2025-05-15,19.0
17.69,18.095837,2025-05-16,19.0
13.11,18.34953,2025-05-17,19.0
12.22,18.98864,2025-05-18,19.0
10.46,18.21858,2025-05-19,19.0
20.61,16.19245,2025-05-20,19.0
19.7,14.803778,2025-05-21,19.0
11.96,15.735808,2025-05-22,19.0
13.03,16.93136,2025-05-23,19.0
14.6,15.9976225,2025-05-24,19.0
10.82,15.416324,2025-05-25,19.0
18.89,14.334719,2025-05-26,19.0
11.75,13.092664,2025-05-27,19.0
19.47,14.283598,2025-05-28,19.0
24.19,15.434413,2025-05-29,19.0
13.93,16.302002,2025-05-30,19.0
20.828,16.55202,2025-05-31,19.0
17.528,16.413841,2025-06-01,19.0
14.74,16.252275,2025-06-02,19.0
16.5,16.474571,2025-06-03,19.0
23.8,16.780697,2025-06-04,19.0
22.3,17.076502,2025-06-05,19.0
18.92,18.22279,2025-06-06,19.0
19.99,18.627382,2025-06-07,19.0
22.62,18.845795,2025-06-08,19.0
22.31,19.123701,2025-06-09,19.0
19.14,19.893684,2025-06-10,19.0
21.3,21.584211,2025-06-11,19.0
27.0,21.939398,2025-06-12,19.0
19.66,21.539576,2025-06-13,19.0
6.828,21.555387,2025-06-14,19.0
20.08,21.817493,2025-06-15,19.0
18.525,19.087875,2025-06-16,19.0
12.1,10.061696,2024-09-18,20.0
14.86,8.904258,2024-09-19,20.0
13.23,9.044604,2024-09-20,20.0
18.98,9.895806,2024-09-21,20.0
6.86,10.620058,2024-09-22,20.0
5.2,11.824338,2024-09-23,20.0
12.21,11.665722,2024-09-24,20.0
12.64,10.583562,2024-09-25,20.0
24.55,10.0408,2024-09-26,20.0
20.76,10.411076,2024-09-27,20.0
22.56,12.567517,2024-09-28,20.0
14.29,15.463577,2024-09-29,20.0
13.46,17.236603,2024-09-30,20.0
22.57,16.277082,2024-10-01,20.0
7.48,15.918286,2024-10-02,20.0
31.0,17.336498,2024-10-03,20.0
13.21,16.527493,2024-10-04,20.0
25.36,18.643433,2024-10-05,20.0
11.26,19.662477,2024-10-06,20.0
10.64,19.849234,2024-10-07,20.0
7.93,18.243818,2024-10-08,20.0
12.39,17.155596,2024-10-09,20.0
19.97,15.328023,2024-10-10,20.0
18.88,14.125503,2024-10-11,20.0
18.76,15.082122,2024-10-12,20.0
19.39,16.265104,2024-10-13,20.0
10.11,17.159624,2024-10-14,20.0
21.72,16.945131,2024-10-15,20.0
21.52,16.301485,2024-10-16,20.0
12.82,16.679676,2024-10-17,20.0
10.37,18.211435,2024-10-18,20.0
11.76,17.563854,2024-10-19,20.0
12.96,16.606302,2024-10-20,20.0
7.89,15.159313,2024-10-21,20.0
12.88,14.580546,2024-10-22,20.0
18.96,14.361426,2024-10-23,20.0
4.24,14.411009,2024-10-24,20.0
24.08,15.386924,2024-10-25,20.0
16.2,13.078462,2024-10-26,20.0
13.8,14.333542,2024-10-27,20.0
18.29,15.061059,2024-10-28,20.0
16.27,14.590486,2024-10-29,20.0
9.64,15.681664,2024-10-30,20.0
10.78,16.905869,2024-10-31,20.0
13.95,15.686843,2024-11-01,20.0
28.08,14.014425,2024-11-02,20.0
25.96,14.484464,2024-11-03,20.0
31.57,16.709703,2024-11-04,20.0
12.02,19.275318,2024-11-05,20.0
19.07,23.197294,2024-11-06,20.0
17.58,23.086313,2024-11-07,20.0
10.0,21.367823,2024-11-08,20.0
18.52,20.433367,2024-11-09,20.0
12.02,19.327366,2024-11-10,20.0
12.228,19.010588,2024-11-11,20.0
21.63,18.655998,2024-11-12,20.0
14.29,18.373785,2024-11-13,20.0
10.11,18.648462,2024-11-14,20.0
11.39,18.46604,2024-11-15,20.0
9.23,16.144356,2024-11-16,20.0
19.05,15.083121,2024-11-17,20.0
14.75,13.80973,2024-11-18,20.0
17.26,14.277688,2024-11-19,20.0
22.428,16.239008,2024-11-20,20.0
22.67,17.572077,2024-11-21,20.0
24.39,18.497812,2024-11-22,20.0
13.414682,19.273245,2024-11-23,20.0
13.968186,20.642467,2024-11-24,20.0
16.60058,19.190187,2024-11-25,20.0
11.3278,18.103855,2024-11-26,20.0
11.0769205,18.570095,2024-11-27,20.0
20.076797,18.332739,2024-11-28,20.0
13.505376,17.510277,2024-11-29,20.0
20.6728,17.71834,2024-11-30,20.0
37.39,17.915642,2024-12-01,20.0
29.01,17.802723,2024-12-02,20.0
13.26,20.012112,2024-12-03,20.0
30.29,23.453074,2024-12-04,20.0
39.63,22.758434,2024-12-05,20.0
14.7,23.357172,2024-12-06,20.0
19.12,25.11104,2024-12-07,20.0
32.21,25.283945,2024-12-08,20.0
24.25,24.48424,2024-12-09,20.0
24.05,25.253292,2024-12-10,20.0
19.09,26.80979,2024-12-11,20.0
29.24,26.293543,2024-12-12,20.0
17.82,25.413692,2024-12-13,20.0
16.31,24.878113,2024-12-14,20.0
25.26,24.120409,2024-12-15,20.0
32.88,23.100752,2024-12-16,20.0
26.11,22.926601,2024-12-17,20.0
27.99,25.250834,2024-12-18,20.0
37.85,26.771427,2024-12-19,20.0
31.77,26.680025,2024-12-20,20.0
28.46,26.77028,2024-12-21,20.0
29.91,28.65761,2024-12-22,20.0
27.85,29.335707,2024-12-23,20.0
26.22,29.232452,2024-12-24,20.0
5.67,30.016277,2024-12-25,20.0
27.01,29.793747,2024-12-26,20.0
42.32,26.608244,2024-12-27,20.0
17.92,24.755198,2024-12-28,20.0
39.05,26.158499,2024-12-29,20.0
39.72,26.328165,2024-12-30,20.0
19.65,26.66411,2024-12-31,20.0
42.88,28.846418,2025-01-01,20.0
21.14,29.326948,2025-01-02,20.0
10.528,29.76383,2025-01-03,20.0
24.69,28.471338,2025-01-04,20.0
25.51,26.928293,2025-01-05,20.0
33.028,25.55203,2025-01-06,20.0
25.06,26.082796,2025-01-07,20.0
9.83,27.736574,2025-01-08,20.0
27.19,27.282629,2025-01-09,20.0
31.39,25.206339,2025-01-10,20.0
29.98,23.038986,2025-01-11,20.0
25.5,23.873087,2025-01-12,20.0
26.61,25.025942,2025-01-13,20.0
23.93,25.881035,2025-01-14,20.0
29.92,27.202084,2025-01-15,20.0
22.27,27.05984,2025-01-16,20.0
21.08,25.626045,2025-01-17,20.0
27.09,25.55269,2025-01-18,20.0
22.68,25.379183,2025-01-19,20.0
27.5,25.64379,2025-01-20,20.0
36.1,25.469212,2025-01-21,20.0
26.78,25.049082,2025-01-22,20.0
26.38,26.529173,2025-01-23,20.0
26.1,26.756903,2025-01-24,20.0
28.01,26.021187,2025-01-25,20.0
23.62,25.737492,2025-01-26,20.0
23.94,26.66014,2025-01-27,20.0
25.14,26.829695,2025-01-28,20.0
1.94,27.232454,2025-01-29,20.0
21.58,27.816622,2025-01-30,20.0
23.61,23.608507,2025-01-31,20.0
33.59,21.52571,2025-02-01,20.0
18.64,21.921503,2025-02-02,20.0
23.39,23.582201,2025-02-03,20.0
17.7,24.420837,2025-02-04,20.0
36.52,24.100103,2025-02-05,20.0
16.33,23.574314,2025-02-06,20.0
25.93,23.37534,2025-02-07,20.0
25.46,22.436235,2025-02-08,20.0
38.06,22.491957,2025-02-09,20.0
21.47,23.459776,2025-02-10,20.0
26.47,25.132025,2025-02-11,20.0
28.13,26.749296,2025-02-12,20.0
30.14,26.394957,2025-02-13,20.0
24.95,27.000399,2025-02-14,20.0
25.25,26.759739,2025-02-15,20.0
38.13,27.156736,2025-02-16,20.0
24.73,26.616968,2025-02-17,20.0
11.24,28.043768,2025-02-18,20.0
38.728,28.058493,2025-02-19,20.0
25.22,25.716574,2025-02-20,20.0
25.4,26.070864,2025-02-21,20.0
26.27,26.090021,2025-02-22,20.0
31.98,26.186909,2025-02-23,20.0
24.75,26.401648,2025-02-24,20.0
30.11,27.363993,2025-02-25,20.0
36.75,28.942007,2025-02-26,20.0
21.05,28.256777,2025-02-27,20.0
23.87,29.149519,2025-02-28,20.0
38.928,27.898,2025-03-01,20.0
23.82,26.953712,2025-03-02,20.0
16.13,28.05432,2025-03-03,20.0
25.1,29.20204,2025-03-04,20.0
17.78,27.210342,2025-03-05,20.0
14.828,26.675848,2025-03-06,20.0
29.1,26.50116,2025-03-07,20.0
18.29,23.503134,2025-03-08,20.0
22.55,23.404158,2025-03-09,20.0
12.86,23.916178,2025-03-10,20.0
9.9,23.232573,2025-03-11,20.0
12.84,21.34654,2025-03-12,20.0
16.77,19.26642,2025-03-13,20.0
18.79,16.779749,2025-03-14,20.0
10.7,15.6595,2025-03-15,20.0
7.81,17.28609,2025-03-16,20.0
10.38,16.55262,2025-03-17,20.0
12.19,15.064332,2025-03-18,20.0
7.84,13.8576765,2025-03-19,20.0
18.01,12.448871,2025-03-20,20.0
19.68,11.054141,2025-03-21,20.0
10.93,11.612071,2025-03-22,20.0
10.39,13.524884,2025-03-23,20.0
14.73,12.9558,2025-03-24,20.0
11.36,12.166369,2025-03-25,20.0
8.56,12.512946,2025-03-26,20.0
19.4,12.529704,2025-03-27,20.0
16.01,12.2814245,2025-03-28,20.0
12.828,13.106613,2025-03-29,20.0
5.9,14.327328,2025-03-30,20.0
11.52,13.809029,2025-03-31,20.0
10.49,12.066066,2025-04-01,20.0
13.6,11.450579,2025-04-02,20.0
4.7,11.190173,2025-04-03,20.0
11.19,11.372171,2025-04-04,20.0
17.72,10.614358,2025-04-05,20.0
13.88,10.559991,2025-04-06,20.0
10.84,11.231502,2025-04-07,20.0
12.31,11.977046,2025-04-08,20.0
9.46,12.748525,2025-04-09,20.0
9.35,12.85695,2025-04-10,20.0
11.31,12.1628065,2025-04-11,20.0
17.02,10.875134,2025-04-12,20.0
10.16,10.521223,2025-04-13,20.0
11.65,11.283056,2025-04-14,20.0
10.26,11.690811,2025-04-15,20.0
6.29,11.993354,2025-04-16,20.0
9.49,11.468315,2025-04-17,20.0
8.52,10.020167,2025-04-18,20.0
12.628,8.769104,2025-04-19,20.0
9.0,8.78054,2025-04-20,20.0
17.36,9.486243,2025-04-21,20.0
9.992,9.759273,2025-04-22,20.0
13.528,11.540534,2025-04-23,20.0
6.992,11.765508,2025-04-24,20.0
16.78,11.713353,2025-04-25,20.0
14.06,10.30634,2025-04-26,20.0
10.928,10.479148,2025-04-27,20.0
10.102,10.934433,2025-04-28,20.0
16.46,11.576259,2025-04-29,20.0
14.74,12.030265,2025-04-30,20.0
9.102,12.9186945,2025-05-01,20.0
14.976,13.97063,2025-05-02,20.0
12.9028,12.957139,2025-05-03,20.0
10.768,13.390684,2025-05-04,20.0
11.112,12.7256975,2025-05-05,20.0
9.52,11.670991,2025-05-06,20.0
11.268,11.835288,2025-05-07,20.0
12.62,11.887158,2025-05-08,20.0
7.58,11.405567,2025-05-09,20.0
18.56,10.421157,2025-05-10,20.0
23.0,10.035376,2025-05-11,20.0
11.652,10.981309,2025-05-12,20.0
17.92,13.732835,2025-05-13,20.0
16.68,14.395114,2025-05-14,20.0
16.748,14.478072,2025-05-15,20.0
10.308,15.257429,2025-05-16,20.0
11.792,15.229526,2025-05-17,20.0
17.428,14.67484,2025-05-18,20.0
16.512,14.132569,2025-05-19,20.0
16.088,13.667305,2025-05-20,20.0
14.472,14.148099,2025-05-21,20.0
12.176,15.32092,2025-05-22,20.0
18.592,15.37728,2025-05-23,20.0
17.208,14.075178,2025-05-24,20.0
11.811,14.476083,2025-05-25,20.0
11.132,14.788199,2025-05-26,20.0
9.72,14.430869,2025-05-27,20.0
9.448,14.450557,2025-05-28,20.0
14.52,13.971357,2025-05-29,20.0
14.0,12.804717,2025-05-30,20.0
18.08,11.720615,2025-05-31,20.0
8.911,12.218893,2025-06-01,20.0
13.468,13.160509,2025-06-02,20.0
17.372,12.661618,2025-06-03,20.0
13.12,12.462037,2025-06-04,20.0
17.848,13.4505415,2025-06-05,20.0
13.58,13.378978,2025-06-06,20.0
17.38,13.032576,2025-06-07,20.0
16.58,13.5168085,2025-06-08,20.0
13.728,14.291669,2025-06-09,20.0
18.06,14.753795,2025-06-10,20.0
17.411,15.685582,2025-06-11,20.0
11.2,16.489368,2025-06-12,20.0
10.808,16.56544,2025-06-13,20.0
9.28,14.771094,2025-06-14,20.0
6.82,13.7098875,2025-06-15,20.0
13.6028,12.521544,2025-06-16,20.0
20.12,20.10316,2024-09-18,21.0
11.936,20.265589,2024-09-19,21.0
25.744,19.848076,2024-09-20,21.0
21.428,18.472187,2024-09-21,21.0
18.708,19.328764,2024-09-22,21.0
11.5,19.902117,2024-09-23,21.0
16.872,19.920534,2024-09-24,21.0
22.788,19.389965,2024-09-25,21.0
28.0,18.21456,2024-09-26,21.0
30.172,18.887777,2024-09-27,21.0
28.36,20.25642,2024-09-28,21.0
24.456,22.62049,2024-09-29,21.0
31.411,23.757227,2024-09-30,21.0
31.388,23.81421,2024-10-01,21.0
12.8228,25.740387,2024-10-02,21.0
28.696,27.507637,2024-10-03,21.0
18.972,26.397005,2024-10-04,21.0
27.28,25.761442,2024-10-05,21.0
26.428,25.700693,2024-10-06,21.0
27.88,25.388666,2024-10-07,21.0
28.24,25.58716,2024-10-08,21.0
22.228,26.651937,2024-10-09,21.0
11.972,27.437473,2024-10-10,21.0
25.86,25.92717,2024-10-11,21.0
25.952,23.418112,2024-10-12,21.0
17.36,23.04624,2024-10-13,21.0
30.976,24.055397,2024-10-14,21.0
30.972,23.27302,2024-10-15,21.0
28.02,24.890015,2024-10-16,21.0
30.0,26.619986,2024-10-17,21.0
25.672,27.131992,2024-10-18,21.0
14.11,26.518496,2024-10-19,21.0
33.6,26.882442,2024-10-20,21.0
38.2,25.126236,2024-10-21,21.0
28.468,25.539625,2024-10-22,21.0
25.18,28.277742,2024-10-23,21.0
25.96,29.514788,2024-10-24,21.0
35.911,28.86882,2024-10-25,21.0
31.0,27.86368,2024-10-26,21.0
19.456,29.388306,2024-10-27,21.0
24.384,29.898216,2024-10-28,21.0
26.508,28.438051,2024-10-29,21.0
21.98,28.332148,2024-10-30,21.0
36.008,28.314959,2024-10-31,21.0
32.892,27.505203,2024-11-01,21.0
17.372,27.445639,2024-11-02,21.0
29.008,28.194414,2024-11-03,21.0
22.2,27.585093,2024-11-04,21.0
17.11,26.343176,2024-11-05,21.0
20.98,27.487242,2024-11-06,21.0
27.88,26.36162,2024-11-07,21.0
25.972,25.28597,2024-11-08,21.0
32.296,25.237432,2024-11-09,21.0
10.424,25.952532,2024-11-10,21.0
33.256,26.515436,2024-11-11,21.0
26.411,24.73906,2024-11-12,21.0
23.258,25.55853,2024-11-13,21.0
30.2228,26.941532,2024-11-14,21.0
26.448,26.255838,2024-11-15,21.0
30.84,25.91998,2024-11-16,21.0
26.88,25.796457,2024-11-17,21.0
24.112,26.594683,2024-11-18,21.0
23.108,26.498137,2024-11-19,21.0
26.42,27.652601,2024-11-20,21.0
17.728,27.586466,2024-11-21,21.0
10.0,27.212751,2024-11-22,21.0
25.07418,25.758497,2024-11-23,21.0
24.24973,23.522299,2024-11-24,21.0
25.285187,23.20098,2024-11-25,21.0
23.653664,23.47111,2024-11-26,21.0
25.590658,24.646605,2024-11-27,21.0
26.289062,24.905807,2024-11-28,21.0
23.837677,25.12419,2024-11-29,21.0
25.7268,24.378035,2024-11-30,21.0
11.032,24.331133,2024-12-01,21.0
43.88,24.786179,2024-12-02,21.0
19.36,22.468725,2024-12-03,21.0
25.2,24.903812,2024-12-04,21.0
33.208,25.799292,2024-12-05,21.0
32.7028,25.664804,2024-12-06,21.0
27.12,25.925554,2024-12-07,21.0
14.88,26.86707,2024-12-08,21.0
45.496,28.340307,2024-12-09,21.0
17.412,25.448992,2024-12-10,21.0
46.82,28.114092,2024-12-11,21.0
27.28,27.780832,2024-12-12,21.0
38.88,28.433523,2024-12-13,21.0
30.872,27.610596,2024-12-14,21.0
27.908,28.286816,2024-12-15,21.0
32.0,30.61817,2024-12-16,21.0
33.428,29.844086,2024-12-17,21.0
36.312,31.194038,2024-12-18,21.0
25.248,32.143063,2024-12-19,21.0
37.692,32.778507,2024-12-20,21.0
32.388,30.791052,2024-12-21,21.0
25.28,31.411367,2024-12-22,21.0
16.56,33.319298,2024-12-23,21.0
37.72,32.08416,2024-12-24,21.0
30.8,31.23029,2024-12-25,21.0
41.384,30.74183,2024-12-26,21.0
28.648,30.354757,2024-12-27,21.0
27.232,28.677198,2024-12-28,21.0
28.28,28.8758,2024-12-29,21.0
28.508,28.762827,2024-12-30,21.0
28.588,28.29242,2024-12-31,21.0
37.772,28.343866,2025-01-01,21.0
22.628,28.895025,2025-01-02,21.0
30.252,29.750753,2025-01-03,21.0
35.908,28.570078,2025-01-04,21.0
24.332,28.511726,2025-01-05,21.0
35.708,29.900717,2025-01-06,21.0
32.8628,29.415377,2025-01-07,21.0
23.216,29.874128,2025-01-08,21.0
28.6228,30.551203,2025-01-09,21.0
35.212,30.009676,2025-01-10,21.0
41.112,27.83085,2025-01-11,21.0
32.112,28.089453,2025-01-12,21.0
25.6,30.177507,2025-01-13,21.0
30.468,31.020876,2025-01-14,21.0
29.18,31.021053,2025-01-15,21.0
37.928,30.677652,2025-01-16,21.0
33.9428,29.597898,2025-01-17,21.0
36.808,29.398888,2025-01-18,21.0
31.5,30.078201,2025-01-19,21.0
26.64,30.591074,2025-01-20,21.0
36.308,30.817274,2025-01-21,21.0
45.2228,29.887287,2025-01-22,21.0
29.296,30.483496,2025-01-23,21.0
41.6,31.244175,2025-01-24,21.0
29.092,31.027414,2025-01-25,21.0
27.588,31.163645,2025-01-26,21.0
33.2228,32.70388,2025-01-27,21.0
32.056,32.69668,2025-01-28,21.0
29.392,32.905,2025-01-29,21.0
45.568,33.57567,2025-01-30,21.0
29.96,32.620537,2025-01-31,21.0
28.192,32.310406,2025-02-01,21.0
35.968,32.80586,2025-02-02,21.0
27.76,31.43602,2025-02-03,21.0
30.744,32.580357,2025-02-04,21.0
46.268,32.191586,2025-02-05,21.0
19.852,32.698154,2025-02-06,21.0
30.44,32.346615,2025-02-07,21.0
25.576,31.126991,2025-02-08,21.0
33.9028,29.709915,2025-02-09,21.0
31.288,29.034763,2025-02-10,21.0
25.528,28.807465,2025-02-11,21.0
30.08,29.800468,2025-02-12,21.0
39.64,29.128,2025-02-13,21.0
38.78,29.351786,2025-02-14,21.0
32.608,29.613783,2025-02-15,21.0
20.3028,31.617182,2025-02-16,21.0
32.336,32.237423,2025-02-17,21.0
22.872,30.819056,2025-02-18,21.0
30.08,29.369925,2025-02-19,21.0
32.992,28.638044,2025-02-20,21.0
28.428,28.113516,2025-02-21,21.0
36.32,27.749575,2025-02-22,21.0
26.372,28.313204,2025-02-23,21.0
37.416,29.527517,2025-02-24,21.0
35.732,30.060978,2025-02-25,21.0
17.76,32.276096,2025-02-26,21.0
48.028,32.932858,2025-02-27,21.0
11.392,30.813444,2025-02-28,21.0
28.98,30.943792,2025-03-01,21.0
33.811,28.62506,2025-03-02,21.0
29.336,27.729475,2025-03-03,21.0
27.311,28.875338,2025-03-04,21.0
30.928,29.219177,2025-03-05,21.0
22.992,29.49389,2025-03-06,21.0
27.96,29.317427,2025-03-07,21.0
29.14,28.746147,2025-03-08,21.0
28.308,27.565235,2025-03-09,21.0
24.1428,28.104757,2025-03-10,21.0
21.12,28.217806,2025-03-11,21.0
36.016,27.146212,2025-03-12,21.0
26.992,26.67105,2025-03-13,21.0
26.9,26.863035,2025-03-14,21.0
32.332,26.43041,2025-03-15,21.0
18.4,26.97143,2025-03-16,21.0
19.336,27.48892,2025-03-17,21.0
25.211,26.82171,2025-03-18,21.0
27.3,26.347155,2025-03-19,21.0
11.808,25.784193,2025-03-20,21.0
28.632,25.937132,2025-03-21,21.0
27.592,23.761238,2025-03-22,21.0
19.648,23.481432,2025-03-23,21.0
24.18,24.651293,2025-03-24,21.0
38.08,24.854944,2025-03-25,21.0
26.86,24.86016,2025-03-26,21.0
11.088,25.753061,2025-03-27,21.0
38.311,26.482655,2025-03-28,21.0
28.7,23.821867,2025-03-29,21.0
17.88,24.835108,2025-03-30,21.0
28.411,26.597647,2025-03-31,21.0
29.168,25.953798,2025-04-01,21.0
23.568,25.973253,2025-04-02,21.0
24.544,27.141155,2025-04-03,21.0
23.32,27.432322,2025-04-04,21.0
27.52,25.309452,2025-04-05,21.0
24.488,25.218298,2025-04-06,21.0
22.62,25.93409,2025-04-07,21.0
29.411,26.16509,2025-04-08,21.0
23.176,26.691309,2025-04-09,21.0
25.772,27.65185,2025-04-10,21.0
31.84,27.674482,2025-04-11,21.0
23.412,26.628122,2025-04-12,21.0
27.508,27.262793,2025-04-13,21.0
31.612,26.761375,2025-04-14,21.0
28.288,26.537743,2025-04-15,21.0
25.512,27.48074,2025-04-16,21.0
27.888,28.126526,2025-04-17,21.0
25.2,27.545546,2025-04-18,21.0
21.272,26.487951,2025-04-19,21.0
13.776,26.652208,2025-04-20,21.0
32.0,25.81279,2025-04-21,21.0
21.772,24.34207,2025-04-22,21.0
25.652,25.794886,2025-04-23,21.0
26.896,26.406706,2025-04-24,21.0
33.8,25.731543,2025-04-25,21.0
27.2628,24.96456,2025-04-26,21.0
26.668,25.592306,2025-04-27,21.0
27.42,26.446169,2025-04-28,21.0
31.74,26.125765,2025-04-29,21.0
30.48,27.038683,2025-04-30,21.0
37.28,27.575739,2025-05-01,21.0
26.96,28.199465,2025-05-02,21.0
29.52,28.500868,2025-05-03,21.0
21.6,29.17429,2025-05-04,21.0
23.14,28.887888,2025-05-05,21.0
35.711,28.270159,2025-05-06,21.0
30.228,27.492155,2025-05-07,21.0
25.536,28.710917,2025-05-08,21.0
23.32,28.871874,2025-05-09,21.0
27.76,27.722023,2025-05-10,21.0
18.272,27.067648,2025-05-11,21.0
33.352,27.383463,2025-05-12,21.0
23.988,26.064585,2025-05-13,21.0
27.708,26.17955,2025-05-14,21.0
25.28,26.261057,2025-05-15,21.0
27.11,25.770657,2025-05-16,21.0
21.64,25.284956,2025-05-17,21.0
29.372,25.312033,2025-05-18,21.0
24.108,24.917143,2025-05-19,21.0
27.952,24.09817,2025-05-20,21.0
23.248,24.701532,2025-05-21,21.0
27.8628,25.156034,2025-05-22,21.0
26.768,25.29336,2025-05-23,21.0
30.072,24.727936,2025-05-24,21.0
20.896,25.282618,2025-05-25,21.0
26.704,25.993433,2025-05-26,21.0
30.616,26.095787,2025-05-27,21.0
20.92,26.0739,2025-05-28,21.0
29.104,26.951933,2025-05-29,21.0
27.88,26.753904,2025-05-30,21.0
26.336,25.387089,2025-05-31,21.0
16.072,25.69884,2025-06-01,21.0
24.22,25.414873,2025-06-02,21.0
26.748,24.124182,2025-06-03,21.0
26.8628,23.83175,2025-06-04,21.0
27.656,25.068645,2025-06-05,21.0
31.828,24.888683,2025-06-06,21.0
19.752,24.20537,2025-06-07,21.0
31.92,25.088724,2025-06-08,21.0
29.928,25.003002,2025-06-09,21.0
25.492,25.541689,2025-06-10,21.0
25.92,27.240934,2025-06-11,21.0
29.496,27.758806,2025-06-12,21.0
11.2628,26.97313,2025-06-13,21.0
17.64,26.08932,2025-06-14,21.0
14.88,24.989294,2025-06-15,21.0
27.08,22.705326,2025-06-16,21.0
21.428,22.778824,2024-09-18,22.0
28.82,24.162466,2024-09-19,22.0
24.3,24.608866,2024-09-20,22.0
26.248,24.322344,2024-09-21,22.0
28.492,24.306944,2024-09-22,22.0
18.22,24.497381,2024-09-23,22.0
16.61242,25.277044,2024-09-24,22.0
17.610548,25.590818,2024-09-25,22.0
19.031319,23.67309,2024-09-26,22.0
19.317225,22.30732,2024-09-27,22.0
24.13779,21.490305,2024-09-28,22.0
16.488,21.169474,2024-09-29,22.0
27.232,21.5365,2024-09-30,22.0
14.928,21.047953,2024-10-01,22.0
0.532,22.45131,2024-10-02,22.0
16.316135,22.209864,2024-10-03,22.0
21.788,17.539997,2024-10-04,22.0
17.504,15.573761,2024-10-05,22.0
4.628,17.342691,2024-10-06,22.0
13.35559,17.976324,2024-10-07,22.0
16.135893,15.711422,2024-10-08,22.0
22.868,15.427556,2024-10-09,22.0
8.22,15.236442,2024-10-10,22.0
12.368,15.910642,2024-10-11,22.0
18.211,14.897784,2024-10-12,22.0
12.98,14.408643,2024-10-13,22.0
13.417414,14.496013,2024-10-14,22.0
17.19786,13.788644,2024-10-15,22.0
14.112,14.401406,2024-10-16,22.0
22.228,15.596048,2024-10-17,22.0
16.58,15.819194,2024-10-18,22.0
11.712,16.03048,2024-10-19,22.0
20.28,17.173521,2024-10-20,22.0
29.012,15.827992,2024-10-21,22.0
12.112,16.00124,2024-10-22,22.0
49.632,19.85345,2024-10-23,22.0
9.148,20.558313,2024-10-24,22.0
11.7868,24.084114,2024-10-25,22.0
10.1,23.665693,2024-10-26,22.0
44.26,20.694769,2024-10-27,22.0
12.58,17.79927,2024-10-28,22.0
16.320282,20.696272,2024-10-29,22.0
18.86862,23.149214,2024-10-30,22.0
46.432,21.95166,2024-10-31,22.0
14.08,22.165186,2024-11-01,22.0
6.048,23.933811,2024-11-02,22.0
44.86,24.194859,2024-11-03,22.0
33.692,20.737003,2024-11-04,22.0
29.668,22.973227,2024-11-05,22.0
20.968105,26.165045,2024-11-06,22.0
25.411,27.323511,2024-11-07,22.0
45.828,26.550325,2024-11-08,22.0
42.788,26.356373,2024-11-09,22.0
16.892,28.61421,2024-11-10,22.0
24.56432,30.696667,2024-11-11,22.0
19.576,30.254686,2024-11-12,22.0
7.992,29.265911,2024-11-13,22.0
62.632,28.434042,2024-11-14,22.0
49.92,24.781843,2024-11-15,22.0
25.393717,26.441408,2024-11-16,22.0
70.696,29.20119,2024-11-17,22.0
27.472,29.828627,2024-11-18,22.0
27.648,32.477276,2024-11-19,22.0
49.552,35.282734,2024-11-20,22.0
0.72,36.509186,2024-11-21,22.0
27.149633,36.529465,2024-11-22,22.0
25.242577,32.47157,2024-11-23,22.0
23.497503,29.672953,2024-11-24,22.0
25.094692,28.618223,2024-11-25,22.0
19.201052,28.418287,2024-11-26,22.0
20.710695,28.183647,2024-11-27,22.0
24.526375,26.767586,2024-11-28,22.0
27.228125,25.944479,2024-11-29,22.0
26.9368,23.514364,2024-11-30,22.0
10.832,24.4896,2024-12-01,22.0
41.101067,25.08717,2024-12-02,22.0
35.498905,22.631437,2024-12-03,22.0
42.352,24.59787,2024-12-04,22.0
61.656,26.599537,2024-12-05,22.0
16.252,28.511305,2024-12-06,22.0
31.692738,30.206112,2024-12-07,22.0
31.589584,30.595602,2024-12-08,22.0
27.668,31.871214,2024-12-09,22.0
48.5028,31.535582,2024-12-10,22.0
18.508,32.501743,2024-12-11,22.0
39.69651,32.921627,2024-12-12,22.0
30.281866,30.959673,2024-12-13,22.0
32.862713,29.412657,2024-12-14,22.0
56.58,29.250563,2024-12-15,22.0
58.272,31.250742,2024-12-16,22.0
46.016,33.658672,2024-12-17,22.0
42.80571,35.72464,2024-12-18,22.0
38.663227,38.660427,2024-12-19,22.0
29.773745,39.489475,2024-12-20,22.0
30.82465,40.39118,2024-12-21,22.0
32.07459,40.03644,2024-12-22,22.0
48.452,39.338978,2024-12-23,22.0
54.74,37.869656,2024-12-24,22.0
56.912,38.433464,2024-12-25,22.0
39.632175,39.50242,2024-12-26,22.0
30.947954,39.69554,2024-12-27,22.0
32.662495,38.90465,2024-12-28,22.0
57.336,38.720806,2024-12-29,22.0
68.102,39.468575,2024-12-30,22.0
46.448,40.596977,2024-12-31,22.0
46.28657,42.735332,2025-01-01,22.0
44.480995,43.720394,2025-01-02,22.0
28.84,44.636204,2025-01-03,22.0
22.732,44.464252,2025-01-04,22.0
21.66,43.16692,2025-01-05,22.0
58.088,38.58879,2025-01-06,22.0
74.492,34.29962,2025-01-07,22.0
44.526882,36.010757,2025-01-08,22.0
44.386307,38.65944,2025-01-09,22.0
36.81359,40.132404,2025-01-10,22.0
39.80449,40.41039,2025-01-11,22.0
28.107182,42.041386,2025-01-12,22.0
37.61709,42.81085,2025-01-13,22.0
47.305885,40.58959,2025-01-14,22.0
142.48,38.766945,2025-01-15,22.0
52.932,38.47959,2025-01-16,22.0
35.900394,42.141613,2025-01-17,22.0
41.264812,45.02084,2025-01-18,22.0
28.532694,45.61401,2025-01-19,22.0
53.168,45.973743,2025-01-20,22.0
41.96,44.708397,2025-01-21,22.0
46.271095,44.010536,2025-01-22,22.0
44.625717,39.424953,2025-01-23,22.0
35.968502,41.733513,2025-01-24,22.0
52.028,41.90255,2025-01-25,22.0
48.192,40.870815,2025-01-26,22.0
36.27761,43.063602,2025-01-27,22.0
47.765057,43.32478,2025-01-28,22.0
46.382545,44.210423,2025-01-29,22.0
35.228,43.70574,2025-01-30,22.0
29.25,43.587543,2025-01-31,22.0
28.763268,43.28329,2025-02-01,22.0
36.682755,39.694424,2025-02-02,22.0
37.81007,37.267788,2025-02-03,22.0
53.68,37.23234,2025-02-04,22.0
43.14,36.90198,2025-02-05,22.0
39.687675,38.506416,2025-02-06,22.0
38.706738,39.720802,2025-02-07,22.0
26.732,39.67822,2025-02-08,22.0
38.76,39.522198,2025-02-09,22.0
37.54183,37.627823,2025-02-10,22.0
37.70095,36.33989,2025-02-11,22.0
36.908,36.19531,2025-02-12,22.0
68.428,36.282227,2025-02-13,22.0
21.6628,36.61498,2025-02-14,22.0
28.556253,38.435024,2025-02-15,22.0
35.393547,40.135353,2025-02-16,22.0
31.856,37.2551,2025-02-17,22.0
67.664,35.319942,2025-02-18,22.0
26.448,33.933743,2025-02-19,22.0
41.328358,35.31228,2025-02-20,22.0
32.808,35.949512,2025-02-21,22.0
10.3028,35.411316,2025-02-22,22.0
24.96,35.68056,2025-02-23,22.0
79.308,32.800026,2025-02-24,22.0
3.28,30.373137,2025-02-25,22.0
39.165726,32.77927,2025-02-26,22.0
39.681126,32.401722,2025-02-27,22.0
68.28,29.594587,2025-02-28,22.0
61.628,30.532856,2025-03-01,22.0
24.895437,34.21622,2025-03-02,22.0
30.948606,37.76207,2025-03-03,22.0
33.42051,37.212055,2025-03-04,22.0
21.672,37.385708,2025-03-05,22.0
71.688,38.630127,2025-03-06,22.0
48.76,37.106144,2025-03-07,22.0
10.8628,35.63705,2025-03-08,22.0
17.728,37.238472,2025-03-09,22.0
35.102,36.509106,2025-03-10,22.0
26.888,29.906874,2025-03-11,22.0
21.488,29.628454,2025-03-12,22.0
33.132,29.44067,2025-03-13,22.0
17.12,27.067877,2025-03-14,22.0
14.308,26.622574,2025-03-15,22.0
11.032,26.406422,2025-03-16,22.0
16.632,23.29199,2025-03-17,22.0
12.268,20.765257,2025-03-18,22.0
29.528,20.587593,2025-03-19,22.0
25.368,19.413813,2025-03-20,22.0
14.911,20.133024,2025-03-21,22.0
20.432,21.561945,2025-03-22,22.0
12.168,20.847563,2025-03-23,22.0
8.192,19.332684,2025-03-24,22.0
9.536,17.997362,2025-03-25,22.0
13.911,16.183558,2025-03-26,22.0
12.608,14.7261,2025-03-27,22.0
20.172,15.470868,2025-03-28,22.0
22.18,14.983489,2025-03-29,22.0
10.8,15.736273,2025-03-30,22.0
8.992,16.893211,2025-03-31,22.0
9.428,15.729363,2025-04-01,22.0
9.892,13.604125,2025-04-02,22.0
5.456,12.2961235,2025-04-03,22.0
7.711,11.413142,2025-04-04,22.0
5.3,10.381886,2025-04-05,22.0
3.728,10.236171,2025-04-06,22.0
7.24,9.710181,2025-04-07,22.0
7.272,8.475406,2025-04-08,22.0
2.736,8.282761,2025-04-09,22.0
2.64,8.090978,2025-04-10,22.0
1.612,7.0563684,2025-04-11,22.0
6.11,5.891669,2025-04-12,22.0
1.028,5.0282006,2025-04-13,22.0
3.812,4.7213635,2025-04-14,22.0
21.12562,4.4579477,2025-04-15,22.0
8.46,4.499843,2025-04-16,22.0
10.72,6.0393314,2025-04-17,22.0
23.200386,6.8370423,2025-04-18,22.0
21.812939,6.7113605,2025-04-19,22.0
24.3255,9.109099,2025-04-20,22.0
12.048,11.911826,2025-04-21,22.0
11.1828,15.062637,2025-04-22,22.0
1.188,16.307922,2025-04-23,22.0
23.890306,15.894566,2025-04-24,22.0
8.68,12.775508,2025-04-25,22.0
3.92,13.057417,2025-04-26,22.0
4.868,13.703971,2025-04-27,22.0
7.384,12.103902,2025-04-28,22.0
1.412,10.775891,2025-04-29,22.0
10.88,9.9083185,2025-04-30,22.0
5.392,8.169993,2025-05-01,22.0
9.792,8.064687,2025-05-02,22.0
1.56,8.03868,2025-05-03,22.0
13.64,7.947304,2025-05-04,22.0
12.896,6.6784716,2025-05-05,22.0
14.12,6.5089273,2025-05-06,22.0
20.6628,7.689448,2025-05-07,22.0
20.496,9.1022,2025-05-08,22.0
21.892,11.386508,2025-05-09,22.0
13.411,12.626634,2025-05-10,22.0
16.84288,14.727061,2025-05-11,22.0
28.048,14.485047,2025-05-12,22.0
11.928,15.057598,2025-05-13,22.0
18.588,17.686817,2025-05-14,22.0
18.812,17.927435,2025-05-15,22.0
32.8,18.180601,2025-05-16,22.0
23.14,18.415554,2025-05-17,22.0
20.592,21.054781,2025-05-18,22.0
10.656,21.703144,2025-05-19,22.0
36.2228,20.880966,2025-05-20,22.0
12.588,19.559097,2025-05-21,22.0
11.86,21.465384,2025-05-22,22.0
24.032,21.604626,2025-05-23,22.0
24.296,18.88095,2025-05-24,22.0
10.192,19.974823,2025-05-25,22.0
23.276201,20.979445,2025-05-26,22.0
75.288,19.608297,2025-05-27,22.0
28.532,19.453787,2025-05-28,22.0
19.788,25.321875,2025-05-29,22.0
25.984,28.285028,2025-05-30,22.0
14.36,26.681652,2025-05-31,22.0
27.36,26.458128,2025-06-01,22.0
26.456,24.393522,2025-06-02,22.0
41.272,23.826473,2025-06-03,22.0
19.888,23.791681,2025-06-04,22.0
20.172,26.642313,2025-06-05,22.0
22.7,26.725138,2025-06-06,22.0
23.28,24.230742,2025-06-07,22.0
26.432,24.215796,2025-06-08,22.0
32.8,23.641748,2025-06-09,22.0
20.656,24.3026,2025-06-10,22.0
8.211,25.753202,2025-06-11,22.0
38.88,26.649912,2025-06-12,22.0
16.132,22.683863,2025-06-13,22.0
23.570793,22.862799,2025-06-14,22.0
22.448,23.35323,2025-06-15,22.0
11.694221,22.770048,2025-06-16,22.0
9.688,12.651112,2024-09-18,23.0
22.3,11.436595,2024-09-19,23.0
24.04,10.871828,2024-09-20,23.0
22.5,12.094903,2024-09-21,23.0
10.38,15.288666,2024-09-22,23.0
4.452,17.68539,2024-09-23,23.0
5.8,16.615055,2024-09-24,23.0
10.768,14.235435,2024-09-25,23.0
30.14,11.540404,2024-09-26,23.0
11.828,11.061141,2024-09-27,23.0
23.172,13.742118,2024-09-28,23.0
17.088,15.781737,2024-09-29,23.0
31.672,16.88383,2024-09-30,23.0
17.012,16.580627,2024-10-01,23.0
10.472,18.890419,2024-10-02,23.0
11.888,19.70353,2024-10-03,23.0
19.772,18.410215,2024-10-04,23.0
37.02,16.709003,2024-10-05,23.0
19.102,17.253222,2024-10-06,23.0
29.296,20.405806,2024-10-07,23.0
17.864,21.611761,2024-10-08,23.0
21.96,23.303282,2024-10-09,23.0
25.148,22.736164,2024-10-10,23.0
22.25,21.448627,2024-10-11,23.0
28.2,21.302729,2024-10-12,23.0
18.048,21.935392,2024-10-13,23.0
22.492,23.328901,2024-10-14,23.0
11.668,22.857903,2024-10-15,23.0
32.752,23.239752,2024-10-16,23.0
9.952,21.647715,2024-10-17,23.0
11.536,22.234112,2024-10-18,23.0
36.172,20.973372,2024-10-19,23.0
23.52,19.067831,2024-10-20,23.0
24.188,21.14409,2024-10-21,23.0
19.572,22.486265,2024-10-22,23.0
24.852,23.5207,2024-10-23,23.0
21.336,22.856344,2024-10-24,23.0
18.711,22.931383,2024-10-25,23.0
24.18,21.91448,2024-10-26,23.0
19.211,21.714071,2024-10-27,23.0
24.776,22.33952,2024-10-28,23.0
27.552,21.674349,2024-10-29,23.0
29.352,22.371012,2024-10-30,23.0
23.92,23.230753,2024-10-31,23.0
31.258,24.143965,2024-11-01,23.0
28.16,24.185131,2024-11-02,23.0
23.612,24.852533,2024-11-03,23.0
25.288,25.903189,2024-11-04,23.0
21.072,25.558077,2024-11-05,23.0
38.108,26.419474,2024-11-06,23.0
20.25,25.855303,2024-11-07,23.0
26.8,26.440145,2024-11-08,23.0
27.768,25.326155,2024-11-09,23.0
21.264,25.122732,2024-11-10,23.0
37.52,25.631496,2024-11-11,23.0
7.216,24.9613,2024-11-12,23.0
29.424,26.46095,2024-11-13,23.0
19.608,24.63064,2024-11-14,23.0
36.46,24.181913,2024-11-15,23.0
37.7,23.297937,2024-11-16,23.0
17.0,24.424269,2024-11-17,23.0
39.38,26.609423,2024-11-18,23.0
4.64,26.372358,2024-11-19,23.0
4.268,27.577234,2024-11-20,23.0
12.6228,24.427809,2024-11-21,23.0
38.376,19.871819,2024-11-22,23.0
25.912,18.58966,2024-11-23,23.0
18.926859,21.55906,2024-11-24,23.0
22.389324,23.874487,2024-11-25,23.0
16.68478,23.163149,2024-11-26,23.0
23.938536,23.425623,2024-11-27,23.0
20.307186,21.560633,2024-11-28,23.0
23.90361,21.005451,2024-11-29,23.0
37.248,20.79813,2024-11-30,23.0
58.332,21.83541,2024-12-01,23.0
49.611,24.023394,2024-12-02,23.0
37.92,26.927948,2024-12-03,23.0
47.088,29.82864,2024-12-04,23.0
58.96,31.458288,2024-12-05,23.0
41.192,33.712826,2024-12-06,23.0
47.928,36.156864,2024-12-07,23.0
41.22,38.747765,2024-12-08,23.0
27.652,41.273296,2024-12-09,23.0
18.216,42.174015,2024-12-10,23.0
18.792,41.82116,2024-12-11,23.0
55.552,37.72762,2024-12-12,23.0
29.576,32.807896,2024-12-13,23.0
41.944,31.33834,2024-12-14,23.0
51.088,31.107616,2024-12-15,23.0
50.56,32.35716,2024-12-16,23.0
45.76,34.255512,2024-12-17,23.0
51.42,36.635647,2024-12-18,23.0
45.852,39.253716,2024-12-19,23.0
54.088,40.24345,2024-12-20,23.0
59.36,41.489025,2024-12-21,23.0
46.272,43.15861,2024-12-22,23.0
55.6,45.154335,2024-12-23,23.0
43.508,45.37001,2024-12-24,23.0
37.3,46.12634,2024-12-25,23.0
52.848,46.133583,2024-12-26,23.0
49.432,45.06847,2024-12-27,23.0
31.528,43.846363,2024-12-28,23.0
45.0,44.109116,2024-12-29,23.0
41.28,44.491177,2024-12-30,23.0
46.172,44.083733,2024-12-31,23.0
45.06,44.31061,2025-01-01,23.0
32.12,44.369827,2025-01-02,23.0
60.352,44.221134,2025-01-03,23.0
38.948,41.625298,2025-01-04,23.0
49.34,42.076027,2025-01-05,23.0
41.02,42.28285,2025-01-06,23.0
38.78,41.011204,2025-01-07,23.0
48.728,40.928493,2025-01-08,23.0
32.72,41.11088,2025-01-09,23.0
47.652,41.014706,2025-01-10,23.0
48.172,37.600155,2025-01-11,23.0
47.308,37.946976,2025-01-12,23.0
28.94,38.51831,2025-01-13,23.0
39.592,39.9939,2025-01-14,23.0
49.508,39.385334,2025-01-15,23.0
43.972,38.0817,2025-01-16,23.0
45.708,38.43149,2025-01-17,23.0
42.011,38.25085,2025-01-18,23.0
56.988,38.65893,2025-01-19,23.0
48.708,38.831676,2025-01-20,23.0
32.652,40.356083,2025-01-21,23.0
49.66,42.37384,2025-01-22,23.0
47.9,40.836025,2025-01-23,23.0
31.628,40.777527,2025-01-24,23.0
35.292,40.67664,2025-01-25,23.0
33.68,40.467434,2025-01-26,23.0
49.332,39.43628,2025-01-27,23.0
28.008,38.952534,2025-01-28,23.0
35.22,39.81385,2025-01-29,23.0
38.012,39.574104,2025-01-30,23.0
32.576,37.177082,2025-01-31,23.0
20.612,35.72234,2025-02-01,23.0
44.148,35.319874,2025-02-02,23.0
37.4,32.91567,2025-02-03,23.0
45.0628,33.094418,2025-02-04,23.0
55.76,34.280308,2025-02-05,23.0
42.576,35.35028,2025-02-06,23.0
46.252,36.82642,2025-02-07,23.0
61.08,37.670826,2025-02-08,23.0
11.052,39.397503,2025-02-09,23.0
9.748,42.2233,2025-02-10,23.0
18.948,39.60156,2025-02-11,23.0
45.36,33.52029,2025-02-12,23.0
31.064,29.527636,2025-02-13,23.0
47.376,29.906275,2025-02-14,23.0
35.132,29.465475,2025-02-15,23.0
28.5,30.243069,2025-02-16,23.0
38.248,31.339628,2025-02-17,23.0
38.112,31.131907,2025-02-18,23.0
43.26,30.163593,2025-02-19,23.0
53.828,30.221937,2025-02-20,23.0
27.6628,30.931902,2025-02-21,23.0
36.612,31.465834,2025-02-22,23.0
44.784,32.23122,2025-02-23,23.0
55.628,33.62682,2025-02-24,23.0
53.38,36.614296,2025-02-25,23.0
64.728,39.544147,2025-02-26,23.0
60.392,40.507435,2025-02-27,23.0
29.552,42.13103,2025-02-28,23.0
49.528,43.63366,2025-03-01,23.0
54.552,44.564125,2025-03-02,23.0
58.208,44.715565,2025-03-03,23.0
43.528,44.688396,2025-03-04,23.0
38.64,45.32089,2025-03-05,23.0
42.66,45.862896,2025-03-06,23.0
35.008,44.715805,2025-03-07,23.0
38.08,44.190453,2025-03-08,23.0
18.992,43.26059,2025-03-09,23.0
17.32,42.43821,2025-03-10,23.0
22.808,38.885853,2025-03-11,23.0
19.92,34.025963,2025-03-12,23.0
17.744,30.526701,2025-03-13,23.0
22.76,27.669495,2025-03-14,23.0
12.188,25.134768,2025-03-15,23.0
9.372,24.385578,2025-03-16,23.0
28.088,22.840519,2025-03-17,23.0
22.328,20.070137,2025-03-18,23.0
19.464,20.227448,2025-03-19,23.0
22.228,21.371447,2025-03-20,23.0
21.052,20.845875,2025-03-21,23.0
22.64,20.495314,2025-03-22,23.0
22.008,21.153685,2025-03-23,23.0
30.58,20.422613,2025-03-24,23.0
10.96,21.05805,2025-03-25,23.0
22.292,23.344154,2025-03-26,23.0
33.448,21.955454,2025-03-27,23.0
28.711,21.737986,2025-03-28,23.0
12.028,22.772121,2025-03-29,23.0
14.652,24.464481,2025-03-30,23.0
21.708,23.646524,2025-03-31,23.0
7.628,21.567991,2025-04-01,23.0
21.64,21.570417,2025-04-02,23.0
4.48,19.289396,2025-04-03,23.0
23.472,19.025757,2025-04-04,23.0
11.048,17.253288,2025-04-05,23.0
12.332,17.726545,2025-04-06,23.0
24.612,16.39979,2025-04-07,23.0
11.988,15.5799055,2025-04-08,23.0
21.8,18.198765,2025-04-09,23.0
24.108,18.72003,2025-04-10,23.0
13.912,19.01431,2025-04-11,23.0
26.4,19.610575,2025-04-12,23.0
19.952,19.621807,2025-04-13,23.0
36.428,19.220034,2025-04-14,23.0
22.3,19.41743,2025-04-15,23.0
39.608,22.736628,2025-04-16,23.0
16.532,23.914583,2025-04-17,23.0
23.372,25.328619,2025-04-18,23.0
17.496,24.34295,2025-04-19,23.0
23.72,23.898516,2025-04-20,23.0
23.892,22.967834,2025-04-21,23.0
20.211,23.431097,2025-04-22,23.0
21.016,24.811556,2025-04-23,23.0
23.224,24.380878,2025-04-24,23.0
32.096,23.67742,2025-04-25,23.0
26.944,22.614468,2025-04-26,23.0
25.12,23.497965,2025-04-27,23.0
30.228,24.204248,2025-04-28,23.0
23.588,24.137499,2025-04-29,23.0
29.84,25.011003,2025-04-30,23.0
36.7828,25.319597,2025-05-01,23.0
25.336,25.604033,2025-05-02,23.0
21.132,25.87343,2025-05-03,23.0
39.252,26.804815,2025-05-04,23.0
24.028,26.12485,2025-05-05,23.0
26.18,26.667505,2025-05-06,23.0
27.072,27.192106,2025-05-07,23.0
10.928,26.835054,2025-05-08,23.0
19.608,26.667372,2025-05-09,23.0
26.6628,24.423254,2025-05-10,23.0
29.856,23.214153,2025-05-11,23.0
29.272,23.425264,2025-05-12,23.0
25.48,24.694265,2025-05-13,23.0
31.2,25.688444,2025-05-14,23.0
30.28,25.12002,2025-05-15,23.0
27.088,25.01999,2025-05-16,23.0
28.88,24.772524,2025-05-17,23.0
36.372,25.566265,2025-05-18,23.0
27.012,25.936483,2025-05-19,23.0
33.428,26.208721,2025-05-20,23.0
30.1,26.529299,2025-05-21,23.0
38.608,26.923933,2025-05-22,23.0
30.784,27.415071,2025-05-23,23.0
32.048,27.17163,2025-05-24,23.0
31.928,28.288904,2025-05-25,23.0
22.8228,29.082865,2025-05-26,23.0
25.288,29.533024,2025-05-27,23.0
28.368,28.554564,2025-05-28,23.0
31.0,28.08514,2025-05-29,23.0
29.832,27.936552,2025-05-30,23.0
23.56,26.7076,2025-05-31,23.0
21.06,26.458609,2025-06-01,23.0
23.268,26.016584,2025-06-02,23.0
18.0,25.243368,2025-06-03,23.0
29.44,24.523184,2025-06-04,23.0
23.112,23.727749,2025-06-05,23.0
30.36,23.815111,2025-06-06,23.0
11.392,22.800047,2025-06-07,23.0
24.8,23.392937,2025-06-08,23.0
32.2,22.39659,2025-06-09,23.0
24.72,21.775202,2025-06-10,23.0
31.976,23.8244,2025-06-11,23.0
25.532,24.642519,2025-06-12,23.0
22.68,25.263105,2025-06-13,23.0
11.932,24.418236,2025-06-14,23.0
16.0,24.577265,2025-06-15,23.0
26.63,22.304655,2025-06-16,23.0
11.72,16.68979,2024-09-18,24.0
20.288,16.741007,2024-09-19,24.0
32.752,15.791749,2024-09-20,24.0
25.06,15.9013605,2024-09-21,24.0
20.292,18.753742,2024-09-22,24.0
11.28,20.499239,2024-09-23,24.0
11.288,20.570194,2024-09-24,24.0
20.628,19.458597,2024-09-25,24.0
29.68,16.978058,2024-09-26,24.0
29.98,17.126516,2024-09-27,24.0
24.628,19.33702,2024-09-28,24.0
11.88,22.038336,2024-09-29,24.0
30.88,23.334795,2024-09-30,24.0
24.08,21.100233,2024-10-01,24.0
17.012,22.146154,2024-10-02,24.0
25.52,23.7591,2024-10-03,24.0
12.908,23.093153,2024-10-04,24.0
33.272,23.03425,2024-10-05,24.0
20.072,22.548906,2024-10-06,24.0
22.688,22.911833,2024-10-07,24.0
29.032,23.000319,2024-10-08,24.0
32.668,23.868029,2024-10-09,24.0
19.8,24.782743,2024-10-10,24.0
23.82,25.458082,2024-10-11,24.0
25.58,24.521273,2024-10-12,24.0
27.02,23.724802,2024-10-13,24.0
29.368,24.530958,2024-10-14,24.0
23.24,24.770582,2024-10-15,24.0
27.432,26.045187,2024-10-16,24.0
20.968,26.292643,2024-10-17,24.0
10.032,26.201216,2024-10-18,24.0
20.08,24.868132,2024-10-19,24.0
23.288,22.813154,2024-10-20,24.0
46.0,21.847904,2024-10-21,24.0
14.052,22.601263,2024-10-22,24.0
27.892,26.088312,2024-10-23,24.0
25.248,26.051783,2024-10-24,24.0
23.088,25.083605,2024-10-25,24.0
10.032,24.822748,2024-10-26,24.0
25.888,24.64283,2024-10-27,24.0
17.432,22.141262,2024-10-28,24.0
37.7,21.703947,2024-10-29,24.0
24.012,23.189545,2024-10-30,24.0
26.828,24.823906,2024-10-31,24.0
39.52,25.600138,2024-11-01,24.0
37.38,25.324083,2024-11-02,24.0
29.64,26.746603,2024-11-03,24.0
7.368,28.600498,2024-11-04,24.0
25.984,29.14017,2024-11-05,24.0
18.208,27.221926,2024-11-06,24.0
31.272,26.573917,2024-11-07,24.0
19.788,25.76429,2024-11-08,24.0
22.82,25.24362,2024-11-09,24.0
25.288,25.15702,2024-11-10,24.0
20.424,24.832808,2024-11-11,24.0
23.336,24.402155,2024-11-12,24.0
29.732,23.743887,2024-11-13,24.0
23.788,24.057158,2024-11-14,24.0
18.412,24.751308,2024-11-15,24.0
14.0,24.36032,2024-11-16,24.0
45.11,23.494762,2024-11-17,24.0
24.628,21.983093,2024-11-18,24.0
22.6,23.890417,2024-11-19,24.0
16.732,26.155762,2024-11-20,24.0
29.492,26.002699,2024-11-21,24.0
20.768,24.727285,2024-11-22,24.0
26.190437,24.427221,2024-11-23,24.0
27.748457,24.657873,2024-11-24,24.0
25.163582,24.327215,2024-11-25,24.0
23.084198,24.866926,2024-11-26,24.0
24.380838,25.90601,2024-11-27,24.0
31.063702,25.621773,2024-11-28,24.0
25.477945,25.050173,2024-11-29,24.0
25.1012,25.019598,2024-11-30,24.0
24.448,25.35946,2024-12-01,24.0
21.112,25.77475,2024-12-02,24.0
25.176,24.872944,2024-12-03,24.0
30.192,25.315935,2024-12-04,24.0
36.36,25.585407,2024-12-05,24.0
28.992,26.155828,2024-12-06,24.0
26.748,26.382193,2024-12-07,24.0
22.62,26.936823,2024-12-08,24.0
29.74,28.138243,2024-12-09,24.0
19.528,26.344812,2024-12-10,24.0
36.44,27.05635,2024-12-11,24.0
22.032,26.943693,2024-12-12,24.0
20.72,27.165684,2024-12-13,24.0
20.548,25.819399,2024-12-14,24.0
25.66,24.979618,2024-12-15,24.0
19.62,25.020609,2024-12-16,24.0
22.708,24.195536,2024-12-17,24.0
38.6228,24.745314,2024-12-18,24.0
25.488,24.803885,2024-12-19,24.0
25.032,26.091934,2024-12-20,24.0
39.76,25.807241,2024-12-21,24.0
35.92,26.497591,2024-12-22,24.0
26.548,28.158457,2024-12-23,24.0
27.972,29.307562,2024-12-24,24.0
32.812,29.919796,2024-12-25,24.0
27.132,29.563627,2024-12-26,24.0
18.188,29.335932,2024-12-27,24.0
43.411,27.935665,2024-12-28,24.0
27.14,26.777788,2024-12-29,24.0
32.42,28.56579,2024-12-30,24.0
38.8,29.3756,2024-12-31,24.0
38.532,29.936554,2025-01-01,24.0
22.068,30.509851,2025-01-02,24.0
25.492,32.638496,2025-01-03,24.0
16.648,31.218111,2025-01-04,24.0
35.02,29.20999,2025-01-05,24.0
32.132,28.42136,2025-01-06,24.0
31.8,27.921442,2025-01-07,24.0
33.376,28.664825,2025-01-08,24.0
36.192,29.428703,2025-01-09,24.0
20.88,30.059423,2025-01-10,24.0
33.64,29.154324,2025-01-11,24.0
31.768,28.811882,2025-01-12,24.0
32.028,28.34845,2025-01-13,24.0
4.384,29.735388,2025-01-14,24.0
51.288,30.229336,2025-01-15,24.0
39.96,27.79479,2025-01-16,24.0
17.992,27.10501,2025-01-17,24.0
35.468,28.382498,2025-01-18,24.0
31.928,28.660591,2025-01-19,24.0
37.768,28.43427,2025-01-20,24.0
32.1028,29.104422,2025-01-21,24.0
17.168,30.088343,2025-01-22,24.0
23.52,29.03112,2025-01-23,24.0
28.288,28.304338,2025-01-24,24.0
26.5828,26.913166,2025-01-25,24.0
7.096,26.079077,2025-01-26,24.0
22.8,27.079355,2025-01-27,24.0
26.828,25.284098,2025-01-28,24.0
19.428,24.922045,2025-01-29,24.0
33.664,25.714148,2025-01-30,24.0
23.896,23.817621,2025-01-31,24.0
28.2628,24.271284,2025-02-01,24.0
12.136,24.751833,2025-02-02,24.0
9.872,24.903803,2025-02-03,24.0
48.872,23.492342,2025-02-04,24.0
13.108,21.202604,2025-02-05,24.0
25.508,24.50316,2025-02-06,24.0
23.811,24.38568,2025-02-07,24.0
28.068,23.294847,2025-02-08,24.0
25.384,23.341135,2025-02-09,24.0
17.656,23.969484,2025-02-10,24.0
29.984,24.281118,2025-02-11,24.0
4.92,23.427488,2025-02-12,24.0
25.528,25.537798,2025-02-13,24.0
29.58,23.211403,2025-02-14,24.0
19.258,22.06957,2025-02-15,24.0
10.2,23.597786,2025-02-16,24.0
13.892,23.987867,2025-02-17,24.0
17.76,22.287647,2025-02-18,24.0
5.76,19.485636,2025-02-19,24.0
39.32,18.77476,2025-02-20,24.0
22.148,16.109642,2025-02-21,24.0
11.932,18.511822,2025-02-22,24.0
25.452,21.203697,2025-02-23,24.0
17.136,19.94037,2025-02-24,24.0
27.424,19.902994,2025-02-25,24.0
10.776,21.142275,2025-02-26,24.0
30.2228,23.200804,2025-02-27,24.0
1.828,21.695173,2025-02-28,24.0
23.536,21.971857,2025-03-01,24.0
16.852,19.702242,2025-03-02,24.0
5.308,18.42797,2025-03-03,24.0
31.16,19.663462,2025-03-04,24.0
10.304,17.779211,2025-03-05,24.0
28.76,19.567986,2025-03-06,24.0
26.368,19.368711,2025-03-07,24.0
17.288,19.914747,2025-03-08,24.0
12.912,20.830992,2025-03-09,24.0
12.72,21.247524,2025-03-10,24.0
25.208,19.455057,2025-03-11,24.0
32.972,18.068712,2025-03-12,24.0
25.6,19.132368,2025-03-13,24.0
23.388,20.920088,2025-03-14,24.0
17.652,22.40854,2025-03-15,24.0
8.588,23.65415,2025-03-16,24.0
10.6,22.394564,2025-03-17,24.0
18.8228,20.222649,2025-03-18,24.0
11.008,18.111237,2025-03-19,24.0
17.0,18.26743,2025-03-20,24.0
17.56,17.775759,2025-03-21,24.0
24.02,17.16054,2025-03-22,24.0
12.24,17.637142,2025-03-23,24.0
20.868,17.85719,2025-03-24,24.0
8.12,17.22663,2025-03-25,24.0
22.104,17.507572,2025-03-26,24.0
19.028,16.528223,2025-03-27,24.0
37.76,17.207531,2025-03-28,24.0
17.188,17.714237,2025-03-29,24.0
13.62,21.136736,2025-03-30,24.0
6.928,22.300055,2025-03-31,24.0
27.411,20.396894,2025-04-01,24.0
23.88,17.58202,2025-04-02,24.0
25.248,18.333677,2025-04-03,24.0
14.711,20.9769,2025-04-04,24.0
10.748,21.386335,2025-04-05,24.0
5.748,21.755812,2025-04-06,24.0
13.12,19.226645,2025-04-07,24.0
16.052,15.826381,2025-04-08,24.0
10.98,15.313146,2025-04-09,24.0
21.54,16.878553,2025-04-10,24.0
10.48,16.798002,2025-04-11,24.0
7.14,17.335913,2025-04-12,24.0
10.16,16.269373,2025-04-13,24.0
19.008,12.803051,2025-04-14,24.0
18.312,11.1618185,2025-04-15,24.0
17.7,12.713311,2025-04-16,24.0
20.88,14.903619,2025-04-17,24.0
31.82,15.784731,2025-04-18,24.0
20.272,16.272203,2025-04-19,24.0
16.36,19.073696,2025-04-20,24.0
16.056,19.530298,2025-04-21,24.0
14.172,19.524633,2025-04-22,24.0
5.868,20.170034,2025-04-23,24.0
14.56,19.703611,2025-04-24,24.0
9.552,17.0349,2025-04-25,24.0
22.768,15.630765,2025-04-26,24.0
20.6628,15.106711,2025-04-27,24.0
9.308,15.250535,2025-04-28,24.0
10.532,17.149511,2025-04-29,24.0
20.536,16.867533,2025-04-30,24.0
20.492,14.986182,2025-05-01,24.0
37.5,15.450391,2025-05-02,24.0
11.11,16.520666,2025-05-03,24.0
10.72,20.4034,2025-05-04,24.0
25.112,20.709663,2025-05-05,24.0
14.24,18.13002,2025-05-06,24.0
20.28,18.622278,2025-05-07,24.0
29.208,19.00051,2025-05-08,24.0
24.72,19.385538,2025-05-09,24.0
18.288,20.319992,2025-05-10,24.0
18.7428,22.134443,2025-05-11,24.0
26.92,21.154955,2025-05-12,24.0
11.776,20.467579,2025-05-13,24.0
27.732,21.567654,2025-05-14,24.0
33.908,20.101711,2025-05-15,24.0
20.632,20.786877,2025-05-16,24.0
22.928,22.4123,2025-05-17,24.0
27.4628,23.304949,2025-05-18,24.0
17.48,22.984537,2025-05-19,24.0
25.428,22.537548,2025-05-20,24.0
22.12,22.246344,2025-05-21,24.0
21.18,22.3599,2025-05-22,24.0
18.02,22.79453,2025-05-23,24.0
22.452,22.329304,2025-05-24,24.0
21.258,22.030785,2025-05-25,24.0
16.42,21.840292,2025-05-26,24.0
28.512,21.934023,2025-05-27,24.0
21.856,21.413813,2025-05-28,24.0
29.92,22.865694,2025-05-29,24.0
14.664,23.541456,2025-05-30,24.0
20.32,22.937809,2025-05-31,24.0
10.448,21.858744,2025-06-01,24.0
13.568,20.666536,2025-06-02,24.0
12.984,18.824621,2025-06-03,24.0
29.548,17.719845,2025-06-04,24.0
32.26,17.641703,2025-06-05,24.0
26.84,19.19127,2025-06-06,24.0
16.68,20.611822,2025-06-07,24.0
25.26,21.931746,2025-06-08,24.0
23.308,21.298857,2025-06-09,24.0
17.6,21.205805,2025-06-10,24.0
25.56,22.687899,2025-06-11,24.0
18.28,22.48392,2025-06-12,24.0
13.492,22.801243,2025-06-13,24.0
12.76,22.061192,2025-06-14,24.0
7.86,20.72163,2025-06-15,24.0
17.378,18.609232,2025-06-16,24.0
10.78,6.200602,2024-09-18,25.0
13.86,6.012913,2024-09-19,25.0
6.96,6.423761,2024-09-20,25.0
13.49,7.2469163,2024-09-21,25.0
7.61,7.5560675,2024-09-22,25.0
9.93,8.116284,2024-09-23,25.0
3.528,8.425757,2024-09-24,25.0
10.828,8.9438925,2024-09-25,25.0
13.03,8.20798,2024-09-26,25.0
12.59,8.219342,2024-09-27,25.0
11.8,8.701453,2024-09-28,25.0
10.61,9.653447,2024-09-29,25.0
12.37,10.022042,2024-09-30,25.0
9.79,9.923737,2024-10-01,25.0
10.928,10.731416,2024-10-02,25.0
10.01,10.670634,2024-10-03,25.0
11.08,10.60254,2024-10-04,25.0
10.9,10.321696,2024-10-05,25.0
14.13,10.758339,2024-10-06,25.0
13.51,10.54589,2024-10-07,25.0
10.56,10.832457,2024-10-08,25.0
17.32,12.185157,2024-10-09,25.0
9.47,12.23775,2024-10-10,25.0
13.77,12.879746,2024-10-11,25.0
10.1,12.046449,2024-10-12,25.0
10.39,12.315658,2024-10-13,25.0
10.59,11.846351,2024-10-14,25.0
10.528,11.280541,2024-10-15,25.0
10.228,11.73206,2024-10-16,25.0
13.12,11.704269,2024-10-17,25.0
19.32,11.442463,2024-10-18,25.0
11.85,11.031241,2024-10-19,25.0
18.97,12.82834,2024-10-20,25.0
17.37,12.761287,2024-10-21,25.0
13.09,13.441587,2024-10-22,25.0
21.73,15.617856,2024-10-23,25.0
12.53,15.866369,2024-10-24,25.0
19.89,16.8219,2024-10-25,25.0
18.45,16.36336,2024-10-26,25.0
17.25,17.329111,2024-10-27,25.0
11.59,17.66673,2024-10-28,25.0
21.27,17.494253,2024-10-29,25.0
21.64,17.516989,2024-10-30,25.0
22.19,18.553448,2024-10-31,25.0
21.64,19.847372,2024-11-01,25.0
17.06,20.24835,2024-11-02,25.0
21.8,21.292236,2024-11-03,25.0
18.52,20.54148,2024-11-04,25.0
19.9,19.93421,2024-11-05,25.0
21.58,21.047647,2024-11-06,25.0
13.43,21.99349,2024-11-07,25.0
22.05,22.646013,2024-11-08,25.0
19.22,21.233746,2024-11-09,25.0
17.81,21.397808,2024-11-10,25.0
26.81,21.106268,2024-11-11,25.0
21.25,20.46227,2024-11-12,25.0
21.61,22.271946,2024-11-13,25.0
18.59,23.356142,2024-11-14,25.0
17.57,23.224316,2024-11-15,25.0
25.8,21.85594,2024-11-16,25.0
12.73,21.710022,2024-11-17,25.0
20.75,21.801676,2024-11-18,25.0
24.71,21.113005,2024-11-19,25.0
19.728,21.845947,2024-11-20,25.0
21.12,23.193468,2024-11-21,25.0
17.618887,23.095139,2024-11-22,25.0
17.69668,22.367485,2024-11-23,25.0
17.66786,21.988928,2024-11-24,25.0
16.836596,20.872173,2024-11-25,25.0
16.753767,19.884167,2024-11-26,25.0
18.432762,20.532848,2024-11-27,25.0
17.28628,20.924173,2024-11-28,25.0
17.890724,20.781214,2024-11-29,25.0
25.286,19.897537,2024-11-30,25.0
37.79,19.595419,2024-12-01,25.0
27.08,20.419817,2024-12-02,25.0
29.77,22.620964,2024-12-03,25.0
27.74,25.009459,2024-12-04,25.0
27.22,26.16408,2024-12-05,25.0
33.93,26.667303,2024-12-06,25.0
32.63,26.249678,2024-12-07,25.0
28.82,27.372782,2024-12-08,25.0
26.728,29.02577,2024-12-09,25.0
35.29,29.591642,2024-12-10,25.0
35.46,29.72473,2024-12-11,25.0
26.23,30.004496,2024-12-12,25.0
30.25,30.556782,2024-12-13,25.0
27.73,28.555693,2024-12-14,25.0
30.72,28.0813,2024-12-15,25.0
32.9,29.147177,2024-12-16,25.0
30.25,29.539938,2024-12-17,25.0
29.76,30.293173,2024-12-18,25.0
26.77,31.294355,2024-12-19,25.0
28.198,31.156597,2024-12-20,25.0
27.0228,29.505493,2024-12-21,25.0
26.328,29.796007,2024-12-22,25.0
28.488,29.943249,2024-12-23,25.0
30.1428,29.165342,2024-12-24,25.0
27.988,29.597971,2024-12-25,25.0
31.16,29.475492,2024-12-26,25.0
25.96,28.452604,2024-12-27,25.0
23.652,27.04605,2024-12-28,25.0
26.0,26.827587,2024-12-29,25.0
35.188,26.3756,2024-12-30,25.0
31.652,26.174086,2024-12-31,25.0
22.96,27.532434,2025-01-01,25.0
25.628,28.549276,2025-01-02,25.0
28.38,27.901766,2025-01-03,25.0
23.92,26.754164,2025-01-04,25.0
26.08,27.029732,2025-01-05,25.0
36.7,27.39152,2025-01-06,25.0
30.58,26.634306,2025-01-07,25.0
32.102,28.3071,2025-01-08,25.0
35.788,29.469357,2025-01-09,25.0
23.732,29.188192,2025-01-10,25.0
25.36,28.805151,2025-01-11,25.0
36.296,28.486292,2025-01-12,25.0
24.232,27.732285,2025-01-13,25.0
26.84,28.55974,2025-01-14,25.0
23.432,29.406256,2025-01-15,25.0
26.228,28.615747,2025-01-16,25.0
22.12,27.135153,2025-01-17,25.0
28.948,26.692438,2025-01-18,25.0
23.744,26.467638,2025-01-19,25.0
31.128,26.312998,2025-01-20,25.0
16.82,26.488436,2025-01-21,25.0
19.932,25.90781,2025-01-22,25.0
11.488,25.439758,2025-01-23,25.0
20.528,23.844507,2025-01-24,25.0
14.928,21.119211,2025-01-25,25.0
17.311,20.515402,2025-01-26,25.0
19.448,20.602383,2025-01-27,25.0
21.9,20.629524,2025-01-28,25.0
11.2,21.75152,2025-01-29,25.0
17.928,22.274704,2025-01-30,25.0
11.808,19.63777,2025-01-31,25.0
18.28,17.797754,2025-02-01,25.0
20.872,17.024466,2025-02-02,25.0
20.168,16.587872,2025-02-03,25.0
20.192,18.212214,2025-02-04,25.0
20.848,19.267471,2025-02-05,25.0
17.552,20.21581,2025-02-06,25.0
23.6,19.61814,2025-02-07,25.0
21.028,17.858812,2025-02-08,25.0
23.168,18.252172,2025-02-09,25.0
13.372,19.034515,2025-02-10,25.0
17.0,19.70006,2025-02-11,25.0
22.508,20.499758,2025-02-12,25.0
11.0,20.271202,2025-02-13,25.0
19.911,20.431005,2025-02-14,25.0
17.78,18.81129,2025-02-15,25.0
18.828,18.840878,2025-02-16,25.0
17.96,18.987688,2025-02-17,25.0
11.4228,19.780827,2025-02-18,25.0
22.468,18.999962,2025-02-19,25.0
20.548,17.613691,2025-02-20,25.0
17.8228,18.067366,2025-02-21,25.0
27.208,17.579103,2025-02-22,25.0
23.648,18.232092,2025-02-23,25.0
21.5828,19.674791,2025-02-24,25.0
14.088,21.304285,2025-02-25,25.0
21.328,23.548315,2025-02-26,25.0
17.028,22.795948,2025-02-27,25.0
10.784,21.879366,2025-02-28,25.0
29.08,20.301172,2025-03-01,25.0
10.6,18.472857,2025-03-02,25.0
33.988,20.150232,2025-03-03,25.0
8.228,20.323925,2025-03-04,25.0
31.672,21.342134,2025-03-05,25.0
19.032,21.17354,2025-03-06,25.0
16.828,21.803974,2025-03-07,25.0
9.78,21.362097,2025-03-08,25.0
26.18,20.353746,2025-03-09,25.0
14.708,19.159725,2025-03-10,25.0
19.08,18.950844,2025-03-11,25.0
16.211,19.539104,2025-03-12,25.0
10.028,19.60678,2025-03-13,25.0
19.8,19.397303,2025-03-14,25.0
13.052,16.963581,2025-03-15,25.0
11.12,17.292173,2025-03-16,25.0
11.308,16.311539,2025-03-17,25.0
6.78,15.618484,2025-03-18,25.0
26.26,15.261317,2025-03-19,25.0
16.74,13.224106,2025-03-20,25.0
18.752,14.143327,2025-03-21,25.0
9.808,15.186439,2025-03-22,25.0
22.4,16.11074,2025-03-23,25.0
18.82,14.666198,2025-03-24,25.0
17.628,15.135648,2025-03-25,25.0
12.011,16.701101,2025-03-26,25.0
12.0,17.21543,2025-03-27,25.0
22.92,17.547215,2025-03-28,25.0
14.668,15.980397,2025-03-29,25.0
14.22,16.693846,2025-03-30,25.0
11.128,16.686964,2025-03-31,25.0
11.311,16.182152,2025-04-01,25.0
20.58,15.661247,2025-04-02,25.0
17.88,14.628742,2025-04-03,25.0
11.7,15.008652,2025-04-04,25.0
8.272,15.709248,2025-04-05,25.0
14.2,15.704316,2025-04-06,25.0
21.948,14.155963,2025-04-07,25.0
12.82,13.47107,2025-04-08,25.0
14.42,15.849346,2025-04-09,25.0
18.508,16.428104,2025-04-10,25.0
20.104,16.3892,2025-04-11,25.0
12.488,16.418833,2025-04-12,25.0
11.94,16.875502,2025-04-13,25.0
21.292,15.460302,2025-04-14,25.0
19.268,14.681371,2025-04-15,25.0
18.252,16.58697,2025-04-16,25.0
20.258,17.633028,2025-04-17,25.0
18.88,17.810642,2025-04-18,25.0
19.532,17.548817,2025-04-19,25.0
17.72,18.20152,2025-04-20,25.0
11.72,18.14528,2025-04-21,25.0
11.728,18.285206,2025-04-22,25.0
10.42,18.347612,2025-04-23,25.0
18.452,17.09847,2025-04-24,25.0
17.628,15.714835,2025-04-25,25.0
11.748,15.236355,2025-04-26,25.0
19.672,15.708275,2025-04-27,25.0
17.328,14.884849,2025-04-28,25.0
18.772,15.512931,2025-04-29,25.0
10.788,16.476057,2025-04-30,25.0
9.48,17.18758,2025-05-01,25.0
19.072,16.5669,2025-05-02,25.0
16.711,15.081201,2025-05-03,25.0
11.96,15.674778,2025-05-04,25.0
16.548,15.474749,2025-05-05,25.0
11.64,14.669147,2025-05-06,25.0
17.028,15.522538,2025-05-07,25.0
17.711,15.448878,2025-05-08,25.0
16.528,14.955875,2025-05-09,25.0
16.304,14.269561,2025-05-10,25.0
9.688,14.950613,2025-05-11,25.0
17.3,15.264811,2025-05-12,25.0
9.92,14.4871435,2025-05-13,25.0
11.52,14.753457,2025-05-14,25.0
16.228,13.821882,2025-05-15,25.0
11.1428,13.477792,2025-05-16,25.0
8.248,13.651461,2025-05-17,25.0
17.592,13.742496,2025-05-18,25.0
12.888,12.555637,2025-05-19,25.0
11.08,11.784303,2025-05-20,25.0
9.192,12.090279,2025-05-21,25.0
17.288,12.232703,2025-05-22,25.0
14.272,11.652556,2025-05-23,25.0
9.52,11.817742,2025-05-24,25.0
10.548,12.49843,2025-05-25,25.0
17.28,11.739931,2025-05-26,25.0
8.9,11.231261,2025-05-27,25.0
10.448,12.629458,2025-05-28,25.0
13.772,12.915503,2025-05-29,25.0
13.708,12.127038,2025-05-30,25.0
10.132,11.390473,2025-05-31,25.0
9.258,11.665814,2025-06-01,25.0
8.9028,11.282405,2025-06-02,25.0
12.588,10.663902,2025-06-03,25.0
12.68,10.504001,2025-06-04,25.0
10.588,10.806639,2025-06-05,25.0
16.252,11.014753,2025-06-06,25.0
10.732,10.183389,2025-06-07,25.0
16.136,10.96667,2025-06-08,25.0
10.552,11.296142,2025-06-09,25.0
10.12,11.815142,2025-06-10,25.0
9.7,12.511352,2025-06-11,25.0
10.42,12.19879,2025-06-12,25.0
6.568,11.376422,2025-06-13,25.0
7.1828,10.1254635,2025-06-14,25.0
5.736,9.558666,2025-06-15,25.0
9.728,8.797392,2025-06-16,25.0
18.71,15.999782,2024-09-18,26.0
11.83,14.997128,2024-09-19,26.0
24.83,15.42699,2024-09-20,26.0
29.18,14.975633,2024-09-21,26.0
13.6,16.522482,2024-09-22,26.0
12.1,19.204603,2024-09-23,26.0
16.27,19.200144,2024-09-24,26.0
18.91,17.903162,2024-09-25,26.0
21.84,16.864988,2024-09-26,26.0
11.42,17.12012,2024-09-27,26.0
21.26,17.754005,2024-09-28,26.0
22.09,18.009447,2024-09-29,26.0
14.08,18.250721,2024-09-30,26.0
19.48,18.531534,2024-10-01,26.0
17.92,18.820156,2024-10-02,26.0
21.21,19.144651,2024-10-03,26.0
11.928,19.508677,2024-10-04,26.0
18.708,19.436087,2024-10-05,26.0
13.032,18.564613,2024-10-06,26.0
22.112,17.91204,2024-10-07,26.0
19.988,16.91214,2024-10-08,26.0
26.08,18.308018,2024-10-09,26.0
17.8,19.880972,2024-10-10,26.0
21.72,21.058237,2024-10-11,26.0
27.18,20.60372,2024-10-12,26.0
24.028,20.4605,2024-10-13,26.0
24.768,21.556349,2024-10-14,26.0
27.584,22.146551,2024-10-15,26.0
19.228,23.880844,2024-10-16,26.0
21.052,25.021557,2024-10-17,26.0
19.708,24.801786,2024-10-18,26.0
13.42,23.069796,2024-10-19,26.0
21.888,23.098104,2024-10-20,26.0
2.56,21.698648,2024-10-21,26.0
25.952,21.342993,2024-10-22,26.0
10.728,19.93451,2024-10-23,26.0
14.6628,20.379633,2024-10-24,26.0
17.288,19.403797,2024-10-25,26.0
21.18,17.481514,2024-10-26,26.0
24.772,17.516157,2024-10-27,26.0
18.548,17.866543,2024-10-28,26.0
17.948,18.730583,2024-10-29,26.0
20.552,19.758234,2024-10-30,26.0
11.04,20.312635,2024-10-31,26.0
24.808,20.092205,2024-11-01,26.0
4.8628,18.341343,2024-11-02,26.0
4.208,19.512003,2024-11-03,26.0
19.808,18.004515,2024-11-04,26.0
16.952,15.125941,2024-11-05,26.0
7.208,16.077162,2024-11-06,26.0
16.112,17.741632,2024-11-07,26.0
26.728,16.241194,2024-11-08,26.0
19.34,15.089466,2024-11-09,26.0
20.14,17.792501,2024-11-10,26.0
11.668,18.14624,2024-11-11,26.0
16.4,18.205305,2024-11-12,26.0
19.872,18.511234,2024-11-13,26.0
8.66,18.111313,2024-11-14,26.0
11.372,18.338905,2024-11-15,26.0
11.988,17.127258,2024-11-16,26.0
18.46,16.584143,2024-11-17,26.0
11.432,15.828297,2024-11-18,26.0
4.96,16.244078,2024-11-19,26.0
23.128,16.719568,2024-11-20,26.0
22.74,14.901294,2024-11-21,26.0
23.692,15.619027,2024-11-22,26.0
13.941689,17.032795,2024-11-23,26.0
11.3126955,18.975008,2024-11-24,26.0
12.809107,18.257399,2024-11-25,26.0
10.566586,16.906427,2024-11-26,26.0
13.891131,16.192545,2024-11-27,26.0
13.818224,15.415414,2024-11-28,26.0
14.55795,15.908078,2024-11-29,26.0
14.352,15.865472,2024-11-30,26.0
35.808,16.270067,2024-12-01,26.0
18.472,15.827653,2024-12-02,26.0
19.8,17.800415,2024-12-03,26.0
25.368,20.188814,2024-12-04,26.0
2.24,20.612457,2024-12-05,26.0
22.25,21.821707,2024-12-06,26.0
17.172,18.63577,2024-12-07,26.0
24.12,18.549131,2024-12-08,26.0
19.988,19.206514,2024-12-09,26.0
19.532,19.98447,2024-12-10,26.0
23.028,21.281973,2024-12-11,26.0
16.212,21.657228,2024-12-12,26.0
22.9028,22.375967,2024-12-13,26.0
16.288,20.340593,2024-12-14,26.0
21.288,21.156796,2024-12-15,26.0
14.64,21.166512,2024-12-16,26.0
24.132,20.723497,2024-12-17,26.0
16.528,20.75699,2024-12-18,26.0
18.64,21.742292,2024-12-19,26.0
21.7,21.691015,2024-12-20,26.0
14.38,20.693655,2024-12-21,26.0
9.102,21.41031,2024-12-22,26.0
23.548,20.223818,2024-12-23,26.0
7.32,17.988298,2024-12-24,26.0
36.2,19.029308,2024-12-25,26.0
24.18,18.814634,2024-12-26,26.0
26.18,20.884317,2024-12-27,26.0
16.82,21.699093,2024-12-28,26.0
24.7,22.35855,2024-12-29,26.0
5.7,21.334974,2024-12-30,26.0
7.208,21.13829,2024-12-31,26.0
32.072,20.655855,2025-01-01,26.0
26.64,17.83869,2025-01-02,26.0
19.38,19.76806,2025-01-03,26.0
25.028,21.212376,2025-01-04,26.0
23.52,22.03039,2025-01-05,26.0
30.832,22.495945,2025-01-06,26.0
16.48,23.659159,2025-01-07,26.0
22.4,24.840208,2025-01-08,26.0
25.272,24.017923,2025-01-09,26.0
23.36,23.703758,2025-01-10,26.0
26.808,23.268177,2025-01-11,26.0
31.06,23.347921,2025-01-12,26.0
26.128,23.883345,2025-01-13,26.0
25.248,25.470076,2025-01-14,26.0
23.464,27.141413,2025-01-15,26.0
21.0,26.75146,2025-01-16,26.0
25.92,25.506018,2025-01-17,26.0
18.188,24.395914,2025-01-18,26.0
12.11,24.710836,2025-01-19,26.0
17.508,24.469336,2025-01-20,26.0
16.2628,22.679739,2025-01-21,26.0
13.648,21.31653,2025-01-22,26.0
32.98,20.949392,2025-01-23,26.0
24.692,19.710745,2025-01-24,26.0
25.388,20.15697,2025-01-25,26.0
26.528,21.704536,2025-01-26,26.0
25.34,22.501911,2025-01-27,26.0
22.56,23.592588,2025-01-28,26.0
20.08,25.133787,2025-01-29,26.0
12.588,25.826727,2025-01-30,26.0
1.8,23.970158,2025-01-31,26.0
25.392,22.4484,2025-02-01,26.0
19.48,19.13985,2025-02-02,26.0
21.552,19.068605,2025-02-03,26.0
22.376,20.628525,2025-02-04,26.0
21.8628,21.17741,2025-02-05,26.0
12.76,21.9389,2025-02-06,26.0
20.988,21.318102,2025-02-07,26.0
27.772,17.88278,2025-02-08,26.0
14.176,17.019314,2025-02-09,26.0
28.352,19.083483,2025-02-10,26.0
27.568,19.396807,2025-02-11,26.0
20.792,21.858685,2025-02-12,26.0
23.872,23.909365,2025-02-13,26.0
25.216,23.998268,2025-02-14,26.0
7.092,23.289482,2025-02-15,26.0
36.532,23.780836,2025-02-16,26.0
6.368,21.70284,2025-02-17,26.0
9.28,22.936178,2025-02-18,26.0
9.752,21.992842,2025-02-19,26.0
18.256,19.355675,2025-02-20,26.0
14.1828,17.020943,2025-02-21,26.0
23.588,16.033203,2025-02-22,26.0
29.668,15.944049,2025-02-23,26.0
2.2,16.998718,2025-02-24,26.0
2.104,20.120504,2025-02-25,26.0
19.008,19.102375,2025-02-26,26.0
30.848,14.652183,2025-02-27,26.0
7.492,13.453221,2025-02-28,26.0
33.052,15.818528,2025-03-01,26.0
5.208,16.22438,2025-03-02,26.0
23.52,18.789621,2025-03-03,26.0
17.52,19.071634,2025-03-04,26.0
13.112,17.538914,2025-03-05,26.0
14.456,17.889418,2025-03-06,26.0
11.1828,17.44797,2025-03-07,26.0
7.24,16.809324,2025-03-08,26.0
27.308,15.523313,2025-03-09,26.0
20.78,14.882466,2025-03-10,26.0
2.68,15.535184,2025-03-11,26.0
25.528,17.628767,2025-03-12,26.0
10.832,16.41038,2025-03-13,26.0
12.568,16.010075,2025-03-14,26.0
3.211,15.121382,2025-03-15,26.0
14.76,14.674914,2025-03-16,26.0
13.308,12.603677,2025-03-17,26.0
9.28,12.617171,2025-03-18,26.0
22.552,13.707143,2025-03-19,26.0
14.86,12.54276,2025-03-20,26.0
12.932,13.6453905,2025-03-21,26.0
13.308,14.002558,2025-03-22,26.0
10.372,13.576701,2025-03-23,26.0
10.76,12.394023,2025-03-24,26.0
2.228,12.150693,2025-03-25,26.0
10.908,12.174903,2025-03-26,26.0
4.92,10.837068,2025-03-27,26.0
18.48,10.979589,2025-03-28,26.0
16.104,9.763255,2025-03-29,26.0
3.568,10.530777,2025-03-30,26.0
12.28,11.528859,2025-03-31,26.0
22.688,10.31951,2025-04-01,26.0
9.36,9.735364,2025-04-02,26.0
10.64,11.574561,2025-04-03,26.0
13.102,12.011384,2025-04-04,26.0
16.02,11.429173,2025-04-05,26.0
11.38,12.034181,2025-04-06,26.0
10.76,12.704085,2025-04-07,26.0
13.828,12.448331,2025-04-08,26.0
14.2,13.061021,2025-04-09,26.0
9.1,13.872317,2025-04-10,26.0
16.172,13.91855,2025-04-11,26.0
10.528,12.703197,2025-04-12,26.0
13.888,12.605313,2025-04-13,26.0
3.711,12.159319,2025-04-14,26.0
14.688,12.096589,2025-04-15,26.0
10.704,11.151291,2025-04-16,26.0
13.168,10.942316,2025-04-17,26.0
20.008,10.7806635,2025-04-18,26.0
3.132,10.308996,2025-04-19,26.0
10.46,12.158509,2025-04-20,26.0
12.632,11.479327,2025-04-21,26.0
6.92,10.721362,2025-04-22,26.0
14.868,11.179858,2025-04-23,26.0
13.388,10.732168,2025-04-24,26.0
14.44,11.090721,2025-04-25,26.0
14.792,11.350451,2025-04-26,26.0
14.28,11.778239,2025-04-27,26.0
16.0,11.616685,2025-04-28,26.0
6.288,12.393273,2025-04-29,26.0
14.692,13.591724,2025-04-30,26.0
8.988,12.595688,2025-05-01,26.0
14.711,12.978822,2025-05-02,26.0
7.84,12.491883,2025-05-03,26.0
20.008,12.935547,2025-05-04,26.0
17.732,11.789832,2025-05-05,26.0
12.76,12.1051,2025-05-06,26.0
14.26,14.3135805,2025-05-07,26.0
12.428,14.640283,2025-05-08,26.0
11.12,14.234079,2025-05-09,26.0
7.528,12.609593,2025-05-10,26.0
13.188,12.064732,2025-05-11,26.0
9.132,11.13462,2025-05-12,26.0
10.652,11.584489,2025-05-13,26.0
14.456,11.795096,2025-05-14,26.0
10.7028,11.200881,2025-05-15,26.0
5.412,11.8384905,2025-05-16,26.0
7.292,11.502272,2025-05-17,26.0
13.188,10.561448,2025-05-18,26.0
6.92,9.447919,2025-05-19,26.0
13.624,8.836674,2025-05-20,26.0
18.908,8.459713,2025-05-21,26.0
10.928,9.413702,2025-05-22,26.0
7.792,11.347817,2025-05-23,26.0
16.616,11.270694,2025-05-24,26.0
9.592,10.555951,2025-05-25,26.0
11.48,10.436026,2025-05-26,26.0
9.52,10.398472,2025-05-27,26.0
9.76,10.847798,2025-05-28,26.0
13.6,11.504924,2025-05-29,26.0
9.42,11.449902,2025-05-30,26.0
7.108,10.51458,2025-05-31,26.0
6.76,10.291982,2025-06-01,26.0
18.412,9.698739,2025-06-02,26.0
10.9,8.857091,2025-06-03,26.0
13.88,10.068614,2025-06-04,26.0
20.192,11.088053,2025-06-05,26.0
10.148,11.338983,2025-06-06,26.0
7.692,11.8677225,2025-06-07,26.0
12.448,11.939788,2025-06-08,26.0
10.208,10.904868,2025-06-09,26.0
11.332,10.706561,2025-06-10,26.0
9.62,11.608078,2025-06-11,26.0
17.3,11.771512,2025-06-12,26.0
6.24,11.416579,2025-06-13,26.0
8.532,11.321506,2025-06-14,26.0
6.908,10.687734,2025-06-15,26.0
7.0,9.51254,2025-06-16,26.0
11.1,10.531653,2024-09-18,27.0
17.272,10.076838,2024-09-19,27.0
18.08,10.0559635,2024-09-20,27.0
20.36,10.889078,2024-09-21,27.0
10.0,12.483989,2024-09-22,27.0
8.248,13.988194,2024-09-23,27.0
9.28,13.781042,2024-09-24,27.0
11.528,12.916087,2024-09-25,27.0
21.948,11.636544,2024-09-26,27.0
18.28,11.24311,2024-09-27,27.0
16.472,12.784342,2024-09-28,27.0
11.28,15.056472,2024-09-29,27.0
17.78,15.723704,2024-09-30,27.0
13.62,14.300054,2024-10-01,27.0
13.592,14.85151,2024-10-02,27.0
16.768,15.035319,2024-10-03,27.0
13.2,14.844673,2024-10-04,27.0
18.832,15.318742,2024-10-05,27.0
20.568,15.7294,2024-10-06,27.0
18.128,15.68239,2024-10-07,27.0
13.32,16.336967,2024-10-08,27.0
16.472,18.190147,2024-10-09,27.0
13.98,17.765665,2024-10-10,27.0
11.308,17.01522,2024-10-11,27.0
11.2,15.964846,2024-10-12,27.0
19.352,15.284774,2024-10-13,27.0
18.448,14.2482195,2024-10-14,27.0
16.52,14.779231,2024-10-15,27.0
25.36,16.977915,2024-10-16,27.0
14.132,17.57236,2024-10-17,27.0
17.211,18.993753,2024-10-18,27.0
10.576,18.041449,2024-10-19,27.0
13.952,17.703123,2024-10-20,27.0
9.592,15.901894,2024-10-21,27.0
9.136,15.406321,2024-10-22,27.0
26.952,15.736503,2024-10-23,27.0
13.311,14.979817,2024-10-24,27.0
10.088,17.135279,2024-10-25,27.0
21.46,17.033747,2024-10-26,27.0
18.692,15.85419,2024-10-27,27.0
13.848,15.633697,2024-10-28,27.0
11.832,16.084696,2024-10-29,27.0
28.258,16.645267,2024-10-30,27.0
20.108,16.352135,2024-10-31,27.0
14.5028,18.656244,2024-11-01,27.0
19.412,19.830868,2024-11-02,27.0
19.472,19.453695,2024-11-03,27.0
17.928,19.150179,2024-11-04,27.0
10.052,19.027143,2024-11-05,27.0
26.428,20.151205,2024-11-06,27.0
20.384,19.14483,2024-11-07,27.0
11.808,20.702345,2024-11-08,27.0
23.032,21.234396,2024-11-09,27.0
13.428,20.039246,2024-11-10,27.0
21.258,19.796598,2024-11-11,27.0
14.864,19.063883,2024-11-12,27.0
20.668,19.817715,2024-11-13,27.0
23.32,19.658037,2024-11-14,27.0
11.18,20.431742,2024-11-15,27.0
19.792,20.68804,2024-11-16,27.0
20.8,19.704895,2024-11-17,27.0
16.376,18.972273,2024-11-18,27.0
11.744,19.489582,2024-11-19,27.0
16.136,20.644342,2024-11-20,27.0
20.672,19.49397,2024-11-21,27.0
20.9,18.587448,2024-11-22,27.0
17.539555,18.949327,2024-11-23,27.0
19.628311,19.674494,2024-11-24,27.0
16.30217,19.305624,2024-11-25,27.0
11.592836,19.40365,2024-11-26,27.0
21.3658,19.870638,2024-11-27,27.0
19.696907,18.55266,2024-11-28,27.0
17.172537,18.98602,2024-11-29,27.0
22.4492,19.48617,2024-11-30,27.0
30.568,19.658302,2024-12-01,27.0
32.832,20.030827,2024-12-02,27.0
22.928,21.065422,2024-12-03,27.0
38.768,24.04365,2024-12-04,27.0
26.772,24.929064,2024-12-05,27.0
18.932,26.472874,2024-12-06,27.0
31.168,26.618732,2024-12-07,27.0
29.48,26.12059,2024-12-08,27.0
20.272,27.161634,2024-12-09,27.0
21.088,28.014868,2024-12-10,27.0
41.26,28.284546,2024-12-11,27.0
17.42,26.910143,2024-12-12,27.0
24.58,27.847757,2024-12-13,27.0
19.788,26.293982,2024-12-14,27.0
44.132,25.138586,2024-12-15,27.0
23.18,25.39591,2024-12-16,27.0
22.392,27.146498,2024-12-17,27.0
31.816,28.250849,2024-12-18,27.0
18.36,27.559916,2024-12-19,27.0
30.692,28.189291,2024-12-20,27.0
22.0,26.784262,2024-12-21,27.0
38.16,27.37322,2024-12-22,27.0
20.468,27.118282,2024-12-23,27.0
24.992,28.091833,2024-12-24,27.0
42.928,28.288458,2024-12-25,27.0
16.192,27.385078,2024-12-26,27.0
18.1,28.079039,2024-12-27,27.0
20.74,26.263985,2024-12-28,27.0
33.848,24.726845,2024-12-29,27.0
19.211,24.184694,2024-12-30,27.0
17.08,25.116615,2024-12-31,27.0
33.932,25.892572,2025-01-01,27.0
25.248,24.404871,2025-01-02,27.0
19.288,25.647757,2025-01-03,27.0
32.96,25.005125,2025-01-04,27.0
31.272,24.536524,2025-01-05,27.0
17.688,25.446695,2025-01-06,27.0
18.68,27.21515,2025-01-07,27.0
36.48,26.934916,2025-01-08,27.0
18.744,25.195547,2025-01-09,27.0
27.428,26.045738,2025-01-10,27.0
19.928,25.175766,2025-01-11,27.0
24.688,24.655218,2025-01-12,27.0
22.064,24.572935,2025-01-13,27.0
14.028,25.196907,2025-01-14,27.0
35.452,25.43711,2025-01-15,27.0
18.812,24.135025,2025-01-16,27.0
27.092,24.421827,2025-01-17,27.0
23.26,23.714231,2025-01-18,27.0
28.14,24.176538,2025-01-19,27.0
14.988,24.507282,2025-01-20,27.0
16.752,24.812311,2025-01-21,27.0
26.28,23.675146,2025-01-22,27.0
13.872,22.32627,2025-01-23,27.0
14.936,22.907076,2025-01-24,27.0
21.5028,21.146914,2025-01-25,27.0
24.576,20.102926,2025-01-26,27.0
11.352,20.358969,2025-01-27,27.0
13.552,22.154104,2025-01-28,27.0
33.28,21.89279,2025-01-29,27.0
12.92,20.0989,2025-01-30,27.0
13.16,21.2661,2025-01-31,27.0
12.788,20.566584,2025-02-01,27.0
23.252,19.2717,2025-02-02,27.0
11.148,17.878454,2025-02-03,27.0
13.011,19.268667,2025-02-04,27.0
25.288,18.621813,2025-02-05,27.0
12.52,17.297024,2025-02-06,27.0
11.64,18.455217,2025-02-07,27.0
23.472,16.807226,2025-02-08,27.0
25.868,15.369735,2025-02-09,27.0
10.58,16.078876,2025-02-10,27.0
12.02,18.064758,2025-02-11,27.0
25.612,18.700474,2025-02-12,27.0
14.258,17.59874,2025-02-13,27.0
10.188,18.777737,2025-02-14,27.0
19.012,18.10818,2025-02-15,27.0
20.908,16.602545,2025-02-16,27.0
19.028,16.743505,2025-02-17,27.0
8.984,18.770403,2025-02-18,27.0
25.6,18.8178,2025-02-19,27.0
12.496,17.037237,2025-02-20,27.0
10.352,18.027628,2025-02-21,27.0
18.28,16.85415,2025-02-22,27.0
26.98,15.32171,2025-02-23,27.0
27.56,15.658792,2025-02-24,27.0
14.32,18.058615,2025-02-25,27.0
31.748,22.591745,2025-02-26,27.0
18.784,22.625565,2025-02-27,27.0
10.488,23.574411,2025-02-28,27.0
16.208,22.336514,2025-03-01,27.0
24.024,19.914394,2025-03-02,27.0
11.976,18.681322,2025-03-03,27.0
17.452,20.662516,2025-03-04,27.0
26.132,20.265398,2025-03-05,27.0
3.708,20.049852,2025-03-06,27.0
5.932,21.595768,2025-03-07,27.0
11.568,18.25694,2025-03-08,27.0
13.96,14.314986,2025-03-09,27.0
8.72,13.47647,2025-03-10,27.0
17.56,13.846081,2025-03-11,27.0
11.028,13.321605,2025-03-12,27.0
6.18,13.850537,2025-03-13,27.0
13.12,13.866864,2025-03-14,27.0
8.82,11.429368,2025-03-15,27.0
13.08,11.214816,2025-03-16,27.0
5.1,10.802947,2025-03-17,27.0
8.92,10.989774,2025-03-18,27.0
17.22,10.813175,2025-03-19,27.0
10.032,10.015847,2025-03-20,27.0
10.52,10.229181,2025-03-21,27.0
21.928,10.115256,2025-03-22,27.0
9.28,10.0920315,2025-03-23,27.0
10.232,11.105994,2025-03-24,27.0
8.08,11.96348,2025-03-25,27.0
22.568,11.647166,2025-03-26,27.0
8.711,11.08926,2025-03-27,27.0
16.328,13.1989355,2025-03-28,27.0
13.048,12.962283,2025-03-29,27.0
16.104,13.435087,2025-03-30,27.0
10.258,13.565424,2025-03-31,27.0
13.028,13.4108095,2025-04-01,27.0
13.652,12.909152,2025-04-02,27.0
7.788,12.879281,2025-04-03,27.0
8.12,13.164985,2025-04-04,27.0
8.911,12.102109,2025-04-05,27.0
13.64,11.362872,2025-04-06,27.0
9.52,10.714982,2025-04-07,27.0
9.66,11.081447,2025-04-08,27.0
14.972,11.722631,2025-04-09,27.0
8.776,11.581357,2025-04-10,27.0
9.811,11.914042,2025-04-11,27.0
16.0,11.055036,2025-04-12,27.0
8.972,10.08385,2025-04-13,27.0
3.868,10.265594,2025-04-14,27.0
4.012,10.521293,2025-04-15,27.0
16.256,9.72343,2025-04-16,27.0
7.952,8.489575,2025-04-17,27.0
13.672,8.908397,2025-04-18,27.0
11.28,8.458929,2025-04-19,27.0
8.976,9.225574,2025-04-20,27.0
8.6,9.992525,2025-04-21,27.0
9.572,9.886907,2025-04-22,27.0
18.72,9.721355,2025-04-23,27.0
7.128,9.492371,2025-04-24,27.0
8.968,11.082864,2025-04-25,27.0
17.16,10.522859,2025-04-26,27.0
9.592,9.866218,2025-04-27,27.0
10.48,10.2695265,2025-04-28,27.0
16.96,10.871387,2025-04-29,27.0
11.08,10.989491,2025-04-30,27.0
11.8,12.33125,2025-05-01,27.0
11.06,13.246845,2025-05-02,27.0
18.66,12.504481,2025-05-03,27.0
12.14,12.283954,2025-05-04,27.0
8.96,12.450413,2025-05-05,27.0
8.6,12.111523,2025-05-06,27.0
17.08,12.064788,2025-05-07,27.0
10.78,11.680884,2025-05-08,27.0
10.68,12.099935,2025-05-09,27.0
11.608,11.184921,2025-05-10,27.0
17.96,10.948201,2025-05-11,27.0
13.592,11.124661,2025-05-12,27.0
13.072,12.370843,2025-05-13,27.0
17.788,12.937995,2025-05-14,27.0
14.932,12.717807,2025-05-15,27.0
11.28,13.970431,2025-05-16,27.0
11.696,14.034707,2025-05-17,27.0
11.584,13.862811,2025-05-18,27.0
11.648,13.135156,2025-05-19,27.0
13.448,12.039684,2025-05-20,27.0
20.652,11.707452,2025-05-21,27.0
11.42,12.354684,2025-05-22,27.0
16.22,14.063479,2025-05-23,27.0
19.252,13.542146,2025-05-24,27.0
19.108,13.81529,2025-05-25,27.0
17.3,14.203274,2025-05-26,27.0
16.76,15.078775,2025-05-27,27.0
20.128,16.592007,2025-05-28,27.0
22.592,17.680626,2025-05-29,27.0
14.648,18.48172,2025-05-30,27.0
19.28,18.07564,2025-05-31,27.0
10.56,17.7594,2025-06-01,27.0
18.072,17.484087,2025-06-02,27.0
22.008,16.494047,2025-06-03,27.0
20.72,16.746534,2025-06-04,27.0
21.12,18.400131,2025-06-05,27.0
18.0,18.99885,2025-06-06,27.0
18.2,18.595282,2025-06-07,27.0
16.172,18.49282,2025-06-08,27.0
16.62,18.302917,2025-06-09,27.0
17.66,17.69299,2025-06-10,27.0
17.98,18.53037,2025-06-11,27.0
11.96,19.09298,2025-06-12,27.0
10.72,18.776293,2025-06-13,27.0
10.512,16.756598,2025-06-14,27.0
9.928,15.285113,2025-06-15,27.0
17.256,13.750289,2025-06-16,27.0
19.612,10.672078,2024-09-18,28.0
12.258,10.102337,2024-09-19,28.0
8.544,11.178857,2024-09-20,28.0
22.168,11.723323,2024-09-21,28.0
6.68,11.399959,2024-09-22,28.0
10.74,12.647613,2024-09-23,28.0
3.9,12.60059,2024-09-24,28.0
17.768,12.458861,2024-09-25,28.0
32.2628,10.948217,2024-09-26,28.0
13.296,11.3449745,2024-09-27,28.0
11.32,14.620042,2024-09-28,28.0
13.064,16.08931,2024-09-29,28.0
13.36,15.103393,2024-09-30,28.0
11.08,13.579804,2024-10-01,28.0
14.68,13.850199,2024-10-02,28.0
8.288,13.595099,2024-10-03,28.0
12.688,14.416789,2024-10-04,28.0
12.664,13.873016,2024-10-05,28.0
19.888,13.369306,2024-10-06,28.0
12.42,12.791173,2024-10-07,28.0
18.492,13.267884,2024-10-08,28.0
14.28,14.3402,2024-10-09,28.0
16.688,15.3242655,2024-10-10,28.0
12.448,15.490259,2024-10-11,28.0
14.412,14.886213,2024-10-12,28.0
14.38,14.782302,2024-10-13,28.0
16.028,14.438418,2024-10-14,28.0
29.08,14.241954,2024-10-15,28.0
16.38,15.321889,2024-10-16,28.0
10.211,18.337473,2024-10-17,28.0
22.896,19.22745,2024-10-18,28.0
21.911,16.993307,2024-10-19,28.0
20.028,17.464602,2024-10-20,28.0
16.472,18.621302,2024-10-21,28.0
21.068,18.99468,2024-10-22,28.0
45.36,20.094904,2024-10-23,28.0
13.132,21.295935,2024-10-24,28.0
27.96,24.796892,2024-10-25,28.0
12.28,24.047667,2024-10-26,28.0
26.128,24.171013,2024-10-27,28.0
24.288,22.990683,2024-10-28,28.0
11.512,22.271975,2024-10-29,28.0
23.34,23.843489,2024-10-30,28.0
23.7,22.826765,2024-10-31,28.0
21.472,23.094683,2024-11-01,28.0
37.708,22.290266,2024-11-02,28.0
19.08,22.595066,2024-11-03,28.0
17.828,24.106588,2024-11-04,28.0
21.32,24.64433,2024-11-05,28.0
22.068,24.30934,2024-11-06,28.0
31.092,23.855398,2024-11-07,28.0
28.428,23.900103,2024-11-08,28.0
31.1,24.635141,2024-11-09,28.0
33.711,25.189547,2024-11-10,28.0
12.776,26.440859,2024-11-11,28.0
11.5428,27.755615,2024-11-12,28.0
35.08,26.972174,2024-11-13,28.0
19.76,23.547728,2024-11-14,28.0
24.248,24.595083,2024-11-15,28.0
22.992,24.546213,2024-11-16,28.0
13.248,24.021605,2024-11-17,28.0
25.792,24.071753,2024-11-18,28.0
11.688,23.12272,2024-11-19,28.0
23.64,23.327063,2024-11-20,28.0
30.56,22.10696,2024-11-21,28.0
18.112,22.287527,2024-11-22,28.0
36.08,22.775684,2024-11-23,28.0
32.336,23.061327,2024-11-24,28.0
19.925186,24.072454,2024-11-25,28.0
17.118542,25.72856,2024-11-26,28.0
20.599506,26.20613,2024-11-27,28.0
22.5172,24.24647,2024-11-28,28.0
22.202887,23.979382,2024-11-29,28.0
20.8512,23.493422,2024-11-30,28.0
24.94,23.168243,2024-12-01,28.0
27.508,23.504972,2024-12-02,28.0
24.252,23.600277,2024-12-03,28.0
47.16,24.736143,2024-12-04,28.0
44.88,25.348705,2024-12-05,28.0
43.748,27.220942,2024-12-06,28.0
26.428,28.660313,2024-12-07,28.0
25.5028,30.273932,2024-12-08,28.0
37.288,31.23847,2024-12-09,28.0
26.2,30.389557,2024-12-10,28.0
22.24,31.983404,2024-12-11,28.0
37.7,31.056383,2024-12-12,28.0
20.028,29.288582,2024-12-13,28.0
31.211,27.899652,2024-12-14,28.0
41.72,27.372292,2024-12-15,28.0
14.12,27.950747,2024-12-16,28.0
39.36,29.77822,2024-12-17,28.0
36.696,29.190239,2024-12-18,28.0
28.52,29.91577,2024-12-19,28.0
37.652,30.304005,2024-12-20,28.0
38.652,29.643328,2024-12-21,28.0
28.768,30.733923,2024-12-22,28.0
28.248,32.47404,2024-12-23,28.0
25.64,32.30898,2024-12-24,28.0
39.08,31.319685,2024-12-25,28.0
39.492,30.548822,2024-12-26,28.0
29.468,30.076754,2024-12-27,28.0
41.8,29.28895,2024-12-28,28.0
29.8,28.703165,2024-12-29,28.0
28.732,29.781004,2024-12-30,28.0
45.692,30.5549,2024-12-31,28.0
37.748,30.412619,2025-01-01,28.0
28.02,31.261702,2025-01-02,28.0
39.64,32.855854,2025-01-03,28.0
10.74,31.692123,2025-01-04,28.0
36.572,31.041304,2025-01-05,28.0
28.696,29.961018,2025-01-06,28.0
22.992,28.719305,2025-01-07,28.0
25.032,29.06407,2025-01-08,28.0
28.188,28.30396,2025-01-09,28.0
28.06,27.443176,2025-01-10,28.0
39.392,25.756136,2025-01-11,28.0
39.64,26.225723,2025-01-12,28.0
36.068,26.911135,2025-01-13,28.0
29.58,29.19539,2025-01-14,28.0
22.728,30.546852,2025-01-15,28.0
17.864,30.67608,2025-01-16,28.0
18.468,28.867361,2025-01-17,28.0
19.228,26.909706,2025-01-18,28.0
31.88,25.571749,2025-01-19,28.0
29.08,24.728481,2025-01-20,28.0
36.211,25.350855,2025-01-21,28.0
45.24,25.871695,2025-01-22,28.0
29.412,26.928858,2025-01-23,28.0
20.772,28.143187,2025-01-24,28.0
22.64,28.247044,2025-01-25,28.0
23.56,27.080042,2025-01-26,28.0
25.628,26.340214,2025-01-27,28.0
16.48,26.479242,2025-01-28,28.0
20.292,27.20531,2025-01-29,28.0
29.268,26.435186,2025-01-30,28.0
24.772,24.995604,2025-01-31,28.0
11.452,24.773321,2025-02-01,28.0
19.328,24.848265,2025-02-02,28.0
17.288,22.382051,2025-02-03,28.0
42.832,21.280832,2025-02-04,28.0
24.58,20.52544,2025-02-05,28.0
37.928,23.556894,2025-02-06,28.0
27.512,24.480085,2025-02-07,28.0
32.11,24.646782,2025-02-08,28.0
18.456,25.241547,2025-02-09,28.0
20.972,25.305029,2025-02-10,28.0
17.428,23.989809,2025-02-11,28.0
27.272,23.877735,2025-02-12,28.0
4.352,24.29712,2025-02-13,28.0
7.828,23.880728,2025-02-14,28.0
9.332,21.703732,2025-02-15,28.0
25.908,18.688622,2025-02-16,28.0
19.508,16.645555,2025-02-17,28.0
12.612,17.765156,2025-02-18,28.0
6.94,18.56794,2025-02-19,28.0
19.808,17.759342,2025-02-20,28.0
33.952,15.552619,2025-02-21,28.0
18.528,13.67814,2025-02-22,28.0
28.112,16.77066,2025-02-23,28.0
4.62,18.461752,2025-02-24,28.0
11.748,20.670677,2025-02-25,28.0
25.944,20.668383,2025-02-26,28.0
28.32,18.119719,2025-02-27,28.0
3.328,18.028318,2025-02-28,28.0
9.888,19.762842,2025-03-01,28.0
24.92,18.742786,2025-03-02,28.0
8.9028,16.61598,2025-03-03,28.0
7.848,17.766619,2025-03-04,28.0
8.52,16.062014,2025-03-05,28.0
9.76,14.288569,2025-03-06,28.0
13.528,13.526152,2025-03-07,28.0
25.0,12.086099,2025-03-08,28.0
8.96,11.353121,2025-03-09,28.0
9.832,13.853605,2025-03-10,28.0
8.808,14.634894,2025-03-11,28.0
8.052,12.955329,2025-03-12,28.0
26.011,11.948676,2025-03-13,28.0
9.2,10.379935,2025-03-14,28.0
19.296,11.554751,2025-03-15,28.0
12.032,13.192097,2025-03-16,28.0
9.228,14.086614,2025-03-17,28.0
10.48,13.993762,2025-03-18,28.0
17.66,13.229619,2025-03-19,28.0
14.132,11.597505,2025-03-20,28.0
8.368,11.947021,2025-03-21,28.0
7.66,13.052148,2025-03-22,28.0
6.48,12.190093,2025-03-23,28.0
11.892,11.087295,2025-03-24,28.0
10.656,10.015319,2025-03-25,28.0
8.311,9.898631,2025-03-26,28.0
26.1,9.944265,2025-03-27,28.0
18.012,10.293516,2025-03-28,28.0
20.412,12.293318,2025-03-29,28.0
5.911,14.065852,2025-03-30,28.0
10.688,14.945273,2025-03-31,28.0
11.6,13.22527,2025-04-01,28.0
6.12,12.223423,2025-04-02,28.0
5.711,11.994418,2025-04-03,28.0
5.928,11.265675,2025-04-04,28.0
17.428,10.477295,2025-04-05,28.0
12.732,9.838296,2025-04-06,28.0
7.528,10.66614,2025-04-07,28.0
10.992,10.979323,2025-04-08,28.0
9.32,10.955073,2025-04-09,28.0
17.068,10.792415,2025-04-10,28.0
18.58,10.293709,2025-04-11,28.0
14.88,10.792268,2025-04-12,28.0
7.848,12.243426,2025-04-13,28.0
18.254,13.114598,2025-04-14,28.0
18.748,12.352481,2025-04-15,28.0
24.468,13.082399,2025-04-16,28.0
6.572,14.267457,2025-04-17,28.0
5.788,16.183622,2025-04-18,28.0
7.1428,14.993013,2025-04-19,28.0
14.468,13.071485,2025-04-20,28.0
11.258,11.468564,2025-04-21,28.0
7.428,11.267127,2025-04-22,28.0
9.112,12.458108,2025-04-23,28.0
17.311,12.2539015,2025-04-24,28.0
19.848,11.722817,2025-04-25,28.0
10.328,11.382974,2025-04-26,28.0
14.36,11.981513,2025-04-27,28.0
12.732,11.776843,2025-04-28,28.0
14.212,12.103817,2025-04-29,28.0
10.4,12.60174,2025-04-30,28.0
10.968,12.921959,2025-05-01,28.0
10.528,13.015378,2025-05-02,28.0
11.7428,12.894479,2025-05-03,28.0
10.188,12.90721,2025-05-04,28.0
8.42,11.719386,2025-05-05,28.0
10.968,10.835796,2025-05-06,28.0
8.68,10.721988,2025-05-07,28.0
11.272,10.811018,2025-05-08,28.0
10.14,10.315786,2025-05-09,28.0
12.428,9.352436,2025-05-10,28.0
10.06,9.167586,2025-05-11,28.0
10.1,9.752105,2025-05-12,28.0
18.3,9.798435,2025-05-13,28.0
10.7,9.9883995,2025-05-14,28.0
14.62,11.051584,2025-05-15,28.0
9.1,11.718083,2025-05-16,28.0
8.852,11.968161,2025-05-17,28.0
10.136,11.913536,2025-05-18,28.0
10.492,11.132757,2025-05-19,28.0
10.908,9.736077,2025-05-20,28.0
19.6,9.678521,2025-05-21,28.0
14.72,10.480559,2025-05-22,28.0
11.064,11.938695,2025-05-23,28.0
13.56,12.637429,2025-05-24,28.0
19.088,12.377132,2025-05-25,28.0
11.208,11.745085,2025-05-26,28.0
9.612,12.37263,2025-05-27,28.0
11.16,13.209966,2025-05-28,28.0
11.58,13.275166,2025-05-29,28.0
14.008,13.156569,2025-05-30,28.0
23.72,11.83059,2025-05-31,28.0
12.711,11.779802,2025-06-01,28.0
12.88,13.501855,2025-06-02,28.0
17.24,14.257695,2025-06-03,28.0
28.52,14.149062,2025-06-04,28.0
24.98,14.597461,2025-06-05,28.0
18.988,16.684072,2025-06-06,28.0
16.92,17.79801,2025-06-07,28.0
17.912,18.73831,2025-06-08,28.0
12.328,18.847784,2025-06-09,28.0
13.64,18.18958,2025-06-10,28.0
18.432,17.91295,2025-06-11,28.0
17.24,17.411753,2025-06-12,28.0
16.752,17.773512,2025-06-13,28.0
10.528,17.00839,2025-06-14,28.0
10.0,16.75699,2025-06-15,28.0
13.766472,15.523535,2025-06-16,28.0
11.228,21.530558,2024-09-18,29.0
23.652,20.051287,2024-09-19,29.0
26.688,17.96484,2024-09-20,29.0
36.28,17.728067,2024-09-21,29.0
24.848,19.70176,2024-09-22,29.0
8.72,22.18797,2024-09-23,29.0
12.272,24.31898,2024-09-24,29.0
20.0,22.174677,2024-09-25,29.0
36.34,18.597197,2024-09-26,29.0
36.62,18.23321,2024-09-27,29.0
31.14,20.921724,2024-09-28,29.0
32.96,23.650026,2024-09-29,29.0
27.612,25.685858,2024-09-30,29.0
25.456,26.671774,2024-10-01,29.0
21.9828,27.327961,2024-10-02,29.0
21.696,27.623222,2024-10-03,29.0
24.332,26.757902,2024-10-04,29.0
24.092,25.858831,2024-10-05,29.0
24.448,25.537874,2024-10-06,29.0
27.711,25.541609,2024-10-07,29.0
21.536,25.489634,2024-10-08,29.0
22.911,26.21066,2024-10-09,29.0
24.992,25.795874,2024-10-10,29.0
24.936,24.585642,2024-10-11,29.0
21.92,23.765558,2024-10-12,29.0
26.96,24.028849,2024-10-13,29.0
24.272,23.958582,2024-10-14,29.0
24.76,24.173712,2024-10-15,29.0
24.528,25.284708,2024-10-16,29.0
19.572,25.340029,2024-10-17,29.0
10.368,25.155506,2024-10-18,29.0
14.248,23.641184,2024-10-19,29.0
17.9028,21.829082,2024-10-20,29.0
18.776,19.949835,2024-10-21,29.0
19.852,19.756765,2024-10-22,29.0
17.96,21.168974,2024-10-23,29.0
19.708,21.683159,2024-10-24,29.0
19.76,21.10951,2024-10-25,29.0
21.011,19.965252,2024-10-26,29.0
17.068,20.007898,2024-10-27,29.0
20.5828,19.477716,2024-10-28,29.0
19.412,18.67503,2024-10-29,29.0
17.464,19.704355,2024-10-30,29.0
18.968,20.44869,2024-10-31,29.0
17.28,20.020058,2024-11-01,29.0
20.008,19.941008,2024-11-02,29.0
17.412,20.323828,2024-11-03,29.0
17.78,19.945595,2024-11-04,29.0
20.792,19.434942,2024-11-05,29.0
16.988,20.41303,2024-11-06,29.0
21.692,21.107718,2024-11-07,29.0
22.0,20.98768,2024-11-08,29.0
19.976,20.8644,2024-11-09,29.0
20.112,21.718317,2024-11-10,29.0
19.22,21.389744,2024-11-11,29.0
18.892,20.603395,2024-11-12,29.0
20.52,20.934015,2024-11-13,29.0
22.936,21.193087,2024-11-14,29.0
19.992,21.334328,2024-11-15,29.0
11.432,21.632223,2024-11-16,29.0
19.208,21.768667,2024-11-17,29.0
11.428,20.113523,2024-11-18,29.0
19.192,19.56017,2024-11-19,29.0
14.908,19.480606,2024-11-20,29.0
8.528,19.520939,2024-11-21,29.0
12.58,19.116262,2024-11-22,29.0
18.472,17.249706,2024-11-23,29.0
18.9228,16.026325,2024-11-24,29.0
17.48,15.635678,2024-11-25,29.0
19.625334,16.717531,2024-11-26,29.0
17.472,17.977598,2024-11-27,29.0
16.114666,19.302858,2024-11-28,29.0
17.963,19.220396,2024-11-29,29.0
22.522,17.755213,2024-11-30,29.0
27.832,18.10137,2024-12-01,29.0
27.948,18.835312,2024-12-02,29.0
38.788,19.599241,2024-12-03,29.0
33.2,22.369604,2024-12-04,29.0
23.1828,25.075872,2024-12-05,29.0
28.736,26.57935,2024-12-06,29.0
25.8628,26.060099,2024-12-07,29.0
29.696,26.612614,2024-12-08,29.0
28.032,27.762367,2024-12-09,29.0
27.5,27.629337,2024-12-10,29.0
23.548,28.3072,2024-12-11,29.0
27.88,28.184053,2024-12-12,29.0
29.052,27.70817,2024-12-13,29.0
26.56,25.970247,2024-12-14,29.0
38.108,26.023619,2024-12-15,29.0
32.2,27.264261,2024-12-16,29.0
28.672,28.196886,2024-12-17,29.0
33.78,29.276041,2024-12-18,29.0
28.228,29.968561,2024-12-19,29.0
29.811,30.092882,2024-12-20,29.0
39.2,29.063513,2024-12-21,29.0
28.332,29.972593,2024-12-22,29.0
28.948,31.78361,2024-12-23,29.0
33.8,32.07996,2024-12-24,29.0
26.96,32.15742,2024-12-25,29.0
14.46,31.903711,2024-12-26,29.0
29.14,30.607904,2024-12-27,29.0
35.28,26.945631,2024-12-28,29.0
48.308,26.16746,2024-12-29,29.0
18.312,27.789848,2024-12-30,29.0
28.42,29.498579,2024-12-31,29.0
35.22,30.047958,2025-01-01,29.0
11.288,29.375742,2025-01-02,29.0
26.792,30.640451,2025-01-03,29.0
24.78,26.994524,2025-01-04,29.0
27.892,26.083525,2025-01-05,29.0
30.976,26.469599,2025-01-06,29.0
31.92,27.26013,2025-01-07,29.0
27.532,27.368032,2025-01-08,29.0
29.211,27.990067,2025-01-09,29.0
43.08,28.726057,2025-01-10,29.0
30.688,26.725157,2025-01-11,29.0
32.88,28.336744,2025-01-12,29.0
45.592,29.510136,2025-01-13,29.0
24.976,30.369612,2025-01-14,29.0
29.372,31.833357,2025-01-15,29.0
23.188,32.34274,2025-01-16,29.0
27.028,30.967823,2025-01-17,29.0
27.772,28.960358,2025-01-18,29.0
16.52,28.979548,2025-01-19,29.0
28.38,28.472315,2025-01-20,29.0
16.1,27.43831,2025-01-21,29.0
35.74,26.62533,2025-01-22,29.0
21.92,25.308474,2025-01-23,29.0
22.48,25.534664,2025-01-24,29.0
39.928,24.897419,2025-01-25,29.0
30.16,24.444635,2025-01-26,29.0
33.544,26.244972,2025-01-27,29.0
27.208,27.512442,2025-01-28,29.0
48.86,29.444904,2025-01-29,29.0
29.812,29.488976,2025-01-30,29.0
37.828,30.593733,2025-01-31,29.0
28.78,31.167181,2025-02-01,29.0
33.048,31.438177,2025-02-02,29.0
41.8228,31.985987,2025-02-03,29.0
29.468,32.553467,2025-02-04,29.0
49.732,34.164944,2025-02-05,29.0
36.0,34.87254,2025-02-06,29.0
25.148,35.181446,2025-02-07,29.0
51.06,35.250977,2025-02-08,29.0
46.088,33.96147,2025-02-09,29.0
25.3828,34.778778,2025-02-10,29.0
28.628,36.270542,2025-02-11,29.0
50.528,36.839077,2025-02-12,29.0
11.928,33.880787,2025-02-13,29.0
43.172,35.584927,2025-02-14,29.0
37.32,33.64594,2025-02-15,29.0
31.428,32.454742,2025-02-16,29.0
33.132,33.165543,2025-02-17,29.0
21.2,32.75156,2025-02-18,29.0
23.18,32.02251,2025-02-19,29.0
29.768,30.128328,2025-02-20,29.0
20.612,29.235714,2025-02-21,29.0
36.292,27.611147,2025-02-22,29.0
26.188,27.490332,2025-02-23,29.0
45.052,28.109037,2025-02-24,29.0
41.048,28.869307,2025-02-25,29.0
39.768,31.095175,2025-02-26,29.0
35.792,32.53909,2025-02-27,29.0
10.62,33.522385,2025-02-28,29.0
36.308,33.74495,2025-03-01,29.0
21.68,30.611883,2025-03-02,29.0
26.492,30.040854,2025-03-03,29.0
29.82,29.57188,2025-03-04,29.0
22.52,29.07434,2025-03-05,29.0
14.528,29.223122,2025-03-06,29.0
22.292,29.027758,2025-03-07,29.0
23.492,26.528025,2025-03-08,29.0
22.736,24.300354,2025-03-09,29.0
20.892,24.6185,2025-03-10,29.0
20.52,24.152447,2025-03-11,29.0
23.88,24.08069,2025-03-12,29.0
20.852,23.884134,2025-03-13,29.0
22.776,22.821085,2025-03-14,29.0
22.028,21.677645,2025-03-15,29.0
18.24,22.400255,2025-03-16,29.0
20.932,22.40682,2025-03-17,29.0
20.508,22.384436,2025-03-18,29.0
20.984,22.597095,2025-03-19,29.0
14.388,22.50009,2025-03-20,29.0
21.16,21.93682,2025-03-21,29.0
18.572,20.373672,2025-03-22,29.0
17.296,20.540346,2025-03-23,29.0
20.8628,20.005695,2025-03-24,29.0
21.136,19.915993,2025-03-25,29.0
17.0628,20.614916,2025-03-26,29.0
20.608,20.524939,2025-03-27,29.0
22.6,20.737066,2025-03-28,29.0
21.98,19.919195,2025-03-29,29.0
13.492,21.048037,2025-03-30,29.0
10.288,21.160423,2025-03-31,29.0
19.272,20.024244,2025-04-01,29.0
19.656,18.260567,2025-04-02,29.0
14.4,18.36738,2025-04-03,29.0
19.28,18.993992,2025-04-04,29.0
21.511,18.21232,2025-04-05,29.0
20.048,18.689875,2025-04-06,29.0
23.12,18.88836,2025-04-07,29.0
22.11,19.620756,2025-04-08,29.0
22.652,21.384743,2025-04-09,29.0
22.58,22.906637,2025-04-10,29.0
20.76,23.524849,2025-04-11,29.0
20.688,23.067682,2025-04-12,29.0
19.952,23.135813,2025-04-13,29.0
19.472,22.071245,2025-04-14,29.0
21.76,21.682682,2025-04-15,29.0
11.468,22.176664,2025-04-16,29.0
9.572,22.426683,2025-04-17,29.0
20.88,20.801832,2025-04-18,29.0
20.828,17.27773,2025-04-19,29.0
20.48,17.50071,2025-04-20,29.0
24.172,18.42867,2025-04-21,29.0
21.468,19.74732,2025-04-22,29.0
27.11,21.896162,2025-04-23,29.0
19.56,22.766808,2025-04-24,29.0
24.028,22.912003,2025-04-25,29.0
22.96,21.814283,2025-04-26,29.0
25.78,22.022161,2025-04-27,29.0
30.528,22.000805,2025-04-28,29.0
29.78,22.75742,2025-04-29,29.0
32.032,24.524538,2025-04-30,29.0
19.0,25.776655,2025-05-01,29.0
28.72,27.052286,2025-05-02,29.0
30.258,25.692356,2025-05-03,29.0
26.5,26.1174,2025-05-04,29.0
25.928,26.699608,2025-05-05,29.0
29.932,27.045408,2025-05-06,29.0
27.728,27.12935,2025-05-07,29.0
11.52,27.579325,2025-05-08,29.0
10.511,28.00652,2025-05-09,29.0
32.068,25.128149,2025-05-10,29.0
29.25,22.522547,2025-05-11,29.0
29.992,23.310165,2025-05-12,29.0
28.216,25.042097,2025-05-13,29.0
24.692,26.17366,2025-05-14,29.0
28.24,26.073385,2025-05-15,29.0
28.508,25.476591,2025-05-16,29.0
26.811,24.954203,2025-05-17,29.0
25.72,25.46554,2025-05-18,29.0
25.528,25.724787,2025-05-19,29.0
30.22,25.023296,2025-05-20,29.0
30.068,25.052813,2025-05-21,29.0
27.472,25.90032,2025-05-22,29.0
31.528,26.340277,2025-05-23,29.0
30.148,25.825472,2025-05-24,29.0
31.572,26.726046,2025-05-25,29.0
30.292,27.714947,2025-05-26,29.0
31.028,28.761019,2025-05-27,29.0
29.608,28.97413,2025-05-28,29.0
23.632,29.62552,2025-05-29,29.0
26.776,30.049574,2025-05-30,29.0
30.8228,27.792667,2025-05-31,29.0
16.136,27.103281,2025-06-01,29.0
29.11,27.139288,2025-06-02,29.0
30.292,26.31333,2025-06-03,29.0
30.23245,25.81296,2025-06-04,29.0
28.36,26.718256,2025-06-05,29.0
18.748,27.233778,2025-06-06,29.0
7.72,25.721964,2025-06-07,29.0
14.8,24.99473,2025-06-08,29.0
29.872,22.053787,2025-06-09,29.0
31.68,19.909422,2025-06-10,29.0
32.272,22.265446,2025-06-11,29.0
27.248,24.4434,2025-06-12,29.0
24.328,25.755424,2025-06-13,29.0
21.512,25.056742,2025-06-14,29.0
19.06,25.20951,2025-06-15,29.0
29.496,23.686174,2025-06-16,29.0
14.968,19.419971,2024-09-18,30.0
21.448,18.52713,2024-09-19,30.0
22.492,17.47753,2024-09-20,30.0
23.932,17.715857,2024-09-21,30.0
13.896,18.617542,2024-09-22,30.0
9.652,19.816298,2024-09-23,30.0
13.24,19.471613,2024-09-24,30.0
11.892,18.149734,2024-09-25,30.0
25.896,16.20419,2024-09-26,30.0
26.052,15.025566,2024-09-27,30.0
24.268,16.468126,2024-09-28,30.0
20.56,19.155354,2024-09-29,30.0
21.36,20.656387,2024-09-30,30.0
14.612,20.315657,2024-10-01,30.0
13.6,21.171923,2024-10-02,30.0
25.22,20.480883,2024-10-03,30.0
21.248,18.978107,2024-10-04,30.0
24.211,19.932539,2024-10-05,30.0
25.72,21.227526,2024-10-06,30.0
28.252,21.685549,2024-10-07,30.0
11.128,22.369785,2024-10-08,30.0
12.8,24.485594,2024-10-09,30.0
28.12,22.791164,2024-10-10,30.0
7.472,19.682005,2024-10-11,30.0
17.328,20.544304,2024-10-12,30.0
22.66,19.395262,2024-10-13,30.0
17.508,18.27994,2024-10-14,30.0
10.411,19.159822,2024-10-15,30.0
20.172,20.456068,2024-10-16,30.0
14.548,18.293407,2024-10-17,30.0
13.46,17.856611,2024-10-18,30.0
31.26,17.295681,2024-10-19,30.0
14.28,16.290861,2024-10-20,30.0
20.612,18.487003,2024-10-21,30.0
10.488,19.302504,2024-10-22,30.0
20.648,20.341618,2024-10-23,30.0
17.992,19.126076,2024-10-24,30.0
16.288,18.791838,2024-10-25,30.0
20.112,18.442728,2024-10-26,30.0
9.98,18.6148,2024-10-27,30.0
31.928,19.20943,2024-10-28,30.0
12.352,17.38738,2024-10-29,30.0
14.228,20.041868,2024-10-30,30.0
27.412,20.65095,2024-10-31,30.0
11.852,19.02913,2024-11-01,30.0
28.228,19.673323,2024-11-02,30.0
25.584,19.488024,2024-11-03,30.0
25.936,20.252153,2024-11-04,30.0
19.08,21.44839,2024-11-05,30.0
22.952,24.172535,2024-11-06,30.0
33.008,24.223368,2024-11-07,30.0
19.792,23.863125,2024-11-08,30.0
20.352,25.296274,2024-11-09,30.0
37.428,25.11717,2024-11-10,30.0
25.576,24.377863,2024-11-11,30.0
22.4628,25.966446,2024-11-12,30.0
23.248,27.924234,2024-11-13,30.0
17.3,27.195585,2024-11-14,30.0
36.188,26.319956,2024-11-15,30.0
19.64,24.984285,2024-11-16,30.0
28.36,25.552473,2024-11-17,30.0
30.411,25.272738,2024-11-18,30.0
22.48,25.752121,2024-11-19,30.0
26.572,27.584929,2024-11-20,30.0
28.12,27.540514,2024-11-21,30.0
24.566645,27.243162,2024-11-22,30.0
23.05544,26.359474,2024-11-23,30.0
27.852526,26.774866,2024-11-24,30.0
26.684786,25.672194,2024-11-25,30.0
22.319866,25.750574,2024-11-26,30.0
23.768396,27.100103,2024-11-27,30.0
28.010567,26.795124,2024-11-28,30.0
26.145168,26.432545,2024-11-29,30.0
22.824,25.567396,2024-11-30,30.0
41.96,25.646414,2024-12-01,30.0
27.168,25.477112,2024-12-02,30.0
32.752,26.797651,2024-12-03,30.0
25.188,28.481379,2024-12-04,30.0
24.468,28.587433,2024-12-05,30.0
38.032,28.583502,2024-12-06,30.0
37.472,27.339285,2024-12-07,30.0
28.728,28.4634,2024-12-08,30.0
38.52,30.036415,2024-12-09,30.0
41.78,30.888025,2024-12-10,30.0
37.06,31.488562,2024-12-11,30.0
31.228,32.647125,2024-12-12,30.0
47.36,33.276028,2024-12-13,30.0
36.1,30.825407,2024-12-14,30.0
30.9,31.227213,2024-12-15,30.0
38.688,33.58665,2024-12-16,30.0
41.5828,34.07842,2024-12-17,30.0
43.248,34.746704,2024-12-18,30.0
52.48,36.354294,2024-12-19,30.0
36.288,37.27001,2024-12-20,30.0
55.852,37.069153,2024-12-21,30.0
36.852,37.30964,2024-12-22,30.0
26.536,39.228634,2024-12-23,30.0
26.028,39.440666,2024-12-24,30.0
31.68,39.01536,2024-12-25,30.0
51.96,36.75586,2024-12-26,30.0
33.592,34.210377,2024-12-27,30.0
25.352,33.113567,2024-12-28,30.0
23.828,31.801397,2024-12-29,30.0
43.292,31.466776,2024-12-30,30.0
28.84,30.261534,2024-12-31,30.0
30.68,31.401426,2025-01-01,30.0
23.52,31.964258,2025-01-02,30.0
27.488,30.462835,2025-01-03,30.0
36.18,29.036776,2025-01-04,30.0
36.5,28.354563,2025-01-05,30.0
27.248,29.589659,2025-01-06,30.0
37.24,29.50812,2025-01-07,30.0
33.392,30.30364,2025-01-08,30.0
36.22,30.928234,2025-01-09,30.0
42.452,31.250872,2025-01-10,30.0
17.868,30.55063,2025-01-11,30.0
38.092,31.236315,2025-01-12,30.0
31.52,30.503237,2025-01-13,30.0
32.988,30.797,2025-01-14,30.0
28.652,31.270956,2025-01-15,30.0
32.308,31.40351,2025-01-16,30.0
36.74,30.344973,2025-01-17,30.0
20.711,29.73992,2025-01-18,30.0
32.048,31.11846,2025-01-19,30.0
23.86,29.465622,2025-01-20,30.0
16.828,28.780672,2025-01-21,30.0
33.811,27.766405,2025-01-22,30.0
39.288,26.393316,2025-01-23,30.0
26.88,25.969648,2025-01-24,30.0
23.62,26.505503,2025-01-25,30.0
36.18,27.4216,2025-01-26,30.0
20.32,26.901949,2025-01-27,30.0
33.711,28.131832,2025-01-28,30.0
29.016,28.691662,2025-01-29,30.0
42.424,28.694338,2025-01-30,30.0
24.136,28.311102,2025-01-31,30.0
30.9028,29.218397,2025-02-01,30.0
33.258,29.346685,2025-02-02,30.0
30.932,28.015076,2025-02-03,30.0
22.988,29.680288,2025-02-04,30.0
42.211,29.625006,2025-02-05,30.0
25.08,29.77174,2025-02-06,30.0
37.72,29.175142,2025-02-07,30.0
21.328,28.8964,2025-02-08,30.0
37.392,28.653385,2025-02-09,30.0
30.8,27.880522,2025-02-10,30.0
13.968,27.81299,2025-02-11,30.0
27.672,29.55939,2025-02-12,30.0
25.048,27.640064,2025-02-13,30.0
24.448,26.81444,2025-02-14,30.0
37.944,26.081953,2025-02-15,30.0
22.288,26.248953,2025-02-16,30.0
18.46,27.051973,2025-02-17,30.0
26.228,27.494637,2025-02-18,30.0
35.2528,26.045126,2025-02-19,30.0
26.968,24.622301,2025-02-20,30.0
25.36,26.153631,2025-02-21,30.0
26.008,26.051401,2025-02-22,30.0
33.32,25.747686,2025-02-23,30.0
23.812,26.475073,2025-02-24,30.0
32.2,27.461643,2025-02-25,30.0
23.548,28.784218,2025-02-26,30.0
14.5428,28.835178,2025-02-27,30.0
19.928,28.128931,2025-02-28,30.0
31.28,25.315187,2025-03-01,30.0
27.608,23.5482,2025-03-02,30.0
28.48,24.781748,2025-03-03,30.0
27.612,26.448597,2025-03-04,30.0
18.228,26.265234,2025-03-05,30.0
24.0,26.71813,2025-03-06,30.0
14.96,26.467485,2025-03-07,30.0
29.2228,24.37454,2025-03-08,30.0
19.888,22.829847,2025-03-09,30.0
13.688,23.98578,2025-03-10,30.0
26.28,24.083014,2025-03-11,30.0
13.192,22.243391,2025-03-12,30.0
24.12,22.442902,2025-03-13,30.0
0.0,21.196901,2025-03-14,30.0
17.0,20.382439,2025-03-15,30.0
10.232,17.669865,2025-03-16,30.0
16.976,16.338125,2025-03-17,30.0
6.104,15.339744,2025-03-18,30.0
10.296,15.823905,2025-03-19,30.0
8.752,14.215392,2025-03-20,30.0
16.248,12.487967,2025-03-21,30.0
12.832,11.129669,2025-03-22,30.0
0.0,10.739732,2025-03-23,30.0
11.16,10.955691,2025-03-24,30.0
14.94,9.730618,2025-03-25,30.0
0.588,9.447951,2025-03-26,30.0
10.028,9.8292465,2025-03-27,30.0
6.624,9.02971,2025-03-28,30.0
19.168,8.421279,2025-03-29,30.0
18.392,8.250238,2025-03-30,30.0
0.428,9.232427,2025-03-31,30.0
14.228,10.353297,2025-04-01,30.0
10.2528,9.726202,2025-04-02,30.0
0.0,9.711808,2025-04-03,30.0
6.412,9.684281,2025-04-04,30.0
8.6,8.171884,2025-04-05,30.0
0.211,7.5709968,2025-04-06,30.0
20.788,7.9878907,2025-04-07,30.0
0.0,7.183967,2025-04-08,30.0
21.732,8.771643,2025-04-09,30.0
10.028,8.667912,2025-04-10,30.0
0.0,9.885119,2025-04-11,30.0
1.96,10.139034,2025-04-12,30.0
14.588,8.229643,2025-04-13,30.0
19.64,6.733146,2025-04-14,30.0
6.828,7.0020795,2025-04-15,30.0
6.411,9.739339,2025-04-16,30.0
2.292,10.172709,2025-04-17,30.0
3.72,9.474715,2025-04-18,30.0
0.8,7.5906067,2025-04-19,30.0
2.768,6.483442,2025-04-20,30.0
2.888,5.676334,2025-04-21,30.0
5.5428,5.4149165,2025-04-22,30.0
5.856,5.5641613,2025-04-23,30.0
19.88,5.4504395,2025-04-24,30.0
5.872,5.4325824,2025-04-25,30.0
8.68,6.5024395,2025-04-26,30.0
5.568,6.7045045,2025-04-27,30.0
2.68,6.3917923,2025-04-28,30.0
6.452,6.388498,2025-04-29,30.0
0.3,6.070453,2025-04-30,30.0
9.311,6.0988917,2025-05-01,30.0
0.988,6.0096884,2025-05-02,30.0
10.56,6.4576797,2025-05-03,30.0
3.98,6.127138,2025-05-04,30.0
12.2,5.912564,2025-05-05,30.0
0.0,5.458807,2025-05-06,30.0
3.128,6.065735,2025-05-07,30.0
6.492,5.756574,2025-05-08,30.0
10.932,5.237293,2025-05-09,30.0
2.496,4.8113465,2025-05-10,30.0
18.68,5.242609,2025-05-11,30.0
9.5028,5.403684,2025-05-12,30.0
0.0,6.7605,2025-05-13,30.0
14.288,8.032055,2025-05-14,30.0
6.88,6.9236784,2025-05-15,30.0
0.288,7.449161,2025-05-16,30.0
0.132,7.7000947,2025-05-17,30.0
14.62,7.0721064,2025-05-18,30.0
1.032,6.1809497,2025-05-19,30.0
0.0,6.2779503,2025-05-20,30.0
10.32,5.918607,2025-05-21,30.0
0.096,5.251133,2025-05-22,30.0
7.292,5.619369,2025-05-23,30.0
2.96,5.0524774,2025-05-24,30.0
3.96,4.966311,2025-05-25,30.0
8.52,4.7395105,2025-05-26,30.0
7.812,4.5767536,2025-05-27,30.0
4.608,4.9872174,2025-05-28,30.0
10.7,5.727163,2025-05-29,30.0
0.092,5.8747845,2025-05-30,30.0
1.668,5.630598,2025-05-31,30.0
8.28,5.383182,2025-06-01,30.0
2.64,4.930123,2025-06-02,30.0
0.428,5.024058,2025-06-03,30.0
12.984,5.144793,2025-06-04,30.0
19.096,4.829397,2025-06-05,30.0
8.632,5.4247675,2025-06-06,30.0
2.42,6.62054,2025-06-07,30.0
0.0,7.4287863,2025-06-08,30.0
6.708,6.903547,2025-06-09,30.0
0.0,5.990956,2025-06-10,30.0
6.512,5.9147015,2025-06-11,30.0
3.1,5.442966,2025-06-12,30.0
3.868,5.505156,2025-06-13,30.0
0.711,5.08664,2025-06-14,30.0
7.06,4.789449,2025-06-15,30.0
5.532,4.33157,2025-06-16,30.0
33.984,19.276552,2024-09-18,31.0
37.392,18.344826,2024-09-19,31.0
26.016,20.199106,2024-09-20,31.0
29.1428,22.798664,2024-09-21,31.0
20.632,23.982275,2024-09-22,31.0
13.192,24.86807,2024-09-23,31.0
14.368,24.53021,2024-09-24,31.0
26.288,23.108957,2024-09-25,31.0
31.6,20.51819,2024-09-26,31.0
35.736,22.075594,2024-09-27,31.0
30.904,23.11347,2024-09-28,31.0
24.752,24.888695,2024-09-29,31.0
27.102,26.431444,2024-09-30,31.0
30.912,26.282347,2024-10-01,31.0
9.168,27.040672,2024-10-02,31.0
32.92,28.004744,2024-10-03,31.0
27.432,26.150381,2024-10-04,31.0
26.512,25.578138,2024-10-05,31.0
23.1428,26.387144,2024-10-06,31.0
29.808,26.656288,2024-10-07,31.0
21.832,26.0484,2024-10-08,31.0
27.8,26.948393,2024-10-09,31.0
35.96,26.874388,2024-10-10,31.0
27.432,25.473211,2024-10-11,31.0
29.8,25.976625,2024-10-12,31.0
23.232,26.532877,2024-10-13,31.0
36.0,27.264881,2024-10-14,31.0
32.64,26.938688,2024-10-15,31.0
26.72,28.606705,2024-10-16,31.0
24.248,29.891031,2024-10-17,31.0
25.812,29.181108,2024-10-18,31.0
32.08,27.67159,2024-10-19,31.0
38.16,27.367668,2024-10-20,31.0
27.68,28.310543,2024-10-21,31.0
36.84,29.558544,2024-10-22,31.0
26.232,30.809896,2024-10-23,31.0
27.296,31.90954,2024-10-24,31.0
41.096,31.552675,2024-10-25,31.0
45.696,29.815615,2024-10-26,31.0
43.984,30.648228,2024-10-27,31.0
28.424,32.725967,2024-10-28,31.0
36.296,34.184437,2024-10-29,31.0
25.048,34.624195,2024-10-30,31.0
20.9028,36.379078,2024-10-31,31.0
44.96,36.033947,2024-11-01,31.0
42.424,32.445423,2024-11-02,31.0
36.3028,32.093212,2024-11-03,31.0
31.088,33.992855,2024-11-04,31.0
1.096,34.969265,2024-11-05,31.0
81.656,35.28517,2024-11-06,31.0
43.784,29.811934,2024-11-07,31.0
30.768,34.351475,2024-11-08,31.0
24.904,35.206173,2024-11-09,31.0
28.3828,34.554317,2024-11-10,31.0
30.08,33.546062,2024-11-11,31.0
44.136,33.105637,2024-11-12,31.0
38.184,33.73154,2024-11-13,31.0
14.1028,31.656738,2024-11-14,31.0
24.544,33.63034,2024-11-15,31.0
36.4,29.998735,2024-11-16,31.0
33.936,27.781214,2024-11-17,31.0
31.288,29.0086,2024-11-18,31.0
31.264,29.794329,2024-11-19,31.0
37.488,30.588688,2024-11-20,31.0
39.25625,31.157549,2024-11-21,31.0
35.128532,32.25324,2024-11-22,31.0
25.285059,31.57406,2024-11-23,31.0
35.65422,32.410133,2024-11-24,31.0
33.73251,32.05859,2024-11-25,31.0
32.42889,32.273163,2024-11-26,31.0
38.247284,33.180023,2024-11-27,31.0
36.667908,33.345825,2024-11-28,31.0
36.488796,33.974125,2024-11-29,31.0
41.8392,32.3458,2024-11-30,31.0
39.928,32.665714,2024-12-01,31.0
28.888,34.407833,2024-12-02,31.0
44.552,36.123188,2024-12-03,31.0
41.1428,36.42654,2024-12-04,31.0
43.848,36.469673,2024-12-05,31.0
48.744,37.579525,2024-12-06,31.0
32.9428,36.265675,2024-12-07,31.0
25.248,36.753452,2024-12-08,31.0
43.288,38.48559,2024-12-09,31.0
28.704,37.628185,2024-12-10,31.0
32.176,37.155907,2024-12-11,31.0
43.792,36.633038,2024-12-12,31.0
54.064,34.363903,2024-12-13,31.0
32.912,31.70722,2024-12-14,31.0
57.048,32.86887,2024-12-15,31.0
44.5828,35.842495,2024-12-16,31.0
56.5028,37.68073,2024-12-17,31.0
46.76,40.466312,2024-12-18,31.0
51.112,43.08096,2024-12-19,31.0
50.736,43.943035,2024-12-20,31.0
31.48,43.57305,2024-12-21,31.0
28.968,44.59148,2024-12-22,31.0
31.672,44.52918,2024-12-23,31.0
35.8,43.120937,2024-12-24,31.0
37.88,42.040047,2024-12-25,31.0
44.888,40.619663,2024-12-26,31.0
28.856,37.622265,2024-12-27,31.0
30.228,34.6563,2024-12-28,31.0
25.768,34.45712,2024-12-29,31.0
57.088,34.125973,2024-12-30,31.0
33.102,32.80041,2024-12-31,31.0
57.904,34.79259,2025-01-01,31.0
35.9428,36.053837,2025-01-02,31.0
39.428,37.615437,2025-01-03,31.0
39.544,38.044716,2025-01-04,31.0
50.428,38.97974,2025-01-05,31.0
55.032,39.7039,2025-01-06,31.0
28.976,39.15681,2025-01-07,31.0
51.088,40.936085,2025-01-08,31.0
56.192,40.448944,2025-01-09,31.0
39.792,40.795307,2025-01-10,31.0
29.904,41.07001,2025-01-11,31.0
39.1828,42.47463,2025-01-12,31.0
52.488,41.35061,2025-01-13,31.0
32.672,40.811596,2025-01-14,31.0
50.168,42.16557,2025-01-15,31.0
44.8,42.149765,2025-01-16,31.0
39.88,41.257366,2025-01-17,31.0
42.72,41.795746,2025-01-18,31.0
29.448,43.035336,2025-01-19,31.0
39.2628,42.345623,2025-01-20,31.0
47.072,40.134243,2025-01-21,31.0
50.6,39.2495,2025-01-22,31.0
25.228,38.206417,2025-01-23,31.0
33.288,38.733356,2025-01-24,31.0
50.92,37.281654,2025-01-25,31.0
38.088,35.491337,2025-01-26,31.0
33.184,38.21895,2025-01-27,31.0
42.0228,39.25317,2025-01-28,31.0
37.256,38.94289,2025-01-29,31.0
28.896,38.918095,2025-01-30,31.0
39.311,39.10381,2025-01-31,31.0
55.1428,37.426586,2025-02-01,31.0
48.536,35.639698,2025-02-02,31.0
28.952,37.505848,2025-02-03,31.0
36.696,40.52669,2025-02-04,31.0
48.1428,40.10707,2025-02-05,31.0
48.5028,39.959743,2025-02-06,31.0
56.4,40.848133,2025-02-07,31.0
44.952,41.212013,2025-02-08,31.0
28.6,41.93597,2025-02-09,31.0
46.52,41.894123,2025-02-10,31.0
30.704,41.952587,2025-02-11,31.0
44.216,41.8146,2025-02-12,31.0
39.16,40.7199,2025-02-13,31.0
47.736,40.510315,2025-02-14,31.0
31.968,39.76887,2025-02-15,31.0
35.72,40.365723,2025-02-16,31.0
48.096,40.714138,2025-02-17,31.0
42.984,37.850864,2025-02-18,31.0
44.056,37.493504,2025-02-19,31.0
45.656,38.0137,2025-02-20,31.0
43.9428,39.30796,2025-02-21,31.0
55.812,38.494843,2025-02-22,31.0
48.856,40.2598,2025-02-23,31.0
47.576,42.861122,2025-02-24,31.0
45.792,44.796978,2025-02-25,31.0
55.112,45.068645,2025-02-26,31.0
44.648,44.72166,2025-02-27,31.0
23.32,45.31628,2025-02-28,31.0
54.832,45.205677,2025-03-01,31.0
48.4,42.857822,2025-03-02,31.0
30.768,42.900616,2025-03-03,31.0
48.392,43.224022,2025-03-04,31.0
43.872,43.334625,2025-03-05,31.0
23.088,43.360588,2025-03-06,31.0
44.472,43.682713,2025-03-07,31.0
29.0228,42.322674,2025-03-08,31.0
29.6,39.55395,2025-03-09,31.0
30.696,38.990707,2025-03-10,31.0
28.576,36.160133,2025-03-11,31.0
28.808,33.56262,2025-03-12,31.0
36.368,32.04878,2025-03-13,31.0
19.016,31.00984,2025-03-14,31.0
21.848,29.543478,2025-03-15,31.0
24.16,29.142197,2025-03-16,31.0
29.311,27.442255,2025-03-17,31.0
20.392,26.94855,2025-03-18,31.0
28.0,27.670443,2025-03-19,31.0
28.072,27.452549,2025-03-20,31.0
38.936,26.384521,2025-03-21,31.0
28.128,26.061087,2025-03-22,31.0
18.888,27.201681,2025-03-23,31.0
38.102,28.456778,2025-03-24,31.0
35.112,27.731737,2025-03-25,31.0
21.872,28.82961,2025-03-26,31.0
31.392,29.263926,2025-03-27,31.0
36.776,28.515608,2025-03-28,31.0
21.096,28.111998,2025-03-29,31.0
23.192,29.357769,2025-03-30,31.0
11.76,29.280134,2025-03-31,31.0
12.424,27.898195,2025-04-01,31.0
11.576,26.612112,2025-04-02,31.0
31.384,24.292694,2025-04-03,31.0
30.8,21.12611,2025-04-04,31.0
23.92,21.781528,2025-04-05,31.0
26.428,23.853151,2025-04-06,31.0
11.8,24.550497,2025-04-07,31.0
27.96,25.115229,2025-04-08,31.0
31.9428,23.669752,2025-04-09,31.0
8.992,23.94115,2025-04-10,31.0
35.36,25.208185,2025-04-11,31.0
25.008,24.071062,2025-04-12,31.0
27.9428,24.669813,2025-04-13,31.0
18.128,25.10129,2025-04-14,31.0
19.736,25.608322,2025-04-15,31.0
29.904,24.8594,2025-04-16,31.0
41.2,24.121195,2025-04-17,31.0
17.272,24.897684,2025-04-18,31.0
32.208,25.162615,2025-04-19,31.0
19.872,25.513737,2025-04-20,31.0
14.936,25.62473,2025-04-21,31.0
19.896,26.071898,2025-04-22,31.0
33.512,24.825556,2025-04-23,31.0
25.424,23.833548,2025-04-24,31.0
13.384,24.808367,2025-04-25,31.0
24.5028,24.733124,2025-04-26,31.0
24.072,22.929781,2025-04-27,31.0
22.592,22.386797,2025-04-28,31.0
28.752,23.143492,2025-04-29,31.0
27.228,23.558935,2025-04-30,31.0
20.04,24.736242,2025-05-01,31.0
35.992,25.744951,2025-05-02,31.0
33.136,24.80816,2025-05-03,31.0
22.68,25.934683,2025-05-04,31.0
14.832,27.010504,2025-05-05,31.0
28.0,27.054968,2025-05-06,31.0
28.008,25.279081,2025-05-07,31.0
36.48,25.535421,2025-05-08,31.0
19.552,26.036032,2025-05-09,31.0
22.728,26.024672,2025-05-10,31.0
25.24,26.242302,2025-05-11,31.0
39.248,25.745008,2025-05-12,31.0
19.936,25.46607,2025-05-13,31.0
30.752,26.828817,2025-05-14,31.0
21.792,26.59321,2025-05-15,31.0
33.856,25.848917,2025-05-16,31.0
22.536,25.247423,2025-05-17,31.0
32.592,25.845118,2025-05-18,31.0
20.896,25.711143,2025-05-19,31.0
25.6628,25.280996,2025-05-20,31.0
18.056,25.52674,2025-05-21,31.0
23.2228,25.037016,2025-05-22,31.0
37.952,24.414232,2025-05-23,31.0
21.8628,23.064432,2025-05-24,31.0
22.456,24.80303,2025-05-25,31.0
32.08,25.52732,2025-05-26,31.0
33.68,25.247152,2025-05-27,31.0
33.216,26.19024,2025-05-28,31.0
28.711,27.74631,2025-05-29,31.0
23.688,28.629269,2025-05-30,31.0
26.472,27.457476,2025-05-31,31.0
20.32,27.337378,2025-06-01,31.0
35.3028,26.382019,2025-06-02,31.0
25.84,25.66266,2025-06-03,31.0
37.2628,26.54545,2025-06-04,31.0
42.12,27.372055,2025-06-05,31.0
24.072,28.115503,2025-06-06,31.0
38.608,28.01732,2025-06-07,31.0
28.488,28.541544,2025-06-08,31.0
28.264,29.56695,2025-06-09,31.0
35.136,30.154886,2025-06-10,31.0
29.576,30.64451,2025-06-11,31.0
36.672,30.976822,2025-06-12,31.0
13.8628,30.621298,2025-06-13,31.0
32.248,30.006958,2025-06-14,31.0
17.392,28.330645,2025-06-15,31.0
31.784,28.23912,2025-06-16,31.0
24.28,28.840237,2024-09-18,32.0
27.428,27.122145,2024-09-19,32.0
30.32,25.612535,2024-09-20,32.0
57.28,25.293222,2024-09-21,32.0
27.132,25.477869,2024-09-22,32.0
14.776,28.788662,2024-09-23,32.0
19.732,30.206068,2024-09-24,32.0
28.26,28.040445,2024-09-25,32.0
52.808,24.930727,2024-09-26,32.0
32.9028,25.756645,2024-09-27,32.0
55.32,27.321278,2024-09-28,32.0
39.028,27.533142,2024-09-29,32.0
43.532,30.307478,2024-09-30,32.0
52.28,33.18822,2024-10-01,32.0
23.708,37.75372,2024-10-02,32.0
37.652,42.14155,2024-10-03,32.0
28.428,41.82444,2024-10-04,32.0
28.48,39.977993,2024-10-05,32.0
31.86,36.025394,2024-10-06,32.0
24.888,35.92979,2024-10-07,32.0
24.9428,35.30013,2024-10-08,32.0
19.488,34.237015,2024-10-09,32.0
22.288,33.15311,2024-10-10,32.0
30.052,28.943995,2024-10-11,32.0
32.572,26.643633,2024-10-12,32.0
27.488,26.323572,2024-10-13,32.0
39.112,27.311012,2024-10-14,32.0
28.148,27.628311,2024-10-15,32.0
42.72,29.28771,2024-10-16,32.0
31.492,30.284071,2024-10-17,32.0
22.568,31.392189,2024-10-18,32.0
18.352,30.984613,2024-10-19,32.0
44.968,30.215685,2024-10-20,32.0
39.48,28.716148,2024-10-21,32.0
37.592,29.904737,2024-10-22,32.0
28.608,32.553677,2024-10-23,32.0
37.328,33.514713,2024-10-24,32.0
44.744,33.706398,2024-10-25,32.0
39.588,32.737495,2024-10-26,32.0
38.12,35.259563,2024-10-27,32.0
39.48,35.711796,2024-10-28,32.0
36.6,36.715374,2024-10-29,32.0
37.46,38.063663,2024-10-30,32.0
43.168,39.737347,2024-10-31,32.0
37.112,40.369785,2024-11-01,32.0
43.912,39.36672,2024-11-02,32.0
38.428,38.767563,2024-11-03,32.0
37.628,39.897984,2024-11-04,32.0
43.272,39.83316,2024-11-05,32.0
43.768,40.5519,2024-11-06,32.0
41.12,40.992493,2024-11-07,32.0
44.172,41.284588,2024-11-08,32.0
65.06,39.05566,2024-11-09,32.0
46.288,38.214268,2024-11-10,32.0
25.032,41.60528,2024-11-11,32.0
53.552,42.57185,2024-11-12,32.0
62.548,41.586384,2024-11-13,32.0
67.34,42.403233,2024-11-14,32.0
29.52,44.044983,2024-11-15,32.0
74.74,44.30102,2024-11-16,32.0
48.82,42.746075,2024-11-17,32.0
41.768,45.343197,2024-11-18,32.0
52.032,45.8822,2024-11-19,32.0
33.911,45.30828,2024-11-20,32.0
31.668,45.698044,2024-11-21,32.0
36.948,44.257755,2024-11-22,32.0
61.237335,41.876728,2024-11-23,32.0
44.512,36.752422,2024-11-24,32.0
37.809334,39.975864,2024-11-25,32.0
49.618668,41.042355,2024-11-26,32.0
46.74267,40.841705,2024-11-27,32.0
45.824,41.863888,2024-11-28,32.0
35.05256,42.959965,2024-11-29,32.0
53.338,41.848137,2024-11-30,32.0
72.48,38.427197,2024-12-01,32.0
56.032,41.067394,2024-12-02,32.0
63.2,42.584137,2024-12-03,32.0
64.36,43.53155,2024-12-04,32.0
71.496,44.98111,2024-12-05,32.0
56.088,46.242683,2024-12-06,32.0
52.72,46.734283,2024-12-07,32.0
38.736,46.765087,2024-12-08,32.0
69.328,46.81335,2024-12-09,32.0
52.72,46.636486,2024-12-10,32.0
63.856,46.561687,2024-12-11,32.0
67.624,46.631214,2024-12-12,32.0
74.16,46.380802,2024-12-13,32.0
43.328,46.416103,2024-12-14,32.0
73.832,46.80514,2024-12-15,32.0
58.464,46.993534,2024-12-16,32.0
18.0228,46.8964,2024-12-17,32.0
11.576,47.079643,2024-12-18,32.0
29.216,46.648174,2024-12-19,32.0
59.928,43.61601,2024-12-20,32.0
48.08,37.6102,2024-12-21,32.0
52.32,39.092247,2024-12-22,32.0
49.496,39.98685,2024-12-23,32.0
39.36,39.857258,2024-12-24,32.0
49.536,41.5292,2024-12-25,32.0
52.8,42.10056,2024-12-26,32.0
41.6628,41.06362,2024-12-27,32.0
52.136,39.887817,2024-12-28,32.0
50.12,40.50478,2024-12-29,32.0
48.432,41.649426,2024-12-30,32.0
50.04,42.236355,2024-12-31,32.0
57.0,43.894,2025-01-01,32.0
51.216,44.826008,2025-01-02,32.0
54.72,45.53166,2025-01-03,32.0
56.448,45.57868,2025-01-04,32.0
54.976,45.45283,2025-01-05,32.0
58.456,46.334072,2025-01-06,32.0
43.64,46.27624,2025-01-07,32.0
49.888,46.626205,2025-01-08,32.0
49.6,46.68761,2025-01-09,32.0
54.064,46.531063,2025-01-10,32.0
50.04,45.968018,2025-01-11,32.0
49.96,46.00576,2025-01-12,32.0
52.672,46.014908,2025-01-13,32.0
43.536,46.035603,2025-01-14,32.0
52.8628,46.284077,2025-01-15,32.0
60.048,46.338642,2025-01-16,32.0
52.48,45.99056,2025-01-17,32.0
51.832,45.972862,2025-01-18,32.0
54.6,46.353695,2025-01-19,32.0
58.36,46.504047,2025-01-20,32.0
55.28,46.03596,2025-01-21,32.0
55.528,46.569855,2025-01-22,32.0
52.428,46.359234,2025-01-23,32.0
53.36,46.1236,2025-01-24,32.0
59.432,46.34039,2025-01-25,32.0
47.8,46.29073,2025-01-26,32.0
45.254,46.71504,2025-01-27,32.0
55.792,46.824623,2025-01-28,32.0
46.96,46.752872,2025-01-29,32.0
43.456,46.83253,2025-01-30,32.0
51.608,46.631107,2025-01-31,32.0
59.812,46.04719,2025-02-01,32.0
46.528,45.459194,2025-02-02,32.0
54.792,45.94116,2025-02-03,32.0
61.448,46.20428,2025-02-04,32.0
47.512,46.088474,2025-02-05,32.0
63.4628,46.54038,2025-02-06,32.0
61.84,46.582867,2025-02-07,32.0
64.936,46.579098,2025-02-08,32.0
55.368,46.844955,2025-02-09,32.0
64.656,47.021587,2025-02-10,32.0
52.368,47.03734,2025-02-11,32.0
53.112,46.98428,2025-02-12,32.0
49.112,47.030087,2025-02-13,32.0
46.808,46.922558,2025-02-14,32.0
63.464,46.86286,2025-02-15,32.0
56.792,46.669933,2025-02-16,32.0
58.952,46.899273,2025-02-17,32.0
54.102,46.827,2025-02-18,32.0
56.208,46.700687,2025-02-19,32.0
59.568,46.798534,2025-02-20,32.0
62.232,46.769352,2025-02-21,32.0
65.168,46.73237,2025-02-22,32.0
57.102,46.760765,2025-02-23,32.0
69.6628,46.957947,2025-02-24,32.0
68.3028,46.930294,2025-02-25,32.0
65.4,47.00632,2025-02-26,32.0
60.16,47.079517,2025-02-27,32.0
20.168,47.10478,2025-02-28,32.0
62.936,47.11722,2025-03-01,32.0
56.64,46.8529,2025-03-02,32.0
61.32,46.774334,2025-03-03,32.0
53.648,46.718105,2025-03-04,32.0
45.911,46.69171,2025-03-05,32.0
56.256,46.64672,2025-03-06,32.0
50.0,46.24406,2025-03-07,32.0
44.08,46.39115,2025-03-08,32.0
43.872,45.71197,2025-03-09,32.0
51.36,46.355816,2025-03-10,32.0
37.848,45.4219,2025-03-11,32.0
39.312,45.500687,2025-03-12,32.0
37.936,45.203022,2025-03-13,32.0
39.36,43.347546,2025-03-14,32.0
39.968,41.509502,2025-03-15,32.0
26.424,40.980186,2025-03-16,32.0
32.2628,40.04232,2025-03-17,32.0
30.76,38.677784,2025-03-18,32.0
27.56,37.607815,2025-03-19,32.0
33.312,37.46693,2025-03-20,32.0
38.911,35.061054,2025-03-21,32.0
28.952,32.783558,2025-03-22,32.0
33.192,32.75781,2025-03-23,32.0
39.008,33.693245,2025-03-24,32.0
35.392,33.183132,2025-03-25,32.0
25.872,34.80354,2025-03-26,32.0
39.696,34.978992,2025-03-27,32.0
39.264,32.85035,2025-03-28,32.0
27.0,32.74705,2025-03-29,32.0
28.56,33.69576,2025-03-30,32.0
26.6,33.34135,2025-03-31,32.0
31.568,32.712597,2025-04-01,32.0
24.872,32.52623,2025-04-02,32.0
29.32,32.964622,2025-04-03,32.0
27.016,30.946392,2025-04-04,32.0
25.208,29.567009,2025-04-05,32.0
27.311,28.949537,2025-04-06,32.0
31.088,28.834455,2025-04-07,32.0
41.336,28.641916,2025-04-08,32.0
27.92,29.520212,2025-04-09,32.0
36.24,31.95449,2025-04-10,32.0
31.96,31.882238,2025-04-11,32.0
29.552,31.646048,2025-04-12,32.0
25.8228,32.77851,2025-04-13,32.0
31.232,31.63336,2025-04-14,32.0
28.5028,30.749388,2025-04-15,32.0
22.216,30.409678,2025-04-16,32.0
23.048,30.90979,2025-04-17,32.0
25.048,29.04416,2025-04-18,32.0
23.352,27.082384,2025-04-19,32.0
22.232,26.377,2025-04-20,32.0
29.24,26.017725,2025-04-21,32.0
30.912,25.669085,2025-04-22,32.0
29.648,26.935152,2025-04-23,32.0
33.032,28.049524,2025-04-24,32.0
30.336,27.875303,2025-04-25,32.0
25.1028,27.697077,2025-04-26,32.0
26.6,27.978498,2025-04-27,32.0
28.288,27.968077,2025-04-28,32.0
36.112,27.457346,2025-04-29,32.0
30.592,27.729332,2025-04-30,32.0
28.0228,28.682642,2025-05-01,32.0
25.752,29.032988,2025-05-02,32.0
28.911,28.444975,2025-05-03,32.0
31.24,28.517641,2025-05-04,32.0
27.648,28.123072,2025-05-05,32.0
41.168,28.603918,2025-05-06,32.0
27.288,28.677124,2025-05-07,32.0
31.888,30.35137,2025-05-08,32.0
33.368,30.73158,2025-05-09,32.0
30.428,29.62617,2025-05-10,32.0
25.76,30.789911,2025-05-11,32.0
32.736,31.418278,2025-05-12,32.0
33.464,30.43025,2025-05-13,32.0
32.984,29.884806,2025-05-14,32.0
25.472,30.484007,2025-05-15,32.0
26.184,29.862543,2025-05-16,32.0
27.32,28.624128,2025-05-17,32.0
32.032,27.854708,2025-05-18,32.0
28.5828,27.606627,2025-05-19,32.0
27.84,27.080233,2025-05-20,32.0
26.9828,27.318338,2025-05-21,32.0
32.784,27.500658,2025-05-22,32.0
32.688,27.294107,2025-05-23,32.0
33.112,26.79427,2025-05-24,32.0
27.192,27.898273,2025-05-25,32.0
33.254,28.93438,2025-05-26,32.0
39.16,29.738632,2025-05-27,32.0
28.56,30.231949,2025-05-28,32.0
25.688,31.808117,2025-05-29,32.0
31.392,32.36618,2025-05-30,32.0
41.288,30.204908,2025-05-31,32.0
18.911,29.643112,2025-06-01,32.0
42.64,30.564806,2025-06-02,32.0
35.288,29.789595,2025-06-03,32.0
35.88,29.960245,2025-06-04,32.0
44.632,31.880674,2025-06-05,32.0
35.28,32.949116,2025-06-06,32.0
55.8,32.280308,2025-06-07,32.0
51.704,32.74457,2025-06-08,32.0
33.711,36.222454,2025-06-09,32.0
28.8,38.177013,2025-06-10,32.0
38.424,39.47321,2025-06-11,32.0
43.36,39.934505,2025-06-12,32.0
29.968,39.875256,2025-06-13,32.0
27.102,39.058876,2025-06-14,32.0
21.792,36.09635,2025-06-15,32.0
38.064,35.206154,2025-06-16,32.0
10.52,7.9353385,2024-09-18,33.0
13.664,7.3841124,2024-09-19,33.0
14.8,7.6498017,2024-09-20,33.0
20.628,8.605118,2024-09-21,33.0
6.76,9.783195,2024-09-22,33.0
3.012,11.451505,2024-09-23,33.0
3.96,11.417489,2024-09-24,33.0
10.428,10.110038,2024-09-25,33.0
13.932,8.473429,2024-09-26,33.0
20.0,8.205003,2024-09-27,33.0
14.428,8.83338,2024-09-28,33.0
16.12,11.384274,2024-09-29,33.0
12.908,12.826661,2024-09-30,33.0
14.732,12.803634,2024-10-01,33.0
9.5,13.132693,2024-10-02,33.0
8.68,13.2219925,2024-10-03,33.0
4.38,12.691529,2024-10-04,33.0
10.92,11.7928095,2024-10-05,33.0
12.652,11.0542345,2024-10-06,33.0
14.028,10.466477,2024-10-07,33.0
12.052,10.693912,2024-10-08,33.0
11.268,12.089552,2024-10-09,33.0
11.98,12.520207,2024-10-10,33.0
21.511,11.960244,2024-10-11,33.0
8.92,11.047537,2024-10-12,33.0
11.828,12.651104,2024-10-13,33.0
5.42,12.612524,2024-10-14,33.0
5.38,11.960504,2024-10-15,33.0
5.28,11.602909,2024-10-16,33.0
17.148,10.3598795,2024-10-17,33.0
13.872,9.197086,2024-10-18,33.0
14.832,9.704923,2024-10-19,33.0
20.168,11.432902,2024-10-20,33.0
10.768,11.8313875,2024-10-21,33.0
12.411,13.201604,2024-10-22,33.0
18.332,13.940055,2024-10-23,33.0
13.188,13.390519,2024-10-24,33.0
11.652,14.019471,2024-10-25,33.0
11.4,14.294738,2024-10-26,33.0
9.576,14.4193735,2024-10-27,33.0
22.8228,13.768613,2024-10-28,33.0
17.988,12.82607,2024-10-29,33.0
11.92,14.769316,2024-10-30,33.0
20.94,17.053755,2024-10-31,33.0
9.592,16.559732,2024-11-01,33.0
16.108,16.457682,2024-11-02,33.0
22.988,15.860944,2024-11-03,33.0
20.772,14.880111,2024-11-04,33.0
21.652,16.04632,2024-11-05,33.0
21.508,19.370642,2024-11-06,33.0
16.56,21.329163,2024-11-07,33.0
5.692,21.856943,2024-11-08,33.0
22.88,21.046522,2024-11-09,33.0
24.028,18.074978,2024-11-10,33.0
10.332,17.809988,2024-11-11,33.0
10.68,19.710434,2024-11-12,33.0
11.548,19.956625,2024-11-13,33.0
24.02,18.19261,2024-11-14,33.0
25.48,16.823189,2024-11-15,33.0
14.928,17.227789,2024-11-16,33.0
24.472,19.411692,2024-11-17,33.0
22.448,19.29129,2024-11-18,33.0
17.8628,20.219349,2024-11-19,33.0
8.88,21.826353,2024-11-20,33.0
20.506666,21.848864,2024-11-21,33.0
13.588,19.158014,2024-11-22,33.0
17.972,19.216917,2024-11-23,33.0
23.829334,19.455713,2024-11-24,33.0
17.850666,18.495222,2024-11-25,33.0
16.732,19.677553,2024-11-26,33.0
11.312,21.070772,2024-11-27,33.0
11.994,20.636766,2024-11-28,33.0
18.467283,18.661484,2024-11-29,33.0
20.295,16.929848,2024-11-30,33.0
7.288,17.17251,2024-12-01,33.0
7.292,18.123716,2024-12-02,33.0
7.332,16.72769,2024-12-03,33.0
7.28,15.024039,2024-12-04,33.0
7.328,13.626479,2024-12-05,33.0
50.18,12.1824465,2024-12-06,33.0
27.14,11.002149,2024-12-07,33.0
63.102,17.014387,2024-12-08,33.0
28.808,21.373617,2024-12-09,33.0
21.552,26.33116,2024-12-10,33.0
41.428,29.050352,2024-12-11,33.0
17.188,27.809221,2024-12-12,33.0
10.56,29.458082,2024-12-13,33.0
28.452,27.42108,2024-12-14,33.0
24.376,25.756643,2024-12-15,33.0
45.432,26.131437,2024-12-16,33.0
24.48,27.228075,2024-12-17,33.0
26.488,28.790667,2024-12-18,33.0
11.392,29.7693,2024-12-19,33.0
29.832,29.282211,2024-12-20,33.0
7.976,25.633108,2024-12-21,33.0
7.9428,25.788507,2024-12-22,33.0
7.976,23.88806,2024-12-23,33.0
7.992,20.947283,2024-12-24,33.0
7.992,20.472929,2024-12-25,33.0
28.068,18.46803,2024-12-26,33.0
39.508,16.237425,2024-12-27,33.0
17.612,16.607561,2024-12-28,33.0
6.8,20.228464,2024-12-29,33.0
6.788,20.702658,2024-12-30,33.0
33.16,17.584932,2024-12-31,33.0
25.952,15.379062,2025-01-01,33.0
37.72,17.023157,2025-01-02,33.0
18.711,19.608732,2025-01-03,33.0
6.228,22.391151,2025-01-04,33.0
6.28,24.067484,2025-01-05,33.0
6.28,21.265776,2025-01-06,33.0
6.252,16.739536,2025-01-07,33.0
6.268,14.8956585,2025-01-08,33.0
28.188,14.173087,2025-01-09,33.0
45.102,13.361726,2025-01-10,33.0
26.62,15.07925,2025-01-11,33.0
29.9,19.68901,2025-01-12,33.0
6.888,22.07138,2025-01-13,33.0
14.572,23.814669,2025-01-14,33.0
6.988,21.784506,2025-01-15,33.0
36.464,18.5282,2025-01-16,33.0
51.768,15.483572,2025-01-17,33.0
7.32,17.994139,2025-01-18,33.0
7.36,23.34167,2025-01-19,33.0
7.352,24.958052,2025-01-20,33.0
8.536,21.315676,2025-01-21,33.0
8.5428,16.962938,2025-01-22,33.0
55.188,14.905776,2025-01-23,33.0
30.32,13.882522,2025-01-24,33.0
8.0,18.108114,2025-01-25,33.0
7.972,22.706549,2025-01-26,33.0
7.988,21.351728,2025-01-27,33.0
7.96,17.403803,2025-01-28,33.0
7.92,15.003472,2025-01-29,33.0
45.188,13.322601,2025-01-30,33.0
44.2,12.678158,2025-01-31,33.0
6.7828,17.577765,2025-02-01,33.0
6.788,22.824594,2025-02-02,33.0
7.412,22.145924,2025-02-03,33.0
8.488,18.230333,2025-02-04,33.0
8.56,15.224315,2025-02-05,33.0
45.288,13.234149,2025-02-06,33.0
53.652,12.724176,2025-02-07,33.0
6.1,16.78691,2025-02-08,33.0
5.568,22.76076,2025-02-09,33.0
5.56,22.770193,2025-02-10,33.0
5.572,17.651983,2025-02-11,33.0
11.4,14.529773,2025-02-12,33.0
8.852,12.512656,2025-02-13,33.0
8.528,12.706128,2025-02-14,33.0
22.4,13.84418,2025-02-15,33.0
32.608,14.39479,2025-02-16,33.0
39.132,14.772808,2025-02-17,33.0
46.3,18.002497,2025-02-18,33.0
13.568,21.471518,2025-02-19,33.0
28.08,24.98508,2025-02-20,33.0
32.032,25.402658,2025-02-21,33.0
25.8,23.873062,2025-02-22,33.0
25.552,24.914782,2025-02-23,33.0
39.068,26.061895,2025-02-24,33.0
41.308,26.578287,2025-02-25,33.0
24.424,28.536104,2025-02-26,33.0
33.536,31.131323,2025-02-27,33.0
18.6,30.267696,2025-02-28,33.0
28.312,30.286316,2025-03-01,33.0
26.76,28.72494,2025-03-02,33.0
24.248,28.167393,2025-03-03,33.0
46.092,28.191038,2025-03-04,33.0
20.92,27.632063,2025-03-05,33.0
5.928,29.537903,2025-03-06,33.0
5.62,30.424965,2025-03-07,33.0
5.68,26.068779,2025-03-08,33.0
43.548,20.643019,2025-03-09,33.0
19.852,17.611158,2025-03-10,33.0
14.88,20.575659,2025-03-11,33.0
26.96,22.410763,2025-03-12,33.0
16.34,22.301493,2025-03-13,33.0
16.84,21.82949,2025-03-14,33.0
23.8,19.742472,2025-03-15,33.0
13.728,19.14216,2025-03-16,33.0
20.411,19.089666,2025-03-17,33.0
13.948,20.024038,2025-03-18,33.0
16.811,20.994205,2025-03-19,33.0
18.06,19.624367,2025-03-20,33.0
29.688,18.713942,2025-03-21,33.0
27.024,17.907103,2025-03-22,33.0
30.468,19.475657,2025-03-23,33.0
16.46,21.693245,2025-03-24,33.0
10.76,23.859053,2025-03-25,33.0
9.568,24.44961,2025-03-26,33.0
14.9428,21.306257,2025-03-27,33.0
21.2,18.687672,2025-03-28,33.0
11.008,17.033512,2025-03-29,33.0
7.272,18.121763,2025-03-30,33.0
8.056,18.409664,2025-03-31,33.0
8.092,16.216385,2025-04-01,33.0
8.028,13.756285,2025-04-02,33.0
19.812,11.674632,2025-04-03,33.0
12.11,10.133756,2025-04-04,33.0
7.748,11.09167,2025-04-05,33.0
11.211,12.2536335,2025-04-06,33.0
16.26,11.424948,2025-04-07,33.0
7.42,10.667096,2025-04-08,33.0
19.36,12.009983,2025-04-09,33.0
6.588,11.621845,2025-04-10,33.0
24.224,12.743022,2025-04-11,33.0
8.428,12.431075,2025-04-12,33.0
7.532,13.62448,2025-04-13,33.0
13.228,12.955621,2025-04-14,33.0
16.25,11.745677,2025-04-15,33.0
19.368,11.872664,2025-04-16,33.0
18.312,12.557076,2025-04-17,33.0
12.028,13.835736,2025-04-18,33.0
10.511,14.210852,2025-04-19,33.0
16.0,14.730572,2025-04-20,33.0
9.92,13.450965,2025-04-21,33.0
14.136,13.284894,2025-04-22,33.0
17.48,13.707591,2025-04-23,33.0
10.36,13.994893,2025-04-24,33.0
11.352,15.136015,2025-04-25,33.0
7.352,14.051337,2025-04-26,33.0
17.258,12.750396,2025-04-27,33.0
8.692,11.222335,2025-04-28,33.0
17.468,11.7731085,2025-04-29,33.0
9.588,12.00047,2025-04-30,33.0
10.264,13.151753,2025-05-01,33.0
14.888,13.53501,2025-05-02,33.0
31.92,12.4724,2025-05-03,33.0
11.711,12.692885,2025-05-04,33.0
10.012,14.871658,2025-05-05,33.0
10.72,15.302015,2025-05-06,33.0
12.1428,14.551334,2025-05-07,33.0
13.08,13.890872,2025-05-08,33.0
35.812,12.947085,2025-05-09,33.0
35.372,11.806178,2025-05-10,33.0
28.258,15.549248,2025-05-11,33.0
28.944,20.338795,2025-05-12,33.0
9.376,23.245848,2025-05-13,33.0
25.652,24.768744,2025-05-14,33.0
25.08,22.317968,2025-05-15,33.0
27.932,21.61181,2025-05-16,33.0
45.388,22.412352,2025-05-17,33.0
35.508,23.507936,2025-05-18,33.0
30.992,26.10143,2025-05-19,33.0
41.0,27.559027,2025-05-20,33.0
41.608,28.580051,2025-05-21,33.0
14.12,29.582073,2025-05-22,33.0
14.772,32.144917,2025-05-23,33.0
14.26,29.36403,2025-05-24,33.0
14.96,26.720697,2025-05-25,33.0
10.672,25.446625,2025-05-26,33.0
14.68,23.94512,2025-05-27,33.0
10.188,22.042315,2025-05-28,33.0
16.788,21.171255,2025-05-29,33.0
10.1828,19.71855,2025-05-30,33.0
11.496,16.283648,2025-05-31,33.0
6.832,14.354524,2025-06-01,33.0
11.072,12.833177,2025-06-02,33.0
10.696,11.231074,2025-06-03,33.0
18.232,10.760528,2025-06-04,33.0
9.832,10.949488,2025-06-05,33.0
12.936,11.835979,2025-06-06,33.0
8.552,11.178481,2025-06-07,33.0
6.56,11.110036,2025-06-08,33.0
10.912,10.7086,2025-06-09,33.0
16.136,9.657189,2025-06-10,33.0
19.872,10.000593,2025-06-11,33.0
18.25,11.317488,2025-06-12,33.0
8.08,13.3118,2025-06-13,33.0
10.66,13.494273,2025-06-14,33.0
7.711,12.972855,2025-06-15,33.0
6.5,11.456423,2025-06-16,33.0
6.296,8.48499,2024-09-18,34.0
26.352,8.088128,2024-09-19,34.0
12.288,7.5624323,2024-09-20,34.0
22.311,9.41155,2024-09-21,34.0
23.088,11.033677,2024-09-22,34.0
10.732,12.432722,2024-09-23,34.0
5.56,14.58504,2024-09-24,34.0
13.988,15.119197,2024-09-25,34.0
25.272,12.925785,2024-09-26,34.0
19.032,12.533834,2024-09-27,34.0
11.668,14.723997,2024-09-28,34.0
18.988,16.758791,2024-09-29,34.0
14.012,16.508581,2024-09-30,34.0
17.252,16.303875,2024-10-01,34.0
10.648,16.618639,2024-10-02,34.0
23.288,16.422024,2024-10-03,34.0
17.772,15.744884,2024-10-04,34.0
12.388,16.874306,2024-10-05,34.0
14.5028,18.189684,2024-10-06,34.0
17.608,16.619364,2024-10-07,34.0
13.3,15.567043,2024-10-08,34.0
11.892,16.718836,2024-10-09,34.0
24.88,16.672562,2024-10-10,34.0
17.84,15.453816,2024-10-11,34.0
10.64,16.64035,2024-10-12,34.0
19.456,17.804802,2024-10-13,34.0
18.56,16.067968,2024-10-14,34.0
11.592,15.730975,2024-10-15,34.0
17.028,17.607481,2024-10-16,34.0
23.12,17.045172,2024-10-17,34.0
10.62,16.620401,2024-10-18,34.0
13.292,17.803913,2024-10-19,34.0
12.296,17.410183,2024-10-20,34.0
19.992,15.5918455,2024-10-21,34.0
19.792,15.167998,2024-10-22,34.0
19.868,17.040693,2024-10-23,34.0
11.628,18.632622,2024-10-24,34.0
19.0,19.348822,2024-10-25,34.0
10.76,17.88677,2024-10-26,34.0
18.944,17.66456,2024-10-27,34.0
13.768,15.864999,2024-10-28,34.0
17.66,15.442788,2024-10-29,34.0
16.528,16.689753,2024-10-30,34.0
21.928,17.673143,2024-10-31,34.0
17.1,17.809008,2024-11-01,34.0
6.26,18.297556,2024-11-02,34.0
18.36,19.025967,2024-11-03,34.0
20.9,16.313345,2024-11-04,34.0
9.728,15.58656,2024-11-05,34.0
5.472,17.80396,2024-11-06,34.0
24.8,17.93588,2024-11-07,34.0
19.328,15.643075,2024-11-08,34.0
8.392,16.452263,2024-11-09,34.0
18.032,18.199366,2024-11-10,34.0
12.376,16.06932,2024-11-11,34.0
18.772,15.78385,2024-11-12,34.0
16.332,16.373217,2024-11-13,34.0
21.168,16.705034,2024-11-14,34.0
14.528,16.883112,2024-11-15,34.0
5.74,18.243765,2024-11-16,34.0
11.0,18.380293,2024-11-17,34.0
20.288,15.625057,2024-11-18,34.0
10.5028,14.394381,2024-11-19,34.0
23.128,16.33909,2024-11-20,34.0
18.74,16.827635,2024-11-21,34.0
16.92,17.551239,2024-11-22,34.0
6.7973332,18.55116,2024-11-23,34.0
17.130667,18.299704,2024-11-24,34.0
17.854666,15.281426,2024-11-25,34.0
13.325666,14.82966,2024-11-26,34.0
14.977333,16.860592,2024-11-27,34.0
21.662,17.226448,2024-11-28,34.0
16.972,17.50533,2024-11-29,34.0
17.1028,17.903265,2024-11-30,34.0
20.292,18.384155,2024-12-01,34.0
6.828,17.555666,2024-12-02,34.0
12.528,17.340376,2024-12-03,34.0
11.98,16.992355,2024-12-04,34.0
13.25,15.98452,2024-12-05,34.0
4.78,15.670163,2024-12-06,34.0
30.14,15.368457,2024-12-07,34.0
5.3,14.254015,2024-12-08,34.0
17.96,16.061888,2024-12-09,34.0
10.188,15.368924,2024-12-10,34.0
22.2528,14.976592,2024-12-11,34.0
37.0,14.683494,2024-12-12,34.0
21.868,15.889266,2024-12-13,34.0
22.908,19.39548,2024-12-14,34.0
7.092,21.149712,2024-12-15,34.0
11.092,22.373646,2024-12-16,34.0
28.8,19.09882,2024-12-17,34.0
10.72,17.211363,2024-12-18,34.0
24.788,19.277254,2024-12-19,34.0
23.66,20.567167,2024-12-20,34.0
14.792,20.998093,2024-12-21,34.0
11.608,22.560122,2024-12-22,34.0
25.248,21.469292,2024-12-23,34.0
9.632,18.20844,2024-12-24,34.0
6.78,19.54325,2024-12-25,34.0
36.668,19.873123,2024-12-26,34.0
25.792,17.666636,2024-12-27,34.0
8.102,19.5912,2024-12-28,34.0
16.788,21.49566,2024-12-29,34.0
16.92,19.727922,2024-12-30,34.0
26.14,18.11671,2024-12-31,34.0
16.688,19.59461,2025-01-01,34.0
21.32,20.334986,2025-01-02,34.0
13.912,19.849506,2025-01-03,34.0
27.26,20.120714,2025-01-04,34.0
8.96,19.914293,2025-01-05,34.0
24.06,20.40259,2025-01-06,34.0
10.44,19.74396,2025-01-07,34.0
6.14,21.058416,2025-01-08,34.0
37.7,20.76813,2025-01-09,34.0
18.328,17.247252,2025-01-10,34.0
20.88,18.54692,2025-01-11,34.0
21.1428,19.681479,2025-01-12,34.0
22.068,19.74056,2025-01-13,34.0
6.468,20.87103,2025-01-14,34.0
10.464,22.434908,2025-01-15,34.0
39.336,20.170174,2025-01-16,34.0
4.432,16.411055,2025-01-17,34.0
14.768,18.938005,2025-01-18,34.0
25.424,19.379698,2025-01-19,34.0
13.868,18.127573,2025-01-20,34.0
7.708,18.83396,2025-01-21,34.0
25.652,18.872763,2025-01-22,34.0
23.292,16.949453,2025-01-23,34.0
6.656,17.626394,2025-01-24,34.0
16.9828,19.099298,2025-01-25,34.0
21.088,16.96399,2025-01-26,34.0
13.102,16.16774,2025-01-27,34.0
9.776,17.928759,2025-01-28,34.0
11.32,18.806036,2025-01-29,34.0
21.52,17.263748,2025-01-30,34.0
21.104,16.158373,2025-01-31,34.0
12.588,16.428005,2025-02-01,34.0
10.02,17.689844,2025-02-02,34.0
10.42,17.187464,2025-02-03,34.0
16.428,16.647367,2025-02-04,34.0
18.028,15.511714,2025-02-05,34.0
17.652,14.858881,2025-02-06,34.0
22.732,15.179908,2025-02-07,34.0
7.028,15.291951,2025-02-08,34.0
12.36,16.821604,2025-02-09,34.0
16.612,15.386942,2025-02-10,34.0
10.72,14.241763,2025-02-11,34.0
14.136,14.835928,2025-02-12,34.0
26.424,15.443271,2025-02-13,34.0
24.016,15.437854,2025-02-14,34.0
10.984,16.729763,2025-02-15,34.0
14.028,19.258688,2025-02-16,34.0
11.048,17.899458,2025-02-17,34.0
7.48,16.832434,2025-02-18,34.0
14.82,15.355757,2025-02-19,34.0
17.772,13.473937,2025-02-20,34.0
20.168,13.4520445,2025-02-21,34.0
11.768,14.619495,2025-02-22,34.0
5.392,16.393303,2025-02-23,34.0
18.28,15.485274,2025-02-24,34.0
14.62,13.563575,2025-02-25,34.0
10.708,14.272329,2025-02-26,34.0
36.784,15.513549,2025-02-27,34.0
3.028,14.980236,2025-02-28,34.0
11.068,17.389193,2025-03-01,34.0
4.28,16.93343,2025-03-02,34.0
14.82,14.360046,2025-03-03,34.0
13.608,12.211012,2025-03-04,34.0
16.832,12.267564,2025-03-05,34.0
18.46,12.954643,2025-03-06,34.0
6.108,14.154961,2025-03-07,34.0
9.072,15.556926,2025-03-08,34.0
16.08,13.562074,2025-03-09,34.0
16.32,12.154238,2025-03-10,34.0
4.632,12.1223755,2025-03-11,34.0
19.696,13.329965,2025-03-12,34.0
9.792,12.920957,2025-03-13,34.0
10.66,13.124234,2025-03-14,34.0
9.258,13.006618,2025-03-15,34.0
12.96,12.440541,2025-03-16,34.0
10.132,11.65769,2025-03-17,34.0
5.692,11.9502,2025-03-18,34.0
16.828,12.36335,2025-03-19,34.0
23.028,10.938696,2025-03-20,34.0
12.172,10.921568,2025-03-21,34.0
13.732,12.792345,2025-03-22,34.0
10.168,13.785489,2025-03-23,34.0
8.968,12.77403,2025-03-24,34.0
20.2228,12.560427,2025-03-25,34.0
13.8,12.045151,2025-03-26,34.0
13.016,12.824798,2025-03-27,34.0
18.692,14.747187,2025-03-28,34.0
18.3,14.677917,2025-03-29,34.0
6.432,15.444333,2025-03-30,34.0
16.608,15.480191,2025-03-31,34.0
8.768,13.713788,2025-04-01,34.0
13.312,13.5633335,2025-04-02,34.0
11.688,13.562583,2025-04-03,34.0
21.532,13.111328,2025-04-04,34.0
8.172,12.849528,2025-04-05,34.0
18.0,14.560028,2025-04-06,34.0
16.208,13.8121195,2025-04-07,34.0
10.26,14.032876,2025-04-08,34.0
7.411,15.9361515,2025-04-09,34.0
24.928,15.461156,2025-04-10,34.0
17.25,13.579724,2025-04-11,34.0
12.292,14.707146,2025-04-12,34.0
8.868,16.411173,2025-04-13,34.0
23.211,15.025716,2025-04-14,34.0
25.228,13.787597,2025-04-15,34.0
7.028,15.647449,2025-04-16,34.0
22.96,18.190159,2025-04-17,34.0
18.192,16.61955,2025-04-18,34.0
4.12,16.494104,2025-04-19,34.0
10.008,17.42073,2025-04-20,34.0
11.664,14.936556,2025-04-21,34.0
10.828,13.404358,2025-04-22,34.0
10.88,14.125756,2025-04-23,34.0
11.892,13.98346,2025-04-24,34.0
17.72,13.067735,2025-04-25,34.0
10.688,12.39264,2025-04-26,34.0
18.5,12.726583,2025-04-27,34.0
10.892,11.629095,2025-04-28,34.0
13.928,12.456096,2025-04-29,34.0
10.112,13.226208,2025-04-30,34.0
20.368,13.477587,2025-05-01,34.0
17.3,13.329417,2025-05-02,34.0
9.5,14.211538,2025-05-03,34.0
17.592,15.975526,2025-05-04,34.0
10.708,14.519142,2025-05-05,34.0
19.052,13.981574,2025-05-06,34.0
16.668,14.191428,2025-05-07,34.0
18.908,15.260066,2025-05-08,34.0
9.232,15.806796,2025-05-09,34.0
10.76,15.837691,2025-05-10,34.0
16.512,15.0157,2025-05-11,34.0
14.88,13.326194,2025-05-12,34.0
16.536,13.853803,2025-05-13,34.0
9.12,14.53596,2025-05-14,34.0
28.2628,14.980983,2025-05-15,34.0
16.448,14.441077,2025-05-16,34.0
13.0,15.975835,2025-05-17,34.0
22.14,16.967344,2025-05-18,34.0
14.572,15.90717,2025-05-19,34.0
12.12,15.428033,2025-05-20,34.0
10.828,15.620475,2025-05-21,34.0
17.028,15.41211,2025-05-22,34.0
10.8,14.508334,2025-05-23,34.0
18.552,14.648167,2025-05-24,34.0
11.42,14.535415,2025-05-25,34.0
14.532,14.4875345,2025-05-26,34.0
14.656,14.209348,2025-05-27,34.0
16.1828,14.602377,2025-05-28,34.0
24.228,15.030393,2025-05-29,34.0
12.308,15.049306,2025-05-30,34.0
14.311,15.480563,2025-05-31,34.0
8.888,15.367575,2025-06-01,34.0
13.972,14.689533,2025-06-02,34.0
12.811,13.479777,2025-06-03,34.0
17.968,13.397242,2025-06-04,34.0
22.088,13.816612,2025-06-05,34.0
12.12,14.533633,2025-06-06,34.0
12.76,15.294158,2025-06-07,34.0
17.432,15.122199,2025-06-08,34.0
11.192,14.207123,2025-06-09,34.0
13.96,14.264586,2025-06-10,34.0
14.328,14.730401,2025-06-11,34.0
17.048,14.654723,2025-06-12,34.0
11.432,14.630919,2025-06-13,34.0
10.98,14.269331,2025-06-14,34.0
4.948,13.834415,2025-06-15,34.0
14.582,12.697545,2025-06-16,34.0
27.128,32.090607,2024-09-18,35.0
29.5428,29.829016,2024-09-19,35.0
23.28,27.543905,2024-09-20,35.0
70.8,27.332691,2024-09-21,35.0
33.656,26.075224,2024-09-22,35.0
11.52,29.591572,2024-09-23,35.0
26.872,31.453154,2024-09-24,35.0
18.14,29.010782,2024-09-25,35.0
52.052,26.746073,2024-09-26,35.0
48.668,26.128513,2024-09-27,35.0
39.36,27.457788,2024-09-28,35.0
41.88,27.700394,2024-09-29,35.0
23.0,29.985075,2024-09-30,35.0
18.708,32.195232,2024-10-01,35.0
28.24,33.0655,2024-10-02,35.0
17.2,31.808512,2024-10-03,35.0
24.992,29.732603,2024-10-04,35.0
23.832,27.782305,2024-10-05,35.0
47.64,26.676233,2024-10-06,35.0
19.328,26.40615,2024-10-07,35.0
10.64,28.439667,2024-10-08,35.0
21.46,28.834362,2024-10-09,35.0
16.92,24.502588,2024-10-10,35.0
23.132,23.150488,2024-10-11,35.0
10.388,21.461885,2024-10-12,35.0
16.988,21.791458,2024-10-13,35.0
16.7028,20.745066,2024-10-14,35.0
22.52,20.008476,2024-10-15,35.0
26.176,19.788027,2024-10-16,35.0
18.3028,19.849285,2024-10-17,35.0
17.808,21.156977,2024-10-18,35.0
8.848,20.336927,2024-10-19,35.0
32.192,20.052263,2024-10-20,35.0
31.552,17.492876,2024-10-21,35.0
35.748,18.768057,2024-10-22,35.0
20.172,23.185204,2024-10-23,35.0
10.256,25.995173,2024-10-24,35.0
6.392,26.14755,2024-10-25,35.0
24.74,22.370316,2024-10-26,35.0
12.811,19.11228,2024-10-27,35.0
22.528,18.797012,2024-10-28,35.0
28.568,19.329662,2024-10-29,35.0
24.428,21.231977,2024-10-30,35.0
18.852,23.44547,2024-10-31,35.0
17.32,24.229013,2024-11-01,35.0
41.72,22.220608,2024-11-02,35.0
10.38,20.890621,2024-11-03,35.0
32.86,23.511534,2024-11-04,35.0
9.76,22.90393,2024-11-05,35.0
18.412,24.68572,2024-11-06,35.0
31.388,24.233812,2024-11-07,35.0
9.788,22.604498,2024-11-08,35.0
31.96,23.645788,2024-11-09,35.0
17.732,22.45611,2024-11-10,35.0
27.868,23.233534,2024-11-11,35.0
35.72,23.060112,2024-11-12,35.0
12.112,24.632414,2024-11-13,35.0
24.952,26.45924,2024-11-14,35.0
16.748,24.892977,2024-11-15,35.0
25.548,23.911255,2024-11-16,35.0
5.952,22.827255,2024-11-17,35.0
28.7,23.048883,2024-11-18,35.0
3.428,21.125349,2024-11-19,35.0
11.282,22.254917,2024-11-20,35.0
25.064,21.412683,2024-11-21,35.0
14.618667,17.888075,2024-11-22,35.0
33.076,18.46526,2024-11-23,35.0
10.688,18.692549,2024-11-24,35.0
33.809334,20.506426,2024-11-25,35.0
16.302668,19.701965,2024-11-26,35.0
10.254666,22.282024,2024-11-27,35.0
25.008,22.35768,2024-11-28,35.0
11.683333,19.825392,2024-11-29,35.0
27.7492,20.144035,2024-11-30,35.0
27.388,19.70188,2024-12-01,35.0
41.6,20.995438,2024-12-02,35.0
23.5028,22.010363,2024-12-03,35.0
39.968,25.59151,2024-12-04,35.0
11.288,26.523195,2024-12-05,35.0
49.472,27.439837,2024-12-06,35.0
29.048,26.090773,2024-12-07,35.0
31.624,27.472063,2024-12-08,35.0
38.768,29.52822,2024-12-09,35.0
39.08,29.179052,2024-12-10,35.0
49.98,30.809305,2024-12-11,35.0
10.22,30.927332,2024-12-12,35.0
26.68,33.763966,2024-12-13,35.0
19.528,29.554203,2024-12-14,35.0
43.92,28.354422,2024-12-15,35.0
46.932,28.22479,2024-12-16,35.0
41.296,29.588064,2024-12-17,35.0
37.892,31.579218,2024-12-18,35.0
23.572,32.27779,2024-12-19,35.0
25.64,33.803967,2024-12-20,35.0
28.52,31.388449,2024-12-21,35.0
55.488,31.696646,2024-12-22,35.0
13.94,30.926756,2024-12-23,35.0
2.62,32.093044,2024-12-24,35.0
4.728,32.083252,2024-12-25,35.0
55.5428,26.682058,2024-12-26,35.0
41.32,23.208399,2024-12-27,35.0
27.576,24.323694,2024-12-28,35.0
25.492,26.943666,2024-12-29,35.0
52.252,26.90629,2024-12-30,35.0
43.736,26.936829,2024-12-31,35.0
39.56,29.00358,2025-01-01,35.0
39.104,31.933157,2025-01-02,35.0
19.056,31.435802,2025-01-03,35.0
38.584,32.470013,2025-01-04,35.0
39.36,31.466425,2025-01-05,35.0
46.68,31.840738,2025-01-06,35.0
41.256,31.357332,2025-01-07,35.0
44.052,33.620125,2025-01-08,35.0
20.82,35.85561,2025-01-09,35.0
26.56,36.17922,2025-01-10,35.0
38.11,33.870937,2025-01-11,35.0
22.848,30.953815,2025-01-12,35.0
19.872,31.3529,2025-01-13,35.0
27.432,30.27654,2025-01-14,35.0
37.48,29.107557,2025-01-15,35.0
13.968,27.978096,2025-01-16,35.0
14.84,28.457325,2025-01-17,35.0
27.98,26.502493,2025-01-18,35.0
30.411,23.982384,2025-01-19,35.0
37.616,23.949957,2025-01-20,35.0
10.512,25.157982,2025-01-21,35.0
19.66,26.042578,2025-01-22,35.0
3.788,24.764942,2025-01-23,35.0
37.292,23.14736,2025-01-24,35.0
61.828,18.55576,2025-01-25,35.0
22.832,19.870089,2025-01-26,35.0
41.112,25.425653,2025-01-27,35.0
32.28,27.38016,2025-01-28,35.0
33.548,29.387,2025-01-29,35.0
28.372,30.466566,2025-01-30,35.0
9.528,30.42344,2025-01-31,35.0
44.488,30.236246,2025-02-01,35.0
9.072,26.608679,2025-02-02,35.0
36.112,28.30646,2025-02-03,35.0
46.216,26.840452,2025-02-04,35.0
18.5428,26.474844,2025-02-05,35.0
18.258,29.409235,2025-02-06,35.0
37.36,29.067917,2025-02-07,35.0
22.092,25.473127,2025-02-08,35.0
31.168,24.76245,2025-02-09,35.0
4.368,25.84863,2025-02-10,35.0
25.972,24.696577,2025-02-11,35.0
43.64,23.52839,2025-02-12,35.0
20.092,23.83901,2025-02-13,35.0
37.568,25.649208,2025-02-14,35.0
10.128,25.41864,2025-02-15,35.0
2.54,26.280218,2025-02-16,35.0
17.48,25.259424,2025-02-17,35.0
16.768,20.561697,2025-02-18,35.0
29.4628,17.537409,2025-02-19,35.0
29.528,17.642544,2025-02-20,35.0
31.608,20.907677,2025-02-21,35.0
26.092,22.024542,2025-02-22,35.0
19.852,23.924032,2025-02-23,35.0
33.496,24.054588,2025-02-24,35.0
14.9828,22.810093,2025-02-25,35.0
49.688,25.738123,2025-02-26,35.0
29.728,25.566343,2025-02-27,35.0
3.052,26.597208,2025-02-28,35.0
28.692,27.247108,2025-03-01,35.0
49.496,24.20382,2025-03-02,35.0
22.432,23.809391,2025-03-03,35.0
23.08,27.194605,2025-03-04,35.0
16.62,28.176767,2025-03-05,35.0
33.772,26.583332,2025-03-06,35.0
26.948,26.221136,2025-03-07,35.0
7.82,26.133299,2025-03-08,35.0
29.98,25.809391,2025-03-09,35.0
23.788,23.565458,2025-03-10,35.0
25.9028,23.655434,2025-03-11,35.0
16.576,23.464334,2025-03-12,35.0
16.272,23.990864,2025-03-13,35.0
16.472,22.659063,2025-03-14,35.0
19.748,21.141996,2025-03-15,35.0
19.868,20.911692,2025-03-16,35.0
6.112,19.572676,2025-03-17,35.0
20.288,19.690004,2025-03-18,35.0
12.292,18.854347,2025-03-19,35.0
5.24,17.826883,2025-03-20,35.0
30.108,16.62189,2025-03-21,35.0
46.464,13.736505,2025-03-22,35.0
21.28,15.124822,2025-03-23,35.0
17.576,20.62188,2025-03-24,35.0
11.572,23.625307,2025-03-25,35.0
33.668,22.402712,2025-03-26,35.0
27.36,20.266285,2025-03-27,35.0
17.252,21.141903,2025-03-28,35.0
21.92,22.5211,2025-03-29,35.0
10.548,22.43279,2025-03-30,35.0
11.1828,23.377066,2025-03-31,35.0
20.12,21.455263,2025-04-01,35.0
17.336,18.740316,2025-04-02,35.0
17.56,18.535654,2025-04-03,35.0
12.411,19.421953,2025-04-04,35.0
14.26,18.931122,2025-04-05,35.0
21.5,17.528183,2025-04-06,35.0
11.46,16.647083,2025-04-07,35.0
12.608,16.672918,2025-04-08,35.0
17.612,16.816702,2025-04-09,35.0
18.02,16.204035,2025-04-10,35.0
10.5,16.549301,2025-04-11,35.0
18.02,16.679363,2025-04-12,35.0
7.8,15.441565,2025-04-13,35.0
24.4,14.961677,2025-04-14,35.0
10.032,14.093278,2025-04-15,35.0
24.056,15.535737,2025-04-16,35.0
18.12,15.28025,2025-04-17,35.0
10.52,16.074585,2025-04-18,35.0
12.8628,16.37555,2025-04-19,35.0
25.376,15.414381,2025-04-20,35.0
10.211,14.46392,2025-04-21,35.0
19.748,15.690061,2025-04-22,35.0
13.612,17.088453,2025-04-23,35.0
14.42,17.254087,2025-04-24,35.0
20.608,17.494774,2025-04-25,35.0
17.36,16.107351,2025-04-26,35.0
24.228,15.775035,2025-04-27,35.0
27.944,15.953382,2025-04-28,35.0
21.068,17.979986,2025-04-29,35.0
25.668,20.367151,2025-04-30,35.0
43.8228,22.049572,2025-05-01,35.0
32.656,22.817217,2025-05-02,35.0
27.1428,25.20134,2025-05-03,35.0
22.228,27.039303,2025-05-04,35.0
22.88,26.319729,2025-05-05,35.0
30.62,25.615385,2025-05-06,35.0
45.968,26.512957,2025-05-07,35.0
31.744,27.13537,2025-05-08,35.0
18.988,27.990122,2025-05-09,35.0
71.892,28.389524,2025-05-10,35.0
57.28,27.405603,2025-05-11,35.0
66.016,31.445425,2025-05-12,35.0
36.411,35.239662,2025-05-13,35.0
18.8,38.481483,2025-05-14,35.0
13.36,39.501114,2025-05-15,35.0
33.492,36.20075,2025-05-16,35.0
24.468,31.98583,2025-05-17,35.0
35.868,28.808008,2025-05-18,35.0
38.672,29.17541,2025-05-19,35.0
22.5,28.941462,2025-05-20,35.0
48.788,30.033033,2025-05-21,35.0
4.28,29.515493,2025-05-22,35.0
4.6,31.18674,2025-05-23,35.0
4.6,27.07903,2025-05-24,35.0
25.692,21.501663,2025-05-25,35.0
41.948,18.06196,2025-05-26,35.0
62.6228,19.125996,2025-05-27,35.0
28.456,23.840488,2025-05-28,35.0
7.12,26.76414,2025-05-29,35.0
56.744,29.510195,2025-05-30,35.0
66.088,24.615843,2025-05-31,35.0
28.2,28.389578,2025-06-01,35.0
46.5,31.563837,2025-06-02,35.0
45.18,31.810951,2025-06-03,35.0
38.6,31.486357,2025-06-04,35.0
47.592,33.764988,2025-06-05,35.0
29.456,37.056282,2025-06-06,35.0
28.852,35.92465,2025-06-07,35.0
36.88,34.127014,2025-06-08,35.0
43.12,34.268524,2025-06-09,35.0
33.3,33.431343,2025-06-10,35.0
45.42,34.3876,2025-06-11,35.0
25.588,35.171925,2025-06-12,35.0
25.3028,35.76988,2025-06-13,35.0
25.936,34.039913,2025-06-14,35.0
16.88,31.452923,2025-06-15,35.0
44.81,29.684298,2025-06-16,35.0
12.1,11.346145,2024-09-18,36.0
11.12,10.099288,2024-09-19,36.0
12.01,10.066098,2024-09-20,36.0
13.89,10.150555,2024-09-21,36.0
17.1,10.556213,2024-09-22,36.0
5.45,11.034415,2024-09-23,36.0
5.72,12.077472,2024-09-24,36.0
8.128,11.920947,2024-09-25,36.0
27.36,10.158085,2024-09-26,36.0
14.05,9.269531,2024-09-27,36.0
13.52,11.303088,2024-09-28,36.0
16.0,13.376251,2024-09-29,36.0
14.32,13.528132,2024-09-30,36.0
13.532,13.561169,2024-10-01,36.0
9.856,14.220371,2024-10-02,36.0
27.292,14.137812,2024-10-03,36.0
13.372,13.552196,2024-10-04,36.0
12.496,15.86242,2024-10-05,36.0
16.7028,16.79713,2024-10-06,36.0
12.448,15.517371,2024-10-07,36.0
17.592,14.956336,2024-10-08,36.0
23.2,15.481054,2024-10-09,36.0
23.948,15.947219,2024-10-10,36.0
20.132,17.435272,2024-10-11,36.0
12.4,19.156507,2024-10-12,36.0
17.416,19.66207,2024-10-13,36.0
13.952,18.097963,2024-10-14,36.0
17.168,16.840734,2024-10-15,36.0
14.992,17.16972,2024-10-16,36.0
9.192,17.734077,2024-10-17,36.0
10.848,18.020243,2024-10-18,36.0
17.92,16.209791,2024-10-19,36.0
17.128,15.066794,2024-10-20,36.0
13.384,14.730788,2024-10-21,36.0
9.376,15.2062845,2024-10-22,36.0
8.452,16.27387,2024-10-23,36.0
20.76,15.450307,2024-10-24,36.0
9.211,13.606414,2024-10-25,36.0
8.948,13.624251,2024-10-26,36.0
16.092,13.85618,2024-10-27,36.0
10.688,12.80037,2024-10-28,36.0
9.46,12.718165,2024-10-29,36.0
21.908,13.2260475,2024-10-30,36.0
22.912,12.818015,2024-10-31,36.0
12.048,14.014446,2024-11-01,36.0
20.2228,16.121965,2024-11-02,36.0
8.056,16.200373,2024-11-03,36.0
10.211,16.36365,2024-11-04,36.0
12.3,15.052179,2024-11-05,36.0
13.02,14.479361,2024-11-06,36.0
20.18,14.496937,2024-11-07,36.0
12.2,15.06092,2024-11-08,36.0
8.24,16.037626,2024-11-09,36.0
12.6,16.19327,2024-11-10,36.0
8.828,14.53499,2024-11-11,36.0
14.36,13.211169,2024-11-12,36.0
26.768,12.929225,2024-11-13,36.0
10.76,13.16153,2024-11-14,36.0
10.612,16.034689,2024-11-15,36.0
8.98,16.496916,2024-11-16,36.0
19.102,15.242684,2024-11-17,36.0
10.816,13.627545,2024-11-18,36.0
19.064,13.869374,2024-11-19,36.0
25.0,14.993043,2024-11-20,36.0
12.92,16.501003,2024-11-21,36.0
41.016,19.209166,2024-11-22,36.0
12.784481,18.281784,2024-11-23,36.0
16.713259,21.570318,2024-11-24,36.0
10.9771,21.50872,2024-11-25,36.0
13.745721,20.001913,2024-11-26,36.0
16.676102,19.028503,2024-11-27,36.0
11.105717,18.745985,2024-11-28,36.0
11.320729,19.238195,2024-11-29,36.0
17.44,17.856531,2024-11-30,36.0
35.6,17.522734,2024-12-01,36.0
18.532,17.09536,2024-12-02,36.0
18.2,19.17315,2024-12-03,36.0
32.828,21.009712,2024-12-04,36.0
25.424,20.95955,2024-12-05,36.0
18.976,22.961452,2024-12-06,36.0
18.744,23.356651,2024-12-07,36.0
28.28,23.238539,2024-12-08,36.0
11.76,22.767225,2024-12-09,36.0
18.48,23.561182,2024-12-10,36.0
32.128,22.848475,2024-12-11,36.0
25.102,22.162819,2024-12-12,36.0
19.448,23.963778,2024-12-13,36.0
13.7,23.776987,2024-12-14,36.0
27.532,23.201952,2024-12-15,36.0
17.12,21.961573,2024-12-16,36.0
18.548,22.245895,2024-12-17,36.0
29.988,22.429005,2024-12-18,36.0
20.652,22.3061,2024-12-19,36.0
19.028,23.745693,2024-12-20,36.0
20.34,23.266167,2024-12-21,36.0
26.72,23.21719,2024-12-22,36.0
19.1,22.089567,2024-12-23,36.0
17.572,22.772268,2024-12-24,36.0
37.688,23.844246,2024-12-25,36.0
37.1,23.30879,2024-12-26,36.0
16.28,24.623003,2024-12-27,36.0
19.528,25.203524,2024-12-28,36.0
21.56,24.63888,2024-12-29,36.0
19.248,23.517004,2024-12-30,36.0
18.704,23.399807,2024-12-31,36.0
27.72,23.995626,2025-01-01,36.0
18.28,22.84498,2025-01-02,36.0
17.228,23.56943,2025-01-03,36.0
26.24,22.9545,2025-01-04,36.0
21.708,22.031832,2025-01-05,36.0
17.068,22.369715,2025-01-06,36.0
19.424,23.020542,2025-01-07,36.0
33.616,22.951582,2025-01-08,36.0
21.512,22.267603,2025-01-09,36.0
26.94,23.752623,2025-01-10,36.0
11.828,23.414806,2025-01-11,36.0
36.532,23.439112,2025-01-12,36.0
18.548,22.403429,2025-01-13,36.0
13.311,24.136751,2025-01-14,36.0
30.968,25.04922,2025-01-15,36.0
30.192,23.316227,2025-01-16,36.0
16.76,23.43114,2025-01-17,36.0
18.632,23.854607,2025-01-18,36.0
25.32,23.724401,2025-01-19,36.0
18.012,22.626036,2025-01-20,36.0
17.512,22.882694,2025-01-21,36.0
33.632,22.083323,2025-01-22,36.0
23.088,21.440197,2025-01-23,36.0
17.488,22.751768,2025-01-24,36.0
11.5028,23.141113,2025-01-25,36.0
23.828,22.346853,2025-01-26,36.0
18.1,20.581066,2025-01-27,36.0
24.848,21.052008,2025-01-28,36.0
24.76,22.191168,2025-01-29,36.0
17.772,23.021406,2025-01-30,36.0
16.78,23.426348,2025-01-31,36.0
13.46,22.436764,2025-02-01,36.0
24.268,21.463446,2025-02-02,36.0
21.792,19.016796,2025-02-03,36.0
11.648,20.007433,2025-02-04,36.0
26.84,20.797434,2025-02-05,36.0
22.028,20.553823,2025-02-06,36.0
20.12,20.687998,2025-02-07,36.0
11.1828,19.618372,2025-02-08,36.0
24.92,19.458384,2025-02-09,36.0
16.708,17.906414,2025-02-10,36.0
24.2,17.955076,2025-02-11,36.0
24.492,19.818405,2025-02-12,36.0
16.188,20.744812,2025-02-13,36.0
10.82,21.645275,2025-02-14,36.0
14.98,20.979063,2025-02-15,36.0
25.1,18.971336,2025-02-16,36.0
11.5,17.383966,2025-02-17,36.0
16.708,19.145578,2025-02-18,36.0
39.784,18.568056,2025-02-19,36.0
16.576,18.18744,2025-02-20,36.0
16.172,21.37728,2025-02-21,36.0
14.86,21.14004,2025-02-22,36.0
28.752,19.908525,2025-02-23,36.0
11.936,18.769419,2025-02-24,36.0
13.104,20.197657,2025-02-25,36.0
21.668,21.533247,2025-02-26,36.0
19.492,20.501574,2025-02-27,36.0
6.24,20.765663,2025-02-28,36.0
10.848,19.599371,2025-03-01,36.0
20.592,17.023026,2025-03-02,36.0
10.188,15.19506,2025-03-03,36.0
9.188,16.338171,2025-03-04,36.0
19.48,15.438067,2025-03-05,36.0
6.892,14.312142,2025-03-06,36.0
5.14,14.838023,2025-03-07,36.0
8.288,13.235987,2025-03-08,36.0
17.892,10.836512,2025-03-09,36.0
7.732,10.482941,2025-03-10,36.0
8.496,11.385906,2025-03-11,36.0
19.432,11.239791,2025-03-12,36.0
10.448,10.868556,2025-03-13,36.0
7.72,11.613229,2025-03-14,36.0
8.08,11.246737,2025-03-15,36.0
16.104,10.784934,2025-03-16,36.0
8.028,10.082208,2025-03-17,36.0
9.28,10.500056,2025-03-18,36.0
17.656,10.918483,2025-03-19,36.0
17.252,10.198878,2025-03-20,36.0
6.732,10.981484,2025-03-21,36.0
8.828,11.980275,2025-03-22,36.0
13.412,11.205787,2025-03-23,36.0
9.412,10.068534,2025-03-24,36.0
7.76,10.352865,2025-03-25,36.0
17.024,10.611415,2025-03-26,36.0
9.288,10.187068,2025-03-27,36.0
17.16,11.7232485,2025-03-28,36.0
14.11,11.59253,2025-03-29,36.0
7.32,11.951474,2025-03-30,36.0
8.76,12.122682,2025-03-31,36.0
8.888,11.152418,2025-04-01,36.0
11.692,10.322162,2025-04-02,36.0
11.932,9.99178,2025-04-03,36.0
9.2,10.125032,2025-04-04,36.0
8.496,10.382794,2025-04-05,36.0
16.311,10.60925,2025-04-06,36.0
9.792,10.223294,2025-04-07,36.0
10.0,10.633025,2025-04-08,36.0
20.736,11.360894,2025-04-09,36.0
9.84,11.155158,2025-04-10,36.0
8.96,12.829734,2025-04-11,36.0
8.092,12.800583,2025-04-12,36.0
14.588,11.512408,2025-04-13,36.0
8.252,10.379642,2025-04-14,36.0
6.308,10.70041,2025-04-15,36.0
11.492,10.794811,2025-04-16,36.0
13.148,9.890193,2025-04-17,36.0
8.544,9.721436,2025-04-18,36.0
8.848,9.4693575,2025-04-19,36.0
18.248,9.461969,2025-04-20,36.0
10.732,9.160723,2025-04-21,36.0
10.532,10.474827,2025-04-22,36.0
17.256,11.609697,2025-04-23,36.0
17.704,11.358699,2025-04-24,36.0
10.2,12.317014,2025-04-25,36.0
10.288,13.107444,2025-04-26,36.0
16.22,12.555652,2025-04-27,36.0
10.788,11.648454,2025-04-28,36.0
10.64,12.417762,2025-04-29,36.0
18.2628,12.789212,2025-04-30,36.0
24.136,12.556571,2025-05-01,36.0
18.96,14.093099,2025-05-02,36.0
11.1828,16.242487,2025-05-03,36.0
11.968,17.71382,2025-05-04,36.0
10.08,15.78161,2025-05-05,36.0
10.74,13.930902,2025-05-06,36.0
18.292,13.312725,2025-05-07,36.0
17.856,12.893189,2025-05-08,36.0
13.12,14.013791,2025-05-09,36.0
14.5428,14.523229,2025-05-10,36.0
17.028,14.4897585,2025-05-11,36.0
12.46,14.230931,2025-05-12,36.0
19.6,14.330714,2025-05-13,36.0
14.92,14.154384,2025-05-14,36.0
8.42,14.717695,2025-05-15,36.0
10.628,15.600757,2025-05-16,36.0
12.44,14.421121,2025-05-17,36.0
16.5428,13.496624,2025-05-18,36.0
12.988,12.945751,2025-05-19,36.0
12.468,12.326968,2025-05-20,36.0
19.828,12.610681,2025-05-21,36.0
26.672,13.356574,2025-05-22,36.0
13.288,14.196046,2025-05-23,36.0
11.6628,15.897397,2025-05-24,36.0
21.176,16.407396,2025-05-25,36.0
22.384,14.89382,2025-05-26,36.0
21.96,15.260837,2025-05-27,36.0
20.788,17.762619,2025-05-28,36.0
17.932,19.824617,2025-05-29,36.0
16.828,20.675493,2025-05-30,36.0
21.56,19.484264,2025-05-31,36.0
11.108,18.32871,2025-06-01,36.0
17.24,18.006845,2025-06-02,36.0
18.2,17.230871,2025-06-03,36.0
22.72,17.590399,2025-06-04,36.0
24.46,18.517138,2025-06-05,36.0
20.62,19.027412,2025-06-06,36.0
21.74,18.952145,2025-06-07,36.0
25.112,19.615765,2025-06-08,36.0
19.548,19.95462,2025-06-09,36.0
18.86,20.546005,2025-06-10,36.0
23.232,21.841774,2025-06-11,36.0
26.448,21.72095,2025-06-12,36.0
13.52,21.632631,2025-06-13,36.0
10.792,21.602509,2025-06-14,36.0
7.136,20.751701,2025-06-15,36.0
18.3928,18.563639,2025-06-16,36.0
20.332,13.745757,2024-09-18,37.0
10.16,14.343577,2024-09-19,37.0
24.28,15.402711,2024-09-20,37.0
32.708,14.509778,2024-09-21,37.0
18.76,15.721053,2024-09-22,37.0
16.828,18.673473,2024-09-23,37.0
12.5828,19.870125,2024-09-24,37.0
21.08,19.735382,2024-09-25,37.0
26.328,18.129787,2024-09-26,37.0
32.98,18.24111,2024-09-27,37.0
25.811,19.198273,2024-09-28,37.0
32.456,21.96004,2024-09-29,37.0
18.312,23.747492,2024-09-30,37.0
29.048,24.591139,2024-10-01,37.0
19.832,24.53067,2024-10-02,37.0
30.74,24.44747,2024-10-03,37.0
25.7,24.54244,2024-10-04,37.0
31.1,24.457922,2024-10-05,37.0
21.98,25.073534,2024-10-06,37.0
27.04,25.772848,2024-10-07,37.0
26.128,25.858614,2024-10-08,37.0
23.552,25.779898,2024-10-09,37.0
13.028,26.291279,2024-10-10,37.0
29.392,25.194233,2024-10-11,37.0
20.988,22.714615,2024-10-12,37.0
25.7,23.032274,2024-10-13,37.0
21.232,23.845049,2024-10-14,37.0
32.296,23.731096,2024-10-15,37.0
24.232,24.318651,2024-10-16,37.0
17.64,25.225222,2024-10-17,37.0
23.008,25.192629,2024-10-18,37.0
41.332,23.140635,2024-10-19,37.0
33.1,23.229197,2024-10-20,37.0
39.98,25.227861,2024-10-21,37.0
30.7,26.98755,2024-10-22,37.0
31.82,28.560488,2024-10-23,37.0
44.228,29.789892,2024-10-24,37.0
37.88,29.886127,2024-10-25,37.0
28.3028,30.415487,2024-10-26,37.0
28.0,31.385445,2024-10-27,37.0
46.24,32.148907,2024-10-28,37.0
38.248,31.630442,2024-10-29,37.0
39.06,33.835476,2024-10-30,37.0
28.508,36.35292,2024-10-31,37.0
26.872,37.01211,2024-11-01,37.0
35.952,35.21937,2024-11-02,37.0
53.628,33.157356,2024-11-03,37.0
50.908,34.55978,2024-11-04,37.0
41.472,35.568256,2024-11-05,37.0
44.512,37.906467,2024-11-06,37.0
38.228,39.515247,2024-11-07,37.0
36.812,40.59818,2024-11-08,37.0
51.948,39.23586,2024-11-09,37.0
45.82,38.74663,2024-11-10,37.0
38.28,39.714508,2024-11-11,37.0
49.768,40.42971,2024-11-12,37.0
39.892,40.995453,2024-11-13,37.0
25.74,42.152203,2024-11-14,37.0
44.512,42.35405,2024-11-15,37.0
48.788,37.77692,2024-11-16,37.0
25.12,36.95277,2024-11-17,37.0
45.588,39.211353,2024-11-18,37.0
49.252,38.642303,2024-11-19,37.0
53.3,38.42818,2024-11-20,37.0
29.632,40.779835,2024-11-21,37.0
25.296,42.65734,2024-11-22,37.0
25.784,39.755672,2024-11-23,37.0
37.673016,37.079853,2024-11-24,37.0
36.355274,36.26871,2024-11-25,37.0
25.998913,35.943325,2024-11-26,37.0
33.95899,35.929447,2024-11-27,37.0
25.450294,34.58117,2024-11-28,37.0
25.132702,34.203327,2024-11-29,37.0
46.8648,30.321043,2024-11-30,37.0
55.0,28.850206,2024-12-01,37.0
61.9,30.615099,2024-12-02,37.0
53.908,32.678143,2024-12-03,37.0
58.632,35.314945,2024-12-04,37.0
65.8,38.075924,2024-12-05,37.0
63.36,42.21016,2024-12-06,37.0
66.392,44.666904,2024-12-07,37.0
55.288,46.227066,2024-12-08,37.0
58.8,46.856365,2024-12-09,37.0
59.96,46.88065,2024-12-10,37.0
55.76,46.848743,2024-12-11,37.0
39.18,46.8328,2024-12-12,37.0
55.48,46.722492,2024-12-13,37.0
18.06,46.22388,2024-12-14,37.0
49.728,45.55471,2024-12-15,37.0
60.12,45.511036,2024-12-16,37.0
43.332,44.72726,2024-12-17,37.0
64.296,45.78635,2024-12-18,37.0
60.532,45.721905,2024-12-19,37.0
59.108,45.788868,2024-12-20,37.0
61.352,45.894146,2024-12-21,37.0
68.032,46.508156,2024-12-22,37.0
64.28,46.86172,2024-12-23,37.0
48.32,46.906513,2024-12-24,37.0
68.776,47.02608,2024-12-25,37.0
59.272,46.860035,2024-12-26,37.0
81.46,46.751522,2024-12-27,37.0
62.02,46.624325,2024-12-28,37.0
56.38,47.004097,2024-12-29,37.0
61.36,47.134964,2024-12-30,37.0
60.04,47.102314,2024-12-31,37.0
57.892,47.11867,2025-01-01,37.0
31.088,47.12701,2025-01-02,37.0
55.02,47.130672,2025-01-03,37.0
72.012,46.753105,2025-01-04,37.0
48.848,46.407024,2025-01-05,37.0
71.328,46.928654,2025-01-06,37.0
69.052,46.838337,2025-01-07,37.0
61.3,46.93163,2025-01-08,37.0
54.528,47.025463,2025-01-09,37.0
64.6,47.068817,2025-01-10,37.0
66.2,47.07682,2025-01-11,37.0
59.548,47.077732,2025-01-12,37.0
55.0628,47.083874,2025-01-13,37.0
35.848,47.118526,2025-01-14,37.0
58.58,47.126827,2025-01-15,37.0
60.94,46.974125,2025-01-16,37.0
57.7,46.733955,2025-01-17,37.0
50.268,46.77648,2025-01-18,37.0
64.16,46.920357,2025-01-19,37.0
70.1828,46.985245,2025-01-20,37.0
49.936,46.783485,2025-01-21,37.0
74.28,47.06158,2025-01-22,37.0
60.104,46.916744,2025-01-23,37.0
63.808,46.911144,2025-01-24,37.0
64.88,47.065475,2025-01-25,37.0
58.872,47.114517,2025-01-26,37.0
63.258,47.13962,2025-01-27,37.0
56.24,47.137276,2025-01-28,37.0
60.372,47.138935,2025-01-29,37.0
44.136,47.126076,2025-01-30,37.0
55.952,47.10628,2025-01-31,37.0
52.272,46.96596,2025-02-01,37.0
52.728,46.972683,2025-02-02,37.0
75.52,47.008648,2025-02-03,37.0
55.58,46.969906,2025-02-04,37.0
58.56,47.10342,2025-02-05,37.0
45.028,47.087967,2025-02-06,37.0
35.332,46.992924,2025-02-07,37.0
75.256,46.89381,2025-02-08,37.0
56.92,46.72691,2025-02-09,37.0
63.8628,47.033283,2025-02-10,37.0
60.012,47.013985,2025-02-11,37.0
48.784,47.084896,2025-02-12,37.0
44.0,46.986843,2025-02-13,37.0
44.068,47.005344,2025-02-14,37.0
66.972,46.950996,2025-02-15,37.0
65.8,46.58307,2025-02-16,37.0
64.168,46.90945,2025-02-17,37.0
48.472,46.881947,2025-02-18,37.0
64.376,46.924274,2025-02-19,37.0
68.76,46.83603,2025-02-20,37.0
39.252,46.8174,2025-02-21,37.0
64.452,47.02126,2025-02-22,37.0
51.728,46.90308,2025-02-23,37.0
84.34,47.007107,2025-02-24,37.0
71.66,46.922173,2025-02-25,37.0
62.88,47.087467,2025-02-26,37.0
60.272,47.150505,2025-02-27,37.0
22.496,47.13083,2025-02-28,37.0
61.28,47.150806,2025-03-01,37.0
58.544,47.03787,2025-03-02,37.0
52.228,46.987255,2025-03-03,37.0
43.0,46.78117,2025-03-04,37.0
59.311,46.726803,2025-03-05,37.0
28.616,46.737576,2025-03-06,37.0
58.328,46.190117,2025-03-07,37.0
55.6628,46.092594,2025-03-08,37.0
52.056,45.325077,2025-03-09,37.0
39.228,46.3447,2025-03-10,37.0
54.184,45.951336,2025-03-11,37.0
46.528,45.56171,2025-03-12,37.0
39.552,45.328457,2025-03-13,37.0
36.84,44.910225,2025-03-14,37.0
33.328,43.407665,2025-03-15,37.0
22.68,42.956112,2025-03-16,37.0
47.711,41.534966,2025-03-17,37.0
14.64,38.92296,2025-03-18,37.0
28.428,38.4433,2025-03-19,37.0
16.368,37.325676,2025-03-20,37.0
24.208,33.679058,2025-03-21,37.0
24.336,29.174288,2025-03-22,37.0
25.8,27.556189,2025-03-23,37.0
24.8628,26.961008,2025-03-24,37.0
30.432,26.980494,2025-03-25,37.0
20.648,27.022377,2025-03-26,37.0
27.96,25.7343,2025-03-27,37.0
25.88,25.552252,2025-03-28,37.0
29.264,24.869051,2025-03-29,37.0
19.2,25.441126,2025-03-30,37.0
27.232,26.1285,2025-03-31,37.0
25.4628,25.560375,2025-04-01,37.0
31.456,25.619913,2025-04-02,37.0
26.024,25.928053,2025-04-03,37.0
42.288,26.35655,2025-04-04,37.0
14.232,25.977423,2025-04-05,37.0
21.792,27.311428,2025-04-06,37.0
26.048,27.611303,2025-04-07,37.0
25.528,26.267828,2025-04-08,37.0
28.688,26.994848,2025-04-09,37.0
18.568,27.325651,2025-04-10,37.0
22.168,27.322502,2025-04-11,37.0
27.368,25.685982,2025-04-12,37.0
36.2,25.41838,2025-04-13,37.0
38.176,24.548922,2025-04-14,37.0
16.5828,25.779173,2025-04-15,37.0
33.656,27.769728,2025-04-16,37.0
22.56,27.639732,2025-04-17,37.0
24.96,27.229063,2025-04-18,37.0
20.64,25.823605,2025-04-19,37.0
18.5828,25.99854,2025-04-20,37.0
32.872,25.470081,2025-04-21,37.0
25.6,25.1347,2025-04-22,37.0
27.2628,26.589308,2025-04-23,37.0
11.812,26.637094,2025-04-24,37.0
22.616,26.570684,2025-04-25,37.0
24.464,23.921877,2025-04-26,37.0
19.7428,22.731218,2025-04-27,37.0
16.4,22.514097,2025-04-28,37.0
20.704,22.156073,2025-04-29,37.0
17.888,22.063381,2025-04-30,37.0
27.28,22.459488,2025-05-01,37.0
25.176,22.049692,2025-05-02,37.0
30.12,21.868559,2025-05-03,37.0
29.328,23.105946,2025-05-04,37.0
21.216,23.965082,2025-05-05,37.0
27.808,24.394457,2025-05-06,37.0
10.428,24.3239,2025-05-07,37.0
21.248,24.922781,2025-05-08,37.0
28.048,23.434853,2025-05-09,37.0
32.328,21.834593,2025-05-10,37.0
18.84,22.996433,2025-05-11,37.0
26.254,24.69745,2025-05-12,37.0
25.5428,24.86538,2025-05-13,37.0
28.4,24.507654,2025-05-14,37.0
38.102,24.354803,2025-05-15,37.0
29.216,24.007952,2025-05-16,37.0
21.576,25.060543,2025-05-17,37.0
35.8,25.985199,2025-05-18,37.0
28.76,25.944407,2025-05-19,37.0
16.12,25.269283,2025-05-20,37.0
37.2,26.167881,2025-05-21,37.0
21.128,25.421759,2025-05-22,37.0
22.56,25.7402,2025-05-23,37.0
29.136,24.924143,2025-05-24,37.0
28.136,24.913696,2025-05-25,37.0
31.112,25.409876,2025-05-26,37.0
17.688,26.33956,2025-05-27,37.0
50.5428,27.077892,2025-05-28,37.0
18.102,26.118101,2025-05-29,37.0
28.672,27.743101,2025-05-30,37.0
23.24,26.683867,2025-05-31,37.0
23.976,26.120173,2025-06-01,37.0
25.192,25.614231,2025-06-02,37.0
29.264,25.487944,2025-06-03,37.0
25.168,25.627203,2025-06-04,37.0
39.2,25.543785,2025-06-05,37.0
16.328,25.946104,2025-06-06,37.0
35.192,25.157478,2025-06-07,37.0
23.736,25.001074,2025-06-08,37.0
20.576,25.361818,2025-06-09,37.0
27.072,26.041452,2025-06-10,37.0
31.056,25.590681,2025-06-11,37.0
23.056,25.733194,2025-06-12,37.0
19.296,25.909204,2025-06-13,37.0
11.272,24.942486,2025-06-14,37.0
21.888,23.910452,2025-06-15,37.0
27.384,22.182367,2025-06-16,37.0
9.39,6.9756866,2024-09-18,38.0
5.5,6.812182,2024-09-19,38.0
11.52,7.05084,2024-09-20,38.0
17.75,6.696081,2024-09-21,38.0
6.71,7.066351,2024-09-22,38.0
9.9,8.502511,2024-09-23,38.0
4.7,8.987236,2024-09-24,38.0
10.96,9.339682,2024-09-25,38.0
13.95,8.66245,2024-09-26,38.0
11.66,8.446101,2024-09-27,38.0
11.42,8.77875,2024-09-28,38.0
11.92,9.909968,2024-09-29,38.0
17.25,10.189162,2024-09-30,38.0
10.09,10.195603,2024-10-01,38.0
12.58,11.795935,2024-10-02,38.0
3.78,12.083635,2024-10-03,38.0
13.43,11.977267,2024-10-04,38.0
6.69,10.496201,2024-10-05,38.0
13.21,10.674566,2024-10-06,38.0
10.59,10.002025,2024-10-07,38.0
14.12,10.18003,2024-10-08,38.0
14.1,11.199805,2024-10-09,38.0
8.14,11.93724,2024-10-10,38.0
11.25,12.298052,2024-10-11,38.0
16.33,10.938386,2024-10-12,38.0
8.11,10.911048,2024-10-13,38.0
13.82,11.230503,2024-10-14,38.0
8.13,10.984117,2024-10-15,38.0
17.02,11.996309,2024-10-16,38.0
12.05,11.891568,2024-10-17,38.0
13.17,12.418603,2024-10-18,38.0
10.11,12.044894,2024-10-19,38.0
19.57,12.599608,2024-10-20,38.0
12.72,11.909871,2024-10-21,38.0
9.78,12.802138,2024-10-22,38.0
11.11,14.411712,2024-10-23,38.0
17.14,13.9575815,2024-10-24,38.0
18.89,13.267232,2024-10-25,38.0
4.4,13.297255,2024-10-26,38.0
11.29,15.063699,2024-10-27,38.0
9.31,13.455567,2024-10-28,38.0
16.6,12.23503,2024-10-29,38.0
8.12,12.22916,2024-10-30,38.0
20.22,13.127894,2024-10-31,38.0
4.17,12.749607,2024-11-01,38.0
23.9,13.601394,2024-11-02,38.0
13.51,12.980327,2024-11-03,38.0
13.37,13.466969,2024-11-04,38.0
13.89,14.136985,2024-11-05,38.0
19.44,15.323576,2024-11-06,38.0
17.09,15.604214,2024-11-07,38.0
5.79,16.5598,2024-11-08,38.0
16.15,17.109644,2024-11-09,38.0
14.3,15.420786,2024-11-10,38.0
13.26,14.963447,2024-11-11,38.0
10.79,14.87848,2024-11-12,38.0
19.96,15.56614,2024-11-13,38.0
11.66,15.19811,2024-11-14,38.0
6.07,16.215872,2024-11-15,38.0
16.09,15.5798855,2024-11-16,38.0
10.91,13.705199,2024-11-17,38.0
14.17,13.395175,2024-11-18,38.0
10.98,13.517583,2024-11-19,38.0
13.29,14.577433,2024-11-20,38.0
16.9,14.65579,2024-11-21,38.0
12.11,14.419719,2024-11-22,38.0
10.230928,14.347542,2024-11-23,38.0
12.811581,14.44622,2024-11-24,38.0
10.925567,13.295535,2024-11-25,38.0
10.36262,13.004816,2024-11-26,38.0
12.981311,13.483146,2024-11-27,38.0
11.957661,13.2926,2024-11-28,38.0
10.443016,13.516379,2024-11-29,38.0
10.277,13.265775,2024-11-30,38.0
14.07,12.989449,2024-12-01,38.0
12.54,12.333519,2024-12-02,38.0
13.8,11.886031,2024-12-03,38.0
18.52,12.603972,2024-12-04,38.0
16.15,13.3625345,2024-12-05,38.0
14.83,14.761491,2024-12-06,38.0
14.44,15.229245,2024-12-07,38.0
11.59,15.881748,2024-12-08,38.0
10.39,15.387549,2024-12-09,38.0
14.78,14.358949,2024-12-10,38.0
19.99,14.219604,2024-12-11,38.0
19.19,14.680283,2024-12-12,38.0
12.73,16.501804,2024-12-13,38.0
10.9,17.193703,2024-12-14,38.0
14.56,17.077578,2024-12-15,38.0
24.95,15.71118,2024-12-16,38.0
4.72,14.659915,2024-12-17,38.0
11.428,16.654648,2024-12-18,38.0
24.15,16.557547,2024-12-19,38.0
10.71,15.867171,2024-12-20,38.0
11.72,16.737314,2024-12-21,38.0
13.63,17.320257,2024-12-22,38.0
14.94,15.412711,2024-12-23,38.0
11.928,14.961693,2024-12-24,38.0
21.91,15.981841,2024-12-25,38.0
14.79,15.411689,2024-12-26,38.0
16.828,16.811586,2024-12-27,38.0
11.14,16.98092,2024-12-28,38.0
14.33,16.587973,2024-12-29,38.0
11.76,15.785651,2024-12-30,38.0
12.11,15.231329,2024-12-31,38.0
14.55,16.09559,2025-01-01,38.0
26.79,15.611675,2025-01-02,38.0
10.38,15.340947,2025-01-03,38.0
23.85,16.651388,2025-01-04,38.0
13.81,16.849792,2025-01-05,38.0
13.72,17.383726,2025-01-06,38.0
13.28,17.89549,2025-01-07,38.0
13.1,18.147718,2025-01-08,38.0
25.64,17.12427,2025-01-09,38.0
14.028,16.245237,2025-01-10,38.0
13.39,17.145048,2025-01-11,38.0
12.35,16.990656,2025-01-12,38.0
17.05,16.649513,2025-01-13,38.0
10.52,15.944102,2025-01-14,38.0
28.57,16.669771,2025-01-15,38.0
22.28,15.974015,2025-01-16,38.0
13.3,16.597723,2025-01-17,38.0
19.46,18.061045,2025-01-18,38.0
12.57,18.040962,2025-01-19,38.0
11.59,17.7565,2025-01-20,38.0
24.58,16.673674,2025-01-21,38.0
12.96,15.767568,2025-01-22,38.0
17.61,17.285158,2025-01-23,38.0
16.828,18.391718,2025-01-24,38.0
12.94,17.61933,2025-01-25,38.0
13.77,17.229378,2025-01-26,38.0
12.58,16.599226,2025-01-27,38.0
18.69,15.967741,2025-01-28,38.0
24.06,16.166853,2025-01-29,38.0
19.23,17.470545,2025-01-30,38.0
10.63,18.188276,2025-01-31,38.0
12.59,18.78499,2025-02-01,38.0
17.21,17.969769,2025-02-02,38.0
17.55,16.086718,2025-02-03,38.0
11.1,16.55054,2025-02-04,38.0
14.05,17.150919,2025-02-05,38.0
25.78,16.853086,2025-02-06,38.0
12.48,16.194204,2025-02-07,38.0
31.21,16.269716,2025-02-08,38.0
16.23,15.884932,2025-02-09,38.0
14.32,17.617529,2025-02-10,38.0
17.76,18.544159,2025-02-11,38.0
24.32,18.947453,2025-02-12,38.0
16.67,18.910551,2025-02-13,38.0
13.94,19.810026,2025-02-14,38.0
17.37,19.715696,2025-02-15,38.0
23.46,19.042082,2025-02-16,38.0
16.05,18.79445,2025-02-17,38.0
11.47,20.20393,2025-02-18,38.0
20.95,19.607613,2025-02-19,38.0
12.97,18.026161,2025-02-20,38.0
22.09,18.266401,2025-02-21,38.0
12.2,16.788252,2025-02-22,38.0
16.76,17.395626,2025-02-23,38.0
12.228,17.11092,2025-02-24,38.0
16.15,17.23347,2025-02-25,38.0
36.23,17.738443,2025-02-26,38.0
11.49,17.8631,2025-02-27,38.0
6.57,20.759016,2025-02-28,38.0
26.76,19.70655,2025-03-01,38.0
14.68,16.89579,2025-03-02,38.0
22.79,17.489859,2025-03-03,38.0
13.37,18.540625,2025-03-04,38.0
20.38,18.957808,2025-03-05,38.0
10.71,19.420736,2025-03-06,38.0
12.45,20.304926,2025-03-07,38.0
23.3,17.614191,2025-03-08,38.0
10.5,15.775456,2025-03-09,38.0
8.51,17.227383,2025-03-10,38.0
11.4,17.109444,2025-03-11,38.0
23.028,15.546645,2025-03-12,38.0
12.78,14.445949,2025-03-13,38.0
8.49,15.117417,2025-03-14,38.0
13.36,14.7718935,2025-03-15,38.0
8.32,14.084542,2025-03-16,38.0
12.66,13.54666,2025-03-17,38.0
10.01,12.599776,2025-03-18,38.0
3.628,12.402322,2025-03-19,38.0
10.09,11.768247,2025-03-20,38.0
11.29,10.304967,2025-03-21,38.0
17.59,9.306936,2025-03-22,38.0
10.42,9.302165,2025-03-23,38.0
9.63,9.901531,2025-03-24,38.0
11.17,10.616918,2025-03-25,38.0
10.69,10.936536,2025-03-26,38.0
10.29,10.723426,2025-03-27,38.0
14.56,10.816764,2025-03-28,38.0
10.5,10.340557,2025-03-29,38.0
8.49,11.138164,2025-03-30,38.0
9.12,11.242273,2025-03-31,38.0
13.34,10.479654,2025-04-01,38.0
10.37,10.044242,2025-04-02,38.0
7.72,10.43966,2025-04-03,38.0
14.11,10.397767,2025-04-04,38.0
10.57,9.85979,2025-04-05,38.0
3.23,10.516478,2025-04-06,38.0
18.67,10.501014,2025-04-07,38.0
9.6,9.38273,2025-04-08,38.0
7.728,10.967772,2025-04-09,38.0
10.46,11.867559,2025-04-10,38.0
16.57,10.934037,2025-04-11,38.0
9.17,10.162728,2025-04-12,38.0
9.85,10.8459635,2025-04-13,38.0
16.74,10.283601,2025-04-14,38.0
13.25,9.982656,2025-04-15,38.0
20.7,11.666794,2025-04-16,38.0
10.29,12.352635,2025-04-17,38.0
9.14,13.407399,2025-04-18,38.0
10.07,12.69535,2025-04-19,38.0
9.55,12.06072,2025-04-20,38.0
9.928,11.24302,2025-04-21,38.0
8.01,10.928915,2025-04-22,38.0
12.56,11.496089,2025-04-23,38.0
10.85,11.16881,2025-04-24,38.0
9.23,11.440623,2025-04-25,38.0
10.128,10.636982,2025-04-26,38.0
4.28,9.8482275,2025-04-27,38.0
12.69,9.095641,2025-04-28,38.0
12.828,8.612782,2025-04-29,38.0
13.5,8.999384,2025-04-30,38.0
10.53,10.011126,2025-05-01,38.0
13.38,11.358069,2025-05-02,38.0
10.09,11.383597,2025-05-03,38.0
10.37,11.664402,2025-05-04,38.0
10.08,10.624496,2025-05-05,38.0
10.28,9.756712,2025-05-06,38.0
17.08,10.175294,2025-05-07,38.0
10.32,10.615628,2025-05-08,38.0
14.42,11.652442,2025-05-09,38.0
9.56,10.860378,2025-05-10,38.0
14.64,11.2304125,2025-05-11,38.0
11.27,10.95212,2025-05-12,38.0
11.23,11.459648,2025-05-13,38.0
10.53,11.659926,2025-05-14,38.0
12.01,11.352963,2025-05-15,38.0
13.98,11.597465,2025-05-16,38.0
11.46,11.304331,2025-05-17,38.0
14.54,11.940711,2025-05-18,38.0
11.09,11.889632,2025-05-19,38.0
10.28,11.351479,2025-05-20,38.0
13.77,11.218988,2025-05-21,38.0
16.25,11.288171,2025-05-22,38.0
17.47,11.514319,2025-05-23,38.0
11.51,11.83885,2025-05-24,38.0
14.22,13.290912,2025-05-25,38.0
11.56,13.0487585,2025-05-26,38.0
17.61,12.788764,2025-05-27,38.0
13.1,13.143697,2025-05-28,38.0
19.25,14.341218,2025-05-29,38.0
16.86,14.580661,2025-05-30,38.0
12.25,14.317167,2025-05-31,38.0
14.92,15.053548,2025-06-01,38.0
16.7,14.374541,2025-06-02,38.0
16.63,13.847647,2025-06-03,38.0
23.1,14.648801,2025-06-04,38.0
9.24,15.854272,2025-06-05,38.0
17.39,17.014328,2025-06-06,38.0
17.62,15.443877,2025-06-07,38.0
19.08,15.108939,2025-06-08,38.0
11.09,15.565774,2025-06-09,38.0
20.07,16.410212,2025-06-10,38.0
19.51,16.804987,2025-06-11,38.0
13.51,17.44073,2025-06-12,38.0
9.32,17.979282,2025-06-13,38.0
9.28,15.929006,2025-06-14,38.0
7.74,14.754725,2025-06-15,38.0
8.0,13.151127,2025-06-16,38.0
17.232,16.061378,2024-09-18,39.0
18.368,15.221186,2024-09-19,39.0
11.911,15.074138,2024-09-20,39.0
21.728,15.787202,2024-09-21,39.0
6.64,15.515328,2024-09-22,39.0
10.528,16.145384,2024-09-23,39.0
12.392,14.905948,2024-09-24,39.0
16.04,13.999232,2024-09-25,39.0
26.028,13.256833,2024-09-26,39.0
21.46,13.71764,2024-09-27,39.0
19.728,15.596932,2024-09-28,39.0
16.872,17.696615,2024-09-29,39.0
23.84,18.256638,2024-09-30,39.0
20.9,17.113098,2024-10-01,39.0
16.72,18.823547,2024-10-02,39.0
25.74,20.508493,2024-10-03,39.0
25.112,20.42225,2024-10-04,39.0
11.928,21.301748,2024-10-05,39.0
23.928,22.858809,2024-10-06,39.0
16.932,20.82829,2024-10-07,39.0
22.696,20.12492,2024-10-08,39.0
20.252,21.310942,2024-10-09,39.0
20.172,21.881369,2024-10-10,39.0
20.888,21.765856,2024-10-11,39.0
17.34,21.278616,2024-10-12,39.0
26.652,21.399147,2024-10-13,39.0
21.0,20.124203,2024-10-14,39.0
27.588,20.735033,2024-10-15,39.0
21.508,22.330952,2024-10-16,39.0
24.8,23.791857,2024-10-17,39.0
20.672,23.949427,2024-10-18,39.0
14.168,23.270592,2024-10-19,39.0
21.512,23.42875,2024-10-20,39.0
16.112,21.635187,2024-10-21,39.0
14.32,21.393599,2024-10-22,39.0
12.008,22.231985,2024-10-23,39.0
20.2,21.506544,2024-10-24,39.0
31.74,19.545261,2024-10-25,39.0
16.66,18.998888,2024-10-26,39.0
19.0,21.573496,2024-10-27,39.0
11.18,21.264076,2024-10-28,39.0
24.0,19.894218,2024-10-29,39.0
11.772,19.04568,2024-10-30,39.0
25.428,19.456259,2024-10-31,39.0
11.548,18.738316,2024-11-01,39.0
11.812,19.605316,2024-11-02,39.0
24.24,20.101583,2024-11-03,39.0
18.288,17.957064,2024-11-04,39.0
18.272,18.04556,2024-11-05,39.0
22.056,19.867855,2024-11-06,39.0
12.392,20.431757,2024-11-07,39.0
16.46,21.021364,2024-11-08,39.0
11.88,19.860006,2024-11-09,39.0
20.56,18.92827,2024-11-10,39.0
10.948,17.182304,2024-11-11,39.0
27.944,17.331512,2024-11-12,39.0
22.908,17.7101,2024-11-13,39.0
19.66,19.729353,2024-11-14,39.0
16.428,21.798101,2024-11-15,39.0
17.192,21.059965,2024-11-16,39.0
20.696,20.585274,2024-11-17,39.0
21.952,19.173735,2024-11-18,39.0
21.56,19.506668,2024-11-19,39.0
21.32,21.12771,2024-11-20,39.0
14.0,22.721233,2024-11-21,39.0
10.648,22.646221,2024-11-22,39.0
19.804226,21.076427,2024-11-23,39.0
24.955145,19.041855,2024-11-24,39.0
20.96283,18.177269,2024-11-25,39.0
21.066977,19.820704,2024-11-26,39.0
22.692713,21.752855,2024-11-27,39.0
24.817928,22.32877,2024-11-28,39.0
20.027113,22.658888,2024-11-29,39.0
19.5104,22.246727,2024-11-30,39.0
24.068,22.243822,2024-12-01,39.0
12.26,21.820234,2024-12-02,39.0
24.6,21.264725,2024-12-03,39.0
28.311,21.420527,2024-12-04,39.0
24.056,22.191807,2024-12-05,39.0
26.1828,23.747211,2024-12-06,39.0
19.208,23.82739,2024-12-07,39.0
21.44,24.408335,2024-12-08,39.0
17.488,24.271685,2024-12-09,39.0
21.1828,22.287064,2024-12-10,39.0
18.668,22.002417,2024-12-11,39.0
21.428,22.77438,2024-12-12,39.0
24.5028,22.832489,2024-12-13,39.0
22.32,22.088232,2024-12-14,39.0
17.988,22.66065,2024-12-15,39.0
14.508,23.207226,2024-12-16,39.0
24.292,21.751146,2024-12-17,39.0
24.58,20.78161,2024-12-18,39.0
25.648,21.800314,2024-12-19,39.0
25.892,22.858519,2024-12-20,39.0
19.252,23.068544,2024-12-21,39.0
28.216,24.355364,2024-12-22,39.0
22.172,24.112326,2024-12-23,39.0
19.972,23.809435,2024-12-24,39.0
36.088,25.091595,2024-12-25,39.0
17.911,24.91638,2024-12-26,39.0
22.576,25.49903,2024-12-27,39.0
25.828,24.46044,2024-12-28,39.0
19.904,23.75406,2024-12-29,39.0
24.936,23.826685,2024-12-30,39.0
11.972,23.737158,2024-12-31,39.0
31.572,24.69789,2025-01-01,39.0
11.012,23.186127,2025-01-02,39.0
20.952,23.914602,2025-01-03,39.0
22.86,21.932817,2025-01-04,39.0
25.0,21.506731,2025-01-05,39.0
24.58,22.319397,2025-01-06,39.0
29.768,23.13682,2025-01-07,39.0
19.932,24.85687,2025-01-08,39.0
26.468,25.23464,2025-01-09,39.0
25.732,25.2059,2025-01-10,39.0
20.26,23.731676,2025-01-11,39.0
21.3,24.084963,2025-01-12,39.0
23.38,23.667173,2025-01-13,39.0
18.808,24.163084,2025-01-14,39.0
31.812,24.802156,2025-01-15,39.0
18.3,24.832102,2025-01-16,39.0
23.0,24.117159,2025-01-17,39.0
24.792,23.738146,2025-01-18,39.0
18.548,23.64275,2025-01-19,39.0
19.492,24.073893,2025-01-20,39.0
22.896,23.336805,2025-01-21,39.0
17.211,22.426569,2025-01-22,39.0
21.0,22.576473,2025-01-23,39.0
30.24,22.547806,2025-01-24,39.0
13.2,21.168575,2025-01-25,39.0
17.86,22.368044,2025-01-26,39.0
12.76,21.999481,2025-01-27,39.0
21.26,21.379066,2025-01-28,39.0
11.88,21.074163,2025-01-29,39.0
11.908,21.429358,2025-01-30,39.0
19.992,19.596336,2025-01-31,39.0
25.088,17.791536,2025-02-01,39.0
11.132,18.137342,2025-02-02,39.0
10.132,19.136047,2025-02-03,39.0
21.028,19.06662,2025-02-04,39.0
27.12,17.511276,2025-02-05,39.0
18.0,17.37814,2025-02-06,39.0
28.86,18.735868,2025-02-07,39.0
14.74,18.357555,2025-02-08,39.0
20.3,20.04974,2025-02-09,39.0
22.22,20.087557,2025-02-10,39.0
19.92,19.55166,2025-02-11,39.0
24.12,20.711653,2025-02-12,39.0
20.108,21.88324,2025-02-13,39.0
17.12,22.842505,2025-02-14,39.0
11.852,22.316755,2025-02-15,39.0
13.092,22.14823,2025-02-16,39.0
11.12,19.791216,2025-02-17,39.0
24.016,18.529488,2025-02-18,39.0
16.102,16.672186,2025-02-19,39.0
16.208,17.051706,2025-02-20,39.0
21.64,18.373983,2025-02-21,39.0
12.56,17.441261,2025-02-22,39.0
14.811,18.22394,2025-02-23,39.0
17.972,16.785349,2025-02-24,39.0
17.08,16.128183,2025-02-25,39.0
19.488,17.552921,2025-02-26,39.0
14.58,19.42307,2025-02-27,39.0
9.988,19.702728,2025-02-28,39.0
21.64,18.024385,2025-03-01,39.0
14.272,16.47883,2025-03-02,39.0
17.84,16.527079,2025-03-03,39.0
23.26,17.143702,2025-03-04,39.0
11.46,17.39277,2025-03-05,39.0
13.3,19.222424,2025-03-06,39.0
11.14,18.945513,2025-03-07,39.0
11.14,16.485266,2025-03-08,39.0
17.06,15.099469,2025-03-09,39.0
14.02,14.661672,2025-03-10,39.0
10.868,14.888943,2025-03-11,39.0
21.72,15.699412,2025-03-12,39.0
14.9428,15.430913,2025-03-13,39.0
12.748,15.280935,2025-03-14,39.0
9.94,15.1646385,2025-03-15,39.0
14.32,15.088183,2025-03-16,39.0
16.832,13.844686,2025-03-17,39.0
21.0,13.923196,2025-03-18,39.0
14.16,15.074162,2025-03-19,39.0
10.936,16.085932,2025-03-20,39.0
10.424,16.348549,2025-03-21,39.0
12.0,14.731296,2025-03-22,39.0
11.088,13.558114,2025-03-23,39.0
10.672,12.125176,2025-03-24,39.0
13.52,12.166348,2025-03-25,39.0
24.68,12.80535,2025-03-26,39.0
11.0,13.31569,2025-03-27,39.0
20.32,15.744713,2025-03-28,39.0
13.336,15.175334,2025-03-29,39.0
13.102,15.723502,2025-03-30,39.0
19.028,14.890719,2025-03-31,39.0
13.992,14.053652,2025-04-01,39.0
14.088,14.923425,2025-04-02,39.0
13.552,15.8638735,2025-04-03,39.0
10.36,15.94682,2025-04-04,39.0
9.788,15.179621,2025-04-05,39.0
12.068,14.533254,2025-04-06,39.0
11.392,13.106179,2025-04-07,39.0
16.728,12.686384,2025-04-08,39.0
10.46,13.723693,2025-04-09,39.0
13.0,14.738007,2025-04-10,39.0
12.58,14.282563,2025-04-11,39.0
16.028,13.35266,2025-04-12,39.0
13.0,12.614534,2025-04-13,39.0
10.254,12.151281,2025-04-14,39.0
9.108,12.533051,2025-04-15,39.0
14.8,12.86622,2025-04-16,39.0
12.42,12.157416,2025-04-17,39.0
14.14,11.961015,2025-04-18,39.0
13.48,11.383619,2025-04-19,39.0
9.68,12.049582,2025-04-20,39.0
12.132,12.518108,2025-04-21,39.0
12.168,12.321028,2025-04-22,39.0
13.1,12.570865,2025-04-23,39.0
12.62,12.504271,2025-04-24,39.0
13.92,12.675537,2025-04-25,39.0
13.112,12.051301,2025-04-26,39.0
14.608,12.225778,2025-04-27,39.0
10.552,11.754611,2025-04-28,39.0
14.208,12.420236,2025-04-29,39.0
11.76,12.824353,2025-04-30,39.0
12.828,13.254565,2025-05-01,39.0
11.968,13.574025,2025-05-02,39.0
10.84,13.172463,2025-05-03,39.0
18.892,13.258037,2025-05-04,39.0
12.372,12.126474,2025-05-05,39.0
13.208,12.362434,2025-05-06,39.0
14.24,13.402682,2025-05-07,39.0
21.26,13.8195505,2025-05-08,39.0
13.228,13.645192,2025-05-09,39.0
11.732,13.862285,2025-05-10,39.0
11.708,14.342511,2025-05-11,39.0
14.032,13.434055,2025-05-12,39.0
18.25,13.539802,2025-05-13,39.0
14.74,13.632218,2025-05-14,39.0
18.3,14.202094,2025-05-15,39.0
12.828,14.955634,2025-05-16,39.0
17.252,15.4550085,2025-05-17,39.0
14.2,15.32628,2025-05-18,39.0
19.092,14.985714,2025-05-19,39.0
12.568,13.883542,2025-05-20,39.0
20.78,14.506846,2025-05-21,39.0
17.48,15.211303,2025-05-22,39.0
18.188,16.129854,2025-05-23,39.0
17.652,16.253544,2025-05-24,39.0
19.46,16.999334,2025-05-25,39.0
14.528,16.860973,2025-05-26,39.0
14.52,17.17518,2025-05-27,39.0
11.24,17.90706,2025-05-28,39.0
17.052,17.798586,2025-05-29,39.0
16.056,16.81478,2025-05-30,39.0
11.552,15.160172,2025-05-31,39.0
13.488,15.263673,2025-06-01,39.0
12.732,14.645272,2025-06-02,39.0
10.82,14.093222,2025-06-03,39.0
20.808,14.091825,2025-06-04,39.0
18.3028,13.567603,2025-06-05,39.0
24.72,14.162326,2025-06-06,39.0
21.24,14.410048,2025-06-07,39.0
17.856,16.304844,2025-06-08,39.0
21.2228,17.670803,2025-06-09,39.0
16.12,18.127447,2025-06-10,39.0
18.76,19.598003,2025-06-11,39.0
16.12,19.636871,2025-06-12,39.0
12.888,19.182203,2025-06-13,39.0
10.032,18.089895,2025-06-14,39.0
7.776,17.516266,2025-06-15,39.0
16.978,15.871665,2025-06-16,39.0
