actual,prediction,timestamp,house_id
8.748,9.521858,2024-09-18,1.0
13.11,8.366228,2024-09-19,1.0
8.232,9.106163,2024-09-20,1.0
11.112,8.274223,2024-09-21,1.0
8.36,8.656296,2024-09-22,1.0
2.948,8.633907,2024-09-23,1.0
4.868,9.061413,2024-09-24,1.0
16.452,8.538266,2024-09-25,1.0
10.092,8.293668,2024-09-26,1.0
17.728,9.416,2024-09-27,1.0
14.86,8.833763,2024-09-28,1.0
8.34,9.83873,2024-09-29,1.0
9.028,10.947488,2024-09-30,1.0
17.28,10.920254,2024-10-01,1.0
5.992,10.291797,2024-10-02,1.0
19.64,12.134451,2024-10-03,1.0
9.056,10.449871,2024-10-04,1.0
7.352,8.834997,2024-10-05,1.0
24.78,10.885666,2024-10-06,1.0
7.972,9.623201,2024-10-07,1.0
8.428,11.155448,2024-10-08,1.0
12.06,13.162016,2024-10-09,1.0
16.248,11.75019,2024-10-10,1.0
8.532,9.51176,2024-10-11,1.0
10.06,9.806934,2024-10-12,1.0
10.232,10.8332,2024-10-13,1.0
18.448,9.965095,2024-10-14,1.0
12.82,11.486258,2024-10-15,1.0
10.25,10.663903,2024-10-16,1.0
8.74,12.499178,2024-10-17,1.0
12.08,11.6596775,2024-10-18,1.0
11.64,10.658377,2024-10-19,1.0
5.42,10.506846,2024-10-20,1.0
11.18,11.067317,2024-10-21,1.0
21.64,9.000756,2024-10-22,1.0
10.25,8.9958515,2024-10-23,1.0
10.552,11.722043,2024-10-24,1.0
10.32,12.8280945,2024-10-25,1.0
17.976,10.173402,2024-10-26,1.0
11.272,10.769541,2024-10-27,1.0
5.311,11.395197,2024-10-28,1.0
11.008,10.300574,2024-10-29,1.0
11.928,10.334669,2024-10-30,1.0
6.311,12.772276,2024-10-31,1.0
26.528,11.979292,2024-11-01,1.0
5.068,12.024726,2024-11-02,1.0
14.9828,14.150991,2024-11-03,1.0
7.228,17.406078,2024-11-04,1.0
36.788,15.173482,2024-11-05,1.0
20.552,15.54217,2024-11-06,1.0
8.752,17.925959,2024-11-07,1.0
6.828,19.728493,2024-11-08,1.0
14.852,15.8113785,2024-11-09,1.0
24.468,15.841061,2024-11-10,1.0
7.508,12.901539,2024-11-11,1.0
22.6,15.678107,2024-11-12,1.0
7.472,14.718092,2024-11-13,1.0
10.48,17.91258,2024-11-14,1.0
10.232,15.8841095,2024-11-15,1.0
31.656,12.934921,2024-11-16,1.0
16.464,14.903397,2024-11-17,1.0
7.628,16.01784,2024-11-18,1.0
25.84,17.730427,2024-11-19,1.0
8.2,14.000441,2024-11-20,1.0
7.98,17.074297,2024-11-21,1.0
7.608,16.669516,2024-11-22,1.0
21.064445,13.150145,2024-11-23,1.0
20.35861,11.538462,2024-11-24,1.0
14.498066,15.528338,2024-11-25,1.0
20.126177,15.422195,2024-11-26,1.0
24.001265,15.955645,2024-11-27,1.0
17.172037,20.621962,2024-11-28,1.0
19.374487,16.201359,2024-11-29,1.0
17.0232,15.946682,2024-11-30,1.0
11.0,16.167383,2024-12-01,1.0
22.328,21.68061,2024-12-02,1.0
36.28,17.26316,2024-12-03,1.0
19.011,19.36825,2024-12-04,1.0
14.28,25.513792,2024-12-05,1.0
20.268,22.50719,2024-12-06,1.0
12.472,18.705133,2024-12-07,1.0
12.52,19.701511,2024-12-08,1.0
22.68,18.377295,2024-12-09,1.0
20.36,15.949795,2024-12-10,1.0
21.232,19.090471,2024-12-11,1.0
21.72,23.804762,2024-12-12,1.0
23.448,17.784513,2024-12-13,1.0
29.728,17.59117,2024-12-14,1.0
10.572,20.51539,2024-12-15,1.0
31.848,25.569014,2024-12-16,1.0
25.22,22.842775,2024-12-17,1.0
27.62,25.565722,2024-12-18,1.0
38.72,29.80136,2024-12-19,1.0
29.46,29.637423,2024-12-20,1.0
26.528,22.554575,2024-12-21,1.0
11.52,30.979603,2024-12-22,1.0
18.032,29.306879,2024-12-23,1.0
37.608,27.099585,2024-12-24,1.0
41.44,32.879517,2024-12-25,1.0
14.632,31.645008,2024-12-26,1.0
28.728,26.90403,2024-12-27,1.0
18.3,24.120321,2024-12-28,1.0
17.7,22.084631,2024-12-29,1.0
36.312,24.884722,2024-12-30,1.0
13.828,22.413336,2024-12-31,1.0
25.8,30.886261,2025-01-01,1.0
25.24,30.530085,2025-01-02,1.0
23.25,28.012194,2025-01-03,1.0
23.032,22.164867,2025-01-04,1.0
42.428,25.516296,2025-01-05,1.0
27.132,22.317045,2025-01-06,1.0
26.496,23.56684,2025-01-07,1.0
41.64,27.4923,2025-01-08,1.0
52.3028,25.610582,2025-01-09,1.0
11.24,28.140905,2025-01-10,1.0
28.888,29.87142,2025-01-11,1.0
21.208,30.908346,2025-01-12,1.0
21.24,28.037931,2025-01-13,1.0
30.384,31.225716,2025-01-14,1.0
35.808,31.508364,2025-01-15,1.0
11.78,26.646093,2025-01-16,1.0
31.092,26.880335,2025-01-17,1.0
22.096,28.782082,2025-01-18,1.0
14.9428,25.501656,2025-01-19,1.0
18.896,31.870495,2025-01-20,1.0
22.5028,24.108519,2025-01-21,1.0
27.708,28.57093,2025-01-22,1.0
16.28,27.155853,2025-01-23,1.0
24.48,25.114767,2025-01-24,1.0
16.012,24.835981,2025-01-25,1.0
22.936,24.156137,2025-01-26,1.0
8.36,22.590197,2025-01-27,1.0
16.172,22.520525,2025-01-28,1.0
26.52,23.827078,2025-01-29,1.0
13.932,21.864895,2025-01-30,1.0
17.456,24.056887,2025-01-31,1.0
22.432,20.166521,2025-02-01,1.0
14.7,21.77696,2025-02-02,1.0
23.892,19.20793,2025-02-03,1.0
14.428,20.288391,2025-02-04,1.0
29.132,18.868874,2025-02-05,1.0
9.728,21.880772,2025-02-06,1.0
26.11,22.863806,2025-02-07,1.0
19.568,20.852076,2025-02-08,1.0
11.464,19.449549,2025-02-09,1.0
9.056,22.867123,2025-02-10,1.0
41.024,20.249722,2025-02-11,1.0
6.96,20.436846,2025-02-12,1.0
24.068,21.24527,2025-02-13,1.0
17.66,23.169977,2025-02-14,1.0
22.62,17.939886,2025-02-15,1.0
17.56,20.528133,2025-02-16,1.0
10.84,20.59023,2025-02-17,1.0
23.772,21.577555,2025-02-18,1.0
22.536,19.14673,2025-02-19,1.0
14.852,24.526068,2025-02-20,1.0
8.028,21.762178,2025-02-21,1.0
20.36,21.4764,2025-02-22,1.0
16.0,19.30836,2025-02-23,1.0
29.052,17.667313,2025-02-24,1.0
21.088,19.566078,2025-02-25,1.0
25.808,20.19776,2025-02-26,1.0
9.064,22.622904,2025-02-27,1.0
6.76,21.515812,2025-02-28,1.0
12.128,20.623121,2025-03-01,1.0
23.228,14.913771,2025-03-02,1.0
12.872,14.379411,2025-03-03,1.0
6.812,16.99255,2025-03-04,1.0
19.464,18.249533,2025-03-05,1.0
6.576,16.657135,2025-03-06,1.0
11.172,18.759115,2025-03-07,1.0
17.06,16.996546,2025-03-08,1.0
9.36,15.161571,2025-03-09,1.0
10.8,16.347013,2025-03-10,1.0
11.2,15.299387,2025-03-11,1.0
10.272,13.950176,2025-03-12,1.0
7.988,12.0347185,2025-03-13,1.0
14.38,15.053964,2025-03-14,1.0
10.232,11.453537,2025-03-15,1.0
13.268,11.70009,2025-03-16,1.0
6.258,11.330101,2025-03-17,1.0
5.2628,10.955219,2025-03-18,1.0
14.28,14.266249,2025-03-19,1.0
7.12,12.568811,2025-03-20,1.0
5.48,12.424648,2025-03-21,1.0
16.068,12.476536,2025-03-22,1.0
21.012,9.708706,2025-03-23,1.0
9.376,10.538659,2025-03-24,1.0
8.72,14.451125,2025-03-25,1.0
8.1828,16.68954,2025-03-26,1.0
7.536,15.610462,2025-03-27,1.0
22.08,14.3028965,2025-03-28,1.0
6.984,13.016041,2025-03-29,1.0
10.468,11.988518,2025-03-30,1.0
10.38,11.434512,2025-03-31,1.0
12.232,11.039074,2025-04-01,1.0
6.508,11.553339,2025-04-02,1.0
12.972,11.339726,2025-04-03,1.0
14.64,11.218542,2025-04-04,1.0
6.068,10.432667,2025-04-05,1.0
7.2,11.331701,2025-04-06,1.0
10.148,10.051601,2025-04-07,1.0
5.9028,9.670404,2025-04-08,1.0
17.648,10.04005,2025-04-09,1.0
5.912,10.952228,2025-04-10,1.0
5.36,10.415611,2025-04-11,1.0
10.708,10.495199,2025-04-12,1.0
5.24,9.003845,2025-04-13,1.0
13.988,9.331207,2025-04-14,1.0
4.911,9.685844,2025-04-15,1.0
14.9,10.488433,2025-04-16,1.0
17.42,10.320027,2025-04-17,1.0
5.632,10.555692,2025-04-18,1.0
6.068,9.116698,2025-04-19,1.0
5.1,9.601398,2025-04-20,1.0
11.48,8.078045,2025-04-21,1.0
6.25,7.4784026,2025-04-22,1.0
12.732,10.220718,2025-04-23,1.0
7.616,9.832378,2025-04-24,1.0
17.424,9.618202,2025-04-25,1.0
6.308,8.383598,2025-04-26,1.0
6.972,9.192696,2025-04-27,1.0
7.988,9.499948,2025-04-28,1.0
13.332,9.410515,2025-04-29,1.0
14.92,10.903597,2025-04-30,1.0
10.108,11.666742,2025-05-01,1.0
13.932,10.721356,2025-05-02,1.0
8.688,8.649812,2025-05-03,1.0
9.808,10.255661,2025-05-04,1.0
5.652,8.338625,2025-05-05,1.0
13.188,9.200279,2025-05-06,1.0
9.311,9.318355,2025-05-07,1.0
8.6,11.141832,2025-05-08,1.0
14.3,11.197925,2025-05-09,1.0
10.528,9.495333,2025-05-10,1.0
8.288,10.061474,2025-05-11,1.0
8.052,9.800499,2025-05-12,1.0
8.428,8.79243,2025-05-13,1.0
21.672,8.947776,2025-05-14,1.0
6.608,9.871336,2025-05-15,1.0
8.352,11.010179,2025-05-16,1.0
14.928,9.130376,2025-05-17,1.0
10.48,8.170698,2025-05-18,1.0
13.58,9.141102,2025-05-19,1.0
14.06,8.11075,2025-05-20,1.0
14.42,12.343088,2025-05-21,1.0
10.272,11.997575,2025-05-22,1.0
12.468,13.541242,2025-05-23,1.0
10.028,9.219556,2025-05-24,1.0
10.992,9.79003,2025-05-25,1.0
13.208,10.833227,2025-05-26,1.0
10.784,9.633356,2025-05-27,1.0
16.448,12.052689,2025-05-28,1.0
7.86,11.889551,2025-05-29,1.0
7.908,12.230603,2025-05-30,1.0
8.96,10.622923,2025-05-31,1.0
4.592,9.058058,2025-06-01,1.0
10.448,8.274685,2025-06-02,1.0
8.532,8.246775,2025-06-03,1.0
13.372,9.013115,2025-06-04,1.0
12.308,8.465296,2025-06-05,1.0
10.06,8.913402,2025-06-06,1.0
10.78,8.884564,2025-06-07,1.0
12.932,8.183977,2025-06-08,1.0
9.788,9.166006,2025-06-09,1.0
10.88,7.709934,2025-06-10,1.0
10.44,12.572987,2025-06-11,1.0
8.82,11.250094,2025-06-12,1.0
6.64,11.264745,2025-06-13,1.0
6.568,8.796057,2025-06-14,1.0
5.254,7.912324,2025-06-15,1.0
5.0,7.7858896,2025-06-16,1.0
8.102,9.6066065,2024-09-18,2.0
14.511,8.317931,2024-09-19,2.0
10.32,7.1446967,2024-09-20,2.0
30.068,8.294922,2024-09-21,2.0
14.46,10.1749,2024-09-22,2.0
5.0,13.368315,2024-09-23,2.0
6.472,16.5237,2024-09-24,2.0
9.08,15.872501,2024-09-25,2.0
32.696,13.61519,2024-09-26,2.0
36.76,12.688489,2024-09-27,2.0
24.452,13.799097,2024-09-28,2.0
18.308,18.01174,2024-09-29,2.0
14.0,23.846296,2024-09-30,2.0
30.1428,20.508007,2024-10-01,2.0
22.188,21.646898,2024-10-02,2.0
17.132,25.285807,2024-10-03,2.0
36.6,23.270802,2024-10-04,2.0
17.696,20.03776,2024-10-05,2.0
19.664,23.69414,2024-10-06,2.0
11.36,26.158583,2024-10-07,2.0
32.096,21.572628,2024-10-08,2.0
24.32,19.615908,2024-10-09,2.0
19.48,23.569117,2024-10-10,2.0
33.664,24.46171,2024-10-11,2.0
32.52,18.366636,2024-10-12,2.0
25.748,25.082333,2024-10-13,2.0
29.84,26.921782,2024-10-14,2.0
18.652,27.452452,2024-10-15,2.0
19.2,23.639631,2024-10-16,2.0
26.588,29.1102,2024-10-17,2.0
10.332,26.158752,2024-10-18,2.0
21.96,21.837141,2024-10-19,2.0
9.668,24.342876,2024-10-20,2.0
20.8,22.474375,2024-10-21,2.0
12.428,21.11226,2024-10-22,2.0
44.76,20.09845,2024-10-23,2.0
29.832,20.658562,2024-10-24,2.0
26.32,21.68891,2024-10-25,2.0
20.808,26.726004,2024-10-26,2.0
36.944,24.65539,2024-10-27,2.0
24.32,26.891706,2024-10-28,2.0
44.628,21.997517,2024-10-29,2.0
20.46,28.211481,2024-10-30,2.0
53.56,26.303537,2024-10-31,2.0
10.42,28.963762,2024-11-01,2.0
29.258,27.938059,2024-11-02,2.0
31.212,28.866278,2024-11-03,2.0
24.3,26.71908,2024-11-04,2.0
26.232,31.706533,2024-11-05,2.0
36.4,27.59175,2024-11-06,2.0
36.976,31.96303,2024-11-07,2.0
22.12,25.374746,2024-11-08,2.0
41.332,31.988398,2024-11-09,2.0
35.528,27.760183,2024-11-10,2.0
10.25,32.058533,2024-11-11,2.0
28.948,35.629063,2024-11-12,2.0
24.211,32.07281,2024-11-13,2.0
18.268,28.22718,2024-11-14,2.0
16.76,28.233927,2024-11-15,2.0
25.76794,25.158987,2024-11-16,2.0
33.77047,24.611727,2024-11-17,2.0
17.52354,27.124128,2024-11-18,2.0
27.59,27.751421,2024-11-19,2.0
30.306,26.009584,2024-11-20,2.0
36.268,26.466557,2024-11-21,2.0
16.766666,28.681303,2024-11-22,2.0
35.149315,25.271383,2024-11-23,2.0
33.507492,24.897137,2024-11-24,2.0
21.842386,25.948065,2024-11-25,2.0
27.59,32.74711,2024-11-26,2.0
30.211622,28.801146,2024-11-27,2.0
36.268,32.183636,2024-11-28,2.0
20.766666,29.370852,2024-11-29,2.0
43.72228,28.200151,2024-11-30,2.0
10.708,26.228354,2024-12-01,2.0
9.932,31.249636,2024-12-02,2.0
12.088,29.734999,2024-12-03,2.0
9.46,25.624899,2024-12-04,2.0
33.36,27.119757,2024-12-05,2.0
27.728,20.694494,2024-12-06,2.0
31.952,22.810883,2024-12-07,2.0
25.376,23.670702,2024-12-08,2.0
18.5828,26.4233,2024-12-09,2.0
10.536,24.12668,2024-12-10,2.0
43.911,26.353167,2024-12-11,2.0
20.58,24.95244,2024-12-12,2.0
13.64,20.34127,2024-12-13,2.0
8.0,27.101126,2024-12-14,2.0
33.64,21.913284,2024-12-15,2.0
8.012,26.945597,2024-12-16,2.0
8.576,23.592772,2024-12-17,2.0
33.24,28.657942,2024-12-18,2.0
23.932,22.866278,2024-12-19,2.0
10.211,28.802973,2024-12-20,2.0
25.748,22.737787,2024-12-21,2.0
8.628,25.479979,2024-12-22,2.0
8.132,21.108328,2024-12-23,2.0
9.772,26.440233,2024-12-24,2.0
31.268,23.011139,2024-12-25,2.0
52.068,21.378557,2024-12-26,2.0
8.432,21.769894,2024-12-27,2.0
19.76,23.447464,2024-12-28,2.0
25.7,21.999716,2024-12-29,2.0
8.452,21.048857,2024-12-30,2.0
33.588,23.8674,2024-12-31,2.0
20.252,30.487577,2025-01-01,2.0
28.576,23.902735,2025-01-02,2.0
27.992,27.90346,2025-01-03,2.0
32.488,26.852869,2025-01-04,2.0
23.428,25.409523,2025-01-05,2.0
25.852,27.143417,2025-01-06,2.0
10.628,28.51618,2025-01-07,2.0
31.452,25.136871,2025-01-08,2.0
50.34,28.959763,2025-01-09,2.0
11.428,26.941864,2025-01-10,2.0
10.072,27.867998,2025-01-11,2.0
35.88,30.073566,2025-01-12,2.0
9.328,28.00886,2025-01-13,2.0
17.428,26.895952,2025-01-14,2.0
25.96,31.920162,2025-01-15,2.0
29.432,24.594824,2025-01-16,2.0
9.708,25.050423,2025-01-17,2.0
9.6,27.320951,2025-01-18,2.0
44.18,25.893818,2025-01-19,2.0
32.752,26.023527,2025-01-20,2.0
10.228,24.036095,2025-01-21,2.0
8.611,30.632708,2025-01-22,2.0
49.128,29.662474,2025-01-23,2.0
8.992,25.385359,2025-01-24,2.0
23.588,26.979067,2025-01-25,2.0
9.772,26.392073,2025-01-26,2.0
25.748,23.01717,2025-01-27,2.0
18.148,28.599422,2025-01-28,2.0
17.5828,27.30795,2025-01-29,2.0
36.968,26.636286,2025-01-30,2.0
7.848,26.471151,2025-01-31,2.0
17.692,26.389172,2025-02-01,2.0
9.388,27.06769,2025-02-02,2.0
32.692,23.253498,2025-02-03,2.0
10.72,21.888983,2025-02-04,2.0
30.98,25.111155,2025-02-05,2.0
16.28,27.935598,2025-02-06,2.0
33.52,25.41667,2025-02-07,2.0
10.32,26.12466,2025-02-08,2.0
25.102,22.579456,2025-02-09,2.0
10.228,27.16891,2025-02-10,2.0
8.6,22.832678,2025-02-11,2.0
33.4,27.7655,2025-02-12,2.0
25.38,23.37858,2025-02-13,2.0
8.872,25.554972,2025-02-14,2.0
9.008,22.746786,2025-02-15,2.0
25.84,23.646547,2025-02-16,2.0
25.208,21.340849,2025-02-17,2.0
9.064,23.228682,2025-02-18,2.0
20.816,23.010426,2025-02-19,2.0
50.5828,25.872997,2025-02-20,2.0
9.268,24.02805,2025-02-21,2.0
7.988,23.782848,2025-02-22,2.0
9.1428,24.67678,2025-02-23,2.0
9.188,21.422112,2025-02-24,2.0
35.86,22.240759,2025-02-25,2.0
28.828,23.87263,2025-02-26,2.0
6.928,23.175266,2025-02-27,2.0
2.352,25.130724,2025-02-28,2.0
31.24,26.602224,2025-03-01,2.0
9.792,18.16799,2025-03-02,2.0
20.2,18.734951,2025-03-03,2.0
8.148,22.331192,2025-03-04,2.0
47.788,19.289227,2025-03-05,2.0
12.5028,22.636803,2025-03-06,2.0
8.16,24.189459,2025-03-07,2.0
21.056,24.20116,2025-03-08,2.0
8.852,21.55568,2025-03-09,2.0
8.572,25.958109,2025-03-10,2.0
21.576,22.51425,2025-03-11,2.0
27.88,20.54266,2025-03-12,2.0
29.372,17.710344,2025-03-13,2.0
9.508,23.043571,2025-03-14,2.0
32.1428,20.596472,2025-03-15,2.0
8.96,20.98123,2025-03-16,2.0
20.856,22.848211,2025-03-17,2.0
10.6628,21.551702,2025-03-18,2.0
19.296,23.32038,2025-03-19,2.0
16.432,24.305742,2025-03-20,2.0
26.328,22.268263,2025-03-21,2.0
14.288,23.265757,2025-03-22,2.0
21.088,19.929453,2025-03-23,2.0
10.5828,23.69471,2025-03-24,2.0
10.736,22.336893,2025-03-25,2.0
8.128,25.787302,2025-03-26,2.0
12.008,23.858389,2025-03-27,2.0
28.248,22.81301,2025-03-28,2.0
31.168,19.833597,2025-03-29,2.0
30.88,19.90325,2025-03-30,2.0
14.296,21.238924,2025-03-31,2.0
29.0,23.720955,2025-04-01,2.0
30.028,24.74386,2025-04-02,2.0
17.52,22.10568,2025-04-03,2.0
25.056,25.432734,2025-04-04,2.0
14.9428,22.314611,2025-04-05,2.0
19.616,23.814856,2025-04-06,2.0
8.752,23.575005,2025-04-07,2.0
26.072,24.927176,2025-04-08,2.0
30.544,20.566957,2025-04-09,2.0
11.416,23.078932,2025-04-10,2.0
14.744,26.97579,2025-04-11,2.0
17.832,23.492983,2025-04-12,2.0
8.544,22.62307,2025-04-13,2.0
23.8,22.429464,2025-04-14,2.0
14.68,21.118849,2025-04-15,2.0
33.4628,17.496136,2025-04-16,2.0
23.704,22.12142,2025-04-17,2.0
31.4,21.590094,2025-04-18,2.0
10.856,17.46874,2025-04-19,2.0
9.424,21.689444,2025-04-20,2.0
9.592,23.325617,2025-04-21,2.0
28.016,17.507149,2025-04-22,2.0
26.936,21.86536,2025-04-23,2.0
10.296,19.792875,2025-04-24,2.0
19.008,24.227776,2025-04-25,2.0
29.936,18.026436,2025-04-26,2.0
14.336,19.909143,2025-04-27,2.0
18.048,19.977953,2025-04-28,2.0
14.3028,24.70294,2025-04-29,2.0
14.2,23.278215,2025-04-30,2.0
28.5828,24.79922,2025-05-01,2.0
18.104,21.628054,2025-05-02,2.0
27.872,16.481333,2025-05-03,2.0
18.568,20.515715,2025-05-04,2.0
20.256,20.066992,2025-05-05,2.0
13.296,20.755953,2025-05-06,2.0
25.96,21.926693,2025-05-07,2.0
31.84,23.94083,2025-05-08,2.0
23.028,17.950356,2025-05-09,2.0
11.52,21.27381,2025-05-10,2.0
25.92,23.200045,2025-05-11,2.0
29.296,22.223932,2025-05-12,2.0
16.2628,18.164225,2025-05-13,2.0
25.612,24.538862,2025-05-14,2.0
32.952,23.974771,2025-05-15,2.0
26.352,20.907944,2025-05-16,2.0
21.56,20.804728,2025-05-17,2.0
21.248,23.079554,2025-05-18,2.0
23.0228,22.6579,2025-05-19,2.0
23.952,18.36276,2025-05-20,2.0
19.176,26.066309,2025-05-21,2.0
22.288,24.86514,2025-05-22,2.0
29.102,24.532106,2025-05-23,2.0
21.816,19.718588,2025-05-24,2.0
20.104,23.814154,2025-05-25,2.0
16.888,24.91535,2025-05-26,2.0
16.528,22.131968,2025-05-27,2.0
19.992,23.22382,2025-05-28,2.0
22.448,21.948107,2025-05-29,2.0
17.256,19.59897,2025-05-30,2.0
17.104,17.381445,2025-05-31,2.0
12.11,16.944235,2025-06-01,2.0
30.36,13.249199,2025-06-02,2.0
14.6628,14.001501,2025-06-03,2.0
36.048,19.022415,2025-06-04,2.0
32.628,19.987925,2025-06-05,2.0
21.224,18.076344,2025-06-06,2.0
21.928,21.588762,2025-06-07,2.0
17.272,20.93696,2025-06-08,2.0
20.448,21.76527,2025-06-09,2.0
17.648,16.047428,2025-06-10,2.0
20.648,25.812094,2025-06-11,2.0
23.192,21.999155,2025-06-12,2.0
13.992,24.293371,2025-06-13,2.0
10.672,18.816393,2025-06-14,2.0
10.1828,16.444632,2025-06-15,2.0
10.0,14.82751,2025-06-16,2.0
21.972,22.117327,2024-09-18,3.0
8.228,21.01144,2024-09-19,3.0
27.332,18.724539,2024-09-20,3.0
33.12,18.193733,2024-09-21,3.0
26.648,16.76091,2024-09-22,3.0
14.18,23.387743,2024-09-23,3.0
9.572,22.95312,2024-09-24,3.0
22.64,25.360678,2024-09-25,3.0
33.258,20.444527,2024-09-26,3.0
29.64,21.813873,2024-09-27,3.0
21.0,18.044731,2024-09-28,3.0
22.66,23.96919,2024-09-29,3.0
20.08,23.844193,2024-09-30,3.0
22.328,21.58708,2024-10-01,3.0
14.6,23.661634,2024-10-02,3.0
21.612,25.102585,2024-10-03,3.0
26.292,23.92864,2024-10-04,3.0
19.328,20.31308,2024-10-05,3.0
20.14,23.34321,2024-10-06,3.0
23.98,22.216072,2024-10-07,3.0
21.928,20.084276,2024-10-08,3.0
19.392,20.461355,2024-10-09,3.0
24.352,21.992159,2024-10-10,3.0
23.36,18.220179,2024-10-11,3.0
18.76,17.33801,2024-10-12,3.0
19.016,22.651205,2024-10-13,3.0
24.532,21.402239,2024-10-14,3.0
23.44,18.43078,2024-10-15,3.0
18.211,20.090227,2024-10-16,3.0
22.328,21.690275,2024-10-17,3.0
21.0,20.49185,2024-10-18,3.0
29.1,19.415916,2024-10-19,3.0
20.548,20.78816,2024-10-20,3.0
24.872,21.570541,2024-10-21,3.0
25.552,20.685026,2024-10-22,3.0
29.856,20.015718,2024-10-23,3.0
26.372,23.759897,2024-10-24,3.0
23.092,23.965557,2024-10-25,3.0
18.936,22.186651,2024-10-26,3.0
19.5028,23.941143,2024-10-27,3.0
19.308,24.100912,2024-10-28,3.0
26.852,18.808031,2024-10-29,3.0
19.96,21.412235,2024-10-30,3.0
16.368,22.583277,2024-10-31,3.0
24.86,21.250998,2024-11-01,3.0
14.64,21.964128,2024-11-02,3.0
24.18,21.231947,2024-11-03,3.0
24.672,24.38513,2024-11-04,3.0
12.008,21.693811,2024-11-05,3.0
20.512,22.886944,2024-11-06,3.0
24.468,22.826443,2024-11-07,3.0
26.5,19.619467,2024-11-08,3.0
17.672,18.740774,2024-11-09,3.0
23.968,22.73544,2024-11-10,3.0
25.428,22.373446,2024-11-11,3.0
19.08,20.824207,2024-11-12,3.0
20.02,24.849817,2024-11-13,3.0
23.508,22.969168,2024-11-14,3.0
16.384,21.1741,2024-11-15,3.0
28.888,19.664392,2024-11-16,3.0
11.568,24.788969,2024-11-17,3.0
19.612,22.337502,2024-11-18,3.0
27.92,20.694128,2024-11-19,3.0
22.668,21.450655,2024-11-20,3.0
22.432,21.142754,2024-11-21,3.0
22.581333,23.052404,2024-11-22,3.0
20.4,22.264912,2024-11-23,3.0
21.238667,20.43938,2024-11-24,3.0
23.241333,23.93726,2024-11-25,3.0
19.669333,18.387976,2024-11-26,3.0
21.066668,20.828325,2024-11-27,3.0
21.694,24.20112,2024-11-28,3.0
22.581333,20.437723,2024-11-29,3.0
24.3232,18.14345,2024-11-30,3.0
13.688,22.024046,2024-12-01,3.0
25.672,26.443258,2024-12-02,3.0
19.296,21.448973,2024-12-03,3.0
29.1828,22.068346,2024-12-04,3.0
24.2,24.722792,2024-12-05,3.0
31.412,20.150654,2024-12-06,3.0
20.732,20.876688,2024-12-07,3.0
18.388,22.564342,2024-12-08,3.0
22.612,22.620945,2024-12-09,3.0
25.68,20.220064,2024-12-10,3.0
24.572,24.22291,2024-12-11,3.0
27.168,24.230368,2024-12-12,3.0
37.028,22.36085,2024-12-13,3.0
21.2,22.397417,2024-12-14,3.0
37.512,26.44618,2024-12-15,3.0
28.536,32.470135,2024-12-16,3.0
22.08,26.824522,2024-12-17,3.0
24.452,32.27346,2024-12-18,3.0
35.24,32.00164,2024-12-19,3.0
36.228,28.468538,2024-12-20,3.0
29.472,21.826618,2024-12-21,3.0
22.448,32.10957,2024-12-22,3.0
27.592,29.477694,2024-12-23,3.0
32.76,32.139416,2024-12-24,3.0
25.98,32.59404,2024-12-25,3.0
28.892,30.147196,2024-12-26,3.0
29.412,24.435741,2024-12-27,3.0
35.692,23.21232,2024-12-28,3.0
26.411,25.77717,2024-12-29,3.0
13.536,27.991365,2024-12-30,3.0
25.2,29.106825,2024-12-31,3.0
27.552,33.60849,2025-01-01,3.0
42.98,27.897516,2025-01-02,3.0
33.308,27.549154,2025-01-03,3.0
35.24,24.405203,2025-01-04,3.0
30.2528,29.71772,2025-01-05,3.0
35.768,28.95817,2025-01-06,3.0
30.192,28.582872,2025-01-07,3.0
25.88,27.009756,2025-01-08,3.0
38.748,29.333977,2025-01-09,3.0
39.948,30.193123,2025-01-10,3.0
42.92,30.329561,2025-01-11,3.0
41.5428,31.263847,2025-01-12,3.0
41.628,34.984985,2025-01-13,3.0
13.588,35.199013,2025-01-14,3.0
43.64,40.128334,2025-01-15,3.0
52.072,35.66108,2025-01-16,3.0
28.82,30.905344,2025-01-17,3.0
26.06,35.422386,2025-01-18,3.0
31.32,37.37777,2025-01-19,3.0
20.128,39.32535,2025-01-20,3.0
27.9428,29.207762,2025-01-21,3.0
31.328,35.368973,2025-01-22,3.0
30.5,28.698492,2025-01-23,3.0
21.228,29.662066,2025-01-24,3.0
37.572,31.816578,2025-01-25,3.0
24.828,29.100334,2025-01-26,3.0
25.472,29.12314,2025-01-27,3.0
32.112,32.14447,2025-01-28,3.0
29.648,29.858963,2025-01-29,3.0
25.472,28.055384,2025-01-30,3.0
45.768,30.061924,2025-01-31,3.0
26.56,26.40166,2025-02-01,3.0
30.232,29.014698,2025-02-02,3.0
43.068,27.97494,2025-02-03,3.0
28.708,28.721464,2025-02-04,3.0
33.952,30.194216,2025-02-05,3.0
39.88,36.706738,2025-02-06,3.0
43.48,33.681854,2025-02-07,3.0
43.62,33.991085,2025-02-08,3.0
36.06,34.438496,2025-02-09,3.0
46.78,34.632072,2025-02-10,3.0
31.76,35.96286,2025-02-11,3.0
39.068,38.640682,2025-02-12,3.0
46.972,38.200844,2025-02-13,3.0
44.76,37.296417,2025-02-14,3.0
26.7,38.65204,2025-02-15,3.0
25.552,36.9999,2025-02-16,3.0
39.11,40.039238,2025-02-17,3.0
39.028,35.008183,2025-02-18,3.0
44.096,31.200018,2025-02-19,3.0
44.102,36.20356,2025-02-20,3.0
38.128,35.04142,2025-02-21,3.0
42.704,33.44118,2025-02-22,3.0
42.656,34.411503,2025-02-23,3.0
31.452,35.67914,2025-02-24,3.0
49.26,38.336044,2025-02-25,3.0
30.808,41.921936,2025-02-26,3.0
38.052,39.906166,2025-02-27,3.0
14.292,38.82276,2025-02-28,3.0
58.808,37.14228,2025-03-01,3.0
25.311,30.741259,2025-03-02,3.0
28.048,30.546755,2025-03-03,3.0
26.86,35.622917,2025-03-04,3.0
39.132,32.70715,2025-03-05,3.0
27.76,32.392708,2025-03-06,3.0
26.96,32.181034,2025-03-07,3.0
35.24,31.003073,2025-03-08,3.0
26.888,29.727568,2025-03-09,3.0
25.568,37.02304,2025-03-10,3.0
20.0628,32.51098,2025-03-11,3.0
19.928,31.096552,2025-03-12,3.0
19.008,25.839495,2025-03-13,3.0
23.64,26.203533,2025-03-14,3.0
16.9828,22.87099,2025-03-15,3.0
20.2,22.798655,2025-03-16,3.0
18.768,23.384584,2025-03-17,3.0
19.428,21.604288,2025-03-18,3.0
28.24,26.95815,2025-03-19,3.0
19.86,25.807154,2025-03-20,3.0
18.452,24.42589,2025-03-21,3.0
10.736,23.581007,2025-03-22,3.0
19.392,22.979681,2025-03-23,3.0
17.072,20.64395,2025-03-24,3.0
21.258,20.299952,2025-03-25,3.0
22.528,22.49666,2025-03-26,3.0
17.18,22.88941,2025-03-27,3.0
28.4,25.32159,2025-03-28,3.0
26.452,22.162985,2025-03-29,3.0
10.896,21.115349,2025-03-30,3.0
20.68,20.827509,2025-03-31,3.0
11.12,20.59991,2025-04-01,3.0
18.76,19.49207,2025-04-02,3.0
18.6,20.36138,2025-04-03,3.0
17.672,19.441061,2025-04-04,3.0
10.952,18.349335,2025-04-05,3.0
17.328,19.919588,2025-04-06,3.0
12.2,18.388248,2025-04-07,3.0
11.9,16.276304,2025-04-08,3.0
26.972,17.622314,2025-04-09,3.0
11.216,15.937055,2025-04-10,3.0
11.92,17.126822,2025-04-11,3.0
19.92,17.620213,2025-04-12,3.0
16.432,16.129517,2025-04-13,3.0
23.08,17.164364,2025-04-14,3.0
28.1,17.8518,2025-04-15,3.0
19.811,17.81812,2025-04-16,3.0
14.428,19.240782,2025-04-17,3.0
14.44,21.137691,2025-04-18,3.0
13.2,15.403694,2025-04-19,3.0
17.928,17.58715,2025-04-20,3.0
20.18,17.760586,2025-04-21,3.0
17.94,16.581638,2025-04-22,3.0
18.18,19.497389,2025-04-23,3.0
21.492,21.507875,2025-04-24,3.0
16.948,19.54352,2025-04-25,3.0
16.612,18.31175,2025-04-26,3.0
12.648,20.024082,2025-04-27,3.0
11.472,17.045378,2025-04-28,3.0
19.828,18.769573,2025-04-29,3.0
18.748,18.542774,2025-04-30,3.0
18.892,20.06562,2025-05-01,3.0
17.412,17.424156,2025-05-02,3.0
10.68,16.228678,2025-05-03,3.0
17.128,17.509672,2025-05-04,3.0
13.74,13.175641,2025-05-05,3.0
11.25,13.544968,2025-05-06,3.0
22.5,14.560123,2025-05-07,3.0
25.492,16.831656,2025-05-08,3.0
20.6,15.470212,2025-05-09,3.0
16.108,16.576214,2025-05-10,3.0
17.18,20.72175,2025-05-11,3.0
17.7,17.5017,2025-05-12,3.0
18.74,16.436821,2025-05-13,3.0
20.52,17.480085,2025-05-14,3.0
18.36,16.712107,2025-05-15,3.0
14.25,17.015644,2025-05-16,3.0
16.868,15.6828575,2025-05-17,3.0
18.024,15.655212,2025-05-18,3.0
18.588,16.572649,2025-05-19,3.0
14.732,13.425598,2025-05-20,3.0
19.508,17.192076,2025-05-21,3.0
19.66,17.684645,2025-05-22,3.0
11.88,16.60236,2025-05-23,3.0
16.74,14.220368,2025-05-24,3.0
18.76,15.811767,2025-05-25,3.0
18.6,16.285515,2025-05-26,3.0
18.58,15.150589,2025-05-27,3.0
18.888,17.06492,2025-05-28,3.0
11.432,17.286472,2025-05-29,3.0
17.752,19.545761,2025-05-30,3.0
14.52,16.516348,2025-05-31,3.0
11.28,13.755615,2025-06-01,3.0
20.068,13.422405,2025-06-02,3.0
14.532,11.935615,2025-06-03,3.0
18.508,13.5074215,2025-06-04,3.0
27.24,14.968968,2025-06-05,3.0
14.468,14.3547125,2025-06-06,3.0
23.96,13.899737,2025-06-07,3.0
17.6,15.998308,2025-06-08,3.0
18.664,17.495745,2025-06-09,3.0
19.448,13.786613,2025-06-10,3.0
20.128,20.140894,2025-06-11,3.0
18.252,20.458916,2025-06-12,3.0
9.92,19.409185,2025-06-13,3.0
11.508,17.002748,2025-06-14,3.0
10.52,14.725882,2025-06-15,3.0
10.0,14.303165,2025-06-16,3.0
27.256,28.924278,2024-09-18,4.0
25.736,27.394712,2024-09-19,4.0
14.184,24.361437,2024-09-20,4.0
30.856,23.095724,2024-09-21,4.0
16.416,19.206446,2024-09-22,4.0
33.832,21.737741,2024-09-23,4.0
18.28,25.472876,2024-09-24,4.0
24.376,25.134365,2024-09-25,4.0
36.428,26.247728,2024-09-26,4.0
23.96,25.034254,2024-09-27,4.0
11.711,21.795702,2024-09-28,4.0
17.288,22.004368,2024-09-29,4.0
27.6628,22.314981,2024-09-30,4.0
17.256,17.977146,2024-10-01,4.0
31.56,28.234856,2024-10-02,4.0
25.272,28.603016,2024-10-03,4.0
16.888,25.751787,2024-10-04,4.0
25.8,24.005281,2024-10-05,4.0
9.2,23.527634,2024-10-06,4.0
17.6,21.784771,2024-10-07,4.0
24.128,20.702665,2024-10-08,4.0
25.432,21.958353,2024-10-09,4.0
35.8228,20.911264,2024-10-10,4.0
26.6,23.689875,2024-10-11,4.0
19.984,20.75279,2024-10-12,4.0
24.496,22.736578,2024-10-13,4.0
33.648,26.403055,2024-10-14,4.0
31.792,22.10517,2024-10-15,4.0
22.816,24.45378,2024-10-16,4.0
65.68,27.999676,2024-10-17,4.0
48.0628,28.499252,2024-10-18,4.0
59.711,27.320477,2024-10-19,4.0
36.432,34.149918,2024-10-20,4.0
25.368,38.734024,2024-10-21,4.0
44.2228,43.250187,2024-10-22,4.0
39.8628,40.092342,2024-10-23,4.0
28.096,43.453693,2024-10-24,4.0
31.736,38.207687,2024-10-25,4.0
42.102,38.691372,2024-10-26,4.0
28.064,30.99251,2024-10-27,4.0
21.96,36.324715,2024-10-28,4.0
28.808,33.626175,2024-10-29,4.0
32.828,30.84855,2024-10-30,4.0
25.192,36.433746,2024-10-31,4.0
48.608,30.916563,2024-11-01,4.0
28.872,27.853798,2024-11-02,4.0
22.256,27.208883,2024-11-03,4.0
43.648,36.334747,2024-11-04,4.0
37.976,31.950218,2024-11-05,4.0
35.88,29.909647,2024-11-06,4.0
48.008,37.101463,2024-11-07,4.0
32.424,36.33639,2024-11-08,4.0
29.6628,30.330103,2024-11-09,4.0
49.624,36.874794,2024-11-10,4.0
28.96,33.532097,2024-11-11,4.0
18.0,31.286203,2024-11-12,4.0
28.296,44.139412,2024-11-13,4.0
36.064,37.111767,2024-11-14,4.0
52.968,29.61197,2024-11-15,4.0
45.6,30.820198,2024-11-16,4.0
28.792,32.464058,2024-11-17,4.0
47.008,36.28531,2024-11-18,4.0
38.592,39.489014,2024-11-19,4.0
38.96,38.61087,2024-11-20,4.0
31.8228,38.59294,2024-11-21,4.0
38.168,40.392403,2024-11-22,4.0
25.712,32.156483,2024-11-23,4.0
33.557335,32.688637,2024-11-24,4.0
43.872,35.39435,2024-11-25,4.0
31.522667,28.372683,2024-11-26,4.0
38.378666,39.96395,2024-11-27,4.0
38.632,43.117798,2024-11-28,4.0
43.042,35.54574,2024-11-29,4.0
22.746,28.427938,2024-11-30,4.0
26.162,32.593884,2024-12-01,4.0
28.210667,34.978935,2024-12-02,4.0
22.212,28.474236,2024-12-03,4.0
28.909334,33.43856,2024-12-04,4.0
30.680082,34.311016,2024-12-05,4.0
32.878925,28.744347,2024-12-06,4.0
25.008,27.20565,2024-12-07,4.0
26.5028,27.856436,2024-12-08,4.0
35.384,27.286371,2024-12-09,4.0
17.096,26.635508,2024-12-10,4.0
31.128,30.001963,2024-12-11,4.0
29.216,31.598488,2024-12-12,4.0
17.3028,26.26711,2024-12-13,4.0
10.16,27.675737,2024-12-14,4.0
26.44,25.374409,2024-12-15,4.0
17.9028,26.875612,2024-12-16,4.0
18.464,23.29139,2024-12-17,4.0
24.568,30.292662,2024-12-18,4.0
25.832,27.19367,2024-12-19,4.0
32.311,29.2544,2024-12-20,4.0
23.228,23.124014,2024-12-21,4.0
18.176,26.742699,2024-12-22,4.0
31.254,25.215258,2024-12-23,4.0
31.088,27.072231,2024-12-24,4.0
31.032,30.918032,2024-12-25,4.0
33.888,32.645294,2024-12-26,4.0
19.768,27.824379,2024-12-27,4.0
30.16,24.898005,2024-12-28,4.0
33.528,26.544472,2024-12-29,4.0
31.576,25.513685,2024-12-30,4.0
32.336,29.630434,2024-12-31,4.0
37.432,38.653378,2025-01-01,4.0
32.912,33.562767,2025-01-02,4.0
31.472,32.961033,2025-01-03,4.0
25.648,27.428684,2025-01-04,4.0
25.032,27.641108,2025-01-05,4.0
27.896,28.238516,2025-01-06,4.0
30.312,28.522005,2025-01-07,4.0
26.08,28.472712,2025-01-08,4.0
28.96,29.910427,2025-01-09,4.0
29.56,31.461597,2025-01-10,4.0
33.888,26.168941,2025-01-11,4.0
25.32,27.738081,2025-01-12,4.0
19.428,30.770824,2025-01-13,4.0
29.848,30.666943,2025-01-14,4.0
19.911,32.776695,2025-01-15,4.0
16.848,29.285265,2025-01-16,4.0
19.632,27.488195,2025-01-17,4.0
16.8628,25.481558,2025-01-18,4.0
17.008,26.227652,2025-01-19,4.0
26.511,27.260153,2025-01-20,4.0
12.0,21.67673,2025-01-21,4.0
26.216,26.059011,2025-01-22,4.0
25.64,26.435705,2025-01-23,4.0
19.828,22.628878,2025-01-24,4.0
30.12,23.23457,2025-01-25,4.0
16.312,21.797361,2025-01-26,4.0
19.352,22.862494,2025-01-27,4.0
22.048,24.830282,2025-01-28,4.0
22.032,25.855879,2025-01-29,4.0
28.6628,24.606514,2025-01-30,4.0
29.528,26.551542,2025-01-31,4.0
25.428,23.848387,2025-02-01,4.0
25.856,26.592432,2025-02-02,4.0
17.008,25.212881,2025-02-03,4.0
13.28,25.282494,2025-02-04,4.0
29.16,26.509678,2025-02-05,4.0
24.936,27.012415,2025-02-06,4.0
44.0,24.57558,2025-02-07,4.0
30.288,24.632236,2025-02-08,4.0
38.048,24.537567,2025-02-09,4.0
29.11,28.452816,2025-02-10,4.0
35.176,28.660563,2025-02-11,4.0
32.592,31.715307,2025-02-12,4.0
33.768,30.586197,2025-02-13,4.0
28.16,33.28954,2025-02-14,4.0
28.511,28.175718,2025-02-15,4.0
48.288,28.667297,2025-02-16,4.0
47.311,29.925772,2025-02-17,4.0
44.2528,31.254688,2025-02-18,4.0
32.656,29.854961,2025-02-19,4.0
54.1428,38.488903,2025-02-20,4.0
53.112,37.863953,2025-02-21,4.0
43.776,32.973244,2025-02-22,4.0
51.376,35.472164,2025-02-23,4.0
52.28,41.51306,2025-02-24,4.0
55.072,46.5594,2025-02-25,4.0
49.504,51.6528,2025-02-26,4.0
39.428,53.895035,2025-02-27,4.0
72.72,51.230026,2025-02-28,4.0
69.624,49.402153,2025-03-01,4.0
60.76,46.157272,2025-03-02,4.0
61.648,52.842037,2025-03-03,4.0
79.192,57.632355,2025-03-04,4.0
66.2228,59.89137,2025-03-05,4.0
72.608,64.4267,2025-03-06,4.0
58.2,64.52233,2025-03-07,4.0
29.12,59.52938,2025-03-08,4.0
51.472,63.949368,2025-03-09,4.0
48.104,62.788185,2025-03-10,4.0
58.208,56.353497,2025-03-11,4.0
25.952,56.79026,2025-03-12,4.0
26.96,56.283978,2025-03-13,4.0
58.176,50.41342,2025-03-14,4.0
35.288,40.04553,2025-03-15,4.0
10.264,37.345676,2025-03-16,4.0
13.5428,41.817867,2025-03-17,4.0
11.24,40.797817,2025-03-18,4.0
13.92,39.007423,2025-03-19,4.0
12.624,36.15428,2025-03-20,4.0
14.2228,27.717188,2025-03-21,4.0
20.72,24.251928,2025-03-22,4.0
22.632,24.532845,2025-03-23,4.0
60.36,22.661432,2025-03-24,4.0
49.28,22.392973,2025-03-25,4.0
57.744,25.214329,2025-03-26,4.0
48.896,31.00388,2025-03-27,4.0
36.272,36.58542,2025-03-28,4.0
59.16,34.795128,2025-03-29,4.0
31.102,34.092937,2025-03-30,4.0
31.52,38.345978,2025-03-31,4.0
50.328,40.28664,2025-04-01,4.0
20.696,45.542587,2025-04-02,4.0
45.168,43.921364,2025-04-03,4.0
28.32,47.22827,2025-04-04,4.0
42.4,36.730774,2025-04-05,4.0
32.048,35.12471,2025-04-06,4.0
35.584,37.55887,2025-04-07,4.0
33.648,36.651855,2025-04-08,4.0
47.9428,34.043545,2025-04-09,4.0
54.136,39.462685,2025-04-10,4.0
52.616,34.59336,2025-04-11,4.0
37.368,37.943146,2025-04-12,4.0
47.8628,36.733074,2025-04-13,4.0
38.2628,42.537285,2025-04-14,4.0
36.552,43.871483,2025-04-15,4.0
30.76,44.40001,2025-04-16,4.0
14.208,44.222416,2025-04-17,4.0
10.3828,37.951744,2025-04-18,4.0
10.208,28.840649,2025-04-19,4.0
9.1028,28.669512,2025-04-20,4.0
8.928,24.380081,2025-04-21,4.0
9.832,25.097055,2025-04-22,4.0
10.808,26.357819,2025-04-23,4.0
32.024,23.181562,2025-04-24,4.0
8.3828,17.929804,2025-04-25,4.0
16.68,14.13932,2025-04-26,4.0
7.96,15.720754,2025-04-27,4.0
8.52,13.628511,2025-04-28,4.0
9.744,16.1027,2025-04-29,4.0
13.512,14.328913,2025-04-30,4.0
10.816,14.657344,2025-05-01,4.0
9.192,11.105169,2025-05-02,4.0
9.68,11.628145,2025-05-03,4.0
9.368,9.001299,2025-05-04,4.0
9.488,8.042115,2025-05-05,4.0
10.296,8.394623,2025-05-06,4.0
8.8228,9.237072,2025-05-07,4.0
12.11,10.693395,2025-05-08,4.0
10.68,9.008894,2025-05-09,4.0
10.832,9.383542,2025-05-10,4.0
10.9428,8.624943,2025-05-11,4.0
10.104,8.5029955,2025-05-12,4.0
9.5828,8.21856,2025-05-13,4.0
8.36,9.3153,2025-05-14,4.0
14.496,9.2136,2025-05-15,4.0
8.48,9.17321,2025-05-16,4.0
8.9028,8.63319,2025-05-17,4.0
10.8,8.440746,2025-05-18,4.0
10.256,8.738607,2025-05-19,4.0
9.992,7.04774,2025-05-20,4.0
10.976,11.036451,2025-05-21,4.0
14.3828,10.770685,2025-05-22,4.0
13.168,9.433051,2025-05-23,4.0
11.92,8.239712,2025-05-24,4.0
12.336,9.137744,2025-05-25,4.0
13.856,10.320396,2025-05-26,4.0
14.56,9.928518,2025-05-27,4.0
9.428,12.136014,2025-05-28,4.0
22.352,11.681534,2025-05-29,4.0
16.6,10.9381485,2025-05-30,4.0
23.536,9.947014,2025-05-31,4.0
18.92,9.696484,2025-06-01,4.0
20.7028,9.675725,2025-06-02,4.0
19.76,12.761527,2025-06-03,4.0
22.736,16.432205,2025-06-04,4.0
31.32,16.5636,2025-06-05,4.0
28.008,13.968343,2025-06-06,4.0
19.736,15.415919,2025-06-07,4.0
25.672,16.333534,2025-06-08,4.0
22.992,19.829067,2025-06-09,4.0
22.3828,17.05612,2025-06-10,4.0
28.232,24.454905,2025-06-11,4.0
32.528,26.609873,2025-06-12,4.0
23.192,24.072824,2025-06-13,4.0
24.608,19.540249,2025-06-14,4.0
22.0,20.455584,2025-06-15,4.0
24.0,18.888845,2025-06-16,4.0
6.2,7.497256,2024-09-18,5.0
8.28,6.953738,2024-09-19,5.0
5.66,6.7083597,2024-09-20,5.0
7.98,7.002035,2024-09-21,5.0
8.808,7.801813,2024-09-22,5.0
5.628,7.5552855,2024-09-23,5.0
0.0,7.579954,2024-09-24,5.0
0.0,7.811592,2024-09-25,5.0
0.0,7.4074144,2024-09-26,5.0
4.72,6.735268,2024-09-27,5.0
12.68,5.612446,2024-09-28,5.0
5.1828,5.5474896,2024-09-29,5.0
2.96,6.4088764,2024-09-30,5.0
14.376,6.9043355,2024-10-01,5.0
10.132,6.577675,2024-10-02,5.0
13.66,7.9269943,2024-10-03,5.0
10.06,7.002801,2024-10-04,5.0
0.02,7.462969,2024-10-05,5.0
0.0,9.9012375,2024-10-06,5.0
0.06,8.862946,2024-10-07,5.0
0.068,8.268461,2024-10-08,5.0
0.0,7.8336687,2024-10-09,5.0
0.0,7.8214645,2024-10-10,5.0
0.032,6.5130844,2024-10-11,5.0
0.032,5.9346156,2024-10-12,5.0
0.28,5.6823673,2024-10-13,5.0
0.0,5.264263,2024-10-14,5.0
3.016,5.316444,2024-10-15,5.0
16.24,4.906422,2024-10-16,5.0
16.28,4.7695274,2024-10-17,5.0
16.28,5.9002275,2024-10-18,5.0
2.56,7.347902,2024-10-19,5.0
2.1828,9.214474,2024-10-20,5.0
4.328,8.6987,2024-10-21,5.0
1.088,7.284876,2024-10-22,5.0
0.0,7.143831,2024-10-23,5.0
3.232,7.411792,2024-10-24,5.0
2.3,7.18392,2024-10-25,5.0
11.452,6.480069,2024-10-26,5.0
0.976,6.769495,2024-10-27,5.0
1.84,6.5647116,2024-10-28,5.0
1.384,6.811664,2024-10-29,5.0
1.128,6.4854393,2024-10-30,5.0
2.911,5.2120075,2024-10-31,5.0
1.688,5.6808724,2024-11-01,5.0
1.84,5.770828,2024-11-02,5.0
0.14,5.2128086,2024-11-03,5.0
0.128,5.670108,2024-11-04,5.0
0.14,4.948868,2024-11-05,5.0
0.528,5.563187,2024-11-06,5.0
0.128,4.9226933,2024-11-07,5.0
0.1828,4.190282,2024-11-08,5.0
0.136,4.1698203,2024-11-09,5.0
14.52,3.6442137,2024-11-10,5.0
2.12,4.2143908,2024-11-11,5.0
2.12,5.2219186,2024-11-12,5.0
2.092,6.673218,2024-11-13,5.0
0.811,6.476593,2024-11-14,5.0
0.136,5.8554645,2024-11-15,5.0
0.744,5.2117233,2024-11-16,5.0
0.148,6.0318403,2024-11-17,5.0
0.12,5.054537,2024-11-18,5.0
0.732,4.8164825,2024-11-19,5.0
1.496,4.7692785,2024-11-20,5.0
1.052,4.2786207,2024-11-21,5.0
16.76853,5.116442,2024-11-22,5.0
17.225039,3.8931932,2024-11-23,5.0
19.852396,6.099221,2024-11-24,5.0
19.892107,9.213141,2024-11-25,5.0
18.913795,9.291775,2024-11-26,5.0
20.778698,13.980208,2024-11-27,5.0
19.173038,13.92575,2024-11-28,5.0
16.353529,12.088699,2024-11-29,5.0
27.1012,12.1055355,2024-11-30,5.0
12.528,16.401499,2024-12-01,5.0
26.192,19.218,2024-12-02,5.0
17.76,16.780764,2024-12-03,5.0
21.708,18.525934,2024-12-04,5.0
28.94,20.790447,2024-12-05,5.0
25.428,16.431953,2024-12-06,5.0
22.14,18.730692,2024-12-07,5.0
11.988,20.03377,2024-12-08,5.0
20.7828,19.577269,2024-12-09,5.0
24.088,16.838144,2024-12-10,5.0
9.832,20.040539,2024-12-11,5.0
11.688,20.483078,2024-12-12,5.0
32.792,17.220444,2024-12-13,5.0
31.488,16.631823,2024-12-14,5.0
25.808,19.077158,2024-12-15,5.0
9.992,27.602594,2024-12-16,5.0
29.828,23.867552,2024-12-17,5.0
19.072,23.068052,2024-12-18,5.0
26.148,22.991346,2024-12-19,5.0
22.2,23.36002,2024-12-20,5.0
32.868,16.13071,2024-12-21,5.0
29.492,26.68822,2024-12-22,5.0
29.88,23.515766,2024-12-23,5.0
26.66,26.628551,2024-12-24,5.0
30.688,27.998281,2024-12-25,5.0
12.4228,29.733932,2024-12-26,5.0
16.64,21.406689,2024-12-27,5.0
17.64,20.77052,2024-12-28,5.0
10.868,18.572054,2024-12-29,5.0
22.28,21.442911,2024-12-30,5.0
13.172,20.426693,2024-12-31,5.0
20.708,25.031406,2025-01-01,5.0
11.28,22.536522,2025-01-02,5.0
8.508,22.04163,2025-01-03,5.0
24.8,16.5638,2025-01-04,5.0
17.092,16.72991,2025-01-05,5.0
45.74,15.648209,2025-01-06,5.0
35.22,15.881867,2025-01-07,5.0
20.528,18.619371,2025-01-08,5.0
13.78,21.458317,2025-01-09,5.0
10.052,23.612524,2025-01-10,5.0
12.388,20.106127,2025-01-11,5.0
13.812,19.052832,2025-01-12,5.0
20.128,20.14206,2025-01-13,5.0
5.06,17.101435,2025-01-14,5.0
31.38,24.004164,2025-01-15,5.0
26.568,19.792526,2025-01-16,5.0
10.64,19.68158,2025-01-17,5.0
20.112,21.418299,2025-01-18,5.0
19.711,22.412846,2025-01-19,5.0
23.11,19.908293,2025-01-20,5.0
17.92,15.994314,2025-01-21,5.0
20.376,20.010895,2025-01-22,5.0
6.5028,19.331049,2025-01-23,5.0
22.696,19.022669,2025-01-24,5.0
16.472,20.107635,2025-01-25,5.0
22.56,18.525747,2025-01-26,5.0
21.86,19.8218,2025-01-27,5.0
22.452,20.33091,2025-01-28,5.0
28.388,21.130892,2025-01-29,5.0
4.32,20.309237,2025-01-30,5.0
1.811,22.225164,2025-01-31,5.0
12.088,16.434313,2025-02-01,5.0
20.1,17.091463,2025-02-02,5.0
21.16,13.997886,2025-02-03,5.0
22.508,16.102919,2025-02-04,5.0
14.0228,18.258303,2025-02-05,5.0
6.736,19.429811,2025-02-06,5.0
11.852,19.066671,2025-02-07,5.0
11.68,14.957052,2025-02-08,5.0
7.58,12.782399,2025-02-09,5.0
13.5,14.301564,2025-02-10,5.0
14.68,13.907552,2025-02-11,5.0
19.748,13.103538,2025-02-12,5.0
1.5428,14.191066,2025-02-13,5.0
10.468,13.172043,2025-02-14,5.0
10.732,11.585094,2025-02-15,5.0
10.648,11.151095,2025-02-16,5.0
14.672,12.080252,2025-02-17,5.0
10.616,11.657692,2025-02-18,5.0
10.428,11.122215,2025-02-19,5.0
7.711,12.40634,2025-02-20,5.0
12.888,11.730373,2025-02-21,5.0
11.8628,10.757635,2025-02-22,5.0
21.528,11.633373,2025-02-23,5.0
11.96,11.452408,2025-02-24,5.0
16.38,13.222561,2025-02-25,5.0
12.48,15.195848,2025-02-26,5.0
1.38,15.116121,2025-02-27,5.0
0.56,13.931749,2025-02-28,5.0
18.7,12.542703,2025-03-01,5.0
27.48,8.855817,2025-03-02,5.0
12.292,9.847521,2025-03-03,5.0
9.968,14.258164,2025-03-04,5.0
5.028,13.368899,2025-03-05,5.0
1.088,12.308308,2025-03-06,5.0
1.08,13.312871,2025-03-07,5.0
14.428,10.626803,2025-03-08,5.0
13.0,10.276951,2025-03-09,5.0
5.632,11.531981,2025-03-10,5.0
8.688,11.558195,2025-03-11,5.0
10.1428,10.575232,2025-03-12,5.0
14.688,8.689466,2025-03-13,5.0
1.992,11.413499,2025-03-14,5.0
2.08,9.462337,2025-03-15,5.0
12.64,9.311499,2025-03-16,5.0
2.812,8.23406,2025-03-17,5.0
1.254,7.9215326,2025-03-18,5.0
2.148,9.927549,2025-03-19,5.0
10.668,8.10863,2025-03-20,5.0
10.904,7.430968,2025-03-21,5.0
11.536,8.952575,2025-03-22,5.0
2.9028,8.542054,2025-03-23,5.0
1.176,9.40304,2025-03-24,5.0
1.112,9.815852,2025-03-25,5.0
1.112,9.872956,2025-03-26,5.0
8.568,8.059457,2025-03-27,5.0
8.488,6.7173944,2025-03-28,5.0
9.12,8.3096485,2025-03-29,5.0
1.412,7.25852,2025-03-30,5.0
2.148,7.593077,2025-03-31,5.0
8.1828,6.94521,2025-04-01,5.0
8.6,6.6583185,2025-04-02,5.0
3.228,6.5962543,2025-04-03,5.0
9.628,7.2558346,2025-04-04,5.0
4.48,7.585197,2025-04-05,5.0
6.46,7.2835875,2025-04-06,5.0
3.528,8.291691,2025-04-07,5.0
3.268,7.4101925,2025-04-08,5.0
9.184,7.4794683,2025-04-09,5.0
3.896,7.6927967,2025-04-10,5.0
8.412,7.058556,2025-04-11,5.0
7.68,7.3627825,2025-04-12,5.0
7.411,7.7393513,2025-04-13,5.0
13.456,8.395896,2025-04-14,5.0
10.272,7.9557085,2025-04-15,5.0
9.92,8.733712,2025-04-16,5.0
14.632,10.151274,2025-04-17,5.0
7.468,9.612061,2025-04-18,5.0
4.228,8.762541,2025-04-19,5.0
3.572,10.650635,2025-04-20,5.0
12.456,8.544145,2025-04-21,5.0
13.192,7.963192,2025-04-22,5.0
13.112,9.441872,2025-04-23,5.0
4.128,10.657013,2025-04-24,5.0
1.888,11.004496,2025-04-25,5.0
13.56,10.461137,2025-04-26,5.0
6.832,9.454706,2025-04-27,5.0
19.86,8.341452,2025-04-28,5.0
1.64,10.035664,2025-04-29,5.0
1.492,11.892759,2025-04-30,5.0
1.28,13.477224,2025-05-01,5.0
1.28,8.711358,2025-05-02,5.0
3.228,6.9380207,2025-05-03,5.0
10.02,6.3489375,2025-05-04,5.0
6.9,5.555125,2025-05-05,5.0
10.258,6.1561756,2025-05-06,5.0
20.6,7.943507,2025-05-07,5.0
10.8628,7.5260754,2025-05-08,5.0
2.256,8.741899,2025-05-09,5.0
17.692,10.212103,2025-05-10,5.0
13.92,8.989224,2025-05-11,5.0
13.828,8.635687,2025-05-12,5.0
8.492,9.927535,2025-05-13,5.0
13.58,10.266941,2025-05-14,5.0
5.711,10.38347,2025-05-15,5.0
10.656,11.898576,2025-05-16,5.0
7.032,10.385841,2025-05-17,5.0
1.528,9.447231,2025-05-18,5.0
2.12,10.727643,2025-05-19,5.0
10.652,7.9798174,2025-05-20,5.0
8.768,8.775944,2025-05-21,5.0
6.26,8.335489,2025-05-22,5.0
10.211,9.538328,2025-05-23,5.0
3.16,7.3876553,2025-05-24,5.0
10.2,8.159009,2025-05-25,5.0
9.008,8.23501,2025-05-26,5.0
10.432,7.6149864,2025-05-27,5.0
8.496,8.960817,2025-05-28,5.0
7.132,8.996021,2025-05-29,5.0
1.588,9.212621,2025-05-30,5.0
1.972,8.236602,2025-05-31,5.0
7.82,7.3745956,2025-06-01,5.0
11.911,6.2770886,2025-06-02,5.0
5.208,7.1314054,2025-06-03,5.0
1.688,8.155703,2025-06-04,5.0
2.2628,8.107801,2025-06-05,5.0
10.908,7.2695227,2025-06-06,5.0
2.628,6.704286,2025-06-07,5.0
12.392,6.6676507,2025-06-08,5.0
9.128,6.837664,2025-06-09,5.0
7.752,6.3873644,2025-06-10,5.0
10.208,10.718864,2025-06-11,5.0
12.028,9.312883,2025-06-12,5.0
4.392,9.250668,2025-06-13,5.0
6.56,8.272357,2025-06-14,5.0
8.648,8.841423,2025-06-15,5.0
8.0,7.5210257,2025-06-16,5.0
2.932,6.9070673,2024-09-18,6.0
4.748,6.268083,2024-09-19,6.0
6.34,6.148335,2024-09-20,6.0
7.22,6.3310575,2024-09-21,6.0
3.5,7.3608785,2024-09-22,6.0
2.248,7.6525245,2024-09-23,6.0
2.392,7.3977284,2024-09-24,6.0
3.288,7.104816,2024-09-25,6.0
5.092,7.0900984,2024-09-26,6.0
5.532,7.283716,2024-09-27,6.0
5.128,7.115834,2024-09-28,6.0
3.92,7.5901556,2024-09-29,6.0
1.728,7.5769415,2024-09-30,6.0
1.452,7.415031,2024-10-01,6.0
0.72,8.005733,2024-10-02,6.0
0.46,7.896502,2024-10-03,6.0
0.26,6.9002733,2024-10-04,6.0
1.0,6.251485,2024-10-05,6.0
1.08,6.458377,2024-10-06,6.0
5.25,6.044783,2024-10-07,6.0
8.32,6.635147,2024-10-08,6.0
5.028,7.2778068,2024-10-09,6.0
6.472,8.591574,2024-10-10,6.0
33.248,8.346519,2024-10-11,6.0
35.56,8.290297,2024-10-12,6.0
39.952,12.876125,2024-10-13,6.0
19.056,20.60341,2024-10-14,6.0
35.24,23.385088,2024-10-15,6.0
27.32,22.684368,2024-10-16,6.0
30.752,22.619034,2024-10-17,6.0
13.58,25.371107,2024-10-18,6.0
32.68,23.045938,2024-10-19,6.0
24.748,26.710432,2024-10-20,6.0
10.48,25.318712,2024-10-21,6.0
14.2528,27.607573,2024-10-22,6.0
29.696,21.890789,2024-10-23,6.0
35.112,23.082565,2024-10-24,6.0
32.528,22.221022,2024-10-25,6.0
27.064,24.851652,2024-10-26,6.0
28.736,25.428732,2024-10-27,6.0
26.332,27.123087,2024-10-28,6.0
23.52,24.33996,2024-10-29,6.0
10.892,23.552227,2024-10-30,6.0
28.776,23.82126,2024-10-31,6.0
28.1428,21.66154,2024-11-01,6.0
32.12,23.523241,2024-11-02,6.0
25.308,25.347347,2024-11-03,6.0
42.12,26.932402,2024-11-04,6.0
38.68,26.668203,2024-11-05,6.0
29.148,27.01792,2024-11-06,6.0
37.64,29.857386,2024-11-07,6.0
50.32,26.62495,2024-11-08,6.0
48.36,28.227617,2024-11-09,6.0
38.664,32.941505,2024-11-10,6.0
48.12,36.398872,2024-11-11,6.0
28.88,32.002865,2024-11-12,6.0
47.8,34.94902,2024-11-13,6.0
43.36,34.24068,2024-11-14,6.0
36.388,30.0118,2024-11-15,6.0
52.172,32.0574,2024-11-16,6.0
36.968,35.579834,2024-11-17,6.0
42.832,33.52832,2024-11-18,6.0
46.6,33.331154,2024-11-19,6.0
41.24,37.325478,2024-11-20,6.0
28.056,31.761885,2024-11-21,6.0
28.256,38.70573,2024-11-22,6.0
44.217335,32.721523,2024-11-23,6.0
36.646667,30.014002,2024-11-24,6.0
44.357334,35.25282,2024-11-25,6.0
42.053333,31.294647,2024-11-26,6.0
39.396,33.177406,2024-11-27,6.0
37.458,38.331604,2024-11-28,6.0
41.777,31.573265,2024-11-29,6.0
41.2,27.217402,2024-11-30,6.0
56.868,30.813614,2024-12-01,6.0
51.512,34.33553,2024-12-02,6.0
60.62,32.932858,2024-12-03,6.0
52.96,40.579887,2024-12-04,6.0
51.428,40.77777,2024-12-05,6.0
54.532,35.562653,2024-12-06,6.0
47.92,37.091774,2024-12-07,6.0
28.228,38.480145,2024-12-08,6.0
41.0228,36.0776,2024-12-09,6.0
53.188,38.839417,2024-12-10,6.0
48.108,38.955597,2024-12-11,6.0
48.08,41.982094,2024-12-12,6.0
38.292,38.431816,2024-12-13,6.0
41.7,36.081207,2024-12-14,6.0
46.928,36.079067,2024-12-15,6.0
54.664,39.072372,2024-12-16,6.0
39.808,36.63807,2024-12-17,6.0
49.808,40.161804,2024-12-18,6.0
48.292,42.080616,2024-12-19,6.0
55.532,37.696808,2024-12-20,6.0
63.208,32.470203,2024-12-21,6.0
49.26,40.474873,2024-12-22,6.0
45.188,42.547928,2024-12-23,6.0
52.112,47.968033,2024-12-24,6.0
59.7,47.794537,2024-12-25,6.0
57.452,41.78559,2024-12-26,6.0
55.11,36.147774,2024-12-27,6.0
60.64,36.901695,2024-12-28,6.0
50.816,40.529037,2024-12-29,6.0
56.711,43.957962,2024-12-30,6.0
54.68,46.37758,2024-12-31,6.0
59.048,49.142677,2025-01-01,6.0
57.0,42.965683,2025-01-02,6.0
50.92,46.816868,2025-01-03,6.0
51.272,45.26637,2025-01-04,6.0
62.74,47.318535,2025-01-05,6.0
67.26,48.44194,2025-01-06,6.0
62.74,48.220436,2025-01-07,6.0
68.1,50.64952,2025-01-08,6.0
53.792,52.33549,2025-01-09,6.0
70.668,53.20398,2025-01-10,6.0
71.3,49.091057,2025-01-11,6.0
68.392,50.579628,2025-01-12,6.0
57.008,55.713547,2025-01-13,6.0
31.82,56.79975,2025-01-14,6.0
70.62,57.257874,2025-01-15,6.0
56.14,52.80503,2025-01-16,6.0
49.2,47.27934,2025-01-17,6.0
53.108,49.10029,2025-01-18,6.0
45.032,51.640327,2025-01-19,6.0
44.792,53.818623,2025-01-20,6.0
54.776,46.59115,2025-01-21,6.0
52.424,49.0458,2025-01-22,6.0
44.248,41.97793,2025-01-23,6.0
43.12,49.647705,2025-01-24,6.0
43.58,45.70647,2025-01-25,6.0
48.62,43.15423,2025-01-26,6.0
36.552,43.92216,2025-01-27,6.0
48.668,43.72709,2025-01-28,6.0
28.052,44.62885,2025-01-29,6.0
33.376,41.066414,2025-01-30,6.0
25.5828,41.24308,2025-01-31,6.0
38.6,33.46307,2025-02-01,6.0
42.508,36.11997,2025-02-02,6.0
51.268,32.236553,2025-02-03,6.0
61.9428,34.631996,2025-02-04,6.0
43.568,34.76274,2025-02-05,6.0
62.848,41.208355,2025-02-06,6.0
35.228,38.37198,2025-02-07,6.0
44.1428,41.843872,2025-02-08,6.0
65.24,40.61525,2025-02-09,6.0
48.068,40.64467,2025-02-10,6.0
51.58,42.957092,2025-02-11,6.0
33.048,45.83189,2025-02-12,6.0
45.312,43.447403,2025-02-13,6.0
57.028,38.642162,2025-02-14,6.0
48.911,40.882275,2025-02-15,6.0
47.456,37.999714,2025-02-16,6.0
50.711,44.585125,2025-02-17,6.0
42.608,45.390133,2025-02-18,6.0
48.352,39.96053,2025-02-19,6.0
45.832,44.597183,2025-02-20,6.0
65.736,39.546833,2025-02-21,6.0
63.252,38.344467,2025-02-22,6.0
66.28,40.760605,2025-02-23,6.0
48.788,46.826897,2025-02-24,6.0
52.052,50.754826,2025-02-25,6.0
51.268,52.540432,2025-02-26,6.0
46.792,50.585777,2025-02-27,6.0
11.112,48.460724,2025-02-28,6.0
61.988,44.86158,2025-03-01,6.0
52.668,37.533253,2025-03-02,6.0
54.212,34.24487,2025-03-03,6.0
11.628,40.49644,2025-03-04,6.0
52.72,40.571503,2025-03-05,6.0
28.352,39.722942,2025-03-06,6.0
35.6,35.441032,2025-03-07,6.0
56.992,36.55175,2025-03-08,6.0
16.296,32.974842,2025-03-09,6.0
41.8628,42.491264,2025-03-10,6.0
35.888,39.50141,2025-03-11,6.0
27.22,34.772606,2025-03-12,6.0
12.68,28.539766,2025-03-13,6.0
24.14,32.235096,2025-03-14,6.0
47.58,27.146463,2025-03-15,6.0
20.708,26.56867,2025-03-16,6.0
13.8228,29.733528,2025-03-17,6.0
35.56,24.83243,2025-03-18,6.0
41.568,29.720125,2025-03-19,6.0
25.26,28.683996,2025-03-20,6.0
12.98,27.865276,2025-03-21,6.0
43.712,26.503622,2025-03-22,6.0
53.96,24.930784,2025-03-23,6.0
29.6,27.00185,2025-03-24,6.0
21.28,27.663794,2025-03-25,6.0
26.28,30.66432,2025-03-26,6.0
53.808,31.237108,2025-03-27,6.0
22.96,30.695591,2025-03-28,6.0
57.56,29.589514,2025-03-29,6.0
35.928,28.749214,2025-03-30,6.0
53.9,29.893707,2025-03-31,6.0
10.86,33.195213,2025-04-01,6.0
27.732,31.512238,2025-04-02,6.0
43.2,30.17799,2025-04-03,6.0
50.308,27.061209,2025-04-04,6.0
19.94,30.138979,2025-04-05,6.0
48.16,29.378132,2025-04-06,6.0
22.64,31.054363,2025-04-07,6.0
22.26,27.940409,2025-04-08,6.0
42.188,31.646887,2025-04-09,6.0
45.2,25.530891,2025-04-10,6.0
14.102,26.967764,2025-04-11,6.0
39.528,30.20355,2025-04-12,6.0
45.5428,30.097517,2025-04-13,6.0
38.24,27.171173,2025-04-14,6.0
37.456,31.09519,2025-04-15,6.0
32.464,29.300386,2025-04-16,6.0
44.968,29.560879,2025-04-17,6.0
31.58,28.460428,2025-04-18,6.0
31.88,27.12591,2025-04-19,6.0
32.732,28.525896,2025-04-20,6.0
16.96,29.154327,2025-04-21,6.0
27.028,29.61046,2025-04-22,6.0
48.808,28.97211,2025-04-23,6.0
17.992,27.234964,2025-04-24,6.0
16.576,28.203808,2025-04-25,6.0
42.552,29.373894,2025-04-26,6.0
41.62,26.816675,2025-04-27,6.0
45.64,25.655937,2025-04-28,6.0
55.852,33.110046,2025-04-29,6.0
39.48,33.424885,2025-04-30,6.0
55.428,37.927895,2025-05-01,6.0
44.14,39.31005,2025-05-02,6.0
24.648,32.002445,2025-05-03,6.0
38.428,36.36661,2025-05-04,6.0
49.72,33.228447,2025-05-05,6.0
50.832,30.104235,2025-05-06,6.0
48.352,32.232185,2025-05-07,6.0
43.488,38.253067,2025-05-08,6.0
43.952,31.970444,2025-05-09,6.0
46.36,34.999245,2025-05-10,6.0
48.856,39.858925,2025-05-11,6.0
51.12,36.79201,2025-05-12,6.0
32.892,36.542046,2025-05-13,6.0
37.46,41.414448,2025-05-14,6.0
35.028,40.20135,2025-05-15,6.0
27.032,32.68184,2025-05-16,6.0
27.028,29.647905,2025-05-17,6.0
28.64,31.0779,2025-05-18,6.0
32.576,30.145815,2025-05-19,6.0
42.372,24.79509,2025-05-20,6.0
44.3,30.054949,2025-05-21,6.0
26.848,26.404644,2025-05-22,6.0
37.172,27.788078,2025-05-23,6.0
30.868,26.446043,2025-05-24,6.0
37.028,28.171259,2025-05-25,6.0
30.1428,28.66636,2025-05-26,6.0
38.136,25.526516,2025-05-27,6.0
43.211,27.53654,2025-05-28,6.0
42.028,27.925901,2025-05-29,6.0
38.56,31.011963,2025-05-30,6.0
27.58,29.190691,2025-05-31,6.0
19.392,34.054054,2025-06-01,6.0
29.08,27.42192,2025-06-02,6.0
25.288,25.053606,2025-06-03,6.0
38.18,24.026472,2025-06-04,6.0
52.34,24.74306,2025-06-05,6.0
43.568,23.710228,2025-06-06,6.0
31.412,27.375282,2025-06-07,6.0
32.308,30.77535,2025-06-08,6.0
46.732,27.920637,2025-06-09,6.0
32.1,22.474817,2025-06-10,6.0
39.82,30.898197,2025-06-11,6.0
39.32,29.743038,2025-06-12,6.0
24.892,27.295599,2025-06-13,6.0
18.296,27.936007,2025-06-14,6.0
29.224,28.936419,2025-06-15,6.0
30.0,24.724615,2025-06-16,6.0
26.268,24.104586,2024-09-18,7.0
27.532,22.235825,2024-09-19,7.0
25.172,21.003931,2024-09-20,7.0
25.28,21.747087,2024-09-21,7.0
21.888,25.279024,2024-09-22,7.0
19.58,23.468105,2024-09-23,7.0
21.38,24.89545,2024-09-24,7.0
20.608,24.933512,2024-09-25,7.0
41.36,23.38236,2024-09-26,7.0
36.832,23.901178,2024-09-27,7.0
32.168,22.744406,2024-09-28,7.0
32.624,29.419792,2024-09-29,7.0
31.96,28.478119,2024-09-30,7.0
36.028,27.181189,2024-10-01,7.0
25.068,30.207567,2024-10-02,7.0
36.528,32.90071,2024-10-03,7.0
25.488,29.824818,2024-10-04,7.0
25.932,26.684298,2024-10-05,7.0
33.932,31.696264,2024-10-06,7.0
33.028,30.07721,2024-10-07,7.0
41.72,28.433153,2024-10-08,7.0
38.12,30.232323,2024-10-09,7.0
30.88,32.106663,2024-10-10,7.0
23.08,28.890234,2024-10-11,7.0
30.092,28.434057,2024-10-12,7.0
25.788,28.79929,2024-10-13,7.0
30.788,29.409597,2024-10-14,7.0
28.532,29.058956,2024-10-15,7.0
35.708,26.368876,2024-10-16,7.0
28.112,29.422468,2024-10-17,7.0
33.34,30.508905,2024-10-18,7.0
23.732,28.403654,2024-10-19,7.0
20.048,28.084394,2024-10-20,7.0
27.032,31.059599,2024-10-21,7.0
27.028,25.972918,2024-10-22,7.0
22.572,25.087873,2024-10-23,7.0
36.8,27.592878,2024-10-24,7.0
31.12,27.606665,2024-10-25,7.0
27.628,24.157297,2024-10-26,7.0
25.25,30.231354,2024-10-27,7.0
32.752,27.953241,2024-10-28,7.0
24.768,22.670143,2024-10-29,7.0
25.828,27.326141,2024-10-30,7.0
29.208,29.327082,2024-10-31,7.0
21.88,23.909182,2024-11-01,7.0
29.932,26.327682,2024-11-02,7.0
25.788,26.498348,2024-11-03,7.0
27.172,29.309055,2024-11-04,7.0
20.428,28.01385,2024-11-05,7.0
31.052,29.756124,2024-11-06,7.0
32.8,28.368784,2024-11-07,7.0
21.092,25.443182,2024-11-08,7.0
25.72,26.519365,2024-11-09,7.0
23.336,27.87398,2024-11-10,7.0
50.064,28.472603,2024-11-11,7.0
43.848,24.986763,2024-11-12,7.0
37.168,28.612337,2024-11-13,7.0
29.104,32.122086,2024-11-14,7.0
26.736,32.846172,2024-11-15,7.0
37.48,30.103973,2024-11-16,7.0
36.08,30.34001,2024-11-17,7.0
31.652,29.82201,2024-11-18,7.0
32.728,27.305113,2024-11-19,7.0
25.0,38.384113,2024-11-20,7.0
35.68,33.370438,2024-11-21,7.0
25.952,32.580147,2024-11-22,7.0
25.0428,28.145704,2024-11-23,7.0
28.281334,28.185678,2024-11-24,7.0
36.296,29.493748,2024-11-25,7.0
32.338665,27.184483,2024-11-26,7.0
25.073334,29.52627,2024-11-27,7.0
31.698,35.29289,2024-11-28,7.0
26.165,27.19442,2024-11-29,7.0
28.8668,25.892008,2024-11-30,7.0
38.1,28.970377,2024-12-01,7.0
32.848,31.48994,2024-12-02,7.0
38.12,26.43429,2024-12-03,7.0
35.552,32.94407,2024-12-04,7.0
50.048,33.90776,2024-12-05,7.0
29.6228,27.31336,2024-12-06,7.0
38.908,28.531181,2024-12-07,7.0
33.772,30.287645,2024-12-08,7.0
35.216,27.551702,2024-12-09,7.0
25.12,31.789509,2024-12-10,7.0
39.9428,35.306103,2024-12-11,7.0
26.92,34.38867,2024-12-12,7.0
41.228,28.218508,2024-12-13,7.0
30.26,34.332165,2024-12-14,7.0
44.78,27.913202,2024-12-15,7.0
25.8,39.469086,2024-12-16,7.0
41.72,35.822437,2024-12-17,7.0
48.868,39.327164,2024-12-18,7.0
41.612,35.406105,2024-12-19,7.0
42.72,40.443386,2024-12-20,7.0
39.211,30.292515,2024-12-21,7.0
39.888,41.26744,2024-12-22,7.0
42.028,38.23435,2024-12-23,7.0
44.688,43.415905,2024-12-24,7.0
50.792,43.979652,2024-12-25,7.0
38.632,43.181534,2024-12-26,7.0
41.688,34.89312,2024-12-27,7.0
33.68,32.14581,2024-12-28,7.0
39.76,33.711147,2024-12-29,7.0
28.448,34.255127,2024-12-30,7.0
43.812,37.87208,2024-12-31,7.0
37.34,44.977715,2025-01-01,7.0
41.02,36.74924,2025-01-02,7.0
39.411,41.334213,2025-01-03,7.0
47.808,34.80454,2025-01-04,7.0
28.88,39.153976,2025-01-05,7.0
43.8,38.505196,2025-01-06,7.0
31.048,40.004105,2025-01-07,7.0
39.6,35.15326,2025-01-08,7.0
47.392,38.74269,2025-01-09,7.0
28.192,37.33632,2025-01-10,7.0
41.12,35.60798,2025-01-11,7.0
28.812,37.592613,2025-01-12,7.0
37.592,36.983604,2025-01-13,7.0
25.36,35.14006,2025-01-14,7.0
30.52,40.523045,2025-01-15,7.0
50.64,33.88848,2025-01-16,7.0
47.2,30.625706,2025-01-17,7.0
50.5,33.631573,2025-01-18,7.0
41.932,36.20053,2025-01-19,7.0
27.336,43.52842,2025-01-20,7.0
39.624,34.79574,2025-01-21,7.0
41.568,43.484505,2025-01-22,7.0
35.808,37.919025,2025-01-23,7.0
25.2,35.05214,2025-01-24,7.0
39.372,39.373714,2025-01-25,7.0
27.8,35.58594,2025-01-26,7.0
25.372,35.860626,2025-01-27,7.0
25.288,38.932903,2025-01-28,7.0
37.528,35.615788,2025-01-29,7.0
32.6228,32.925026,2025-01-30,7.0
38.176,33.677338,2025-01-31,7.0
31.11,30.326452,2025-02-01,7.0
35.792,33.32435,2025-02-02,7.0
38.62,31.279795,2025-02-03,7.0
31.62,32.17195,2025-02-04,7.0
32.1,34.791023,2025-02-05,7.0
42.548,37.656776,2025-02-06,7.0
31.532,35.5494,2025-02-07,7.0
37.332,35.59381,2025-02-08,7.0
33.856,35.407887,2025-02-09,7.0
32.772,32.70435,2025-02-10,7.0
28.84,35.17225,2025-02-11,7.0
33.332,37.416325,2025-02-12,7.0
25.428,34.35673,2025-02-13,7.0
42.848,32.171833,2025-02-14,7.0
33.64,33.987896,2025-02-15,7.0
36.848,31.567936,2025-02-16,7.0
31.711,35.7501,2025-02-17,7.0
25.24,33.17457,2025-02-18,7.0
18.272,29.983656,2025-02-19,7.0
44.0,34.27916,2025-02-20,7.0
29.856,29.828802,2025-02-21,7.0
39.992,27.156528,2025-02-22,7.0
32.888,30.738745,2025-02-23,7.0
30.016,29.421537,2025-02-24,7.0
45.368,33.735893,2025-02-25,7.0
25.568,34.413635,2025-02-26,7.0
28.848,34.379913,2025-02-27,7.0
14.08,32.3485,2025-02-28,7.0
31.936,32.98433,2025-03-01,7.0
35.648,26.951956,2025-03-02,7.0
28.592,25.784117,2025-03-03,7.0
33.368,28.604986,2025-03-04,7.0
29.272,28.28597,2025-03-05,7.0
30.832,30.210625,2025-03-06,7.0
28.612,29.45399,2025-03-07,7.0
23.736,29.14461,2025-03-08,7.0
29.5828,30.136358,2025-03-09,7.0
23.896,33.169247,2025-03-10,7.0
36.776,30.212439,2025-03-11,7.0
22.048,29.037292,2025-03-12,7.0
21.744,26.006195,2025-03-13,7.0
24.9828,27.240957,2025-03-14,7.0
18.68,23.913654,2025-03-15,7.0
30.428,24.425076,2025-03-16,7.0
23.576,23.43947,2025-03-17,7.0
26.624,23.535112,2025-03-18,7.0
28.96,27.75943,2025-03-19,7.0
24.24,28.58967,2025-03-20,7.0
25.488,26.897072,2025-03-21,7.0
31.92,25.780622,2025-03-22,7.0
28.288,25.927046,2025-03-23,7.0
29.696,24.824903,2025-03-24,7.0
29.872,27.375107,2025-03-25,7.0
24.6628,27.360981,2025-03-26,7.0
26.216,28.569998,2025-03-27,7.0
26.768,30.571236,2025-03-28,7.0
27.776,26.717638,2025-03-29,7.0
26.76,26.044916,2025-03-30,7.0
8.568,25.074339,2025-03-31,7.0
31.9428,25.21921,2025-04-01,7.0
28.32,24.635887,2025-04-02,7.0
24.216,22.017046,2025-04-03,7.0
25.288,24.69665,2025-04-04,7.0
18.612,23.826475,2025-04-05,7.0
24.76,23.839773,2025-04-06,7.0
17.824,22.857227,2025-04-07,7.0
18.528,22.959084,2025-04-08,7.0
26.976,20.12331,2025-04-09,7.0
29.888,23.511868,2025-04-10,7.0
11.288,24.33129,2025-04-11,7.0
21.392,23.905416,2025-04-12,7.0
20.8,24.868366,2025-04-13,7.0
29.1828,23.477745,2025-04-14,7.0
20.24,23.627691,2025-04-15,7.0
25.228,21.508184,2025-04-16,7.0
16.552,23.324347,2025-04-17,7.0
23.68,20.734911,2025-04-18,7.0
20.412,20.23003,2025-04-19,7.0
26.68,21.111246,2025-04-20,7.0
27.9828,23.191355,2025-04-21,7.0
26.5028,23.401155,2025-04-22,7.0
22.896,27.814547,2025-04-23,7.0
22.096,27.352777,2025-04-24,7.0
24.232,27.07232,2025-04-25,7.0
18.056,23.320475,2025-04-26,7.0
25.254,27.43919,2025-04-27,7.0
18.128,23.454752,2025-04-28,7.0
29.376,25.2936,2025-04-29,7.0
17.296,26.022398,2025-04-30,7.0
35.472,27.286816,2025-05-01,7.0
30.136,23.36115,2025-05-02,7.0
28.711,19.804415,2025-05-03,7.0
25.768,25.987753,2025-05-04,7.0
22.312,22.756868,2025-05-05,7.0
24.8,26.646055,2025-05-06,7.0
32.6,23.291803,2025-05-07,7.0
26.328,27.80929,2025-05-08,7.0
27.232,22.198565,2025-05-09,7.0
26.128,25.504509,2025-05-10,7.0
26.624,28.832912,2025-05-11,7.0
27.412,27.631609,2025-05-12,7.0
31.48,24.907166,2025-05-13,7.0
23.52,25.31611,2025-05-14,7.0
30.672,26.26541,2025-05-15,7.0
23.648,25.999645,2025-05-16,7.0
28.664,22.548887,2025-05-17,7.0
30.68,25.86872,2025-05-18,7.0
25.368,26.650175,2025-05-19,7.0
25.512,22.115412,2025-05-20,7.0
29.176,28.435373,2025-05-21,7.0
32.1828,28.126516,2025-05-22,7.0
29.648,24.263365,2025-05-23,7.0
25.768,23.730848,2025-05-24,7.0
25.424,28.291178,2025-05-25,7.0
21.68,28.28162,2025-05-26,7.0
28.5828,25.69011,2025-05-27,7.0
30.984,25.18654,2025-05-28,7.0
32.688,24.305964,2025-05-29,7.0
26.384,27.589655,2025-05-30,7.0
28.936,25.512098,2025-05-31,7.0
20.128,28.229767,2025-06-01,7.0
23.416,24.782011,2025-06-02,7.0
30.072,24.760336,2025-06-03,7.0
33.544,23.951323,2025-06-04,7.0
31.256,24.279211,2025-06-05,7.0
24.5828,24.875809,2025-06-06,7.0
25.48,25.95509,2025-06-07,7.0
30.864,26.161608,2025-06-08,7.0
31.376,26.298483,2025-06-09,7.0
30.488,21.098555,2025-06-10,7.0
28.096,28.505995,2025-06-11,7.0
29.048,30.210346,2025-06-12,7.0
18.96,29.055414,2025-06-13,7.0
11.112,23.92021,2025-06-14,7.0
21.648,24.071758,2025-06-15,7.0
20.0,20.85871,2025-06-16,7.0
9.811,10.539221,2024-09-18,8.0
10.72,9.859261,2024-09-19,8.0
13.468,10.178235,2024-09-20,8.0
16.948,9.796832,2024-09-21,8.0
12.8628,10.402656,2024-09-22,8.0
10.08,11.9952545,2024-09-23,8.0
5.288,11.318904,2024-09-24,8.0
9.88,11.784182,2024-09-25,8.0
23.911,10.950826,2024-09-26,8.0
20.188,11.25499,2024-09-27,8.0
19.64,12.415861,2024-09-28,8.0
14.96,14.844567,2024-09-29,8.0
17.6,14.710073,2024-09-30,8.0
11.708,14.303515,2024-10-01,8.0
10.584,15.004835,2024-10-02,8.0
22.808,16.97533,2024-10-03,8.0
21.552,15.819978,2024-10-04,8.0
18.56,15.184196,2024-10-05,8.0
22.628,19.198614,2024-10-06,8.0
18.0,18.709578,2024-10-07,8.0
17.612,17.64157,2024-10-08,8.0
17.012,20.070278,2024-10-09,8.0
23.464,19.644232,2024-10-10,8.0
20.928,17.36502,2024-10-11,8.0
11.6,18.42761,2024-10-12,8.0
18.048,20.619394,2024-10-13,8.0
25.432,18.881157,2024-10-14,8.0
22.672,17.61721,2024-10-15,8.0
17.428,19.486225,2024-10-16,8.0
25.936,21.417841,2024-10-17,8.0
18.832,21.454752,2024-10-18,8.0
26.248,21.639555,2024-10-19,8.0
22.211,22.79959,2024-10-20,8.0
11.8,21.031048,2024-10-21,8.0
30.012,22.037989,2024-10-22,8.0
12.56,21.607315,2024-10-23,8.0
20.056,22.392511,2024-10-24,8.0
35.704,22.092628,2024-10-25,8.0
12.096,20.994543,2024-10-26,8.0
25.0,23.16134,2024-10-27,8.0
11.852,22.762135,2024-10-28,8.0
20.932,19.281025,2024-10-29,8.0
19.828,19.241196,2024-10-30,8.0
27.12,21.523699,2024-10-31,8.0
20.976,19.515991,2024-11-01,8.0
16.532,21.326332,2024-11-02,8.0
27.72,22.499403,2024-11-03,8.0
18.028,21.026423,2024-11-04,8.0
20.308,22.480555,2024-11-05,8.0
11.5428,21.483305,2024-11-06,8.0
27.768,21.681868,2024-11-07,8.0
29.98,21.155313,2024-11-08,8.0
20.988,21.511095,2024-11-09,8.0
21.28,23.815767,2024-11-10,8.0
25.28,22.072622,2024-11-11,8.0
10.432,21.617838,2024-11-12,8.0
18.272,22.107298,2024-11-13,8.0
25.028,22.411966,2024-11-14,8.0
28.868,18.900164,2024-11-15,8.0
27.188,21.692356,2024-11-16,8.0
23.072,24.673359,2024-11-17,8.0
11.232,22.429792,2024-11-18,8.0
24.848,21.474676,2024-11-19,8.0
23.06,22.24928,2024-11-20,8.0
23.028,19.095856,2024-11-21,8.0
26.608,24.042517,2024-11-22,8.0
21.569334,22.466478,2024-11-23,8.0
24.024,22.883257,2024-11-24,8.0
19.517334,22.377993,2024-11-25,8.0
18.529333,20.375422,2024-11-26,8.0
18.958666,20.285925,2024-11-27,8.0
28.282667,23.475965,2024-11-28,8.0
28.965992,19.7041,2024-11-29,8.0
22.588,19.566923,2024-11-30,8.0
22.58,23.365889,2024-12-01,8.0
24.1,22.733358,2024-12-02,8.0
22.628,20.819715,2024-12-03,8.0
24.811,23.32311,2024-12-04,8.0
17.258,24.051092,2024-12-05,8.0
14.8628,19.969866,2024-12-06,8.0
18.576,22.184538,2024-12-07,8.0
23.232,20.344534,2024-12-08,8.0
12.7,18.082306,2024-12-09,8.0
11.428,18.675392,2024-12-10,8.0
16.06,21.000483,2024-12-11,8.0
17.368,19.06219,2024-12-12,8.0
12.732,16.879574,2024-12-13,8.0
10.988,16.35818,2024-12-14,8.0
20.12,14.592602,2024-12-15,8.0
22.92,16.882547,2024-12-16,8.0
20.7428,16.025404,2024-12-17,8.0
23.488,16.89521,2024-12-18,8.0
11.64,18.980606,2024-12-19,8.0
19.38,20.975851,2024-12-20,8.0
10.388,16.408222,2024-12-21,8.0
23.332,19.378096,2024-12-22,8.0
10.388,15.947165,2024-12-23,8.0
6.532,17.828176,2024-12-24,8.0
16.0,21.259941,2024-12-25,8.0
11.508,17.401731,2024-12-26,8.0
12.36,14.1379595,2024-12-27,8.0
19.0,13.35355,2024-12-28,8.0
18.472,12.442841,2024-12-29,8.0
16.102,11.654364,2024-12-30,8.0
20.176,16.019342,2024-12-31,8.0
20.011,19.59419,2025-01-01,8.0
13.128,18.317322,2025-01-02,8.0
23.82,20.873549,2025-01-03,8.0
21.772,17.250425,2025-01-04,8.0
18.568,18.031513,2025-01-05,8.0
19.06,18.816734,2025-01-06,8.0
19.52,20.16464,2025-01-07,8.0
17.748,20.371555,2025-01-08,8.0
5.632,20.372026,2025-01-09,8.0
21.848,21.187067,2025-01-10,8.0
5.1428,17.889986,2025-01-11,8.0
14.888,19.169857,2025-01-12,8.0
18.608,18.596478,2025-01-13,8.0
17.628,18.084936,2025-01-14,8.0
18.052,20.13413,2025-01-15,8.0
20.372,19.014557,2025-01-16,8.0
10.768,19.536139,2025-01-17,8.0
11.12,18.070236,2025-01-18,8.0
10.648,20.18104,2025-01-19,8.0
19.192,15.462555,2025-01-20,8.0
13.56,13.288337,2025-01-21,8.0
14.88,17.050758,2025-01-22,8.0
23.488,18.129885,2025-01-23,8.0
18.96,16.921566,2025-01-24,8.0
7.672,19.005453,2025-01-25,8.0
16.1,19.079205,2025-01-26,8.0
20.56,17.947428,2025-01-27,8.0
14.548,17.891802,2025-01-28,8.0
10.984,19.728502,2025-01-29,8.0
3.92,19.101938,2025-01-30,8.0
24.256,18.501593,2025-01-31,8.0
25.28,14.305635,2025-02-01,8.0
25.092,16.697676,2025-02-02,8.0
21.972,17.498343,2025-02-03,8.0
29.708,19.865387,2025-02-04,8.0
35.028,21.65231,2025-02-05,8.0
23.32,22.759762,2025-02-06,8.0
24.432,23.119692,2025-02-07,8.0
36.048,22.698038,2025-02-08,8.0
30.452,23.033201,2025-02-09,8.0
23.612,24.247892,2025-02-10,8.0
26.648,26.039701,2025-02-11,8.0
24.0,26.081966,2025-02-12,8.0
31.208,26.626253,2025-02-13,8.0
24.792,27.614374,2025-02-14,8.0
21.592,26.33083,2025-02-15,8.0
21.576,26.30567,2025-02-16,8.0
25.384,26.810572,2025-02-17,8.0
28.028,25.077744,2025-02-18,8.0
14.788,21.949848,2025-02-19,8.0
6.52,26.508184,2025-02-20,8.0
24.011,23.80404,2025-02-21,8.0
11.96,20.967615,2025-02-22,8.0
31.48,20.812365,2025-02-23,8.0
23.128,19.789759,2025-02-24,8.0
31.528,21.02946,2025-02-25,8.0
28.254,23.335695,2025-02-26,8.0
36.0,25.101362,2025-02-27,8.0
10.868,23.864595,2025-02-28,8.0
39.258,24.191904,2025-03-01,8.0
23.9028,21.071583,2025-03-02,8.0
37.288,19.92942,2025-03-03,8.0
23.072,24.64421,2025-03-04,8.0
17.828,24.855923,2025-03-05,8.0
24.44,25.763733,2025-03-06,8.0
41.088,26.215338,2025-03-07,8.0
27.711,25.146599,2025-03-08,8.0
26.64,25.399828,2025-03-09,8.0
29.76,30.564623,2025-03-10,8.0
20.64,27.37507,2025-03-11,8.0
25.808,28.42756,2025-03-12,8.0
20.42,23.555832,2025-03-13,8.0
23.012,24.969048,2025-03-14,8.0
24.168,22.573992,2025-03-15,8.0
30.448,23.261076,2025-03-16,8.0
19.572,22.48834,2025-03-17,8.0
27.092,22.038425,2025-03-18,8.0
16.812,27.707468,2025-03-19,8.0
25.132,27.233126,2025-03-20,8.0
33.02,25.644718,2025-03-21,8.0
18.648,24.616293,2025-03-22,8.0
20.311,25.355612,2025-03-23,8.0
19.232,23.7181,2025-03-24,8.0
27.908,23.002432,2025-03-25,8.0
12.068,23.821537,2025-03-26,8.0
19.952,25.269587,2025-03-27,8.0
20.26,23.872171,2025-03-28,8.0
25.492,21.84502,2025-03-29,8.0
24.776,21.35921,2025-03-30,8.0
11.28,19.889048,2025-03-31,8.0
21.211,20.655352,2025-04-01,8.0
28.78,20.728552,2025-04-02,8.0
11.888,19.905907,2025-04-03,8.0
26.112,20.473356,2025-04-04,8.0
25.6,19.837324,2025-04-05,8.0
20.7,19.175255,2025-04-06,8.0
24.46,20.658396,2025-04-07,8.0
16.128,21.221813,2025-04-08,8.0
27.024,20.769547,2025-04-09,8.0
19.888,22.55461,2025-04-10,8.0
28.968,22.932873,2025-04-11,8.0
17.784,20.751902,2025-04-12,8.0
25.728,22.987848,2025-04-13,8.0
11.9,23.144068,2025-04-14,8.0
12.292,21.195478,2025-04-15,8.0
13.12,20.476686,2025-04-16,8.0
10.736,18.111105,2025-04-17,8.0
23.744,17.60882,2025-04-18,8.0
22.776,14.071432,2025-04-19,8.0
16.024,16.860014,2025-04-20,8.0
11.456,17.169601,2025-04-21,8.0
22.752,18.871443,2025-04-22,8.0
11.672,17.494963,2025-04-23,8.0
27.296,17.626892,2025-04-24,8.0
28.784,17.62789,2025-04-25,8.0
17.028,16.725779,2025-04-26,8.0
28.096,21.937613,2025-04-27,8.0
25.692,19.25739,2025-04-28,8.0
17.5,20.481222,2025-04-29,8.0
21.12,24.065657,2025-04-30,8.0
22.3,27.056643,2025-05-01,8.0
21.428,19.96287,2025-05-02,8.0
26.972,19.084764,2025-05-03,8.0
21.708,21.025743,2025-05-04,8.0
22.08,18.972706,2025-05-05,8.0
22.532,21.405037,2025-05-06,8.0
17.736,20.406744,2025-05-07,8.0
28.12,21.114086,2025-05-08,8.0
16.5428,18.963478,2025-05-09,8.0
22.008,19.525816,2025-05-10,8.0
25.488,22.28258,2025-05-11,8.0
26.012,19.007027,2025-05-12,8.0
21.46,17.235994,2025-05-13,8.0
24.792,20.136696,2025-05-14,8.0
17.468,20.485727,2025-05-15,8.0
18.052,19.090223,2025-05-16,8.0
27.976,19.610806,2025-05-17,8.0
23.904,18.259354,2025-05-18,8.0
16.096,18.474562,2025-05-19,8.0
11.311,16.52094,2025-05-20,8.0
14.76,20.997276,2025-05-21,8.0
24.392,17.948427,2025-05-22,8.0
20.908,17.497782,2025-05-23,8.0
16.16,15.61344,2025-05-24,8.0
16.892,18.24531,2025-05-25,8.0
6.788,17.82572,2025-05-26,8.0
7.308,14.701194,2025-05-27,8.0
1.32,15.158218,2025-05-28,8.0
0.024,14.009312,2025-05-29,8.0
1.148,12.23202,2025-05-30,8.0
1.258,9.473527,2025-05-31,8.0
4.064,7.6230817,2025-06-01,8.0
3.612,6.582789,2025-06-02,8.0
6.28,7.2445316,2025-06-03,8.0
14.8628,6.9044123,2025-06-04,8.0
5.328,6.743813,2025-06-05,8.0
3.592,7.533002,2025-06-06,8.0
7.948,7.7939024,2025-06-07,8.0
12.12,6.6889534,2025-06-08,8.0
10.108,7.161175,2025-06-09,8.0
8.032,7.175754,2025-06-10,8.0
10.711,10.183331,2025-06-11,8.0
10.296,9.375587,2025-06-12,8.0
7.952,10.634047,2025-06-13,8.0
9.22,8.916292,2025-06-14,8.0
6.25,8.520327,2025-06-15,8.0
7.0,8.976455,2025-06-16,8.0
13.94,20.25271,2024-09-18,9.0
16.072,17.657162,2024-09-19,9.0
20.028,15.763753,2024-09-20,9.0
22.82,15.975644,2024-09-21,9.0
16.392,15.673487,2024-09-22,9.0
16.056,17.330444,2024-09-23,9.0
14.132,19.760029,2024-09-24,9.0
13.572,19.791039,2024-09-25,9.0
32.296,19.700895,2024-09-26,9.0
26.1428,18.5815,2024-09-27,9.0
23.088,17.027746,2024-09-28,9.0
30.68,23.782104,2024-09-29,9.0
27.42,22.22183,2024-09-30,9.0
21.4,21.642813,2024-10-01,9.0
23.428,27.739965,2024-10-02,9.0
18.8,28.934984,2024-10-03,9.0
24.028,25.718763,2024-10-04,9.0
23.784,21.998625,2024-10-05,9.0
25.888,24.74511,2024-10-06,9.0
19.568,24.332075,2024-10-07,9.0
17.32,23.304018,2024-10-08,9.0
26.992,24.59378,2024-10-09,9.0
19.58,21.670202,2024-10-10,9.0
11.64,20.383059,2024-10-11,9.0
25.028,18.431604,2024-10-12,9.0
23.228,20.101336,2024-10-13,9.0
18.172,19.917833,2024-10-14,9.0
16.732,21.907267,2024-10-15,9.0
18.628,21.37271,2024-10-16,9.0
23.748,19.888353,2024-10-17,9.0
11.052,22.141582,2024-10-18,9.0
17.168,20.097527,2024-10-19,9.0
31.0,18.600391,2024-10-20,9.0
22.088,19.004015,2024-10-21,9.0
26.48,20.604849,2024-10-22,9.0
24.112,21.92571,2024-10-23,9.0
21.0,23.384748,2024-10-24,9.0
27.82,24.188898,2024-10-25,9.0
27.88,22.45598,2024-10-26,9.0
11.108,22.636587,2024-10-27,9.0
16.102,24.18043,2024-10-28,9.0
27.88,21.705797,2024-10-29,9.0
27.432,20.52347,2024-10-30,9.0
26.92,24.35809,2024-10-31,9.0
26.528,22.16287,2024-11-01,9.0
24.28,23.833456,2024-11-02,9.0
27.428,24.727848,2024-11-03,9.0
26.928,28.597733,2024-11-04,9.0
19.052,25.528727,2024-11-05,9.0
29.228,27.141161,2024-11-06,9.0
25.28,28.325224,2024-11-07,9.0
25.108,25.153269,2024-11-08,9.0
24.64,24.427126,2024-11-09,9.0
20.84,26.364468,2024-11-10,9.0
27.852,26.776056,2024-11-11,9.0
22.852,24.476286,2024-11-12,9.0
25.72,26.96678,2024-11-13,9.0
21.328,25.729551,2024-11-14,9.0
21.112,24.365664,2024-11-15,9.0
28.148,21.144716,2024-11-16,9.0
27.76,25.126867,2024-11-17,9.0
33.092,24.505081,2024-11-18,9.0
23.648,21.9669,2024-11-19,9.0
22.352,28.653831,2024-11-20,9.0
21.656,26.368975,2024-11-21,9.0
27.262667,26.783281,2024-11-22,9.0
25.689333,23.241003,2024-11-23,9.0
25.256666,22.491652,2024-11-24,9.0
29.294666,26.002386,2024-11-25,9.0
21.850666,22.863613,2024-11-26,9.0
28.766666,28.071737,2024-11-27,9.0
23.826,27.805855,2024-11-28,9.0
31.451227,23.31628,2024-11-29,9.0
29.7052,21.4933,2024-11-30,9.0
36.612,25.73411,2024-12-01,9.0
26.728,30.9668,2024-12-02,9.0
28.02,26.179682,2024-12-03,9.0
36.88,31.99365,2024-12-04,9.0
29.668,29.295773,2024-12-05,9.0
43.372,25.904184,2024-12-06,9.0
21.812,25.62522,2024-12-07,9.0
39.212,27.600496,2024-12-08,9.0
25.492,27.681349,2024-12-09,9.0
26.132,27.625235,2024-12-10,9.0
43.696,33.855934,2024-12-11,9.0
28.6,30.003231,2024-12-12,9.0
31.292,28.775126,2024-12-13,9.0
22.34,28.536695,2024-12-14,9.0
29.048,30.742754,2024-12-15,9.0
27.832,31.640005,2024-12-16,9.0
27.48,32.254356,2024-12-17,9.0
24.688,33.333134,2024-12-18,9.0
35.48,32.324955,2024-12-19,9.0
22.68,34.038017,2024-12-20,9.0
14.292,24.212942,2024-12-21,9.0
36.092,33.319992,2024-12-22,9.0
26.028,25.951597,2024-12-23,9.0
26.972,28.298489,2024-12-24,9.0
27.028,35.157883,2024-12-25,9.0
24.26,30.21052,2024-12-26,9.0
24.711,22.099627,2024-12-27,9.0
27.088,22.970133,2024-12-28,9.0
20.008,23.004574,2024-12-29,9.0
37.064,21.987331,2024-12-30,9.0
24.72,28.615034,2024-12-31,9.0
31.696,32.691208,2025-01-01,9.0
25.032,30.697023,2025-01-02,9.0
22.9,29.633327,2025-01-03,9.0
27.028,26.140322,2025-01-04,9.0
27.08,28.595388,2025-01-05,9.0
22.811,26.121443,2025-01-06,9.0
31.28,25.632559,2025-01-07,9.0
23.428,27.171278,2025-01-08,9.0
21.74,25.580715,2025-01-09,9.0
28.632,28.627794,2025-01-10,9.0
31.32,24.795946,2025-01-11,9.0
20.888,25.655048,2025-01-12,9.0
25.968,28.69044,2025-01-13,9.0
24.211,28.860083,2025-01-14,9.0
22.44,29.559994,2025-01-15,9.0
21.58,25.810305,2025-01-16,9.0
32.3,25.724667,2025-01-17,9.0
22.42,25.552942,2025-01-18,9.0
13.928,27.34218,2025-01-19,9.0
37.092,30.523006,2025-01-20,9.0
25.616,23.179293,2025-01-21,9.0
25.5028,29.328302,2025-01-22,9.0
25.136,29.306036,2025-01-23,9.0
28.911,26.162066,2025-01-24,9.0
31.952,27.454073,2025-01-25,9.0
28.216,27.23612,2025-01-26,9.0
22.252,27.403261,2025-01-27,9.0
20.492,27.966125,2025-01-28,9.0
39.576,31.62926,2025-01-29,9.0
30.48,28.521013,2025-01-30,9.0
28.672,30.588585,2025-01-31,9.0
11.192,27.908178,2025-02-01,9.0
31.268,31.280943,2025-02-02,9.0
25.52,26.166538,2025-02-03,9.0
17.18,26.535696,2025-02-04,9.0
30.608,29.327642,2025-02-05,9.0
26.1428,30.20143,2025-02-06,9.0
37.988,28.935614,2025-02-07,9.0
29.38,27.969645,2025-02-08,9.0
26.5,27.914267,2025-02-09,9.0
28.588,27.654436,2025-02-10,9.0
29.56,30.170904,2025-02-11,9.0
25.0628,31.509012,2025-02-12,9.0
30.176,29.638756,2025-02-13,9.0
20.024,31.133867,2025-02-14,9.0
32.048,27.206028,2025-02-15,9.0
30.24,29.162397,2025-02-16,9.0
26.392,28.601166,2025-02-17,9.0
25.016,29.349575,2025-02-18,9.0
30.1428,26.876234,2025-02-19,9.0
24.296,30.726858,2025-02-20,9.0
28.56,27.724392,2025-02-21,9.0
22.072,26.741323,2025-02-22,9.0
27.088,26.017529,2025-02-23,9.0
42.792,25.6365,2025-02-24,9.0
28.768,27.135908,2025-02-25,9.0
27.592,29.029741,2025-02-26,9.0
22.74,30.641396,2025-02-27,9.0
17.612,28.975393,2025-02-28,9.0
32.64,27.721663,2025-03-01,9.0
27.428,24.269445,2025-03-02,9.0
32.7,23.325975,2025-03-03,9.0
22.18,26.815004,2025-03-04,9.0
28.028,27.435406,2025-03-05,9.0
20.56,26.74683,2025-03-06,9.0
21.788,28.597483,2025-03-07,9.0
21.72,26.704294,2025-03-08,9.0
24.211,26.772226,2025-03-09,9.0
18.92,30.478188,2025-03-10,9.0
29.092,25.964819,2025-03-11,9.0
13.216,26.077402,2025-03-12,9.0
32.1428,21.002367,2025-03-13,9.0
23.256,22.520384,2025-03-14,9.0
13.972,20.640764,2025-03-15,9.0
22.372,22.15941,2025-03-16,9.0
10.736,21.016205,2025-03-17,9.0
19.584,20.248074,2025-03-18,9.0
17.388,24.49381,2025-03-19,9.0
19.828,24.37705,2025-03-20,9.0
20.52,21.169935,2025-03-21,9.0
17.868,22.860884,2025-03-22,9.0
20.12,21.884653,2025-03-23,9.0
20.6,20.69502,2025-03-24,9.0
23.2,21.985167,2025-03-25,9.0
20.744,22.587603,2025-03-26,9.0
24.976,24.358541,2025-03-27,9.0
16.192,23.839655,2025-03-28,9.0
19.02,22.968388,2025-03-29,9.0
18.811,21.737566,2025-03-30,9.0
22.828,19.522467,2025-03-31,9.0
13.736,20.06629,2025-04-01,9.0
20.6228,21.464087,2025-04-02,9.0
18.708,20.758316,2025-04-03,9.0
17.1,20.133,2025-04-04,9.0
18.72,20.525717,2025-04-05,9.0
25.66,18.74582,2025-04-06,9.0
19.732,18.495665,2025-04-07,9.0
16.8,20.278074,2025-04-08,9.0
11.72,22.384216,2025-04-09,9.0
22.456,20.57556,2025-04-10,9.0
8.2,20.79697,2025-04-11,9.0
31.492,19.362818,2025-04-12,9.0
22.92,19.702597,2025-04-13,9.0
19.86,20.932955,2025-04-14,9.0
19.752,23.027016,2025-04-15,9.0
19.856,21.135057,2025-04-16,9.0
25.511,21.25711,2025-04-17,9.0
16.0,18.418474,2025-04-18,9.0
18.672,18.655445,2025-04-19,9.0
11.36,19.294065,2025-04-20,9.0
20.256,20.90576,2025-04-21,9.0
19.6228,19.945257,2025-04-22,9.0
11.948,21.345884,2025-04-23,9.0
18.028,24.120478,2025-04-24,9.0
23.012,19.917982,2025-04-25,9.0
25.656,17.146132,2025-04-26,9.0
11.332,19.311533,2025-04-27,9.0
24.868,19.966078,2025-04-28,9.0
21.392,20.55662,2025-04-29,9.0
16.952,22.577938,2025-04-30,9.0
21.056,25.951603,2025-05-01,9.0
11.852,20.47212,2025-05-02,9.0
20.172,17.98173,2025-05-03,9.0
19.948,19.734798,2025-05-04,9.0
17.828,16.659899,2025-05-05,9.0
21.84,17.315525,2025-05-06,9.0
19.12,20.835714,2025-05-07,9.0
20.96,22.918465,2025-05-08,9.0
20.652,19.39683,2025-05-09,9.0
16.2,18.953398,2025-05-10,9.0
24.096,20.605677,2025-05-11,9.0
19.432,18.826052,2025-05-12,9.0
22.032,18.886538,2025-05-13,9.0
22.88,19.96112,2025-05-14,9.0
19.528,21.525108,2025-05-15,9.0
19.22,20.896,2025-05-16,9.0
17.58,18.796663,2025-05-17,9.0
25.88,19.909449,2025-05-18,9.0
17.26,19.915182,2025-05-19,9.0
19.932,16.425802,2025-05-20,9.0
18.688,22.011744,2025-05-21,9.0
19.928,22.100376,2025-05-22,9.0
18.948,21.375065,2025-05-23,9.0
30.352,16.507456,2025-05-24,9.0
21.86,19.46306,2025-05-25,9.0
21.772,21.677977,2025-05-26,9.0
20.708,22.424791,2025-05-27,9.0
23.66,22.15494,2025-05-28,9.0
24.44,22.488432,2025-05-29,9.0
22.02,21.724619,2025-05-30,9.0
22.7,21.60894,2025-05-31,9.0
17.112,21.99626,2025-06-01,9.0
22.028,20.927782,2025-06-02,9.0
21.25,18.826551,2025-06-03,9.0
24.28,22.575079,2025-06-04,9.0
21.472,20.733011,2025-06-05,9.0
25.988,20.33443,2025-06-06,9.0
25.748,19.392002,2025-06-07,9.0
24.811,20.539694,2025-06-08,9.0
20.292,23.266706,2025-06-09,9.0
23.136,18.06121,2025-06-10,9.0
13.1428,25.291464,2025-06-11,9.0
14.248,25.123362,2025-06-12,9.0
10.328,23.651392,2025-06-13,9.0
18.384,16.325377,2025-06-14,9.0
17.0,15.963005,2025-06-15,9.0
11.0,15.396446,2025-06-16,9.0
11.936,19.610498,2024-09-18,10.0
14.052,20.668818,2024-09-19,10.0
26.98,20.919903,2024-09-20,10.0
23.632,17.767546,2024-09-21,10.0
25.928,21.238874,2024-09-22,10.0
17.728,21.98409,2024-09-23,10.0
18.188,19.580252,2024-09-24,10.0
31.752,21.315668,2024-09-25,10.0
20.2,21.67988,2024-09-26,10.0
12.888,23.551062,2024-09-27,10.0
25.028,22.308374,2024-09-28,10.0
21.24,22.702303,2024-09-29,10.0
24.032,19.99721,2024-09-30,10.0
23.28,21.779358,2024-10-01,10.0
25.232,20.173052,2024-10-02,10.0
12.368,22.262783,2024-10-03,10.0
29.28,23.7509,2024-10-04,10.0
28.672,19.953255,2024-10-05,10.0
28.448,22.65933,2024-10-06,10.0
22.888,25.079943,2024-10-07,10.0
27.411,23.496145,2024-10-08,10.0
25.86,22.800844,2024-10-09,10.0
11.568,22.439293,2024-10-10,10.0
16.452,22.351883,2024-10-11,10.0
10.452,20.081104,2024-10-12,10.0
28.988,22.454515,2024-10-13,10.0
29.28,20.786272,2024-10-14,10.0
26.28,20.403572,2024-10-15,10.0
33.14,22.447933,2024-10-16,10.0
9.112,23.296274,2024-10-17,10.0
36.428,24.883152,2024-10-18,10.0
30.258,22.757977,2024-10-19,10.0
32.172,25.025286,2024-10-20,10.0
29.06,26.07971,2024-10-21,10.0
30.48,26.127386,2024-10-22,10.0
38.632,25.097103,2024-10-23,10.0
8.828,27.01462,2024-10-24,10.0
26.052,30.564293,2024-10-25,10.0
24.68,25.20584,2024-10-26,10.0
19.456,27.357265,2024-10-27,10.0
31.792,25.388617,2024-10-28,10.0
21.24,22.6771,2024-10-29,10.0
21.768,24.447168,2024-10-30,10.0
12.372,25.88219,2024-10-31,10.0
17.56,23.566113,2024-11-01,10.0
27.94,23.671515,2024-11-02,10.0
28.06,23.9962,2024-11-03,10.0
25.54,25.677763,2024-11-04,10.0
29.632,25.21173,2024-11-05,10.0
33.848,25.72156,2024-11-06,10.0
7.968,24.939152,2024-11-07,10.0
22.092,25.583902,2024-11-08,10.0
29.428,24.747686,2024-11-09,10.0
39.5028,24.656578,2024-11-10,10.0
21.936,27.342318,2024-11-11,10.0
18.36,26.45413,2024-11-12,10.0
11.5028,26.848177,2024-11-13,10.0
10.8,25.671572,2024-11-14,10.0
19.088,24.521631,2024-11-15,10.0
39.472,20.713516,2024-11-16,10.0
17.668,23.92203,2024-11-17,10.0
19.24,24.291468,2024-11-18,10.0
26.612,24.851995,2024-11-19,10.0
38.856,22.590942,2024-11-20,10.0
10.252,21.814169,2024-11-21,10.0
10.58,24.490084,2024-11-22,10.0
32.28,23.50657,2024-11-23,10.0
28.410667,21.303896,2024-11-24,10.0
22.238667,24.963179,2024-11-25,10.0
24.868,23.064833,2024-11-26,10.0
29.282667,23.143522,2024-11-27,10.0
10.598,24.857004,2024-11-28,10.0
17.58,25.939846,2024-11-29,10.0
18.3832,21.584032,2024-11-30,10.0
13.0,22.32976,2024-12-01,10.0
22.288,26.409668,2024-12-02,10.0
13.872,22.031647,2024-12-03,10.0
13.72,23.15304,2024-12-04,10.0
10.688,23.281801,2024-12-05,10.0
25.968,19.681553,2024-12-06,10.0
13.828,18.700706,2024-12-07,10.0
12.72,19.80575,2024-12-08,10.0
23.652,17.729065,2024-12-09,10.0
16.948,15.568834,2024-12-10,10.0
18.1828,19.127739,2024-12-11,10.0
10.696,19.23922,2024-12-12,10.0
11.112,16.825922,2024-12-13,10.0
10.06,16.296923,2024-12-14,10.0
14.052,18.112143,2024-12-15,10.0
19.12,18.600958,2024-12-16,10.0
18.336,16.372805,2024-12-17,10.0
24.132,19.54024,2024-12-18,10.0
10.028,20.583708,2024-12-19,10.0
12.25,22.613941,2024-12-20,10.0
18.648,17.378988,2024-12-21,10.0
23.28,20.631195,2024-12-22,10.0
23.5028,18.30303,2024-12-23,10.0
27.108,21.14336,2024-12-24,10.0
24.492,24.618149,2024-12-25,10.0
10.336,24.670906,2024-12-26,10.0
23.532,20.36061,2024-12-27,10.0
24.92,18.866648,2024-12-28,10.0
19.052,18.864733,2024-12-29,10.0
33.028,22.032465,2024-12-30,10.0
22.308,22.818712,2024-12-31,10.0
22.092,28.065216,2025-01-01,10.0
10.748,26.545074,2025-01-02,10.0
24.06,25.907284,2025-01-03,10.0
27.92,22.325972,2025-01-04,10.0
28.72,24.25452,2025-01-05,10.0
9.928,23.299902,2025-01-06,10.0
26.304,24.070162,2025-01-07,10.0
29.568,23.82842,2025-01-08,10.0
25.752,22.644152,2025-01-09,10.0
11.296,25.066189,2025-01-10,10.0
23.472,24.713085,2025-01-11,10.0
29.62,25.208761,2025-01-12,10.0
10.132,24.014677,2025-01-13,10.0
21.68,25.04157,2025-01-14,10.0
12.096,25.536833,2025-01-15,10.0
12.88,22.906778,2025-01-16,10.0
19.332,23.680632,2025-01-17,10.0
30.3,23.222727,2025-01-18,10.0
27.048,23.080156,2025-01-19,10.0
21.32,25.3757,2025-01-20,10.0
11.672,22.994467,2025-01-21,10.0
27.06,25.252241,2025-01-22,10.0
14.78,23.886507,2025-01-23,10.0
33.992,22.16889,2025-01-24,10.0
37.648,23.046928,2025-01-25,10.0
28.832,24.181795,2025-01-26,10.0
22.708,25.291193,2025-01-27,10.0
25.32,27.393,2025-01-28,10.0
22.372,26.853647,2025-01-29,10.0
17.028,26.44039,2025-01-30,10.0
10.708,28.758017,2025-01-31,10.0
11.708,24.238918,2025-02-01,10.0
14.411,26.436892,2025-02-02,10.0
30.708,22.607119,2025-02-03,10.0
32.992,22.668802,2025-02-04,10.0
29.032,23.41272,2025-02-05,10.0
25.32,25.805996,2025-02-06,10.0
32.528,26.64712,2025-02-07,10.0
31.42,25.957552,2025-02-08,10.0
44.25,26.23958,2025-02-09,10.0
30.38,26.479914,2025-02-10,10.0
36.028,27.943296,2025-02-11,10.0
27.06,29.76483,2025-02-12,10.0
22.592,30.390503,2025-02-13,10.0
33.788,30.640882,2025-02-14,10.0
31.36,29.655848,2025-02-15,10.0
28.36,29.95224,2025-02-16,10.0
31.32,31.6407,2025-02-17,10.0
25.74,30.292131,2025-02-18,10.0
39.48,26.278402,2025-02-19,10.0
11.56,31.373545,2025-02-20,10.0
36.3,28.72936,2025-02-21,10.0
38.25,27.513842,2025-02-22,10.0
33.432,28.259932,2025-02-23,10.0
33.2,29.688753,2025-02-24,10.0
41.76,31.233221,2025-02-25,10.0
45.148,31.147366,2025-02-26,10.0
25.772,32.192005,2025-02-27,10.0
47.568,33.855778,2025-02-28,10.0
36.088,32.030754,2025-03-01,10.0
35.8,31.626196,2025-03-02,10.0
39.2628,33.509537,2025-03-03,10.0
39.616,32.93411,2025-03-04,10.0
19.5428,33.63414,2025-03-05,10.0
23.688,36.28699,2025-03-06,10.0
31.648,36.156696,2025-03-07,10.0
31.952,31.042013,2025-03-08,10.0
19.34,33.878212,2025-03-09,10.0
31.708,34.83399,2025-03-10,10.0
24.992,32.12372,2025-03-11,10.0
23.78,30.37323,2025-03-12,10.0
24.76,27.989407,2025-03-13,10.0
19.028,27.71541,2025-03-14,10.0
22.7028,24.82641,2025-03-15,10.0
20.948,25.1688,2025-03-16,10.0
21.948,23.500168,2025-03-17,10.0
28.011,21.588842,2025-03-18,10.0
21.532,26.66794,2025-03-19,10.0
23.416,27.319439,2025-03-20,10.0
36.172,26.19115,2025-03-21,10.0
24.092,25.393127,2025-03-22,10.0
17.176,26.592726,2025-03-23,10.0
37.132,25.741884,2025-03-24,10.0
24.52,23.86717,2025-03-25,10.0
21.52,25.804096,2025-03-26,10.0
20.96,28.264658,2025-03-27,10.0
25.028,27.836164,2025-03-28,10.0
25.612,25.596033,2025-03-29,10.0
11.568,25.933199,2025-03-30,10.0
18.488,23.959162,2025-03-31,10.0
16.052,22.035658,2025-04-01,10.0
22.132,22.661812,2025-04-02,10.0
22.296,21.907616,2025-04-03,10.0
19.232,21.876545,2025-04-04,10.0
24.512,21.750666,2025-04-05,10.0
19.612,22.352121,2025-04-06,10.0
16.628,21.740011,2025-04-07,10.0
14.104,20.830656,2025-04-08,10.0
17.708,21.093267,2025-04-09,10.0
12.6,20.331568,2025-04-10,10.0
21.708,20.78089,2025-04-11,10.0
17.9028,20.432138,2025-04-12,10.0
25.428,19.921394,2025-04-13,10.0
24.148,21.907213,2025-04-14,10.0
11.452,20.816683,2025-04-15,10.0
31.412,21.50365,2025-04-16,10.0
10.472,21.562784,2025-04-17,10.0
20.608,20.250803,2025-04-18,10.0
24.792,18.348904,2025-04-19,10.0
16.192,20.174086,2025-04-20,10.0
20.688,20.535654,2025-04-21,10.0
13.96,21.304497,2025-04-22,10.0
28.028,21.96046,2025-04-23,10.0
13.888,21.530201,2025-04-24,10.0
14.972,23.350985,2025-04-25,10.0
18.0,21.438213,2025-04-26,10.0
24.788,22.2825,2025-04-27,10.0
18.692,20.74911,2025-04-28,10.0
21.652,21.805016,2025-04-29,10.0
18.748,24.016996,2025-04-30,10.0
17.268,24.285479,2025-05-01,10.0
21.024,23.295595,2025-05-02,10.0
28.6,18.23263,2025-05-03,10.0
22.336,20.453466,2025-05-04,10.0
18.852,19.970451,2025-05-05,10.0
24.56,21.83951,2025-05-06,10.0
21.132,20.188066,2025-05-07,10.0
25.52,21.4695,2025-05-08,10.0
18.376,21.694197,2025-05-09,10.0
20.492,21.132559,2025-05-10,10.0
24.18,25.281076,2025-05-11,10.0
22.96,22.988283,2025-05-12,10.0
22.728,19.534445,2025-05-13,10.0
21.064,21.5437,2025-05-14,10.0
10.28,22.1898,2025-05-15,10.0
25.288,21.419733,2025-05-16,10.0
18.12,20.130762,2025-05-17,10.0
11.68,20.020475,2025-05-18,10.0
22.528,20.6802,2025-05-19,10.0
12.24,16.108116,2025-05-20,10.0
27.148,20.96011,2025-05-21,10.0
9.472,21.013376,2025-05-22,10.0
23.9,20.30588,2025-05-23,10.0
16.96,17.600046,2025-05-24,10.0
25.36,21.005386,2025-05-25,10.0
25.72,20.95447,2025-05-26,10.0
22.108,17.069664,2025-05-27,10.0
21.592,20.429693,2025-05-28,10.0
9.66,20.431044,2025-05-29,10.0
25.02,22.63643,2025-05-30,10.0
23.168,18.157223,2025-05-31,10.0
21.064,19.66405,2025-06-01,10.0
22.548,18.065046,2025-06-02,10.0
16.0,18.438755,2025-06-03,10.0
26.92,19.803835,2025-06-04,10.0
16.25,20.23469,2025-06-05,10.0
17.208,19.716673,2025-06-06,10.0
18.76,18.49386,2025-06-07,10.0
21.4,19.108942,2025-06-08,10.0
25.102,18.636942,2025-06-09,10.0
20.192,16.289629,2025-06-10,10.0
19.84,21.417276,2025-06-11,10.0
8.248,19.736532,2025-06-12,10.0
24.648,21.960688,2025-06-13,10.0
22.9428,17.384031,2025-06-14,10.0
6.988,17.985367,2025-06-15,10.0
7.235,19.781424,2025-06-16,10.0
24.62,28.933382,2024-09-18,11.0
25.388,24.463156,2024-09-19,11.0
17.8628,24.245466,2024-09-20,11.0
11.012,22.732134,2024-09-21,11.0
11.472,23.278963,2024-09-22,11.0
14.25,20.201313,2024-09-23,11.0
11.4,18.72619,2024-09-24,11.0
11.728,18.203619,2024-09-25,11.0
16.432,17.612486,2024-09-26,11.0
12.908,16.587248,2024-09-27,11.0
17.02,16.109978,2024-09-28,11.0
25.768,15.927736,2024-09-29,11.0
13.28,13.911142,2024-09-30,11.0
14.052,16.85012,2024-10-01,11.0
19.64,19.51514,2024-10-02,11.0
17.22,19.219774,2024-10-03,11.0
16.16,18.388157,2024-10-04,11.0
13.112,15.583807,2024-10-05,11.0
14.308,17.459473,2024-10-06,11.0
13.908,15.498301,2024-10-07,11.0
16.052,16.158932,2024-10-08,11.0
21.292,15.937589,2024-10-09,11.0
19.52,16.157932,2024-10-10,11.0
19.216,16.555758,2024-10-11,11.0
13.872,16.142883,2024-10-12,11.0
12.28,18.18913,2024-10-13,11.0
11.08,17.43399,2024-10-14,11.0
13.232,15.629984,2024-10-15,11.0
21.08,15.773501,2024-10-16,11.0
12.248,15.463381,2024-10-17,11.0
11.0,17.700237,2024-10-18,11.0
18.248,16.962324,2024-10-19,11.0
10.1828,15.953089,2024-10-20,11.0
8.6,15.9122095,2024-10-21,11.0
17.136,15.6909075,2024-10-22,11.0
9.912,13.69559,2024-10-23,11.0
14.472,14.564488,2024-10-24,11.0
16.056,16.050707,2024-10-25,11.0
10.132,14.775012,2024-10-26,11.0
11.428,14.877595,2024-10-27,11.0
14.104,14.579,2024-10-28,11.0
11.428,12.018435,2024-10-29,11.0
8.216,13.575193,2024-10-30,11.0
14.704,14.58504,2024-10-31,11.0
13.568,12.6104,2024-11-01,11.0
9.368,13.697805,2024-11-02,11.0
10.384,15.638434,2024-11-03,11.0
12.648,14.970105,2024-11-04,11.0
7.552,14.3941345,2024-11-05,11.0
20.708,15.16663,2024-11-06,11.0
18.08,13.040736,2024-11-07,11.0
13.86,13.222176,2024-11-08,11.0
8.432,14.963824,2024-11-09,11.0
22.128,16.073338,2024-11-10,11.0
8.272,13.689585,2024-11-11,11.0
10.508,14.59253,2024-11-12,11.0
21.828,17.175856,2024-11-13,11.0
8.1828,14.835415,2024-11-14,11.0
14.32,16.30731,2024-11-15,11.0
7.896,15.511657,2024-11-16,11.0
13.944,16.54439,2024-11-17,11.0
12.258,14.086182,2024-11-18,11.0
13.26,14.1527405,2024-11-19,11.0
18.12,13.6125765,2024-11-20,11.0
16.82,13.3837595,2024-11-21,11.0
10.972,16.33837,2024-11-22,11.0
8.565333,14.819508,2024-11-23,11.0
11.818666,14.642559,2024-11-24,11.0
10.089334,12.308808,2024-11-25,11.0
10.773334,12.958284,2024-11-26,11.0
20.218666,14.905077,2024-11-27,11.0
14.447,14.024172,2024-11-28,11.0
13.18,14.043013,2024-11-29,11.0
16.1968,14.443228,2024-11-30,11.0
26.1,15.64734,2024-12-01,11.0
16.532,17.318914,2024-12-02,11.0
10.412,15.912119,2024-12-03,11.0
21.772,20.257025,2024-12-04,11.0
28.3,18.463911,2024-12-05,11.0
16.128,16.198774,2024-12-06,11.0
25.432,17.654095,2024-12-07,11.0
20.82,18.546833,2024-12-08,11.0
14.492,17.730318,2024-12-09,11.0
30.2,18.95875,2024-12-10,11.0
14.428,21.692005,2024-12-11,11.0
26.372,21.166777,2024-12-12,11.0
19.288,18.755846,2024-12-13,11.0
7.4,19.930895,2024-12-14,11.0
18.712,19.2327,2024-12-15,11.0
26.928,23.072355,2024-12-16,11.0
13.58,19.111387,2024-12-17,11.0
24.72,22.43271,2024-12-18,11.0
29.6,26.006033,2024-12-19,11.0
18.76,22.604116,2024-12-20,11.0
20.92,20.774557,2024-12-21,11.0
20.372,25.756128,2024-12-22,11.0
20.36,19.848528,2024-12-23,11.0
24.968,23.788214,2024-12-24,11.0
18.648,28.267504,2024-12-25,11.0
25.11,24.20371,2024-12-26,11.0
28.012,19.86328,2024-12-27,11.0
19.811,19.755003,2024-12-28,11.0
28.828,19.852812,2024-12-29,11.0
16.368,21.046343,2024-12-30,11.0
18.828,22.557611,2024-12-31,11.0
30.528,29.047575,2025-01-01,11.0
28.211,26.194595,2025-01-02,11.0
24.988,25.634901,2025-01-03,11.0
27.16,23.907907,2025-01-04,11.0
28.92,25.89498,2025-01-05,11.0
30.9828,23.148712,2025-01-06,11.0
28.988,26.37558,2025-01-07,11.0
36.652,25.19249,2025-01-08,11.0
37.748,25.657942,2025-01-09,11.0
25.42,28.066198,2025-01-10,11.0
30.088,27.815798,2025-01-11,11.0
43.952,28.74024,2025-01-12,11.0
31.711,27.961668,2025-01-13,11.0
41.768,30.332191,2025-01-14,11.0
33.428,36.043213,2025-01-15,11.0
32.2,30.037394,2025-01-16,11.0
28.76,30.528633,2025-01-17,11.0
36.352,31.774662,2025-01-18,11.0
37.048,31.253607,2025-01-19,11.0
47.52,33.386986,2025-01-20,11.0
25.392,28.083025,2025-01-21,11.0
35.28,34.594814,2025-01-22,11.0
36.488,35.598183,2025-01-23,11.0
29.472,30.888266,2025-01-24,11.0
45.708,33.494038,2025-01-25,11.0
45.08,32.069836,2025-01-26,11.0
22.86,31.334232,2025-01-27,11.0
32.872,36.558403,2025-01-28,11.0
30.908,39.830547,2025-01-29,11.0
35.96,34.74064,2025-01-30,11.0
17.3,37.17443,2025-01-31,11.0
17.928,32.27968,2025-02-01,11.0
18.52,33.47895,2025-02-02,11.0
19.972,27.998707,2025-02-03,11.0
24.148,28.108805,2025-02-04,11.0
20.96,26.140526,2025-02-05,11.0
26.672,28.286434,2025-02-06,11.0
25.34,25.87478,2025-02-07,11.0
41.24,25.197882,2025-02-08,11.0
31.012,23.825146,2025-02-09,11.0
25.048,24.776987,2025-02-10,11.0
23.88,28.138277,2025-02-11,11.0
26.96,28.536545,2025-02-12,11.0
20.828,27.492125,2025-02-13,11.0
21.48,26.08895,2025-02-14,11.0
17.072,25.860762,2025-02-15,11.0
24.228,24.2618,2025-02-16,11.0
27.932,26.00164,2025-02-17,11.0
11.336,23.71557,2025-02-18,11.0
20.32,22.476719,2025-02-19,11.0
26.1428,24.973305,2025-02-20,11.0
18.12,21.572214,2025-02-21,11.0
21.896,21.22393,2025-02-22,11.0
16.552,22.106018,2025-02-23,11.0
38.48,20.311823,2025-02-24,11.0
19.248,22.893991,2025-02-25,11.0
27.2,24.744703,2025-02-26,11.0
38.7028,25.012781,2025-02-27,11.0
28.48,23.5501,2025-02-28,11.0
24.928,25.403341,2025-03-01,11.0
20.828,22.30083,2025-03-02,11.0
26.24,22.809637,2025-03-03,11.0
22.592,23.725805,2025-03-04,11.0
12.388,25.620863,2025-03-05,11.0
19.42,23.942738,2025-03-06,11.0
11.568,24.491064,2025-03-07,11.0
28.311,22.291965,2025-03-08,11.0
19.688,21.928446,2025-03-09,11.0
31.11,23.524366,2025-03-10,11.0
13.36,21.807953,2025-03-11,11.0
28.012,24.33068,2025-03-12,11.0
14.528,20.98641,2025-03-13,11.0
13.528,20.29565,2025-03-14,11.0
22.12,18.90639,2025-03-15,11.0
10.92,18.017935,2025-03-16,11.0
20.9,18.901775,2025-03-17,11.0
12.18,18.599726,2025-03-18,11.0
19.28,22.414803,2025-03-19,11.0
11.0,20.862463,2025-03-20,11.0
13.892,21.333166,2025-03-21,11.0
12.0,19.196043,2025-03-22,11.0
28.52,17.166609,2025-03-23,11.0
20.948,17.306112,2025-03-24,11.0
12.532,18.31816,2025-03-25,11.0
19.536,21.70754,2025-03-26,11.0
11.6228,20.788809,2025-03-27,11.0
23.288,20.600422,2025-03-28,11.0
31.072,18.584837,2025-03-29,11.0
13.968,17.892527,2025-03-30,11.0
14.208,19.467894,2025-03-31,11.0
27.432,21.32305,2025-04-01,11.0
16.76,20.037336,2025-04-02,11.0
12.52,19.127203,2025-04-03,11.0
20.128,20.394247,2025-04-04,11.0
12.384,17.20247,2025-04-05,11.0
17.988,18.221273,2025-04-06,11.0
12.332,18.83784,2025-04-07,11.0
13.496,18.268972,2025-04-08,11.0
20.96,19.076586,2025-04-09,11.0
18.08,20.66642,2025-04-10,11.0
11.892,19.227545,2025-04-11,11.0
12.86,19.011908,2025-04-12,11.0
14.16,18.127787,2025-04-13,11.0
18.48,17.137531,2025-04-14,11.0
21.7,17.168379,2025-04-15,11.0
23.028,15.797619,2025-04-16,11.0
19.032,18.807127,2025-04-17,11.0
18.048,19.586487,2025-04-18,11.0
11.228,17.744394,2025-04-19,11.0
12.292,18.549213,2025-04-20,11.0
12.02,17.434635,2025-04-21,11.0
18.032,18.201044,2025-04-22,11.0
19.288,19.353445,2025-04-23,11.0
11.32,19.34634,2025-04-24,11.0
12.28,18.103111,2025-04-25,11.0
14.488,16.455202,2025-04-26,11.0
14.5028,17.841795,2025-04-27,11.0
18.32,15.410006,2025-04-28,11.0
19.248,16.654093,2025-04-29,11.0
21.98,17.786915,2025-04-30,11.0
18.708,19.88811,2025-05-01,11.0
23.064,18.309237,2025-05-02,11.0
13.8,14.43124,2025-05-03,11.0
13.508,16.4929,2025-05-04,11.0
10.108,16.257372,2025-05-05,11.0
17.6,17.304773,2025-05-06,11.0
16.8228,17.073336,2025-05-07,11.0
11.148,17.397203,2025-05-08,11.0
13.28,17.985323,2025-05-09,11.0
14.028,15.654445,2025-05-10,11.0
11.508,16.211487,2025-05-11,11.0
11.16,14.919678,2025-05-12,11.0
16.104,13.644711,2025-05-13,11.0
13.928,13.401189,2025-05-14,11.0
24.848,14.06572,2025-05-15,11.0
20.552,14.101685,2025-05-16,11.0
13.528,13.802827,2025-05-17,11.0
14.532,15.410369,2025-05-18,11.0
14.532,15.494119,2025-05-19,11.0
11.8,12.29379,2025-05-20,11.0
23.728,17.550734,2025-05-21,11.0
21.832,17.048437,2025-05-22,11.0
36.288,15.907093,2025-05-23,11.0
23.828,15.529968,2025-05-24,11.0
18.66,21.422508,2025-05-25,11.0
20.42,23.144545,2025-05-26,11.0
19.568,19.780176,2025-05-27,11.0
36.2628,19.978947,2025-05-28,11.0
28.496,19.54079,2025-05-29,11.0
29.112,22.425695,2025-05-30,11.0
29.58,21.430113,2025-05-31,11.0
28.028,24.41868,2025-06-01,11.0
27.72,23.162714,2025-06-02,11.0
39.672,23.066141,2025-06-03,11.0
38.36,25.876633,2025-06-04,11.0
35.62,24.539724,2025-06-05,11.0
30.548,28.682306,2025-06-06,11.0
36.592,25.838163,2025-06-07,11.0
32.728,26.311155,2025-06-08,11.0
36.08,27.621004,2025-06-09,11.0
37.08,25.661135,2025-06-10,11.0
29.548,29.015528,2025-06-11,11.0
38.932,32.92108,2025-06-12,11.0
23.532,29.80485,2025-06-13,11.0
30.228,25.316204,2025-06-14,11.0
25.86,26.37223,2025-06-15,11.0
25.0,26.68484,2025-06-16,11.0
2.5,5.9829264,2024-09-18,12.0
9.99,5.77034,2024-09-19,12.0
8.69,5.9733686,2024-09-20,12.0
8.21,6.0451097,2024-09-21,12.0
4.1,6.81947,2024-09-22,12.0
9.36,6.7467775,2024-09-23,12.0
2.49,6.2758713,2024-09-24,12.0
5.74,6.691517,2024-09-25,12.0
11.55,7.048922,2024-09-26,12.0
10.91,6.4690447,2024-09-27,12.0
12.43,6.704438,2024-09-28,12.0
8.428,8.064476,2024-09-29,12.0
8.3,7.969082,2024-09-30,12.0
8.09,8.213718,2024-10-01,12.0
8.91,8.768333,2024-10-02,12.0
10.03,9.155363,2024-10-03,12.0
10.64,7.896339,2024-10-04,12.0
10.38,7.823539,2024-10-05,12.0
14.69,8.916769,2024-10-06,12.0
9.828,9.025921,2024-10-07,12.0
12.81,9.94185,2024-10-08,12.0
12.08,11.122883,2024-10-09,12.0
13.42,10.36547,2024-10-10,12.0
7.97,9.577403,2024-10-11,12.0
9.96,9.607866,2024-10-12,12.0
8.63,10.676273,2024-10-13,12.0
10.58,10.1410675,2024-10-14,12.0
12.42,9.772908,2024-10-15,12.0
14.29,9.427446,2024-10-16,12.0
8.45,10.745735,2024-10-17,12.0
8.75,11.053051,2024-10-18,12.0
10.01,10.893441,2024-10-19,12.0
3.74,9.78853,2024-10-20,12.0
9.05,9.802971,2024-10-21,12.0
9.46,8.16247,2024-10-22,12.0
10.75,7.95584,2024-10-23,12.0
1.65,9.4923525,2024-10-24,12.0
7.76,9.544086,2024-10-25,12.0
12.09,8.022272,2024-10-26,12.0
9.3,7.625187,2024-10-27,12.0
3.4,8.206038,2024-10-28,12.0
17.1,7.5090837,2024-10-29,12.0
6.83,8.196142,2024-10-30,12.0
10.46,9.036228,2024-10-31,12.0
10.1,9.685669,2024-11-01,12.0
3.47,10.169253,2024-11-02,12.0
3.23,10.651276,2024-11-03,12.0
10.61,11.0735855,2024-11-04,12.0
2.96,8.984358,2024-11-05,12.0
10.95,8.805565,2024-11-06,12.0
12.39,8.846884,2024-11-07,12.0
10.33,7.7103605,2024-11-08,12.0
4.77,8.147551,2024-11-09,12.0
10.86,9.028646,2024-11-10,12.0
10.51,7.975127,2024-11-11,12.0
13.52,8.019322,2024-11-12,12.0
8.87,10.158752,2024-11-13,12.0
8.08,10.618793,2024-11-14,12.0
8.21,9.857706,2024-11-15,12.0
9.44,9.09399,2024-11-16,12.0
7.35,10.867054,2024-11-17,12.0
7.53,9.15467,2024-11-18,12.0
6.58,8.028618,2024-11-19,12.0
12.23,8.632826,2024-11-20,12.0
12.98,8.413992,2024-11-21,12.0
9.546667,9.4225,2024-11-22,12.0
5.8933334,9.8468,2024-11-23,12.0
7.48,9.835306,2024-11-24,12.0
9.883333,9.078417,2024-11-25,12.0
7.6866665,7.951582,2024-11-26,12.0
10.683333,10.427887,2024-11-27,12.0
10.2275,9.183975,2024-11-28,12.0
9.546667,8.037848,2024-11-29,12.0
12.211,8.054188,2024-11-30,12.0
12.1,9.0182905,2024-12-01,12.0
9.66,11.894846,2024-12-02,12.0
10.828,10.226608,2024-12-03,12.0
12.49,11.912695,2024-12-04,12.0
16.02,11.743618,2024-12-05,12.0
10.21,9.141939,2024-12-06,12.0
16.62,10.360674,2024-12-07,12.0
10.72,10.996017,2024-12-08,12.0
13.23,10.752074,2024-12-09,12.0
12.62,11.797421,2024-12-10,12.0
18.82,13.638509,2024-12-11,12.0
14.09,14.40744,2024-12-12,12.0
3.928,12.023685,2024-12-13,12.0
5.31,13.244051,2024-12-14,12.0
17.26,11.121761,2024-12-15,12.0
10.13,12.457896,2024-12-16,12.0
7.7,10.994196,2024-12-17,12.0
14.05,15.106861,2024-12-18,12.0
13.72,13.910128,2024-12-19,12.0
13.27,14.458801,2024-12-20,12.0
16.19,11.350876,2024-12-21,12.0
10.99,16.54661,2024-12-22,12.0
11.25,13.851131,2024-12-23,12.0
9.45,15.813555,2024-12-24,12.0
12.83,17.980612,2024-12-25,12.0
3.83,15.951981,2024-12-26,12.0
12.51,11.567143,2024-12-27,12.0
12.31,10.128126,2024-12-28,12.0
5.67,9.724713,2024-12-29,12.0
12.62,11.259024,2024-12-30,12.0
14.28,10.680459,2024-12-31,12.0
12.97,15.2822275,2025-01-01,12.0
13.29,14.076177,2025-01-02,12.0
8.11,13.353397,2025-01-03,12.0
10.98,10.163793,2025-01-04,12.0
19.12,11.152426,2025-01-05,12.0
10.3,10.2443695,2025-01-06,12.0
9.5,11.067492,2025-01-07,12.0
16.67,13.124428,2025-01-08,12.0
23.76,11.307069,2025-01-09,12.0
9.18,12.383789,2025-01-10,12.0
9.75,12.481538,2025-01-11,12.0
7.61,13.016611,2025-01-12,12.0
9.22,12.506609,2025-01-13,12.0
13.44,13.962223,2025-01-14,12.0
24.67,13.939087,2025-01-15,12.0
10.0,13.268089,2025-01-16,12.0
9.04,14.774351,2025-01-17,12.0
18.62,16.410555,2025-01-18,12.0
7.66,15.8749275,2025-01-19,12.0
10.4,15.718063,2025-01-20,12.0
11.28,13.196775,2025-01-21,12.0
21.7,15.286671,2025-01-22,12.0
12.67,15.028105,2025-01-23,12.0
14.18,14.018791,2025-01-24,12.0
8.25,15.465,2025-01-25,12.0
6.77,14.080347,2025-01-26,12.0
8.57,14.566208,2025-01-27,12.0
20.88,13.987686,2025-01-28,12.0
9.28,13.987164,2025-01-29,12.0
13.85,14.697042,2025-01-30,12.0
7.38,16.492512,2025-01-31,12.0
13.91,12.305155,2025-02-01,12.0
10.42,13.991834,2025-02-02,12.0
12.63,11.593426,2025-02-03,12.0
12.5,12.260494,2025-02-04,12.0
12.64,12.115686,2025-02-05,12.0
17.02,14.263039,2025-02-06,12.0
4.12,13.387183,2025-02-07,12.0
11.17,12.634895,2025-02-08,12.0
18.12,11.006007,2025-02-09,12.0
9.11,11.9655905,2025-02-10,12.0
10.52,12.165165,2025-02-11,12.0
14.25,12.990098,2025-02-12,12.0
10.72,12.542217,2025-02-13,12.0
14.55,11.40162,2025-02-14,12.0
22.52,11.161407,2025-02-15,12.0
23.76,10.762866,2025-02-16,12.0
10.29,13.380611,2025-02-17,12.0
10.48,15.890685,2025-02-18,12.0
8.59,14.921043,2025-02-19,12.0
18.49,16.583035,2025-02-20,12.0
13.59,14.653898,2025-02-21,12.0
12.91,14.380331,2025-02-22,12.0
10.13,14.624912,2025-02-23,12.0
19.66,13.571882,2025-02-24,12.0
12.12,14.884605,2025-02-25,12.0
12.03,15.334789,2025-02-26,12.0
3.3,16.61772,2025-02-27,12.0
1.97,14.294784,2025-02-28,12.0
11.13,13.457143,2025-03-01,12.0
19.62,9.426082,2025-03-02,12.0
10.17,9.722185,2025-03-03,12.0
13.33,11.458725,2025-03-04,12.0
9.06,12.067413,2025-03-05,12.0
19.92,11.865538,2025-03-06,12.0
13.37,13.530058,2025-03-07,12.0
5.01,11.995363,2025-03-08,12.0
10.49,12.669058,2025-03-09,12.0
4.86,13.190179,2025-03-10,12.0
12.08,11.314432,2025-03-11,12.0
9.13,10.805231,2025-03-12,12.0
10.06,9.935712,2025-03-13,12.0
12.11,12.814466,2025-03-14,12.0
8.58,10.319705,2025-03-15,12.0
14.02,10.582006,2025-03-16,12.0
9.05,10.048088,2025-03-17,12.0
7.11,9.5317135,2025-03-18,12.0
9.01,12.719357,2025-03-19,12.0
13.79,11.654442,2025-03-20,12.0
8.97,10.231097,2025-03-21,12.0
4.23,11.009669,2025-03-22,12.0
3.17,10.28985,2025-03-23,12.0
10.05,9.866331,2025-03-24,12.0
4.028,10.475788,2025-03-25,12.0
5.18,11.916486,2025-03-26,12.0
7.72,10.99537,2025-03-27,12.0
10.628,9.489034,2025-03-28,12.0
5.73,9.954735,2025-03-29,12.0
4.39,7.9785485,2025-03-30,12.0
12.15,7.547876,2025-03-31,12.0
8.32,7.000427,2025-04-01,12.0
7.08,8.374588,2025-04-02,12.0
3.99,8.214878,2025-04-03,12.0
10.59,8.008467,2025-04-04,12.0
4.7,7.449397,2025-04-05,12.0
4.828,7.6774426,2025-04-06,12.0
4.68,7.964883,2025-04-07,12.0
5.14,7.1208467,2025-04-08,12.0
8.71,7.6745753,2025-04-09,12.0
7.25,7.3494577,2025-04-10,12.0
8.05,7.6042585,2025-04-11,12.0
10.46,7.355524,2025-04-12,12.0
9.48,7.635387,2025-04-13,12.0
10.6,8.01066,2025-04-14,12.0
10.54,8.582984,2025-04-15,12.0
9.01,9.118225,2025-04-16,12.0
10.49,10.094564,2025-04-17,12.0
9.51,9.802006,2025-04-18,12.0
10.22,7.9069777,2025-04-19,12.0
6.2,9.232358,2025-04-20,12.0
5.25,8.660624,2025-04-21,12.0
8.46,8.329002,2025-04-22,12.0
5.71,8.935586,2025-04-23,12.0
10.76,9.153737,2025-04-24,12.0
12.12,8.537651,2025-04-25,12.0
10.59,7.6934047,2025-04-26,12.0
10.64,9.306893,2025-04-27,12.0
12.06,8.479746,2025-04-28,12.0
9.76,9.553555,2025-04-29,12.0
12.92,10.723928,2025-04-30,12.0
12.03,12.5033655,2025-05-01,12.0
12.67,10.077845,2025-05-02,12.0
7.78,9.276403,2025-05-03,12.0
12.03,10.827505,2025-05-04,12.0
7.25,8.462232,2025-05-05,12.0
7.53,9.713756,2025-05-06,12.0
8.92,10.0653715,2025-05-07,12.0
10.31,10.430169,2025-05-08,12.0
10.51,10.035822,2025-05-09,12.0
10.66,9.831024,2025-05-10,12.0
12.32,9.485458,2025-05-11,12.0
9.73,9.128623,2025-05-12,12.0
11.33,8.323787,2025-05-13,12.0
9.4,9.602065,2025-05-14,12.0
12.28,9.700113,2025-05-15,12.0
8.33,10.22558,2025-05-16,12.0
10.1,8.856774,2025-05-17,12.0
9.25,8.766631,2025-05-18,12.0
7.82,9.05629,2025-05-19,12.0
12.39,7.523571,2025-05-20,12.0
9.9,10.085383,2025-05-21,12.0
4.11,10.144378,2025-05-22,12.0
9.66,9.841737,2025-05-23,12.0
12.72,7.8347797,2025-05-24,12.0
10.45,8.377149,2025-05-25,12.0
13.07,9.081994,2025-05-26,12.0
10.69,8.653213,2025-05-27,12.0
10.55,10.082566,2025-05-28,12.0
10.3,11.240789,2025-05-29,12.0
9.52,10.311143,2025-05-30,12.0
10.22,9.027096,2025-05-31,12.0
6.57,8.312805,2025-06-01,12.0
10.6,7.6984076,2025-06-02,12.0
9.74,8.2151785,2025-06-03,12.0
14.25,9.130391,2025-06-04,12.0
10.43,9.038943,2025-06-05,12.0
8.56,9.143887,2025-06-06,12.0
16.2,9.321916,2025-06-07,12.0
10.78,8.019182,2025-06-08,12.0
10.88,9.326254,2025-06-09,12.0
10.53,8.09122,2025-06-10,12.0
10.19,11.892099,2025-06-11,12.0
10.52,11.194343,2025-06-12,12.0
7.45,11.844559,2025-06-13,12.0
8.5,9.502012,2025-06-14,12.0
6.45,8.985511,2025-06-15,12.0
7.0,8.978099,2025-06-16,12.0
18.148,8.00232,2024-09-18,13.0
20.711,7.6217837,2024-09-19,13.0
11.911,8.954863,2024-09-20,13.0
16.608,10.491875,2024-09-21,13.0
17.72,10.461602,2024-09-22,13.0
9.38,10.606054,2024-09-23,13.0
16.668,10.895804,2024-09-24,13.0
23.952,11.782993,2024-09-25,13.0
39.752,12.582893,2024-09-26,13.0
16.588,15.511412,2024-09-27,13.0
20.11,16.954062,2024-09-28,13.0
33.788,19.831041,2024-09-29,13.0
27.872,16.298784,2024-09-30,13.0
16.288,18.357601,2024-10-01,13.0
24.2228,22.68558,2024-10-02,13.0
10.028,25.519613,2024-10-03,13.0
19.228,22.98706,2024-10-04,13.0
18.972,22.108564,2024-10-05,13.0
32.4,20.810865,2024-10-06,13.0
14.732,19.755018,2024-10-07,13.0
13.388,20.99127,2024-10-08,13.0
32.928,24.89297,2024-10-09,13.0
11.592,17.968435,2024-10-10,13.0
31.288,19.926743,2024-10-11,13.0
14.86,16.011028,2024-10-12,13.0
25.828,18.915312,2024-10-13,13.0
25.028,20.643255,2024-10-14,13.0
17.664,18.741047,2024-10-15,13.0
27.108,21.28821,2024-10-16,13.0
13.732,19.276024,2024-10-17,13.0
33.936,24.825827,2024-10-18,13.0
10.732,17.64924,2024-10-19,13.0
33.748,22.41993,2024-10-20,13.0
33.652,20.191187,2024-10-21,13.0
22.3,17.543198,2024-10-22,13.0
24.46,24.776762,2024-10-23,13.0
25.212,25.449823,2024-10-24,13.0
29.64,26.513456,2024-10-25,13.0
39.32,19.964994,2024-10-26,13.0
13.256,27.5874,2024-10-27,13.0
29.072,23.56154,2024-10-28,13.0
23.46,23.660795,2024-10-29,13.0
42.828,24.386005,2024-10-30,13.0
11.88,26.143137,2024-10-31,13.0
49.72,23.475954,2024-11-01,13.0
13.4,25.519426,2024-11-02,13.0
42.1428,25.11326,2024-11-03,13.0
25.336,33.879993,2024-11-04,13.0
22.252,26.434778,2024-11-05,13.0
26.12,33.116394,2024-11-06,13.0
41.32,28.753803,2024-11-07,13.0
31.86,30.051836,2024-11-08,13.0
24.792,22.446665,2024-11-09,13.0
41.176,32.116714,2024-11-10,13.0
20.228,25.663284,2024-11-11,13.0
28.102,31.400763,2024-11-12,13.0
9.488,34.39666,2024-11-13,13.0
48.452,30.38733,2024-11-14,13.0
39.38,26.988802,2024-11-15,13.0
25.26,25.271055,2024-11-16,13.0
35.74,33.008427,2024-11-17,13.0
24.008,27.866621,2024-11-18,13.0
39.172,28.747972,2024-11-19,13.0
11.9,30.350447,2024-11-20,13.0
35.42,31.67779,2024-11-21,13.0
45.22,27.732159,2024-11-22,13.0
42.272,28.838728,2024-11-23,13.0
39.68667,30.327396,2024-11-24,13.0
26.194666,31.913698,2024-11-25,13.0
33.845333,34.480892,2024-11-26,13.0
17.182667,31.962986,2024-11-27,13.0
35.268,39.291653,2024-11-28,13.0
41.545,28.346725,2024-11-29,13.0
41.4216,25.878696,2024-11-30,13.0
56.96,32.63423,2024-12-01,13.0
42.432,36.49562,2024-12-02,13.0
48.62,33.97667,2024-12-03,13.0
76.428,38.531563,2024-12-04,13.0
46.372,43.686424,2024-12-05,13.0
44.96,34.435112,2024-12-06,13.0
64.28,45.065548,2024-12-07,13.0
69.028,41.023705,2024-12-08,13.0
37.376,40.33307,2024-12-09,13.0
62.064,51.446434,2024-12-10,13.0
56.368,52.93408,2024-12-11,13.0
50.02,51.363518,2024-12-12,13.0
52.78,58.071762,2024-12-13,13.0
28.552,47.36367,2024-12-14,13.0
70.828,40.863403,2024-12-15,13.0
63.488,54.125378,2024-12-16,13.0
72.42,50.546482,2024-12-17,13.0
51.96,52.61167,2024-12-18,13.0
43.3,56.943443,2024-12-19,13.0
56.792,56.40082,2024-12-20,13.0
67.668,41.945564,2024-12-21,13.0
67.692,51.689426,2024-12-22,13.0
75.176,49.376457,2024-12-23,13.0
69.332,57.68714,2024-12-24,13.0
74.7,60.548977,2024-12-25,13.0
62.752,61.02123,2024-12-26,13.0
79.28,51.634163,2024-12-27,13.0
70.508,50.11183,2024-12-28,13.0
69.728,57.79319,2024-12-29,13.0
66.72,63.98309,2024-12-30,13.0
71.24,65.72506,2024-12-31,13.0
65.428,67.05873,2025-01-01,13.0
75.72,63.682533,2025-01-02,13.0
71.02,66.308846,2025-01-03,13.0
73.86,62.79041,2025-01-04,13.0
73.448,65.22695,2025-01-05,13.0
43.28,64.778244,2025-01-06,13.0
81.9428,65.63145,2025-01-07,13.0
56.608,65.2246,2025-01-08,13.0
58.8,63.903717,2025-01-09,13.0
84.3,64.96458,2025-01-10,13.0
65.9,61.688835,2025-01-11,13.0
71.048,61.99337,2025-01-12,13.0
71.784,65.24965,2025-01-13,13.0
46.328,64.1534,2025-01-14,13.0
76.14,63.146976,2025-01-15,13.0
55.308,62.701237,2025-01-16,13.0
73.572,55.010895,2025-01-17,13.0
54.38,59.37809,2025-01-18,13.0
61.352,60.32762,2025-01-19,13.0
55.848,61.437904,2025-01-20,13.0
60.592,54.5092,2025-01-21,13.0
57.908,58.781677,2025-01-22,13.0
56.268,55.353344,2025-01-23,13.0
58.64,60.583027,2025-01-24,13.0
52.944,56.392067,2025-01-25,13.0
56.288,54.17867,2025-01-26,13.0
66.028,56.323982,2025-01-27,13.0
73.168,58.812145,2025-01-28,13.0
64.96,60.459625,2025-01-29,13.0
53.9028,58.266315,2025-01-30,13.0
72.412,60.34659,2025-01-31,13.0
50.228,57.285595,2025-02-01,13.0
70.072,59.650513,2025-02-02,13.0
72.76,59.052174,2025-02-03,13.0
54.48,56.307014,2025-02-04,13.0
56.672,63.6313,2025-02-05,13.0
68.256,64.95258,2025-02-06,13.0
63.28,62.8768,2025-02-07,13.0
54.68,61.7328,2025-02-08,13.0
55.432,61.391647,2025-02-09,13.0
58.392,60.2519,2025-02-10,13.0
60.2,60.63499,2025-02-11,13.0
55.908,61.783516,2025-02-12,13.0
56.452,58.036343,2025-02-13,13.0
46.376,59.40818,2025-02-14,13.0
51.032,59.77513,2025-02-15,13.0
45.208,53.475445,2025-02-16,13.0
28.672,56.068073,2025-02-17,13.0
24.36,52.224632,2025-02-18,13.0
41.792,42.855644,2025-02-19,13.0
50.496,44.77162,2025-02-20,13.0
48.28,39.143665,2025-02-21,13.0
60.784,36.350548,2025-02-22,13.0
37.12,36.879593,2025-02-23,13.0
64.176,42.512524,2025-02-24,13.0
58.911,47.616394,2025-02-25,13.0
36.06,46.01642,2025-02-26,13.0
26.268,50.112175,2025-02-27,13.0
30.032,50.061417,2025-02-28,13.0
50.88,44.436256,2025-03-01,13.0
52.62,35.808495,2025-03-02,13.0
33.548,37.637924,2025-03-03,13.0
45.864,37.47048,2025-03-04,13.0
28.76,42.69896,2025-03-05,13.0
36.568,42.312428,2025-03-06,13.0
35.7,41.328228,2025-03-07,13.0
39.92,36.445786,2025-03-08,13.0
19.88,36.951332,2025-03-09,13.0
42.548,41.87771,2025-03-10,13.0
18.132,35.515404,2025-03-11,13.0
23.292,32.029156,2025-03-12,13.0
33.668,34.812195,2025-03-13,13.0
28.25,29.119375,2025-03-14,13.0
25.792,26.616306,2025-03-15,13.0
25.668,28.023115,2025-03-16,13.0
10.772,28.567326,2025-03-17,13.0
10.428,24.589474,2025-03-18,13.0
13.52,31.793108,2025-03-19,13.0
18.108,27.551893,2025-03-20,13.0
19.472,23.818773,2025-03-21,13.0
11.792,23.523045,2025-03-22,13.0
6.176,22.598356,2025-03-23,13.0
19.3028,20.774061,2025-03-24,13.0
14.576,19.620647,2025-03-25,13.0
17.511,19.904324,2025-03-26,13.0
13.46,20.147203,2025-03-27,13.0
14.652,20.73791,2025-03-28,13.0
17.776,18.576689,2025-03-29,13.0
5.352,16.15352,2025-03-30,13.0
12.88,15.005544,2025-03-31,13.0
17.088,13.292192,2025-04-01,13.0
10.952,15.207793,2025-04-02,13.0
17.432,15.288738,2025-04-03,13.0
11.812,15.632131,2025-04-04,13.0
18.772,13.795568,2025-04-05,13.0
18.28,14.647688,2025-04-06,13.0
12.308,14.559887,2025-04-07,13.0
18.732,14.05335,2025-04-08,13.0
18.812,15.701989,2025-04-09,13.0
12.32,16.473269,2025-04-10,13.0
8.68,16.008045,2025-04-11,13.0
24.096,15.5408945,2025-04-12,13.0
16.232,13.366622,2025-04-13,13.0
22.24,15.748343,2025-04-14,13.0
16.72,17.09323,2025-04-15,13.0
17.711,16.26596,2025-04-16,13.0
25.448,18.50189,2025-04-17,13.0
23.82,16.73767,2025-04-18,13.0
16.48,13.302517,2025-04-19,13.0
10.92,16.587807,2025-04-20,13.0
10.24,19.039112,2025-04-21,13.0
6.908,16.373978,2025-04-22,13.0
10.272,18.113653,2025-04-23,13.0
32.5,17.365646,2025-04-24,13.0
11.708,13.637538,2025-04-25,13.0
7.68,13.969015,2025-04-26,13.0
16.32,17.81388,2025-04-27,13.0
9.912,13.139158,2025-04-28,13.0
18.711,12.812445,2025-04-29,13.0
14.696,15.329311,2025-04-30,13.0
10.972,16.646866,2025-05-01,13.0
17.64,11.97307,2025-05-02,13.0
7.748,12.361948,2025-05-03,13.0
10.5428,12.39653,2025-05-04,13.0
12.016,9.247425,2025-05-05,13.0
18.792,10.574921,2025-05-06,13.0
13.832,11.151056,2025-05-07,13.0
12.828,15.085929,2025-05-08,13.0
11.136,14.035946,2025-05-09,13.0
10.304,11.990934,2025-05-10,13.0
12.92,12.278469,2025-05-11,13.0
31.288,9.462299,2025-05-12,13.0
16.46,8.971534,2025-05-13,13.0
10.11,12.68396,2025-05-14,13.0
16.72,16.751657,2025-05-15,13.0
13.12,13.967886,2025-05-16,13.0
17.692,11.691814,2025-05-17,13.0
9.416,11.351224,2025-05-18,13.0
16.272,12.539989,2025-05-19,13.0
10.032,10.211772,2025-05-20,13.0
25.736,15.693876,2025-05-21,13.0
33.352,15.941166,2025-05-22,13.0
14.208,13.950254,2025-05-23,13.0
10.132,15.743183,2025-05-24,13.0
10.7,17.834055,2025-05-25,13.0
12.12,15.80767,2025-05-26,13.0
10.968,12.52952,2025-05-27,13.0
14.092,15.16843,2025-05-28,13.0
23.48,13.004528,2025-05-29,13.0
10.52,14.124822,2025-05-30,13.0
13.258,14.178832,2025-05-31,13.0
9.172,12.180733,2025-06-01,13.0
13.228,11.423189,2025-06-02,13.0
10.811,10.750534,2025-06-03,13.0
26.78,11.169573,2025-06-04,13.0
10.928,11.150941,2025-06-05,13.0
11.372,11.628135,2025-06-06,13.0
12.76,13.637362,2025-06-07,13.0
13.38,9.668973,2025-06-08,13.0
11.288,12.21237,2025-06-09,13.0
11.36,9.738724,2025-06-10,13.0
9.8,15.281457,2025-06-11,13.0
10.0,13.877325,2025-06-12,13.0
20.88,15.200615,2025-06-13,13.0
10.68,9.175022,2025-06-14,13.0
11.0,9.812337,2025-06-15,13.0
18.42323,11.599249,2025-06-16,13.0
23.528,28.21768,2024-09-18,14.0
25.768,27.911457,2024-09-19,14.0
18.772,22.927147,2024-09-20,14.0
22.258,24.658318,2024-09-21,14.0
18.28,22.557234,2024-09-22,14.0
12.6,23.02252,2024-09-23,14.0
10.8628,24.221888,2024-09-24,14.0
13.976,22.737818,2024-09-25,14.0
41.224,19.139193,2024-09-26,14.0
28.376,17.977987,2024-09-27,14.0
27.132,18.089674,2024-09-28,14.0
27.228,22.370699,2024-09-29,14.0
28.452,21.994787,2024-09-30,14.0
24.012,22.019575,2024-10-01,14.0
17.748,25.072435,2024-10-02,14.0
20.268,27.098772,2024-10-03,14.0
19.028,24.604988,2024-10-04,14.0
21.828,22.325354,2024-10-05,14.0
22.852,23.700914,2024-10-06,14.0
24.532,23.163021,2024-10-07,14.0
22.168,21.492262,2024-10-08,14.0
21.311,23.027704,2024-10-09,14.0
22.228,22.424772,2024-10-10,14.0
22.252,18.809824,2024-10-11,14.0
23.296,18.362848,2024-10-12,14.0
22.76,20.309614,2024-10-13,14.0
23.12,21.907516,2024-10-14,14.0
21.984,20.0656,2024-10-15,14.0
22.896,21.11704,2024-10-16,14.0
21.9028,20.92591,2024-10-17,14.0
26.36,21.219633,2024-10-18,14.0
21.008,20.114199,2024-10-19,14.0
23.288,20.597582,2024-10-20,14.0
25.102,22.105625,2024-10-21,14.0
23.432,21.218067,2024-10-22,14.0
28.136,21.21502,2024-10-23,14.0
23.384,23.772207,2024-10-24,14.0
26.928,23.237894,2024-10-25,14.0
28.768,20.962557,2024-10-26,14.0
20.2628,23.279882,2024-10-27,14.0
27.108,23.174934,2024-10-28,14.0
21.588,20.366808,2024-10-29,14.0
25.911,22.913836,2024-10-30,14.0
28.86,25.102709,2024-10-31,14.0
25.98,22.233011,2024-11-01,14.0
32.72,23.981195,2024-11-02,14.0
31.112,24.334314,2024-11-03,14.0
27.728,28.55115,2024-11-04,14.0
32.528,27.872244,2024-11-05,14.0
33.592,28.79893,2024-11-06,14.0
29.128,28.46603,2024-11-07,14.0
28.852,28.732527,2024-11-08,14.0
29.188,28.595083,2024-11-09,14.0
44.12,28.12828,2024-11-10,14.0
32.672,30.00814,2024-11-11,14.0
32.472,27.889204,2024-11-12,14.0
32.568,32.80285,2024-11-13,14.0
25.648,32.189133,2024-11-14,14.0
32.392,31.168661,2024-11-15,14.0
41.568,27.38966,2024-11-16,14.0
32.102,29.900255,2024-11-17,14.0
32.792,28.800606,2024-11-18,14.0
35.668,31.991537,2024-11-19,14.0
31.748,32.86404,2024-11-20,14.0
6.112,31.462927,2024-11-21,14.0
36.074665,33.53513,2024-11-22,14.0
25.492,27.815857,2024-11-23,14.0
35.808,24.09844,2024-11-24,14.0
31.0628,29.111383,2024-11-25,14.0
33.556,24.884321,2024-11-26,14.0
32.636,29.065016,2024-11-27,14.0
30.878666,32.638767,2024-11-28,14.0
36.622,30.35123,2024-11-29,14.0
42.998,22.991468,2024-11-30,14.0
45.172,30.640177,2024-12-01,14.0
39.788,31.53759,2024-12-02,14.0
45.652,31.878368,2024-12-03,14.0
49.376,36.882442,2024-12-04,14.0
46.5828,39.18776,2024-12-05,14.0
49.208,34.339554,2024-12-06,14.0
48.102,34.376232,2024-12-07,14.0
45.44,35.96019,2024-12-08,14.0
44.176,36.806904,2024-12-09,14.0
45.52,41.176407,2024-12-10,14.0
51.592,45.893173,2024-12-11,14.0
45.14,46.274277,2024-12-12,14.0
46.56,43.89446,2024-12-13,14.0
32.14,41.291817,2024-12-14,14.0
51.26,36.41386,2024-12-15,14.0
51.86,45.419155,2024-12-16,14.0
53.168,42.50513,2024-12-17,14.0
49.4,46.691578,2024-12-18,14.0
49.3828,48.742966,2024-12-19,14.0
44.72,50.073647,2024-12-20,14.0
46.028,37.908287,2024-12-21,14.0
49.856,50.12693,2024-12-22,14.0
47.192,44.25522,2024-12-23,14.0
44.26,50.16871,2024-12-24,14.0
47.94,55.330727,2024-12-25,14.0
48.928,50.73585,2024-12-26,14.0
45.58,37.146473,2024-12-27,14.0
43.272,36.95564,2024-12-28,14.0
47.508,37.36707,2024-12-29,14.0
47.988,37.84201,2024-12-30,14.0
50.64,45.6141,2024-12-31,14.0
43.3028,52.44366,2025-01-01,14.0
46.456,43.65082,2025-01-02,14.0
44.232,48.471985,2025-01-03,14.0
44.3,43.784195,2025-01-04,14.0
49.32,44.415302,2025-01-05,14.0
46.172,42.795784,2025-01-06,14.0
47.258,44.69917,2025-01-07,14.0
53.211,46.203876,2025-01-08,14.0
51.228,47.791466,2025-01-09,14.0
49.092,47.37084,2025-01-10,14.0
47.8,43.812183,2025-01-11,14.0
48.828,46.8712,2025-01-12,14.0
48.72,47.87745,2025-01-13,14.0
31.492,47.48864,2025-01-14,14.0
47.088,51.64725,2025-01-15,14.0
51.68,48.02133,2025-01-16,14.0
45.62,41.494957,2025-01-17,14.0
41.292,43.938606,2025-01-18,14.0
46.168,46.47094,2025-01-19,14.0
48.911,49.91572,2025-01-20,14.0
43.228,38.764847,2025-01-21,14.0
53.02,48.18675,2025-01-22,14.0
43.5,44.25956,2025-01-23,14.0
44.3,44.922676,2025-01-24,14.0
44.88,48.235176,2025-01-25,14.0
28.98,43.65179,2025-01-26,14.0
39.932,44.398163,2025-01-27,14.0
28.888,48.483093,2025-01-28,14.0
39.42,47.572086,2025-01-29,14.0
44.972,42.617188,2025-01-30,14.0
46.48,42.313366,2025-01-31,14.0
38.52,37.750797,2025-02-01,14.0
43.268,42.707848,2025-02-02,14.0
44.628,39.284115,2025-02-03,14.0
48.664,37.77977,2025-02-04,14.0
48.8,43.91722,2025-02-05,14.0
51.696,46.69218,2025-02-06,14.0
50.772,45.92374,2025-02-07,14.0
50.412,47.689148,2025-02-08,14.0
46.908,46.345074,2025-02-09,14.0
47.12,46.700817,2025-02-10,14.0
44.64,48.362446,2025-02-11,14.0
46.58,50.898575,2025-02-12,14.0
42.032,48.938133,2025-02-13,14.0
41.096,47.704704,2025-02-14,14.0
45.72,48.085995,2025-02-15,14.0
45.052,42.590767,2025-02-16,14.0
44.46,46.907917,2025-02-17,14.0
48.168,45.171555,2025-02-18,14.0
49.0,39.342228,2025-02-19,14.0
52.24,45.42622,2025-02-20,14.0
47.9028,44.01586,2025-02-21,14.0
46.6,40.69676,2025-02-22,14.0
45.128,40.601192,2025-02-23,14.0
51.528,45.67919,2025-02-24,14.0
50.52,50.04818,2025-02-25,14.0
50.052,52.495903,2025-02-26,14.0
42.096,52.568405,2025-02-27,14.0
17.652,48.72539,2025-02-28,14.0
48.092,48.443554,2025-03-01,14.0
43.228,39.042175,2025-03-02,14.0
49.011,34.750267,2025-03-03,14.0
41.448,39.804726,2025-03-04,14.0
37.78,42.55635,2025-03-05,14.0
27.92,46.755188,2025-03-06,14.0
33.548,44.48572,2025-03-07,14.0
25.944,39.14792,2025-03-08,14.0
36.948,36.31125,2025-03-09,14.0
25.48,43.110386,2025-03-10,14.0
32.06,36.444412,2025-03-11,14.0
26.808,34.200134,2025-03-12,14.0
26.252,29.481638,2025-03-13,14.0
21.772,30.85063,2025-03-14,14.0
24.258,26.265793,2025-03-15,14.0
19.08,25.63036,2025-03-16,14.0
25.1,23.722609,2025-03-17,14.0
23.288,24.308802,2025-03-18,14.0
23.864,26.639894,2025-03-19,14.0
24.56,27.591328,2025-03-20,14.0
27.828,25.952784,2025-03-21,14.0
24.852,24.807198,2025-03-22,14.0
19.6,24.53232,2025-03-23,14.0
25.248,23.023441,2025-03-24,14.0
24.96,22.912058,2025-03-25,14.0
25.12,23.92339,2025-03-26,14.0
27.06,25.189827,2025-03-27,14.0
22.068,26.089247,2025-03-28,14.0
31.9028,24.346992,2025-03-29,14.0
30.048,23.59759,2025-03-30,14.0
25.808,22.166903,2025-03-31,14.0
31.264,23.677454,2025-04-01,14.0
24.496,24.75934,2025-04-02,14.0
20.852,24.564545,2025-04-03,14.0
25.972,26.103903,2025-04-04,14.0
20.08,24.795952,2025-04-05,14.0
22.16,23.565645,2025-04-06,14.0
26.688,23.416119,2025-04-07,14.0
25.912,22.825178,2025-04-08,14.0
28.72,22.632572,2025-04-09,14.0
28.328,24.454168,2025-04-10,14.0
28.352,25.809076,2025-04-11,14.0
24.288,24.050545,2025-04-12,14.0
27.5,25.470045,2025-04-13,14.0
28.692,25.998043,2025-04-14,14.0
31.616,25.63519,2025-04-15,14.0
30.9428,25.422832,2025-04-16,14.0
21.736,25.624952,2025-04-17,14.0
27.472,23.572405,2025-04-18,14.0
22.832,21.278566,2025-04-19,14.0
22.08,24.119196,2025-04-20,14.0
22.68,24.485956,2025-04-21,14.0
23.812,25.11551,2025-04-22,14.0
26.332,26.521666,2025-04-23,14.0
24.48,26.821892,2025-04-24,14.0
27.708,25.601477,2025-04-25,14.0
21.452,22.741684,2025-04-26,14.0
18.892,26.411465,2025-04-27,14.0
24.848,23.301785,2025-04-28,14.0
24.768,25.747047,2025-04-29,14.0
21.428,26.58977,2025-04-30,14.0
23.864,28.819265,2025-05-01,14.0
26.588,24.686226,2025-05-02,14.0
21.6,20.636623,2025-05-03,14.0
20.028,23.420137,2025-05-04,14.0
24.652,21.339941,2025-05-05,14.0
19.028,21.945257,2025-05-06,14.0
23.0,23.331944,2025-05-07,14.0
21.432,24.968948,2025-05-08,14.0
21.42,21.030401,2025-05-09,14.0
24.708,19.992662,2025-05-10,14.0
24.112,23.116583,2025-05-11,14.0
24.14,22.510286,2025-05-12,14.0
23.572,20.919098,2025-05-13,14.0
22.456,22.869852,2025-05-14,14.0
21.932,22.734026,2025-05-15,14.0
25.092,21.184072,2025-05-16,14.0
24.08,18.649837,2025-05-17,14.0
26.976,20.069078,2025-05-18,14.0
32.76,22.090834,2025-05-19,14.0
28.5828,18.957384,2025-05-20,14.0
25.896,25.80475,2025-05-21,14.0
26.2,26.891258,2025-05-22,14.0
31.3028,25.051886,2025-05-23,14.0
30.812,21.141426,2025-05-24,14.0
30.832,26.359304,2025-05-25,14.0
25.78,27.48884,2025-05-26,14.0
31.612,25.725397,2025-05-27,14.0
31.258,28.01074,2025-05-28,14.0
28.0,27.219248,2025-05-29,14.0
30.94,28.897718,2025-05-30,14.0
28.96,25.767076,2025-05-31,14.0
19.5,27.374636,2025-06-01,14.0
29.98,24.860855,2025-06-02,14.0
29.232,24.030409,2025-06-03,14.0
26.288,25.049494,2025-06-04,14.0
32.792,27.096506,2025-06-05,14.0
31.856,24.040674,2025-06-06,14.0
23.692,22.9321,2025-06-07,14.0
31.668,26.64829,2025-06-08,14.0
32.912,25.480715,2025-06-09,14.0
32.768,20.494457,2025-06-10,14.0
33.48,29.342825,2025-06-11,14.0
25.032,31.111496,2025-06-12,14.0
23.648,28.62208,2025-06-13,14.0
24.96,23.844301,2025-06-14,14.0
19.052,24.914293,2025-06-15,14.0
20.0,23.121042,2025-06-16,14.0
17.788,11.222549,2024-09-18,15.0
7.252,10.055998,2024-09-19,15.0
22.66,10.423667,2024-09-20,15.0
22.072,9.437618,2024-09-21,15.0
9.256,10.540083,2024-09-22,15.0
5.8628,15.008774,2024-09-23,15.0
12.376,14.292891,2024-09-24,15.0
14.692,12.609188,2024-09-25,15.0
30.332,12.576431,2024-09-26,15.0
27.936,14.346725,2024-09-27,15.0
25.56,12.094071,2024-09-28,15.0
24.028,17.387629,2024-09-29,15.0
22.132,19.102865,2024-09-30,15.0
26.188,18.94545,2024-10-01,15.0
17.5028,21.470148,2024-10-02,15.0
21.548,24.563175,2024-10-03,15.0
21.0,22.940348,2024-10-04,15.0
24.06,20.01558,2024-10-05,15.0
29.072,21.479216,2024-10-06,15.0
16.488,21.893503,2024-10-07,15.0
23.752,22.162634,2024-10-08,15.0
23.428,22.42792,2024-10-09,15.0
20.096,22.507883,2024-10-10,15.0
29.252,20.71907,2024-10-11,15.0
19.24,18.912981,2024-10-12,15.0
20.492,21.02784,2024-10-13,15.0
20.76,23.163298,2024-10-14,15.0
19.736,22.672146,2024-10-15,15.0
16.412,20.34405,2024-10-16,15.0
32.452,22.777279,2024-10-17,15.0
21.828,22.936232,2024-10-18,15.0
23.012,20.325438,2024-10-19,15.0
17.24,24.468176,2024-10-20,15.0
22.552,22.366297,2024-10-21,15.0
19.488,22.531706,2024-10-22,15.0
17.512,20.91271,2024-10-23,15.0
17.568,23.504616,2024-10-24,15.0
16.772,20.130543,2024-10-25,15.0
10.108,19.090513,2024-10-26,15.0
25.572,18.528646,2024-10-27,15.0
17.8,18.224346,2024-10-28,15.0
16.66,16.120941,2024-10-29,15.0
21.72,19.385813,2024-10-30,15.0
14.828,19.98448,2024-10-31,15.0
11.808,17.739962,2024-11-01,15.0
21.3828,18.731272,2024-11-02,15.0
25.708,19.49346,2024-11-03,15.0
17.24,20.707865,2024-11-04,15.0
21.258,24.749647,2024-11-05,15.0
31.0,22.707407,2024-11-06,15.0
22.432,21.332552,2024-11-07,15.0
32.808,21.897686,2024-11-08,15.0
23.224,21.110455,2024-11-09,15.0
33.376,21.177984,2024-11-10,15.0
18.784,25.224195,2024-11-11,15.0
16.28,22.919466,2024-11-12,15.0
35.976,24.89467,2024-11-13,15.0
27.68,24.116533,2024-11-14,15.0
26.64,24.189617,2024-11-15,15.0
20.072,23.02286,2024-11-16,15.0
33.848,26.766386,2024-11-17,15.0
23.584,23.863352,2024-11-18,15.0
20.576,25.73731,2024-11-19,15.0
27.512,27.692057,2024-11-20,15.0
19.928,22.372194,2024-11-21,15.0
21.08,28.052431,2024-11-22,15.0
21.56,23.6228,2024-11-23,15.0
30.977333,23.229029,2024-11-24,15.0
19.869333,21.50707,2024-11-25,15.0
19.441334,24.875895,2024-11-26,15.0
31.496,25.433416,2024-11-27,15.0
21.22,25.10974,2024-11-28,15.0
24.084,25.214413,2024-11-29,15.0
26.12228,22.748777,2024-11-30,15.0
27.928,23.239569,2024-12-01,15.0
32.1,26.169086,2024-12-02,15.0
26.56,25.72999,2024-12-03,15.0
32.258,27.292757,2024-12-04,15.0
21.272,29.106462,2024-12-05,15.0
37.14,24.577728,2024-12-06,15.0
22.1,24.08061,2024-12-07,15.0
32.728,24.614828,2024-12-08,15.0
16.72,24.226553,2024-12-09,15.0
30.912,25.425356,2024-12-10,15.0
36.3,28.249239,2024-12-11,15.0
26.428,26.44779,2024-12-12,15.0
31.424,27.790232,2024-12-13,15.0
20.936,24.672155,2024-12-14,15.0
32.5428,25.745031,2024-12-15,15.0
31.056,27.396162,2024-12-16,15.0
28.992,26.599977,2024-12-17,15.0
35.96,27.170763,2024-12-18,15.0
30.94,32.191578,2024-12-19,15.0
25.92,32.862354,2024-12-20,15.0
28.788,24.989,2024-12-21,15.0
36.824,32.366062,2024-12-22,15.0
25.08,29.109638,2024-12-23,15.0
25.668,33.155727,2024-12-24,15.0
20.972,34.70912,2024-12-25,15.0
32.428,32.432617,2024-12-26,15.0
24.776,27.511013,2024-12-27,15.0
24.312,25.590584,2024-12-28,15.0
31.328,25.243423,2024-12-29,15.0
25.312,24.699076,2024-12-30,15.0
13.072,28.231106,2024-12-31,15.0
30.228,31.891394,2025-01-01,15.0
46.708,26.922693,2025-01-02,15.0
32.692,25.765005,2025-01-03,15.0
47.211,24.765902,2025-01-04,15.0
32.168,28.351604,2025-01-05,15.0
35.0,28.146738,2025-01-06,15.0
32.9,30.321041,2025-01-07,15.0
26.86,29.531878,2025-01-08,15.0
30.568,29.18086,2025-01-09,15.0
27.8628,30.436018,2025-01-10,15.0
41.188,29.335032,2025-01-11,15.0
35.72,28.333794,2025-01-12,15.0
37.46,31.56021,2025-01-13,15.0
20.8,30.090593,2025-01-14,15.0
23.64,34.149933,2025-01-15,15.0
38.58,32.87863,2025-01-16,15.0
28.052,29.22459,2025-01-17,15.0
23.8,29.719912,2025-01-18,15.0
26.576,30.971981,2025-01-19,15.0
29.64,33.76803,2025-01-20,15.0
21.784,25.179691,2025-01-21,15.0
31.428,30.8646,2025-01-22,15.0
24.828,29.893887,2025-01-23,15.0
35.11,26.894743,2025-01-24,15.0
36.82,28.550652,2025-01-25,15.0
42.2,27.453152,2025-01-26,15.0
42.928,28.004871,2025-01-27,15.0
43.82,29.88798,2025-01-28,15.0
28.072,32.772,2025-01-29,15.0
41.128,33.19053,2025-01-30,15.0
25.12,36.601837,2025-01-31,15.0
42.448,31.869555,2025-02-01,15.0
50.5428,36.235527,2025-02-02,15.0
29.736,32.64805,2025-02-03,15.0
46.2228,34.576904,2025-02-04,15.0
45.028,40.37011,2025-02-05,15.0
38.936,38.540222,2025-02-06,15.0
28.812,39.4152,2025-02-07,15.0
56.94,40.526768,2025-02-08,15.0
54.28,34.519623,2025-02-09,15.0
45.12,38.52321,2025-02-10,15.0
43.38,44.069862,2025-02-11,15.0
38.292,40.88114,2025-02-12,15.0
50.812,43.193336,2025-02-13,15.0
51.432,43.83994,2025-02-14,15.0
37.48,40.629623,2025-02-15,15.0
28.792,40.246964,2025-02-16,15.0
45.868,45.316475,2025-02-17,15.0
35.46,39.123154,2025-02-18,15.0
46.54,33.311493,2025-02-19,15.0
42.748,38.818287,2025-02-20,15.0
41.872,35.276634,2025-02-21,15.0
47.88,33.36566,2025-02-22,15.0
47.528,33.332863,2025-02-23,15.0
38.102,35.990616,2025-02-24,15.0
46.032,37.709244,2025-02-25,15.0
38.848,41.989944,2025-02-26,15.0
44.5,39.554348,2025-02-27,15.0
16.452,39.54432,2025-02-28,15.0
24.428,36.092606,2025-03-01,15.0
41.52,32.69905,2025-03-02,15.0
24.748,31.041971,2025-03-03,15.0
45.1428,31.106565,2025-03-04,15.0
25.856,32.5443,2025-03-05,15.0
24.032,30.664206,2025-03-06,15.0
28.02,34.47769,2025-03-07,15.0
31.12,29.803827,2025-03-08,15.0
28.56,29.354357,2025-03-09,15.0
23.96,31.565315,2025-03-10,15.0
29.788,30.001753,2025-03-11,15.0
17.9428,27.812262,2025-03-12,15.0
32.12,27.027346,2025-03-13,15.0
25.216,26.455824,2025-03-14,15.0
33.792,23.633162,2025-03-15,15.0
24.86,25.370691,2025-03-16,15.0
24.58,25.284485,2025-03-17,15.0
14.08,25.394001,2025-03-18,15.0
32.792,29.511494,2025-03-19,15.0
24.568,28.139734,2025-03-20,15.0
16.911,23.842447,2025-03-21,15.0
26.376,26.139288,2025-03-22,15.0
10.4228,24.233404,2025-03-23,15.0
37.828,23.89383,2025-03-24,15.0
31.412,22.307814,2025-03-25,15.0
23.088,24.58195,2025-03-26,15.0
25.832,26.40154,2025-03-27,15.0
35.528,28.080458,2025-03-28,15.0
24.228,25.041813,2025-03-29,15.0
7.36,24.735472,2025-03-30,15.0
16.58,25.319017,2025-03-31,15.0
30.18,20.749765,2025-04-01,15.0
44.26,22.651619,2025-04-02,15.0
17.98,21.331732,2025-04-03,15.0
33.06,23.086447,2025-04-04,15.0
17.258,22.275343,2025-04-05,15.0
23.0,23.223425,2025-04-06,15.0
20.428,23.732782,2025-04-07,15.0
13.392,21.241129,2025-04-08,15.0
37.528,22.953611,2025-04-09,15.0
18.872,22.592682,2025-04-10,15.0
24.42,23.741617,2025-04-11,15.0
25.92,21.563591,2025-04-12,15.0
32.748,22.983648,2025-04-13,15.0
45.1828,24.213762,2025-04-14,15.0
23.308,23.070536,2025-04-15,15.0
23.172,25.453466,2025-04-16,15.0
14.648,26.002497,2025-04-17,15.0
23.008,24.656631,2025-04-18,15.0
17.192,19.156534,2025-04-19,15.0
10.592,22.127089,2025-04-20,15.0
21.148,22.563314,2025-04-21,15.0
19.0,21.301035,2025-04-22,15.0
20.98,24.040781,2025-04-23,15.0
30.088,22.133142,2025-04-24,15.0
17.672,21.843176,2025-04-25,15.0
20.102,19.542654,2025-04-26,15.0
23.92,22.52679,2025-04-27,15.0
18.288,17.7376,2025-04-28,15.0
21.12,20.585924,2025-04-29,15.0
23.74,23.443636,2025-04-30,15.0
14.172,22.73098,2025-05-01,15.0
26.096,19.816387,2025-05-02,15.0
19.9828,18.09285,2025-05-03,15.0
19.428,18.598948,2025-05-04,15.0
19.48,19.586199,2025-05-05,15.0
20.332,19.424885,2025-05-06,15.0
23.296,17.709124,2025-05-07,15.0
19.752,20.917747,2025-05-08,15.0
23.92,19.456694,2025-05-09,15.0
21.368,17.795313,2025-05-10,15.0
14.612,20.57971,2025-05-11,15.0
20.868,18.603949,2025-05-12,15.0
11.052,17.157284,2025-05-13,15.0
22.428,17.25485,2025-05-14,15.0
20.252,17.63226,2025-05-15,15.0
21.04,15.266738,2025-05-16,15.0
18.188,14.633971,2025-05-17,15.0
18.468,15.243454,2025-05-18,15.0
21.332,17.514599,2025-05-19,15.0
14.92,13.814864,2025-05-20,15.0
20.76,19.465033,2025-05-21,15.0
20.32,16.592817,2025-05-22,15.0
21.772,17.4503,2025-05-23,15.0
14.056,14.108705,2025-05-24,15.0
14.68,18.298895,2025-05-25,15.0
18.212,18.07247,2025-05-26,15.0
16.46,15.041389,2025-05-27,15.0
19.8,18.753,2025-05-28,15.0
13.48,16.241018,2025-05-29,15.0
19.528,16.958395,2025-05-30,15.0
11.06,14.06406,2025-05-31,15.0
9.102,13.584779,2025-06-01,15.0
20.048,12.911059,2025-06-02,15.0
11.032,12.134883,2025-06-03,15.0
17.176,14.429649,2025-06-04,15.0
20.744,13.710888,2025-06-05,15.0
16.248,13.121719,2025-06-06,15.0
18.1,12.707314,2025-06-07,15.0
20.372,13.374814,2025-06-08,15.0
17.168,13.974071,2025-06-09,15.0
14.48,12.163962,2025-06-10,15.0
17.1,19.377008,2025-06-11,15.0
14.6,16.90226,2025-06-12,15.0
9.48,16.684246,2025-06-13,15.0
8.972,13.967049,2025-06-14,15.0
6.748,13.103718,2025-06-15,15.0
7.86,11.758646,2025-06-16,15.0
4.656,14.266506,2024-09-18,16.0
22.132,11.561193,2024-09-19,16.0
14.548,10.404449,2024-09-20,16.0
13.0,11.330359,2024-09-21,16.0
11.2,13.678564,2024-09-22,16.0
5.84,12.3237095,2024-09-23,16.0
16.512,12.335436,2024-09-24,16.0
8.88,12.586421,2024-09-25,16.0
9.432,13.116959,2024-09-26,16.0
10.468,12.290827,2024-09-27,16.0
22.372,12.394663,2024-09-28,16.0
10.108,11.828907,2024-09-29,16.0
14.16,13.117901,2024-09-30,16.0
12.56,14.277221,2024-10-01,16.0
23.38,13.537806,2024-10-02,16.0
13.288,17.567137,2024-10-03,16.0
25.92,16.343538,2024-10-04,16.0
11.072,14.06094,2024-10-05,16.0
12.92,16.870378,2024-10-06,16.0
14.3,17.532133,2024-10-07,16.0
14.228,14.447021,2024-10-08,16.0
18.908,16.213646,2024-10-09,16.0
12.828,15.360442,2024-10-10,16.0
14.102,16.02854,2024-10-11,16.0
14.528,14.812242,2024-10-12,16.0
10.464,17.701221,2024-10-13,16.0
19.336,15.659103,2024-10-14,16.0
14.3828,14.177061,2024-10-15,16.0
24.256,15.197857,2024-10-16,16.0
11.5428,16.241108,2024-10-17,16.0
18.776,18.45899,2024-10-18,16.0
24.48,17.59923,2024-10-19,16.0
13.028,17.26987,2024-10-20,16.0
27.304,19.454515,2024-10-21,16.0
27.656,17.836454,2024-10-22,16.0
23.352,18.726053,2024-10-23,16.0
25.072,21.774508,2024-10-24,16.0
24.728,24.373041,2024-10-25,16.0
42.74,21.727901,2024-10-26,16.0
37.2,23.945375,2024-10-27,16.0
36.948,26.625893,2024-10-28,16.0
32.592,26.31751,2024-10-29,16.0
18.76,32.098534,2024-10-30,16.0
41.22,32.83915,2024-10-31,16.0
29.092,27.930933,2024-11-01,16.0
36.92,29.53413,2024-11-02,16.0
33.52,29.665415,2024-11-03,16.0
26.36,33.55067,2024-11-04,16.0
50.136,33.629913,2024-11-05,16.0
32.912,32.38717,2024-11-06,16.0
28.96,34.34178,2024-11-07,16.0
13.66,32.970818,2024-11-08,16.0
27.528,32.978127,2024-11-09,16.0
35.66,30.604977,2024-11-10,16.0
32.011,28.687866,2024-11-11,16.0
27.128,29.560776,2024-11-12,16.0
25.6,29.353842,2024-11-13,16.0
38.12,32.363136,2024-11-14,16.0
37.22,27.172243,2024-11-15,16.0
38.628,26.347563,2024-11-16,16.0
30.332,28.20674,2024-11-17,16.0
39.6,27.355776,2024-11-18,16.0
54.028,29.408064,2024-11-19,16.0
29.256,31.335897,2024-11-20,16.0
39.528,32.835648,2024-11-21,16.0
26.657333,35.363705,2024-11-22,16.0
25.362667,31.997301,2024-11-23,16.0
33.170666,32.660885,2024-11-24,16.0
32.657333,29.825521,2024-11-25,16.0
43.7628,27.012312,2024-11-26,16.0
29.39101,30.809626,2024-11-27,16.0
32.51117,39.23535,2024-11-28,16.0
33.01219,31.214201,2024-11-29,16.0
29.312,27.660585,2024-11-30,16.0
23.68,28.745981,2024-12-01,16.0
17.32,30.728956,2024-12-02,16.0
23.932,27.24959,2024-12-03,16.0
23.056,28.97554,2024-12-04,16.0
28.472,30.259226,2024-12-05,16.0
23.72,24.17227,2024-12-06,16.0
18.272,24.643858,2024-12-07,16.0
27.6,24.854538,2024-12-08,16.0
17.936,22.610128,2024-12-09,16.0
26.1428,21.368029,2024-12-10,16.0
20.258,24.562735,2024-12-11,16.0
27.56,24.114439,2024-12-12,16.0
22.292,20.036747,2024-12-13,16.0
20.088,21.696081,2024-12-14,16.0
28.752,22.127516,2024-12-15,16.0
25.52,24.148323,2024-12-16,16.0
13.176,25.257433,2024-12-17,16.0
22.3028,26.899755,2024-12-18,16.0
23.776,27.398367,2024-12-19,16.0
11.36,24.55948,2024-12-20,16.0
24.6,21.117498,2024-12-21,16.0
25.552,25.01422,2024-12-22,16.0
20.52,19.926714,2024-12-23,16.0
29.7,24.439787,2024-12-24,16.0
18.82,27.98462,2024-12-25,16.0
16.32,24.450792,2024-12-26,16.0
20.728,20.218878,2024-12-27,16.0
24.912,19.033815,2024-12-28,16.0
19.14,17.885094,2024-12-29,16.0
33.268,20.643852,2024-12-30,16.0
31.96,21.97503,2024-12-31,16.0
30.56,27.914766,2025-01-01,16.0
29.252,28.359602,2025-01-02,16.0
27.308,27.356276,2025-01-03,16.0
20.692,24.515795,2025-01-04,16.0
24.052,27.272589,2025-01-05,16.0
26.888,24.785852,2025-01-06,16.0
22.711,24.984522,2025-01-07,16.0
23.548,25.67364,2025-01-08,16.0
22.78,26.076082,2025-01-09,16.0
27.048,26.190413,2025-01-10,16.0
30.1828,24.703579,2025-01-11,16.0
26.856,25.802162,2025-01-12,16.0
22.064,25.994932,2025-01-13,16.0
23.488,27.305405,2025-01-14,16.0
11.992,29.886984,2025-01-15,16.0
22.296,24.734106,2025-01-16,16.0
21.552,24.380709,2025-01-17,16.0
20.64,24.018621,2025-01-18,16.0
17.288,25.820457,2025-01-19,16.0
22.0228,25.175571,2025-01-20,16.0
17.72,20.782328,2025-01-21,16.0
23.108,24.688269,2025-01-22,16.0
29.548,24.383533,2025-01-23,16.0
24.92,21.56134,2025-01-24,16.0
26.6,24.585531,2025-01-25,16.0
19.092,24.231207,2025-01-26,16.0
21.2,23.50347,2025-01-27,16.0
16.468,25.498537,2025-01-28,16.0
23.3028,25.080107,2025-01-29,16.0
28.188,24.124052,2025-01-30,16.0
16.32,25.498222,2025-01-31,16.0
20.108,22.939302,2025-02-01,16.0
22.864,25.177774,2025-02-02,16.0
20.258,22.132025,2025-02-03,16.0
19.0,23.499887,2025-02-04,16.0
23.852,24.79537,2025-02-05,16.0
29.268,25.099709,2025-02-06,16.0
21.612,24.04347,2025-02-07,16.0
14.48,24.30776,2025-02-08,16.0
16.808,22.916792,2025-02-09,16.0
21.928,21.547907,2025-02-10,16.0
28.84,22.219557,2025-02-11,16.0
25.811,23.69478,2025-02-12,16.0
33.008,24.183767,2025-02-13,16.0
19.18,24.290134,2025-02-14,16.0
26.86,25.028255,2025-02-15,16.0
14.711,24.489126,2025-02-16,16.0
22.256,24.75246,2025-02-17,16.0
25.612,24.879068,2025-02-18,16.0
19.708,21.873724,2025-02-19,16.0
28.692,26.570871,2025-02-20,16.0
22.572,23.685461,2025-02-21,16.0
17.176,23.519224,2025-02-22,16.0
23.84,24.084658,2025-02-23,16.0
25.311,22.541803,2025-02-24,16.0
19.952,23.23532,2025-02-25,16.0
14.748,24.499758,2025-02-26,16.0
22.1,25.18367,2025-02-27,16.0
20.648,21.528135,2025-02-28,16.0
22.052,21.981054,2025-03-01,16.0
17.148,19.084686,2025-03-02,16.0
20.8,19.210588,2025-03-03,16.0
28.76,21.693441,2025-03-04,16.0
31.192,21.051462,2025-03-05,16.0
28.428,21.712744,2025-03-06,16.0
26.74,24.103983,2025-03-07,16.0
31.42,24.5324,2025-03-08,16.0
29.072,25.178144,2025-03-09,16.0
17.056,27.711664,2025-03-10,16.0
25.252,26.77262,2025-03-11,16.0
49.988,27.08259,2025-03-12,16.0
46.5028,23.278706,2025-03-13,16.0
47.016,25.749208,2025-03-14,16.0
38.652,26.066315,2025-03-15,16.0
30.428,28.348555,2025-03-16,16.0
35.732,31.834772,2025-03-17,16.0
42.368,30.809622,2025-03-18,16.0
44.86,34.278854,2025-03-19,16.0
43.48,36.88755,2025-03-20,16.0
41.972,38.6191,2025-03-21,16.0
33.12,36.187447,2025-03-22,16.0
58.248,37.764847,2025-03-23,16.0
33.08,36.279594,2025-03-24,16.0
53.22,37.468094,2025-03-25,16.0
43.4,43.792885,2025-03-26,16.0
46.492,44.161987,2025-03-27,16.0
41.628,48.561596,2025-03-28,16.0
50.62,42.280704,2025-03-29,16.0
33.86,40.067074,2025-03-30,16.0
17.2,38.818554,2025-03-31,16.0
38.452,43.43736,2025-04-01,16.0
26.456,35.758865,2025-04-02,16.0
35.664,36.846992,2025-04-03,16.0
22.52,35.90529,2025-04-04,16.0
35.908,32.99646,2025-04-05,16.0
27.1,30.531988,2025-04-06,16.0
35.28,28.933443,2025-04-07,16.0
22.28,29.332857,2025-04-08,16.0
26.928,26.206057,2025-04-09,16.0
43.28,29.876493,2025-04-10,16.0
23.102,27.791864,2025-04-11,16.0
24.0,29.70732,2025-04-12,16.0
39.112,30.019829,2025-04-13,16.0
21.388,30.270903,2025-04-14,16.0
24.62,28.930494,2025-04-15,16.0
36.472,29.782602,2025-04-16,16.0
28.812,26.183084,2025-04-17,16.0
26.972,24.108156,2025-04-18,16.0
13.028,25.938662,2025-04-19,16.0
30.8228,26.134886,2025-04-20,16.0
33.548,23.725077,2025-04-21,16.0
21.108,26.343771,2025-04-22,16.0
25.852,27.985016,2025-04-23,16.0
21.708,28.590055,2025-04-24,16.0
20.704,27.320553,2025-04-25,16.0
25.708,25.05057,2025-04-26,16.0
33.92,27.66211,2025-04-27,16.0
19.58,22.96106,2025-04-28,16.0
21.08,28.857634,2025-04-29,16.0
26.38,30.359674,2025-04-30,16.0
11.628,27.405518,2025-05-01,16.0
4.572,24.893688,2025-05-02,16.0
32.211,19.374252,2025-05-03,16.0
23.768,16.899174,2025-05-04,16.0
25.9,18.72006,2025-05-05,16.0
20.42,24.291376,2025-05-06,16.0
22.728,22.221622,2025-05-07,16.0
17.972,23.401323,2025-05-08,16.0
18.508,23.027178,2025-05-09,16.0
19.472,20.238695,2025-05-10,16.0
22.008,20.640589,2025-05-11,16.0
16.428,21.588083,2025-05-12,16.0
10.932,18.695618,2025-05-13,16.0
22.86,21.206987,2025-05-14,16.0
17.848,17.539925,2025-05-15,16.0
19.211,17.207872,2025-05-16,16.0
13.092,16.586378,2025-05-17,16.0
8.668,17.058756,2025-05-18,16.0
19.092,16.528522,2025-05-19,16.0
10.128,12.733435,2025-05-20,16.0
24.488,17.45003,2025-05-21,16.0
9.72,15.87327,2025-05-22,16.0
8.132,17.035551,2025-05-23,16.0
24.72,13.778612,2025-05-24,16.0
8.28,13.966099,2025-05-25,16.0
9.5,16.26917,2025-05-26,16.0
5.311,13.601613,2025-05-27,16.0
13.76,13.497557,2025-05-28,16.0
17.648,11.906025,2025-05-29,16.0
7.872,12.364166,2025-05-30,16.0
12.008,10.358185,2025-05-31,16.0
8.392,9.680819,2025-06-01,16.0
9.12,10.275675,2025-06-02,16.0
12.888,9.82303,2025-06-03,16.0
25.248,10.880337,2025-06-04,16.0
14.672,10.402982,2025-06-05,16.0
14.911,12.501017,2025-06-06,16.0
10.096,14.154479,2025-06-07,16.0
14.5028,11.865149,2025-06-08,16.0
10.288,13.976914,2025-06-09,16.0
5.288,11.549662,2025-06-10,16.0
21.552,15.300138,2025-06-11,16.0
1.792,12.8000145,2025-06-12,16.0
10.392,16.480652,2025-06-13,16.0
16.12,11.570063,2025-06-14,16.0
10.448,10.131414,2025-06-15,16.0
10.224,11.689371,2025-06-16,16.0
4.2,5.521057,2024-09-18,17.0
7.18,5.486966,2024-09-19,17.0
17.14,5.4599094,2024-09-20,17.0
7.52,5.348349,2024-09-21,17.0
10.76,6.638993,2024-09-22,17.0
5.19,6.9309783,2024-09-23,17.0
7.97,6.7250056,2024-09-24,17.0
12.3,7.096187,2024-09-25,17.0
5.51,6.7400656,2024-09-26,17.0
3.91,7.383386,2024-09-27,17.0
10.42,6.7132273,2024-09-28,17.0
8.88,6.782715,2024-09-29,17.0
8.79,6.525629,2024-09-30,17.0
7.35,6.989562,2024-10-01,17.0
7.59,7.655739,2024-10-02,17.0
4.75,8.318964,2024-10-03,17.0
10.81,8.141179,2024-10-04,17.0
8.03,7.20473,2024-10-05,17.0
9.06,8.142665,2024-10-06,17.0
9.23,7.060273,2024-10-07,17.0
8.35,7.601434,2024-10-08,17.0
10.24,8.32649,2024-10-09,17.0
9.75,8.004331,2024-10-10,17.0
2.6,7.695924,2024-10-11,17.0
9.72,7.4337344,2024-10-12,17.0
9.59,7.6636686,2024-10-13,17.0
4.53,7.36248,2024-10-14,17.0
2.18,7.5579033,2024-10-15,17.0
16.33,7.809224,2024-10-16,17.0
5.52,7.2895184,2024-10-17,17.0
13.72,7.527525,2024-10-18,17.0
16.12,7.9385853,2024-10-19,17.0
2.68,7.238761,2024-10-20,17.0
10.71,8.170281,2024-10-21,17.0
10.05,7.605061,2024-10-22,17.0
9.63,7.6423426,2024-10-23,17.0
9.67,8.197742,2024-10-24,17.0
2.01,9.31704,2024-10-25,17.0
10.89,7.8993173,2024-10-26,17.0
9.58,7.7813063,2024-10-27,17.0
9.56,7.367556,2024-10-28,17.0
9.26,7.057424,2024-10-29,17.0
9.028,8.443211,2024-10-30,17.0
12.55,8.874044,2024-10-31,17.0
2.26,8.25871,2024-11-01,17.0
9.57,9.224785,2024-11-02,17.0
10.27,8.297497,2024-11-03,17.0
9.33,8.141464,2024-11-04,17.0
10.23,8.222842,2024-11-05,17.0
10.28,8.992292,2024-11-06,17.0
2.13,8.072296,2024-11-07,17.0
2.36,8.31776,2024-11-08,17.0
11.75,7.915593,2024-11-09,17.0
12.14,6.8172903,2024-11-10,17.0
10.19,7.390134,2024-11-11,17.0
12.7,8.385698,2024-11-12,17.0
9.71,8.65987,2024-11-13,17.0
10.18,9.324656,2024-11-14,17.0
3.29,9.312068,2024-11-15,17.0
9.628,8.488153,2024-11-16,17.0
5.45,8.607254,2024-11-17,17.0
12.76,8.186118,2024-11-18,17.0
12.46,7.4241023,2024-11-19,17.0
12.23,8.25445,2024-11-20,17.0
7.75,9.589612,2024-11-21,17.0
10.23,8.875608,2024-11-22,17.0
10.653334,9.027524,2024-11-23,17.0
9.62,8.450443,2024-11-24,17.0
10.76,8.388721,2024-11-25,17.0
12.13,7.9278235,2024-11-26,17.0
10.073334,9.946514,2024-11-27,17.0
8.1125,10.177372,2024-11-28,17.0
4.526,9.271999,2024-11-29,17.0
8.025,8.011701,2024-11-30,17.0
10.87,8.259556,2024-12-01,17.0
10.17,9.820133,2024-12-02,17.0
13.19,8.352351,2024-12-03,17.0
12.43,9.884401,2024-12-04,17.0
1.61,10.332905,2024-12-05,17.0
11.828,9.249169,2024-12-06,17.0
16.26,8.071643,2024-12-07,17.0
11.2,7.7607145,2024-12-08,17.0
8.8,8.378717,2024-12-09,17.0
14.73,9.556219,2024-12-10,17.0
13.09,11.048981,2024-12-11,17.0
12.61,11.624735,2024-12-12,17.0
10.38,10.544819,2024-12-13,17.0
10.71,9.684784,2024-12-14,17.0
9.528,9.7247,2024-12-15,17.0
14.66,11.766061,2024-12-16,17.0
9.28,10.039753,2024-12-17,17.0
22.05,12.3547535,2024-12-18,17.0
10.43,13.91569,2024-12-19,17.0
8.11,14.253912,2024-12-20,17.0
10.128,12.24589,2024-12-21,17.0
11.02,14.386687,2024-12-22,17.0
2.08,10.748855,2024-12-23,17.0
10.78,11.092157,2024-12-24,17.0
18.66,13.417885,2024-12-25,17.0
12.91,12.110904,2024-12-26,17.0
13.93,11.165356,2024-12-27,17.0
9.93,10.289331,2024-12-28,17.0
9.39,9.150753,2024-12-29,17.0
21.09,9.773972,2024-12-30,17.0
14.77,9.769231,2024-12-31,17.0
18.12,13.727818,2025-01-01,17.0
11.15,13.915468,2025-01-02,17.0
18.36,14.155989,2025-01-03,17.0
10.6,12.629591,2025-01-04,17.0
14.38,13.56575,2025-01-05,17.0
13.99,12.409815,2025-01-06,17.0
9.85,13.655268,2025-01-07,17.0
13.64,14.819511,2025-01-08,17.0
17.82,12.983318,2025-01-09,17.0
5.82,13.560436,2025-01-10,17.0
10.66,12.898607,2025-01-11,17.0
11.77,12.919118,2025-01-12,17.0
8.74,12.243837,2025-01-13,17.0
0.55,13.789016,2025-01-14,17.0
11.75,14.640871,2025-01-15,17.0
12.3,11.299475,2025-01-16,17.0
12.82,11.75917,2025-01-17,17.0
11.88,12.387806,2025-01-18,17.0
13.13,13.181928,2025-01-19,17.0
1.58,11.581419,2025-01-20,17.0
16.5,10.841295,2025-01-21,17.0
17.26,12.057403,2025-01-22,17.0
10.09,11.6519575,2025-01-23,17.0
12.78,11.356535,2025-01-24,17.0
11.93,11.979145,2025-01-25,17.0
14.79,11.666072,2025-01-26,17.0
13.428,12.270798,2025-01-27,17.0
14.67,13.501528,2025-01-28,17.0
10.79,14.029136,2025-01-29,17.0
12.96,14.986073,2025-01-30,17.0
7.42,14.573437,2025-01-31,17.0
9.49,11.002227,2025-02-01,17.0
17.77,11.84584,2025-02-02,17.0
8.46,10.553106,2025-02-03,17.0
17.28,12.363679,2025-02-04,17.0
14.85,12.596258,2025-02-05,17.0
2.728,13.626917,2025-02-06,17.0
11.1,13.197359,2025-02-07,17.0
18.46,11.560787,2025-02-08,17.0
16.97,10.184615,2025-02-09,17.0
12.928,12.058697,2025-02-10,17.0
11.45,12.711433,2025-02-11,17.0
14.528,13.211367,2025-02-12,17.0
16.01,13.522977,2025-02-13,17.0
8.4,12.100677,2025-02-14,17.0
12.58,11.929025,2025-02-15,17.0
10.15,11.852979,2025-02-16,17.0
13.95,12.894253,2025-02-17,17.0
3.828,12.751144,2025-02-18,17.0
14.8,11.5609665,2025-02-19,17.0
0.81,11.979937,2025-02-20,17.0
0.828,10.501289,2025-02-21,17.0
16.29,10.096453,2025-02-22,17.0
19.33,8.034041,2025-02-23,17.0
14.36,9.045717,2025-02-24,17.0
16.3,11.652561,2025-02-25,17.0
13.8,12.575419,2025-02-26,17.0
0.76,13.220223,2025-02-27,17.0
12.19,12.474253,2025-02-28,17.0
12.38,11.490809,2025-03-01,17.0
16.25,8.94507,2025-03-02,17.0
13.1,9.955269,2025-03-03,17.0
0.88,12.335918,2025-03-04,17.0
14.7,11.54974,2025-03-05,17.0
8.87,11.216626,2025-03-06,17.0
6.67,12.012466,2025-03-07,17.0
7.92,10.713273,2025-03-08,17.0
10.1,10.350477,2025-03-09,17.0
0.99,10.854334,2025-03-10,17.0
0.77,9.546722,2025-03-11,17.0
13.5,9.815044,2025-03-12,17.0
8.31,7.9108562,2025-03-13,17.0
5.28,9.778547,2025-03-14,17.0
1.23,8.059079,2025-03-15,17.0
5.8,6.880038,2025-03-16,17.0
5.97,7.110841,2025-03-17,17.0
2.59,6.769993,2025-03-18,17.0
1.14,7.8344865,2025-03-19,17.0
10.72,7.2711926,2025-03-20,17.0
1.31,6.779044,2025-03-21,17.0
9.02,7.241783,2025-03-22,17.0
6.81,6.3514733,2025-03-23,17.0
6.32,6.664542,2025-03-24,17.0
3.75,8.347259,2025-03-25,17.0
6.3,9.721334,2025-03-26,17.0
2.95,8.171633,2025-03-27,17.0
10.528,6.7888765,2025-03-28,17.0
1.28,7.1210423,2025-03-29,17.0
6.59,6.3860946,2025-03-30,17.0
1.86,6.242759,2025-03-31,17.0
5.37,6.727269,2025-04-01,17.0
1.23,7.0038686,2025-04-02,17.0
4.87,6.5518646,2025-04-03,17.0
1.13,6.0336733,2025-04-04,17.0
5.07,5.841117,2025-04-05,17.0
1.31,5.773776,2025-04-06,17.0
1.29,5.9122496,2025-04-07,17.0
1.23,6.18711,2025-04-08,17.0
6.79,6.192238,2025-04-09,17.0
1.91,6.4316626,2025-04-10,17.0
1.29,5.8158474,2025-04-11,17.0
9.26,5.753954,2025-04-12,17.0
12.66,4.911232,2025-04-13,17.0
1.44,5.310182,2025-04-14,17.0
1.028,5.7406845,2025-04-15,17.0
13.2,5.782317,2025-04-16,17.0
1.43,5.747669,2025-04-17,17.0
1.15,6.786414,2025-04-18,17.0
6.63,6.261568,2025-04-19,17.0
1.728,5.9065666,2025-04-20,17.0
6.26,5.8742723,2025-04-21,17.0
1.928,6.651681,2025-04-22,17.0
6.64,6.207506,2025-04-23,17.0
4.53,6.2239704,2025-04-24,17.0
4.26,6.305934,2025-04-25,17.0
5.38,5.74605,2025-04-26,17.0
7.12,5.605974,2025-04-27,17.0
2.0,5.3874645,2025-04-28,17.0
4.91,5.3809366,2025-04-29,17.0
10.2,5.4855747,2025-04-30,17.0
4.81,4.557913,2025-05-01,17.0
4.46,4.537261,2025-05-02,17.0
6.7,3.9907722,2025-05-03,17.0
9.01,4.2579527,2025-05-04,17.0
3.63,4.52219,2025-05-05,17.0
8.42,6.4645166,2025-05-06,17.0
5.31,6.225193,2025-05-07,17.0
4.94,6.2466607,2025-05-08,17.0
10.6,6.999473,2025-05-09,17.0
4.92,6.589819,2025-05-10,17.0
6.69,6.1457787,2025-05-11,17.0
10.44,6.035433,2025-05-12,17.0
4.25,5.7708874,2025-05-13,17.0
5.21,6.52372,2025-05-14,17.0
4.11,6.195199,2025-05-15,17.0
10.42,6.108082,2025-05-16,17.0
4.1,5.436796,2025-05-17,17.0
5.37,5.541193,2025-05-18,17.0
4.44,6.0570173,2025-05-19,17.0
8.61,5.1481314,2025-05-20,17.0
8.55,7.5602617,2025-05-21,17.0
5.78,6.5254774,2025-05-22,17.0
6.8,6.57611,2025-05-23,17.0
5.9,5.5905504,2025-05-24,17.0
7.52,5.6984334,2025-05-25,17.0
5.23,5.9361835,2025-05-26,17.0
2.75,5.79464,2025-05-27,17.0
6.25,6.332896,2025-05-28,17.0
5.78,5.9284444,2025-05-29,17.0
4.56,5.996546,2025-05-30,17.0
4.09,5.129323,2025-05-31,17.0
2.58,4.9011264,2025-06-01,17.0
6.03,4.577301,2025-06-02,17.0
6.06,4.9428186,2025-06-03,17.0
6.28,4.9838734,2025-06-04,17.0
4.78,4.834935,2025-06-05,17.0
5.33,5.4576945,2025-06-06,17.0
5.42,5.3200326,2025-06-07,17.0
6.37,4.8837905,2025-06-08,17.0
4.8,5.0509253,2025-06-09,17.0
6.81,5.031305,2025-06-10,17.0
7.22,6.0900145,2025-06-11,17.0
4.85,5.453725,2025-06-12,17.0
7.9,5.9312763,2025-06-13,17.0
7.75,4.9330044,2025-06-14,17.0
4.72,5.1215353,2025-06-15,17.0
6.226,6.012287,2025-06-16,17.0
6.976,9.67787,2024-09-18,18.0
11.2628,10.520189,2024-09-19,18.0
11.72,9.762932,2024-09-20,18.0
20.36,9.68656,2024-09-21,18.0
12.376,10.643261,2024-09-22,18.0
7.432,13.978504,2024-09-23,18.0
6.752,12.329223,2024-09-24,18.0
12.8,12.776863,2024-09-25,18.0
3.328,12.449994,2024-09-26,18.0
16.6,12.109472,2024-09-27,18.0
20.728,10.621999,2024-09-28,18.0
17.932,11.52869,2024-09-29,18.0
10.508,14.606661,2024-09-30,18.0
22.552,15.113731,2024-10-01,18.0
13.25,14.196758,2024-10-02,18.0
4.028,16.831202,2024-10-03,18.0
13.612,15.965343,2024-10-04,18.0
22.068,12.046806,2024-10-05,18.0
22.102,13.240459,2024-10-06,18.0
20.76,15.49289,2024-10-07,18.0
18.08,16.399778,2024-10-08,18.0
18.768,15.707445,2024-10-09,18.0
7.192,18.509924,2024-10-10,18.0
7.1,16.41802,2024-10-11,18.0
26.108,14.037252,2024-10-12,18.0
19.532,14.407769,2024-10-13,18.0
17.068,17.213526,2024-10-14,18.0
17.1828,18.524763,2024-10-15,18.0
19.868,17.446444,2024-10-16,18.0
3.092,16.915512,2024-10-17,18.0
14.48,18.77813,2024-10-18,18.0
13.88,15.92599,2024-10-19,18.0
9.688,14.751694,2024-10-20,18.0
25.78,18.47706,2024-10-21,18.0
10.028,14.542163,2024-10-22,18.0
7.88,14.207363,2024-10-23,18.0
19.52,17.183168,2024-10-24,18.0
17.028,15.245693,2024-10-25,18.0
11.132,13.277172,2024-10-26,18.0
11.096,17.618946,2024-10-27,18.0
17.052,15.614235,2024-10-28,18.0
12.132,12.395772,2024-10-29,18.0
13.828,15.3556185,2024-10-30,18.0
9.86,14.86289,2024-10-31,18.0
10.428,14.375931,2024-11-01,18.0
23.168,15.402687,2024-11-02,18.0
23.592,16.204533,2024-11-03,18.0
18.911,19.439274,2024-11-04,18.0
17.808,20.819887,2024-11-05,18.0
18.2,22.268959,2024-11-06,18.0
13.92,21.562853,2024-11-07,18.0
10.24,19.666971,2024-11-08,18.0
11.42,18.121273,2024-11-09,18.0
4.64,17.752878,2024-11-10,18.0
16.44,18.58426,2024-11-11,18.0
23.08,14.939924,2024-11-12,18.0
17.468,15.6391945,2024-11-13,18.0
14.9828,17.991777,2024-11-14,18.0
17.536,16.87934,2024-11-15,18.0
18.032,15.697328,2024-11-16,18.0
11.34,19.460747,2024-11-17,18.0
10.62,18.300684,2024-11-18,18.0
16.14,13.992657,2024-11-19,18.0
12.532,14.365343,2024-11-20,18.0
2.56,14.45462,2024-11-21,18.0
13.928,16.490246,2024-11-22,18.0
19.632,14.227017,2024-11-23,18.0
21.496,13.81014,2024-11-24,18.0
23.26115,16.97496,2024-11-25,18.0
22.069975,15.572212,2024-11-26,18.0
23.114286,19.421461,2024-11-27,18.0
17.109364,21.42769,2024-11-28,18.0
20.267578,18.76439,2024-11-29,18.0
14.664,16.398302,2024-11-30,18.0
32.888,20.582518,2024-12-01,18.0
18.528,23.247475,2024-12-02,18.0
31.928,19.320858,2024-12-03,18.0
27.028,23.66533,2024-12-04,18.0
23.32,24.429024,2024-12-05,18.0
12.38,21.92982,2024-12-06,18.0
16.652,21.759909,2024-12-07,18.0
9.988,22.577042,2024-12-08,18.0
9.252,18.48821,2024-12-09,18.0
23.296,19.335875,2024-12-10,18.0
26.872,18.751455,2024-12-11,18.0
3.072,21.243742,2024-12-12,18.0
11.536,18.88154,2024-12-13,18.0
20.9028,18.926647,2024-12-14,18.0
22.948,15.9557,2024-12-15,18.0
19.172,23.185959,2024-12-16,18.0
20.848,21.430494,2024-12-17,18.0
11.952,22.517324,2024-12-18,18.0
17.976,24.916826,2024-12-19,18.0
27.64,24.052345,2024-12-20,18.0
16.64,15.9952965,2024-12-21,18.0
25.732,24.500547,2024-12-22,18.0
21.892,23.97373,2024-12-23,18.0
18.288,24.757349,2024-12-24,18.0
22.632,28.370018,2024-12-25,18.0
19.688,26.69113,2024-12-26,18.0
8.24,18.619415,2024-12-27,18.0
20.0,18.132265,2024-12-28,18.0
33.428,19.701447,2024-12-29,18.0
23.4,17.23015,2024-12-30,18.0
12.808,24.740438,2024-12-31,18.0
19.232,30.588224,2025-01-01,18.0
2.6,25.11437,2025-01-02,18.0
10.028,24.10661,2025-01-03,18.0
21.76,19.930529,2025-01-04,18.0
29.808,18.925611,2025-01-05,18.0
26.36,18.493975,2025-01-06,18.0
13.192,20.679583,2025-01-07,18.0
24.528,21.008432,2025-01-08,18.0
10.76,20.110353,2025-01-09,18.0
33.612,21.733297,2025-01-10,18.0
17.3,19.452606,2025-01-11,18.0
24.488,21.544458,2025-01-12,18.0
21.024,24.127314,2025-01-13,18.0
25.428,23.56559,2025-01-14,18.0
25.128,26.20548,2025-01-15,18.0
25.06,22.802965,2025-01-16,18.0
9.468,24.44058,2025-01-17,18.0
25.592,24.093277,2025-01-18,18.0
16.22,28.111319,2025-01-19,18.0
29.092,25.051607,2025-01-20,18.0
10.888,21.684351,2025-01-21,18.0
17.7,26.143822,2025-01-22,18.0
12.74,24.5118,2025-01-23,18.0
31.102,21.615229,2025-01-24,18.0
10.656,23.181175,2025-01-25,18.0
25.972,22.650953,2025-01-26,18.0
23.108,23.473932,2025-01-27,18.0
25.464,22.439857,2025-01-28,18.0
16.616,25.19998,2025-01-29,18.0
3.372,23.611507,2025-01-30,18.0
5.9,25.31891,2025-01-31,18.0
13.64,19.535933,2025-02-01,18.0
11.352,21.078764,2025-02-02,18.0
10.868,17.366405,2025-02-03,18.0
16.98,19.347595,2025-02-04,18.0
13.5,18.984144,2025-02-05,18.0
31.1,20.572495,2025-02-06,18.0
21.5,19.815014,2025-02-07,18.0
27.84,19.636549,2025-02-08,18.0
6.548,20.395222,2025-02-09,18.0
13.08,22.000387,2025-02-10,18.0
23.584,20.920755,2025-02-11,18.0
14.508,19.097872,2025-02-12,18.0
12.32,20.514647,2025-02-13,18.0
25.028,19.434774,2025-02-14,18.0
12.612,19.857065,2025-02-15,18.0
17.26,20.263308,2025-02-16,18.0
2.828,22.480532,2025-02-17,18.0
25.4,19.818727,2025-02-18,18.0
12.28,17.64574,2025-02-19,18.0
2.18,21.250793,2025-02-20,18.0
6.988,19.650293,2025-02-21,18.0
27.732,17.741228,2025-02-22,18.0
13.68,16.954004,2025-02-23,18.0
20.42,17.315182,2025-02-24,18.0
23.5,20.255411,2025-02-25,18.0
11.228,19.238451,2025-02-26,18.0
12.904,21.616796,2025-02-27,18.0
4.628,20.009464,2025-02-28,18.0
24.568,18.361813,2025-03-01,18.0
11.672,14.012845,2025-03-02,18.0
13.908,15.460705,2025-03-03,18.0
11.06,17.056547,2025-03-04,18.0
21.952,17.1789,2025-03-05,18.0
2.36,17.640257,2025-03-06,18.0
11.948,19.371931,2025-03-07,18.0
13.428,18.238619,2025-03-08,18.0
20.0,16.787214,2025-03-09,18.0
21.428,19.63577,2025-03-10,18.0
10.9428,17.055977,2025-03-11,18.0
12.936,19.316969,2025-03-12,18.0
2.332,15.391346,2025-03-13,18.0
2.412,17.519064,2025-03-14,18.0
14.736,13.270872,2025-03-15,18.0
14.88,12.472887,2025-03-16,18.0
10.8628,12.649965,2025-03-17,18.0
16.256,13.729145,2025-03-18,18.0
9.102,17.914076,2025-03-19,18.0
4.96,17.699032,2025-03-20,18.0
18.832,17.255854,2025-03-21,18.0
17.936,15.436342,2025-03-22,18.0
14.04,13.737891,2025-03-23,18.0
16.8628,15.746981,2025-03-24,18.0
21.16,16.34845,2025-03-25,18.0
9.288,18.506704,2025-03-26,18.0
10.808,20.160643,2025-03-27,18.0
27.652,19.345245,2025-03-28,18.0
6.12,17.497612,2025-03-29,18.0
3.22,17.736628,2025-03-30,18.0
2.52,16.523684,2025-03-31,18.0
12.98,14.089117,2025-04-01,18.0
19.06,13.515433,2025-04-02,18.0
2.528,13.77437,2025-04-03,18.0
13.628,14.666326,2025-04-04,18.0
20.252,12.70896,2025-04-05,18.0
14.68,13.475071,2025-04-06,18.0
10.0,14.243055,2025-04-07,18.0
13.788,14.453299,2025-04-08,18.0
4.192,13.327929,2025-04-09,18.0
7.272,14.434278,2025-04-10,18.0
5.696,14.419406,2025-04-11,18.0
20.104,11.435756,2025-04-12,18.0
11.868,11.878626,2025-04-13,18.0
12.46,13.972143,2025-04-14,18.0
12.832,14.314811,2025-04-15,18.0
19.128,13.864725,2025-04-16,18.0
10.14,15.186886,2025-04-17,18.0
6.188,13.979923,2025-04-18,18.0
12.292,11.783269,2025-04-19,18.0
10.011,12.195125,2025-04-20,18.0
16.908,12.239634,2025-04-21,18.0
10.092,11.499788,2025-04-22,18.0
13.12,13.614584,2025-04-23,18.0
10.968,15.5060005,2025-04-24,18.0
12.648,14.660984,2025-04-25,18.0
16.6,13.359509,2025-04-26,18.0
12.132,14.061573,2025-04-27,18.0
9.02,13.054632,2025-04-28,18.0
24.992,14.781843,2025-04-29,18.0
23.748,15.672146,2025-04-30,18.0
9.828,17.679125,2025-05-01,18.0
10.76,18.161816,2025-05-02,18.0
13.224,14.456338,2025-05-03,18.0
30.768,14.611673,2025-05-04,18.0
18.248,13.714671,2025-05-05,18.0
10.572,15.974701,2025-05-06,18.0
20.86,17.561724,2025-05-07,18.0
9.72,19.07724,2025-05-08,18.0
12.48,17.432909,2025-05-09,18.0
26.808,16.193325,2025-05-10,18.0
13.192,16.411146,2025-05-11,18.0
13.58,16.086657,2025-05-12,18.0
17.748,17.32456,2025-05-13,18.0
11.9428,15.819297,2025-05-14,18.0
16.048,16.131601,2025-05-15,18.0
16.352,17.033012,2025-05-16,18.0
12.548,13.682229,2025-05-17,18.0
16.9,14.091634,2025-05-18,18.0
16.968,16.45843,2025-05-19,18.0
20.572,12.152683,2025-05-20,18.0
19.38,16.588799,2025-05-21,18.0
17.112,17.704256,2025-05-22,18.0
11.296,16.938059,2025-05-23,18.0
13.072,14.3167515,2025-05-24,18.0
20.192,15.967923,2025-05-25,18.0
12.92,15.189541,2025-05-26,18.0
16.428,14.365074,2025-05-27,18.0
19.7,16.100685,2025-05-28,18.0
10.032,16.039051,2025-05-29,18.0
7.336,17.609722,2025-05-30,18.0
3.08,15.582291,2025-05-31,18.0
9.352,12.952047,2025-06-01,18.0
13.028,10.486562,2025-06-02,18.0
12.48,10.310183,2025-06-03,18.0
23.168,11.284344,2025-06-04,18.0
14.672,11.225039,2025-06-05,18.0
7.72,12.337247,2025-06-06,18.0
3.08,13.442938,2025-06-07,18.0
7.048,11.343262,2025-06-08,18.0
12.984,10.121683,2025-06-09,18.0
21.92,8.423063,2025-06-10,18.0
17.76,12.317749,2025-06-11,18.0
10.428,13.309997,2025-06-12,18.0
10.16,17.663172,2025-06-13,18.0
5.308,13.122593,2025-06-14,18.0
6.452,11.960106,2025-06-15,18.0
5.88,10.6521845,2025-06-16,18.0
25.13,16.8322,2024-09-18,19.0
18.72,17.789005,2024-09-19,19.0
35.95,19.434029,2024-09-20,19.0
27.31,18.336834,2024-09-21,19.0
21.68,22.288942,2024-09-22,19.0
13.11,23.39514,2024-09-23,19.0
7.19,19.598373,2024-09-24,19.0
14.0919485,20.725952,2024-09-25,19.0
11.4796,19.154242,2024-09-26,19.0
14.433362,16.701548,2024-09-27,19.0
11.553608,14.56212,2024-09-28,19.0
13.728,17.592518,2024-09-29,19.0
23.728,14.265673,2024-09-30,19.0
19.94,13.36071,2024-10-01,19.0
21.17,14.7726345,2024-10-02,19.0
18.81,17.133497,2024-10-03,19.0
21.59,17.085608,2024-10-04,19.0
16.47,14.838547,2024-10-05,19.0
8.58,18.246637,2024-10-06,19.0
24.66,17.228685,2024-10-07,19.0
17.91,13.949437,2024-10-08,19.0
21.08,14.529375,2024-10-09,19.0
19.32,16.025467,2024-10-10,19.0
22.528,14.62799,2024-10-11,19.0
23.5,14.429398,2024-10-12,19.0
24.61,18.67031,2024-10-13,19.0
17.428,19.965551,2024-10-14,19.0
18.39,17.634008,2024-10-15,19.0
22.75,18.628035,2024-10-16,19.0
17.86,15.85571,2024-10-17,19.0
17.96,17.070879,2024-10-18,19.0
20.76,16.438997,2024-10-19,19.0
5.19,18.143293,2024-10-20,19.0
19.24,18.947218,2024-10-21,19.0
16.72,16.682686,2024-10-22,19.0
26.12,13.706205,2024-10-23,19.0
13.47,16.233986,2024-10-24,19.0
13.67,17.027868,2024-10-25,19.0
20.8,15.821146,2024-10-26,19.0
11.17,17.124508,2024-10-27,19.0
12.23,17.056696,2024-10-28,19.0
10.96,13.305242,2024-10-29,19.0
22.93,13.03832,2024-10-30,19.0
17.928,13.136601,2024-10-31,19.0
21.89,14.000586,2024-11-01,19.0
20.0,15.417301,2024-11-02,19.0
11.23,16.293287,2024-11-03,19.0
9.31,20.86752,2024-11-04,19.0
25.59,17.531553,2024-11-05,19.0
28.25,15.100985,2024-11-06,19.0
13.51,14.814639,2024-11-07,19.0
19.1,17.098532,2024-11-08,19.0
18.05,16.9668,2024-11-09,19.0
14.79,18.852098,2024-11-10,19.0
17.83,20.003172,2024-11-11,19.0
12.88,15.354246,2024-11-12,19.0
24.91,15.831717,2024-11-13,19.0
14.98,17.221142,2024-11-14,19.0
23.71,16.958303,2024-11-15,19.0
13.73,15.51766,2024-11-16,19.0
26.27,19.902546,2024-11-17,19.0
20.35,19.34287,2024-11-18,19.0
12.74,16.029118,2024-11-19,19.0
25.85,20.418459,2024-11-20,19.0
13.55,15.256186,2024-11-21,19.0
23.33,19.183167,2024-11-22,19.0
21.37,17.596197,2024-11-23,19.0
16.88319,18.711832,2024-11-24,19.0
16.616508,17.922922,2024-11-25,19.0
11.28797,17.870277,2024-11-26,19.0
17.10771,18.523787,2024-11-27,19.0
14.668624,15.292981,2024-11-28,19.0
11.235307,14.544005,2024-11-29,19.0
19.281,13.303551,2024-11-30,19.0
24.46,16.735735,2024-12-01,19.0
25.56,18.66744,2024-12-02,19.0
14.528,15.740283,2024-12-03,19.0
23.72,18.55656,2024-12-04,19.0
17.43,17.859732,2024-12-05,19.0
24.28,14.065396,2024-12-06,19.0
12.99,16.271317,2024-12-07,19.0
21.09,17.21761,2024-12-08,19.0
14.93,16.625751,2024-12-09,19.0
13.69,15.463351,2024-12-10,19.0
20.11,18.11823,2024-12-11,19.0
17.028,16.566528,2024-12-12,19.0
11.06,15.946295,2024-12-13,19.0
28.25,15.622021,2024-12-14,19.0
13.87,16.231878,2024-12-15,19.0
10.96,18.565145,2024-12-16,19.0
19.62,20.85256,2024-12-17,19.0
31.61,16.902895,2024-12-18,19.0
20.73,16.900059,2024-12-19,19.0
11.99,20.898594,2024-12-20,19.0
30.97,16.53586,2024-12-21,19.0
16.74,20.428778,2024-12-22,19.0
19.5,18.78553,2024-12-23,19.0
23.12,20.417618,2024-12-24,19.0
24.2,21.800383,2024-12-25,19.0
29.09,21.82251,2024-12-26,19.0
10.01,18.879766,2024-12-27,19.0
19.52,17.965942,2024-12-28,19.0
16.08,16.336313,2024-12-29,19.0
27.62,18.945566,2024-12-30,19.0
17.828,18.191534,2024-12-31,19.0
29.31,23.76708,2025-01-01,19.0
24.73,22.297503,2025-01-02,19.0
23.19,22.74322,2025-01-03,19.0
19.98,21.480547,2025-01-04,19.0
22.12,22.340204,2025-01-05,19.0
13.71,20.872839,2025-01-06,19.0
25.85,19.78858,2025-01-07,19.0
24.03,20.439634,2025-01-08,19.0
22.5,18.676535,2025-01-09,19.0
20.25,21.224165,2025-01-10,19.0
14.59,20.192694,2025-01-11,19.0
24.09,21.49921,2025-01-12,19.0
19.66,20.84923,2025-01-13,19.0
24.43,20.587996,2025-01-14,19.0
19.81,21.90869,2025-01-15,19.0
21.83,21.462738,2025-01-16,19.0
26.01,21.939535,2025-01-17,19.0
25.28,21.307955,2025-01-18,19.0
21.77,23.929495,2025-01-19,19.0
16.24,23.425,2025-01-20,19.0
33.42,18.78982,2025-01-21,19.0
24.4,20.910156,2025-01-22,19.0
14.51,22.184258,2025-01-23,19.0
21.15,21.246977,2025-01-24,19.0
20.85,23.306952,2025-01-25,19.0
11.77,22.604809,2025-01-26,19.0
31.55,22.157648,2025-01-27,19.0
17.42,21.33859,2025-01-28,19.0
24.36,19.758419,2025-01-29,19.0
27.33,21.69501,2025-01-30,19.0
20.92,21.588495,2025-01-31,19.0
22.49,18.046759,2025-02-01,19.0
18.53,22.41184,2025-02-02,19.0
28.028,19.745045,2025-02-03,19.0
14.9,19.518167,2025-02-04,19.0
37.65,23.02561,2025-02-05,19.0
25.11,22.371595,2025-02-06,19.0
21.56,20.910189,2025-02-07,19.0
23.92,22.855993,2025-02-08,19.0
24.228,21.82505,2025-02-09,19.0
18.59,22.009233,2025-02-10,19.0
25.96,22.64129,2025-02-11,19.0
28.87,23.499105,2025-02-12,19.0
21.46,20.55276,2025-02-13,19.0
24.2,23.52815,2025-02-14,19.0
22.65,23.356016,2025-02-15,19.0
20.79,22.936049,2025-02-16,19.0
26.45,22.515825,2025-02-17,19.0
22.53,22.299593,2025-02-18,19.0
30.73,19.765944,2025-02-19,19.0
30.828,23.49853,2025-02-20,19.0
16.17,21.627832,2025-02-21,19.0
24.528,21.341578,2025-02-22,19.0
35.928,22.775528,2025-02-23,19.0
23.54,21.376911,2025-02-24,19.0
32.97,23.437838,2025-02-25,19.0
25.07,25.565836,2025-02-26,19.0
20.9,24.014528,2025-02-27,19.0
10.32,24.271719,2025-02-28,19.0
21.62,24.380186,2025-03-01,19.0
33.62,18.651457,2025-03-02,19.0
21.64,17.63888,2025-03-03,19.0
24.52,21.959904,2025-03-04,19.0
27.928,21.203897,2025-03-05,19.0
12.68,20.503769,2025-03-06,19.0
22.49,22.106543,2025-03-07,19.0
11.05,20.682404,2025-03-08,19.0
14.08,19.691235,2025-03-09,19.0
17.32,20.329412,2025-03-10,19.0
20.23,17.837458,2025-03-11,19.0
22.43,16.849537,2025-03-12,19.0
7.72,15.583481,2025-03-13,19.0
14.44,18.824623,2025-03-14,19.0
10.31,15.175133,2025-03-15,19.0
11.29,15.729434,2025-03-16,19.0
17.18,14.393835,2025-03-17,19.0
10.08,12.526637,2025-03-18,19.0
18.22,16.039503,2025-03-19,19.0
12.74,15.400755,2025-03-20,19.0
20.228,15.148861,2025-03-21,19.0
23.2,14.286932,2025-03-22,19.0
8.55,14.347441,2025-03-23,19.0
19.42,15.100393,2025-03-24,19.0
9.99,14.678942,2025-03-25,19.0
21.82,16.0041,2025-03-26,19.0
12.67,16.122686,2025-03-27,19.0
17.96,16.1792,2025-03-28,19.0
10.42,15.710768,2025-03-29,19.0
6.95,14.539391,2025-03-30,19.0
14.53,13.901899,2025-03-31,19.0
3.9,11.480751,2025-04-01,19.0
10.3,12.55829,2025-04-02,19.0
6.52,10.490023,2025-04-03,19.0
13.528,10.634558,2025-04-04,19.0
14.6,10.113211,2025-04-05,19.0
11.11,10.709212,2025-04-06,19.0
7.09,12.153682,2025-04-07,19.0
3.97,10.98615,2025-04-08,19.0
9.38,10.938095,2025-04-09,19.0
10.64,9.024231,2025-04-10,19.0
9.49,8.888294,2025-04-11,19.0
13.18,9.516665,2025-04-12,19.0
6.85,10.629362,2025-04-13,19.0
27.47,11.401018,2025-04-14,19.0
8.18,10.35089,2025-04-15,19.0
11.03,11.584117,2025-04-16,19.0
20.75,13.872326,2025-04-17,19.0
9.528,10.813036,2025-04-18,19.0
16.21,10.740292,2025-04-19,19.0
20.62,12.56847,2025-04-20,19.0
13.28,11.854336,2025-04-21,19.0
10.39,11.71878,2025-04-22,19.0
17.69,16.564596,2025-04-23,19.0
10.26,14.280996,2025-04-24,19.0
11.11,13.539902,2025-04-25,19.0
17.5,14.359398,2025-04-26,19.0
16.12,13.628863,2025-04-27,19.0
8.028,12.108994,2025-04-28,19.0
10.77,15.371507,2025-04-29,19.0
18.09,14.870715,2025-04-30,19.0
20.58,14.47401,2025-05-01,19.0
17.73,13.565001,2025-05-02,19.0
19.64,12.314827,2025-05-03,19.0
16.4,14.348679,2025-05-04,19.0
9.3,13.165702,2025-05-05,19.0
14.09,14.213413,2025-05-06,19.0
16.11,12.932497,2025-05-07,19.0
17.01,13.320946,2025-05-08,19.0
16.36,12.940168,2025-05-09,19.0
23.26,14.011963,2025-05-10,19.0
21.18,14.918146,2025-05-11,19.0
18.03,14.907385,2025-05-12,19.0
18.51,13.982606,2025-05-13,19.0
16.29,14.637941,2025-05-14,19.0
21.79,14.9958935,2025-05-15,19.0
17.69,14.81945,2025-05-16,19.0
13.11,14.098888,2025-05-17,19.0
12.22,15.027885,2025-05-18,19.0
10.46,15.367363,2025-05-19,19.0
20.61,12.050824,2025-05-20,19.0
19.7,14.350994,2025-05-21,19.0
11.96,14.513481,2025-05-22,19.0
13.03,14.4835005,2025-05-23,19.0
14.6,12.799622,2025-05-24,19.0
10.82,13.620155,2025-05-25,19.0
18.89,13.712097,2025-05-26,19.0
11.75,12.273087,2025-05-27,19.0
19.47,12.96193,2025-05-28,19.0
24.19,13.868806,2025-05-29,19.0
13.93,14.467056,2025-05-30,19.0
20.828,14.521133,2025-05-31,19.0
17.528,15.149951,2025-06-01,19.0
14.74,12.513476,2025-06-02,19.0
16.5,13.527672,2025-06-03,19.0
23.8,15.380004,2025-06-04,19.0
22.3,13.49507,2025-06-05,19.0
18.92,14.338647,2025-06-06,19.0
19.99,16.178883,2025-06-07,19.0
22.62,14.632633,2025-06-08,19.0
22.31,15.888126,2025-06-09,19.0
19.14,13.65249,2025-06-10,19.0
21.3,18.445885,2025-06-11,19.0
27.0,17.40198,2025-06-12,19.0
19.66,17.785936,2025-06-13,19.0
6.828,15.429496,2025-06-14,19.0
20.08,16.66545,2025-06-15,19.0
18.525,14.06373,2025-06-16,19.0
12.1,10.705474,2024-09-18,20.0
14.86,9.01915,2024-09-19,20.0
13.23,8.747134,2024-09-20,20.0
18.98,8.74543,2024-09-21,20.0
6.86,9.270653,2024-09-22,20.0
5.2,10.305501,2024-09-23,20.0
12.21,11.304115,2024-09-24,20.0
12.64,10.31211,2024-09-25,20.0
24.55,10.566799,2024-09-26,20.0
20.76,11.373595,2024-09-27,20.0
22.56,11.435095,2024-09-28,20.0
14.29,13.135862,2024-09-29,20.0
13.46,13.558362,2024-09-30,20.0
22.57,14.237387,2024-10-01,20.0
7.48,15.146553,2024-10-02,20.0
31.0,17.352167,2024-10-03,20.0
13.21,15.49773,2024-10-04,20.0
25.36,14.167025,2024-10-05,20.0
11.26,15.691504,2024-10-06,20.0
10.64,16.11626,2024-10-07,20.0
7.93,16.23298,2024-10-08,20.0
12.39,14.956474,2024-10-09,20.0
19.97,14.422169,2024-10-10,20.0
18.88,11.996771,2024-10-11,20.0
18.76,12.668901,2024-10-12,20.0
19.39,13.332798,2024-10-13,20.0
10.11,14.888714,2024-10-14,20.0
21.72,14.721308,2024-10-15,20.0
21.52,16.575811,2024-10-16,20.0
12.82,14.782665,2024-10-17,20.0
10.37,16.031233,2024-10-18,20.0
11.76,14.985898,2024-10-19,20.0
12.96,13.52816,2024-10-20,20.0
7.89,13.94377,2024-10-21,20.0
12.88,14.071353,2024-10-22,20.0
18.96,13.121704,2024-10-23,20.0
4.24,13.013273,2024-10-24,20.0
24.08,13.84328,2024-10-25,20.0
16.2,12.120567,2024-10-26,20.0
13.8,11.646847,2024-10-27,20.0
18.29,12.965963,2024-10-28,20.0
16.27,11.783768,2024-10-29,20.0
9.64,13.7367325,2024-10-30,20.0
10.78,14.735008,2024-10-31,20.0
13.95,13.036458,2024-11-01,20.0
28.08,12.664463,2024-11-02,20.0
25.96,13.335466,2024-11-03,20.0
31.57,17.720762,2024-11-04,20.0
12.02,19.764635,2024-11-05,20.0
19.07,21.63471,2024-11-06,20.0
17.58,21.86252,2024-11-07,20.0
10.0,19.703897,2024-11-08,20.0
18.52,18.100435,2024-11-09,20.0
12.02,16.651,2024-11-10,20.0
12.228,17.118654,2024-11-11,20.0
21.63,15.598805,2024-11-12,20.0
14.29,17.09385,2024-11-13,20.0
10.11,16.39772,2024-11-14,20.0
11.39,16.866861,2024-11-15,20.0
9.23,15.107507,2024-11-16,20.0
19.05,14.759842,2024-11-17,20.0
14.75,15.801187,2024-11-18,20.0
17.26,13.971895,2024-11-19,20.0
22.428,16.57402,2024-11-20,20.0
22.67,14.805254,2024-11-21,20.0
24.39,15.461662,2024-11-22,20.0
13.414682,15.6147375,2024-11-23,20.0
13.968186,16.172411,2024-11-24,20.0
16.60058,18.322865,2024-11-25,20.0
11.3278,16.772924,2024-11-26,20.0
11.0769205,18.332846,2024-11-27,20.0
20.076797,19.174921,2024-11-28,20.0
13.505376,15.290834,2024-11-29,20.0
20.6728,14.135563,2024-11-30,20.0
37.39,16.418722,2024-12-01,20.0
29.01,17.797043,2024-12-02,20.0
13.26,16.7214,2024-12-03,20.0
30.29,22.699339,2024-12-04,20.0
39.63,23.747797,2024-12-05,20.0
14.7,18.713747,2024-12-06,20.0
19.12,21.122797,2024-12-07,20.0
32.21,21.263002,2024-12-08,20.0
24.25,19.662336,2024-12-09,20.0
24.05,19.996853,2024-12-10,20.0
19.09,25.149431,2024-12-11,20.0
29.24,23.074045,2024-12-12,20.0
17.82,21.559355,2024-12-13,20.0
16.31,23.416264,2024-12-14,20.0
25.26,22.00329,2024-12-15,20.0
32.88,22.591555,2024-12-16,20.0
26.11,22.187225,2024-12-17,20.0
27.99,23.280851,2024-12-18,20.0
37.85,26.663029,2024-12-19,20.0
31.77,25.326895,2024-12-20,20.0
28.46,24.193544,2024-12-21,20.0
29.91,28.560328,2024-12-22,20.0
27.85,26.437162,2024-12-23,20.0
26.22,27.90714,2024-12-24,20.0
5.67,30.158247,2024-12-25,20.0
27.01,27.606106,2024-12-26,20.0
42.32,22.17579,2024-12-27,20.0
17.92,21.371412,2024-12-28,20.0
39.05,24.818459,2024-12-29,20.0
39.72,25.82112,2024-12-30,20.0
19.65,26.37541,2024-12-31,20.0
42.88,33.546753,2025-01-01,20.0
21.14,29.504477,2025-01-02,20.0
10.528,26.054129,2025-01-03,20.0
24.69,24.375046,2025-01-04,20.0
25.51,23.950584,2025-01-05,20.0
33.028,21.644135,2025-01-06,20.0
25.06,23.613958,2025-01-07,20.0
9.83,24.089815,2025-01-08,20.0
27.19,23.766958,2025-01-09,20.0
31.39,24.267822,2025-01-10,20.0
29.98,21.81278,2025-01-11,20.0
25.5,23.05776,2025-01-12,20.0
26.61,25.05907,2025-01-13,20.0
23.93,24.787357,2025-01-14,20.0
29.92,28.563082,2025-01-15,20.0
22.27,24.985868,2025-01-16,20.0
21.08,24.680822,2025-01-17,20.0
27.09,24.41762,2025-01-18,20.0
22.68,24.05137,2025-01-19,20.0
27.5,25.09067,2025-01-20,20.0
36.1,21.321455,2025-01-21,20.0
26.78,25.90087,2025-01-22,20.0
26.38,26.79014,2025-01-23,20.0
26.1,25.515741,2025-01-24,20.0
28.01,26.69576,2025-01-25,20.0
23.62,24.679277,2025-01-26,20.0
23.94,24.431963,2025-01-27,20.0
25.14,24.992838,2025-01-28,20.0
1.94,25.547857,2025-01-29,20.0
21.58,25.14952,2025-01-30,20.0
23.61,23.577814,2025-01-31,20.0
33.59,19.85482,2025-02-01,20.0
18.64,22.466684,2025-02-02,20.0
23.39,22.544739,2025-02-03,20.0
17.7,23.613512,2025-02-04,20.0
36.52,22.84111,2025-02-05,20.0
16.33,23.179148,2025-02-06,20.0
25.93,21.69295,2025-02-07,20.0
25.46,24.563162,2025-02-08,20.0
38.06,21.574795,2025-02-09,20.0
21.47,23.75746,2025-02-10,20.0
26.47,23.77199,2025-02-11,20.0
28.13,25.221058,2025-02-12,20.0
30.14,24.890406,2025-02-13,20.0
24.95,24.982641,2025-02-14,20.0
25.25,24.120005,2025-02-15,20.0
38.13,23.43157,2025-02-16,20.0
24.73,23.579565,2025-02-17,20.0
11.24,25.979235,2025-02-18,20.0
38.728,24.156317,2025-02-19,20.0
25.22,26.16437,2025-02-20,20.0
25.4,23.753864,2025-02-21,20.0
26.27,23.980154,2025-02-22,20.0
31.98,23.358992,2025-02-23,20.0
24.75,23.816805,2025-02-24,20.0
30.11,26.136473,2025-02-25,20.0
36.75,27.18225,2025-02-26,20.0
21.05,27.141352,2025-02-27,20.0
23.87,26.612051,2025-02-28,20.0
38.928,26.798021,2025-03-01,20.0
23.82,23.025066,2025-03-02,20.0
16.13,21.933413,2025-03-03,20.0
25.1,25.46824,2025-03-04,20.0
17.78,23.611483,2025-03-05,20.0
14.828,21.965456,2025-03-06,20.0
29.1,23.647043,2025-03-07,20.0
18.29,19.898687,2025-03-08,20.0
22.55,22.350122,2025-03-09,20.0
12.86,23.941599,2025-03-10,20.0
9.9,22.412382,2025-03-11,20.0
12.84,21.21434,2025-03-12,20.0
16.77,18.24208,2025-03-13,20.0
18.79,16.838724,2025-03-14,20.0
10.7,13.719955,2025-03-15,20.0
7.81,15.353193,2025-03-16,20.0
10.38,15.807378,2025-03-17,20.0
12.19,15.449239,2025-03-18,20.0
7.84,14.960475,2025-03-19,20.0
18.01,15.40938,2025-03-20,20.0
19.68,13.686104,2025-03-21,20.0
10.93,13.501421,2025-03-22,20.0
10.39,13.498041,2025-03-23,20.0
14.73,14.322189,2025-03-24,20.0
11.36,13.181909,2025-03-25,20.0
8.56,14.862304,2025-03-26,20.0
19.4,15.699086,2025-03-27,20.0
16.01,14.722809,2025-03-28,20.0
12.828,13.507063,2025-03-29,20.0
5.9,13.870489,2025-03-30,20.0
11.52,14.220921,2025-03-31,20.0
10.49,13.278936,2025-04-01,20.0
13.6,13.005348,2025-04-02,20.0
4.7,12.048111,2025-04-03,20.0
11.19,11.809413,2025-04-04,20.0
17.72,10.681559,2025-04-05,20.0
13.88,9.113018,2025-04-06,20.0
10.84,12.199605,2025-04-07,20.0
12.31,13.602149,2025-04-08,20.0
9.46,14.367353,2025-04-09,20.0
9.35,13.832647,2025-04-10,20.0
11.31,12.762432,2025-04-11,20.0
17.02,11.137342,2025-04-12,20.0
10.16,10.125458,2025-04-13,20.0
11.65,12.596366,2025-04-14,20.0
10.26,12.972848,2025-04-15,20.0
6.29,12.512717,2025-04-16,20.0
9.49,13.173438,2025-04-17,20.0
8.52,11.070711,2025-04-18,20.0
12.628,9.451407,2025-04-19,20.0
9.0,9.994474,2025-04-20,20.0
17.36,10.615902,2025-04-21,20.0
9.992,10.652439,2025-04-22,20.0
13.528,12.010723,2025-04-23,20.0
6.992,12.639721,2025-04-24,20.0
16.78,11.625448,2025-04-25,20.0
14.06,10.230424,2025-04-26,20.0
10.928,10.937702,2025-04-27,20.0
10.102,10.981287,2025-04-28,20.0
16.46,11.696779,2025-04-29,20.0
14.74,13.2033615,2025-04-30,20.0
9.102,14.474638,2025-05-01,20.0
14.976,14.37609,2025-05-02,20.0
12.9028,9.909332,2025-05-03,20.0
10.768,9.941525,2025-05-04,20.0
11.112,10.382853,2025-05-05,20.0
9.52,11.179062,2025-05-06,20.0
11.268,11.352594,2025-05-07,20.0
12.62,12.235715,2025-05-08,20.0
7.58,11.06101,2025-05-09,20.0
18.56,9.591267,2025-05-10,20.0
23.0,9.367197,2025-05-11,20.0
11.652,10.750363,2025-05-12,20.0
17.92,11.75979,2025-05-13,20.0
16.68,13.444241,2025-05-14,20.0
16.748,14.087288,2025-05-15,20.0
10.308,13.6929455,2025-05-16,20.0
11.792,11.9637375,2025-05-17,20.0
17.428,11.4184,2025-05-18,20.0
16.512,11.920518,2025-05-19,20.0
16.088,10.525024,2025-05-20,20.0
14.472,14.304506,2025-05-21,20.0
12.176,14.765217,2025-05-22,20.0
18.592,13.97983,2025-05-23,20.0
17.208,11.4061575,2025-05-24,20.0
11.811,12.708416,2025-05-25,20.0
11.132,13.691008,2025-05-26,20.0
9.72,12.76997,2025-05-27,20.0
9.448,14.128414,2025-05-28,20.0
14.52,13.720607,2025-05-29,20.0
14.0,11.970253,2025-05-30,20.0
18.08,10.653067,2025-05-31,20.0
8.911,10.148544,2025-06-01,20.0
13.468,10.4109335,2025-06-02,20.0
17.372,10.076891,2025-06-03,20.0
13.12,11.571287,2025-06-04,20.0
17.848,11.734806,2025-06-05,20.0
13.58,11.213802,2025-06-06,20.0
17.38,10.893515,2025-06-07,20.0
16.58,10.992756,2025-06-08,20.0
13.728,12.196302,2025-06-09,20.0
18.06,10.329464,2025-06-10,20.0
17.411,13.90038,2025-06-11,20.0
11.2,14.696644,2025-06-12,20.0
10.808,14.460514,2025-06-13,20.0
9.28,11.637472,2025-06-14,20.0
6.82,10.593643,2025-06-15,20.0
13.6028,10.565155,2025-06-16,20.0
20.12,23.370321,2024-09-18,21.0
11.936,21.310606,2024-09-19,21.0
25.744,18.950193,2024-09-20,21.0
21.428,17.546019,2024-09-21,21.0
18.708,19.256058,2024-09-22,21.0
11.5,19.911451,2024-09-23,21.0
16.872,20.36402,2024-09-24,21.0
22.788,20.18709,2024-09-25,21.0
28.0,19.079927,2024-09-26,21.0
30.172,21.359295,2024-09-27,21.0
28.36,18.375137,2024-09-28,21.0
24.456,24.050888,2024-09-29,21.0
31.411,22.889399,2024-09-30,21.0
31.388,22.740044,2024-10-01,21.0
12.8228,24.834066,2024-10-02,21.0
28.696,28.70349,2024-10-03,21.0
18.972,25.975935,2024-10-04,21.0
27.28,20.49758,2024-10-05,21.0
26.428,24.500633,2024-10-06,21.0
27.88,23.655565,2024-10-07,21.0
28.24,22.71974,2024-10-08,21.0
22.228,25.136715,2024-10-09,21.0
11.972,26.640676,2024-10-10,21.0
25.86,20.436054,2024-10-11,21.0
25.952,19.462866,2024-10-12,21.0
17.36,20.75423,2024-10-13,21.0
30.976,25.121399,2024-10-14,21.0
30.972,22.444164,2024-10-15,21.0
28.02,22.33475,2024-10-16,21.0
30.0,26.006542,2024-10-17,21.0
25.672,26.686092,2024-10-18,21.0
14.11,22.641352,2024-10-19,21.0
33.6,26.402426,2024-10-20,21.0
38.2,25.230637,2024-10-21,21.0
28.468,21.71565,2024-10-22,21.0
25.18,27.716824,2024-10-23,21.0
25.96,29.991913,2024-10-24,21.0
35.911,26.476582,2024-10-25,21.0
31.0,24.117407,2024-10-26,21.0
19.456,27.558561,2024-10-27,21.0
24.384,26.877584,2024-10-28,21.0
26.508,23.760391,2024-10-29,21.0
21.98,25.981485,2024-10-30,21.0
36.008,27.151625,2024-10-31,21.0
32.892,23.481506,2024-11-01,21.0
17.372,24.873014,2024-11-02,21.0
29.008,27.570467,2024-11-03,21.0
22.2,29.06468,2024-11-04,21.0
17.11,25.20952,2024-11-05,21.0
20.98,27.819002,2024-11-06,21.0
27.88,27.103907,2024-11-07,21.0
25.972,22.168095,2024-11-08,21.0
32.296,22.471558,2024-11-09,21.0
10.424,26.073458,2024-11-10,21.0
33.256,24.681753,2024-11-11,21.0
26.411,25.48876,2024-11-12,21.0
23.258,22.74003,2024-11-13,21.0
30.2228,25.988255,2024-11-14,21.0
26.448,23.345875,2024-11-15,21.0
30.84,23.003775,2024-11-16,21.0
26.88,27.466183,2024-11-17,21.0
24.112,27.40122,2024-11-18,21.0
23.108,22.517443,2024-11-19,21.0
26.42,29.892494,2024-11-20,21.0
17.728,25.900003,2024-11-21,21.0
10.0,25.523226,2024-11-22,21.0
25.07418,24.662512,2024-11-23,21.0
24.24973,21.090479,2024-11-24,21.0
25.285187,22.188536,2024-11-25,21.0
23.653664,22.310694,2024-11-26,21.0
25.590658,25.950586,2024-11-27,21.0
26.289062,26.057825,2024-11-28,21.0
23.837677,23.522083,2024-11-29,21.0
25.7268,21.533033,2024-11-30,21.0
11.032,22.93881,2024-12-01,21.0
43.88,27.543396,2024-12-02,21.0
19.36,22.242765,2024-12-03,21.0
25.2,25.791315,2024-12-04,21.0
33.208,30.604265,2024-12-05,21.0
32.7028,22.709196,2024-12-06,21.0
27.12,23.725904,2024-12-07,21.0
14.88,25.565985,2024-12-08,21.0
45.496,24.384912,2024-12-09,21.0
17.412,21.206116,2024-12-10,21.0
46.82,28.648064,2024-12-11,21.0
27.28,29.30047,2024-12-12,21.0
38.88,24.31415,2024-12-13,21.0
30.872,28.859463,2024-12-14,21.0
27.908,27.145533,2024-12-15,21.0
32.0,35.817635,2024-12-16,21.0
33.428,28.827875,2024-12-17,21.0
36.312,36.465935,2024-12-18,21.0
25.248,32.910297,2024-12-19,21.0
37.692,37.06919,2024-12-20,21.0
32.388,26.530273,2024-12-21,21.0
25.28,33.911148,2024-12-22,21.0
16.56,33.016403,2024-12-23,21.0
37.72,34.019135,2024-12-24,21.0
30.8,36.854073,2024-12-25,21.0
41.384,32.696205,2024-12-26,21.0
28.648,27.065704,2024-12-27,21.0
27.232,23.244144,2024-12-28,21.0
28.28,27.567194,2024-12-29,21.0
28.508,26.164047,2024-12-30,21.0
28.588,27.688847,2024-12-31,21.0
37.772,33.8887,2025-01-01,21.0
22.628,32.9181,2025-01-02,21.0
30.252,31.835169,2025-01-03,21.0
35.908,29.96815,2025-01-04,21.0
24.332,30.005882,2025-01-05,21.0
35.708,28.172665,2025-01-06,21.0
32.8628,29.100702,2025-01-07,21.0
23.216,27.623362,2025-01-08,21.0
28.6228,29.067497,2025-01-09,21.0
35.212,30.566614,2025-01-10,21.0
41.112,26.609295,2025-01-11,21.0
32.112,29.310234,2025-01-12,21.0
25.6,31.581713,2025-01-13,21.0
30.468,30.009497,2025-01-14,21.0
29.18,35.124943,2025-01-15,21.0
37.928,29.067444,2025-01-16,21.0
33.9428,28.451426,2025-01-17,21.0
36.808,29.50285,2025-01-18,21.0
31.5,33.015438,2025-01-19,21.0
26.64,36.882523,2025-01-20,21.0
36.308,29.160131,2025-01-21,21.0
45.2228,35.173294,2025-01-22,21.0
29.296,33.642994,2025-01-23,21.0
41.6,31.785656,2025-01-24,21.0
29.092,34.782806,2025-01-25,21.0
27.588,32.9262,2025-01-26,21.0
33.2228,33.953598,2025-01-27,21.0
32.056,34.368896,2025-01-28,21.0
29.392,34.06561,2025-01-29,21.0
45.568,32.716873,2025-01-30,21.0
29.96,34.411224,2025-01-31,21.0
28.192,30.407484,2025-02-01,21.0
35.968,37.03776,2025-02-02,21.0
27.76,31.176159,2025-02-03,21.0
30.744,31.610842,2025-02-04,21.0
46.268,35.612545,2025-02-05,21.0
19.852,35.33883,2025-02-06,21.0
30.44,34.451443,2025-02-07,21.0
25.576,35.436966,2025-02-08,21.0
33.9028,31.129341,2025-02-09,21.0
31.288,32.57475,2025-02-10,21.0
25.528,32.20738,2025-02-11,21.0
30.08,33.23501,2025-02-12,21.0
39.64,31.702848,2025-02-13,21.0
38.78,31.610506,2025-02-14,21.0
32.608,28.48258,2025-02-15,21.0
20.3028,31.36386,2025-02-16,21.0
32.336,31.876574,2025-02-17,21.0
22.872,31.454817,2025-02-18,21.0
30.08,27.737402,2025-02-19,21.0
32.992,32.27812,2025-02-20,21.0
28.428,29.438684,2025-02-21,21.0
36.32,27.871134,2025-02-22,21.0
26.372,28.63979,2025-02-23,21.0
37.416,28.265848,2025-02-24,21.0
35.732,29.132626,2025-02-25,21.0
17.76,31.602932,2025-02-26,21.0
48.028,32.067245,2025-02-27,21.0
11.392,29.734514,2025-02-28,21.0
28.98,28.57414,2025-03-01,21.0
33.811,26.353249,2025-03-02,21.0
29.336,24.746283,2025-03-03,21.0
27.311,26.40352,2025-03-04,21.0
30.928,28.460974,2025-03-05,21.0
22.992,27.838587,2025-03-06,21.0
27.96,27.949461,2025-03-07,21.0
29.14,29.474766,2025-03-08,21.0
28.308,28.806055,2025-03-09,21.0
24.1428,32.526814,2025-03-10,21.0
21.12,30.978193,2025-03-11,21.0
36.016,28.952423,2025-03-12,21.0
26.992,25.036781,2025-03-13,21.0
26.9,25.336252,2025-03-14,21.0
32.332,23.753416,2025-03-15,21.0
18.4,24.402288,2025-03-16,21.0
19.336,25.149595,2025-03-17,21.0
25.211,24.564009,2025-03-18,21.0
27.3,26.766365,2025-03-19,21.0
11.808,27.258905,2025-03-20,21.0
28.632,26.81685,2025-03-21,21.0
27.592,24.963879,2025-03-22,21.0
19.648,23.95137,2025-03-23,21.0
24.18,24.92167,2025-03-24,21.0
38.08,24.068045,2025-03-25,21.0
26.86,25.628946,2025-03-26,21.0
11.088,27.013441,2025-03-27,21.0
38.311,29.617502,2025-03-28,21.0
28.7,25.555353,2025-03-29,21.0
17.88,24.715273,2025-03-30,21.0
28.411,25.522001,2025-03-31,21.0
29.168,22.999702,2025-04-01,21.0
23.568,23.413326,2025-04-02,21.0
24.544,26.909231,2025-04-03,21.0
23.32,26.099207,2025-04-04,21.0
27.52,22.803349,2025-04-05,21.0
24.488,25.825792,2025-04-06,21.0
22.62,24.331234,2025-04-07,21.0
29.411,23.807758,2025-04-08,21.0
23.176,25.065487,2025-04-09,21.0
25.772,24.7968,2025-04-10,21.0
31.84,25.453775,2025-04-11,21.0
23.412,24.183344,2025-04-12,21.0
27.508,25.512583,2025-04-13,21.0
31.612,27.666563,2025-04-14,21.0
28.288,26.054274,2025-04-15,21.0
25.512,24.907255,2025-04-16,21.0
27.888,27.346819,2025-04-17,21.0
25.2,22.5939,2025-04-18,21.0
21.272,20.871094,2025-04-19,21.0
13.776,24.88125,2025-04-20,21.0
32.0,24.048449,2025-04-21,21.0
21.772,23.785532,2025-04-22,21.0
25.652,26.07902,2025-04-23,21.0
26.896,28.256432,2025-04-24,21.0
33.8,25.39911,2025-04-25,21.0
27.2628,24.60592,2025-04-26,21.0
26.668,28.478548,2025-04-27,21.0
27.42,27.323505,2025-04-28,21.0
31.74,28.461433,2025-04-29,21.0
30.48,31.298765,2025-04-30,21.0
37.28,32.168144,2025-05-01,21.0
26.96,28.813862,2025-05-02,21.0
29.52,25.585838,2025-05-03,21.0
21.6,29.117918,2025-05-04,21.0
23.14,25.22508,2025-05-05,21.0
35.711,26.319574,2025-05-06,21.0
30.228,24.887655,2025-05-07,21.0
25.536,28.572508,2025-05-08,21.0
23.32,27.471136,2025-05-09,21.0
27.76,25.630653,2025-05-10,21.0
18.272,28.205116,2025-05-11,21.0
33.352,27.343931,2025-05-12,21.0
23.988,22.711554,2025-05-13,21.0
27.708,23.189297,2025-05-14,21.0
25.28,26.972607,2025-05-15,21.0
27.11,24.177889,2025-05-16,21.0
21.64,21.534271,2025-05-17,21.0
29.372,22.830929,2025-05-18,21.0
24.108,25.286436,2025-05-19,21.0
27.952,19.172304,2025-05-20,21.0
23.248,27.540634,2025-05-21,21.0
27.8628,25.301794,2025-05-22,21.0
26.768,24.907331,2025-05-23,21.0
30.072,20.881096,2025-05-24,21.0
20.896,26.36188,2025-05-25,21.0
26.704,26.147482,2025-05-26,21.0
30.616,25.137877,2025-05-27,21.0
20.92,24.638607,2025-05-28,21.0
29.104,25.77505,2025-05-29,21.0
27.88,25.877562,2025-05-30,21.0
26.336,23.027876,2025-05-31,21.0
16.072,25.124197,2025-06-01,21.0
24.22,23.198107,2025-06-02,21.0
26.748,20.588799,2025-06-03,21.0
26.8628,22.143824,2025-06-04,21.0
27.656,24.438635,2025-06-05,21.0
31.828,20.333927,2025-06-06,21.0
19.752,22.337746,2025-06-07,21.0
31.92,24.740995,2025-06-08,21.0
29.928,24.71555,2025-06-09,21.0
25.492,18.713839,2025-06-10,21.0
25.92,28.766733,2025-06-11,21.0
29.496,29.663889,2025-06-12,21.0
11.2628,26.72983,2025-06-13,21.0
17.64,22.13403,2025-06-14,21.0
14.88,23.494204,2025-06-15,21.0
27.08,18.392454,2025-06-16,21.0
21.428,21.956167,2024-09-18,22.0
28.82,20.061182,2024-09-19,22.0
24.3,23.814703,2024-09-20,22.0
26.248,21.877434,2024-09-21,22.0
28.492,22.005875,2024-09-22,22.0
18.22,24.169998,2024-09-23,22.0
16.61242,21.789137,2024-09-24,22.0
17.610548,26.2079,2024-09-25,22.0
19.031319,23.216848,2024-09-26,22.0
19.317225,21.541399,2024-09-27,22.0
24.13779,18.857754,2024-09-28,22.0
16.488,19.87251,2024-09-29,22.0
27.232,18.10627,2024-09-30,22.0
14.928,18.837416,2024-10-01,22.0
0.532,20.320627,2024-10-02,22.0
16.316135,22.93809,2024-10-03,22.0
21.788,18.82645,2024-10-04,22.0
17.504,15.266041,2024-10-05,22.0
4.628,17.259184,2024-10-06,22.0
13.35559,16.264135,2024-10-07,22.0
16.135893,12.9951,2024-10-08,22.0
22.868,12.910753,2024-10-09,22.0
8.22,13.397311,2024-10-10,22.0
12.368,11.670744,2024-10-11,22.0
18.211,11.251663,2024-10-12,22.0
12.98,13.042175,2024-10-13,22.0
13.417414,13.594408,2024-10-14,22.0
17.19786,12.16052,2024-10-15,22.0
14.112,12.412132,2024-10-16,22.0
22.228,12.802292,2024-10-17,22.0
16.58,14.544554,2024-10-18,22.0
11.712,13.081787,2024-10-19,22.0
20.28,14.569435,2024-10-20,22.0
29.012,13.925823,2024-10-21,22.0
12.112,12.444025,2024-10-22,22.0
49.632,14.006681,2024-10-23,22.0
9.148,16.680094,2024-10-24,22.0
11.7868,17.564972,2024-10-25,22.0
10.1,20.249268,2024-10-26,22.0
44.26,19.174852,2024-10-27,22.0
12.58,15.092084,2024-10-28,22.0
16.320282,15.0446415,2024-10-29,22.0
18.86862,21.821775,2024-10-30,22.0
46.432,18.49396,2024-10-31,22.0
14.08,19.015493,2024-11-01,22.0
6.048,20.64374,2024-11-02,22.0
44.86,23.387703,2024-11-03,22.0
33.692,21.123606,2024-11-04,22.0
29.668,24.232756,2024-11-05,22.0
20.968105,25.464743,2024-11-06,22.0
25.411,24.88975,2024-11-07,22.0
45.828,22.657085,2024-11-08,22.0
42.788,25.337189,2024-11-09,22.0
16.892,26.588373,2024-11-10,22.0
24.56432,28.280333,2024-11-11,22.0
19.576,33.494473,2024-11-12,22.0
7.992,28.341404,2024-11-13,22.0
62.632,28.043789,2024-11-14,22.0
49.92,23.445105,2024-11-15,22.0
25.393717,22.281404,2024-11-16,22.0
70.696,34.384388,2024-11-17,22.0
27.472,30.157114,2024-11-18,22.0
27.648,28.967796,2024-11-19,22.0
49.552,42.88938,2024-11-20,22.0
0.72,32.41321,2024-11-21,22.0
27.149633,31.628548,2024-11-22,22.0
25.242577,36.37468,2024-11-23,22.0
23.497503,28.87299,2024-11-24,22.0
25.094692,24.507383,2024-11-25,22.0
19.201052,34.785835,2024-11-26,22.0
20.710695,26.613409,2024-11-27,22.0
24.526375,28.565893,2024-11-28,22.0
27.228125,31.478924,2024-11-29,22.0
26.9368,21.676636,2024-11-30,22.0
10.832,27.731918,2024-12-01,22.0
41.101067,27.504456,2024-12-02,22.0
35.498905,22.021414,2024-12-03,22.0
42.352,24.10147,2024-12-04,22.0
61.656,29.008512,2024-12-05,22.0
16.252,25.381693,2024-12-06,22.0
31.692738,26.305086,2024-12-07,22.0
31.589584,28.984146,2024-12-08,22.0
27.668,24.972025,2024-12-09,22.0
48.5028,25.533737,2024-12-10,22.0
18.508,30.46966,2024-12-11,22.0
39.69651,31.46594,2024-12-12,22.0
30.281866,30.454578,2024-12-13,22.0
32.862713,33.476463,2024-12-14,22.0
56.58,27.821447,2024-12-15,22.0
58.272,36.92199,2024-12-16,22.0
46.016,36.244617,2024-12-17,22.0
42.80571,38.6607,2024-12-18,22.0
38.663227,43.68182,2024-12-19,22.0
29.773745,39.261154,2024-12-20,22.0
30.82465,34.468796,2024-12-21,22.0
32.07459,39.648064,2024-12-22,22.0
48.452,35.01298,2024-12-23,22.0
54.74,38.678986,2024-12-24,22.0
56.912,41.55117,2024-12-25,22.0
39.632175,41.23181,2024-12-26,22.0
30.947954,35.493446,2024-12-27,22.0
32.662495,34.277164,2024-12-28,22.0
57.336,32.330902,2024-12-29,22.0
68.102,32.345818,2024-12-30,22.0
46.448,37.99559,2024-12-31,22.0
46.28657,48.181507,2025-01-01,22.0
44.480995,46.310165,2025-01-02,22.0
28.84,47.00965,2025-01-03,22.0
22.732,42.085457,2025-01-04,22.0
21.66,41.160477,2025-01-05,22.0
58.088,36.07086,2025-01-06,22.0
74.492,34.329334,2025-01-07,22.0
44.526882,33.816303,2025-01-08,22.0
44.386307,37.025555,2025-01-09,22.0
36.81359,41.264183,2025-01-10,22.0
39.80449,39.226616,2025-01-11,22.0
28.107182,40.94719,2025-01-12,22.0
37.61709,39.397526,2025-01-13,22.0
47.305885,36.010498,2025-01-14,22.0
142.48,43.05545,2025-01-15,22.0
52.932,39.717934,2025-01-16,22.0
35.900394,37.66491,2025-01-17,22.0
41.264812,50.787983,2025-01-18,22.0
28.532694,47.54193,2025-01-19,22.0
53.168,52.981606,2025-01-20,22.0
41.96,40.201866,2025-01-21,22.0
46.271095,45.399055,2025-01-22,22.0
44.625717,45.2187,2025-01-23,22.0
35.968502,49.90483,2025-01-24,22.0
52.028,43.806755,2025-01-25,22.0
48.192,41.68966,2025-01-26,22.0
36.27761,41.452744,2025-01-27,22.0
47.765057,43.952335,2025-01-28,22.0
46.382545,49.564278,2025-01-29,22.0
35.228,41.866886,2025-01-30,22.0
29.25,43.983276,2025-01-31,22.0
28.763268,41.249504,2025-02-01,22.0
36.682755,39.85893,2025-02-02,22.0
37.81007,35.775284,2025-02-03,22.0
53.68,35.21489,2025-02-04,22.0
43.14,36.068504,2025-02-05,22.0
39.687675,39.53982,2025-02-06,22.0
38.706738,38.56833,2025-02-07,22.0
26.732,39.326687,2025-02-08,22.0
38.76,38.21022,2025-02-09,22.0
37.54183,35.273872,2025-02-10,22.0
37.70095,35.28316,2025-02-11,22.0
36.908,36.3877,2025-02-12,22.0
68.428,36.57299,2025-02-13,22.0
21.6628,34.86303,2025-02-14,22.0
28.556253,36.34114,2025-02-15,22.0
35.393547,38.083366,2025-02-16,22.0
31.856,35.014053,2025-02-17,22.0
67.664,34.81111,2025-02-18,22.0
26.448,29.131159,2025-02-19,22.0
41.328358,34.425278,2025-02-20,22.0
32.808,35.682953,2025-02-21,22.0
10.3028,32.310463,2025-02-22,22.0
24.96,31.720531,2025-02-23,22.0
79.308,31.009237,2025-02-24,22.0
3.28,29.497332,2025-02-25,22.0
39.165726,30.040182,2025-02-26,22.0
39.681126,36.308075,2025-02-27,22.0
68.28,26.093203,2025-02-28,22.0
61.628,29.550253,2025-03-01,22.0
24.895437,31.255829,2025-03-02,22.0
30.948606,34.661526,2025-03-03,22.0
33.42051,37.837532,2025-03-04,22.0
21.672,39.20385,2025-03-05,22.0
71.688,30.492966,2025-03-06,22.0
48.76,36.232754,2025-03-07,22.0
10.8628,29.919456,2025-03-08,22.0
17.728,39.16752,2025-03-09,22.0
35.102,41.36653,2025-03-10,22.0
26.888,30.011858,2025-03-11,22.0
21.488,31.721556,2025-03-12,22.0
33.132,30.528154,2025-03-13,22.0
17.12,28.270002,2025-03-14,22.0
14.308,26.37848,2025-03-15,22.0
11.032,25.684454,2025-03-16,22.0
16.632,21.548735,2025-03-17,22.0
12.268,20.423758,2025-03-18,22.0
29.528,25.05977,2025-03-19,22.0
25.368,22.98796,2025-03-20,22.0
14.911,19.534658,2025-03-21,22.0
20.432,20.642332,2025-03-22,22.0
12.168,19.951662,2025-03-23,22.0
8.192,16.77658,2025-03-24,22.0
9.536,17.434498,2025-03-25,22.0
13.911,17.833664,2025-03-26,22.0
12.608,16.619852,2025-03-27,22.0
20.172,16.291859,2025-03-28,22.0
22.18,15.779327,2025-03-29,22.0
10.8,14.160955,2025-03-30,22.0
8.992,14.041875,2025-03-31,22.0
9.428,13.90637,2025-04-01,22.0
9.892,12.457056,2025-04-02,22.0
5.456,11.637461,2025-04-03,22.0
7.711,10.953388,2025-04-04,22.0
5.3,10.228868,2025-04-05,22.0
3.728,9.858107,2025-04-06,22.0
7.24,9.949459,2025-04-07,22.0
7.272,9.410188,2025-04-08,22.0
2.736,9.461911,2025-04-09,22.0
2.64,9.312337,2025-04-10,22.0
1.612,8.024661,2025-04-11,22.0
6.11,7.2489605,2025-04-12,22.0
1.028,6.528358,2025-04-13,22.0
3.812,6.6697893,2025-04-14,22.0
21.12562,6.209819,2025-04-15,22.0
8.46,6.1519384,2025-04-16,22.0
10.72,8.314973,2025-04-17,22.0
23.200386,8.933775,2025-04-18,22.0
21.812939,7.4182086,2025-04-19,22.0
24.3255,9.478643,2025-04-20,22.0
12.048,11.263319,2025-04-21,22.0
11.1828,11.91659,2025-04-22,22.0
1.188,13.02993,2025-04-23,22.0
23.890306,14.606513,2025-04-24,22.0
8.68,11.956298,2025-04-25,22.0
3.92,10.958235,2025-04-26,22.0
4.868,13.991534,2025-04-27,22.0
7.384,11.4414425,2025-04-28,22.0
1.412,11.455879,2025-04-29,22.0
10.88,10.216642,2025-04-30,22.0
5.392,10.504644,2025-05-01,22.0
9.792,8.005852,2025-05-02,22.0
1.56,7.5025916,2025-05-03,22.0
13.64,7.0821724,2025-05-04,22.0
12.896,5.604061,2025-05-05,22.0
14.12,7.2150593,2025-05-06,22.0
20.6628,8.989458,2025-05-07,22.0
20.496,9.1314335,2025-05-08,22.0
21.892,10.917183,2025-05-09,22.0
13.411,11.710339,2025-05-10,22.0
16.84288,14.142508,2025-05-11,22.0
28.048,13.320925,2025-05-12,22.0
11.928,12.005869,2025-05-13,22.0
18.588,13.824404,2025-05-14,22.0
18.812,15.446239,2025-05-15,22.0
32.8,14.61328,2025-05-16,22.0
23.14,13.244564,2025-05-17,22.0
20.592,16.18763,2025-05-18,22.0
10.656,17.616194,2025-05-19,22.0
36.2228,14.737541,2025-05-20,22.0
12.588,20.368732,2025-05-21,22.0
11.86,18.11423,2025-05-22,22.0
24.032,20.636158,2025-05-23,22.0
24.296,14.036435,2025-05-24,22.0
10.192,18.042828,2025-05-25,22.0
23.276201,19.774727,2025-05-26,22.0
75.288,17.396725,2025-05-27,22.0
28.532,16.248331,2025-05-28,22.0
19.788,24.020222,2025-05-29,22.0
25.984,30.44928,2025-05-30,22.0
14.36,24.109646,2025-05-31,22.0
27.36,24.662237,2025-06-01,22.0
26.456,22.119581,2025-06-02,22.0
41.272,18.616169,2025-06-03,22.0
19.888,20.378815,2025-06-04,22.0
20.172,29.45935,2025-06-05,22.0
22.7,23.285477,2025-06-06,22.0
23.28,19.740618,2025-06-07,22.0
26.432,22.397968,2025-06-08,22.0
32.8,19.452332,2025-06-09,22.0
20.656,18.869242,2025-06-10,22.0
8.211,22.456861,2025-06-11,22.0
38.88,27.733885,2025-06-12,22.0
16.132,20.483427,2025-06-13,22.0
23.570793,17.398527,2025-06-14,22.0
22.448,21.317244,2025-06-15,22.0
11.694221,18.529245,2025-06-16,22.0
9.688,13.31128,2024-09-18,23.0
22.3,10.8970175,2024-09-19,23.0
24.04,9.924217,2024-09-20,23.0
22.5,10.213539,2024-09-21,23.0
10.38,11.542392,2024-09-22,23.0
4.452,18.70729,2024-09-23,23.0
5.8,13.311502,2024-09-24,23.0
10.768,13.779091,2024-09-25,23.0
30.14,13.073498,2024-09-26,23.0
11.828,11.875122,2024-09-27,23.0
23.172,11.986332,2024-09-28,23.0
17.088,14.871954,2024-09-29,23.0
31.672,14.322632,2024-09-30,23.0
17.012,14.859067,2024-10-01,23.0
10.472,17.43995,2024-10-02,23.0
11.888,23.013494,2024-10-03,23.0
19.772,17.896162,2024-10-04,23.0
37.02,15.291744,2024-10-05,23.0
19.102,15.173153,2024-10-06,23.0
29.296,19.722666,2024-10-07,23.0
17.864,19.154957,2024-10-08,23.0
21.96,20.607227,2024-10-09,23.0
25.148,19.757587,2024-10-10,23.0
22.25,17.37962,2024-10-11,23.0
28.2,15.785665,2024-10-12,23.0
18.048,17.771837,2024-10-13,23.0
22.492,23.452583,2024-10-14,23.0
11.668,18.746756,2024-10-15,23.0
32.752,19.916582,2024-10-16,23.0
9.952,18.069094,2024-10-17,23.0
11.536,18.297522,2024-10-18,23.0
36.172,18.52432,2024-10-19,23.0
23.52,16.33536,2024-10-20,23.0
24.188,21.240477,2024-10-21,23.0
19.572,20.868372,2024-10-22,23.0
24.852,19.939621,2024-10-23,23.0
21.336,19.252703,2024-10-24,23.0
18.711,22.029299,2024-10-25,23.0
24.18,17.784964,2024-10-26,23.0
19.211,17.256727,2024-10-27,23.0
24.776,22.3359,2024-10-28,23.0
27.552,17.19924,2024-10-29,23.0
29.352,18.560171,2024-10-30,23.0
23.92,19.198568,2024-10-31,23.0
31.258,19.489006,2024-11-01,23.0
28.16,20.552958,2024-11-02,23.0
23.612,20.37669,2024-11-03,23.0
25.288,27.74927,2024-11-04,23.0
21.072,23.985102,2024-11-05,23.0
38.108,23.888018,2024-11-06,23.0
20.25,23.334494,2024-11-07,23.0
26.8,21.544336,2024-11-08,23.0
27.768,19.903738,2024-11-09,23.0
21.264,21.106756,2024-11-10,23.0
37.52,25.365948,2024-11-11,23.0
7.216,20.325258,2024-11-12,23.0
29.424,23.366001,2024-11-13,23.0
19.608,24.034359,2024-11-14,23.0
36.46,21.333864,2024-11-15,23.0
37.7,18.753069,2024-11-16,23.0
17.0,22.954535,2024-11-17,23.0
39.38,27.85838,2024-11-18,23.0
4.64,23.033762,2024-11-19,23.0
4.268,29.258917,2024-11-20,23.0
12.6228,22.76653,2024-11-21,23.0
38.376,22.433931,2024-11-22,23.0
25.912,17.786915,2024-11-23,23.0
18.926859,19.897161,2024-11-24,23.0
22.389324,26.613993,2024-11-25,23.0
16.68478,18.99877,2024-11-26,23.0
23.938536,26.750254,2024-11-27,23.0
20.307186,22.429014,2024-11-28,23.0
23.90361,18.185976,2024-11-29,23.0
37.248,16.221136,2024-11-30,23.0
58.332,21.958704,2024-12-01,23.0
49.611,24.69279,2024-12-02,23.0
37.92,23.797056,2024-12-03,23.0
47.088,31.89173,2024-12-04,23.0
58.96,31.91953,2024-12-05,23.0
41.192,26.362955,2024-12-06,23.0
47.928,26.799978,2024-12-07,23.0
41.22,29.552294,2024-12-08,23.0
27.652,27.872454,2024-12-09,23.0
18.216,34.98544,2024-12-10,23.0
18.792,37.186615,2024-12-11,23.0
55.552,32.31179,2024-12-12,23.0
29.576,27.595552,2024-12-13,23.0
41.944,30.541815,2024-12-14,23.0
51.088,29.67611,2024-12-15,23.0
50.56,35.023514,2024-12-16,23.0
45.76,35.76245,2024-12-17,23.0
51.42,38.79249,2024-12-18,23.0
45.852,40.54901,2024-12-19,23.0
54.088,38.03806,2024-12-20,23.0
59.36,34.740604,2024-12-21,23.0
46.272,36.36998,2024-12-22,23.0
55.6,42.28973,2024-12-23,23.0
43.508,45.63571,2024-12-24,23.0
37.3,45.779297,2024-12-25,23.0
52.848,44.96361,2024-12-26,23.0
49.432,31.612831,2024-12-27,23.0
31.528,27.515217,2024-12-28,23.0
45.0,32.9236,2024-12-29,23.0
41.28,36.51125,2024-12-30,23.0
46.172,34.78354,2024-12-31,23.0
45.06,46.28979,2025-01-01,23.0
32.12,37.40455,2025-01-02,23.0
60.352,40.57142,2025-01-03,23.0
38.948,35.193813,2025-01-04,23.0
49.34,35.908463,2025-01-05,23.0
41.02,38.00892,2025-01-06,23.0
38.78,37.739784,2025-01-07,23.0
48.728,37.629684,2025-01-08,23.0
32.72,38.68303,2025-01-09,23.0
47.652,39.49608,2025-01-10,23.0
48.172,32.64637,2025-01-11,23.0
47.308,35.964165,2025-01-12,23.0
28.94,37.696507,2025-01-13,23.0
39.592,39.136757,2025-01-14,23.0
49.508,40.41726,2025-01-15,23.0
43.972,35.346184,2025-01-16,23.0
45.708,33.43375,2025-01-17,23.0
42.011,34.74424,2025-01-18,23.0
56.988,37.968857,2025-01-19,23.0
48.708,43.501152,2025-01-20,23.0
32.652,34.701954,2025-01-21,23.0
49.66,43.58424,2025-01-22,23.0
47.9,41.836857,2025-01-23,23.0
31.628,38.11367,2025-01-24,23.0
35.292,41.01886,2025-01-25,23.0
33.68,37.94867,2025-01-26,23.0
49.332,35.747528,2025-01-27,23.0
28.008,39.060963,2025-01-28,23.0
35.22,37.426098,2025-01-29,23.0
38.012,34.6,2025-01-30,23.0
32.576,35.73459,2025-01-31,23.0
20.612,30.643764,2025-02-01,23.0
44.148,32.90531,2025-02-02,23.0
37.4,28.302649,2025-02-03,23.0
45.0628,28.099361,2025-02-04,23.0
55.76,35.460293,2025-02-05,23.0
42.576,35.819107,2025-02-06,23.0
46.252,36.517494,2025-02-07,23.0
61.08,40.238895,2025-02-08,23.0
11.052,36.61728,2025-02-09,23.0
9.748,38.721573,2025-02-10,23.0
18.948,43.7658,2025-02-11,23.0
45.36,34.942646,2025-02-12,23.0
31.064,31.195898,2025-02-13,23.0
47.376,31.09928,2025-02-14,23.0
35.132,31.473516,2025-02-15,23.0
28.5,28.668596,2025-02-16,23.0
38.248,35.18882,2025-02-17,23.0
38.112,29.143728,2025-02-18,23.0
43.26,28.27493,2025-02-19,23.0
53.828,32.5351,2025-02-20,23.0
27.6628,32.10494,2025-02-21,23.0
36.612,29.361286,2025-02-22,23.0
44.784,32.22826,2025-02-23,23.0
55.628,31.539707,2025-02-24,23.0
53.38,32.465954,2025-02-25,23.0
64.728,39.151447,2025-02-26,23.0
60.392,40.37539,2025-02-27,23.0
29.552,41.26611,2025-02-28,23.0
49.528,45.761665,2025-03-01,23.0
54.552,38.115425,2025-03-02,23.0
58.208,36.94052,2025-03-03,23.0
43.528,42.346077,2025-03-04,23.0
38.64,46.75419,2025-03-05,23.0
42.66,47.933372,2025-03-06,23.0
35.008,45.70417,2025-03-07,23.0
38.08,41.885937,2025-03-08,23.0
18.992,40.823013,2025-03-09,23.0
17.32,45.713726,2025-03-10,23.0
22.808,39.40959,2025-03-11,23.0
19.92,35.571625,2025-03-12,23.0
17.744,28.278486,2025-03-13,23.0
22.76,27.106937,2025-03-14,23.0
12.188,23.987535,2025-03-15,23.0
9.372,23.71726,2025-03-16,23.0
28.088,24.203922,2025-03-17,23.0
22.328,19.302553,2025-03-18,23.0
19.464,22.131811,2025-03-19,23.0
22.228,24.726837,2025-03-20,23.0
21.052,22.058607,2025-03-21,23.0
22.64,20.966417,2025-03-22,23.0
22.008,21.238926,2025-03-23,23.0
30.58,21.134092,2025-03-24,23.0
10.96,19.839725,2025-03-25,23.0
22.292,24.056885,2025-03-26,23.0
33.448,24.742579,2025-03-27,23.0
28.711,23.111132,2025-03-28,23.0
12.028,22.419626,2025-03-29,23.0
14.652,23.051989,2025-03-30,23.0
21.708,21.939232,2025-03-31,23.0
7.628,18.93614,2025-04-01,23.0
21.64,22.045174,2025-04-02,23.0
4.48,18.16848,2025-04-03,23.0
23.472,17.461811,2025-04-04,23.0
11.048,16.793873,2025-04-05,23.0
12.332,16.488016,2025-04-06,23.0
24.612,17.300158,2025-04-07,23.0
11.988,15.15277,2025-04-08,23.0
21.8,17.78356,2025-04-09,23.0
24.108,15.984518,2025-04-10,23.0
13.912,15.740244,2025-04-11,23.0
26.4,15.804593,2025-04-12,23.0
19.952,18.022757,2025-04-13,23.0
36.428,19.031773,2025-04-14,23.0
22.3,18.025074,2025-04-15,23.0
39.608,20.764967,2025-04-16,23.0
16.532,22.073263,2025-04-17,23.0
23.372,20.073498,2025-04-18,23.0
17.496,19.008436,2025-04-19,23.0
23.72,19.21242,2025-04-20,23.0
23.892,22.465199,2025-04-21,23.0
20.211,19.456392,2025-04-22,23.0
21.016,25.553295,2025-04-23,23.0
23.224,23.075224,2025-04-24,23.0
32.096,23.14834,2025-04-25,23.0
26.944,18.214426,2025-04-26,23.0
25.12,22.538149,2025-04-27,23.0
30.228,21.374737,2025-04-28,23.0
23.588,23.593609,2025-04-29,23.0
29.84,25.522547,2025-04-30,23.0
36.7828,27.151829,2025-05-01,23.0
25.336,22.401386,2025-05-02,23.0
21.132,20.60953,2025-05-03,23.0
39.252,25.212435,2025-05-04,23.0
24.028,20.19596,2025-05-05,23.0
26.18,21.44084,2025-05-06,23.0
27.072,27.397524,2025-05-07,23.0
10.928,23.57274,2025-05-08,23.0
19.608,22.18714,2025-05-09,23.0
26.6628,20.973791,2025-05-10,23.0
29.856,20.513342,2025-05-11,23.0
29.272,19.600943,2025-05-12,23.0
25.48,23.07611,2025-05-13,23.0
31.2,23.008625,2025-05-14,23.0
30.28,22.014013,2025-05-15,23.0
27.088,22.756502,2025-05-16,23.0
28.88,18.958513,2025-05-17,23.0
36.372,20.974321,2025-05-18,23.0
27.012,25.99484,2025-05-19,23.0
33.428,21.107588,2025-05-20,23.0
30.1,28.531467,2025-05-21,23.0
38.608,25.427402,2025-05-22,23.0
30.784,25.78691,2025-05-23,23.0
32.048,21.965391,2025-05-24,23.0
31.928,26.704618,2025-05-25,23.0
22.8228,27.76869,2025-05-26,23.0
25.288,26.81537,2025-05-27,23.0
28.368,25.172377,2025-05-28,23.0
31.0,24.627218,2025-05-29,23.0
29.832,25.390963,2025-05-30,23.0
23.56,23.041006,2025-05-31,23.0
21.06,23.947548,2025-06-01,23.0
23.268,21.915363,2025-06-02,23.0
18.0,21.77413,2025-06-03,23.0
29.44,22.034616,2025-06-04,23.0
23.112,20.169477,2025-06-05,23.0
30.36,18.558922,2025-06-06,23.0
11.392,18.737211,2025-06-07,23.0
24.8,20.232183,2025-06-08,23.0
32.2,20.87683,2025-06-09,23.0
24.72,15.781563,2025-06-10,23.0
31.976,25.369999,2025-06-11,23.0
25.532,25.554012,2025-06-12,23.0
22.68,25.402292,2025-06-13,23.0
11.932,19.355322,2025-06-14,23.0
16.0,22.159637,2025-06-15,23.0
26.63,16.552172,2025-06-16,23.0
11.72,19.557974,2024-09-18,24.0
20.288,19.936457,2024-09-19,24.0
32.752,16.97758,2024-09-20,24.0
25.06,18.519114,2024-09-21,24.0
20.292,20.460611,2024-09-22,24.0
11.28,22.92785,2024-09-23,24.0
11.288,21.653105,2024-09-24,24.0
20.628,21.231853,2024-09-25,24.0
29.68,19.795282,2024-09-26,24.0
29.98,18.755856,2024-09-27,24.0
24.628,18.72347,2024-09-28,24.0
11.88,24.719809,2024-09-29,24.0
30.88,21.96228,2024-09-30,24.0
24.08,20.546528,2024-10-01,24.0
17.012,21.259035,2024-10-02,24.0
25.52,25.676388,2024-10-03,24.0
12.908,23.436924,2024-10-04,24.0
33.272,20.225271,2024-10-05,24.0
20.072,23.296999,2024-10-06,24.0
22.688,22.446087,2024-10-07,24.0
29.032,21.300062,2024-10-08,24.0
32.668,23.401299,2024-10-09,24.0
19.8,23.832354,2024-10-10,24.0
23.82,22.20729,2024-10-11,24.0
25.58,22.043869,2024-10-12,24.0
27.02,21.717722,2024-10-13,24.0
29.368,26.250235,2024-10-14,24.0
23.24,24.040827,2024-10-15,24.0
27.432,24.24473,2024-10-16,24.0
20.968,25.248484,2024-10-17,24.0
10.032,26.624334,2024-10-18,24.0
20.08,23.356739,2024-10-19,24.0
23.288,23.015886,2024-10-20,24.0
46.0,22.059576,2024-10-21,24.0
14.052,22.91434,2024-10-22,24.0
27.892,24.557405,2024-10-23,24.0
25.248,27.144962,2024-10-24,24.0
23.088,24.154331,2024-10-25,24.0
10.032,23.761538,2024-10-26,24.0
25.888,24.248606,2024-10-27,24.0
17.432,22.896925,2024-10-28,24.0
37.7,18.84625,2024-10-29,24.0
24.012,25.794302,2024-10-30,24.0
26.828,22.866537,2024-10-31,24.0
39.52,23.166204,2024-11-01,24.0
37.38,24.19649,2024-11-02,24.0
29.64,25.864805,2024-11-03,24.0
7.368,29.7488,2024-11-04,24.0
25.984,31.188213,2024-11-05,24.0
18.208,26.230955,2024-11-06,24.0
31.272,26.589396,2024-11-07,24.0
19.788,24.263025,2024-11-08,24.0
22.82,22.667267,2024-11-09,24.0
25.288,26.12847,2024-11-10,24.0
20.424,24.404121,2024-11-11,24.0
23.336,23.967371,2024-11-12,24.0
29.732,22.383417,2024-11-13,24.0
23.788,24.841757,2024-11-14,24.0
18.412,22.053072,2024-11-15,24.0
14.0,23.227068,2024-11-16,24.0
45.11,24.103693,2024-11-17,24.0
24.628,21.011656,2024-11-18,24.0
22.6,22.680634,2024-11-19,24.0
16.732,28.38488,2024-11-20,24.0
29.492,24.481201,2024-11-21,24.0
20.768,25.91945,2024-11-22,24.0
26.190437,24.076258,2024-11-23,24.0
27.748457,24.373453,2024-11-24,24.0
25.163582,21.087646,2024-11-25,24.0
23.084198,28.640745,2024-11-26,24.0
24.380838,25.478964,2024-11-27,24.0
31.063702,26.265226,2024-11-28,24.0
25.477945,22.367739,2024-11-29,24.0
25.1012,24.008606,2024-11-30,24.0
24.448,25.26283,2024-12-01,24.0
21.112,27.282852,2024-12-02,24.0
25.176,24.208433,2024-12-03,24.0
30.192,26.686241,2024-12-04,24.0
36.36,26.106134,2024-12-05,24.0
28.992,22.532045,2024-12-06,24.0
26.748,24.710989,2024-12-07,24.0
22.62,25.389925,2024-12-08,24.0
29.74,23.76413,2024-12-09,24.0
19.528,23.750086,2024-12-10,24.0
36.44,27.389784,2024-12-11,24.0
22.032,27.691376,2024-12-12,24.0
20.72,23.279306,2024-12-13,24.0
20.548,25.602356,2024-12-14,24.0
25.66,23.302008,2024-12-15,24.0
19.62,27.878477,2024-12-16,24.0
22.708,25.557833,2024-12-17,24.0
38.6228,28.889545,2024-12-18,24.0
25.488,26.864428,2024-12-19,24.0
25.032,29.834637,2024-12-20,24.0
39.76,23.541613,2024-12-21,24.0
35.92,27.364418,2024-12-22,24.0
26.548,26.376858,2024-12-23,24.0
27.972,32.3434,2024-12-24,24.0
32.812,33.712357,2024-12-25,24.0
27.132,29.359537,2024-12-26,24.0
18.188,25.381657,2024-12-27,24.0
43.411,23.075533,2024-12-28,24.0
27.14,22.766897,2024-12-29,24.0
32.42,26.147242,2024-12-30,24.0
38.8,31.011034,2024-12-31,24.0
38.532,33.352356,2025-01-01,24.0
22.068,30.64103,2025-01-02,24.0
25.492,31.902735,2025-01-03,24.0
16.648,29.231867,2025-01-04,24.0
35.02,28.99491,2025-01-05,24.0
32.132,28.393232,2025-01-06,24.0
31.8,27.116129,2025-01-07,24.0
33.376,27.342863,2025-01-08,24.0
36.192,28.407099,2025-01-09,24.0
20.88,29.737446,2025-01-10,24.0
33.64,28.038301,2025-01-11,24.0
31.768,29.074812,2025-01-12,24.0
32.028,27.44855,2025-01-13,24.0
4.384,30.806797,2025-01-14,24.0
51.288,32.632195,2025-01-15,24.0
39.96,28.121061,2025-01-16,24.0
17.992,27.2722,2025-01-17,24.0
35.468,31.637133,2025-01-18,24.0
31.928,30.165598,2025-01-19,24.0
37.768,32.378365,2025-01-20,24.0
32.1028,27.363462,2025-01-21,24.0
17.168,33.353333,2025-01-22,24.0
23.52,29.58782,2025-01-23,24.0
28.288,30.624247,2025-01-24,24.0
26.5828,30.222273,2025-01-25,24.0
7.096,28.162386,2025-01-26,24.0
22.8,28.915857,2025-01-27,24.0
26.828,28.171926,2025-01-28,24.0
19.428,27.248478,2025-01-29,24.0
33.664,26.4983,2025-01-30,24.0
23.896,27.363897,2025-01-31,24.0
28.2628,24.20633,2025-02-01,24.0
12.136,28.698168,2025-02-02,24.0
9.872,25.694914,2025-02-03,24.0
48.872,23.962952,2025-02-04,24.0
13.108,24.856722,2025-02-05,24.0
25.508,26.567244,2025-02-06,24.0
23.811,27.71124,2025-02-07,24.0
28.068,25.893244,2025-02-08,24.0
25.384,25.684614,2025-02-09,24.0
17.656,26.780083,2025-02-10,24.0
29.984,26.42985,2025-02-11,24.0
4.92,25.157534,2025-02-12,24.0
25.528,28.795355,2025-02-13,24.0
29.58,24.318296,2025-02-14,24.0
19.258,22.775068,2025-02-15,24.0
10.2,24.850817,2025-02-16,24.0
13.892,26.48438,2025-02-17,24.0
17.76,23.961948,2025-02-18,24.0
5.76,20.308615,2025-02-19,24.0
39.32,24.554235,2025-02-20,24.0
22.148,20.127832,2025-02-21,24.0
11.932,21.701769,2025-02-22,24.0
25.452,24.387945,2025-02-23,24.0
17.136,21.199734,2025-02-24,24.0
27.424,22.16833,2025-02-25,24.0
10.776,23.9712,2025-02-26,24.0
30.2228,25.359236,2025-02-27,24.0
1.828,22.267822,2025-02-28,24.0
23.536,23.741346,2025-03-01,24.0
16.852,18.58109,2025-03-02,24.0
5.308,17.215801,2025-03-03,24.0
31.16,22.144165,2025-03-04,24.0
10.304,20.118961,2025-03-05,24.0
28.76,21.357725,2025-03-06,24.0
26.368,22.723017,2025-03-07,24.0
17.288,23.163578,2025-03-08,24.0
12.912,23.385153,2025-03-09,24.0
12.72,26.094046,2025-03-10,24.0
25.208,22.137625,2025-03-11,24.0
32.972,20.596844,2025-03-12,24.0
25.6,20.333546,2025-03-13,24.0
23.388,21.529078,2025-03-14,24.0
17.652,21.315098,2025-03-15,24.0
8.588,22.389334,2025-03-16,24.0
10.6,22.109226,2025-03-17,24.0
18.8228,19.508505,2025-03-18,24.0
11.008,22.382635,2025-03-19,24.0
17.0,23.634262,2025-03-20,24.0
17.56,22.699871,2025-03-21,24.0
24.02,21.51589,2025-03-22,24.0
12.24,21.082237,2025-03-23,24.0
20.868,21.290216,2025-03-24,24.0
8.12,20.974915,2025-03-25,24.0
22.104,21.820818,2025-03-26,24.0
19.028,22.469048,2025-03-27,24.0
37.76,21.328707,2025-03-28,24.0
17.188,21.519094,2025-03-29,24.0
13.62,21.837973,2025-03-30,24.0
6.928,22.265572,2025-03-31,24.0
27.411,20.600893,2025-04-01,24.0
23.88,20.806854,2025-04-02,24.0
25.248,18.559443,2025-04-03,24.0
14.711,22.704588,2025-04-04,24.0
10.748,20.547464,2025-04-05,24.0
5.748,22.057844,2025-04-06,24.0
13.12,19.78394,2025-04-07,24.0
16.052,18.585413,2025-04-08,24.0
10.98,17.557972,2025-04-09,24.0
21.54,21.30456,2025-04-10,24.0
10.48,20.472338,2025-04-11,24.0
7.14,19.774828,2025-04-12,24.0
10.16,19.168808,2025-04-13,24.0
19.008,17.038122,2025-04-14,24.0
18.312,15.436589,2025-04-15,24.0
17.7,16.25012,2025-04-16,24.0
20.88,19.631718,2025-04-17,24.0
31.82,16.900908,2025-04-18,24.0
20.272,16.854559,2025-04-19,24.0
16.36,19.920258,2025-04-20,24.0
16.056,21.260958,2025-04-21,24.0
14.172,19.97906,2025-04-22,24.0
5.868,22.485031,2025-04-23,24.0
14.56,22.859646,2025-04-24,24.0
9.552,19.27308,2025-04-25,24.0
22.768,16.481346,2025-04-26,24.0
20.6628,19.441107,2025-04-27,24.0
9.308,17.090055,2025-04-28,24.0
10.532,20.256187,2025-04-29,24.0
20.536,19.968607,2025-04-30,24.0
20.492,18.733463,2025-05-01,24.0
37.5,15.933842,2025-05-02,24.0
11.11,15.82859,2025-05-03,24.0
10.72,18.886307,2025-05-04,24.0
25.112,19.444834,2025-05-05,24.0
14.24,17.657967,2025-05-06,24.0
20.28,17.937462,2025-05-07,24.0
29.208,21.062246,2025-05-08,24.0
24.72,18.87036,2025-05-09,24.0
18.288,19.591316,2025-05-10,24.0
18.7428,25.343958,2025-05-11,24.0
26.92,21.315468,2025-05-12,24.0
11.776,18.68288,2025-05-13,24.0
27.732,22.83838,2025-05-14,24.0
33.908,20.446396,2025-05-15,24.0
20.632,19.677298,2025-05-16,24.0
22.928,20.714289,2025-05-17,24.0
27.4628,22.939663,2025-05-18,24.0
17.48,21.397495,2025-05-19,24.0
25.428,17.974838,2025-05-20,24.0
22.12,25.823492,2025-05-21,24.0
21.18,21.910707,2025-05-22,24.0
18.02,23.579252,2025-05-23,24.0
22.452,21.082851,2025-05-24,24.0
21.258,21.675402,2025-05-25,24.0
16.42,22.825617,2025-05-26,24.0
28.512,22.1127,2025-05-27,24.0
21.856,20.371073,2025-05-28,24.0
29.92,22.536459,2025-05-29,24.0
14.664,23.328915,2025-05-30,24.0
20.32,21.115107,2025-05-31,24.0
10.448,21.310068,2025-06-01,24.0
13.568,18.79498,2025-06-02,24.0
12.984,19.001982,2025-06-03,24.0
29.548,17.275898,2025-06-04,24.0
32.26,18.720001,2025-06-05,24.0
26.84,17.659636,2025-06-06,24.0
16.68,22.95332,2025-06-07,24.0
25.26,21.382,2025-06-08,24.0
23.308,22.509623,2025-06-09,24.0
17.6,17.649796,2025-06-10,24.0
25.56,25.290403,2025-06-11,24.0
18.28,22.169989,2025-06-12,24.0
13.492,24.279758,2025-06-13,24.0
12.76,20.931015,2025-06-14,24.0
7.86,19.30027,2025-06-15,24.0
17.378,17.193882,2025-06-16,24.0
10.78,5.8130493,2024-09-18,25.0
13.86,5.258136,2024-09-19,25.0
6.96,5.5352736,2024-09-20,25.0
13.49,6.542909,2024-09-21,25.0
7.61,7.100356,2024-09-22,25.0
9.93,7.547307,2024-09-23,25.0
3.528,7.623026,2024-09-24,25.0
10.828,7.868066,2024-09-25,25.0
13.03,7.1247196,2024-09-26,25.0
12.59,7.080552,2024-09-27,25.0
11.8,7.816433,2024-09-28,25.0
10.61,8.890263,2024-09-29,25.0
12.37,9.712969,2024-09-30,25.0
9.79,8.746791,2024-10-01,25.0
10.928,11.837001,2024-10-02,25.0
10.01,13.030907,2024-10-03,25.0
11.08,13.1363945,2024-10-04,25.0
10.9,12.48995,2024-10-05,25.0
14.13,13.228823,2024-10-06,25.0
13.51,12.130823,2024-10-07,25.0
10.56,11.2255,2024-10-08,25.0
17.32,11.826418,2024-10-09,25.0
9.47,10.983242,2024-10-10,25.0
13.77,10.559088,2024-10-11,25.0
10.1,11.028088,2024-10-12,25.0
10.39,12.173549,2024-10-13,25.0
10.59,12.23528,2024-10-14,25.0
10.528,11.134249,2024-10-15,25.0
10.228,11.26219,2024-10-16,25.0
13.12,11.18571,2024-10-17,25.0
19.32,11.521411,2024-10-18,25.0
11.85,10.691351,2024-10-19,25.0
18.97,12.371641,2024-10-20,25.0
17.37,12.39015,2024-10-21,25.0
13.09,11.660589,2024-10-22,25.0
21.73,12.7356205,2024-10-23,25.0
12.53,13.247349,2024-10-24,25.0
19.89,13.30565,2024-10-25,25.0
18.45,12.926396,2024-10-26,25.0
17.25,15.527576,2024-10-27,25.0
11.59,15.029959,2024-10-28,25.0
21.27,13.641834,2024-10-29,25.0
21.64,14.848183,2024-10-30,25.0
22.19,17.033606,2024-10-31,25.0
21.64,17.477058,2024-11-01,25.0
17.06,18.133402,2024-11-02,25.0
21.8,18.922342,2024-11-03,25.0
18.52,19.999725,2024-11-04,25.0
19.9,18.731472,2024-11-05,25.0
21.58,18.278234,2024-11-06,25.0
13.43,18.012579,2024-11-07,25.0
22.05,17.631407,2024-11-08,25.0
19.22,16.505636,2024-11-09,25.0
17.81,16.740774,2024-11-10,25.0
26.81,17.99724,2024-11-11,25.0
21.25,17.737093,2024-11-12,25.0
21.61,18.894587,2024-11-13,25.0
18.59,20.44768,2024-11-14,25.0
17.57,19.361912,2024-11-15,25.0
25.8,16.884537,2024-11-16,25.0
12.73,20.254484,2024-11-17,25.0
20.75,19.651413,2024-11-18,25.0
24.71,17.206186,2024-11-19,25.0
19.728,18.75937,2024-11-20,25.0
21.12,19.109907,2024-11-21,25.0
17.618887,19.809517,2024-11-22,25.0
17.69668,18.86786,2024-11-23,25.0
17.66786,18.022444,2024-11-24,25.0
16.836596,19.622412,2024-11-25,25.0
16.753767,15.94351,2024-11-26,25.0
18.432762,17.842924,2024-11-27,25.0
17.28628,20.265871,2024-11-28,25.0
17.890724,17.471403,2024-11-29,25.0
25.286,15.926532,2024-11-30,25.0
37.79,17.661251,2024-12-01,25.0
27.08,21.77825,2024-12-02,25.0
29.77,20.555443,2024-12-03,25.0
27.74,23.27549,2024-12-04,25.0
27.22,24.571274,2024-12-05,25.0
33.93,21.713503,2024-12-06,25.0
32.63,20.559261,2024-12-07,25.0
28.82,21.775015,2024-12-08,25.0
26.728,22.218346,2024-12-09,25.0
35.29,24.833647,2024-12-10,25.0
35.46,25.51328,2024-12-11,25.0
26.23,27.208967,2024-12-12,25.0
30.25,26.111387,2024-12-13,25.0
27.73,25.9336,2024-12-14,25.0
30.72,25.379862,2024-12-15,25.0
32.9,31.270107,2024-12-16,25.0
30.25,27.571692,2024-12-17,25.0
29.76,29.816576,2024-12-18,25.0
26.77,32.66044,2024-12-19,25.0
28.198,31.899284,2024-12-20,25.0
27.0228,23.559221,2024-12-21,25.0
26.328,29.086748,2024-12-22,25.0
28.488,26.772524,2024-12-23,25.0
30.1428,27.753242,2024-12-24,25.0
27.988,31.512098,2024-12-25,25.0
31.16,29.826128,2024-12-26,25.0
25.96,25.06674,2024-12-27,25.0
23.652,22.583145,2024-12-28,25.0
26.0,24.052225,2024-12-29,25.0
35.188,24.68297,2024-12-30,25.0
31.652,24.84704,2024-12-31,25.0
22.96,31.53079,2025-01-01,25.0
25.628,27.751371,2025-01-02,25.0
28.38,26.48504,2025-01-03,25.0
23.92,22.800184,2025-01-04,25.0
26.08,24.254637,2025-01-05,25.0
36.7,23.052702,2025-01-06,25.0
30.58,22.086447,2025-01-07,25.0
32.102,23.811518,2025-01-08,25.0
35.788,25.680565,2025-01-09,25.0
23.732,27.476343,2025-01-10,25.0
25.36,25.605452,2025-01-11,25.0
36.296,27.100386,2025-01-12,25.0
24.232,27.448994,2025-01-13,25.0
26.84,26.071276,2025-01-14,25.0
23.432,31.718868,2025-01-15,25.0
26.228,27.117102,2025-01-16,25.0
22.12,26.328012,2025-01-17,25.0
28.948,26.849426,2025-01-18,25.0
23.744,26.55462,2025-01-19,25.0
31.128,28.474808,2025-01-20,25.0
16.82,23.87068,2025-01-21,25.0
19.932,29.126556,2025-01-22,25.0
11.488,27.144243,2025-01-23,25.0
20.528,24.194662,2025-01-24,25.0
14.928,23.658033,2025-01-25,25.0
17.311,20.510931,2025-01-26,25.0
19.448,21.963997,2025-01-27,25.0
21.9,21.598166,2025-01-28,25.0
11.2,22.711329,2025-01-29,25.0
17.928,21.993021,2025-01-30,25.0
11.808,22.765347,2025-01-31,25.0
18.28,19.046339,2025-02-01,25.0
20.872,21.614847,2025-02-02,25.0
20.168,18.767632,2025-02-03,25.0
20.192,19.4386,2025-02-04,25.0
20.848,20.105246,2025-02-05,25.0
17.552,21.466227,2025-02-06,25.0
23.6,20.796846,2025-02-07,25.0
21.028,19.955643,2025-02-08,25.0
23.168,17.751196,2025-02-09,25.0
13.372,20.510862,2025-02-10,25.0
17.0,20.183756,2025-02-11,25.0
22.508,20.001587,2025-02-12,25.0
11.0,20.390135,2025-02-13,25.0
19.911,19.622515,2025-02-14,25.0
17.78,17.95538,2025-02-15,25.0
18.828,17.32476,2025-02-16,25.0
17.96,19.781305,2025-02-17,25.0
11.4228,19.6323,2025-02-18,25.0
22.468,17.839563,2025-02-19,25.0
20.548,21.186766,2025-02-20,25.0
17.8228,20.064663,2025-02-21,25.0
27.208,18.84432,2025-02-22,25.0
23.648,18.555656,2025-02-23,25.0
21.5828,19.764986,2025-02-24,25.0
14.088,20.36423,2025-02-25,25.0
21.328,21.812624,2025-02-26,25.0
17.028,21.403852,2025-02-27,25.0
10.784,19.790518,2025-02-28,25.0
29.08,19.648546,2025-03-01,25.0
10.6,16.487968,2025-03-02,25.0
33.988,18.225248,2025-03-03,25.0
8.228,20.245012,2025-03-04,25.0
31.672,19.0164,2025-03-05,25.0
19.032,19.292048,2025-03-06,25.0
16.828,21.127043,2025-03-07,25.0
9.78,20.18324,2025-03-08,25.0
26.18,19.372442,2025-03-09,25.0
14.708,21.67179,2025-03-10,25.0
19.08,18.217127,2025-03-11,25.0
16.211,21.501465,2025-03-12,25.0
10.028,17.507517,2025-03-13,25.0
19.8,20.776346,2025-03-14,25.0
13.052,16.956661,2025-03-15,25.0
11.12,17.495096,2025-03-16,25.0
11.308,17.126066,2025-03-17,25.0
6.78,17.340368,2025-03-18,25.0
26.26,18.821882,2025-03-19,25.0
16.74,17.57901,2025-03-20,25.0
18.752,16.546148,2025-03-21,25.0
9.808,17.207447,2025-03-22,25.0
22.4,16.235287,2025-03-23,25.0
18.82,15.584883,2025-03-24,25.0
17.628,16.898342,2025-03-25,25.0
12.011,19.46722,2025-03-26,25.0
12.0,20.083406,2025-03-27,25.0
22.92,21.510408,2025-03-28,25.0
14.668,18.107128,2025-03-29,25.0
14.22,16.850645,2025-03-30,25.0
11.128,15.984492,2025-03-31,25.0
11.311,15.917278,2025-04-01,25.0
20.58,16.040894,2025-04-02,25.0
17.88,14.786946,2025-04-03,25.0
11.7,14.919374,2025-04-04,25.0
8.272,14.756231,2025-04-05,25.0
14.2,15.351853,2025-04-06,25.0
21.948,13.562332,2025-04-07,25.0
12.82,13.707306,2025-04-08,25.0
14.42,14.165525,2025-04-09,25.0
18.508,14.686177,2025-04-10,25.0
20.104,15.463901,2025-04-11,25.0
12.488,14.587027,2025-04-12,25.0
11.94,15.337765,2025-04-13,25.0
21.292,15.609041,2025-04-14,25.0
19.268,14.637955,2025-04-15,25.0
18.252,15.624554,2025-04-16,25.0
20.258,15.843636,2025-04-17,25.0
18.88,14.510672,2025-04-18,25.0
19.532,12.200586,2025-04-19,25.0
17.72,15.824345,2025-04-20,25.0
11.72,15.758942,2025-04-21,25.0
11.728,15.058778,2025-04-22,25.0
10.42,16.625008,2025-04-23,25.0
18.452,15.671693,2025-04-24,25.0
17.628,13.268005,2025-04-25,25.0
11.748,11.822866,2025-04-26,25.0
19.672,13.638836,2025-04-27,25.0
17.328,14.558264,2025-04-28,25.0
18.772,16.641184,2025-04-29,25.0
10.788,17.660017,2025-04-30,25.0
9.48,18.996193,2025-05-01,25.0
19.072,14.592882,2025-05-02,25.0
16.711,11.418383,2025-05-03,25.0
11.96,13.145365,2025-05-04,25.0
16.548,10.9050045,2025-05-05,25.0
11.64,12.515331,2025-05-06,25.0
17.028,12.6751175,2025-05-07,25.0
17.711,14.567871,2025-05-08,25.0
16.528,12.453297,2025-05-09,25.0
16.304,12.414923,2025-05-10,25.0
9.688,13.518191,2025-05-11,25.0
17.3,13.696696,2025-05-12,25.0
9.92,11.386812,2025-05-13,25.0
11.52,13.001973,2025-05-14,25.0
16.228,12.561308,2025-05-15,25.0
11.1428,10.800939,2025-05-16,25.0
8.248,9.945612,2025-05-17,25.0
17.592,9.770331,2025-05-18,25.0
12.888,10.114691,2025-05-19,25.0
11.08,8.391785,2025-05-20,25.0
9.192,12.1513195,2025-05-21,25.0
17.288,10.905903,2025-05-22,25.0
14.272,9.86689,2025-05-23,25.0
9.52,8.901901,2025-05-24,25.0
10.548,10.449836,2025-05-25,25.0
17.28,10.0674305,2025-05-26,25.0
8.9,10.342438,2025-05-27,25.0
10.448,10.844171,2025-05-28,25.0
13.772,10.900454,2025-05-29,25.0
13.708,9.86772,2025-05-30,25.0
10.132,9.0689745,2025-05-31,25.0
9.258,8.260031,2025-06-01,25.0
8.9028,7.2050343,2025-06-02,25.0
12.588,7.898185,2025-06-03,25.0
12.68,9.128136,2025-06-04,25.0
10.588,8.131723,2025-06-05,25.0
16.252,8.227835,2025-06-06,25.0
10.732,7.995143,2025-06-07,25.0
16.136,8.028161,2025-06-08,25.0
10.552,9.352888,2025-06-09,25.0
10.12,8.188011,2025-06-10,25.0
9.7,11.117963,2025-06-11,25.0
10.42,11.057624,2025-06-12,25.0
6.568,10.300443,2025-06-13,25.0
7.1828,8.187798,2025-06-14,25.0
5.736,7.9489946,2025-06-15,25.0
9.728,7.668171,2025-06-16,25.0
18.71,13.235035,2024-09-18,26.0
11.83,12.335559,2024-09-19,26.0
24.83,12.397431,2024-09-20,26.0
29.18,12.298065,2024-09-21,26.0
13.6,14.007183,2024-09-22,26.0
12.1,17.41905,2024-09-23,26.0
16.27,15.617391,2024-09-24,26.0
18.91,14.487316,2024-09-25,26.0
21.84,14.450384,2024-09-26,26.0
11.42,16.546524,2024-09-27,26.0
21.26,14.252737,2024-09-28,26.0
22.09,16.027216,2024-09-29,26.0
14.08,15.335615,2024-09-30,26.0
19.48,14.974125,2024-10-01,26.0
17.92,14.399059,2024-10-02,26.0
21.21,16.79228,2024-10-03,26.0
11.928,16.543028,2024-10-04,26.0
18.708,15.1747,2024-10-05,26.0
13.032,16.560238,2024-10-06,26.0
22.112,15.700033,2024-10-07,26.0
19.988,15.156661,2024-10-08,26.0
26.08,14.619198,2024-10-09,26.0
17.8,15.08708,2024-10-10,26.0
21.72,14.203558,2024-10-11,26.0
27.18,15.380398,2024-10-12,26.0
24.028,17.268225,2024-10-13,26.0
24.768,19.295565,2024-10-14,26.0
27.584,17.709978,2024-10-15,26.0
19.228,19.976442,2024-10-16,26.0
21.052,19.393118,2024-10-17,26.0
19.708,20.578571,2024-10-18,26.0
13.42,18.978981,2024-10-19,26.0
21.888,21.221146,2024-10-20,26.0
2.56,19.988031,2024-10-21,26.0
25.952,17.307407,2024-10-22,26.0
10.728,15.573562,2024-10-23,26.0
14.6628,15.895248,2024-10-24,26.0
17.288,15.492327,2024-10-25,26.0
21.18,13.592316,2024-10-26,26.0
24.772,16.128496,2024-10-27,26.0
18.548,14.614083,2024-10-28,26.0
17.948,13.733736,2024-10-29,26.0
20.552,14.261325,2024-10-30,26.0
11.04,15.91981,2024-10-31,26.0
24.808,15.26608,2024-11-01,26.0
4.8628,16.775316,2024-11-02,26.0
4.208,17.529755,2024-11-03,26.0
19.808,19.009161,2024-11-04,26.0
16.952,14.920903,2024-11-05,26.0
7.208,14.270876,2024-11-06,26.0
16.112,14.5100155,2024-11-07,26.0
26.728,13.032595,2024-11-08,26.0
19.34,12.357151,2024-11-09,26.0
20.14,16.050406,2024-11-10,26.0
11.668,17.07002,2024-11-11,26.0
16.4,13.86893,2024-11-12,26.0
19.872,15.081497,2024-11-13,26.0
8.66,14.981905,2024-11-14,26.0
11.372,14.840185,2024-11-15,26.0
11.988,14.516668,2024-11-16,26.0
18.46,17.789177,2024-11-17,26.0
11.432,15.907772,2024-11-18,26.0
4.96,13.803328,2024-11-19,26.0
23.128,14.403093,2024-11-20,26.0
22.74,11.746597,2024-11-21,26.0
23.692,13.496622,2024-11-22,26.0
13.941689,15.1731415,2024-11-23,26.0
11.3126955,16.569027,2024-11-24,26.0
12.809107,17.371874,2024-11-25,26.0
10.566586,14.80004,2024-11-26,26.0
13.891131,14.805851,2024-11-27,26.0
13.818224,14.064293,2024-11-28,26.0
14.55795,14.384864,2024-11-29,26.0
14.352,12.968655,2024-11-30,26.0
35.808,17.560389,2024-12-01,26.0
18.472,18.218817,2024-12-02,26.0
19.8,15.781808,2024-12-03,26.0
25.368,19.505371,2024-12-04,26.0
2.24,18.972637,2024-12-05,26.0
22.25,16.860003,2024-12-06,26.0
17.172,16.172195,2024-12-07,26.0
24.12,16.884495,2024-12-08,26.0
19.988,15.684412,2024-12-09,26.0
19.532,18.056808,2024-12-10,26.0
23.028,19.083014,2024-12-11,26.0
16.212,18.395784,2024-12-12,26.0
22.9028,17.871489,2024-12-13,26.0
16.288,17.852217,2024-12-14,26.0
21.288,20.42571,2024-12-15,26.0
14.64,23.021906,2024-12-16,26.0
24.132,19.487429,2024-12-17,26.0
16.528,20.280367,2024-12-18,26.0
18.64,21.188524,2024-12-19,26.0
21.7,22.057573,2024-12-20,26.0
14.38,17.234451,2024-12-21,26.0
9.102,23.707819,2024-12-22,26.0
23.548,20.908415,2024-12-23,26.0
7.32,19.370077,2024-12-24,26.0
36.2,20.686695,2024-12-25,26.0
24.18,20.580664,2024-12-26,26.0
26.18,16.24652,2024-12-27,26.0
16.82,18.899727,2024-12-28,26.0
24.7,21.219128,2024-12-29,26.0
5.7,21.697264,2024-12-30,26.0
7.208,20.822254,2024-12-31,26.0
32.072,25.735262,2025-01-01,26.0
26.64,17.790632,2025-01-02,26.0
19.38,19.961388,2025-01-03,26.0
25.028,18.429867,2025-01-04,26.0
23.52,21.6797,2025-01-05,26.0
30.832,18.61756,2025-01-06,26.0
16.48,18.872236,2025-01-07,26.0
22.4,18.441442,2025-01-08,26.0
25.272,18.233574,2025-01-09,26.0
23.36,19.504423,2025-01-10,26.0
26.808,20.833345,2025-01-11,26.0
31.06,22.344826,2025-01-12,26.0
26.128,22.875439,2025-01-13,26.0
25.248,22.97036,2025-01-14,26.0
23.464,26.324944,2025-01-15,26.0
21.0,23.33705,2025-01-16,26.0
25.92,23.475939,2025-01-17,26.0
18.188,23.743887,2025-01-18,26.0
12.11,24.938047,2025-01-19,26.0
17.508,27.37633,2025-01-20,26.0
16.2628,20.028097,2025-01-21,26.0
13.648,21.352797,2025-01-22,26.0
32.98,19.95616,2025-01-23,26.0
24.692,18.15199,2025-01-24,26.0
25.388,20.84494,2025-01-25,26.0
26.528,22.169855,2025-01-26,26.0
25.34,21.122894,2025-01-27,26.0
22.56,21.086748,2025-01-28,26.0
20.08,21.21034,2025-01-29,26.0
12.588,21.059778,2025-01-30,26.0
1.8,21.771193,2025-01-31,26.0
25.392,19.251581,2025-02-01,26.0
19.48,20.390488,2025-02-02,26.0
21.552,18.51304,2025-02-03,26.0
22.376,20.364456,2025-02-04,26.0
21.8628,19.985186,2025-02-05,26.0
12.76,20.476198,2025-02-06,26.0
20.988,20.651949,2025-02-07,26.0
27.772,19.829685,2025-02-08,26.0
14.176,16.54764,2025-02-09,26.0
28.352,19.85451,2025-02-10,26.0
27.568,19.296183,2025-02-11,26.0
20.792,19.05776,2025-02-12,26.0
23.872,20.87897,2025-02-13,26.0
25.216,20.912073,2025-02-14,26.0
7.092,20.62337,2025-02-15,26.0
36.532,21.337938,2025-02-16,26.0
6.368,21.031996,2025-02-17,26.0
9.28,19.105776,2025-02-18,26.0
9.752,19.62317,2025-02-19,26.0
18.256,17.648052,2025-02-20,26.0
14.1828,15.723755,2025-02-21,26.0
23.588,16.665022,2025-02-22,26.0
29.668,17.741428,2025-02-23,26.0
2.2,17.256016,2025-02-24,26.0
2.104,20.007326,2025-02-25,26.0
19.008,17.767506,2025-02-26,26.0
30.848,14.680654,2025-02-27,26.0
7.492,13.641354,2025-02-28,26.0
33.052,15.956638,2025-03-01,26.0
5.208,13.43486,2025-03-02,26.0
23.52,14.546398,2025-03-03,26.0
17.52,16.02063,2025-03-04,26.0
13.112,14.901595,2025-03-05,26.0
14.456,15.539271,2025-03-06,26.0
11.1828,17.395897,2025-03-07,26.0
7.24,17.180876,2025-03-08,26.0
27.308,16.441956,2025-03-09,26.0
20.78,17.05834,2025-03-10,26.0
2.68,14.489055,2025-03-11,26.0
25.528,18.387629,2025-03-12,26.0
10.832,13.51647,2025-03-13,26.0
12.568,14.765625,2025-03-14,26.0
3.211,13.829666,2025-03-15,26.0
14.76,14.17656,2025-03-16,26.0
13.308,13.028099,2025-03-17,26.0
9.28,13.416776,2025-03-18,26.0
22.552,14.730943,2025-03-19,26.0
14.86,13.815623,2025-03-20,26.0
12.932,14.562172,2025-03-21,26.0
13.308,14.4470005,2025-03-22,26.0
10.372,14.062213,2025-03-23,26.0
10.76,12.644531,2025-03-24,26.0
2.228,12.694542,2025-03-25,26.0
10.908,14.099601,2025-03-26,26.0
4.92,12.644447,2025-03-27,26.0
18.48,12.144108,2025-03-28,26.0
16.104,11.788052,2025-03-29,26.0
3.568,12.07353,2025-03-30,26.0
12.28,12.739131,2025-03-31,26.0
22.688,11.333915,2025-04-01,26.0
9.36,10.539371,2025-04-02,26.0
10.64,11.136181,2025-04-03,26.0
13.102,11.476652,2025-04-04,26.0
16.02,10.543066,2025-04-05,26.0
11.38,11.781528,2025-04-06,26.0
10.76,12.375815,2025-04-07,26.0
13.828,12.2410755,2025-04-08,26.0
14.2,12.180112,2025-04-09,26.0
9.1,12.533386,2025-04-10,26.0
16.172,12.062319,2025-04-11,26.0
10.528,11.430824,2025-04-12,26.0
13.888,11.945225,2025-04-13,26.0
3.711,13.10894,2025-04-14,26.0
14.688,12.148087,2025-04-15,26.0
10.704,11.026654,2025-04-16,26.0
13.168,12.267649,2025-04-17,26.0
20.008,12.198952,2025-04-18,26.0
3.132,9.874216,2025-04-19,26.0
10.46,12.577948,2025-04-20,26.0
12.632,11.30983,2025-04-21,26.0
6.92,10.604551,2025-04-22,26.0
14.868,10.955587,2025-04-23,26.0
13.388,10.848467,2025-04-24,26.0
14.44,10.499382,2025-04-25,26.0
14.792,10.754617,2025-04-26,26.0
14.28,12.350456,2025-04-27,26.0
16.0,10.955498,2025-04-28,26.0
6.288,12.787283,2025-04-29,26.0
14.692,13.659691,2025-04-30,26.0
8.988,13.812807,2025-05-01,26.0
14.711,11.648851,2025-05-02,26.0
7.84,9.486637,2025-05-03,26.0
20.008,10.36982,2025-05-04,26.0
17.732,9.364167,2025-05-05,26.0
12.76,11.261543,2025-05-06,26.0
14.26,13.369903,2025-05-07,26.0
12.428,12.641704,2025-05-08,26.0
11.12,12.608922,2025-05-09,26.0
7.528,12.253596,2025-05-10,26.0
13.188,12.809243,2025-05-11,26.0
9.132,10.610069,2025-05-12,26.0
10.652,9.483957,2025-05-13,26.0
14.456,10.221579,2025-05-14,26.0
10.7028,9.849646,2025-05-15,26.0
5.412,10.428514,2025-05-16,26.0
7.292,9.311866,2025-05-17,26.0
13.188,8.599726,2025-05-18,26.0
6.92,8.05883,2025-05-19,26.0
13.624,7.1698537,2025-05-20,26.0
18.908,9.505624,2025-05-21,26.0
10.928,8.943982,2025-05-22,26.0
7.792,10.65534,2025-05-23,26.0
16.616,9.087914,2025-05-24,26.0
9.592,9.44253,2025-05-25,26.0
11.48,10.247377,2025-05-26,26.0
9.52,10.08965,2025-05-27,26.0
9.76,9.773529,2025-05-28,26.0
13.6,10.768968,2025-05-29,26.0
9.42,10.548194,2025-05-30,26.0
7.108,9.764805,2025-05-31,26.0
6.76,8.829874,2025-06-01,26.0
18.412,8.674642,2025-06-02,26.0
10.9,7.8521757,2025-06-03,26.0
13.88,9.1600685,2025-06-04,26.0
20.192,10.179558,2025-06-05,26.0
10.148,9.338236,2025-06-06,26.0
7.692,10.341395,2025-06-07,26.0
12.448,10.791199,2025-06-08,26.0
10.208,9.966541,2025-06-09,26.0
11.332,8.743442,2025-06-10,26.0
9.62,12.437189,2025-06-11,26.0
17.3,10.433081,2025-06-12,26.0
6.24,10.738808,2025-06-13,26.0
8.532,10.289072,2025-06-14,26.0
6.908,10.511965,2025-06-15,26.0
7.0,8.978855,2025-06-16,26.0
11.1,11.497868,2024-09-18,27.0
17.272,10.434931,2024-09-19,27.0
18.08,10.68231,2024-09-20,27.0
20.36,11.317975,2024-09-21,27.0
10.0,12.177532,2024-09-22,27.0
8.248,13.62551,2024-09-23,27.0
9.28,13.379427,2024-09-24,27.0
11.528,12.671067,2024-09-25,27.0
21.948,12.31938,2024-09-26,27.0
18.28,12.303671,2024-09-27,27.0
16.472,11.791239,2024-09-28,27.0
11.28,14.764266,2024-09-29,27.0
17.78,13.986671,2024-09-30,27.0
13.62,13.200391,2024-10-01,27.0
13.592,14.65223,2024-10-02,27.0
16.768,16.901548,2024-10-03,27.0
13.2,14.734432,2024-10-04,27.0
18.832,13.440412,2024-10-05,27.0
20.568,15.113168,2024-10-06,27.0
18.128,14.297202,2024-10-07,27.0
13.32,14.645684,2024-10-08,27.0
16.472,16.811193,2024-10-09,27.0
13.98,15.010013,2024-10-10,27.0
11.308,12.857986,2024-10-11,27.0
11.2,12.753989,2024-10-12,27.0
19.352,13.853575,2024-10-13,27.0
18.448,13.9705105,2024-10-14,27.0
16.52,13.361294,2024-10-15,27.0
25.36,15.288614,2024-10-16,27.0
14.132,14.686396,2024-10-17,27.0
17.211,15.906456,2024-10-18,27.0
10.576,16.126472,2024-10-19,27.0
13.952,16.085232,2024-10-20,27.0
9.592,14.585552,2024-10-21,27.0
9.136,13.180607,2024-10-22,27.0
26.952,12.377989,2024-10-23,27.0
13.311,12.736928,2024-10-24,27.0
10.088,14.8371725,2024-10-25,27.0
21.46,13.533516,2024-10-26,27.0
18.692,15.10672,2024-10-27,27.0
13.848,13.47537,2024-10-28,27.0
11.832,13.165192,2024-10-29,27.0
28.258,13.703224,2024-10-30,27.0
20.108,13.610797,2024-10-31,27.0
14.5028,14.9802885,2024-11-01,27.0
19.412,16.480738,2024-11-02,27.0
19.472,17.437014,2024-11-03,27.0
17.928,21.124619,2024-11-04,27.0
10.052,20.032812,2024-11-05,27.0
26.428,19.686058,2024-11-06,27.0
20.384,17.0562,2024-11-07,27.0
11.808,16.577806,2024-11-08,27.0
23.032,16.7567,2024-11-09,27.0
13.428,17.965048,2024-11-10,27.0
21.258,18.012531,2024-11-11,27.0
14.864,17.589691,2024-11-12,27.0
20.668,18.023094,2024-11-13,27.0
23.32,18.339212,2024-11-14,27.0
11.18,18.311426,2024-11-15,27.0
19.792,17.781889,2024-11-16,27.0
20.8,19.547018,2024-11-17,27.0
16.376,18.44102,2024-11-18,27.0
11.744,16.674437,2024-11-19,27.0
16.136,20.12686,2024-11-20,27.0
20.672,16.017271,2024-11-21,27.0
20.9,17.563753,2024-11-22,27.0
17.539555,18.139076,2024-11-23,27.0
19.628311,16.604586,2024-11-24,27.0
16.30217,18.423372,2024-11-25,27.0
11.592836,16.294546,2024-11-26,27.0
21.3658,19.766953,2024-11-27,27.0
19.696907,17.270681,2024-11-28,27.0
17.172537,14.434616,2024-11-29,27.0
22.4492,15.841816,2024-11-30,27.0
30.568,18.425426,2024-12-01,27.0
32.832,20.928185,2024-12-02,27.0
22.928,18.717768,2024-12-03,27.0
38.768,23.113392,2024-12-04,27.0
26.772,25.15911,2024-12-05,27.0
18.932,21.677225,2024-12-06,27.0
31.168,22.923864,2024-12-07,27.0
29.48,23.167109,2024-12-08,27.0
20.272,21.517439,2024-12-09,27.0
21.088,24.06215,2024-12-10,27.0
41.26,26.05599,2024-12-11,27.0
17.42,24.72252,2024-12-12,27.0
24.58,25.86541,2024-12-13,27.0
19.788,26.834967,2024-12-14,27.0
44.132,22.589146,2024-12-15,27.0
23.18,30.90082,2024-12-16,27.0
22.392,28.008146,2024-12-17,27.0
31.816,30.05163,2024-12-18,27.0
18.36,28.752642,2024-12-19,27.0
30.692,31.608772,2024-12-20,27.0
22.0,22.74383,2024-12-21,27.0
38.16,28.763296,2024-12-22,27.0
20.468,26.1611,2024-12-23,27.0
24.992,29.757765,2024-12-24,27.0
42.928,33.063934,2024-12-25,27.0
16.192,28.38783,2024-12-26,27.0
18.1,25.469236,2024-12-27,27.0
20.74,22.89683,2024-12-28,27.0
33.848,22.851334,2024-12-29,27.0
19.211,21.771713,2024-12-30,27.0
17.08,28.155754,2024-12-31,27.0
33.932,31.772085,2025-01-01,27.0
25.248,25.63333,2025-01-02,27.0
19.288,26.438318,2025-01-03,27.0
32.96,21.270802,2025-01-04,27.0
31.272,22.996298,2025-01-05,27.0
17.688,21.613161,2025-01-06,27.0
18.68,23.31767,2025-01-07,27.0
36.48,23.06096,2025-01-08,27.0
18.744,20.913248,2025-01-09,27.0
27.428,23.649239,2025-01-10,27.0
19.928,23.027935,2025-01-11,27.0
24.688,23.073034,2025-01-12,27.0
22.064,24.33325,2025-01-13,27.0
14.028,23.789572,2025-01-14,27.0
35.452,26.080101,2025-01-15,27.0
18.812,23.581257,2025-01-16,27.0
27.092,23.647728,2025-01-17,27.0
23.26,24.200552,2025-01-18,27.0
28.14,26.19518,2025-01-19,27.0
14.988,25.267452,2025-01-20,27.0
16.752,20.952963,2025-01-21,27.0
26.28,24.581629,2025-01-22,27.0
13.872,22.30602,2025-01-23,27.0
14.936,20.919348,2025-01-24,27.0
21.5028,22.443129,2025-01-25,27.0
24.576,20.909418,2025-01-26,27.0
11.352,19.91395,2025-01-27,27.0
13.552,21.561596,2025-01-28,27.0
33.28,20.85499,2025-01-29,27.0
12.92,19.12199,2025-01-30,27.0
13.16,21.957846,2025-01-31,27.0
12.788,17.922663,2025-02-01,27.0
23.252,19.590544,2025-02-02,27.0
11.148,16.602242,2025-02-03,27.0
13.011,18.629797,2025-02-04,27.0
25.288,18.078695,2025-02-05,27.0
12.52,17.929352,2025-02-06,27.0
11.64,18.30913,2025-02-07,27.0
23.472,16.643364,2025-02-08,27.0
25.868,15.096405,2025-02-09,27.0
10.58,16.079672,2025-02-10,27.0
12.02,18.687384,2025-02-11,27.0
25.612,18.366953,2025-02-12,27.0
14.258,16.275019,2025-02-13,27.0
10.188,17.022858,2025-02-14,27.0
19.012,15.49754,2025-02-15,27.0
20.908,14.377428,2025-02-16,27.0
19.028,15.593231,2025-02-17,27.0
8.984,17.006943,2025-02-18,27.0
25.6,16.130468,2025-02-19,27.0
12.496,17.565897,2025-02-20,27.0
10.352,17.665186,2025-02-21,27.0
18.28,16.787533,2025-02-22,27.0
26.98,15.214347,2025-02-23,27.0
27.56,14.699395,2025-02-24,27.0
14.32,17.161108,2025-02-25,27.0
31.748,20.425173,2025-02-26,27.0
18.784,20.308249,2025-02-27,27.0
10.488,19.866936,2025-02-28,27.0
16.208,20.28505,2025-03-01,27.0
24.024,16.048061,2025-03-02,27.0
11.976,15.9332485,2025-03-03,27.0
17.452,18.404871,2025-03-04,27.0
26.132,18.431108,2025-03-05,27.0
3.708,16.097685,2025-03-06,27.0
5.932,19.599226,2025-03-07,27.0
11.568,17.503227,2025-03-08,27.0
13.96,15.418762,2025-03-09,27.0
8.72,15.496879,2025-03-10,27.0
17.56,13.826065,2025-03-11,27.0
11.028,12.956271,2025-03-12,27.0
6.18,12.229255,2025-03-13,27.0
13.12,15.502178,2025-03-14,27.0
8.82,11.327665,2025-03-15,27.0
13.08,11.4662895,2025-03-16,27.0
5.1,11.587073,2025-03-17,27.0
8.92,10.843149,2025-03-18,27.0
17.22,12.483148,2025-03-19,27.0
10.032,10.866794,2025-03-20,27.0
10.52,11.566172,2025-03-21,27.0
21.928,11.527651,2025-03-22,27.0
9.28,10.424054,2025-03-23,27.0
10.232,11.753577,2025-03-24,27.0
8.08,13.1574,2025-03-25,27.0
22.568,13.724932,2025-03-26,27.0
8.711,13.211487,2025-03-27,27.0
16.328,14.62184,2025-03-28,27.0
13.048,14.115513,2025-03-29,27.0
16.104,11.969097,2025-03-30,27.0
10.258,12.5925045,2025-03-31,27.0
13.028,12.481695,2025-04-01,27.0
13.652,12.721302,2025-04-02,27.0
7.788,11.341963,2025-04-03,27.0
8.12,12.680475,2025-04-04,27.0
8.911,11.281893,2025-04-05,27.0
13.64,10.97398,2025-04-06,27.0
9.52,11.274209,2025-04-07,27.0
9.66,11.579266,2025-04-08,27.0
14.972,11.3191805,2025-04-09,27.0
8.776,10.949684,2025-04-10,27.0
9.811,11.093588,2025-04-11,27.0
16.0,10.74371,2025-04-12,27.0
8.972,10.535236,2025-04-13,27.0
3.868,11.71856,2025-04-14,27.0
4.012,12.185951,2025-04-15,27.0
16.256,10.709316,2025-04-16,27.0
7.952,10.440487,2025-04-17,27.0
13.672,10.342459,2025-04-18,27.0
11.28,8.814285,2025-04-19,27.0
8.976,10.113587,2025-04-20,27.0
8.6,10.472956,2025-04-21,27.0
9.572,9.898213,2025-04-22,27.0
18.72,10.029148,2025-04-23,27.0
7.128,10.623665,2025-04-24,27.0
8.968,11.615751,2025-04-25,27.0
17.16,10.217958,2025-04-26,27.0
9.592,10.8696995,2025-04-27,27.0
10.48,10.115416,2025-04-28,27.0
16.96,12.225698,2025-04-29,27.0
11.08,12.521944,2025-04-30,27.0
11.8,14.036882,2025-05-01,27.0
11.06,13.436548,2025-05-02,27.0
18.66,10.409885,2025-05-03,27.0
12.14,11.161048,2025-05-04,27.0
8.96,10.992549,2025-05-05,27.0
8.6,12.286873,2025-05-06,27.0
17.08,11.617132,2025-05-07,27.0
10.78,12.914854,2025-05-08,27.0
10.68,12.063782,2025-05-09,27.0
11.608,12.341433,2025-05-10,27.0
17.96,11.210417,2025-05-11,27.0
13.592,11.732235,2025-05-12,27.0
13.072,10.86967,2025-05-13,27.0
17.788,12.613917,2025-05-14,27.0
14.932,12.2032,2025-05-15,27.0
11.28,13.648764,2025-05-16,27.0
11.696,11.884395,2025-05-17,27.0
11.584,12.292768,2025-05-18,27.0
11.648,11.97427,2025-05-19,27.0
13.448,10.090822,2025-05-20,27.0
20.652,13.300425,2025-05-21,27.0
11.42,12.866831,2025-05-22,27.0
16.22,13.992876,2025-05-23,27.0
19.252,11.817098,2025-05-24,27.0
19.108,12.747807,2025-05-25,27.0
17.3,14.464898,2025-05-26,27.0
16.76,13.622463,2025-05-27,27.0
20.128,15.378192,2025-05-28,27.0
22.592,15.606677,2025-05-29,27.0
14.648,17.304451,2025-05-30,27.0
19.28,15.588392,2025-05-31,27.0
10.56,15.014871,2025-06-01,27.0
18.072,13.502308,2025-06-02,27.0
22.008,14.785629,2025-06-03,27.0
20.72,15.025325,2025-06-04,27.0
21.12,16.082388,2025-06-05,27.0
18.0,15.691971,2025-06-06,27.0
18.2,16.034145,2025-06-07,27.0
16.172,14.885265,2025-06-08,27.0
16.62,16.515442,2025-06-09,27.0
17.66,13.104706,2025-06-10,27.0
17.98,19.129341,2025-06-11,27.0
11.96,19.825403,2025-06-12,27.0
10.72,18.567461,2025-06-13,27.0
10.512,14.600292,2025-06-14,27.0
9.928,13.223013,2025-06-15,27.0
17.256,12.332032,2025-06-16,27.0
19.612,10.978004,2024-09-18,28.0
12.258,9.903688,2024-09-19,28.0
8.544,10.741451,2024-09-20,28.0
22.168,11.192729,2024-09-21,28.0
6.68,9.835943,2024-09-22,28.0
10.74,10.522579,2024-09-23,28.0
3.9,12.216379,2024-09-24,28.0
17.768,10.9855385,2024-09-25,28.0
32.2628,10.486417,2024-09-26,28.0
13.296,12.228703,2024-09-27,28.0
11.32,12.759512,2024-09-28,28.0
13.064,14.136618,2024-09-29,28.0
13.36,12.600182,2024-09-30,28.0
11.08,11.704877,2024-10-01,28.0
14.68,13.882699,2024-10-02,28.0
8.288,13.680458,2024-10-03,28.0
12.688,13.226664,2024-10-04,28.0
12.664,11.754317,2024-10-05,28.0
19.888,12.524849,2024-10-06,28.0
12.42,12.164459,2024-10-07,28.0
18.492,12.488661,2024-10-08,28.0
14.28,14.200554,2024-10-09,28.0
16.688,12.696024,2024-10-10,28.0
12.448,11.936665,2024-10-11,28.0
14.412,11.167144,2024-10-12,28.0
14.38,13.134403,2024-10-13,28.0
16.028,12.383371,2024-10-14,28.0
29.08,12.452675,2024-10-15,28.0
16.38,11.962513,2024-10-16,28.0
10.211,15.488538,2024-10-17,28.0
22.896,17.370024,2024-10-18,28.0
21.911,14.822631,2024-10-19,28.0
20.028,14.855734,2024-10-20,28.0
16.472,16.399984,2024-10-21,28.0
21.068,15.967795,2024-10-22,28.0
45.36,14.505516,2024-10-23,28.0
13.132,17.880957,2024-10-24,28.0
27.96,19.78662,2024-10-25,28.0
12.28,18.678328,2024-10-26,28.0
26.128,20.489264,2024-10-27,28.0
24.288,20.050785,2024-10-28,28.0
11.512,16.493652,2024-10-29,28.0
23.34,18.738592,2024-10-30,28.0
23.7,19.993484,2024-10-31,28.0
21.472,19.485508,2024-11-01,28.0
37.708,19.970907,2024-11-02,28.0
19.08,21.075802,2024-11-03,28.0
17.828,23.62048,2024-11-04,28.0
21.32,26.34624,2024-11-05,28.0
22.068,24.239492,2024-11-06,28.0
31.092,21.70297,2024-11-07,28.0
28.428,21.730816,2024-11-08,28.0
31.1,21.223059,2024-11-09,28.0
33.711,22.64739,2024-11-10,28.0
12.776,26.810762,2024-11-11,28.0
11.5428,22.925945,2024-11-12,28.0
35.08,24.475769,2024-11-13,28.0
19.76,22.201128,2024-11-14,28.0
24.248,20.57457,2024-11-15,28.0
22.992,22.563608,2024-11-16,28.0
13.248,23.819616,2024-11-17,28.0
25.792,22.666903,2024-11-18,28.0
11.688,21.050943,2024-11-19,28.0
23.64,20.133493,2024-11-20,28.0
30.56,19.299469,2024-11-21,28.0
18.112,21.674526,2024-11-22,28.0
36.08,20.54632,2024-11-23,28.0
32.336,20.088898,2024-11-24,28.0
19.925186,21.594103,2024-11-25,28.0
17.118542,20.630297,2024-11-26,28.0
20.599506,26.800816,2024-11-27,28.0
22.5172,22.86023,2024-11-28,28.0
22.202887,20.998991,2024-11-29,28.0
20.8512,21.00097,2024-11-30,28.0
24.94,21.468904,2024-12-01,28.0
27.508,26.187012,2024-12-02,28.0
24.252,21.867262,2024-12-03,28.0
47.16,24.386332,2024-12-04,28.0
44.88,26.528805,2024-12-05,28.0
43.748,22.17755,2024-12-06,28.0
26.428,25.262403,2024-12-07,28.0
25.5028,27.259806,2024-12-08,28.0
37.288,25.035963,2024-12-09,28.0
26.2,25.82454,2024-12-10,28.0
22.24,29.539492,2024-12-11,28.0
37.7,30.910624,2024-12-12,28.0
20.028,28.586605,2024-12-13,28.0
31.211,27.373518,2024-12-14,28.0
41.72,28.168375,2024-12-15,28.0
14.12,28.488264,2024-12-16,28.0
39.36,28.96824,2024-12-17,28.0
36.696,33.517715,2024-12-18,28.0
28.52,29.723568,2024-12-19,28.0
37.652,33.05898,2024-12-20,28.0
38.652,26.619034,2024-12-21,28.0
28.768,30.548393,2024-12-22,28.0
28.248,31.600307,2024-12-23,28.0
25.64,34.582924,2024-12-24,28.0
39.08,34.332462,2024-12-25,28.0
39.492,35.204205,2024-12-26,28.0
29.468,27.235636,2024-12-27,28.0
41.8,25.69548,2024-12-28,28.0
29.8,27.040253,2024-12-29,28.0
28.732,26.3314,2024-12-30,28.0
45.692,29.790615,2024-12-31,28.0
37.748,36.085796,2025-01-01,28.0
28.02,31.597454,2025-01-02,28.0
39.64,36.087143,2025-01-03,28.0
10.74,32.102043,2025-01-04,28.0
36.572,30.663582,2025-01-05,28.0
28.696,29.790043,2025-01-06,28.0
22.992,27.611246,2025-01-07,28.0
25.032,27.195272,2025-01-08,28.0
28.188,28.343313,2025-01-09,28.0
28.06,27.094967,2025-01-10,28.0
39.392,24.100819,2025-01-11,28.0
39.64,26.90739,2025-01-12,28.0
36.068,25.58027,2025-01-13,28.0
29.58,29.7088,2025-01-14,28.0
22.728,33.492855,2025-01-15,28.0
17.864,29.393745,2025-01-16,28.0
18.468,28.383963,2025-01-17,28.0
19.228,27.67478,2025-01-18,28.0
31.88,27.596882,2025-01-19,28.0
29.08,28.290585,2025-01-20,28.0
36.211,22.54859,2025-01-21,28.0
45.24,28.326298,2025-01-22,28.0
29.412,28.030153,2025-01-23,28.0
20.772,27.996792,2025-01-24,28.0
22.64,30.924482,2025-01-25,28.0
23.56,28.7704,2025-01-26,28.0
25.628,25.762978,2025-01-27,28.0
16.48,27.397207,2025-01-28,28.0
20.292,26.740812,2025-01-29,28.0
29.268,25.34232,2025-01-30,28.0
24.772,26.491224,2025-01-31,28.0
11.452,23.1103,2025-02-01,28.0
19.328,26.38962,2025-02-02,28.0
17.288,22.362673,2025-02-03,28.0
42.832,21.439426,2025-02-04,28.0
24.58,21.779905,2025-02-05,28.0
37.928,22.958136,2025-02-06,28.0
27.512,24.781914,2025-02-07,28.0
32.11,24.589573,2025-02-08,28.0
18.456,26.167154,2025-02-09,28.0
20.972,24.85898,2025-02-10,28.0
17.428,25.58344,2025-02-11,28.0
27.272,24.935154,2025-02-12,28.0
4.352,25.08506,2025-02-13,28.0
7.828,22.680874,2025-02-14,28.0
9.332,22.067331,2025-02-15,28.0
25.908,18.297228,2025-02-16,28.0
19.508,18.23697,2025-02-17,28.0
12.612,17.480835,2025-02-18,28.0
6.94,17.14374,2025-02-19,28.0
19.808,20.394901,2025-02-20,28.0
33.952,16.951324,2025-02-21,28.0
18.528,14.813959,2025-02-22,28.0
28.112,16.474154,2025-02-23,28.0
4.62,16.765123,2025-02-24,28.0
11.748,19.074757,2025-02-25,28.0
25.944,20.08486,2025-02-26,28.0
28.32,18.467249,2025-02-27,28.0
3.328,17.177355,2025-02-28,28.0
9.888,18.216835,2025-03-01,28.0
24.92,16.088287,2025-03-02,28.0
8.9028,14.156433,2025-03-03,28.0
7.848,16.599463,2025-03-04,28.0
8.52,14.804007,2025-03-05,28.0
9.76,13.793278,2025-03-06,28.0
13.528,15.847538,2025-03-07,28.0
25.0,13.320474,2025-03-08,28.0
8.96,12.6663685,2025-03-09,28.0
9.832,14.479944,2025-03-10,28.0
8.808,15.786312,2025-03-11,28.0
8.052,12.370587,2025-03-12,28.0
26.011,11.386257,2025-03-13,28.0
9.2,13.377911,2025-03-14,28.0
19.296,11.577463,2025-03-15,28.0
12.032,12.961229,2025-03-16,28.0
9.228,12.749296,2025-03-17,28.0
10.48,11.999984,2025-03-18,28.0
17.66,15.015364,2025-03-19,28.0
14.132,13.670158,2025-03-20,28.0
8.368,12.774015,2025-03-21,28.0
7.66,13.878775,2025-03-22,28.0
6.48,11.912646,2025-03-23,28.0
11.892,11.799353,2025-03-24,28.0
10.656,11.960568,2025-03-25,28.0
8.311,13.453478,2025-03-26,28.0
26.1,13.54131,2025-03-27,28.0
18.012,12.740682,2025-03-28,28.0
20.412,13.540655,2025-03-29,28.0
5.911,12.350131,2025-03-30,28.0
10.688,11.754841,2025-03-31,28.0
11.6,11.371018,2025-04-01,28.0
6.12,11.205944,2025-04-02,28.0
5.711,11.25708,2025-04-03,28.0
5.928,10.481269,2025-04-04,28.0
17.428,10.28437,2025-04-05,28.0
12.732,9.363884,2025-04-06,28.0
7.528,10.31591,2025-04-07,28.0
10.992,10.646269,2025-04-08,28.0
9.32,10.303909,2025-04-09,28.0
17.068,10.382187,2025-04-10,28.0
18.58,9.922532,2025-04-11,28.0
14.88,9.835779,2025-04-12,28.0
7.848,11.25272,2025-04-13,28.0
18.254,12.779045,2025-04-14,28.0
18.748,12.18737,2025-04-15,28.0
24.468,12.128506,2025-04-16,28.0
6.572,14.242652,2025-04-17,28.0
5.788,13.677427,2025-04-18,28.0
7.1428,11.624109,2025-04-19,28.0
14.468,11.801228,2025-04-20,28.0
11.258,10.045044,2025-04-21,28.0
7.428,9.901478,2025-04-22,28.0
9.112,13.0670185,2025-04-23,28.0
17.311,11.930674,2025-04-24,28.0
19.848,10.993588,2025-04-25,28.0
10.328,9.729071,2025-04-26,28.0
14.36,12.331501,2025-04-27,28.0
12.732,11.025546,2025-04-28,28.0
14.212,12.707489,2025-04-29,28.0
10.4,13.772225,2025-04-30,28.0
10.968,14.9610195,2025-05-01,28.0
10.528,11.96588,2025-05-02,28.0
11.7428,10.325752,2025-05-03,28.0
10.188,11.873661,2025-05-04,28.0
8.42,9.069954,2025-05-05,28.0
10.968,10.564569,2025-05-06,28.0
8.68,10.351675,2025-05-07,28.0
11.272,11.678001,2025-05-08,28.0
10.14,10.608351,2025-05-09,28.0
12.428,10.080455,2025-05-10,28.0
10.06,9.610816,2025-05-11,28.0
10.1,9.561523,2025-05-12,28.0
18.3,8.49814,2025-05-13,28.0
10.7,9.567244,2025-05-14,28.0
14.62,10.501929,2025-05-15,28.0
9.1,11.031574,2025-05-16,28.0
8.852,9.496858,2025-05-17,28.0
10.136,9.42556,2025-05-18,28.0
10.492,9.586332,2025-05-19,28.0
10.908,7.891623,2025-05-20,28.0
19.6,10.675177,2025-05-21,28.0
14.72,11.358996,2025-05-22,28.0
11.064,11.026325,2025-05-23,28.0
13.56,10.042204,2025-05-24,28.0
19.088,10.877072,2025-05-25,28.0
11.208,10.507612,2025-05-26,28.0
9.612,10.722554,2025-05-27,28.0
11.16,12.763059,2025-05-28,28.0
11.58,12.115255,2025-05-29,28.0
14.008,12.175418,2025-05-30,28.0
23.72,10.505457,2025-05-31,28.0
12.711,9.64784,2025-06-01,28.0
12.88,9.727425,2025-06-02,28.0
17.24,12.2253685,2025-06-03,28.0
28.52,11.979649,2025-06-04,28.0
24.98,11.952707,2025-06-05,28.0
18.988,13.242859,2025-06-06,28.0
16.92,14.280201,2025-06-07,28.0
17.912,14.068527,2025-06-08,28.0
12.328,15.326042,2025-06-09,28.0
13.64,12.257464,2025-06-10,28.0
18.432,17.159182,2025-06-11,28.0
17.24,15.973888,2025-06-12,28.0
16.752,17.391281,2025-06-13,28.0
10.528,14.304972,2025-06-14,28.0
10.0,13.9917755,2025-06-15,28.0
13.766472,12.757444,2025-06-16,28.0
11.228,26.897482,2024-09-18,29.0
23.652,21.281633,2024-09-19,29.0
26.688,19.364943,2024-09-20,29.0
36.28,19.801184,2024-09-21,29.0
24.848,21.539772,2024-09-22,29.0
8.72,23.869055,2024-09-23,29.0
12.272,31.483683,2024-09-24,29.0
20.0,24.283813,2024-09-25,29.0
36.34,21.696058,2024-09-26,29.0
36.62,19.332586,2024-09-27,29.0
31.14,20.858932,2024-09-28,29.0
32.96,26.673115,2024-09-29,29.0
27.612,27.51584,2024-09-30,29.0
25.456,26.70028,2024-10-01,29.0
21.9828,25.985647,2024-10-02,29.0
21.696,28.30559,2024-10-03,29.0
24.332,26.174505,2024-10-04,29.0
24.092,22.453453,2024-10-05,29.0
24.448,25.932787,2024-10-06,29.0
27.711,25.301683,2024-10-07,29.0
21.536,23.911982,2024-10-08,29.0
22.911,23.58827,2024-10-09,29.0
24.992,23.387909,2024-10-10,29.0
24.936,19.81579,2024-10-11,29.0
21.92,19.411123,2024-10-12,29.0
26.96,23.821285,2024-10-13,29.0
24.272,24.482664,2024-10-14,29.0
24.76,21.66316,2024-10-15,29.0
24.528,23.924746,2024-10-16,29.0
19.572,22.207003,2024-10-17,29.0
10.368,23.37912,2024-10-18,29.0
14.248,23.134119,2024-10-19,29.0
17.9028,22.805185,2024-10-20,29.0
18.776,20.27279,2024-10-21,29.0
19.852,20.059017,2024-10-22,29.0
17.96,18.4061,2024-10-23,29.0
19.708,19.94225,2024-10-24,29.0
19.76,19.929758,2024-10-25,29.0
21.011,19.27082,2024-10-26,29.0
17.068,21.135996,2024-10-27,29.0
20.5828,20.25972,2024-10-28,29.0
19.412,16.90408,2024-10-29,29.0
17.464,18.440746,2024-10-30,29.0
18.968,20.776741,2024-10-31,29.0
17.28,17.977903,2024-11-01,29.0
20.008,19.359137,2024-11-02,29.0
17.412,20.838522,2024-11-03,29.0
17.78,23.601664,2024-11-04,29.0
20.792,21.679497,2024-11-05,29.0
16.988,22.251987,2024-11-06,29.0
21.692,21.600914,2024-11-07,29.0
22.0,19.525679,2024-11-08,29.0
19.976,19.430445,2024-11-09,29.0
20.112,22.698442,2024-11-10,29.0
19.22,23.92139,2024-11-11,29.0
18.892,20.035738,2024-11-12,29.0
20.52,21.142218,2024-11-13,29.0
22.936,21.798191,2024-11-14,29.0
19.992,19.265692,2024-11-15,29.0
11.432,19.396372,2024-11-16,29.0
19.208,24.050835,2024-11-17,29.0
11.428,19.753569,2024-11-18,29.0
19.192,16.644718,2024-11-19,29.0
14.908,17.255602,2024-11-20,29.0
8.528,16.269533,2024-11-21,29.0
12.58,18.62385,2024-11-22,29.0
18.472,17.27807,2024-11-23,29.0
18.9228,15.876609,2024-11-24,29.0
17.48,15.172186,2024-11-25,29.0
19.625334,16.478628,2024-11-26,29.0
17.472,17.739536,2024-11-27,29.0
16.114666,19.637245,2024-11-28,29.0
17.963,16.615585,2024-11-29,29.0
22.522,15.244141,2024-11-30,29.0
27.832,19.01848,2024-12-01,29.0
27.948,23.444769,2024-12-02,29.0
38.788,18.668257,2024-12-03,29.0
33.2,23.126787,2024-12-04,29.0
23.1828,27.131346,2024-12-05,29.0
28.736,24.05345,2024-12-06,29.0
25.8628,23.8644,2024-12-07,29.0
29.696,24.846922,2024-12-08,29.0
28.032,23.504719,2024-12-09,29.0
27.5,23.46577,2024-12-10,29.0
23.548,26.86109,2024-12-11,29.0
27.88,28.985249,2024-12-12,29.0
29.052,24.23887,2024-12-13,29.0
26.56,24.337763,2024-12-14,29.0
38.108,27.058943,2024-12-15,29.0
32.2,31.924284,2024-12-16,29.0
28.672,30.518702,2024-12-17,29.0
33.78,33.07434,2024-12-18,29.0
28.228,33.562996,2024-12-19,29.0
29.811,32.388615,2024-12-20,29.0
39.2,25.418905,2024-12-21,29.0
28.332,33.317318,2024-12-22,29.0
28.948,30.4299,2024-12-23,29.0
33.8,35.683422,2024-12-24,29.0
26.96,36.79828,2024-12-25,29.0
14.46,32.51811,2024-12-26,29.0
29.14,25.79859,2024-12-27,29.0
35.28,22.936995,2024-12-28,29.0
48.308,23.766787,2024-12-29,29.0
18.312,29.643862,2024-12-30,29.0
28.42,33.436916,2024-12-31,29.0
35.22,39.43502,2025-01-01,29.0
11.288,30.88404,2025-01-02,29.0
26.792,31.765093,2025-01-03,29.0
24.78,26.107346,2025-01-04,29.0
27.892,28.099682,2025-01-05,29.0
30.976,26.198992,2025-01-06,29.0
31.92,27.460356,2025-01-07,29.0
27.532,24.153162,2025-01-08,29.0
29.211,25.999084,2025-01-09,29.0
43.08,29.045835,2025-01-10,29.0
30.688,25.449295,2025-01-11,29.0
32.88,30.192766,2025-01-12,29.0
45.592,30.812332,2025-01-13,29.0
24.976,30.4066,2025-01-14,29.0
29.372,35.095352,2025-01-15,29.0
23.188,31.742199,2025-01-16,29.0
27.028,29.663183,2025-01-17,29.0
27.772,30.215597,2025-01-18,29.0
16.52,32.16507,2025-01-19,29.0
28.38,31.67476,2025-01-20,29.0
16.1,24.22945,2025-01-21,29.0
35.74,29.295324,2025-01-22,29.0
21.92,26.46275,2025-01-23,29.0
22.48,24.060091,2025-01-24,29.0
39.928,27.591585,2025-01-25,29.0
30.16,26.595304,2025-01-26,29.0
33.544,26.710268,2025-01-27,29.0
27.208,28.63043,2025-01-28,29.0
48.86,30.175882,2025-01-29,29.0
29.812,28.078882,2025-01-30,29.0
37.828,31.777985,2025-01-31,29.0
28.78,29.780642,2025-02-01,29.0
33.048,33.194595,2025-02-02,29.0
41.8228,31.219675,2025-02-03,29.0
29.468,31.380106,2025-02-04,29.0
49.732,35.39914,2025-02-05,29.0
36.0,37.74289,2025-02-06,29.0
25.148,36.644455,2025-02-07,29.0
51.06,39.034893,2025-02-08,29.0
46.088,36.735535,2025-02-09,29.0
25.3828,33.40491,2025-02-10,29.0
28.628,38.61628,2025-02-11,29.0
50.528,41.73043,2025-02-12,29.0
11.928,34.878338,2025-02-13,29.0
43.172,37.296883,2025-02-14,29.0
37.32,38.786655,2025-02-15,29.0
31.428,31.386646,2025-02-16,29.0
33.132,37.72577,2025-02-17,29.0
21.2,34.513714,2025-02-18,29.0
23.18,29.73185,2025-02-19,29.0
29.768,33.827606,2025-02-20,29.0
20.612,30.36289,2025-02-21,29.0
36.292,26.191496,2025-02-22,29.0
26.188,28.217299,2025-02-23,29.0
45.052,26.371954,2025-02-24,29.0
41.048,28.982328,2025-02-25,29.0
39.768,31.028532,2025-02-26,29.0
35.792,31.609655,2025-02-27,29.0
10.62,32.09401,2025-02-28,29.0
36.308,33.979607,2025-03-01,29.0
21.68,27.512564,2025-03-02,29.0
26.492,26.022223,2025-03-03,29.0
29.82,27.510809,2025-03-04,29.0
22.52,28.184427,2025-03-05,29.0
14.528,27.269468,2025-03-06,29.0
22.292,27.946505,2025-03-07,29.0
23.492,26.414816,2025-03-08,29.0
22.736,25.972301,2025-03-09,29.0
20.892,30.214518,2025-03-10,29.0
20.52,25.166788,2025-03-11,29.0
23.88,25.156685,2025-03-12,29.0
20.852,21.719862,2025-03-13,29.0
22.776,21.740894,2025-03-14,29.0
22.028,19.327303,2025-03-15,29.0
18.24,20.64256,2025-03-16,29.0
20.932,20.888205,2025-03-17,29.0
20.508,20.59929,2025-03-18,29.0
20.984,23.252203,2025-03-19,29.0
14.388,23.634193,2025-03-20,29.0
21.16,22.992468,2025-03-21,29.0
18.572,22.062515,2025-03-22,29.0
17.296,21.862665,2025-03-23,29.0
20.8628,21.11409,2025-03-24,29.0
21.136,20.644361,2025-03-25,29.0
17.0628,22.144903,2025-03-26,29.0
20.608,22.894749,2025-03-27,29.0
22.6,22.430399,2025-03-28,29.0
21.98,20.538363,2025-03-29,29.0
13.492,20.839159,2025-03-30,29.0
10.288,20.010096,2025-03-31,29.0
19.272,19.277239,2025-04-01,29.0
19.656,18.45602,2025-04-02,29.0
14.4,17.096247,2025-04-03,29.0
19.28,18.213686,2025-04-04,29.0
21.511,17.218431,2025-04-05,29.0
20.048,18.164034,2025-04-06,29.0
23.12,19.016111,2025-04-07,29.0
22.11,18.994886,2025-04-08,29.0
22.652,19.12057,2025-04-09,29.0
22.58,21.226439,2025-04-10,29.0
20.76,22.086859,2025-04-11,29.0
20.688,21.07166,2025-04-12,29.0
19.952,22.68199,2025-04-13,29.0
19.472,23.880323,2025-04-14,29.0
21.76,22.267874,2025-04-15,29.0
11.468,20.00037,2025-04-16,29.0
9.572,20.989496,2025-04-17,29.0
20.88,18.651003,2025-04-18,29.0
20.828,15.047022,2025-04-19,29.0
20.48,17.254774,2025-04-20,29.0
24.172,19.388607,2025-04-21,29.0
21.468,20.733309,2025-04-22,29.0
27.11,21.529541,2025-04-23,29.0
19.56,24.581535,2025-04-24,29.0
24.028,22.54284,2025-04-25,29.0
22.96,21.551487,2025-04-26,29.0
25.78,25.799349,2025-04-27,29.0
30.528,23.230722,2025-04-28,29.0
29.78,25.109858,2025-04-29,29.0
32.032,27.137201,2025-04-30,29.0
19.0,29.41752,2025-05-01,29.0
28.72,27.228485,2025-05-02,29.0
30.258,21.649565,2025-05-03,29.0
26.5,24.557001,2025-05-04,29.0
25.928,24.079859,2025-05-05,29.0
29.932,26.837439,2025-05-06,29.0
27.728,25.491255,2025-05-07,29.0
11.52,26.405005,2025-05-08,29.0
10.511,26.508453,2025-05-09,29.0
32.068,22.128332,2025-05-10,29.0
29.25,23.188883,2025-05-11,29.0
29.992,22.733,2025-05-12,29.0
28.216,23.532408,2025-05-13,29.0
24.692,24.354746,2025-05-14,29.0
28.24,25.142178,2025-05-15,29.0
28.508,24.713678,2025-05-16,29.0
26.811,22.005625,2025-05-17,29.0
25.72,23.552103,2025-05-18,29.0
25.528,28.35972,2025-05-19,29.0
30.22,22.153131,2025-05-20,29.0
30.068,27.859829,2025-05-21,29.0
27.472,26.859755,2025-05-22,29.0
31.528,24.73342,2025-05-23,29.0
30.148,21.930042,2025-05-24,29.0
31.572,27.518179,2025-05-25,29.0
30.292,28.53731,2025-05-26,29.0
31.028,25.892366,2025-05-27,29.0
29.608,26.957005,2025-05-28,29.0
23.632,27.8086,2025-05-29,29.0
26.776,29.210611,2025-05-30,29.0
30.8228,25.278938,2025-05-31,29.0
16.136,27.14555,2025-06-01,29.0
29.11,25.055761,2025-06-02,29.0
30.292,24.78794,2025-06-03,29.0
30.23245,23.994387,2025-06-04,29.0
28.36,25.050852,2025-06-05,29.0
18.748,24.146349,2025-06-06,29.0
7.72,23.445364,2025-06-07,29.0
14.8,24.013222,2025-06-08,29.0
29.872,21.746122,2025-06-09,29.0
31.68,15.796904,2025-06-10,29.0
32.272,23.95842,2025-06-11,29.0
27.248,27.016972,2025-06-12,29.0
24.328,26.268988,2025-06-13,29.0
21.512,22.341991,2025-06-14,29.0
19.06,23.397871,2025-06-15,29.0
29.496,21.627726,2025-06-16,29.0
14.968,20.545454,2024-09-18,30.0
21.448,19.456411,2024-09-19,30.0
22.492,16.758566,2024-09-20,30.0
23.932,18.62709,2024-09-21,30.0
13.896,18.557884,2024-09-22,30.0
9.652,20.45195,2024-09-23,30.0
13.24,19.223082,2024-09-24,30.0
11.892,18.337248,2024-09-25,30.0
25.896,17.094906,2024-09-26,30.0
26.052,16.980865,2024-09-27,30.0
24.268,16.607155,2024-09-28,30.0
20.56,20.10612,2024-09-29,30.0
21.36,19.998728,2024-09-30,30.0
14.612,18.921743,2024-10-01,30.0
13.6,19.989069,2024-10-02,30.0
25.22,21.993893,2024-10-03,30.0
21.248,18.961126,2024-10-04,30.0
24.211,16.450811,2024-10-05,30.0
25.72,21.057028,2024-10-06,30.0
28.252,21.1183,2024-10-07,30.0
11.128,20.57863,2024-10-08,30.0
12.8,23.6755,2024-10-09,30.0
28.12,22.112894,2024-10-10,30.0
7.472,17.126501,2024-10-11,30.0
17.328,17.874775,2024-10-12,30.0
22.66,19.451948,2024-10-13,30.0
17.508,17.836489,2024-10-14,30.0
10.411,19.408026,2024-10-15,30.0
20.172,21.086061,2024-10-16,30.0
14.548,17.308737,2024-10-17,30.0
13.46,16.701395,2024-10-18,30.0
31.26,19.264315,2024-10-19,30.0
14.28,16.056087,2024-10-20,30.0
20.612,19.556269,2024-10-21,30.0
10.488,21.129808,2024-10-22,30.0
20.648,18.13146,2024-10-23,30.0
17.992,18.689987,2024-10-24,30.0
16.288,19.716566,2024-10-25,30.0
20.112,18.082594,2024-10-26,30.0
9.98,17.962505,2024-10-27,30.0
31.928,19.633566,2024-10-28,30.0
12.352,15.066025,2024-10-29,30.0
14.228,18.352636,2024-10-30,30.0
27.412,18.962149,2024-10-31,30.0
11.852,16.59352,2024-11-01,30.0
28.228,18.816442,2024-11-02,30.0
25.584,18.682528,2024-11-03,30.0
25.936,21.816875,2024-11-04,30.0
19.08,21.573217,2024-11-05,30.0
22.952,25.590626,2024-11-06,30.0
33.008,24.348627,2024-11-07,30.0
19.792,22.098202,2024-11-08,30.0
20.352,24.858648,2024-11-09,30.0
37.428,23.87326,2024-11-10,30.0
25.576,25.471811,2024-11-11,30.0
22.4628,22.605116,2024-11-12,30.0
23.248,26.433275,2024-11-13,30.0
17.3,24.841677,2024-11-14,30.0
36.188,22.397514,2024-11-15,30.0
19.64,22.99257,2024-11-16,30.0
28.36,24.860254,2024-11-17,30.0
30.411,25.355618,2024-11-18,30.0
22.48,23.747768,2024-11-19,30.0
26.572,26.378134,2024-11-20,30.0
28.12,24.045595,2024-11-21,30.0
24.566645,25.023909,2024-11-22,30.0
23.05544,21.646471,2024-11-23,30.0
27.852526,24.92867,2024-11-24,30.0
26.684786,22.326153,2024-11-25,30.0
22.319866,23.295073,2024-11-26,30.0
23.768396,27.242006,2024-11-27,30.0
28.010567,25.469534,2024-11-28,30.0
26.145168,21.743853,2024-11-29,30.0
22.824,21.668,2024-11-30,30.0
41.96,24.342981,2024-12-01,30.0
27.168,25.012804,2024-12-02,30.0
32.752,22.965218,2024-12-03,30.0
25.188,28.756985,2024-12-04,30.0
24.468,28.248598,2024-12-05,30.0
38.032,22.954,2024-12-06,30.0
37.472,24.468437,2024-12-07,30.0
28.728,25.10501,2024-12-08,30.0
38.52,23.818127,2024-12-09,30.0
41.78,27.552094,2024-12-10,30.0
37.06,29.978252,2024-12-11,30.0
31.228,34.15463,2024-12-12,30.0
47.36,29.70556,2024-12-13,30.0
36.1,27.295576,2024-12-14,30.0
30.9,31.224306,2024-12-15,30.0
38.688,39.376385,2024-12-16,30.0
41.5828,33.33985,2024-12-17,30.0
43.248,34.592274,2024-12-18,30.0
52.48,36.8059,2024-12-19,30.0
36.288,36.547703,2024-12-20,30.0
55.852,29.188871,2024-12-21,30.0
36.852,41.944992,2024-12-22,30.0
26.536,37.03137,2024-12-23,30.0
26.028,42.143208,2024-12-24,30.0
31.68,43.41352,2024-12-25,30.0
51.96,36.23063,2024-12-26,30.0
33.592,26.544731,2024-12-27,30.0
25.352,29.945393,2024-12-28,30.0
23.828,28.956408,2024-12-29,30.0
43.292,29.823492,2024-12-30,30.0
28.84,26.824667,2024-12-31,30.0
30.68,34.119446,2025-01-01,30.0
23.52,32.594265,2025-01-02,30.0
27.488,31.877132,2025-01-03,30.0
36.18,31.546043,2025-01-04,30.0
36.5,30.663275,2025-01-05,30.0
27.248,27.667858,2025-01-06,30.0
37.24,29.103825,2025-01-07,30.0
33.392,30.169765,2025-01-08,30.0
36.22,29.877462,2025-01-09,30.0
42.452,31.42449,2025-01-10,30.0
17.868,29.649378,2025-01-11,30.0
38.092,32.328148,2025-01-12,30.0
31.52,34.359833,2025-01-13,30.0
32.988,30.48392,2025-01-14,30.0
28.652,33.89706,2025-01-15,30.0
32.308,30.396017,2025-01-16,30.0
36.74,29.174969,2025-01-17,30.0
20.711,29.41722,2025-01-18,30.0
32.048,33.272026,2025-01-19,30.0
23.86,32.793507,2025-01-20,30.0
16.828,26.492544,2025-01-21,30.0
33.811,32.667877,2025-01-22,30.0
39.288,29.072062,2025-01-23,30.0
26.88,26.51533,2025-01-24,30.0
23.62,29.517548,2025-01-25,30.0
36.18,29.834654,2025-01-26,30.0
20.32,27.018475,2025-01-27,30.0
33.711,29.911982,2025-01-28,30.0
29.016,30.340822,2025-01-29,30.0
42.424,27.533861,2025-01-30,30.0
24.136,30.189383,2025-01-31,30.0
30.9028,28.367006,2025-02-01,30.0
33.258,32.165253,2025-02-02,30.0
30.932,28.26586,2025-02-03,30.0
22.988,30.620646,2025-02-04,30.0
42.211,30.516876,2025-02-05,30.0
25.08,32.592632,2025-02-06,30.0
37.72,30.35676,2025-02-07,30.0
21.328,32.204525,2025-02-08,30.0
37.392,29.217573,2025-02-09,30.0
30.8,31.730944,2025-02-10,30.0
13.968,30.515034,2025-02-11,30.0
27.672,32.684265,2025-02-12,30.0
25.048,29.183142,2025-02-13,30.0
24.448,29.213013,2025-02-14,30.0
37.944,27.126135,2025-02-15,30.0
22.288,28.042467,2025-02-16,30.0
18.46,26.417894,2025-02-17,30.0
26.228,29.921247,2025-02-18,30.0
35.2528,25.557947,2025-02-19,30.0
26.968,27.96145,2025-02-20,30.0
25.36,27.408922,2025-02-21,30.0
26.008,26.224691,2025-02-22,30.0
33.32,25.590225,2025-02-23,30.0
23.812,25.682428,2025-02-24,30.0
32.2,26.082521,2025-02-25,30.0
23.548,27.073793,2025-02-26,30.0
14.5428,27.48249,2025-02-27,30.0
19.928,26.988901,2025-02-28,30.0
31.28,25.371592,2025-03-01,30.0
27.608,21.441969,2025-03-02,30.0
28.48,20.971664,2025-03-03,30.0
27.612,25.124813,2025-03-04,30.0
18.228,24.516642,2025-03-05,30.0
24.0,25.034079,2025-03-06,30.0
14.96,26.11917,2025-03-07,30.0
29.2228,24.844482,2025-03-08,30.0
19.888,24.461206,2025-03-09,30.0
13.688,25.725462,2025-03-10,30.0
26.28,24.335283,2025-03-11,30.0
13.192,23.66987,2025-03-12,30.0
24.12,19.465055,2025-03-13,30.0
0.0,21.429834,2025-03-14,30.0
17.0,19.753304,2025-03-15,30.0
10.232,17.825102,2025-03-16,30.0
16.976,16.438017,2025-03-17,30.0
6.104,15.636516,2025-03-18,30.0
10.296,18.696571,2025-03-19,30.0
8.752,19.658607,2025-03-20,30.0
16.248,15.481142,2025-03-21,30.0
12.832,16.854734,2025-03-22,30.0
0.0,13.614313,2025-03-23,30.0
11.16,15.013256,2025-03-24,30.0
14.94,14.322022,2025-03-25,30.0
0.588,15.167047,2025-03-26,30.0
10.028,15.26302,2025-03-27,30.0
6.624,13.625843,2025-03-28,30.0
19.168,12.695846,2025-03-29,30.0
18.392,11.095741,2025-03-30,30.0
0.428,10.656261,2025-03-31,30.0
14.228,11.821796,2025-04-01,30.0
10.2528,12.684299,2025-04-02,30.0
0.0,11.508652,2025-04-03,30.0
6.412,12.045292,2025-04-04,30.0
8.6,10.79405,2025-04-05,30.0
0.211,8.6938095,2025-04-06,30.0
20.788,10.04598,2025-04-07,30.0
0.0,9.618632,2025-04-08,30.0
21.732,9.449835,2025-04-09,30.0
10.028,13.407602,2025-04-10,30.0
0.0,11.687485,2025-04-11,30.0
1.96,11.780285,2025-04-12,30.0
14.588,10.421253,2025-04-13,30.0
19.64,9.477146,2025-04-14,30.0
6.828,9.610765,2025-04-15,30.0
6.411,14.093548,2025-04-16,30.0
2.292,12.110029,2025-04-17,30.0
3.72,12.041112,2025-04-18,30.0
0.8,9.189318,2025-04-19,30.0
2.768,8.821711,2025-04-20,30.0
2.888,7.2093353,2025-04-21,30.0
5.5428,7.10059,2025-04-22,30.0
5.856,8.083399,2025-04-23,30.0
19.88,6.996454,2025-04-24,30.0
5.872,7.359282,2025-04-25,30.0
8.68,8.154739,2025-04-26,30.0
5.568,10.262565,2025-04-27,30.0
2.68,8.003908,2025-04-28,30.0
6.452,9.156324,2025-04-29,30.0
0.3,9.631983,2025-04-30,30.0
9.311,10.235887,2025-05-01,30.0
0.988,7.0633917,2025-05-02,30.0
10.56,6.386387,2025-05-03,30.0
3.98,5.7106504,2025-05-04,30.0
12.2,5.51688,2025-05-05,30.0
0.0,7.2364435,2025-05-06,30.0
3.128,7.786758,2025-05-07,30.0
6.492,9.206267,2025-05-08,30.0
10.932,7.178857,2025-05-09,30.0
2.496,8.085852,2025-05-10,30.0
18.68,7.334777,2025-05-11,30.0
9.5028,7.6904416,2025-05-12,30.0
0.0,7.674101,2025-05-13,30.0
14.288,10.338511,2025-05-14,30.0
6.88,8.300926,2025-05-15,30.0
0.288,9.063435,2025-05-16,30.0
0.132,8.862508,2025-05-17,30.0
14.62,7.40175,2025-05-18,30.0
1.032,5.9475465,2025-05-19,30.0
0.0,6.3247523,2025-05-20,30.0
10.32,9.532439,2025-05-21,30.0
0.096,6.2546387,2025-05-22,30.0
7.292,7.927088,2025-05-23,30.0
2.96,5.4825106,2025-05-24,30.0
3.96,5.0365896,2025-05-25,30.0
8.52,5.906437,2025-05-26,30.0
7.812,6.4425945,2025-05-27,30.0
4.608,7.556136,2025-05-28,30.0
10.7,7.5067124,2025-05-29,30.0
0.092,7.7273426,2025-05-30,30.0
1.668,6.6571026,2025-05-31,30.0
8.28,6.408131,2025-06-01,30.0
2.64,5.424022,2025-06-02,30.0
0.428,6.3373613,2025-06-03,30.0
12.984,7.4285364,2025-06-04,30.0
19.096,5.803442,2025-06-05,30.0
8.632,6.8004394,2025-06-06,30.0
2.42,9.956138,2025-06-07,30.0
0.0,8.797525,2025-06-08,30.0
6.708,8.167559,2025-06-09,30.0
0.0,6.5110044,2025-06-10,30.0
6.512,8.443226,2025-06-11,30.0
3.1,7.136899,2025-06-12,30.0
3.868,7.0673246,2025-06-13,30.0
0.711,5.679732,2025-06-14,30.0
7.06,4.8432603,2025-06-15,30.0
5.532,5.4374027,2025-06-16,30.0
33.984,19.106047,2024-09-18,31.0
37.392,19.755833,2024-09-19,31.0
26.016,18.986958,2024-09-20,31.0
29.1428,24.050844,2024-09-21,31.0
20.632,25.359324,2024-09-22,31.0
13.192,26.67476,2024-09-23,31.0
14.368,23.562738,2024-09-24,31.0
26.288,26.427328,2024-09-25,31.0
31.6,20.900602,2024-09-26,31.0
35.736,23.054056,2024-09-27,31.0
30.904,23.767979,2024-09-28,31.0
24.752,25.987621,2024-09-29,31.0
27.102,27.021887,2024-09-30,31.0
30.912,24.922552,2024-10-01,31.0
9.168,26.019165,2024-10-02,31.0
32.92,28.589426,2024-10-03,31.0
27.432,28.377394,2024-10-04,31.0
26.512,23.06772,2024-10-05,31.0
23.1428,28.526701,2024-10-06,31.0
29.808,27.821222,2024-10-07,31.0
21.832,24.529915,2024-10-08,31.0
27.8,24.6075,2024-10-09,31.0
35.96,27.526062,2024-10-10,31.0
27.432,20.820366,2024-10-11,31.0
29.8,23.636782,2024-10-12,31.0
23.232,26.925383,2024-10-13,31.0
36.0,28.117136,2024-10-14,31.0
32.64,25.346369,2024-10-15,31.0
26.72,26.781654,2024-10-16,31.0
24.248,27.793217,2024-10-17,31.0
25.812,29.465506,2024-10-18,31.0
32.08,28.39067,2024-10-19,31.0
38.16,27.246405,2024-10-20,31.0
27.68,29.277464,2024-10-21,31.0
36.84,27.510378,2024-10-22,31.0
26.232,30.727621,2024-10-23,31.0
27.296,32.17204,2024-10-24,31.0
41.096,31.865248,2024-10-25,31.0
45.696,27.635115,2024-10-26,31.0
43.984,29.98955,2024-10-27,31.0
28.424,33.73671,2024-10-28,31.0
36.296,34.593456,2024-10-29,31.0
25.048,36.325066,2024-10-30,31.0
20.9028,37.662544,2024-10-31,31.0
44.96,31.80107,2024-11-01,31.0
42.424,31.143957,2024-11-02,31.0
36.3028,31.21889,2024-11-03,31.0
31.088,39.63777,2024-11-04,31.0
1.096,40.243065,2024-11-05,31.0
81.656,35.523613,2024-11-06,31.0
43.784,35.452293,2024-11-07,31.0
30.768,31.05207,2024-11-08,31.0
24.904,38.56295,2024-11-09,31.0
28.3828,39.047634,2024-11-10,31.0
30.08,35.549583,2024-11-11,31.0
44.136,30.884506,2024-11-12,31.0
38.184,34.064053,2024-11-13,31.0
14.1028,27.768732,2024-11-14,31.0
24.544,39.593426,2024-11-15,31.0
36.4,31.336885,2024-11-16,31.0
33.936,30.253483,2024-11-17,31.0
31.288,29.541727,2024-11-18,31.0
31.264,29.001898,2024-11-19,31.0
37.488,32.074898,2024-11-20,31.0
39.25625,33.511753,2024-11-21,31.0
35.128532,33.265564,2024-11-22,31.0
25.285059,28.922735,2024-11-23,31.0
35.65422,30.25415,2024-11-24,31.0
33.73251,32.933174,2024-11-25,31.0
32.42889,28.659441,2024-11-26,31.0
38.247284,31.83784,2024-11-27,31.0
36.667908,35.073536,2024-11-28,31.0
36.488796,33.773212,2024-11-29,31.0
41.8392,30.948524,2024-11-30,31.0
39.928,34.326744,2024-12-01,31.0
28.888,35.066757,2024-12-02,31.0
44.552,34.779892,2024-12-03,31.0
41.1428,37.94554,2024-12-04,31.0
43.848,38.144135,2024-12-05,31.0
48.744,36.221325,2024-12-06,31.0
32.9428,33.86599,2024-12-07,31.0
25.248,34.722412,2024-12-08,31.0
43.288,35.313602,2024-12-09,31.0
28.704,35.20182,2024-12-10,31.0
32.176,35.39176,2024-12-11,31.0
43.792,40.359642,2024-12-12,31.0
54.064,32.706615,2024-12-13,31.0
32.912,33.671154,2024-12-14,31.0
57.048,37.5663,2024-12-15,31.0
44.5828,41.74562,2024-12-16,31.0
56.5028,38.677612,2024-12-17,31.0
46.76,47.967415,2024-12-18,31.0
51.112,44.166576,2024-12-19,31.0
50.736,46.259445,2024-12-20,31.0
31.48,38.15879,2024-12-21,31.0
28.968,49.611115,2024-12-22,31.0
31.672,44.059544,2024-12-23,31.0
35.8,45.448593,2024-12-24,31.0
37.88,45.69837,2024-12-25,31.0
44.888,44.012203,2024-12-26,31.0
28.856,31.83054,2024-12-27,31.0
30.228,32.643745,2024-12-28,31.0
25.768,36.151062,2024-12-29,31.0
57.088,31.114809,2024-12-30,31.0
33.102,32.230427,2024-12-31,31.0
57.904,40.676327,2025-01-01,31.0
35.9428,38.98665,2025-01-02,31.0
39.428,38.54239,2025-01-03,31.0
39.544,40.994225,2025-01-04,31.0
50.428,39.556957,2025-01-05,31.0
55.032,38.817104,2025-01-06,31.0
28.976,38.34216,2025-01-07,31.0
51.088,43.801933,2025-01-08,31.0
56.192,43.712784,2025-01-09,31.0
39.792,43.790367,2025-01-10,31.0
29.904,40.66464,2025-01-11,31.0
39.1828,44.515007,2025-01-12,31.0
52.488,44.343468,2025-01-13,31.0
32.672,42.3621,2025-01-14,31.0
50.168,47.936844,2025-01-15,31.0
44.8,42.654892,2025-01-16,31.0
39.88,37.31952,2025-01-17,31.0
42.72,42.17025,2025-01-18,31.0
29.448,41.89263,2025-01-19,31.0
39.2628,46.10798,2025-01-20,31.0
47.072,35.088394,2025-01-21,31.0
50.6,42.748486,2025-01-22,31.0
25.228,38.60802,2025-01-23,31.0
33.288,41.546764,2025-01-24,31.0
50.92,42.921635,2025-01-25,31.0
38.088,38.688995,2025-01-26,31.0
33.184,40.197456,2025-01-27,31.0
42.0228,45.10266,2025-01-28,31.0
37.256,45.483772,2025-01-29,31.0
28.896,41.12262,2025-01-30,31.0
39.311,43.314114,2025-01-31,31.0
55.1428,35.879513,2025-02-01,31.0
48.536,37.938988,2025-02-02,31.0
28.952,37.795067,2025-02-03,31.0
36.696,41.22885,2025-02-04,31.0
48.1428,42.06275,2025-02-05,31.0
48.5028,44.698242,2025-02-06,31.0
56.4,41.879868,2025-02-07,31.0
44.952,42.943268,2025-02-08,31.0
28.6,42.920044,2025-02-09,31.0
46.52,46.338196,2025-02-10,31.0
30.704,45.556873,2025-02-11,31.0
44.216,43.06376,2025-02-12,31.0
39.16,44.37594,2025-02-13,31.0
47.736,43.83736,2025-02-14,31.0
31.968,43.47086,2025-02-15,31.0
35.72,41.20616,2025-02-16,31.0
48.096,44.603935,2025-02-17,31.0
42.984,38.910942,2025-02-18,31.0
44.056,34.258705,2025-02-19,31.0
45.656,40.38023,2025-02-20,31.0
43.9428,38.211582,2025-02-21,31.0
55.812,35.35211,2025-02-22,31.0
48.856,38.18746,2025-02-23,31.0
47.576,40.66887,2025-02-24,31.0
45.792,48.14209,2025-02-25,31.0
55.112,50.446148,2025-02-26,31.0
44.648,49.635326,2025-02-27,31.0
23.32,47.89641,2025-02-28,31.0
54.832,48.535454,2025-03-01,31.0
48.4,40.086838,2025-03-02,31.0
30.768,40.55665,2025-03-03,31.0
48.392,44.434677,2025-03-04,31.0
43.872,45.60663,2025-03-05,31.0
23.088,45.68106,2025-03-06,31.0
44.472,47.600403,2025-03-07,31.0
29.0228,41.878815,2025-03-08,31.0
29.6,38.56046,2025-03-09,31.0
30.696,47.832726,2025-03-10,31.0
28.576,39.790745,2025-03-11,31.0
28.808,35.026833,2025-03-12,31.0
36.368,35.482437,2025-03-13,31.0
19.016,32.897762,2025-03-14,31.0
21.848,27.296108,2025-03-15,31.0
24.16,28.365023,2025-03-16,31.0
29.311,25.109854,2025-03-17,31.0
20.392,25.257967,2025-03-18,31.0
28.0,31.420828,2025-03-19,31.0
28.072,30.769144,2025-03-20,31.0
38.936,27.910963,2025-03-21,31.0
28.128,27.427292,2025-03-22,31.0
18.888,27.568752,2025-03-23,31.0
38.102,27.918032,2025-03-24,31.0
35.112,27.478306,2025-03-25,31.0
21.872,28.073149,2025-03-26,31.0
31.392,29.341984,2025-03-27,31.0
36.776,31.85133,2025-03-28,31.0
21.096,27.732685,2025-03-29,31.0
23.192,28.581543,2025-03-30,31.0
11.76,27.105597,2025-03-31,31.0
12.424,24.593946,2025-04-01,31.0
11.576,27.410154,2025-04-02,31.0
31.384,24.835047,2025-04-03,31.0
30.8,21.257765,2025-04-04,31.0
23.92,20.520359,2025-04-05,31.0
26.428,22.987793,2025-04-06,31.0
11.8,22.211588,2025-04-07,31.0
27.96,22.253479,2025-04-08,31.0
31.9428,20.975958,2025-04-09,31.0
8.992,20.125475,2025-04-10,31.0
35.36,22.633701,2025-04-11,31.0
25.008,24.05403,2025-04-12,31.0
27.9428,22.496187,2025-04-13,31.0
18.128,25.02085,2025-04-14,31.0
19.736,24.988707,2025-04-15,31.0
29.904,22.478342,2025-04-16,31.0
41.2,23.31851,2025-04-17,31.0
17.272,22.972301,2025-04-18,31.0
32.208,19.671501,2025-04-19,31.0
19.872,25.509176,2025-04-20,31.0
14.936,23.52498,2025-04-21,31.0
19.896,26.845392,2025-04-22,31.0
33.512,24.206305,2025-04-23,31.0
25.424,24.273085,2025-04-24,31.0
13.384,24.494617,2025-04-25,31.0
24.5028,25.917074,2025-04-26,31.0
24.072,24.668985,2025-04-27,31.0
22.592,22.343376,2025-04-28,31.0
28.752,26.21454,2025-04-29,31.0
27.228,26.506338,2025-04-30,31.0
20.04,27.69359,2025-05-01,31.0
35.992,27.47185,2025-05-02,31.0
33.136,23.680716,2025-05-03,31.0
22.68,24.12942,2025-05-04,31.0
14.832,25.250963,2025-05-05,31.0
28.0,26.183638,2025-05-06,31.0
28.008,23.681587,2025-05-07,31.0
36.48,25.76197,2025-05-08,31.0
19.552,25.189539,2025-05-09,31.0
22.728,23.869286,2025-05-10,31.0
25.24,29.198137,2025-05-11,31.0
39.248,26.977247,2025-05-12,31.0
19.936,23.996733,2025-05-13,31.0
30.752,24.478277,2025-05-14,31.0
21.792,28.581848,2025-05-15,31.0
33.856,24.183002,2025-05-16,31.0
22.536,24.523775,2025-05-17,31.0
32.592,24.449923,2025-05-18,31.0
20.896,26.779919,2025-05-19,31.0
25.6628,21.642256,2025-05-20,31.0
18.056,28.8462,2025-05-21,31.0
23.2228,23.703524,2025-05-22,31.0
37.952,25.974237,2025-05-23,31.0
21.8628,20.229702,2025-05-24,31.0
22.456,26.93342,2025-05-25,31.0
32.08,26.950874,2025-05-26,31.0
33.68,24.355799,2025-05-27,31.0
33.216,24.77722,2025-05-28,31.0
28.711,27.146717,2025-05-29,31.0
23.688,28.487366,2025-05-30,31.0
26.472,26.02647,2025-05-31,31.0
20.32,28.05051,2025-06-01,31.0
35.3028,23.489351,2025-06-02,31.0
25.84,22.712622,2025-06-03,31.0
37.2628,26.153263,2025-06-04,31.0
42.12,27.55344,2025-06-05,31.0
24.072,25.194128,2025-06-06,31.0
38.608,26.920916,2025-06-07,31.0
28.488,28.608881,2025-06-08,31.0
28.264,27.905476,2025-06-09,31.0
35.136,23.598597,2025-06-10,31.0
29.576,30.00664,2025-06-11,31.0
36.672,28.664087,2025-06-12,31.0
13.8628,30.543802,2025-06-13,31.0
32.248,27.14377,2025-06-14,31.0
17.392,25.424387,2025-06-15,31.0
31.784,26.347265,2025-06-16,31.0
24.28,27.51909,2024-09-18,32.0
27.428,30.024506,2024-09-19,32.0
30.32,25.82375,2024-09-20,32.0
57.28,24.656813,2024-09-21,32.0
27.132,24.034613,2024-09-22,32.0
14.776,31.224499,2024-09-23,32.0
19.732,33.882133,2024-09-24,32.0
28.26,33.4385,2024-09-25,32.0
52.808,25.599155,2024-09-26,32.0
32.9028,26.590914,2024-09-27,32.0
55.32,25.609873,2024-09-28,32.0
39.028,28.669176,2024-09-29,32.0
43.532,34.69656,2024-09-30,32.0
52.28,32.70908,2024-10-01,32.0
23.708,34.57087,2024-10-02,32.0
37.652,41.10221,2024-10-03,32.0
28.428,40.141148,2024-10-04,32.0
28.48,33.99833,2024-10-05,32.0
31.86,33.213898,2024-10-06,32.0
24.888,37.262222,2024-10-07,32.0
24.9428,30.821337,2024-10-08,32.0
19.488,31.621822,2024-10-09,32.0
22.288,34.03152,2024-10-10,32.0
30.052,25.747595,2024-10-11,32.0
32.572,24.586622,2024-10-12,32.0
27.488,26.025732,2024-10-13,32.0
39.112,29.008024,2024-10-14,32.0
28.148,28.546343,2024-10-15,32.0
42.72,26.829605,2024-10-16,32.0
31.492,30.848524,2024-10-17,32.0
22.568,29.429312,2024-10-18,32.0
18.352,29.794323,2024-10-19,32.0
44.968,28.857546,2024-10-20,32.0
39.48,27.984604,2024-10-21,32.0
37.592,25.989838,2024-10-22,32.0
28.608,34.778122,2024-10-23,32.0
37.328,34.37052,2024-10-24,32.0
44.744,36.011005,2024-10-25,32.0
39.588,29.314837,2024-10-26,32.0
38.12,32.711273,2024-10-27,32.0
39.48,34.232716,2024-10-28,32.0
36.6,35.6007,2024-10-29,32.0
37.46,36.98513,2024-10-30,32.0
43.168,41.434128,2024-10-31,32.0
37.112,34.040573,2024-11-01,32.0
43.912,35.004578,2024-11-02,32.0
38.428,35.786076,2024-11-03,32.0
37.628,39.254265,2024-11-04,32.0
43.272,40.272614,2024-11-05,32.0
43.768,38.400772,2024-11-06,32.0
41.12,41.065254,2024-11-07,32.0
44.172,40.463562,2024-11-08,32.0
65.06,37.619118,2024-11-09,32.0
46.288,36.460827,2024-11-10,32.0
25.032,45.471363,2024-11-11,32.0
53.552,45.494247,2024-11-12,32.0
62.548,45.5301,2024-11-13,32.0
67.34,41.58659,2024-11-14,32.0
29.52,43.994915,2024-11-15,32.0
74.74,42.68786,2024-11-16,32.0
48.82,44.69761,2024-11-17,32.0
41.768,46.90854,2024-11-18,32.0
52.032,49.76728,2024-11-19,32.0
33.911,41.559654,2024-11-20,32.0
31.668,46.163742,2024-11-21,32.0
36.948,54.937576,2024-11-22,32.0
61.237335,46.671078,2024-11-23,32.0
44.512,30.988842,2024-11-24,32.0
37.809334,47.61945,2024-11-25,32.0
49.618668,41.80005,2024-11-26,32.0
46.74267,37.838142,2024-11-27,32.0
45.824,47.518394,2024-11-28,32.0
35.05256,40.079185,2024-11-29,32.0
53.338,33.375,2024-11-30,32.0
72.48,35.771713,2024-12-01,32.0
56.032,44.893127,2024-12-02,32.0
63.2,45.463303,2024-12-03,32.0
64.36,50.29546,2024-12-04,32.0
71.496,52.157753,2024-12-05,32.0
56.088,47.454773,2024-12-06,32.0
52.72,51.90921,2024-12-07,32.0
38.736,50.778053,2024-12-08,32.0
69.328,49.858437,2024-12-09,32.0
52.72,56.83116,2024-12-10,32.0
63.856,54.966663,2024-12-11,32.0
67.624,57.368015,2024-12-12,32.0
74.16,51.22816,2024-12-13,32.0
43.328,55.33904,2024-12-14,32.0
73.832,50.889816,2024-12-15,32.0
58.464,57.261387,2024-12-16,32.0
18.0228,54.772446,2024-12-17,32.0
11.576,63.25592,2024-12-18,32.0
29.216,56.453506,2024-12-19,32.0
59.928,43.527805,2024-12-20,32.0
48.08,30.144098,2024-12-21,32.0
52.32,41.98826,2024-12-22,32.0
49.496,41.985584,2024-12-23,32.0
39.36,47.45487,2024-12-24,32.0
49.536,48.801765,2024-12-25,32.0
52.8,39.15471,2024-12-26,32.0
41.6628,30.700537,2024-12-27,32.0
52.136,32.380173,2024-12-28,32.0
50.12,42.704178,2024-12-29,32.0
48.432,35.500793,2024-12-30,32.0
50.04,43.778534,2024-12-31,32.0
57.0,49.426804,2025-01-01,32.0
51.216,39.370705,2025-01-02,32.0
54.72,48.136158,2025-01-03,32.0
56.448,47.1457,2025-01-04,32.0
54.976,46.72067,2025-01-05,32.0
58.456,52.04767,2025-01-06,32.0
43.64,52.756218,2025-01-07,32.0
49.888,53.349186,2025-01-08,32.0
49.6,54.15109,2025-01-09,32.0
54.064,52.963894,2025-01-10,32.0
50.04,44.68733,2025-01-11,32.0
49.96,47.224895,2025-01-12,32.0
52.672,51.831898,2025-01-13,32.0
43.536,48.504425,2025-01-14,32.0
52.8628,55.659904,2025-01-15,32.0
60.048,53.01812,2025-01-16,32.0
52.48,46.26869,2025-01-17,32.0
51.832,48.352623,2025-01-18,32.0
54.6,51.016724,2025-01-19,32.0
58.36,54.126938,2025-01-20,32.0
55.28,45.2396,2025-01-21,32.0
55.528,54.1513,2025-01-22,32.0
52.428,49.432823,2025-01-23,32.0
53.36,50.915516,2025-01-24,32.0
59.432,52.693443,2025-01-25,32.0
47.8,48.192352,2025-01-26,32.0
45.254,53.747543,2025-01-27,32.0
55.792,57.078217,2025-01-28,32.0
46.96,59.777008,2025-01-29,32.0
43.456,56.5792,2025-01-30,32.0
51.608,56.855194,2025-01-31,32.0
59.812,48.384422,2025-02-01,32.0
46.528,50.83236,2025-02-02,32.0
54.792,50.796696,2025-02-03,32.0
61.448,49.342445,2025-02-04,32.0
47.512,48.514263,2025-02-05,32.0
63.4628,59.097557,2025-02-06,32.0
61.84,57.966003,2025-02-07,32.0
64.936,55.38235,2025-02-08,32.0
55.368,54.816498,2025-02-09,32.0
64.656,58.578396,2025-02-10,32.0
52.368,56.689537,2025-02-11,32.0
53.112,59.550774,2025-02-12,32.0
49.112,59.149914,2025-02-13,32.0
46.808,54.102287,2025-02-14,32.0
63.464,57.07557,2025-02-15,32.0
56.792,50.818993,2025-02-16,32.0
58.952,56.989708,2025-02-17,32.0
54.102,57.742855,2025-02-18,32.0
56.208,53.378075,2025-02-19,32.0
59.568,55.31482,2025-02-20,32.0
62.232,54.94213,2025-02-21,32.0
65.168,49.82456,2025-02-22,32.0
57.102,46.2128,2025-02-23,32.0
69.6628,56.9276,2025-02-24,32.0
68.3028,59.33671,2025-02-25,32.0
65.4,62.376774,2025-02-26,32.0
60.16,63.22526,2025-02-27,32.0
20.168,62.2144,2025-02-28,32.0
62.936,61.4,2025-03-01,32.0
56.64,50.344986,2025-03-02,32.0
61.32,46.374092,2025-03-03,32.0
53.648,55.571342,2025-03-04,32.0
45.911,58.193924,2025-03-05,32.0
56.256,60.235596,2025-03-06,32.0
50.0,59.47999,2025-03-07,32.0
44.08,52.263184,2025-03-08,32.0
43.872,48.067696,2025-03-09,32.0
51.36,57.55303,2025-03-10,32.0
37.848,52.211414,2025-03-11,32.0
39.312,50.33577,2025-03-12,32.0
37.936,46.52588,2025-03-13,32.0
39.36,44.122017,2025-03-14,32.0
39.968,37.91809,2025-03-15,32.0
26.424,35.417534,2025-03-16,32.0
32.2628,38.485737,2025-03-17,32.0
30.76,35.327316,2025-03-18,32.0
27.56,43.360817,2025-03-19,32.0
33.312,41.60266,2025-03-20,32.0
38.911,37.001015,2025-03-21,32.0
28.952,32.42753,2025-03-22,32.0
33.192,31.762213,2025-03-23,32.0
39.008,32.53537,2025-03-24,32.0
35.392,29.127306,2025-03-25,32.0
25.872,35.294907,2025-03-26,32.0
39.696,36.646324,2025-03-27,32.0
39.264,36.038574,2025-03-28,32.0
27.0,31.667427,2025-03-29,32.0
28.56,30.408072,2025-03-30,32.0
26.6,28.412262,2025-03-31,32.0
31.568,26.470226,2025-04-01,32.0
24.872,30.371078,2025-04-02,32.0
29.32,29.910967,2025-04-03,32.0
27.016,29.491354,2025-04-04,32.0
25.208,27.430223,2025-04-05,32.0
27.311,26.822573,2025-04-06,32.0
31.088,25.157137,2025-04-07,32.0
41.336,24.862324,2025-04-08,32.0
27.92,25.664827,2025-04-09,32.0
36.24,29.244087,2025-04-10,32.0
31.96,32.07497,2025-04-11,32.0
29.552,29.344841,2025-04-12,32.0
25.8228,29.48437,2025-04-13,32.0
31.232,30.452623,2025-04-14,32.0
28.5028,29.082869,2025-04-15,32.0
22.216,27.328215,2025-04-16,32.0
23.048,29.500065,2025-04-17,32.0
25.048,23.211235,2025-04-18,32.0
23.352,21.310839,2025-04-19,32.0
22.232,24.552713,2025-04-20,32.0
29.24,25.534906,2025-04-21,32.0
30.912,26.04357,2025-04-22,32.0
29.648,28.497877,2025-04-23,32.0
33.032,30.910759,2025-04-24,32.0
30.336,28.752224,2025-04-25,32.0
25.1028,26.1142,2025-04-26,32.0
26.6,29.345165,2025-04-27,32.0
28.288,26.56893,2025-04-28,32.0
36.112,29.561823,2025-04-29,32.0
30.592,31.265635,2025-04-30,32.0
28.0228,32.97821,2025-05-01,32.0
25.752,30.104473,2025-05-02,32.0
28.911,26.03049,2025-05-03,32.0
31.24,27.117168,2025-05-04,32.0
27.648,23.834227,2025-05-05,32.0
41.168,26.492435,2025-05-06,32.0
27.288,28.041456,2025-05-07,32.0
31.888,32.463623,2025-05-08,32.0
33.368,31.521343,2025-05-09,32.0
30.428,27.203745,2025-05-10,32.0
25.76,29.946045,2025-05-11,32.0
32.736,30.064905,2025-05-12,32.0
33.464,27.583097,2025-05-13,32.0
32.984,27.206022,2025-05-14,32.0
25.472,31.716679,2025-05-15,32.0
26.184,27.741774,2025-05-16,32.0
27.32,25.529932,2025-05-17,32.0
32.032,25.919437,2025-05-18,32.0
28.5828,26.828573,2025-05-19,32.0
27.84,22.039389,2025-05-20,32.0
26.9828,29.082773,2025-05-21,32.0
32.784,28.025766,2025-05-22,32.0
32.688,28.050585,2025-05-23,32.0
33.112,23.35249,2025-05-24,32.0
27.192,27.821726,2025-05-25,32.0
33.254,30.012617,2025-05-26,32.0
39.16,28.63761,2025-05-27,32.0
28.56,30.468771,2025-05-28,32.0
25.688,29.731058,2025-05-29,32.0
31.392,32.129173,2025-05-30,32.0
41.288,28.16437,2025-05-31,32.0
18.911,26.898157,2025-06-01,32.0
42.64,27.74098,2025-06-02,32.0
35.288,27.476027,2025-06-03,32.0
35.88,30.276028,2025-06-04,32.0
44.632,34.216778,2025-06-05,32.0
35.28,28.21272,2025-06-06,32.0
55.8,26.937887,2025-06-07,32.0
51.704,31.896307,2025-06-08,32.0
33.711,35.106915,2025-06-09,32.0
28.8,29.825743,2025-06-10,32.0
38.424,41.468246,2025-06-11,32.0
43.36,35.48766,2025-06-12,32.0
29.968,33.522903,2025-06-13,32.0
27.102,32.84735,2025-06-14,32.0
21.792,30.763672,2025-06-15,32.0
38.064,32.72938,2025-06-16,32.0
10.52,8.600763,2024-09-18,33.0
13.664,7.0092597,2024-09-19,33.0
14.8,6.6790824,2024-09-20,33.0
20.628,8.213096,2024-09-21,33.0
6.76,8.315166,2024-09-22,33.0
3.012,11.060249,2024-09-23,33.0
3.96,10.048912,2024-09-24,33.0
10.428,9.074018,2024-09-25,33.0
13.932,8.066212,2024-09-26,33.0
20.0,8.3003845,2024-09-27,33.0
14.428,7.8831744,2024-09-28,33.0
16.12,9.730543,2024-09-29,33.0
12.908,12.062904,2024-09-30,33.0
14.732,10.743458,2024-10-01,33.0
9.5,11.965828,2024-10-02,33.0
8.68,12.77413,2024-10-03,33.0
4.38,11.146692,2024-10-04,33.0
10.92,9.276249,2024-10-05,33.0
12.652,10.309202,2024-10-06,33.0
14.028,9.543851,2024-10-07,33.0
12.052,10.633426,2024-10-08,33.0
11.268,11.2667465,2024-10-09,33.0
11.98,11.783952,2024-10-10,33.0
21.511,9.470661,2024-10-11,33.0
8.92,9.158121,2024-10-12,33.0
11.828,11.102683,2024-10-13,33.0
5.42,12.507096,2024-10-14,33.0
5.38,9.898183,2024-10-15,33.0
5.28,9.622074,2024-10-16,33.0
17.148,9.1516285,2024-10-17,33.0
13.872,8.115813,2024-10-18,33.0
14.832,7.5286045,2024-10-19,33.0
20.168,10.652469,2024-10-20,33.0
10.768,9.881481,2024-10-21,33.0
12.411,10.799865,2024-10-22,33.0
18.332,10.799723,2024-10-23,33.0
13.188,11.090122,2024-10-24,33.0
11.652,11.941654,2024-10-25,33.0
11.4,11.298075,2024-10-26,33.0
9.576,11.759333,2024-10-27,33.0
22.8228,11.187231,2024-10-28,33.0
17.988,9.822639,2024-10-29,33.0
11.92,11.514598,2024-10-30,33.0
20.94,13.589884,2024-10-31,33.0
9.592,12.79709,2024-11-01,33.0
16.108,13.351902,2024-11-02,33.0
22.988,13.61375,2024-11-03,33.0
20.772,14.149645,2024-11-04,33.0
21.652,14.475872,2024-11-05,33.0
21.508,17.892618,2024-11-06,33.0
16.56,17.421026,2024-11-07,33.0
5.692,16.767443,2024-11-08,33.0
22.88,18.232761,2024-11-09,33.0
24.028,15.262544,2024-11-10,33.0
10.332,16.797003,2024-11-11,33.0
10.68,18.78789,2024-11-12,33.0
11.548,17.858479,2024-11-13,33.0
24.02,15.892093,2024-11-14,33.0
25.48,14.857401,2024-11-15,33.0
14.928,15.13089,2024-11-16,33.0
24.472,17.348337,2024-11-17,33.0
22.448,17.903936,2024-11-18,33.0
17.8628,15.471221,2024-11-19,33.0
8.88,17.719051,2024-11-20,33.0
20.506666,16.5478,2024-11-21,33.0
13.588,15.149464,2024-11-22,33.0
17.972,14.307413,2024-11-23,33.0
23.829334,15.188424,2024-11-24,33.0
17.850666,13.0331545,2024-11-25,33.0
16.732,14.531561,2024-11-26,33.0
11.312,18.794966,2024-11-27,33.0
11.994,17.453691,2024-11-28,33.0
18.467283,12.513908,2024-11-29,33.0
20.295,12.661416,2024-11-30,33.0
7.288,13.306646,2024-12-01,33.0
7.292,18.63454,2024-12-02,33.0
7.332,13.805922,2024-12-03,33.0
7.28,13.249847,2024-12-04,33.0
7.328,13.35928,2024-12-05,33.0
50.18,9.0987625,2024-12-06,33.0
27.14,8.259164,2024-12-07,33.0
63.102,14.037707,2024-12-08,33.0
28.808,18.352793,2024-12-09,33.0
21.552,19.948437,2024-12-10,33.0
41.428,28.99956,2024-12-11,33.0
17.188,26.207758,2024-12-12,33.0
10.56,23.168749,2024-12-13,33.0
28.452,22.375591,2024-12-14,33.0
24.376,24.216772,2024-12-15,33.0
45.432,21.267609,2024-12-16,33.0
24.48,30.355024,2024-12-17,33.0
26.488,28.260174,2024-12-18,33.0
11.392,31.845562,2024-12-19,33.0
29.832,31.518171,2024-12-20,33.0
7.976,21.695856,2024-12-21,33.0
7.9428,25.292358,2024-12-22,33.0
7.976,24.30944,2024-12-23,33.0
7.992,18.204617,2024-12-24,33.0
7.992,25.013813,2024-12-25,33.0
28.068,17.68297,2024-12-26,33.0
39.508,13.206396,2024-12-27,33.0
17.612,12.21656,2024-12-28,33.0
6.8,19.967636,2024-12-29,33.0
6.788,19.141142,2024-12-30,33.0
33.16,15.564305,2024-12-31,33.0
25.952,16.984537,2025-01-01,33.0
37.72,17.361118,2025-01-02,33.0
18.711,19.328367,2025-01-03,33.0
6.228,16.92063,2025-01-04,33.0
6.28,22.055122,2025-01-05,33.0
6.28,16.992521,2025-01-06,33.0
6.252,13.937726,2025-01-07,33.0
6.268,13.427818,2025-01-08,33.0
28.188,13.292973,2025-01-09,33.0
45.102,11.67168,2025-01-10,33.0
26.62,13.704001,2025-01-11,33.0
29.9,18.290844,2025-01-12,33.0
6.888,21.958342,2025-01-13,33.0
14.572,22.114319,2025-01-14,33.0
6.988,22.858953,2025-01-15,33.0
36.464,17.580248,2025-01-16,33.0
51.768,16.31232,2025-01-17,33.0
7.32,18.072464,2025-01-18,33.0
7.36,26.581133,2025-01-19,33.0
7.352,28.21281,2025-01-20,33.0
8.536,19.267717,2025-01-21,33.0
8.5428,18.871254,2025-01-22,33.0
55.188,17.646643,2025-01-23,33.0
30.32,12.756996,2025-01-24,33.0
8.0,18.56069,2025-01-25,33.0
7.972,22.228758,2025-01-26,33.0
7.988,19.418238,2025-01-27,33.0
7.96,16.48612,2025-01-28,33.0
7.92,15.709515,2025-01-29,33.0
45.188,14.555573,2025-01-30,33.0
44.2,14.016589,2025-01-31,33.0
6.7828,16.092737,2025-02-01,33.0
6.788,23.28961,2025-02-02,33.0
7.412,19.76897,2025-02-03,33.0
8.488,16.231298,2025-02-04,33.0
8.56,15.214178,2025-02-05,33.0
45.288,14.130379,2025-02-06,33.0
53.652,12.494209,2025-02-07,33.0
6.1,16.040533,2025-02-08,33.0
5.568,22.065725,2025-02-09,33.0
5.56,20.923456,2025-02-10,33.0
5.572,15.291934,2025-02-11,33.0
11.4,14.721443,2025-02-12,33.0
8.852,12.42591,2025-02-13,33.0
8.528,9.071429,2025-02-14,33.0
22.4,9.719929,2025-02-15,33.0
32.608,11.117357,2025-02-16,33.0
39.132,11.540146,2025-02-17,33.0
46.3,15.902726,2025-02-18,33.0
13.568,18.511765,2025-02-19,33.0
28.08,24.94399,2025-02-20,33.0
32.032,23.625547,2025-02-21,33.0
25.8,20.031284,2025-02-22,33.0
25.552,21.04939,2025-02-23,33.0
39.068,23.562998,2025-02-24,33.0
41.308,23.98342,2025-02-25,33.0
24.424,25.797659,2025-02-26,33.0
33.536,28.75202,2025-02-27,33.0
18.6,26.634499,2025-02-28,33.0
28.312,28.156488,2025-03-01,33.0
26.76,24.054407,2025-03-02,33.0
24.248,21.951408,2025-03-03,33.0
46.092,23.926668,2025-03-04,33.0
20.92,24.495022,2025-03-05,33.0
5.928,23.642084,2025-03-06,33.0
5.62,27.541794,2025-03-07,33.0
5.68,23.610638,2025-03-08,33.0
43.548,19.788141,2025-03-09,33.0
19.852,20.477907,2025-03-10,33.0
14.88,19.24032,2025-03-11,33.0
26.96,21.806469,2025-03-12,33.0
16.34,18.689806,2025-03-13,33.0
16.84,19.420313,2025-03-14,33.0
23.8,16.516775,2025-03-15,33.0
13.728,16.068796,2025-03-16,33.0
20.411,15.834284,2025-03-17,33.0
13.948,19.144712,2025-03-18,33.0
16.811,19.810253,2025-03-19,33.0
18.06,19.639046,2025-03-20,33.0
29.688,18.912987,2025-03-21,33.0
27.024,18.343632,2025-03-22,33.0
30.468,18.367117,2025-03-23,33.0
16.46,19.861055,2025-03-24,33.0
10.76,19.380686,2025-03-25,33.0
9.568,22.361683,2025-03-26,33.0
14.9428,21.119274,2025-03-27,33.0
21.2,18.574762,2025-03-28,33.0
11.008,16.89124,2025-03-29,33.0
7.272,16.474314,2025-03-30,33.0
8.056,15.160124,2025-03-31,33.0
8.092,13.216575,2025-04-01,33.0
8.028,11.870351,2025-04-02,33.0
19.812,10.489653,2025-04-03,33.0
12.11,10.030642,2025-04-04,33.0
7.748,10.164474,2025-04-05,33.0
11.211,11.151255,2025-04-06,33.0
16.26,9.831633,2025-04-07,33.0
7.42,8.591716,2025-04-08,33.0
19.36,10.225683,2025-04-09,33.0
6.588,10.627955,2025-04-10,33.0
24.224,9.859306,2025-04-11,33.0
8.428,10.559978,2025-04-12,33.0
7.532,11.125492,2025-04-13,33.0
13.228,12.923197,2025-04-14,33.0
16.25,10.293478,2025-04-15,33.0
19.368,11.121881,2025-04-16,33.0
18.312,11.844934,2025-04-17,33.0
12.028,13.714368,2025-04-18,33.0
10.511,10.263988,2025-04-19,33.0
16.0,13.3643875,2025-04-20,33.0
9.92,11.289705,2025-04-21,33.0
14.136,11.040215,2025-04-22,33.0
17.48,13.17959,2025-04-23,33.0
10.36,13.214967,2025-04-24,33.0
11.352,12.961609,2025-04-25,33.0
7.352,12.148354,2025-04-26,33.0
17.258,12.542673,2025-04-27,33.0
8.692,9.498396,2025-04-28,33.0
17.468,11.655569,2025-04-29,33.0
9.588,12.338999,2025-04-30,33.0
10.264,13.616309,2025-05-01,33.0
14.888,11.7215,2025-05-02,33.0
31.92,8.853754,2025-05-03,33.0
11.711,10.861637,2025-05-04,33.0
10.012,11.591403,2025-05-05,33.0
10.72,14.410404,2025-05-06,33.0
12.1428,11.460508,2025-05-07,33.0
13.08,14.013121,2025-05-08,33.0
35.812,11.8458,2025-05-09,33.0
35.372,11.497827,2025-05-10,33.0
28.258,13.348152,2025-05-11,33.0
28.944,20.558863,2025-05-12,33.0
9.376,17.242407,2025-05-13,33.0
25.652,18.737309,2025-05-14,33.0
25.08,17.760427,2025-05-15,33.0
27.932,16.396873,2025-05-16,33.0
45.388,15.697417,2025-05-17,33.0
35.508,19.249928,2025-05-18,33.0
30.992,24.775011,2025-05-19,33.0
41.0,22.2034,2025-05-20,33.0
41.608,29.170374,2025-05-21,33.0
14.12,25.54656,2025-05-22,33.0
14.772,30.444132,2025-05-23,33.0
14.26,24.969248,2025-05-24,33.0
14.96,21.66324,2025-05-25,33.0
10.672,23.652248,2025-05-26,33.0
14.68,19.680838,2025-05-27,33.0
10.188,18.22207,2025-05-28,33.0
16.788,17.53031,2025-05-29,33.0
10.1828,18.954683,2025-05-30,33.0
11.496,13.792646,2025-05-31,33.0
6.832,12.724951,2025-06-01,33.0
11.072,10.806854,2025-06-02,33.0
10.696,10.375875,2025-06-03,33.0
18.232,10.096512,2025-06-04,33.0
9.832,10.617956,2025-06-05,33.0
12.936,10.2565565,2025-06-06,33.0
8.552,10.234577,2025-06-07,33.0
6.56,8.823238,2025-06-08,33.0
10.912,10.662612,2025-06-09,33.0
16.136,7.981924,2025-06-10,33.0
19.872,10.883691,2025-06-11,33.0
18.25,12.090614,2025-06-12,33.0
8.08,14.88681,2025-06-13,33.0
10.66,11.057812,2025-06-14,33.0
7.711,10.534826,2025-06-15,33.0
6.5,10.04334,2025-06-16,33.0
6.296,8.946007,2024-09-18,34.0
26.352,9.671488,2024-09-19,34.0
12.288,8.175695,2024-09-20,34.0
22.311,9.565687,2024-09-21,34.0
23.088,11.961433,2024-09-22,34.0
10.732,10.692299,2024-09-23,34.0
5.56,11.908883,2024-09-24,34.0
13.988,14.24889,2024-09-25,34.0
25.272,14.235255,2024-09-26,34.0
19.032,12.676855,2024-09-27,34.0
11.668,15.125636,2024-09-28,34.0
18.988,14.843687,2024-09-29,34.0
14.012,13.298776,2024-09-30,34.0
17.252,13.811281,2024-10-01,34.0
10.648,14.755326,2024-10-02,34.0
23.288,17.674355,2024-10-03,34.0
17.772,16.805655,2024-10-04,34.0
12.388,15.641158,2024-10-05,34.0
14.5028,18.854918,2024-10-06,34.0
17.608,15.534823,2024-10-07,34.0
13.3,13.978041,2024-10-08,34.0
11.892,14.624011,2024-10-09,34.0
24.88,17.959976,2024-10-10,34.0
17.84,14.274035,2024-10-11,34.0
10.64,14.674181,2024-10-12,34.0
19.456,18.430323,2024-10-13,34.0
18.56,15.543292,2024-10-14,34.0
11.592,14.241429,2024-10-15,34.0
17.028,15.6788025,2024-10-16,34.0
23.12,15.928886,2024-10-17,34.0
10.62,14.641369,2024-10-18,34.0
13.292,17.099821,2024-10-19,34.0
12.296,17.971807,2024-10-20,34.0
19.992,13.592737,2024-10-21,34.0
19.792,13.570141,2024-10-22,34.0
19.868,14.633434,2024-10-23,34.0
11.628,16.628122,2024-10-24,34.0
19.0,16.815882,2024-10-25,34.0
10.76,16.113913,2024-10-26,34.0
18.944,15.164176,2024-10-27,34.0
13.768,14.692653,2024-10-28,34.0
17.66,12.661636,2024-10-29,34.0
16.528,15.188269,2024-10-30,34.0
21.928,15.767636,2024-10-31,34.0
17.1,14.566523,2024-11-01,34.0
6.26,16.498089,2024-11-02,34.0
18.36,18.337423,2024-11-03,34.0
20.9,16.484339,2024-11-04,34.0
9.728,17.343523,2024-11-05,34.0
5.472,17.697226,2024-11-06,34.0
24.8,19.378824,2024-11-07,34.0
19.328,14.367744,2024-11-08,34.0
8.392,15.672921,2024-11-09,34.0
18.032,18.455673,2024-11-10,34.0
12.376,14.843157,2024-11-11,34.0
18.772,13.171366,2024-11-12,34.0
16.332,19.300116,2024-11-13,34.0
21.168,19.619432,2024-11-14,34.0
14.528,16.668888,2024-11-15,34.0
5.74,18.344866,2024-11-16,34.0
11.0,20.43176,2024-11-17,34.0
20.288,14.893745,2024-11-18,34.0
10.5028,12.370285,2024-11-19,34.0
23.128,14.2682905,2024-11-20,34.0
18.74,14.956017,2024-11-21,34.0
16.92,17.208588,2024-11-22,34.0
6.7973332,15.975918,2024-11-23,34.0
17.130667,16.596575,2024-11-24,34.0
17.854666,13.179651,2024-11-25,34.0
13.325666,11.541751,2024-11-26,34.0
14.977333,19.367397,2024-11-27,34.0
21.662,16.775969,2024-11-28,34.0
16.972,15.804525,2024-11-29,34.0
17.1028,16.289824,2024-11-30,34.0
20.292,18.70577,2024-12-01,34.0
6.828,16.497545,2024-12-02,34.0
12.528,17.373932,2024-12-03,34.0
11.98,19.860771,2024-12-04,34.0
13.25,17.72606,2024-12-05,34.0
4.78,13.6082945,2024-12-06,34.0
30.14,15.700578,2024-12-07,34.0
5.3,13.261859,2024-12-08,34.0
17.96,12.763233,2024-12-09,34.0
10.188,15.435988,2024-12-10,34.0
22.2528,17.521536,2024-12-11,34.0
37.0,18.78474,2024-12-12,34.0
21.868,15.440291,2024-12-13,34.0
22.908,17.380741,2024-12-14,34.0
7.092,17.238857,2024-12-15,34.0
11.092,25.750841,2024-12-16,34.0
28.8,20.789846,2024-12-17,34.0
10.72,22.631174,2024-12-18,34.0
24.788,23.907412,2024-12-19,34.0
23.66,24.081854,2024-12-20,34.0
14.792,17.661081,2024-12-21,34.0
11.608,23.935387,2024-12-22,34.0
25.248,21.094175,2024-12-23,34.0
9.632,19.982164,2024-12-24,34.0
6.78,23.84277,2024-12-25,34.0
36.668,28.20128,2024-12-26,34.0
25.792,16.380838,2024-12-27,34.0
8.102,17.086628,2024-12-28,34.0
16.788,21.22455,2024-12-29,34.0
16.92,17.68949,2024-12-30,34.0
26.14,17.364851,2024-12-31,34.0
16.688,28.47747,2025-01-01,34.0
21.32,22.85556,2025-01-02,34.0
13.912,22.29716,2025-01-03,34.0
27.26,20.765156,2025-01-04,34.0
8.96,21.672617,2025-01-05,34.0
24.06,18.576677,2025-01-06,34.0
10.44,20.24219,2025-01-07,34.0
6.14,19.764425,2025-01-08,34.0
37.7,21.284447,2025-01-09,34.0
18.328,18.042625,2025-01-10,34.0
20.88,18.132978,2025-01-11,34.0
21.1428,21.950804,2025-01-12,34.0
22.068,22.78338,2025-01-13,34.0
6.468,19.847883,2025-01-14,34.0
10.464,26.161987,2025-01-15,34.0
39.336,21.017223,2025-01-16,34.0
4.432,19.311636,2025-01-17,34.0
14.768,23.20807,2025-01-18,34.0
25.424,25.100533,2025-01-19,34.0
13.868,20.726742,2025-01-20,34.0
7.708,19.160852,2025-01-21,34.0
25.652,25.70722,2025-01-22,34.0
23.292,21.684288,2025-01-23,34.0
6.656,17.107569,2025-01-24,34.0
16.9828,22.530046,2025-01-25,34.0
21.088,18.175303,2025-01-26,34.0
13.102,17.810833,2025-01-27,34.0
9.776,20.423208,2025-01-28,34.0
11.32,21.767511,2025-01-29,34.0
21.52,20.30122,2025-01-30,34.0
21.104,21.24436,2025-01-31,34.0
12.588,16.715752,2025-02-01,34.0
10.02,19.073442,2025-02-02,34.0
10.42,16.410727,2025-02-03,34.0
16.428,16.133026,2025-02-04,34.0
18.028,15.80208,2025-02-05,34.0
17.652,18.921087,2025-02-06,34.0
22.732,18.445122,2025-02-07,34.0
7.028,17.675198,2025-02-08,34.0
12.36,17.735529,2025-02-09,34.0
16.612,17.470356,2025-02-10,34.0
10.72,14.661694,2025-02-11,34.0
14.136,18.387676,2025-02-12,34.0
26.424,17.309872,2025-02-13,34.0
24.016,14.376231,2025-02-14,34.0
10.984,14.480257,2025-02-15,34.0
14.028,18.417849,2025-02-16,34.0
11.048,18.696764,2025-02-17,34.0
7.48,18.394556,2025-02-18,34.0
14.82,17.93162,2025-02-19,34.0
17.772,19.401615,2025-02-20,34.0
20.168,17.39011,2025-02-21,34.0
11.768,18.268265,2025-02-22,34.0
5.392,18.77614,2025-02-23,34.0
18.28,15.234942,2025-02-24,34.0
14.62,14.918107,2025-02-25,34.0
10.708,16.659655,2025-02-26,34.0
36.784,18.23847,2025-02-27,34.0
3.028,16.359713,2025-02-28,34.0
11.068,16.758144,2025-03-01,34.0
4.28,15.077135,2025-03-02,34.0
14.82,13.180158,2025-03-03,34.0
13.608,14.644806,2025-03-04,34.0
16.832,14.363272,2025-03-05,34.0
18.46,14.533716,2025-03-06,34.0
6.108,17.818762,2025-03-07,34.0
9.072,19.311987,2025-03-08,34.0
16.08,15.258551,2025-03-09,34.0
16.32,14.333164,2025-03-10,34.0
4.632,14.296348,2025-03-11,34.0
19.696,15.755571,2025-03-12,34.0
9.792,12.075025,2025-03-13,34.0
10.66,14.30319,2025-03-14,34.0
9.258,14.428152,2025-03-15,34.0
12.96,12.732077,2025-03-16,34.0
10.132,10.609482,2025-03-17,34.0
5.692,10.775646,2025-03-18,34.0
16.828,15.695291,2025-03-19,34.0
23.028,14.032864,2025-03-20,34.0
12.172,15.038869,2025-03-21,34.0
13.732,15.627424,2025-03-22,34.0
10.168,13.780912,2025-03-23,34.0
8.968,12.926582,2025-03-24,34.0
20.2228,14.898733,2025-03-25,34.0
13.8,16.571772,2025-03-26,34.0
13.016,17.35817,2025-03-27,34.0
18.692,17.558655,2025-03-28,34.0
18.3,17.434258,2025-03-29,34.0
6.432,14.621535,2025-03-30,34.0
16.608,13.552544,2025-03-31,34.0
8.768,13.119239,2025-04-01,34.0
13.312,13.64875,2025-04-02,34.0
11.688,14.307213,2025-04-03,34.0
21.532,14.081615,2025-04-04,34.0
8.172,13.091278,2025-04-05,34.0
18.0,13.076838,2025-04-06,34.0
16.208,12.632923,2025-04-07,34.0
10.26,12.454765,2025-04-08,34.0
7.411,16.290232,2025-04-09,34.0
24.928,15.018007,2025-04-10,34.0
17.25,13.712538,2025-04-11,34.0
12.292,12.686196,2025-04-12,34.0
8.868,16.79482,2025-04-13,34.0
23.211,13.858185,2025-04-14,34.0
25.228,13.601362,2025-04-15,34.0
7.028,14.609342,2025-04-16,34.0
22.96,16.09383,2025-04-17,34.0
18.192,13.515213,2025-04-18,34.0
4.12,12.607557,2025-04-19,34.0
10.008,16.344616,2025-04-20,34.0
11.664,12.294463,2025-04-21,34.0
10.828,12.045965,2025-04-22,34.0
10.88,15.401819,2025-04-23,34.0
11.892,18.058327,2025-04-24,34.0
17.72,13.428012,2025-04-25,34.0
10.688,12.148855,2025-04-26,34.0
18.5,13.865669,2025-04-27,34.0
10.892,10.473593,2025-04-28,34.0
13.928,12.407555,2025-04-29,34.0
10.112,15.994794,2025-04-30,34.0
20.368,15.653877,2025-05-01,34.0
17.3,12.745895,2025-05-02,34.0
9.5,11.004931,2025-05-03,34.0
17.592,16.003036,2025-05-04,34.0
10.708,10.119115,2025-05-05,34.0
19.052,11.461008,2025-05-06,34.0
16.668,13.61853,2025-05-07,34.0
18.908,16.13796,2025-05-08,34.0
9.232,13.513384,2025-05-09,34.0
10.76,15.462641,2025-05-10,34.0
16.512,15.302628,2025-05-11,34.0
14.88,11.455487,2025-05-12,34.0
16.536,12.639233,2025-05-13,34.0
9.12,12.82514,2025-05-14,34.0
28.2628,15.40403,2025-05-15,34.0
16.448,13.62933,2025-05-16,34.0
13.0,14.000293,2025-05-17,34.0
22.14,14.891489,2025-05-18,34.0
14.572,12.837637,2025-05-19,34.0
12.12,12.014972,2025-05-20,34.0
10.828,16.43425,2025-05-21,34.0
17.028,15.808531,2025-05-22,34.0
10.8,12.957641,2025-05-23,34.0
18.552,12.892601,2025-05-24,34.0
11.42,13.399057,2025-05-25,34.0
14.532,12.629969,2025-05-26,34.0
14.656,13.313711,2025-05-27,34.0
16.1828,15.952633,2025-05-28,34.0
24.228,14.613262,2025-05-29,34.0
12.308,12.913922,2025-05-30,34.0
14.311,13.555803,2025-05-31,34.0
8.888,13.32674,2025-06-01,34.0
13.972,11.152367,2025-06-02,34.0
12.811,10.734255,2025-06-03,34.0
17.968,13.404589,2025-06-04,34.0
22.088,12.935839,2025-06-05,34.0
12.12,12.529735,2025-06-06,34.0
12.76,14.622311,2025-06-07,34.0
17.432,13.332369,2025-06-08,34.0
11.192,12.959408,2025-06-09,34.0
13.96,11.589034,2025-06-10,34.0
14.328,17.113047,2025-06-11,34.0
17.048,15.520258,2025-06-12,34.0
11.432,14.915881,2025-06-13,34.0
10.98,12.444083,2025-06-14,34.0
4.948,12.413224,2025-06-15,34.0
14.582,11.190951,2025-06-16,34.0
27.128,32.526695,2024-09-18,35.0
29.5428,29.367487,2024-09-19,35.0
23.28,24.2874,2024-09-20,35.0
70.8,27.916914,2024-09-21,35.0
33.656,24.523684,2024-09-22,35.0
11.52,30.538416,2024-09-23,35.0
26.872,39.356644,2024-09-24,35.0
18.14,32.772705,2024-09-25,35.0
52.052,28.36537,2024-09-26,35.0
48.668,28.2325,2024-09-27,35.0
39.36,26.991373,2024-09-28,35.0
41.88,30.22583,2024-09-29,35.0
23.0,38.204323,2024-09-30,35.0
18.708,33.08332,2024-10-01,35.0
28.24,30.831263,2024-10-02,35.0
17.2,32.530926,2024-10-03,35.0
24.992,25.775461,2024-10-04,35.0
23.832,24.757883,2024-10-05,35.0
47.64,24.665731,2024-10-06,35.0
19.328,24.621485,2024-10-07,35.0
10.64,26.363785,2024-10-08,35.0
21.46,27.869604,2024-10-09,35.0
16.92,20.731073,2024-10-10,35.0
23.132,18.868694,2024-10-11,35.0
10.388,17.189781,2024-10-12,35.0
16.988,18.615377,2024-10-13,35.0
16.7028,17.369162,2024-10-14,35.0
22.52,17.008541,2024-10-15,35.0
26.176,16.674128,2024-10-16,35.0
18.3028,15.912769,2024-10-17,35.0
17.808,18.857185,2024-10-18,35.0
8.848,16.120737,2024-10-19,35.0
32.192,16.46595,2024-10-20,35.0
31.552,14.055538,2024-10-21,35.0
35.748,14.733557,2024-10-22,35.0
20.172,18.416117,2024-10-23,35.0
10.256,23.923994,2024-10-24,35.0
6.392,24.397512,2024-10-25,35.0
24.74,18.85306,2024-10-26,35.0
12.811,17.441965,2024-10-27,35.0
22.528,15.270469,2024-10-28,35.0
28.568,15.4489765,2024-10-29,35.0
24.428,16.28137,2024-10-30,35.0
18.852,19.512953,2024-10-31,35.0
17.32,18.880655,2024-11-01,35.0
41.72,20.111721,2024-11-02,35.0
10.38,18.913198,2024-11-03,35.0
32.86,24.681808,2024-11-04,35.0
9.76,23.959845,2024-11-05,35.0
18.412,21.112017,2024-11-06,35.0
31.388,22.246248,2024-11-07,35.0
9.788,19.169409,2024-11-08,35.0
31.96,19.468395,2024-11-09,35.0
17.732,18.499344,2024-11-10,35.0
27.868,24.282358,2024-11-11,35.0
35.72,19.591417,2024-11-12,35.0
12.112,24.068508,2024-11-13,35.0
24.952,22.979849,2024-11-14,35.0
16.748,21.503265,2024-11-15,35.0
25.548,19.91766,2024-11-16,35.0
5.952,20.23075,2024-11-17,35.0
28.7,22.6523,2024-11-18,35.0
3.428,17.55837,2024-11-19,35.0
11.282,18.47517,2024-11-20,35.0
25.064,23.072136,2024-11-21,35.0
14.618667,16.762789,2024-11-22,35.0
33.076,18.403841,2024-11-23,35.0
10.688,17.130266,2024-11-24,35.0
33.809334,20.44435,2024-11-25,35.0
16.302668,16.005447,2024-11-26,35.0
10.254666,21.082714,2024-11-27,35.0
25.008,21.540121,2024-11-28,35.0
11.683333,16.158457,2024-11-29,35.0
27.7492,15.553785,2024-11-30,35.0
27.388,16.38614,2024-12-01,35.0
41.6,22.436836,2024-12-02,35.0
23.5028,18.067818,2024-12-03,35.0
39.968,24.847555,2024-12-04,35.0
11.288,27.18902,2024-12-05,35.0
49.472,20.864641,2024-12-06,35.0
29.048,24.312174,2024-12-07,35.0
31.624,22.108953,2024-12-08,35.0
38.768,25.179087,2024-12-09,35.0
39.08,24.410633,2024-12-10,35.0
49.98,29.523561,2024-12-11,35.0
10.22,30.1539,2024-12-12,35.0
26.68,32.336136,2024-12-13,35.0
19.528,25.873707,2024-12-14,35.0
43.92,25.118376,2024-12-15,35.0
46.932,29.437048,2024-12-16,35.0
41.296,25.848772,2024-12-17,35.0
37.892,32.527344,2024-12-18,35.0
23.572,37.183228,2024-12-19,35.0
25.64,38.113937,2024-12-20,35.0
28.52,26.091105,2024-12-21,35.0
55.488,34.33687,2024-12-22,35.0
13.94,28.853506,2024-12-23,35.0
2.62,34.30285,2024-12-24,35.0
4.728,39.782387,2024-12-25,35.0
55.5428,26.187756,2024-12-26,35.0
41.32,19.896814,2024-12-27,35.0
27.576,21.224327,2024-12-28,35.0
25.492,28.73192,2024-12-29,35.0
52.252,25.699797,2024-12-30,35.0
43.736,29.394617,2024-12-31,35.0
39.56,31.742426,2025-01-01,35.0
39.104,29.421894,2025-01-02,35.0
19.056,30.959236,2025-01-03,35.0
38.584,31.61347,2025-01-04,35.0
39.36,31.536093,2025-01-05,35.0
46.68,27.169409,2025-01-06,35.0
41.256,27.65724,2025-01-07,35.0
44.052,31.697973,2025-01-08,35.0
20.82,34.274666,2025-01-09,35.0
26.56,35.532642,2025-01-10,35.0
38.11,34.0192,2025-01-11,35.0
22.848,29.831858,2025-01-12,35.0
19.872,33.19761,2025-01-13,35.0
27.432,30.816063,2025-01-14,35.0
37.48,31.847868,2025-01-15,35.0
13.968,26.873709,2025-01-16,35.0
14.84,27.153233,2025-01-17,35.0
27.98,26.794458,2025-01-18,35.0
30.411,26.046453,2025-01-19,35.0
37.616,28.511662,2025-01-20,35.0
10.512,22.32858,2025-01-21,35.0
19.66,28.408258,2025-01-22,35.0
3.788,26.29712,2025-01-23,35.0
37.292,23.612482,2025-01-24,35.0
61.828,22.484337,2025-01-25,35.0
22.832,20.370451,2025-01-26,35.0
41.112,25.642748,2025-01-27,35.0
32.28,30.381731,2025-01-28,35.0
33.548,30.695026,2025-01-29,35.0
28.372,29.611696,2025-01-30,35.0
9.528,33.074417,2025-01-31,35.0
44.488,28.102411,2025-02-01,35.0
9.072,30.905891,2025-02-02,35.0
36.112,27.988375,2025-02-03,35.0
46.216,26.17275,2025-02-04,35.0
18.5428,26.149029,2025-02-05,35.0
18.258,30.500723,2025-02-06,35.0
37.36,31.145424,2025-02-07,35.0
22.092,28.754045,2025-02-08,35.0
31.168,23.91945,2025-02-09,35.0
4.368,29.83829,2025-02-10,35.0
25.972,24.200281,2025-02-11,35.0
43.64,25.643139,2025-02-12,35.0
20.092,24.627785,2025-02-13,35.0
37.568,24.496342,2025-02-14,35.0
10.128,25.644712,2025-02-15,35.0
2.54,24.60557,2025-02-16,35.0
17.48,25.349607,2025-02-17,35.0
16.768,21.356138,2025-02-18,35.0
29.4628,17.025375,2025-02-19,35.0
29.528,21.454697,2025-02-20,35.0
31.608,21.999184,2025-02-21,35.0
26.092,20.935163,2025-02-22,35.0
19.852,23.707945,2025-02-23,35.0
33.496,22.88066,2025-02-24,35.0
14.9828,21.672274,2025-02-25,35.0
49.688,24.014536,2025-02-26,35.0
29.728,23.866446,2025-02-27,35.0
3.052,23.433542,2025-02-28,35.0
28.692,26.906801,2025-03-01,35.0
49.496,21.602514,2025-03-02,35.0
22.432,20.956957,2025-03-03,35.0
23.08,23.911657,2025-03-04,35.0
16.62,29.137197,2025-03-05,35.0
33.772,22.478237,2025-03-06,35.0
26.948,26.975525,2025-03-07,35.0
7.82,24.357698,2025-03-08,35.0
29.98,24.518429,2025-03-09,35.0
23.788,26.744108,2025-03-10,35.0
25.9028,24.990932,2025-03-11,35.0
16.576,23.410032,2025-03-12,35.0
16.272,20.553759,2025-03-13,35.0
16.472,23.316397,2025-03-14,35.0
19.748,20.32791,2025-03-15,35.0
19.868,20.350367,2025-03-16,35.0
6.112,18.756033,2025-03-17,35.0
20.288,18.813974,2025-03-18,35.0
12.292,21.40668,2025-03-19,35.0
5.24,20.941992,2025-03-20,35.0
30.108,18.611326,2025-03-21,35.0
46.464,17.552397,2025-03-22,35.0
21.28,16.70306,2025-03-23,35.0
17.576,20.686485,2025-03-24,35.0
11.572,21.79278,2025-03-25,35.0
33.668,21.78798,2025-03-26,35.0
27.36,22.431116,2025-03-27,35.0
17.252,23.771534,2025-03-28,35.0
21.92,22.752369,2025-03-29,35.0
10.548,21.906425,2025-03-30,35.0
11.1828,21.379755,2025-03-31,35.0
20.12,20.119417,2025-04-01,35.0
17.336,18.22721,2025-04-02,35.0
17.56,17.09401,2025-04-03,35.0
12.411,20.372028,2025-04-04,35.0
14.26,18.68076,2025-04-05,35.0
21.5,16.303404,2025-04-06,35.0
11.46,16.151785,2025-04-07,35.0
12.608,15.328825,2025-04-08,35.0
17.612,14.884217,2025-04-09,35.0
18.02,14.079063,2025-04-10,35.0
10.5,15.078963,2025-04-11,35.0
18.02,14.904467,2025-04-12,35.0
7.8,14.947631,2025-04-13,35.0
24.4,16.42179,2025-04-14,35.0
10.032,16.088825,2025-04-15,35.0
24.056,15.152637,2025-04-16,35.0
18.12,16.71373,2025-04-17,35.0
10.52,14.764941,2025-04-18,35.0
12.8628,13.365307,2025-04-19,35.0
25.376,13.895144,2025-04-20,35.0
10.211,14.348677,2025-04-21,35.0
19.748,13.699063,2025-04-22,35.0
13.612,18.31848,2025-04-23,35.0
14.42,16.902205,2025-04-24,35.0
20.608,16.843756,2025-04-25,35.0
17.36,14.1198845,2025-04-26,35.0
24.228,15.169117,2025-04-27,35.0
27.944,14.382338,2025-04-28,35.0
21.068,18.37689,2025-04-29,35.0
25.668,21.42742,2025-04-30,35.0
43.8228,25.379969,2025-05-01,35.0
32.656,21.487463,2025-05-02,35.0
27.1428,21.885143,2025-05-03,35.0
22.228,26.342005,2025-05-04,35.0
22.88,24.099382,2025-05-05,35.0
30.62,23.647985,2025-05-06,35.0
45.968,24.668692,2025-05-07,35.0
31.744,26.22089,2025-05-08,35.0
18.988,26.273853,2025-05-09,35.0
71.892,28.050146,2025-05-10,35.0
57.28,30.652887,2025-05-11,35.0
66.016,33.16925,2025-05-12,35.0
36.411,40.94017,2025-05-13,35.0
18.8,45.60237,2025-05-14,35.0
13.36,50.192398,2025-05-15,35.0
33.492,41.43122,2025-05-16,35.0
24.468,31.921474,2025-05-17,35.0
35.868,25.551243,2025-05-18,35.0
38.672,37.452835,2025-05-19,35.0
22.5,27.605074,2025-05-20,35.0
48.788,35.448,2025-05-21,35.0
4.28,31.450785,2025-05-22,35.0
4.6,29.883507,2025-05-23,35.0
4.6,24.76626,2025-05-24,35.0
25.692,22.406965,2025-05-25,35.0
41.948,18.151094,2025-05-26,35.0
62.6228,17.066004,2025-05-27,35.0
28.456,21.590307,2025-05-28,35.0
7.12,25.786552,2025-05-29,35.0
56.744,36.017597,2025-05-30,35.0
66.088,26.961779,2025-05-31,35.0
28.2,27.649122,2025-06-01,35.0
46.5,35.756657,2025-06-02,35.0
45.18,36.75719,2025-06-03,35.0
38.6,36.50525,2025-06-04,35.0
47.592,45.589195,2025-06-05,35.0
29.456,36.945076,2025-06-06,35.0
28.852,29.122143,2025-06-07,35.0
36.88,39.576515,2025-06-08,35.0
43.12,37.02176,2025-06-09,35.0
33.3,24.985077,2025-06-10,35.0
45.42,36.83428,2025-06-11,35.0
25.588,39.611313,2025-06-12,35.0
25.3028,34.73362,2025-06-13,35.0
25.936,32.637684,2025-06-14,35.0
16.88,28.203651,2025-06-15,35.0
44.81,25.917444,2025-06-16,35.0
12.1,11.197999,2024-09-18,36.0
11.12,9.34047,2024-09-19,36.0
12.01,9.649723,2024-09-20,36.0
13.89,9.357045,2024-09-21,36.0
17.1,8.576075,2024-09-22,36.0
5.45,9.509482,2024-09-23,36.0
5.72,10.783967,2024-09-24,36.0
8.128,10.916332,2024-09-25,36.0
27.36,9.760628,2024-09-26,36.0
14.05,9.442913,2024-09-27,36.0
13.52,9.924138,2024-09-28,36.0
16.0,12.297312,2024-09-29,36.0
14.32,11.303661,2024-09-30,36.0
13.532,12.395206,2024-10-01,36.0
9.856,12.719056,2024-10-02,36.0
27.292,14.653273,2024-10-03,36.0
13.372,13.251493,2024-10-04,36.0
12.496,13.466326,2024-10-05,36.0
16.7028,15.811489,2024-10-06,36.0
12.448,14.124283,2024-10-07,36.0
17.592,14.407623,2024-10-08,36.0
23.2,15.1356945,2024-10-09,36.0
23.948,14.310817,2024-10-10,36.0
20.132,12.676974,2024-10-11,36.0
12.4,14.739651,2024-10-12,36.0
17.416,16.154945,2024-10-13,36.0
13.952,15.881781,2024-10-14,36.0
17.168,14.292019,2024-10-15,36.0
14.992,14.361339,2024-10-16,36.0
9.192,14.777029,2024-10-17,36.0
10.848,14.739599,2024-10-18,36.0
17.92,13.135727,2024-10-19,36.0
17.128,12.385918,2024-10-20,36.0
13.384,12.618216,2024-10-21,36.0
9.376,13.334119,2024-10-22,36.0
8.452,12.855477,2024-10-23,36.0
20.76,13.601612,2024-10-24,36.0
9.211,12.071979,2024-10-25,36.0
8.948,11.234499,2024-10-26,36.0
16.092,11.639083,2024-10-27,36.0
10.688,10.716121,2024-10-28,36.0
9.46,9.654422,2024-10-29,36.0
21.908,11.799522,2024-10-30,36.0
22.912,11.699765,2024-10-31,36.0
12.048,12.54064,2024-11-01,36.0
20.2228,14.870691,2024-11-02,36.0
8.056,15.066511,2024-11-03,36.0
10.211,16.521318,2024-11-04,36.0
12.3,16.789545,2024-11-05,36.0
13.02,14.660682,2024-11-06,36.0
20.18,14.151836,2024-11-07,36.0
12.2,13.314802,2024-11-08,36.0
8.24,13.799517,2024-11-09,36.0
12.6,13.719357,2024-11-10,36.0
8.828,14.042658,2024-11-11,36.0
14.36,11.670792,2024-11-12,36.0
26.768,12.763589,2024-11-13,36.0
10.76,13.153295,2024-11-14,36.0
10.612,13.325214,2024-11-15,36.0
8.98,13.557785,2024-11-16,36.0
19.102,13.501408,2024-11-17,36.0
10.816,11.454358,2024-11-18,36.0
19.064,11.190727,2024-11-19,36.0
25.0,12.4496155,2024-11-20,36.0
12.92,12.073879,2024-11-21,36.0
41.016,16.671549,2024-11-22,36.0
12.784481,15.535768,2024-11-23,36.0
16.713259,16.131899,2024-11-24,36.0
10.9771,19.63651,2024-11-25,36.0
13.745721,15.625274,2024-11-26,36.0
16.676102,15.720873,2024-11-27,36.0
11.105717,15.223635,2024-11-28,36.0
11.320729,15.240349,2024-11-29,36.0
17.44,11.615263,2024-11-30,36.0
35.6,16.022917,2024-12-01,36.0
18.532,16.47801,2024-12-02,36.0
18.2,16.232183,2024-12-03,36.0
32.828,19.74079,2024-12-04,36.0
25.424,19.687956,2024-12-05,36.0
18.976,17.195314,2024-12-06,36.0
18.744,18.357763,2024-12-07,36.0
28.28,18.18817,2024-12-08,36.0
11.76,16.650599,2024-12-09,36.0
18.48,19.365774,2024-12-10,36.0
32.128,21.155043,2024-12-11,36.0
25.102,19.222637,2024-12-12,36.0
19.448,20.717852,2024-12-13,36.0
13.7,22.773558,2024-12-14,36.0
27.532,20.64649,2024-12-15,36.0
17.12,23.981802,2024-12-16,36.0
18.548,22.057531,2024-12-17,36.0
29.988,23.50891,2024-12-18,36.0
20.652,23.49512,2024-12-19,36.0
19.028,25.496506,2024-12-20,36.0
20.34,19.84142,2024-12-21,36.0
26.72,25.26079,2024-12-22,36.0
19.1,21.542953,2024-12-23,36.0
17.572,25.063921,2024-12-24,36.0
37.688,27.90146,2024-12-25,36.0
37.1,23.586843,2024-12-26,36.0
16.28,21.22585,2024-12-27,36.0
19.528,21.37075,2024-12-28,36.0
21.56,21.505438,2024-12-29,36.0
19.248,20.096567,2024-12-30,36.0
18.704,22.776651,2024-12-31,36.0
27.72,27.609922,2025-01-01,36.0
18.28,21.908995,2025-01-02,36.0
17.228,23.268219,2025-01-03,36.0
26.24,21.049925,2025-01-04,36.0
21.708,20.914732,2025-01-05,36.0
17.068,20.203382,2025-01-06,36.0
19.424,20.121723,2025-01-07,36.0
33.616,19.341188,2025-01-08,36.0
21.512,17.539097,2025-01-09,36.0
26.94,20.498524,2025-01-10,36.0
11.828,20.306944,2025-01-11,36.0
36.532,20.716707,2025-01-12,36.0
18.548,22.034296,2025-01-13,36.0
13.311,22.322271,2025-01-14,36.0
30.968,26.275635,2025-01-15,36.0
30.192,21.882725,2025-01-16,36.0
16.76,21.908274,2025-01-17,36.0
18.632,23.789364,2025-01-18,36.0
25.32,26.575878,2025-01-19,36.0
18.012,23.733944,2025-01-20,36.0
17.512,20.300695,2025-01-21,36.0
33.632,24.161894,2025-01-22,36.0
23.088,21.414991,2025-01-23,36.0
17.488,20.438679,2025-01-24,36.0
11.5028,23.030603,2025-01-25,36.0
23.828,21.411797,2025-01-26,36.0
18.1,20.190313,2025-01-27,36.0
24.848,21.262838,2025-01-28,36.0
24.76,21.883604,2025-01-29,36.0
17.772,21.20667,2025-01-30,36.0
16.78,24.060444,2025-01-31,36.0
13.46,21.260979,2025-02-01,36.0
24.268,22.385504,2025-02-02,36.0
21.792,18.571157,2025-02-03,36.0
11.648,20.097448,2025-02-04,36.0
26.84,21.17029,2025-02-05,36.0
22.028,22.11059,2025-02-06,36.0
20.12,20.541128,2025-02-07,36.0
11.1828,20.881985,2025-02-08,36.0
24.92,18.50857,2025-02-09,36.0
16.708,17.893177,2025-02-10,36.0
24.2,18.041674,2025-02-11,36.0
24.492,20.069511,2025-02-12,36.0
16.188,19.865309,2025-02-13,36.0
10.82,20.601023,2025-02-14,36.0
14.98,19.74837,2025-02-15,36.0
25.1,17.440159,2025-02-16,36.0
11.5,17.451872,2025-02-17,36.0
16.708,18.70284,2025-02-18,36.0
39.784,16.631502,2025-02-19,36.0
16.576,19.332,2025-02-20,36.0
16.172,20.072937,2025-02-21,36.0
14.86,20.236727,2025-02-22,36.0
28.752,18.573872,2025-02-23,36.0
11.936,18.186958,2025-02-24,36.0
13.104,19.346592,2025-02-25,36.0
21.668,19.941309,2025-02-26,36.0
19.492,18.859438,2025-02-27,36.0
6.24,19.428394,2025-02-28,36.0
10.848,18.874376,2025-03-01,36.0
20.592,14.691602,2025-03-02,36.0
10.188,14.1988945,2025-03-03,36.0
9.188,15.662493,2025-03-04,36.0
19.48,14.5227585,2025-03-05,36.0
6.892,13.048859,2025-03-06,36.0
5.14,15.140768,2025-03-07,36.0
8.288,13.66864,2025-03-08,36.0
17.892,11.932497,2025-03-09,36.0
7.732,12.327501,2025-03-10,36.0
8.496,11.600694,2025-03-11,36.0
19.432,10.455198,2025-03-12,36.0
10.448,8.911479,2025-03-13,36.0
7.72,12.443295,2025-03-14,36.0
8.08,9.77671,2025-03-15,36.0
16.104,9.735623,2025-03-16,36.0
8.028,9.148302,2025-03-17,36.0
9.28,9.981653,2025-03-18,36.0
17.656,12.39776,2025-03-19,36.0
17.252,10.848504,2025-03-20,36.0
6.732,11.424068,2025-03-21,36.0
8.828,12.478823,2025-03-22,36.0
13.412,10.826158,2025-03-23,36.0
9.412,10.620137,2025-03-24,36.0
7.76,12.100163,2025-03-25,36.0
17.024,13.387152,2025-03-26,36.0
9.288,12.205626,2025-03-27,36.0
17.16,13.6915245,2025-03-28,36.0
14.11,13.466205,2025-03-29,36.0
7.32,11.248482,2025-03-30,36.0
8.76,12.174479,2025-03-31,36.0
8.888,11.418701,2025-04-01,36.0
11.692,10.866323,2025-04-02,36.0
11.932,9.831853,2025-04-03,36.0
9.2,10.817966,2025-04-04,36.0
8.496,9.689922,2025-04-05,36.0
16.311,9.188978,2025-04-06,36.0
9.792,9.208092,2025-04-07,36.0
10.0,9.297495,2025-04-08,36.0
20.736,10.310496,2025-04-09,36.0
9.84,9.877962,2025-04-10,36.0
8.96,11.261625,2025-04-11,36.0
8.092,11.327024,2025-04-12,36.0
14.588,10.127741,2025-04-13,36.0
8.252,10.653182,2025-04-14,36.0
6.308,11.508939,2025-04-15,36.0
11.492,11.52067,2025-04-16,36.0
13.148,11.086779,2025-04-17,36.0
8.544,10.865607,2025-04-18,36.0
8.848,8.747116,2025-04-19,36.0
18.248,9.208025,2025-04-20,36.0
10.732,8.365633,2025-04-21,36.0
10.532,9.556868,2025-04-22,36.0
17.256,11.224926,2025-04-23,36.0
17.704,11.280241,2025-04-24,36.0
10.2,11.482097,2025-04-25,36.0
10.288,11.607578,2025-04-26,36.0
16.22,12.001938,2025-04-27,36.0
10.788,9.641051,2025-04-28,36.0
10.64,12.6274395,2025-04-29,36.0
18.2628,13.849672,2025-04-30,36.0
24.136,13.651033,2025-05-01,36.0
18.96,12.448451,2025-05-02,36.0
11.1828,13.138639,2025-05-03,36.0
11.968,15.238385,2025-05-04,36.0
10.08,12.846133,2025-05-05,36.0
10.74,14.02092,2025-05-06,36.0
18.292,14.267578,2025-05-07,36.0
17.856,14.131563,2025-05-08,36.0
13.12,13.18573,2025-05-09,36.0
14.5428,13.756084,2025-05-10,36.0
17.028,14.258042,2025-05-11,36.0
12.46,12.9868145,2025-05-12,36.0
19.6,12.507218,2025-05-13,36.0
14.92,14.460943,2025-05-14,36.0
8.42,13.9318905,2025-05-15,36.0
10.628,13.724851,2025-05-16,36.0
12.44,11.693146,2025-05-17,36.0
16.5428,10.992337,2025-05-18,36.0
12.988,11.790073,2025-05-19,36.0
12.468,10.081367,2025-05-20,36.0
19.828,12.869175,2025-05-21,36.0
26.672,13.429186,2025-05-22,36.0
13.288,13.307983,2025-05-23,36.0
11.6628,12.22862,2025-05-24,36.0
21.176,14.760094,2025-05-25,36.0
22.384,13.756043,2025-05-26,36.0
21.96,13.393049,2025-05-27,36.0
20.788,15.850044,2025-05-28,36.0
17.932,17.177507,2025-05-29,36.0
16.828,18.895557,2025-05-30,36.0
21.56,17.146694,2025-05-31,36.0
11.108,15.587323,2025-06-01,36.0
17.24,14.767159,2025-06-02,36.0
18.2,15.654046,2025-06-03,36.0
22.72,16.10313,2025-06-04,36.0
24.46,16.436972,2025-06-05,36.0
20.62,15.587151,2025-06-06,36.0
21.74,15.624958,2025-06-07,36.0
25.112,15.352648,2025-06-08,36.0
19.548,18.700022,2025-06-09,36.0
18.86,14.713303,2025-06-10,36.0
23.232,21.683784,2025-06-11,36.0
26.448,21.637815,2025-06-12,36.0
13.52,21.423897,2025-06-13,36.0
10.792,17.857283,2025-06-14,36.0
7.136,16.42813,2025-06-15,36.0
18.3928,14.570923,2025-06-16,36.0
20.332,14.724273,2024-09-18,37.0
10.16,15.333681,2024-09-19,37.0
24.28,16.002823,2024-09-20,37.0
32.708,15.005437,2024-09-21,37.0
18.76,14.995197,2024-09-22,37.0
16.828,18.12485,2024-09-23,37.0
12.5828,19.910547,2024-09-24,37.0
21.08,22.701763,2024-09-25,37.0
26.328,19.02852,2024-09-26,37.0
32.98,19.534655,2024-09-27,37.0
25.811,17.272152,2024-09-28,37.0
32.456,20.87774,2024-09-29,37.0
18.312,24.72616,2024-09-30,37.0
29.048,21.643244,2024-10-01,37.0
19.832,25.906988,2024-10-02,37.0
30.74,27.065092,2024-10-03,37.0
25.7,27.548006,2024-10-04,37.0
31.1,23.187738,2024-10-05,37.0
21.98,27.657804,2024-10-06,37.0
27.04,26.667189,2024-10-07,37.0
26.128,26.963552,2024-10-08,37.0
23.552,22.850397,2024-10-09,37.0
13.028,26.230883,2024-10-10,37.0
29.392,22.12026,2024-10-11,37.0
20.988,21.053854,2024-10-12,37.0
25.7,21.608034,2024-10-13,37.0
21.232,26.294706,2024-10-14,37.0
32.296,21.99111,2024-10-15,37.0
24.232,22.793598,2024-10-16,37.0
17.64,22.825632,2024-10-17,37.0
23.008,26.616432,2024-10-18,37.0
41.332,21.376337,2024-10-19,37.0
33.1,24.104677,2024-10-20,37.0
39.98,25.679836,2024-10-21,37.0
30.7,29.058786,2024-10-22,37.0
31.82,26.270601,2024-10-23,37.0
44.228,33.800266,2024-10-24,37.0
37.88,29.432558,2024-10-25,37.0
28.3028,25.835184,2024-10-26,37.0
28.0,31.231672,2024-10-27,37.0
46.24,35.573586,2024-10-28,37.0
38.248,27.682558,2024-10-29,37.0
39.06,31.77345,2024-10-30,37.0
28.508,35.194168,2024-10-31,37.0
26.872,32.49563,2024-11-01,37.0
35.952,33.408188,2024-11-02,37.0
53.628,30.371145,2024-11-03,37.0
50.908,34.552143,2024-11-04,37.0
41.472,33.99139,2024-11-05,37.0
44.512,41.082577,2024-11-06,37.0
38.228,42.069344,2024-11-07,37.0
36.812,39.56199,2024-11-08,37.0
51.948,34.63434,2024-11-09,37.0
45.82,34.114883,2024-11-10,37.0
38.28,40.73674,2024-11-11,37.0
49.768,44.616104,2024-11-12,37.0
39.892,47.010963,2024-11-13,37.0
25.74,41.896774,2024-11-14,37.0
44.512,40.157337,2024-11-15,37.0
48.788,32.327038,2024-11-16,37.0
25.12,32.611557,2024-11-17,37.0
45.588,41.888893,2024-11-18,37.0
49.252,37.203182,2024-11-19,37.0
53.3,32.66926,2024-11-20,37.0
29.632,41.11482,2024-11-21,37.0
25.296,47.409912,2024-11-22,37.0
25.784,35.67114,2024-11-23,37.0
37.673016,34.406982,2024-11-24,37.0
36.355274,35.23429,2024-11-25,37.0
25.998913,26.41796,2024-11-26,37.0
33.95899,33.48291,2024-11-27,37.0
25.450294,35.7206,2024-11-28,37.0
25.132702,34.013664,2024-11-29,37.0
46.8648,25.289595,2024-11-30,37.0
55.0,29.072498,2024-12-01,37.0
61.9,30.992842,2024-12-02,37.0
53.908,35.470585,2024-12-03,37.0
58.632,40.528755,2024-12-04,37.0
65.8,39.858166,2024-12-05,37.0
63.36,36.176804,2024-12-06,37.0
66.392,37.428574,2024-12-07,37.0
55.288,43.64459,2024-12-08,37.0
58.8,47.981556,2024-12-09,37.0
59.96,54.221863,2024-12-10,37.0
55.76,57.01841,2024-12-11,37.0
39.18,52.422043,2024-12-12,37.0
55.48,51.43588,2024-12-13,37.0
18.06,48.529175,2024-12-14,37.0
49.728,39.82149,2024-12-15,37.0
60.12,52.592945,2024-12-16,37.0
43.332,42.38478,2024-12-17,37.0
64.296,50.094658,2024-12-18,37.0
60.532,51.53839,2024-12-19,37.0
59.108,45.277817,2024-12-20,37.0
61.352,34.68731,2024-12-21,37.0
68.032,51.713005,2024-12-22,37.0
64.28,48.051434,2024-12-23,37.0
48.32,56.071754,2024-12-24,37.0
68.776,58.258934,2024-12-25,37.0
59.272,50.309776,2024-12-26,37.0
81.46,41.617798,2024-12-27,37.0
62.02,43.033478,2024-12-28,37.0
56.38,46.324284,2024-12-29,37.0
61.36,55.214546,2024-12-30,37.0
60.04,59.24488,2024-12-31,37.0
57.892,59.75345,2025-01-01,37.0
31.088,48.07966,2025-01-02,37.0
55.02,59.543358,2025-01-03,37.0
72.012,49.602985,2025-01-04,37.0
48.848,52.073647,2025-01-05,37.0
71.328,54.769623,2025-01-06,37.0
69.052,56.245422,2025-01-07,37.0
61.3,55.335995,2025-01-08,37.0
54.528,58.189835,2025-01-09,37.0
64.6,58.935627,2025-01-10,37.0
66.2,46.63495,2025-01-11,37.0
59.548,52.587597,2025-01-12,37.0
55.0628,60.93214,2025-01-13,37.0
35.848,54.328327,2025-01-14,37.0
58.58,61.836895,2025-01-15,37.0
60.94,60.07621,2025-01-16,37.0
57.7,50.55716,2025-01-17,37.0
50.268,52.07585,2025-01-18,37.0
64.16,54.862495,2025-01-19,37.0
70.1828,58.474197,2025-01-20,37.0
49.936,51.119038,2025-01-21,37.0
74.28,56.89021,2025-01-22,37.0
60.104,50.836136,2025-01-23,37.0
63.808,55.463547,2025-01-24,37.0
64.88,57.6692,2025-01-25,37.0
58.872,54.182915,2025-01-26,37.0
63.258,58.715305,2025-01-27,37.0
56.24,62.565556,2025-01-28,37.0
60.372,64.79355,2025-01-29,37.0
44.136,62.784412,2025-01-30,37.0
55.952,63.387825,2025-01-31,37.0
52.272,54.56149,2025-02-01,37.0
52.728,56.819656,2025-02-02,37.0
75.52,55.49198,2025-02-03,37.0
55.58,53.218086,2025-02-04,37.0
58.56,56.046726,2025-02-05,37.0
45.028,62.819824,2025-02-06,37.0
35.332,61.87158,2025-02-07,37.0
75.256,59.478897,2025-02-08,37.0
56.92,52.52894,2025-02-09,37.0
63.8628,53.92153,2025-02-10,37.0
60.012,56.504044,2025-02-11,37.0
48.784,59.673515,2025-02-12,37.0
44.0,55.564823,2025-02-13,37.0
44.068,56.648468,2025-02-14,37.0
66.972,52.994274,2025-02-15,37.0
65.8,43.957222,2025-02-16,37.0
64.168,55.12149,2025-02-17,37.0
48.472,54.832634,2025-02-18,37.0
64.376,52.525436,2025-02-19,37.0
68.76,55.03397,2025-02-20,37.0
39.252,54.021782,2025-02-21,37.0
64.452,53.044586,2025-02-22,37.0
51.728,47.797585,2025-02-23,37.0
84.34,54.568947,2025-02-24,37.0
71.66,58.57266,2025-02-25,37.0
62.88,60.506763,2025-02-26,37.0
60.272,61.998966,2025-02-27,37.0
22.496,63.337673,2025-02-28,37.0
61.28,62.22911,2025-03-01,37.0
58.544,48.64405,2025-03-02,37.0
52.228,50.02169,2025-03-03,37.0
43.0,54.86872,2025-03-04,37.0
59.311,58.871773,2025-03-05,37.0
28.616,58.18496,2025-03-06,37.0
58.328,57.138134,2025-03-07,37.0
55.6628,52.51423,2025-03-08,37.0
52.056,43.059853,2025-03-09,37.0
39.228,57.38942,2025-03-10,37.0
54.184,54.476227,2025-03-11,37.0
46.528,50.454185,2025-03-12,37.0
39.552,38.619915,2025-03-13,37.0
36.84,49.116417,2025-03-14,37.0
33.328,38.327805,2025-03-15,37.0
22.68,37.97216,2025-03-16,37.0
47.711,40.711414,2025-03-17,37.0
14.64,35.70583,2025-03-18,37.0
28.428,40.40056,2025-03-19,37.0
16.368,42.570267,2025-03-20,37.0
24.208,33.778755,2025-03-21,37.0
24.336,31.913395,2025-03-22,37.0
25.8,28.914156,2025-03-23,37.0
24.8628,27.76089,2025-03-24,37.0
30.432,24.835634,2025-03-25,37.0
20.648,31.305353,2025-03-26,37.0
27.96,28.357647,2025-03-27,37.0
25.88,29.824965,2025-03-28,37.0
29.264,25.620775,2025-03-29,37.0
19.2,24.10077,2025-03-30,37.0
27.232,23.69959,2025-03-31,37.0
25.4628,22.663343,2025-04-01,37.0
31.456,23.56199,2025-04-02,37.0
26.024,24.809708,2025-04-03,37.0
42.288,25.482538,2025-04-04,37.0
14.232,25.47703,2025-04-05,37.0
21.792,25.704021,2025-04-06,37.0
26.048,26.749327,2025-04-07,37.0
25.528,21.63502,2025-04-08,37.0
28.688,23.392176,2025-04-09,37.0
18.568,23.973536,2025-04-10,37.0
22.168,27.422503,2025-04-11,37.0
27.368,24.189234,2025-04-12,37.0
36.2,24.848185,2025-04-13,37.0
38.176,23.647093,2025-04-14,37.0
16.5828,24.197561,2025-04-15,37.0
33.656,26.820818,2025-04-16,37.0
22.56,26.539576,2025-04-17,37.0
24.96,21.861343,2025-04-18,37.0
20.64,19.655653,2025-04-19,37.0
18.5828,24.398928,2025-04-20,37.0
32.872,24.765661,2025-04-21,37.0
25.6,25.5762,2025-04-22,37.0
27.2628,28.69134,2025-04-23,37.0
11.812,28.215734,2025-04-24,37.0
22.616,29.429781,2025-04-25,37.0
24.464,23.790304,2025-04-26,37.0
19.7428,24.371767,2025-04-27,37.0
16.4,22.247423,2025-04-28,37.0
20.704,24.538763,2025-04-29,37.0
17.888,24.946138,2025-04-30,37.0
27.28,24.064669,2025-05-01,37.0
25.176,23.285236,2025-05-02,37.0
30.12,17.731504,2025-05-03,37.0
29.328,23.340921,2025-05-04,37.0
21.216,20.672018,2025-05-05,37.0
27.808,22.677603,2025-05-06,37.0
10.428,23.110142,2025-05-07,37.0
21.248,25.237167,2025-05-08,37.0
28.048,22.142076,2025-05-09,37.0
32.328,21.378222,2025-05-10,37.0
18.84,22.867537,2025-05-11,37.0
26.254,24.349585,2025-05-12,37.0
25.5428,22.991285,2025-05-13,37.0
28.4,21.912035,2025-05-14,37.0
38.102,25.318666,2025-05-15,37.0
29.216,21.721487,2025-05-16,37.0
21.576,22.09977,2025-05-17,37.0
35.8,25.416605,2025-05-18,37.0
28.76,27.004034,2025-05-19,37.0
16.12,20.27101,2025-05-20,37.0
37.2,28.349722,2025-05-21,37.0
21.128,24.749416,2025-05-22,37.0
22.56,23.740477,2025-05-23,37.0
29.136,25.144936,2025-05-24,37.0
28.136,25.920748,2025-05-25,37.0
31.112,25.343298,2025-05-26,37.0
17.688,27.289337,2025-05-27,37.0
50.5428,29.156385,2025-05-28,37.0
18.102,24.344908,2025-05-29,37.0
28.672,28.063807,2025-05-30,37.0
23.24,28.428972,2025-05-31,37.0
23.976,24.514389,2025-06-01,37.0
25.192,23.784883,2025-06-02,37.0
29.264,22.25282,2025-06-03,37.0
25.168,29.59744,2025-06-04,37.0
39.2,21.73192,2025-06-05,37.0
16.328,28.516378,2025-06-06,37.0
35.192,21.985802,2025-06-07,37.0
23.736,26.82482,2025-06-08,37.0
20.576,23.729673,2025-06-09,37.0
27.072,22.993977,2025-06-10,37.0
31.056,25.288713,2025-06-11,37.0
23.056,27.501516,2025-06-12,37.0
19.296,25.93076,2025-06-13,37.0
11.272,26.23365,2025-06-14,37.0
21.888,21.21972,2025-06-15,37.0
27.384,21.53362,2025-06-16,37.0
9.39,8.340704,2024-09-18,38.0
5.5,7.842537,2024-09-19,38.0
11.52,8.239213,2024-09-20,38.0
17.75,8.037216,2024-09-21,38.0
6.71,8.7719965,2024-09-22,38.0
9.9,10.563906,2024-09-23,38.0
4.7,9.684059,2024-09-24,38.0
10.96,8.919479,2024-09-25,38.0
13.95,9.225006,2024-09-26,38.0
11.66,9.3759,2024-09-27,38.0
11.42,9.230968,2024-09-28,38.0
11.92,11.196534,2024-09-29,38.0
17.25,10.805029,2024-09-30,38.0
10.09,10.062815,2024-10-01,38.0
12.58,11.317226,2024-10-02,38.0
3.78,13.141472,2024-10-03,38.0
13.43,12.353917,2024-10-04,38.0
6.69,10.566347,2024-10-05,38.0
13.21,11.786945,2024-10-06,38.0
10.59,11.424233,2024-10-07,38.0
14.12,10.514109,2024-10-08,38.0
14.1,11.234032,2024-10-09,38.0
8.14,10.327921,2024-10-10,38.0
11.25,10.597593,2024-10-11,38.0
16.33,9.61549,2024-10-12,38.0
8.11,11.915167,2024-10-13,38.0
13.82,12.019793,2024-10-14,38.0
8.13,11.49818,2024-10-15,38.0
17.02,10.939832,2024-10-16,38.0
12.05,11.338133,2024-10-17,38.0
13.17,11.711229,2024-10-18,38.0
10.11,11.667832,2024-10-19,38.0
19.57,13.032886,2024-10-20,38.0
12.72,12.738997,2024-10-21,38.0
9.78,12.360397,2024-10-22,38.0
11.11,12.111486,2024-10-23,38.0
17.14,11.88963,2024-10-24,38.0
18.89,11.930647,2024-10-25,38.0
4.4,11.293402,2024-10-26,38.0
11.29,14.690066,2024-10-27,38.0
9.31,12.497594,2024-10-28,38.0
16.6,10.759959,2024-10-29,38.0
8.12,11.355402,2024-10-30,38.0
20.22,12.062682,2024-10-31,38.0
4.17,12.412027,2024-11-01,38.0
23.9,13.665487,2024-11-02,38.0
13.51,14.481159,2024-11-03,38.0
13.37,15.498576,2024-11-04,38.0
13.89,16.44738,2024-11-05,38.0
19.44,13.977319,2024-11-06,38.0
17.09,14.059668,2024-11-07,38.0
5.79,13.489176,2024-11-08,38.0
16.15,14.325952,2024-11-09,38.0
14.3,14.093464,2024-11-10,38.0
13.26,15.624276,2024-11-11,38.0
10.79,13.400002,2024-11-12,38.0
19.96,13.643469,2024-11-13,38.0
11.66,13.785404,2024-11-14,38.0
6.07,13.679314,2024-11-15,38.0
16.09,14.211769,2024-11-16,38.0
10.91,15.82906,2024-11-17,38.0
14.17,15.201603,2024-11-18,38.0
10.98,13.179462,2024-11-19,38.0
13.29,12.963619,2024-11-20,38.0
16.9,11.733118,2024-11-21,38.0
12.11,14.273774,2024-11-22,38.0
10.230928,14.679014,2024-11-23,38.0
12.811581,14.664946,2024-11-24,38.0
10.925567,14.655846,2024-11-25,38.0
10.36262,13.321921,2024-11-26,38.0
12.981311,14.557966,2024-11-27,38.0
11.957661,14.249081,2024-11-28,38.0
10.443016,12.854257,2024-11-29,38.0
10.277,12.560398,2024-11-30,38.0
14.07,15.503532,2024-12-01,38.0
12.54,15.5751095,2024-12-02,38.0
13.8,12.446741,2024-12-03,38.0
18.52,12.874731,2024-12-04,38.0
16.15,13.975235,2024-12-05,38.0
14.83,12.119886,2024-12-06,38.0
14.44,13.325462,2024-12-07,38.0
11.59,15.679371,2024-12-08,38.0
10.39,12.664572,2024-12-09,38.0
14.78,13.193821,2024-12-10,38.0
19.99,13.741878,2024-12-11,38.0
19.19,13.537616,2024-12-12,38.0
12.73,13.201097,2024-12-13,38.0
10.9,15.969868,2024-12-14,38.0
14.56,17.255354,2024-12-15,38.0
24.95,17.5513,2024-12-16,38.0
4.72,14.95694,2024-12-17,38.0
11.428,17.127054,2024-12-18,38.0
24.15,18.109179,2024-12-19,38.0
10.71,14.987761,2024-12-20,38.0
11.72,14.183933,2024-12-21,38.0
13.63,20.151627,2024-12-22,38.0
14.94,16.06486,2024-12-23,38.0
11.928,16.840776,2024-12-24,38.0
21.91,20.485987,2024-12-25,38.0
14.79,16.231594,2024-12-26,38.0
16.828,13.092301,2024-12-27,38.0
11.14,15.843998,2024-12-28,38.0
14.33,16.425753,2024-12-29,38.0
11.76,16.026016,2024-12-30,38.0
12.11,15.705818,2024-12-31,38.0
14.55,19.684095,2025-01-01,38.0
26.79,16.560694,2025-01-02,38.0
10.38,16.667063,2025-01-03,38.0
23.85,15.517012,2025-01-04,38.0
13.81,17.789272,2025-01-05,38.0
13.72,15.970852,2025-01-06,38.0
13.28,16.878828,2025-01-07,38.0
13.1,15.635128,2025-01-08,38.0
25.64,14.721932,2025-01-09,38.0
14.028,15.324811,2025-01-10,38.0
13.39,16.943464,2025-01-11,38.0
12.35,17.719328,2025-01-12,38.0
17.05,18.067972,2025-01-13,38.0
10.52,18.29339,2025-01-14,38.0
28.57,18.686861,2025-01-15,38.0
22.28,18.24941,2025-01-16,38.0
13.3,18.232466,2025-01-17,38.0
19.46,20.397215,2025-01-18,38.0
12.57,20.44976,2025-01-19,38.0
11.59,19.928148,2025-01-20,38.0
24.58,16.600576,2025-01-21,38.0
12.96,17.350477,2025-01-22,38.0
17.61,16.965109,2025-01-23,38.0
16.828,17.025114,2025-01-24,38.0
12.94,19.079342,2025-01-25,38.0
13.77,18.830164,2025-01-26,38.0
12.58,18.83049,2025-01-27,38.0
18.69,18.364763,2025-01-28,38.0
24.06,16.425127,2025-01-29,38.0
19.23,17.060556,2025-01-30,38.0
10.63,18.176569,2025-01-31,38.0
12.59,16.060184,2025-02-01,38.0
17.21,18.895777,2025-02-02,38.0
17.55,16.640394,2025-02-03,38.0
11.1,18.29142,2025-02-04,38.0
14.05,18.192724,2025-02-05,38.0
25.78,18.552694,2025-02-06,38.0
12.48,17.051691,2025-02-07,38.0
31.21,18.201916,2025-02-08,38.0
16.23,16.676302,2025-02-09,38.0
14.32,17.99572,2025-02-10,38.0
17.76,20.757137,2025-02-11,38.0
24.32,19.169626,2025-02-12,38.0
16.67,18.599707,2025-02-13,38.0
13.94,18.475492,2025-02-14,38.0
17.37,19.743599,2025-02-15,38.0
23.46,18.247095,2025-02-16,38.0
16.05,18.87525,2025-02-17,38.0
11.47,18.0722,2025-02-18,38.0
20.95,17.285341,2025-02-19,38.0
12.97,17.57519,2025-02-20,38.0
22.09,17.137585,2025-02-21,38.0
12.2,17.53486,2025-02-22,38.0
16.76,17.90701,2025-02-23,38.0
12.228,18.049803,2025-02-24,38.0
16.15,18.94705,2025-02-25,38.0
36.23,17.51777,2025-02-26,38.0
11.49,16.265411,2025-02-27,38.0
6.57,17.472715,2025-02-28,38.0
26.76,18.546751,2025-03-01,38.0
14.68,14.6399765,2025-03-02,38.0
22.79,14.814464,2025-03-03,38.0
13.37,16.825872,2025-03-04,38.0
20.38,16.8743,2025-03-05,38.0
10.71,16.411406,2025-03-06,38.0
12.45,18.561914,2025-03-07,38.0
23.3,16.735306,2025-03-08,38.0
10.5,16.840578,2025-03-09,38.0
8.51,18.768343,2025-03-10,38.0
11.4,16.514278,2025-03-11,38.0
23.028,16.08582,2025-03-12,38.0
12.78,13.213648,2025-03-13,38.0
8.49,16.214447,2025-03-14,38.0
13.36,13.638296,2025-03-15,38.0
8.32,14.450373,2025-03-16,38.0
12.66,14.962465,2025-03-17,38.0
10.01,13.726729,2025-03-18,38.0
3.628,14.222624,2025-03-19,38.0
10.09,14.309584,2025-03-20,38.0
11.29,12.274029,2025-03-21,38.0
17.59,12.372858,2025-03-22,38.0
10.42,12.229535,2025-03-23,38.0
9.63,12.734894,2025-03-24,38.0
11.17,12.877089,2025-03-25,38.0
10.69,14.1950865,2025-03-26,38.0
10.29,13.312195,2025-03-27,38.0
14.56,12.470919,2025-03-28,38.0
10.5,12.477345,2025-03-29,38.0
8.49,12.751818,2025-03-30,38.0
9.12,12.8376465,2025-03-31,38.0
13.34,12.67946,2025-04-01,38.0
10.37,12.17432,2025-04-02,38.0
7.72,11.276991,2025-04-03,38.0
14.11,11.141751,2025-04-04,38.0
10.57,10.41343,2025-04-05,38.0
3.23,11.691771,2025-04-06,38.0
18.67,11.969225,2025-04-07,38.0
9.6,11.708836,2025-04-08,38.0
7.728,11.772575,2025-04-09,38.0
10.46,12.585711,2025-04-10,38.0
16.57,11.336262,2025-04-11,38.0
9.17,10.582588,2025-04-12,38.0
9.85,11.649203,2025-04-13,38.0
16.74,12.122881,2025-04-14,38.0
13.25,11.274669,2025-04-15,38.0
20.7,12.153715,2025-04-16,38.0
10.29,13.163328,2025-04-17,38.0
9.14,13.2546425,2025-04-18,38.0
10.07,11.311124,2025-04-19,38.0
9.55,13.159533,2025-04-20,38.0
9.928,12.067362,2025-04-21,38.0
8.01,11.55266,2025-04-22,38.0
12.56,12.498417,2025-04-23,38.0
10.85,11.866229,2025-04-24,38.0
9.23,11.51585,2025-04-25,38.0
10.128,11.030655,2025-04-26,38.0
4.28,12.13531,2025-04-27,38.0
12.69,10.198835,2025-04-28,38.0
12.828,10.559017,2025-04-29,38.0
13.5,10.324577,2025-04-30,38.0
10.53,11.636984,2025-05-01,38.0
13.38,10.81666,2025-05-02,38.0
10.09,9.6783,2025-05-03,38.0
10.37,10.770651,2025-05-04,38.0
10.08,10.437971,2025-05-05,38.0
10.28,10.945328,2025-05-06,38.0
17.08,10.654484,2025-05-07,38.0
10.32,10.969551,2025-05-08,38.0
14.42,11.262476,2025-05-09,38.0
9.56,10.810644,2025-05-10,38.0
14.64,12.210987,2025-05-11,38.0
11.27,11.671475,2025-05-12,38.0
11.23,10.007679,2025-05-13,38.0
10.53,11.127298,2025-05-14,38.0
12.01,10.942315,2025-05-15,38.0
13.98,10.951124,2025-05-16,38.0
11.46,9.691862,2025-05-17,38.0
14.54,10.46516,2025-05-18,38.0
11.09,10.81212,2025-05-19,38.0
10.28,9.338622,2025-05-20,38.0
13.77,12.108686,2025-05-21,38.0
16.25,10.616617,2025-05-22,38.0
17.47,10.797197,2025-05-23,38.0
11.51,9.906509,2025-05-24,38.0
14.22,13.0632,2025-05-25,38.0
11.56,12.820018,2025-05-26,38.0
17.61,11.417093,2025-05-27,38.0
13.1,11.704004,2025-05-28,38.0
19.25,12.505373,2025-05-29,38.0
16.86,13.554573,2025-05-30,38.0
12.25,12.866978,2025-05-31,38.0
14.92,13.430481,2025-06-01,38.0
16.7,11.829403,2025-06-02,38.0
16.63,11.960663,2025-06-03,38.0
23.1,12.441755,2025-06-04,38.0
9.24,13.3087845,2025-06-05,38.0
17.39,12.610138,2025-06-06,38.0
17.62,13.501745,2025-06-07,38.0
19.08,13.466433,2025-06-08,38.0
11.09,14.564695,2025-06-09,38.0
20.07,12.034937,2025-06-10,38.0
19.51,15.099489,2025-06-11,38.0
13.51,14.016941,2025-06-12,38.0
9.32,17.458458,2025-06-13,38.0
9.28,13.62882,2025-06-14,38.0
7.74,13.404888,2025-06-15,38.0
8.0,12.003803,2025-06-16,38.0
17.232,19.002146,2024-09-18,39.0
18.368,18.225172,2024-09-19,39.0
11.911,16.148083,2024-09-20,39.0
21.728,16.968966,2024-09-21,39.0
6.64,15.903063,2024-09-22,39.0
10.528,17.665714,2024-09-23,39.0
12.392,15.213971,2024-09-24,39.0
16.04,15.310389,2024-09-25,39.0
26.028,15.12108,2024-09-26,39.0
21.46,15.997261,2024-09-27,39.0
19.728,16.037697,2024-09-28,39.0
16.872,18.754583,2024-09-29,39.0
23.84,18.936972,2024-09-30,39.0
20.9,17.325594,2024-10-01,39.0
16.72,21.250036,2024-10-02,39.0
25.74,23.555428,2024-10-03,39.0
25.112,20.92984,2024-10-04,39.0
11.928,17.864195,2024-10-05,39.0
23.928,22.700901,2024-10-06,39.0
16.932,20.779184,2024-10-07,39.0
22.696,17.700943,2024-10-08,39.0
20.252,21.89427,2024-10-09,39.0
20.172,20.436396,2024-10-10,39.0
20.888,17.608416,2024-10-11,39.0
17.34,17.554066,2024-10-12,39.0
26.652,21.938942,2024-10-13,39.0
21.0,19.543413,2024-10-14,39.0
27.588,20.166906,2024-10-15,39.0
21.508,20.22893,2024-10-16,39.0
24.8,21.73688,2024-10-17,39.0
20.672,23.610918,2024-10-18,39.0
14.168,22.248075,2024-10-19,39.0
21.512,24.05042,2024-10-20,39.0
16.112,21.039017,2024-10-21,39.0
14.32,21.03085,2024-10-22,39.0
12.008,18.939882,2024-10-23,39.0
20.2,20.345137,2024-10-24,39.0
31.74,17.824251,2024-10-25,39.0
16.66,16.945766,2024-10-26,39.0
19.0,21.990103,2024-10-27,39.0
11.18,21.438765,2024-10-28,39.0
24.0,17.660715,2024-10-29,39.0
11.772,19.079126,2024-10-30,39.0
25.428,19.788523,2024-10-31,39.0
11.548,17.344196,2024-11-01,39.0
11.812,19.356035,2024-11-02,39.0
24.24,21.310812,2024-11-03,39.0
18.288,20.067335,2024-11-04,39.0
18.272,20.514011,2024-11-05,39.0
22.056,21.450144,2024-11-06,39.0
12.392,22.592875,2024-11-07,39.0
16.46,18.866714,2024-11-08,39.0
11.88,20.124983,2024-11-09,39.0
20.56,19.676561,2024-11-10,39.0
10.948,18.549002,2024-11-11,39.0
27.944,18.560183,2024-11-12,39.0
22.908,19.05739,2024-11-13,39.0
19.66,19.856213,2024-11-14,39.0
16.428,21.385956,2024-11-15,39.0
17.192,18.22199,2024-11-16,39.0
20.696,22.351149,2024-11-17,39.0
21.952,18.262087,2024-11-18,39.0
21.56,17.236605,2024-11-19,39.0
21.32,16.980858,2024-11-20,39.0
14.0,20.840271,2024-11-21,39.0
10.648,20.768375,2024-11-22,39.0
19.804226,19.406208,2024-11-23,39.0
24.955145,17.333445,2024-11-24,39.0
20.96283,16.56092,2024-11-25,39.0
21.066977,17.939047,2024-11-26,39.0
22.692713,22.54573,2024-11-27,39.0
24.817928,22.12032,2024-11-28,39.0
20.027113,20.007908,2024-11-29,39.0
19.5104,19.06444,2024-11-30,39.0
24.068,21.32004,2024-12-01,39.0
12.26,25.596973,2024-12-02,39.0
24.6,20.126324,2024-12-03,39.0
28.311,22.19526,2024-12-04,39.0
24.056,21.826368,2024-12-05,39.0
26.1828,20.24127,2024-12-06,39.0
19.208,21.917242,2024-12-07,39.0
21.44,22.706173,2024-12-08,39.0
17.488,21.3994,2024-12-09,39.0
21.1828,20.616602,2024-12-10,39.0
18.668,22.688128,2024-12-11,39.0
21.428,23.169481,2024-12-12,39.0
24.5028,19.445913,2024-12-13,39.0
22.32,19.565798,2024-12-14,39.0
17.988,22.158363,2024-12-15,39.0
14.508,27.151537,2024-12-16,39.0
24.292,24.226522,2024-12-17,39.0
24.58,24.743282,2024-12-18,39.0
25.648,25.860086,2024-12-19,39.0
25.892,26.141653,2024-12-20,39.0
19.252,20.082478,2024-12-21,39.0
28.216,27.899517,2024-12-22,39.0
22.172,24.407185,2024-12-23,39.0
19.972,25.755919,2024-12-24,39.0
36.088,30.544018,2024-12-25,39.0
17.911,27.978199,2024-12-26,39.0
22.576,21.876013,2024-12-27,39.0
25.828,21.257742,2024-12-28,39.0
19.904,21.607878,2024-12-29,39.0
24.936,22.00711,2024-12-30,39.0
11.972,26.087976,2024-12-31,39.0
31.572,31.11532,2025-01-01,39.0
11.012,25.744686,2025-01-02,39.0
20.952,26.761303,2025-01-03,39.0
22.86,22.158361,2025-01-04,39.0
25.0,23.518541,2025-01-05,39.0
24.58,21.70386,2025-01-06,39.0
29.768,21.888826,2025-01-07,39.0
19.932,22.635885,2025-01-08,39.0
26.468,21.679974,2025-01-09,39.0
25.732,25.339262,2025-01-10,39.0
20.26,21.676493,2025-01-11,39.0
21.3,25.181953,2025-01-12,39.0
23.38,25.34714,2025-01-13,39.0
18.808,25.223772,2025-01-14,39.0
31.812,28.130037,2025-01-15,39.0
18.3,23.800581,2025-01-16,39.0
23.0,23.924788,2025-01-17,39.0
24.792,26.04661,2025-01-18,39.0
18.548,26.1603,2025-01-19,39.0
19.492,27.184423,2025-01-20,39.0
22.896,21.928022,2025-01-21,39.0
17.211,26.253613,2025-01-22,39.0
21.0,24.460506,2025-01-23,39.0
30.24,23.243351,2025-01-24,39.0
13.2,23.98094,2025-01-25,39.0
17.86,24.346317,2025-01-26,39.0
12.76,23.71063,2025-01-27,39.0
21.26,23.082544,2025-01-28,39.0
11.88,23.088293,2025-01-29,39.0
11.908,22.224562,2025-01-30,39.0
19.992,23.01235,2025-01-31,39.0
25.088,18.217133,2025-02-01,39.0
11.132,20.83276,2025-02-02,39.0
10.132,18.527617,2025-02-03,39.0
21.028,20.808947,2025-02-04,39.0
27.12,17.712543,2025-02-05,39.0
18.0,21.191776,2025-02-06,39.0
28.86,21.012308,2025-02-07,39.0
14.74,20.673641,2025-02-08,39.0
20.3,20.654104,2025-02-09,39.0
22.22,22.67747,2025-02-10,39.0
19.92,20.977999,2025-02-11,39.0
24.12,22.217417,2025-02-12,39.0
20.108,23.030876,2025-02-13,39.0
17.12,22.684801,2025-02-14,39.0
11.852,21.535025,2025-02-15,39.0
13.092,22.728304,2025-02-16,39.0
11.12,21.03802,2025-02-17,39.0
24.016,20.288105,2025-02-18,39.0
16.102,18.094824,2025-02-19,39.0
16.208,21.307446,2025-02-20,39.0
21.64,20.33288,2025-02-21,39.0
12.56,19.128149,2025-02-22,39.0
14.811,20.001637,2025-02-23,39.0
17.972,18.431133,2025-02-24,39.0
17.08,19.169882,2025-02-25,39.0
19.488,19.297623,2025-02-26,39.0
14.58,20.700623,2025-02-27,39.0
9.988,18.357422,2025-02-28,39.0
21.64,18.828787,2025-03-01,39.0
14.272,14.844759,2025-03-02,39.0
17.84,14.820948,2025-03-03,39.0
23.26,17.35961,2025-03-04,39.0
11.46,17.217718,2025-03-05,39.0
13.3,17.734762,2025-03-06,39.0
11.14,20.321274,2025-03-07,39.0
11.14,17.498281,2025-03-08,39.0
17.06,17.271235,2025-03-09,39.0
14.02,19.557936,2025-03-10,39.0
10.868,16.544132,2025-03-11,39.0
21.72,17.629889,2025-03-12,39.0
14.9428,14.415018,2025-03-13,39.0
12.748,16.1899,2025-03-14,39.0
9.94,14.281657,2025-03-15,39.0
14.32,14.644275,2025-03-16,39.0
16.832,13.651741,2025-03-17,39.0
21.0,13.991835,2025-03-18,39.0
14.16,17.295832,2025-03-19,39.0
10.936,18.625029,2025-03-20,39.0
10.424,19.20541,2025-03-21,39.0
12.0,17.963774,2025-03-22,39.0
11.088,16.077248,2025-03-23,39.0
10.672,15.202265,2025-03-24,39.0
13.52,16.543045,2025-03-25,39.0
24.68,17.859404,2025-03-26,39.0
11.0,17.614187,2025-03-27,39.0
20.32,18.168077,2025-03-28,39.0
13.336,18.018282,2025-03-29,39.0
13.102,16.499779,2025-03-30,39.0
19.028,15.250066,2025-03-31,39.0
13.992,14.807354,2025-04-01,39.0
14.088,15.815519,2025-04-02,39.0
13.552,15.037121,2025-04-03,39.0
10.36,16.19865,2025-04-04,39.0
9.788,14.5747595,2025-04-05,39.0
12.068,15.0916605,2025-04-06,39.0
11.392,13.811228,2025-04-07,39.0
16.728,13.506326,2025-04-08,39.0
10.46,14.391422,2025-04-09,39.0
13.0,15.2189865,2025-04-10,39.0
12.58,15.048704,2025-04-11,39.0
16.028,13.815194,2025-04-12,39.0
13.0,14.1024475,2025-04-13,39.0
10.254,15.073578,2025-04-14,39.0
9.108,14.897362,2025-04-15,39.0
14.8,13.398481,2025-04-16,39.0
12.42,13.943157,2025-04-17,39.0
14.14,12.590826,2025-04-18,39.0
13.48,11.433714,2025-04-19,39.0
9.68,12.656609,2025-04-20,39.0
12.132,13.191888,2025-04-21,39.0
12.168,13.1014385,2025-04-22,39.0
13.1,13.313722,2025-04-23,39.0
12.62,14.896638,2025-04-24,39.0
13.92,13.819578,2025-04-25,39.0
13.112,12.353367,2025-04-26,39.0
14.608,13.993593,2025-04-27,39.0
10.552,12.707912,2025-04-28,39.0
14.208,14.342,2025-04-29,39.0
11.76,15.713596,2025-04-30,39.0
12.828,16.303968,2025-05-01,39.0
11.968,13.435503,2025-05-02,39.0
10.84,11.110492,2025-05-03,39.0
18.892,12.353703,2025-05-04,39.0
12.372,10.239977,2025-05-05,39.0
13.208,12.848816,2025-05-06,39.0
14.24,13.506041,2025-05-07,39.0
21.26,15.469391,2025-05-08,39.0
13.228,13.686517,2025-05-09,39.0
11.732,14.7409525,2025-05-10,39.0
11.708,16.400415,2025-05-11,39.0
14.032,13.215172,2025-05-12,39.0
18.25,12.90465,2025-05-13,39.0
14.74,12.934608,2025-05-14,39.0
18.3,14.929055,2025-05-15,39.0
12.828,14.597801,2025-05-16,39.0
17.252,13.831953,2025-05-17,39.0
14.2,14.639463,2025-05-18,39.0
19.092,14.683422,2025-05-19,39.0
12.568,12.005877,2025-05-20,39.0
20.78,16.966366,2025-05-21,39.0
17.48,18.398287,2025-05-22,39.0
18.188,16.47153,2025-05-23,39.0
17.652,14.510286,2025-05-24,39.0
19.46,16.452291,2025-05-25,39.0
14.528,18.305906,2025-05-26,39.0
14.52,15.912947,2025-05-27,39.0
11.24,18.150352,2025-05-28,39.0
17.052,15.87979,2025-05-29,39.0
16.056,16.51091,2025-05-30,39.0
11.552,13.996388,2025-05-31,39.0
13.488,13.809919,2025-06-01,39.0
12.732,12.148441,2025-06-02,39.0
10.82,12.394492,2025-06-03,39.0
20.808,13.992298,2025-06-04,39.0
18.3028,12.538064,2025-06-05,39.0
24.72,11.915165,2025-06-06,39.0
21.24,13.903704,2025-06-07,39.0
17.856,15.572826,2025-06-08,39.0
21.2228,17.725386,2025-06-09,39.0
16.12,14.3326,2025-06-10,39.0
18.76,20.164011,2025-06-11,39.0
16.12,20.10692,2025-06-12,39.0
12.888,21.13792,2025-06-13,39.0
10.032,15.8378315,2025-06-14,39.0
7.776,15.781188,2025-06-15,39.0
16.978,14.510838,2025-06-16,39.0
