timestamp,house_id,actual,prediction
2024-09-18,1,8.748,8.777357850000001
2024-09-18,10,11.936,19.5680313
2024-09-18,11,24.62,26.42635325
2024-09-18,12,2.5,5.964640105
2024-09-18,13,18.148,8.766824549999999
2024-09-18,14,23.528,28.6542543
2024-09-18,15,17.788,10.86978115
2024-09-18,16,4.656,11.575748949999998
2024-09-18,17,4.2,5.30205725
2024-09-18,18,6.976,9.86000435
2024-09-18,19,25.13,18.456503750000003
2024-09-18,2,8.102,9.41542387
2024-09-18,20,12.1,10.41708785
2024-09-18,21,20.12,20.00887245
2024-09-18,22,21.428,22.23069705
2024-09-18,23,9.688,13.674778149999998
2024-09-18,24,11.72,16.956920450000002
2024-09-18,25,10.78,7.1294155
2024-09-18,26,18.71,15.269731749999998
2024-09-18,27,11.1,11.41240905
2024-09-18,28,19.612,11.0114554
2024-09-18,29,11.228,22.138950700000002
2024-09-18,3,21.972,23.872912749999998
2024-09-18,30,14.968,19.4057136
2024-09-18,31,33.984,19.51485555
2024-09-18,32,24.28,28.0628892
2024-09-18,33,10.52,8.6721535
2024-09-18,34,6.296,9.47693295
2024-09-18,35,27.128,31.8464765
2024-09-18,36,12.1,11.869848099999999
2024-09-18,37,20.332,15.10897125
2024-09-18,38,9.39,7.69814959
2024-09-18,39,17.232,16.7984296
2024-09-18,4,27.256,25.56055845
2024-09-18,5,6.2,6.542248685000001
2024-09-18,6,2.932,5.5025309
2024-09-18,7,26.268,22.05093055
2024-09-18,8,9.811,10.23120035
2024-09-18,9,13.94,17.2053871
2024-09-19,1,13.11,8.714013225
2024-09-19,10,14.052,20.466411049999998
2024-09-19,11,25.388,24.90192005
2024-09-19,12,9.99,6.242557475
2024-09-19,13,20.711,9.0387626
2024-09-19,14,25.768,26.4959061
2024-09-19,15,7.252,10.40390255
2024-09-19,16,22.132,11.004914450000001
2024-09-19,17,7.18,5.593626710000001
2024-09-19,18,11.2628,9.96623155
2024-09-19,19,18.72,21.245953999999998
2024-09-19,2,14.511,9.352558649999999
2024-09-19,20,14.86,9.62226
2024-09-19,21,11.936,20.244697099999996
2024-09-19,22,28.82,23.0006777
2024-09-19,23,22.3,12.3026715
2024-09-19,24,20.288,17.25065435
2024-09-19,25,13.86,7.148603675
2024-09-19,26,11.83,14.5117928
2024-09-19,27,17.272,11.13178275
2024-09-19,28,12.258,10.692214550000001
2024-09-19,29,23.652,20.701847899999997
2024-09-19,3,8.228,21.9988132
2024-09-19,30,21.448,18.7851215
2024-09-19,31,37.392,18.57927855
2024-09-19,32,27.428,26.71544395
2024-09-19,33,13.664,8.216188209999999
2024-09-19,34,26.352,9.4687576
2024-09-19,35,29.5428,29.4785419
2024-09-19,36,11.12,10.80814485
2024-09-19,37,10.16,15.64231385
2024-09-19,38,5.5,7.7686578
2024-09-19,39,18.368,16.066416
2024-09-19,4,25.736,24.4356472
2024-09-19,5,8.28,6.715456255
2024-09-19,6,4.748,5.688798285000001
2024-09-19,7,27.532,21.08102395
2024-09-19,8,10.72,9.976402
2024-09-19,9,16.072,16.55415625
2024-09-20,1,8.232,8.59877251
2024-09-20,10,26.98,19.5069832
2024-09-20,11,17.8628,24.46893335
2024-09-20,12,8.69,5.971885349999999
2024-09-20,13,11.911,10.3620586
2024-09-20,14,18.772,24.98883545
2024-09-20,15,22.66,11.000123649999999
2024-09-20,16,14.548,9.70569465
2024-09-20,17,17.14,5.453450235
2024-09-20,18,11.72,9.371151600000001
2024-09-20,19,35.95,22.779708499999998
2024-09-20,2,10.32,9.12535799
2024-09-20,20,13.23,9.5874186
2024-09-20,21,25.744,19.69878555
2024-09-20,22,24.3,23.7160819
2024-09-20,23,24.04,11.5828372
2024-09-20,24,32.752,16.025478200000002
2024-09-20,25,6.96,7.519855549999999
2024-09-20,26,24.83,14.79844155
2024-09-20,27,18.08,10.996979799999998
2024-09-20,28,8.544,11.604473200000001
2024-09-20,29,26.688,18.358986350000002
2024-09-20,3,27.332,21.26098385
2024-09-20,30,22.492,17.8159567
2024-09-20,31,26.016,19.9909517
2024-09-20,32,30.32,25.536307550000004
2024-09-20,33,14.8,8.375428079999999
2024-09-20,34,12.288,8.923856169999999
2024-09-20,35,23.28,27.700287949999996
2024-09-20,36,12.01,10.73287665
2024-09-20,37,24.28,16.49489995
2024-09-20,38,11.52,7.85718635
2024-09-20,39,11.911,15.57623095
2024-09-20,4,14.184,24.275929400000003
2024-09-20,5,5.66,6.7575572699999995
2024-09-20,6,6.34,5.587999655
2024-09-20,7,25.172,21.4049641
2024-09-20,8,13.468,10.03417125
2024-09-20,9,20.028,15.785507249999998
2024-09-21,1,11.112,8.696884
2024-09-21,10,23.632,17.58265025
2024-09-21,11,11.012,23.4829672
2024-09-21,12,8.21,6.12734757
2024-09-21,13,16.608,11.93180615
2024-09-21,14,22.258,25.216074999999996
2024-09-21,15,22.072,10.368686799999999
2024-09-21,16,13.0,10.636970700000001
2024-09-21,17,7.52,5.217710855
2024-09-21,18,20.36,9.023590500000001
2024-09-21,19,27.31,22.27331035
2024-09-21,2,30.068,9.3236482
2024-09-21,20,18.98,9.92138525
2024-09-21,21,21.428,18.08511905
2024-09-21,22,26.248,23.52133865
2024-09-21,23,22.5,12.6053765
2024-09-21,24,25.06,16.33165
2024-09-21,25,13.49,8.041448670000001
2024-09-21,26,29.18,14.369121200000002
2024-09-21,27,20.36,11.495028350000002
2024-09-21,28,22.168,11.830987749999998
2024-09-21,29,36.28,17.9733718
2024-09-21,3,33.12,19.11049655
2024-09-21,30,23.932,18.0523347
2024-09-21,31,29.1428,22.9139676
2024-09-21,32,57.28,25.0870743
2024-09-21,33,20.628,9.14124425
2024-09-21,34,22.311,10.4720645
2024-09-21,35,70.8,28.27791245
2024-09-21,36,13.89,10.59168735
2024-09-21,37,32.708,15.65670415
2024-09-21,38,17.75,7.495689649999999
2024-09-21,39,21.728,15.7881891
2024-09-21,4,30.856,23.9866795
2024-09-21,5,7.98,6.811908065000001
2024-09-21,6,7.22,5.55638549
2024-09-21,7,25.28,21.9274313
2024-09-21,8,16.948,10.0232619
2024-09-21,9,22.82,15.29064345
2024-09-22,1,8.36,9.118427
2024-09-22,10,25.928,19.0217427
2024-09-22,11,11.472,22.588748199999998
2024-09-22,12,4.1,6.707936945
2024-09-22,13,17.72,12.365606499999998
2024-09-22,14,18.28,24.20407745
2024-09-22,15,9.256,11.776972050000001
2024-09-22,16,11.2,11.9519557
2024-09-22,17,10.76,6.59092925
2024-09-22,18,12.376,9.65472055
2024-09-22,19,21.68,23.69000775
2024-09-22,2,14.46,9.756588549999998
2024-09-22,20,6.86,10.398036600000001
2024-09-22,21,18.708,19.0921182
2024-09-22,22,28.492,23.12820735
2024-09-22,23,10.38,14.945334124999999
2024-09-22,24,20.292,18.95292585
2024-09-22,25,7.61,8.153130525000002
2024-09-22,26,13.6,16.038276224999997
2024-09-22,27,10.0,12.748657599999998
2024-09-22,28,6.68,11.52235605
2024-09-22,29,24.848,19.3937527
2024-09-22,3,26.648,19.5474892
2024-09-22,30,13.896,18.724216650000002
2024-09-22,31,20.632,24.070477099999998
2024-09-22,32,27.132,25.23023845
2024-09-22,33,6.76,10.1935046
2024-09-22,34,23.088,11.6327246
2024-09-22,35,33.656,27.1994434
2024-09-22,36,17.1,10.965883000000002
2024-09-22,37,18.76,16.77819535
2024-09-22,38,6.71,8.067926400000001
2024-09-22,39,6.64,15.426481599999999
2024-09-22,4,16.416,21.852453599999997
2024-09-22,5,8.808,7.082964049999999
2024-09-22,6,3.5,6.06443831
2024-09-22,7,21.888,23.03979605
2024-09-22,8,12.8628,10.685448399999999
2024-09-22,9,16.392,15.9389276
2024-09-23,1,2.948,8.977620850000001
2024-09-23,10,17.728,19.88770025
2024-09-23,11,14.25,20.2212499
2024-09-23,12,9.36,6.635442875
2024-09-23,13,9.38,12.319185899999999
2024-09-23,14,12.6,23.2674519
2024-09-23,15,5.8628,13.711110299999998
2024-09-23,16,5.84,11.94965595
2024-09-23,17,5.19,6.74851033
2024-09-23,18,7.432,11.0145122
2024-09-23,19,13.11,24.0934764
2024-09-23,2,5.0,12.295538950000001
2024-09-23,20,5.2,11.3495198
2024-09-23,21,11.5,19.2367807
2024-09-23,22,18.22,23.235329399999998
2024-09-23,23,4.452,17.132264000000003
2024-09-23,24,11.28,20.24970615
2024-09-23,25,9.93,8.3308319
2024-09-23,26,12.1,18.085984
2024-09-23,27,8.248,13.86603415
2024-09-23,28,10.74,12.346732499999998
2024-09-23,29,8.72,21.6876496
2024-09-23,3,14.18,22.01791585
2024-09-23,30,9.652,19.2909976
2024-09-23,31,13.192,24.77877455
2024-09-23,32,14.776,28.875846149999997
2024-09-23,33,3.012,11.4512328
2024-09-23,34,10.732,12.3793559
2024-09-23,35,11.52,31.1480635
2024-09-23,36,5.45,11.05022485
2024-09-23,37,16.828,18.800603600000002
2024-09-23,38,9.9,8.9476886
2024-09-23,39,10.528,16.10799655
2024-09-23,4,33.832,22.216515649999998
2024-09-23,5,5.628,6.826390925
2024-09-23,6,2.248,6.03844281
2024-09-23,7,19.58,22.940277549999998
2024-09-23,8,10.08,11.20271015
2024-09-23,9,16.056,16.8357532
2024-09-24,1,4.868,9.1456418
2024-09-24,10,18.188,21.01368455
2024-09-24,11,11.4,18.31022955
2024-09-24,12,2.49,6.523816175
2024-09-24,13,16.668,13.16934385
2024-09-24,14,10.8628,22.98083595
2024-09-24,15,12.376,13.6729089
2024-09-24,16,16.512,12.069002600000001
2024-09-24,17,7.97,7.19737213
2024-09-24,18,6.752,11.865389075
2024-09-24,19,7.19,23.29429675
2024-09-24,2,6.472,14.1861882
2024-09-24,20,12.21,11.45184845
2024-09-24,21,16.872,19.8087401
2024-09-24,22,16.61242,23.9715575
2024-09-24,23,5.8,16.29434205
2024-09-24,24,11.288,20.81274255
2024-09-24,25,3.528,8.614902875
2024-09-24,26,16.27,17.96322695
2024-09-24,27,9.28,13.9039854
2024-09-24,28,3.9,12.4707066
2024-09-24,29,12.272,25.08533675
2024-09-24,3,9.572,23.6489415
2024-09-24,30,13.24,19.202657900000002
2024-09-24,31,14.368,24.2204724
2024-09-24,32,19.732,31.142940699999997
2024-09-24,33,3.96,11.07775215
2024-09-24,34,5.56,14.2012005
2024-09-24,35,26.872,34.72996205
2024-09-24,36,5.72,12.2071151
2024-09-24,37,12.5828,19.96627805
2024-09-24,38,4.7,9.1099522
2024-09-24,39,12.392,14.887863300000001
2024-09-24,4,18.28,22.5967591
2024-09-24,5,0.0,7.09087932
2024-09-24,6,2.392,6.09999648
2024-09-24,7,21.38,23.02174105
2024-09-24,8,5.288,11.8295845
2024-09-24,9,14.132,17.6735692
2024-09-25,1,16.452,8.638245399999999
2024-09-25,10,31.752,21.7181425
2024-09-25,11,11.728,17.3974387
2024-09-25,12,5.74,7.130918039999999
2024-09-25,13,23.952,13.178798
2024-09-25,14,13.976,21.893504999999998
2024-09-25,15,14.692,12.578315575000001
2024-09-25,16,8.88,11.6184953
2024-09-25,17,12.3,7.242407115
2024-09-25,18,12.8,11.7984075
2024-09-25,19,14.0919485,22.32947875
2024-09-25,2,9.08,13.7340757
2024-09-25,20,12.64,10.895382650000002
2024-09-25,21,22.788,19.39931275
2024-09-25,22,17.610548,24.733046199999997
2024-09-25,23,10.768,14.6766966
2024-09-25,24,20.628,19.95092355
2024-09-25,25,10.828,9.149938075
2024-09-25,26,18.91,16.76175695
2024-09-25,27,11.528,13.326543100000002
2024-09-25,28,17.768,12.526776550000001
2024-09-25,29,20.0,23.327436249999998
2024-09-25,3,22.64,23.36060345
2024-09-25,30,11.892,18.158971049999998
2024-09-25,31,26.288,23.432730300000003
2024-09-25,32,28.26,29.97723525
2024-09-25,33,10.428,9.937847349999998
2024-09-25,34,13.988,14.599401799999999
2024-09-25,35,18.14,32.71464655
2024-09-25,36,8.128,11.90213245
2024-09-25,37,21.08,20.34047705
2024-09-25,38,10.96,9.3377344
2024-09-25,39,16.04,14.24597895
2024-09-25,4,24.376,24.077506500000002
2024-09-25,5,0.0,7.35863045
2024-09-25,6,3.288,6.0914407100000005
2024-09-25,7,20.608,22.92744145
2024-09-25,8,9.88,12.19223955
2024-09-25,9,13.572,17.9141099
2024-09-26,1,10.092,8.350601775000001
2024-09-26,10,20.2,21.6578457
2024-09-26,11,16.432,16.5642387
2024-09-26,12,11.55,7.246549225000001
2024-09-26,13,39.752,13.9844997
2024-09-26,14,41.224,19.429921049999997
2024-09-26,15,30.332,12.827857625
2024-09-26,16,9.432,12.240864049999999
2024-09-26,17,5.51,7.4548256550000005
2024-09-26,18,3.328,11.366366175
2024-09-26,19,11.4796,20.873765300000002
2024-09-26,2,32.696,12.8263066
2024-09-26,20,24.55,10.78106305
2024-09-26,21,28.0,18.969305849999998
2024-09-26,22,19.031319,24.064222200000003
2024-09-26,23,30.14,12.9635159
2024-09-26,24,29.68,18.2912657
2024-09-26,25,13.03,8.787381799999999
2024-09-26,26,21.84,16.402730299999998
2024-09-26,27,21.948,12.822995275
2024-09-26,28,32.2628,11.61583035
2024-09-26,29,36.34,20.495063299999998
2024-09-26,3,33.258,20.2986264
2024-09-26,30,25.896,17.20447405
2024-09-26,31,31.6,21.200983
2024-09-26,32,52.808,26.72733555
2024-09-26,33,13.932,8.9277989
2024-09-26,34,25.272,13.73038725
2024-09-26,35,52.052,29.527897449999998
2024-09-26,36,27.36,10.758697875
2024-09-26,37,26.328,19.4549338
2024-09-26,38,13.95,9.185797725
2024-09-26,39,26.028,14.02557245
2024-09-26,4,36.428,24.4081827
2024-09-26,5,0.0,7.10180521
2024-09-26,6,5.092,6.25727561
2024-09-26,7,41.36,22.384001400000002
2024-09-26,8,23.911,11.486280149999999
2024-09-26,9,32.296,17.5326196
2024-09-27,1,17.728,9.1065207
2024-09-27,10,12.888,22.3241285
2024-09-27,11,12.908,15.5313395
2024-09-27,12,10.91,6.91837135
2024-09-27,13,16.588,15.926793499999999
2024-09-27,14,28.376,17.497402700000002
2024-09-27,15,27.936,13.209510949999999
2024-09-27,16,10.468,11.5384662
2024-09-27,17,3.91,7.945872249999999
2024-09-27,18,16.6,11.087037599999999
2024-09-27,19,14.433362,18.9199593
2024-09-27,2,36.76,11.9153263
2024-09-27,20,20.76,10.833773999999998
2024-09-27,21,30.172,19.21504345
2024-09-27,22,19.317225,22.11130705
2024-09-27,23,11.828,11.8711269
2024-09-27,24,29.98,17.71582565
2024-09-27,25,12.59,8.87677615
2024-09-27,26,11.42,16.4915287
2024-09-27,27,18.28,12.18633745
2024-09-27,28,13.296,12.0607197
2024-09-27,29,36.62,18.67403935
2024-09-27,3,29.64,19.5351808
2024-09-27,30,26.052,15.9554746
2024-09-27,31,35.736,21.7029572
2024-09-27,32,32.9028,25.34659335
2024-09-27,33,20.0,8.6532
2024-09-27,34,19.032,12.8812937
2024-09-27,35,48.668,26.6938388
2024-09-27,36,14.05,9.73896085
2024-09-27,37,32.98,19.0797083
2024-09-27,38,11.66,9.1072066
2024-09-27,39,21.46,14.070483249999999
2024-09-27,4,23.96,23.810467000000003
2024-09-27,5,4.72,6.418157425
2024-09-27,6,5.532,6.21889506
2024-09-27,7,36.832,21.912370349999996
2024-09-27,8,20.188,11.029895775
2024-09-27,9,26.1428,16.2764038
2024-09-28,1,14.86,9.05530705
2024-09-28,10,25.028,21.7797861
2024-09-28,11,17.02,14.760702049999999
2024-09-28,12,12.43,7.022734890000001
2024-09-28,13,20.11,19.637780650000003
2024-09-28,14,27.132,19.4816562
2024-09-28,15,25.56,14.476725249999998
2024-09-28,16,22.372,10.8550939
2024-09-28,17,10.42,7.26521149
2024-09-28,18,20.728,9.62327145
2024-09-28,19,11.553608,16.597403800000002
2024-09-28,2,24.452,13.8455694
2024-09-28,20,22.56,12.1889139
2024-09-28,21,28.36,19.40646995
2024-09-28,22,24.13779,20.47514435
2024-09-28,23,23.172,13.683214150000001
2024-09-28,24,24.628,18.88833535
2024-09-28,25,11.8,9.02464805
2024-09-28,26,21.26,16.47725295
2024-09-28,27,16.472,12.8471367
2024-09-28,28,11.32,14.365742099999999
2024-09-28,29,31.14,20.19108685
2024-09-28,3,21.0,20.07167865
2024-09-28,30,24.268,16.6610939
2024-09-28,31,30.904,22.8723045
2024-09-28,32,55.32,26.1255582
2024-09-28,33,14.428,8.95476265
2024-09-28,34,11.668,14.3362746
2024-09-28,35,39.36,27.3781247
2024-09-28,36,13.52,11.29436015
2024-09-28,37,25.811,18.7790673
2024-09-28,38,11.42,9.19571565
2024-09-28,39,19.728,15.438448300000001
2024-09-28,4,11.711,23.59348185
2024-09-28,5,12.68,5.56609087
2024-09-28,6,5.128,6.0859658
2024-09-28,7,32.168,23.12278115
2024-09-28,8,19.64,12.23134215
2024-09-28,9,23.088,17.60906155
2024-09-29,1,8.34,10.460172100000001
2024-09-29,10,21.24,21.3554414
2024-09-29,11,25.768,14.6699199
2024-09-29,12,8.428,7.91237295
2024-09-29,13,33.788,20.61191015
2024-09-29,14,27.228,22.2350924
2024-09-29,15,24.028,17.329721499999998
2024-09-29,16,10.108,11.027998149999998
2024-09-29,17,8.88,7.067247425
2024-09-29,18,17.932,10.546863
2024-09-29,19,13.728,16.777434475
2024-09-29,2,18.308,18.0535136
2024-09-29,20,14.29,14.454125475
2024-09-29,21,24.456,22.0173969
2024-09-29,22,16.488,20.14704715
2024-09-29,23,17.088,15.110559349999999
2024-09-29,24,11.88,22.161943400000002
2024-09-29,25,10.61,9.6417014
2024-09-29,26,22.09,16.80807855
2024-09-29,27,11.28,14.583577000000002
2024-09-29,28,13.064,15.4482851
2024-09-29,29,32.96,23.6413886
2024-09-29,3,22.66,22.749842049999998
2024-09-29,30,20.56,19.06431355
2024-09-29,31,24.752,25.3344356
2024-09-29,32,39.028,27.9369147
2024-09-29,33,16.12,11.09668065
2024-09-29,34,18.988,15.63423475
2024-09-29,35,41.88,29.64300085
2024-09-29,36,16.0,12.98526485
2024-09-29,37,32.456,21.355401
2024-09-29,38,11.92,10.12120525
2024-09-29,39,16.872,17.2166066
2024-09-29,4,17.288,23.55211885
2024-09-29,5,5.1828,5.62960851
2024-09-29,6,3.92,6.54976855
2024-09-29,7,32.624,26.39247615
2024-09-29,8,14.96,14.56309155
2024-09-29,9,30.68,20.403778250000002
2024-09-30,1,9.028,11.09204205
2024-09-30,10,24.032,20.734442
2024-09-30,11,13.28,14.20238045
2024-09-30,12,8.3,8.25701845
2024-09-30,13,27.872,19.648295750000003
2024-09-30,14,28.452,23.27292875
2024-09-30,15,22.132,19.65653095
2024-09-30,16,14.16,12.31844735
2024-09-30,17,8.79,6.916578675
2024-09-30,18,10.508,12.25219845
2024-09-30,19,23.728,15.634753150000002
2024-09-30,2,14.0,20.8838152
2024-09-30,20,13.46,16.1136366
2024-09-30,21,31.411,23.248436400000003
2024-09-30,22,27.232,20.19234495
2024-09-30,23,31.672,16.3837834
2024-09-30,24,30.88,23.028813749999998
2024-09-30,25,12.37,9.64635225
2024-09-30,26,14.08,17.0329721
2024-09-30,27,17.78,15.12429425
2024-09-30,28,13.36,14.485224299999999
2024-09-30,29,27.612,26.32986245
2024-09-30,3,20.08,23.44722295
2024-09-30,30,21.36,20.130793099999998
2024-09-30,31,27.102,26.884502849999997
2024-09-30,32,43.532,32.50288965
2024-09-30,33,12.908,12.10811655
2024-09-30,34,14.012,14.9280395
2024-09-30,35,23.0,33.79396125
2024-09-30,36,14.32,12.9215265
2024-09-30,37,18.312,23.29662475
2024-09-30,38,17.25,10.10339315
2024-09-30,39,23.84,18.0253258
2024-09-30,4,27.6628,22.143632699999998
2024-09-30,5,2.96,6.074717199999999
2024-09-30,6,1.728,6.118445005
2024-09-30,7,31.96,28.07483405
2024-09-30,8,17.6,15.3129362
2024-09-30,9,27.42,21.5190902
2024-10-01,1,17.28,10.976365099999999
2024-10-01,10,23.28,21.403271099999998
2024-10-01,11,14.052,16.170531349999997
2024-10-01,12,8.09,8.4665856
2024-10-01,13,16.288,21.91007135
2024-10-01,14,24.012,24.421342850000002
2024-10-01,15,26.188,20.85863415
2024-10-01,16,12.56,12.78200955
2024-10-01,17,7.35,7.390356375
2024-10-01,18,22.552,13.8532959
2024-10-01,19,19.94,15.105038800000003
2024-10-01,2,30.1428,21.3395993
2024-10-01,20,22.57,16.149876149999997
2024-10-01,21,31.388,24.0300643
2024-10-01,22,14.928,20.458016
2024-10-01,23,17.012,16.7663918
2024-10-01,24,24.08,21.5532069
2024-10-01,25,9.79,9.9572229
2024-10-01,26,19.48,17.7018716
2024-10-01,27,13.62,14.61596935
2024-10-01,28,11.08,13.75154925
2024-10-01,29,25.456,28.1123439
2024-10-01,3,22.328,23.781487499999997
2024-10-01,30,14.612,20.45119005
2024-10-01,31,30.912,27.0570562
2024-10-01,32,52.28,35.910474
2024-10-01,33,14.732,12.79481365
2024-10-01,34,17.252,15.413815000000001
2024-10-01,35,18.708,35.9823458
2024-10-01,36,13.532,13.78991895
2024-10-01,37,29.048,24.74077035
2024-10-01,38,10.09,10.320297100000001
2024-10-01,39,20.9,17.64018765
2024-10-01,4,17.256,21.08436885
2024-10-01,5,14.376,6.408948745
2024-10-01,6,1.452,6.15044075
2024-10-01,7,36.028,29.2038472
2024-10-01,8,11.708,15.574111499999999
2024-10-01,9,21.4,23.33477305
2024-10-02,1,5.992,11.42244145
2024-10-02,10,25.232,22.411275699999997
2024-10-02,11,19.64,17.62208755
2024-10-02,12,8.91,9.20062615
2024-10-02,13,24.2228,24.099122350000002
2024-10-02,14,17.748,25.9807999
2024-10-02,15,17.5028,22.3871653
2024-10-02,16,23.38,13.773355
2024-10-02,17,7.59,8.1810787
2024-10-02,18,13.25,14.694901349999999
2024-10-02,19,21.17,16.6391077
2024-10-02,2,22.188,21.282498
2024-10-02,20,7.48,15.99727665
2024-10-02,21,12.8228,25.51406325
2024-10-02,22,0.532,21.8827461
2024-10-02,23,10.472,18.72932415
2024-10-02,24,17.012,22.327244999999998
2024-10-02,25,10.928,11.6405295
2024-10-02,26,17.92,17.8542569
2024-10-02,27,13.592,15.25120855
2024-10-02,28,14.68,14.343766024999999
2024-10-02,29,21.9828,28.2840806
2024-10-02,3,14.6,23.7690081
2024-10-02,30,13.6,21.5621611
2024-10-02,31,9.168,27.440732349999998
2024-10-02,32,23.708,37.3583694
2024-10-02,33,9.5,13.4950122
2024-10-02,34,10.648,16.197004075000002
2024-10-02,35,28.24,33.764949
2024-10-02,36,9.856,14.56148425
2024-10-02,37,19.832,25.226085
2024-10-02,38,12.58,12.086376949999998
2024-10-02,39,16.72,19.698145750000002
2024-10-02,4,31.56,23.74161625
2024-10-02,5,10.132,6.832342225
2024-10-02,6,0.72,6.605174074999999
2024-10-02,7,25.068,30.16212795
2024-10-02,8,10.584,16.553256
2024-10-02,9,23.428,25.7151719
2024-10-03,1,19.64,12.6458393
2024-10-03,10,12.368,23.037766249999997
2024-10-03,11,17.22,17.4771425
2024-10-03,12,10.03,9.5724544
2024-10-03,13,10.028,23.786975
2024-10-03,14,20.268,25.9980798
2024-10-03,15,21.548,23.321081799999998
2024-10-03,16,13.288,14.677409350000001
2024-10-03,17,4.75,8.6285553
2024-10-03,18,4.028,16.0675995
2024-10-03,19,18.81,17.5815325
2024-10-03,2,17.132,22.5192469
2024-10-03,20,31.0,16.94864805
2024-10-03,21,28.696,26.6069231
2024-10-03,22,16.316135,21.699226799999998
2024-10-03,23,11.888,19.3285275
2024-10-03,24,25.52,23.23951
2024-10-03,25,10.01,12.46446585
2024-10-03,26,21.21,18.0953197
2024-10-03,27,16.768,15.43665225
2024-10-03,28,8.288,14.1802834
2024-10-03,29,21.696,27.449953349999998
2024-10-03,3,21.612,23.23062815
2024-10-03,30,25.22,21.15224695
2024-10-03,31,32.92,27.543251849999997
2024-10-03,32,37.652,39.1665125
2024-10-03,33,8.68,13.78121585
2024-10-03,34,23.288,16.42405215
2024-10-03,35,17.2,30.9192078
2024-10-03,36,27.292,14.671548474999998
2024-10-03,37,30.74,25.059332499999996
2024-10-03,38,3.78,12.595667324999999
2024-10-03,39,25.74,21.02268475
2024-10-03,4,25.272,24.11297935
2024-10-03,5,13.66,8.0195218
2024-10-03,6,0.46,6.909041475
2024-10-03,7,36.528,30.751642699999998
2024-10-03,8,22.808,16.4103138
2024-10-03,9,18.8,25.67531355
2024-10-04,1,9.056,12.858422950000001
2024-10-04,10,29.28,24.21198925
2024-10-04,11,16.16,17.7724336
2024-10-04,12,10.64,9.757104
2024-10-04,13,19.228,23.51836995
2024-10-04,14,19.028,24.40663875
2024-10-04,15,21.0,23.0395804
2024-10-04,16,25.92,16.21306595
2024-10-04,17,10.81,8.856232799999999
2024-10-04,18,13.612,16.6818233
2024-10-04,19,21.59,18.2579441
2024-10-04,2,36.6,23.12220335
2024-10-04,20,13.21,16.2291714
2024-10-04,21,18.972,25.65168155
2024-10-04,22,21.788,18.514335699999997
2024-10-04,23,19.772,18.05634375
2024-10-04,24,12.908,22.814402649999998
2024-10-04,25,11.08,13.0411755
2024-10-04,26,11.928,18.36651855
2024-10-04,27,13.2,15.180643
2024-10-04,28,12.688,14.757011349999999
2024-10-04,29,24.332,26.178073750000003
2024-10-04,3,26.292,22.5563048
2024-10-04,30,21.248,19.868296949999998
2024-10-04,31,27.432,26.1131187
2024-10-04,32,28.428,38.92640025
2024-10-04,33,4.38,13.434535949999999
2024-10-04,34,17.772,16.02695765
2024-10-04,35,24.992,28.14601595
2024-10-04,36,13.372,14.02123375
2024-10-04,37,25.7,25.18367025
2024-10-04,38,13.43,12.8453412
2024-10-04,39,25.112,20.90310335
2024-10-04,4,16.888,24.875605
2024-10-04,5,10.06,8.788206800000001
2024-10-04,6,0.26,6.925548589999999
2024-10-04,7,25.488,29.774678400000003
2024-10-04,8,21.552,15.789968850000001
2024-10-04,9,24.028,24.72436055
2024-10-05,1,7.352,12.375537225
2024-10-05,10,28.672,22.0132953
2024-10-05,11,13.112,16.6928697
2024-10-05,12,10.38,8.96699825
2024-10-05,13,18.972,21.92430125
2024-10-05,14,21.828,23.1478348
2024-10-05,15,24.06,21.39946185
2024-10-05,16,11.072,15.1494623
2024-10-05,17,8.03,7.185882175
2024-10-05,18,22.068,13.36489325
2024-10-05,19,16.47,17.0486829
2024-10-05,2,17.696,21.5998396
2024-10-05,20,25.36,16.8865324
2024-10-05,21,27.28,23.95511535
2024-10-05,22,17.504,15.593510949999999
2024-10-05,23,37.02,16.10364555
2024-10-05,24,33.272,22.082474750000003
2024-10-05,25,10.9,11.6424086
2024-10-05,26,18.708,17.7020399
2024-10-05,27,18.832,14.5173378
2024-10-05,28,12.664,13.763425900000001
2024-10-05,29,24.092,24.139246999999997
2024-10-05,3,19.328,21.17743235
2024-10-05,30,24.211,19.354071349999998
2024-10-05,31,26.512,24.2783711
2024-10-05,32,28.48,37.31145145
2024-10-05,33,10.92,11.59095
2024-10-05,34,12.388,16.2423042
2024-10-05,35,23.832,26.23094215
2024-10-05,36,12.496,15.261427900000001
2024-10-05,37,31.1,24.08345875
2024-10-05,38,6.69,10.78219835
2024-10-05,39,11.928,20.2751188
2024-10-05,4,25.8,24.3307686
2024-10-05,5,0.02,8.4869995
2024-10-05,6,1.0,5.7089551499999995
2024-10-05,7,25.932,28.598558750000002
2024-10-05,8,18.56,16.29633635
2024-10-05,9,23.784,22.84289995
2024-10-06,1,24.78,13.18719245
2024-10-06,10,28.448,23.006336249999997
2024-10-06,11,14.308,17.19935785
2024-10-06,12,14.69,9.76465725
2024-10-06,13,32.4,21.24432915
2024-10-06,14,22.852,23.501729100000002
2024-10-06,15,29.072,21.9371742
2024-10-06,16,12.92,17.2771015
2024-10-06,17,9.06,7.62620868
2024-10-06,18,22.102,13.6179522
2024-10-06,19,8.58,18.22208145
2024-10-06,2,19.664,24.1021262
2024-10-06,20,11.26,17.65355125
2024-10-06,21,26.428,24.8131201
2024-10-06,22,4.628,16.8640576
2024-10-06,23,19.102,16.6890633
2024-10-06,24,20.072,22.4913532
2024-10-06,25,14.13,11.879869549999999
2024-10-06,26,13.032,17.35565765
2024-10-06,27,20.568,15.1576192
2024-10-06,28,19.888,13.857384
2024-10-06,29,24.448,24.9793572
2024-10-06,3,20.14,23.0604649
2024-10-06,30,25.72,21.0927046
2024-10-06,31,23.1428,26.3774576
2024-10-06,32,31.86,36.1375482
2024-10-06,33,12.652,11.187362675
2024-10-06,34,14.5028,17.8893804
2024-10-06,35,47.64,26.722077400000003
2024-10-06,36,16.7028,16.455764000000002
2024-10-06,37,21.98,26.09548025
2024-10-06,38,13.21,11.096118749999999
2024-10-06,39,23.928,22.151975450000002
2024-10-06,4,9.2,23.9010441
2024-10-06,5,0.0,9.3391229
2024-10-06,6,1.08,5.792622704999999
2024-10-06,7,33.932,29.884119249999998
2024-10-06,8,22.628,18.59453235
2024-10-06,9,25.888,23.580455450000002
2024-10-07,1,7.972,11.956196599999998
2024-10-07,10,22.888,24.1289552
2024-10-07,11,13.908,16.47835835
2024-10-07,12,9.828,9.8020223
2024-10-07,13,14.732,20.5816397
2024-10-07,14,24.532,23.1880326
2024-10-07,15,16.488,22.62032155
2024-10-07,16,14.3,17.1172847
2024-10-07,17,9.23,7.51984789
2024-10-07,18,20.76,14.8965327
2024-10-07,19,24.66,17.652704250000003
2024-10-07,2,11.36,24.577599
2024-10-07,20,10.64,18.506966900000002
2024-10-07,21,27.88,24.9861004
2024-10-07,22,13.35559,17.42875265
2024-10-07,23,29.296,20.017093099999997
2024-10-07,24,22.688,23.324610800000002
2024-10-07,25,13.51,11.33811305
2024-10-07,26,22.112,16.8550597
2024-10-07,27,18.128,15.5635625
2024-10-07,28,12.42,13.2432151
2024-10-07,29,27.711,25.30193135
2024-10-07,3,23.98,22.66267475
2024-10-07,30,28.252,21.69073895
2024-10-07,31,29.808,27.1119771
2024-10-07,32,24.888,36.32982335
2024-10-07,33,14.028,10.6897248
2024-10-07,34,17.608,16.54587835
2024-10-07,35,19.328,26.46300765
2024-10-07,36,12.448,15.451887600000003
2024-10-07,37,27.04,26.72087065
2024-10-07,38,10.59,10.34188835
2024-10-07,39,16.932,20.940802599999998
2024-10-07,4,17.6,22.966583449999998
2024-10-07,5,0.06,8.3178623
2024-10-07,6,5.25,5.25567796
2024-10-07,7,33.028,29.538084050000002
2024-10-07,8,18.0,18.84930405
2024-10-07,9,19.568,23.72065985
2024-10-08,1,8.428,13.51164595
2024-10-08,10,27.411,25.19330515
2024-10-08,11,16.052,16.8062458
2024-10-08,12,12.81,10.631577499999999
2024-10-08,13,13.388,23.28719135
2024-10-08,14,22.168,23.599407
2024-10-08,15,23.752,24.186839300000003
2024-10-08,16,14.228,16.227762849999998
2024-10-08,17,8.35,7.874858074999999
2024-10-08,18,18.08,17.0364969
2024-10-08,19,17.91,16.49739925
2024-10-08,2,32.096,23.79025525
2024-10-08,20,7.93,18.12576915
2024-10-08,21,28.24,25.686040000000002
2024-10-08,22,16.135893,15.924229500000001
2024-10-08,23,17.864,21.41370235
2024-10-08,24,29.032,23.396105050000003
2024-10-08,25,10.56,11.725670749999999
2024-10-08,26,19.988,16.4251019
2024-10-08,27,13.32,16.65910005
2024-10-08,28,18.492,14.135812949999998
2024-10-08,29,21.536,25.9786061
2024-10-08,3,21.928,22.357876400000002
2024-10-08,30,11.128,22.833205149999998
2024-10-08,31,21.832,26.958206200000003
2024-10-08,32,24.9428,35.5594729
2024-10-08,33,12.052,11.33339115
2024-10-08,34,13.3,16.320143849999997
2024-10-08,35,10.64,29.40122345
2024-10-08,36,17.592,15.590500650000001
2024-10-08,37,26.128,27.4138936
2024-10-08,38,14.12,10.611767799999999
2024-10-08,39,22.696,20.8107788
2024-10-08,4,24.128,21.424943550000002
2024-10-08,5,0.068,7.50399535
2024-10-08,6,8.32,5.17309573
2024-10-08,7,41.72,30.310484549999998
2024-10-08,8,17.612,19.5380773
2024-10-08,9,17.32,24.97907325
2024-10-09,1,12.06,13.732517875
2024-10-09,10,25.86,25.5310248
2024-10-09,11,21.292,16.87641745
2024-10-09,12,12.08,11.0664915
2024-10-09,13,32.928,23.9088605
2024-10-09,14,21.311,24.3434318
2024-10-09,15,23.428,23.900431949999998
2024-10-09,16,18.908,16.145565050000002
2024-10-09,17,10.24,8.3345401
2024-10-09,18,18.768,18.448943399999997
2024-10-09,19,21.08,17.89811255
2024-10-09,2,24.32,22.0835162
2024-10-09,20,12.39,16.9234957
2024-10-09,21,22.228,26.5557823
2024-10-09,22,22.868,15.50924665
2024-10-09,23,21.96,23.1547575
2024-10-09,24,32.668,23.95485985
2024-10-09,25,17.32,12.56111955
2024-10-09,26,26.08,17.108874049999997
2024-10-09,27,16.472,17.85382935
2024-10-09,28,14.28,14.626312900000002
2024-10-09,29,22.911,26.37406095
2024-10-09,3,19.392,22.7642989
2024-10-09,30,12.8,24.4577618
2024-10-09,31,27.8,27.21031145
2024-10-09,32,19.488,33.98268605
2024-10-09,33,11.268,12.2381672
2024-10-09,34,11.892,16.73426465
2024-10-09,35,21.46,29.3719376
2024-10-09,36,23.2,15.57414525
2024-10-09,37,23.552,26.4655659
2024-10-09,38,14.1,11.12581785
2024-10-09,39,20.252,21.3042048
2024-10-09,4,25.432,21.10987995
2024-10-09,5,0.0,6.838520140000001
2024-10-09,6,5.028,5.517331069999999
2024-10-09,7,38.12,30.94163115
2024-10-09,8,17.012,20.14828355
2024-10-09,9,26.992,25.06683785
2024-10-10,1,16.248,13.047641
2024-10-10,10,11.568,25.411254
2024-10-10,11,19.52,16.666950649999997
2024-10-10,12,13.42,11.356228125000001
2024-10-10,13,11.592,21.020433949999997
2024-10-10,14,22.228,23.944444949999998
2024-10-10,15,20.096,23.453304850000002
2024-10-10,16,12.828,15.891070724999999
2024-10-10,17,9.75,8.476257125
2024-10-10,18,7.192,19.1550027
2024-10-10,19,19.32,18.83399705
2024-10-10,2,19.48,23.1553457
2024-10-10,20,19.97,15.44006745
2024-10-10,21,11.972,27.163138500000002
2024-10-10,22,8.22,15.4452142
2024-10-10,23,25.148,22.28592195
2024-10-10,24,19.8,24.507718500000003
2024-10-10,25,9.47,12.4604962
2024-10-10,26,17.8,17.96117455
2024-10-10,27,13.98,17.29475465
2024-10-10,28,16.688,14.996996249999999
2024-10-10,29,24.992,25.46608995
2024-10-10,3,24.352,22.74250145
2024-10-10,30,28.12,22.799548549999997
2024-10-10,31,35.96,26.937273599999997
2024-10-10,32,22.288,32.64136325
2024-10-10,33,11.98,12.4603664
2024-10-10,34,24.88,16.7558913
2024-10-10,35,16.92,24.6384252
2024-10-10,36,23.948,15.639218
2024-10-10,37,13.028,26.30005515
2024-10-10,38,8.14,11.58672795
2024-10-10,39,20.172,21.404699649999998
2024-10-10,4,35.8228,21.221775100000002
2024-10-10,5,0.0,6.525104085000001
2024-10-10,6,6.472,6.36161095
2024-10-10,7,30.88,32.16453575
2024-10-10,8,23.464,19.6212845
2024-10-10,9,19.58,23.1899698
2024-10-11,1,8.532,12.20743995
2024-10-11,10,16.452,25.54770015
2024-10-11,11,19.216,17.24754835
2024-10-11,12,7.97,11.29115775
2024-10-11,13,31.288,21.678394750000002
2024-10-11,14,22.252,22.4077055
2024-10-11,15,29.252,22.81892235
2024-10-11,16,14.102,16.5513144
2024-10-11,17,2.6,8.6187106
2024-10-11,18,7.1,18.73734555
2024-10-11,19,22.528,19.049092800000004
2024-10-11,2,33.664,23.73539725
2024-10-11,20,18.88,13.8897714
2024-10-11,21,25.86,25.018375000000002
2024-10-11,22,12.368,15.40114925
2024-10-11,23,22.25,20.676048299999998
2024-10-11,24,23.82,24.720789099999998
2024-10-11,25,13.77,12.83861835
2024-10-11,26,21.72,18.670667349999995
2024-10-11,27,11.308,16.3621442
2024-10-11,28,12.448,14.794258450000001
2024-10-11,29,24.936,23.82648305
2024-10-11,3,23.36,21.24404415
2024-10-11,30,7.472,19.8409482
2024-10-11,31,27.432,24.638622999999995
2024-10-11,32,30.052,28.09730765
2024-10-11,33,21.511,11.84625885
2024-10-11,34,17.84,15.372870525
2024-10-11,35,23.132,22.4932996
2024-10-11,36,20.132,16.05035705
2024-10-11,37,29.392,24.575758399999998
2024-10-11,38,11.25,11.923686750000002
2024-10-11,39,20.888,20.687042
2024-10-11,4,26.6,22.05605395
2024-10-11,5,0.032,6.1091276699999995
2024-10-11,6,33.248,6.751190275
2024-10-11,7,23.08,31.5770467
2024-10-11,8,20.928,18.57929325
2024-10-11,9,11.64,22.6679777
2024-10-12,1,10.06,12.553154450000001
2024-10-12,10,10.452,23.050871049999998
2024-10-12,11,13.872,17.52087545
2024-10-12,12,9.96,11.20793825
2024-10-12,13,14.86,19.954000899999997
2024-10-12,14,23.296,21.5161238
2024-10-12,15,19.24,21.7808842
2024-10-12,16,14.528,15.8482564
2024-10-12,17,9.72,8.37898005
2024-10-12,18,26.108,16.2380567
2024-10-12,19,23.5,18.8247429
2024-10-12,2,32.52,22.1962385
2024-10-12,20,18.76,14.55459035
2024-10-12,21,25.952,22.872382799999997
2024-10-12,22,18.211,14.36046655
2024-10-12,23,28.2,20.26670385
2024-10-12,24,25.58,24.43532355
2024-10-12,25,10.1,12.147925
2024-10-12,26,27.18,18.7161303
2024-10-12,27,11.2,15.5017232
2024-10-12,28,14.412,14.30755525
2024-10-12,29,21.92,23.017661599999997
2024-10-12,3,18.76,21.0635074
2024-10-12,30,17.328,20.291256450000002
2024-10-12,31,29.8,25.5067452
2024-10-12,32,32.572,25.9300433
2024-10-12,33,8.92,11.2250269
2024-10-12,34,10.64,16.2461943
2024-10-12,35,10.388,20.72633895
2024-10-12,36,12.4,17.7671069
2024-10-12,37,20.988,22.8857048
2024-10-12,38,16.33,11.049114275
2024-10-12,39,17.34,20.333355949999998
2024-10-12,4,19.984,22.8540054
2024-10-12,5,0.032,5.6157073749999995
2024-10-12,6,35.56,7.033992934999999
2024-10-12,7,30.092,31.13101925
2024-10-12,8,11.6,19.231775499999998
2024-10-12,9,25.028,21.773519
2024-10-13,1,10.232,12.40949605
2024-10-13,10,28.988,22.292782850000002
2024-10-13,11,12.28,18.190558
2024-10-13,12,8.63,11.127009099999999
2024-10-13,13,25.828,21.007594
2024-10-13,14,22.76,21.59602235
2024-10-13,15,20.492,22.39601675
2024-10-13,16,10.464,16.19396015
2024-10-13,17,9.59,7.867071345
2024-10-13,18,19.532,14.776394699999999
2024-10-13,19,24.61,19.668831599999997
2024-10-13,2,25.748,23.9197914
2024-10-13,20,19.39,15.21171695
2024-10-13,21,17.36,22.39751675
2024-10-13,22,12.98,14.044196549999999
2024-10-13,23,18.048,20.73195505
2024-10-13,24,27.02,23.7451384
2024-10-13,25,10.39,12.340382900000002
2024-10-13,26,24.028,18.9962848
2024-10-13,27,19.352,14.96701315
2024-10-13,28,14.38,14.305330549999999
2024-10-13,29,26.96,23.5583338
2024-10-13,3,19.016,22.057923
2024-10-13,30,22.66,19.624289949999998
2024-10-13,31,23.232,26.66233055
2024-10-13,32,27.488,25.7733269
2024-10-13,33,11.828,12.483962850000001
2024-10-13,34,19.456,17.49773045
2024-10-13,35,16.988,21.08054645
2024-10-13,36,17.416,18.64888195
2024-10-13,37,25.7,23.20799985
2024-10-13,38,8.11,11.247964199999998
2024-10-13,39,26.652,20.908741999999997
2024-10-13,4,24.496,23.64980645
2024-10-13,5,0.28,5.32108123
2024-10-13,6,39.952,10.69710576
2024-10-13,7,25.788,29.865432999999996
2024-10-13,8,18.048,20.26654035
2024-10-13,9,23.228,20.425490500000002
2024-10-14,1,18.448,11.5495227
2024-10-14,10,29.28,20.4003153
2024-10-14,11,11.08,17.2147831
2024-10-14,12,10.58,10.56598915
2024-10-14,13,25.028,20.562099099999998
2024-10-14,14,23.12,21.64635255
2024-10-14,15,20.76,22.71410105
2024-10-14,16,19.336,15.332193649999997
2024-10-14,17,4.53,7.572810585
2024-10-14,18,17.068,15.741340650000001
2024-10-14,19,17.428,19.764048250000002
2024-10-14,2,29.84,25.259842499999998
2024-10-14,20,10.11,16.029647325
2024-10-14,21,30.976,23.0942757
2024-10-14,22,13.417414,14.19616245
2024-10-14,23,22.492,22.41495405
2024-10-14,24,29.368,24.19768955
2024-10-14,25,10.59,11.765311950000001
2024-10-14,26,24.768,19.74423025
2024-10-14,27,18.448,14.18034625
2024-10-14,28,16.028,13.875820350000001
2024-10-14,29,24.272,23.41089975
2024-10-14,3,24.532,21.3951595
2024-10-14,30,17.508,18.4410668
2024-10-14,31,36.0,27.12245555
2024-10-14,32,39.112,26.539289800000002
2024-10-14,33,5.42,12.10060295
2024-10-14,34,18.56,16.12463415
2024-10-14,35,16.7028,19.6494526
2024-10-14,36,13.952,17.3947577
2024-10-14,37,21.232,23.762049599999997
2024-10-14,38,13.82,11.3612979
2024-10-14,39,21.0,19.761035749999998
2024-10-14,4,33.648,23.6303801
2024-10-14,5,0.0,4.737479645
2024-10-14,6,19.056,15.29761125
2024-10-14,7,30.788,28.896417600000003
2024-10-14,8,25.432,18.904171400000003
2024-10-14,9,18.172,20.3104388
2024-10-15,1,12.82,11.955413625
2024-10-15,10,26.28,21.15110895
2024-10-15,11,13.232,16.4300747
2024-10-15,12,12.42,10.581355949999999
2024-10-15,13,17.664,21.99722905
2024-10-15,14,21.984,22.300689749999997
2024-10-15,15,19.736,23.2269333
2024-10-15,16,14.3828,14.666497549999999
2024-10-15,17,2.18,7.94897058
2024-10-15,18,17.1828,17.6776597
2024-10-15,19,18.39,20.14557025
2024-10-15,2,18.652,26.34216375
2024-10-15,20,21.72,16.6205032
2024-10-15,21,30.972,23.04571455
2024-10-15,22,17.19786,13.98700865
2024-10-15,23,11.668,22.242997799999998
2024-10-15,24,23.24,24.602554249999997
2024-10-15,25,10.528,11.7075614
2024-10-15,26,27.584,20.6068955
2024-10-15,27,16.52,15.089522474999999
2024-10-15,28,29.08,14.347235950000002
2024-10-15,29,24.76,24.0953536
2024-10-15,3,23.44,20.956584149999998
2024-10-15,30,10.411,19.482453500000002
2024-10-15,31,32.64,27.051572900000004
2024-10-15,32,28.148,27.60956375
2024-10-15,33,5.38,12.0378613
2024-10-15,34,11.592,16.2068845
2024-10-15,35,22.52,19.94411495
2024-10-15,36,17.168,17.0901162
2024-10-15,37,32.296,23.840100650000004
2024-10-15,38,8.13,11.3911005
2024-10-15,39,27.588,21.059985349999998
2024-10-15,4,31.792,23.17471425
2024-10-15,5,3.016,4.583304895
2024-10-15,6,35.24,20.32620525
2024-10-15,7,28.532,29.134957
2024-10-15,8,22.672,18.54154195
2024-10-15,9,16.732,21.7277682
2024-10-16,1,10.25,12.96348755
2024-10-16,10,33.14,23.07689555
2024-10-16,11,21.08,15.8305906
2024-10-16,12,14.29,10.7580049
2024-10-16,13,27.108,23.3867445
2024-10-16,14,22.896,23.28849765
2024-10-16,15,16.412,22.915237400000002
2024-10-16,16,24.256,15.52857015
2024-10-16,17,16.33,7.78461712
2024-10-16,18,19.868,18.64149365
2024-10-16,19,22.75,20.889642000000002
2024-10-16,2,19.2,26.628808900000003
2024-10-16,20,21.52,16.0747293
2024-10-16,21,28.02,24.3548261
2024-10-16,22,14.112,14.196876499999998
2024-10-16,23,32.752,22.776727
2024-10-16,24,27.432,25.64347295
2024-10-16,25,10.228,12.007616875
2024-10-16,26,19.228,21.8498857
2024-10-16,27,25.36,16.5938716
2024-10-16,28,16.38,15.0019807
2024-10-16,29,24.528,25.1378879
2024-10-16,3,18.211,22.2366886
2024-10-16,30,20.172,20.59110785
2024-10-16,31,26.72,28.662528750000003
2024-10-16,32,42.72,29.310549150000003
2024-10-16,33,5.28,11.56106645
2024-10-16,34,17.028,17.3542182
2024-10-16,35,26.176,19.7634146
2024-10-16,36,14.992,17.02358465
2024-10-16,37,24.232,24.35740795
2024-10-16,38,17.02,11.775441775
2024-10-16,39,21.508,22.0631931
2024-10-16,4,22.816,25.1118901
2024-10-16,5,16.24,4.254820199999999
2024-10-16,6,27.32,22.26217545
2024-10-16,7,35.708,29.411716749999997
2024-10-16,8,17.428,20.0639444
2024-10-16,9,18.628,22.1753558
2024-10-17,1,8.74,13.47796955
2024-10-17,10,9.112,24.47283875
2024-10-17,11,12.248,15.4744542
2024-10-17,12,8.45,11.2915922
2024-10-17,13,13.732,22.41963285
2024-10-17,14,21.9028,23.457222700000003
2024-10-17,15,32.452,22.680990549999997
2024-10-17,16,11.5428,15.935744825
2024-10-17,17,5.52,7.1470586350000005
2024-10-17,18,3.092,18.7730531
2024-10-17,19,17.86,20.58989005
2024-10-17,2,26.588,26.80307055
2024-10-17,20,12.82,16.1184542
2024-10-17,21,30.0,26.2163209
2024-10-17,22,22.228,15.009486849999998
2024-10-17,23,9.952,21.0901743
2024-10-17,24,20.968,25.914615599999998
2024-10-17,25,13.12,12.009326999999999
2024-10-17,26,21.052,22.954940800000003
2024-10-17,27,14.132,16.992151449999998
2024-10-17,28,10.211,17.6005796
2024-10-17,29,19.572,25.0722113
2024-10-17,3,22.328,23.1631907
2024-10-17,30,14.548,19.00387095
2024-10-17,31,24.248,29.839618400000003
2024-10-17,32,31.492,30.3845799
2024-10-17,33,17.148,10.6157459
2024-10-17,34,23.12,17.066482450000002
2024-10-17,35,18.3028,19.5651537
2024-10-17,36,9.192,17.2234652
2024-10-17,37,17.64,25.402314
2024-10-17,38,12.05,11.642220850000001
2024-10-17,39,24.8,23.328119550000004
2024-10-17,4,65.68,26.979969099999998
2024-10-17,5,16.28,4.3903966
2024-10-17,6,30.752,24.0777658
2024-10-17,7,28.112,30.0510887
2024-10-17,8,25.936,21.3416383
2024-10-17,9,23.748,21.1711575
2024-10-18,1,12.08,13.12922135
2024-10-18,10,36.428,26.15414685
2024-10-18,11,11.0,16.5957367
2024-10-18,12,8.75,12.01586185
2024-10-18,13,33.936,23.585203999999997
2024-10-18,14,26.36,23.488966149999996
2024-10-18,15,21.828,22.0610595
2024-10-18,16,18.776,17.583064049999997
2024-10-18,17,13.72,8.055463940000001
2024-10-18,18,14.48,19.19270235
2024-10-18,19,17.96,20.9658744
2024-10-18,2,10.332,25.60277265
2024-10-18,20,10.37,16.964587299999998
2024-10-18,21,25.672,27.0625224
2024-10-18,22,16.58,15.547892950000001
2024-10-18,23,11.536,21.70931315
2024-10-18,24,10.032,26.312146900000002
2024-10-18,25,19.32,12.1482585
2024-10-18,26,19.708,23.3008004
2024-10-18,27,17.211,18.28459255
2024-10-18,28,22.896,18.6423801
2024-10-18,29,10.368,24.91835865
2024-10-18,3,21.0,22.632044299999997
2024-10-18,30,13.46,18.54352985
2024-10-18,31,25.812,29.66559785
2024-10-18,32,22.568,31.174735499999997
2024-10-18,33,13.872,9.783647949999999
2024-10-18,34,10.62,16.5139357
2024-10-18,35,17.808,20.9989524
2024-10-18,36,10.848,17.506356
2024-10-18,37,23.008,26.02997425
2024-10-18,38,13.17,12.43170315
2024-10-18,39,20.672,23.6296643
2024-10-18,4,48.0628,26.965477999999997
2024-10-18,5,16.28,5.62397998
2024-10-18,6,13.58,25.0081853
2024-10-18,7,33.34,30.7268445
2024-10-18,8,18.832,21.18804465
2024-10-18,9,11.052,20.88876925
2024-10-19,1,11.64,12.25967885
2024-10-19,10,30.258,23.8199404
2024-10-19,11,18.248,16.2557327
2024-10-19,12,10.01,11.4985431
2024-10-19,13,10.732,21.44454235
2024-10-19,14,21.008,22.85031925
2024-10-19,15,23.012,22.0873894
2024-10-19,16,24.48,16.92674925
2024-10-19,17,16.12,7.7189689050000005
2024-10-19,18,13.88,16.42448465
2024-10-19,19,20.76,20.353548850000003
2024-10-19,2,21.96,24.299902600000003
2024-10-19,20,11.76,16.46458355
2024-10-19,21,14.11,26.18794465
2024-10-19,22,11.712,15.731236500000001
2024-10-19,23,36.172,20.6868552
2024-10-19,24,20.08,25.055410950000002
2024-10-19,25,11.85,11.8602452
2024-10-19,26,13.42,22.302381150000002
2024-10-19,27,10.576,17.72417
2024-10-19,28,21.911,17.1562492
2024-10-19,29,14.248,23.81679595
2024-10-19,3,29.1,22.1870508
2024-10-19,30,31.26,18.4441792
2024-10-19,31,32.08,28.630283999999996
2024-10-19,32,18.352,31.026282300000002
2024-10-19,33,14.832,10.26698735
2024-10-19,34,13.292,17.49656625
2024-10-19,35,8.848,20.670168150000002
2024-10-19,36,17.92,16.32872785
2024-10-19,37,41.332,24.14207575
2024-10-19,38,10.11,12.444178224999998
2024-10-19,39,14.168,23.1567059
2024-10-19,4,59.711,29.00281325
2024-10-19,5,2.56,6.990326124999999
2024-10-19,6,32.68,24.93202445
2024-10-19,7,23.732,29.898958399999998
2024-10-19,8,26.248,21.4916862
2024-10-19,9,17.168,20.7713679
2024-10-20,1,5.42,12.19626735
2024-10-20,10,32.172,24.59305525
2024-10-20,11,10.1828,15.59280725
2024-10-20,12,3.74,11.081914099999999
2024-10-20,13,33.748,23.141718750000003
2024-10-20,14,23.288,23.277297649999998
2024-10-20,15,17.24,23.13085265
2024-10-20,16,13.028,17.104075199999997
2024-10-20,17,2.68,8.3053108
2024-10-20,18,9.688,15.294647075
2024-10-20,19,5.19,20.2071767
2024-10-20,2,9.668,23.2145146
2024-10-20,20,12.96,15.5185552
2024-10-20,21,33.6,26.389753499999998
2024-10-20,22,20.28,16.44147505
2024-10-20,23,23.52,18.8837756
2024-10-20,24,23.288,23.030764599999998
2024-10-20,25,18.97,13.151047025
2024-10-20,26,21.888,22.12299705
2024-10-20,27,13.952,17.416546
2024-10-20,28,20.028,17.3943997
2024-10-20,29,17.9028,22.07745715
2024-10-20,3,20.548,22.349855149999996
2024-10-20,30,14.28,17.47582135
2024-10-20,31,38.16,27.73976
2024-10-20,32,44.968,30.24140655
2024-10-20,33,20.168,11.65500525
2024-10-20,34,12.296,17.755717100000002
2024-10-20,35,32.192,20.524669699999997
2024-10-20,36,17.128,15.41077945
2024-10-20,37,33.1,24.195400149999998
2024-10-20,38,19.57,12.8829696
2024-10-20,39,21.512,23.113601850000002
2024-10-20,4,36.432,32.7323884
2024-10-20,5,2.1828,8.86159458
2024-10-20,6,24.748,24.85328925
2024-10-20,7,20.048,29.2951791
2024-10-20,8,22.211,21.8118743
2024-10-20,9,31.0,19.3506789
2024-10-21,1,11.18,11.6138938
2024-10-21,10,29.06,24.76334595
2024-10-21,11,8.6,15.2357912
2024-10-21,12,9.05,10.24461245
2024-10-21,13,33.652,21.4536211
2024-10-21,14,25.102,22.8803282
2024-10-21,15,22.552,22.94406015
2024-10-21,16,27.304,17.81753355
2024-10-21,17,10.71,9.017429150000002
2024-10-21,18,25.78,14.913430475
2024-10-21,19,19.24,19.661851650000003
2024-10-21,2,20.8,22.472942099999997
2024-10-21,20,7.89,14.42506855
2024-10-21,21,38.2,24.45408055
2024-10-21,22,29.012,15.4065065
2024-10-21,23,24.188,20.49908145
2024-10-21,24,46.0,21.371547200000002
2024-10-21,25,17.37,12.7772875
2024-10-21,26,2.56,20.3629864
2024-10-21,27,9.592,15.73615775
2024-10-21,28,16.472,17.82282005
2024-10-21,29,18.776,19.821333449999997
2024-10-21,3,24.872,22.4282576
2024-10-21,30,20.612,18.61562035
2024-10-21,31,27.68,27.7820173
2024-10-21,32,39.48,28.146427099999997
2024-10-21,33,10.768,11.62208155
2024-10-21,34,19.992,15.9124992
2024-10-21,35,31.552,17.56862915
2024-10-21,36,13.384,14.70372075
2024-10-21,37,39.98,25.2648602
2024-10-21,38,12.72,12.144229275
2024-10-21,39,16.112,21.09659305
2024-10-21,4,25.368,36.81101245
2024-10-21,5,4.328,8.140200625
2024-10-21,6,10.48,24.823795699999998
2024-10-21,7,27.032,28.56196335
2024-10-21,8,11.8,21.1165442
2024-10-21,9,22.088,18.2871929
2024-10-22,1,21.64,10.857550849999999
2024-10-22,10,30.48,26.1061978
2024-10-22,11,17.136,14.8011528
2024-10-22,12,9.46,9.27782135
2024-10-22,13,22.3,22.620553200000003
2024-10-22,14,23.432,22.8855074
2024-10-22,15,19.488,22.3834705
2024-10-22,16,27.656,17.5501651
2024-10-22,17,10.05,8.5399988
2024-10-22,18,10.028,14.419005000000002
2024-10-22,19,16.72,17.914603200000002
2024-10-22,2,12.428,21.3252578
2024-10-22,20,12.88,14.48737715
2024-10-22,21,28.468,24.40446445
2024-10-22,22,12.112,15.6352985
2024-10-22,23,19.572,21.525927599999996
2024-10-22,24,14.052,21.781294799999998
2024-10-22,25,13.09,13.519798125000001
2024-10-22,26,25.952,19.7440157
2024-10-22,27,9.136,15.310207049999999
2024-10-22,28,21.068,18.257963099999998
2024-10-22,29,19.852,19.5442799
2024-10-22,3,25.552,22.4441146
2024-10-22,30,10.488,19.3007858
2024-10-22,31,36.84,28.8851832
2024-10-22,32,37.592,28.7237522
2024-10-22,33,12.411,12.8788462
2024-10-22,34,19.792,15.4966722
2024-10-22,35,35.748,18.5567217
2024-10-22,36,9.376,15.0709862
2024-10-22,37,30.7,27.2415985
2024-10-22,38,9.78,12.616355949999999
2024-10-22,39,14.32,21.0570393
2024-10-22,4,44.2228,39.73577035
2024-10-22,5,1.088,7.404037000000001
2024-10-22,6,14.2528,25.97592685
2024-10-22,7,27.028,27.00935
2024-10-22,8,30.012,21.46109705
2024-10-22,9,26.48,20.4747414
2024-10-23,1,10.25,11.20671355
2024-10-23,10,38.632,27.6195467
2024-10-23,11,9.912,14.03604585
2024-10-23,12,10.75,9.20517725
2024-10-23,13,24.46,25.79737605
2024-10-23,14,28.136,23.8535367
2024-10-23,15,17.512,22.350813699999996
2024-10-23,16,23.352,19.5862465
2024-10-23,17,9.63,8.66669426
2024-10-23,18,7.88,16.349334849999998
2024-10-23,19,26.12,17.605534350000003
2024-10-23,2,44.76,21.692399299999998
2024-10-23,20,18.96,13.982342800000001
2024-10-23,21,25.18,27.227608150000002
2024-10-23,22,49.632,18.0851765
2024-10-23,23,24.852,22.4480226
2024-10-23,24,27.892,25.4387954
2024-10-23,25,21.73,14.9580463
2024-10-23,26,10.728,17.83764455
2024-10-23,27,26.952,15.123185050000002
2024-10-23,28,45.36,18.69059825
2024-10-23,29,17.96,20.11303685
2024-10-23,3,29.856,23.42392335
2024-10-23,30,20.648,19.99863215
2024-10-23,31,26.232,30.5476181
2024-10-23,32,28.608,32.315920150000004
2024-10-23,33,18.332,13.0852407
2024-10-23,34,19.868,16.64866195
2024-10-23,35,20.172,21.813695250000002
2024-10-23,36,8.452,15.355656149999998
2024-10-23,37,31.82,28.8767727
2024-10-23,38,11.11,13.17683925
2024-10-23,39,12.008,21.09762695
2024-10-23,4,39.8628,39.695525499999995
2024-10-23,5,0.0,7.127389189999999
2024-10-23,6,29.696,24.323715299999996
2024-10-23,7,22.572,26.996752
2024-10-23,8,12.56,21.412201250000003
2024-10-23,9,24.112,22.3432813
2024-10-24,1,10.552,13.258434975
2024-10-24,10,8.828,28.736539550000003
2024-10-24,11,14.472,14.566503749999999
2024-10-24,12,1.65,9.63731065
2024-10-24,13,25.212,26.567660599999996
2024-10-24,14,23.384,24.7460996
2024-10-24,15,17.568,22.653363
2024-10-24,16,25.072,22.0739332
2024-10-24,17,9.67,8.9247189
2024-10-24,18,19.52,16.8680504
2024-10-24,19,13.47,18.1137134
2024-10-24,2,29.832,20.9939075
2024-10-24,20,4.24,14.1960883
2024-10-24,21,25.96,29.502345400000003
2024-10-24,22,9.148,18.83226585
2024-10-24,23,21.336,21.98507025
2024-10-24,24,25.248,26.23977135
2024-10-24,25,12.53,15.30703145
2024-10-24,26,14.6628,18.4489569
2024-10-24,27,13.311,14.5642165
2024-10-24,28,13.132,20.20644625
2024-10-24,29,19.708,20.86621265
2024-10-24,3,26.372,24.76871765
2024-10-24,30,17.992,19.1794482
2024-10-24,31,27.296,32.3234679
2024-10-24,32,37.328,34.4801117
2024-10-24,33,13.188,13.058021400000001
2024-10-24,34,11.628,17.7327544
2024-10-24,35,10.256,25.4508157
2024-10-24,36,20.76,14.8997426
2024-10-24,37,44.228,31.284978749999997
2024-10-24,38,17.14,12.8961143
2024-10-24,39,20.2,20.90752405
2024-10-24,4,28.096,40.35051475
2024-10-24,5,3.232,6.81040916
2024-10-24,6,35.112,23.307866750000002
2024-10-24,7,36.8,27.6552829
2024-10-24,8,20.056,23.002018399999997
2024-10-24,9,21.0,23.70092175
2024-10-25,1,10.32,13.799163
2024-10-25,10,26.052,30.9183503
2024-10-25,11,16.056,14.60592315
2024-10-25,12,7.76,10.23598865
2024-10-25,13,29.64,26.2592475
2024-10-25,14,26.928,25.20518505
2024-10-25,15,16.772,21.7831613
2024-10-25,16,24.728,23.4234108
2024-10-25,17,2.01,9.4910555
2024-10-25,18,17.028,15.696908
2024-10-25,19,13.67,19.6016406
2024-10-25,2,26.32,23.427785200000002
2024-10-25,20,24.08,15.0254185
2024-10-25,21,35.911,28.978632899999997
2024-10-25,22,11.7868,22.26159455
2024-10-25,23,18.711,22.41384995
2024-10-25,24,23.088,25.6487853
2024-10-25,25,19.89,16.3713021
2024-10-25,26,17.288,18.02944025
2024-10-25,27,10.088,16.6075522
2024-10-25,28,27.96,23.7376383
2024-10-25,29,19.76,20.68077135
2024-10-25,3,23.092,25.29891825
2024-10-25,30,16.288,19.394703099999997
2024-10-25,31,41.096,31.845959
2024-10-25,32,44.744,34.833107150000004
2024-10-25,33,11.652,13.68557095
2024-10-25,34,19.0,18.42471755
2024-10-25,35,6.392,26.17466395
2024-10-25,36,9.211,13.62557235
2024-10-25,37,37.88,30.9753023
2024-10-25,38,18.89,12.85678555
2024-10-25,39,31.74,19.283260849999998
2024-10-25,4,31.736,38.666226
2024-10-25,5,2.3,6.7254752799999995
2024-10-25,6,32.528,23.842046250000003
2024-10-25,7,31.12,27.202289150000002
2024-10-25,8,35.704,22.39882805
2024-10-25,9,27.82,23.86249015
2024-10-26,1,17.976,12.59179275
2024-10-26,10,24.68,27.3900882
2024-10-26,11,10.132,13.866236325
2024-10-26,12,12.09,8.8061498
2024-10-26,13,39.32,24.202597
2024-10-26,14,28.768,24.2721279
2024-10-26,15,10.108,20.85789115
2024-10-26,16,42.74,22.817821950000003
2024-10-26,17,10.89,9.0399192
2024-10-26,18,11.132,14.8331938
2024-10-26,19,20.8,18.7312895
2024-10-26,2,20.808,24.9366801
2024-10-26,20,16.2,13.16318205
2024-10-26,21,31.0,27.430726749999998
2024-10-26,22,10.1,22.145871
2024-10-26,23,24.18,21.1463548
2024-10-26,24,10.032,25.0220115
2024-10-26,25,18.45,15.605848725
2024-10-26,26,21.18,16.485309700000002
2024-10-26,27,21.46,16.24631905
2024-10-26,28,12.28,22.92088785
2024-10-26,29,21.011,19.7575491
2024-10-26,3,18.936,25.0372983
2024-10-26,30,20.112,18.95153135
2024-10-26,31,45.696,29.422520750000004
2024-10-26,32,39.588,32.75237575
2024-10-26,33,11.4,13.6448227
2024-10-26,34,10.76,17.569877549999998
2024-10-26,35,24.74,22.6378314
2024-10-26,36,8.948,13.441910749999998
2024-10-26,37,28.3028,30.35366865
2024-10-26,38,4.4,12.8511931
2024-10-26,39,16.66,18.51518095
2024-10-26,4,42.102,36.2908166
2024-10-26,5,11.452,6.3911773499999995
2024-10-26,6,27.064,25.124568099999998
2024-10-26,7,27.628,26.494478299999997
2024-10-26,8,12.096,21.44962975
2024-10-26,9,27.88,22.980695349999998
2024-10-27,1,11.272,12.34045015
2024-10-27,10,19.456,26.5751875
2024-10-27,11,11.428,14.3846299
2024-10-27,12,9.3,8.4712509
2024-10-27,13,13.256,25.40211805
2024-10-27,14,20.2628,24.5967667
2024-10-27,15,25.572,20.14637435
2024-10-27,16,37.2,23.32481205
2024-10-27,17,9.58,8.385401775
2024-10-27,18,11.096,15.743402
2024-10-27,19,11.17,17.8148984
2024-10-27,2,36.944,24.94679745
2024-10-27,20,13.8,13.99303745
2024-10-27,21,19.456,28.24439735
2024-10-27,22,44.26,19.87873665
2024-10-27,23,19.211,20.374700599999997
2024-10-27,24,25.888,24.42161375
2024-10-27,25,17.25,16.3376433
2024-10-27,26,24.772,16.47129055
2024-10-27,27,18.692,15.4481425
2024-10-27,28,26.128,22.94410515
2024-10-27,29,17.068,19.58432425
2024-10-27,3,19.5028,24.671653300000003
2024-10-27,30,9.98,18.738682700000002
2024-10-27,31,43.984,29.70884045
2024-10-27,32,38.12,33.606501200000004
2024-10-27,33,9.576,13.6173246
2024-10-27,34,18.944,17.45144205
2024-10-27,35,12.811,19.501024700000002
2024-10-27,36,16.092,13.3308706
2024-10-27,37,28.0,31.3506145
2024-10-27,38,11.29,14.19277335
2024-10-27,39,19.0,20.6764193
2024-10-27,4,28.064,33.574451749999994
2024-10-27,5,0.976,6.390818475
2024-10-27,6,28.736,26.005997999999998
2024-10-27,7,25.25,27.7968125
2024-10-27,8,25.0,23.033186299999997
2024-10-27,9,11.108,23.0044687
2024-10-28,1,5.311,12.53259255
2024-10-28,10,31.792,25.817210099999997
2024-10-28,11,14.104,13.675143499999999
2024-10-28,12,3.4,8.422153849999999
2024-10-28,13,29.072,26.049125
2024-10-28,14,27.108,24.7987733
2024-10-28,15,17.8,18.5844947
2024-10-28,16,36.948,25.55328915
2024-10-28,17,9.56,8.068312825000001
2024-10-28,18,17.052,14.6480348
2024-10-28,19,12.23,17.158756699999998
2024-10-28,2,24.32,24.254130749999998
2024-10-28,20,18.29,14.32827875
2024-10-28,21,24.384,28.029029450000003
2024-10-28,22,12.58,17.12335375
2024-10-28,23,24.776,20.9344217
2024-10-28,24,17.432,21.883774600000002
2024-10-28,25,11.59,16.2405362
2024-10-28,26,18.548,16.05504855
2024-10-28,27,13.848,15.089423499999999
2024-10-28,28,24.288,21.537885199999998
2024-10-28,29,20.5828,18.99066505
2024-10-28,3,19.308,23.490845999999998
2024-10-28,30,31.928,18.7927934
2024-10-28,31,28.424,31.852966549999998
2024-10-28,32,39.48,33.73870165
2024-10-28,33,22.8228,12.676505800000001
2024-10-28,34,13.768,15.903811099999999
2024-10-28,35,22.528,18.102477299999997
2024-10-28,36,10.688,12.0690983
2024-10-28,37,46.24,31.98852885
2024-10-28,38,9.31,12.62688675
2024-10-28,39,11.18,20.328653600000003
2024-10-28,4,21.96,35.2259797
2024-10-28,5,1.84,6.5639629
2024-10-28,6,26.332,26.258025250000003
2024-10-28,7,32.752,27.6759873
2024-10-28,8,11.852,22.200672
2024-10-28,9,16.102,23.429771700000003
2024-10-29,1,11.008,12.3175276
2024-10-29,10,21.24,25.038020949999996
2024-10-29,11,11.428,13.016220950000001
2024-10-29,12,17.1,8.37776915
2024-10-29,13,23.46,26.11602355
2024-10-29,14,21.588,24.47531125
2024-10-29,15,16.66,18.82272185
2024-10-29,16,32.592,27.714883800000003
2024-10-29,17,9.26,7.99870964
2024-10-29,18,12.132,13.6718649
2024-10-29,19,10.96,15.7999617
2024-10-29,2,44.628,24.77831305
2024-10-29,20,16.27,14.3938308
2024-10-29,21,26.508,27.4598365
2024-10-29,22,16.320282,19.557233250000003
2024-10-29,23,27.552,20.8326045
2024-10-29,24,37.7,21.44054445
2024-10-29,25,21.27,16.40526165
2024-10-29,26,17.948,17.04318395
2024-10-29,27,11.832,15.66173515
2024-10-29,28,11.512,21.230051250000002
2024-10-29,29,19.412,18.62603825
2024-10-29,3,26.852,22.0924296
2024-10-29,30,12.352,17.492574500000003
2024-10-29,31,36.296,34.8469138
2024-10-29,32,36.6,35.750568200000004
2024-10-29,33,17.988,12.1425898
2024-10-29,34,17.66,15.578477499999998
2024-10-29,35,28.568,18.2882506
2024-10-29,36,9.46,12.2134222
2024-10-29,37,38.248,31.318357849999998
2024-10-29,38,16.6,11.8608508
2024-10-29,39,24.0,19.76229065
2024-10-29,4,28.808,35.6397449
2024-10-29,5,1.384,6.1566188749999995
2024-10-29,6,23.52,26.4154593
2024-10-29,7,24.768,26.74701445
2024-10-29,8,20.932,21.700338549999998
2024-10-29,9,27.88,22.548631999999998
2024-10-30,1,11.928,11.97183965
2024-10-30,10,21.768,26.155806499999997
2024-10-30,11,8.216,13.534390900000002
2024-10-30,12,6.83,8.27024545
2024-10-30,13,42.828,27.077512300000002
2024-10-30,14,25.911,25.4417276
2024-10-30,15,21.72,19.911878899999998
2024-10-30,16,18.76,30.352604650000004
2024-10-30,17,9.028,8.5192879
2024-10-30,18,13.828,14.9602535
2024-10-30,19,22.93,15.60281565
2024-10-30,2,20.46,26.74960835
2024-10-30,20,9.64,15.23434305
2024-10-30,21,21.98,27.83233845
2024-10-30,22,18.86862,21.934611150000002
2024-10-30,23,29.352,21.85217
2024-10-30,24,24.012,23.241611649999996
2024-10-30,25,21.64,16.74420605
2024-10-30,26,20.552,17.50590515
2024-10-30,27,28.258,16.139853000000002
2024-10-30,28,23.34,22.552503200000004
2024-10-30,29,17.464,19.46057225
2024-10-30,3,19.96,22.2875383
2024-10-30,30,14.228,19.7971309
2024-10-30,31,25.048,36.0806193
2024-10-30,32,37.46,38.06448695
2024-10-30,33,11.92,13.889756850000001
2024-10-30,34,16.528,16.58429905
2024-10-30,35,24.428,19.9998383
2024-10-30,36,21.908,12.7361899
2024-10-30,37,39.06,33.648286549999995
2024-10-30,38,8.12,11.840745850000001
2024-10-30,39,11.772,19.007220750000002
2024-10-30,4,32.828,33.7597511
2024-10-30,5,1.128,5.929057375
2024-10-30,6,10.892,26.42622885
2024-10-30,7,25.828,27.9688379
2024-10-30,8,19.828,21.181449649999998
2024-10-30,9,27.432,21.593319649999998
2024-10-31,1,6.311,12.554153150000001
2024-10-31,10,12.372,25.66439585
2024-10-31,11,14.704,13.90120615
2024-10-31,12,10.46,9.43601385
2024-10-31,13,11.88,25.83338155
2024-10-31,14,28.86,25.39054995
2024-10-31,15,14.828,20.354493400000003
2024-10-31,16,41.22,30.83843555
2024-10-31,17,12.55,9.00923995
2024-10-31,18,9.86,15.35144395
2024-10-31,19,17.928,15.260339949999999
2024-10-31,2,53.56,27.8816311
2024-10-31,20,10.78,15.71646855
2024-10-31,21,36.008,27.3022305
2024-10-31,22,46.432,20.729059550000002
2024-10-31,23,23.92,21.60148525
2024-10-31,24,26.828,23.876666050000004
2024-10-31,25,22.19,17.590337050000002
2024-10-31,26,11.04,17.9937683
2024-10-31,27,20.108,15.547073099999999
2024-10-31,28,23.7,21.8592392
2024-10-31,29,18.968,20.058976899999998
2024-10-31,3,16.368,22.39427245
2024-10-31,30,27.412,20.134151
2024-10-31,31,20.9028,35.6710817
2024-10-31,32,43.168,37.8471413
2024-10-31,33,20.94,15.1779741
2024-10-31,34,21.928,17.02052955
2024-10-31,35,18.852,21.80943895
2024-10-31,36,22.912,12.236401950000001
2024-10-31,37,28.508,34.546647199999995
2024-10-31,38,20.22,12.952464599999999
2024-10-31,39,25.428,19.34381355
2024-10-31,4,25.192,32.64536030000001
2024-10-31,5,2.911,5.81483478
2024-10-31,6,28.776,25.362754000000002
2024-10-31,7,29.208,27.94467705
2024-10-31,8,27.12,21.0917258
2024-10-31,9,26.92,22.5572204
2024-11-01,1,26.528,12.5073465
2024-11-01,10,17.56,25.2741266
2024-11-01,11,13.568,12.790932000000002
2024-11-01,12,10.1,9.7606515
2024-11-01,13,49.72,26.8961541
2024-11-01,14,25.98,24.6675736
2024-11-01,15,11.808,19.6618778
2024-11-01,16,29.092,29.012441699999997
2024-11-01,17,2.26,8.773351625
2024-11-01,18,10.428,14.865685500000001
2024-11-01,19,21.89,15.8282439
2024-11-01,2,10.42,28.4807749
2024-11-01,20,13.95,14.970726
2024-11-01,21,32.892,25.9363162
2024-11-01,22,14.08,20.911523000000003
2024-11-01,23,31.258,22.463763550000003
2024-11-01,24,39.52,24.501532949999998
2024-11-01,25,21.64,18.7333214
2024-11-01,26,24.808,17.81920635
2024-11-01,27,14.5028,16.9897147
2024-11-01,28,21.472,22.11618545
2024-11-01,29,17.28,19.132306
2024-11-01,3,24.86,22.461514700000002
2024-11-01,30,11.852,18.73138825
2024-11-01,31,44.96,33.70792505
2024-11-01,32,37.112,37.2097018
2024-11-01,33,9.592,14.7917057
2024-11-01,34,17.1,17.6706317
2024-11-01,35,17.32,22.6188899
2024-11-01,36,12.048,13.1009557
2024-11-01,37,26.872,34.5461644
2024-11-01,38,4.17,12.384369849999999
2024-11-01,39,11.548,18.0160938
2024-11-01,4,48.608,31.3788859
2024-11-01,5,1.688,5.38691173
2024-11-01,6,28.1428,23.2451596
2024-11-01,7,21.88,26.03792675
2024-11-01,8,20.976,20.5377146
2024-11-01,9,26.528,22.89870525
2024-11-02,1,5.068,11.576877849999999
2024-11-02,10,27.94,22.980528550000002
2024-11-02,11,9.368,12.67893825
2024-11-02,12,3.47,9.526344600000002
2024-11-02,13,13.4,26.41863575
2024-11-02,14,32.72,25.01022895
2024-11-02,15,21.3828,19.02565355
2024-11-02,16,36.92,29.12804505
2024-11-02,17,9.57,8.853775849999998
2024-11-02,18,23.168,14.447772299999999
2024-11-02,19,20.0,16.4939677
2024-11-02,2,29.258,29.53727595
2024-11-02,20,28.08,13.60100975
2024-11-02,21,17.372,25.98882015
2024-11-02,22,6.048,22.4813538
2024-11-02,23,28.16,22.7367062
2024-11-02,24,37.38,24.624836350000002
2024-11-02,25,17.06,19.067130300000002
2024-11-02,26,4.8628,16.93930755
2024-11-02,27,19.412,18.07123725
2024-11-02,28,37.708,21.724142399999998
2024-11-02,29,20.008,19.16684265
2024-11-02,3,14.64,21.85700935
2024-11-02,30,28.228,19.482104
2024-11-02,31,42.424,30.9775082
2024-11-02,32,43.912,36.93338095
2024-11-02,33,16.108,15.1629938
2024-11-02,34,6.26,17.99582375
2024-11-02,35,41.72,21.839428050000002
2024-11-02,36,20.2228,15.20300655
2024-11-02,37,35.952,34.409382199999996
2024-11-02,38,23.9,13.11179275
2024-11-02,39,11.812,18.5232539
2024-11-02,4,28.872,29.4028542
2024-11-02,5,1.84,5.1133975
2024-11-02,6,32.12,23.4385493
2024-11-02,7,29.932,26.390049149999996
2024-11-02,8,16.532,21.28925335
2024-11-02,9,24.28,23.3950875
2024-11-03,1,14.9828,13.5421342
2024-11-03,10,28.06,22.47362775
2024-11-03,11,10.384,13.427277199999999
2024-11-03,12,3.23,10.0101661
2024-11-03,13,42.1428,27.33631345
2024-11-03,14,31.112,25.4105047
2024-11-03,15,25.708,18.1830177
2024-11-03,16,33.52,29.37321455
2024-11-03,17,10.27,8.3057266
2024-11-03,18,23.592,14.368180850000002
2024-11-03,19,11.23,17.48816
2024-11-03,2,31.212,29.019036200000002
2024-11-03,20,25.96,13.95092675
2024-11-03,21,29.008,27.354455800000004
2024-11-03,22,44.86,23.27772755
2024-11-03,23,23.612,23.34088015
2024-11-03,24,29.64,26.13483045
2024-11-03,25,21.8,19.9460518
2024-11-03,26,4.208,18.06813555
2024-11-03,27,19.472,18.06637245
2024-11-03,28,19.08,22.26342065
2024-11-03,29,17.412,19.47279355
2024-11-03,3,24.18,22.1072676
2024-11-03,30,25.584,19.4253481
2024-11-03,31,36.3028,30.973105250000003
2024-11-03,32,38.428,37.09785855
2024-11-03,33,22.988,14.85445245
2024-11-03,34,18.36,19.1642918
2024-11-03,35,10.38,20.7313962
2024-11-03,36,8.056,15.622168649999999
2024-11-03,37,53.628,32.8889925
2024-11-03,38,13.51,12.9962528
2024-11-03,39,24.24,19.1794257
2024-11-03,4,22.256,29.16468765
2024-11-03,5,0.14,5.227667425
2024-11-03,6,25.308,24.3784801
2024-11-03,7,25.788,26.16578325
2024-11-03,8,27.72,22.461563599999998
2024-11-03,9,27.428,24.0174224
2024-11-04,1,7.228,13.49604265
2024-11-04,10,25.54,22.84394715
2024-11-04,11,12.648,13.008745
2024-11-04,12,10.61,9.4462921
2024-11-04,13,25.336,29.106611800000003
2024-11-04,14,27.728,27.247940399999997
2024-11-04,15,17.24,18.1904601
2024-11-04,16,26.36,31.6149326
2024-11-04,17,9.33,8.07293975
2024-11-04,18,18.911,15.262553099999998
2024-11-04,19,9.31,18.1500428
2024-11-04,2,24.3,28.3368446
2024-11-04,20,31.57,16.320689325
2024-11-04,21,22.2,27.46478305
2024-11-04,22,33.692,20.6971573
2024-11-04,23,25.288,25.050455200000002
2024-11-04,24,7.368,28.04052695
2024-11-04,25,18.52,19.8278517
2024-11-04,26,19.808,16.882166875000003
2024-11-04,27,17.928,18.610506700000002
2024-11-04,28,17.828,23.92575695
2024-11-04,29,17.78,19.83574565
2024-11-04,3,24.672,21.3649169
2024-11-04,30,25.936,20.2226992
2024-11-04,31,31.088,34.7297027
2024-11-04,32,37.628,38.90359355
2024-11-04,33,20.772,14.51354995
2024-11-04,34,20.9,17.113759700000003
2024-11-04,35,32.86,23.62687525
2024-11-04,36,10.211,16.317475549999997
2024-11-04,37,50.908,33.509732
2024-11-04,38,13.37,13.550922400000001
2024-11-04,39,18.288,17.9138269
2024-11-04,4,43.648,31.8829938
2024-11-04,5,0.128,4.986934655
2024-11-04,6,42.12,25.592500550000004
2024-11-04,7,27.172,27.08717885
2024-11-04,8,18.028,21.58887285
2024-11-04,9,26.928,24.8433887
2024-11-05,1,36.788,13.628943149999998
2024-11-05,10,29.632,23.8411173
2024-11-05,11,7.552,12.956089875
2024-11-05,12,2.96,8.85889692
2024-11-05,13,22.252,28.9769456
2024-11-05,14,32.528,28.461989800000005
2024-11-05,15,21.258,20.06755165
2024-11-05,16,50.136,32.9707421
2024-11-05,17,10.23,8.52934175
2024-11-05,18,17.808,17.1547214
2024-11-05,19,25.59,17.4298259
2024-11-05,2,26.232,29.60621625
2024-11-05,20,12.02,18.71007985
2024-11-05,21,17.11,26.7420196
2024-11-05,22,29.668,23.54562525
2024-11-05,23,21.072,25.1341178
2024-11-05,24,25.984,29.208830250000002
2024-11-05,25,19.9,19.983870699999997
2024-11-05,26,16.952,14.920320324999999
2024-11-05,27,10.052,19.29464135
2024-11-05,28,21.32,24.9184343
2024-11-05,29,20.792,19.95024085
2024-11-05,3,12.008,21.3547062
2024-11-05,30,19.08,21.501655799999998
2024-11-05,31,1.096,36.98159255
2024-11-05,32,43.272,39.71602125
2024-11-05,33,21.652,15.891395800000002
2024-11-05,34,9.728,16.98746725
2024-11-05,35,9.76,23.29700155
2024-11-05,36,12.3,15.72512665
2024-11-05,37,41.472,34.76408945
2024-11-05,38,13.89,14.201423549999998
2024-11-05,39,18.272,18.7970416
2024-11-05,4,37.976,31.25186425
2024-11-05,5,0.14,5.013593985
2024-11-05,6,38.68,26.357294
2024-11-05,7,20.428,27.5422789
2024-11-05,8,20.308,22.40529395
2024-11-05,9,19.052,24.9321232
2024-11-06,1,20.552,13.2628617
2024-11-06,10,33.848,25.519557300000002
2024-11-06,11,20.708,13.66816325
2024-11-06,12,10.95,9.2432993
2024-11-06,13,26.12,30.47508455
2024-11-06,14,33.592,29.408476
2024-11-06,15,31.0,20.835580049999997
2024-11-06,16,32.912,33.3249644
2024-11-06,17,10.28,9.245901799999999
2024-11-06,18,18.2,19.0035508
2024-11-06,19,28.25,16.45060355
2024-11-06,2,36.4,29.665062550000002
2024-11-06,20,19.07,21.7685545
2024-11-06,21,20.98,27.073198249999997
2024-11-06,22,20.968105,26.4051902
2024-11-06,23,38.108,25.4300985
2024-11-06,24,18.208,27.127776599999997
2024-11-06,25,21.58,20.5579513
2024-11-06,26,7.208,15.28442355
2024-11-06,27,26.428,19.9535295
2024-11-06,28,22.068,24.5014044
2024-11-06,29,16.988,20.3874032
2024-11-06,3,20.512,22.562819249999997
2024-11-06,30,22.952,23.8890284
2024-11-06,31,81.656,36.8769378
2024-11-06,32,43.768,40.1305067
2024-11-06,33,21.508,18.3634233
2024-11-06,34,5.472,18.220751749999998
2024-11-06,35,18.412,24.3885258
2024-11-06,36,13.02,15.063563025
2024-11-06,37,44.512,38.238518049999996
2024-11-06,38,19.44,14.6296359
2024-11-06,39,22.056,19.741961
2024-11-06,4,35.88,32.12129655
2024-11-06,5,0.528,5.00729645
2024-11-06,6,29.148,28.17211
2024-11-06,7,31.052,28.285498250000003
2024-11-06,8,11.5428,22.79076
2024-11-06,9,29.228,25.782201200000003
2024-11-07,1,8.752,16.564344650000002
2024-11-07,10,7.968,26.063200350000002
2024-11-07,11,18.08,13.178714750000001
2024-11-07,12,12.39,8.92388485
2024-11-07,13,41.32,28.5476264
2024-11-07,14,29.128,29.52789855
2024-11-07,15,22.432,21.1417354
2024-11-07,16,28.96,34.68136795
2024-11-07,17,2.13,9.5516793
2024-11-07,18,13.92,19.3224597
2024-11-07,19,13.51,17.30807785
2024-11-07,2,36.976,29.6815475
2024-11-07,20,17.58,21.69921895
2024-11-07,21,27.88,25.80827575
2024-11-07,22,25.411,27.208685600000003
2024-11-07,23,20.25,24.6734182
2024-11-07,24,31.272,26.17377965
2024-11-07,25,13.43,20.774357000000002
2024-11-07,26,16.112,15.935330400000002
2024-11-07,27,20.384,18.554135249999998
2024-11-07,28,31.092,23.2459058
2024-11-07,29,21.692,20.66085385
2024-11-07,3,24.468,21.7677622
2024-11-07,30,33.008,23.8623002
2024-11-07,31,43.784,31.568916200000004
2024-11-07,32,41.12,39.7320577
2024-11-07,33,16.56,19.8341389
2024-11-07,34,24.8,17.9772045
2024-11-07,35,31.388,23.70229585
2024-11-07,36,20.18,14.36943025
2024-11-07,37,38.228,39.71684555
2024-11-07,38,17.09,14.6922111
2024-11-07,39,12.392,20.214846350000002
2024-11-07,4,48.008,33.60025265
2024-11-07,5,0.128,4.8964143
2024-11-07,6,37.64,30.1849223
2024-11-07,7,32.8,27.088597199999995
2024-11-07,8,27.768,22.8224454
2024-11-07,9,25.28,25.540337
2024-11-08,1,6.828,18.948279
2024-11-08,10,22.092,27.22713435
2024-11-08,11,13.86,14.007304099999999
2024-11-08,12,10.33,9.0960396
2024-11-08,13,31.86,28.305676950000002
2024-11-08,14,28.852,29.76931235
2024-11-08,15,32.808,22.4187201
2024-11-08,16,13.66,34.37926325
2024-11-08,17,2.36,9.77530765
2024-11-08,18,10.24,19.173607649999997
2024-11-08,19,19.1,19.72851575
2024-11-08,2,22.12,28.7488043
2024-11-08,20,10.0,20.4129408
2024-11-08,21,25.972,24.191809749999997
2024-11-08,22,45.828,25.9419265
2024-11-08,23,26.8,25.138218600000002
2024-11-08,24,19.788,25.103245450000003
2024-11-08,25,22.05,21.11575285
2024-11-08,26,26.728,14.68764835
2024-11-08,27,11.808,19.404882999999998
2024-11-08,28,28.428,22.886453799999998
2024-11-08,29,22.0,20.214401000000002
2024-11-08,3,26.5,20.8029665
2024-11-08,30,19.792,23.247454750000003
2024-11-08,31,30.768,32.941317850000004
2024-11-08,32,44.172,39.5034583
2024-11-08,33,5.692,20.00909435
2024-11-08,34,19.328,16.02683015
2024-11-08,35,9.788,22.02569875
2024-11-08,36,12.2,14.310793699999998
2024-11-08,37,36.812,39.9285509
2024-11-08,38,5.79,15.10817715
2024-11-08,39,16.46,20.0992876
2024-11-08,4,32.424,34.171132
2024-11-08,5,0.1828,4.816467615
2024-11-08,6,50.32,29.776001649999998
2024-11-08,7,21.092,26.391582
2024-11-08,8,29.98,21.5851726
2024-11-08,9,25.108,25.3883835
2024-11-09,1,14.852,17.332895
2024-11-09,10,29.428,25.0238282
2024-11-09,11,8.432,15.11772135
2024-11-09,12,4.77,9.473598125
2024-11-09,13,24.792,27.0067634
2024-11-09,14,29.188,29.292152350000002
2024-11-09,15,23.224,22.602376049999997
2024-11-09,16,27.528,33.05677
2024-11-09,17,11.75,8.7687888
2024-11-09,18,11.42,18.1070908
2024-11-09,19,18.05,19.6456296
2024-11-09,2,41.332,29.97590195
2024-11-09,20,18.52,19.36535555
2024-11-09,21,32.296,24.12327515
2024-11-09,22,42.788,25.873161450000005
2024-11-09,23,27.768,24.33232155
2024-11-09,24,22.82,24.6196446
2024-11-09,25,19.22,19.8392674
2024-11-09,26,19.34,13.856544974999998
2024-11-09,27,23.032,19.760729400000002
2024-11-09,28,31.1,23.2772297
2024-11-09,29,19.976,20.02506845
2024-11-09,3,17.672,20.966066249999997
2024-11-09,30,20.352,24.642853549999998
2024-11-09,31,24.904,35.4860447
2024-11-09,32,65.06,38.1795925
2024-11-09,33,22.88,19.623572699999997
2024-11-09,34,8.392,16.34839835
2024-11-09,35,31.96,22.56990415
2024-11-09,36,8.24,15.24225715
2024-11-09,37,51.948,38.41098925
2024-11-09,38,16.15,15.70324245
2024-11-09,39,11.88,19.32529665
2024-11-09,4,29.6628,32.6592227
2024-11-09,5,0.136,4.66989547
2024-11-09,6,48.36,29.8808152
2024-11-09,7,25.72,26.70177175
2024-11-09,8,20.988,21.95441795
2024-11-09,9,24.64,25.139756499999997
2024-11-10,1,24.468,16.4136086
2024-11-10,10,39.5028,24.216251999999997
2024-11-10,11,22.128,16.16655575
2024-11-10,12,10.86,10.24529565
2024-11-10,13,41.176,29.988092299999998
2024-11-10,14,44.12,29.13795645
2024-11-10,15,33.376,23.663799349999998
2024-11-10,16,35.66,29.878187399999998
2024-11-10,17,12.14,7.91846895
2024-11-10,18,4.64,17.432252300000002
2024-11-10,19,14.79,20.063511899999998
2024-11-10,2,35.528,28.90329875
2024-11-10,20,12.02,18.423142849999998
2024-11-10,21,10.424,25.5571062
2024-11-10,22,16.892,27.6927618
2024-11-10,23,21.264,24.7225018
2024-11-10,24,25.288,25.4132735
2024-11-10,25,17.81,20.130094649999997
2024-11-10,26,20.14,16.5327466
2024-11-10,27,13.428,19.17582865
2024-11-10,28,33.711,24.353704399999998
2024-11-10,29,20.112,21.085832349999997
2024-11-10,3,23.968,22.925689499999997
2024-11-10,30,37.428,24.840625000000003
2024-11-10,31,28.3828,36.4761224
2024-11-10,32,46.288,38.047008999999996
2024-11-10,33,24.028,17.5286574
2024-11-10,34,18.032,18.1566124
2024-11-10,35,17.732,21.77808555
2024-11-10,36,12.6,15.672412049999998
2024-11-10,37,45.82,37.7534658
2024-11-10,38,14.3,14.87548325
2024-11-10,39,20.56,18.88664915
2024-11-10,4,49.624,33.72287
2024-11-10,5,14.52,4.77056847
2024-11-10,6,38.664,32.00432525
2024-11-10,7,23.336,26.65807395
2024-11-10,8,21.28,23.906505450000004
2024-11-10,9,20.84,25.70237375
2024-11-11,1,7.508,14.9980813
2024-11-11,10,21.936,24.62026435
2024-11-11,11,8.272,14.69301965
2024-11-11,12,10.51,9.20825295
2024-11-11,13,20.228,28.43121115
2024-11-11,14,32.672,29.32242275
2024-11-11,15,18.784,24.55607225
2024-11-11,16,32.011,28.31319625
2024-11-11,17,10.19,7.858726845
2024-11-11,18,16.44,16.24289695
2024-11-11,19,17.83,19.526431
2024-11-11,2,10.25,29.6180928
2024-11-11,20,12.228,18.30900355
2024-11-11,21,33.256,26.00140915
2024-11-11,22,24.56432,29.35863665
2024-11-11,23,37.52,25.32487295
2024-11-11,24,20.424,24.99164945
2024-11-11,25,26.81,19.674988
2024-11-11,26,11.668,16.8415035
2024-11-11,27,21.258,19.1088872
2024-11-11,28,12.776,25.94701475
2024-11-11,29,19.22,21.137934
2024-11-11,3,25.428,22.20060555
2024-11-11,30,25.576,24.1178939
2024-11-11,31,30.08,35.1358233
2024-11-11,32,25.032,41.177941950000005
2024-11-11,33,10.332,17.29938975
2024-11-11,34,12.376,16.08099025
2024-11-11,35,27.868,23.093631699999996
2024-11-11,36,8.828,14.431214950000001
2024-11-11,37,38.28,38.4520701
2024-11-11,38,13.26,14.50345115
2024-11-11,39,10.948,17.31786315
2024-11-11,4,28.96,33.37920575
2024-11-11,5,2.12,4.351560255
2024-11-11,6,48.12,34.881970800000005
2024-11-11,7,50.064,26.3521088
2024-11-11,8,25.28,23.591589050000003
2024-11-11,9,27.852,25.5983436
2024-11-12,1,22.6,16.78847815
2024-11-12,10,18.36,26.800824849999998
2024-11-12,11,10.508,15.807343699999997
2024-11-12,12,13.52,9.3481626
2024-11-12,13,28.102,30.52366285
2024-11-12,14,32.472,31.33561985
2024-11-12,15,16.28,25.93600155
2024-11-12,16,27.128,29.355193999999997
2024-11-12,17,12.7,8.911464500000001
2024-11-12,18,23.08,15.2260795
2024-11-12,19,12.88,18.61401595
2024-11-12,2,28.948,31.644800099999998
2024-11-12,20,21.63,18.1443303
2024-11-12,21,26.411,25.184846450000002
2024-11-12,22,19.576,30.4181557
2024-11-12,23,7.216,24.93081745
2024-11-12,24,23.336,25.39632605
2024-11-12,25,21.25,19.9411208
2024-11-12,26,16.4,16.96838225
2024-11-12,27,14.864,19.02786715
2024-11-12,28,11.5428,27.271570699999998
2024-11-12,29,18.892,21.063678850000002
2024-11-12,3,19.08,22.3116081
2024-11-12,30,22.4628,25.80143855
2024-11-12,31,44.136,33.97630675
2024-11-12,32,53.552,43.926396999999994
2024-11-12,33,10.68,19.0729899
2024-11-12,34,18.772,16.303437549999998
2024-11-12,35,35.72,22.58479945
2024-11-12,36,14.36,13.580584900000002
2024-11-12,37,49.768,40.7949153
2024-11-12,38,10.79,14.6146423
2024-11-12,39,27.944,18.042963399999998
2024-11-12,4,18.0,34.600393499999996
2024-11-12,5,2.12,5.6093838
2024-11-12,6,28.88,35.5602808
2024-11-12,7,43.848,26.10115845
2024-11-12,8,10.432,23.719010150000003
2024-11-12,9,22.852,25.3589593
2024-11-13,1,7.472,17.0366027
2024-11-13,10,11.5028,27.917301949999995
2024-11-13,11,21.828,16.17908635
2024-11-13,12,8.87,10.0567566
2024-11-13,13,9.488,31.0696043
2024-11-13,14,32.568,33.375695549999996
2024-11-13,15,35.976,26.430192499999997
2024-11-13,16,25.6,30.271179249999996
2024-11-13,17,9.71,9.701611
2024-11-13,18,17.468,15.74996075
2024-11-13,19,24.91,18.49856195
2024-11-13,2,24.211,30.36140585
2024-11-13,20,14.29,18.38633925
2024-11-13,21,23.258,25.681493099999997
2024-11-13,22,7.992,29.7932896
2024-11-13,23,29.424,26.157317
2024-11-13,24,29.732,24.58018835
2024-11-13,25,21.61,21.552789750000002
2024-11-13,26,19.872,17.049380000000003
2024-11-13,27,20.668,19.7723154
2024-11-13,28,35.08,26.7748091
2024-11-13,29,20.52,21.44599445
2024-11-13,3,20.02,23.641873099999998
2024-11-13,30,23.248,27.733872050000002
2024-11-13,31,38.184,33.967495400000004
2024-11-13,32,62.548,43.77395735
2024-11-13,33,11.548,19.19485605
2024-11-13,34,16.332,17.2658239
2024-11-13,35,12.112,24.16137235
2024-11-13,36,26.768,13.187410250000003
2024-11-13,37,39.892,42.5460497
2024-11-13,38,19.96,15.048759850000001
2024-11-13,39,22.908,18.35355045
2024-11-13,4,28.296,37.0815131
2024-11-13,5,2.092,6.041223499999999
2024-11-13,6,47.8,37.418326
2024-11-13,7,37.168,29.154884000000003
2024-11-13,8,18.272,24.42805105
2024-11-13,9,25.72,26.2030599
2024-11-14,1,10.48,18.6506332
2024-11-14,10,10.8,26.715719
2024-11-14,11,8.1828,15.294934300000001
2024-11-14,12,8.08,10.80508555
2024-11-14,13,48.452,29.318979400000003
2024-11-14,14,25.648,33.39221745
2024-11-14,15,27.68,25.2096255
2024-11-14,16,38.12,31.00483955
2024-11-14,17,10.18,10.4031414
2024-11-14,18,14.9828,17.454849250000002
2024-11-14,19,14.98,18.4357143
2024-11-14,2,18.268,28.448311
2024-11-14,20,10.11,18.590603249999997
2024-11-14,21,30.2228,26.4019068
2024-11-14,22,62.632,28.56381755
2024-11-14,23,19.608,24.17727255
2024-11-14,24,23.788,24.487522000000002
2024-11-14,25,18.59,22.3189999
2024-11-14,26,8.66,16.9882719
2024-11-14,27,23.32,19.257645
2024-11-14,28,19.76,23.879454199999998
2024-11-14,29,22.936,21.5292326
2024-11-14,3,23.508,22.8919387
2024-11-14,30,17.3,27.229777149999997
2024-11-14,31,14.1028,31.3058966
2024-11-14,32,67.34,42.7965875
2024-11-14,33,24.02,17.7467673
2024-11-14,34,21.168,17.805489050000002
2024-11-14,35,24.952,25.371352
2024-11-14,36,10.76,13.16949465
2024-11-14,37,25.74,42.4072547
2024-11-14,38,11.66,14.802781924999998
2024-11-14,39,19.66,19.79207095
2024-11-14,4,36.064,34.867710100000004
2024-11-14,5,0.811,6.0928395
2024-11-14,6,43.36,38.1277914
2024-11-14,7,29.104,31.698278199999997
2024-11-14,8,25.028,23.30248125
2024-11-14,9,21.328,25.65783675
2024-11-15,1,10.232,17.85365165
2024-11-15,10,19.088,25.007357
2024-11-15,11,14.32,16.3151536
2024-11-15,12,8.21,10.8463126
2024-11-15,13,39.38,26.189298800000003
2024-11-15,14,32.392,32.63485495
2024-11-15,15,26.64,25.94526405
2024-11-15,16,37.22,29.381428399999997
2024-11-15,17,3.29,10.43232645
2024-11-15,18,17.536,18.282472849999998
2024-11-15,19,23.71,19.4991292
2024-11-15,2,16.76,27.944687050000002
2024-11-15,20,11.39,18.3838639
2024-11-15,21,26.448,25.5008207
2024-11-15,22,49.92,24.74123745
2024-11-15,23,36.46,23.56280175
2024-11-15,24,18.412,24.41859875
2024-11-15,25,17.57,22.300472900000003
2024-11-15,26,11.372,16.9512789
2024-11-15,27,11.18,19.48711275
2024-11-15,28,24.248,23.685066749999997
2024-11-15,29,19.992,21.070791
2024-11-15,3,16.384,22.10339715
2024-11-15,30,36.188,26.02421055
2024-11-15,31,24.544,34.69144475
2024-11-15,32,29.52,43.836894199999996
2024-11-15,33,25.48,16.315773150000002
2024-11-15,34,14.528,17.3735916
2024-11-15,35,16.748,23.848579949999998
2024-11-15,36,10.612,15.01426135
2024-11-15,37,44.512,41.752123749999996
2024-11-15,38,6.07,15.345648150000002
2024-11-15,39,16.428,21.3143214
2024-11-15,4,52.968,31.7701983
2024-11-15,5,0.136,5.883465794999999
2024-11-15,6,36.388,36.9366332
2024-11-15,7,26.736,32.5600907
2024-11-15,8,28.868,21.411902249999997
2024-11-15,9,21.112,25.4011731
2024-11-16,1,31.656,15.59415505
2024-11-16,10,39.472,21.553681949999998
2024-11-16,11,7.896,15.71212435
2024-11-16,12,9.44,10.37205805
2024-11-16,13,25.26,26.335925500000002
2024-11-16,14,41.568,30.41069555
2024-11-16,15,20.072,25.7978149
2024-11-16,16,38.628,28.740411350000002
2024-11-16,17,9.628,9.9379439
2024-11-16,18,18.032,17.673795
2024-11-16,19,13.73,18.7819503
2024-11-16,2,25.76794,26.2464191
2024-11-16,20,9.23,16.7071195
2024-11-16,21,30.84,25.1393029
2024-11-16,22,25.393717,25.126857700000002
2024-11-16,23,37.7,22.356839299999997
2024-11-16,24,14.0,24.414365600000004
2024-11-16,25,25.8,20.8870704
2024-11-16,26,11.988,15.891054
2024-11-16,27,19.792,19.62060695
2024-11-16,28,22.992,23.6388784
2024-11-16,29,11.432,21.091397699999998
2024-11-16,3,28.888,21.8631685
2024-11-16,30,19.64,24.929868550000002
2024-11-16,31,36.4,32.1259385
2024-11-16,32,74.74,44.21183255
2024-11-16,33,14.928,16.626929500000003
2024-11-16,34,5.74,18.1204367
2024-11-16,35,25.548,23.2118452
2024-11-16,36,8.98,15.382259549999997
2024-11-16,37,48.788,37.57870875
2024-11-16,38,16.09,15.161729450000001
2024-11-16,39,17.192,20.65080925
2024-11-16,4,45.6,30.202030800000003
2024-11-16,5,0.744,5.52991533
2024-11-16,6,52.172,35.4359257
2024-11-16,7,37.48,31.591857949999998
2024-11-16,8,27.188,21.773837800000003
2024-11-16,9,28.148,24.14397225
2024-11-17,1,16.464,15.06240085
2024-11-17,10,17.668,21.56924935
2024-11-17,11,13.944,15.871022100000001
2024-11-17,12,7.35,10.663443599999999
2024-11-17,13,35.74,29.20930495
2024-11-17,14,32.102,29.6356867
2024-11-17,15,33.848,26.4258915
2024-11-17,16,30.332,29.19410595
2024-11-17,17,5.45,9.4068413
2024-11-17,18,11.34,18.140325
2024-11-17,19,26.27,19.577882250000002
2024-11-17,2,33.77047,24.5798947
2024-11-17,20,19.05,15.829016550000002
2024-11-17,21,26.88,25.70939215
2024-11-17,22,70.696,29.508484199999998
2024-11-17,23,17.0,23.6026178
2024-11-17,24,45.11,24.0574237
2024-11-17,25,12.73,20.9691648
2024-11-17,26,18.46,16.1571931
2024-11-17,27,20.8,19.178014750000003
2024-11-17,28,13.248,23.7126825
2024-11-17,29,19.208,21.823753449999998
2024-11-17,3,11.568,22.132735699999998
2024-11-17,30,28.36,25.4027127
2024-11-17,31,33.936,29.6020916
2024-11-17,32,48.82,43.780302899999995
2024-11-17,33,24.472,18.1330333
2024-11-17,34,11.0,19.3475715
2024-11-17,35,5.952,22.34028325
2024-11-17,36,19.102,14.965910350000001
2024-11-17,37,25.12,35.966633
2024-11-17,38,10.91,14.40509705
2024-11-17,39,20.696,20.704876849999998
2024-11-17,4,28.792,31.27487265
2024-11-17,5,0.148,5.6323501
2024-11-17,6,36.968,35.42968915
2024-11-17,7,36.08,30.423625100000002
2024-11-17,8,23.072,23.305103700000004
2024-11-17,9,27.76,23.83034245
2024-11-18,1,7.628,16.40586875
2024-11-18,10,19.24,22.8293539
2024-11-18,11,12.258,14.252821975
2024-11-18,12,7.53,9.8422549
2024-11-18,13,24.008,29.15662725
2024-11-18,14,32.792,30.44542
2024-11-18,15,23.584,25.783363
2024-11-18,16,39.6,30.26090785
2024-11-18,17,12.76,8.58554264
2024-11-18,18,10.62,17.42850105
2024-11-18,19,20.35,18.60268895
2024-11-18,2,17.52354,24.487917500000002
2024-11-18,20,14.75,14.6641306
2024-11-18,21,24.112,26.44022315
2024-11-18,22,27.472,31.34112975
2024-11-18,23,39.38,25.728676850000003
2024-11-18,24,24.628,22.0744246
2024-11-18,25,20.75,20.79177025
2024-11-18,26,11.432,15.03526585
2024-11-18,27,16.376,18.53295795
2024-11-18,28,25.792,23.577796300000003
2024-11-18,29,11.428,20.3008511
2024-11-18,3,19.612,21.98852575
2024-11-18,30,30.411,24.833835
2024-11-18,31,31.288,29.2096216
2024-11-18,32,41.768,46.2101743
2024-11-18,33,22.448,17.945063599999997
2024-11-18,34,20.288,16.48098975
2024-11-18,35,28.7,22.5477991
2024-11-18,36,10.816,13.32214615
2024-11-18,37,45.588,38.001527949999996
2024-11-18,38,14.17,13.74316425
2024-11-18,39,21.952,19.2377101
2024-11-18,4,47.008,33.50979075
2024-11-18,5,0.12,4.7860243449999995
2024-11-18,6,42.832,36.761682799999996
2024-11-18,7,31.652,30.7817887
2024-11-18,8,11.232,23.677598500000002
2024-11-18,9,33.092,23.84063875
2024-11-19,1,25.84,18.623334749999998
2024-11-19,10,26.612,24.299660700000004
2024-11-19,11,13.26,14.648631000000002
2024-11-19,12,6.58,9.6891171
2024-11-19,13,39.172,30.608890199999998
2024-11-19,14,35.668,32.4053016
2024-11-19,15,20.576,27.2627656
2024-11-19,16,54.028,31.270492249999997
2024-11-19,17,12.46,8.545476055
2024-11-19,18,16.14,16.49781405
2024-11-19,19,12.74,19.35379725
2024-11-19,2,27.59,26.3147175
2024-11-19,20,17.26,15.12049495
2024-11-19,21,23.108,26.36337155
2024-11-19,22,27.648,33.80874885
2024-11-19,23,4.64,25.39971665
2024-11-19,24,22.6,24.25300725
2024-11-19,25,24.71,20.3997782
2024-11-19,26,4.96,15.45197135
2024-11-19,27,11.744,19.029175799999997
2024-11-19,28,11.688,23.248822099999998
2024-11-19,29,19.192,19.9815063
2024-11-19,3,27.92,21.580767299999998
2024-11-19,30,22.48,25.900205999999997
2024-11-19,31,31.264,30.26985365
2024-11-19,32,52.032,48.803141249999996
2024-11-19,33,17.8628,19.3617758
2024-11-19,34,10.5028,15.66175315
2024-11-19,35,3.428,20.77206295
2024-11-19,36,19.064,13.89356995
2024-11-19,37,49.252,38.2084875
2024-11-19,38,10.98,13.629482750000001
2024-11-19,39,21.56,19.89575745
2024-11-19,4,38.592,35.58935245
2024-11-19,5,0.732,4.746106715
2024-11-19,6,46.6,37.484389
2024-11-19,7,32.728,31.378978599999996
2024-11-19,8,24.848,24.18938395
2024-11-19,9,23.648,24.77517925
2024-11-20,1,8.2,17.70863225
2024-11-20,10,38.856,24.14898745
2024-11-20,11,18.12,15.29397705
2024-11-20,12,12.23,10.0605487
2024-11-20,13,11.9,30.99325725
2024-11-20,14,31.748,33.58333605
2024-11-20,15,27.512,28.263774050000002
2024-11-20,16,29.256,33.246578050000004
2024-11-20,17,12.23,9.544194650000001
2024-11-20,18,12.532,16.54929205
2024-11-20,19,25.85,21.10232185
2024-11-20,2,30.306,26.2649051
2024-11-20,20,22.428,16.510249799999997
2024-11-20,21,26.42,27.7879661
2024-11-20,22,49.552,37.1496036
2024-11-20,23,4.268,27.629949699999997
2024-11-20,24,16.732,26.722666249999996
2024-11-20,25,19.728,21.36646035
2024-11-20,26,23.128,15.67083405
2024-11-20,27,16.136,20.2044985
2024-11-20,28,23.64,23.4912435
2024-11-20,29,14.908,20.088853049999997
2024-11-20,3,22.668,22.06030195
2024-11-20,30,26.572,27.9282584
2024-11-20,31,37.488,31.60608235
2024-11-20,32,33.911,48.06939075
2024-11-20,33,8.88,21.17531715
2024-11-20,34,23.128,16.775420949999997
2024-11-20,35,11.282,21.9819394
2024-11-20,36,25.0,14.73747255
2024-11-20,37,53.3,38.348617999999995
2024-11-20,38,13.29,14.345031774999999
2024-11-20,39,21.32,21.250725250000002
2024-11-20,4,38.96,37.7113437
2024-11-20,5,1.496,4.68603435
2024-11-20,6,41.24,39.19055525
2024-11-20,7,25.0,33.69344075
2024-11-20,8,23.06,23.9646015
2024-11-20,9,22.352,27.58871675
2024-11-21,1,7.98,19.299232099999998
2024-11-21,10,10.252,24.67731935
2024-11-21,11,16.82,15.609546375
2024-11-21,12,12.98,10.1568079
2024-11-21,13,35.42,32.1582822
2024-11-21,14,6.112,34.04532815
2024-11-21,15,19.928,26.452286700000002
2024-11-21,16,39.528,35.750065000000006
2024-11-21,17,7.75,10.804126
2024-11-21,18,2.56,17.332192499999998
2024-11-21,19,13.55,20.058989500000003
2024-11-21,2,36.268,26.83211245
2024-11-21,20,22.67,17.2956759
2024-11-21,21,17.728,27.57470865
2024-11-21,22,0.72,35.97197365
2024-11-21,23,12.6228,24.686507849999998
2024-11-21,24,29.492,26.71456045
2024-11-21,25,21.12,22.8494249
2024-11-21,26,22.74,14.303304350000001
2024-11-21,27,20.672,19.26669945
2024-11-21,28,30.56,22.077750199999997
2024-11-21,29,8.528,19.9770283
2024-11-21,3,22.432,23.20625605
2024-11-21,30,28.12,27.8288369
2024-11-21,31,39.25625,32.518205
2024-11-21,32,31.668,48.095312150000005
2024-11-21,33,20.506666,21.042793349999997
2024-11-21,34,18.74,17.52951745
2024-11-21,35,25.064,21.41166055
2024-11-21,36,12.92,15.84638095
2024-11-21,37,29.632,40.8545435
2024-11-21,38,16.9,14.187965199999999
2024-11-21,39,14.0,22.63554645
2024-11-21,4,31.8228,38.65454105
2024-11-21,5,1.052,4.7672229999999995
2024-11-21,6,28.056,39.15835445
2024-11-21,7,35.68,34.14485405
2024-11-21,8,23.028,23.4358929
2024-11-21,9,21.656,27.9641747
2024-11-22,1,7.608,18.28263515
2024-11-22,10,10.58,26.096919149999998
2024-11-22,11,10.972,16.4703604
2024-11-22,12,9.546667,10.4376711
2024-11-22,13,45.22,28.45111145
2024-11-22,14,36.074665,34.114586900000006
2024-11-22,15,21.08,26.637215250000004
2024-11-22,16,26.657333,36.1694499
2024-11-22,17,10.23,11.21036515
2024-11-22,18,13.928,17.2138121
2024-11-22,19,23.33,20.6586889
2024-11-22,2,16.766666,27.20398265
2024-11-22,20,24.39,18.0475699
2024-11-22,21,10.0,26.84749945
2024-11-22,22,27.149633,34.2522776
2024-11-22,23,38.376,20.82969045
2024-11-22,24,20.768,25.3969393
2024-11-22,25,17.618887,22.9535233
2024-11-22,26,23.692,14.982680850000001
2024-11-22,27,20.9,18.5116282
2024-11-22,28,18.112,22.1523928
2024-11-22,29,12.58,19.570081249999998
2024-11-22,3,22.581333,23.37999905
2024-11-22,30,24.566645,27.3005901
2024-11-22,31,35.128532,33.4407421
2024-11-22,32,36.948,47.013988499999996
2024-11-22,33,13.588,18.574047800000002
2024-11-22,34,16.92,18.1672808
2024-11-22,35,14.618667,18.38095415
2024-11-22,36,41.016,18.2192929
2024-11-22,37,25.296,42.60876815
2024-11-22,38,12.11,14.25086825
2024-11-22,39,10.648,22.78264595
2024-11-22,4,38.168,38.4815294
2024-11-22,5,16.76853,4.916853059999999
2024-11-22,6,28.256,39.3825305
2024-11-22,7,25.952,32.8218385
2024-11-22,8,26.608,23.4897335
2024-11-22,9,27.262667,26.843672599999998
2024-11-23,1,21.064445,15.995933949999998
2024-11-23,10,32.28,25.006680949999996
2024-11-23,11,8.565333,16.47893715
2024-11-23,12,5.8933334,10.68976435
2024-11-23,13,42.272,28.336672099999998
2024-11-23,14,25.492,30.156215
2024-11-23,15,21.56,25.40194575
2024-11-23,16,25.362667,35.35276825
2024-11-23,17,10.653334,10.45021245
2024-11-23,18,19.632,15.2351922
2024-11-23,19,21.37,19.924827649999997
2024-11-23,2,35.149315,27.48727405
2024-11-23,20,13.414682,18.878591450000002
2024-11-23,21,25.07418,25.8272758
2024-11-23,22,25.242577,32.65027825
2024-11-23,23,25.912,18.98152905
2024-11-23,24,26.190437,25.08348005
2024-11-23,25,17.69668,22.385841149999997
2024-11-23,26,13.941689,16.11819435
2024-11-23,27,17.539555,18.78374895
2024-11-23,28,36.08,22.6763826
2024-11-23,29,18.472,18.1509899
2024-11-23,3,20.4,23.59208905
2024-11-23,30,23.05544,26.312625099999998
2024-11-23,31,25.285059,32.7948996
2024-11-23,32,61.237335,44.6359337
2024-11-23,33,17.972,18.45441215
2024-11-23,34,6.7973332,18.98382565
2024-11-23,35,33.076,19.053162699999998
2024-11-23,36,12.784481,18.042870399999998
2024-11-23,37,25.784,40.9611633
2024-11-23,38,10.230928,14.45768555
2024-11-23,39,19.804226,21.62109855
2024-11-23,4,25.712,35.625868
2024-11-23,5,17.225039,4.564442874999999
2024-11-23,6,44.217335,37.499273650000006
2024-11-23,7,25.0428,31.35295855
2024-11-23,8,21.569334,23.6063629
2024-11-23,9,25.689333,25.4307965
2024-11-24,1,20.35861,14.7344256
2024-11-24,10,28.410667,22.9088358
2024-11-24,11,11.818666,16.20673635
2024-11-24,12,7.48,11.142498450000001
2024-11-24,13,39.68667,30.542837149999997
2024-11-24,14,35.808,28.448085650000003
2024-11-24,15,30.977333,25.2319064
2024-11-24,16,33.170666,34.34860035
2024-11-24,17,9.62,10.32676485
2024-11-24,18,21.496,15.039050199999998
2024-11-24,19,16.88319,20.61470655
2024-11-24,2,33.507492,26.65685295
2024-11-24,20,13.968186,19.6946826
2024-11-24,21,24.24973,23.753012050000002
2024-11-24,22,23.497503,30.252086300000002
2024-11-24,23,18.926859,21.0498808
2024-11-24,24,27.748457,24.9964049
2024-11-24,25,17.66786,21.688960450000003
2024-11-24,26,11.3126955,18.108640049999998
2024-11-24,27,19.628311,19.3196139
2024-11-24,28,32.336,23.13086005
2024-11-24,29,18.9228,17.2498023
2024-11-24,3,21.238667,23.384098700000003
2024-11-24,30,27.852526,26.955433
2024-11-24,31,35.65422,33.09828635
2024-11-24,32,44.512,39.13486675
2024-11-24,33,23.829334,18.59175785
2024-11-24,34,17.130667,19.54473165
2024-11-24,35,10.688,19.086189949999998
2024-11-24,36,16.713259,21.115924149999998
2024-11-24,37,37.673016,37.99094495
2024-11-24,38,12.811581,14.704556499999999
2024-11-24,39,24.955145,19.764744750000002
2024-11-24,4,33.557335,34.91173555
2024-11-24,5,19.852396,6.149647314999999
2024-11-24,6,36.646667,34.45818005
2024-11-24,7,28.281334,30.293515250000002
2024-11-24,8,24.024,24.40892265
2024-11-24,9,25.256666,25.00951
2024-11-25,1,14.498066,15.4752364
2024-11-25,10,22.238667,23.50916995
2024-11-25,11,10.089334,14.39358225
2024-11-25,12,9.883333,10.03062705
2024-11-25,13,26.194666,32.597585099999996
2024-11-25,14,31.0628,28.907633000000004
2024-11-25,15,19.869333,24.6713455
2024-11-25,16,32.657333,32.74123915
2024-11-25,17,10.76,9.8185631
2024-11-25,18,23.26115,15.4529079
2024-11-25,19,16.616508,20.315415350000002
2024-11-25,2,21.842386,26.675765500000004
2024-11-25,20,16.60058,18.892323450000003
2024-11-25,21,25.285187,23.099268549999998
2024-11-25,22,25.094692,28.60991115
2024-11-25,23,22.389324,23.334288299999997
2024-11-25,24,25.163582,24.05080155
2024-11-25,25,16.836596,20.664929450000002
2024-11-25,26,12.809107,17.4704815
2024-11-25,27,16.30217,19.11494785
2024-11-25,28,19.925186,24.08454845
2024-11-25,29,17.48,16.6920985
2024-11-25,3,23.241333,22.94439095
2024-11-25,30,26.684786,25.7192309
2024-11-25,31,33.73251,32.7099965
2024-11-25,32,37.809334,41.983102099999996
2024-11-25,33,17.850666,17.6623889
2024-11-25,34,17.854666,16.91412535
2024-11-25,35,33.809334,20.7943275
2024-11-25,36,10.9771,21.063231000000002
2024-11-25,37,36.355274,36.16659925
2024-11-25,38,10.925567,13.780478375000001
2024-11-25,39,20.96283,18.78447135
2024-11-25,4,43.872,34.97604335
2024-11-25,5,19.892107,7.411938985000001
2024-11-25,6,44.357334,35.02463755
2024-11-25,7,36.296,29.445114800000002
2024-11-25,8,19.517334,24.0675807
2024-11-25,9,29.294666,25.2180353
2024-11-26,1,20.126177,17.4429727
2024-11-26,10,24.868,24.842938349999997
2024-11-26,11,10.773334,14.357627700000002
2024-11-26,12,7.6866665,9.6613081
2024-11-26,13,33.845333,35.361208299999994
2024-11-26,14,33.556,29.892922850000005
2024-11-26,15,19.441334,26.2054445
2024-11-26,16,43.7628,32.38105525
2024-11-26,17,12.13,9.831916150000001
2024-11-26,18,22.069975,17.018552449999998
2024-11-26,19,11.28797,20.61720365
2024-11-26,2,27.59,28.896858100000003
2024-11-26,20,11.3278,18.786738999999997
2024-11-26,21,23.653664,23.9211979
2024-11-26,22,19.201052,29.973488950000004
2024-11-26,23,16.68478,22.9832313
2024-11-26,24,23.084198,25.6310962
2024-11-26,25,16.753767,20.09246225
2024-11-26,26,10.566586,16.742071350000003
2024-11-26,27,11.592836,19.7707409
2024-11-26,28,17.118542,25.92495845
2024-11-26,29,19.625334,18.0007223
2024-11-26,3,19.669333,22.38600905
2024-11-26,30,22.319866,26.22168775
2024-11-26,31,32.42889,33.1683668
2024-11-26,32,49.618668,44.1555767
2024-11-26,33,16.732,19.19746785
2024-11-26,34,13.325666,16.45168645
2024-11-26,35,16.302668,19.9828275
2024-11-26,36,13.745721,20.46422635
2024-11-26,37,25.998913,34.7676581
2024-11-26,38,10.36262,13.6993984
2024-11-26,39,21.066977,20.5012636
2024-11-26,4,31.522667,34.6944455
2024-11-26,5,18.913795,9.69653
2024-11-26,6,42.053333,35.56816215
2024-11-26,7,32.338665,29.5591797
2024-11-26,8,18.529333,24.39430385
2024-11-26,9,21.850666,25.8201924
2024-11-27,1,24.001265,17.417633000000002
2024-11-27,10,29.282667,24.862848
2024-11-27,11,20.218666,14.2096702
2024-11-27,12,10.683333,9.708958599999999
2024-11-27,13,17.182667,33.7554733
2024-11-27,14,32.636,30.00963225
2024-11-27,15,31.496,26.00409935
2024-11-27,16,29.39101,31.755947300000003
2024-11-27,17,10.073334,10.34712
2024-11-27,18,23.114286,18.38449045
2024-11-27,19,17.10771,20.20819305
2024-11-27,2,30.211622,28.13944085
2024-11-27,20,11.0769205,18.4030423
2024-11-27,21,25.590658,24.300946850000003
2024-11-27,22,20.710695,28.723758500000002
2024-11-27,23,23.938536,22.939745800000004
2024-11-27,24,24.380838,25.760347349999996
2024-11-27,25,18.432762,19.935892
2024-11-27,26,13.891131,15.791381900000001
2024-11-27,27,21.3658,19.59110595
2024-11-27,28,20.599506,25.9220006
2024-11-27,29,17.472,18.254337149999998
2024-11-27,3,21.066668,22.2699432
2024-11-27,30,23.768396,26.8460618
2024-11-27,31,38.247284,32.909078199999996
2024-11-27,32,46.74267,42.0450932
2024-11-27,33,11.312,19.755613150000002
2024-11-27,34,14.977333,17.7384323
2024-11-27,35,10.254666,21.68686135
2024-11-27,36,16.676102,18.54171525
2024-11-27,37,33.95899,34.022355250000004
2024-11-27,38,12.981311,13.553309899999999
2024-11-27,39,22.692713,21.4844107
2024-11-27,4,38.378666,35.68928
2024-11-27,5,20.778698,11.97198615
2024-11-27,6,39.396,35.4023647
2024-11-27,7,25.073334,29.659756299999998
2024-11-27,8,18.958666,23.521687550000003
2024-11-27,9,28.766666,26.51283125
2024-11-28,1,17.172037,19.2469767
2024-11-28,10,10.598,25.52365465
2024-11-28,11,14.447,14.461490425000001
2024-11-28,12,10.2275,9.93756715
2024-11-28,13,35.268,35.52783905
2024-11-28,14,30.878666,31.58361065
2024-11-28,15,21.22,25.4509343
2024-11-28,16,32.51117,34.882768500000005
2024-11-28,17,8.1125,11.1904194
2024-11-28,18,17.109364,20.4677041
2024-11-28,19,14.668624,19.25730085
2024-11-28,2,36.268,28.8807591
2024-11-28,20,20.076797,18.6520075
2024-11-28,21,26.289062,25.1849748
2024-11-28,22,24.526375,27.53167565
2024-11-28,23,20.307186,22.079937100000002
2024-11-28,24,31.063702,26.27555585
2024-11-28,25,17.28628,20.67439315
2024-11-28,26,13.818224,15.121899800000001
2024-11-28,27,19.696907,18.9100746
2024-11-28,28,22.5172,24.6629841
2024-11-28,29,16.114666,19.76485705
2024-11-28,3,21.694,23.4780346
2024-11-28,30,28.010567,27.1550696
2024-11-28,31,36.667908,33.9573445
2024-11-28,32,45.824,43.717815650000006
2024-11-28,33,11.994,20.229616300000004
2024-11-28,34,21.662,18.03773495
2024-11-28,35,25.008,22.212914599999998
2024-11-28,36,11.105717,18.4195178
2024-11-28,37,25.450294,34.6296317
2024-11-28,38,11.957661,13.562681750000001
2024-11-28,39,24.817928,22.740502999999997
2024-11-28,4,38.632,37.054573000000005
2024-11-28,5,19.173038,14.18049775
2024-11-28,6,37.458,37.3236951
2024-11-28,7,31.698,31.666731750000004
2024-11-28,8,28.282667,23.8969483
2024-11-28,9,23.826,27.24933265
2024-11-29,1,19.374487,20.656600949999998
2024-11-29,10,17.58,27.39102775
2024-11-29,11,13.18,16.2511301
2024-11-29,12,9.546667,10.74667535
2024-11-29,13,41.545,32.47407365
2024-11-29,14,36.622,32.9412776
2024-11-29,15,24.084,26.37266965
2024-11-29,16,33.01219,34.6486939
2024-11-29,17,4.526,11.75737345
2024-11-29,18,20.267578,21.9442836
2024-11-29,19,11.235307,19.6071399
2024-11-29,2,20.766666,29.60277405
2024-11-29,20,13.505376,18.29321035
2024-11-29,21,23.837677,26.043565549999997
2024-11-29,22,27.228125,27.64714645
2024-11-29,23,23.90361,21.814378050000002
2024-11-29,24,25.477945,26.06749515
2024-11-29,25,17.890724,21.203561649999997
2024-11-29,26,14.55795,15.7663537
2024-11-29,27,17.172537,19.4296358
2024-11-29,28,22.202887,24.481514599999997
2024-11-29,29,17.963,20.3644201
2024-11-29,3,22.581333,23.864500149999998
2024-11-29,30,26.145168,27.27023365
2024-11-29,31,36.488796,35.2012321
2024-11-29,32,35.05256,44.467777999999996
2024-11-29,33,18.467283,18.83219035
2024-11-29,34,16.972,18.87463305
2024-11-29,35,11.683333,20.53506745
2024-11-29,36,11.320729,19.35141395
2024-11-29,37,25.132702,35.650596300000004
2024-11-29,38,10.443016,14.0778936
2024-11-29,39,20.027113,23.66123105
2024-11-29,4,43.042,37.33705975
2024-11-29,5,16.353529,16.2380892
2024-11-29,6,41.777,38.425539
2024-11-29,7,26.165,31.110519099999998
2024-11-29,8,28.965992,24.058580550000002
2024-11-29,9,31.451227,27.565943700000002
2024-11-30,1,17.0232,19.4171384
2024-11-30,10,18.3832,24.348357049999997
2024-11-30,11,16.1968,15.7308111
2024-11-30,12,12.211,10.238821399999999
2024-11-30,13,41.4216,29.018938050000003
2024-11-30,14,42.998,29.081586299999998
2024-11-30,15,26.12228,24.806840549999997
2024-11-30,16,29.312,31.619292
2024-11-30,17,8.025,10.482893950000001
2024-11-30,18,14.664,20.034888799999997
2024-11-30,19,19.281,17.7417177
2024-11-30,2,43.72228,28.6898895
2024-11-30,20,20.6728,17.2745876
2024-11-30,21,25.7268,24.49394025
2024-11-30,22,26.9368,23.84300835
2024-11-30,23,37.248,19.9121916
2024-11-30,24,25.1012,25.1936642
2024-11-30,25,25.286,19.79288655
2024-11-30,26,14.352,15.244471575
2024-11-30,27,22.4492,18.78918325
2024-11-30,28,20.8512,23.15485855
2024-11-30,29,22.522,18.31353645
2024-11-30,3,24.3232,22.302515550000003
2024-11-30,30,22.824,25.763043449999998
2024-11-30,31,41.8392,33.15748549999999
2024-11-30,32,53.338,41.30305525
2024-11-30,33,20.295,16.3942883
2024-11-30,34,17.1028,18.77708525
2024-11-30,35,27.7492,19.76346455
2024-11-30,36,17.44,16.9772953
2024-11-30,37,46.8648,31.6747787
2024-11-30,38,10.277,13.47262355
2024-11-30,39,19.5104,22.22924535
2024-11-30,4,22.746,33.6154025
2024-11-30,5,27.1012,16.019013599999997
2024-11-30,6,41.2,35.342904950000005
2024-11-30,7,28.8668,28.54303865
2024-11-30,8,22.588,23.203673600000002
2024-11-30,9,29.7052,25.0993073
2024-12-01,1,11.0,19.14683585
2024-12-01,10,13.0,22.74258265
2024-12-01,11,26.1,15.65018105
2024-12-01,12,12.1,10.507168475
2024-12-01,13,56.96,30.22925585
2024-12-01,14,45.172,29.76078895
2024-12-01,15,27.928,24.4135937
2024-12-01,16,23.68,30.931554300000002
2024-12-01,17,10.87,9.6809543
2024-12-01,18,32.888,20.413467699999998
2024-12-01,19,24.46,17.344384650000002
2024-12-01,2,10.708,27.78854975
2024-12-01,20,37.39,17.58022775
2024-12-01,21,11.032,24.134880450000004
2024-12-01,22,10.832,24.166740500000003
2024-12-01,23,58.332,21.09297315
2024-12-01,24,24.448,25.54567675
2024-12-01,25,37.79,19.472764750000003
2024-12-01,26,35.808,15.707871700000002
2024-12-01,27,30.568,19.08523645
2024-12-01,28,24.94,22.819878699999997
2024-12-01,29,27.832,18.44564675
2024-12-01,3,13.688,22.5664453
2024-12-01,30,41.96,25.87484075
2024-12-01,31,39.928,33.40134405
2024-12-01,32,72.48,38.8027495
2024-12-01,33,7.288,16.38163425
2024-12-01,34,20.292,19.6162783
2024-12-01,35,27.388,19.285656499999998
2024-12-01,36,35.6,17.01573985
2024-12-01,37,55.0,29.981786
2024-12-01,38,14.07,13.41712295
2024-12-01,39,24.068,21.9970602
2024-12-01,4,26.162,33.7982022
2024-12-01,5,12.528,17.10106555
2024-12-01,6,56.868,34.3913242
2024-12-01,7,38.1,28.063670749999996
2024-12-01,8,22.58,24.28979975
2024-12-01,9,36.612,25.454423050000003
2024-12-02,1,22.328,19.1242044
2024-12-02,10,22.288,22.047759550000002
2024-12-02,11,16.532,15.4327513
2024-12-02,12,9.66,10.337634900000001
2024-12-02,13,42.432,32.2982734
2024-12-02,14,39.788,30.88181185
2024-12-02,15,32.1,24.5460447
2024-12-02,16,17.32,30.5364548
2024-12-02,17,10.17,8.965146650000001
2024-12-02,18,18.528,19.81184545
2024-12-02,19,25.56,16.94345775
2024-12-02,2,9.932,29.0904674
2024-12-02,20,29.01,17.5939323
2024-12-02,21,43.88,24.271202199999998
2024-12-02,22,41.101067,24.1291993
2024-12-02,23,49.611,22.931642150000002
2024-12-02,24,21.112,25.47123275
2024-12-02,25,27.08,20.1072935
2024-12-02,26,18.472,15.0165231
2024-12-02,27,32.832,19.229959549999997
2024-12-02,28,27.508,23.03467375
2024-12-02,29,27.948,18.989183699999998
2024-12-02,3,25.672,22.462623999999998
2024-12-02,30,27.168,25.1649025
2024-12-02,31,28.888,33.9430882
2024-12-02,32,56.032,40.58874385
2024-12-02,33,7.292,16.7502117
2024-12-02,34,6.828,18.35026105
2024-12-02,35,41.6,20.29283975
2024-12-02,36,18.532,16.38516965
2024-12-02,37,61.9,30.332764349999998
2024-12-02,38,12.54,12.736156950000002
2024-12-02,39,12.26,21.570881399999998
2024-12-02,4,28.210667,33.3013828
2024-12-02,5,26.192,18.407087
2024-12-02,6,51.512,35.156652750000006
2024-12-02,7,32.848,27.8833074
2024-12-02,8,24.1,24.1423548
2024-12-02,9,26.728,26.43738895
2024-12-03,1,36.28,19.052527499999997
2024-12-03,10,13.872,21.4617635
2024-12-03,11,10.412,16.935756
2024-12-03,12,10.828,11.07238955
2024-12-03,13,48.62,36.55364125
2024-12-03,14,45.652,34.54208115
2024-12-03,15,26.56,26.21271365
2024-12-03,16,23.932,30.115331649999998
2024-12-03,17,13.19,9.073765550000001
2024-12-03,18,31.928,21.5911052
2024-12-03,19,14.528,17.89259775
2024-12-03,2,12.088,29.4262987
2024-12-03,20,13.26,20.002396949999998
2024-12-03,21,19.36,23.6216342
2024-12-03,22,35.498905,23.365434
2024-12-03,23,37.92,27.285837049999998
2024-12-03,24,25.176,25.679875600000003
2024-12-03,25,29.77,22.64295275
2024-12-03,26,19.8,17.773161950000002
2024-12-03,27,22.928,21.288129650000002
2024-12-03,28,24.252,24.329613449999997
2024-12-03,29,38.788,20.72737725
2024-12-03,3,19.296,21.83564845
2024-12-03,30,32.752,27.0979542
2024-12-03,31,44.552,36.61900895
2024-12-03,32,63.2,44.73353375000001
2024-12-03,33,7.332,16.234514075
2024-12-03,34,12.528,18.9803173
2024-12-03,35,23.5028,22.02931565
2024-12-03,36,18.2,19.47063105
2024-12-03,37,53.908,33.9693852
2024-12-03,38,13.8,13.161885199999999
2024-12-03,39,24.6,22.276396849999998
2024-12-03,4,22.212,32.2761371
2024-12-03,5,17.76,18.9547059
2024-12-03,6,60.62,36.864949949999996
2024-12-03,7,38.12,29.3488595
2024-12-03,8,22.628,24.24425105
2024-12-03,9,28.02,28.2220262
2024-12-04,1,19.011,19.253483
2024-12-04,10,13.72,21.45566455
2024-12-04,11,21.772,17.97394655
2024-12-04,12,12.49,11.245935549999999
2024-12-04,13,76.428,38.17002225
2024-12-04,14,49.376,35.7444302
2024-12-04,15,32.258,27.126157350000003
2024-12-04,16,23.056,28.3656006
2024-12-04,17,12.43,9.390547
2024-12-04,18,27.028,22.814255149999997
2024-12-04,19,23.72,19.557157849999996
2024-12-04,2,9.46,26.030349700000002
2024-12-04,20,30.29,22.71930005
2024-12-04,21,25.2,25.1277873
2024-12-04,22,42.352,24.663085000000002
2024-12-04,23,47.088,30.52284925
2024-12-04,24,30.192,25.303338599999996
2024-12-04,25,27.74,24.29997035
2024-12-04,26,25.368,19.104822749999997
2024-12-04,27,38.768,23.56180965
2024-12-04,28,47.16,24.8610822
2024-12-04,29,33.2,22.5254323
2024-12-04,3,29.1828,21.9969069
2024-12-04,30,25.188,28.5279049
2024-12-04,31,41.1428,36.30470625
2024-12-04,32,64.36,46.7363823
2024-12-04,33,7.28,14.4565061
2024-12-04,34,11.98,18.53946005
2024-12-04,35,39.968,25.4165364
2024-12-04,36,32.828,20.45392265
2024-12-04,37,58.632,37.08547
2024-12-04,38,18.52,13.266774649999999
2024-12-04,39,28.311,21.72478565
2024-12-04,4,28.909334,32.342977000000005
2024-12-04,5,21.708,20.050168749999997
2024-12-04,6,52.96,38.67943700000001
2024-12-04,7,35.552,30.4215388
2024-12-04,8,24.811,24.38207195
2024-12-04,9,36.88,28.85774325
2024-12-05,1,14.28,22.7121696
2024-12-05,10,10.688,21.81795675
2024-12-05,11,28.3,17.759795
2024-12-05,12,16.02,11.754746149999999
2024-12-05,13,46.372,40.94140324999999
2024-12-05,14,46.5828,37.72496865
2024-12-05,15,21.272,27.848252799999997
2024-12-05,16,28.472,28.40238645
2024-12-05,17,1.61,10.40583565
2024-12-05,18,23.32,24.619482050000002
2024-12-05,19,17.43,19.8276623
2024-12-05,2,33.36,24.5616305
2024-12-05,20,39.63,23.03955585
2024-12-05,21,33.208,26.686421
2024-12-05,22,61.656,27.27723255
2024-12-05,23,58.96,32.52948695
2024-12-05,24,36.36,25.74289275
2024-12-05,25,27.22,25.8305954
2024-12-05,26,2.24,19.638733000000002
2024-12-05,27,26.772,24.753765100000003
2024-12-05,28,44.88,25.5634193
2024-12-05,29,23.1828,25.69904965
2024-12-05,3,24.2,22.7370105
2024-12-05,30,24.468,29.341315950000002
2024-12-05,31,43.848,36.971944199999996
2024-12-05,32,71.496,49.22750995
2024-12-05,33,7.328,13.5281786
2024-12-05,34,13.25,17.83159615
2024-12-05,35,11.288,27.085926450000002
2024-12-05,36,25.424,20.73196515
2024-12-05,37,65.8,40.6699174
2024-12-05,38,16.15,13.9392002
2024-12-05,39,24.056,22.4940174
2024-12-05,4,30.680082,31.599239499999996
2024-12-05,5,28.94,21.372073049999997
2024-12-05,6,51.428,41.54451925
2024-12-05,7,50.048,32.1057676
2024-12-05,8,17.258,25.1633486
2024-12-05,9,29.668,29.050176699999998
2024-12-06,1,20.268,24.18803295
2024-12-06,10,25.968,21.535871800000002
2024-12-06,11,16.128,18.5468208
2024-12-06,12,10.21,12.16435035
2024-12-06,13,44.96,43.486813
2024-12-06,14,49.208,39.8762845
2024-12-06,15,37.14,28.089979699999997
2024-12-06,16,23.72,27.7451915
2024-12-06,17,11.828,11.113857849999999
2024-12-06,18,12.38,25.794933999999998
2024-12-06,19,24.28,20.1226378
2024-12-06,2,27.728,23.105992999999998
2024-12-06,20,14.7,23.0670033
2024-12-06,21,32.7028,26.3771566
2024-12-06,22,16.252,29.35662965
2024-12-06,23,41.192,33.7445074
2024-12-06,24,28.992,26.3414207
2024-12-06,25,33.93,26.64938695
2024-12-06,26,22.25,20.4155989
2024-12-06,27,18.932,26.086741250000003
2024-12-06,28,43.748,27.28548955
2024-12-06,29,28.736,27.41594025
2024-12-06,3,31.412,23.60264875
2024-12-06,30,38.032,29.09912705
2024-12-06,31,48.744,38.3690157
2024-12-06,32,56.088,51.065080699999996
2024-12-06,33,50.18,12.08351255
2024-12-06,34,4.78,17.385318599999998
2024-12-06,35,49.472,27.5965928
2024-12-06,36,18.976,22.4077787
2024-12-06,37,63.36,43.849753899999996
2024-12-06,38,14.83,14.691804049999998
2024-12-06,39,26.1828,23.692588899999997
2024-12-06,4,32.878925,31.11265515
2024-12-06,5,25.428,21.7158637
2024-12-06,6,54.532,43.4283216
2024-12-06,7,29.6228,32.43063515
2024-12-06,8,14.8628,25.3699944
2024-12-06,9,43.372,29.7906007
2024-12-07,1,12.472,22.0342274
2024-12-07,10,13.828,19.2161101
2024-12-07,11,25.432,19.50270775
2024-12-07,12,16.62,12.409254425
2024-12-07,13,64.28,44.3063686
2024-12-07,14,48.102,38.712697
2024-12-07,15,22.1,26.388562899999997
2024-12-07,16,18.272,26.291782599999998
2024-12-07,17,16.26,9.50605
2024-12-07,18,16.652,24.749327299999997
2024-12-07,19,12.99,19.17788225
2024-12-07,2,31.952,22.9502473
2024-12-07,20,19.12,23.86366735
2024-12-07,21,27.12,25.90869605
2024-12-07,22,31.692738,30.917873850000003
2024-12-07,23,47.928,34.22293185
2024-12-07,24,26.748,26.4965725
2024-12-07,25,32.63,25.491155300000003
2024-12-07,26,17.172,17.890945100000003
2024-12-07,27,31.168,25.779155600000003
2024-12-07,28,26.428,28.615403649999998
2024-12-07,29,25.8628,26.1659172
2024-12-07,3,20.732,23.1068128
2024-12-07,30,37.472,27.2539345
2024-12-07,31,32.9428,36.8925626
2024-12-07,32,52.72,50.669486199999994
2024-12-07,33,27.14,10.572949174999998
2024-12-07,34,30.14,16.961365999999998
2024-12-07,35,29.048,26.0199247
2024-12-07,36,18.744,22.269889999999997
2024-12-07,37,66.392,44.41390615
2024-12-07,38,14.44,14.751891050000001
2024-12-07,39,19.208,23.420543700000003
2024-12-07,4,25.008,28.7853634
2024-12-07,5,22.14,21.651400199999998
2024-12-07,6,47.92,42.282169700000004
2024-12-07,7,38.908,32.24782165
2024-12-07,8,18.576,24.1205431
2024-12-07,9,21.812,28.365397350000002
2024-12-08,1,12.52,21.7631595
2024-12-08,10,12.72,20.2010826
2024-12-08,11,20.82,20.35911155
2024-12-08,12,10.72,12.97843435
2024-12-08,13,69.028,44.6283203
2024-12-08,14,45.44,39.5801827
2024-12-08,15,32.728,26.92659015
2024-12-08,16,27.6,26.32833315
2024-12-08,17,11.2,9.53640205
2024-12-08,18,9.988,24.0128839
2024-12-08,19,21.09,20.016056550000002
2024-12-08,2,25.376,23.74549585
2024-12-08,20,32.21,24.2266181
2024-12-08,21,14.88,27.049742900000002
2024-12-08,22,31.589584,32.10421705
2024-12-08,23,41.22,36.4536881
2024-12-08,24,22.62,27.41132845
2024-12-08,25,28.82,26.2045381
2024-12-08,26,24.12,18.0520524
2024-12-08,27,29.48,25.482658450000002
2024-12-08,28,25.5028,30.881052349999997
2024-12-08,29,29.696,26.41227885
2024-12-08,3,18.388,24.443413049999997
2024-12-08,30,28.728,28.11852975
2024-12-08,31,25.248,37.93201105
2024-12-08,32,38.736,50.94185195
2024-12-08,33,63.102,16.01378625
2024-12-08,34,5.3,16.35215595
2024-12-08,35,31.624,26.9104447
2024-12-08,36,28.28,22.4542279
2024-12-08,37,55.288,46.37133
2024-12-08,38,11.59,15.487371199999998
2024-12-08,39,21.44,24.11865795
2024-12-08,4,26.5028,29.061115349999998
2024-12-08,5,11.988,22.706583700000003
2024-12-08,6,28.228,42.821804900000004
2024-12-08,7,33.772,33.05815415
2024-12-08,8,23.232,23.48013775
2024-12-08,9,39.212,29.6290145
2024-12-09,1,22.68,19.922507099999997
2024-12-09,10,23.652,19.019762
2024-12-09,11,14.492,20.4919474
2024-12-09,12,13.23,12.7433602
2024-12-09,13,37.376,44.4210485
2024-12-09,14,44.176,40.537253500000006
2024-12-09,15,16.72,26.9944594
2024-12-09,16,17.936,25.1342596
2024-12-09,17,8.8,9.707966899999999
2024-12-09,18,9.252,21.647151800000003
2024-12-09,19,14.93,18.9510933
2024-12-09,2,18.5828,25.28636065
2024-12-09,20,24.25,23.0770582
2024-12-09,21,45.496,27.22631285
2024-12-09,22,27.668,30.622508699999997
2024-12-09,23,27.652,37.06814115
2024-12-09,24,29.74,27.201647700000002
2024-12-09,25,26.728,26.88624055
2024-12-09,26,19.988,17.47871035
2024-12-09,27,20.272,25.2036261
2024-12-09,28,37.288,30.7752372
2024-12-09,29,28.032,26.31964485
2024-12-09,3,22.612,23.993945000000004
2024-12-09,30,38.52,28.5977921
2024-12-09,31,43.288,38.32067625
2024-12-09,32,69.328,50.10840825
2024-12-09,33,28.808,19.22110275
2024-12-09,34,17.96,16.2877617
2024-12-09,35,38.768,28.11062655
2024-12-09,36,11.76,21.16348825
2024-12-09,37,58.8,47.339422
2024-12-09,38,10.39,14.677263799999999
2024-12-09,39,17.488,23.3743866
2024-12-09,4,35.384,28.75140875
2024-12-09,5,20.7828,22.4755579
2024-12-09,6,41.0228,42.301617949999994
2024-12-09,7,35.216,33.10902315
2024-12-09,8,12.7,21.9393039
2024-12-09,9,25.492,29.95454065
2024-12-10,1,20.36,18.764739399999996
2024-12-10,10,16.948,18.00820425
2024-12-10,11,30.2,21.4134781
2024-12-10,12,12.62,13.212952600000001
2024-12-10,13,62.064,49.00078885
2024-12-10,14,45.52,43.39900285
2024-12-10,15,30.912,27.8658619
2024-12-10,16,26.1428,24.7211809
2024-12-10,17,14.73,10.22426075
2024-12-10,18,23.296,20.8116269
2024-12-10,19,13.69,19.07874
2024-12-10,2,10.536,25.60469515
2024-12-10,20,24.05,24.56598535
2024-12-10,21,17.412,25.77644655
2024-12-10,22,48.5028,30.687626899999998
2024-12-10,23,18.216,40.1262565
2024-12-10,24,19.528,26.864957949999997
2024-12-10,25,35.29,28.911040049999997
2024-12-10,26,19.532,19.07614905
2024-12-10,27,21.088,27.097974
2024-12-10,28,26.2,30.90878525
2024-12-10,29,27.5,27.405793099999997
2024-12-10,3,25.68,23.122145449999998
2024-12-10,30,41.78,30.6536847
2024-12-10,31,28.704,38.43167095
2024-12-10,32,52.72,51.98916385
2024-12-10,33,21.552,25.81269005
2024-12-10,34,10.188,16.66766685
2024-12-10,35,39.08,29.42179105
2024-12-10,36,18.48,23.433191
2024-12-10,37,59.96,50.886255500000004
2024-12-10,38,14.78,14.609964399999999
2024-12-10,39,21.1828,23.17473465
2024-12-10,4,17.096,28.41701745
2024-12-10,5,24.088,21.0547005
2024-12-10,6,53.188,42.72142805
2024-12-10,7,25.12,35.1684376
2024-12-10,8,11.428,22.2299918
2024-12-10,9,26.132,31.483132399999995
2024-12-11,1,21.232,20.0112221
2024-12-11,10,18.1828,19.5514337
2024-12-11,11,14.428,21.468633500000003
2024-12-11,12,18.82,14.1386623
2024-12-11,13,56.368,49.7041562
2024-12-11,14,51.592,43.8170617
2024-12-11,15,36.3,28.50932285
2024-12-11,16,20.258,24.5023788
2024-12-11,17,13.09,11.012673925
2024-12-11,18,26.872,19.66162785
2024-12-11,19,20.11,20.06676385
2024-12-11,2,43.911,24.93858995
2024-12-11,20,19.09,26.2045797
2024-12-11,21,46.82,28.44595415
2024-12-11,22,18.508,32.0891832
2024-12-11,23,18.792,39.516796
2024-12-11,24,36.44,27.1661498
2024-12-11,25,35.46,29.3670715
2024-12-11,26,23.028,20.5821073
2024-12-11,27,41.26,28.053522899999997
2024-12-11,28,22.24,31.967571000000003
2024-12-11,29,23.548,28.331629250000002
2024-12-11,3,24.572,23.694519899999996
2024-12-11,30,37.06,31.622473150000005
2024-12-11,31,32.176,37.4776154
2024-12-11,32,63.856,51.5512153
2024-12-11,33,41.428,29.44806125
2024-12-11,34,22.2528,16.9994148
2024-12-11,35,49.98,31.62603025
2024-12-11,36,32.128,23.2225581
2024-12-11,37,55.76,51.71018895
2024-12-11,38,19.99,14.92366765
2024-12-11,39,18.668,22.86506495
2024-12-11,4,31.128,29.740189
2024-12-11,5,9.832,21.55934055
2024-12-11,6,48.108,41.0965726
2024-12-11,7,39.9428,35.246231099999996
2024-12-11,8,16.06,22.18870225
2024-12-11,9,43.696,31.73846635
2024-12-12,1,21.72,21.180338050000003
2024-12-12,10,10.696,19.7062253
2024-12-12,11,26.372,21.609180449999997
2024-12-12,12,14.09,13.951645
2024-12-12,13,50.02,47.3463306
2024-12-12,14,45.14,42.13202055
2024-12-12,15,26.428,27.244144650000003
2024-12-12,16,27.56,24.016356000000002
2024-12-12,17,12.61,11.593644399999999
2024-12-12,18,3.072,19.9180532
2024-12-12,19,17.028,18.736368300000002
2024-12-12,2,20.58,22.418382800000003
2024-12-12,20,29.24,25.04513685
2024-12-12,21,27.28,27.524864750000003
2024-12-12,22,39.69651,32.07255115
2024-12-12,23,55.552,34.293114
2024-12-12,24,22.032,26.03323975
2024-12-12,25,26.23,28.9518615
2024-12-12,26,16.212,20.18286265
2024-12-12,27,17.42,25.885439650000002
2024-12-12,28,37.7,30.192788650000004
2024-12-12,29,27.88,27.7228542
2024-12-12,3,27.168,23.2374175
2024-12-12,30,31.228,32.10732625
2024-12-12,31,43.792,35.949716349999996
2024-12-12,32,67.624,50.495207750000006
2024-12-12,33,17.188,26.9070556
2024-12-12,34,37.0,16.4982113
2024-12-12,35,10.22,30.67636545
2024-12-12,36,25.102,21.29002605
2024-12-12,37,39.18,50.12092345
2024-12-12,38,19.19,14.73109355
2024-12-12,39,21.428,22.20452955
2024-12-12,4,29.216,28.0462348
2024-12-12,5,11.688,21.53759425
2024-12-12,6,48.08,40.353480899999994
2024-12-12,7,26.92,32.967460149999994
2024-12-12,8,17.368,20.471638
2024-12-12,9,28.6,29.168979
2024-12-13,1,23.448,21.180263449999998
2024-12-13,10,11.112,19.66866305
2024-12-13,11,19.288,21.37048235
2024-12-13,12,3.928,14.5204818
2024-12-13,13,52.78,48.02897485
2024-12-13,14,46.56,41.441573649999995
2024-12-13,15,31.424,27.9186986
2024-12-13,16,22.292,23.42867365
2024-12-13,17,10.38,12.145818799999999
2024-12-13,18,11.536,21.141791849999997
2024-12-13,19,11.06,18.70914045
2024-12-13,2,13.64,23.076636049999998
2024-12-13,20,17.82,24.0980644
2024-12-13,21,38.88,27.4657083
2024-12-13,22,30.281866,30.9070687
2024-12-13,23,29.576,29.7462054
2024-12-13,24,20.72,25.915857
2024-12-13,25,30.25,29.15884155
2024-12-13,26,22.9028,20.5206579
2024-12-13,27,24.58,26.5013368
2024-12-13,28,20.028,28.705152050000002
2024-12-13,29,29.052,26.9926963
2024-12-13,3,37.028,23.27122585
2024-12-13,30,47.36,32.2215869
2024-12-13,31,54.064,33.601256199999995
2024-12-13,32,74.16,49.303907800000005
2024-12-13,33,10.56,26.779516049999998
2024-12-13,34,21.868,16.878982649999998
2024-12-13,35,26.68,32.71765310000001
2024-12-13,36,19.448,22.257203699999998
2024-12-13,37,55.48,48.959474099999994
2024-12-13,38,12.73,15.571561675
2024-12-13,39,24.5028,21.83645715
2024-12-13,4,17.3028,26.97091055
2024-12-13,5,32.792,20.237907149999998
2024-12-13,6,38.292,39.940254800000005
2024-12-13,7,41.228,31.125825
2024-12-13,8,12.732,19.8046516
2024-12-13,9,31.292,29.36675435
2024-12-14,1,29.728,21.1309173
2024-12-14,10,10.06,18.8785479
2024-12-14,11,7.4,22.0284756
2024-12-14,12,5.31,15.027331075
2024-12-14,13,28.552,47.8151742
2024-12-14,14,32.14,41.0821155
2024-12-14,15,20.936,27.536159599999998
2024-12-14,16,20.088,23.95044085
2024-12-14,17,10.71,11.91236235
2024-12-14,18,20.9028,19.80132375
2024-12-14,19,28.25,18.6251487
2024-12-14,2,8.0,24.5009668
2024-12-14,20,16.31,24.7435833
2024-12-14,21,30.872,28.5469435
2024-12-14,22,32.862713,31.442478649999998
2024-12-14,23,41.944,30.202867050000002
2024-12-14,24,20.548,26.3465411
2024-12-14,25,27.73,28.5510072
2024-12-14,26,16.288,19.47040705
2024-12-14,27,19.788,26.4571695
2024-12-14,28,31.211,28.61438525
2024-12-14,29,26.56,26.427362900000002
2024-12-14,3,21.2,23.82977255
2024-12-14,30,36.1,31.35572005
2024-12-14,31,32.912,33.28958225
2024-12-14,32,43.328,50.11210945
2024-12-14,33,28.452,25.5457096
2024-12-14,34,22.908,19.72577875
2024-12-14,35,19.528,30.20855
2024-12-14,36,13.7,23.351386849999997
2024-12-14,37,18.06,48.31045025
2024-12-14,38,10.9,16.508345175
2024-12-14,39,22.32,21.8847194
2024-12-14,4,10.16,26.4945164
2024-12-14,5,31.488,19.1282218
2024-12-14,6,41.7,39.659432
2024-12-14,7,30.26,31.4808167
2024-12-14,8,10.988,19.560613449999998
2024-12-14,9,22.34,29.491549650000003
2024-12-15,1,10.572,22.178857700000002
2024-12-15,10,14.052,18.94306915
2024-12-15,11,18.712,22.5494257
2024-12-15,12,17.26,14.1561552
2024-12-15,13,70.828,47.2451911
2024-12-15,14,51.26,41.10557655
2024-12-15,15,32.5428,28.361224800000002
2024-12-15,16,28.752,24.753377450000002
2024-12-15,17,9.528,12.330409549999999
2024-12-15,18,22.948,18.25805555
2024-12-15,19,13.87,18.5911332
2024-12-15,2,33.64,24.144572949999997
2024-12-15,20,25.26,24.30359015
2024-12-15,21,27.908,29.9171929
2024-12-15,22,56.58,31.1930183
2024-12-15,23,51.088,31.5103646
2024-12-15,24,25.66,26.29093425
2024-12-15,25,30.72,28.82008575
2024-12-15,26,21.288,20.560943299999998
2024-12-15,27,44.132,25.72905995
2024-12-15,28,41.72,29.169198800000004
2024-12-15,29,38.108,27.25488875
2024-12-15,3,37.512,26.376533300000002
2024-12-15,30,30.9,32.662006000000005
2024-12-15,31,57.048,36.1398367
2024-12-15,32,73.832,51.5779331
2024-12-15,33,24.376,25.2047399
2024-12-15,34,7.092,21.50377735
2024-12-15,35,43.92,29.778981650000002
2024-12-15,36,27.532,23.712239349999997
2024-12-15,37,49.728,47.51954175
2024-12-15,38,14.56,16.9530451
2024-12-15,39,17.988,23.080532400000003
2024-12-15,4,26.44,26.320056100000002
2024-12-15,5,25.808,21.115416600000003
2024-12-15,6,46.928,39.76958354999999
2024-12-15,7,44.78,31.7612865
2024-12-15,8,20.12,19.46173145
2024-12-15,9,29.048,30.47875
2024-12-16,1,31.848,23.68722415
2024-12-16,10,19.12,17.535758549999997
2024-12-16,11,26.928,21.19545985
2024-12-16,12,10.13,12.6378757
2024-12-16,13,63.488,47.789016700000005
2024-12-16,14,51.86,41.9264568
2024-12-16,15,31.056,27.8795997
2024-12-16,16,25.52,24.464223699999998
2024-12-16,17,14.66,12.2303791
2024-12-16,18,19.172,18.163971
2024-12-16,19,10.96,19.33724595
2024-12-16,2,8.012,22.79506
2024-12-16,20,32.88,22.97334755
2024-12-16,21,32.0,31.625783749999997
2024-12-16,22,58.272,32.13918345
2024-12-16,23,50.56,33.252517999999995
2024-12-16,24,19.62,26.0334429
2024-12-16,25,32.9,29.570102849999998
2024-12-16,26,14.64,20.32829115
2024-12-16,27,23.18,25.7596796
2024-12-16,28,14.12,29.131147050000003
2024-12-16,29,32.2,27.9883265
2024-12-16,3,28.536,27.301141899999998
2024-12-16,30,38.688,34.82435005
2024-12-16,31,44.5828,38.76176195
2024-12-16,32,58.464,53.441844499999995
2024-12-16,33,45.432,25.3459815
2024-12-16,34,11.092,22.7544196
2024-12-16,35,46.932,28.9636166
2024-12-16,36,17.12,22.5653529
2024-12-16,37,60.12,47.466397400000005
2024-12-16,38,24.95,15.808488449999999
2024-12-16,39,14.508,23.63495615
2024-12-16,4,17.9028,24.6882162
2024-12-16,5,9.992,23.73658425
2024-12-16,6,54.664,40.615961
2024-12-16,7,25.8,33.6135041
2024-12-16,8,22.92,18.249574950000003
2024-12-16,9,27.832,30.0910459
2024-12-17,1,25.22,22.61134335
2024-12-17,10,18.336,16.8429406
2024-12-17,11,13.58,20.2005474
2024-12-17,12,7.7,13.0528667
2024-12-17,13,72.42,49.6029623
2024-12-17,14,53.168,43.196690700000005
2024-12-17,15,28.992,28.81555415
2024-12-17,16,13.176,25.102010299999996
2024-12-17,17,9.28,11.70685045
2024-12-17,18,20.848,19.0724699
2024-12-17,19,19.62,19.422899899999997
2024-12-17,2,8.576,23.594481000000002
2024-12-17,20,26.11,23.1323759
2024-12-17,21,33.428,31.02045935
2024-12-17,22,46.016,34.79313555
2024-12-17,23,45.76,35.585146800000004
2024-12-17,24,22.708,25.60046465
2024-12-17,25,30.25,30.230501
2024-12-17,26,24.132,20.501747899999998
2024-12-17,27,22.392,27.79230395
2024-12-17,28,39.36,30.716160449999997
2024-12-17,29,28.672,29.490367199999998
2024-12-17,3,22.08,28.00174875
2024-12-17,30,41.5828,35.0045355
2024-12-17,31,56.5028,40.454195399999996
2024-12-17,32,18.0228,53.98776115
2024-12-17,33,24.48,27.426567
2024-12-17,34,28.8,20.986414449999998
2024-12-17,35,41.296,30.115252599999998
2024-12-17,36,18.548,23.29662105
2024-12-17,37,43.332,46.406781800000005
2024-12-17,38,4.72,15.41408475
2024-12-17,39,24.292,23.209037350000003
2024-12-17,4,18.464,24.448243499999997
2024-12-17,5,29.828,24.336292900000004
2024-12-17,6,39.808,40.442877749999994
2024-12-17,7,41.72,35.1539305
2024-12-17,8,20.7428,18.250697549999998
2024-12-17,9,27.48,30.2713677
2024-12-18,1,27.62,24.491349200000002
2024-12-18,10,24.132,18.752403450000003
2024-12-18,11,24.72,21.991312299999997
2024-12-18,12,14.05,14.601097850000002
2024-12-18,13,51.96,51.550073299999994
2024-12-18,14,49.4,46.057804250000004
2024-12-18,15,35.96,29.4090921
2024-12-18,16,22.3028,26.4868585
2024-12-18,17,22.05,12.8612811
2024-12-18,18,11.952,20.70072185
2024-12-18,19,31.61,19.21637605
2024-12-18,2,33.24,24.395231000000003
2024-12-18,20,27.99,25.48908635
2024-12-18,21,36.312,32.9648047
2024-12-18,22,42.80571,38.4887665
2024-12-18,23,51.42,37.9459497
2024-12-18,24,38.6228,26.53090755
2024-12-18,25,29.76,31.499878950000003
2024-12-18,26,16.528,21.338012149999997
2024-12-18,27,31.816,29.7295798
2024-12-18,28,36.696,31.58958225
2024-12-18,29,33.78,31.641179899999997
2024-12-18,3,24.452,29.976270550000002
2024-12-18,30,43.248,35.83639485
2024-12-18,31,46.76,44.4214188
2024-12-18,32,11.576,55.9983721
2024-12-18,33,26.488,30.043283849999998
2024-12-18,34,10.72,20.687359649999998
2024-12-18,35,37.892,33.84736025
2024-12-18,36,29.988,23.91327045
2024-12-18,37,64.296,48.685953
2024-12-18,38,11.428,17.696428
2024-12-18,39,24.58,23.167390599999997
2024-12-18,4,24.568,26.219832299999997
2024-12-18,5,19.072,24.01617055
2024-12-18,6,49.808,41.8626781
2024-12-18,7,48.868,36.4607393
2024-12-18,8,23.488,19.9908141
2024-12-18,9,24.688,31.10833175
2024-12-19,1,38.72,26.6689493
2024-12-19,10,10.028,20.11113185
2024-12-19,11,29.6,22.9558032
2024-12-19,12,13.72,14.7753234
2024-12-19,13,43.3,53.944087350000004
2024-12-19,14,49.3828,48.65108245
2024-12-19,15,30.94,31.220108999999997
2024-12-19,16,23.776,26.213126600000002
2024-12-19,17,10.43,13.247052450000002
2024-12-19,18,17.976,22.4661749
2024-12-19,19,20.73,19.4711613
2024-12-19,2,23.932,22.4584242
2024-12-19,20,37.85,27.36888455
2024-12-19,21,25.248,33.54465605
2024-12-19,22,38.663227,43.004012599999996
2024-12-19,23,45.852,39.88921815
2024-12-19,24,25.488,26.3425073
2024-12-19,25,26.77,32.792621249999996
2024-12-19,26,18.64,22.526702450000002
2024-12-19,27,18.36,29.627687099999996
2024-12-19,28,28.52,32.21307075
2024-12-19,29,28.228,32.7786549
2024-12-19,3,35.24,30.37148235
2024-12-19,30,52.48,37.83141915
2024-12-19,31,51.112,47.2191505
2024-12-19,32,29.216,54.79342799999999
2024-12-19,33,11.392,31.25671395
2024-12-19,34,24.788,21.916366
2024-12-19,35,23.572,36.973404099999996
2024-12-19,36,20.652,23.950994549999997
2024-12-19,37,60.532,49.9598503
2024-12-19,38,24.15,17.99082895
2024-12-19,39,25.648,23.998192449999998
2024-12-19,4,25.832,25.7783497
2024-12-19,5,26.148,24.829509249999997
2024-12-19,6,48.292,43.340373549999995
2024-12-19,7,41.612,37.0468635
2024-12-19,8,11.64,21.09065985
2024-12-19,9,35.48,31.24053305
2024-12-20,1,29.46,26.3251865
2024-12-20,10,12.25,20.80183025
2024-12-20,11,18.76,22.14178725
2024-12-20,12,13.27,14.4530658
2024-12-20,13,56.792,53.9127017
2024-12-20,14,44.72,48.5746111
2024-12-20,15,25.92,31.103776700000004
2024-12-20,16,11.36,24.408255349999997
2024-12-20,17,8.11,14.10407775
2024-12-20,18,27.64,21.436155
2024-12-20,19,11.99,20.6092228
2024-12-20,2,10.211,23.33780895
2024-12-20,20,31.77,26.757986
2024-12-20,21,37.692,33.69352225
2024-12-20,22,29.773745,42.211591049999996
2024-12-20,23,54.088,39.0829535
2024-12-20,24,25.032,26.95237985
2024-12-20,25,28.198,31.7649744
2024-12-20,26,21.7,21.772509749999998
2024-12-20,27,30.692,29.49636955
2024-12-20,28,37.652,31.75248
2024-12-20,29,29.811,31.40744235
2024-12-20,3,36.228,28.3395237
2024-12-20,30,36.288,37.8136595
2024-12-20,31,50.736,47.289985
2024-12-20,32,59.928,48.27043225
2024-12-20,33,29.832,29.840359999999997
2024-12-20,34,23.66,21.761375200000003
2024-12-20,35,25.64,37.5288308
2024-12-20,36,19.028,24.26600415
2024-12-20,37,59.108,48.8057723
2024-12-20,38,10.71,16.74331385
2024-12-20,39,25.892,23.5454327
2024-12-20,4,32.311,25.200084150000002
2024-12-20,5,22.2,23.481932200000003
2024-12-20,6,55.532,42.3824942
2024-12-20,7,42.72,37.6676097
2024-12-20,8,19.38,21.403384250000002
2024-12-20,9,22.68,29.849510450000004
2024-12-21,1,26.528,26.00597355
2024-12-21,10,18.648,19.2584438
2024-12-21,11,20.92,22.1737817
2024-12-21,12,16.19,13.791091699999999
2024-12-21,13,67.668,50.9206297
2024-12-21,14,46.028,46.5942998
2024-12-21,15,28.788,29.029564049999998
2024-12-21,16,24.6,23.318022499999998
2024-12-21,17,10.128,13.365118299999999
2024-12-21,18,16.64,19.32714595
2024-12-21,19,30.97,20.47024395
2024-12-21,2,25.748,23.185232499999998
2024-12-21,20,28.46,26.653909499999997
2024-12-21,21,32.388,31.064934550000004
2024-12-21,22,30.82465,41.028731
2024-12-21,23,59.36,39.5896039
2024-12-21,24,39.76,26.209092599999998
2024-12-21,25,27.0228,29.309871100000002
2024-12-21,26,14.38,20.15807115
2024-12-21,27,22.0,26.93173505
2024-12-21,28,38.652,30.620776199999998
2024-12-21,29,39.2,29.5424157
2024-12-21,3,29.472,27.103222
2024-12-21,30,55.852,36.69244325
2024-12-21,31,31.48,46.1194333
2024-12-21,32,48.08,40.754364800000005
2024-12-21,33,7.976,25.1057015
2024-12-21,34,14.792,21.720616749999998
2024-12-21,35,28.52,33.20172855
2024-12-21,36,20.34,23.285400000000003
2024-12-21,37,61.352,47.673456400000006
2024-12-21,38,11.72,16.73992945
2024-12-21,39,19.252,22.82192705
2024-12-21,4,23.228,24.01830345
2024-12-21,5,32.868,22.15948675
2024-12-21,6,63.208,41.4921182
2024-12-21,7,39.211,36.5589622
2024-12-21,8,10.388,20.018335399999998
2024-12-21,9,14.292,27.9553436
2024-12-22,1,11.52,28.24127035
2024-12-22,10,23.28,19.2279067
2024-12-22,11,20.372,23.24928635
2024-12-22,12,10.99,14.798981000000001
2024-12-22,13,67.692,50.03347875
2024-12-22,14,49.856,46.5391606
2024-12-22,15,36.824,29.49221385
2024-12-22,16,25.552,23.319935549999997
2024-12-22,17,11.02,13.61064205
2024-12-22,18,25.732,21.436641
2024-12-22,19,16.74,20.9015596
2024-12-22,2,8.628,22.959204800000002
2024-12-22,20,29.91,28.242186999999998
2024-12-22,21,25.28,32.0136423
2024-12-22,22,32.07459,40.39478455
2024-12-22,23,46.272,40.94830925000001
2024-12-22,24,35.92,27.092380050000003
2024-12-22,25,26.328,29.520816600000003
2024-12-22,26,9.102,21.544779749999996
2024-12-22,27,38.16,27.61827205
2024-12-22,28,28.768,31.61218025
2024-12-22,29,28.332,30.657048699999997
2024-12-22,3,22.448,29.72672445
2024-12-22,30,36.852,38.08130405
2024-12-22,31,28.968,47.809262649999994
2024-12-22,32,52.32,41.0337775
2024-12-22,33,7.9428,24.965672050000002
2024-12-22,34,11.608,23.635631950000004
2024-12-22,35,55.488,32.95534935
2024-12-22,36,26.72,24.038164499999997
2024-12-22,37,68.032,49.36522515
2024-12-22,38,13.63,17.9677115
2024-12-22,39,28.216,24.7372861
2024-12-22,4,18.176,25.242863149999998
2024-12-22,5,29.492,23.90359975
2024-12-22,6,49.26,42.48773075
2024-12-22,7,39.888,38.5597857
2024-12-22,8,23.332,20.6435571
2024-12-22,9,36.092,29.1198659
2024-12-23,1,18.032,30.08902195
2024-12-23,10,23.5028,19.1152978
2024-12-23,11,20.36,23.372249249999996
2024-12-23,12,11.25,15.585408499999998
2024-12-23,13,75.176,51.45456695
2024-12-23,14,47.192,47.699895
2024-12-23,15,25.08,30.44963795
2024-12-23,16,20.52,23.4903808
2024-12-23,17,2.08,12.9859203
2024-12-23,18,21.892,22.695656149999998
2024-12-23,19,19.5,22.540644900000004
2024-12-23,2,8.132,22.875975750000002
2024-12-23,20,27.85,29.29867325
2024-12-23,21,16.56,34.2301717
2024-12-23,22,48.452,40.45204795
2024-12-23,23,55.6,44.6368596
2024-12-23,24,26.548,29.02967865
2024-12-23,25,28.488,30.01758775
2024-12-23,26,23.548,21.3599313
2024-12-23,27,20.468,28.3988956
2024-12-23,28,28.248,34.4064666
2024-12-23,29,28.948,33.1894711
2024-12-23,3,27.592,31.7124916
2024-12-23,30,26.536,40.725724400000004
2024-12-23,31,31.672,48.598456
2024-12-23,32,49.496,43.7092154
2024-12-23,33,7.976,24.3090117
2024-12-23,34,25.248,23.858944799999996
2024-12-23,35,13.94,32.63963485
2024-12-23,36,19.1,24.14582075
2024-12-23,37,64.28,50.79543955
2024-12-23,38,14.94,17.436952
2024-12-23,39,22.172,25.7523902
2024-12-23,4,31.254,26.2382322
2024-12-23,5,29.88,26.38902135
2024-12-23,6,45.188,44.96200105
2024-12-23,7,42.028,41.4185423
2024-12-23,8,10.388,19.52482975
2024-12-23,9,26.028,28.1131662
2024-12-24,1,37.608,27.510373
2024-12-24,10,27.108,19.88276115
2024-12-24,11,24.968,23.255302550000003
2024-12-24,12,9.45,15.56793875
2024-12-24,13,69.332,53.4563849
2024-12-24,14,44.26,48.21983195
2024-12-24,15,25.668,31.420448999999998
2024-12-24,16,29.7,24.4663671
2024-12-24,17,10.78,12.4982907
2024-12-24,18,18.288,23.281276300000002
2024-12-24,19,23.12,22.2964591
2024-12-24,2,9.772,22.5687486
2024-12-24,20,26.22,29.3992772
2024-12-24,21,37.72,33.19473875
2024-12-24,22,54.74,40.0414863
2024-12-24,23,43.508,45.669768250000004
2024-12-24,24,27.972,30.3977602
2024-12-24,25,30.1428,29.483467
2024-12-24,26,7.32,19.480456
2024-12-24,27,24.992,30.02939705
2024-12-24,28,25.64,34.958995449999996
2024-12-24,29,33.8,33.929919999999996
2024-12-24,3,32.76,31.256708099999997
2024-12-24,30,26.028,41.245837449999996
2024-12-24,31,35.8,46.7056536
2024-12-24,32,39.36,45.21147345
2024-12-24,33,7.992,21.20237895
2024-12-24,34,9.632,21.5772074
2024-12-24,35,2.62,34.6731951
2024-12-24,36,17.572,24.7665947
2024-12-24,37,48.32,51.83353995
2024-12-24,38,11.928,16.83017445
2024-12-24,39,19.972,25.718566250000002
2024-12-24,4,31.088,25.7909218
2024-12-24,5,26.66,27.5021912
2024-12-24,6,52.112,45.849773850000005
2024-12-24,7,44.688,41.83173465
2024-12-24,8,6.532,19.701239899999997
2024-12-24,9,26.972,28.214596599999997
2024-12-25,1,41.44,26.760193
2024-12-25,10,24.492,22.095647749999998
2024-12-25,11,18.648,24.1943737
2024-12-25,12,12.83,15.6433487
2024-12-25,13,74.7,54.857035100000004
2024-12-25,14,47.94,48.7020057
2024-12-25,15,20.972,31.76367445
2024-12-25,16,18.82,25.29656645
2024-12-25,17,18.66,11.8248846
2024-12-25,18,22.632,24.36659745
2024-12-25,19,24.2,22.012668599999998
2024-12-25,2,31.268,20.795623149999997
2024-12-25,20,5.67,30.296624650000002
2024-12-25,21,30.8,31.77554325
2024-12-25,22,56.912,41.2632964
2024-12-25,23,37.3,46.24606765
2024-12-25,24,32.812,30.733463550000003
2024-12-25,25,27.988,29.72954135
2024-12-25,26,36.2,19.85735135
2024-12-25,27,42.928,30.18960405
2024-12-25,28,39.08,33.3878561
2024-12-25,29,26.96,33.60896275
2024-12-25,3,25.98,30.58160925
2024-12-25,30,31.68,39.95881355
2024-12-25,31,37.88,44.4340468
2024-12-25,32,49.536,46.5336789
2024-12-25,33,7.992,20.360441199999997
2024-12-25,34,6.78,21.89651455
2024-12-25,35,4.728,34.74884695
2024-12-25,36,37.688,24.93855975
2024-12-25,37,68.776,53.014216250000004
2024-12-25,38,21.91,17.5438447
2024-12-25,39,36.088,26.142730300000004
2024-12-25,4,31.032,26.7039245
2024-12-25,5,30.688,27.73051565
2024-12-25,6,59.7,45.8379367
2024-12-25,7,50.792,41.5972137
2024-12-25,8,16.0,20.3211498
2024-12-25,9,27.028,29.0645712
2024-12-26,1,14.632,26.749646499999997
2024-12-26,10,10.336,22.934685950000002
2024-12-26,11,25.11,23.468998900000003
2024-12-26,12,3.83,14.39604005
2024-12-26,13,62.752,54.938521449999996
2024-12-26,14,48.928,46.519868599999995
2024-12-26,15,32.428,30.1859936
2024-12-26,16,16.32,24.5241909
2024-12-26,17,12.91,11.21157535
2024-12-26,18,19.688,23.3292237
2024-12-26,19,29.09,21.66868785
2024-12-26,2,52.068,18.72331805
2024-12-26,20,27.01,29.5470063
2024-12-26,21,41.384,30.190577349999998
2024-12-26,22,39.632175,41.498753
2024-12-26,23,52.848,44.3555602
2024-12-26,24,27.132,29.0658064
2024-12-26,25,31.16,28.76442345
2024-12-26,26,24.18,18.80414485
2024-12-26,27,16.192,27.9691111
2024-12-26,28,39.492,31.453550549999996
2024-12-26,29,14.46,31.812486749999998
2024-12-26,3,28.892,29.07765025
2024-12-26,30,51.96,36.319529849999995
2024-12-26,31,44.888,41.2647442
2024-12-26,32,52.8,43.39688235
2024-12-26,33,28.068,17.5092615
2024-12-26,34,36.668,21.59412485
2024-12-26,35,55.5428,28.37325945
2024-12-26,36,37.1,22.886626800000002
2024-12-26,37,59.272,51.0548096
2024-12-26,38,14.79,16.45880725
2024-12-26,39,17.911,24.77447275
2024-12-26,4,33.888,26.7436802
2024-12-26,5,12.4228,27.303303449999998
2024-12-26,6,57.452,43.92226050000001
2024-12-26,7,38.632,40.17006615
2024-12-26,8,11.508,18.39188145
2024-12-26,9,24.26,27.56457865
2024-12-27,1,28.728,27.03505815
2024-12-27,10,23.532,23.1042723
2024-12-27,11,28.012,22.350037699999998
2024-12-27,12,12.51,13.488614125000002
2024-12-27,13,79.28,54.106651299999996
2024-12-27,14,45.58,43.315975449999996
2024-12-27,15,24.776,27.860450399999998
2024-12-27,16,20.728,23.24262775
2024-12-27,17,13.93,11.793605600000001
2024-12-27,18,8.24,22.02399625
2024-12-27,19,10.01,21.4456859
2024-12-27,2,8.432,19.80238045
2024-12-27,20,42.32,26.366146349999998
2024-12-27,21,28.648,29.3082231
2024-12-27,22,30.947954,41.08546915
2024-12-27,23,49.432,41.362757
2024-12-27,24,18.188,28.2637268
2024-12-27,25,25.96,27.394817950000004
2024-12-27,26,26.18,19.3876691
2024-12-27,27,18.1,27.591235700000002
2024-12-27,28,29.468,29.9073425
2024-12-27,29,29.14,29.64924045
2024-12-27,3,29.412,26.92651575
2024-12-27,30,33.592,32.83481605
2024-12-27,31,28.856,37.5074796
2024-12-27,32,41.6628,39.63666145
2024-12-27,33,39.508,14.82647875
2024-12-27,34,25.792,18.7094503
2024-12-27,35,41.32,23.4372963
2024-12-27,36,16.28,23.061143450000003
2024-12-27,37,81.46,49.4816353
2024-12-27,38,16.828,16.29087945
2024-12-27,39,22.576,24.31006245
2024-12-27,4,19.768,26.3302743
2024-12-27,5,16.64,25.834638050000002
2024-12-27,6,55.11,42.72378950000001
2024-12-27,7,41.688,39.1670165
2024-12-27,8,12.36,17.2785489
2024-12-27,9,24.711,25.641529249999998
2024-12-28,1,18.3,26.51351175
2024-12-28,10,24.92,21.5204697
2024-12-28,11,19.811,22.155069349999998
2024-12-28,12,12.31,12.17867935
2024-12-28,13,70.508,53.1966154
2024-12-28,14,43.272,41.742600499999995
2024-12-28,15,24.312,26.885042149999997
2024-12-28,16,24.912,21.99841755
2024-12-28,17,9.93,11.87718345
2024-12-28,18,20.0,21.601282050000002
2024-12-28,19,19.52,21.79759375
2024-12-28,2,19.76,22.8003072
2024-12-28,20,17.92,24.834755800000003
2024-12-28,21,27.232,28.5467107
2024-12-28,22,32.662495,40.20408075
2024-12-28,23,31.528,39.74800594999999
2024-12-28,24,43.411,27.513160750000004
2024-12-28,25,23.652,26.4241624
2024-12-28,26,16.82,20.402805649999998
2024-12-28,27,20.74,26.1240765
2024-12-28,28,41.8,29.5251023
2024-12-28,29,35.28,26.9288475
2024-12-28,3,35.692,26.26000135
2024-12-28,30,25.352,32.76230555
2024-12-28,31,30.228,35.910933
2024-12-28,32,52.136,38.41909685
2024-12-28,33,17.612,15.12872875
2024-12-28,34,8.102,19.77165895
2024-12-28,35,27.576,24.10089515
2024-12-28,36,19.528,24.44889215
2024-12-28,37,62.02,49.203861
2024-12-28,38,11.14,16.6022053
2024-12-28,39,25.828,24.0265395
2024-12-28,4,30.16,25.8127195
2024-12-28,5,17.64,24.1289467
2024-12-28,6,60.64,42.7286056
2024-12-28,7,33.68,38.1659823
2024-12-28,8,19.0,16.2664733
2024-12-28,9,27.088,25.11157845
2024-12-29,1,17.7,26.29629895
2024-12-29,10,19.052,21.82332795
2024-12-29,11,28.828,23.284662500000003
2024-12-29,12,5.67,12.24025695
2024-12-29,13,69.728,54.066395899999996
2024-12-29,14,47.508,41.88942555
2024-12-29,15,31.328,27.37715545
2024-12-29,16,19.14,21.8773089
2024-12-29,17,9.39,12.302836150000001
2024-12-29,18,33.428,21.20094765
2024-12-29,19,16.08,21.1823473
2024-12-29,2,25.7,23.6347728
2024-12-29,20,39.05,26.322756599999998
2024-12-29,21,28.28,29.7794696
2024-12-29,22,57.336,39.125593949999995
2024-12-29,23,45.0,40.8877983
2024-12-29,24,27.14,26.92434455
2024-12-29,25,26.0,26.8828477
2024-12-29,26,24.7,22.018885500000003
2024-12-29,27,33.848,25.4462937
2024-12-29,28,29.8,30.193166149999996
2024-12-29,29,48.308,26.644756400000002
2024-12-29,3,26.411,27.42923065
2024-12-29,30,23.828,32.914185249999996
2024-12-29,31,25.768,36.4801155
2024-12-29,32,50.12,40.77460935
2024-12-29,33,6.8,19.517364200000003
2024-12-29,34,16.788,22.309357300000002
2024-12-29,35,25.492,27.906484950000003
2024-12-29,36,21.56,25.13112075
2024-12-29,37,56.38,50.70678310000001
2024-12-29,38,14.33,17.099080450000002
2024-12-29,39,19.904,24.277611299999997
2024-12-29,4,33.528,26.30677325
2024-12-29,5,10.868,22.983112900000002
2024-12-29,6,50.816,43.7138506
2024-12-29,7,39.76,38.86688295
2024-12-29,8,18.472,16.399179699999998
2024-12-29,9,20.008,25.48090235
2024-12-30,1,36.312,25.937070849999998
2024-12-30,10,33.028,22.382979
2024-12-30,11,16.368,23.46378105
2024-12-30,12,12.62,12.32913315
2024-12-30,13,66.72,56.850132499999994
2024-12-30,14,47.988,43.7315777
2024-12-30,15,25.312,27.356989549999998
2024-12-30,16,33.268,22.49554525
2024-12-30,17,21.09,11.8254768
2024-12-30,18,23.4,20.5290657
2024-12-30,19,27.62,20.89509295
2024-12-30,2,8.452,22.8024698
2024-12-30,20,39.72,26.76081045
2024-12-30,21,28.508,29.9385125
2024-12-30,22,68.102,38.7840177
2024-12-30,23,41.28,42.07384675
2024-12-30,24,32.42,28.66100815
2024-12-30,25,35.188,26.8569704
2024-12-30,26,5.7,21.51422675
2024-12-30,27,19.211,24.81613935
2024-12-30,28,28.732,31.878004349999998
2024-12-30,29,18.312,28.5603053
2024-12-30,3,13.536,29.354182299999998
2024-12-30,30,43.292,33.14511335
2024-12-30,31,57.088,35.95459875
2024-12-30,32,48.432,43.331970899999995
2024-12-30,33,6.788,20.797829200000002
2024-12-30,34,16.92,21.1379384
2024-12-30,35,52.252,29.132096999999995
2024-12-30,36,19.248,24.521518899999997
2024-12-30,37,61.36,53.84030009999999
2024-12-30,38,11.76,16.4593829
2024-12-30,39,24.936,24.65250375
2024-12-30,4,31.576,26.9152932
2024-12-30,5,22.28,22.662290650000003
2024-12-30,6,56.711,45.8270427
2024-12-30,7,28.448,39.92940735
2024-12-30,8,16.102,16.5187895
2024-12-30,9,37.064,25.59677405
2024-12-31,1,13.828,25.29691575
2024-12-31,10,22.308,23.53139345
2024-12-31,11,18.828,24.933973899999998
2024-12-31,12,14.28,12.355316000000002
2024-12-31,13,71.24,58.2764327
2024-12-31,14,50.64,46.2848254
2024-12-31,15,13.072,29.033418
2024-12-31,16,31.96,23.6806995
2024-12-31,17,14.77,11.8551123
2024-12-31,18,12.808,23.396554199999997
2024-12-31,19,17.828,21.19496355
2024-12-31,2,33.588,23.74674115
2024-12-31,20,19.65,27.900207549999998
2024-12-31,21,28.588,30.626504500000003
2024-12-31,22,46.448,41.021997049999996
2024-12-31,23,46.172,42.3426622
2024-12-31,24,38.8,30.66856595
2024-12-31,25,31.652,27.6177407
2024-12-31,26,7.208,22.2073063
2024-12-31,27,17.08,27.2814137
2024-12-31,28,45.692,33.724461
2024-12-31,29,28.42,32.1110216
2024-12-31,3,25.2,30.5349937
2024-12-31,30,28.84,32.7727691
2024-12-31,31,33.102,35.4563658
2024-12-31,32,50.04,46.7776279
2024-12-31,33,33.16,18.8143748
2024-12-31,34,26.14,20.4860189
2024-12-31,35,43.736,31.0371161
2024-12-31,36,18.704,25.3898158
2024-12-31,37,60.04,55.32813315
2024-12-31,38,12.11,16.669977850000002
2024-12-31,39,11.972,25.84459975
2024-12-31,4,32.336,29.05721415
2024-12-31,5,13.172,22.473184
2024-12-31,6,54.68,47.34820775
2024-12-31,7,43.812,41.2873626
2024-12-31,8,20.176,18.040697299999998
2024-12-31,9,24.72,26.714746599999998
2025-01-01,1,25.8,26.64499035
2025-01-01,10,22.092,25.69509085
2025-01-01,11,30.528,25.84301715
2025-01-01,12,12.97,13.40098295
2025-01-01,13,65.428,58.6865085
2025-01-01,14,43.3028,47.4300333
2025-01-01,15,30.228,29.61411175
2025-01-01,16,30.56,25.88738905
2025-01-01,17,18.12,13.91694695
2025-01-01,18,19.232,25.72122785
2025-01-01,19,29.31,23.2340366
2025-01-01,2,20.252,23.75049035
2025-01-01,20,42.88,30.2768602
2025-01-01,21,37.772,30.5438522
2025-01-01,22,46.28657,44.8670151
2025-01-01,23,45.06,43.1339292
2025-01-01,24,38.532,31.572406100000002
2025-01-01,25,22.96,29.331172100000003
2025-01-01,26,32.072,21.561789599999997
2025-01-01,27,33.932,28.07177115
2025-01-01,28,37.748,33.5447154
2025-01-01,29,35.22,33.26514095
2025-01-01,3,27.552,29.8412255
2025-01-01,30,30.68,33.7822847
2025-01-01,31,57.904,37.543549299999995
2025-01-01,32,57.0,48.51076125
2025-01-01,33,25.952,17.01081395
2025-01-01,34,16.688,21.7106781
2025-01-01,35,39.56,32.60984475
2025-01-01,36,27.72,25.6825219
2025-01-01,37,57.892,55.4617106
2025-01-01,38,14.55,17.35313885
2025-01-01,39,31.572,26.90460225
2025-01-01,4,37.432,31.374409049999997
2025-01-01,5,20.708,23.8383099
2025-01-01,6,59.048,47.83991295
2025-01-01,7,37.34,41.32741745
2025-01-01,8,20.011,19.466570349999998
2025-01-01,9,31.696,28.907724350000002
2025-01-02,1,25.24,25.778298300000003
2025-01-02,10,10.748,25.8211812
2025-01-02,11,28.211,24.139186600000002
2025-01-02,12,13.29,12.94901535
2025-01-02,13,75.72,57.922540850000004
2025-01-02,14,46.456,45.652736700000005
2025-01-02,15,46.708,26.82932115
2025-01-02,16,29.252,26.950391349999997
2025-01-02,17,11.15,14.23752125
2025-01-02,18,2.6,23.5453374
2025-01-02,19,24.73,22.622798000000003
2025-01-02,2,28.576,23.42673725
2025-01-02,20,21.14,29.19754315
2025-01-02,21,22.628,29.70350405
2025-01-02,22,44.480995,46.3484685
2025-01-02,23,32.12,41.38984805
2025-01-02,24,22.068,31.12006615
2025-01-02,25,25.628,29.338779549999998
2025-01-02,26,26.64,17.950675500000003
2025-01-02,27,25.248,25.106517200000003
2025-01-02,28,28.02,32.1542163
2025-01-02,29,11.288,30.530704399999998
2025-01-02,3,42.98,27.419792049999998
2025-01-02,30,23.52,32.9457144
2025-01-02,31,35.9428,37.64345955
2025-01-02,32,51.216,46.96806095
2025-01-02,33,37.72,17.46768625
2025-01-02,34,21.32,21.62620175
2025-01-02,35,39.104,32.682439450000004
2025-01-02,36,18.28,22.81725425
2025-01-02,37,31.088,53.9393956
2025-01-02,38,26.79,15.905653999999998
2025-01-02,39,11.012,24.06518355
2025-01-02,4,32.912,31.01983825
2025-01-02,5,11.28,22.278662699999998
2025-01-02,6,57.0,47.3443008
2025-01-02,7,41.02,38.471724699999996
2025-01-02,8,13.128,18.854854800000002
2025-01-02,9,25.032,28.46979575
2025-01-03,1,23.25,25.338298299999998
2025-01-03,10,24.06,25.244016799999997
2025-01-03,11,24.988,23.854873249999997
2025-01-03,12,8.11,12.7915071
2025-01-03,13,71.02,57.788323899999995
2025-01-03,14,44.232,44.608978699999994
2025-01-03,15,32.692,25.3066398
2025-01-03,16,27.308,27.295788350000002
2025-01-03,17,18.36,15.0100776
2025-01-03,18,10.028,21.881978750000002
2025-01-03,19,23.19,22.536733749999996
2025-01-03,2,27.992,23.77830875
2025-01-03,20,10.528,27.93233445
2025-01-03,21,30.252,29.519180400000003
2025-01-03,22,28.84,46.60060035
2025-01-03,23,60.352,40.0227016
2025-01-03,24,25.492,32.1446925
2025-01-03,25,28.38,28.128641450000003
2025-01-03,26,19.38,18.87995695
2025-01-03,27,19.288,25.44585255
2025-01-03,28,39.64,32.8970207
2025-01-03,29,26.792,30.189507999999996
2025-01-03,3,33.308,26.40769675
2025-01-03,30,27.488,30.975971799999996
2025-01-03,31,39.428,38.2988525
2025-01-03,32,54.72,47.1255955
2025-01-03,33,18.711,18.9258528
2025-01-03,34,13.912,20.5288314
2025-01-03,35,19.056,31.158365500000002
2025-01-03,36,17.228,22.8199907
2025-01-03,37,55.02,53.55708580000001
2025-01-03,38,10.38,15.386103724999998
2025-01-03,39,20.952,24.1287531
2025-01-03,4,31.472,31.118200299999998
2025-01-03,5,8.508,21.4273435
2025-01-03,6,50.92,47.37443950000001
2025-01-03,7,39.411,38.5209823
2025-01-03,8,23.82,19.12319565
2025-01-03,9,22.9,28.098212150000002
2025-01-04,1,23.032,24.647736800000004
2025-01-04,10,27.92,23.3976317
2025-01-04,11,27.16,24.913923349999997
2025-01-04,12,10.98,12.519355099999999
2025-01-04,13,73.86,57.500274000000005
2025-01-04,14,44.3,43.743002
2025-01-04,15,47.211,27.1630373
2025-01-04,16,20.692,27.65532235
2025-01-04,17,10.6,14.8015938
2025-01-04,18,21.76,19.72196975
2025-01-04,19,19.98,23.5037788
2025-01-04,2,32.488,25.78789905
2025-01-04,20,24.69,27.4453945
2025-01-04,21,35.908,29.847069249999997
2025-01-04,22,22.732,45.73319055
2025-01-04,23,38.948,38.919733050000005
2025-01-04,24,16.648,31.97966265
2025-01-04,25,23.92,27.412843950000003
2025-01-04,26,25.028,20.444771600000003
2025-01-04,27,32.96,25.1654558
2025-01-04,28,10.74,32.5891776
2025-01-04,29,24.78,27.85173115
2025-01-04,3,35.24,27.811706299999997
2025-01-04,30,36.18,30.759457049999998
2025-01-04,31,39.544,40.5110914
2025-01-04,32,56.448,48.200414699999996
2025-01-04,33,6.228,22.03401465
2025-01-04,34,27.26,21.3200806
2025-01-04,35,38.584,33.427584
2025-01-04,36,26.24,23.3690845
2025-01-04,37,72.012,52.07125525
2025-01-04,38,23.85,16.512516400000003
2025-01-04,39,22.86,23.171112899999997
2025-01-04,4,25.648,31.3788166
2025-01-04,5,24.8,19.530634900000003
2025-01-04,6,51.272,48.086831000000004
2025-01-04,7,47.808,37.68900225
2025-01-04,8,21.772,18.72724985
2025-01-04,9,27.028,27.849393499999998
2025-01-05,1,42.428,25.1508323
2025-01-05,10,28.72,23.325820450000002
2025-01-05,11,28.92,25.9359833
2025-01-05,12,19.12,12.26546905
2025-01-05,13,73.448,57.369548300000005
2025-01-05,14,49.32,43.06599195
2025-01-05,15,32.168,28.777293399999998
2025-01-05,16,24.052,27.99288575
2025-01-05,17,14.38,15.24785805
2025-01-05,18,29.808,17.7550967
2025-01-05,19,22.12,23.4447276
2025-01-05,2,23.428,26.32067305
2025-01-05,20,25.51,26.275388749999998
2025-01-05,21,24.332,29.5604496
2025-01-05,22,21.66,43.0118904
2025-01-05,23,49.34,39.146285250000005
2025-01-05,24,35.02,30.16237865
2025-01-05,25,26.08,27.322075400000003
2025-01-05,26,23.52,21.404905499999998
2025-01-05,27,31.272,24.52621395
2025-01-05,28,36.572,31.99554775
2025-01-05,29,27.892,26.613870400000003
2025-01-05,3,30.2528,29.37813135
2025-01-05,30,36.5,30.218069800000002
2025-01-05,31,50.428,39.880352
2025-01-05,32,54.976,48.06561195
2025-01-05,33,6.28,24.495738799999998
2025-01-05,34,8.96,21.99756585
2025-01-05,35,39.36,33.0717421
2025-01-05,36,21.708,22.300138500000003
2025-01-05,37,48.848,50.7617971
2025-01-05,38,13.81,16.947606
2025-01-05,39,25.0,22.48675515
2025-01-05,4,25.032,31.04250795
2025-01-05,5,17.092,17.7959437
2025-01-05,6,62.74,48.1553026
2025-01-05,7,28.88,38.03312555
2025-01-05,8,18.568,19.7010126
2025-01-05,9,27.08,27.4878097
2025-01-06,1,27.132,24.640869000000002
2025-01-06,10,9.928,23.9576892
2025-01-06,11,30.9828,26.0834607
2025-01-06,12,10.3,11.69735605
2025-01-06,13,43.28,57.8883355
2025-01-06,14,46.172,43.06462215
2025-01-06,15,35.0,30.65474225
2025-01-06,16,26.888,27.524612949999998
2025-01-06,17,13.99,14.54921715
2025-01-06,18,26.36,17.615875300000003
2025-01-06,19,13.71,22.81872345
2025-01-06,2,25.852,26.9099429
2025-01-06,20,33.028,24.49252115
2025-01-06,21,35.708,29.9584052
2025-01-06,22,58.088,38.4985106
2025-01-06,23,41.02,39.4640594
2025-01-06,24,32.132,28.9430021
2025-01-06,25,36.7,26.6680573
2025-01-06,26,30.832,21.0708894
2025-01-06,27,17.688,24.5677977
2025-01-06,28,28.696,30.713442949999997
2025-01-06,29,30.976,26.5339185
2025-01-06,3,35.768,30.544097
2025-01-06,30,27.248,30.1548711
2025-01-06,31,55.032,39.62000875
2025-01-06,32,58.456,49.56907955
2025-01-06,33,6.28,21.55223975
2025-01-06,34,24.06,21.300212700000003
2025-01-06,35,46.68,32.0377354
2025-01-06,36,17.068,22.053552500000002
2025-01-06,37,71.328,51.699236400000004
2025-01-06,38,13.72,16.92017535
2025-01-06,39,24.58,22.6269901
2025-01-06,4,27.896,30.5364507
2025-01-06,5,45.74,17.6481139
2025-01-06,6,67.26,47.91125145
2025-01-06,7,43.8,38.49400025
2025-01-06,8,19.06,20.30251675
2025-01-06,9,22.811,27.294716800000003
2025-01-07,1,26.496,25.848945
2025-01-07,10,26.304,24.6193502
2025-01-07,11,28.988,26.9440286
2025-01-07,12,9.5,12.5774805
2025-01-07,13,81.9428,57.965447600000005
2025-01-07,14,47.258,43.295899500000004
2025-01-07,15,32.9,32.2497929
2025-01-07,16,22.711,26.3949471
2025-01-07,17,9.85,14.4950634
2025-01-07,18,13.192,20.251460199999997
2025-01-07,19,25.85,22.383296549999997
2025-01-07,2,10.628,27.5922509
2025-01-07,20,25.06,25.0594026
2025-01-07,21,32.8628,29.725235399999995
2025-01-07,22,74.492,35.1079765
2025-01-07,23,38.78,39.03161935
2025-01-07,24,31.8,28.26995405
2025-01-07,25,30.58,25.9698766
2025-01-07,26,16.48,21.71936035
2025-01-07,27,18.68,26.22307505
2025-01-07,28,22.992,29.0897815
2025-01-07,29,31.92,27.5382838
2025-01-07,3,30.192,30.5756023
2025-01-07,30,37.24,30.379278
2025-01-07,31,28.976,39.285810999999995
2025-01-07,32,43.64,50.143908999999994
2025-01-07,33,6.252,17.758482349999998
2025-01-07,34,10.44,20.696636100000003
2025-01-07,35,41.256,31.6288305
2025-01-07,36,19.424,22.2335932
2025-01-07,37,69.052,51.96415695
2025-01-07,38,13.28,17.08162015
2025-01-07,39,29.768,23.0667032
2025-01-07,4,30.312,29.8542585
2025-01-07,5,35.22,18.0730509
2025-01-07,6,62.74,47.77936255
2025-01-07,7,31.048,38.251010400000006
2025-01-07,8,19.52,20.838228800000003
2025-01-07,9,31.28,26.904020449999997
2025-01-08,1,41.64,28.3446594
2025-01-08,10,29.568,24.5246566
2025-01-08,11,36.652,27.510066799999997
2025-01-08,12,16.67,13.1816196
2025-01-08,13,56.608,57.38030225
2025-01-08,14,53.211,43.85090155
2025-01-08,15,26.86,32.87992155
2025-01-08,16,23.548,26.97095175
2025-01-08,17,13.64,15.142479125000001
2025-01-08,18,24.528,22.6070851
2025-01-08,19,24.03,22.2828638
2025-01-08,2,31.452,27.247874449999998
2025-01-08,20,9.83,26.5450575
2025-01-08,21,23.216,30.04734645
2025-01-08,22,44.526882,36.61482705
2025-01-08,23,48.728,39.39885995
2025-01-08,24,33.376,29.2177063
2025-01-08,25,32.102,27.56800675
2025-01-08,26,22.4,22.558778699999998
2025-01-08,27,36.48,25.858176800000003
2025-01-08,28,25.032,29.15076465
2025-01-08,29,27.532,27.47639305
2025-01-08,3,25.88,30.1525166
2025-01-08,30,33.392,31.71656675
2025-01-08,31,51.088,42.7010511
2025-01-08,32,49.888,51.05788224999999
2025-01-08,33,6.268,15.253774
2025-01-08,34,6.14,20.729618799999997
2025-01-08,35,44.052,33.971363249999996
2025-01-08,36,33.616,21.673930049999996
2025-01-08,37,61.3,52.3133863
2025-01-08,38,13.1,16.9768559
2025-01-08,39,19.932,24.23232075
2025-01-08,4,26.08,29.94379205
2025-01-08,5,20.528,21.890622999999998
2025-01-08,6,68.1,49.23031505
2025-01-08,7,39.6,37.2455957
2025-01-08,8,17.748,21.242161499999998
2025-01-08,9,23.428,27.580061649999998
2025-01-09,1,52.3028,27.504590900000004
2025-01-09,10,25.752,24.036088550000002
2025-01-09,11,37.748,27.49378845
2025-01-09,12,23.76,12.5605865
2025-01-09,13,58.8,55.9132037
2025-01-09,14,51.228,44.456272999999996
2025-01-09,15,30.568,32.2520301
2025-01-09,16,22.78,26.9145958
2025-01-09,17,17.82,14.371465050000001
2025-01-09,18,10.76,21.72722585
2025-01-09,19,22.5,21.8837976
2025-01-09,2,50.34,26.40501745
2025-01-09,20,27.19,26.059742300000003
2025-01-09,21,28.6228,30.447105200000003
2025-01-09,22,44.386307,40.1277535
2025-01-09,23,32.72,38.811903
2025-01-09,24,36.192,29.88210595
2025-01-09,25,35.788,28.754757700000003
2025-01-09,26,25.272,21.7610214
2025-01-09,27,18.744,23.8384301
2025-01-09,28,28.188,28.6126624
2025-01-09,29,29.211,27.74848985
2025-01-09,3,38.748,30.322555299999998
2025-01-09,30,36.22,31.79551005
2025-01-09,31,56.192,42.06733645
2025-01-09,32,49.6,50.74161945
2025-01-09,33,28.188,13.98818395
2025-01-09,34,37.7,20.431450499999997
2025-01-09,35,20.82,35.62603
2025-01-09,36,21.512,20.543261
2025-01-09,37,54.528,53.09424320000001
2025-01-09,38,25.64,16.1458542
2025-01-09,39,26.468,24.066811549999997
2025-01-09,4,28.96,29.8647471
2025-01-09,5,13.78,24.7379043
2025-01-09,6,53.792,49.741829100000004
2025-01-09,7,47.392,37.2158169
2025-01-09,8,5.632,21.23804345
2025-01-09,9,21.74,27.2341544
2025-01-10,1,11.24,28.81280535
2025-01-10,10,11.296,25.18992965
2025-01-10,11,25.42,28.958041
2025-01-10,12,9.18,12.91747135
2025-01-10,13,84.3,56.1552502
2025-01-10,14,49.092,45.217963999999995
2025-01-10,15,27.8628,31.69243665
2025-01-10,16,27.048,26.7892326
2025-01-10,17,5.82,14.090337325
2025-01-10,18,33.612,21.8595781
2025-01-10,19,20.25,22.8150179
2025-01-10,2,11.428,25.87886245
2025-01-10,20,31.39,25.3751887
2025-01-10,21,35.212,30.8302345
2025-01-10,22,36.81359,43.45490495
2025-01-10,23,47.652,39.499067600000004
2025-01-10,24,20.88,31.1572798
2025-01-10,25,23.732,29.170072850000004
2025-01-10,26,23.36,21.96231895
2025-01-10,27,27.428,25.02469095
2025-01-10,28,28.06,28.21648615
2025-01-10,29,43.08,29.2832997
2025-01-10,3,39.948,29.946783850000003
2025-01-10,30,42.452,32.815846300000004
2025-01-10,31,39.792,42.88429275
2025-01-10,32,54.064,50.1144617
2025-01-10,33,45.102,12.9540108
2025-01-10,34,18.328,17.85564635
2025-01-10,35,26.56,36.8324007
2025-01-10,36,26.94,22.35395865
2025-01-10,37,64.6,54.02768705
2025-01-10,38,14.028,15.6891376
2025-01-10,39,25.732,25.14706335
2025-01-10,4,29.56,30.080350550000002
2025-01-10,5,10.052,25.851613550000003
2025-01-10,6,70.668,50.872345800000005
2025-01-10,7,28.192,36.976742449999996
2025-01-10,8,21.848,21.3964921
2025-01-10,9,28.632,27.86040395
2025-01-11,1,28.888,30.8576888
2025-01-11,10,23.472,24.97890545
2025-01-11,11,30.088,29.667657999999996
2025-01-11,12,9.75,14.00747725
2025-01-11,13,65.9,54.3141762
2025-01-11,14,47.8,44.8325583
2025-01-11,15,41.188,31.001586449999998
2025-01-11,16,30.1828,25.99722475
2025-01-11,17,10.66,13.8191694
2025-01-11,18,17.3,19.9647672
2025-01-11,19,14.59,23.01303215
2025-01-11,2,10.072,27.924896599999997
2025-01-11,20,29.98,23.6784204
2025-01-11,21,41.112,29.036725250000003
2025-01-11,22,39.80449,42.736521249999996
2025-01-11,23,48.172,37.25042145
2025-01-11,24,33.64,30.66650505
2025-01-11,25,25.36,29.20437625
2025-01-11,26,26.808,22.4113924
2025-01-11,27,19.928,24.9249466
2025-01-11,28,39.392,26.831864250000002
2025-01-11,29,30.688,27.86706255
2025-01-11,3,42.92,30.208146449999997
2025-01-11,30,17.868,32.47260745
2025-01-11,31,29.904,42.966314
2025-01-11,32,50.04,48.3349867
2025-01-11,33,26.62,14.93124845
2025-01-11,34,20.88,18.840706599999997
2025-01-11,35,38.11,35.52084935
2025-01-11,36,11.828,22.905505849999997
2025-01-11,37,66.2,52.484301
2025-01-11,38,13.39,16.95758375
2025-01-11,39,20.26,24.253424949999996
2025-01-11,4,33.888,28.591864400000002
2025-01-11,5,12.388,23.74121245
2025-01-11,6,71.3,50.5995183
2025-01-11,7,41.12,36.8440817
2025-01-11,8,5.1428,19.2799824
2025-01-11,9,31.32,26.65803055
2025-01-12,1,21.208,31.2999806
2025-01-12,10,29.62,24.77538565
2025-01-12,11,43.952,30.35695315
2025-01-12,12,7.61,14.53495645
2025-01-12,13,71.048,53.9973871
2025-01-12,14,48.828,44.9529395
2025-01-12,15,35.72,30.5307396
2025-01-12,16,26.856,26.59170015
2025-01-12,17,11.77,13.656801400000003
2025-01-12,18,24.488,21.33661485
2025-01-12,19,24.09,23.35795685
2025-01-12,2,35.88,28.857058950000003
2025-01-12,20,25.5,24.1187626
2025-01-12,21,32.112,29.5489904
2025-01-12,22,28.107182,42.2754015
2025-01-12,23,47.308,37.565719650000005
2025-01-12,24,31.768,30.71543745
2025-01-12,25,36.296,29.653143749999998
2025-01-12,26,31.06,23.478744499999998
2025-01-12,27,24.688,24.84302325
2025-01-12,28,39.64,27.77178785
2025-01-12,29,32.88,29.49551975
2025-01-12,3,41.5428,31.97089155
2025-01-12,30,38.092,33.208344
2025-01-12,31,39.1828,43.9749262
2025-01-12,32,49.96,48.206465249999994
2025-01-12,33,29.9,20.434477049999998
2025-01-12,34,21.1428,20.97841355
2025-01-12,35,22.848,32.53175625
2025-01-12,36,36.532,23.7676413
2025-01-12,37,59.548,52.1249503
2025-01-12,38,12.35,17.7414637
2025-01-12,39,21.3,25.11381945
2025-01-12,4,25.32,28.71067525
2025-01-12,5,13.812,21.41589005
2025-01-12,6,68.392,49.94193955
2025-01-12,7,28.812,36.611623300000005
2025-01-12,8,14.888,19.662883299999997
2025-01-12,9,20.888,26.658831399999997
2025-01-13,1,21.24,28.802744
2025-01-13,10,10.132,23.70397715
2025-01-13,11,31.711,29.895955650000005
2025-01-13,12,9.22,13.7984621
2025-01-13,13,71.784,55.7397866
2025-01-13,14,48.72,45.15114155
2025-01-13,15,37.46,31.8605208
2025-01-13,16,22.064,26.695704900000003
2025-01-13,17,8.74,12.860749475
2025-01-13,18,21.024,21.9067532
2025-01-13,19,19.66,21.8835251
2025-01-13,2,9.328,25.54799585
2025-01-13,20,26.61,24.92783795
2025-01-13,21,25.6,31.143672100000003
2025-01-13,22,37.61709,40.91209
2025-01-13,23,28.94,37.958791
2025-01-13,24,32.028,29.28957425
2025-01-13,25,24.232,28.117553949999998
2025-01-13,26,26.128,23.6172484
2025-01-13,27,22.064,24.7558425
2025-01-13,28,36.068,27.66756475
2025-01-13,29,45.592,30.584697049999995
2025-01-13,3,41.628,33.73306685
2025-01-13,30,31.52,32.24216365
2025-01-13,31,52.488,42.1410049
2025-01-13,32,52.672,48.44051745
2025-01-13,33,6.888,23.175599
2025-01-13,34,22.068,21.1290795
2025-01-13,35,19.872,31.98274965
2025-01-13,36,18.548,22.8856492
2025-01-13,37,55.0628,53.2678076
2025-01-13,38,17.05,17.3247686
2025-01-13,39,23.38,24.708610699999998
2025-01-13,4,19.428,28.89192465
2025-01-13,5,20.128,19.8554705
2025-01-13,6,57.008,50.49624895
2025-01-13,7,37.592,36.7055081
2025-01-13,8,18.608,18.40034325
2025-01-13,9,25.968,27.25942145
2025-01-14,1,30.384,29.27270935
2025-01-14,10,21.68,25.16013775
2025-01-14,11,41.768,31.737683800000003
2025-01-14,12,13.44,13.424574775
2025-01-14,13,46.328,57.0442434
2025-01-14,14,31.492,46.631232499999996
2025-01-14,15,20.8,32.8951417
2025-01-14,16,23.488,27.5594538
2025-01-14,17,0.55,12.75690795
2025-01-14,18,25.428,23.1587035
2025-01-14,19,24.43,22.143955749999996
2025-01-14,2,17.428,26.38835565
2025-01-14,20,23.93,25.593809400000005
2025-01-14,21,30.468,32.1204051
2025-01-14,22,47.305885,38.817579550000005
2025-01-14,23,39.592,39.7170147
2025-01-14,24,4.384,30.53230255
2025-01-14,25,26.84,28.79909525
2025-01-14,26,25.248,24.5306652
2025-01-14,27,14.028,25.3646353
2025-01-14,28,29.58,30.1648675
2025-01-14,29,24.976,31.4304941
2025-01-14,3,13.588,35.593596500000004
2025-01-14,30,32.988,32.1303163
2025-01-14,31,32.672,41.6986175
2025-01-14,32,43.536,49.3989936
2025-01-14,33,14.572,24.40129925
2025-01-14,34,6.468,21.633204
2025-01-14,35,27.432,31.377196599999998
2025-01-14,36,13.311,24.1788416
2025-01-14,37,35.848,54.231569900000004
2025-01-14,38,10.52,16.70503635
2025-01-14,39,18.808,24.9938486
2025-01-14,4,29.848,29.6910635
2025-01-14,5,5.06,19.2728033
2025-01-14,6,31.82,52.0698421
2025-01-14,7,25.36,36.3799573
2025-01-14,8,17.628,17.72332715
2025-01-14,9,24.211,27.804896149999998
2025-01-15,1,35.808,28.97793355
2025-01-15,10,12.096,24.578284099999998
2025-01-15,11,33.428,33.2591385
2025-01-15,12,24.67,13.409919
2025-01-15,13,76.14,55.8228948
2025-01-15,14,47.088,46.637245199999995
2025-01-15,15,23.64,33.264741400000005
2025-01-15,16,11.992,28.21113055
2025-01-15,17,11.75,12.87279435
2025-01-15,18,25.128,24.712424549999998
2025-01-15,19,19.81,22.6439886
2025-01-15,2,25.96,27.870496499999998
2025-01-15,20,29.92,26.775160800000002
2025-01-15,21,29.18,32.576427699999996
2025-01-15,22,142.48,38.191266
2025-01-15,23,49.508,39.0431466
2025-01-15,24,51.288,31.5118602
2025-01-15,25,23.432,30.550202900000002
2025-01-15,26,23.464,25.720227
2025-01-15,27,35.452,25.54632225
2025-01-15,28,22.728,31.8344448
2025-01-15,29,29.372,32.93187435
2025-01-15,3,43.64,36.3655373
2025-01-15,30,28.652,32.7759004
2025-01-15,31,50.168,42.571206700000005
2025-01-15,32,52.8628,49.18667305
2025-01-15,33,6.988,22.172829450000002
2025-01-15,34,10.464,23.0120861
2025-01-15,35,37.48,30.63932975
2025-01-15,36,30.968,24.9315355
2025-01-15,37,58.58,53.9857769
2025-01-15,38,28.57,17.55940195
2025-01-15,39,31.812,25.85065875
2025-01-15,4,19.911,30.185928750000002
2025-01-15,5,31.38,21.19624665
2025-01-15,6,70.62,52.367974450000006
2025-01-15,7,30.52,36.4430115
2025-01-15,8,18.052,18.70060235
2025-01-15,9,22.44,28.10236765
2025-01-16,1,11.78,27.1645676
2025-01-16,10,12.88,22.9002838
2025-01-16,11,32.2,31.745333900000006
2025-01-16,12,10.0,12.6615152
2025-01-16,13,55.308,54.89680145
2025-01-16,14,51.68,44.58219325
2025-01-16,15,38.58,31.5905148
2025-01-16,16,22.296,26.053465250000002
2025-01-16,17,12.3,10.49373005
2025-01-16,18,25.06,23.614236549999998
2025-01-16,19,21.83,21.8562229
2025-01-16,2,29.432,24.65819505
2025-01-16,20,22.27,25.251202850000002
2025-01-16,21,37.928,30.51534765
2025-01-16,22,52.932,37.576365300000006
2025-01-16,23,43.972,36.142179500000005
2025-01-16,24,39.96,28.5475733
2025-01-16,25,26.228,28.8873582
2025-01-16,26,21.0,24.448552550000002
2025-01-16,27,18.812,23.27064175
2025-01-16,28,17.864,30.638436499999997
2025-01-16,29,23.188,31.90605595
2025-01-16,3,52.072,33.98868385
2025-01-16,30,32.308,31.323091600000005
2025-01-16,31,44.8,40.9563
2025-01-16,32,60.048,47.55255
2025-01-16,33,36.464,18.5537579
2025-01-16,34,39.336,21.4696136
2025-01-16,35,13.968,28.509683450000004
2025-01-16,36,30.192,22.5393939
2025-01-16,37,60.94,52.0697529
2025-01-16,38,22.28,16.26541585
2025-01-16,39,18.3,24.3203513
2025-01-16,4,16.848,28.30389785
2025-01-16,5,26.568,19.70062255
2025-01-16,6,56.14,49.82416375
2025-01-16,7,50.64,33.7222385
2025-01-16,8,20.372,18.28007055
2025-01-16,9,21.58,26.59916215
2025-01-17,1,31.092,27.9731515
2025-01-17,10,19.332,21.997734200000004
2025-01-17,11,28.76,32.3731771
2025-01-17,12,9.04,14.11997225
2025-01-17,13,73.572,54.746154250000004
2025-01-17,14,45.62,43.72798135
2025-01-17,15,28.052,29.9430885
2025-01-17,16,21.552,24.079062450000002
2025-01-17,17,12.82,9.764250999999998
2025-01-17,18,9.468,24.040024600000002
2025-01-17,19,26.01,21.6051811
2025-01-17,2,9.708,23.755486499999996
2025-01-17,20,21.08,24.832731000000003
2025-01-17,21,33.9428,29.84210475
2025-01-17,22,35.900394,42.53314225
2025-01-17,23,45.708,36.92435495
2025-01-17,24,17.992,27.980298000000005
2025-01-17,25,22.12,27.96655395
2025-01-17,26,25.92,24.14123755
2025-01-17,27,27.092,23.87277425
2025-01-17,28,18.468,29.7253827
2025-01-17,29,27.028,30.79603535
2025-01-17,3,28.82,32.33338555
2025-01-17,30,36.74,31.1459627
2025-01-17,31,39.88,41.22314365
2025-01-17,32,52.48,47.96409799999999
2025-01-17,33,51.768,16.1759896
2025-01-17,34,4.432,18.5801259
2025-01-17,35,14.84,29.26535235
2025-01-17,36,16.76,23.10387135
2025-01-17,37,57.7,51.241601
2025-01-17,38,13.3,16.61204865
2025-01-17,39,23.0,23.92630105
2025-01-17,4,19.632,27.22357075
2025-01-17,5,10.64,19.752585099999997
2025-01-17,6,49.2,49.541635850000006
2025-01-17,7,47.2,31.887439999999998
2025-01-17,8,10.768,18.24796775
2025-01-17,9,32.3,25.511145799999998
2025-01-18,1,22.096,27.3887657
2025-01-18,10,30.3,20.0387918
2025-01-18,11,36.352,31.50258515
2025-01-18,12,18.62,13.8027494
2025-01-18,13,54.38,53.0710873
2025-01-18,14,41.292,42.8620594
2025-01-18,15,23.8,28.591723650000002
2025-01-18,16,20.64,22.213585700000003
2025-01-18,17,11.88,8.975076
2025-01-18,18,25.592,23.04676825
2025-01-18,19,25.28,20.5688112
2025-01-18,2,9.6,24.61069955
2025-01-18,20,27.09,24.531447099999998
2025-01-18,21,36.808,28.990112500000002
2025-01-18,22,41.264812,48.429379999999995
2025-01-18,23,42.011,35.9929385
2025-01-18,24,35.468,29.21179245
2025-01-18,25,28.948,26.6701106
2025-01-18,26,18.188,23.0236401
2025-01-18,27,23.26,22.92697165
2025-01-18,28,19.228,27.247946
2025-01-18,29,27.772,28.6616304
2025-01-18,3,26.06,32.841011249999994
2025-01-18,30,20.711,30.077123400000005
2025-01-18,31,42.72,41.4653864
2025-01-18,32,51.832,46.489587549999996
2025-01-18,33,7.32,17.240601225
2025-01-18,34,14.768,19.56049605
2025-01-18,35,27.98,27.07072795
2025-01-18,36,18.632,23.08012385
2025-01-18,37,50.268,49.478849249999996
2025-01-18,38,19.46,17.485701249999998
2025-01-18,39,24.792,23.2352208
2025-01-18,4,16.8628,24.970416
2025-01-18,5,20.112,19.69291845
2025-01-18,6,53.108,48.633366249999995
2025-01-18,7,50.5,31.8394198
2025-01-18,8,11.12,17.30850665
2025-01-18,9,22.42,23.881493400000004
2025-01-19,1,14.9428,26.5177333
2025-01-19,10,27.048,20.0870976
2025-01-19,11,37.048,31.978860949999998
2025-01-19,12,7.66,13.7385752
2025-01-19,13,61.352,53.274160499999994
2025-01-19,14,46.168,44.33629809999999
2025-01-19,15,26.576,29.5709559
2025-01-19,16,17.288,23.248975199999997
2025-01-19,17,13.13,9.714923625
2025-01-19,18,16.22,23.28278015
2025-01-19,19,21.77,21.720565
2025-01-19,2,44.18,23.82058935
2025-01-19,20,22.68,25.055154
2025-01-19,21,31.5,30.4999372
2025-01-19,22,28.532694,49.2391564
2025-01-19,23,56.988,37.26209975
2025-01-19,24,31.928,29.929187000000002
2025-01-19,25,23.744,26.5956422
2025-01-19,26,12.11,23.771918
2025-01-19,27,28.14,23.820688349999998
2025-01-19,28,31.88,26.6396022
2025-01-19,29,16.52,29.349121950000004
2025-01-19,3,31.32,34.734752549999996
2025-01-19,30,32.048,31.619027250000002
2025-01-19,31,29.448,42.7903704
2025-01-19,32,54.6,47.852554999999995
2025-01-19,33,7.36,22.95278895
2025-01-19,34,25.424,20.99518105
2025-01-19,35,30.411,25.703290100000004
2025-01-19,36,25.32,24.0309496
2025-01-19,37,64.16,50.28057415000001
2025-01-19,38,12.57,18.012543649999998
2025-01-19,39,18.548,23.80948515
2025-01-19,4,17.008,24.4089124
2025-01-19,5,19.711,19.30083575
2025-01-19,6,45.032,48.4245559
2025-01-19,7,41.932,34.41719595000001
2025-01-19,8,10.648,17.542948250000002
2025-01-19,9,13.928,25.33937065
2025-01-20,1,18.896,26.604039699999998
2025-01-20,10,21.32,21.4533549
2025-01-20,11,47.52,32.19001165
2025-01-20,12,10.4,13.828959849999999
2025-01-20,13,55.848,54.12174705
2025-01-20,14,48.911,45.04272110000001
2025-01-20,15,29.64,29.95583435
2025-01-20,16,22.0228,23.6790329
2025-01-20,17,1.58,9.987660025
2025-01-20,18,29.092,22.8643899
2025-01-20,19,16.24,22.5423639
2025-01-20,2,32.752,22.00718785
2025-01-20,20,27.5,25.646943200000003
2025-01-20,21,26.64,32.049666900000005
2025-01-20,22,53.168,48.7908707
2025-01-20,23,48.708,38.7586736
2025-01-20,24,37.768,30.02426915
2025-01-20,25,31.128,26.81582015
2025-01-20,26,17.508,23.7112294
2025-01-20,27,14.988,24.3702085
2025-01-20,28,29.08,26.1883708
2025-01-20,29,28.38,29.423243999999997
2025-01-20,3,20.128,34.47832615
2025-01-20,30,23.86,30.78811555
2025-01-20,31,39.2628,42.780562950000004
2025-01-20,32,58.36,48.8453121
2025-01-20,33,7.352,25.06253915
2025-01-20,34,13.868,19.95502755
2025-01-20,35,37.616,25.569818
2025-01-20,36,18.012,23.210651049999996
2025-01-20,37,70.1828,51.33881755
2025-01-20,38,11.59,17.925621749999998
2025-01-20,39,19.492,24.264354700000002
2025-01-20,4,26.511,24.63960635
2025-01-20,5,23.11,18.6650817
2025-01-20,6,44.792,48.64181995
2025-01-20,7,27.336,37.58012795
2025-01-20,8,19.192,16.169471950000002
2025-01-20,9,37.092,26.39070055
2025-01-21,1,22.5028,24.61161225
2025-01-21,10,11.672,22.9487802
2025-01-21,11,25.392,32.4058776
2025-01-21,12,11.28,13.103550649999999
2025-01-21,13,60.592,53.35146449999999
2025-01-21,14,43.228,43.980332649999994
2025-01-21,15,21.784,29.2962324
2025-01-21,16,17.72,22.53684345
2025-01-21,17,16.5,10.019807100000001
2025-01-21,18,10.888,22.17757215
2025-01-21,19,33.42,22.4165856
2025-01-21,2,10.228,23.03526985
2025-01-21,20,36.1,24.9666383
2025-01-21,21,36.308,31.74644335
2025-01-21,22,41.96,45.8911969
2025-01-21,23,32.652,39.2232932
2025-01-21,24,32.1028,29.73094705
2025-01-21,25,16.82,26.30520765
2025-01-21,26,16.2628,21.9150007
2025-01-21,27,16.752,24.4271929
2025-01-21,28,36.211,25.98550795
2025-01-21,29,16.1,27.6661743
2025-01-21,3,27.9428,32.7965405
2025-01-21,30,16.828,29.5218851
2025-01-21,31,47.072,40.774528950000004
2025-01-21,32,55.28,48.3665759
2025-01-21,33,8.536,21.827225849999998
2025-01-21,34,7.708,20.2733956
2025-01-21,35,10.512,25.31033755
2025-01-21,36,17.512,23.017953849999998
2025-01-21,37,49.936,50.51122205
2025-01-21,38,24.58,17.0279295
2025-01-21,39,22.896,23.3919902
2025-01-21,4,12.0,22.912329800000002
2025-01-21,5,17.92,18.1351404
2025-01-21,6,54.776,47.011078999999995
2025-01-21,7,39.624,38.361746000000004
2025-01-21,8,13.56,14.656957899999998
2025-01-21,9,25.616,24.53000395
2025-01-22,1,27.708,24.05270725
2025-01-22,10,27.06,23.3944652
2025-01-22,11,35.28,34.4573021
2025-01-22,12,21.7,13.045886399999999
2025-01-22,13,57.908,54.373435400000005
2025-01-22,14,53.02,46.148005999999995
2025-01-22,15,31.428,30.3196549
2025-01-22,16,23.108,22.71320975
2025-01-22,17,17.26,9.52314625
2025-01-22,18,17.7,23.24744595
2025-01-22,19,24.4,22.331397000000003
2025-01-22,2,8.611,25.79701185
2025-01-22,20,26.78,25.8401362
2025-01-22,21,45.2228,32.03515325
2025-01-22,22,46.271095,46.254293149999995
2025-01-22,23,49.66,41.7653784
2025-01-22,24,17.168,31.5143119
2025-01-22,25,19.932,26.7375075
2025-01-22,26,13.648,21.385288250000002
2025-01-22,27,26.28,24.6693143
2025-01-22,28,45.24,27.60715485
2025-01-22,29,35.74,28.130090199999998
2025-01-22,3,31.328,32.5637512
2025-01-22,30,33.811,29.92108325
2025-01-22,31,50.6,41.484213249999996
2025-01-22,32,55.528,50.47173144999999
2025-01-22,33,8.5428,18.643915200000002
2025-01-22,34,25.652,21.107693249999997
2025-01-22,35,19.66,27.08925325
2025-01-22,36,33.632,23.10529415
2025-01-22,37,74.28,52.6326767
2025-01-22,38,12.96,16.9436464
2025-01-22,39,17.211,23.5397392
2025-01-22,4,26.216,23.20271075
2025-01-22,5,20.376,19.7918144
2025-01-22,6,52.424,47.36805325
2025-01-22,7,41.568,39.77352905
2025-01-22,8,14.88,15.630845699999998
2025-01-22,9,25.5028,25.74156885
2025-01-23,1,16.28,23.0814521
2025-01-23,10,14.78,21.973021250000002
2025-01-23,11,36.488,33.438738
2025-01-23,12,12.67,12.64524845
2025-01-23,13,56.268,52.06421645
2025-01-23,14,43.5,43.1215074
2025-01-23,15,24.828,27.935378200000002
2025-01-23,16,29.548,21.89088455
2025-01-23,17,10.09,9.714463499999999
2025-01-23,18,12.74,22.1292851
2025-01-23,19,14.51,22.55088325
2025-01-23,2,49.128,24.50894845
2025-01-23,20,26.38,26.19981885
2025-01-23,21,29.296,30.6708544
2025-01-23,22,44.625717,42.88586795
2025-01-23,23,47.9,38.992950050000005
2025-01-23,24,23.52,29.3521823
2025-01-23,25,11.488,25.1859752
2025-01-23,26,32.98,19.8701167
2025-01-23,27,13.872,22.03868895
2025-01-23,28,29.412,27.268103350000004
2025-01-23,29,21.92,25.55608165
2025-01-23,3,30.5,28.29774835
2025-01-23,30,39.288,27.53315465
2025-01-23,31,25.228,38.9207145
2025-01-23,32,52.428,49.28028954999999
2025-01-23,33,55.188,15.70626175
2025-01-23,34,23.292,19.03537895
2025-01-23,35,3.788,24.808763550000002
2025-01-23,36,23.088,20.9035005
2025-01-23,37,60.104,50.97548715
2025-01-23,38,17.61,16.9383659
2025-01-23,39,21.0,22.33860665
2025-01-23,4,25.64,22.267406200000003
2025-01-23,5,6.5028,19.15483775
2025-01-23,6,44.248,44.4104456
2025-01-23,7,35.808,36.439594
2025-01-23,8,23.488,16.027602199999997
2025-01-23,9,25.136,25.6211187
2025-01-24,1,24.48,24.4590593
2025-01-24,10,33.992,22.2565003
2025-01-24,11,29.472,33.322382149999996
2025-01-24,12,14.18,14.18731945
2025-01-24,13,58.64,53.0804501
2025-01-24,14,44.3,43.83679345
2025-01-24,15,35.11,27.27802195
2025-01-24,16,24.92,21.885812950000002
2025-01-24,17,12.78,11.270735599999998
2025-01-24,18,31.102,21.61432695
2025-01-24,19,21.15,23.706602850000003
2025-01-24,2,8.992,23.0438721
2025-01-24,20,26.1,27.2052431
2025-01-24,21,41.6,32.375255499999994
2025-01-24,22,35.968502,46.6675374
2025-01-24,23,31.628,39.38922355
2025-01-24,24,28.288,30.0304407
2025-01-24,25,20.528,24.209640049999997
2025-01-24,26,24.692,19.12265
2025-01-24,27,14.936,22.67901805
2025-01-24,28,20.772,29.13218635
2025-01-24,29,22.48,25.860354049999998
2025-01-24,3,21.228,28.582835000000003
2025-01-24,30,26.88,27.756322949999998
2025-01-24,31,33.288,41.1184351
2025-01-24,32,53.36,50.657122
2025-01-24,33,30.32,14.0763049
2025-01-24,34,6.656,18.6129211
2025-01-24,35,37.292,23.66860985
2025-01-24,36,17.488,22.1935901
2025-01-24,37,63.808,52.27744455
2025-01-24,38,16.828,17.6998012
2025-01-24,39,30.24,22.737616799999998
2025-01-24,4,19.828,22.40027205
2025-01-24,5,22.696,20.26620785
2025-01-24,6,43.12,46.459147
2025-01-24,7,25.2,36.535026
2025-01-24,8,18.96,16.83577455
2025-01-24,9,28.911,26.073390250000003
2025-01-25,1,16.012,22.92405085
2025-01-25,10,37.648,21.68722725
2025-01-25,11,45.708,32.7358871
2025-01-25,12,8.25,14.093119299999998
2025-01-25,13,52.944,51.0280475
2025-01-25,14,44.88,43.418621
2025-01-25,15,36.82,27.10768215
2025-01-25,16,26.6,22.67023945
2025-01-25,17,11.93,11.237461849999999
2025-01-25,18,10.656,20.435308300000003
2025-01-25,19,20.85,22.808749
2025-01-25,2,23.588,24.3279048
2025-01-25,20,28.01,26.4395467
2025-01-25,21,29.092,32.7104317
2025-01-25,22,52.028,44.767396899999994
2025-01-25,23,35.292,39.296023250000005
2025-01-25,24,26.5828,28.79139165
2025-01-25,25,14.928,22.02065055
2025-01-25,26,25.388,19.5870557
2025-01-25,27,21.5028,21.3267283
2025-01-25,28,22.64,29.2498948
2025-01-25,29,39.928,25.73648765
2025-01-25,3,37.572,29.162452799999997
2025-01-25,30,23.62,28.638048000000005
2025-01-25,31,50.92,39.8786536
2025-01-25,32,59.432,49.7748664
2025-01-25,33,8.0,18.0889465
2025-01-25,34,16.9828,20.1490339
2025-01-25,35,61.828,20.23837245
2025-01-25,36,11.5028,23.1095089
2025-01-25,37,64.88,52.4879054
2025-01-25,38,12.94,17.50268725
2025-01-25,39,13.2,21.83864965
2025-01-25,4,30.12,21.9576275
2025-01-25,5,16.472,19.0601755
2025-01-25,6,43.58,45.64307065
2025-01-25,7,39.372,36.524489
2025-01-25,8,7.672,17.8636652
2025-01-25,9,31.952,25.56288235
2025-01-26,1,22.936,23.04843315
2025-01-26,10,28.832,22.964403150000003
2025-01-26,11,45.08,32.14094965
2025-01-26,12,6.77,14.0828079
2025-01-26,13,56.288,50.2837485
2025-01-26,14,28.98,42.10731749999999
2025-01-26,15,42.2,27.392879450000002
2025-01-26,16,19.092,23.8852024
2025-01-26,17,14.79,11.72896785
2025-01-26,18,25.972,20.976462599999998
2025-01-26,19,11.77,22.43865485
2025-01-26,2,9.772,24.845012249999996
2025-01-26,20,23.62,25.743591249999998
2025-01-26,21,27.588,32.42938375
2025-01-26,22,48.192,41.96657395
2025-01-26,23,33.68,38.479232100000004
2025-01-26,24,7.096,27.641409000000003
2025-01-26,25,17.311,21.2283963
2025-01-26,26,26.528,21.2309839
2025-01-26,27,24.576,20.4545813
2025-01-26,28,23.56,27.95033015
2025-01-26,29,30.16,25.3267134
2025-01-26,3,24.828,28.306847249999997
2025-01-26,30,36.18,29.67857855
2025-01-26,31,38.088,36.999343350000004
2025-01-26,32,47.8,48.966011
2025-01-26,33,7.972,23.5432731
2025-01-26,34,21.088,19.119933250000003
2025-01-26,35,22.832,20.86681855
2025-01-26,36,23.828,22.621640900000003
2025-01-26,37,58.872,52.27375685
2025-01-26,38,13.77,17.558984000000002
2025-01-26,39,17.86,22.9085774
2025-01-26,4,16.312,21.90023465
2025-01-26,5,22.56,18.6302253
2025-01-26,6,48.62,43.8323911
2025-01-26,7,27.8,34.745790099999994
2025-01-26,8,16.1,18.9489352
2025-01-26,9,28.216,26.22095885
2025-01-27,1,8.36,22.796985900000003
2025-01-27,10,22.708,25.9207289
2025-01-27,11,22.86,33.81507485
2025-01-27,12,8.57,13.909782550000001
2025-01-27,13,66.028,51.618726
2025-01-27,14,39.932,43.053786849999995
2025-01-27,15,42.928,29.3412416
2025-01-27,16,21.2,24.919933399999998
2025-01-27,17,13.428,12.202424650000001
2025-01-27,18,23.108,21.159368899999997
2025-01-27,19,31.55,22.5103275
2025-01-27,2,25.748,23.30080985
2025-01-27,20,23.94,26.2859786
2025-01-27,21,33.2228,33.65392475
2025-01-27,22,36.27761,43.0165183
2025-01-27,23,49.332,37.46970345
2025-01-27,24,22.8,28.22757825
2025-01-27,25,19.448,21.0573496
2025-01-27,26,25.34,22.0737624
2025-01-27,27,11.352,20.57343855
2025-01-27,28,25.628,26.804915049999998
2025-01-27,29,33.544,27.1642653
2025-01-27,3,25.472,28.79953705
2025-01-27,30,20.32,28.6577911
2025-01-27,31,33.184,39.030151499999995
2025-01-27,32,45.254,50.7121729
2025-01-27,33,7.988,22.38798275
2025-01-27,34,13.102,18.013699199999998
2025-01-27,35,41.112,26.45603295
2025-01-27,36,18.1,21.1764571
2025-01-27,37,63.258,54.031174
2025-01-27,38,12.58,17.34336065
2025-01-27,39,12.76,23.13852445
2025-01-27,4,19.352,22.85870575
2025-01-27,5,21.86,19.11102875
2025-01-27,6,36.552,43.8508853
2025-01-27,7,25.372,35.18612095
2025-01-27,8,20.56,17.8311317
2025-01-27,9,22.252,27.6656158
2025-01-28,1,16.172,22.5237029
2025-01-28,10,25.32,27.946537050000003
2025-01-28,11,32.872,36.284523
2025-01-28,12,20.88,12.731347
2025-01-28,13,73.168,52.8048707
2025-01-28,14,28.888,43.043533249999996
2025-01-28,15,43.82,31.0506861
2025-01-28,16,16.468,25.0545477
2025-01-28,17,14.67,12.78033195
2025-01-28,18,25.464,21.38484245
2025-01-28,19,17.42,21.6572633
2025-01-28,2,18.148,24.0982122
2025-01-28,20,25.14,26.41581975
2025-01-28,21,32.056,33.448288399999996
2025-01-28,22,47.765057,43.805690999999996
2025-01-28,23,28.008,37.57334055
2025-01-28,24,26.828,26.797679950000003
2025-01-28,25,21.9,20.9760938
2025-01-28,26,22.56,22.50502625
2025-01-28,27,13.552,22.01308585
2025-01-28,28,16.48,26.8883916
2025-01-28,29,27.208,28.4467213
2025-01-28,3,32.112,29.620322199999997
2025-01-28,30,33.711,29.4997416
2025-01-28,31,42.0228,40.49370215
2025-01-28,32,55.792,52.30067715
2025-01-28,33,7.96,18.87070935
2025-01-28,34,9.776,19.142996450000002
2025-01-28,35,32.28,29.514414249999998
2025-01-28,36,24.848,21.379782749999997
2025-01-28,37,56.24,55.69543965
2025-01-28,38,18.69,16.68060695
2025-01-28,39,21.26,22.352248200000002
2025-01-28,4,22.048,23.708576800000003
2025-01-28,5,22.452,19.965098949999998
2025-01-28,6,48.668,43.99280365
2025-01-28,7,25.288,35.80982285
2025-01-28,8,14.548,17.1322347
2025-01-28,9,20.492,28.03954845
2025-01-29,1,26.52,21.888315749999997
2025-01-29,10,22.372,28.539545
2025-01-29,11,30.908,37.532664749999995
2025-01-29,12,9.28,12.32184945
2025-01-29,13,64.96,53.471744900000004
2025-01-29,14,39.42,43.131826
2025-01-29,15,28.072,32.9143342
2025-01-29,16,23.3028,25.27936055
2025-01-29,17,10.79,13.244830325
2025-01-29,18,16.616,23.257177499999997
2025-01-29,19,24.36,22.1097745
2025-01-29,2,17.5828,25.447076700000004
2025-01-29,20,1.94,26.48386165
2025-01-29,21,29.392,33.1916591
2025-01-29,22,46.382545,45.202393449999995
2025-01-29,23,35.22,38.111745
2025-01-29,24,19.428,26.36830645
2025-01-29,25,11.2,22.236769000000002
2025-01-29,26,20.08,23.17128505
2025-01-29,27,33.28,21.837032450000002
2025-01-29,28,20.292,27.540758800000003
2025-01-29,29,48.86,30.03985835
2025-01-29,3,29.648,29.006555600000002
2025-01-29,30,29.016,29.652115950000002
2025-01-29,31,37.256,40.839862
2025-01-29,32,46.96,52.591421499999996
2025-01-29,33,7.92,16.23731735
2025-01-29,34,11.32,20.005859049999998
2025-01-29,35,33.548,31.545221850000004
2025-01-29,36,24.76,21.98049005
2025-01-29,37,60.372,56.388395
2025-01-29,38,24.06,16.45593785
2025-01-29,39,11.88,21.781787700000002
2025-01-29,4,22.032,24.713576699999997
2025-01-29,5,28.388,21.395794000000002
2025-01-29,6,28.052,43.6896312
2025-01-29,7,37.528,34.3688755
2025-01-29,8,10.984,18.38212935
2025-01-29,9,39.576,29.05524165
2025-01-30,1,13.932,20.66598585
2025-01-30,10,17.028,27.51548185
2025-01-30,11,35.96,35.522537
2025-01-30,12,13.85,13.16451655
2025-01-30,13,53.9028,54.09117785000001
2025-01-30,14,44.972,41.464727
2025-01-30,15,41.128,34.4663117
2025-01-30,16,28.188,24.26885155
2025-01-30,17,12.96,13.4470575
2025-01-30,18,3.372,23.615823300000002
2025-01-30,19,27.33,22.9280581
2025-01-30,2,36.968,24.745730799999997
2025-01-30,20,21.58,26.53194665
2025-01-30,21,45.568,33.18503025
2025-01-30,22,35.228,43.97559925
2025-01-30,23,38.012,37.0825304
2025-01-30,24,33.664,26.2990648
2025-01-30,25,17.928,22.05156305
2025-01-30,26,12.588,23.27851675
2025-01-30,27,12.92,20.05558595
2025-01-30,28,29.268,26.9709416
2025-01-30,29,29.812,29.55291115
2025-01-30,3,25.472,28.76860375
2025-01-30,30,42.424,28.9122877
2025-01-30,31,28.896,40.6322567
2025-01-30,32,43.456,52.1397693
2025-01-30,33,45.188,14.345037099999999
2025-01-30,34,21.52,18.8693757
2025-01-30,35,28.372,31.59665365
2025-01-30,36,17.772,22.1068183
2025-01-30,37,44.136,55.966327899999996
2025-01-30,38,19.23,16.96868965
2025-01-30,39,11.908,21.45026345
2025-01-30,4,28.6628,23.971960099999997
2025-01-30,5,4.32,21.850679449999998
2025-01-30,6,33.376,42.6653015
2025-01-30,7,32.6228,32.80461665
2025-01-30,8,3.92,18.51552145
2025-01-30,9,30.48,27.8520173
2025-01-31,1,17.456,21.5525923
2025-01-31,10,10.708,27.357073850000003
2025-01-31,11,17.3,34.390979800000004
2025-01-31,12,7.38,13.913703949999999
2025-01-31,13,72.412,55.265985549999996
2025-01-31,14,46.48,40.385858799999994
2025-01-31,15,25.12,35.229235
2025-01-31,16,16.32,23.723740749999997
2025-01-31,17,7.42,13.357324
2025-01-31,18,5.9,23.3420305
2025-01-31,19,20.92,22.97237505
2025-01-31,2,7.848,23.13831055
2025-01-31,20,23.61,24.22716055
2025-01-31,21,29.96,33.35119305
2025-01-31,22,29.25,44.752340700000005
2025-01-31,23,32.576,35.93205975
2025-01-31,24,23.896,25.278152399999996
2025-01-31,25,11.808,20.78725905
2025-01-31,26,1.8,22.516475149999998
2025-01-31,27,13.16,21.273837
2025-01-31,28,24.772,26.4830044
2025-01-31,29,37.828,31.4279626
2025-01-31,3,45.768,29.1204234
2025-01-31,30,24.136,29.5631356
2025-01-31,31,39.311,41.483925
2025-01-31,32,51.608,51.97723825
2025-01-31,33,44.2,13.1981273
2025-01-31,34,21.104,18.2776718
2025-01-31,35,9.528,31.6674225
2025-01-31,36,16.78,23.289637
2025-01-31,37,55.952,56.0696708
2025-01-31,38,10.63,17.9445645
2025-01-31,39,19.992,20.5292544
2025-01-31,4,29.528,24.18923085
2025-01-31,5,1.811,22.89257995
2025-01-31,6,25.5828,42.04065575
2025-01-31,7,38.176,32.3041324
2025-01-31,8,24.256,17.77399765
2025-01-31,9,28.672,28.250413549999998
2025-02-01,1,22.432,20.70877255
2025-02-01,10,11.708,25.68757245
2025-02-01,11,17.928,33.2004854
2025-02-01,12,13.91,13.4272903
2025-02-01,13,50.228,53.457539
2025-02-01,14,38.52,38.469230350000004
2025-02-01,15,42.448,34.2069925
2025-02-01,16,20.108,24.048007300000002
2025-02-01,17,9.49,12.88700145
2025-02-01,18,13.64,20.3652269
2025-02-01,19,22.49,22.2375964
2025-02-01,2,17.692,24.64220875
2025-02-01,20,33.59,22.2274058
2025-02-01,21,28.192,32.2131896
2025-02-01,22,28.763268,42.75346305
2025-02-01,23,20.612,34.044176799999995
2025-02-01,24,28.2628,25.004018350000003
2025-02-01,25,18.28,19.3710251
2025-02-01,26,25.392,21.51659375
2025-02-01,27,12.788,20.34083245
2025-02-01,28,11.452,25.517044
2025-02-01,29,28.78,31.4792076
2025-02-01,3,26.56,28.133233500000003
2025-02-01,30,30.9028,29.91075215
2025-02-01,31,55.1428,37.9590293
2025-02-01,32,59.812,49.04381975
2025-02-01,33,6.7828,16.55296275
2025-02-01,34,12.588,18.1221638
2025-02-01,35,44.488,29.849218899999997
2025-02-01,36,13.46,22.31195365
2025-02-01,37,52.272,53.2033646
2025-02-01,38,12.59,18.12273955
2025-02-01,39,25.088,18.7818795
2025-02-01,4,25.428,24.08502435
2025-02-01,5,12.088,20.09700615
2025-02-01,6,38.6,38.6220996
2025-02-01,7,31.11,31.388436749999997
2025-02-01,8,25.28,16.03826395
2025-02-01,9,11.192,28.098645999999995
2025-02-02,1,14.7,19.522650849999998
2025-02-02,10,14.411,23.279099549999998
2025-02-02,11,18.52,29.835882499999997
2025-02-02,12,10.42,12.2679103
2025-02-02,13,70.072,51.4960622
2025-02-02,14,43.268,36.6776452
2025-02-02,15,50.5428,32.404552
2025-02-02,16,22.864,22.8834534
2025-02-02,17,17.77,11.77499165
2025-02-02,18,11.352,17.60525095
2025-02-02,19,18.53,21.37663405
2025-02-02,2,9.388,22.77676195
2025-02-02,20,18.64,21.188319900000003
2025-02-02,21,35.968,31.683797000000002
2025-02-02,22,36.682755,37.76225135
2025-02-02,23,44.148,31.9632929
2025-02-02,24,12.136,24.5414836
2025-02-02,25,20.872,17.5027733
2025-02-02,26,19.48,18.3884562
2025-02-02,27,23.252,18.26002365
2025-02-02,28,19.328,24.14148305
2025-02-02,29,33.048,30.012366800000002
2025-02-02,3,30.232,27.291983000000002
2025-02-02,30,33.258,28.994005700000002
2025-02-02,31,48.536,34.27038695
2025-02-02,32,46.528,45.7138994
2025-02-02,33,6.788,20.95847905
2025-02-02,34,10.02,18.3566216
2025-02-02,35,9.072,26.289864950000002
2025-02-02,36,24.268,20.2750613
2025-02-02,37,52.728,49.6366272
2025-02-02,38,17.21,16.9483841
2025-02-02,39,11.132,17.98575765
2025-02-02,4,25.856,23.3060343
2025-02-02,5,20.1,16.422397150000002
2025-02-02,6,42.508,34.7636437
2025-02-02,7,35.792,29.57578785
2025-02-02,8,25.092,15.9232898
2025-02-02,9,31.268,27.0758505
2025-02-03,1,23.892,19.20171275
2025-02-03,10,30.708,21.5392668
2025-02-03,11,19.972,27.53895015
2025-02-03,12,12.63,11.85277175
2025-02-03,13,72.76,52.23724994999999
2025-02-03,14,44.628,36.993442650000006
2025-02-03,15,29.736,32.1219401
2025-02-03,16,20.258,22.05303325
2025-02-03,17,8.46,11.149553699999998
2025-02-03,18,10.868,16.010540749999997
2025-02-03,19,28.028,20.8981202
2025-02-03,2,32.692,21.07054205
2025-02-03,20,23.39,22.338312199999997
2025-02-03,21,27.76,30.38957465
2025-02-03,22,37.81007,35.6691498
2025-02-03,23,37.4,29.98320775
2025-02-03,24,9.872,24.6537248
2025-02-03,25,20.168,16.729314249999998
2025-02-03,26,21.552,17.99113535
2025-02-03,27,11.148,16.94129685
2025-02-03,28,17.288,21.94751455
2025-02-03,29,41.8228,30.65160245
2025-02-03,3,43.068,28.3468734
2025-02-03,30,30.932,27.67297645
2025-02-03,31,28.952,36.298181650000004
2025-02-03,32,54.792,46.334593999999996
2025-02-03,33,7.412,20.642289150000003
2025-02-03,34,10.42,17.61203565
2025-02-03,35,36.112,27.1586404
2025-02-03,36,21.792,18.1423124
2025-02-03,37,75.52,49.02589775
2025-02-03,38,17.55,15.73138705
2025-02-03,39,10.132,18.59663825
2025-02-03,4,17.008,24.02010765
2025-02-03,5,21.16,14.705438
2025-02-03,6,51.268,32.678640200000004
2025-02-03,7,38.62,30.118621150000003
2025-02-03,8,21.972,16.7753711
2025-02-03,9,25.52,25.585976199999998
2025-02-04,1,14.428,19.65692285
2025-02-04,10,32.992,20.85960295
2025-02-04,11,24.148,27.4042562
2025-02-04,12,12.5,11.9848425
2025-02-04,13,54.48,53.81079205
2025-02-04,14,48.664,38.44428075
2025-02-04,15,46.2228,35.18346975
2025-02-04,16,19.0,22.762624549999998
2025-02-04,17,17.28,12.32806085
2025-02-04,18,16.98,16.13245715
2025-02-04,19,14.9,20.99619
2025-02-04,2,10.72,20.228659
2025-02-04,20,17.7,23.668075799999997
2025-02-04,21,30.744,31.51819005
2025-02-04,22,53.68,36.29464565
2025-02-04,23,45.0628,30.8114303
2025-02-04,24,48.872,23.8404886
2025-02-04,25,20.192,17.81404485
2025-02-04,26,22.376,18.7774334
2025-02-04,27,13.011,18.31585055
2025-02-04,28,42.832,21.132005749999998
2025-02-04,29,29.468,32.0116556
2025-02-04,3,28.708,29.440142549999997
2025-02-04,30,22.988,29.598821100000002
2025-02-04,31,36.696,40.764331999999996
2025-02-04,32,61.448,48.102950199999995
2025-02-04,33,8.488,18.1688591
2025-02-04,34,16.428,17.16992375
2025-02-04,35,46.216,26.60692585
2025-02-04,36,11.648,19.2086583
2025-02-04,37,55.58,49.9947217
2025-02-04,38,11.1,16.044692875000003
2025-02-04,39,21.028,19.1163489
2025-02-04,4,13.28,25.247321749999998
2025-02-04,5,22.508,15.7944135
2025-02-04,6,61.9428,34.8148656
2025-02-04,7,31.62,32.0606848
2025-02-04,8,29.708,18.85113705
2025-02-04,9,17.18,26.23675235
2025-02-05,1,29.132,19.77686775
2025-02-05,10,29.032,21.84897885
2025-02-05,11,20.96,26.1952143
2025-02-05,12,12.64,12.00563835
2025-02-05,13,56.672,55.3766177
2025-02-05,14,48.8,40.424111
2025-02-05,15,45.028,36.1277702
2025-02-05,16,23.852,23.11038945
2025-02-05,17,14.85,12.344124650000001
2025-02-05,18,13.5,16.123579399999997
2025-02-05,19,37.65,22.316800100000002
2025-02-05,2,30.98,22.0203081
2025-02-05,20,36.52,23.0460396
2025-02-05,21,46.268,31.9590021
2025-02-05,22,43.14,36.625022
2025-02-05,23,55.76,32.781025150000005
2025-02-05,24,13.108,22.1957376
2025-02-05,25,20.848,18.8718822
2025-02-05,26,21.8628,19.351432700000004
2025-02-05,27,25.288,17.913876950000002
2025-02-05,28,24.58,20.7249343
2025-02-05,29,49.732,33.65242315
2025-02-05,3,33.952,30.802376499999998
2025-02-05,30,42.211,30.2239095
2025-02-05,31,48.1428,41.28493625
2025-02-05,32,47.512,48.75625925
2025-02-05,33,8.56,15.5529115
2025-02-05,34,18.028,16.68008405
2025-02-05,35,18.5428,26.726511099999996
2025-02-05,36,26.84,19.986777449999998
2025-02-05,37,58.56,51.61961275
2025-02-05,38,14.05,16.43006365
2025-02-05,39,27.12,17.8429039
2025-02-05,4,29.16,25.3894351
2025-02-05,5,14.0228,17.29382375
2025-02-05,6,43.568,36.599427
2025-02-05,7,32.1,33.2876723
2025-02-05,8,35.028,20.49261525
2025-02-05,9,30.608,27.086686999999998
2025-02-06,1,9.728,20.4118882
2025-02-06,10,25.32,24.5985822
2025-02-06,11,26.672,26.51793505
2025-02-06,12,17.02,13.10724585
2025-02-06,13,68.256,56.75353675000001
2025-02-06,14,51.696,42.7131584
2025-02-06,15,38.936,37.5740251
2025-02-06,16,29.268,23.306152949999998
2025-02-06,17,2.728,13.327915649999998
2025-02-06,18,31.1,17.07322755
2025-02-06,19,25.11,22.623435
2025-02-06,2,16.28,23.0256586
2025-02-06,20,16.33,23.210830650000002
2025-02-06,21,19.852,32.41591225
2025-02-06,22,39.687675,39.1290179
2025-02-06,23,42.576,34.1390954
2025-02-06,24,25.508,24.99980075
2025-02-06,25,17.552,20.41449085
2025-02-06,26,12.76,20.4347898
2025-02-06,27,12.52,17.5328445
2025-02-06,28,37.928,23.2238854
2025-02-06,29,36.0,34.69428045
2025-02-06,3,39.88,32.95051525
2025-02-06,30,25.08,30.3940191
2025-02-06,31,48.5028,41.566611699999996
2025-02-06,32,63.4628,51.187552249999996
2025-02-06,33,45.288,14.43026635
2025-02-06,34,17.652,17.315500450000002
2025-02-06,35,18.258,29.84075465
2025-02-06,36,22.028,20.469698100000002
2025-02-06,37,45.028,53.92139904999999
2025-02-06,38,25.78,16.75439015
2025-02-06,39,18.0,18.5084774
2025-02-06,4,24.936,24.5039136
2025-02-06,5,6.736,19.106411599999998
2025-02-06,6,62.848,39.755673
2025-02-06,7,42.548,34.338714249999995
2025-02-06,8,23.32,22.572544399999998
2025-02-06,9,26.1428,26.73552195
2025-02-07,1,26.11,21.4519684
2025-02-07,10,32.528,25.71201945
2025-02-07,11,25.34,25.494339150000002
2025-02-07,12,4.12,13.06071145
2025-02-07,13,63.28,56.837834900000004
2025-02-07,14,50.772,44.467313149999995
2025-02-07,15,28.812,38.851563150000004
2025-02-07,16,21.612,22.987081
2025-02-07,17,11.1,13.2999139
2025-02-07,18,21.5,16.80804955
2025-02-07,19,21.56,23.588736500000003
2025-02-07,2,33.52,23.04857325
2025-02-07,20,25.93,23.075767050000003
2025-02-07,21,30.44,32.917756499999996
2025-02-07,22,38.706738,41.56989205
2025-02-07,23,46.252,36.2395115
2025-02-07,24,23.811,25.3704536
2025-02-07,25,23.6,20.36156885
2025-02-07,26,20.988,20.438850799999997
2025-02-07,27,11.64,18.63829805
2025-02-07,28,27.512,24.66078625
2025-02-07,29,25.148,36.24284035
2025-02-07,3,43.48,32.89498925
2025-02-07,30,37.72,30.5051531
2025-02-07,31,56.4,42.49985635
2025-02-07,32,61.84,52.43599025
2025-02-07,33,53.652,13.181004399999999
2025-02-07,34,22.732,17.4630842
2025-02-07,35,37.36,30.1688435
2025-02-07,36,20.12,20.836228
2025-02-07,37,35.332,54.8623307
2025-02-07,38,12.48,16.4622207
2025-02-07,39,28.86,19.4542542
2025-02-07,4,44.0,24.34774265
2025-02-07,5,11.852,19.2274573
2025-02-07,6,35.228,41.97457985
2025-02-07,7,31.532,34.0960083
2025-02-07,8,24.432,24.28713245
2025-02-07,9,37.988,26.729621200000004
2025-02-08,1,19.568,19.80237595
2025-02-08,10,31.42,25.43537105
2025-02-08,11,41.24,24.84883275
2025-02-08,12,11.17,12.719960949999999
2025-02-08,13,54.68,54.79896675
2025-02-08,14,50.412,44.7443825
2025-02-08,15,56.94,38.9667622
2025-02-08,16,14.48,23.331054199999997
2025-02-08,17,18.46,11.03383775
2025-02-08,18,27.84,17.10490905
2025-02-08,19,23.92,24.7737946
2025-02-08,2,10.32,23.262117699999997
2025-02-08,20,25.46,22.6650754
2025-02-08,21,25.576,32.65298015
2025-02-08,22,26.732,40.8433525
2025-02-08,23,61.08,37.7105531
2025-02-08,24,28.068,24.716462449999998
2025-02-08,25,21.028,19.15895025
2025-02-08,26,27.772,18.6994022
2025-02-08,27,23.472,17.630111550000002
2025-02-08,28,32.11,25.4552743
2025-02-08,29,51.06,36.583120699999995
2025-02-08,3,43.62,32.42981055
2025-02-08,30,21.328,31.067459149999998
2025-02-08,31,44.952,42.4016414
2025-02-08,32,64.936,50.8000567
2025-02-08,33,6.1,16.69935695
2025-02-08,34,7.028,17.23127515
2025-02-08,35,22.092,27.46995605
2025-02-08,36,11.1828,20.431888649999998
2025-02-08,37,75.256,53.017469500000004
2025-02-08,38,31.21,16.8666649
2025-02-08,39,14.74,19.120172
2025-02-08,4,30.288,24.127079199999997
2025-02-08,5,11.68,16.1353547
2025-02-08,6,44.1428,43.431950900000004
2025-02-08,7,37.332,33.69616715
2025-02-08,8,36.048,24.1769004
2025-02-08,9,29.38,26.285797449999997
2025-02-09,1,11.464,20.190752099999997
2025-02-09,10,44.25,26.278594950000002
2025-02-09,11,31.012,24.693949500000002
2025-02-09,12,18.12,12.23717925
2025-02-09,13,55.432,54.774750499999996
2025-02-09,14,46.908,45.45487779999999
2025-02-09,15,54.28,36.859468050000004
2025-02-09,16,16.808,23.788877999999997
2025-02-09,17,16.97,10.721849800000001
2025-02-09,18,6.548,18.559598700000002
2025-02-09,19,24.228,24.3332528
2025-02-09,2,25.102,23.429853799999997
2025-02-09,20,38.06,22.65414335
2025-02-09,21,33.9028,30.99384745
2025-02-09,22,38.76,39.63781745
2025-02-09,23,11.052,38.3680647
2025-02-09,24,25.384,24.8400752
2025-02-09,25,23.168,19.58048015
2025-02-09,26,14.176,18.34906195
2025-02-09,27,25.868,16.70876875
2025-02-09,28,18.456,26.76804585
2025-02-09,29,46.088,35.11651095
2025-02-09,3,36.06,34.2788398
2025-02-09,30,37.392,30.4414098
2025-02-09,31,28.6,43.45821384999999
2025-02-09,32,55.368,51.356914399999994
2025-02-09,33,5.568,23.9205878
2025-02-09,34,12.36,18.8632887
2025-02-09,35,31.168,26.656126450000002
2025-02-09,36,24.92,20.77576725
2025-02-09,37,56.92,50.320888999999994
2025-02-09,38,16.23,17.01787175
2025-02-09,39,20.3,20.609138899999998
2025-02-09,4,38.048,25.5488959
2025-02-09,5,7.58,14.528491800000001
2025-02-09,6,65.24,43.3496101
2025-02-09,7,33.856,33.86944825
2025-02-09,8,30.452,24.81490445
2025-02-09,9,26.5,27.336952
2025-02-10,1,9.056,20.065353299999998
2025-02-10,10,30.38,25.85160525
2025-02-10,11,25.048,25.385882300000002
2025-02-10,12,9.11,11.2068735
2025-02-10,13,58.392,53.3656756
2025-02-10,14,47.12,45.0401583
2025-02-10,15,45.12,37.1522073
2025-02-10,16,21.928,21.85156715
2025-02-10,17,12.928,11.03528615
2025-02-10,18,13.08,19.146384599999998
2025-02-10,19,18.59,23.20767645
2025-02-10,2,10.228,22.057002400000002
2025-02-10,20,21.47,23.144494
2025-02-10,21,31.288,29.07194685
2025-02-10,22,37.54183,36.4923842
2025-02-10,23,9.748,39.12236325000001
2025-02-10,24,17.656,24.59245535
2025-02-10,25,13.372,19.1587725
2025-02-10,26,28.352,18.8720389
2025-02-10,27,10.58,16.35559415
2025-02-10,28,20.972,25.8078011
2025-02-10,29,25.3828,34.276023200000004
2025-02-10,3,46.78,34.2918368
2025-02-10,30,30.8,28.933044499999998
2025-02-10,31,46.52,44.151369149999994
2025-02-10,32,64.656,51.74532165
2025-02-10,33,5.56,23.0717648
2025-02-10,34,16.612,17.16294905
2025-02-10,35,4.368,26.3942732
2025-02-10,36,16.708,18.2777228
2025-02-10,37,63.8628,48.68182915
2025-02-10,38,14.32,17.5523196
2025-02-10,39,22.22,20.3800803
2025-02-10,4,29.11,26.804938550000003
2025-02-10,5,13.5,13.306053
2025-02-10,6,48.068,41.228747999999996
2025-02-10,7,32.772,32.762725
2025-02-10,8,23.612,25.320641950000002
2025-02-10,9,28.588,26.93096345
2025-02-11,1,41.024,19.14048275
2025-02-11,10,36.028,27.568271
2025-02-11,11,23.88,27.220117000000002
2025-02-11,12,10.52,11.79766055
2025-02-11,13,60.2,53.3449498
2025-02-11,14,44.64,46.19652085
2025-02-11,15,43.38,40.8865665
2025-02-11,16,28.84,21.090566799999998
2025-02-11,17,11.45,12.230728150000001
2025-02-11,18,23.584,18.4639721
2025-02-11,19,25.96,23.0553548
2025-02-11,2,8.6,21.71168325
2025-02-11,20,26.47,24.8252063
2025-02-11,21,25.528,29.4447634
2025-02-11,22,37.70095,35.81677695
2025-02-11,23,18.948,38.26197845
2025-02-11,24,29.984,24.994022649999998
2025-02-11,25,17.0,19.9094682
2025-02-11,26,27.568,18.9919443
2025-02-11,27,12.02,18.2323245
2025-02-11,28,17.428,25.07736775
2025-02-11,29,28.628,36.695089749999994
2025-02-11,3,31.76,35.128502950000005
2025-02-11,30,13.968,29.316658099999998
2025-02-11,31,30.704,44.028377049999996
2025-02-11,32,52.368,52.57662755
2025-02-11,33,5.572,18.63107675
2025-02-11,34,10.72,16.0633408
2025-02-11,35,25.972,25.22386145
2025-02-11,36,24.2,18.5103577
2025-02-11,37,60.012,50.2075196
2025-02-11,38,17.76,18.231074
2025-02-11,39,19.92,20.133695799999998
2025-02-11,4,35.176,28.83705065
2025-02-11,5,14.68,12.943069900000001
2025-02-11,6,51.58,43.0283116
2025-02-11,7,28.84,33.435705399999996
2025-02-11,8,26.648,26.837943
2025-02-11,9,29.56,27.68277155
2025-02-12,1,6.96,18.651864449999998
2025-02-12,10,27.06,30.104909
2025-02-12,11,26.96,28.183833149999998
2025-02-12,12,14.25,12.67268015
2025-02-12,13,55.908,53.88748484999999
2025-02-12,14,46.58,46.94237165
2025-02-12,15,38.292,42.18104875
2025-02-12,16,25.811,21.89837275
2025-02-12,17,14.528,13.440496849999999
2025-02-12,18,14.508,17.793239899999996
2025-02-12,19,28.87,23.7317669
2025-02-12,2,33.4,22.294264749999996
2025-02-12,20,28.13,26.1660793
2025-02-12,21,30.08,30.46981515
2025-02-12,22,36.908,36.401650950000004
2025-02-12,23,45.36,32.83967815
2025-02-12,24,4.92,24.1113474
2025-02-12,25,22.508,20.51149315
2025-02-12,26,20.792,20.810755550000003
2025-02-12,27,25.612,18.79704285
2025-02-12,28,27.272,24.5637362
2025-02-12,29,50.528,37.70757005
2025-02-12,3,39.068,37.268059900000004
2025-02-12,30,27.672,30.890693300000002
2025-02-12,31,44.216,42.84145825
2025-02-12,32,53.112,53.648428249999995
2025-02-12,33,11.4,15.82940845
2025-02-12,34,14.136,16.56272445
2025-02-12,35,43.64,24.276011500000003
2025-02-12,36,24.492,19.956259
2025-02-12,37,48.784,52.019046149999994
2025-02-12,38,24.32,18.5428086
2025-02-12,39,24.12,20.9690364
2025-02-12,4,32.592,30.4355102
2025-02-12,5,19.748,13.646760200000001
2025-02-12,6,33.048,44.4781005
2025-02-12,7,33.332,34.341012199999994
2025-02-12,8,24.0,27.580577599999998
2025-02-12,9,25.0628,28.67119565
2025-02-13,1,24.068,20.6950318
2025-02-13,10,22.592,31.315804550000003
2025-02-13,11,20.828,27.8414663
2025-02-13,12,10.72,12.73860405
2025-02-13,13,56.452,53.688198549999996
2025-02-13,14,42.032,46.618422949999996
2025-02-13,15,50.812,42.369019699999996
2025-02-13,16,33.008,23.1616382
2025-02-13,17,16.01,13.5833298
2025-02-13,18,12.32,19.05128865
2025-02-13,19,21.46,23.287452799999997
2025-02-13,2,25.38,20.5819027
2025-02-13,20,30.14,25.599613950000002
2025-02-13,21,39.64,29.94604495
2025-02-13,22,68.428,37.1688468
2025-02-13,23,31.064,29.18493575
2025-02-13,24,25.528,26.04651065
2025-02-13,25,11.0,20.313999250000002
2025-02-13,26,23.872,22.2740856
2025-02-13,27,14.258,17.5925942
2025-02-13,28,4.352,24.7585057
2025-02-13,29,11.928,34.7624548
2025-02-13,3,46.972,37.43217675
2025-02-13,30,25.048,28.9411901
2025-02-13,31,39.16,41.591117499999996
2025-02-13,32,49.112,54.15367205
2025-02-13,33,8.852,13.7750327
2025-02-13,34,26.424,16.6763991
2025-02-13,35,20.092,24.231110899999997
2025-02-13,36,16.188,20.2997828
2025-02-13,37,44.0,52.7537567
2025-02-13,38,16.67,18.39175865
2025-02-13,39,20.108,21.764067500000003
2025-02-13,4,33.768,30.65603535
2025-02-13,5,1.5428,14.661197650000002
2025-02-13,6,45.312,45.439836299999996
2025-02-13,7,25.428,33.65274705
2025-02-13,8,31.208,27.573168599999995
2025-02-13,9,30.176,28.4613242
2025-02-14,1,17.66,21.85853735
2025-02-14,10,33.788,32.1033446
2025-02-14,11,21.48,27.48172795
2025-02-14,12,14.55,13.02403365
2025-02-14,13,46.376,53.6133313
2025-02-14,14,41.096,46.68955305
2025-02-14,15,51.432,42.32446605
2025-02-14,16,19.18,24.5930283
2025-02-14,17,8.4,13.739115049999999
2025-02-14,18,25.028,19.497534899999998
2025-02-14,19,24.2,24.92900755
2025-02-14,2,8.872,22.394013200000003
2025-02-14,20,24.95,26.5106476
2025-02-14,21,38.78,30.8085048
2025-02-14,22,21.6628,37.78572945
2025-02-14,23,47.376,29.962168700000003
2025-02-14,24,29.58,24.35927875
2025-02-14,25,19.911,20.89835155
2025-02-14,26,25.216,22.977575350000002
2025-02-14,27,10.188,18.7044225
2025-02-14,28,7.828,24.637323950000003
2025-02-14,29,43.172,36.38302535
2025-02-14,3,44.76,37.33736165
2025-02-14,30,24.448,28.7305676
2025-02-14,31,47.736,41.584085599999995
2025-02-14,32,46.808,53.630870099999996
2025-02-14,33,8.528,12.942629775
2025-02-14,34,24.016,16.6600314
2025-02-14,35,37.568,26.18138245
2025-02-14,36,10.82,21.6804655
2025-02-14,37,44.068,53.066782350000004
2025-02-14,38,13.94,19.20071395
2025-02-14,39,17.12,22.989618200000002
2025-02-14,4,28.16,31.895347
2025-02-14,5,10.468,15.7996783
2025-02-14,6,57.028,44.634434150000004
2025-02-14,7,42.848,33.0604509
2025-02-14,8,24.792,28.2436582
2025-02-14,9,20.024,28.933380550000003
2025-02-15,1,22.62,20.3671998
2025-02-15,10,31.36,30.7511213
2025-02-15,11,17.072,26.4855144
2025-02-15,12,22.52,12.381469849999998
2025-02-15,13,51.032,52.3538036
2025-02-15,14,45.72,45.3194026
2025-02-15,15,37.48,41.53537
2025-02-15,16,26.86,25.5589622
2025-02-15,17,12.58,12.97370625
2025-02-15,18,12.612,18.987586
2025-02-15,19,22.65,24.558193850000002
2025-02-15,2,9.008,23.05863055
2025-02-15,20,25.25,25.70573375
2025-02-15,21,32.608,30.161844199999997
2025-02-15,22,28.556253,38.32898035
2025-02-15,23,35.132,30.1810444
2025-02-15,24,19.258,23.312334999999997
2025-02-15,25,17.78,19.3603952
2025-02-15,26,7.092,22.2434308
2025-02-15,27,19.012,17.9728986
2025-02-15,28,9.332,22.874813349999997
2025-02-15,29,37.32,34.878141049999996
2025-02-15,3,26.7,37.55099575
2025-02-15,30,37.944,27.53314365
2025-02-15,31,31.968,40.81810745
2025-02-15,32,63.464,52.25902574999999
2025-02-15,33,22.4,13.0365584
2025-02-15,34,10.984,17.30806535
2025-02-15,35,10.128,26.1434125
2025-02-15,36,14.98,21.03787065
2025-02-15,37,66.972,51.190244
2025-02-15,38,17.37,19.18150215
2025-02-15,39,11.852,22.23998125
2025-02-15,4,28.511,30.659072000000002
2025-02-15,5,10.732,13.570337199999999
2025-02-15,6,48.911,43.804177100000004
2025-02-15,7,33.64,31.9963971
2025-02-15,8,21.592,27.97160375
2025-02-15,9,32.048,27.8344599
2025-02-16,1,17.56,20.12822415
2025-02-16,10,28.36,29.94037305
2025-02-16,11,24.228,25.09811045
2025-02-16,12,23.76,11.929892124999999
2025-02-16,13,45.208,49.7113936
2025-02-16,14,45.052,42.5134463
2025-02-16,15,28.792,40.123281999999996
2025-02-16,16,14.711,25.24701925
2025-02-16,17,10.15,12.0341042
2025-02-16,18,17.26,19.411544149999997
2025-02-16,19,20.79,23.953674749999998
2025-02-16,2,25.84,22.3364694
2025-02-16,20,38.13,25.115247949999997
2025-02-16,21,20.3028,30.88141855
2025-02-16,22,35.393547,38.591042200000004
2025-02-16,23,28.5,30.07452705
2025-02-16,24,10.2,23.711117899999998
2025-02-16,25,18.828,18.6005133
2025-02-16,26,36.532,22.21932575
2025-02-16,27,20.908,16.36551205
2025-02-16,28,25.908,19.65224065
2025-02-16,29,31.428,31.677577550000002
2025-02-16,3,25.552,37.8467123
2025-02-16,30,22.288,27.05024955
2025-02-16,31,35.72,40.0944727
2025-02-16,32,56.792,49.77059965000001
2025-02-16,33,32.608,13.2295561
2025-02-16,34,14.028,19.202948149999997
2025-02-16,35,2.54,26.5671089
2025-02-16,36,25.1,18.91599135
2025-02-16,37,65.8,47.6950485
2025-02-16,38,23.46,18.3919254
2025-02-16,39,13.092,21.611822600000004
2025-02-16,4,48.288,30.2498107
2025-02-16,5,10.648,12.150490699999999
2025-02-16,6,47.456,42.75414695
2025-02-16,7,36.848,31.03925305
2025-02-16,8,21.576,27.27359405
2025-02-16,9,30.24,27.22492385
2025-02-17,1,10.84,20.556755700000004
2025-02-17,10,31.32,30.713690149999998
2025-02-17,11,27.932,25.1339168
2025-02-17,12,10.29,13.345223750000002
2025-02-17,13,28.672,50.33165004999999
2025-02-17,14,44.46,43.94564200000001
2025-02-17,15,45.868,42.444524
2025-02-17,16,22.256,25.266714399999998
2025-02-17,17,13.95,11.9769843
2025-02-17,18,2.828,19.50424535
2025-02-17,19,26.45,23.726922199999997
2025-02-17,2,25.208,19.7649088
2025-02-17,20,24.73,25.24819035
2025-02-17,21,32.336,32.06547325
2025-02-17,22,31.856,36.3075454
2025-02-17,23,38.248,32.722410700000005
2025-02-17,24,13.892,24.59444475
2025-02-17,25,17.96,18.90635205
2025-02-17,26,6.368,20.6428793
2025-02-17,27,19.028,16.5416068
2025-02-17,28,19.508,17.8658702
2025-02-17,29,33.132,33.93596065
2025-02-17,3,39.11,38.693591
2025-02-17,30,18.46,27.45029015
2025-02-17,31,48.096,41.5167752
2025-02-17,32,58.952,51.45624169999999
2025-02-17,33,39.132,13.93819615
2025-02-17,34,11.048,18.516624399999998
2025-02-17,35,17.48,26.068766349999997
2025-02-17,36,11.5,17.7221719
2025-02-17,37,64.168,49.9713622
2025-02-17,38,16.05,18.1061403
2025-02-17,39,11.12,20.10063255
2025-02-17,4,47.311,30.42915495
2025-02-17,5,14.672,11.44702955
2025-02-17,6,50.711,44.10623775
2025-02-17,7,31.711,32.9850307
2025-02-17,8,25.384,27.192090550000003
2025-02-17,9,26.392,27.67453555
2025-02-18,1,23.772,20.5503018
2025-02-18,10,25.74,31.3757089
2025-02-18,11,11.336,25.0349318
2025-02-18,12,10.48,15.899314899999998
2025-02-18,13,24.36,49.513054100000005
2025-02-18,14,48.168,44.2239398
2025-02-18,15,35.46,42.04145414999999
2025-02-18,16,25.612,24.52344825
2025-02-18,17,3.828,11.97267785
2025-02-18,18,25.4,19.0013428
2025-02-18,19,22.53,23.7588745
2025-02-18,2,9.064,20.6861234
2025-02-18,20,11.24,26.924285750000003
2025-02-18,21,22.872,31.8162929
2025-02-18,22,67.664,35.34845555
2025-02-18,23,38.112,31.907612550000003
2025-02-18,24,17.76,23.5388498
2025-02-18,25,11.4228,19.6917687
2025-02-18,26,9.28,21.6120802
2025-02-18,27,8.984,18.0851069
2025-02-18,28,12.612,18.43815505
2025-02-18,29,21.2,34.6741062
2025-02-18,3,39.028,36.354585400000005
2025-02-18,30,26.228,28.4604603
2025-02-18,31,42.984,39.6075876
2025-02-18,32,54.102,51.7779881
2025-02-18,33,46.3,16.541802349999998
2025-02-18,34,7.48,17.94946285
2025-02-18,35,16.768,22.88782425
2025-02-18,36,16.708,18.98887275
2025-02-18,37,48.472,51.08498555
2025-02-18,38,11.47,19.323526299999997
2025-02-18,39,24.016,19.15728975
2025-02-18,4,44.2528,32.1919163
2025-02-18,5,10.616,11.5720812
2025-02-18,6,42.608,44.756647799999996
2025-02-18,7,25.24,33.4429408
2025-02-18,8,28.028,27.165628899999998
2025-02-18,9,25.016,28.508422700000004
2025-02-19,1,22.536,18.370391599999998
2025-02-19,10,39.48,29.60818915
2025-02-19,11,20.32,23.809467749999996
2025-02-19,12,8.59,15.20373915
2025-02-19,13,41.792,46.2006389
2025-02-19,14,49.0,43.008843049999996
2025-02-19,15,46.54,40.248057
2025-02-19,16,19.708,22.4330662
2025-02-19,17,14.8,11.10547145
2025-02-19,18,12.28,15.9045172
2025-02-19,19,30.73,22.6589956
2025-02-19,2,20.816,20.5381393
2025-02-19,20,38.728,26.5317357
2025-02-19,21,30.08,29.75429655
2025-02-19,22,26.448,33.51987845
2025-02-19,23,43.26,29.62613075
2025-02-19,24,5.76,20.352118049999998
2025-02-19,25,22.468,18.151032450000002
2025-02-19,26,9.752,20.061824
2025-02-19,27,25.6,17.49030655
2025-02-19,28,6.94,18.0000075
2025-02-19,29,23.18,32.46806555
2025-02-19,3,44.096,34.1084796
2025-02-19,30,35.2528,26.661155799999996
2025-02-19,31,44.056,38.3691236
2025-02-19,32,56.208,50.56728145
2025-02-19,33,13.568,18.98299395
2025-02-19,34,14.82,16.17655485
2025-02-19,35,29.4628,18.7908186
2025-02-19,36,39.784,17.44639865
2025-02-19,37,64.376,50.8470983
2025-02-19,38,20.95,18.41372815
2025-02-19,39,16.102,16.7788927
2025-02-19,4,32.656,33.239173
2025-02-19,5,10.428,11.26242
2025-02-19,6,48.352,43.5055987
2025-02-19,7,18.272,32.09449845
2025-02-19,8,14.788,25.50942905
2025-02-19,9,30.1428,27.396428450000002
2025-02-20,1,14.852,19.565577150000003
2025-02-20,10,11.56,29.47434395
2025-02-20,11,26.1428,22.732306450000003
2025-02-20,12,18.49,14.275985174999999
2025-02-20,13,50.496,42.98065315
2025-02-20,14,52.24,43.28992650000001
2025-02-20,15,42.748,39.9401132
2025-02-20,16,28.692,22.983992
2025-02-20,17,0.81,10.06979845
2025-02-20,18,2.18,16.2402713
2025-02-20,19,30.828,22.585602299999998
2025-02-20,2,50.5828,19.7153477
2025-02-20,20,25.22,25.44913335
2025-02-20,21,32.992,29.1801441
2025-02-20,22,41.328358,35.09045015
2025-02-20,23,53.828,29.8348935
2025-02-20,24,39.32,19.924581
2025-02-20,25,20.548,17.486656
2025-02-20,26,18.256,18.1271038
2025-02-20,27,12.496,16.2454977
2025-02-20,28,19.808,17.479264399999998
2025-02-20,29,29.768,30.92279585
2025-02-20,3,44.102,34.0039329
2025-02-20,30,26.968,25.35727055
2025-02-20,31,45.656,38.854410900000005
2025-02-20,32,59.568,50.25294554999999
2025-02-20,33,28.08,22.56872255
2025-02-20,34,17.772,14.44858205
2025-02-20,35,29.528,18.583485550000002
2025-02-20,36,16.576,17.078750999999997
2025-02-20,37,68.76,50.71019005
2025-02-20,38,12.97,17.32554735
2025-02-20,39,16.208,17.04994945
2025-02-20,4,54.1428,35.482549750000004
2025-02-20,5,7.711,11.21614545
2025-02-20,6,45.832,43.296732500000005
2025-02-20,7,44.0,31.1440021
2025-02-20,8,6.52,25.6243801
2025-02-20,9,24.296,27.16678255
2025-02-21,1,8.028,19.5367873
2025-02-21,10,36.3,29.0403247
2025-02-21,11,18.12,21.060282049999998
2025-02-21,12,13.59,13.06752
2025-02-21,13,48.28,39.603639099999995
2025-02-21,14,47.9028,43.1519571
2025-02-21,15,41.872,38.1829847
2025-02-21,16,22.572,22.440765900000002
2025-02-21,17,0.828,9.8401725
2025-02-21,18,6.988,16.14131655
2025-02-21,19,16.17,22.80388225
2025-02-21,2,9.268,19.787226750000002
2025-02-21,20,25.4,24.879791
2025-02-21,21,28.428,27.745451799999998
2025-02-21,22,32.808,36.29840515
2025-02-21,23,27.6628,30.612080600000002
2025-02-21,24,22.148,17.444751850000003
2025-02-21,25,17.8228,17.573523249999997
2025-02-21,26,14.1828,16.1875975
2025-02-21,27,10.352,16.7474284
2025-02-21,28,33.952,15.60138255
2025-02-21,29,20.612,28.891844499999998
2025-02-21,3,38.128,33.94852565
2025-02-21,30,25.36,25.63995765
2025-02-21,31,43.9428,39.09972275
2025-02-21,32,62.232,49.24826605
2025-02-21,33,32.032,22.720766
2025-02-21,34,20.168,14.23104205
2025-02-21,35,31.608,20.344586050000004
2025-02-21,36,16.172,19.43145235
2025-02-21,37,39.252,49.314328450000005
2025-02-21,38,22.09,16.99594685
2025-02-21,39,21.64,17.381481700000002
2025-02-21,4,53.112,35.67052365000001
2025-02-21,5,12.888,11.1240363
2025-02-21,6,65.736,41.631347149999996
2025-02-21,7,29.856,28.4636605
2025-02-21,8,24.011,24.26294355
2025-02-21,9,28.56,26.2370541
2025-02-22,1,20.36,18.96280265
2025-02-22,10,38.25,27.596348
2025-02-22,11,21.896,20.824659099999998
2025-02-22,12,12.91,12.9881308
2025-02-22,13,60.784,38.616853250000005
2025-02-22,14,46.6,42.782678250000004
2025-02-22,15,47.88,37.348208299999996
2025-02-22,16,17.176,22.8633676
2025-02-22,17,16.29,8.57059044
2025-02-22,18,27.732,14.049512250000001
2025-02-22,19,24.528,23.420115799999998
2025-02-22,2,7.988,22.08940645
2025-02-22,20,26.27,25.473681300000003
2025-02-22,21,36.32,27.58726305
2025-02-22,22,10.3028,35.9642834
2025-02-22,23,36.612,31.550294049999998
2025-02-22,24,11.932,18.998845
2025-02-22,25,27.208,17.2136402
2025-02-22,26,23.588,15.37609855
2025-02-22,27,18.28,16.2139131
2025-02-22,28,18.528,14.281007475
2025-02-22,29,36.292,26.7310169
2025-02-22,3,42.704,34.3298116
2025-02-22,30,26.008,25.909275
2025-02-22,31,55.812,38.5800182
2025-02-22,32,65.168,48.113286450000004
2025-02-22,33,25.8,22.0746123
2025-02-22,34,11.768,14.9075766
2025-02-22,35,26.092,21.5088932
2025-02-22,36,14.86,19.90151805
2025-02-22,37,64.452,48.9265855
2025-02-22,38,12.2,16.1384957
2025-02-22,39,12.56,16.86486
2025-02-22,4,43.776,35.5093998
2025-02-22,5,11.8628,10.087219925
2025-02-22,6,63.252,40.8730275
2025-02-22,7,39.992,27.44973765
2025-02-22,8,11.96,21.68191625
2025-02-22,9,22.072,25.7625036
2025-02-23,1,16.0,17.78009475
2025-02-23,10,33.432,27.4367473
2025-02-23,11,16.552,21.328272
2025-02-23,12,10.13,13.8117501
2025-02-23,13,37.12,38.943717500000005
2025-02-23,14,45.128,42.434638250000006
2025-02-23,15,47.528,37.003476600000006
2025-02-23,16,23.84,23.49886705
2025-02-23,17,19.33,7.67081308
2025-02-23,18,13.68,13.26544505
2025-02-23,19,35.928,23.423641449999998
2025-02-23,2,9.1428,23.185298950000004
2025-02-23,20,31.98,25.5420776
2025-02-23,21,26.372,28.203757149999998
2025-02-23,22,24.96,34.9420898
2025-02-23,23,44.784,32.6046101
2025-02-23,24,25.452,21.5387633
2025-02-23,25,23.648,17.8714328
2025-02-23,26,29.668,15.556222949999999
2025-02-23,27,26.98,15.309202424999999
2025-02-23,28,28.112,16.63814185
2025-02-23,29,26.188,26.635221549999997
2025-02-23,3,42.656,35.18716325
2025-02-23,30,33.32,26.0160401
2025-02-23,31,48.856,39.56413044999999
2025-02-23,32,57.102,48.195028949999994
2025-02-23,33,25.552,23.446932750000002
2025-02-23,34,5.392,16.9202039
2025-02-23,35,19.852,23.703997299999997
2025-02-23,36,28.752,19.27456775
2025-02-23,37,51.728,48.4849768
2025-02-23,38,16.76,16.6347156
2025-02-23,39,14.811,17.84576155
2025-02-23,4,51.376,37.844058950000004
2025-02-23,5,21.528,10.55938605
2025-02-23,6,66.28,41.982352000000006
2025-02-23,7,32.888,28.9299104
2025-02-23,8,31.48,21.127429499999998
2025-02-23,9,27.088,25.66324985
2025-02-24,1,29.052,17.994193600000003
2025-02-24,10,33.2,29.62249655
2025-02-24,11,38.48,21.7522054
2025-02-24,12,19.66,14.325352850000002
2025-02-24,13,64.176,42.90106225
2025-02-24,14,51.528,44.8933108
2025-02-24,15,38.102,39.58257015
2025-02-24,16,25.311,23.5944922
2025-02-24,17,14.36,8.174442599999999
2025-02-24,18,20.42,14.87209925
2025-02-24,19,23.54,23.59363235
2025-02-24,2,9.188,20.75713575
2025-02-24,20,24.75,26.2752944
2025-02-24,21,37.416,29.9861541
2025-02-24,22,79.308,33.05630135
2025-02-24,23,55.628,34.0039723
2025-02-24,24,17.136,21.16064695
2025-02-24,25,21.5828,19.36191795
2025-02-24,26,2.2,16.47017895
2025-02-24,27,27.56,15.773952950000002
2025-02-24,28,4.62,18.3824858
2025-02-24,29,45.052,28.15469505
2025-02-24,3,31.452,37.45199175
2025-02-24,30,23.812,27.32511375
2025-02-24,31,47.576,43.1486358
2025-02-24,32,69.6628,51.98348254999999
2025-02-24,33,39.068,25.7426425
2025-02-24,34,18.28,16.44066075
2025-02-24,35,33.496,24.618514599999997
2025-02-24,36,11.936,18.80592125
2025-02-24,37,84.34,50.56239185
2025-02-24,38,12.228,16.7089535
2025-02-24,39,17.972,17.68421485
2025-02-24,4,52.28,41.42811225
2025-02-24,5,11.96,11.01936135
2025-02-24,6,48.788,45.8048455
2025-02-24,7,30.016,31.19886885
2025-02-24,8,23.128,20.6129527
2025-02-24,9,42.792,26.8470295
2025-02-25,1,21.088,18.15562595
2025-02-25,10,41.76,30.817720450000003
2025-02-25,11,19.248,21.7937594
2025-02-25,12,12.12,14.239733249999999
2025-02-25,13,58.911,45.0741289
2025-02-25,14,50.52,46.06843075
2025-02-25,15,46.032,40.5739988
2025-02-25,16,19.952,23.2017894
2025-02-25,17,16.3,9.8511898
2025-02-25,18,23.5,16.1079088
2025-02-25,19,32.97,24.85916505
2025-02-25,2,35.86,19.63277875
2025-02-25,20,30.11,27.21458455
2025-02-25,21,35.732,30.02946575
2025-02-25,22,3.28,30.3594314
2025-02-25,23,53.38,35.10267615
2025-02-25,24,27.424,21.183277500000003
2025-02-25,25,14.088,20.95496675
2025-02-25,26,2.104,18.961858900000003
2025-02-25,27,14.32,17.837267349999998
2025-02-25,28,11.748,20.345394
2025-02-25,29,41.048,28.9306173
2025-02-25,3,49.26,38.55343725
2025-02-25,30,32.2,27.862347800000002
2025-02-25,31,45.792,45.502943200000004
2025-02-25,32,68.3028,53.73372005
2025-02-25,33,41.308,26.370969349999996
2025-02-25,34,14.62,15.298819199999999
2025-02-25,35,14.9828,23.109627449999998
2025-02-25,36,13.104,20.146966400000004
2025-02-25,37,71.66,52.2045782
2025-02-25,38,16.15,16.8081888
2025-02-25,39,17.08,17.17155485
2025-02-25,4,55.072,44.69490759999999
2025-02-25,5,16.38,12.66487585
2025-02-25,6,52.052,47.883913
2025-02-25,7,45.368,32.689848250000004
2025-02-25,8,31.528,21.6531919
2025-02-25,9,28.768,26.925212950000002
2025-02-26,1,25.808,20.182225099999997
2025-02-26,10,45.148,32.43806275
2025-02-26,11,27.2,24.6528952
2025-02-26,12,12.03,15.4738851
2025-02-26,13,36.06,46.2058661
2025-02-26,14,50.052,47.6443194
2025-02-26,15,38.848,42.322583800000004
2025-02-26,16,14.748,24.5789719
2025-02-26,17,13.8,11.773069
2025-02-26,18,11.228,17.13181835
2025-02-26,19,25.07,26.590841500000003
2025-02-26,2,28.828,19.21022695
2025-02-26,20,36.75,28.394434600000004
2025-02-26,21,17.76,31.74782795
2025-02-26,22,39.165726,32.730266
2025-02-26,23,64.728,38.04288185
2025-02-26,24,10.776,21.93602735
2025-02-26,25,21.328,22.625325699999998
2025-02-26,26,19.008,17.82586725
2025-02-26,27,31.748,21.2503095
2025-02-26,28,25.944,20.5214149
2025-02-26,29,39.768,31.110856300000002
2025-02-26,3,30.808,39.3153694
2025-02-26,30,23.548,28.76455405
2025-02-26,31,55.112,47.73737
2025-02-26,32,65.4,55.531418
2025-02-26,33,24.424,28.854290300000002
2025-02-26,34,10.708,15.7734741
2025-02-26,35,49.688,25.01684775
2025-02-26,36,21.668,20.89221155
2025-02-26,37,62.88,54.1446162
2025-02-26,38,36.23,16.81759625
2025-02-26,39,19.488,17.69051395
2025-02-26,4,49.504,47.7473982
2025-02-26,5,12.48,14.26055625
2025-02-26,6,51.268,49.993821600000004
2025-02-26,7,25.568,33.69531545
2025-02-26,8,28.254,24.078147549999997
2025-02-26,9,27.592,29.212225250000003
2025-02-27,1,9.064,21.808922199999998
2025-02-27,10,25.772,32.82264155
2025-02-27,11,38.7028,24.80660445
2025-02-27,12,3.3,15.454699825000002
2025-02-27,13,26.268,46.843453499999995
2025-02-27,14,42.096,47.723850999999996
2025-02-27,15,44.5,41.37467255
2025-02-27,16,22.1,24.580721150000002
2025-02-27,17,0.76,12.5365191
2025-02-27,18,12.904,19.246656400000003
2025-02-27,19,20.9,26.67647745
2025-02-27,2,6.928,20.6775494
2025-02-27,20,21.05,26.91243705
2025-02-27,21,48.028,32.060002999999995
2025-02-27,22,39.681126,34.5067847
2025-02-27,23,60.392,39.20440000000001
2025-02-27,24,30.2228,23.06848875
2025-02-27,25,17.028,21.53537545
2025-02-27,26,30.848,14.5202078
2025-02-27,27,18.784,20.82546545
2025-02-27,28,28.32,18.26943655
2025-02-27,29,35.792,32.41239125
2025-02-27,3,38.052,38.62744239999999
2025-02-27,30,14.5428,28.6554531
2025-02-27,31,44.648,47.45428925
2025-02-27,32,60.16,56.182197800000004
2025-02-27,33,33.536,31.7436197
2025-02-27,34,36.784,16.0898384
2025-02-27,35,29.728,24.367476449999998
2025-02-27,36,19.492,19.22551635
2025-02-27,37,60.272,55.5972724
2025-02-27,38,11.49,16.4561074
2025-02-27,39,14.58,18.4771114
2025-02-27,4,39.428,48.70567799999999
2025-02-27,5,1.38,14.999521099999999
2025-02-27,6,46.792,49.0705757
2025-02-27,7,28.848,33.965642
2025-02-27,8,36.0,25.5347949
2025-02-27,9,22.74,29.987610000000004
2025-02-28,1,6.76,22.1111707
2025-02-28,10,47.568,34.6149401
2025-02-28,11,28.48,24.04977345
2025-02-28,12,1.97,14.136561825
2025-02-28,13,30.032,45.8302887
2025-02-28,14,17.652,47.07156945
2025-02-28,15,16.452,40.496981700000006
2025-02-28,16,20.648,22.63712605
2025-02-28,17,12.19,12.687436949999999
2025-02-28,18,4.628,18.37599825
2025-02-28,19,10.32,26.577092099999998
2025-02-28,2,2.352,22.3526873
2025-02-28,20,23.87,27.41151555
2025-02-28,21,11.392,30.1868738
2025-02-28,22,68.28,30.7270647
2025-02-28,23,29.552,40.56834775
2025-02-28,24,1.828,21.380265800000004
2025-02-28,25,10.784,20.437339199999997
2025-02-28,26,7.492,13.3434239
2025-02-28,27,10.488,21.422991950000004
2025-02-28,28,3.328,17.6669993
2025-02-28,29,10.62,32.6583725
2025-02-28,3,14.292,37.89929815
2025-02-28,30,19.928,28.3709256
2025-02-28,31,23.32,46.83888545
2025-02-28,32,20.168,55.820137949999996
2025-02-28,33,18.6,29.96457865
2025-02-28,34,3.028,15.40832945
2025-02-28,35,3.052,25.452944199999997
2025-02-28,36,6.24,19.230500399999997
2025-02-28,37,22.496,55.610712250000006
2025-02-28,38,6.57,18.55412815
2025-02-28,39,9.988,18.48582475
2025-02-28,4,72.72,47.8850563
2025-02-28,5,0.56,14.679310300000001
2025-02-28,6,11.112,47.726795
2025-02-28,7,14.08,32.1797802
2025-02-28,8,10.868,25.6023329
2025-02-28,9,17.612,29.2292462
2025-03-01,1,12.128,20.6040253
2025-03-01,10,36.088,34.308637
2025-03-01,11,24.928,25.7624258
2025-03-01,12,11.13,12.5068381
2025-03-01,13,50.88,44.1396335
2025-03-01,14,48.092,46.698285999999996
2025-03-01,15,24.428,39.839871849999994
2025-03-01,16,22.052,22.3257355
2025-03-01,17,12.38,10.53524475
2025-03-01,18,24.568,16.7468269
2025-03-01,19,21.62,26.20582425
2025-03-01,2,31.24,22.720815549999998
2025-03-01,20,38.928,27.4586524
2025-03-01,21,28.98,30.7155963
2025-03-01,22,61.628,31.872684150000005
2025-03-01,23,49.528,43.9068286
2025-03-01,24,23.536,22.665791849999998
2025-03-01,25,29.08,19.83891515
2025-03-01,26,33.052,15.652967375
2025-03-01,27,16.208,21.41867595
2025-03-01,28,9.888,19.351761500000002
2025-03-01,29,36.308,34.053028
2025-03-01,3,58.808,37.716902149999996
2025-03-01,30,31.28,26.76118955
2025-03-01,31,54.832,47.4163482
2025-03-01,32,62.936,55.72155000000001
2025-03-01,33,28.312,30.101102400000002
2025-03-01,34,11.068,17.23704275
2025-03-01,35,28.692,28.198995200000002
2025-03-01,36,10.848,19.387665900000002
2025-03-01,37,61.28,55.72816565
2025-03-01,38,26.76,18.6180972
2025-03-01,39,21.64,17.93727805
2025-03-01,4,69.624,46.8908754
2025-03-01,5,18.7,12.48697185
2025-03-01,6,61.988,47.11752105000001
2025-03-01,7,31.936,32.071469449999995
2025-03-01,8,39.258,26.22750725
2025-03-01,9,32.64,28.4677084
2025-03-02,1,23.228,16.885418800000004
2025-03-02,10,35.8,33.740260049999996
2025-03-02,11,20.828,26.266565649999997
2025-03-02,12,19.62,9.963438499999999
2025-03-02,13,52.62,38.45856875
2025-03-02,14,43.228,40.9011309
2025-03-02,15,41.52,36.18639195
2025-03-02,16,17.148,21.75010425
2025-03-02,17,16.25,9.4996669
2025-03-02,18,11.672,14.2461401
2025-03-02,19,33.62,23.090046899999997
2025-03-02,2,9.792,18.60400715
2025-03-02,20,23.82,25.63318315
2025-03-02,21,33.811,28.760829900000004
2025-03-02,22,24.895437,34.06093745
2025-03-02,23,54.552,42.089937250000006
2025-03-02,24,16.852,20.33231205
2025-03-02,25,10.6,18.10369515
2025-03-02,26,5.208,15.390192249999998
2025-03-02,27,24.024,18.95093075
2025-03-02,28,24.92,18.10860075
2025-03-02,29,21.68,30.59371185
2025-03-02,3,25.311,33.3660298
2025-03-02,30,27.608,24.3770973
2025-03-02,31,48.4,43.136769
2025-03-02,32,56.64,52.208285599999996
2025-03-02,33,26.76,27.8646975
2025-03-02,34,4.28,16.6346882
2025-03-02,35,49.496,24.9349912
2025-03-02,36,20.592,16.705381850000002
2025-03-02,37,58.544,51.720874200000004
2025-03-02,38,14.68,16.47023665
2025-03-02,39,14.272,16.68623955
2025-03-02,4,60.76,45.89759105
2025-03-02,5,27.48,10.108033425
2025-03-02,6,52.668,42.5050643
2025-03-02,7,35.648,28.7344516
2025-03-02,8,23.9028,24.55711405
2025-03-02,9,27.428,26.44170955
2025-03-03,1,12.872,15.364593799999998
2025-03-03,10,39.2628,33.8952253
2025-03-03,11,26.24,26.02515145
2025-03-03,12,10.17,9.43306125
2025-03-03,13,33.548,37.6384738
2025-03-03,14,49.011,37.7208945
2025-03-03,15,24.748,32.41046365
2025-03-03,16,20.8,21.28939965
2025-03-03,17,13.1,9.89183655
2025-03-03,18,13.908,15.099528750000001
2025-03-03,19,21.64,20.983851
2025-03-03,2,20.2,18.095854499999998
2025-03-03,20,16.13,25.58853055
2025-03-03,21,29.336,26.872009849999998
2025-03-03,22,30.948606,36.71411395
2025-03-03,23,58.208,39.7310909
2025-03-03,24,5.308,19.0329527
2025-03-03,25,33.988,18.84899545
2025-03-03,26,23.52,16.92109525
2025-03-03,27,11.976,17.58802245
2025-03-03,28,8.9028,15.9014224
2025-03-03,29,26.492,28.58243195
2025-03-03,3,28.048,32.292012400000004
2025-03-03,30,28.48,23.784701
2025-03-03,31,30.768,40.852624399999996
2025-03-03,32,61.32,48.55842390000001
2025-03-03,33,24.248,26.0410017
2025-03-03,34,14.82,15.044067025
2025-03-03,35,22.432,23.43742365
2025-03-03,36,10.188,14.751807
2025-03-03,37,52.228,47.942848299999994
2025-03-03,38,22.79,16.5039525
2025-03-03,39,17.84,16.515393
2025-03-03,4,61.648,47.2681591
2025-03-03,5,12.292,10.363453449999998
2025-03-03,6,54.212,38.6513365
2025-03-03,7,28.592,27.00548355
2025-03-03,8,37.288,24.009972050000002
2025-03-03,9,32.7,25.25131345
2025-03-04,1,6.812,16.36021135
2025-03-04,10,39.616,34.4768343
2025-03-04,11,22.592,25.54208555
2025-03-04,12,13.33,10.632028300000002
2025-03-04,13,45.864,39.2020447
2025-03-04,14,41.448,39.161438
2025-03-04,15,45.1428,33.020538450000004
2025-03-04,16,28.76,21.47507255
2025-03-04,17,0.88,11.2574635
2025-03-04,18,11.06,15.798782899999999
2025-03-04,19,24.52,22.906571550000002
2025-03-04,2,8.148,18.3118725
2025-03-04,20,25.1,26.7079739
2025-03-04,21,27.311,27.72420015
2025-03-04,22,33.42051,37.699467049999996
2025-03-04,23,43.528,40.95962845
2025-03-04,24,31.16,19.92798215
2025-03-04,25,8.228,19.109995499999997
2025-03-04,26,17.52,16.96694165
2025-03-04,27,17.452,18.94981565
2025-03-04,28,7.848,16.9811008
2025-03-04,29,29.82,28.3569178
2025-03-04,3,26.86,33.97745125
2025-03-04,30,27.612,25.31631565
2025-03-04,31,48.392,42.94484985
2025-03-04,32,53.648,50.20724775
2025-03-04,33,46.092,26.014181999999998
2025-03-04,34,13.608,13.51549015
2025-03-04,35,23.08,25.96007145
2025-03-04,36,9.188,15.727402399999999
2025-03-04,37,43.0,49.040935
2025-03-04,38,13.37,16.975112349999996
2025-03-04,39,23.26,17.022484650000003
2025-03-04,4,79.192,51.05301805
2025-03-04,5,9.968,13.5183578
2025-03-04,6,11.628,40.7214044
2025-03-04,7,33.368,28.5320828
2025-03-04,8,23.072,25.635358
2025-03-04,9,22.18,26.47986125
2025-03-05,1,19.464,17.396397550000003
2025-03-05,10,19.5428,35.711771999999996
2025-03-05,11,12.388,26.45150175
2025-03-05,12,9.06,11.49269705
2025-03-05,13,28.76,41.98004355
2025-03-05,14,37.78,41.745177399999996
2025-03-05,15,25.856,32.956035
2025-03-05,16,31.192,21.67094205
2025-03-05,17,14.7,12.073078599999999
2025-03-05,18,21.952,16.040065499999997
2025-03-05,19,27.928,24.0449154
2025-03-05,2,47.788,18.6011533
2025-03-05,20,17.78,25.4629001
2025-03-05,21,30.928,29.3295481
2025-03-05,22,21.672,39.9270772
2025-03-05,23,38.64,44.117035650000005
2025-03-05,24,10.304,18.6079397
2025-03-05,25,31.672,20.7146268
2025-03-05,26,13.112,16.64758145
2025-03-05,27,26.132,19.4826362
2025-03-05,28,8.52,16.101298649999997
2025-03-05,29,22.52,28.931960450000002
2025-03-05,3,39.132,33.1240775
2025-03-05,30,18.228,26.3777667
2025-03-05,31,43.872,44.46662915
2025-03-05,32,45.911,52.5901445
2025-03-05,33,20.92,26.6553494
2025-03-05,34,16.832,13.51961
2025-03-05,35,16.62,28.3512057
2025-03-05,36,19.48,15.23895805
2025-03-05,37,59.311,51.7310628
2025-03-05,38,20.38,17.725794349999997
2025-03-05,39,11.46,17.54432345
2025-03-05,4,66.2228,54.82582669999999
2025-03-05,5,5.028,14.90395235
2025-03-05,6,52.72,43.23640505
2025-03-05,7,29.272,29.584541549999997
2025-03-05,8,17.828,27.17157605
2025-03-05,9,28.028,28.68854525
2025-03-06,1,6.576,16.452105850000002
2025-03-06,10,23.688,36.42781665
2025-03-06,11,19.42,25.72446725
2025-03-06,12,19.92,11.819127850000001
2025-03-06,13,36.568,42.0915582
2025-03-06,14,27.92,42.44662775
2025-03-06,15,24.032,32.7944778
2025-03-06,16,28.428,22.51792365
2025-03-06,17,8.87,10.831321775
2025-03-06,18,2.36,15.8603508
2025-03-06,19,12.68,23.98099625
2025-03-06,2,12.5028,19.011926900000002
2025-03-06,20,14.828,24.4742357
2025-03-06,21,22.992,29.2552575
2025-03-06,22,71.688,37.177354050000005
2025-03-06,23,42.66,44.365148649999995
2025-03-06,24,28.76,19.7934112
2025-03-06,25,19.032,20.435949649999998
2025-03-06,26,14.456,16.36050995
2025-03-06,27,3.708,18.76522425
2025-03-06,28,9.76,14.5312272
2025-03-06,29,14.528,28.7084943
2025-03-06,3,27.76,31.9352236
2025-03-06,30,24.0,26.565597750000002
2025-03-06,31,23.088,43.5340465
2025-03-06,32,56.256,53.1749025
2025-03-06,33,5.928,28.191125200000002
2025-03-06,34,18.46,14.105588749999999
2025-03-06,35,33.772,26.3323418
2025-03-06,36,6.892,13.754619600000002
2025-03-06,37,28.616,51.45122845
2025-03-06,38,10.71,17.609952850000003
2025-03-06,39,13.3,18.3721404
2025-03-06,4,72.608,56.519238
2025-03-06,5,1.088,14.348725625
2025-03-06,6,28.352,41.59779
2025-03-06,7,30.832,29.982491200000002
2025-03-06,8,24.44,27.877391000000003
2025-03-06,9,20.56,28.2184957
2025-03-07,1,11.172,16.90949535
2025-03-07,10,31.648,36.5306757
2025-03-07,11,11.568,24.66823485
2025-03-07,12,13.37,11.818901199999999
2025-03-07,13,35.7,41.96020445
2025-03-07,14,33.548,42.906569649999994
2025-03-07,15,28.02,33.3142405
2025-03-07,16,26.74,23.8666878
2025-03-07,17,6.67,10.615741
2025-03-07,18,11.948,16.7102585
2025-03-07,19,22.49,24.78575825
2025-03-07,2,8.16,22.128854750000002
2025-03-07,20,29.1,24.7801112
2025-03-07,21,27.96,28.95322605
2025-03-07,22,48.76,35.95307115
2025-03-07,23,35.008,44.128368949999995
2025-03-07,24,26.368,19.86042335
2025-03-07,25,16.828,21.21932565
2025-03-07,26,11.1828,16.29699715
2025-03-07,27,5.932,20.3638175
2025-03-07,28,13.528,14.125328450000001
2025-03-07,29,22.292,28.95329605
2025-03-07,3,26.96,32.3404964
2025-03-07,30,14.96,26.52443675
2025-03-07,31,44.472,44.73437045
2025-03-07,32,50.0,52.7871172
2025-03-07,33,5.62,29.35187775
2025-03-07,34,6.108,14.96157075
2025-03-07,35,26.948,26.61956985
2025-03-07,36,5.14,14.50292765
2025-03-07,37,58.328,51.08214825
2025-03-07,38,12.45,18.781175500000003
2025-03-07,39,11.14,18.58726475
2025-03-07,4,58.2,57.2068267
2025-03-07,5,1.08,13.246539700000001
2025-03-07,6,35.6,39.6849
2025-03-07,7,28.612,30.394160649999996
2025-03-07,8,41.088,27.66866255
2025-03-07,9,21.788,28.069353800000002
2025-03-08,1,17.06,15.053869599999999
2025-03-08,10,31.952,32.532871
2025-03-08,11,28.311,23.16259695
2025-03-08,12,5.01,11.9186555
2025-03-08,13,39.92,38.6081392
2025-03-08,14,25.944,40.18185150000001
2025-03-08,15,31.12,31.626485249999998
2025-03-08,16,31.42,24.419142300000004
2025-03-08,17,7.92,9.7690624
2025-03-08,18,13.428,14.9980031
2025-03-08,19,11.05,23.071668
2025-03-08,2,21.056,22.0611215
2025-03-08,20,18.29,22.71300515
2025-03-08,21,29.14,28.660280900000004
2025-03-08,22,10.8628,34.92375405
2025-03-08,23,38.08,42.1982587
2025-03-08,24,17.288,20.410010800000002
2025-03-08,25,9.78,20.900466099999996
2025-03-08,26,7.24,16.242726349999998
2025-03-08,27,11.568,18.27526525
2025-03-08,28,25.0,13.1251927
2025-03-08,29,23.492,26.53564535
2025-03-08,3,35.24,31.81758745
2025-03-08,30,29.2228,24.7144394
2025-03-08,31,29.0228,41.866877599999995
2025-03-08,32,44.08,50.71627385
2025-03-08,33,5.68,25.78239885
2025-03-08,34,9.072,16.47506745
2025-03-08,35,7.82,26.3546704
2025-03-08,36,8.288,13.538311525000001
2025-03-08,37,55.6628,48.82458509999999
2025-03-08,38,23.3,17.1977496
2025-03-08,39,11.14,16.8209434
2025-03-08,4,29.12,56.2367172
2025-03-08,5,14.428,10.60187395
2025-03-08,6,56.992,38.47602685
2025-03-08,7,23.736,29.320729749999998
2025-03-08,8,27.711,26.81140285
2025-03-08,9,21.72,26.2440194
2025-03-09,1,9.36,13.8053872
2025-03-09,10,19.34,31.8608738
2025-03-09,11,19.688,21.80777305
2025-03-09,12,10.49,12.374040449999999
2025-03-09,13,19.88,36.63746515
2025-03-09,14,36.948,35.88247775
2025-03-09,15,28.56,29.6565219
2025-03-09,16,29.072,25.226842750000003
2025-03-09,17,10.1,9.2309773
2025-03-09,18,20.0,13.9018993
2025-03-09,19,14.08,21.8784121
2025-03-09,2,8.852,19.6975482
2025-03-09,20,22.55,22.73875725
2025-03-09,21,28.308,27.36172245
2025-03-09,22,17.728,38.2158624
2025-03-09,23,18.992,39.896434299999996
2025-03-09,24,12.912,21.3552126
2025-03-09,25,26.18,19.939184150000003
2025-03-09,26,27.308,15.4059147
2025-03-09,27,13.96,15.534702850000002
2025-03-09,28,8.96,12.531237699999998
2025-03-09,29,22.736,24.238527050000002
2025-03-09,3,26.888,29.42786045
2025-03-09,30,19.888,23.579139050000002
2025-03-09,31,29.6,38.128515199999995
2025-03-09,32,43.872,47.776293
2025-03-09,33,43.548,21.083458299999997
2025-03-09,34,16.08,15.459038900000001
2025-03-09,35,29.98,25.9188677
2025-03-09,36,17.892,11.720080799999998
2025-03-09,37,52.056,44.840760849999995
2025-03-09,38,10.5,16.047118349999998
2025-03-09,39,17.06,15.85142765
2025-03-09,4,51.472,55.50584145
2025-03-09,5,13.0,8.975524925
2025-03-09,6,16.296,34.8348146
2025-03-09,7,29.5828,28.558714950000002
2025-03-09,8,26.64,27.0757912
2025-03-09,9,24.211,24.9744812
2025-03-10,1,10.8,14.3130962
2025-03-10,10,31.708,32.0487504
2025-03-10,11,31.11,22.420525400000002
2025-03-10,12,4.86,12.0600427
2025-03-10,13,42.548,37.51846525
2025-03-10,14,25.48,35.3697374
2025-03-10,15,23.96,29.1501746
2025-03-10,16,17.056,26.80327115
2025-03-10,17,0.99,9.117034199999999
2025-03-10,18,21.428,14.34251525
2025-03-10,19,17.32,20.7159414
2025-03-10,2,8.572,20.34409275
2025-03-10,20,12.86,23.560095949999997
2025-03-10,21,24.1428,27.97096225
2025-03-10,22,35.102,38.415490899999995
2025-03-10,23,17.32,39.3988894
2025-03-10,24,12.72,22.12362135
2025-03-10,25,14.708,19.466521450000002
2025-03-10,26,20.78,14.6100172
2025-03-10,27,8.72,14.60220915
2025-03-10,28,9.832,14.3142067
2025-03-10,29,20.892,24.5848816
2025-03-10,3,25.568,30.934999999999995
2025-03-10,30,13.688,24.159788749999997
2025-03-10,31,30.696,38.6790328
2025-03-10,32,51.36,48.6715631
2025-03-10,33,19.852,18.183146999999998
2025-03-10,34,16.32,14.40994535
2025-03-10,35,23.788,24.55833165
2025-03-10,36,7.732,11.0331176
2025-03-10,37,39.228,47.0764635
2025-03-10,38,8.51,16.9940585
2025-03-10,39,14.02,15.51186115
2025-03-10,4,48.104,54.5965226
2025-03-10,5,5.632,9.510085799999999
2025-03-10,6,41.8628,37.155345749999995
2025-03-10,7,23.896,28.68987065
2025-03-10,8,29.76,28.8304498
2025-03-10,9,18.92,25.0510295
2025-03-11,1,11.2,14.48992505
2025-03-11,10,24.992,30.641114200000004
2025-03-11,11,13.36,22.66942035
2025-03-11,12,12.08,12.0225613
2025-03-11,13,18.132,36.92043525
2025-03-11,14,32.06,34.77611175
2025-03-11,15,29.788,30.5315735
2025-03-11,16,25.252,27.8374995
2025-03-11,17,0.77,9.17691435
2025-03-11,18,10.9428,15.393743749999999
2025-03-11,19,20.23,19.98069945
2025-03-11,2,21.576,19.37972885
2025-03-11,20,9.9,23.3973537
2025-03-11,21,21.12,28.8084409
2025-03-11,22,26.888,33.04977035
2025-03-11,23,22.808,37.33488869999999
2025-03-11,24,25.208,21.2050318
2025-03-11,25,19.08,19.20276385
2025-03-11,26,2.68,15.554743299999998
2025-03-11,27,17.56,14.8484591
2025-03-11,28,8.808,15.1316293
2025-03-11,29,20.52,24.46495445
2025-03-11,3,20.0628,30.947805149999997
2025-03-11,30,26.28,24.6973991
2025-03-11,31,28.576,37.610093250000006
2025-03-11,32,37.848,48.703006900000005
2025-03-11,33,14.88,20.6841908
2025-03-11,34,4.632,14.04334875
2025-03-11,35,25.9028,25.12576435
2025-03-11,36,8.496,11.989639775
2025-03-11,37,54.184,48.7179199
2025-03-11,38,11.4,16.8715273
2025-03-11,39,10.868,15.882677050000002
2025-03-11,4,58.208,53.37801614999999
2025-03-11,5,8.688,10.955797425
2025-03-11,6,35.888,36.80625105
2025-03-11,7,36.776,29.241745199999997
2025-03-11,8,20.64,28.43727055
2025-03-11,9,29.092,25.2132537
2025-03-12,1,10.272,13.42592925
2025-03-12,10,23.78,29.0277319
2025-03-12,11,28.012,23.382414
2025-03-12,12,9.13,10.7454335
2025-03-12,13,23.292,33.6418953
2025-03-12,14,26.808,33.521758000000005
2025-03-12,15,17.9428,28.43479315
2025-03-12,16,49.988,26.214320450000002
2025-03-12,17,13.5,8.138625825
2025-03-12,18,12.936,16.41347555
2025-03-12,19,22.43,19.233863999999997
2025-03-12,2,27.88,17.81612895
2025-03-12,20,12.84,21.18836165
2025-03-12,21,36.016,27.678240549999998
2025-03-12,22,21.488,30.588726800000003
2025-03-12,23,19.92,32.88729895
2025-03-12,24,32.972,19.1278073
2025-03-12,25,16.211,19.580076599999998
2025-03-12,26,25.528,16.8001098
2025-03-12,27,11.028,13.8167203
2025-03-12,28,8.052,13.413712150000002
2025-03-12,29,23.88,23.7519451
2025-03-12,3,19.928,28.881635900000003
2025-03-12,30,13.192,23.2285178
2025-03-12,31,28.808,34.378292450000004
2025-03-12,32,39.312,47.43301235
2025-03-12,33,26.96,21.9447108
2025-03-12,34,19.696,14.3173296
2025-03-12,35,16.576,24.107525850000002
2025-03-12,36,19.432,11.1640181
2025-03-12,37,46.528,47.077308599999995
2025-03-12,38,23.028,15.543893700000002
2025-03-12,39,21.72,15.9517972
2025-03-12,4,25.952,52.22406244999999
2025-03-12,5,10.1428,10.72238645
2025-03-12,6,27.22,35.5795792
2025-03-12,7,22.048,27.94444395
2025-03-12,8,25.808,28.3520599
2025-03-12,9,13.216,24.79531575
2025-03-13,1,7.988,12.844154699999999
2025-03-13,10,24.76,28.770088700000002
2025-03-13,11,14.528,23.0861482
2025-03-13,12,10.06,10.584830925
2025-03-13,13,33.668,32.0003132
2025-03-13,14,26.252,32.35919275
2025-03-13,15,32.12,27.7142963
2025-03-13,16,46.5028,25.87548565
2025-03-13,17,8.31,7.15673095
2025-03-13,18,2.332,16.37581065
2025-03-13,19,7.72,19.3105553
2025-03-13,2,29.372,18.423034100000002
2025-03-13,20,16.77,19.610554999999998
2025-03-13,21,26.992,26.7238692
2025-03-13,22,33.132,29.5995391
2025-03-13,23,17.744,29.837465650000002
2025-03-13,24,25.6,20.0452685
2025-03-13,25,10.028,19.6271743
2025-03-13,26,10.832,15.48793675
2025-03-13,27,6.18,13.799942000000001
2025-03-13,28,26.011,12.2744848
2025-03-13,29,20.852,23.314539
2025-03-13,3,19.008,27.1497419
2025-03-13,30,24.12,22.9398715
2025-03-13,31,36.368,33.00715515
2025-03-13,32,37.936,45.7977029
2025-03-13,33,16.34,21.6313818
2025-03-13,34,9.792,13.690292099999999
2025-03-13,35,16.272,23.8914576
2025-03-13,36,10.448,10.24806715
2025-03-13,37,39.552,44.9912153
2025-03-13,38,12.78,14.6573201
2025-03-13,39,14.9428,15.609926999999999
2025-03-13,4,26.96,50.71169865
2025-03-13,5,14.688,10.12152865
2025-03-13,6,12.68,34.424895500000005
2025-03-13,7,21.744,27.9415871
2025-03-13,8,20.42,27.6576443
2025-03-13,9,32.1428,24.61229675
2025-03-14,1,14.38,12.769831449999998
2025-03-14,10,19.028,27.43989655
2025-03-14,11,13.528,21.6426065
2025-03-14,12,12.11,10.755820499999999
2025-03-14,13,28.25,29.87202765
2025-03-14,14,21.772,31.410516450000003
2025-03-14,15,25.216,26.9195354
2025-03-14,16,47.016,27.131983599999998
2025-03-14,17,5.28,7.202035625000001
2025-03-14,18,2.412,16.10776185
2025-03-14,19,14.44,19.6576595
2025-03-14,2,9.508,20.549394449999998
2025-03-14,20,18.79,17.590384949999997
2025-03-14,21,26.9,26.678613600000002
2025-03-14,22,17.12,27.418598199999998
2025-03-14,23,22.76,27.610963150000003
2025-03-14,24,23.388,21.310997800000003
2025-03-14,25,19.8,19.6609992
2025-03-14,26,12.568,15.635693550000001
2025-03-14,27,13.12,14.027159300000001
2025-03-14,28,9.2,11.495036249999998
2025-03-14,29,22.776,22.50410385
2025-03-14,3,23.64,26.30650985
2025-03-14,30,0.0,21.92031565
2025-03-14,31,19.016,32.053526500000004
2025-03-14,32,39.36,44.35047
2025-03-14,33,16.84,21.6273202
2025-03-14,34,10.66,14.49002965
2025-03-14,35,16.472,23.0872865
2025-03-14,36,7.72,11.48057135
2025-03-14,37,36.84,45.77819905
2025-03-14,38,8.49,15.2698436
2025-03-14,39,12.748,15.709669299999998
2025-03-14,4,58.176,48.925566
2025-03-14,5,1.992,10.061039
2025-03-14,6,24.14,33.2359803
2025-03-14,7,24.9828,27.621983150000002
2025-03-14,8,23.012,26.4531354
2025-03-14,9,23.256,23.5943173
2025-03-15,1,10.232,11.40081045
2025-03-15,10,22.7028,25.7661609
2025-03-15,11,22.12,20.30528075
2025-03-15,12,8.58,10.34380505
2025-03-15,13,25.792,28.18024305
2025-03-15,14,24.258,28.9114535
2025-03-15,15,33.792,25.5457286
2025-03-15,16,38.652,28.954721150000005
2025-03-15,17,1.23,6.827195744999999
2025-03-15,18,14.736,13.517794900000002
2025-03-15,19,10.31,17.2739759
2025-03-15,2,32.1428,20.9639561
2025-03-15,20,10.7,16.1888412
2025-03-15,21,32.332,26.067688099999998
2025-03-15,22,14.308,27.214143200000002
2025-03-15,23,12.188,24.74878195
2025-03-15,24,17.652,22.258939750000003
2025-03-15,25,13.052,17.4831702
2025-03-15,26,3.211,14.91946475
2025-03-15,27,8.82,11.96640125
2025-03-15,28,19.296,12.2920664
2025-03-15,29,22.028,21.168179000000002
2025-03-15,3,16.9828,24.047235200000003
2025-03-15,30,17.0,20.86311145
2025-03-15,31,21.848,29.873206500000002
2025-03-15,32,39.968,42.017236249999996
2025-03-15,33,23.8,19.3881412
2025-03-15,34,9.258,14.338193700000001
2025-03-15,35,19.748,21.699890500000002
2025-03-15,36,8.08,11.071218224999999
2025-03-15,37,33.328,43.038782299999994
2025-03-15,38,13.36,14.786967149999999
2025-03-15,39,9.94,15.3073938
2025-03-15,4,35.288,43.262205249999994
2025-03-15,5,2.08,9.78215475
2025-03-15,6,47.58,29.367553700000002
2025-03-15,7,18.68,25.627583100000003
2025-03-15,8,24.168,24.959602
2025-03-15,9,13.972,22.39514285
2025-03-16,1,13.268,11.917639000000001
2025-03-16,10,20.948,25.2025613
2025-03-16,11,10.92,19.14306535
2025-03-16,12,14.02,10.85265145
2025-03-16,13,25.668,27.789249899999998
2025-03-16,14,19.08,27.36429685
2025-03-16,15,24.86,25.71265695
2025-03-16,16,30.428,31.307102
2025-03-16,17,5.8,7.0412225
2025-03-16,18,14.88,11.927614949999999
2025-03-16,19,11.29,16.4393653
2025-03-16,2,8.96,20.183244799999997
2025-03-16,20,7.81,17.0597175
2025-03-16,21,18.4,26.14951565
2025-03-16,22,11.032,26.8957558
2025-03-16,23,9.372,23.352574999999998
2025-03-16,24,8.588,23.2153468
2025-03-16,25,11.12,17.19279185
2025-03-16,26,14.76,14.466327
2025-03-16,27,13.08,11.62622605
2025-03-16,28,12.032,13.148905449999999
2025-03-16,29,18.24,21.365234700000002
2025-03-16,3,20.2,23.259967
2025-03-16,30,10.232,18.617825
2025-03-16,31,24.16,29.15212545
2025-03-16,32,26.424,39.910166450000006
2025-03-16,33,13.728,18.21488025
2025-03-16,34,12.96,14.109122775000001
2025-03-16,35,19.868,20.785814549999998
2025-03-16,36,16.104,10.603894050000001
2025-03-16,37,22.68,41.2414423
2025-03-16,38,8.32,13.9996862
2025-03-16,39,14.32,15.178926500000001
2025-03-16,4,10.264,41.2498577
2025-03-16,5,12.64,9.1865707
2025-03-16,6,20.708,26.805104550000003
2025-03-16,7,30.428,25.0041268
2025-03-16,8,30.448,24.80550325
2025-03-16,9,22.372,23.0176957
2025-03-17,1,6.258,12.1269356
2025-03-17,10,21.948,24.9384589
2025-03-17,11,20.9,19.9579022
2025-03-17,12,9.05,10.46930055
2025-03-17,13,10.772,28.6729413
2025-03-17,14,25.1,26.388696600000003
2025-03-17,15,24.58,27.03261545
2025-03-17,16,35.732,34.623157
2025-03-17,17,5.97,6.371791625
2025-03-17,18,10.8628,12.04532235
2025-03-17,19,17.18,15.211754849999998
2025-03-17,2,20.856,21.53360155
2025-03-17,20,10.38,16.846259500000002
2025-03-17,21,19.336,27.373213
2025-03-17,22,16.632,24.3363029
2025-03-17,23,28.088,22.83310635
2025-03-17,24,10.6,23.1109167
2025-03-17,25,11.308,16.5737861
2025-03-17,26,13.308,12.9614075
2025-03-17,27,5.1,11.39157235
2025-03-17,28,9.228,14.1159607
2025-03-17,29,20.932,22.2434608
2025-03-17,3,18.768,23.34811295
2025-03-17,30,16.976,17.682184
2025-03-17,31,29.311,27.898878950000004
2025-03-17,32,32.2628,39.81260055
2025-03-17,33,20.411,18.12613365
2025-03-17,34,10.132,13.365748
2025-03-17,35,6.112,19.6402134
2025-03-17,36,8.028,9.973540199999999
2025-03-17,37,47.711,40.8924147
2025-03-17,38,12.66,13.964786199999999
2025-03-17,39,16.832,14.685677349999999
2025-03-17,4,13.5428,41.4396948
2025-03-17,5,2.812,8.36892565
2025-03-17,6,13.8228,29.42654345
2025-03-17,7,23.576,24.78452795
2025-03-17,8,19.572,24.8248182
2025-03-17,9,10.736,22.647555750000002
2025-03-18,1,5.2628,11.688291549999999
2025-03-18,10,28.011,23.863013549999998
2025-03-18,11,12.18,19.56082695
2025-03-18,12,7.11,10.0489596
2025-03-18,13,10.428,27.05921455
2025-03-18,14,23.288,25.430355750000004
2025-03-18,15,14.08,26.973542849999998
2025-03-18,16,42.368,34.7476097
2025-03-18,17,2.59,5.75270373
2025-03-18,18,16.256,12.46211285
2025-03-18,19,10.08,14.071432425
2025-03-18,2,10.6628,21.00952145
2025-03-18,20,12.19,15.6055767
2025-03-18,21,25.211,26.584412200000003
2025-03-18,22,12.268,21.27062475
2025-03-18,23,22.328,20.048172
2025-03-18,24,18.8228,21.0958911
2025-03-18,25,6.78,15.960207200000001
2025-03-18,26,9.28,12.24198135
2025-03-18,27,8.92,11.062919149999999
2025-03-18,28,10.48,13.6087347
2025-03-18,29,20.508,21.8160839
2025-03-18,3,19.428,22.431490950000004
2025-03-18,30,6.104,16.4376566
2025-03-18,31,20.392,26.606088
2025-03-18,32,30.76,37.6208707
2025-03-18,33,13.948,18.6749584
2025-03-18,34,5.692,12.77138305
2025-03-18,35,20.288,19.322222399999998
2025-03-18,36,9.28,9.955292400000001
2025-03-18,37,14.64,37.9179775
2025-03-18,38,10.01,12.587375849999999
2025-03-18,39,21.0,14.31678685
2025-03-18,4,11.24,38.11197010000001
2025-03-18,5,1.254,8.269044075
2025-03-18,6,35.56,28.858895849999996
2025-03-18,7,26.624,24.8396119
2025-03-18,8,27.092,25.103703000000003
2025-03-18,9,19.584,22.08031495
2025-03-19,1,14.28,11.727570349999999
2025-03-19,10,21.532,24.753902949999997
2025-03-19,11,19.28,20.303546249999997
2025-03-19,12,9.01,10.397257150000002
2025-03-19,13,13.52,26.83579415
2025-03-19,14,23.864,25.7243445
2025-03-19,15,32.792,27.115119749999998
2025-03-19,16,44.86,35.16574745
2025-03-19,17,1.14,5.936275525
2025-03-19,18,9.102,13.585457325
2025-03-19,19,18.22,14.79235195
2025-03-19,2,19.296,21.0564624
2025-03-19,20,7.84,14.47467305
2025-03-19,21,27.3,26.3507465
2025-03-19,22,29.528,20.86918395
2025-03-19,23,19.464,20.2165173
2025-03-19,24,11.008,19.613971900000003
2025-03-19,25,26.26,15.840129750000001
2025-03-19,26,22.552,13.080997
2025-03-19,27,17.22,10.9272261
2025-03-19,28,17.66,13.4235586
2025-03-19,29,20.984,22.200677050000003
2025-03-19,3,28.24,22.675311899999997
2025-03-19,30,10.296,16.82243565
2025-03-19,31,28.0,27.433226050000002
2025-03-19,32,27.56,37.66801045
2025-03-19,33,16.811,19.550608250000003
2025-03-19,34,16.828,13.46998155
2025-03-19,35,12.292,18.81888305
2025-03-19,36,17.656,10.5009268
2025-03-19,37,28.428,37.6120459
2025-03-19,38,3.628,12.666755049999999
2025-03-19,39,14.16,15.3077133
2025-03-19,4,13.92,34.083134599999994
2025-03-19,5,2.148,8.38168847
2025-03-19,6,41.568,28.344762250000002
2025-03-19,7,28.96,25.84551415
2025-03-19,8,16.812,26.394789199999998
2025-03-19,9,17.388,21.59681145
2025-03-20,1,7.12,10.894698375
2025-03-20,10,23.416,25.92434485
2025-03-20,11,11.0,19.641187950000003
2025-03-20,12,13.79,10.264014575
2025-03-20,13,18.108,23.732616450000002
2025-03-20,14,24.56,26.83171015
2025-03-20,15,24.568,27.149057749999997
2025-03-20,16,43.48,37.318258
2025-03-20,17,10.72,5.39129825
2025-03-20,18,4.96,14.371473875
2025-03-20,19,12.74,15.025752149999999
2025-03-20,2,16.432,20.74103445
2025-03-20,20,18.01,13.89891765
2025-03-20,21,11.808,26.51998425
2025-03-20,22,25.368,20.332605450000003
2025-03-20,23,22.228,21.79293235
2025-03-20,24,17.0,19.94064065
2025-03-20,25,16.74,14.666904425000002
2025-03-20,26,14.86,12.903873249999998
2025-03-20,27,10.032,10.684863200000002
2025-03-20,28,14.132,13.005371150000002
2025-03-20,29,14.388,22.839927949999996
2025-03-20,3,19.86,22.9080209
2025-03-20,30,8.752,16.57561415
2025-03-20,31,28.072,28.24864815
2025-03-20,32,33.312,38.14535125
2025-03-20,33,18.06,19.5199139
2025-03-20,34,23.028,12.30465855
2025-03-20,35,5.24,19.28121425
2025-03-20,36,17.252,10.461997700000001
2025-03-20,37,16.368,38.489750099999995
2025-03-20,38,10.09,12.65975935
2025-03-20,39,10.936,16.71404305
2025-03-20,4,12.624,31.7631365
2025-03-20,5,10.668,7.7673109
2025-03-20,6,25.26,29.0048136
2025-03-20,7,24.24,27.387644249999997
2025-03-20,8,25.132,27.07102365
2025-03-20,9,19.828,21.87996735
2025-03-21,1,5.48,10.51472615
2025-03-21,10,36.172,24.85494255
2025-03-21,11,13.892,18.751585400000003
2025-03-21,12,8.97,9.5176116
2025-03-21,13,19.472,20.32023225
2025-03-21,14,27.828,25.329453049999998
2025-03-21,15,16.911,25.2833612
2025-03-21,16,41.972,37.63107505
2025-03-21,17,1.31,4.8053133
2025-03-21,18,18.832,13.413275299999999
2025-03-21,19,20.228,14.864271050000001
2025-03-21,2,26.328,19.933066699999998
2025-03-21,20,19.68,12.4352115
2025-03-21,21,28.632,25.9392538
2025-03-21,22,14.911,19.768733949999998
2025-03-21,23,21.052,20.67802425
2025-03-21,24,17.56,18.92425665
2025-03-21,25,18.752,15.176652975
2025-03-21,26,12.932,13.64250325
2025-03-21,27,10.52,10.983812625
2025-03-21,28,8.368,12.77580325
2025-03-21,29,21.16,21.7408526
2025-03-21,3,18.452,22.346547450000003
2025-03-21,30,16.248,14.459352849999998
2025-03-21,31,38.936,26.4994609
2025-03-21,32,38.911,34.9721622
2025-03-21,33,29.688,18.31526175
2025-03-21,34,12.172,12.40481945
2025-03-21,35,30.108,17.6510795
2025-03-21,36,6.732,11.1647009
2025-03-21,37,24.208,34.063017849999994
2025-03-21,38,11.29,11.391995900000001
2025-03-21,39,10.424,16.5670607
2025-03-21,4,14.2228,26.35041535
2025-03-21,5,10.904,6.8601316400000005
2025-03-21,6,12.98,29.026644000000005
2025-03-21,7,25.488,26.043877900000002
2025-03-21,8,33.02,25.25845495
2025-03-21,9,20.52,19.85962855
2025-03-22,1,16.068,9.8378739
2025-03-22,10,24.092,24.32418625
2025-03-22,11,12.0,17.0989528
2025-03-22,12,4.23,9.6176169
2025-03-22,13,11.792,19.609342
2025-03-22,14,24.852,24.4759494
2025-03-22,15,26.376,25.29845915
2025-03-22,16,33.12,37.7803165
2025-03-22,17,9.02,4.88489763
2025-03-22,18,17.936,11.65080795
2025-03-22,19,23.2,14.1322452
2025-03-22,2,14.288,19.8457426
2025-03-22,20,10.93,12.549975325
2025-03-22,21,27.592,24.10860755
2025-03-22,22,20.432,20.865983149999998
2025-03-22,23,22.64,20.166944
2025-03-22,24,24.02,18.2875637
2025-03-22,25,9.808,15.44518995
2025-03-22,26,13.308,13.9286491
2025-03-22,27,21.928,10.6808347
2025-03-22,28,7.66,13.40329745
2025-03-22,29,18.572,20.43012325
2025-03-22,3,10.736,22.089366650000002
2025-03-22,30,12.832,13.5770895
2025-03-22,31,28.128,26.480430849999998
2025-03-22,32,28.952,32.4194144
2025-03-22,33,27.024,17.55466925
2025-03-22,34,13.732,13.7566481
2025-03-22,35,46.464,15.1093193
2025-03-22,36,8.828,12.0771507
2025-03-22,37,24.336,30.28395105
2025-03-22,38,17.59,10.612713325
2025-03-22,39,12.0,15.405412250000001
2025-03-22,4,20.72,22.362663750000003
2025-03-22,5,11.536,6.983542075
2025-03-22,6,43.712,28.563694899999998
2025-03-22,7,31.92,25.28995535
2025-03-22,8,18.648,24.109001900000003
2025-03-22,9,17.868,19.9195934
2025-03-23,1,21.012,9.014488499999999
2025-03-23,10,17.176,24.807367300000003
2025-03-23,11,28.52,16.096648300000002
2025-03-23,12,3.17,9.58931425
2025-03-23,13,6.176,19.163693199999997
2025-03-23,14,19.6,23.860104200000002
2025-03-23,15,10.4228,23.558856499999997
2025-03-23,16,58.248,37.791124749999994
2025-03-23,17,6.81,4.7065529
2025-03-23,18,14.04,11.638155425
2025-03-23,19,8.55,14.7240912
2025-03-23,2,21.088,19.986272449999998
2025-03-23,20,10.39,13.579255450000002
2025-03-23,21,19.648,23.175588349999998
2025-03-23,22,12.168,20.088506199999998
2025-03-23,23,22.008,20.13333485
2025-03-23,24,12.24,18.34516625
2025-03-23,25,22.4,15.90184725
2025-03-23,26,10.372,13.5826426
2025-03-23,27,9.28,10.48642095
2025-03-23,28,6.48,12.3761662
2025-03-23,29,17.296,20.02500775
2025-03-23,3,19.392,21.290997349999998
2025-03-23,30,0.0,12.9606925
2025-03-23,31,18.888,26.76832955
2025-03-23,32,33.192,31.492222
2025-03-23,33,30.468,18.525998299999998
2025-03-23,34,10.168,14.39432695
2025-03-23,35,21.28,15.8570617
2025-03-23,36,13.412,11.28523015
2025-03-23,37,25.8,27.51619385
2025-03-23,38,10.42,10.32222305
2025-03-23,39,11.088,14.2084598
2025-03-23,4,22.632,21.198955150000003
2025-03-23,5,2.9028,7.367342345
2025-03-23,6,53.96,26.2902853
2025-03-23,7,28.288,24.870157499999998
2025-03-23,8,20.311,24.5892003
2025-03-23,9,20.12,19.92225105
2025-03-24,1,9.376,9.1407499
2025-03-24,10,37.132,25.29680485
2025-03-24,11,20.948,15.2106943
2025-03-24,12,10.05,8.4472732
2025-03-24,13,19.3028,18.23270755
2025-03-24,14,25.248,24.0311111
2025-03-24,15,37.828,23.8394453
2025-03-24,16,33.08,38.356577200000004
2025-03-24,17,6.32,4.725991885
2025-03-24,18,16.8628,12.27729315
2025-03-24,19,19.42,15.346343875
2025-03-24,2,10.5828,20.085564050000002
2025-03-24,20,14.73,13.2688199
2025-03-24,21,24.18,23.99284705
2025-03-24,22,8.192,18.8947125
2025-03-24,23,30.58,20.074432799999997
2025-03-24,24,20.868,18.6640647
2025-03-24,25,18.82,14.59196295
2025-03-24,26,10.76,12.3549243
2025-03-24,27,10.232,11.33208845
2025-03-24,28,11.892,11.137403449999999
2025-03-24,29,20.8628,19.7234013
2025-03-24,3,17.072,19.26871515
2025-03-24,30,11.16,12.5100553
2025-03-24,31,38.102,27.7428027
2025-03-24,32,39.008,32.1550286
2025-03-24,33,16.46,20.17597305
2025-03-24,34,8.968,13.3600936
2025-03-24,35,17.576,20.28842855
2025-03-24,36,9.412,10.084305399999998
2025-03-24,37,24.8628,26.585548449999997
2025-03-24,38,9.63,10.5810842
2025-03-24,39,10.672,13.07444855
2025-03-24,4,60.36,20.55872145
2025-03-24,5,1.176,7.4225340950000005
2025-03-24,6,29.6,27.27277685
2025-03-24,7,29.696,25.39537335
2025-03-24,8,19.232,24.084216150000003
2025-03-24,9,20.6,19.27941775
2025-03-25,1,8.72,11.098961500000001
2025-03-25,10,24.52,24.27722825
2025-03-25,11,12.532,16.56926465
2025-03-25,12,4.028,7.952393450000001
2025-03-25,13,14.576,16.310877750000003
2025-03-25,14,24.96,23.4983919
2025-03-25,15,31.412,22.7749815
2025-03-25,16,53.22,38.7434052
2025-03-25,17,3.75,5.0202694349999994
2025-03-25,18,21.16,13.395504299999999
2025-03-25,19,9.99,14.872007749999998
2025-03-25,2,10.736,20.1842637
2025-03-25,20,11.36,12.63228155
2025-03-25,21,38.08,23.7719692
2025-03-25,22,9.536,17.6206144
2025-03-25,23,10.96,20.13553555
2025-03-25,24,8.12,18.158451499999998
2025-03-25,25,17.628,15.27648145
2025-03-25,26,2.228,12.037671750000001
2025-03-25,27,8.08,12.005817450000002
2025-03-25,28,10.656,10.357932349999999
2025-03-25,29,21.136,19.54162925
2025-03-25,3,21.258,18.560370499999998
2025-03-25,30,14.94,11.15249265
2025-03-25,31,35.112,26.85233355
2025-03-25,32,35.392,31.37145675
2025-03-25,33,10.76,21.33221875
2025-03-25,34,20.2228,13.28801355
2025-03-25,35,11.572,22.53976805
2025-03-25,36,7.76,10.271316249999998
2025-03-25,37,30.432,26.0324192
2025-03-25,38,11.17,11.183298675
2025-03-25,39,13.52,13.09043845
2025-03-25,4,49.28,20.4968717
2025-03-25,5,1.112,7.3346979349999994
2025-03-25,6,21.28,28.97852485
2025-03-25,7,29.872,26.331251
2025-03-25,8,27.908,23.4384501
2025-03-25,9,23.2,19.6457057
2025-03-26,1,8.1828,12.1025335
2025-03-26,10,21.52,25.4352962
2025-03-26,11,19.536,18.7415246
2025-03-26,12,5.18,8.220423
2025-03-26,13,17.511,15.9657578
2025-03-26,14,25.12,24.15134285
2025-03-26,15,23.088,23.7217873
2025-03-26,16,43.4,41.0390035
2025-03-26,17,6.3,5.31229567
2025-03-26,18,9.288,14.697058550000001
2025-03-26,19,21.82,15.4995485
2025-03-26,2,8.128,20.22251325
2025-03-26,20,8.56,12.84106965
2025-03-26,21,26.86,24.0746759
2025-03-26,22,13.911,16.37835475
2025-03-26,23,22.292,22.414083599999998
2025-03-26,24,22.104,18.46545415
2025-03-26,25,12.011,16.6429289
2025-03-26,26,10.908,12.1677175
2025-03-26,27,22.568,11.958535900000001
2025-03-26,28,8.311,10.54017045
2025-03-26,29,17.0628,20.0791539
2025-03-26,3,22.528,19.213891150000002
2025-03-26,30,0.588,11.0790838
2025-03-26,31,21.872,27.97743045
2025-03-26,32,25.872,33.298370399999996
2025-03-26,33,9.568,22.359143500000002
2025-03-26,34,13.8,13.4816988
2025-03-26,35,33.668,22.160984650000003
2025-03-26,36,17.024,10.63911775
2025-03-26,37,20.648,27.245032799999997
2025-03-26,38,10.69,11.4156793
2025-03-26,39,24.68,13.383745075
2025-03-26,4,57.744,24.223778
2025-03-26,5,1.112,6.991639805
2025-03-26,6,26.28,31.25162655
2025-03-26,7,24.6628,27.44064335
2025-03-26,8,12.068,23.583539299999998
2025-03-26,9,20.744,20.20983425
2025-03-27,1,7.536,12.0558157
2025-03-27,10,20.96,26.895989200000002
2025-03-27,11,11.6228,18.2516339
2025-03-27,12,7.72,8.1868137
2025-03-27,13,13.46,15.9913109
2025-03-27,14,27.06,25.15818295
2025-03-27,15,25.832,25.556621200000002
2025-03-27,16,46.492,42.7709127
2025-03-27,17,2.95,5.163842915
2025-03-27,18,10.808,16.6189834
2025-03-27,19,12.67,15.09052685
2025-03-27,2,12.008,18.410932999999996
2025-03-27,20,19.4,13.4083776
2025-03-27,21,11.088,25.8704119
2025-03-27,22,12.608,15.24928685
2025-03-27,23,33.448,22.26210905
2025-03-27,24,19.028,17.809867450000002
2025-03-27,25,12.0,17.216936
2025-03-27,26,4.92,11.2306071
2025-03-27,27,8.711,11.76312285
2025-03-27,28,26.1,11.00061385
2025-03-27,29,20.608,20.52882245
2025-03-27,3,17.18,19.89639735
2025-03-27,30,10.028,11.617891475
2025-03-27,31,31.392,29.853918899999996
2025-03-27,32,39.696,35.25596575
2025-03-27,33,14.9428,20.6509998
2025-03-27,34,13.016,14.060734349999999
2025-03-27,35,27.36,21.47724445
2025-03-27,36,9.288,10.5585704
2025-03-27,37,27.96,26.840659799999997
2025-03-27,38,10.29,11.49467165
2025-03-27,39,11.0,13.88090705
2025-03-27,4,48.896,28.921821450000003
2025-03-27,5,8.568,6.414698759999999
2025-03-27,6,53.808,30.905569749999998
2025-03-27,7,26.216,28.330102850000003
2025-03-27,8,19.952,24.5291053
2025-03-27,9,24.976,21.1435228
2025-03-28,1,22.08,11.469066699999999
2025-03-28,10,25.028,26.40396595
2025-03-28,11,23.288,18.1384889
2025-03-28,12,10.628,7.68397805
2025-03-28,13,14.652,15.78275785
2025-03-28,14,22.068,25.046948999999998
2025-03-28,15,35.528,25.76596835
2025-03-28,16,41.628,44.312130999999994
2025-03-28,17,10.528,5.017985615000001
2025-03-28,18,27.652,16.160769
2025-03-28,19,17.96,15.9575269
2025-03-28,2,28.248,17.20821245
2025-03-28,20,16.01,12.82704695
2025-03-28,21,38.311,27.11833525
2025-03-28,22,20.172,15.172435099999998
2025-03-28,23,28.711,21.489432649999998
2025-03-28,24,37.76,17.788816599999997
2025-03-28,25,22.92,17.469818800000002
2025-03-28,26,18.48,10.993821950000001
2025-03-28,27,16.328,13.0839289
2025-03-28,28,18.012,10.8102495
2025-03-28,29,22.6,20.256742449999997
2025-03-28,3,28.4,20.90321245
2025-03-28,30,6.624,10.56778995
2025-03-28,31,36.776,29.584198799999996
2025-03-28,32,39.264,33.53232225
2025-03-28,33,21.2,18.081946249999998
2025-03-28,34,18.692,14.708042250000002
2025-03-28,35,17.252,21.81094065
2025-03-28,36,17.16,11.3624145
2025-03-28,37,25.88,26.2278144
2025-03-28,38,14.56,11.22330135
2025-03-28,39,20.32,15.312834200000001
2025-03-28,4,36.272,32.5916113
2025-03-28,5,8.488,5.782584705
2025-03-28,6,22.96,30.37095355
2025-03-28,7,26.768,28.0122991
2025-03-28,8,20.26,23.47479465
2025-03-28,9,16.192,21.205250149999998
2025-03-29,1,6.984,10.527641599999999
2025-03-29,10,25.612,24.63487945
2025-03-29,11,31.072,16.7622204
2025-03-29,12,5.73,7.482492280000001
2025-03-29,13,17.776,15.2193668
2025-03-29,14,31.9028,24.2394665
2025-03-29,15,24.228,24.6423236
2025-03-29,16,50.62,41.856374200000005
2025-03-29,17,1.28,5.0481905000000005
2025-03-29,18,6.12,14.59881145
2025-03-29,19,10.42,15.3978903
2025-03-29,2,31.168,15.641338750000001
2025-03-29,20,12.828,13.3484704
2025-03-29,21,28.7,23.9051194
2025-03-29,22,22.18,14.662835625
2025-03-29,23,12.028,21.675658749999997
2025-03-29,24,17.188,17.93206405
2025-03-29,25,14.668,15.808706449999999
2025-03-29,26,16.104,9.9564305
2025-03-29,27,13.048,12.7178893
2025-03-29,28,20.412,12.25322205
2025-03-29,29,21.98,19.237516149999998
2025-03-29,3,26.452,20.09353055
2025-03-29,30,19.168,10.063714749999999
2025-03-29,31,21.096,27.89481765
2025-03-29,32,27.0,31.464833499999997
2025-03-29,33,11.008,16.15247075
2025-03-29,34,18.3,14.943749350000001
2025-03-29,35,21.92,21.89432
2025-03-29,36,14.11,11.12003625
2025-03-29,37,29.264,24.5054515
2025-03-29,38,10.5,10.88257655
2025-03-29,39,13.336,14.9886772
2025-03-29,4,59.16,33.53327195
2025-03-29,5,9.12,6.02413472
2025-03-29,6,57.56,30.37116955
2025-03-29,7,27.776,26.2285339
2025-03-29,8,25.492,21.67295335
2025-03-29,9,19.02,21.033066849999997
2025-03-30,1,10.468,11.56840105
2025-03-30,10,11.568,24.9394278
2025-03-30,11,13.968,17.3900358
2025-03-30,12,4.39,7.541827175
2025-03-30,13,5.352,14.994932550000001
2025-03-30,14,30.048,23.849251350000003
2025-03-30,15,7.36,24.86749415
2025-03-30,16,33.86,41.16967
2025-03-30,17,6.59,5.52865489
2025-03-30,18,3.22,16.09630045
2025-03-30,19,6.95,15.815612349999999
2025-03-30,2,30.88,17.20043875
2025-03-30,20,5.9,14.2450337
2025-03-30,21,17.88,24.2509932
2025-03-30,22,10.8,15.02160475
2025-03-30,23,14.652,22.84800095
2025-03-30,24,13.62,20.65316385
2025-03-30,25,14.22,16.2830708
2025-03-30,26,3.568,10.74089005
2025-03-30,27,16.104,12.790698275
2025-03-30,28,5.911,13.41819165
2025-03-30,29,13.492,19.9042288
2025-03-30,3,10.896,20.84820295
2025-03-30,30,18.392,9.925582799999999
2025-03-30,31,23.192,28.8154004
2025-03-30,32,28.56,32.1385897
2025-03-30,33,7.272,16.79302495
2025-03-30,34,6.432,15.44799915
2025-03-30,35,10.548,21.9384722
2025-03-30,36,7.32,11.46438135
2025-03-30,37,19.2,24.566562899999997
2025-03-30,38,8.49,11.33469445
2025-03-30,39,13.102,15.36382335
2025-03-30,4,31.102,34.5525615
2025-03-30,5,1.412,6.464585420000001
2025-03-30,6,35.928,30.2525239
2025-03-30,7,26.76,25.82491215
2025-03-30,8,24.776,21.6705121
2025-03-30,9,18.811,20.898956849999998
2025-03-31,1,10.38,11.74856475
2025-03-31,10,18.488,25.022691549999998
2025-03-31,11,14.208,19.749233
2025-03-31,12,12.15,7.123135335000001
2025-03-31,13,12.88,15.061511199999998
2025-03-31,14,25.808,24.83582285
2025-03-31,15,16.58,26.02465365
2025-03-31,16,17.2,41.13378515000001
2025-03-31,17,1.86,5.486597250000001
2025-03-31,18,2.52,15.7687493
2025-03-31,19,14.53,15.323076949999999
2025-03-31,2,14.296,19.74925215
2025-03-31,20,11.52,14.4962555
2025-03-31,21,28.411,26.038423299999998
2025-03-31,22,8.992,16.2605209
2025-03-31,23,21.708,22.50709235
2025-03-31,24,6.928,22.064064899999998
2025-03-31,25,11.128,16.1011179
2025-03-31,26,12.28,11.47893415
2025-03-31,27,10.258,13.18229435
2025-03-31,28,10.688,14.2885744
2025-03-31,29,10.288,20.63581795
2025-03-31,3,20.68,21.79400915
2025-03-31,30,0.428,10.88342385
2025-03-31,31,11.76,28.90707755
2025-03-31,32,26.6,32.03557435
2025-03-31,33,8.056,16.8466177
2025-03-31,34,16.608,15.51053245
2025-03-31,35,11.1828,22.8179186
2025-03-31,36,8.76,11.81458545
2025-03-31,37,27.232,25.18611935
2025-03-31,38,9.12,11.4556285
2025-03-31,39,19.028,15.387861000000001
2025-03-31,4,31.52,38.4852721
2025-03-31,5,2.148,6.852606925
2025-03-31,6,53.9,31.83816065
2025-03-31,7,8.568,26.55742665
2025-03-31,8,11.28,21.80330185
2025-03-31,9,22.828,20.53267905
2025-04-01,1,12.232,11.349228700000001
2025-04-01,10,16.052,23.05665535
2025-04-01,11,27.432,20.57015895
2025-04-01,12,8.32,6.2916268
2025-04-01,13,17.088,13.3036681
2025-04-01,14,31.264,25.5878163
2025-04-01,15,30.18,23.309617199999998
2025-04-01,16,38.452,42.2064805
2025-04-01,17,5.37,5.2042781
2025-04-01,18,12.98,13.400176300000002
2025-04-01,19,3.9,13.3849036
2025-04-01,2,29.0,22.386338600000002
2025-04-01,20,10.49,13.1357888
2025-04-01,21,29.168,25.22374015
2025-04-01,22,9.428,15.3852589
2025-04-01,23,7.628,20.7317393
2025-04-01,24,27.411,20.53476235
2025-04-01,25,11.311,15.71346015
2025-04-01,26,22.688,10.26225155
2025-04-01,27,13.028,13.1907323
2025-04-01,28,11.6,12.86431215
2025-04-01,29,19.272,19.6646262
2025-04-01,3,11.12,20.636677900000002
2025-04-01,30,14.228,11.698601099999998
2025-04-01,31,12.424,26.88438305
2025-04-01,32,31.568,31.0664716
2025-04-01,33,8.092,15.15107405
2025-04-01,34,8.768,14.185091
2025-04-01,35,20.12,20.962725649999996
2025-04-01,36,8.888,10.939873550000002
2025-04-01,37,25.4628,24.6863615
2025-04-01,38,13.34,10.701790899999999
2025-04-01,39,13.992,14.674335
2025-04-01,4,50.328,40.6615402
2025-04-01,5,8.1828,6.22632555
2025-04-01,6,10.86,34.4371284
2025-04-01,7,31.9428,26.57881555
2025-04-01,8,21.211,22.10377865
2025-04-01,9,13.736,20.25358345
2025-04-02,1,6.508,11.1389809
2025-04-02,10,22.132,22.3772925
2025-04-02,11,16.76,19.75686765
2025-04-02,12,7.08,6.81928016
2025-04-02,13,10.952,13.07934525
2025-04-02,14,24.496,26.25763965
2025-04-02,15,44.26,22.2364655
2025-04-02,16,26.456,38.87714315
2025-04-02,17,1.23,5.042825325
2025-04-02,18,19.06,11.59880195
2025-04-02,19,10.3,13.30944125
2025-04-02,2,30.028,22.358058749999998
2025-04-02,20,13.6,12.636778549999999
2025-04-02,21,23.568,24.9152792
2025-04-02,22,9.892,13.82308845
2025-04-02,23,21.64,21.09733205
2025-04-02,24,23.88,18.5747548
2025-04-02,25,20.58,15.342791825
2025-04-02,26,9.36,9.93538555
2025-04-02,27,13.652,12.949265050000001
2025-04-02,28,6.12,12.107304800000001
2025-04-02,29,19.656,18.1962335
2025-04-02,3,18.76,20.041166699999998
2025-04-02,30,10.2528,10.91890725
2025-04-02,31,11.576,25.543308550000003
2025-04-02,32,24.872,31.040907849999996
2025-04-02,33,8.028,13.448907949999999
2025-04-02,34,13.312,13.812528499999999
2025-04-02,35,17.336,18.747479650000002
2025-04-02,36,11.692,10.37262635
2025-04-02,37,31.456,24.7491997
2025-04-02,38,10.37,10.3298477
2025-04-02,39,14.088,15.206812550000002
2025-04-02,4,20.696,41.623075
2025-04-02,5,8.6,5.94530275
2025-04-02,6,27.732,36.1183595
2025-04-02,7,28.32,24.91780155
2025-04-02,8,28.78,21.02566865
2025-04-02,9,20.6228,20.901158000000002
2025-04-03,1,12.972,10.73681015
2025-04-03,10,22.296,21.448850049999997
2025-04-03,11,12.52,19.9050976
2025-04-03,12,3.99,6.923348095000001
2025-04-03,13,17.432,13.3429337
2025-04-03,14,20.852,26.764252499999998
2025-04-03,15,17.98,22.67382705
2025-04-03,16,35.664,37.173375199999995
2025-04-03,17,4.87,4.647740499999999
2025-04-03,18,2.528,11.112170299999999
2025-04-03,19,6.52,11.855007149999999
2025-04-03,2,17.52,22.557605549999998
2025-04-03,20,4.7,12.16885
2025-04-03,21,24.544,26.030698
2025-04-03,22,5.456,12.19353055
2025-04-03,23,4.48,18.821607399999998
2025-04-03,24,25.248,18.5053708
2025-04-03,25,17.88,14.552102949999998
2025-04-03,26,10.64,10.912652
2025-04-03,27,7.788,12.37259615
2025-04-03,28,5.711,11.6570398
2025-04-03,29,14.4,17.634565600000002
2025-04-03,3,18.6,18.902784599999997
2025-04-03,30,0.0,10.78449015
2025-04-03,31,31.384,23.193636750000003
2025-04-03,32,29.32,31.2311677
2025-04-03,33,19.812,11.60163015
2025-04-03,34,11.688,13.386661499999999
2025-04-03,35,17.56,17.92135085
2025-04-03,36,11.932,9.65929915
2025-04-03,37,26.024,25.2055346
2025-04-03,38,7.72,10.344763399999998
2025-04-03,39,13.552,15.147072699999999
2025-04-03,4,45.168,42.47534455
2025-04-03,5,3.228,5.89683558
2025-04-03,6,43.2,34.95485575
2025-04-03,7,24.216,24.313435750000004
2025-04-03,8,11.888,20.8691355
2025-04-03,9,18.708,20.2666504
2025-04-04,1,14.64,10.14831435
2025-04-04,10,19.232,21.274742500000002
2025-04-04,11,20.128,20.035338
2025-04-04,12,10.59,7.066946059999999
2025-04-04,13,11.812,13.2819823
2025-04-04,14,25.972,26.9656842
2025-04-04,15,33.06,25.221242150000002
2025-04-04,16,22.52,35.71430195000001
2025-04-04,17,1.13,4.3639015
2025-04-04,18,13.628,12.19452125
2025-04-04,19,13.528,11.4401598
2025-04-04,2,25.056,23.6146782
2025-04-04,20,11.19,11.93121015
2025-04-04,21,23.32,26.5925083
2025-04-04,22,7.711,11.5182689
2025-04-04,23,23.472,18.3723339
2025-04-04,24,14.711,20.35969915
2025-04-04,25,11.7,14.944053449999998
2025-04-04,26,13.102,11.361611100000001
2025-04-04,27,8.12,12.801801600000001
2025-04-04,28,5.928,10.99674525
2025-04-04,29,19.28,17.932920199999998
2025-04-04,3,17.672,18.720093300000002
2025-04-04,30,6.412,10.8889609
2025-04-04,31,30.8,20.545119
2025-04-04,32,27.016,30.163365749999997
2025-04-04,33,12.11,10.4279636
2025-04-04,34,21.532,13.228779150000001
2025-04-04,35,12.411,18.739797799999998
2025-04-04,36,9.2,9.92153215
2025-04-04,37,42.288,25.8221456
2025-04-04,38,14.11,10.4310012
2025-04-04,39,10.36,15.3997072
2025-04-04,4,28.32,42.421169750000004
2025-04-04,5,9.628,6.313468454999999
2025-04-04,6,50.308,31.1434012
2025-04-04,7,25.288,25.054848749999998
2025-04-04,8,26.112,21.70871115
2025-04-04,9,17.1,19.847429149999996
2025-04-05,1,6.068,10.25863275
2025-04-05,10,24.512,21.3461664
2025-04-05,11,12.384,18.269923
2025-04-05,12,4.7,6.960818495
2025-04-05,13,18.772,13.65011575
2025-04-05,14,20.08,25.857559549999998
2025-04-05,15,17.258,25.40557685
2025-04-05,16,35.908,33.5734127
2025-04-05,17,5.07,4.28217471
2025-04-05,18,20.252,11.465814899999998
2025-04-05,19,14.6,10.6272908
2025-04-05,2,14.9428,22.68278665
2025-04-05,20,17.72,11.176980725
2025-04-05,21,27.52,24.628197399999998
2025-04-05,22,5.3,10.620736149999999
2025-04-05,23,11.048,17.1476052
2025-04-05,24,10.748,20.9919684
2025-04-05,25,8.272,15.307174900000001
2025-04-05,26,16.02,11.1609437
2025-04-05,27,8.911,12.088107675
2025-04-05,28,17.428,10.5946572
2025-04-05,29,21.511,17.631635
2025-04-05,3,10.952,18.639670000000002
2025-04-05,30,8.6,9.689456100000001
2025-04-05,31,23.92,20.91603025
2025-04-05,32,25.208,29.0948699
2025-04-05,33,7.748,10.9463198
2025-04-05,34,8.172,13.0769838
2025-04-05,35,14.26,18.8258042
2025-04-05,36,8.496,10.21630275
2025-04-05,37,14.232,26.0511539
2025-04-05,38,10.57,10.367552499999999
2025-04-05,39,9.788,14.9702326
2025-04-05,4,42.4,38.79418595
2025-04-05,5,4.48,6.268664055
2025-04-05,6,19.94,31.644970450000002
2025-04-05,7,18.612,24.855899049999998
2025-04-05,8,25.6,20.662917450000002
2025-04-05,9,18.72,19.91511885
2025-04-06,1,7.2,10.9789548
2025-04-06,10,19.612,21.35410525
2025-04-06,11,17.988,18.1343694
2025-04-06,12,4.828,7.077783490000001
2025-04-06,13,18.28,13.24287525
2025-04-06,14,22.16,24.44107745
2025-04-06,15,23.0,25.2875302
2025-04-06,16,27.1,31.131234650000003
2025-04-06,17,1.31,3.92734495
2025-04-06,18,14.68,11.64314025
2025-04-06,19,11.11,10.6714023
2025-04-06,2,19.616,22.8490464
2025-04-06,20,13.88,10.6816156
2025-04-06,21,24.488,24.58929645
2025-04-06,22,3.728,10.02027165
2025-04-06,23,12.332,17.131685
2025-04-06,24,5.748,21.418667149999997
2025-04-06,25,14.2,15.0100518
2025-04-06,26,11.38,11.4863182
2025-04-06,27,13.64,11.11017835
2025-04-06,28,12.732,9.66448305
2025-04-06,29,20.048,17.7505273
2025-04-06,3,17.328,18.71858405
2025-04-06,30,0.211,8.911719995
2025-04-06,31,26.428,22.887496300000002
2025-04-06,32,27.311,28.324090050000002
2025-04-06,33,11.211,11.3960448
2025-04-06,34,18.0,14.149538275000001
2025-04-06,35,21.5,17.26496865
2025-04-06,36,16.311,9.9449219
2025-04-06,37,21.792,26.822428950000003
2025-04-06,38,3.23,10.67856325
2025-04-06,39,12.068,14.237898774999998
2025-04-06,4,32.048,35.51191025
2025-04-06,5,6.46,6.573863015
2025-04-06,6,48.16,31.65682005
2025-04-06,7,24.76,24.4578974
2025-04-06,8,20.7,20.57482135
2025-04-06,9,25.66,19.026644599999997
2025-04-07,1,10.148,10.3003138
2025-04-07,10,16.628,21.370249049999998
2025-04-07,11,12.332,17.9579337
2025-04-07,12,4.68,6.839669975
2025-04-07,13,12.308,13.8863233
2025-04-07,14,26.688,23.851132300000003
2025-04-07,15,20.428,24.937404450000002
2025-04-07,16,35.28,30.72037365
2025-04-07,17,1.29,4.07453355
2025-04-07,18,10.0,12.34912585
2025-04-07,19,7.09,10.889275925
2025-04-07,2,8.752,22.41313345
2025-04-07,20,10.84,11.620511100000002
2025-04-07,21,22.62,24.6436419
2025-04-07,22,7.24,9.567987850000002
2025-04-07,23,24.612,16.22117425
2025-04-07,24,13.12,19.335033000000003
2025-04-07,25,21.948,13.526141899999999
2025-04-07,26,10.76,11.8637364
2025-04-07,27,9.52,10.563322799999998
2025-04-07,28,7.528,10.220004025000001
2025-04-07,29,23.12,18.2823232
2025-04-07,3,12.2,17.6363963
2025-04-07,30,20.788,8.903061855
2025-04-07,31,11.8,23.25459565
2025-04-07,32,31.088,27.063555100000002
2025-04-07,33,16.26,10.464661
2025-04-07,34,16.208,13.8786341
2025-04-07,35,11.46,16.031381825
2025-04-07,36,9.792,9.4199947
2025-04-07,37,26.048,26.620145199999996
2025-04-07,38,18.67,10.5349977
2025-04-07,39,11.392,13.2520803
2025-04-07,4,35.584,35.77982180000001
2025-04-07,5,3.528,6.58981505
2025-04-07,6,22.64,31.97236755
2025-04-07,7,17.824,23.7486408
2025-04-07,8,24.46,21.2215689
2025-04-07,9,19.732,18.61547875
2025-04-08,1,5.9028,9.929108150000001
2025-04-08,10,14.104,21.3579146
2025-04-08,11,13.496,18.18766825
2025-04-08,12,5.14,6.582143759999999
2025-04-08,13,18.732,15.084595
2025-04-08,14,25.912,24.284218850000002
2025-04-08,15,13.392,24.04645215
2025-04-08,16,22.28,31.91300735
2025-04-08,17,1.23,3.941656485
2025-04-08,18,13.788,13.211558049999999
2025-04-08,19,3.97,10.967401725
2025-04-08,2,26.072,23.3093838
2025-04-08,20,12.31,12.57075435
2025-04-08,21,29.411,25.17530995
2025-04-08,22,7.272,8.854321599999999
2025-04-08,23,11.988,15.793709575000001
2025-04-08,24,16.052,17.1964623
2025-04-08,25,12.82,13.499066599999999
2025-04-08,26,13.828,11.943898149999999
2025-04-08,27,9.66,11.1649317
2025-04-08,28,10.992,10.7426317
2025-04-08,29,22.11,19.362252350000002
2025-04-08,3,11.9,17.4137846
2025-04-08,30,0.0,8.361650000000001
2025-04-08,31,27.96,24.43284435
2025-04-08,32,41.336,27.520372799999997
2025-04-08,33,7.42,10.190168450000002
2025-04-08,34,10.26,14.07196115
2025-04-08,35,12.608,16.4571056
2025-04-08,36,10.0,10.2384904
2025-04-08,37,25.528,25.4859718
2025-04-08,38,9.6,9.836210675
2025-04-08,39,16.728,13.194355250000001
2025-04-08,4,33.648,36.7225284
2025-04-08,5,3.268,6.656397289999999
2025-04-08,6,22.26,32.238265150000004
2025-04-08,7,18.528,24.5624687
2025-04-08,8,16.128,22.1478201
2025-04-08,9,16.8,20.5064674
2025-04-09,1,17.648,10.235419049999999
2025-04-09,10,17.708,21.184892400000003
2025-04-09,11,20.96,18.04943935
2025-04-09,12,8.71,6.83101323
2025-04-09,13,18.812,15.71383115
2025-04-09,14,28.72,24.689703549999997
2025-04-09,15,37.528,23.55165015
2025-04-09,16,26.928,30.62934225
2025-04-09,17,6.79,4.15040636
2025-04-09,18,4.192,12.9727812
2025-04-09,19,9.38,11.240386149999999
2025-04-09,2,30.544,21.6347984
2025-04-09,20,9.46,12.95024815
2025-04-09,21,23.176,25.293480350000003
2025-04-09,22,2.736,8.805592449999999
2025-04-09,23,21.8,17.54625435
2025-04-09,24,10.98,16.13215715
2025-04-09,25,14.42,15.089239125000002
2025-04-09,26,14.2,12.0694786
2025-04-09,27,14.972,11.596932550000002
2025-04-09,28,9.32,10.702546900000002
2025-04-09,29,22.652,20.244212150000003
2025-04-09,3,26.972,17.4545187
2025-04-09,30,21.732,9.8952598
2025-04-09,31,31.9428,22.7463441
2025-04-09,32,27.92,27.92109885
2025-04-09,33,19.36,11.3794435
2025-04-09,34,7.411,15.515272125
2025-04-09,35,17.612,16.0809417
2025-04-09,36,20.736,10.7816398
2025-04-09,37,28.688,25.4806472
2025-04-09,38,7.728,10.8265172
2025-04-09,39,10.46,13.865469650000001
2025-04-09,4,47.9428,35.43140065
2025-04-09,5,9.184,6.876848910000001
2025-04-09,6,42.188,33.7193306
2025-04-09,7,26.976,23.2116968
2025-04-09,8,27.024,22.4511875
2025-04-09,9,11.72,21.957390849999996
2025-04-10,1,5.912,9.9612822
2025-04-10,10,12.6,20.2669982
2025-04-10,11,18.08,18.080204600000002
2025-04-10,12,7.25,6.8087637050000005
2025-04-10,13,12.32,16.54650255
2025-04-10,14,28.328,25.453025099999998
2025-04-10,15,18.872,22.4908507
2025-04-10,16,43.28,30.812098050000003
2025-04-10,17,1.91,4.124696715
2025-04-10,18,7.272,13.304172000000001
2025-04-10,19,10.64,10.194374100000001
2025-04-10,2,11.416,22.533136849999998
2025-04-10,20,9.35,12.78655455
2025-04-10,21,25.772,26.16152485
2025-04-10,22,2.64,8.5641795
2025-04-10,23,24.108,17.376148550000003
2025-04-10,24,21.54,17.1164855
2025-04-10,25,18.508,15.53008445
2025-04-10,26,9.1,12.57194405
2025-04-10,27,8.776,11.4246767
2025-04-10,28,17.068,10.6565242
2025-04-10,29,22.58,21.196663649999998
2025-04-10,3,11.216,16.4578653
2025-04-10,30,10.028,9.783371225
2025-04-10,31,8.992,22.3094514
2025-04-10,32,36.24,30.24976745
2025-04-10,33,6.588,11.1463277
2025-04-10,34,24.928,15.326076075000001
2025-04-10,35,18.02,15.54093515
2025-04-10,36,9.84,10.660869649999999
2025-04-10,37,18.568,25.84206945
2025-04-10,38,10.46,11.29029785
2025-04-10,39,13.0,14.5599628
2025-04-10,4,54.136,36.7829608
2025-04-10,5,3.896,6.810971439999999
2025-04-10,6,45.2,30.97623885
2025-04-10,7,29.888,22.987828049999997
2025-04-10,8,19.888,22.2756231
2025-04-10,9,22.456,21.504269450000002
2025-04-11,1,5.36,10.780403
2025-04-11,10,21.708,19.9331291
2025-04-11,11,11.892,18.275442650000002
2025-04-11,12,8.05,7.0878724
2025-04-11,13,8.68,17.095232
2025-04-11,14,28.352,26.1177712
2025-04-11,15,24.42,24.1266985
2025-04-11,16,23.102,29.2997611
2025-04-11,17,1.29,4.294536
2025-04-11,18,5.696,12.552461300000001
2025-04-11,19,9.49,9.81438155
2025-04-11,2,14.744,24.25610505
2025-04-11,20,11.31,12.39784285
2025-04-11,21,31.84,26.330196400000002
2025-04-11,22,1.612,7.780089085
2025-04-11,23,13.912,17.986221999999998
2025-04-11,24,10.48,16.96304985
2025-04-11,25,20.104,15.641901399999998
2025-04-11,26,16.172,12.74538105
2025-04-11,27,9.811,11.87625285
2025-04-11,28,18.58,10.334288874999999
2025-04-11,29,20.76,21.76608185
2025-04-11,3,11.92,18.001023850000003
2025-04-11,30,0.0,11.1425835
2025-04-11,31,35.36,23.229302850000003
2025-04-11,32,31.96,31.1541305
2025-04-11,33,24.224,12.112624125
2025-04-11,34,17.25,14.150535100000003
2025-04-11,35,10.5,15.9546948
2025-04-11,36,8.96,12.228475500000002
2025-04-11,37,22.168,26.67717675
2025-04-11,38,16.57,10.768372549999999
2025-04-11,39,12.58,14.206535500000001
2025-04-11,4,52.616,36.62983215
2025-04-11,5,8.412,7.132663709999999
2025-04-11,6,14.102,30.49000145
2025-04-11,7,11.288,23.41149075
2025-04-11,8,28.968,23.1804421
2025-04-11,9,8.2,20.0457177
2025-04-12,1,10.708,10.62011885
2025-04-12,10,17.9028,19.3065122
2025-04-12,11,12.86,18.0393921
2025-04-12,12,10.46,7.171432275
2025-04-12,13,24.096,16.248586699999997
2025-04-12,14,24.288,26.00214565
2025-04-12,15,25.92,23.59528275
2025-04-12,16,24.0,29.730441250000002
2025-04-12,17,9.26,4.1992130450000005
2025-04-12,18,20.104,11.34438635
2025-04-12,19,13.18,9.892140574999999
2025-04-12,2,17.832,23.29405135
2025-04-12,20,17.02,11.2586087
2025-04-12,21,23.412,25.674492700000002
2025-04-12,22,6.11,6.852455749999999
2025-04-12,23,26.4,18.17920705
2025-04-12,24,7.14,17.6988191
2025-04-12,25,12.488,15.9148562
2025-04-12,26,10.528,12.1975851
2025-04-12,27,16.0,11.34874655
2025-04-12,28,14.88,10.875772300000001
2025-04-12,29,20.688,21.50522875
2025-04-12,3,19.92,17.6720885
2025-04-12,30,1.96,11.6049261
2025-04-12,31,25.008,22.79407715
2025-04-12,32,29.552,30.89610055
2025-04-12,33,8.428,12.0263557
2025-04-12,34,12.292,14.9217094
2025-04-12,35,18.02,16.485965450000002
2025-04-12,36,8.092,12.3777936
2025-04-12,37,27.368,26.03236855
2025-04-12,38,9.17,10.60911005
2025-04-12,39,16.028,13.584855699999999
2025-04-12,4,37.368,38.165288
2025-04-12,5,7.68,7.088893690000001
2025-04-12,6,39.528,31.802554100000002
2025-04-12,7,21.392,23.9195299
2025-04-12,8,17.784,22.87838455
2025-04-12,9,31.492,19.47549455
2025-04-13,1,5.24,9.8091616
2025-04-13,10,25.428,19.56076005
2025-04-13,11,14.16,17.115266549999998
2025-04-13,12,9.48,7.2806510499999995
2025-04-13,13,16.232,14.48833875
2025-04-13,14,27.5,26.8048124
2025-04-13,15,32.748,24.27198735
2025-04-13,16,39.112,29.7734113
2025-04-13,17,12.66,3.86522638
2025-04-13,18,11.868,10.646151249999999
2025-04-13,19,6.85,9.9912291
2025-04-13,2,8.544,21.49248325
2025-04-13,20,10.16,11.0529889
2025-04-13,21,27.508,26.519196049999998
2025-04-13,22,1.028,6.055237314999999
2025-04-13,23,19.952,18.3623061
2025-04-13,24,10.16,16.96278655
2025-04-13,25,11.94,16.262475900000002
2025-04-13,26,13.888,12.664920500000001
2025-04-13,27,8.972,10.79259975
2025-04-13,28,7.848,12.156978899999999
2025-04-13,29,19.952,21.76715515
2025-04-13,3,16.432,16.6153531
2025-04-13,30,14.588,10.164769499999998
2025-04-13,31,27.9428,23.903493700000002
2025-04-13,32,25.8228,31.94567425
2025-04-13,33,7.532,13.43919685
2025-04-13,34,8.868,16.24416805
2025-04-13,35,7.8,15.91534595
2025-04-13,36,14.588,11.67370895
2025-04-13,37,36.2,26.25794055
2025-04-13,38,9.85,11.512575049999999
2025-04-13,39,13.0,13.1431091
2025-04-13,4,47.8628,39.8167311
2025-04-13,5,7.411,7.177217349999999
2025-04-13,6,45.5428,31.91187495
2025-04-13,7,20.8,23.38286835
2025-04-13,8,25.728,23.90343515
2025-04-13,9,22.92,18.12689845
2025-04-14,1,13.988,9.0852595
2025-04-14,10,24.148,19.1608583
2025-04-14,11,18.48,15.51270315
2025-04-14,12,10.6,7.225752275
2025-04-14,13,22.24,15.0219804
2025-04-14,14,28.692,26.010889849999998
2025-04-14,15,45.1828,24.177540450000002
2025-04-14,16,21.388,28.543031799999998
2025-04-14,17,1.44,4.083080525
2025-04-14,18,12.46,11.33955005
2025-04-14,19,27.47,10.0575499
2025-04-14,2,23.8,19.4749184
2025-04-14,20,11.65,11.930920449999999
2025-04-14,21,31.612,26.41553035
2025-04-14,22,3.812,5.64692061
2025-04-14,23,36.428,18.668230700000002
2025-04-14,24,19.008,14.26508845
2025-04-14,25,21.292,15.034814599999999
2025-04-14,26,3.711,12.071203200000001
2025-04-14,27,3.868,10.86659965
2025-04-14,28,18.254,12.77102215
2025-04-14,29,19.472,21.33048975
2025-04-14,3,23.08,16.030889799999997
2025-04-14,30,19.64,8.331388
2025-04-14,31,18.128,24.679540250000002
2025-04-14,32,31.232,30.8620951
2025-04-14,33,13.228,12.7680064
2025-04-14,34,23.211,14.78253555
2025-04-14,35,24.4,15.333963449999999
2025-04-14,36,8.252,10.48952075
2025-04-14,37,38.176,24.7228889
2025-04-14,38,16.74,10.876151
2025-04-14,39,10.254,12.93699285
2025-04-14,4,38.2628,41.536458249999995
2025-04-14,5,13.456,7.00790085
2025-04-14,6,38.24,29.971546250000003
2025-04-14,7,29.1828,21.68796255
2025-04-14,8,11.9,23.0196535
2025-04-14,9,19.86,19.0407674
2025-04-15,1,4.911,8.0498694
2025-04-15,10,11.452,19.4779932
2025-04-15,11,21.7,14.7579472
2025-04-15,12,10.54,7.1038367099999995
2025-04-15,13,16.72,15.551515174999999
2025-04-15,14,31.616,25.50576035
2025-04-15,15,23.308,24.8929035
2025-04-15,16,24.62,28.56731105
2025-04-15,17,1.028,4.61950369
2025-04-15,18,12.832,11.615286600000001
2025-04-15,19,8.18,9.44962715
2025-04-15,2,14.68,17.6563488
2025-04-15,20,10.26,12.2542024
2025-04-15,21,28.288,25.74303545
2025-04-15,22,21.12562,4.99707588
2025-04-15,23,22.3,18.6254393
2025-04-15,24,18.312,12.4531357
2025-04-15,25,19.268,14.0606321
2025-04-15,26,14.688,11.4986563
2025-04-15,27,4.012,10.572845350000001
2025-04-15,28,18.748,11.83914245
2025-04-15,29,21.76,20.6976492
2025-04-15,3,28.1,16.0274207
2025-04-15,30,6.828,8.21594945
2025-04-15,31,19.736,24.97611905
2025-04-15,32,28.5028,29.4637321
2025-04-15,33,16.25,11.20446545
2025-04-15,34,25.228,13.301466349999998
2025-04-15,35,10.032,14.052045974999999
2025-04-15,36,6.308,10.42087505
2025-04-15,37,16.5828,24.98745545
2025-04-15,38,13.25,10.0662789
2025-04-15,39,9.108,12.756781400000001
2025-04-15,4,36.552,41.6610071
2025-04-15,5,10.272,6.806552120000001
2025-04-15,6,37.456,31.3176397
2025-04-15,7,20.24,21.1957972
2025-04-15,8,12.292,22.44175165
2025-04-15,9,19.752,20.62076895
2025-04-16,1,14.9,8.78736515
2025-04-16,10,31.412,21.012726699999998
2025-04-16,11,23.028,15.58916185
2025-04-16,12,9.01,7.772255405
2025-04-16,13,17.711,17.093573499999998
2025-04-16,14,30.9428,26.335488
2025-04-16,15,23.172,27.208693699999998
2025-04-16,16,36.472,29.2390915
2025-04-16,17,13.2,4.8116622300000005
2025-04-16,18,19.128,12.085264599999999
2025-04-16,19,11.03,12.043782749999998
2025-04-16,2,33.4628,17.7738933
2025-04-16,20,6.29,12.54276015
2025-04-16,21,25.512,26.460427700000004
2025-04-16,22,8.46,5.120834465
2025-04-16,23,39.608,21.89941455
2025-04-16,24,17.7,13.488444075
2025-04-16,25,18.252,15.43328415
2025-04-16,26,10.704,10.597993474999999
2025-04-16,27,16.256,9.9956198
2025-04-16,28,24.468,12.533138375000002
2025-04-16,29,11.468,20.986767450000002
2025-04-16,3,19.811,17.75902455
2025-04-16,30,6.411,10.62959975
2025-04-16,31,29.904,23.982388750000002
2025-04-16,32,22.216,29.048011600000002
2025-04-16,33,19.368,11.5060186
2025-04-16,34,7.028,14.7896248
2025-04-16,35,24.056,15.1399793
2025-04-16,36,11.492,10.460288949999999
2025-04-16,37,33.656,27.0935184
2025-04-16,38,20.7,11.26079795
2025-04-16,39,14.8,12.825517600000001
2025-04-16,4,30.76,42.4739601
2025-04-16,5,9.92,7.900644550000001
2025-04-16,6,32.464,32.9747797
2025-04-16,7,25.228,22.422579649999996
2025-04-16,8,13.12,21.795825300000004
2025-04-16,9,19.856,21.627141299999998
2025-04-17,1,17.42,8.339985800000001
2025-04-17,10,10.472,19.77770105
2025-04-17,11,19.032,16.887750600000004
2025-04-17,12,10.49,8.139841109999999
2025-04-17,13,25.448,17.73641345
2025-04-17,14,21.736,26.865254200000003
2025-04-17,15,14.648,26.9752254
2025-04-17,16,28.812,27.6894942
2025-04-17,17,1.43,4.518312195
2025-04-17,18,10.14,12.195949899999999
2025-04-17,19,20.75,12.3725944
2025-04-17,2,23.704,18.33996655
2025-04-17,20,9.49,12.330818525
2025-04-17,21,27.888,27.2156944
2025-04-17,22,10.72,6.7413403050000005
2025-04-17,23,16.532,22.89153115
2025-04-17,24,20.88,15.1070429
2025-04-17,25,20.258,16.23567305
2025-04-17,26,13.168,10.5554064
2025-04-17,27,7.952,8.93871265
2025-04-17,28,6.572,13.579118000000001
2025-04-17,29,9.572,21.189310499999998
2025-04-17,3,14.428,19.741547949999998
2025-04-17,30,2.292,10.772141600000001
2025-04-17,31,41.2,23.140473999999998
2025-04-17,32,23.048,29.63752425
2025-04-17,33,18.312,12.07915465
2025-04-17,34,22.96,16.63773585
2025-04-17,35,18.12,14.795940850000001
2025-04-17,36,13.148,9.596902700000001
2025-04-17,37,22.56,26.962230050000002
2025-04-17,38,10.29,11.76449445
2025-04-17,39,12.42,12.378395574999999
2025-04-17,4,14.208,41.5910048
2025-04-17,5,14.632,8.521147385
2025-04-17,6,44.968,33.048534000000004
2025-04-17,7,16.552,22.618747399999997
2025-04-17,8,10.736,19.555740399999998
2025-04-17,9,25.511,21.425378000000002
2025-04-18,1,5.632,8.7806575
2025-04-18,10,20.608,20.1368515
2025-04-18,11,18.048,18.13671015
2025-04-18,12,9.51,8.11733407
2025-04-18,13,23.82,17.33687935
2025-04-18,14,27.472,26.6844032
2025-04-18,15,23.008,25.94365585
2025-04-18,16,26.972,26.7680627
2025-04-18,17,1.15,5.2131279500000005
2025-04-18,18,6.188,12.596855949999998
2025-04-18,19,9.528,11.759687
2025-04-18,2,31.4,20.5542334
2025-04-18,20,8.52,10.99241215
2025-04-18,21,25.2,26.05234685
2025-04-18,22,23.200386,7.4208959750000005
2025-04-18,23,23.372,23.95694425
2025-04-18,24,31.82,15.55009025
2025-04-18,25,18.88,16.234754950000003
2025-04-18,26,20.008,10.37904465
2025-04-18,27,13.672,9.3328557
2025-04-18,28,5.788,14.8213051
2025-04-18,29,20.88,19.627144299999998
2025-04-18,3,14.44,20.7452381
2025-04-18,30,3.72,10.38205585
2025-04-18,31,17.272,23.5089636
2025-04-18,32,25.048,27.453825300000002
2025-04-18,33,12.028,13.3047494
2025-04-18,34,18.192,15.400693675
2025-04-18,35,10.52,15.299506249999999
2025-04-18,36,8.544,9.47798685
2025-04-18,37,24.96,26.15559785
2025-04-18,38,9.14,12.50644895
2025-04-18,39,14.14,12.16692795
2025-04-18,4,10.3828,38.678714299999996
2025-04-18,5,7.468,8.83882328
2025-04-18,6,31.58,32.21312425
2025-04-18,7,23.68,22.275464
2025-04-18,8,23.744,18.1471853
2025-04-18,9,16.0,20.04876465
2025-04-19,1,6.068,9.609252999999999
2025-04-19,10,24.792,18.889356399999997
2025-04-19,11,11.228,18.067325999999998
2025-04-19,12,10.22,7.92725425
2025-04-19,13,16.48,17.53492725
2025-04-19,14,22.832,25.50932325
2025-04-19,15,17.192,23.244903
2025-04-19,16,13.028,27.2182009
2025-04-19,17,6.63,4.9533338350000005
2025-04-19,18,12.292,11.952650300000002
2025-04-19,19,16.21,12.1061203
2025-04-19,2,10.856,20.6136385
2025-04-19,20,12.628,9.6381841
2025-04-19,21,21.272,24.92681315
2025-04-19,22,21.812939,7.43791815
2025-04-19,23,17.496,22.951578499999997
2025-04-19,24,20.272,16.24671335
2025-04-19,25,19.532,16.1397768
2025-04-19,26,3.132,10.1613764
2025-04-19,27,11.28,8.8771662
2025-04-19,28,7.1428,13.8620772
2025-04-19,29,20.828,17.072651399999998
2025-04-19,3,13.2,18.84042605
2025-04-19,30,0.8,9.01469028
2025-04-19,31,32.208,23.88976975
2025-04-19,32,23.352,25.807791700000003
2025-04-19,33,10.511,13.5282096
2025-04-19,34,4.12,15.494624349999999
2025-04-19,35,12.8628,15.847233199999998
2025-04-19,36,8.848,9.51837685
2025-04-19,37,20.64,24.96483355
2025-04-19,38,10.07,12.04309845
2025-04-19,39,13.48,11.885468425
2025-04-19,4,10.208,32.89178565
2025-04-19,5,4.228,9.062129850000002
2025-04-19,6,31.88,32.50653085
2025-04-19,7,20.412,21.39008365
2025-04-19,8,22.776,16.270976899999997
2025-04-19,9,18.672,20.1820807
2025-04-20,1,5.1,9.83138325
2025-04-20,10,16.192,19.70171895
2025-04-20,11,12.292,18.689349699999998
2025-04-20,12,6.2,8.582974199999999
2025-04-20,13,10.92,19.2071059
2025-04-20,14,22.08,26.008161349999998
2025-04-20,15,10.592,23.10930055
2025-04-20,16,30.8228,27.8230286
2025-04-20,17,1.728,4.732646235
2025-04-20,18,10.011,11.4307439
2025-04-20,19,20.62,12.6482036
2025-04-20,2,9.424,22.73264475
2025-04-20,20,9.0,9.4886299
2025-04-20,21,13.776,26.083194
2025-04-20,22,24.3255,9.63746855
2025-04-20,23,23.72,22.98009715
2025-04-20,24,16.36,19.5957504
2025-04-20,25,17.72,17.30064955
2025-04-20,26,10.46,12.1605384
2025-04-20,27,8.976,9.739183350000001
2025-04-20,28,14.468,12.83308575
2025-04-20,29,20.48,17.75624595
2025-04-20,3,17.928,18.502521299999998
2025-04-20,30,2.768,8.38676935
2025-04-20,31,19.872,25.6235657
2025-04-20,32,22.232,26.1457737
2025-04-20,33,16.0,14.4947135
2025-04-20,34,10.008,16.79933285
2025-04-20,35,25.376,15.6838576
2025-04-20,36,18.248,9.97657025
2025-04-20,37,18.5828,25.735253999999998
2025-04-20,38,9.55,12.2191802
2025-04-20,39,9.68,12.818693549999999
2025-04-20,4,9.1028,29.0609265
2025-04-20,5,3.572,9.57417995
2025-04-20,6,32.732,32.678226
2025-04-20,7,26.68,21.6974419
2025-04-20,8,16.024,17.586475
2025-04-20,9,11.36,20.22563015
2025-04-21,1,11.48,9.117155499999999
2025-04-21,10,20.688,20.160893199999997
2025-04-21,11,12.02,17.41168685
2025-04-21,12,5.25,8.859614675
2025-04-21,13,10.24,19.45392715
2025-04-21,14,22.68,25.48938725
2025-04-21,15,21.148,22.87864235
2025-04-21,16,33.548,25.4308746
2025-04-21,17,6.26,4.864536449999999
2025-04-21,18,16.908,11.48102445
2025-04-21,19,13.28,12.998084500000001
2025-04-21,2,9.592,21.68668035
2025-04-21,20,17.36,9.983556275
2025-04-21,21,32.0,25.251731300000003
2025-04-21,22,12.048,12.11460905
2025-04-21,23,23.892,22.4629048
2025-04-21,24,16.056,20.18350795
2025-04-21,25,11.72,17.37689595
2025-04-21,26,12.632,11.3155124
2025-04-21,27,8.6,10.3807653
2025-04-21,28,11.258,11.536382249999999
2025-04-21,29,24.172,18.665355899999998
2025-04-21,3,20.18,17.451324850000002
2025-04-21,30,2.888,7.207298399999999
2025-04-21,31,14.936,25.647094850000002
2025-04-21,32,29.24,25.7269081
2025-04-21,33,9.92,13.479436200000002
2025-04-21,34,11.664,14.926966499999999
2025-04-21,35,10.211,14.94453785
2025-04-21,36,10.732,9.56357
2025-04-21,37,32.872,24.99412745
2025-04-21,38,9.928,11.700067149999999
2025-04-21,39,12.132,13.3379783
2025-04-21,4,8.928,25.32804635
2025-04-21,5,12.456,8.903590529999999
2025-04-21,6,16.96,31.787322250000003
2025-04-21,7,27.9828,21.68843965
2025-04-21,8,11.456,18.23249875
2025-04-21,9,20.256,20.280648999999997
2025-04-22,1,6.25,8.3933067
2025-04-22,10,13.96,20.299350249999996
2025-04-22,11,18.032,16.4378414
2025-04-22,12,8.46,8.76311755
2025-04-22,13,6.908,18.2488007
2025-04-22,14,23.812,24.477602649999998
2025-04-22,15,19.0,21.369989
2025-04-22,16,21.108,25.44576245
2025-04-22,17,1.928,4.965370575
2025-04-22,18,10.092,11.517029749999999
2025-04-22,19,10.39,14.13513235
2025-04-22,2,28.016,19.0656908
2025-04-22,20,9.992,10.1577807
2025-04-22,21,21.772,23.44361015
2025-04-22,22,11.1828,14.39446865
2025-04-22,23,20.211,22.0950792
2025-04-22,24,14.172,19.59203725
2025-04-22,25,11.728,17.1940636
2025-04-22,26,6.92,10.6232423
2025-04-22,27,9.572,10.46685005
2025-04-22,28,7.428,11.33975155
2025-04-22,29,21.468,19.370932449999998
2025-04-22,3,17.94,17.41426595
2025-04-22,30,5.5428,6.76380005
2025-04-22,31,19.896,25.48378405
2025-04-22,32,30.912,24.79709775
2025-04-22,33,14.136,13.221679850000001
2025-04-22,34,10.828,13.57985785
2025-04-22,35,19.748,15.49936485
2025-04-22,36,10.532,10.733055175
2025-04-22,37,25.6,24.27004045
2025-04-22,38,8.01,11.1048243
2025-04-22,39,12.168,13.1141143
2025-04-22,4,9.832,23.15402075
2025-04-22,5,13.192,8.4000769
2025-04-22,6,27.028,31.680347549999997
2025-04-22,7,26.5028,22.322264099999998
2025-04-22,8,22.752,18.49068455
2025-04-22,9,19.6228,19.4588981
2025-04-23,1,12.732,9.2342135
2025-04-23,10,28.028,21.469587699999998
2025-04-23,11,19.288,16.5071376
2025-04-23,12,5.71,8.840393149999999
2025-04-23,13,10.272,17.6393854
2025-04-23,14,26.332,25.4726919
2025-04-23,15,20.98,22.30505085
2025-04-23,16,25.852,27.605380699999998
2025-04-23,17,6.64,5.151581350000001
2025-04-23,18,13.12,12.998283399999998
2025-04-23,19,17.69,15.83737495
2025-04-23,2,26.936,18.50844965
2025-04-23,20,13.528,11.5715241
2025-04-23,21,25.652,25.22551665
2025-04-23,22,1.188,15.1245279
2025-04-23,23,21.016,24.15330495
2025-04-23,24,5.868,20.1567422
2025-04-23,25,10.42,17.641323
2025-04-23,26,14.868,10.9042086
2025-04-23,27,18.72,10.49469855
2025-04-23,28,9.112,12.450247300000001
2025-04-23,29,27.11,21.214165100000002
2025-04-23,3,18.18,19.3042911
2025-04-23,30,5.856,6.8516551450000005
2025-04-23,31,33.512,24.474077049999998
2025-04-23,32,29.648,26.737563549999997
2025-04-23,33,17.48,13.54772235
2025-04-23,34,10.88,13.9367899
2025-04-23,35,13.612,17.01834755
2025-04-23,36,17.256,11.88005875
2025-04-23,37,27.2628,26.844114
2025-04-23,38,12.56,11.5296783
2025-04-23,39,13.1,13.317658250000001
2025-04-23,4,10.808,22.2507181
2025-04-23,5,13.112,9.27818735
2025-04-23,6,48.808,31.22444805
2025-04-23,7,22.896,24.9688366
2025-04-23,8,11.672,17.87599715
2025-04-23,9,11.948,20.27254695
2025-04-24,1,7.616,9.158235875
2025-04-24,10,13.888,20.3872255
2025-04-24,11,11.32,17.09243695
2025-04-24,12,10.76,9.064020750000001
2025-04-24,13,32.5,15.83298295
2025-04-24,14,24.48,25.80862645
2025-04-24,15,30.088,21.9674274
2025-04-24,16,21.708,27.35041065
2025-04-24,17,4.53,5.0625412899999995
2025-04-24,18,10.968,13.33606995
2025-04-24,19,10.26,15.2478983
2025-04-24,2,10.296,19.6277554
2025-04-24,20,6.992,11.61308125
2025-04-24,21,26.896,25.9689934
2025-04-24,22,23.890306,15.25473455
2025-04-24,23,23.224,23.802360649999997
2025-04-24,24,14.56,19.7565858
2025-04-24,25,18.452,16.892671
2025-04-24,26,13.388,10.5445909
2025-04-24,27,7.128,10.39021365
2025-04-24,28,17.311,12.463918399999999
2025-04-24,29,19.56,21.9935894
2025-04-24,3,21.492,20.42079485
2025-04-24,30,19.88,6.972171299999999
2025-04-24,31,25.424,23.2373565
2025-04-24,32,33.032,28.05004405
2025-04-24,33,10.36,13.910891549999999
2025-04-24,34,11.892,14.4770264
2025-04-24,35,14.42,17.19073425
2025-04-24,36,17.704,11.711652050000001
2025-04-24,37,11.812,26.9898946
2025-04-24,38,10.85,11.266956999999998
2025-04-24,39,12.62,13.168620299999999
2025-04-24,4,32.024,20.48874285
2025-04-24,5,4.128,10.4836174
2025-04-24,6,17.992,29.97791925
2025-04-24,7,22.096,25.574754300000002
2025-04-24,8,27.296,18.27630915
2025-04-24,9,18.028,20.87250045
2025-04-25,1,17.424,9.755471400000001
2025-04-25,10,14.972,21.7826052
2025-04-25,11,12.28,17.8698783
2025-04-25,12,12.12,8.80634706
2025-04-25,13,11.708,14.428044850000001
2025-04-25,14,27.708,26.363330949999998
2025-04-25,15,17.672,21.917471300000003
2025-04-25,16,20.704,27.05903465
2025-04-25,17,4.26,5.24681765
2025-04-25,18,12.648,13.61218195
2025-04-25,19,11.11,15.3385944
2025-04-25,2,19.008,22.1428448
2025-04-25,20,16.78,11.746696649999999
2025-04-25,21,33.8,25.7375887
2025-04-25,22,8.68,13.289259425000001
2025-04-25,23,32.096,23.9021793
2025-04-25,24,9.552,17.527257000000002
2025-04-25,25,17.628,15.749720400000001
2025-04-25,26,14.44,11.09289605
2025-04-25,27,8.968,11.81585795
2025-04-25,28,19.848,12.339959799999999
2025-04-25,29,24.028,22.466001
2025-04-25,3,16.948,20.5016408
2025-04-25,30,5.872,7.055378409999999
2025-04-25,31,13.384,24.48943235
2025-04-25,32,30.336,28.3671049
2025-04-25,33,11.352,15.065028250000001
2025-04-25,34,17.72,13.424172700000002
2025-04-25,35,20.608,17.67769295
2025-04-25,36,10.2,12.669576249999999
2025-04-25,37,22.616,27.3949797
2025-04-25,38,9.23,11.64936535
2025-04-25,39,13.92,13.345541950000001
2025-04-25,4,8.3828,18.33566605
2025-04-25,5,1.888,11.39242815
2025-04-25,6,16.576,30.88861205
2025-04-25,7,24.232,25.6154558
2025-04-25,8,28.784,17.75568075
2025-04-25,9,23.012,19.6620239
2025-04-26,1,6.308,9.6194254
2025-04-26,10,18.0,20.80512605
2025-04-26,11,14.488,16.7529458
2025-04-26,12,10.59,8.69830088
2025-04-26,13,7.68,16.51372645
2025-04-26,14,21.452,25.387563
2025-04-26,15,20.102,21.828510450000003
2025-04-26,16,25.708,25.78316715
2025-04-26,17,5.38,4.992440950000001
2025-04-26,18,16.6,13.0659417
2025-04-26,19,17.5,14.911024650000002
2025-04-26,2,29.936,21.01901685
2025-04-26,20,14.06,10.625119049999999
2025-04-26,21,27.2628,25.49459955
2025-04-26,22,3.92,13.5252465
2025-04-26,23,26.944,22.704599549999998
2025-04-26,24,22.768,16.367775700000003
2025-04-26,25,11.748,15.287834700000001
2025-04-26,26,14.792,11.45189505
2025-04-26,27,17.16,11.2732383
2025-04-26,28,10.328,12.245316975
2025-04-26,29,22.96,21.683804449999997
2025-04-26,3,16.612,20.083937499999998
2025-04-26,30,8.68,8.664051200000001
2025-04-26,31,24.5028,25.9244396
2025-04-26,32,25.1028,27.9415362
2025-04-26,33,7.352,14.4161319
2025-04-26,34,10.688,12.8985622
2025-04-26,35,17.36,16.97262895
2025-04-26,36,10.288,13.578119399999999
2025-04-26,37,24.464,24.89199885
2025-04-26,38,10.128,11.40515305
2025-04-26,39,13.112,12.973454149999998
2025-04-26,4,16.68,17.97596815
2025-04-26,5,13.56,10.62026925
2025-04-26,6,42.552,30.8582154
2025-04-26,7,18.056,24.23883265
2025-04-26,8,17.028,18.402213349999997
2025-04-26,9,25.656,18.889969750000002
2025-04-27,1,6.972,10.3417592
2025-04-27,10,24.788,19.99900455
2025-04-27,11,14.5028,15.86080145
2025-04-27,12,10.64,9.0741741
2025-04-27,13,16.32,17.238556199999998
2025-04-27,14,18.892,25.3173381
2025-04-27,15,23.92,21.6221925
2025-04-27,16,33.92,24.9608266
2025-04-27,17,7.12,4.806812750000001
2025-04-27,18,12.132,12.7850669
2025-04-27,19,16.12,14.165649550000001
2025-04-27,2,14.336,20.580673150000003
2025-04-27,20,10.928,10.8350402
2025-04-27,21,26.668,26.544747949999998
2025-04-27,22,4.868,14.0422096
2025-04-27,23,25.12,23.7686761
2025-04-27,24,20.6628,16.1686917
2025-04-27,25,19.672,15.51388435
2025-04-27,26,14.28,12.486505625
2025-04-27,27,9.592,10.9136317
2025-04-27,28,14.36,12.94671485
2025-04-27,29,25.78,22.0916606
2025-04-27,3,12.648,19.67157145
2025-04-27,30,5.568,8.988248
2025-04-27,31,24.072,23.9848926
2025-04-27,32,26.6,28.07570615
2025-04-27,33,17.258,13.488329925000002
2025-04-27,34,18.5,13.70762225
2025-04-27,35,24.228,16.9915275
2025-04-27,36,16.22,13.274378500000001
2025-04-27,37,19.7428,23.5429987
2025-04-27,38,4.28,11.153586425
2025-04-27,39,14.608,13.2487882
2025-04-27,4,7.96,16.53537525
2025-04-27,5,6.832,9.343499399999999
2025-04-27,6,41.62,28.1637371
2025-04-27,7,25.254,24.132929999999998
2025-04-27,8,28.096,20.59440295
2025-04-27,9,11.332,19.3281091
2025-04-28,1,7.988,8.97798095
2025-04-28,10,18.692,18.63150165
2025-04-28,11,18.32,14.3426242
2025-04-28,12,12.06,8.516639849999999
2025-04-28,13,9.912,14.519729850000001
2025-04-28,14,24.848,23.7996835
2025-04-28,15,18.288,19.858734500000004
2025-04-28,16,19.58,23.289672000000003
2025-04-28,17,2.0,4.29439099
2025-04-28,18,9.02,12.11802515
2025-04-28,19,8.028,13.300253399999999
2025-04-28,2,18.048,20.57613815
2025-04-28,20,10.102,10.926634525
2025-04-28,21,27.42,25.905569900000003
2025-04-28,22,7.384,12.177384199999999
2025-04-28,23,30.228,23.54173035
2025-04-28,24,9.308,16.17542985
2025-04-28,25,17.328,14.533251499999999
2025-04-28,26,16.0,11.281602849999999
2025-04-28,27,10.48,10.788181049999999
2025-04-28,28,12.732,11.8113377
2025-04-28,29,30.528,21.261117849999998
2025-04-28,3,11.472,17.489565749999997
2025-04-28,30,2.68,7.55690862
2025-04-28,31,22.592,22.411005799999998
2025-04-28,32,28.288,26.6809659
2025-04-28,33,8.692,11.108628449999998
2025-04-28,34,10.892,11.99330245
2025-04-28,35,27.944,15.9585449
2025-04-28,36,10.788,11.5344391
2025-04-28,37,16.4,22.191944149999998
2025-04-28,38,12.69,9.7964982
2025-04-28,39,10.552,12.12993875
2025-04-28,4,8.52,14.8736322
2025-04-28,5,19.86,8.38067295
2025-04-28,6,45.64,27.3133709
2025-04-28,7,18.128,22.18107155
2025-04-28,8,25.692,19.8951456
2025-04-28,9,24.868,19.30646375
2025-04-29,1,13.332,8.4842522
2025-04-29,10,21.652,19.6806783
2025-04-29,11,19.248,14.0485927
2025-04-29,12,9.76,8.8970576
2025-04-29,13,18.711,14.008891225
2025-04-29,14,24.768,23.617659449999998
2025-04-29,15,21.12,20.2746687
2025-04-29,16,21.08,25.486253299999998
2025-04-29,17,4.91,4.263145605
2025-04-29,18,24.992,12.56739615
2025-04-29,19,10.77,13.9735191
2025-04-29,2,14.3028,20.518905750000002
2025-04-29,20,16.46,11.0651066
2025-04-29,21,31.74,26.20891305
2025-04-29,22,1.412,11.156077849999999
2025-04-29,23,23.588,24.2638987
2025-04-29,24,10.532,17.73527085
2025-04-29,25,18.772,15.2246369
2025-04-29,26,6.288,11.7427937
2025-04-29,27,16.96,11.15141095
2025-04-29,28,14.212,12.26762415
2025-04-29,29,29.78,22.2937351
2025-04-29,3,19.828,16.87647455
2025-04-29,30,6.452,7.16258228
2025-04-29,31,28.752,22.96266035
2025-04-29,32,36.112,27.1660073
2025-04-29,33,17.468,11.5073773
2025-04-29,34,13.928,12.56994845
2025-04-29,35,21.068,18.169349949999997
2025-04-29,36,10.64,12.43769055
2025-04-29,37,20.704,22.216895
2025-04-29,38,12.828,9.02039775
2025-04-29,39,14.208,12.457397675
2025-04-29,4,9.744,13.899077850000001
2025-04-29,5,1.64,8.1200661
2025-04-29,6,55.852,29.791994199999998
2025-04-29,7,29.376,22.8139995
2025-04-29,8,17.5,21.157426649999998
2025-04-29,9,21.392,18.73021405
2025-04-30,1,14.92,9.292208299999999
2025-04-30,10,18.748,21.303897499999998
2025-04-30,11,21.98,15.581477799999998
2025-04-30,12,12.92,10.34642625
2025-04-30,13,14.696,14.414700100000001
2025-04-30,14,21.428,25.1429822
2025-04-30,15,23.74,22.1994726
2025-04-30,16,26.38,27.440723849999998
2025-04-30,17,10.2,4.50080089
2025-04-30,18,23.748,13.5312795
2025-04-30,19,18.09,14.483532
2025-04-30,2,14.2,20.6291935
2025-04-30,20,14.74,12.1828288
2025-04-30,21,30.48,28.6797811
2025-04-30,22,10.88,11.0299688
2025-04-30,23,29.84,26.5723002
2025-04-30,24,20.536,17.85705845
2025-04-30,25,10.788,16.62064495
2025-04-30,26,14.692,13.55405245
2025-04-30,27,11.08,12.14484875
2025-04-30,28,10.4,13.6634331
2025-04-30,29,32.032,25.58747175
2025-04-30,3,18.748,17.5064783
2025-04-30,30,0.3,7.379238849999999
2025-04-30,31,27.228,24.381853999999997
2025-04-30,32,30.592,29.2060698
2025-04-30,33,9.588,12.30993165
2025-04-30,34,10.112,13.7348729
2025-04-30,35,25.668,21.758257049999997
2025-04-30,36,18.2628,13.76973165
2025-04-30,37,17.888,23.592559350000002
2025-04-30,38,13.5,9.99964385
2025-04-30,39,11.76,13.65470135
2025-04-30,4,13.512,13.5028084
2025-04-30,5,1.492,10.659835000000001
2025-04-30,6,39.48,32.492947300000004
2025-04-30,7,17.296,24.400562100000002
2025-04-30,8,21.12,23.227581549999996
2025-04-30,9,16.952,21.12445245
2025-05-01,1,10.108,10.265602099999999
2025-05-01,10,17.268,21.507270849999998
2025-05-01,11,18.708,17.225256199999997
2025-05-01,12,12.03,11.0169028
2025-05-01,13,10.972,15.0299277
2025-05-01,14,23.864,25.586514
2025-05-01,15,14.172,22.337369
2025-05-01,16,11.628,26.069964300000002
2025-05-01,17,4.81,4.84653884
2025-05-01,18,9.828,15.666075249999999
2025-05-01,19,20.58,13.8890615
2025-05-01,2,28.5828,20.7043195
2025-05-01,20,9.102,13.133740849999999
2025-05-01,21,37.28,28.994526900000004
2025-05-01,22,5.392,10.05161255
2025-05-01,23,36.7828,26.284363749999997
2025-05-01,24,20.492,16.467757250000002
2025-05-01,25,9.48,17.341288650000003
2025-05-01,26,8.988,12.7429199
2025-05-01,27,11.8,13.26328675
2025-05-01,28,10.968,14.1549948
2025-05-01,29,19.0,26.916489600000002
2025-05-01,3,18.892,18.37470435
2025-05-01,30,9.311,7.79497488
2025-05-01,31,20.04,25.21905615
2025-05-01,32,28.0228,30.159366300000002
2025-05-01,33,10.264,13.35138055
2025-05-01,34,20.368,14.20031015
2025-05-01,35,43.8228,23.2151013
2025-05-01,36,24.136,13.4605874
2025-05-01,37,27.28,23.3138559
2025-05-01,38,10.53,10.798057
2025-05-01,39,12.828,14.22324685
2025-05-01,4,10.816,13.1739751
2025-05-01,5,1.28,10.651937199999999
2025-05-01,6,55.428,34.54462815
2025-05-01,7,35.472,25.446978050000002
2025-05-01,8,22.3,23.5498271
2025-05-01,9,21.056,22.6071944
2025-05-02,1,13.932,11.418540049999999
2025-05-02,10,21.024,21.749997999999998
2025-05-02,11,23.064,18.7126643
2025-05-02,12,12.67,11.3336605
2025-05-02,13,17.64,15.02259235
2025-05-02,14,26.588,24.8991238
2025-05-02,15,26.096,22.004947799999997
2025-05-02,16,4.572,25.397991
2025-05-02,17,4.46,5.650047395
2025-05-02,18,10.76,17.88675295
2025-05-02,19,17.73,14.49444335
2025-05-02,2,18.104,19.9833176
2025-05-02,20,14.976,14.018700200000001
2025-05-02,21,26.96,28.741895
2025-05-02,22,9.792,9.3863492
2025-05-02,23,25.336,25.81794675
2025-05-02,24,37.5,16.2484031
2025-05-02,25,19.072,16.177469600000002
2025-05-02,26,14.711,12.772359250000001
2025-05-02,27,11.06,13.80233215
2025-05-02,28,10.528,13.67900175
2025-05-02,29,28.72,27.766524399999998
2025-05-02,3,17.412,19.00878385
2025-05-02,30,0.988,7.165346885
2025-05-02,31,35.992,26.1164056
2025-05-02,32,25.752,29.984701899999997
2025-05-02,33,14.888,13.35489045
2025-05-02,34,17.3,13.722763149999999
2025-05-02,35,32.656,23.27944155
2025-05-02,36,18.96,14.3038018
2025-05-02,37,25.176,22.7374113
2025-05-02,38,13.38,11.504214650000002
2025-05-02,39,11.968,14.058315100000002
2025-05-02,4,9.192,13.14052275
2025-05-02,5,1.28,9.5120503
2025-05-02,6,44.14,37.016263800000004
2025-05-02,7,30.136,24.440013999999998
2025-05-02,8,21.428,22.34365565
2025-05-02,9,11.852,21.449387299999998
2025-05-03,1,8.688,10.6640391
2025-05-03,10,28.6,20.12168485
2025-05-03,11,13.8,17.885430650000004
2025-05-03,12,7.78,10.846639699999999
2025-05-03,13,7.748,14.239968650000002
2025-05-03,14,21.6,23.394861849999998
2025-05-03,15,19.9828,20.5028797
2025-05-03,16,32.211,22.443015250000002
2025-05-03,17,6.7,5.24212745
2025-05-03,18,13.224,16.49531255
2025-05-03,19,19.64,14.53385705
2025-05-03,2,27.872,19.429096549999997
2025-05-03,20,12.9028,12.29454545
2025-05-03,21,29.52,28.095276300000002
2025-05-03,22,1.56,8.4477887
2025-05-03,23,21.132,25.1231922
2025-05-03,24,11.11,16.3524653
2025-05-03,25,16.711,14.264708650000001
2025-05-03,26,7.84,11.7470915
2025-05-03,27,18.66,12.332759450000001
2025-05-03,28,11.7428,12.5374478
2025-05-03,29,30.258,25.5942219
2025-05-03,3,10.68,18.53737135
2025-05-03,30,10.56,7.148288485
2025-05-03,31,33.136,24.823103600000003
2025-05-03,32,28.911,28.56411075
2025-05-03,33,31.92,11.67776705
2025-05-03,34,9.5,13.37445605
2025-05-03,35,27.1428,24.787325699999997
2025-05-03,36,11.1828,15.47458155
2025-05-03,37,30.12,21.410061650000003
2025-05-03,38,10.09,11.1168648
2025-05-03,39,10.84,12.913241150000001
2025-05-03,4,9.68,12.8103547
2025-05-03,5,3.228,7.6186931499999995
2025-05-03,6,24.648,37.02691285
2025-05-03,7,28.711,23.962504850000002
2025-05-03,8,26.972,21.53499205
2025-05-03,9,20.172,19.9909462
2025-05-04,1,9.808,11.434568050000001
2025-05-04,10,22.336,20.201
2025-05-04,11,13.508,18.391375449999998
2025-05-04,12,12.03,11.2363297
2025-05-04,13,10.5428,14.2202939
2025-05-04,14,20.028,23.3283195
2025-05-04,15,19.428,20.3770965
2025-05-04,16,23.768,19.023722499999998
2025-05-04,17,9.01,5.34157815
2025-05-04,18,30.768,15.327852949999999
2025-05-04,19,16.4,15.231460375000001
2025-05-04,2,18.568,19.7485912
2025-05-04,20,10.768,12.328508249999999
2025-05-04,21,21.6,28.542450900000002
2025-05-04,22,13.64,8.451849675
2025-05-04,23,39.252,25.651352250000002
2025-05-04,24,10.72,19.5199262
2025-05-04,25,11.96,14.425522650000001
2025-05-04,26,20.008,12.23872105
2025-05-04,27,12.14,11.91892515
2025-05-04,28,10.188,12.37968175
2025-05-04,29,26.5,25.002025
2025-05-04,3,17.128,18.269906900000002
2025-05-04,30,3.98,6.94655532
2025-05-04,31,22.68,24.642832650000003
2025-05-04,32,31.24,27.67086905
2025-05-04,33,11.711,11.652887549999999
2025-05-04,34,17.592,14.8168289
2025-05-04,35,22.228,26.6566538
2025-05-04,36,11.968,16.31811535
2025-05-04,37,29.328,22.02412
2025-05-04,38,10.37,11.47524245
2025-05-04,39,18.892,12.697366500000001
2025-05-04,4,9.368,12.0765092
2025-05-04,5,10.02,6.817762795
2025-05-04,6,38.428,37.82359235
2025-05-04,7,25.768,25.11363665
2025-05-04,8,21.708,21.72540885
2025-05-04,9,19.948,18.79624065
2025-05-05,1,5.652,10.3128341
2025-05-05,10,18.852,20.453427750000003
2025-05-05,11,10.108,17.58417295
2025-05-05,12,7.25,10.12460575
2025-05-05,13,12.016,12.441583549999999
2025-05-05,14,24.652,22.58792185
2025-05-05,15,19.48,20.451315450000003
2025-05-05,16,25.9,19.3435968
2025-05-05,17,3.63,5.2834429499999995
2025-05-05,18,18.248,13.94532805
2025-05-05,19,9.3,15.48412695
2025-05-05,2,20.256,20.7440895
2025-05-05,20,11.112,11.9180662
2025-05-05,21,23.14,27.98643635
2025-05-05,22,12.896,7.169955034999999
2025-05-05,23,24.028,24.737033150000002
2025-05-05,24,25.112,19.5651734
2025-05-05,25,16.548,13.972055675
2025-05-05,26,17.732,11.01598105
2025-05-05,27,8.96,12.3157123
2025-05-05,28,8.42,11.194564875000001
2025-05-05,29,25.928,25.474162800000002
2025-05-05,3,13.74,16.29665275
2025-05-05,30,12.2,6.82118775
2025-05-05,31,14.832,25.9193049
2025-05-05,32,27.648,26.6490232
2025-05-05,33,10.012,13.87255135
2025-05-05,34,10.708,13.36650075
2025-05-05,35,22.88,26.082972599999998
2025-05-05,36,10.08,14.7220774
2025-05-05,37,21.216,22.785455499999998
2025-05-05,38,10.08,10.6983547
2025-05-05,39,12.372,12.03690975
2025-05-05,4,9.488,11.297570399999998
2025-05-05,5,6.9,6.116298855
2025-05-05,6,49.72,37.0549921
2025-05-05,7,22.312,25.34734655
2025-05-05,8,22.08,21.456085
2025-05-05,9,17.828,18.48818945
2025-05-06,1,13.188,9.888300899999999
2025-05-06,10,24.56,21.478845299999996
2025-05-06,11,17.6,16.7634356
2025-05-06,12,7.53,10.1424861
2025-05-06,13,18.792,11.97975055
2025-05-06,14,19.028,21.96869645
2025-05-06,15,20.332,20.38965855
2025-05-06,16,20.42,21.489933550000003
2025-05-06,17,8.42,5.598903015
2025-05-06,18,10.572,16.05977625
2025-05-06,19,14.09,15.761763275
2025-05-06,2,13.296,20.92413375
2025-05-06,20,9.52,11.813197200000001
2025-05-06,21,35.711,27.61283095
2025-05-06,22,14.12,7.469438944999999
2025-05-06,23,26.18,26.158182
2025-05-06,24,14.24,18.22189325
2025-05-06,25,11.64,13.771997200000001
2025-05-06,26,12.76,11.7653714
2025-05-06,27,8.6,12.55910075
2025-05-06,28,10.968,10.95796835
2025-05-06,29,29.932,26.1970549
2025-05-06,3,11.25,15.925100075
2025-05-06,30,0.0,6.5916605
2025-05-06,31,28.0,26.42380945
2025-05-06,32,41.168,27.304482750000002
2025-05-06,33,10.72,14.716441750000001
2025-05-06,34,19.052,13.635151725
2025-05-06,35,30.62,25.6995282
2025-05-06,36,10.74,13.9928349
2025-05-06,37,27.808,23.983336200000004
2025-05-06,38,10.28,10.165685
2025-05-06,39,13.208,13.025852350000001
2025-05-06,4,10.296,10.749229825
2025-05-06,5,10.258,6.31031895
2025-05-06,6,50.832,36.171149050000004
2025-05-06,7,24.8,25.9340558
2025-05-06,8,22.532,22.0208181
2025-05-06,9,21.84,18.64058345
2025-05-07,1,9.311,9.45292675
2025-05-07,10,21.132,21.60088145
2025-05-07,11,16.8228,16.050380750000002
2025-05-07,12,8.92,10.239785699999999
2025-05-07,13,13.832,11.9889647
2025-05-07,14,23.0,23.014482100000002
2025-05-07,15,23.296,20.47446115
2025-05-07,16,22.728,22.8019614
2025-05-07,17,5.31,5.57277838
2025-05-07,18,20.86,17.6222188
2025-05-07,19,16.11,14.9493677
2025-05-07,2,25.96,21.119726399999998
2025-05-07,20,11.268,11.889727650000001
2025-05-07,21,30.228,26.80474545
2025-05-07,22,20.6628,8.463110799999999
2025-05-07,23,27.072,27.193302850000002
2025-05-07,24,20.28,18.81200035
2025-05-07,25,17.028,14.4999735
2025-05-07,26,14.26,13.2654366
2025-05-07,27,17.08,12.4057295
2025-05-07,28,8.68,10.9527557
2025-05-07,29,27.728,26.659513349999997
2025-05-07,3,22.5,15.87009015
2025-05-07,30,3.128,7.275393975
2025-05-07,31,28.008,24.856567350000002
2025-05-07,32,27.288,27.9610078
2025-05-07,33,12.1428,13.96427755
2025-05-07,34,16.668,13.672916350000001
2025-05-07,35,45.968,26.229421300000002
2025-05-07,36,18.292,13.529195649999998
2025-05-07,37,10.428,24.1592782
2025-05-07,38,17.08,10.319068649999998
2025-05-07,39,14.24,13.658559250000001
2025-05-07,4,8.8228,10.7816921
2025-05-07,5,20.6,6.91975414
2025-05-07,6,48.352,37.1110148
2025-05-07,7,32.6,25.28961795
2025-05-07,8,17.736,22.8512879
2025-05-07,9,19.12,19.55568425
2025-05-08,1,8.6,10.331208175
2025-05-08,10,25.52,22.621096899999998
2025-05-08,11,11.148,16.5609635
2025-05-08,12,10.31,10.2500289
2025-05-08,13,12.828,13.853591349999999
2025-05-08,14,21.432,23.8247145
2025-05-08,15,19.752,21.0957205
2025-05-08,16,17.972,23.29085105
2025-05-08,17,4.94,6.001171469999999
2025-05-08,18,9.72,17.9396675
2025-05-08,19,17.01,14.725154499999999
2025-05-08,2,31.84,20.5571306
2025-05-08,20,12.62,11.99477985
2025-05-08,21,25.536,28.48053185
2025-05-08,22,20.496,9.7047204
2025-05-08,23,10.928,26.986724699999996
2025-05-08,24,29.208,18.94538305
2025-05-08,25,17.711,14.9470008
2025-05-08,26,12.428,13.761234949999999
2025-05-08,27,10.78,12.372326699999999
2025-05-08,28,11.272,11.4571066
2025-05-08,29,11.52,27.651679700000003
2025-05-08,3,25.492,15.97342175
2025-05-08,30,6.492,7.125562425
2025-05-08,31,36.48,25.353127399999998
2025-05-08,32,31.888,30.778448000000004
2025-05-08,33,13.08,13.8263563
2025-05-08,34,18.908,14.72983195
2025-05-08,35,31.744,27.42789
2025-05-08,36,17.856,13.382341324999999
2025-05-08,37,21.248,25.108480999999998
2025-05-08,38,10.32,10.801711599999999
2025-05-08,39,21.26,14.29932235
2025-05-08,4,12.11,11.085754099999999
2025-05-08,5,10.8628,7.7084250700000005
2025-05-08,6,43.488,39.8133457
2025-05-08,7,26.328,26.088134250000003
2025-05-08,8,28.12,23.23745775
2025-05-08,9,20.96,21.03562155
2025-05-09,1,14.3,10.437854349999999
2025-05-09,10,18.376,22.207788299999997
2025-05-09,11,13.28,16.893321450000002
2025-05-09,12,10.51,9.9146274
2025-05-09,13,11.136,14.014760249999998
2025-05-09,14,21.42,22.63863185
2025-05-09,15,23.92,20.734205950000003
2025-05-09,16,18.508,22.70954835
2025-05-09,17,10.6,6.06654593
2025-05-09,18,12.48,18.0992097
2025-05-09,19,16.36,15.023151825
2025-05-09,2,23.028,20.8021819
2025-05-09,20,7.58,11.59160975
2025-05-09,21,23.32,28.5116115
2025-05-09,22,21.892,11.31865875
2025-05-09,23,19.608,26.24054555
2025-05-09,24,24.72,19.24245155
2025-05-09,25,16.528,14.7866838
2025-05-09,26,11.12,13.385893825
2025-05-09,27,10.68,12.6267534
2025-05-09,28,10.14,10.82786695
2025-05-09,29,10.511,27.468318499999995
2025-05-09,3,20.6,16.77219525
2025-05-09,30,10.932,6.641795800000001
2025-05-09,31,19.552,25.4468143
2025-05-09,32,33.368,30.77304075
2025-05-09,33,35.812,12.9551301
2025-05-09,34,9.232,15.0515905
2025-05-09,35,18.988,28.2981959
2025-05-09,36,13.12,13.812337549999999
2025-05-09,37,28.048,23.2387224
2025-05-09,38,14.42,11.56919205
2025-05-09,39,13.228,13.9148473
2025-05-09,4,10.68,11.082037
2025-05-09,5,2.256,9.4282481
2025-05-09,6,43.952,39.833308
2025-05-09,7,27.232,25.37594905
2025-05-09,8,16.5428,22.112892449999997
2025-05-09,9,20.652,20.552543399999998
2025-05-10,1,10.528,9.3380846
2025-05-10,10,20.492,21.630842
2025-05-10,11,14.028,15.27515765
2025-05-10,12,10.66,9.172554725000001
2025-05-10,13,10.304,12.756776850000001
2025-05-10,14,24.708,21.29277355
2025-05-10,15,21.368,19.415004500000002
2025-05-10,16,19.472,20.43211615
2025-05-10,17,4.92,5.455912195
2025-05-10,18,26.808,15.9745425
2025-05-10,19,23.26,14.83267065
2025-05-10,2,11.52,21.565997949999996
2025-05-10,20,18.56,10.443603799999998
2025-05-10,21,27.76,27.2472833
2025-05-10,22,13.411,12.219203525000001
2025-05-10,23,26.6628,23.580147750000002
2025-05-10,24,18.288,19.70747135
2025-05-10,25,16.304,13.92200125
2025-05-10,26,7.528,12.22831765
2025-05-10,27,11.608,11.7202801
2025-05-10,28,12.428,9.850773
2025-05-10,29,32.068,24.093428600000003
2025-05-10,3,16.108,17.753485650000002
2025-05-10,30,2.496,6.39365445
2025-05-10,31,22.728,25.2026078
2025-05-10,32,30.428,28.81675305
2025-05-10,33,35.372,11.8335477
2025-05-10,34,10.76,15.1004744
2025-05-10,35,71.892,29.32674085
2025-05-10,36,14.5428,14.1148344
2025-05-10,37,32.328,21.37932085
2025-05-10,38,9.56,11.0174388
2025-05-10,39,11.732,14.0403868
2025-05-10,4,10.832,10.2263982
2025-05-10,5,17.692,9.406781200000001
2025-05-10,6,46.36,39.42953405
2025-05-10,7,26.128,25.03340035
2025-05-10,8,22.008,21.5725122
2025-05-10,9,16.2,19.4934554
2025-05-11,1,8.288,9.93615095
2025-05-11,10,24.18,22.415186
2025-05-11,11,11.508,14.840275
2025-05-11,12,12.32,9.42600015
2025-05-11,13,12.92,12.40578045
2025-05-11,14,24.112,22.1512222
2025-05-11,15,14.612,20.17682165
2025-05-11,16,22.008,19.704198599999998
2025-05-11,17,6.69,5.48202341
2025-05-11,18,13.192,15.38413005
2025-05-11,19,21.18,15.485744350000001
2025-05-11,2,25.92,22.90758575
2025-05-11,20,23.0,10.05037185
2025-05-11,21,18.272,27.7111009
2025-05-11,22,16.84288,14.180759600000002
2025-05-11,23,29.856,23.14675115
2025-05-11,24,18.7428,22.713538200000002
2025-05-11,25,9.688,14.519056350000001
2025-05-11,26,13.188,12.6018653
2025-05-11,27,17.96,11.56400065
2025-05-11,28,10.06,9.890617
2025-05-11,29,29.25,22.23698705
2025-05-11,3,17.18,19.64437765
2025-05-11,30,18.68,6.735608425
2025-05-11,31,25.24,26.7967887
2025-05-11,32,25.76,30.3768197
2025-05-11,33,28.258,15.2413057
2025-05-11,34,16.512,14.510019
2025-05-11,35,57.28,30.0253107
2025-05-11,36,17.028,14.896403399999999
2025-05-11,37,18.84,22.74482125
2025-05-11,38,14.64,11.8254527
2025-05-11,39,11.708,14.5377565
2025-05-11,4,10.9428,9.8710201
2025-05-11,5,13.92,8.361325350000001
2025-05-11,6,48.856,42.09054810000001
2025-05-11,7,26.624,26.6950803
2025-05-11,8,25.488,21.7894063
2025-05-11,9,24.096,19.89393865
2025-05-12,1,8.052,8.672390595
2025-05-12,10,22.96,20.462429550000003
2025-05-12,11,11.16,12.715299550000001
2025-05-12,12,9.73,8.288904275
2025-05-12,13,31.288,10.062861849999999
2025-05-12,14,24.14,20.816131
2025-05-12,15,20.868,19.46889235
2025-05-12,16,16.428,18.2892839
2025-05-12,17,10.44,4.61937698
2025-05-12,18,13.58,14.94368755
2025-05-12,19,18.03,15.0316236
2025-05-12,2,29.296,20.15030105
2025-05-12,20,11.652,10.06660025
2025-05-12,21,33.352,25.7971398
2025-05-12,22,28.048,12.855535499999998
2025-05-12,23,29.272,21.357057849999997
2025-05-12,24,26.92,20.160443200000003
2025-05-12,25,17.3,13.396623349999999
2025-05-12,26,9.132,10.142618849999998
2025-05-12,27,13.592,10.46380855
2025-05-12,28,10.1,8.94525165
2025-05-12,29,29.992,21.233817600000002
2025-05-12,3,17.7,17.080029999999997
2025-05-12,30,9.5028,5.383729925000001
2025-05-12,31,39.248,24.541048699999997
2025-05-12,32,32.736,28.773515500000002
2025-05-12,33,28.944,18.49977635
2025-05-12,34,14.88,11.827763299999999
2025-05-12,35,66.016,32.086769
2025-05-12,36,12.46,13.0335509
2025-05-12,37,26.254,22.774781349999998
2025-05-12,38,11.27,10.19620515
2025-05-12,39,14.032,12.1778041
2025-05-12,4,10.104,9.049278600000001
2025-05-12,5,13.828,7.967384580000001
2025-05-12,6,51.12,39.57338025
2025-05-12,7,27.412,25.1968103
2025-05-12,8,26.012,19.8180473
2025-05-12,9,19.432,17.5313902
2025-05-13,1,8.428,9.30520545
2025-05-13,10,22.728,21.67219035
2025-05-13,11,16.104,13.521856025000002
2025-05-13,12,11.33,9.47902285
2025-05-13,13,16.46,11.3411702
2025-05-13,14,23.572,22.111351900000003
2025-05-13,15,11.052,19.6836658
2025-05-13,16,10.932,20.10531
2025-05-13,17,4.25,5.63034326
2025-05-13,18,17.748,17.0573181
2025-05-13,19,18.51,17.4326608
2025-05-13,2,16.2628,21.128963900000002
2025-05-13,20,17.92,12.8155456
2025-05-13,21,23.988,25.227002050000003
2025-05-13,22,11.928,14.339566900000001
2025-05-13,23,25.48,23.8452015
2025-05-13,24,11.776,20.12364925
2025-05-13,25,9.92,13.3834183
2025-05-13,26,10.652,10.8713789
2025-05-13,27,13.072,12.378646750000001
2025-05-13,28,18.3,9.694220399999999
2025-05-13,29,28.216,23.9407167
2025-05-13,3,18.74,17.8821179
2025-05-13,30,0.0,7.6857543999999995
2025-05-13,31,19.936,25.09748195
2025-05-13,32,33.464,28.86171
2025-05-13,33,9.376,22.15305385
2025-05-13,34,16.536,13.213704775
2025-05-13,35,36.411,37.4027875
2025-05-13,36,19.6,14.014199075
2025-05-13,37,25.5428,24.0700242
2025-05-13,38,11.23,11.16140885
2025-05-13,39,18.25,13.411253225
2025-05-13,4,9.5828,10.28441355
2025-05-13,5,8.492,10.04607315
2025-05-13,6,32.892,40.155381649999995
2025-05-13,7,31.48,26.16738925
2025-05-13,8,21.46,21.3994714
2025-05-13,9,22.032,19.852525899999996
2025-05-14,1,21.672,8.8209207
2025-05-14,10,21.064,22.1601812
2025-05-14,11,13.928,12.67710375
2025-05-14,12,9.4,9.6546856
2025-05-14,13,10.11,14.2193826
2025-05-14,14,22.456,23.1927636
2025-05-14,15,22.428,19.47
2025-05-14,16,22.86,20.2560042
2025-05-14,17,5.21,5.899058030000001
2025-05-14,18,11.9428,16.71185745
2025-05-14,19,16.29,17.46026255
2025-05-14,2,25.612,22.902428049999997
2025-05-14,20,16.68,13.380730449999998
2025-05-14,21,27.708,25.58598985
2025-05-14,22,18.588,16.4607582
2025-05-14,23,31.2,25.291846300000003
2025-05-14,24,27.732,21.586895900000002
2025-05-14,25,11.52,13.770350749999999
2025-05-14,26,14.456,10.84637515
2025-05-14,27,17.788,12.7866413
2025-05-14,28,10.7,9.82822135
2025-05-14,29,24.692,25.3781956
2025-05-14,3,20.52,17.8222782
2025-05-14,30,14.288,8.506904675000001
2025-05-14,31,30.752,26.334621300000002
2025-05-14,32,32.984,28.78077105
2025-05-14,33,25.652,23.4824868
2025-05-14,34,9.12,13.364914075
2025-05-14,35,18.8,42.11782795
2025-05-14,36,14.92,13.8539048
2025-05-14,37,28.4,23.89344475
2025-05-14,38,10.53,11.20826925
2025-05-14,39,14.74,13.27453105
2025-05-14,4,8.36,10.4240849
2025-05-14,5,13.58,10.90958405
2025-05-14,6,37.46,41.916703
2025-05-14,7,23.52,26.31806675
2025-05-14,8,24.792,22.8216223
2025-05-14,9,22.88,20.323148
2025-05-15,1,6.608,8.694775275000001
2025-05-15,10,10.28,22.2312059
2025-05-15,11,24.848,12.900354400000001
2025-05-15,12,12.28,9.907778075
2025-05-15,13,16.72,16.4123119
2025-05-15,14,21.932,23.1033688
2025-05-15,15,20.252,18.65346515
2025-05-15,16,17.848,18.18138985
2025-05-15,17,4.11,5.85777987
2025-05-15,18,16.048,16.1874812
2025-05-15,19,21.79,17.330105000000003
2025-05-15,2,32.952,21.91664435
2025-05-15,20,16.748,13.666298099999999
2025-05-15,21,25.28,26.06628465
2025-05-15,22,18.812,16.839487050000002
2025-05-15,23,30.28,24.978821000000003
2025-05-15,24,33.908,20.0583926
2025-05-15,25,16.228,13.082105125000002
2025-05-15,26,10.7028,10.493772799999999
2025-05-15,27,14.932,12.795926999999999
2025-05-15,28,14.62,11.09677245
2025-05-15,29,28.24,25.9253341
2025-05-15,3,18.36,17.71494295
2025-05-15,30,6.88,7.64535626
2025-05-15,31,21.792,26.617167700000003
2025-05-15,32,25.472,30.08063
2025-05-15,33,25.08,21.14385175
2025-05-15,34,28.2628,14.09854425
2025-05-15,35,13.36,43.3777361
2025-05-15,36,8.42,14.3951072
2025-05-15,37,38.102,24.39861405
2025-05-15,38,12.01,11.03487395
2025-05-15,39,18.3,14.103657
2025-05-15,4,14.496,10.4589229
2025-05-15,5,5.711,10.989028950000002
2025-05-15,6,35.028,41.56074625
2025-05-15,7,30.672,26.467495550000002
2025-05-15,8,17.468,22.736759149999997
2025-05-15,9,19.528,20.752626050000003
2025-05-16,1,8.352,10.88528265
2025-05-16,10,25.288,21.72199945
2025-05-16,11,20.552,13.6981629
2025-05-16,12,8.33,10.25798715
2025-05-16,13,13.12,15.856231399999999
2025-05-16,14,25.092,22.85757725
2025-05-16,15,21.04,18.58965165
2025-05-16,16,19.211,18.42500015
2025-05-16,17,10.42,6.20595031
2025-05-16,18,16.352,15.9839594
2025-05-16,19,17.69,17.1529333
2025-05-16,2,26.352,21.79236225
2025-05-16,20,10.308,14.27342515
2025-05-16,21,27.11,25.6889031
2025-05-16,22,32.8,17.28579425
2025-05-16,23,27.088,25.1114922
2025-05-16,24,20.632,20.4032548
2025-05-16,25,11.1428,12.936802400000001
2025-05-16,26,5.412,11.0884754
2025-05-16,27,11.28,13.982364700000002
2025-05-16,28,9.1,11.75198015
2025-05-16,29,28.508,25.6632205
2025-05-16,3,14.25,18.66001825
2025-05-16,30,0.288,8.609882500000001
2025-05-16,31,33.856,26.0452794
2025-05-16,32,26.184,29.714363
2025-05-16,33,27.932,20.31930905
2025-05-16,34,16.448,13.957203499999999
2025-05-16,35,33.492,39.179514499999996
2025-05-16,36,10.628,15.108384150000001
2025-05-16,37,29.216,23.85672415
2025-05-16,38,13.98,11.3596194
2025-05-16,39,12.828,14.772361349999999
2025-05-16,4,8.48,10.54573935
2025-05-16,5,10.656,12.0809087
2025-05-16,6,27.032,38.88130675
2025-05-16,7,23.648,26.15834855
2025-05-16,8,18.052,22.21196665
2025-05-16,9,19.22,21.1670764
2025-05-17,1,14.928,10.303824
2025-05-17,10,18.12,19.79697415
2025-05-17,11,13.528,14.6410999
2025-05-17,12,10.1,9.9778351
2025-05-17,13,17.692,14.653429899999999
2025-05-17,14,24.08,21.751640950000002
2025-05-17,15,18.188,18.1038623
2025-05-17,16,13.092,17.8387099
2025-05-17,17,4.1,5.646538825
2025-05-17,18,12.548,14.8256361
2025-05-17,19,13.11,16.94592965
2025-05-17,2,21.56,22.54616745
2025-05-17,20,11.792,13.846296599999999
2025-05-17,21,21.64,24.5563852
2025-05-17,22,23.14,16.95077965
2025-05-17,23,28.88,23.936503350000002
2025-05-17,24,22.928,21.9840727
2025-05-17,25,8.248,12.605347049999999
2025-05-17,26,7.292,10.60094145
2025-05-17,27,11.696,13.564491799999999
2025-05-17,28,8.852,11.547405099999999
2025-05-17,29,26.811,24.31324255
2025-05-17,3,16.868,18.5592056
2025-05-17,30,0.132,8.46046313
2025-05-17,31,22.536,25.445589249999998
2025-05-17,32,27.32,28.055249599999996
2025-05-17,33,45.388,19.82112255
2025-05-17,34,13.0,15.09840045
2025-05-17,35,24.468,32.793524500000004
2025-05-17,36,12.44,13.681065
2025-05-17,37,21.576,24.323957749999998
2025-05-17,38,11.46,10.95554135
2025-05-17,39,17.252,15.03417
2025-05-17,4,8.9028,10.320900349999999
2025-05-17,5,7.032,11.00166065
2025-05-17,6,27.028,35.52155225
2025-05-17,7,28.664,25.2007902
2025-05-17,8,27.976,21.294083049999998
2025-05-17,9,17.58,20.29904535
2025-05-18,1,10.48,10.006040299999999
2025-05-18,10,11.68,19.94801995
2025-05-18,11,14.532,16.2444608
2025-05-18,12,9.25,9.89334015
2025-05-18,13,9.416,14.137521725
2025-05-18,14,26.976,21.883140000000004
2025-05-18,15,18.468,18.39363135
2025-05-18,16,8.668,18.0323025
2025-05-18,17,5.37,6.17868854
2025-05-18,18,16.9,14.94367615
2025-05-18,19,12.22,17.12926805
2025-05-18,2,21.248,23.48267835
2025-05-18,20,17.428,13.1297475
2025-05-18,21,29.372,24.410795649999997
2025-05-18,22,20.592,19.16951785
2025-05-18,23,36.372,24.13199065
2025-05-18,24,27.4628,22.9542222
2025-05-18,25,17.592,12.365719949999999
2025-05-18,26,13.188,9.90109705
2025-05-18,27,11.584,13.2217876
2025-05-18,28,10.136,11.280550999999999
2025-05-18,29,25.72,24.117114700000002
2025-05-18,3,18.024,18.13910305
2025-05-18,30,14.62,7.759523585
2025-05-18,31,32.592,25.56755165
2025-05-18,32,32.032,27.268111850000004
2025-05-18,33,35.508,21.220359900000002
2025-05-18,34,22.14,15.818288525
2025-05-18,35,35.868,28.79579455
2025-05-18,36,16.5428,12.882941299999999
2025-05-18,37,35.8,25.70134875
2025-05-18,38,14.54,11.544924000000002
2025-05-18,39,14.2,14.862800100000001
2025-05-18,4,10.8,10.0786903
2025-05-18,5,1.528,10.3568336
2025-05-18,6,28.64,33.1280152
2025-05-18,7,30.68,25.12817075
2025-05-18,8,23.904,20.122203749999997
2025-05-18,9,25.88,20.09045935
2025-05-19,1,13.58,10.19736185
2025-05-19,10,22.528,19.630947
2025-05-19,11,14.532,15.905277949999999
2025-05-19,12,7.82,9.67597065
2025-05-19,13,16.272,13.8502653
2025-05-19,14,32.76,22.2317215
2025-05-19,15,21.332,18.27536095
2025-05-19,16,19.092,17.16313925
2025-05-19,17,4.44,5.85482435
2025-05-19,18,16.968,14.824129950000001
2025-05-19,19,10.46,16.827484
2025-05-19,2,23.0228,23.0714674
2025-05-19,20,16.512,12.94663215
2025-05-19,21,24.108,24.30272025
2025-05-19,22,10.656,20.0261401
2025-05-19,23,27.012,25.101166449999997
2025-05-19,24,17.48,22.77855385
2025-05-19,25,12.888,11.54983795
2025-05-19,26,6.92,8.942011425
2025-05-19,27,11.648,12.77032555
2025-05-19,28,10.492,10.658999349999998
2025-05-19,29,25.528,24.85616455
2025-05-19,3,18.588,17.3468865
2025-05-19,30,1.032,6.610527095
2025-05-19,31,20.896,25.34187545
2025-05-19,32,28.5828,26.67577735
2025-05-19,33,30.992,25.1882266
2025-05-19,34,14.572,14.4624722
2025-05-19,35,38.672,29.899358199999998
2025-05-19,36,12.988,12.533447250000002
2025-05-19,37,28.76,25.804068299999997
2025-05-19,38,11.09,11.40590395
2025-05-19,39,19.092,14.5248898
2025-05-19,4,10.256,9.949482249999999
2025-05-19,5,2.12,10.0014781
2025-05-19,6,32.576,31.541089649999996
2025-05-19,7,25.368,25.3039389
2025-05-19,8,16.096,20.7652473
2025-05-19,9,17.26,19.1323518
2025-05-20,1,14.06,9.94500215
2025-05-20,10,12.24,18.38704395
2025-05-20,11,11.8,14.98877715
2025-05-20,12,12.39,9.325452949999999
2025-05-20,13,10.032,12.98195845
2025-05-20,14,28.5828,23.08486735
2025-05-20,15,14.92,18.35875155
2025-05-20,16,10.128,15.24680495
2025-05-20,17,8.61,5.52148433
2025-05-20,18,20.572,14.626874650000001
2025-05-20,19,20.61,16.0061033
2025-05-20,2,23.952,22.6682141
2025-05-20,20,16.088,13.3356846
2025-05-20,21,27.952,24.27689175
2025-05-20,22,36.2228,20.1577314
2025-05-20,23,33.428,26.65614745
2025-05-20,24,25.428,22.8639404
2025-05-20,25,11.08,11.3384713
2025-05-20,26,13.624,8.93603545
2025-05-20,27,13.448,12.4799341
2025-05-20,28,10.908,10.022564825
2025-05-20,29,30.22,25.327619749999997
2025-05-20,3,14.732,17.22836335
2025-05-20,30,0.0,7.25443228
2025-05-20,31,25.6628,25.8739168
2025-05-20,32,27.84,26.71660795
2025-05-20,33,41.0,28.4025787
2025-05-20,34,12.12,14.5989957
2025-05-20,35,22.5,30.782901850000002
2025-05-20,36,12.468,12.7661311
2025-05-20,37,16.12,25.722533849999998
2025-05-20,38,10.28,11.530959
2025-05-20,39,12.568,14.26950865
2025-05-20,4,9.992,9.737522949999999
2025-05-20,5,10.652,8.82853725
2025-05-20,6,42.372,30.62317905
2025-05-20,7,25.512,26.20993375
2025-05-20,8,11.311,21.5969543
2025-05-20,9,19.932,20.3132961
2025-05-21,1,14.42,10.4168088
2025-05-21,10,27.148,18.5696734
2025-05-21,11,23.728,14.5628861
2025-05-21,12,9.9,9.174684000000001
2025-05-21,13,25.736,14.23159835
2025-05-21,14,25.896,24.9456378
2025-05-21,15,20.76,19.1599641
2025-05-21,16,24.488,15.272536050000001
2025-05-21,17,8.55,5.41684442
2025-05-21,18,19.38,14.971323300000002
2025-05-21,19,19.7,14.8960096
2025-05-21,2,19.176,22.99651315
2025-05-21,20,14.472,14.079182750000001
2025-05-21,21,23.248,24.98256685
2025-05-21,22,12.588,19.4012905
2025-05-21,23,30.1,27.2078228
2025-05-21,24,22.12,22.7084808
2025-05-21,25,9.192,11.8268467
2025-05-21,26,18.908,8.6450937
2025-05-21,27,20.652,12.466187399999999
2025-05-21,28,19.6,10.0927771
2025-05-21,29,30.068,25.4410298
2025-05-21,3,19.508,17.6549173
2025-05-21,30,10.32,6.9720686
2025-05-21,31,18.056,26.57709665
2025-05-21,32,26.9828,27.224680550000002
2025-05-21,33,41.608,29.624747900000003
2025-05-21,34,10.828,14.76896545
2025-05-21,35,48.788,33.06395295
2025-05-21,36,19.828,13.060698
2025-05-21,37,37.2,26.5356042
2025-05-21,38,13.77,11.46757515
2025-05-21,39,20.78,15.037670849999998
2025-05-21,4,10.976,9.9288145
2025-05-21,5,8.768,7.85315969
2025-05-21,6,44.3,30.396973900000003
2025-05-21,7,29.176,26.2457662
2025-05-21,8,14.76,21.2228861
2025-05-21,9,18.688,20.3699789
2025-05-22,1,10.272,11.411940099999999
2025-05-22,10,9.472,18.372324
2025-05-22,11,21.832,14.71994235
2025-05-22,12,4.11,10.00748535
2025-05-22,13,33.352,14.4781452
2025-05-22,14,26.2,26.276625200000005
2025-05-22,15,20.32,18.5035064
2025-05-22,16,9.72,14.763157549999999
2025-05-22,17,5.78,6.1109634
2025-05-22,18,17.112,16.529159300000003
2025-05-22,19,11.96,15.826074
2025-05-22,2,22.288,23.137481550000004
2025-05-22,20,12.176,14.84141455
2025-05-22,21,27.8628,25.242907199999998
2025-05-22,22,11.86,20.8709906
2025-05-22,23,38.608,27.1662977
2025-05-22,24,21.18,22.25574115
2025-05-22,25,17.288,12.10336365
2025-05-22,26,10.928,9.43743585
2025-05-22,27,11.42,13.001142100000001
2025-05-22,28,14.72,10.944244900000001
2025-05-22,29,27.472,26.1557129
2025-05-22,3,19.66,17.8799448
2025-05-22,30,0.096,6.483301000000001
2025-05-22,31,23.2228,25.6110943
2025-05-22,32,32.784,27.669115849999997
2025-05-22,33,14.12,29.591606499999997
2025-05-22,34,17.028,14.971903525
2025-05-22,35,4.28,31.91963355
2025-05-22,36,26.672,13.6641456
2025-05-22,37,21.128,25.49888725
2025-05-22,38,16.25,11.562822350000001
2025-05-22,39,17.48,15.758163149999998
2025-05-22,4,14.3828,10.56378425
2025-05-22,5,6.26,8.3490361
2025-05-22,6,26.848,30.8019204
2025-05-22,7,32.1828,26.4164238
2025-05-22,8,24.392,19.6923055
2025-05-22,9,19.928,20.72288715
2025-05-23,1,12.468,12.18032255
2025-05-23,10,23.9,18.9940496
2025-05-23,11,36.288,15.5719201
2025-05-23,12,9.66,9.888861275
2025-05-23,13,14.208,15.41526905
2025-05-23,14,31.3028,25.89427115
2025-05-23,15,21.772,18.07229765
2025-05-23,16,8.132,15.917100175000002
2025-05-23,17,6.8,6.21062988
2025-05-23,18,11.296,16.801114849999998
2025-05-23,19,13.03,16.1471172
2025-05-23,2,29.102,22.2477382
2025-05-23,20,18.592,14.58200505
2025-05-23,21,26.768,24.805732900000002
2025-05-23,22,24.032,20.379796900000002
2025-05-23,23,30.784,27.306949250000002
2025-05-23,24,18.02,22.1136699
2025-05-23,25,14.272,11.2497249
2025-05-23,26,7.792,10.77914135
2025-05-23,27,16.22,14.05556825
2025-05-23,28,11.064,11.91546465
2025-05-23,29,31.528,26.1031958
2025-05-23,3,11.88,17.9107328
2025-05-23,30,7.292,6.6610301750000005
2025-05-23,31,37.952,24.3830422
2025-05-23,32,32.688,27.4190434
2025-05-23,33,14.772,31.103478199999998
2025-05-23,34,10.8,13.569604875
2025-05-23,35,4.6,32.02950515
2025-05-23,36,13.288,14.359822400000002
2025-05-23,37,22.56,25.313809650000003
2025-05-23,38,17.47,11.457615650000001
2025-05-23,39,18.188,16.040486100000003
2025-05-23,4,13.168,10.407748699999999
2025-05-23,5,10.211,8.42419819
2025-05-23,6,37.172,31.751388050000003
2025-05-23,7,29.648,25.653644900000003
2025-05-23,8,20.908,18.07378915
2025-05-23,9,18.948,20.204178749999997
2025-05-24,1,10.028,11.20962295
2025-05-24,10,16.96,17.15262875
2025-05-24,11,23.828,16.64058215
2025-05-24,12,12.72,8.762203375
2025-05-24,13,10.132,17.681075949999997
2025-05-24,14,30.812,24.63587795
2025-05-24,15,14.056,17.476531899999998
2025-05-24,16,24.72,14.85749715
2025-05-24,17,5.9,5.764063965
2025-05-24,18,13.072,16.35777195
2025-05-24,19,14.6,15.248088
2025-05-24,2,21.816,21.64380945
2025-05-24,20,17.208,13.07477065
2025-05-24,21,30.072,23.9426449
2025-05-24,22,24.296,17.5997772
2025-05-24,23,32.048,27.0107184
2025-05-24,24,22.452,21.8588655
2025-05-24,25,9.52,11.23226845
2025-05-24,26,16.616,10.60072305
2025-05-24,27,19.252,13.3345119
2025-05-24,28,13.56,12.225406425
2025-05-24,29,30.148,25.410566700000004
2025-05-24,3,16.74,17.4988485
2025-05-24,30,2.96,6.02501605
2025-05-24,31,21.8628,22.3767275
2025-05-24,32,33.112,26.379408400000003
2025-05-24,33,14.26,28.09911825
2025-05-24,34,18.552,13.54222905
2025-05-24,35,4.6,27.393188099999996
2025-05-24,36,11.6628,15.4521596
2025-05-24,37,29.136,25.07552565
2025-05-24,38,11.51,11.612568575
2025-05-24,39,17.652,15.919427200000001
2025-05-24,4,11.92,10.34987655
2025-05-24,5,3.16,7.78330725
2025-05-24,6,30.868,30.77953745
2025-05-24,7,25.768,25.63454395
2025-05-24,8,16.16,17.89294625
2025-05-24,9,30.352,19.1028247
2025-05-25,1,10.992,11.22292495
2025-05-25,10,25.36,18.3494891
2025-05-25,11,18.66,20.2705798
2025-05-25,12,10.45,8.592386000000001
2025-05-25,13,10.7,18.05833645
2025-05-25,14,30.832,25.8475732
2025-05-25,15,14.68,18.297283900000004
2025-05-25,16,8.28,13.7490347
2025-05-25,17,7.52,5.701804035
2025-05-25,18,20.192,16.198118700000002
2025-05-25,19,10.82,14.914719550000001
2025-05-25,2,20.104,23.10591555
2025-05-25,20,11.811,13.508108499999999
2025-05-25,21,20.896,25.260586749999998
2025-05-25,22,10.192,18.6901477
2025-05-25,23,31.928,28.5084327
2025-05-25,24,21.258,21.783178
2025-05-25,25,10.548,11.725511050000001
2025-05-25,26,9.592,10.5070662
2025-05-25,27,19.108,13.645975949999999
2025-05-25,28,19.088,12.136088399999998
2025-05-25,29,31.572,26.920507649999998
2025-05-25,3,18.76,17.029096199999998
2025-05-25,30,3.96,6.080579950000001
2025-05-25,31,22.456,24.84865595
2025-05-25,32,27.192,27.645404749999997
2025-05-25,33,14.96,25.222605950000002
2025-05-25,34,11.42,13.457401675
2025-05-25,35,25.692,23.012966999999996
2025-05-25,36,21.176,16.024901399999997
2025-05-25,37,28.136,25.4217385
2025-05-25,38,14.22,13.16703325
2025-05-25,39,19.46,16.5630142
2025-05-25,4,12.336,10.61655005
2025-05-25,5,10.2,7.96500905
2025-05-25,6,37.028,31.2904386
2025-05-25,7,25.424,27.04791685
2025-05-25,8,16.892,18.679172349999998
2025-05-25,9,21.86,19.43253995
2025-05-26,1,13.208,10.739139049999999
2025-05-26,10,25.72,18.07945915
2025-05-26,11,20.42,21.73660975
2025-05-26,12,13.07,8.643312550000001
2025-05-26,13,12.12,16.1762366
2025-05-26,14,25.78,26.37961265
2025-05-26,15,18.212,18.2020013
2025-05-26,16,9.5,14.51046435
2025-05-26,17,5.23,5.5893580499999995
2025-05-26,18,12.92,14.8571807
2025-05-26,19,18.89,14.11108355
2025-05-26,2,16.888,23.21566165
2025-05-26,20,11.132,13.6973688
2025-05-26,21,26.704,25.4848444
2025-05-26,22,23.276201,19.562803549999998
2025-05-26,23,22.8228,28.643448300000003
2025-05-26,24,16.42,21.423529300000002
2025-05-26,25,17.28,10.9187886
2025-05-26,26,11.48,10.4294397
2025-05-26,27,17.3,14.098221
2025-05-26,28,11.208,11.555513975
2025-05-26,29,30.292,27.3690222
2025-05-26,3,18.6,16.28824315
2025-05-26,30,8.52,5.49599525
2025-05-26,31,32.08,24.9179673
2025-05-26,32,33.254,27.933506449999996
2025-05-26,33,10.672,23.339693099999998
2025-05-26,34,14.532,13.2665302
2025-05-26,35,41.948,18.461704049999998
2025-05-26,36,22.384,14.53870605
2025-05-26,37,31.112,24.8834151
2025-05-26,38,11.56,12.7432823
2025-05-26,39,14.528,16.5849275
2025-05-26,4,13.856,10.734702525
2025-05-26,5,9.008,7.234718770000001
2025-05-26,6,30.1428,30.92532275
2025-05-26,7,21.68,26.81532835
2025-05-26,8,6.788,18.35517235
2025-05-26,9,21.772,20.6819098
2025-05-27,1,10.784,10.3320835
2025-05-27,10,22.108,18.38144615
2025-05-27,11,19.568,20.880623149999998
2025-05-27,12,10.69,8.66241405
2025-05-27,13,10.968,13.9299125
2025-05-27,14,31.612,27.158936349999998
2025-05-27,15,16.46,17.07893505
2025-05-27,16,5.311,13.4557
2025-05-27,17,2.75,5.34746903
2025-05-27,18,16.428,15.1165221
2025-05-27,19,11.75,12.850238449999999
2025-05-27,2,16.528,22.638628949999998
2025-05-27,20,9.72,13.3926765
2025-05-27,21,30.616,25.3217873
2025-05-27,22,75.288,18.4348619
2025-05-27,23,25.288,28.88103395
2025-05-27,24,28.512,21.55460765
2025-05-27,25,8.9,10.69697965
2025-05-27,26,9.52,10.0117299
2025-05-27,27,16.76,14.62529635
2025-05-27,28,9.612,12.0810587
2025-05-27,29,31.028,27.62294555
2025-05-27,3,18.58,16.1397586
2025-05-27,30,7.812,5.11447649
2025-05-27,31,33.68,24.5639428
2025-05-27,32,39.16,28.344410850000003
2025-05-27,33,14.68,21.529091049999998
2025-05-27,34,14.656,13.246653550000001
2025-05-27,35,62.6228,18.564642
2025-05-27,36,21.96,14.72758445
2025-05-27,37,17.688,25.59652665
2025-05-27,38,17.61,12.3340666
2025-05-27,39,14.52,16.519705950000002
2025-05-27,4,14.56,11.031729649999999
2025-05-27,5,10.432,6.8696605
2025-05-27,6,38.136,30.515853800000002
2025-05-27,7,28.5828,26.4563223
2025-05-27,8,7.308,17.6886874
2025-05-27,9,20.708,21.722326600000002
2025-05-28,1,16.448,12.048892500000001
2025-05-28,10,21.592,21.25462115
2025-05-28,11,36.2628,21.648712250000003
2025-05-28,12,10.55,10.335030549999999
2025-05-28,13,14.092,14.9115093
2025-05-28,14,31.258,29.0184235
2025-05-28,15,19.8,18.69180435
2025-05-28,16,13.76,13.944180150000001
2025-05-28,17,6.25,6.0948228
2025-05-28,18,19.7,16.4721796
2025-05-28,19,19.47,14.317837675
2025-05-28,2,19.992,22.745783199999998
2025-05-28,20,9.448,14.04846425
2025-05-28,21,20.92,26.131040249999998
2025-05-28,22,28.532,19.0144711
2025-05-28,23,28.368,28.5633799
2025-05-28,24,21.856,21.598566750000003
2025-05-28,25,10.448,12.547541525
2025-05-28,26,9.76,10.796552599999998
2025-05-28,27,20.128,16.5993147
2025-05-28,28,11.16,13.53843445
2025-05-28,29,29.608,28.97588185
2025-05-28,3,18.888,18.336405749999997
2025-05-28,30,4.608,6.396889259999999
2025-05-28,31,33.216,26.34120745
2025-05-28,32,28.56,30.10505965
2025-05-28,33,10.188,20.696809000000002
2025-05-28,34,16.1828,14.63140825
2025-05-28,35,28.456,24.016756199999996
2025-05-28,36,20.788,17.655802350000002
2025-05-28,37,50.5428,27.755217549999998
2025-05-28,38,13.1,13.11326605
2025-05-28,39,11.24,18.2183864
2025-05-28,4,9.428,12.7744659
2025-05-28,5,8.496,8.01613123
2025-05-28,6,43.211,30.8769162
2025-05-28,7,30.984,26.76941955
2025-05-28,8,1.32,16.92232825
2025-05-28,9,23.66,23.271261449999997
2025-05-29,1,7.86,12.3861987
2025-05-29,10,9.66,21.747529
2025-05-29,11,28.496,21.1117253
2025-05-29,12,10.3,11.06726995
2025-05-29,13,23.48,14.3270772
2025-05-29,14,28.0,29.231116200000002
2025-05-29,15,13.48,18.1974508
2025-05-29,16,17.648,12.363872075
2025-05-29,17,5.78,5.82802235
2025-05-29,18,10.032,17.02575035
2025-05-29,19,24.19,15.0224598
2025-05-29,2,22.448,22.1626398
2025-05-29,20,14.52,13.709219449999999
2025-05-29,21,29.104,27.0211435
2025-05-29,22,19.788,25.3870093
2025-05-29,23,31.0,27.983955950000002
2025-05-29,24,29.92,22.87011825
2025-05-29,25,13.772,12.6778911
2025-05-29,26,13.6,10.8818169
2025-05-29,27,22.592,17.150588250000002
2025-05-29,28,11.58,13.352493599999999
2025-05-29,29,23.632,29.524576000000003
2025-05-29,3,11.432,18.99515815
2025-05-29,30,10.7,6.922628150000001
2025-05-29,31,28.711,28.002450500000002
2025-05-29,32,25.688,31.455033799999995
2025-05-29,33,16.788,20.125299999999996
2025-05-29,34,24.228,15.00909365
2025-05-29,35,7.12,29.16016805
2025-05-29,36,17.932,19.2507554
2025-05-29,37,18.102,26.3456404
2025-05-29,38,19.25,13.7849057
2025-05-29,39,17.052,17.66540045
2025-05-29,4,22.352,13.70609635
2025-05-29,5,7.132,8.916485649999998
2025-05-29,6,42.028,31.98474425
2025-05-29,7,32.688,26.58770585
2025-05-29,8,0.024,15.1050252
2025-05-29,9,24.44,23.2667827
2025-05-30,1,7.908,12.9857605
2025-05-30,10,25.02,22.371088450000002
2025-05-30,11,29.112,22.77743135
2025-05-30,12,9.52,11.11348435
2025-05-30,13,10.52,14.202798099999999
2025-05-30,14,30.94,29.9067623
2025-05-30,15,19.528,18.081898000000002
2025-05-30,16,7.872,12.278889500000002
2025-05-30,17,4.56,5.70728206
2025-05-30,18,7.336,17.70430935
2025-05-30,19,13.93,15.87891665
2025-05-30,2,17.256,21.5057897
2025-05-30,20,14.0,12.7865967
2025-05-30,21,27.88,26.5050566
2025-05-30,22,25.984,28.966317450000005
2025-05-30,23,29.832,27.473172249999998
2025-05-30,24,14.664,23.2628184
2025-05-30,25,13.708,12.081610950000002
2025-05-30,26,9.42,11.015908450000001
2025-05-30,27,14.648,17.838023049999997
2025-05-30,28,14.008,13.307437425
2025-05-30,29,26.776,29.5685114
2025-05-30,3,17.752,19.1859651
2025-05-30,30,0.092,7.04497615
2025-05-30,31,23.688,28.66664275
2025-05-30,32,31.392,31.68060105
2025-05-30,33,10.1828,19.2326726
2025-05-30,34,12.308,14.6470034
2025-05-30,35,56.744,34.278562449999995
2025-05-30,36,16.828,20.121244750000002
2025-05-30,37,28.672,27.927098400000002
2025-05-30,38,16.86,14.096770099999999
2025-05-30,39,16.056,16.42701065
2025-05-30,4,16.6,13.2104519
2025-05-30,5,1.588,9.25824925
2025-05-30,6,38.56,34.167035999999996
2025-05-30,7,26.384,27.083584549999998
2025-05-30,8,1.148,13.087726375
2025-05-30,9,22.02,22.84051025
2025-05-31,1,8.96,10.700994
2025-05-31,10,23.168,18.5288784
2025-05-31,11,29.58,22.148986199999996
2025-05-31,12,10.22,9.4957607
2025-05-31,13,13.258,14.541565899999998
2025-05-31,14,28.96,27.674001750000002
2025-05-31,15,11.06,16.0545609
2025-05-31,16,12.008,11.27341255
2025-05-31,17,4.09,4.766204849999999
2025-05-31,18,3.08,15.027464949999999
2025-05-31,19,20.828,15.5252354
2025-05-31,2,17.104,19.26414665
2025-05-31,20,18.08,11.24619835
2025-05-31,21,26.336,24.2588638
2025-05-31,22,14.36,25.83631815
2025-05-31,23,23.56,25.7313825
2025-05-31,24,20.32,21.9725724
2025-05-31,25,10.132,10.70452375
2025-05-31,26,7.108,9.8587092
2025-05-31,27,19.28,16.75258895
2025-05-31,28,23.72,11.5527309
2025-05-31,29,30.8228,26.50662225
2025-05-31,3,14.52,16.32211045
2025-05-31,30,1.668,6.50817095
2025-05-31,31,26.472,26.7380078
2025-05-31,32,41.288,28.56301765
2025-05-31,33,11.496,15.6164881
2025-05-31,34,14.311,14.519979
2025-05-31,35,66.088,27.212637700000002
2025-05-31,36,21.56,18.4672399
2025-05-31,37,23.24,26.3780802
2025-05-31,38,12.25,13.389717125
2025-05-31,39,11.552,14.325251999999999
2025-05-31,4,23.536,12.475899850000001
2025-05-31,5,1.972,7.9367953
2025-05-31,6,27.58,33.08950275
2025-05-31,7,28.936,25.926319399999997
2025-05-31,8,1.258,9.90441085
2025-05-31,9,22.7,21.032619249999996
2025-06-01,1,4.592,9.475483950000001
2025-06-01,10,21.064,18.80560265
2025-06-01,11,28.028,23.66715945
2025-06-01,12,6.57,9.112385150000001
2025-06-01,13,9.172,13.673379650000001
2025-06-01,14,19.5,27.83205575
2025-06-01,15,9.102,16.0478879
2025-06-01,16,8.392,10.24192215
2025-06-01,17,2.58,4.49622181
2025-06-01,18,9.352,12.907379025000001
2025-06-01,19,17.528,15.07286075
2025-06-01,2,12.11,18.58631845
2025-06-01,20,8.911,11.41550185
2025-06-01,21,16.072,24.47358425
2025-06-01,22,27.36,24.983378000000002
2025-06-01,23,21.06,25.8836704
2025-06-01,24,10.448,20.6731993
2025-06-01,25,9.258,10.65874655
2025-06-01,26,6.76,9.6006474
2025-06-01,27,10.56,16.3228159
2025-06-01,28,12.711,11.334411200000002
2025-06-01,29,16.136,26.0371304
2025-06-01,3,11.28,15.5839338
2025-06-01,30,8.28,5.694390775
2025-06-01,31,20.32,26.9745663
2025-06-01,32,18.911,28.0264438
2025-06-01,33,6.832,13.516741249999999
2025-06-01,34,8.888,13.83356075
2025-06-01,35,28.2,28.95391695
2025-06-01,36,11.108,17.6699318
2025-06-01,37,23.976,25.544740349999998
2025-06-01,38,14.92,14.0847914
2025-06-01,39,13.488,14.23897835
2025-06-01,4,18.92,12.849230250000002
2025-06-01,5,7.82,6.98387179
2025-06-01,6,19.392,33.9664889
2025-06-01,7,20.128,26.228197899999998
2025-06-01,8,4.064,8.011406489999999
2025-06-01,9,17.112,20.6096619
2025-06-02,1,10.448,8.8185793
2025-06-02,10,22.548,18.92469985
2025-06-02,11,27.72,24.5142382
2025-06-02,12,10.6,9.0343036
2025-06-02,13,13.228,12.76745625
2025-06-02,14,29.98,27.0231532
2025-06-02,15,20.048,15.33838755
2025-06-02,16,9.12,10.51748165
2025-06-02,17,6.03,4.604899855
2025-06-02,18,13.028,10.46302025
2025-06-02,19,14.74,15.37990645
2025-06-02,2,30.36,17.6985375
2025-06-02,20,13.468,12.46225145
2025-06-02,21,24.22,24.2499451
2025-06-02,22,26.456,23.026919
2025-06-02,23,23.268,24.97911465
2025-06-02,24,13.568,19.49885245
2025-06-02,25,8.9028,10.171845300000001
2025-06-02,26,18.412,8.87176165
2025-06-02,27,18.072,16.38617655
2025-06-02,28,12.88,12.68005065
2025-06-02,29,29.11,25.927232150000002
2025-06-02,3,20.068,15.0202744
2025-06-02,30,2.64,5.19713245
2025-06-02,31,35.3028,25.549427
2025-06-02,32,42.64,28.494736900000003
2025-06-02,33,11.072,12.164439549999999
2025-06-02,34,13.972,13.1867931
2025-06-02,35,46.5,32.4449949
2025-06-02,36,17.24,17.192324499999998
2025-06-02,37,25.192,24.347019600000003
2025-06-02,38,16.7,13.35726035
2025-06-02,39,12.732,13.78586645
2025-06-02,4,20.7028,14.386138149999999
2025-06-02,5,11.911,6.385450154999999
2025-06-02,6,29.08,31.5797959
2025-06-02,7,23.416,25.7256633
2025-06-02,8,3.612,6.80628066
2025-06-02,9,22.028,21.0175567
2025-06-03,1,8.532,8.14508409
2025-06-03,10,16.0,19.76235655
2025-06-03,11,39.672,25.243772900000003
2025-06-03,12,9.74,8.7704091
2025-06-03,13,10.811,11.58428325
2025-06-03,14,29.232,26.36172325
2025-06-03,15,11.032,13.906906249999999
2025-06-03,16,12.888,10.1472698
2025-06-03,17,6.06,4.43146688
2025-06-03,18,12.48,9.9464917
2025-06-03,19,16.5,15.557428350000002
2025-06-03,2,14.6628,17.08518925
2025-06-03,20,17.372,12.064557149999999
2025-06-03,21,26.748,23.16407625
2025-06-03,22,41.272,22.330872499999998
2025-06-03,23,18.0,24.34584645
2025-06-03,24,12.984,18.233583000000003
2025-06-03,25,12.588,9.823385900000002
2025-06-03,26,10.9,8.301135850000001
2025-06-03,27,22.008,15.92975525
2025-06-03,28,17.24,13.593723275
2025-06-03,29,30.292,25.299077
2025-06-03,3,14.532,14.4540478
2025-06-03,30,0.428,5.56356775
2025-06-03,31,25.84,24.627942
2025-06-03,32,35.288,28.1303507
2025-06-03,33,10.696,10.7988833
2025-06-03,34,12.811,12.241848975
2025-06-03,35,45.18,34.17447245
2025-06-03,36,18.2,16.59739445
2025-06-03,37,29.264,23.948347300000002
2025-06-03,38,16.63,13.314996650000001
2025-06-03,39,10.82,13.80375035
2025-06-03,4,19.76,15.803708024999999
2025-06-03,5,5.208,6.47542086
2025-06-03,6,25.288,29.43321695
2025-06-03,7,30.072,25.23099465
2025-06-03,8,6.28,6.278571925
2025-06-03,9,21.25,20.8630206
2025-06-04,1,13.372,8.32028959
2025-06-04,10,26.92,20.6632538
2025-06-04,11,38.36,25.75244325
2025-06-04,12,14.25,9.1105225
2025-06-04,13,26.78,11.788904250000002
2025-06-04,14,26.288,26.0997416
2025-06-04,15,17.176,14.6437759
2025-06-04,16,25.248,9.7752034
2025-06-04,17,6.28,4.5617323249999995
2025-06-04,18,23.168,10.30834385
2025-06-04,19,23.8,15.816177099999999
2025-06-04,2,36.048,18.874182599999997
2025-06-04,20,13.12,12.172803825
2025-06-04,21,26.8628,22.839137
2025-06-04,22,19.888,22.07898165
2025-06-04,23,29.44,23.703325800000002
2025-06-04,24,29.548,17.00937175
2025-06-04,25,12.68,9.834316375
2025-06-04,26,13.88,9.31080855
2025-06-04,27,20.72,16.227736750000002
2025-06-04,28,28.52,13.5639525
2025-06-04,29,30.23245,25.0755938
2025-06-04,3,18.508,15.656190050000001
2025-06-04,30,12.984,5.5380896449999995
2025-06-04,31,37.2628,25.795666150000002
2025-06-04,32,35.88,28.73411945
2025-06-04,33,18.232,10.35745145
2025-06-04,34,17.968,12.4251672
2025-06-04,35,38.6,34.4614154
2025-06-04,36,22.72,16.767021200000002
2025-06-04,37,25.168,24.69565755
2025-06-04,38,23.1,13.5875862
2025-06-04,39,20.808,13.7764434
2025-06-04,4,22.736,17.2559517
2025-06-04,5,1.688,7.269783350000001
2025-06-04,6,38.18,27.7759674
2025-06-04,7,33.544,24.3211222
2025-06-04,8,14.8628,5.8188837499999995
2025-06-04,9,24.28,21.18210265
2025-06-05,1,12.308,8.5730621
2025-06-05,10,16.25,20.6033767
2025-06-05,11,35.62,27.0313315
2025-06-05,12,10.43,9.60785015
2025-06-05,13,10.928,11.7695608
2025-06-05,14,32.792,27.24266905
2025-06-05,15,20.744,14.911203449999999
2025-06-05,16,14.672,9.98324945
2025-06-05,17,4.78,4.7678058199999995
2025-06-05,18,14.672,11.152860050000001
2025-06-05,19,22.3,16.036634550000002
2025-06-05,2,32.628,19.54486695
2025-06-05,20,17.848,13.099220500000001
2025-06-05,21,27.656,24.340194699999998
2025-06-05,22,20.172,26.94457715
2025-06-05,23,23.112,22.9865131
2025-06-05,24,32.26,16.9445524
2025-06-05,25,10.588,10.3244389
2025-06-05,26,20.192,10.214169550000001
2025-06-05,27,21.12,17.548372399999998
2025-06-05,28,24.98,14.16824
2025-06-05,29,28.36,26.4079066
2025-06-05,3,27.24,16.53898115
2025-06-05,30,19.096,5.3209794
2025-06-05,31,42.12,27.3303743
2025-06-05,32,44.632,31.737986899999996
2025-06-05,33,9.832,10.66950775
2025-06-05,34,22.088,12.75178225
2025-06-05,35,47.592,38.82806405
2025-06-05,36,24.46,17.756347299999998
2025-06-05,37,39.2,24.46372375
2025-06-05,38,9.24,14.698527200000001
2025-06-05,39,18.3028,13.5336593
2025-06-05,4,31.32,18.5470626
2025-06-05,5,2.2628,7.61740276
2025-06-05,6,52.34,27.55436315
2025-06-05,7,31.256,25.303104600000005
2025-06-05,8,5.328,5.86775512
2025-06-05,9,21.472,21.7587053
2025-06-06,1,10.06,9.808503649999999
2025-06-06,10,17.208,21.3579947
2025-06-06,11,30.548,28.95660765
2025-06-06,12,8.56,10.598624749999999
2025-06-06,13,11.372,14.380023825
2025-06-06,14,31.856,27.065560149999996
2025-06-06,15,16.248,15.51283635
2025-06-06,16,14.911,12.958837899999999
2025-06-06,17,5.33,5.47523052
2025-06-06,18,7.72,13.7721718
2025-06-06,19,18.92,17.5772947
2025-06-06,2,21.224,21.6873086
2025-06-06,20,13.58,13.04806515
2025-06-06,21,31.828,24.35097675
2025-06-06,22,22.7,27.403308450000004
2025-06-06,23,30.36,23.16946565
2025-06-06,24,26.84,18.934722049999998
2025-06-06,25,16.252,10.95885065
2025-06-06,26,10.148,10.89466995
2025-06-06,27,18.0,18.4532945
2025-06-06,28,18.988,16.3661915
2025-06-06,29,18.748,27.047986700000003
2025-06-06,3,14.468,17.403428249999997
2025-06-06,30,8.632,6.7953537
2025-06-06,31,24.072,28.536083350000002
2025-06-06,32,35.28,32.24387715
2025-06-06,33,12.936,12.138178100000001
2025-06-06,34,12.12,13.7930886
2025-06-06,35,29.456,39.46340305
2025-06-06,36,20.62,18.69434
2025-06-06,37,16.328,26.3417857
2025-06-06,38,17.39,16.048615599999998
2025-06-06,39,24.72,14.665081375
2025-06-06,4,28.008,18.83122435
2025-06-06,5,10.908,7.664300655
2025-06-06,6,43.568,28.5480126
2025-06-06,7,24.5828,26.539912549999997
2025-06-06,8,3.592,7.267332875000001
2025-06-06,9,25.988,22.39642085
2025-06-07,1,10.78,9.22840715
2025-06-07,10,18.76,19.5314404
2025-06-07,11,36.592,28.774359949999997
2025-06-07,12,16.2,9.8294358
2025-06-07,13,12.76,14.113547825000001
2025-06-07,14,23.692,26.270090350000004
2025-06-07,15,18.1,14.862986024999998
2025-06-07,16,10.096,13.4198693
2025-06-07,17,5.42,4.790103695
2025-06-07,18,3.08,13.463358199999998
2025-06-07,19,19.99,17.884985
2025-06-07,2,21.928,22.651306050000002
2025-06-07,20,17.38,12.5857764
2025-06-07,21,19.752,23.748020249999996
2025-06-07,22,23.28,24.140910750000003
2025-06-07,23,11.392,22.27784505
2025-06-07,24,16.68,21.0857363
2025-06-07,25,10.732,10.039924599999999
2025-06-07,26,7.692,11.59565865
2025-06-07,27,18.2,18.0127765
2025-06-07,28,16.92,17.1544018
2025-06-07,29,7.72,25.7938856
2025-06-07,3,23.96,17.81848625
2025-06-07,30,2.42,8.0510577
2025-06-07,31,38.608,29.2170836
2025-06-07,32,55.8,31.598434649999998
2025-06-07,33,8.552,11.336976775
2025-06-07,34,12.76,14.494295125
2025-06-07,35,28.852,36.69304255
2025-06-07,36,21.74,18.848756
2025-06-07,37,35.192,25.86583375
2025-06-07,38,17.62,14.82011895
2025-06-07,39,21.24,14.683417575
2025-06-07,4,19.736,19.2497353
2025-06-07,5,2.628,6.34711086
2025-06-07,6,31.412,30.099534100000003
2025-06-07,7,25.48,26.5845483
2025-06-07,8,7.948,6.57488353
2025-06-07,9,25.748,21.44232975
2025-06-08,1,12.932,8.9768668
2025-06-08,10,21.4,18.96422965
2025-06-08,11,32.728,28.9414953
2025-06-08,12,10.78,9.306235825
2025-06-08,13,13.38,12.774917949999999
2025-06-08,14,31.668,26.9943461
2025-06-08,15,20.372,14.9891947
2025-06-08,16,14.5028,13.2895565
2025-06-08,17,6.37,4.61334776
2025-06-08,18,7.048,12.181278800000001
2025-06-08,19,22.62,17.5063777
2025-06-08,2,17.272,22.32280605
2025-06-08,20,16.58,12.6009962
2025-06-08,21,31.92,24.56466535
2025-06-08,22,26.432,23.08230485
2025-06-08,23,24.8,22.9501457
2025-06-08,24,25.26,22.1145323
2025-06-08,25,16.136,10.4369771
2025-06-08,26,12.448,11.6019161
2025-06-08,27,16.172,17.5195524
2025-06-08,28,17.912,17.4684854
2025-06-08,29,14.8,24.57171905
2025-06-08,3,17.6,17.699259599999998
2025-06-08,30,0.0,8.28320207
2025-06-08,31,28.488,28.920860400000002
2025-06-08,32,51.704,32.07245695
2025-06-08,33,6.56,10.9349218
2025-06-08,34,17.432,14.031096299999998
2025-06-08,35,36.88,35.8421747
2025-06-08,36,25.112,19.214855800000002
2025-06-08,37,23.736,25.61010705
2025-06-08,38,19.08,14.75135585
2025-06-08,39,17.856,16.29209095
2025-06-08,4,25.672,20.0262538
2025-06-08,5,12.392,6.373621780000001
2025-06-08,6,32.308,32.370326500000004
2025-06-08,7,30.864,26.157279950000003
2025-06-08,8,12.12,5.99374124
2025-06-08,9,24.811,21.60302335
2025-06-09,1,9.788,8.73494475
2025-06-09,10,25.102,18.3277688
2025-06-09,11,36.08,29.5735435
2025-06-09,12,10.88,9.717261749999999
2025-06-09,13,11.288,12.01649865
2025-06-09,14,32.912,26.6042295
2025-06-09,15,17.168,15.26498065
2025-06-09,16,10.288,12.2849258
2025-06-09,17,4.8,4.481209355000001
2025-06-09,18,12.984,9.64921915
2025-06-09,19,22.31,17.50851065
2025-06-09,2,20.448,21.662478
2025-06-09,20,13.728,13.283296850000001
2025-06-09,21,29.928,24.232995250000002
2025-06-09,22,32.8,21.8050936
2025-06-09,23,32.2,21.4869012
2025-06-09,24,23.308,21.0865863
2025-06-09,25,10.552,10.22838945
2025-06-09,26,10.208,10.565058324999999
2025-06-09,27,16.62,17.3376867
2025-06-09,28,12.328,17.38924235
2025-06-09,29,29.872,21.581464250000003
2025-06-09,3,18.664,18.0271145
2025-06-09,30,6.708,7.17141037
2025-06-09,31,28.264,29.107197749999997
2025-06-09,32,33.711,35.0742873
2025-06-09,33,10.912,10.24201165
2025-06-09,34,11.192,12.98890105
2025-06-09,35,43.12,35.4313938
2025-06-09,36,19.548,19.43687335
2025-06-09,37,20.576,25.180093999999997
2025-06-09,38,11.09,14.70747615
2025-06-09,39,21.2228,17.2048508
2025-06-09,4,22.992,20.546126049999998
2025-06-09,5,9.128,5.83503714
2025-06-09,6,46.732,32.201440000000005
2025-06-09,7,31.376,25.621045
2025-06-09,8,10.108,5.74251677
2025-06-09,9,20.292,22.29637665
2025-06-10,1,10.88,9.213943749999999
2025-06-10,10,20.192,18.7045634
2025-06-10,11,37.08,30.41684095
2025-06-10,12,10.53,10.062927299999998
2025-06-10,13,11.36,12.17369235
2025-06-10,14,32.768,26.335850649999998
2025-06-10,15,14.48,15.893738200000001
2025-06-10,16,5.288,12.39641595
2025-06-10,17,6.81,4.73733665
2025-06-10,18,21.92,8.74908565
2025-06-10,19,19.14,18.27882335
2025-06-10,2,17.648,20.5849075
2025-06-10,20,18.06,13.917537124999999
2025-06-10,21,25.492,24.4166956
2025-06-10,22,20.656,22.401527750000003
2025-06-10,23,24.72,20.97073745
2025-06-10,24,17.6,20.828602699999998
2025-06-10,25,10.12,10.926393125
2025-06-10,26,11.332,10.17864045
2025-06-10,27,17.66,16.93154375
2025-06-10,28,13.64,17.2533577
2025-06-10,29,31.68,19.18548155
2025-06-10,3,19.448,18.116664399999998
2025-06-10,30,0.0,6.362011415
2025-06-10,31,35.136,28.880555750000003
2025-06-10,32,28.8,36.90913845
2025-06-10,33,16.136,9.49516655
2025-06-10,34,13.96,13.161114525
2025-06-10,35,33.3,33.449393
2025-06-10,36,18.86,19.99481375
2025-06-10,37,27.072,25.4080646
2025-06-10,38,20.07,15.223254149999999
2025-06-10,39,16.12,17.78113725
2025-06-10,4,22.3828,21.6161192
2025-06-10,5,7.752,6.587836545
2025-06-10,6,32.1,31.0979971
2025-06-10,7,30.488,26.018511949999997
2025-06-10,8,8.032,6.5334084
2025-06-10,9,23.136,22.97441575
2025-06-11,1,10.44,10.259068450000001
2025-06-11,10,19.84,21.0056996
2025-06-11,11,29.548,31.565230999999997
2025-06-11,12,10.19,11.022753625
2025-06-11,13,9.8,13.004129500000001
2025-06-11,14,33.48,28.7579484
2025-06-11,15,17.1,17.52539525
2025-06-11,16,21.552,12.9064169
2025-06-11,17,7.22,5.2748605
2025-06-11,18,17.76,9.94571595
2025-06-11,19,21.3,19.9132661
2025-06-11,2,20.648,22.3012025
2025-06-11,20,17.411,14.7811155
2025-06-11,21,25.92,26.62124135
2025-06-11,22,8.211,24.316343449999998
2025-06-11,23,31.976,23.478429750000004
2025-06-11,24,25.56,22.24876235
2025-06-11,25,9.7,11.772142050000001
2025-06-11,26,9.62,11.02449955
2025-06-11,27,17.98,17.833281500000002
2025-06-11,28,18.432,17.39397815
2025-06-11,29,32.272,21.67790375
2025-06-11,3,20.128,19.6402361
2025-06-11,30,6.512,6.800077095000001
2025-06-11,31,29.576,30.264281949999997
2025-06-11,32,38.424,39.76606
2025-06-11,33,19.872,10.2391146
2025-06-11,34,14.328,13.750559850000002
2025-06-11,35,45.42,35.721423200000004
2025-06-11,36,23.232,21.51241835
2025-06-11,37,31.056,25.404399599999998
2025-06-11,38,19.51,15.627006750000001
2025-06-11,39,18.76,19.595942549999997
2025-06-11,4,28.232,23.5299454
2025-06-11,5,10.208,7.8800206
2025-06-11,6,39.82,33.17026665
2025-06-11,7,28.096,27.7828879
2025-06-11,8,10.711,7.701479475
2025-06-11,9,13.1428,24.14449545
2025-06-12,1,8.82,10.690431499999999
2025-06-12,10,8.248,21.322811549999997
2025-06-12,11,38.932,32.8224067
2025-06-12,12,10.52,11.36099445
2025-06-12,13,10.0,12.828876350000002
2025-06-12,14,25.032,30.1916117
2025-06-12,15,14.6,17.18704695
2025-06-12,16,1.792,11.873762549999999
2025-06-12,17,4.85,5.76472493
2025-06-12,18,10.428,12.4495749
2025-06-12,19,27.0,20.086193700000003
2025-06-12,2,23.192,21.6383461
2025-06-12,20,11.2,15.646660675
2025-06-12,21,29.496,27.1900969
2025-06-12,22,38.88,25.87040275
2025-06-12,23,25.532,23.9751483
2025-06-12,24,18.28,21.5864214
2025-06-12,25,10.42,11.9095901
2025-06-12,26,17.3,11.2841902
2025-06-12,27,11.96,18.45095075
2025-06-12,28,17.24,16.961893200000002
2025-06-12,29,27.248,24.40888305
2025-06-12,3,18.252,20.097687999999998
2025-06-12,30,3.1,6.400983525
2025-06-12,31,36.672,30.447278249999997
2025-06-12,32,43.36,38.8920135
2025-06-12,33,18.25,11.47246285
2025-06-12,34,17.048,13.84543545
2025-06-12,35,25.588,36.83023595
2025-06-12,36,26.448,21.4711121
2025-06-12,37,23.056,25.769271850000003
2025-06-12,38,13.51,16.30272475
2025-06-12,39,16.12,19.371660149999997
2025-06-12,4,32.528,23.972358900000003
2025-06-12,5,12.028,8.43752965
2025-06-12,6,39.32,33.289936749999995
2025-06-12,7,29.048,28.65897195
2025-06-12,8,10.296,8.305626
2025-06-12,9,14.248,24.1589401
2025-06-13,1,6.64,10.5846476
2025-06-13,10,24.648,20.96388435
2025-06-13,11,23.532,31.95966335
2025-06-13,12,7.45,11.10338765
2025-06-13,13,20.88,12.670534499999999
2025-06-13,14,23.648,29.644009849999996
2025-06-13,15,9.48,16.6578697
2025-06-13,16,10.392,13.30627675
2025-06-13,17,7.9,6.020735605
2025-06-13,18,10.16,14.3338571
2025-06-13,19,19.66,20.02703965
2025-06-13,2,13.992,21.764214600000003
2025-06-13,20,10.808,15.421262500000001
2025-06-13,21,11.2628,26.199920849999998
2025-06-13,22,16.132,22.34575135
2025-06-13,23,22.68,24.6886175
2025-06-13,24,13.492,21.92750185
2025-06-13,25,6.568,11.304552300000001
2025-06-13,26,6.24,10.832445
2025-06-13,27,10.72,18.1242877
2025-06-13,28,16.752,17.13212765
2025-06-13,29,24.328,25.7587094
2025-06-13,3,9.92,19.78427975
2025-06-13,30,3.868,6.5844466
2025-06-13,31,13.8628,30.0481493
2025-06-13,32,29.968,36.816653849999994
2025-06-13,33,8.08,13.259663025000002
2025-06-13,34,11.432,13.780688
2025-06-13,35,25.3028,36.2331525
2025-06-13,36,13.52,21.0184347
2025-06-13,37,19.296,25.522845
2025-06-13,38,9.32,16.89198055
2025-06-13,39,12.888,18.831976750000003
2025-06-13,4,23.192,23.670242200000004
2025-06-13,5,4.392,8.740006809999999
2025-06-13,6,24.892,32.6292554
2025-06-13,7,18.96,28.1409505
2025-06-13,8,7.952,9.1098438
2025-06-13,9,10.328,22.16064
2025-06-14,1,6.568,9.24619095
2025-06-14,10,22.9428,17.90474725
2025-06-14,11,30.228,30.451513249999998
2025-06-14,12,8.5,9.887145149999998
2025-06-14,13,10.68,10.572172250000001
2025-06-14,14,24.96,27.99018485
2025-06-14,15,8.972,15.1429549
2025-06-14,16,16.12,10.9458417
2025-06-14,17,7.75,5.0819392500000005
2025-06-14,18,5.308,13.095871800000001
2025-06-14,19,6.828,19.8599973
2025-06-14,2,10.672,21.0032556
2025-06-14,20,9.28,13.77573095
2025-06-14,21,17.64,24.91309295
2025-06-14,22,23.570793,21.49493975
2025-06-14,23,11.932,23.51335725
2025-06-14,24,12.76,21.063178899999997
2025-06-14,25,7.1828,9.85438795
2025-06-14,26,8.532,10.978286399999998
2025-06-14,27,10.512,16.106711949999998
2025-06-14,28,10.528,16.2364802
2025-06-14,29,21.512,25.11504875
2025-06-14,3,11.508,18.982777549999998
2025-06-14,30,0.711,5.916323905
2025-06-14,31,32.248,29.77095775
2025-06-14,32,27.102,35.7877149
2025-06-14,33,10.66,13.0226006
2025-06-14,34,10.98,13.400988850000001
2025-06-14,35,25.936,34.8354729
2025-06-14,36,10.792,20.78740305
2025-06-14,37,11.272,25.174036450000003
2025-06-14,38,9.28,15.308339100000001
2025-06-14,39,10.032,17.12075075
2025-06-14,4,24.608,23.15239375
2025-06-14,5,6.56,8.230881750000002
2025-06-14,6,18.296,32.612405949999996
2025-06-14,7,11.112,26.706579400000003
2025-06-14,8,9.22,8.6548892
2025-06-14,9,18.384,18.8499199
2025-06-15,1,5.254,8.517515925000001
2025-06-15,10,6.988,18.08723285
2025-06-15,11,25.86,29.567881900000003
2025-06-15,12,6.45,9.2573332
2025-06-15,13,11.0,11.4707376
2025-06-15,14,19.052,27.21628965
2025-06-15,15,6.748,14.110612675
2025-06-15,16,10.448,10.1401127
2025-06-15,17,4.72,5.113263099999999
2025-06-15,18,6.452,12.269483899999999
2025-06-15,19,20.08,20.0218626
2025-06-15,2,10.1828,19.713151349999997
2025-06-15,20,6.82,12.755061000000001
2025-06-15,21,14.88,23.786532299999998
2025-06-15,22,22.448,21.57226485
2025-06-15,23,16.0,23.7813552
2025-06-15,24,7.86,19.982310599999998
2025-06-15,25,5.736,9.256782525
2025-06-15,26,6.908,10.56448035
2025-06-15,27,9.928,14.83632875
2025-06-15,28,10.0,16.035852249999998
2025-06-15,29,19.06,24.96124405
2025-06-15,3,10.52,17.136778550000002
2025-06-15,30,7.06,5.715691695
2025-06-15,31,17.392,27.649994050000004
2025-06-15,32,21.792,33.95820745
2025-06-15,33,7.711,12.3298707
2025-06-15,34,4.948,13.0530671
2025-06-15,35,16.88,32.0881267
2025-06-15,36,7.136,19.9771298
2025-06-15,37,21.888,23.556516350000003
2025-06-15,38,7.74,14.44030995
2025-06-15,39,7.776,16.5437405
2025-06-15,4,22.0,23.30977105
2025-06-15,5,8.648,7.985207699999999
2025-06-15,6,29.224,32.111326500000004
2025-06-15,7,21.648,25.6423511
2025-06-15,8,6.25,8.52567736
2025-06-15,9,17.0,16.9770939
2025-06-16,1,5.0,7.92031205
2025-06-16,10,7.235,18.704452449999998
2025-06-16,11,25.0,29.146463450000002
2025-06-16,12,7.0,8.927959099999999
2025-06-16,13,18.42323,11.8701422
2025-06-16,14,20.0,25.9507329
2025-06-16,15,7.86,13.543550199999999
2025-06-16,16,10.224,10.790769399999999
2025-06-16,17,6.226,5.564803095
2025-06-16,18,5.88,10.392737349999999
2025-06-16,19,18.525,17.75864025
2025-06-16,2,10.0,17.67182365
2025-06-16,20,13.6028,11.942123250000002
2025-06-16,21,27.08,21.3971131
2025-06-16,22,11.694221,21.2622334
2025-06-16,23,26.63,21.1403505
2025-06-16,24,17.378,17.92191665
2025-06-16,25,9.728,8.593479475
2025-06-16,26,7.0,9.5100406
2025-06-16,27,17.256,13.839757950000001
2025-06-16,28,13.766472,14.84366925
2025-06-16,29,29.496,23.383494400000004
2025-06-16,3,10.0,15.927586600000001
2025-06-16,30,5.532,5.114015094999999
2025-06-16,31,31.784,27.3411214
2025-06-16,32,38.064,33.03750615
2025-06-16,33,6.5,11.39982355
2025-06-16,34,14.582,12.246334449999999
2025-06-16,35,44.81,29.18159615
2025-06-16,36,18.3928,17.88127075
2025-06-16,37,27.384,21.956910999999998
2025-06-16,38,8.0,12.96354355
2025-06-16,39,16.978,15.5471349
2025-06-16,4,24.0,23.248732599999997
2025-06-16,5,8.0,7.54025043
2025-06-16,6,30.0,28.97999245
2025-06-16,7,20.0,22.9064372
2025-06-16,8,7.0,8.28816405
2025-06-16,9,11.0,17.04848205
