actual,prediction,timestamp,house_id
8.747999999999593,12.490387,2024-09-18,1.0
8.10200000000099,15.549645,2024-09-18,2.0
21.97200000000157,26.96892,2024-09-18,3.0
27.255999999993943,28.934248,2024-09-18,4.0
6.19999999999709,19.116293,2024-09-18,5.0
2.93199999999252,25.081127,2024-09-18,6.0
26.26799999999639,26.688534,2024-09-18,7.0
9.81099999999808,12.466596,2024-09-18,8.0
13.939999999995052,21.078516,2024-09-18,9.0
11.9360000000011,23.00862,2024-09-18,10.0
24.62000000000262,27.930391,2024-09-18,11.0
2.5,7.8952746,2024-09-18,12.0
18.148000000001048,12.623283,2024-09-18,13.0
23.5280000000009,31.23846,2024-09-18,14.0
17.788000000000466,13.09869,2024-09-18,15.0
4.655999999995402,14.295231,2024-09-18,16.0
4.200000000000728,8.392316,2024-09-18,17.0
6.9760000000023865,12.534208,2024-09-18,18.0
25.12999999999738,22.972908,2024-09-18,19.0
12.1000000000006,12.497083,2024-09-18,20.0
20.1199999999962,23.811296,2024-09-18,21.0
21.4280000000023,24.4217,2024-09-18,22.0
9.68800000000192,18.779783,2024-09-18,23.0
11.7200000000012,19.97692,2024-09-18,24.0
10.779999999998836,9.78813,2024-09-18,25.0
18.709999999999127,19.482944,2024-09-18,26.0
11.0999999999985,17.129185,2024-09-18,27.0
19.61200000000099,14.702701,2024-09-18,28.0
11.2280000000028,22.961958,2024-09-18,29.0
14.968000000000757,24.025232,2024-09-18,30.0
33.98399999999674,24.950333,2024-09-18,31.0
24.27999999999884,34.267555,2024-09-18,32.0
10.520000000004076,11.479715,2024-09-18,33.0
6.296000000002096,12.59321,2024-09-18,34.0
27.127999999996973,34.388184,2024-09-18,35.0
12.1000000000006,15.471991,2024-09-18,36.0
20.332000000002157,21.080425,2024-09-18,37.0
9.390000000003056,10.2494,2024-09-18,38.0
17.231999999996333,19.520267,2024-09-18,39.0
13.1099999999953,9.932385,2024-09-19,1.0
14.5109999999952,14.986267,2024-09-19,2.0
8.227999999995518,21.317875,2024-09-19,3.0
25.736000000004424,26.440859,2024-09-19,4.0
8.28000000000146,14.911114,2024-09-19,5.0
4.7480000000068685,21.542116,2024-09-19,6.0
27.531999999999243,21.303402,2024-09-19,7.0
10.720000000001164,10.962319,2024-09-19,8.0
16.072000000000116,18.001537,2024-09-19,9.0
14.051999999996042,19.796803,2024-09-19,10.0
25.38799999999901,23.98865,2024-09-19,11.0
9.989999999997965,5.3997617,2024-09-19,12.0
20.7109999999995,11.064045,2024-09-19,13.0
25.76799999999639,26.359028,2024-09-19,14.0
7.252000000000407,10.373509,2024-09-19,15.0
22.132000000005064,11.829557,2024-09-19,16.0
7.180000000000291,5.8894186,2024-09-19,17.0
11.2628000000029,9.071713,2024-09-19,18.0
18.720000000001164,22.22581,2024-09-19,19.0
14.860000000000582,10.926086,2024-09-19,20.0
11.9360000000011,20.023548,2024-09-19,21.0
28.81999999999971,22.357126,2024-09-19,22.0
22.30000000000291,14.542745,2024-09-19,23.0
20.288000000000466,17.135008,2024-09-19,24.0
13.860000000000582,6.1661816,2024-09-19,25.0
11.8300000000017,15.057975,2024-09-19,26.0
17.272000000004482,13.941148,2024-09-19,27.0
12.2580000000054,13.081593,2024-09-19,28.0
23.652000000001863,18.966684,2024-09-19,29.0
21.44799999999668,18.53033,2024-09-19,30.0
37.3920000000071,21.161257,2024-09-19,31.0
27.427999999999884,27.109335,2024-09-19,32.0
13.663999999997031,7.363343,2024-09-19,33.0
26.351999999998952,10.812959,2024-09-19,34.0
29.5428000000017,26.242073,2024-09-19,35.0
11.1199999999962,11.452465,2024-09-19,36.0
10.160000000003492,17.21451,2024-09-19,37.0
5.5,7.853767,2024-09-19,38.0
18.36800000000221,16.47636,2024-09-19,39.0
8.232000000003609,12.400004,2024-09-20,1.0
10.3199999999997,16.965643,2024-09-20,2.0
27.332000000002157,24.732763,2024-09-20,3.0
14.18399999999383,27.160213,2024-09-20,4.0
5.66000000000259,15.961493,2024-09-20,5.0
6.339999999996508,21.662222,2024-09-20,6.0
25.17199999999866,26.61002,2024-09-20,7.0
13.468000000000757,12.751577,2024-09-20,8.0
20.02799999999843,19.5709,2024-09-20,9.0
26.9800000000032,24.346401,2024-09-20,10.0
17.8628000000014,27.291271,2024-09-20,11.0
8.690000000002328,7.6922607,2024-09-20,12.0
11.9109999999966,15.031645,2024-09-20,13.0
18.77199999999721,26.848232,2024-09-20,14.0
22.659999999996217,14.632731,2024-09-20,15.0
14.547999999995229,13.592916,2024-09-20,16.0
17.139999999999418,8.044578,2024-09-20,17.0
11.7200000000012,11.851078,2024-09-20,18.0
35.95000000000073,24.540247,2024-09-20,19.0
13.229999999999563,11.808786,2024-09-20,20.0
25.743999999998778,23.738527,2024-09-20,21.0
24.30000000000291,24.408306,2024-09-20,22.0
24.0399999999936,18.063848,2024-09-20,23.0
32.75200000000041,20.17569,2024-09-20,24.0
6.959999999999127,10.744436,2024-09-20,25.0
24.830000000001743,17.64693,2024-09-20,26.0
18.07999999999447,16.415754,2024-09-20,27.0
8.543999999994412,16.575022,2024-09-20,28.0
26.687999999994645,22.684816,2024-09-20,29.0
22.49199999999837,21.35962,2024-09-20,30.0
26.01600000000326,25.296818,2024-09-20,31.0
30.31999999999971,30.28722,2024-09-20,32.0
14.80000000000291,11.171263,2024-09-20,33.0
12.2880000000031,11.48026,2024-09-20,34.0
23.2800000000011,30.925495,2024-09-20,35.0
12.010000000002035,15.230153,2024-09-20,36.0
24.2800000000011,21.382048,2024-09-20,37.0
11.5199999999968,10.7881365,2024-09-20,38.0
11.9109999999966,18.978354,2024-09-20,39.0
11.1120000000018,11.909439,2024-09-21,1.0
30.0679999999993,14.689806,2024-09-21,2.0
33.12000000000262,21.70715,2024-09-21,3.0
30.855999999999767,23.93892,2024-09-21,4.0
7.979999999995925,16.032146,2024-09-21,5.0
7.22000000000106,24.261946,2024-09-21,6.0
25.2800000000061,24.209549,2024-09-21,7.0
16.947999999996682,11.165968,2024-09-21,8.0
22.81999999999971,17.77812,2024-09-21,9.0
23.631999999997788,21.367672,2024-09-21,10.0
11.011999999996,23.870087,2024-09-21,11.0
8.209999999999127,7.827105,2024-09-21,12.0
16.608000000000175,14.655604,2024-09-21,13.0
22.2580000000054,24.90515,2024-09-21,14.0
22.07200000000012,11.566902,2024-09-21,15.0
13.0,13.827791,2024-09-21,16.0
7.520000000000437,7.2060995,2024-09-21,17.0
20.359999999993303,12.20042,2024-09-21,18.0
27.31000000000131,20.792324,2024-09-21,19.0
18.979999999999563,10.690474,2024-09-21,20.0
21.4280000000023,20.70027,2024-09-21,21.0
26.247999999999596,24.264425,2024-09-21,22.0
22.5,16.327055,2024-09-21,23.0
25.05999999999767,17.193886,2024-09-21,24.0
13.4900000000016,10.315942,2024-09-21,25.0
29.18000000000029,15.641921,2024-09-21,26.0
20.360000000000586,15.712661,2024-09-21,27.0
22.16800000000512,14.483524,2024-09-21,28.0
36.27999999999884,21.661667,2024-09-21,29.0
23.9320000000007,20.781412,2024-09-21,30.0
29.1428000000002,25.55034,2024-09-21,31.0
57.27999999999884,28.772942,2024-09-21,32.0
20.627999999996973,10.389109,2024-09-21,33.0
22.3109999999981,18.704899,2024-09-21,34.0
70.80000000000291,26.666336,2024-09-21,35.0
13.889999999999418,12.6017275,2024-09-21,36.0
32.70799999999872,17.736517,2024-09-21,37.0
17.75,8.389245,2024-09-21,38.0
21.7280000000052,16.806067,2024-09-21,39.0
8.360000000000582,9.701229,2024-09-22,1.0
14.459999999999129,13.063065,2024-09-22,2.0
26.64799999999377,20.504221,2024-09-22,3.0
16.41600000001199,22.151766,2024-09-22,4.0
8.807999999997264,17.687403,2024-09-22,5.0
3.5,24.878849,2024-09-22,6.0
21.88799999999901,24.890352,2024-09-22,7.0
12.8628000000014,12.031217,2024-09-22,8.0
16.391999999999825,18.412003,2024-09-22,9.0
25.927999999999884,20.827013,2024-09-22,10.0
11.4720000000016,23.048458,2024-09-22,11.0
4.099999999998545,7.402727,2024-09-22,12.0
17.720000000001164,14.662479,2024-09-22,13.0
18.27999999999884,22.733917,2024-09-22,14.0
9.256000000001222,14.735145,2024-09-22,15.0
11.2000000000044,13.090642,2024-09-22,16.0
10.7600000000002,8.054837,2024-09-22,17.0
12.376000000003842,11.630115,2024-09-22,18.0
21.679999999996653,22.674437,2024-09-22,19.0
6.860000000000582,11.165213,2024-09-22,20.0
18.70799999999872,22.210941,2024-09-22,21.0
28.49199999999837,24.446087,2024-09-22,22.0
10.3800000000047,15.81654,2024-09-22,23.0
20.29200000000128,19.54387,2024-09-22,24.0
7.609999999996944,8.853053,2024-09-22,25.0
13.599999999998545,16.41653,2024-09-22,26.0
10.0,14.935858,2024-09-22,27.0
6.680000000000291,13.167075,2024-09-22,28.0
24.848000000005413,22.919767,2024-09-22,29.0
13.89600000000064,20.825418,2024-09-22,30.0
20.631999999997788,26.697792,2024-09-22,31.0
27.131999999997788,27.375244,2024-09-22,32.0
6.760000000002037,9.930494,2024-09-22,33.0
23.0880000000025,11.979064,2024-09-22,34.0
33.6559999999954,25.118301,2024-09-22,35.0
17.099999999998545,11.38175,2024-09-22,36.0
18.75999999999476,19.29394,2024-09-22,37.0
6.710000000002765,9.277333,2024-09-22,38.0
6.639999999999418,15.231776,2024-09-22,39.0
2.947999999996682,12.272421,2024-09-23,1.0
5.0,21.309929,2024-09-23,2.0
14.180000000000293,22.918291,2024-09-23,3.0
33.83199999999488,24.046438,2024-09-23,4.0
5.62800000000669,17.593243,2024-09-23,5.0
2.2479999999995925,23.838589,2024-09-23,6.0
19.57999999999447,26.764145,2024-09-23,7.0
10.080000000001746,13.158113,2024-09-23,8.0
16.056000000004133,19.681393,2024-09-23,9.0
17.7280000000052,22.894478,2024-09-23,10.0
14.2500000000038,20.929722,2024-09-23,11.0
9.360000000000582,8.718977,2024-09-23,12.0
9.37999999999738,16.171253,2024-09-23,13.0
12.599999999998545,22.933537,2024-09-23,14.0
5.8628000000014,16.29902,2024-09-23,15.0
5.839999999996508,13.65906,2024-09-23,16.0
5.190000000000509,9.587362,2024-09-23,17.0
7.432000000000698,13.736932,2024-09-23,18.0
13.1100000000011,25.330412,2024-09-23,19.0
5.200000000000728,14.027636,2024-09-23,20.0
11.5,21.846952,2024-09-23,21.0
18.220000000001164,26.022312,2024-09-23,22.0
4.451999999997497,16.816015,2024-09-23,23.0
11.2799999999988,21.875761,2024-09-23,24.0
9.930000000000293,11.113958,2024-09-23,25.0
12.099999999998545,17.464277,2024-09-23,26.0
8.247999999999593,15.8474245,2024-09-23,27.0
10.739999999997965,15.170618,2024-09-23,28.0
8.719999999993888,24.628826,2024-09-23,29.0
9.652000000001864,21.872284,2024-09-23,30.0
13.19199999999546,28.700676,2024-09-23,31.0
14.776000000005295,30.792074,2024-09-23,32.0
3.0120000000024447,13.472453,2024-09-23,33.0
10.7319999999963,15.024754,2024-09-23,34.0
11.5200000000041,32.968475,2024-09-23,35.0
5.450000000004366,12.036743,2024-09-23,36.0
16.82800000000134,22.047783,2024-09-23,37.0
9.899999999997815,10.853662,2024-09-23,38.0
10.5280000000009,17.165613,2024-09-23,39.0
4.868000000002212,9.60026,2024-09-24,1.0
6.47200000000117,15.250683,2024-09-24,2.0
9.572000000000116,21.24071,2024-09-24,3.0
18.27999999999884,21.182125,2024-09-24,4.0
0.0,13.062018,2024-09-24,5.0
2.3919999999998254,20.310955,2024-09-24,6.0
21.380000000004657,23.234692,2024-09-24,7.0
5.28800000000309,11.863649,2024-09-24,8.0
14.131999999997788,17.992271,2024-09-24,9.0
18.187999999994645,20.925936,2024-09-24,10.0
11.3999999999942,19.177628,2024-09-24,11.0
2.4900000000016007,6.5323577,2024-09-24,12.0
16.668000000005122,16.542389,2024-09-24,13.0
10.8628000000014,19.795284,2024-09-24,14.0
12.375999999996566,13.698167,2024-09-24,15.0
16.512000000002445,12.951526,2024-09-24,16.0
7.969999999999345,8.529608,2024-09-24,17.0
6.752000000000408,12.260905,2024-09-24,18.0
7.18999999999869,24.480751,2024-09-24,19.0
12.209999999999129,11.736272,2024-09-24,20.0
16.87199999999575,19.492868,2024-09-24,21.0
16.6124197645385,25.593372,2024-09-24,22.0
5.80000000000291,15.255721,2024-09-24,23.0
11.2879999999958,19.795692,2024-09-24,24.0
3.52800000000087,9.275394,2024-09-24,25.0
16.2699999999968,16.342857,2024-09-24,26.0
9.28000000000146,13.761602,2024-09-24,27.0
3.900000000001455,13.171079,2024-09-24,28.0
12.272000000004482,22.06426,2024-09-24,29.0
13.239999999997965,18.153896,2024-09-24,30.0
14.368000000002212,26.311922,2024-09-24,31.0
19.731999999996333,31.483942,2024-09-24,32.0
3.959999999999127,10.536393,2024-09-24,33.0
5.559999999997672,15.322076,2024-09-24,34.0
26.87199999999575,30.78177,2024-09-24,35.0
5.719999999993888,11.7745905,2024-09-24,36.0
12.5828000000026,20.063065,2024-09-24,37.0
4.700000000000728,8.859194,2024-09-24,38.0
12.391999999999824,14.584146,2024-09-24,39.0
16.451999999997497,11.145007,2024-09-25,1.0
9.080000000001746,17.668709,2024-09-25,2.0
22.639999999999414,22.31535,2024-09-25,3.0
24.37600000000384,25.716633,2024-09-25,4.0
0.0,16.981773,2024-09-25,5.0
3.2880000000004657,21.082714,2024-09-25,6.0
20.60800000000017,24.922724,2024-09-25,7.0
9.87999999999738,13.50311,2024-09-25,8.0
13.572000000000116,20.072647,2024-09-25,9.0
31.752000000000407,22.563812,2024-09-25,10.0
11.7280000000052,18.872477,2024-09-25,11.0
5.739999999997963,8.735627,2024-09-25,12.0
23.951999999997497,17.294275,2024-09-25,13.0
13.976000000002388,19.959631,2024-09-25,14.0
14.692000000002736,17.51187,2024-09-25,15.0
8.87999999999738,13.769231,2024-09-25,16.0
12.299999999999272,9.0751295,2024-09-25,17.0
12.799999999995634,13.944146,2024-09-25,18.0
14.0919483981386,22.985064,2024-09-25,19.0
12.639999999999418,14.440627,2024-09-25,20.0
22.788000000000466,20.68368,2024-09-25,21.0
17.6105473966743,24.167603,2024-09-25,22.0
10.7679999999964,17.701061,2024-09-25,23.0
20.6280000000067,20.921476,2024-09-25,24.0
10.8280000000001,10.36946,2024-09-25,25.0
18.91000000000349,17.590027,2024-09-25,26.0
11.5280000000009,16.025509,2024-09-25,27.0
17.76799999999639,15.439238,2024-09-25,28.0
20.0,22.538347,2024-09-25,29.0
11.8919999999998,18.011616,2024-09-25,30.0
26.288000000000466,25.721392,2024-09-25,31.0
28.26000000000204,29.15469,2024-09-25,32.0
10.4279999999999,12.237901,2024-09-25,33.0
13.988000000004831,17.102955,2024-09-25,34.0
18.139999999999414,29.879787,2024-09-25,35.0
8.12800000000669,12.4576025,2024-09-25,36.0
21.080000000001743,21.635263,2024-09-25,37.0
10.959999999999129,10.878632,2024-09-25,38.0
16.039999999993597,15.8819475,2024-09-25,39.0
10.091999999996917,11.045756,2024-09-26,1.0
32.695999999996275,17.3793,2024-09-26,2.0
33.2580000000054,21.291477,2024-09-26,3.0
36.4280000000023,25.570965,2024-09-26,4.0
0.0,13.965047,2024-09-26,5.0
5.091999999996915,19.66027,2024-09-26,6.0
41.36000000000058,24.091848,2024-09-26,7.0
23.9109999999966,12.753784,2024-09-26,8.0
32.296000000002095,20.08645,2024-09-26,9.0
20.20000000000437,21.264074,2024-09-26,10.0
16.4320000000007,17.280731,2024-09-26,11.0
11.5499999999993,7.0657754,2024-09-26,12.0
39.75200000000041,18.020592,2024-09-26,13.0
41.2239999999947,18.065235,2024-09-26,14.0
30.332000000002157,15.513284,2024-09-26,15.0
9.432000000000698,14.663427,2024-09-26,16.0
5.510000000000218,8.821499,2024-09-26,17.0
3.32800000000125,11.657452,2024-09-26,18.0
11.4796000678895,18.17719,2024-09-26,19.0
24.549999999999272,11.641545,2024-09-26,20.0
28.0,18.190466,2024-09-26,21.0
19.0313183100303,22.377623,2024-09-26,22.0
30.139999999999414,16.350351,2024-09-26,23.0
29.68000000000029,19.791384,2024-09-26,24.0
13.029999999998836,9.09366,2024-09-26,25.0
21.839999999996508,15.539805,2024-09-26,26.0
21.94799999999668,13.945999,2024-09-26,27.0
32.2628000000029,13.073259,2024-09-26,28.0
36.33999999999651,21.32234,2024-09-26,29.0
25.89600000000064,18.885527,2024-09-26,30.0
31.59999999999127,22.896376,2024-09-26,31.0
52.807999999997264,27.735626,2024-09-26,32.0
13.932000000000698,10.391257,2024-09-26,33.0
25.27199999999721,17.817547,2024-09-26,34.0
52.05200000000332,29.36773,2024-09-26,35.0
27.359999999993303,10.6261215,2024-09-26,36.0
26.327999999994063,20.120829,2024-09-26,37.0
13.950000000000728,9.227009,2024-09-26,38.0
26.028000000005704,14.639609,2024-09-26,39.0
17.728000000002794,11.310343,2024-09-27,1.0
36.76000000000204,16.538279,2024-09-27,2.0
29.639999999999414,23.181086,2024-09-27,3.0
23.95999999999185,25.45397,2024-09-27,4.0
4.719999999993888,14.873182,2024-09-27,5.0
5.531999999999243,20.545887,2024-09-27,6.0
36.83199999999488,24.475677,2024-09-27,7.0
20.18800000000192,12.261776,2024-09-27,8.0
26.1428000000002,20.124138,2024-09-27,9.0
12.88799999999901,23.106876,2024-09-27,10.0
12.907999999995807,16.399319,2024-09-27,11.0
10.909999999999854,8.116997,2024-09-27,12.0
16.5880000000025,17.859068,2024-09-27,13.0
28.3760000000038,16.867363,2024-09-27,14.0
27.93599999999424,16.27608,2024-09-27,15.0
10.4680000000008,14.168571,2024-09-27,16.0
3.9099999999998554,9.912707,2024-09-27,17.0
16.599999999998545,13.194945,2024-09-27,18.0
14.433362252575,18.66762,2024-09-27,19.0
20.76000000000204,12.392864,2024-09-27,20.0
30.172000000005937,20.726053,2024-09-27,21.0
19.3172249492252,21.421062,2024-09-27,22.0
11.8280000000038,15.760752,2024-09-27,23.0
29.979999999995925,21.013922,2024-09-27,24.0
12.590000000000146,9.936737,2024-09-27,25.0
11.4200000000055,17.734425,2024-09-27,26.0
18.2800000000011,15.478068,2024-09-27,27.0
13.296000000002095,13.89783,2024-09-27,28.0
36.62000000000262,22.798437,2024-09-27,29.0
26.05200000000332,18.381025,2024-09-27,30.0
35.736000000004424,24.493635,2024-09-27,31.0
32.9028000000023,31.130116,2024-09-27,32.0
20.0,10.413452,2024-09-27,33.0
19.031999999999243,15.913287,2024-09-27,34.0
48.667999999997846,28.95791,2024-09-27,35.0
14.05000000000291,11.371653,2024-09-27,36.0
32.9800000000032,22.404713,2024-09-27,37.0
11.6599999999999,10.131883,2024-09-27,38.0
21.459999999999127,15.31312,2024-09-27,39.0
14.860000000000582,8.335228,2024-09-28,1.0
24.452000000004773,16.122606,2024-09-28,2.0
21.0,19.854612,2024-09-28,3.0
11.7109999999995,22.070845,2024-09-28,4.0
12.680000000000293,12.638731,2024-09-28,5.0
5.128000000004249,21.066376,2024-09-28,6.0
32.16800000000512,22.994009,2024-09-28,7.0
19.639999999999414,12.012388,2024-09-28,8.0
23.0879999999961,17.902359,2024-09-28,9.0
25.0280000000009,20.50896,2024-09-28,10.0
17.020000000004075,13.098871,2024-09-28,11.0
12.430000000000293,7.6925483,2024-09-28,12.0
20.1099999999953,17.725105,2024-09-28,13.0
27.131999999997788,17.370844,2024-09-28,14.0
25.560000000004948,14.388402,2024-09-28,15.0
22.372000000003027,10.807411,2024-09-28,16.0
10.4200000000001,7.123883,2024-09-28,17.0
20.728000000002798,10.596491,2024-09-28,18.0
11.553607862722,13.864853,2024-09-28,19.0
22.55999999999767,12.348165,2024-09-28,20.0
28.360000000000586,18.923937,2024-09-28,21.0
24.1377913236,17.673752,2024-09-28,22.0
23.17199999999866,12.864171,2024-09-28,23.0
24.627999999996973,19.535023,2024-09-28,24.0
11.8000000000029,7.712264,2024-09-28,25.0
21.2599999999985,14.835133,2024-09-28,26.0
16.47200000000157,12.846972,2024-09-28,27.0
11.3199999999997,14.388668,2024-09-28,28.0
31.139999999999414,20.914856,2024-09-28,29.0
24.26799999999639,15.8693495,2024-09-28,30.0
30.903999999994998,22.008604,2024-09-28,31.0
55.31999999999971,27.956459,2024-09-28,32.0
14.427999999999884,8.686,2024-09-28,33.0
11.6680000000051,15.130027,2024-09-28,34.0
39.36000000000058,27.493252,2024-09-28,35.0
13.520000000004076,12.484035,2024-09-28,36.0
25.8109999999981,19.21318,2024-09-28,37.0
11.4200000000019,8.761362,2024-09-28,38.0
19.72799999999552,14.944541,2024-09-28,39.0
8.339999999996508,11.606035,2024-09-29,1.0
18.307999999997264,18.792616,2024-09-29,2.0
22.659999999996217,21.345736,2024-09-29,3.0
17.2879999999958,23.582817,2024-09-29,4.0
5.18280000000101,15.887359,2024-09-29,5.0
3.9199999999982538,20.803905,2024-09-29,6.0
32.62399999999616,25.519646,2024-09-29,7.0
14.959999999999129,14.653924,2024-09-29,8.0
30.68000000000029,19.40828,2024-09-29,9.0
21.239999999997963,20.3085,2024-09-29,10.0
25.76799999999639,14.910842,2024-09-29,11.0
8.42800000000233,8.521535,2024-09-29,12.0
33.788000000000466,19.559864,2024-09-29,13.0
27.228000000002798,18.866343,2024-09-29,14.0
24.0280000000009,15.270231,2024-09-29,15.0
10.1079999999929,11.62424,2024-09-29,16.0
8.880000000001019,7.381543,2024-09-29,17.0
17.9320000000007,10.916366,2024-09-29,18.0
13.7280000000016,12.859426,2024-09-29,19.0
14.290000000000871,12.166691,2024-09-29,20.0
24.455999999998312,20.9464,2024-09-29,21.0
16.487999999997555,17.700401,2024-09-29,22.0
17.0880000000025,13.147975,2024-09-29,23.0
11.8800000000047,20.103815,2024-09-29,24.0
10.6099999999969,9.702224,2024-09-29,25.0
22.089999999996508,15.3152075,2024-09-29,26.0
11.2799999999988,13.28217,2024-09-29,27.0
13.063999999998488,13.245824,2024-09-29,28.0
32.95999999999913,23.735483,2024-09-29,29.0
20.55999999999767,17.037767,2024-09-29,30.0
24.752000000007683,23.049648,2024-09-29,31.0
39.02799999999843,29.92937,2024-09-29,32.0
16.1199999999962,10.563601,2024-09-29,33.0
18.987999999997555,14.76845,2024-09-29,34.0
41.87999999999738,32.22947,2024-09-29,35.0
16.0,12.225609,2024-09-29,36.0
32.45599999999831,21.373966,2024-09-29,37.0
11.9199999999983,10.120025,2024-09-29,38.0
16.872000000003027,15.110937,2024-09-29,39.0
9.02800000000087,10.797486,2024-09-30,1.0
14.0,18.906786,2024-09-30,2.0
20.080000000001743,20.116018,2024-09-30,3.0
27.6628000000043,23.129454,2024-09-30,4.0
2.959999999999127,14.909255,2024-09-30,5.0
1.728000000002794,21.483839,2024-09-30,6.0
31.959999999999127,27.43408,2024-09-30,7.0
17.599999999998545,13.137067,2024-09-30,8.0
27.42000000000553,20.052841,2024-09-30,9.0
24.031999999999243,21.247356,2024-09-30,10.0
13.2800000000011,15.412499,2024-09-30,11.0
8.299999999999272,9.0866995,2024-09-30,12.0
27.872000000003027,19.329535,2024-09-30,13.0
28.451999999997497,20.176481,2024-09-30,14.0
22.131999999997788,17.223896,2024-09-30,15.0
14.160000000003492,13.166302,2024-09-30,16.0
8.789999999999054,7.660371,2024-09-30,17.0
10.5080000000016,11.922177,2024-09-30,18.0
23.7280000000016,12.633089,2024-09-30,19.0
13.459999999999129,13.632568,2024-09-30,20.0
31.4109999999966,22.739124,2024-09-30,21.0
27.231999999996333,17.671907,2024-09-30,22.0
31.67199999999866,14.571618,2024-09-30,23.0
30.87999999999738,21.145876,2024-09-30,24.0
12.37000000000262,10.10675,2024-09-30,25.0
14.080000000001746,14.582385,2024-09-30,26.0
17.779999999998836,13.847854,2024-09-30,27.0
13.360000000000582,14.369322,2024-09-30,28.0
27.61200000000099,22.752367,2024-09-30,29.0
21.360000000000586,18.058882,2024-09-30,30.0
27.1019999999937,25.741293,2024-09-30,31.0
43.53199999999924,31.888046,2024-09-30,32.0
12.908000000003083,9.867122,2024-09-30,33.0
14.012000000002445,15.340159,2024-09-30,34.0
23.0,28.822323,2024-09-30,35.0
14.319999999999707,12.105114,2024-09-30,36.0
18.312000000005355,22.59495,2024-09-30,37.0
17.2500000000001,9.420113,2024-09-30,38.0
23.839999999996508,15.341897,2024-09-30,39.0
17.280000000006112,12.805485,2024-10-01,1.0
30.1428000000002,22.40072,2024-10-01,2.0
22.32800000000134,21.827312,2024-10-01,3.0
17.2560000000085,22.746801,2024-10-01,4.0
14.376000000003842,16.709663,2024-10-01,5.0
1.451999999997497,22.936607,2024-10-01,6.0
36.0280000000009,28.453983,2024-10-01,7.0
11.708000000006,15.491491,2024-10-01,8.0
21.39999999999418,23.429262,2024-10-01,9.0
23.2800000000011,22.361855,2024-10-01,10.0
14.052000000003318,17.42095,2024-10-01,11.0
8.09000000000011,9.045163,2024-10-01,12.0
16.2879999999958,22.750349,2024-10-01,13.0
24.012000000002445,23.103384,2024-10-01,14.0
26.18800000000192,21.161331,2024-10-01,15.0
12.559999999997672,13.50791,2024-10-01,16.0
7.350000000000364,8.611381,2024-10-01,17.0
22.55199999999604,13.6229,2024-10-01,18.0
19.93999999999869,12.658833,2024-10-01,19.0
22.56999999999971,15.819178,2024-10-01,20.0
31.38799999999901,25.155947,2024-10-01,21.0
14.927999999999884,18.424833,2024-10-01,22.0
17.011999999996,15.978933,2024-10-01,23.0
24.080000000001743,20.445774,2024-10-01,24.0
9.789999999997235,11.027883,2024-10-01,25.0
19.4800000000032,16.307243,2024-10-01,26.0
13.62000000000262,15.965267,2024-10-01,27.0
11.0799999999945,15.310293,2024-10-01,28.0
25.455999999998312,24.269485,2024-10-01,29.0
14.61200000000099,21.027367,2024-10-01,30.0
30.9120000000101,26.179914,2024-10-01,31.0
52.27999999999884,34.984512,2024-10-01,32.0
14.731999999996331,12.359153,2024-10-01,33.0
17.25199999999313,15.720696,2024-10-01,34.0
18.708000000005995,32.258003,2024-10-01,35.0
13.531999999999243,13.182176,2024-10-01,36.0
29.047999999995227,24.97654,2024-10-01,37.0
10.090000000000146,10.720685,2024-10-01,38.0
20.9000000000011,17.842205,2024-10-01,39.0
5.99199999999837,13.075374,2024-10-02,1.0
22.18800000000192,23.766834,2024-10-02,2.0
14.599999999998545,23.592987,2024-10-02,3.0
31.55999999999767,26.78426,2024-10-02,4.0
10.1319999999978,15.636464,2024-10-02,5.0
0.720000000001064,20.399523,2024-10-02,6.0
25.0679999999993,31.08824,2024-10-02,7.0
10.583999999995283,16.554207,2024-10-02,8.0
23.4280000000023,26.037985,2024-10-02,9.0
25.231999999996333,24.789371,2024-10-02,10.0
19.639999999999414,18.95829,2024-10-02,11.0
8.909999999999854,9.0313425,2024-10-02,12.0
24.222800000002,25.789495,2024-10-02,13.0
17.747999999999593,24.622587,2024-10-02,14.0
17.5028000000008,23.931047,2024-10-02,15.0
23.380000000004657,14.335826,2024-10-02,16.0
7.59000000000011,8.398843,2024-10-02,17.0
13.2500000000038,14.466052,2024-10-02,18.0
21.169999999998254,13.701224,2024-10-02,19.0
7.480000000003201,16.844486,2024-10-02,20.0
12.8228000000005,26.240051,2024-10-02,21.0
0.5320000000065193,21.444279,2024-10-02,22.0
10.472000000001572,22.581406,2024-10-02,23.0
17.012000000002445,25.242403,2024-10-02,24.0
10.9280000000023,10.440754,2024-10-02,25.0
17.919999999998254,15.383,2024-10-02,26.0
13.591999999996917,15.830779,2024-10-02,27.0
14.680000000000293,16.36291,2024-10-02,28.0
21.982800000004,28.211508,2024-10-02,29.0
13.599999999998545,23.806644,2024-10-02,30.0
9.16799999999057,28.84584,2024-10-02,31.0
23.708000000005995,37.52212,2024-10-02,32.0
9.5,11.601403,2024-10-02,33.0
10.648000000001,16.985006,2024-10-02,34.0
28.239999999997963,31.151932,2024-10-02,35.0
9.855999999999767,13.799302,2024-10-02,36.0
19.832000000002157,26.568815,2024-10-02,37.0
12.580000000001746,10.277617,2024-10-02,38.0
16.720000000001164,21.36337,2024-10-02,39.0
19.639999999999414,17.677872,2024-10-03,1.0
17.131999999997788,34.151028,2024-10-03,2.0
21.61200000000099,26.59089,2024-10-03,3.0
25.2719999999972,32.58401,2024-10-03,4.0
13.660000000003492,21.072794,2024-10-03,5.0
0.4599999999991269,21.89538,2024-10-03,6.0
36.5280000000009,35.83399,2024-10-03,7.0
22.80800000000454,19.590578,2024-10-03,8.0
18.80000000000291,28.370611,2024-10-03,9.0
12.368000000002212,24.36307,2024-10-03,10.0
17.219999999993888,22.45983,2024-10-03,11.0
10.0299999999988,10.764833,2024-10-03,12.0
10.027999999998428,28.150892,2024-10-03,13.0
20.26799999999639,27.116985,2024-10-03,14.0
21.547999999995227,26.777464,2024-10-03,15.0
13.2879999999958,16.488255,2024-10-03,16.0
4.75,9.6069565,2024-10-03,17.0
4.027999999998428,17.264174,2024-10-03,18.0
18.81000000000131,17.42704,2024-10-03,19.0
31.0,21.11301,2024-10-03,20.0
28.69600000000355,30.001339,2024-10-03,21.0
16.316135996461,22.132706,2024-10-03,22.0
11.887999999999,21.224089,2024-10-03,23.0
25.5199999999968,27.570724,2024-10-03,24.0
10.0099999999984,13.052749,2024-10-03,25.0
21.209999999999127,18.976141,2024-10-03,26.0
16.768000000003667,18.253067,2024-10-03,27.0
8.28800000000309,18.797976,2024-10-03,28.0
21.695999999996275,32.412758,2024-10-03,29.0
25.220000000001164,24.015802,2024-10-03,30.0
32.919999999998254,33.48781,2024-10-03,31.0
37.65199999999459,46.198036,2024-10-03,32.0
8.680000000000291,16.430677,2024-10-03,33.0
23.288000000000466,22.564966,2024-10-03,34.0
17.19999999999709,32.14717,2024-10-03,35.0
27.29200000000128,17.343536,2024-10-03,36.0
30.739999999997963,30.679686,2024-10-03,37.0
3.779999999998836,13.60568,2024-10-03,38.0
25.739999999997963,24.497475,2024-10-03,39.0
9.055999999996857,15.818706,2024-10-04,1.0
36.59999999999855,27.918673,2024-10-04,2.0
26.29200000000128,21.754341,2024-10-04,3.0
16.887999999991735,27.389706,2024-10-04,4.0
10.0599999999977,16.928707,2024-10-04,5.0
0.2600000000020372,21.50914,2024-10-04,6.0
25.4880000000048,30.33425,2024-10-04,7.0
21.55199999999604,18.647589,2024-10-04,8.0
24.02799999999843,26.699148,2024-10-04,9.0
29.27999999999884,24.504967,2024-10-04,10.0
16.160000000003492,20.737995,2024-10-04,11.0
10.639999999999418,10.148899,2024-10-04,12.0
19.228000000002798,24.43659,2024-10-04,13.0
19.0280000000009,27.121634,2024-10-04,14.0
21.0,24.462824,2024-10-04,15.0
25.919999999998254,17.958633,2024-10-04,16.0
10.8099999999995,8.68227,2024-10-04,17.0
13.61200000000099,16.78913,2024-10-04,18.0
21.590000000000146,17.367374,2024-10-04,19.0
13.209999999999129,18.977148,2024-10-04,20.0
18.97200000000157,25.950048,2024-10-04,21.0
21.788000000000466,20.11072,2024-10-04,22.0
19.77200000000448,20.292505,2024-10-04,23.0
12.908000000003083,24.276974,2024-10-04,24.0
11.0800000000017,12.666222,2024-10-04,25.0
11.9280000000023,17.436422,2024-10-04,26.0
13.19999999999709,17.375769,2024-10-04,27.0
12.68800000000192,15.4718485,2024-10-04,28.0
24.332000000002157,28.441883,2024-10-04,29.0
21.247999999999596,22.616014,2024-10-04,30.0
27.4320000000007,28.43875,2024-10-04,31.0
28.4279999999999,39.985577,2024-10-04,32.0
4.380000000004657,14.405753,2024-10-04,33.0
17.772000000004482,18.241747,2024-10-04,34.0
24.99200000000565,30.876211,2024-10-04,35.0
13.37199999999575,16.032644,2024-10-04,36.0
25.70000000000437,27.771786,2024-10-04,37.0
13.430000000000293,12.178736,2024-10-04,38.0
25.1120000000018,22.86623,2024-10-04,39.0
7.351999999998952,10.597472,2024-10-05,1.0
17.69600000000355,19.333656,2024-10-05,2.0
19.32800000000134,17.692997,2024-10-05,3.0
25.8000000000029,21.108965,2024-10-05,4.0
0.0199999999967985,8.73627,2024-10-05,5.0
1.0,17.85641,2024-10-05,6.0
25.9319999999925,27.100595,2024-10-05,7.0
18.560000000004948,13.659515,2024-10-05,8.0
23.78399999999965,19.899565,2024-10-05,9.0
28.67199999999866,20.175957,2024-10-05,10.0
13.1120000000018,15.495817,2024-10-05,11.0
10.38000000000102,6.309591,2024-10-05,12.0
18.97200000000157,18.70856,2024-10-05,13.0
21.8280000000038,19.766474,2024-10-05,14.0
24.060000000004948,17.816584,2024-10-05,15.0
11.0720000000001,12.226484,2024-10-05,16.0
8.030000000000655,5.4716773,2024-10-05,17.0
22.0679999999993,14.556785,2024-10-05,18.0
16.470000000001164,13.236519,2024-10-05,19.0
25.360000000000586,12.610659,2024-10-05,20.0
27.27999999999884,22.708956,2024-10-05,21.0
17.50399999999354,12.909431,2024-10-05,22.0
37.0199999999968,13.448922,2024-10-05,23.0
33.271999999997206,19.583094,2024-10-05,24.0
10.899999999997815,8.11341,2024-10-05,25.0
18.70799999999872,13.597734,2024-10-05,26.0
18.832000000002157,13.192786,2024-10-05,27.0
12.663999999997031,9.693613,2024-10-05,28.0
24.091999999996915,21.590343,2024-10-05,29.0
24.2109999999995,18.152678,2024-10-05,30.0
26.512000000002445,22.046047,2024-10-05,31.0
28.4800000000032,35.623108,2024-10-05,32.0
10.9199999999983,10.480842,2024-10-05,33.0
12.38799999999901,13.619223,2024-10-05,34.0
23.83199999999488,20.129654,2024-10-05,35.0
12.495999999999183,11.615958,2024-10-05,36.0
31.099999999998545,22.119045,2024-10-05,37.0
6.68999999999869,8.76456,2024-10-05,38.0
11.9279999999999,17.427963,2024-10-05,39.0
24.780000000006112,13.83153,2024-10-06,1.0
19.66399999999703,25.83106,2024-10-06,2.0
20.139999999999414,22.946861,2024-10-06,3.0
9.19999999999709,23.438356,2024-10-06,4.0
0.0,12.676727,2024-10-06,5.0
1.0799999999944705,19.349047,2024-10-06,6.0
33.9320000000007,31.26771,2024-10-06,7.0
22.627999999996973,18.728838,2024-10-06,8.0
25.88799999999901,25.105886,2024-10-06,9.0
28.44800000000396,24.137478,2024-10-06,10.0
14.307999999997264,19.66123,2024-10-06,11.0
14.68999999999869,10.557559,2024-10-06,12.0
32.39999999999418,22.398813,2024-10-06,13.0
22.851999999998952,22.641207,2024-10-06,14.0
29.07200000000012,22.699978,2024-10-06,15.0
12.92000000000553,19.562618,2024-10-06,16.0
9.05999999999949,9.428068,2024-10-06,17.0
22.102000000001,16.892874,2024-10-06,18.0
8.5799999999981,19.318369,2024-10-06,19.0
11.2599999999985,17.017445,2024-10-06,20.0
26.427999999999884,24.744965,2024-10-06,21.0
4.62800000000669,18.270721,2024-10-06,22.0
19.102000000001,19.01332,2024-10-06,23.0
20.07200000000012,21.197727,2024-10-06,24.0
14.13000000000102,12.446062,2024-10-06,25.0
13.031999999999243,18.142506,2024-10-06,26.0
20.5679999999993,17.604568,2024-10-06,27.0
19.88799999999901,14.385007,2024-10-06,28.0
24.44800000000396,25.686226,2024-10-06,29.0
25.720000000001164,21.913649,2024-10-06,30.0
23.1428000000002,27.335257,2024-10-06,31.0
31.860000000000586,37.310184,2024-10-06,32.0
12.652000000001864,12.3729315,2024-10-06,33.0
14.5028000000008,17.790401,2024-10-06,34.0
47.63999999999942,24.418434,2024-10-06,35.0
16.7028000000052,16.454039,2024-10-06,36.0
21.9800000000032,27.828405,2024-10-06,37.0
13.209999999999129,12.009634,2024-10-06,38.0
23.9280000000023,22.205065,2024-10-06,39.0
7.971999999994296,13.284337,2024-10-07,1.0
11.3600000000006,23.768795,2024-10-07,2.0
23.979999999995925,22.120178,2024-10-07,3.0
17.60000000000582,25.377583,2024-10-07,4.0
0.0600000000049476,11.700264,2024-10-07,5.0
5.25000000000378,22.456789,2024-10-07,6.0
33.028000000005704,30.64121,2024-10-07,7.0
18.0,16.959526,2024-10-07,8.0
19.5679999999993,24.216091,2024-10-07,9.0
22.88799999999901,25.50614,2024-10-07,10.0
13.908000000003083,17.911127,2024-10-07,11.0
9.82800000000011,9.780968,2024-10-07,12.0
14.732000000003609,21.167576,2024-10-07,13.0
24.531999999999243,21.885368,2024-10-07,14.0
16.487999999997555,23.322496,2024-10-07,15.0
14.299999999995634,17.052454,2024-10-07,16.0
9.229999999999563,8.910482,2024-10-07,17.0
20.75999999999476,16.304611,2024-10-07,18.0
24.65999999999985,18.836704,2024-10-07,19.0
10.639999999999418,17.913946,2024-10-07,20.0
27.87999999999738,26.846947,2024-10-07,21.0
13.3555898929194,16.614298,2024-10-07,22.0
29.296000000002092,21.696634,2024-10-07,23.0
22.68800000000192,24.941204,2024-10-07,24.0
13.510000000002035,11.737527,2024-10-07,25.0
22.1120000000018,16.924904,2024-10-07,26.0
18.12800000000425,15.835085,2024-10-07,27.0
12.42000000000553,14.028286,2024-10-07,28.0
27.7109999999995,24.544468,2024-10-07,29.0
28.252000000000407,21.933643,2024-10-07,30.0
29.80800000000454,28.089487,2024-10-07,31.0
24.88799999999901,35.805676,2024-10-07,32.0
14.027999999998428,11.45873,2024-10-07,33.0
17.608000000000175,17.396214,2024-10-07,34.0
19.32800000000134,21.093012,2024-10-07,35.0
12.447999999996682,15.39411,2024-10-07,36.0
27.0399999999936,27.146143,2024-10-07,37.0
10.5900000000001,11.698152,2024-10-07,38.0
16.9320000000007,20.844975,2024-10-07,39.0
8.427999999999884,15.594643,2024-10-08,1.0
32.09599999999773,23.908113,2024-10-08,2.0
21.927999999999884,22.605724,2024-10-08,3.0
24.127999999996973,22.211226,2024-10-08,4.0
0.0679999999993011,15.7135725,2024-10-08,5.0
8.319999999999709,24.97186,2024-10-08,6.0
41.71999999999389,30.923868,2024-10-08,7.0
17.61200000000099,18.63609,2024-10-08,8.0
17.31999999999971,24.277021,2024-10-08,9.0
27.4109999999966,25.068401,2024-10-08,10.0
16.051999999996042,17.736012,2024-10-08,11.0
12.81000000000131,11.269659,2024-10-08,12.0
13.38799999999901,22.190592,2024-10-08,13.0
22.167999999997846,21.616428,2024-10-08,14.0
23.752000000000407,24.22417,2024-10-08,15.0
14.2280000000052,17.135881,2024-10-08,16.0
8.350000000000364,8.985515,2024-10-08,17.0
18.080000000001743,16.754566,2024-10-08,18.0
17.909999999999854,18.292301,2024-10-08,19.0
7.930000000000291,17.042847,2024-10-08,20.0
28.239999999997963,26.286308,2024-10-08,21.0
16.1358921625835,17.250051,2024-10-08,22.0
17.86399999999412,19.34379,2024-10-08,23.0
29.031999999999243,22.868204,2024-10-08,24.0
10.5599999999977,12.097929,2024-10-08,25.0
19.987999999997555,16.061071,2024-10-08,26.0
13.319999999999707,16.897573,2024-10-08,27.0
18.49199999999837,14.892665,2024-10-08,28.0
21.536000000000055,24.205223,2024-10-08,29.0
11.127999999997,22.979572,2024-10-08,30.0
21.83199999999488,26.52705,2024-10-08,31.0
24.9428000000031,34.355183,2024-10-08,32.0
12.051999999996042,10.790553,2024-10-08,33.0
13.299999999995634,17.094925,2024-10-08,34.0
10.6399999999994,27.204786,2024-10-08,35.0
17.591999999996915,15.946757,2024-10-08,36.0
26.12800000000425,26.082853,2024-10-08,37.0
14.1199999999999,11.470601,2024-10-08,38.0
22.695999999996275,21.126911,2024-10-08,39.0
12.060000000004948,14.453369,2024-10-09,1.0
24.31999999999971,24.010153,2024-10-09,2.0
19.391999999999825,22.424667,2024-10-09,3.0
25.4320000000007,23.67868,2024-10-09,4.0
0.0,12.383008,2024-10-09,5.0
5.02800000000087,26.050554,2024-10-09,6.0
38.12000000000262,30.66549,2024-10-09,7.0
17.011999999996,19.186365,2024-10-09,8.0
26.99199999999837,23.675964,2024-10-09,9.0
25.860000000000586,25.192122,2024-10-09,10.0
21.29200000000128,18.30843,2024-10-09,11.0
12.080000000001746,10.753133,2024-10-09,12.0
32.9280000000023,21.859264,2024-10-09,13.0
21.3109999999981,21.916306,2024-10-09,14.0
23.4280000000023,22.718618,2024-10-09,15.0
18.90799999999581,17.927433,2024-10-09,16.0
10.239999999999782,9.0747,2024-10-09,17.0
18.768000000003667,17.05229,2024-10-09,18.0
21.080000000001743,19.456324,2024-10-09,19.0
12.389999999999418,17.338678,2024-10-09,20.0
22.2280000000052,26.154133,2024-10-09,21.0
22.867999999994936,15.224061,2024-10-09,22.0
21.960000000006403,19.385279,2024-10-09,23.0
32.667999999997846,23.699047,2024-10-09,24.0
17.31999999999971,12.767104,2024-10-09,25.0
26.080000000001743,17.257826,2024-10-09,26.0
16.471999999994296,17.931551,2024-10-09,27.0
14.279999999998836,14.823565,2024-10-09,28.0
22.9109999999966,24.806797,2024-10-09,29.0
12.80000000000291,23.688171,2024-10-09,30.0
27.80000000000291,27.14583,2024-10-09,31.0
19.487999999997555,32.016254,2024-10-09,32.0
11.2680000000037,10.8438015,2024-10-09,33.0
11.8919999999998,17.524035,2024-10-09,34.0
21.459999999999127,23.851059,2024-10-09,35.0
23.20000000000437,15.252434,2024-10-09,36.0
23.55199999999604,27.725992,2024-10-09,37.0
14.100000000002185,10.365325,2024-10-09,38.0
20.252000000000407,20.847261,2024-10-09,39.0
16.247999999999593,14.99386,2024-10-10,1.0
19.4800000000032,27.837347,2024-10-10,2.0
24.351999999998952,23.684149,2024-10-10,3.0
35.8228000000078,27.07376,2024-10-10,4.0
0.0,16.720713,2024-10-10,5.0
6.47200000000117,31.251158,2024-10-10,6.0
30.87999999999738,32.9919,2024-10-10,7.0
23.463999999999945,21.128021,2024-10-10,8.0
19.580000000001743,23.34154,2024-10-10,9.0
11.5679999999993,24.920378,2024-10-10,10.0
19.5199999999968,18.691273,2024-10-10,11.0
13.419999999998254,13.0077095,2024-10-10,12.0
11.5919999999969,20.838749,2024-10-10,13.0
22.228000000002798,22.833075,2024-10-10,14.0
20.09599999999773,24.259653,2024-10-10,15.0
12.8280000000038,18.762938,2024-10-10,16.0
9.75,9.955561,2024-10-10,17.0
7.19199999999546,17.271467,2024-10-10,18.0
19.31999999999971,18.836544,2024-10-10,19.0
19.970000000001164,18.066282,2024-10-10,20.0
11.9719999999943,25.881348,2024-10-10,21.0
8.22000000000106,22.839079,2024-10-10,22.0
25.14799999999377,18.799044,2024-10-10,23.0
19.80000000000291,24.798512,2024-10-10,24.0
9.47000000000106,14.028435,2024-10-10,25.0
17.799999999995634,17.87872,2024-10-10,26.0
13.9800000000032,18.821753,2024-10-10,27.0
16.68800000000192,16.431183,2024-10-10,28.0
24.99200000000565,24.088997,2024-10-10,29.0
28.12000000000262,24.709959,2024-10-10,30.0
35.9600000000064,26.252325,2024-10-10,31.0
22.2879999999958,30.86606,2024-10-10,32.0
11.9800000000032,12.004178,2024-10-10,33.0
24.880000000004657,20.737867,2024-10-10,34.0
16.92000000000553,23.013197,2024-10-10,35.0
23.94799999999668,16.861399,2024-10-10,36.0
13.0280000000009,27.519804,2024-10-10,37.0
8.139999999999418,11.591716,2024-10-10,38.0
20.17199999999866,22.489151,2024-10-10,39.0
8.531999999999243,14.0348625,2024-10-11,1.0
33.66399999999703,20.707928,2024-10-11,2.0
23.360000000000586,19.241621,2024-10-11,3.0
26.59999999999127,19.923445,2024-10-11,4.0
0.0319999999992433,12.99743,2024-10-11,5.0
33.24799999999959,27.439243,2024-10-11,6.0
23.080000000001743,24.846386,2024-10-11,7.0
20.927999999999884,17.195591,2024-10-11,8.0
11.6399999999994,19.834618,2024-10-11,9.0
16.452000000004773,21.006756,2024-10-11,10.0
19.21600000000035,14.671048,2024-10-11,11.0
7.97000000000106,11.4052515,2024-10-11,12.0
31.288000000000466,18.267311,2024-10-11,13.0
22.252000000000407,19.419893,2024-10-11,14.0
29.252000000000407,21.680431,2024-10-11,15.0
14.102000000001,14.192905,2024-10-11,16.0
2.600000000000364,7.7000914,2024-10-11,17.0
7.100000000005821,15.791542,2024-10-11,18.0
22.5280000000009,14.510843,2024-10-11,19.0
18.88000000000102,12.058438,2024-10-11,20.0
25.8600000000006,20.373497,2024-10-11,21.0
12.368000000002212,14.377508,2024-10-11,22.0
22.2500000000038,16.458185,2024-10-11,23.0
23.81999999999971,21.247004,2024-10-11,24.0
13.770000000000437,11.99391,2024-10-11,25.0
21.720000000001164,15.29391,2024-10-11,26.0
11.3079999999973,14.6746435,2024-10-11,27.0
12.447999999996682,13.526129,2024-10-11,28.0
24.93599999999424,18.94896,2024-10-11,29.0
7.47200000000117,19.205984,2024-10-11,30.0
27.4320000000007,21.848503,2024-10-11,31.0
30.05200000000332,23.18803,2024-10-11,32.0
21.5109999999952,9.449116,2024-10-11,33.0
17.839999999996508,15.86705,2024-10-11,34.0
23.131999999997788,17.252222,2024-10-11,35.0
20.132000000005064,12.152829,2024-10-11,36.0
29.391999999999825,21.180742,2024-10-11,37.0
11.2500000000001,9.975801,2024-10-11,38.0
20.888000000006286,18.462156,2024-10-11,39.0
10.0599999999977,13.658864,2024-10-12,1.0
32.520000000004075,22.73803,2024-10-12,2.0
18.76000000000204,21.650002,2024-10-12,3.0
19.98399999999674,23.681753,2024-10-12,4.0
0.0319999999992433,15.819201,2024-10-12,5.0
35.55999999999767,27.615723,2024-10-12,6.0
30.09200000000419,32.82072,2024-10-12,7.0
11.6000000000058,19.432302,2024-10-12,8.0
25.02799999999843,22.41859,2024-10-12,9.0
10.451999999997495,24.637493,2024-10-12,10.0
13.872000000003029,17.545477,2024-10-12,11.0
9.959999999999129,12.768666,2024-10-12,12.0
14.860000000000582,20.748672,2024-10-12,13.0
23.296000000002092,21.8957,2024-10-12,14.0
19.239999999997963,23.448318,2024-10-12,15.0
14.527999999998428,15.977025,2024-10-12,16.0
9.719999999999343,8.823361,2024-10-12,17.0
26.1079999999929,17.616735,2024-10-12,18.0
23.5,16.257399,2024-10-12,19.0
18.7599999999984,13.950313,2024-10-12,20.0
25.952000000004773,24.845268,2024-10-12,21.0
18.2109999999995,15.977393,2024-10-12,22.0
28.19999999999709,21.064552,2024-10-12,23.0
25.580000000001743,23.842396,2024-10-12,24.0
10.0999999999985,13.41032,2024-10-12,25.0
27.18000000000029,16.886387,2024-10-12,26.0
11.2000000000044,16.960758,2024-10-12,27.0
14.4120000000039,15.574819,2024-10-12,28.0
21.92000000000553,24.05513,2024-10-12,29.0
17.327999999994063,23.379358,2024-10-12,30.0
29.79999999998836,27.131336,2024-10-12,31.0
32.57200000000012,25.97344,2024-10-12,32.0
8.919999999998254,12.170254,2024-10-12,33.0
10.6399999999994,17.493395,2024-10-12,34.0
10.38799999999901,23.30085,2024-10-12,35.0
12.39999999999418,16.033587,2024-10-12,36.0
20.98800000000483,24.661356,2024-10-12,37.0
16.32999999999811,11.761335,2024-10-12,38.0
17.339999999996508,19.688023,2024-10-12,39.0
10.232000000003609,12.227022,2024-10-13,1.0
25.747999999999596,22.659433,2024-10-13,2.0
19.01600000000326,20.315813,2024-10-13,3.0
24.496000000013737,22.954752,2024-10-13,4.0
0.2799999999988358,13.427522,2024-10-13,5.0
39.9519999999975,32.462616,2024-10-13,6.0
25.7880000000005,30.253798,2024-10-13,7.0
18.047999999995227,18.074387,2024-10-13,8.0
23.2280000000052,19.731014,2024-10-13,9.0
28.987999999997555,22.521877,2024-10-13,10.0
12.2800000000011,15.996955,2024-10-13,11.0
8.630000000001019,10.883432,2024-10-13,12.0
25.8280000000038,20.855352,2024-10-13,13.0
22.75999999999476,20.874653,2024-10-13,14.0
20.49199999999837,23.214695,2024-10-13,15.0
10.4639999999999,14.944878,2024-10-13,16.0
9.59000000000011,7.882531,2024-10-13,17.0
19.53200000000652,15.262219,2024-10-13,18.0
24.609999999996944,16.700207,2024-10-13,19.0
19.389999999999414,12.403883,2024-10-13,20.0
17.360000000000582,24.327808,2024-10-13,21.0
12.979999999995924,13.786145,2024-10-13,22.0
18.048000000002503,19.686544,2024-10-13,23.0
27.0199999999968,23.276714,2024-10-13,24.0
10.3899999999994,12.910961,2024-10-13,25.0
24.0280000000009,16.498693,2024-10-13,26.0
19.351999999998952,15.972711,2024-10-13,27.0
14.37999999999738,14.373645,2024-10-13,28.0
26.959999999999127,22.687366,2024-10-13,29.0
22.66000000000349,16.626741,2024-10-13,30.0
23.23200000000361,26.774908,2024-10-13,31.0
27.487999999997555,25.743504,2024-10-13,32.0
11.8280000000013,12.811969,2024-10-13,33.0
19.455999999998312,15.525837,2024-10-13,34.0
16.987999999997555,20.295843,2024-10-13,35.0
17.416000000004715,15.889823,2024-10-13,36.0
25.69999999999709,24.1224,2024-10-13,37.0
8.11000000000146,10.1971445,2024-10-13,38.0
26.652000000001863,18.702963,2024-10-13,39.0
18.44799999999668,11.213002,2024-10-14,1.0
29.839999999996508,22.494835,2024-10-14,2.0
24.531999999999243,18.485271,2024-10-14,3.0
33.647999999986496,20.179249,2024-10-14,4.0
0.0,11.984168,2024-10-14,5.0
19.056000000004133,25.103603,2024-10-14,6.0
30.78799999999319,29.025745,2024-10-14,7.0
25.4320000000007,16.612879,2024-10-14,8.0
18.17199999999866,18.340118,2024-10-14,9.0
29.2800000000011,17.069971,2024-10-14,10.0
11.0800000000017,16.262495,2024-10-14,11.0
10.579999999998108,10.229045,2024-10-14,12.0
25.02799999999843,16.639177,2024-10-14,13.0
23.12000000000262,18.771452,2024-10-14,14.0
20.76000000000204,18.509546,2024-10-14,15.0
19.335999999995693,13.096807,2024-10-14,16.0
4.530000000000655,6.238453,2024-10-14,17.0
17.0679999999993,14.677898,2024-10-14,18.0
17.4280000000023,16.051466,2024-10-14,19.0
10.1100000000011,12.354368,2024-10-14,20.0
30.97599999999511,21.975962,2024-10-14,21.0
13.4174136981062,14.920856,2024-10-14,22.0
22.49199999999837,18.142818,2024-10-14,23.0
29.36800000000221,22.576134,2024-10-14,24.0
10.590000000000146,11.334362,2024-10-14,25.0
24.768000000003667,16.66643,2024-10-14,26.0
18.44799999999668,14.544705,2024-10-14,27.0
16.0280000000009,13.227972,2024-10-14,28.0
24.27199999999721,20.722729,2024-10-14,29.0
17.50800000000163,16.980322,2024-10-14,30.0
36.0,27.465559,2024-10-14,31.0
39.1120000000018,24.634981,2024-10-14,32.0
5.419999999998254,10.769879,2024-10-14,33.0
18.560000000004948,14.694283,2024-10-14,34.0
16.7028000000052,13.025639,2024-10-14,35.0
13.951999999997495,15.008897,2024-10-14,36.0
21.23200000000361,20.951057,2024-10-14,37.0
13.819999999999707,11.195249,2024-10-14,38.0
21.0,17.889599,2024-10-14,39.0
12.819999999999707,13.139463,2024-10-15,1.0
18.652000000001863,25.251925,2024-10-15,2.0
23.43999999999505,20.021984,2024-10-15,3.0
31.79200000000128,24.003307,2024-10-15,4.0
3.01600000000326,13.133843,2024-10-15,5.0
35.23999999999796,24.605768,2024-10-15,6.0
28.53200000000652,29.840528,2024-10-15,7.0
22.67199999999866,16.551947,2024-10-15,8.0
16.731999999996333,20.191496,2024-10-15,9.0
26.2800000000011,20.084803,2024-10-15,10.0
13.231999999996331,16.591661,2024-10-15,11.0
12.420000000001892,8.999311,2024-10-15,12.0
17.66399999999703,21.51173,2024-10-15,13.0
21.98399999999674,20.922709,2024-10-15,14.0
19.735999999997148,21.301355,2024-10-15,15.0
14.3828000000055,13.930839,2024-10-15,16.0
2.180000000000291,7.432359,2024-10-15,17.0
17.182800000001,15.040799,2024-10-15,18.0
18.389999999999414,19.61687,2024-10-15,19.0
21.720000000001164,13.252497,2024-10-15,20.0
30.97200000000157,21.08889,2024-10-15,21.0
17.1978612145509,13.62616,2024-10-15,22.0
11.6679999999978,18.446606,2024-10-15,23.0
23.239999999997963,25.2578,2024-10-15,24.0
10.5280000000009,11.252002,2024-10-15,25.0
27.583999999995285,19.217709,2024-10-15,26.0
16.520000000004075,13.949762,2024-10-15,27.0
29.080000000001743,13.61545,2024-10-15,28.0
24.76000000000204,22.887863,2024-10-15,29.0
10.4109999999966,17.99358,2024-10-15,30.0
32.63999999999942,26.747154,2024-10-15,31.0
28.148000000001,27.152754,2024-10-15,32.0
5.380000000004657,11.959158,2024-10-15,33.0
11.5919999999969,14.631995,2024-10-15,34.0
22.5199999999968,14.616217,2024-10-15,35.0
17.167999999997846,15.317497,2024-10-15,36.0
32.29599999999482,24.40005,2024-10-15,37.0
8.130000000001019,10.318869,2024-10-15,38.0
27.5879999999961,19.906805,2024-10-15,39.0
10.2500000000038,13.845784,2024-10-16,1.0
19.19999999999709,27.717234,2024-10-16,2.0
18.2109999999995,21.608517,2024-10-16,3.0
22.81600000000617,26.016722,2024-10-16,4.0
16.239999999997963,13.178703,2024-10-16,5.0
27.31999999999971,22.377287,2024-10-16,6.0
35.70799999999872,27.172178,2024-10-16,7.0
17.4280000000023,18.070415,2024-10-16,8.0
18.6280000000067,20.292297,2024-10-16,9.0
33.13999999999942,20.955154,2024-10-16,10.0
21.080000000001743,18.186855,2024-10-16,11.0
14.289999999997235,9.832393,2024-10-16,12.0
27.10800000000017,22.83875,2024-10-16,13.0
22.89600000000064,21.804491,2024-10-16,14.0
16.4120000000039,21.390694,2024-10-16,15.0
24.255999999993943,14.930102,2024-10-16,16.0
16.329999999999927,7.5169973,2024-10-16,17.0
19.867999999994936,15.249478,2024-10-16,18.0
22.75,18.926348,2024-10-16,19.0
21.5199999999968,14.969712,2024-10-16,20.0
28.020000000004075,23.688627,2024-10-16,21.0
14.1120000000018,15.340802,2024-10-16,22.0
32.75200000000041,20.086893,2024-10-16,23.0
27.4320000000007,26.006357,2024-10-16,24.0
10.2280000000016,11.988296,2024-10-16,25.0
19.228000000002798,21.587282,2024-10-16,26.0
25.360000000000586,15.595989,2024-10-16,27.0
16.37999999999738,14.860115,2024-10-16,28.0
24.5280000000009,22.739462,2024-10-16,29.0
20.17199999999866,18.12731,2024-10-16,30.0
26.720000000001164,28.678482,2024-10-16,31.0
42.72000000000117,27.473288,2024-10-16,32.0
5.279999999998836,10.808914,2024-10-16,33.0
17.0280000000009,17.06711,2024-10-16,34.0
26.17599999999948,16.711428,2024-10-16,35.0
14.992000000005646,16.659649,2024-10-16,36.0
24.23200000000361,22.24069,2024-10-16,37.0
17.020000000000437,11.406406,2024-10-16,38.0
21.50800000000163,20.723375,2024-10-16,39.0
8.739999999997963,14.811462,2024-10-17,1.0
26.5880000000025,27.002487,2024-10-17,2.0
22.32800000000134,22.088717,2024-10-17,3.0
65.67999999999302,28.926702,2024-10-17,4.0
16.279999999998836,15.999996,2024-10-17,5.0
30.752000000000407,27.558708,2024-10-17,6.0
28.1120000000018,29.770624,2024-10-17,7.0
25.9360000000011,20.34163,2024-10-17,8.0
23.747999999999596,19.344788,2024-10-17,9.0
9.11200000000186,20.311195,2024-10-17,10.0
12.247999999999593,17.054844,2024-10-17,11.0
8.450000000000728,10.717875,2024-10-17,12.0
13.732000000003609,22.119736,2024-10-17,13.0
21.9028000000023,22.453884,2024-10-17,14.0
32.4519999999975,21.347422,2024-10-17,15.0
11.5428000000017,15.055595,2024-10-17,16.0
5.520000000000437,6.698984,2024-10-17,17.0
3.092000000004191,14.744935,2024-10-17,18.0
17.860000000000582,19.883547,2024-10-17,19.0
12.820000000003349,16.286947,2024-10-17,20.0
30.0,24.653542,2024-10-17,21.0
22.228000000002798,14.254485,2024-10-17,22.0
9.952000000004771,19.027937,2024-10-17,23.0
20.96800000000076,24.187696,2024-10-17,24.0
13.1199999999999,11.591034,2024-10-17,25.0
21.05199999999604,21.06158,2024-10-17,26.0
14.131999999997788,15.939536,2024-10-17,27.0
10.2109999999995,16.886122,2024-10-17,28.0
19.57200000000012,23.211473,2024-10-17,29.0
14.548000000002505,17.335619,2024-10-17,30.0
24.24800000000687,31.046478,2024-10-17,31.0
31.49199999999837,29.980024,2024-10-17,32.0
17.148000000001048,10.086092,2024-10-17,33.0
23.12000000000262,19.558508,2024-10-17,34.0
18.3028000000037,16.435167,2024-10-17,35.0
9.19199999999546,16.260729,2024-10-17,36.0
17.639999999999418,25.092379,2024-10-17,37.0
12.049999999999272,11.133871,2024-10-17,38.0
24.80000000000291,22.867489,2024-10-17,39.0
12.080000000001746,13.350334,2024-10-18,1.0
10.332000000002154,26.52412,2024-10-18,2.0
21.0,21.722023,2024-10-18,3.0
48.062800000013,27.454817,2024-10-18,4.0
16.2800000000011,20.853748,2024-10-18,5.0
13.580000000001746,28.812351,2024-10-18,6.0
33.33999999999651,27.845596,2024-10-18,7.0
18.832000000002157,20.453987,2024-10-18,8.0
11.051999999996,20.79508,2024-10-18,9.0
36.42799999999989,22.777893,2024-10-18,10.0
11.0,17.391054,2024-10-18,11.0
8.75,11.218361,2024-10-18,12.0
33.93599999999424,23.61173,2024-10-18,13.0
26.360000000000586,22.531185,2024-10-18,14.0
21.8280000000038,22.133692,2024-10-18,15.0
18.77599999999802,17.621586,2024-10-18,16.0
13.719999999999343,8.860992,2024-10-18,17.0
14.479999999995924,17.226175,2024-10-18,18.0
17.959999999999127,19.904867,2024-10-18,19.0
10.369999999999,17.01872,2024-10-18,20.0
25.67199999999866,25.414005,2024-10-18,21.0
16.57999999999447,15.51537,2024-10-18,22.0
11.5360000000001,19.988531,2024-10-18,23.0
10.0319999999992,25.295977,2024-10-18,24.0
19.31999999999971,11.367073,2024-10-18,25.0
19.708000000005995,22.19612,2024-10-18,26.0
17.2109999999995,17.844126,2024-10-18,27.0
22.89600000000064,17.08959,2024-10-18,28.0
10.367999999994936,25.344492,2024-10-18,29.0
13.459999999999129,18.432844,2024-10-18,30.0
25.8119999999916,29.85994,2024-10-18,31.0
22.5679999999993,31.569313,2024-10-18,32.0
13.87199999999575,9.530383,2024-10-18,33.0
10.619999999995343,16.807566,2024-10-18,34.0
17.807999999997264,18.942696,2024-10-18,35.0
10.847999999998136,15.388613,2024-10-18,36.0
23.00800000000163,25.2069,2024-10-18,37.0
13.169999999998254,12.623297,2024-10-18,38.0
20.67199999999866,22.492502,2024-10-18,39.0
11.6399999999994,13.331758,2024-10-19,1.0
21.959999999999127,27.114916,2024-10-19,2.0
29.099999999998545,20.73761,2024-10-19,3.0
59.7109999999995,32.48931,2024-10-19,4.0
2.559999999997672,17.505308,2024-10-19,5.0
32.68000000000029,27.734463,2024-10-19,6.0
23.73200000000361,29.434206,2024-10-19,7.0
26.247999999999596,19.06985,2024-10-19,8.0
17.167999999997846,20.469303,2024-10-19,9.0
30.2579999999981,22.80548,2024-10-19,10.0
18.247999999999596,15.622732,2024-10-19,11.0
10.010000000002,9.584007,2024-10-19,12.0
10.7320000000036,19.593466,2024-10-19,13.0
21.00800000000163,21.602995,2024-10-19,14.0
23.011999999996,21.753613,2024-10-19,15.0
24.4800000000032,15.458161,2024-10-19,16.0
16.1200000000008,7.1930056,2024-10-19,17.0
13.880000000004657,17.324268,2024-10-19,18.0
20.76000000000204,18.87305,2024-10-19,19.0
11.7599999999984,14.622327,2024-10-19,20.0
14.1099999999953,26.74099,2024-10-19,21.0
11.7120000000068,15.345346,2024-10-19,22.0
36.17199999999866,16.865894,2024-10-19,23.0
20.080000000001743,24.33113,2024-10-19,24.0
11.8499999999985,10.204955,2024-10-19,25.0
13.419999999998254,20.912088,2024-10-19,26.0
10.5760000000009,16.221659,2024-10-19,27.0
21.9109999999966,16.021137,2024-10-19,28.0
14.247999999999593,23.296318,2024-10-19,29.0
31.26000000000204,17.614826,2024-10-19,30.0
32.080000000001746,26.633204,2024-10-19,31.0
18.351999999998952,33.57568,2024-10-19,32.0
14.832000000002154,9.259615,2024-10-19,33.0
13.29200000000128,15.566377,2024-10-19,34.0
8.847999999998137,17.471092,2024-10-19,35.0
17.92000000000553,13.787707,2024-10-19,36.0
41.33199999999488,24.201735,2024-10-19,37.0
10.1100000000011,11.494075,2024-10-19,38.0
14.167999999997846,23.469555,2024-10-19,39.0
5.419999999998254,15.257028,2024-10-20,1.0
9.667999999997846,24.278788,2024-10-20,2.0
20.548000000002503,23.228075,2024-10-20,3.0
36.4320000000007,35.971035,2024-10-20,4.0
2.18280000000101,16.36198,2024-10-20,5.0
24.747999999999596,26.640848,2024-10-20,6.0
20.047999999995227,31.906263,2024-10-20,7.0
22.2109999999995,21.226786,2024-10-20,8.0
31.0,20.897501,2024-10-20,9.0
32.17199999999866,26.453758,2024-10-20,10.0
10.182800000001,17.336985,2024-10-20,11.0
3.7399999999979623,10.825917,2024-10-20,12.0
33.74799999999959,24.41281,2024-10-20,13.0
23.288000000000466,23.966118,2024-10-20,14.0
17.239999999997963,23.32735,2024-10-20,15.0
13.0280000000009,17.540253,2024-10-20,16.0
2.679999999998472,9.069448,2024-10-20,17.0
9.687999999994643,16.248596,2024-10-20,18.0
5.18999999999869,19.456688,2024-10-20,19.0
12.960000000002765,15.7801075,2024-10-20,20.0
33.60000000000582,28.140768,2024-10-20,21.0
20.27999999999884,17.536655,2024-10-20,22.0
23.5199999999968,18.159388,2024-10-20,23.0
23.2879999999958,24.937355,2024-10-20,24.0
18.970000000001164,13.488342,2024-10-20,25.0
21.88799999999901,21.724827,2024-10-20,26.0
13.951999999997495,18.705704,2024-10-20,27.0
20.0280000000009,18.497622,2024-10-20,28.0
17.9028000000023,23.687267,2024-10-20,29.0
14.279999999998836,19.05667,2024-10-20,30.0
38.16000000000349,30.000599,2024-10-20,31.0
44.96800000000076,32.33856,2024-10-20,32.0
20.167999999997846,10.265889,2024-10-20,33.0
12.296000000002095,18.23989,2024-10-20,34.0
32.192000000002736,19.13588,2024-10-20,35.0
17.127999999996973,14.665528,2024-10-20,36.0
33.10000000000582,25.714542,2024-10-20,37.0
19.56999999999971,13.655173,2024-10-20,38.0
21.512000000002445,23.940243,2024-10-20,39.0
11.1800000000003,14.316192,2024-10-21,1.0
20.80000000000291,24.777424,2024-10-21,2.0
24.872000000003027,25.002449,2024-10-21,3.0
25.3679999999877,43.170124,2024-10-21,4.0
4.32800000000125,13.9549265,2024-10-21,5.0
10.4799999999959,26.767296,2024-10-21,6.0
27.031999999999243,31.555893,2024-10-21,7.0
11.7999999999956,22.926027,2024-10-21,8.0
22.0880000000025,21.39926,2024-10-21,9.0
29.060000000004948,27.75762,2024-10-21,10.0
8.599999999998545,18.985573,2024-10-21,11.0
9.049999999999272,10.763624,2024-10-21,12.0
33.65200000000186,23.102365,2024-10-21,13.0
25.102000000001,22.740166,2024-10-21,14.0
22.55200000000332,23.977175,2024-10-21,15.0
27.30399999999645,21.373577,2024-10-21,16.0
10.710000000000946,9.1533575,2024-10-21,17.0
25.77999999999884,16.000599,2024-10-21,18.0
19.239999999997963,18.827944,2024-10-21,19.0
7.889999999999418,15.881399,2024-10-21,20.0
38.19999999999709,26.513851,2024-10-21,21.0
29.011999999996,16.928202,2024-10-21,22.0
24.18800000000192,24.920952,2024-10-21,23.0
46.0,23.336718,2024-10-21,24.0
17.36999999999898,13.504776,2024-10-21,25.0
2.559999999997672,19.894342,2024-10-21,26.0
9.592000000004193,17.145956,2024-10-21,27.0
16.47200000000157,19.829147,2024-10-21,28.0
18.77599999999802,21.486383,2024-10-21,29.0
20.61200000000099,20.850954,2024-10-21,30.0
27.67999999999301,31.753283,2024-10-21,31.0
39.4800000000032,30.62878,2024-10-21,32.0
10.7680000000037,10.726675,2024-10-21,33.0
19.99199999999837,18.179222,2024-10-21,34.0
31.55199999999604,18.665869,2024-10-21,35.0
13.383999999998196,14.810681,2024-10-21,36.0
39.979999999995925,31.956743,2024-10-21,37.0
12.720000000001164,12.2954445,2024-10-21,38.0
16.1120000000018,22.645897,2024-10-21,39.0
21.639999999999414,12.600178,2024-10-22,1.0
12.427999999999884,18.871893,2024-10-22,2.0
25.55199999999604,19.693022,2024-10-22,3.0
44.222800000002,40.826214,2024-10-22,4.0
1.0879999999961,12.033087,2024-10-22,5.0
14.2528000000046,24.407417,2024-10-22,6.0
27.02799999999843,25.548784,2024-10-22,7.0
30.012000000002445,19.866285,2024-10-22,8.0
26.4800000000032,20.232117,2024-10-22,9.0
30.479999999995925,25.396795,2024-10-22,10.0
17.135999999998603,15.36696,2024-10-22,11.0
9.460000000002765,9.063209,2024-10-22,12.0
22.299999999995634,22.47197,2024-10-22,13.0
23.4319999999925,20.668016,2024-10-22,14.0
19.487999999997555,22.001797,2024-10-22,15.0
27.65600000000268,16.889069,2024-10-22,16.0
10.0499999999993,7.7085457,2024-10-22,17.0
10.0280000000009,14.594758,2024-10-22,18.0
16.720000000001164,15.757361,2024-10-22,19.0
12.87999999999738,13.182524,2024-10-22,20.0
28.46800000000076,25.757177,2024-10-22,21.0
12.1120000000018,15.595514,2024-10-22,22.0
19.57200000000012,16.900599,2024-10-22,23.0
14.052000000003318,19.54223,2024-10-22,24.0
13.090000000000146,12.220128,2024-10-22,25.0
25.952000000004773,17.436886,2024-10-22,26.0
9.135999999998605,15.378887,2024-10-22,27.0
21.0679999999993,17.756067,2024-10-22,28.0
19.852000000006228,18.457586,2024-10-22,29.0
10.4879999999976,17.490467,2024-10-22,30.0
36.83999999999651,28.012943,2024-10-22,31.0
37.59199999999692,28.584986,2024-10-22,32.0
12.4109999999966,11.255165,2024-10-22,33.0
19.79200000000128,15.156986,2024-10-22,34.0
35.74800000000687,20.348568,2024-10-22,35.0
9.376000000003842,12.731716,2024-10-22,36.0
30.69999999999709,28.238129,2024-10-22,37.0
9.779999999998836,11.648244,2024-10-22,38.0
14.319999999999707,20.458746,2024-10-22,39.0
10.2500000000038,13.103432,2024-10-23,1.0
44.75999999999476,20.915274,2024-10-23,2.0
29.855999999999767,21.614174,2024-10-23,3.0
39.8628000000014,41.16577,2024-10-23,4.0
0.0,13.599625,2024-10-23,5.0
29.695999999996275,18.665466,2024-10-23,6.0
22.57200000000012,27.733343,2024-10-23,7.0
12.559999999997672,20.091177,2024-10-23,8.0
24.1119999999946,21.265404,2024-10-23,9.0
38.63200000000506,26.5615,2024-10-23,10.0
9.9120000000039,15.836788,2024-10-23,11.0
10.75,8.537389,2024-10-23,12.0
24.459999999999127,22.789032,2024-10-23,13.0
28.13600000000588,22.50697,2024-10-23,14.0
17.512000000002445,22.107864,2024-10-23,15.0
23.351999999998952,20.566969,2024-10-23,16.0
9.63000000000102,10.016818,2024-10-23,17.0
7.880000000004657,16.14459,2024-10-23,18.0
26.1199999999999,16.057747,2024-10-23,19.0
18.960000000002765,14.819136,2024-10-23,20.0
25.18000000000029,26.06332,2024-10-23,21.0
49.63199999999779,18.601889,2024-10-23,22.0
24.851999999998952,18.489973,2024-10-23,23.0
27.891999999999825,22.833828,2024-10-23,24.0
21.729999999999563,14.392342,2024-10-23,25.0
10.727999999995518,16.520485,2024-10-23,26.0
26.951999999997497,16.69019,2024-10-23,27.0
45.36000000000058,17.690767,2024-10-23,28.0
17.959999999999127,19.324509,2024-10-23,29.0
20.648000000001048,19.897406,2024-10-23,30.0
26.23200000000361,29.596659,2024-10-23,31.0
28.6080000000002,32.055447,2024-10-23,32.0
18.332000000002157,12.498985,2024-10-23,33.0
19.86800000000221,16.913076,2024-10-23,34.0
20.17199999999866,20.683235,2024-10-23,35.0
8.451999999997497,14.955723,2024-10-23,36.0
31.820000000006985,28.496443,2024-10-23,37.0
11.109999999999,12.195008,2024-10-23,38.0
12.007999999994354,19.060104,2024-10-23,39.0
10.551999999996042,15.71937,2024-10-24,1.0
29.832000000002157,21.92578,2024-10-24,2.0
26.372000000003027,25.10342,2024-10-24,3.0
28.096000000005,47.277306,2024-10-24,4.0
3.232000000003609,10.104495,2024-10-24,5.0
35.1120000000018,21.56957,2024-10-24,6.0
36.80000000000291,30.001566,2024-10-24,7.0
20.056000000004133,22.727345,2024-10-24,8.0
21.0,23.538046,2024-10-24,9.0
8.82799999999286,27.103418,2024-10-24,10.0
14.471999999994296,17.821262,2024-10-24,11.0
1.6499999999978172,9.045888,2024-10-24,12.0
25.2120000000068,26.274246,2024-10-24,13.0
23.3839999999982,23.964634,2024-10-24,14.0
17.5679999999993,23.836592,2024-10-24,15.0
25.07200000000012,22.383486,2024-10-24,16.0
9.670000000000073,10.467676,2024-10-24,17.0
19.5199999999968,15.827401,2024-10-24,18.0
13.470000000001164,17.27903,2024-10-24,19.0
4.239999999997963,15.232323,2024-10-24,20.0
25.959999999999127,29.53425,2024-10-24,21.0
9.148000000001048,18.699,2024-10-24,22.0
21.33600000000297,19.18648,2024-10-24,23.0
25.2479999999996,23.393349,2024-10-24,24.0
12.530000000002474,15.307897,2024-10-24,25.0
14.6628000000043,16.971111,2024-10-24,26.0
13.3109999999981,15.634379,2024-10-24,27.0
13.131999999997788,18.636312,2024-10-24,28.0
19.70799999999872,18.956799,2024-10-24,29.0
17.99199999999837,18.88394,2024-10-24,30.0
27.296000000002092,32.18954,2024-10-24,31.0
37.32800000000134,32.893963,2024-10-24,32.0
13.18800000000192,13.392459,2024-10-24,33.0
11.627999999997,19.36228,2024-10-24,34.0
10.2560000000012,24.493605,2024-10-24,35.0
20.76000000000204,13.660721,2024-10-24,36.0
44.22799999999552,31.773127,2024-10-24,37.0
17.139999999999418,13.819181,2024-10-24,38.0
20.20000000000437,20.352205,2024-10-24,39.0
10.3199999999997,14.679158,2024-10-25,1.0
26.31999999999971,22.381731,2024-10-25,2.0
23.091999999996915,24.358717,2024-10-25,3.0
31.736000000004424,42.164658,2024-10-25,4.0
2.3000000000029104,14.287861,2024-10-25,5.0
32.52799999999843,22.064358,2024-10-25,6.0
31.12000000000262,25.076813,2024-10-25,7.0
35.703999999997905,20.887203,2024-10-25,8.0
27.81999999999971,23.136162,2024-10-25,9.0
26.05200000000332,30.703094,2024-10-25,10.0
16.056000000004133,15.923903,2024-10-25,11.0
7.760000000002037,10.261769,2024-10-25,12.0
29.639999999999414,25.651577,2024-10-25,13.0
26.927999999999884,23.880087,2024-10-25,14.0
16.772000000004482,22.12767,2024-10-25,15.0
24.728000000002798,22.22016,2024-10-25,16.0
2.0100000000002183,10.698653,2024-10-25,17.0
17.0280000000009,16.006937,2024-10-25,18.0
13.669999999998254,17.344639,2024-10-25,19.0
24.080000000001743,13.95294,2024-10-25,20.0
35.9109999999966,28.136179,2024-10-25,21.0
11.7868001257857,23.505552,2024-10-25,22.0
18.7109999999995,18.8454,2024-10-25,23.0
23.0879999999961,24.488138,2024-10-25,24.0
19.889999999999414,16.424723,2024-10-25,25.0
17.288000000000466,16.328457,2024-10-25,26.0
10.0880000000025,16.97442,2024-10-25,27.0
27.959999999999127,23.210629,2024-10-25,28.0
19.76000000000204,17.116957,2024-10-25,29.0
16.288000000000466,20.99299,2024-10-25,30.0
41.096000000005006,32.435722,2024-10-25,31.0
44.74399999999878,33.39833,2024-10-25,32.0
11.6520000000018,15.139738,2024-10-25,33.0
19.0,16.51195,2024-10-25,34.0
6.391999999999825,22.087128,2024-10-25,35.0
9.21099999999953,13.672907,2024-10-25,36.0
37.87999999999738,32.056202,2024-10-25,37.0
18.890000000003056,13.78022,2024-10-25,38.0
31.739999999997963,17.37825,2024-10-25,39.0
17.976000000002387,13.144021,2024-10-26,1.0
20.80800000000454,23.20572,2024-10-26,2.0
18.9360000000011,24.737907,2024-10-26,3.0
42.1019999999937,40.662327,2024-10-26,4.0
11.4519999999975,15.450387,2024-10-26,5.0
27.063999999998487,22.72612,2024-10-26,6.0
27.627999999996973,26.121159,2024-10-26,7.0
12.09599999999773,20.707563,2024-10-26,8.0
27.880000000004657,22.802023,2024-10-26,9.0
24.68000000000029,26.067017,2024-10-26,10.0
10.131999999997788,16.703678,2024-10-26,11.0
12.090000000000146,7.89534,2024-10-26,12.0
39.31999999999971,26.051432,2024-10-26,13.0
28.76799999999639,23.680143,2024-10-26,14.0
10.1079999999929,22.01203,2024-10-26,15.0
42.73999999999796,23.48626,2024-10-26,16.0
10.889999999999418,10.178034,2024-10-26,17.0
11.1319999999978,15.442762,2024-10-26,18.0
20.80000000000291,16.386763,2024-10-26,19.0
16.200000000000728,12.672631,2024-10-26,20.0
31.0,26.852474,2024-10-26,21.0
10.099999999998545,22.386475,2024-10-26,22.0
24.18000000000029,20.630548,2024-10-26,23.0
10.031999999999243,24.884783,2024-10-26,24.0
18.44999999999709,15.700761,2024-10-26,25.0
21.18000000000029,14.979707,2024-10-26,26.0
21.459999999999127,15.547037,2024-10-26,27.0
12.280000000006112,22.754162,2024-10-26,28.0
21.0109999999952,18.58726,2024-10-26,29.0
20.1120000000018,19.582888,2024-10-26,30.0
45.69599999999628,32.500793,2024-10-26,31.0
39.5880000000025,32.60841,2024-10-26,32.0
11.3999999999942,14.624966,2024-10-26,33.0
10.760000000002035,18.203691,2024-10-26,34.0
24.739999999997963,21.628988,2024-10-26,35.0
8.947999999996682,14.786731,2024-10-26,36.0
28.3028000000037,33.26718,2024-10-26,37.0
4.399999999997817,13.18016,2024-10-26,38.0
16.660000000003492,17.201866,2024-10-26,39.0
11.2719999999972,12.675792,2024-10-27,1.0
36.94399999999587,25.117651,2024-10-27,2.0
19.5028000000008,23.725658,2024-10-27,3.0
28.063999999998487,37.95821,2024-10-27,4.0
0.9760000000023864,15.659286,2024-10-27,5.0
28.736000000004424,23.074427,2024-10-27,6.0
25.2500000000038,27.3349,2024-10-27,7.0
25.0,22.021544,2024-10-27,8.0
11.1080000000002,24.801565,2024-10-27,9.0
19.455999999998312,27.209787,2024-10-27,10.0
11.4279999999999,16.401808,2024-10-27,11.0
9.299999999999272,8.198544,2024-10-27,12.0
13.255999999993946,27.141478,2024-10-27,13.0
20.2628000000029,24.260635,2024-10-27,14.0
25.57200000000012,20.166456,2024-10-27,15.0
37.19999999999709,24.683613,2024-10-27,16.0
9.579999999999927,6.9723372,2024-10-27,17.0
11.096000000005,15.402614,2024-10-27,18.0
11.1699999999983,15.657235,2024-10-27,19.0
13.799999999999272,13.067184,2024-10-27,20.0
19.456000000005588,29.061274,2024-10-27,21.0
44.26000000000204,21.373133,2024-10-27,22.0
19.2109999999995,20.380653,2024-10-27,23.0
25.888000000006286,25.430742,2024-10-27,24.0
17.25,16.049755,2024-10-27,25.0
24.77199999999721,14.346252,2024-10-27,26.0
18.692000000002736,14.381194,2024-10-27,27.0
26.127999999996973,22.726217,2024-10-27,28.0
17.0679999999993,19.820063,2024-10-27,29.0
9.979999999995924,19.649305,2024-10-27,30.0
43.98399999999674,31.097994,2024-10-27,31.0
38.1199999999962,36.892628,2024-10-27,32.0
9.576000000000931,14.224695,2024-10-27,33.0
18.943999999995867,18.0121,2024-10-27,34.0
12.8109999999981,21.68355,2024-10-27,35.0
16.09200000000419,14.523112,2024-10-27,36.0
28.0,35.227684,2024-10-27,37.0
11.2900000000009,14.172621,2024-10-27,38.0
19.0,21.603922,2024-10-27,39.0
5.31099999999808,12.791065,2024-10-28,1.0
24.31999999999971,21.504745,2024-10-28,2.0
19.307999999997264,21.1604,2024-10-28,3.0
21.960000000006403,29.95617,2024-10-28,4.0
1.8399999999965075,17.457087,2024-10-28,5.0
26.332000000002157,22.337542,2024-10-28,6.0
32.75200000000041,26.421669,2024-10-28,7.0
11.851999999999,18.232449,2024-10-28,8.0
16.102000000001,23.025583,2024-10-28,9.0
31.79200000000128,24.649115,2024-10-28,10.0
14.10399999999936,16.007362,2024-10-28,11.0
3.399999999997817,9.216441,2024-10-28,12.0
29.07200000000012,25.531149,2024-10-28,13.0
27.10800000000017,23.924677,2024-10-28,14.0
17.80000000000291,17.37943,2024-10-28,15.0
36.94800000000396,26.52638,2024-10-28,16.0
9.55999999999949,9.033657,2024-10-28,17.0
17.051999999996042,14.83421,2024-10-28,18.0
12.229999999999563,15.570277,2024-10-28,19.0
18.2899999999999,12.466118,2024-10-28,20.0
24.3839999999982,28.269415,2024-10-28,21.0
12.580000000001746,19.315908,2024-10-28,22.0
24.77599999999802,18.294134,2024-10-28,23.0
17.4320000000007,22.463263,2024-10-28,24.0
11.5900000000001,14.819217,2024-10-28,25.0
18.548000000002503,13.802615,2024-10-28,26.0
13.847999999998136,14.311302,2024-10-28,27.0
24.288000000000466,19.270056,2024-10-28,28.0
20.5828000000026,17.522434,2024-10-28,29.0
31.9280000000023,17.248589,2024-10-28,30.0
28.42399999999907,28.343601,2024-10-28,31.0
39.4800000000032,34.60811,2024-10-28,32.0
22.8228000000005,12.19051,2024-10-28,33.0
13.768000000003669,16.049803,2024-10-28,34.0
22.52799999999843,19.346142,2024-10-28,35.0
10.68800000000192,12.012664,2024-10-28,36.0
46.23999999999796,32.18542,2024-10-28,37.0
9.31000000000131,13.16171,2024-10-28,38.0
11.1800000000003,17.573322,2024-10-28,39.0
11.0080000000016,12.095064,2024-10-29,1.0
44.62800000000425,24.364208,2024-10-29,2.0
26.852000000006228,21.113323,2024-10-29,3.0
28.80799999998999,31.842924,2024-10-29,4.0
1.3839999999981956,12.848558,2024-10-29,5.0
23.5199999999968,23.209763,2024-10-29,6.0
24.76799999999639,26.929377,2024-10-29,7.0
20.9320000000007,19.908358,2024-10-29,8.0
27.87999999999738,20.72125,2024-10-29,9.0
21.239999999997963,23.267424,2024-10-29,10.0
11.4280000000023,15.232772,2024-10-29,11.0
17.1000000000006,7.3797545,2024-10-29,12.0
23.460000000006403,23.374138,2024-10-29,13.0
21.5880000000025,22.87846,2024-10-29,14.0
16.660000000003492,17.625195,2024-10-29,15.0
32.591999999996915,27.035282,2024-10-29,16.0
9.260000000000218,7.0270724,2024-10-29,17.0
12.132000000005064,14.58534,2024-10-29,18.0
10.9599999999991,14.851841,2024-10-29,19.0
16.270000000000437,12.628049,2024-10-29,20.0
26.50800000000163,25.700504,2024-10-29,21.0
16.320281069859,21.324755,2024-10-29,22.0
27.55200000000332,17.066286,2024-10-29,23.0
37.69999999999709,20.044683,2024-10-29,24.0
21.27000000000044,14.816759,2024-10-29,25.0
17.947999999996682,17.683643,2024-10-29,26.0
11.8320000000022,14.3317,2024-10-29,27.0
11.5120000000024,21.202862,2024-10-29,28.0
19.4119999999974,17.93931,2024-10-29,29.0
12.351999999998952,15.393511,2024-10-29,30.0
36.296000000002095,31.751074,2024-10-29,31.0
36.59999999999855,33.277283,2024-10-29,32.0
17.98800000000483,10.157093,2024-10-29,33.0
17.659999999996217,15.175,2024-10-29,34.0
28.5679999999993,16.406233,2024-10-29,35.0
9.459999999999129,11.165569,2024-10-29,36.0
38.24799999999959,31.526735,2024-10-29,37.0
16.599999999998545,10.562957,2024-10-29,38.0
24.0,17.214182,2024-10-29,39.0
11.9279999999999,14.691069,2024-10-30,1.0
20.459999999999127,29.70027,2024-10-30,2.0
19.959999999999127,23.972782,2024-10-30,3.0
32.8280000000101,34.293888,2024-10-30,4.0
1.1280000000042492,14.810109,2024-10-30,5.0
10.8919999999998,28.233315,2024-10-30,6.0
25.8280000000038,30.800219,2024-10-30,7.0
19.8280000000038,21.250656,2024-10-30,8.0
27.4320000000007,23.790016,2024-10-30,9.0
21.768000000003667,24.47587,2024-10-30,10.0
8.21600000000035,19.3822,2024-10-30,11.0
6.830000000001746,8.534648,2024-10-30,12.0
42.82799999999406,30.1852,2024-10-30,13.0
25.9109999999966,25.715374,2024-10-30,14.0
21.719999999993888,18.821701,2024-10-30,15.0
18.76000000000204,31.730654,2024-10-30,16.0
9.02800000000087,9.21801,2024-10-30,17.0
13.827999999994065,14.762381,2024-10-30,18.0
22.93000000000029,17.756485,2024-10-30,19.0
9.639999999999418,15.598758,2024-10-30,20.0
21.979999999995925,28.246965,2024-10-30,21.0
18.8686191245416,22.449308,2024-10-30,22.0
29.351999999998952,22.685055,2024-10-30,23.0
24.012000000002445,23.011005,2024-10-30,24.0
21.639999999999414,16.80254,2024-10-30,25.0
20.55200000000332,17.957916,2024-10-30,26.0
28.2579999999981,18.510157,2024-10-30,27.0
23.339999999996508,23.846094,2024-10-30,28.0
17.463999999999942,21.04017,2024-10-30,29.0
14.2280000000052,18.730371,2024-10-30,30.0
25.0479999999952,38.096928,2024-10-30,31.0
37.45999999999913,38.687637,2024-10-30,32.0
11.9199999999983,13.919233,2024-10-30,33.0
16.5280000000009,19.113909,2024-10-30,34.0
24.4280000000023,19.469072,2024-10-30,35.0
21.90799999999581,12.721142,2024-10-30,36.0
39.06000000000495,34.425858,2024-10-30,37.0
8.11999999999985,12.533988,2024-10-30,38.0
11.7719999999972,19.24961,2024-10-30,39.0
6.31099999999808,16.941689,2024-10-31,1.0
53.55999999999767,33.874397,2024-10-31,2.0
16.367999999994936,24.674696,2024-10-31,3.0
25.1919999999955,35.864662,2024-10-31,4.0
2.91099999999662,16.484085,2024-10-31,5.0
28.77599999999802,28.332096,2024-10-31,6.0
29.20799999999872,30.757301,2024-10-31,7.0
27.1199999999962,21.41165,2024-10-31,8.0
26.919999999998254,23.592453,2024-10-31,9.0
12.37199999999575,23.527767,2024-10-31,10.0
14.703999999997905,17.237925,2024-10-31,11.0
10.4599999999991,10.006832,2024-10-31,12.0
11.8800000000047,27.644377,2024-10-31,13.0
28.860000000000586,25.253296,2024-10-31,14.0
14.8280000000038,22.294989,2024-10-31,15.0
41.22000000000117,33.004265,2024-10-31,16.0
12.549999999999272,8.723455,2024-10-31,17.0
9.860000000000582,14.393002,2024-10-31,18.0
17.9280000000023,14.955605,2024-10-31,19.0
10.779999999998836,17.187653,2024-10-31,20.0
36.00800000000163,28.967133,2024-10-31,21.0
46.4320000000007,17.756273,2024-10-31,22.0
23.919999999998254,17.614609,2024-10-31,23.0
26.827999999994063,24.985947,2024-10-31,24.0
22.19000000000233,17.360912,2024-10-31,25.0
11.0399999999936,17.422062,2024-10-31,26.0
20.10800000000017,16.811377,2024-10-31,27.0
23.70000000000437,19.570072,2024-10-31,28.0
18.96800000000076,19.552147,2024-10-31,29.0
27.4119999999974,20.789713,2024-10-31,30.0
20.9028000000095,35.6719,2024-10-31,31.0
43.167999999997846,38.4551,2024-10-31,32.0
20.93999999999505,13.270849,2024-10-31,33.0
21.9280000000023,17.319628,2024-10-31,34.0
18.851999999998952,16.446262,2024-10-31,35.0
22.9120000000039,12.088241,2024-10-31,36.0
28.507999999994357,35.770813,2024-10-31,37.0
20.220000000001164,13.398434,2024-10-31,38.0
25.4280000000023,19.987059,2024-10-31,39.0
26.5280000000009,13.776174,2024-11-01,1.0
10.4199999999983,29.601213,2024-11-01,2.0
24.860000000000586,19.207,2024-11-01,3.0
48.6079999999929,30.484957,2024-11-01,4.0
1.6880000000019209,15.177101,2024-11-01,5.0
28.1428000000002,21.545744,2024-11-01,6.0
21.87999999999738,26.131847,2024-11-01,7.0
20.976000000002387,19.46052,2024-11-01,8.0
26.52799999999843,21.600765,2024-11-01,9.0
17.560000000004948,21.9465,2024-11-01,10.0
13.567999999999302,14.936,2024-11-01,11.0
10.099999999998545,9.294673,2024-11-01,12.0
49.72000000000117,26.457443,2024-11-01,13.0
25.9799999999959,23.239086,2024-11-01,14.0
11.8079999999973,18.887205,2024-11-01,15.0
29.091999999996915,29.637695,2024-11-01,16.0
2.2600000000002183,7.709548,2024-11-01,17.0
10.4280000000023,13.672189,2024-11-01,18.0
21.889999999999414,13.551327,2024-11-01,19.0
13.950000000000728,15.141733,2024-11-01,20.0
32.891999999999825,24.391716,2024-11-01,21.0
14.080000000001746,16.253777,2024-11-01,22.0
31.2579999999981,20.176027,2024-11-01,23.0
39.52000000000408,22.474058,2024-11-01,24.0
21.639999999999414,16.534025,2024-11-01,25.0
24.80800000000454,17.571436,2024-11-01,26.0
14.5028000000008,15.809926,2024-11-01,27.0
21.471999999994296,19.332722,2024-11-01,28.0
17.279999999998836,18.265003,2024-11-01,29.0
11.851999999999,18.117077,2024-11-01,30.0
44.95999999999185,33.686333,2024-11-01,31.0
37.1120000000018,34.09777,2024-11-01,32.0
9.592000000004193,13.094804,2024-11-01,33.0
17.099999999998545,16.407955,2024-11-01,34.0
17.31999999999971,18.132315,2024-11-01,35.0
12.047999999995229,12.561634,2024-11-01,36.0
26.872000000003027,33.375767,2024-11-01,37.0
4.169999999998254,12.173692,2024-11-01,38.0
11.5479999999952,18.391037,2024-11-01,39.0
5.0679999999993015,13.711217,2024-11-02,1.0
29.2579999999981,32.767426,2024-11-02,2.0
14.639999999999418,23.023174,2024-11-02,3.0
28.872000000003027,29.066324,2024-11-02,4.0
1.8399999999965075,16.069794,2024-11-02,5.0
32.12000000000262,23.1734,2024-11-02,6.0
29.9320000000007,27.412676,2024-11-02,7.0
16.531999999999243,20.553936,2024-11-02,8.0
24.27999999999884,23.52189,2024-11-02,9.0
27.93999999999505,22.910723,2024-11-02,10.0
9.368000000002212,16.600294,2024-11-02,11.0
3.47000000000106,8.753437,2024-11-02,12.0
13.39999999999418,25.82262,2024-11-02,13.0
32.720000000001164,23.81017,2024-11-02,14.0
21.3828000000055,18.457582,2024-11-02,15.0
36.92000000000553,32.41293,2024-11-02,16.0
9.569999999999707,8.491842,2024-11-02,17.0
23.167999999997846,15.223721,2024-11-02,18.0
20.0,14.423235,2024-11-02,19.0
28.07999999999811,15.042656,2024-11-02,20.0
17.372000000003027,25.580267,2024-11-02,21.0
6.047999999995227,22.250685,2024-11-02,22.0
28.1600000000035,21.596518,2024-11-02,23.0
37.37999999999738,24.406374,2024-11-02,24.0
17.06000000000131,18.489042,2024-11-02,25.0
4.8628000000014,17.459297,2024-11-02,26.0
19.4119999999974,17.819756,2024-11-02,27.0
37.70799999999872,19.81531,2024-11-02,28.0
20.00800000000163,20.906742,2024-11-02,29.0
28.228000000002798,20.189821,2024-11-02,30.0
42.42399999999907,31.491692,2024-11-02,31.0
43.9120000000039,36.344303,2024-11-02,32.0
16.108000000000175,13.880434,2024-11-02,33.0
6.260000000002037,18.258219,2024-11-02,34.0
41.72000000000117,19.253399,2024-11-02,35.0
20.222800000002,14.03813,2024-11-02,36.0
35.9519999999975,32.907917,2024-11-02,37.0
23.9000000000011,12.904192,2024-11-02,38.0
11.8120000000054,20.975216,2024-11-02,39.0
14.982800000004,13.391509,2024-11-03,1.0
31.21200000000681,31.08045,2024-11-03,2.0
24.18000000000029,20.996464,2024-11-03,3.0
22.2560000000085,27.581526,2024-11-03,4.0
0.1399999999994179,15.900008,2024-11-03,5.0
25.3079999999973,22.794386,2024-11-03,6.0
25.788000000000466,25.481398,2024-11-03,7.0
27.720000000001164,19.225245,2024-11-03,8.0
27.4280000000023,22.77293,2024-11-03,9.0
28.060000000004948,22.231855,2024-11-03,10.0
10.3839999999982,14.745317,2024-11-03,11.0
3.2299999999995634,9.337238,2024-11-03,12.0
42.1428000000002,26.466541,2024-11-03,13.0
31.1120000000018,23.507395,2024-11-03,14.0
25.70799999999872,18.499668,2024-11-03,15.0
33.5199999999968,30.681606,2024-11-03,16.0
10.2700000000004,8.608924,2024-11-03,17.0
23.59200000000419,13.959,2024-11-03,18.0
11.2299999999996,14.287414,2024-11-03,19.0
25.960000000002765,13.615869,2024-11-03,20.0
29.007999999994357,25.395054,2024-11-03,21.0
44.86000000000058,23.857872,2024-11-03,22.0
23.61200000000099,18.788042,2024-11-03,23.0
29.639999999999414,24.51866,2024-11-03,24.0
21.799999999999272,18.332056,2024-11-03,25.0
4.207999999998719,18.00277,2024-11-03,26.0
19.47200000000157,17.699121,2024-11-03,27.0
19.080000000001743,19.99634,2024-11-03,28.0
17.4120000000039,19.557232,2024-11-03,29.0
25.583999999995285,18.53229,2024-11-03,30.0
36.3028000000037,31.630045,2024-11-03,31.0
38.42799999999989,34.48651,2024-11-03,32.0
22.987999999997555,13.584561,2024-11-03,33.0
18.360000000000586,17.31994,2024-11-03,34.0
10.3799999999974,20.884996,2024-11-03,35.0
8.056000000004133,14.360038,2024-11-03,36.0
53.62800000000425,32.860264,2024-11-03,37.0
13.5099999999984,12.94643,2024-11-03,38.0
24.239999999997963,17.363302,2024-11-03,39.0
7.228000000002794,15.08757,2024-11-04,1.0
24.299999999995634,30.526539,2024-11-04,2.0
24.67199999999866,22.002565,2024-11-04,3.0
43.647999999986496,30.005932,2024-11-04,4.0
0.128000000006694,15.709365,2024-11-04,5.0
42.12000000000262,22.832878,2024-11-04,6.0
27.17199999999866,28.06116,2024-11-04,7.0
18.0280000000009,19.88204,2024-11-04,8.0
26.9280000000023,22.71947,2024-11-04,9.0
25.5399999999936,22.099087,2024-11-04,10.0
12.648000000001048,14.986223,2024-11-04,11.0
10.6100000000006,8.904097,2024-11-04,12.0
25.336000000003,26.046667,2024-11-04,13.0
27.728000000002798,25.136473,2024-11-04,14.0
17.239999999997963,18.138159,2024-11-04,15.0
26.360000000000586,31.61856,2024-11-04,16.0
9.329999999999927,8.720605,2024-11-04,17.0
18.9109999999966,14.665039,2024-11-04,18.0
9.31000000000131,15.882726,2024-11-04,19.0
31.56999999999971,14.647083,2024-11-04,20.0
22.20000000000437,25.027626,2024-11-04,21.0
33.692000000002736,17.117044,2024-11-04,22.0
25.2879999999958,23.73507,2024-11-04,23.0
7.368000000002212,27.436216,2024-11-04,24.0
18.52000000000044,18.535692,2024-11-04,25.0
19.807999999997264,15.994051,2024-11-04,26.0
17.927999999999884,17.316607,2024-11-04,27.0
17.8280000000038,22.223015,2024-11-04,28.0
17.779999999998836,19.598396,2024-11-04,29.0
25.9360000000011,19.981302,2024-11-04,30.0
31.0880000000025,32.653107,2024-11-04,31.0
37.62799999999697,35.556904,2024-11-04,32.0
20.77200000000448,14.980603,2024-11-04,33.0
20.9000000000011,18.170828,2024-11-04,34.0
32.86000000000058,23.966225,2024-11-04,35.0
10.2109999999995,15.512875,2024-11-04,36.0
50.90799999999581,34.187138,2024-11-04,37.0
13.37000000000262,12.279919,2024-11-04,38.0
18.288000000000466,16.720776,2024-11-04,39.0
36.78799999999319,13.695161,2024-11-05,1.0
26.23200000000361,31.688828,2024-11-05,2.0
12.00800000000163,22.595371,2024-11-05,3.0
37.97600000000966,29.205938,2024-11-05,4.0
0.1399999999994179,14.800338,2024-11-05,5.0
38.68000000000029,24.904184,2024-11-05,6.0
20.427999999999884,28.69012,2024-11-05,7.0
20.307999999997264,21.054577,2024-11-05,8.0
19.05199999999604,27.70485,2024-11-05,9.0
29.632000000005064,23.853027,2024-11-05,10.0
7.552000000003318,15.342618,2024-11-05,11.0
2.959999999999127,8.298312,2024-11-05,12.0
22.252000000000407,29.688616,2024-11-05,13.0
32.52799999999843,27.041433,2024-11-05,14.0
21.2579999999981,21.380953,2024-11-05,15.0
50.1359999999986,31.320486,2024-11-05,16.0
10.2299999999996,8.738063,2024-11-05,17.0
17.807999999997264,16.848612,2024-11-05,18.0
25.590000000000146,16.49221,2024-11-05,19.0
12.020000000000437,16.14716,2024-11-05,20.0
17.1099999999953,29.053625,2024-11-05,21.0
29.667999999997846,22.90825,2024-11-05,22.0
21.07200000000012,26.397184,2024-11-05,23.0
25.9839999999967,30.914906,2024-11-05,24.0
19.899999999997817,19.353588,2024-11-05,25.0
16.952000000004773,14.72245,2024-11-05,26.0
10.052000000003318,18.05136,2024-11-05,27.0
21.31999999999971,23.143797,2024-11-05,28.0
20.79200000000128,21.165268,2024-11-05,29.0
19.080000000001743,23.600546,2024-11-05,30.0
1.096000000005006,35.229973,2024-11-05,31.0
43.271999999997206,36.500595,2024-11-05,32.0
21.651999999994587,17.460848,2024-11-05,33.0
9.727999999995518,17.513418,2024-11-05,34.0
9.760000000002035,23.295605,2024-11-05,35.0
12.299999999995634,16.60949,2024-11-05,36.0
41.47200000000157,37.067657,2024-11-05,37.0
13.889999999999418,13.124295,2024-11-05,38.0
18.27199999999721,18.213017,2024-11-05,39.0
20.55200000000332,15.792812,2024-11-06,1.0
36.39999999999418,30.409065,2024-11-06,2.0
20.512000000002445,21.651306,2024-11-06,3.0
35.879999999990105,30.885252,2024-11-06,4.0
0.528000000000873,15.471952,2024-11-06,5.0
29.148000000001048,25.05863,2024-11-06,6.0
31.05200000000332,26.29296,2024-11-06,7.0
11.5428000000017,21.552774,2024-11-06,8.0
29.228000000002798,25.851557,2024-11-06,9.0
33.84799999999814,22.804907,2024-11-06,10.0
20.70799999999872,16.403303,2024-11-06,11.0
10.950000000000728,10.421515,2024-11-06,12.0
26.1199999999962,29.381943,2024-11-06,13.0
33.591999999996915,26.308533,2024-11-06,14.0
31.0,20.77478,2024-11-06,15.0
32.9120000000039,29.4032,2024-11-06,16.0
10.2800000000007,9.101744,2024-11-06,17.0
18.20000000000437,16.180233,2024-11-06,18.0
28.25,17.22627,2024-11-06,19.0
19.06999999999971,17.669218,2024-11-06,20.0
20.9800000000032,25.916754,2024-11-06,21.0
20.9681055528683,24.906174,2024-11-06,22.0
38.108000000000175,23.777489,2024-11-06,23.0
18.208000000005995,27.130938,2024-11-06,24.0
21.580000000001743,19.469069,2024-11-06,25.0
7.207999999998719,14.500735,2024-11-06,26.0
26.427999999999884,19.924622,2024-11-06,27.0
22.0679999999993,22.269869,2024-11-06,28.0
16.987999999997555,18.852959,2024-11-06,29.0
22.951999999997497,22.67143,2024-11-06,30.0
81.65599999998813,30.888273,2024-11-06,31.0
43.76799999999639,36.465786,2024-11-06,32.0
21.50800000000163,16.379057,2024-11-06,33.0
5.47200000000117,17.735708,2024-11-06,34.0
18.4120000000039,21.57844,2024-11-06,35.0
13.020000000004076,15.637455,2024-11-06,36.0
44.512000000002445,33.58631,2024-11-06,37.0
19.43999999999869,14.773,2024-11-06,38.0
22.056000000004133,18.61182,2024-11-06,39.0
8.752000000000407,18.323204,2024-11-07,1.0
36.97600000000239,31.836163,2024-11-07,2.0
24.46800000000076,20.874722,2024-11-07,3.0
48.00800000000163,35.985416,2024-11-07,4.0
0.1279999999969732,14.847376,2024-11-07,5.0
37.63999999999942,30.262814,2024-11-07,6.0
32.799999999995634,25.508484,2024-11-07,7.0
27.76799999999639,22.492794,2024-11-07,8.0
25.2800000000011,25.019835,2024-11-07,9.0
7.968000000000757,22.991379,2024-11-07,10.0
18.080000000001743,16.341421,2024-11-07,11.0
12.389999999999418,7.5560455,2024-11-07,12.0
41.31999999999971,28.105415,2024-11-07,13.0
29.12800000000425,28.119757,2024-11-07,14.0
22.4320000000007,21.861908,2024-11-07,15.0
28.9599999999991,34.040916,2024-11-07,16.0
2.1299999999992,9.2886095,2024-11-07,17.0
13.919999999998254,16.460793,2024-11-07,18.0
13.5099999999984,17.516102,2024-11-07,19.0
17.57999999999811,19.558874,2024-11-07,20.0
27.87999999999738,25.59744,2024-11-07,21.0
25.4109999999966,26.588926,2024-11-07,22.0
20.2500000000038,21.5726,2024-11-07,23.0
31.27199999999721,27.975294,2024-11-07,24.0
13.430000000000293,19.630173,2024-11-07,25.0
16.1119999999946,14.308154,2024-11-07,26.0
20.3839999999982,17.13361,2024-11-07,27.0
31.091999999996915,22.907375,2024-11-07,28.0
21.692000000002736,19.131924,2024-11-07,29.0
33.00800000000163,23.523098,2024-11-07,30.0
43.78399999999965,28.099176,2024-11-07,31.0
41.120000000009895,36.515556,2024-11-07,32.0
16.55999999999767,17.59385,2024-11-07,33.0
24.80000000000291,19.762625,2024-11-07,34.0
31.38799999999901,20.872154,2024-11-07,35.0
20.18000000000029,15.146918,2024-11-07,36.0
38.22799999999552,36.51779,2024-11-07,37.0
17.090000000000146,13.726538,2024-11-07,38.0
12.391999999999824,18.726778,2024-11-07,39.0
6.82800000000125,20.270655,2024-11-08,1.0
22.12000000000262,32.955147,2024-11-08,2.0
26.5,23.029755,2024-11-08,3.0
32.42399999999907,36.180904,2024-11-08,4.0
0.182800000001006,18.057196,2024-11-08,5.0
50.31999999999971,32.823265,2024-11-08,6.0
21.09200000000419,27.583817,2024-11-08,7.0
29.9800000000032,23.25166,2024-11-08,8.0
25.1080000000002,26.945078,2024-11-08,9.0
22.091999999996915,27.547375,2024-11-08,10.0
13.859999999993306,19.32067,2024-11-08,11.0
10.330000000001746,10.37838,2024-11-08,12.0
31.860000000000586,30.643915,2024-11-08,13.0
28.851999999999,30.29348,2024-11-08,14.0
32.80800000000454,25.205948,2024-11-08,15.0
13.659999999996217,34.46805,2024-11-08,16.0
2.360000000000582,10.664867,2024-11-08,17.0
10.239999999997965,19.578085,2024-11-08,18.0
19.1000000000006,19.891119,2024-11-08,19.0
10.0,21.390894,2024-11-08,20.0
25.97200000000157,25.89072,2024-11-08,21.0
45.8280000000038,28.771368,2024-11-08,22.0
26.799999999995634,25.668858,2024-11-08,23.0
19.788000000000466,27.490938,2024-11-08,24.0
22.049999999999272,22.097107,2024-11-08,25.0
26.7280000000052,15.27185,2024-11-08,26.0
11.8079999999973,20.03717,2024-11-08,27.0
28.4280000000023,25.599508,2024-11-08,28.0
22.0,22.538801,2024-11-08,29.0
19.79200000000128,25.994566,2024-11-08,30.0
30.768000000010943,40.26025,2024-11-08,31.0
44.171999999991385,39.84661,2024-11-08,32.0
5.692000000002736,20.341755,2024-11-08,33.0
19.327999999994063,19.309698,2024-11-08,34.0
9.788000000000466,22.622202,2024-11-08,35.0
12.19999999999709,16.846907,2024-11-08,36.0
36.81200000000536,39.038857,2024-11-08,37.0
5.790000000000873,15.753424,2024-11-08,38.0
16.459999999999127,22.012573,2024-11-08,39.0
14.851999999998952,17.138052,2024-11-09,1.0
41.33199999999488,28.892422,2024-11-09,2.0
17.67199999999866,21.954105,2024-11-09,3.0
29.6628000000043,38.06377,2024-11-09,4.0
0.135999999998603,16.422432,2024-11-09,5.0
48.36000000000058,31.16918,2024-11-09,6.0
25.7200000000012,27.26743,2024-11-09,7.0
20.987999999997555,21.44655,2024-11-09,8.0
24.639999999999414,25.159733,2024-11-09,9.0
29.427999999999884,25.10382,2024-11-09,10.0
8.432000000000698,17.145523,2024-11-09,11.0
4.770000000000437,9.033551,2024-11-09,12.0
24.79200000000128,29.930006,2024-11-09,13.0
29.18800000000192,29.288687,2024-11-09,14.0
23.223999999994703,23.503948,2024-11-09,15.0
27.5280000000009,33.920185,2024-11-09,16.0
11.75,8.237691,2024-11-09,17.0
11.4200000000055,18.69759,2024-11-09,18.0
18.049999999999272,17.8624,2024-11-09,19.0
18.52000000000044,21.18957,2024-11-09,20.0
32.296000000002095,24.366001,2024-11-09,21.0
42.78800000000047,26.044725,2024-11-09,22.0
27.768000000003667,23.648422,2024-11-09,23.0
22.81999999999971,25.69041,2024-11-09,24.0
19.220000000001164,19.832895,2024-11-09,25.0
19.339999999996508,14.553877,2024-11-09,26.0
23.031999999999243,18.606785,2024-11-09,27.0
31.099999999998545,24.028713,2024-11-09,28.0
19.97599999999511,19.819622,2024-11-09,29.0
20.351999999998952,24.410114,2024-11-09,30.0
24.903999999995,37.29101,2024-11-09,31.0
65.05999999999767,38.157578,2024-11-09,32.0
22.87999999999738,17.587513,2024-11-09,33.0
8.391999999999825,19.018156,2024-11-09,34.0
31.959999999999127,22.643663,2024-11-09,35.0
8.239999999997963,14.266375,2024-11-09,36.0
51.94799999999668,40.230354,2024-11-09,37.0
16.149999999997817,15.449667,2024-11-09,38.0
11.8799999999974,18.010681,2024-11-09,39.0
24.46800000000076,14.582211,2024-11-10,1.0
35.5280000000009,29.10558,2024-11-10,2.0
23.96800000000076,21.253887,2024-11-10,3.0
49.62399999999616,32.940025,2024-11-10,4.0
14.5199999999968,15.22926,2024-11-10,5.0
38.66399999999703,32.86336,2024-11-10,6.0
23.335999999995693,26.238531,2024-11-10,7.0
21.27999999999884,21.798239,2024-11-10,8.0
20.839999999996508,24.960978,2024-11-10,9.0
39.5028000000008,24.891052,2024-11-10,10.0
22.12800000000425,16.035303,2024-11-10,11.0
10.8600000000006,8.537015,2024-11-10,12.0
41.17599999999948,29.073313,2024-11-10,13.0
44.1199999999962,29.429165,2024-11-10,14.0
33.37600000000384,24.31405,2024-11-10,15.0
35.66000000000349,31.596415,2024-11-10,16.0
12.139999999999418,7.6732416,2024-11-10,17.0
4.639999999999418,18.335894,2024-11-10,18.0
14.790000000000871,15.914051,2024-11-10,19.0
12.020000000000437,18.063095,2024-11-10,20.0
10.4239999999991,23.655216,2024-11-10,21.0
16.891999999999825,30.883049,2024-11-10,22.0
21.263999999995576,22.031113,2024-11-10,23.0
25.2880000000005,22.09569,2024-11-10,24.0
17.80999999999767,18.728014,2024-11-10,25.0
20.139999999999414,16.054785,2024-11-10,26.0
13.427999999999884,17.261448,2024-11-10,27.0
33.7109999999995,22.846775,2024-11-10,28.0
20.1120000000018,19.033758,2024-11-10,29.0
37.4280000000023,24.946377,2024-11-10,30.0
28.3828000000055,36.10636,2024-11-10,31.0
46.28800000000047,36.4547,2024-11-10,32.0
24.028000000005704,15.88324,2024-11-10,33.0
18.031999999999243,17.481558,2024-11-10,34.0
17.731999999996333,17.471395,2024-11-10,35.0
12.599999999998545,13.286908,2024-11-10,36.0
45.81999999999971,40.07439,2024-11-10,37.0
14.30000000000291,15.667503,2024-11-10,38.0
20.55999999999767,17.638742,2024-11-10,39.0
7.50800000000163,15.192023,2024-11-11,1.0
10.2500000000038,28.63182,2024-11-11,2.0
25.4280000000023,20.539345,2024-11-11,3.0
28.9600000000064,32.566017,2024-11-11,4.0
2.12000000000262,13.013744,2024-11-11,5.0
48.12000000000262,31.437876,2024-11-11,6.0
50.06399999999849,25.543764,2024-11-11,7.0
25.280000000006112,21.108644,2024-11-11,8.0
27.851999999998952,24.421185,2024-11-11,9.0
21.9360000000011,24.361017,2024-11-11,10.0
8.271999999997206,14.703103,2024-11-11,11.0
10.5099999999984,7.5937843,2024-11-11,12.0
20.2280000000052,27.18572,2024-11-11,13.0
32.67199999999866,28.059801,2024-11-11,14.0
18.78399999999965,23.502188,2024-11-11,15.0
32.0109999999952,27.932604,2024-11-11,16.0
10.19000000000051,7.371766,2024-11-11,17.0
16.439999999995052,17.076536,2024-11-11,18.0
17.82999999999811,15.465988,2024-11-11,19.0
12.2280000000016,17.738552,2024-11-11,20.0
33.25600000000122,24.61139,2024-11-11,21.0
24.564319568808,31.8434,2024-11-11,22.0
37.52000000000408,22.425713,2024-11-11,23.0
20.42399999999907,20.377777,2024-11-11,24.0
26.81000000000131,17.253874,2024-11-11,25.0
11.6680000000051,15.192793,2024-11-11,26.0
21.2580000000054,16.481907,2024-11-11,27.0
12.77599999999802,22.263927,2024-11-11,28.0
19.220000000001164,18.567408,2024-11-11,29.0
25.575999999993652,23.271273,2024-11-11,30.0
30.080000000001743,33.60462,2024-11-11,31.0
25.0320000000065,39.20877,2024-11-11,32.0
10.331999999994878,16.395634,2024-11-11,33.0
12.376000000003842,16.438898,2024-11-11,34.0
27.86800000000221,19.975248,2024-11-11,35.0
8.82800000000378,10.667405,2024-11-11,36.0
38.27999999999884,38.37857,2024-11-11,37.0
13.2599999999984,12.555812,2024-11-11,38.0
10.948000000003958,16.749239,2024-11-11,39.0
22.599999999998545,18.975142,2024-11-12,1.0
28.94799999999668,31.863342,2024-11-12,2.0
19.07999999999447,21.893549,2024-11-12,3.0
18.0,35.490993,2024-11-12,4.0
2.12000000000262,22.464924,2024-11-12,5.0
28.8799999999974,33.034954,2024-11-12,6.0
43.84800000000541,27.148287,2024-11-12,7.0
10.432000000000698,22.99314,2024-11-12,8.0
22.852000000006228,25.933218,2024-11-12,9.0
18.360000000000586,25.992716,2024-11-12,10.0
10.5080000000016,17.877913,2024-11-12,11.0
13.520000000000437,9.123163,2024-11-12,12.0
28.1019999999937,29.934418,2024-11-12,13.0
32.47200000000157,30.413183,2024-11-12,14.0
16.2800000000011,25.64492,2024-11-12,15.0
27.12800000000425,32.089214,2024-11-12,16.0
12.699999999998909,8.13991,2024-11-12,17.0
23.080000000001743,18.546238,2024-11-12,18.0
12.88000000000102,17.813332,2024-11-12,19.0
21.62999999999738,18.38498,2024-11-12,20.0
26.4109999999966,23.848352,2024-11-12,21.0
19.57600000000093,29.542963,2024-11-12,22.0
7.216000000000349,23.07011,2024-11-12,23.0
23.33600000000297,24.855139,2024-11-12,24.0
21.25,19.954775,2024-11-12,25.0
16.39999999999418,17.912748,2024-11-12,26.0
14.86399999999412,18.497324,2024-11-12,27.0
11.5428000000017,26.569061,2024-11-12,28.0
18.891999999999825,22.267733,2024-11-12,29.0
22.4628000000072,25.125893,2024-11-12,30.0
44.1359999999986,34.972717,2024-11-12,31.0
53.55199999999604,38.218365,2024-11-12,32.0
10.680000000000293,18.562878,2024-11-12,33.0
18.77199999999721,17.31823,2024-11-12,34.0
35.720000000001164,20.699104,2024-11-12,35.0
14.360000000000582,13.774498,2024-11-12,36.0
49.76800000000367,37.374355,2024-11-12,37.0
10.790000000000871,14.121473,2024-11-12,38.0
27.943999999995867,18.13009,2024-11-12,39.0
7.47200000000117,18.75436,2024-11-13,1.0
24.2109999999995,32.306465,2024-11-13,2.0
20.020000000004075,23.897413,2024-11-13,3.0
28.2960000000021,37.523827,2024-11-13,4.0
2.091999999996915,17.797047,2024-11-13,5.0
47.80000000000291,34.634167,2024-11-13,6.0
37.167999999997846,29.97771,2024-11-13,7.0
18.27199999999721,23.685171,2024-11-13,8.0
25.7199999999939,26.545431,2024-11-13,9.0
11.5028000000008,27.668682,2024-11-13,10.0
21.82800000000134,18.42286,2024-11-13,11.0
8.869999999998981,10.231929,2024-11-13,12.0
9.488000000004831,31.987078,2024-11-13,13.0
32.5679999999993,31.592056,2024-11-13,14.0
35.97599999999511,29.34778,2024-11-13,15.0
25.599999999998545,33.768295,2024-11-13,16.0
9.710000000000946,8.979518,2024-11-13,17.0
17.468000000000757,16.295532,2024-11-13,18.0
24.90999999999985,19.483257,2024-11-13,19.0
14.290000000000871,15.880398,2024-11-13,20.0
23.2579999999981,26.768293,2024-11-13,21.0
7.99199999999837,30.384539,2024-11-13,22.0
29.42399999999907,27.348194,2024-11-13,23.0
29.731999999996333,25.931526,2024-11-13,24.0
21.610000000000586,20.03586,2024-11-13,25.0
19.872000000003027,17.485994,2024-11-13,26.0
20.66800000000512,20.492985,2024-11-13,27.0
35.080000000001746,26.346264,2024-11-13,28.0
20.5199999999968,22.850227,2024-11-13,29.0
23.247999999999596,27.292942,2024-11-13,30.0
38.18399999999383,41.184444,2024-11-13,31.0
62.54800000000978,44.385143,2024-11-13,32.0
11.5480000000025,16.091112,2024-11-13,33.0
16.332000000002154,18.237072,2024-11-13,34.0
12.1120000000018,22.987103,2024-11-13,35.0
26.76799999999639,13.6576805,2024-11-13,36.0
39.89199999999983,41.548363,2024-11-13,37.0
19.959999999999127,14.844181,2024-11-13,38.0
22.908000000003085,18.733738,2024-11-13,39.0
10.4799999999959,18.516912,2024-11-14,1.0
18.268000000003667,34.97029,2024-11-14,2.0
23.50800000000163,25.1713,2024-11-14,3.0
36.06399999999849,35.492405,2024-11-14,4.0
0.810999999998079,19.436598,2024-11-14,5.0
43.36000000000058,32.46979,2024-11-14,6.0
29.10399999999936,32.586113,2024-11-14,7.0
25.0280000000009,24.68631,2024-11-14,8.0
21.32800000000134,26.298351,2024-11-14,9.0
10.7999999999956,26.145386,2024-11-14,10.0
8.18280000000101,19.120768,2024-11-14,11.0
8.080000000001746,11.920208,2024-11-14,12.0
48.4519999999975,32.692432,2024-11-14,13.0
25.648000000001,30.769114,2024-11-14,14.0
27.68000000000029,26.802954,2024-11-14,15.0
38.12000000000262,28.620062,2024-11-14,16.0
10.180000000000293,8.756179,2024-11-14,17.0
14.982800000004,16.576384,2024-11-14,18.0
14.979999999999563,17.623144,2024-11-14,19.0
10.109999999999,17.558296,2024-11-14,20.0
30.222800000002,28.662596,2024-11-14,21.0
62.63199999999779,29.890406,2024-11-14,22.0
19.60800000000017,26.487696,2024-11-14,23.0
23.788000000000466,26.168238,2024-11-14,24.0
18.590000000000146,20.898106,2024-11-14,25.0
8.659999999996217,18.52163,2024-11-14,26.0
23.31999999999971,21.21742,2024-11-14,27.0
19.76000000000204,26.797295,2024-11-14,28.0
22.9360000000011,22.824049,2024-11-14,29.0
17.299999999995634,28.102262,2024-11-14,30.0
14.1028000000066,36.80908,2024-11-14,31.0
67.33999999999651,43.34333,2024-11-14,32.0
24.0199999999968,16.015198,2024-11-14,33.0
21.167999999997846,20.796051,2024-11-14,34.0
24.951999999997497,26.03467,2024-11-14,35.0
10.760000000002,14.43798,2024-11-14,36.0
25.739999999997963,41.285843,2024-11-14,37.0
11.6599999999999,15.6288,2024-11-14,38.0
19.659999999996217,20.185566,2024-11-14,39.0
10.232000000003609,15.475258,2024-11-15,1.0
16.76,24.741035,2024-11-15,2.0
16.383999999998196,20.940866,2024-11-15,3.0
52.96799999999348,31.422647,2024-11-15,4.0
0.1360000000058789,17.548613,2024-11-15,5.0
36.38799999999901,33.224102,2024-11-15,6.0
26.735999999997148,27.8272,2024-11-15,7.0
28.86800000000221,22.652067,2024-11-15,8.0
21.1120000000018,23.724085,2024-11-15,9.0
19.0880000000025,25.243612,2024-11-15,10.0
14.319999999999707,17.913864,2024-11-15,11.0
8.209999999999127,10.053429,2024-11-15,12.0
39.37999999999738,26.381964,2024-11-15,13.0
32.391999999999825,29.322155,2024-11-15,14.0
26.639999999999414,24.105284,2024-11-15,15.0
37.21999999999389,24.975794,2024-11-15,16.0
3.289999999999054,9.032901,2024-11-15,17.0
17.535999999992782,15.553718,2024-11-15,18.0
23.709999999999127,17.661581,2024-11-15,19.0
11.3899999999994,14.341,2024-11-15,20.0
26.44800000000396,23.799894,2024-11-15,21.0
49.92000000000553,27.833221,2024-11-15,22.0
36.45999999999913,23.388067,2024-11-15,23.0
18.4120000000039,22.4415,2024-11-15,24.0
17.56999999999971,19.542702,2024-11-15,25.0
11.372000000003,18.60233,2024-11-15,26.0
11.1800000000003,18.073442,2024-11-15,27.0
24.247999999999596,21.888117,2024-11-15,28.0
19.99199999999837,20.489805,2024-11-15,29.0
36.18800000000192,23.720364,2024-11-15,30.0
24.54399999999441,29.341738,2024-11-15,31.0
29.520000000004075,37.860096,2024-11-15,32.0
25.4800000000032,13.746535,2024-11-15,33.0
14.5280000000009,18.027464,2024-11-15,34.0
16.747999999999593,19.699667,2024-11-15,35.0
10.61200000000099,12.473506,2024-11-15,36.0
44.512000000002445,35.52357,2024-11-15,37.0
6.069999999999709,13.95787,2024-11-15,38.0
16.4280000000023,17.969753,2024-11-15,39.0
31.6559999999954,15.513226,2024-11-16,1.0
25.7679411198374,27.818361,2024-11-16,2.0
28.88799999999901,22.683407,2024-11-16,3.0
45.60000000000582,29.1685,2024-11-16,4.0
0.7439999999987776,17.860672,2024-11-16,5.0
52.17199999999866,36.01143,2024-11-16,6.0
37.4800000000032,35.100384,2024-11-16,7.0
27.187999999994645,23.628178,2024-11-16,8.0
28.148000000001048,25.501682,2024-11-16,9.0
39.47200000000157,24.58872,2024-11-16,10.0
7.89600000000064,18.837452,2024-11-16,11.0
9.43999999999869,10.893185,2024-11-16,12.0
25.26000000000204,29.227915,2024-11-16,13.0
41.5679999999993,32.179535,2024-11-16,14.0
20.07200000000012,26.813818,2024-11-16,15.0
38.62800000000425,31.753567,2024-11-16,16.0
9.62800000000124,8.544103,2024-11-16,17.0
18.03200000000652,17.98892,2024-11-16,18.0
13.7300000000032,19.205267,2024-11-16,19.0
9.2300000000032,16.878695,2024-11-16,20.0
30.839999999996508,27.954924,2024-11-16,21.0
25.3937166841988,30.20367,2024-11-16,22.0
37.69999999999709,24.3794,2024-11-16,23.0
14.0,25.857477,2024-11-16,24.0
25.799999999999272,22.50564,2024-11-16,25.0
11.9879999999976,18.50394,2024-11-16,26.0
19.791999999994005,19.874899,2024-11-16,27.0
22.99199999999837,24.913975,2024-11-16,28.0
11.4320000000007,23.442152,2024-11-16,29.0
19.639999999999414,28.019108,2024-11-16,30.0
36.39999999999418,33.78171,2024-11-16,31.0
74.73999999999069,44.53293,2024-11-16,32.0
14.927999999999884,16.491909,2024-11-16,33.0
5.739999999997963,22.942736,2024-11-16,34.0
25.548000000002503,23.575083,2024-11-16,35.0
8.980000000003201,15.013762,2024-11-16,36.0
48.78800000000047,39.292736,2024-11-16,37.0
16.090000000000146,16.825764,2024-11-16,38.0
17.192000000002736,24.56059,2024-11-16,39.0
16.463999999999942,19.243368,2024-11-17,1.0
33.7704710170019,28.151022,2024-11-17,2.0
11.5679999999993,27.733898,2024-11-17,3.0
28.79200000000128,34.879044,2024-11-17,4.0
0.1480000000010477,19.788412,2024-11-17,5.0
36.96800000000076,35.18391,2024-11-17,6.0
36.08000000000175,37.399178,2024-11-17,7.0
23.07200000000012,27.001883,2024-11-17,8.0
27.76000000000204,28.529266,2024-11-17,9.0
17.667999999997846,26.51306,2024-11-17,10.0
13.943999999995867,20.619854,2024-11-17,11.0
7.350000000002183,14.538255,2024-11-17,12.0
35.73999999999796,31.225224,2024-11-17,13.0
32.102000000001,35.03002,2024-11-17,14.0
33.84800000000541,31.11699,2024-11-17,15.0
30.33199999999488,34.147415,2024-11-17,16.0
5.449999999998909,11.803449,2024-11-17,17.0
11.3399999999965,19.329002,2024-11-17,18.0
26.2699999999968,19.471977,2024-11-17,19.0
19.049999999999272,17.912298,2024-11-17,20.0
26.880000000004657,29.607187,2024-11-17,21.0
70.69599999999627,31.91391,2024-11-17,22.0
17.0,25.61698,2024-11-17,23.0
45.1099999999953,28.89042,2024-11-17,24.0
12.729999999999563,25.319637,2024-11-17,25.0
18.460000000006403,18.826307,2024-11-17,26.0
20.80000000000291,22.547808,2024-11-17,27.0
13.247999999999593,26.06503,2024-11-17,28.0
19.20799999999872,26.101635,2024-11-17,29.0
28.360000000000586,30.301117,2024-11-17,30.0
33.9360000000011,34.16206,2024-11-17,31.0
48.820000000006985,48.311447,2024-11-17,32.0
24.47200000000157,19.827778,2024-11-17,33.0
11.0,22.65282,2024-11-17,34.0
5.951999999997497,24.564405,2024-11-17,35.0
19.1019999999937,16.562368,2024-11-17,36.0
25.1199999999962,38.148296,2024-11-17,37.0
10.9099999999999,19.291737,2024-11-17,38.0
20.695999999996275,25.37528,2024-11-17,39.0
7.628000000004249,17.871803,2024-11-18,1.0
17.52354,23.86326,2024-11-18,2.0
19.61200000000099,22.421417,2024-11-18,3.0
47.00800000000163,34.954815,2024-11-18,4.0
0.119999999996217,16.513166,2024-11-18,5.0
42.83200000000216,34.378593,2024-11-18,6.0
31.651999999994587,33.46873,2024-11-18,7.0
11.2320000000036,22.62417,2024-11-18,8.0
33.091999999996915,24.512934,2024-11-18,9.0
19.239999999997963,22.582891,2024-11-18,10.0
12.2579999999981,16.129269,2024-11-18,11.0
7.529999999998836,9.428087,2024-11-18,12.0
24.00800000000163,29.022604,2024-11-18,13.0
32.79200000000128,31.133911,2024-11-18,14.0
23.583999999995285,25.91796,2024-11-18,15.0
39.60000000000582,30.564213,2024-11-18,16.0
12.760000000000218,8.900451,2024-11-18,17.0
10.6200000000026,17.692387,2024-11-18,18.0
20.350000000002183,16.597166,2024-11-18,19.0
14.75,14.183488,2024-11-18,20.0
24.1119999999946,28.091162,2024-11-18,21.0
27.47200000000157,29.59197,2024-11-18,22.0
39.38000000000466,25.4121,2024-11-18,23.0
24.62800000000425,22.961903,2024-11-18,24.0
20.75,20.416546,2024-11-18,25.0
11.4319999999925,14.483094,2024-11-18,26.0
16.37600000000384,17.805336,2024-11-18,27.0
25.79200000000128,20.761576,2024-11-18,28.0
11.4280000000023,20.86251,2024-11-18,29.0
30.4109999999966,25.628351,2024-11-18,30.0
31.2880000000104,32.000187,2024-11-18,31.0
41.76799999999639,46.423077,2024-11-18,32.0
22.44799999999668,16.045795,2024-11-18,33.0
20.288000000000466,18.036127,2024-11-18,34.0
28.6999999999971,22.318172,2024-11-18,35.0
10.81600000000617,12.471082,2024-11-18,36.0
45.5880000000025,37.875988,2024-11-18,37.0
14.170000000001892,12.993929,2024-11-18,38.0
21.952000000004773,19.932821,2024-11-18,39.0
25.8399999999965,16.726494,2024-11-19,1.0
27.590000000000146,23.590734,2024-11-19,2.0
27.919999999998254,20.630384,2024-11-19,3.0
38.59199999998964,32.25227,2024-11-19,4.0
0.7320000000036089,15.635649,2024-11-19,5.0
46.59999999999855,31.535036,2024-11-19,6.0
32.7280000000052,33.174187,2024-11-19,7.0
24.847999999998137,22.011192,2024-11-19,8.0
23.648000000001048,24.645115,2024-11-19,9.0
26.61200000000099,20.716038,2024-11-19,10.0
13.260000000002035,16.600195,2024-11-19,11.0
6.5799999999981,8.243136,2024-11-19,12.0
39.17199999999866,28.71956,2024-11-19,13.0
35.667999999997846,28.97691,2024-11-19,14.0
20.57600000000093,25.06558,2024-11-19,15.0
54.02799999999843,29.831503,2024-11-19,16.0
12.460000000000946,7.370412,2024-11-19,17.0
16.139999999999418,17.576756,2024-11-19,18.0
12.739999999997965,18.051477,2024-11-19,19.0
17.2599999999985,13.3261175,2024-11-19,20.0
23.10800000000017,26.970665,2024-11-19,21.0
27.648000000001048,35.031673,2024-11-19,22.0
4.639999999999418,23.114527,2024-11-19,23.0
22.599999999998545,25.597242,2024-11-19,24.0
24.709999999999127,19.372498,2024-11-19,25.0
4.960000000006403,13.142215,2024-11-19,26.0
11.7439999999988,18.761429,2024-11-19,27.0
11.6880000000019,19.737722,2024-11-19,28.0
19.192000000002736,19.313753,2024-11-19,29.0
22.4800000000032,24.776098,2024-11-19,30.0
31.263999999995576,31.661093,2024-11-19,31.0
52.03200000000652,50.30029,2024-11-19,32.0
17.8628000000014,16.37943,2024-11-19,33.0
10.5028000000008,17.962414,2024-11-19,34.0
3.427999999999884,18.188301,2024-11-19,35.0
19.063999999998487,13.04481,2024-11-19,36.0
49.25200000000041,36.70477,2024-11-19,37.0
10.9799999999996,13.427898,2024-11-19,38.0
21.55999999999767,19.8982,2024-11-19,39.0
8.20000000000437,16.375261,2024-11-20,1.0
30.305999999996857,27.08528,2024-11-20,2.0
22.667999999997846,21.531458,2024-11-20,3.0
38.9600000000064,37.482166,2024-11-20,4.0
1.495999999999185,15.439266,2024-11-20,5.0
41.23999999999796,31.777054,2024-11-20,6.0
25.0,34.088955,2024-11-20,7.0
23.05999999999767,25.02281,2024-11-20,8.0
22.351999999998952,25.240017,2024-11-20,9.0
38.85599999999977,23.946003,2024-11-20,10.0
18.12000000000262,18.258574,2024-11-20,11.0
12.2300000000032,8.948553,2024-11-20,12.0
11.9000000000011,33.169876,2024-11-20,13.0
31.747999999999596,30.561117,2024-11-20,14.0
27.512000000002445,28.62526,2024-11-20,15.0
29.256000000001222,32.038425,2024-11-20,16.0
12.229999999999563,7.6006384,2024-11-20,17.0
12.531999999999243,18.344818,2024-11-20,18.0
25.850000000002183,23.186932,2024-11-20,19.0
22.4280000000023,16.020277,2024-11-20,20.0
26.419999999998254,29.290527,2024-11-20,21.0
49.55199999999604,39.43867,2024-11-20,22.0
4.267999999996391,26.654955,2024-11-20,23.0
16.731999999996333,27.48312,2024-11-20,24.0
19.7280000000016,20.13964,2024-11-20,25.0
23.127999999996973,15.620306,2024-11-20,26.0
16.135999999998603,20.111534,2024-11-20,27.0
23.639999999999414,24.206367,2024-11-20,28.0
14.907999999995807,19.66557,2024-11-20,29.0
26.57200000000012,26.719505,2024-11-20,30.0
37.48799999999756,33.336422,2024-11-20,31.0
33.9109999999966,51.61429,2024-11-20,32.0
8.87999999999738,21.212988,2024-11-20,33.0
23.12800000000425,20.161516,2024-11-20,34.0
11.2820000000029,22.313988,2024-11-20,35.0
25.0,15.262543,2024-11-20,36.0
53.299999999995634,37.69472,2024-11-20,37.0
13.290000000000871,13.43598,2024-11-20,38.0
21.31999999999971,23.34237,2024-11-20,39.0
7.979999999995925,19.573248,2024-11-21,1.0
36.26800000000125,26.688354,2024-11-21,2.0
22.4320000000007,21.675938,2024-11-21,3.0
31.8228000000078,38.874565,2024-11-21,4.0
1.051999999996042,16.678682,2024-11-21,5.0
28.0559999999969,36.62228,2024-11-21,6.0
35.68000000000029,31.910408,2024-11-21,7.0
23.0280000000008,23.90764,2024-11-21,8.0
21.6560000000027,26.024763,2024-11-21,9.0
10.252000000000407,21.264402,2024-11-21,10.0
16.81999999999971,17.510103,2024-11-21,11.0
12.9799999999995,8.5093775,2024-11-21,12.0
35.419999999998254,31.681852,2024-11-21,13.0
6.11200000000186,30.213911,2024-11-21,14.0
19.927999999999884,26.717026,2024-11-21,15.0
39.5280000000009,34.367626,2024-11-21,16.0
7.75,8.1711235,2024-11-21,17.0
2.559999999997672,15.909828,2024-11-21,18.0
13.549999999999272,18.825996,2024-11-21,19.0
22.669999999998254,14.996641,2024-11-21,20.0
17.7280000000052,26.285738,2024-11-21,21.0
0.720000000001064,39.323444,2024-11-21,22.0
12.6228000000025,25.751534,2024-11-21,23.0
29.49200000000565,24.610044,2024-11-21,24.0
21.1199999999998,19.608765,2024-11-21,25.0
22.739999999997963,13.15477,2024-11-21,26.0
20.67199999999866,18.96102,2024-11-21,27.0
30.55999999999767,22.826519,2024-11-21,28.0
8.52800000000087,19.122458,2024-11-21,29.0
28.1200000000026,25.894855,2024-11-21,30.0
39.25625,29.649958,2024-11-21,31.0
31.66799999999057,47.25447,2024-11-21,32.0
20.506666666663172,19.215202,2024-11-21,33.0
18.739999999997963,19.791576,2024-11-21,34.0
25.063999999998487,16.118391,2024-11-21,35.0
12.919999999998254,12.802011,2024-11-21,36.0
29.632000000005064,36.53747,2024-11-21,37.0
16.899999999997817,14.311061,2024-11-21,38.0
14.0,21.153244,2024-11-21,39.0
7.60800000000017,18.733725,2024-11-22,1.0
16.76666666666696,27.925838,2024-11-22,2.0
22.581333333332925,24.848902,2024-11-22,3.0
38.1679999999905,39.91324,2024-11-22,4.0
16.7685290359855,19.666721,2024-11-22,5.0
28.2559999999969,37.624912,2024-11-22,6.0
25.9519999999975,33.05318,2024-11-22,7.0
26.6080000000026,26.611698,2024-11-22,8.0
27.26266666666682,27.559126,2024-11-22,9.0
10.5800000000017,25.40666,2024-11-22,10.0
10.9720000000011,18.971981,2024-11-22,11.0
9.546666666666471,10.022398,2024-11-22,12.0
45.22000000000117,32.329803,2024-11-22,13.0
36.0746666666649,33.412872,2024-11-22,14.0
21.0799999999944,26.74319,2024-11-22,15.0
26.657333333329007,36.153,2024-11-22,16.0
10.2299999999995,9.071399,2024-11-22,17.0
13.927999999999884,17.72749,2024-11-22,18.0
23.32999999999811,21.612698,2024-11-22,19.0
24.3899999999994,14.667051,2024-11-22,20.0
10.0,28.417894,2024-11-22,21.0
27.1496338476802,41.210346,2024-11-22,22.0
38.375999999996566,25.637424,2024-11-22,23.0
20.7679999999963,27.072088,2024-11-22,24.0
17.6188868980617,22.335281,2024-11-22,25.0
23.6920000000027,14.911584,2024-11-22,26.0
20.9000000000014,19.015753,2024-11-22,27.0
18.1120000000018,22.249014,2024-11-22,28.0
12.5800000000017,20.083206,2024-11-22,29.0
24.5666451412802,27.684372,2024-11-22,30.0
35.1285330363076,33.44121,2024-11-22,31.0
36.94799999999911,47.52732,2024-11-22,32.0
13.5880000000025,20.335838,2024-11-22,33.0
16.9199999999982,19.500265,2024-11-22,34.0
14.61866666666659,18.422092,2024-11-22,35.0
41.0160000000032,15.881277,2024-11-22,36.0
25.29599999999482,42.050766,2024-11-22,37.0
12.1100000000014,13.61919,2024-11-22,38.0
10.648000000001,23.602118,2024-11-22,39.0
21.0644451087679,17.079468,2024-11-23,1.0
35.14931383994347,27.107023,2024-11-23,2.0
20.39999999999903,25.014112,2024-11-23,3.0
25.7120000000044,39.981445,2024-11-23,4.0
17.2250394305583,16.95775,2024-11-23,5.0
44.217333333333954,35.79293,2024-11-23,6.0
25.0428000000017,33.966408,2024-11-23,7.0
21.56933333333048,28.00352,2024-11-23,8.0
25.6893333333331,27.252625,2024-11-23,9.0
32.27999999999884,27.310823,2024-11-23,10.0
8.56533333332552,18.258986,2024-11-23,11.0
5.89333333333253,12.194287,2024-11-23,12.0
42.2720000000044,31.006836,2024-11-23,13.0
25.4920000000008,34.427517,2024-11-23,14.0
21.560000000000095,29.43621,2024-11-23,15.0
25.3626666666702,36.09768,2024-11-23,16.0
10.6533333333336,9.982537,2024-11-23,17.0
19.632000000005064,13.5606365,2024-11-23,18.0
21.3700000000026,24.672703,2024-11-23,19.0
13.4146824620561,15.693189,2024-11-23,20.0
25.0741814752807,27.949905,2024-11-23,21.0
25.2425759607941,36.079243,2024-11-23,22.0
25.9120000000039,25.703407,2024-11-23,23.0
26.1904379950293,26.589901,2024-11-23,24.0
17.6966801264911,22.597498,2024-11-23,25.0
13.9416888999024,15.064372,2024-11-23,26.0
17.5395544965633,18.67281,2024-11-23,27.0
36.08000000000175,23.231373,2024-11-23,28.0
18.471999999999145,19.283085,2024-11-23,29.0
23.0554418284782,30.545435,2024-11-23,30.0
25.2850582630103,35.31715,2024-11-23,31.0
61.23733333333075,43.10176,2024-11-23,32.0
17.971999999999145,23.93932,2024-11-23,33.0
6.797333333333275,17.046467,2024-11-23,34.0
33.07600000000093,17.5642,2024-11-23,35.0
12.7844808115864,14.186462,2024-11-23,36.0
25.7839999999996,41.237076,2024-11-23,37.0
10.230928616041,13.141645,2024-11-23,38.0
19.8042253026045,23.84596,2024-11-23,39.0
20.3586109496591,14.508504,2024-11-24,1.0
33.5074903390032,27.40748,2024-11-24,2.0
21.238666666666784,21.110601,2024-11-24,3.0
33.557333333335315,34.64158,2024-11-24,4.0
19.8523961193169,19.422688,2024-11-24,5.0
36.64666666666502,28.817291,2024-11-24,6.0
28.2813333333326,30.811726,2024-11-24,7.0
24.02400000000004,22.071257,2024-11-24,8.0
25.256666666667,24.007856,2024-11-24,9.0
28.41066666666787,23.633902,2024-11-24,10.0
11.8186666666661,16.792173,2024-11-24,11.0
7.480000000000776,9.225603,2024-11-24,12.0
39.68666666666589,30.236864,2024-11-24,13.0
35.80799999999969,27.915276,2024-11-24,14.0
30.97733333333599,27.598625,2024-11-24,15.0
33.170666666665056,32.384296,2024-11-24,16.0
9.619999999999589,9.986479,2024-11-24,17.0
21.4959999999991,14.341133,2024-11-24,18.0
16.8831893973929,18.81281,2024-11-24,19.0
13.9681864385925,17.142056,2024-11-24,20.0
24.2497295422669,21.910847,2024-11-24,21.0
23.4975039172899,32.72806,2024-11-24,22.0
18.9268584720052,21.346294,2024-11-24,23.0
27.7484577845261,24.71505,2024-11-24,24.0
17.6678595660747,20.442034,2024-11-24,25.0
11.3126951892556,16.502892,2024-11-24,26.0
19.6283102541144,19.057854,2024-11-24,27.0
32.3359999999956,21.106958,2024-11-24,28.0
18.9228000000011,17.018452,2024-11-24,29.0
27.852525421081,26.272398,2024-11-24,30.0
35.6542210060469,31.48449,2024-11-24,31.0
44.512000000002445,38.92436,2024-11-24,32.0
23.8293333333259,16.776207,2024-11-24,33.0
17.13066666666661,18.629488,2024-11-24,34.0
10.6879999999971,16.27719,2024-11-24,35.0
16.7132596755648,19.772572,2024-11-24,36.0
37.6730170024785,37.882404,2024-11-24,37.0
12.8115809014445,13.512208,2024-11-24,38.0
24.9551457135823,17.988478,2024-11-24,39.0
14.4980660923169,16.392567,2024-11-25,1.0
21.8423868053066,25.938925,2024-11-25,2.0
23.241333333325,22.190931,2024-11-25,3.0
43.871999999998174,33.063343,2024-11-25,4.0
19.8921061886889,19.684752,2024-11-25,5.0
44.3573333333358,31.63884,2024-11-25,6.0
36.29599999999724,29.161325,2024-11-25,7.0
19.517333333336865,22.768745,2024-11-25,8.0
29.294666666666064,24.377653,2024-11-25,9.0
22.23866666666436,22.645313,2024-11-25,10.0
10.0893333333321,16.866749,2024-11-25,11.0
9.883333333332606,8.622688,2024-11-25,12.0
26.194666666669946,31.21348,2024-11-25,13.0
31.0628000000009,27.634127,2024-11-25,14.0
19.869333333330967,24.745533,2024-11-25,15.0
32.65733333333386,33.6289,2024-11-25,16.0
10.760000000000218,10.763767,2024-11-25,17.0
23.2611505566741,14.349636,2024-11-25,18.0
16.6165086645107,19.866407,2024-11-25,19.0
16.6005794867396,19.231804,2024-11-25,20.0
25.2851872899428,23.68376,2024-11-25,21.0
25.0946916875842,30.079895,2024-11-25,22.0
22.3893250597115,19.213259,2024-11-25,23.0
25.1635812742682,25.860945,2024-11-25,24.0
16.8365953036792,20.136429,2024-11-25,25.0
12.8091072126735,16.249004,2024-11-25,26.0
16.3021699682286,18.139923,2024-11-25,27.0
19.9251861144116,24.769775,2024-11-25,28.0
17.480000000000775,17.33448,2024-11-25,29.0
26.6847865826217,25.60792,2024-11-25,30.0
33.7325086652849,33.97758,2024-11-25,31.0
37.80933333333329,44.17585,2024-11-25,32.0
17.850666666665347,17.156591,2024-11-25,33.0
17.85466666666859,20.04761,2024-11-25,34.0
33.80933333333329,20.394236,2024-11-25,35.0
10.9771005397569,19.093899,2024-11-25,36.0
36.3552743699911,37.237373,2024-11-25,37.0
10.9255669376258,14.290469,2024-11-25,38.0
20.9628300650447,20.09617,2024-11-25,39.0
20.1261764411119,17.759186,2024-11-26,1.0
27.590000000000146,27.851355,2024-11-26,2.0
19.6693333333311,22.538733,2024-11-26,3.0
31.522666666666435,34.925922,2024-11-26,4.0
18.9137959431611,16.376677,2024-11-26,5.0
42.05333333333207,32.907284,2024-11-26,6.0
32.33866666667018,29.814415,2024-11-26,7.0
18.529333333332037,23.157743,2024-11-26,8.0
21.85066666666777,25.743956,2024-11-26,9.0
24.86800000000221,25.558893,2024-11-26,10.0
10.773333333335662,18.307495,2024-11-26,11.0
7.68666666666589,9.829886,2024-11-26,12.0
33.84533333333093,34.076946,2024-11-26,13.0
33.55599999999928,28.383812,2024-11-26,14.0
19.441333333333507,26.167885,2024-11-26,15.0
43.7628000000004,33.19014,2024-11-26,16.0
12.129999999999804,10.64164,2024-11-26,17.0
22.0699756484817,15.943269,2024-11-26,18.0
11.2879696610285,19.734596,2024-11-26,19.0
11.3278002624588,18.200552,2024-11-26,20.0
23.6536635936668,22.95847,2024-11-26,21.0
19.2010516810922,26.848644,2024-11-26,22.0
16.6847804779332,20.082384,2024-11-26,23.0
23.0841984754669,25.835001,2024-11-26,24.0
16.7537667998413,20.411966,2024-11-26,25.0
10.5665859070897,16.688238,2024-11-26,26.0
11.5928366105823,18.598927,2024-11-26,27.0
17.1185420222666,25.495874,2024-11-26,28.0
19.6253333333256,17.727022,2024-11-26,29.0
22.3198655725729,26.810007,2024-11-26,30.0
32.4288888079956,34.528416,2024-11-26,31.0
49.61866666666659,40.35775,2024-11-26,32.0
16.73199999999876,16.505875,2024-11-26,33.0
13.3256666666645,18.733044,2024-11-26,34.0
16.302666666667694,17.454851,2024-11-26,35.0
13.7457203873909,18.498598,2024-11-26,36.0
25.9989120206895,36.798046,2024-11-26,37.0
10.3626202562132,14.017979,2024-11-26,38.0
21.0669770748114,21.062763,2024-11-26,39.0
24.0012643971393,19.23866,2024-11-27,1.0
30.2116228702874,29.097527,2024-11-27,2.0
21.066666666668123,20.700956,2024-11-27,3.0
38.3786666666662,31.801018,2024-11-27,4.0
20.7786982806091,16.218393,2024-11-27,5.0
39.39600000000064,35.657913,2024-11-27,6.0
25.0733333333337,28.6771,2024-11-27,7.0
18.95866666666552,25.145176,2024-11-27,8.0
28.766666666665213,25.692207,2024-11-27,9.0
29.2826666666662,25.50193,2024-11-27,10.0
20.21866666666756,18.529533,2024-11-27,11.0
10.6833333333253,10.211587,2024-11-27,12.0
17.1826666666675,34.794903,2024-11-27,13.0
32.6359999999986,25.751217,2024-11-27,14.0
31.495999999999185,25.4416,2024-11-27,15.0
29.3910102899091,33.602043,2024-11-27,16.0
10.0733333333337,11.769957,2024-11-27,17.0
23.1142857329166,17.33655,2024-11-27,18.0
17.1077100532598,19.75679,2024-11-27,19.0
11.076920381025,19.386723,2024-11-27,20.0
25.590658305833,22.576445,2024-11-27,21.0
20.7106961937251,27.237743,2024-11-27,22.0
23.938535725268,20.077515,2024-11-27,23.0
24.3808379987036,24.66837,2024-11-27,24.0
18.4327617177783,20.55151,2024-11-27,25.0
13.8911316141287,17.80466,2024-11-27,26.0
21.3658000612552,19.574327,2024-11-27,27.0
20.599506533894,23.82941,2024-11-27,28.0
17.471999999996722,19.405066,2024-11-27,29.0
23.7683963281802,25.939152,2024-11-27,30.0
38.24728289376,35.948704,2024-11-27,31.0
46.7426666666676,43.24633,2024-11-27,32.0
11.3120000000005,16.362114,2024-11-27,33.0
14.977333333335991,20.73964,2024-11-27,34.0
10.25466666667,19.262232,2024-11-27,35.0
16.676100810038,17.927721,2024-11-27,36.0
33.9589887033011,40.842808,2024-11-27,37.0
12.9813108988569,15.536177,2024-11-27,38.0
22.692713594123,20.462435,2024-11-27,39.0
17.172037247652,17.348969,2024-11-28,1.0
36.26800000000125,31.123995,2024-11-28,2.0
21.693999999999505,21.30748,2024-11-28,3.0
38.63200000000264,33.97656,2024-11-28,4.0
19.1730385883813,16.419027,2024-11-28,5.0
37.45799999999872,30.688816,2024-11-28,6.0
31.6979999999985,29.785103,2024-11-28,7.0
28.28266666666602,25.08479,2024-11-28,8.0
23.82600000000094,24.284739,2024-11-28,9.0
10.597999999998136,22.94565,2024-11-28,10.0
14.447000000000116,16.6903,2024-11-28,11.0
10.2274999999999,8.852634,2024-11-28,12.0
35.26800000000003,35.239746,2024-11-28,13.0
30.878666666668625,26.278324,2024-11-28,14.0
21.220000000001164,24.284906,2024-11-28,15.0
32.5111676720619,31.048948,2024-11-28,16.0
8.11249999999969,8.6718,2024-11-28,17.0
17.1093638995568,16.404022,2024-11-28,18.0
14.6686235646867,19.212683,2024-11-28,19.0
20.0767982511333,20.889683,2024-11-28,20.0
26.2890627148012,21.240303,2024-11-28,21.0
24.5263752600104,25.29381,2024-11-28,22.0
20.3071852141033,21.029928,2024-11-28,23.0
31.0637020422148,23.04522,2024-11-28,24.0
17.28628049797,19.55595,2024-11-28,25.0
13.8182241314103,17.493187,2024-11-28,26.0
19.696906930591,19.699068,2024-11-28,27.0
22.5172004720947,25.11385,2024-11-28,28.0
16.1146666666666,17.786293,2024-11-28,29.0
28.0105667163796,24.579702,2024-11-28,30.0
36.6679084612818,33.921886,2024-11-28,31.0
45.82399999999871,42.653225,2024-11-28,32.0
11.9939999999988,16.712572,2024-11-28,33.0
21.662000000000265,21.740768,2024-11-28,34.0
25.007999999997992,20.81397,2024-11-28,35.0
11.1057162918394,19.00852,2024-11-28,36.0
25.4502936005625,35.886597,2024-11-28,37.0
11.957660798052,12.527371,2024-11-28,38.0
24.8179288967853,20.763975,2024-11-28,39.0
19.3744874171601,19.336063,2024-11-29,1.0
20.766666666667,28.535686,2024-11-29,2.0
22.581333333332925,23.349182,2024-11-29,3.0
43.04199999999399,32.179924,2024-11-29,4.0
16.3535283324148,18.73459,2024-11-29,5.0
41.77699999999896,34.7117,2024-11-29,6.0
26.16499999999905,30.405764,2024-11-29,7.0
28.9659921210641,24.957829,2024-11-29,8.0
31.451228073574,27.69913,2024-11-29,9.0
17.580000000001736,25.23304,2024-11-29,10.0
13.179999999998454,16.513565,2024-11-29,11.0
9.546666666666471,10.295913,2024-11-29,12.0
41.54500000000007,35.70067,2024-11-29,13.0
36.62199999999939,31.095175,2024-11-29,14.0
24.083999999998905,26.449776,2024-11-29,15.0
33.0121928367564,33.44457,2024-11-29,16.0
4.52599999999984,10.941171,2024-11-29,17.0
20.2675772250941,21.397863,2024-11-29,18.0
11.2353068229517,17.9648,2024-11-29,19.0
13.5053761709173,17.617834,2024-11-29,20.0
23.8376766856325,25.522781,2024-11-29,21.0
27.2281246441996,27.54471,2024-11-29,22.0
23.9036099022353,24.645689,2024-11-29,23.0
25.4779445742732,27.498411,2024-11-29,24.0
17.8907244292557,19.251627,2024-11-29,25.0
14.5579503166282,16.63086,2024-11-29,26.0
17.1725363375698,19.997017,2024-11-29,27.0
22.2028874428173,25.903034,2024-11-29,28.0
17.962999999999727,18.209581,2024-11-29,29.0
26.1451677301974,26.84442,2024-11-29,30.0
36.4887961832469,35.030926,2024-11-29,31.0
35.0525584319831,42.019176,2024-11-29,32.0
18.4672824754564,16.416187,2024-11-29,33.0
16.97199999999792,17.99099,2024-11-29,34.0
11.6833333333331,20.866173,2024-11-29,35.0
11.3207294652878,17.917273,2024-11-29,36.0
25.1327009491904,32.007202,2024-11-29,37.0
10.4430160372103,13.136818,2024-11-29,38.0
20.0271123103251,21.69684,2024-11-29,39.0
17.0232000000004,18.993267,2024-11-30,1.0
43.7222800000002,23.555481,2024-11-30,2.0
24.3232000000004,19.232475,2024-11-30,3.0
22.746000000002823,26.54879,2024-11-30,4.0
27.1012000000002,19.663076,2024-11-30,5.0
41.199999999997,32.629517,2024-11-30,6.0
28.8667999999998,25.30453,2024-11-30,7.0
22.5880000000005,20.95478,2024-11-30,8.0
29.7051999999996,22.884808,2024-11-30,9.0
18.3832000000002,23.784105,2024-11-30,10.0
16.1967999999993,17.01454,2024-11-30,11.0
12.2109999999999,8.091033,2024-11-30,12.0
41.4216,29.90287,2024-11-30,13.0
42.9980000000003,26.354856,2024-11-30,14.0
26.1222800000002,25.036554,2024-11-30,15.0
29.3119999999996,30.535759,2024-11-30,16.0
8.02500000000001,8.825779,2024-11-30,17.0
14.663999999997,19.217552,2024-11-30,18.0
19.2809999999998,16.325047,2024-11-30,19.0
20.6728000000002,14.278591,2024-11-30,20.0
25.7267999999996,21.244648,2024-11-30,21.0
26.9368000000002,22.527473,2024-11-30,22.0
37.248,19.177843,2024-11-30,23.0
25.1012000000001,24.005953,2024-11-30,24.0
25.2860000000001,15.79103,2024-11-30,25.0
14.3519999999997,13.944713,2024-11-30,26.0
22.4491999999998,18.040546,2024-11-30,27.0
20.8512000000002,21.825686,2024-11-30,28.0
22.5220000000001,17.989714,2024-11-30,29.0
22.8239999999998,22.620531,2024-11-30,30.0
41.8392000000007,28.726168,2024-11-30,31.0
53.3380000000005,36.671833,2024-11-30,32.0
20.295000000000076,14.166325,2024-11-30,33.0
17.1027999999998,17.563725,2024-11-30,34.0
27.7492000000006,18.135426,2024-11-30,35.0
17.439999999995,14.025401,2024-11-30,36.0
46.8648000000001,29.54564,2024-11-30,37.0
10.277,12.50079,2024-11-30,38.0
19.5103999999999,20.87771,2024-11-30,39.0
11.0,23.266071,2024-12-01,1.0
10.70799999999872,29.704533,2024-12-01,2.0
13.68800000000192,24.190504,2024-12-01,3.0
26.161999999996624,36.1214,2024-12-01,4.0
12.5279999999984,23.311075,2024-12-01,5.0
56.86800000000221,36.000923,2024-12-01,6.0
38.09999999999855,31.649498,2024-12-01,7.0
22.57999999999447,25.621199,2024-12-01,8.0
36.61200000000099,27.679583,2024-12-01,9.0
13.0,27.12998,2024-12-01,10.0
26.10000000000582,18.558653,2024-12-01,11.0
12.099999999998545,9.541258,2024-12-01,12.0
56.95999999999913,31.753471,2024-12-01,13.0
45.17199999999866,33.816635,2024-12-01,14.0
27.927999999999884,27.736467,2024-12-01,15.0
23.68000000000029,34.66564,2024-12-01,16.0
10.8700000000008,9.373634,2024-12-01,17.0
32.88799999999901,24.21547,2024-12-01,18.0
24.459999999999127,15.980585,2024-12-01,19.0
37.38999999999942,15.959123,2024-12-01,20.0
11.0319999999992,27.557556,2024-12-01,21.0
10.8319999999949,25.872766,2024-12-01,22.0
58.3320000000022,23.533829,2024-12-01,23.0
24.44799999999668,27.699013,2024-12-01,24.0
37.79000000000087,18.642338,2024-12-01,25.0
35.80800000000454,14.043566,2024-12-01,26.0
30.5679999999993,20.310978,2024-12-01,27.0
24.93999999999505,25.163717,2024-12-01,28.0
27.83199999999488,21.384352,2024-12-01,29.0
41.95999999999913,26.889925,2024-12-01,30.0
39.92799999999989,37.08053,2024-12-01,31.0
72.47999999999593,41.523693,2024-12-01,32.0
7.288000000000466,16.596601,2024-12-01,33.0
20.29200000000128,20.342546,2024-12-01,34.0
27.38799999999901,21.388884,2024-12-01,35.0
35.599999999998545,14.00664,2024-12-01,36.0
55.0,32.969532,2024-12-01,37.0
14.069999999999707,13.076388,2024-12-01,38.0
24.0679999999993,25.639631,2024-12-01,39.0
22.327999999994063,25.537395,2024-12-02,1.0
9.932000000000698,29.440819,2024-12-02,2.0
25.67199999999866,25.149652,2024-12-02,3.0
28.21066666666593,36.964508,2024-12-02,4.0
26.192000000002736,25.64286,2024-12-02,5.0
51.512000000002445,37.13286,2024-12-02,6.0
32.84800000000541,31.34561,2024-12-02,7.0
24.10000000000582,25.925125,2024-12-02,8.0
26.728000000002798,29.194347,2024-12-02,9.0
22.2879999999958,26.228807,2024-12-02,10.0
16.531999999999243,19.498968,2024-12-02,11.0
9.659999999999854,9.473533,2024-12-02,12.0
42.4320000000007,32.280857,2024-12-02,13.0
39.78800000000047,32.1801,2024-12-02,14.0
32.099999999998545,25.349722,2024-12-02,15.0
17.31999999999971,32.270134,2024-12-02,16.0
10.169999999998254,8.918218,2024-12-02,17.0
18.5280000000009,25.364489,2024-12-02,18.0
25.56000000000131,14.237807,2024-12-02,19.0
29.0099999999984,14.869775,2024-12-02,20.0
43.88000000000466,26.886276,2024-12-02,21.0
41.1010657061893,25.274174,2024-12-02,22.0
49.6109999999937,21.497807,2024-12-02,23.0
21.1120000000018,26.842196,2024-12-02,24.0
27.07999999999447,21.293348,2024-12-02,25.0
18.471999999994296,13.326523,2024-12-02,26.0
32.832000000002154,20.373257,2024-12-02,27.0
27.50800000000163,22.338284,2024-12-02,28.0
27.94800000000396,24.017544,2024-12-02,29.0
27.167999999997846,25.703945,2024-12-02,30.0
28.8879999999917,35.917156,2024-12-02,31.0
56.03200000000652,40.6797,2024-12-02,32.0
7.292000000001281,18.968582,2024-12-02,33.0
6.82800000000378,19.439512,2024-12-02,34.0
41.59999999999855,20.391598,2024-12-02,35.0
18.53200000000652,15.872249,2024-12-02,36.0
61.9000000000011,31.215965,2024-12-02,37.0
12.539999999997235,12.227043,2024-12-02,38.0
12.260000000002035,26.245914,2024-12-02,39.0
36.28000000000611,20.360107,2024-12-03,1.0
12.0879999999961,27.50121,2024-12-03,2.0
19.29599999999482,23.510937,2024-12-03,3.0
22.2119999999955,32.728264,2024-12-03,4.0
17.760000000002037,20.97216,2024-12-03,5.0
60.61999999999534,33.31751,2024-12-03,6.0
38.1199999999962,27.84548,2024-12-03,7.0
22.627999999996973,23.445965,2024-12-03,8.0
28.0199999999968,26.193888,2024-12-03,9.0
13.872000000003029,21.367449,2024-12-03,10.0
10.4119999999974,18.808138,2024-12-03,11.0
10.8280000000001,9.439498,2024-12-03,12.0
48.61999999999534,32.373558,2024-12-03,13.0
45.65199999999459,31.722786,2024-12-03,14.0
26.560000000004948,24.087341,2024-12-03,15.0
23.9320000000007,29.141829,2024-12-03,16.0
13.19000000000051,8.2499075,2024-12-03,17.0
31.9280000000023,22.806463,2024-12-03,18.0
14.5280000000009,14.423359,2024-12-03,19.0
13.260000000002035,18.365643,2024-12-03,20.0
19.360000000000586,24.50797,2024-12-03,21.0
35.4989042103963,25.274822,2024-12-03,22.0
37.92000000000553,21.741716,2024-12-03,23.0
25.17599999999948,26.026861,2024-12-03,24.0
29.770000000004075,22.108898,2024-12-03,25.0
19.80000000000291,16.4546,2024-12-03,26.0
22.927999999999884,21.107292,2024-12-03,27.0
24.252000000000407,21.45511,2024-12-03,28.0
38.78800000000047,21.533964,2024-12-03,29.0
32.75200000000041,25.680742,2024-12-03,30.0
44.552000000010594,34.403584,2024-12-03,31.0
63.19999999999709,37.949585,2024-12-03,32.0
7.33200000000211,13.857425,2024-12-03,33.0
12.5280000000009,17.814983,2024-12-03,34.0
23.5028000000008,21.391,2024-12-03,35.0
18.19999999999709,16.596676,2024-12-03,36.0
53.908000000003085,31.34495,2024-12-03,37.0
13.80000000000291,10.68496,2024-12-03,38.0
24.599999999998545,23.068075,2024-12-03,39.0
19.0109999999952,21.888111,2024-12-04,1.0
9.459999999999129,28.253792,2024-12-04,2.0
29.182800000001,21.83537,2024-12-04,3.0
28.9093333333253,32.384556,2024-12-04,4.0
21.70799999999872,20.674143,2024-12-04,5.0
52.9600000000064,37.097385,2024-12-04,6.0
35.55200000000332,30.100168,2024-12-04,7.0
24.8109999999981,25.183434,2024-12-04,8.0
36.87999999999738,28.344954,2024-12-04,9.0
13.720000000001164,22.338583,2024-12-04,10.0
21.77200000000448,22.128899,2024-12-04,11.0
12.4900000000016,11.725556,2024-12-04,12.0
76.4280000000023,36.2796,2024-12-04,13.0
49.37600000000384,35.078815,2024-12-04,14.0
32.2579999999981,26.064692,2024-12-04,15.0
23.056000000004133,31.316689,2024-12-04,16.0
12.430000000000293,10.023745,2024-12-04,17.0
27.0280000000009,23.307068,2024-12-04,18.0
23.720000000001164,19.02768,2024-12-04,19.0
30.2899999999999,20.94051,2024-12-04,20.0
25.19999999999709,26.335373,2024-12-04,21.0
42.35200000000623,25.64893,2024-12-04,22.0
47.0879999999961,27.868015,2024-12-04,23.0
30.192000000002736,27.235762,2024-12-04,24.0
27.739999999997963,21.84602,2024-12-04,25.0
25.36800000000221,18.54242,2024-12-04,26.0
38.76799999999639,23.01975,2024-12-04,27.0
47.16000000000349,22.770014,2024-12-04,28.0
33.19999999999709,23.165812,2024-12-04,29.0
25.1880000000019,27.577795,2024-12-04,30.0
41.1428000000002,36.052624,2024-12-04,31.0
64.36000000000058,43.56478,2024-12-04,32.0
7.279999999998836,14.0240965,2024-12-04,33.0
11.9799999999959,22.936464,2024-12-04,34.0
39.96800000000076,22.765144,2024-12-04,35.0
32.82800000000134,18.513132,2024-12-04,36.0
58.63199999999779,40.690136,2024-12-04,37.0
18.52000000000044,12.537067,2024-12-04,38.0
28.3109999999981,22.719437,2024-12-04,39.0
14.2800000000011,27.147861,2024-12-05,1.0
33.36000000000058,31.487831,2024-12-05,2.0
24.20000000000437,27.467905,2024-12-05,3.0
30.6800819237747,34.790318,2024-12-05,4.0
28.9399999999951,26.192768,2024-12-05,5.0
51.42799999999989,41.666313,2024-12-05,6.0
50.04799999999523,35.56304,2024-12-05,7.0
17.2579999999981,28.982943,2024-12-05,8.0
29.66800000000512,32.822987,2024-12-05,9.0
10.687999999994643,22.411427,2024-12-05,10.0
28.299999999995634,22.306412,2024-12-05,11.0
16.020000000000437,13.516159,2024-12-05,12.0
46.37200000000303,41.015972,2024-12-05,13.0
46.5828000000026,39.81585,2024-12-05,14.0
21.27199999999721,30.717733,2024-12-05,15.0
28.47200000000157,30.44015,2024-12-05,16.0
1.610000000000582,10.31872,2024-12-05,17.0
23.31999999999971,25.447998,2024-12-05,18.0
17.429999999996653,20.676262,2024-12-05,19.0
39.63000000000102,24.429104,2024-12-05,20.0
33.20799999999872,30.252125,2024-12-05,21.0
61.6559999999954,31.563124,2024-12-05,22.0
58.95999999999913,36.25603,2024-12-05,23.0
36.36000000000058,30.517662,2024-12-05,24.0
27.220000000001164,27.683056,2024-12-05,25.0
2.2399999999979627,23.285593,2024-12-05,26.0
26.77200000000448,27.738264,2024-12-05,27.0
44.87999999999738,26.65885,2024-12-05,28.0
23.182800000001,27.995104,2024-12-05,29.0
24.46800000000076,31.68847,2024-12-05,30.0
43.84799999999814,37.869503,2024-12-05,31.0
71.49599999999919,51.58289,2024-12-05,32.0
7.32800000000125,14.026624,2024-12-05,33.0
13.2500000000038,24.516933,2024-12-05,34.0
11.2879999999958,25.534342,2024-12-05,35.0
25.42399999999907,21.380564,2024-12-05,36.0
65.80000000000291,44.562557,2024-12-05,37.0
16.149999999997817,14.758285,2024-12-05,38.0
24.056000000004133,26.04929,2024-12-05,39.0
20.268000000003667,19.270147,2024-12-06,1.0
27.7280000000052,20.743862,2024-12-06,2.0
31.4119999999974,18.946066,2024-12-06,3.0
32.8789256100668,26.267813,2024-12-06,4.0
25.4280000000023,18.086143,2024-12-06,5.0
54.53199999999924,32.922916,2024-12-06,6.0
29.6228000000025,26.94489,2024-12-06,7.0
14.8628000000014,21.915333,2024-12-06,8.0
43.37199999999575,23.482191,2024-12-06,9.0
25.96800000000076,19.24061,2024-12-06,10.0
16.12800000000425,17.646492,2024-12-06,11.0
10.209999999999129,8.511653,2024-12-06,12.0
44.95999999999913,37.152798,2024-12-06,13.0
49.20799999999872,33.454987,2024-12-06,14.0
37.13999999999942,22.13649,2024-12-06,15.0
23.719999999993888,23.744352,2024-12-06,16.0
11.8280000000001,7.537926,2024-12-06,17.0
12.37999999999738,20.226984,2024-12-06,18.0
24.280000000002477,16.249022,2024-12-06,19.0
14.69999999999709,19.919836,2024-12-06,20.0
32.7028000000052,21.555803,2024-12-06,21.0
16.252000000000407,23.561853,2024-12-06,22.0
41.192000000002736,25.626083,2024-12-06,23.0
28.99199999999837,20.985533,2024-12-06,24.0
33.93000000000029,21.141827,2024-12-06,25.0
22.2500000000038,17.379513,2024-12-06,26.0
18.9320000000007,21.288036,2024-12-06,27.0
43.74799999999959,21.452724,2024-12-06,28.0
28.735999999997148,23.951763,2024-12-06,29.0
38.03199999999924,24.210058,2024-12-06,30.0
48.7439999999911,31.248425,2024-12-06,31.0
56.0880000000025,41.042294,2024-12-06,32.0
50.18000000000029,8.73891,2024-12-06,33.0
4.779999999998836,17.571257,2024-12-06,34.0
49.47200000000157,21.32492,2024-12-06,35.0
18.976000000002387,16.726562,2024-12-06,36.0
63.359999999993306,35.679092,2024-12-06,37.0
14.830000000001746,10.437175,2024-12-06,38.0
26.182800000001,18.887478,2024-12-06,39.0
12.471999999994296,21.305769,2024-12-07,1.0
31.951999999997497,20.507801,2024-12-07,2.0
20.73200000000361,22.049763,2024-12-07,3.0
25.00800000000163,25.902962,2024-12-07,4.0
22.139999999999414,21.121275,2024-12-07,5.0
47.919999999998254,34.912003,2024-12-07,6.0
38.908000000003085,32.370895,2024-12-07,7.0
18.57600000000093,25.58474,2024-12-07,8.0
21.812000000005355,29.983934,2024-12-07,9.0
13.8280000000038,19.918566,2024-12-07,10.0
25.4319999999925,19.827518,2024-12-07,11.0
16.61999999999898,11.185567,2024-12-07,12.0
64.27999999999884,36.688675,2024-12-07,13.0
48.102000000001,36.072624,2024-12-07,14.0
22.10000000000582,28.398731,2024-12-07,15.0
18.27200000000448,25.713856,2024-12-07,16.0
16.26000000000022,7.015283,2024-12-07,17.0
16.652000000001863,23.468988,2024-12-07,18.0
12.989999999997965,18.478214,2024-12-07,19.0
19.1199999999999,24.439949,2024-12-07,20.0
27.1199999999962,25.60732,2024-12-07,21.0
31.6927374538974,34.177696,2024-12-07,22.0
47.92799999999989,34.72099,2024-12-07,23.0
26.747999999999596,25.755596,2024-12-07,24.0
32.62999999999738,25.95857,2024-12-07,25.0
17.17199999999866,16.198963,2024-12-07,26.0
31.167999999997846,25.887589,2024-12-07,27.0
26.4280000000023,28.915894,2024-12-07,28.0
25.8628000000014,27.36593,2024-12-07,29.0
37.47200000000157,27.323973,2024-12-07,30.0
32.9428000000031,34.81061,2024-12-07,31.0
52.72000000000117,46.675804,2024-12-07,32.0
27.139999999999414,9.506272,2024-12-07,33.0
30.139999999999414,18.447077,2024-12-07,34.0
29.048000000002503,26.39485,2024-12-07,35.0
18.743999999998778,19.315964,2024-12-07,36.0
66.39199999999983,40.14121,2024-12-07,37.0
14.43999999999869,14.487911,2024-12-07,38.0
19.20799999999872,23.267385,2024-12-07,39.0
12.520000000004076,21.737915,2024-12-08,1.0
25.37599999999657,22.945389,2024-12-08,2.0
18.38799999999901,23.55207,2024-12-08,3.0
26.5028000000008,26.888334,2024-12-08,4.0
11.9879999999976,23.034132,2024-12-08,5.0
28.2279999999955,38.7314,2024-12-08,6.0
33.771999999997206,34.955032,2024-12-08,7.0
23.23200000000361,23.546616,2024-12-08,8.0
39.2119999999931,31.392614,2024-12-08,9.0
12.720000000001164,19.022007,2024-12-08,10.0
20.81999999999971,22.629213,2024-12-08,11.0
10.7200000000012,11.714791,2024-12-08,12.0
69.0280000000009,39.391644,2024-12-08,13.0
45.43999999999505,36.960968,2024-12-08,14.0
32.72799999999552,27.220669,2024-12-08,15.0
27.599999999998545,24.919344,2024-12-08,16.0
11.1999999999989,9.525878,2024-12-08,17.0
9.987999999997555,24.651598,2024-12-08,18.0
21.090000000000146,20.663576,2024-12-08,19.0
32.210000000002765,26.275473,2024-12-08,20.0
14.87999999999738,27.61497,2024-12-08,21.0
31.5895852599825,34.541977,2024-12-08,22.0
41.22000000000117,36.471706,2024-12-08,23.0
22.62000000000262,28.50026,2024-12-08,24.0
28.81999999999971,27.372175,2024-12-08,25.0
24.1199999999962,19.814257,2024-12-08,26.0
29.4800000000032,28.526327,2024-12-08,27.0
25.5028000000008,31.332323,2024-12-08,28.0
29.69600000000355,29.067713,2024-12-08,29.0
28.72799999999552,29.270252,2024-12-08,30.0
25.2480000000069,37.27719,2024-12-08,31.0
38.73600000000442,50.011852,2024-12-08,32.0
63.1019999999937,17.66139,2024-12-08,33.0
5.30000000000291,17.066923,2024-12-08,34.0
31.62399999999616,28.987997,2024-12-08,35.0
28.27999999999884,22.98922,2024-12-08,36.0
55.2880000000031,47.81127,2024-12-08,37.0
11.5900000000001,15.236908,2024-12-08,38.0
21.43999999999505,23.57372,2024-12-08,39.0
22.68000000000029,18.178762,2024-12-09,1.0
18.5828000000026,20.912447,2024-12-09,2.0
22.61200000000099,21.657135,2024-12-09,3.0
35.38399999999092,25.751944,2024-12-09,4.0
20.7828000000069,21.788832,2024-12-09,5.0
41.0228000000049,29.394821,2024-12-09,6.0
35.21600000000035,30.013058,2024-12-09,7.0
12.69999999999709,20.515217,2024-12-09,8.0
25.49200000000565,24.816717,2024-12-09,9.0
23.651999999994587,19.169386,2024-12-09,10.0
14.492000000005646,20.227787,2024-12-09,11.0
13.229999999999563,12.014627,2024-12-09,12.0
37.375999999996566,33.73926,2024-12-09,13.0
44.17599999999948,29.569735,2024-12-09,14.0
16.720000000001164,25.784859,2024-12-09,15.0
17.9360000000011,24.133345,2024-12-09,16.0
8.800000000001091,8.712136,2024-12-09,17.0
9.252000000000407,19.435625,2024-12-09,18.0
14.930000000000293,16.533194,2024-12-09,19.0
24.25,19.71789,2024-12-09,20.0
45.49599999999919,28.686531,2024-12-09,21.0
27.667999999997846,33.841152,2024-12-09,22.0
27.652000000001863,24.633438,2024-12-09,23.0
29.739999999997963,24.380972,2024-12-09,24.0
26.7280000000052,25.152634,2024-12-09,25.0
19.98800000000483,16.144587,2024-12-09,26.0
20.27199999999721,24.024323,2024-12-09,27.0
37.28800000000047,28.17611,2024-12-09,28.0
28.031999999999243,26.586515,2024-12-09,29.0
38.52000000000408,23.655045,2024-12-09,30.0
43.28800000000047,32.212788,2024-12-09,31.0
69.32799999999406,41.120068,2024-12-09,32.0
28.80800000000454,13.23106,2024-12-09,33.0
17.959999999999127,15.248044,2024-12-09,34.0
38.76800000000367,26.409107,2024-12-09,35.0
11.760000000002,17.447027,2024-12-09,36.0
58.80000000000291,38.311104,2024-12-09,37.0
10.389999999999418,11.393968,2024-12-09,38.0
17.48800000000483,20.006489,2024-12-09,39.0
20.360000000000586,20.264282,2024-12-10,1.0
10.5360000000001,24.774628,2024-12-10,2.0
25.68000000000029,24.400047,2024-12-10,3.0
17.096000000005006,27.165905,2024-12-10,4.0
24.0879999999961,23.729712,2024-12-10,5.0
53.18800000000192,33.831818,2024-12-10,6.0
25.1199999999962,34.026817,2024-12-10,7.0
11.4280000000023,21.519999,2024-12-10,8.0
26.131999999997788,29.952349,2024-12-10,9.0
16.948000000003958,18.487593,2024-12-10,10.0
30.19999999999709,21.350046,2024-12-10,11.0
12.61999999999898,11.28687,2024-12-10,12.0
62.06399999999849,39.76925,2024-12-10,13.0
45.52000000000408,37.734055,2024-12-10,14.0
30.9120000000039,26.321203,2024-12-10,15.0
26.1428000000002,24.951683,2024-12-10,16.0
14.729999999999563,9.18998,2024-12-10,17.0
23.296000000002092,20.949451,2024-12-10,18.0
13.690000000002328,17.981447,2024-12-10,19.0
24.049999999999272,20.846233,2024-12-10,20.0
17.4120000000039,25.409105,2024-12-10,21.0
48.5028000000008,33.895805,2024-12-10,22.0
18.21600000000035,33.924503,2024-12-10,23.0
19.5280000000009,24.920218,2024-12-10,24.0
35.29000000000087,27.336285,2024-12-10,25.0
19.531999999999243,16.827425,2024-12-10,26.0
21.0879999999961,25.187073,2024-12-10,27.0
26.19999999999709,30.799675,2024-12-10,28.0
27.5,27.830574,2024-12-10,29.0
41.77999999999884,28.107666,2024-12-10,30.0
28.703999999997905,38.448193,2024-12-10,31.0
52.72000000000117,44.90252,2024-12-10,32.0
21.55199999999604,26.21012,2024-12-10,33.0
10.1879999999946,16.316353,2024-12-10,34.0
39.08000000000175,26.959784,2024-12-10,35.0
18.479999999995925,20.200777,2024-12-10,36.0
59.95999999999913,44.5182,2024-12-10,37.0
14.779999999998836,12.971454,2024-12-10,38.0
21.182800000001,22.159348,2024-12-10,39.0
21.231999999996333,22.988977,2024-12-11,1.0
43.9109999999966,28.465742,2024-12-11,2.0
24.57200000000012,24.948084,2024-12-11,3.0
31.127999999996973,28.73238,2024-12-11,4.0
9.83200000000211,24.70975,2024-12-11,5.0
48.108000000000175,38.484047,2024-12-11,6.0
39.9428000000031,36.209126,2024-12-11,7.0
16.05999999999767,22.967142,2024-12-11,8.0
43.69600000000355,34.072254,2024-12-11,9.0
18.182800000001,21.216034,2024-12-11,10.0
14.427999999999884,24.420725,2024-12-11,11.0
18.820000000003347,13.861948,2024-12-11,12.0
56.36800000000221,55.75528,2024-12-11,13.0
51.59199999999692,42.29063,2024-12-11,14.0
36.299999999995634,30.268524,2024-12-11,15.0
20.2579999999981,28.00491,2024-12-11,16.0
13.090000000000146,11.098979,2024-12-11,17.0
26.87199999999575,20.613918,2024-12-11,18.0
20.109999999996944,18.881681,2024-12-11,19.0
19.090000000000146,23.821598,2024-12-11,20.0
46.81999999999971,30.88325,2024-12-11,21.0
18.50800000000163,36.02365,2024-12-11,22.0
18.791999999994005,36.20951,2024-12-11,23.0
36.43999999999505,31.116087,2024-12-11,24.0
35.45999999999913,30.051268,2024-12-11,25.0
23.0280000000009,20.378218,2024-12-11,26.0
41.26000000000204,29.220337,2024-12-11,27.0
22.239999999997963,36.233418,2024-12-11,28.0
23.548000000002503,30.21396,2024-12-11,29.0
37.05999999999767,31.913977,2024-12-11,30.0
32.1759999999922,38.246773,2024-12-11,31.0
63.85599999999977,55.73,2024-12-11,32.0
41.4280000000023,29.912928,2024-12-11,33.0
22.2528000000046,19.422504,2024-12-11,34.0
49.979999999995925,32.255928,2024-12-11,35.0
32.12800000000425,23.376205,2024-12-11,36.0
55.75999999999476,50.566944,2024-12-11,37.0
19.9900000000016,16.2788,2024-12-11,38.0
18.667999999997846,26.587008,2024-12-11,39.0
21.720000000001164,22.367165,2024-12-12,1.0
20.580000000001743,27.86178,2024-12-12,2.0
27.167999999997846,24.647438,2024-12-12,3.0
29.21600000000035,30.090744,2024-12-12,4.0
11.6879999999946,23.499056,2024-12-12,5.0
48.07999999999447,35.438194,2024-12-12,6.0
26.919999999998254,35.370296,2024-12-12,7.0
17.368000000002212,21.812426,2024-12-12,8.0
28.599999999998545,31.851084,2024-12-12,9.0
10.695999999996276,21.186632,2024-12-12,10.0
26.372000000003027,24.21774,2024-12-12,11.0
14.089999999996508,12.712808,2024-12-12,12.0
50.02000000000408,56.91572,2024-12-12,13.0
45.13999999999942,38.107918,2024-12-12,14.0
26.427999999999884,27.037506,2024-12-12,15.0
27.55999999999767,23.793905,2024-12-12,16.0
12.609999999998765,8.728121,2024-12-12,17.0
3.0720000000001164,17.399384,2024-12-12,18.0
17.0280000000009,18.19989,2024-12-12,19.0
29.239999999997963,22.121618,2024-12-12,20.0
27.2800000000011,29.298878,2024-12-12,21.0
39.6965094594385,30.80759,2024-12-12,22.0
55.55200000000332,28.248959,2024-12-12,23.0
22.03200000000652,27.473152,2024-12-12,24.0
26.229999999995925,31.01042,2024-12-12,25.0
16.2119999999931,18.971733,2024-12-12,26.0
17.419999999998254,23.752394,2024-12-12,27.0
37.700000000004366,31.77515,2024-12-12,28.0
27.87999999999738,26.407213,2024-12-12,29.0
31.2280000000052,34.61479,2024-12-12,30.0
43.79200000000128,35.433132,2024-12-12,31.0
67.62399999999616,57.063137,2024-12-12,32.0
17.18800000000192,29.688948,2024-12-12,33.0
37.0,20.80865,2024-12-12,34.0
10.2200000000012,29.156334,2024-12-12,35.0
25.1019999999937,20.280998,2024-12-12,36.0
39.18000000000029,53.25822,2024-12-12,37.0
19.18999999999869,15.620546,2024-12-12,38.0
21.427999999999884,23.901628,2024-12-12,39.0
23.44799999999668,20.998125,2024-12-13,1.0
13.639999999999418,26.491144,2024-12-13,2.0
37.0280000000009,23.347214,2024-12-13,3.0
17.3028000000037,26.326197,2024-12-13,4.0
32.79200000000128,20.90092,2024-12-13,5.0
38.29200000000128,34.937862,2024-12-13,6.0
41.2280000000028,33.25607,2024-12-13,7.0
12.731999999996331,19.595259,2024-12-13,8.0
31.29200000000128,31.045456,2024-12-13,9.0
11.1120000000018,20.893816,2024-12-13,10.0
19.288000000000466,21.146517,2024-12-13,11.0
3.92800000000233,14.462645,2024-12-13,12.0
52.77999999999884,44.441418,2024-12-13,13.0
46.56000000000495,37.07999,2024-12-13,14.0
31.42399999999907,29.43995,2024-12-13,15.0
22.29200000000128,24.44111,2024-12-13,16.0
10.38000000000102,11.172702,2024-12-13,17.0
11.5360000000001,16.99832,2024-12-13,18.0
11.0600000000013,17.322744,2024-12-13,19.0
17.81999999999971,22.370739,2024-12-13,20.0
38.87999999999738,29.49919,2024-12-13,21.0
30.2818668855253,35.211426,2024-12-13,22.0
29.57600000000093,30.412704,2024-12-13,23.0
20.719999999993888,25.401827,2024-12-13,24.0
30.2500000000038,30.02993,2024-12-13,25.0
22.9028000000023,18.43186,2024-12-13,26.0
24.580000000001743,25.67594,2024-12-13,27.0
20.0280000000009,27.571758,2024-12-13,28.0
29.05199999999604,25.911116,2024-12-13,29.0
47.359999999993306,34.22368,2024-12-13,30.0
54.06399999999849,35.135693,2024-12-13,31.0
74.16000000000349,50.336384,2024-12-13,32.0
10.559999999997672,34.187088,2024-12-13,33.0
21.867999999994936,17.482649,2024-12-13,34.0
26.68000000000029,34.324284,2024-12-13,35.0
19.44800000000396,19.950611,2024-12-13,36.0
55.4800000000032,50.84983,2024-12-13,37.0
12.729999999999563,14.389754,2024-12-13,38.0
24.5028000000008,22.891483,2024-12-13,39.0
29.7280000000052,26.23607,2024-12-14,1.0
8.0,31.891758,2024-12-14,2.0
21.19999999999709,28.559742,2024-12-14,3.0
10.1600000000035,34.12779,2024-12-14,4.0
31.48800000000483,23.920225,2024-12-14,5.0
41.700000000004366,38.501442,2024-12-14,6.0
30.26000000000204,42.097237,2024-12-14,7.0
10.9880000000048,21.671057,2024-12-14,8.0
22.339999999996508,41.17461,2024-12-14,9.0
10.059999999997672,22.204323,2024-12-14,10.0
7.399999999994179,25.496542,2024-12-14,11.0
5.309999999997672,15.087983,2024-12-14,12.0
28.551999999996,53.176384,2024-12-14,13.0
32.13999999999942,42.264942,2024-12-14,14.0
20.9360000000011,31.967545,2024-12-14,15.0
20.0880000000025,27.709896,2024-12-14,16.0
10.7099999999991,12.965258,2024-12-14,17.0
20.9028000000023,18.974974,2024-12-14,18.0
28.2500000000001,20.734596,2024-12-14,19.0
16.31000000000131,28.00859,2024-12-14,20.0
30.872000000003027,37.892605,2024-12-14,21.0
32.8627137088633,37.605442,2024-12-14,22.0
41.94399999999587,42.538498,2024-12-14,23.0
20.548000000002503,32.21041,2024-12-14,24.0
27.729999999995925,34.85062,2024-12-14,25.0
16.2880000000031,24.664175,2024-12-14,26.0
19.788000000000466,31.731361,2024-12-14,27.0
31.2109999999995,35.81762,2024-12-14,28.0
26.560000000004948,34.337208,2024-12-14,29.0
36.10000000000582,43.07856,2024-12-14,30.0
32.9120000000101,45.804764,2024-12-14,31.0
43.32799999999406,50.05985,2024-12-14,32.0
28.451999999997497,40.761044,2024-12-14,33.0
22.908000000003085,26.669508,2024-12-14,34.0
19.5280000000009,30.143362,2024-12-14,35.0
13.69999999999709,24.5671,2024-12-14,36.0
18.05999999999767,54.363598,2024-12-14,37.0
10.9000000000011,18.046839,2024-12-14,38.0
22.31999999999971,25.685156,2024-12-14,39.0
10.572000000000116,21.82383,2024-12-15,1.0
33.63999999999942,25.489697,2024-12-15,2.0
37.512000000002445,24.401468,2024-12-15,3.0
26.439999999987776,27.119253,2024-12-15,4.0
25.807999999997264,20.164536,2024-12-15,5.0
46.92799999999989,33.63485,2024-12-15,6.0
44.77999999999884,34.751087,2024-12-15,7.0
20.1199999999962,19.296522,2024-12-15,8.0
29.048000000002503,30.934267,2024-12-15,9.0
14.052000000003318,19.645119,2024-12-15,10.0
18.71200000000681,24.803156,2024-12-15,11.0
17.260000000002037,13.4540205,2024-12-15,12.0
70.8280000000038,45.282818,2024-12-15,13.0
51.25999999999476,40.402122,2024-12-15,14.0
32.5428000000017,27.026165,2024-12-15,15.0
28.752000000000407,25.543638,2024-12-15,16.0
9.52800000000087,13.112693,2024-12-15,17.0
22.94799999999668,17.420925,2024-12-15,18.0
13.86999999999898,17.05819,2024-12-15,19.0
25.260000000002,24.394104,2024-12-15,20.0
27.90799999999581,31.305553,2024-12-15,21.0
56.58000000000175,33.51507,2024-12-15,22.0
51.0880000000025,30.936554,2024-12-15,23.0
25.66000000000349,26.236744,2024-12-15,24.0
30.720000000001164,28.902216,2024-12-15,25.0
21.2879999999958,21.25309,2024-12-15,26.0
44.13199999999779,25.935799,2024-12-15,27.0
41.72000000000117,25.381882,2024-12-15,28.0
38.108000000000175,26.562822,2024-12-15,29.0
30.89999999999418,35.61695,2024-12-15,30.0
57.04799999999523,37.480804,2024-12-15,31.0
73.83200000000943,47.66735,2024-12-15,32.0
24.37600000000384,29.345127,2024-12-15,33.0
7.091999999996915,22.763895,2024-12-15,34.0
43.919999999998254,31.317003,2024-12-15,35.0
27.531999999999243,22.019138,2024-12-15,36.0
49.7280000000052,44.222355,2024-12-15,37.0
14.56000000000131,15.833715,2024-12-15,38.0
17.987999999997555,23.011528,2024-12-15,39.0
31.847999999998137,27.633066,2024-12-16,1.0
8.012000000002445,26.633738,2024-12-16,2.0
28.536000000000055,27.276546,2024-12-16,3.0
17.9028000000095,27.255215,2024-12-16,4.0
9.99199999999837,23.95993,2024-12-16,5.0
54.66399999999703,42.961285,2024-12-16,6.0
25.7999999999956,35.02504,2024-12-16,7.0
22.919999999998254,19.001307,2024-12-16,8.0
27.83199999999488,32.081135,2024-12-16,9.0
19.1199999999962,21.73148,2024-12-16,10.0
26.927999999999884,22.846125,2024-12-16,11.0
10.130000000001,12.904687,2024-12-16,12.0
63.48799999999756,45.363358,2024-12-16,13.0
51.86000000000058,42.898952,2024-12-16,14.0
31.055999999996857,29.946856,2024-12-16,15.0
25.5199999999968,27.44393,2024-12-16,16.0
14.659999999999854,13.035763,2024-12-16,17.0
19.172000000005937,18.384111,2024-12-16,18.0
10.959999999999129,19.863392,2024-12-16,19.0
32.87999999999738,24.596653,2024-12-16,20.0
32.0,37.24925,2024-12-16,21.0
58.271999999997206,35.153656,2024-12-16,22.0
50.55999999999767,27.893738,2024-12-16,23.0
19.619999999995343,27.456942,2024-12-16,24.0
32.9000000000011,31.361258,2024-12-16,25.0
14.639999999999418,23.335125,2024-12-16,26.0
23.18000000000029,27.406502,2024-12-16,27.0
14.1199999999962,30.761929,2024-12-16,28.0
32.19999999999709,30.816324,2024-12-16,29.0
38.68800000000192,40.940617,2024-12-16,30.0
44.5828000000026,42.36949,2024-12-16,31.0
58.463999999992666,51.730045,2024-12-16,32.0
45.4320000000007,28.35677,2024-12-16,33.0
11.0920000000042,24.768187,2024-12-16,34.0
46.9320000000007,29.797588,2024-12-16,35.0
17.12000000000262,22.164764,2024-12-16,36.0
60.1199999999962,46.00606,2024-12-16,37.0
24.950000000000728,17.003654,2024-12-16,38.0
14.50800000000163,24.223354,2024-12-16,39.0
25.220000000001164,23.789917,2024-12-17,1.0
8.576000000000931,25.225416,2024-12-17,2.0
22.07999999999447,31.367887,2024-12-17,3.0
18.463999999992662,27.237568,2024-12-17,4.0
29.8280000000038,25.927387,2024-12-17,5.0
39.807999999997264,42.07575,2024-12-17,6.0
41.72000000000117,36.12067,2024-12-17,7.0
20.7428000000061,17.209906,2024-12-17,8.0
27.4800000000032,32.5942,2024-12-17,9.0
18.33600000000297,19.42391,2024-12-17,10.0
13.57999999999447,22.762741,2024-12-17,11.0
7.69999999999709,13.451174,2024-12-17,12.0
72.41999999999825,43.724762,2024-12-17,13.0
53.16800000000512,41.70691,2024-12-17,14.0
28.99200000000565,31.48263,2024-12-17,15.0
13.175999999999476,27.580833,2024-12-17,16.0
9.280000000000657,11.679053,2024-12-17,17.0
20.847999999998137,18.775219,2024-12-17,18.0
19.62000000000262,18.017324,2024-12-17,19.0
26.1100000000011,24.422567,2024-12-17,20.0
33.427999999999884,35.35585,2024-12-17,21.0
46.01600000000326,38.84029,2024-12-17,22.0
45.76000000000204,32.925808,2024-12-17,23.0
22.70799999999872,28.620878,2024-12-17,24.0
30.25,31.67516,2024-12-17,25.0
24.132000000005064,21.057781,2024-12-17,26.0
22.391999999999825,31.336702,2024-12-17,27.0
39.36000000000058,32.11631,2024-12-17,28.0
28.67199999999866,32.313328,2024-12-17,29.0
41.5828000000026,39.615707,2024-12-17,30.0
56.5028000000008,41.307976,2024-12-17,31.0
18.0228000000049,51.97989,2024-12-17,32.0
24.479999999995925,24.654554,2024-12-17,33.0
28.799999999995634,22.80906,2024-12-17,34.0
41.296000000002095,31.948725,2024-12-17,35.0
18.548000000002503,22.44469,2024-12-17,36.0
43.33200000000216,43.201782,2024-12-17,37.0
4.719999999997526,16.45148,2024-12-17,38.0
24.29200000000128,23.833849,2024-12-17,39.0
27.619999999995343,26.03214,2024-12-18,1.0
33.23999999999796,26.901007,2024-12-18,2.0
24.452000000004773,25.974222,2024-12-18,3.0
24.5679999999993,26.090387,2024-12-18,4.0
19.07200000000012,22.534126,2024-12-18,5.0
49.80800000000454,33.571304,2024-12-18,6.0
48.86800000000221,31.55163,2024-12-18,7.0
23.487999999997555,18.111315,2024-12-18,8.0
24.68800000000192,26.878096,2024-12-18,9.0
24.131999999997788,20.046719,2024-12-18,10.0
24.720000000001164,21.490406,2024-12-18,11.0
14.05000000000291,11.717405,2024-12-18,12.0
51.95999999999913,39.13149,2024-12-18,13.0
49.39999999999418,36.966553,2024-12-18,14.0
35.95999999999913,25.709827,2024-12-18,15.0
22.3028000000037,24.876966,2024-12-18,16.0
22.049999999999272,11.707189,2024-12-18,17.0
11.9519999999975,18.794744,2024-12-18,18.0
31.609999999996944,18.331173,2024-12-18,19.0
27.989999999997963,21.640646,2024-12-18,20.0
36.31200000000536,31.028322,2024-12-18,21.0
42.8057115069252,36.399715,2024-12-18,22.0
51.419999999998254,31.769882,2024-12-18,23.0
38.6228000000025,26.081553,2024-12-18,24.0
29.76000000000204,27.129581,2024-12-18,25.0
16.5280000000009,18.724888,2024-12-18,26.0
31.81600000000617,28.643543,2024-12-18,27.0
36.69599999999628,26.895744,2024-12-18,28.0
33.78000000000611,27.204632,2024-12-18,29.0
43.24799999999959,33.28755,2024-12-18,30.0
46.75999999999476,37.717545,2024-12-18,31.0
11.5760000000009,47.185417,2024-12-18,32.0
26.48800000000483,23.981207,2024-12-18,33.0
10.7200000000012,26.181355,2024-12-18,34.0
37.89199999999983,27.976046,2024-12-18,35.0
29.987999999997555,22.35775,2024-12-18,36.0
64.2960000000021,37.968628,2024-12-18,37.0
11.4280000000023,17.296146,2024-12-18,38.0
24.57999999999447,22.28783,2024-12-18,39.0
38.72000000000117,29.5233,2024-12-19,1.0
23.9320000000007,25.380556,2024-12-19,2.0
35.23999999999796,31.517048,2024-12-19,3.0
25.8320000000094,28.528456,2024-12-19,4.0
26.148000000001048,26.757702,2024-12-19,5.0
48.29200000000128,37.990517,2024-12-19,6.0
41.61200000000099,38.301014,2024-12-19,7.0
11.6399999999994,22.840952,2024-12-19,8.0
35.479999999995925,33.295437,2024-12-19,9.0
10.0280000000009,18.460882,2024-12-19,10.0
29.599999999998545,24.838795,2024-12-19,11.0
13.719999999997526,13.770389,2024-12-19,12.0
43.30000000000291,53.718624,2024-12-19,13.0
49.3828000000055,46.915096,2024-12-19,14.0
30.93999999999505,31.86719,2024-12-19,15.0
23.77599999999802,27.293943,2024-12-19,16.0
10.430000000000293,12.5060625,2024-12-19,17.0
17.976000000002387,21.184208,2024-12-19,18.0
20.7300000000032,18.584978,2024-12-19,19.0
37.85000000000218,25.38112,2024-12-19,20.0
25.2479999999996,36.25553,2024-12-19,21.0
38.6632257229068,43.048744,2024-12-19,22.0
45.85199999999895,41.33883,2024-12-19,23.0
25.4879999999976,28.09585,2024-12-19,24.0
26.7699999999968,32.97701,2024-12-19,25.0
18.639999999999414,23.490297,2024-12-19,26.0
18.359999999993303,30.551615,2024-12-19,27.0
28.5200000000041,32.58337,2024-12-19,28.0
28.22799999999552,33.74859,2024-12-19,29.0
52.479999999995925,38.999603,2024-12-19,30.0
51.1120000000018,46.68311,2024-12-19,31.0
29.21600000000035,49.25246,2024-12-19,32.0
11.3919999999998,28.636368,2024-12-19,33.0
24.788000000000466,29.620749,2024-12-19,34.0
23.57200000000012,36.55914,2024-12-19,35.0
20.652000000001863,23.499828,2024-12-19,36.0
60.53199999999924,45.60165,2024-12-19,37.0
24.149999999997817,20.3793,2024-12-19,38.0
25.648000000001048,26.605967,2024-12-19,39.0
29.459999999999127,28.082222,2024-12-20,1.0
10.2109999999995,23.11624,2024-12-20,2.0
36.2280000000028,29.469332,2024-12-20,3.0
32.3109999999908,25.268007,2024-12-20,4.0
22.19999999999709,27.871475,2024-12-20,5.0
55.53199999999924,44.04882,2024-12-20,6.0
42.72000000000117,40.04731,2024-12-20,7.0
19.37999999999738,23.937328,2024-12-20,8.0
22.68000000000029,30.00483,2024-12-20,9.0
12.2500000000038,22.020536,2024-12-20,10.0
18.76000000000204,23.777296,2024-12-20,11.0
13.270000000000437,12.57155,2024-12-20,12.0
56.79200000000128,52.561657,2024-12-20,13.0
44.71999999999389,46.31974,2024-12-20,14.0
25.9200000000055,31.550001,2024-12-20,15.0
11.3600000000006,26.734505,2024-12-20,16.0
8.109999999998763,15.06418,2024-12-20,17.0
27.639999999999414,22.160774,2024-12-20,18.0
11.989999999998,20.93023,2024-12-20,19.0
31.77000000000044,26.40064,2024-12-20,20.0
37.69199999999546,37.54178,2024-12-20,21.0
29.7737447965623,44.56986,2024-12-20,22.0
54.0880000000025,43.61994,2024-12-20,23.0
25.0319999999992,28.48767,2024-12-20,24.0
28.1979999999967,30.059027,2024-12-20,25.0
21.69999999999709,23.469624,2024-12-20,26.0
30.692000000002736,31.191504,2024-12-20,27.0
37.65200000000186,31.8096,2024-12-20,28.0
29.8109999999981,34.795494,2024-12-20,29.0
36.28800000000047,39.968044,2024-12-20,30.0
50.73600000000442,47.42354,2024-12-20,31.0
59.92799999999989,47.796253,2024-12-20,32.0
29.83199999999488,26.574501,2024-12-20,33.0
23.66000000000349,23.689379,2024-12-20,34.0
25.6399999999994,36.676575,2024-12-20,35.0
19.0280000000009,23.474047,2024-12-20,36.0
59.108000000000175,45.793076,2024-12-20,37.0
10.709999999999129,17.219946,2024-12-20,38.0
25.891999999999825,25.947641,2024-12-20,39.0
26.5280000000009,23.088625,2024-12-21,1.0
25.747999999999596,19.515915,2024-12-21,2.0
29.47200000000157,22.354807,2024-12-21,3.0
23.2280000000052,19.984879,2024-12-21,4.0
32.86800000000221,21.638897,2024-12-21,5.0
63.20799999999872,33.27216,2024-12-21,6.0
39.2109999999995,33.86267,2024-12-21,7.0
10.387999999999,18.93643,2024-12-21,8.0
14.29200000000128,23.065401,2024-12-21,9.0
18.64799999999377,19.84821,2024-12-21,10.0
20.919999999998254,18.441856,2024-12-21,11.0
16.19000000000233,8.745481,2024-12-21,12.0
67.66799999999785,37.10795,2024-12-21,13.0
46.0280000000009,34.972626,2024-12-21,14.0
28.788000000000466,24.707483,2024-12-21,15.0
24.599999999998545,23.558207,2024-12-21,16.0
10.1280000000012,10.263389,2024-12-21,17.0
16.639999999999418,17.05537,2024-12-21,18.0
30.970000000001164,16.935242,2024-12-21,19.0
28.459999999999127,21.689173,2024-12-21,20.0
32.38799999999901,29.808311,2024-12-21,21.0
30.824650042263,37.20575,2024-12-21,22.0
59.36000000000058,30.495869,2024-12-21,23.0
39.76000000000204,23.49119,2024-12-21,24.0
27.0228000000049,24.032299,2024-12-21,25.0
14.37999999999738,16.219082,2024-12-21,26.0
22.0,25.246992,2024-12-21,27.0
38.65199999999459,25.181618,2024-12-21,28.0
39.200000000004366,27.632357,2024-12-21,29.0
55.85200000000623,33.586086,2024-12-21,30.0
31.479999999995925,36.122925,2024-12-21,31.0
48.08000000000175,37.50914,2024-12-21,32.0
7.976000000002386,21.105034,2024-12-21,33.0
14.79200000000128,18.210632,2024-12-21,34.0
28.5199999999968,27.252596,2024-12-21,35.0
20.339999999996508,18.758554,2024-12-21,36.0
61.35199999999895,34.11211,2024-12-21,37.0
11.7200000000012,11.444403,2024-12-21,38.0
19.252000000000407,21.480278,2024-12-21,39.0
11.5200000000041,28.961134,2024-12-22,1.0
8.62800000000425,24.287743,2024-12-22,2.0
22.44799999999668,28.907967,2024-12-22,3.0
18.176000000006752,26.269682,2024-12-22,4.0
29.49199999999837,24.640059,2024-12-22,5.0
49.26000000000204,43.926197,2024-12-22,6.0
39.88799999999901,41.218468,2024-12-22,7.0
23.332000000002157,23.621275,2024-12-22,8.0
36.09199999999692,28.714014,2024-12-22,9.0
23.2800000000011,24.32136,2024-12-22,10.0
20.372000000003027,26.14251,2024-12-22,11.0
10.989999999997965,14.183583,2024-12-22,12.0
67.69200000000274,48.953545,2024-12-22,13.0
49.85599999999977,42.902344,2024-12-22,14.0
36.82399999999325,30.50296,2024-12-22,15.0
25.55200000000332,24.759384,2024-12-22,16.0
11.0200000000004,13.315711,2024-12-22,17.0
25.73200000000361,21.763208,2024-12-22,18.0
16.739999999997963,20.50205,2024-12-22,19.0
29.90999999999985,28.642273,2024-12-22,20.0
25.2800000000011,31.851768,2024-12-22,21.0
32.0745886564616,43.07027,2024-12-22,22.0
46.271999999997206,40.64186,2024-12-22,23.0
35.919999999998254,29.205246,2024-12-22,24.0
26.32800000000134,29.162708,2024-12-22,25.0
9.10200000000099,23.013012,2024-12-22,26.0
38.16000000000349,29.815712,2024-12-22,27.0
28.7680000000037,31.123611,2024-12-22,28.0
28.332000000002157,32.713276,2024-12-22,29.0
36.85199999999895,40.767365,2024-12-22,30.0
28.9679999999935,46.083332,2024-12-22,31.0
52.31999999999243,42.620613,2024-12-22,32.0
7.94280000000314,27.770706,2024-12-22,33.0
11.6080000000002,23.85676,2024-12-22,34.0
55.48800000000483,33.521027,2024-12-22,35.0
26.720000000001164,24.52154,2024-12-22,36.0
68.03199999999924,46.43817,2024-12-22,37.0
13.63000000000102,17.857275,2024-12-22,38.0
28.21600000000035,25.940327,2024-12-22,39.0
18.031999999999243,34.6328,2024-12-23,1.0
8.131999999997788,27.296873,2024-12-23,2.0
27.591999999996915,31.304487,2024-12-23,3.0
31.2539999999973,28.08507,2024-12-23,4.0
29.87999999999738,28.81643,2024-12-23,5.0
45.187999999994645,41.430992,2024-12-23,6.0
42.0280000000009,41.69675,2024-12-23,7.0
10.387999999999,23.841936,2024-12-23,8.0
26.028000000005704,30.629152,2024-12-23,9.0
23.5028000000008,24.180841,2024-12-23,10.0
20.360000000000586,27.935072,2024-12-23,11.0
11.2500000000001,16.422127,2024-12-23,12.0
75.17599999999948,48.307266,2024-12-23,13.0
47.192000000002736,44.666187,2024-12-23,14.0
25.080000000001743,33.73793,2024-12-23,15.0
20.5199999999968,25.747856,2024-12-23,16.0
2.0799999999999272,12.934748,2024-12-23,17.0
21.891999999999825,25.744167,2024-12-23,18.0
19.5,24.719278,2024-12-23,19.0
27.849999999998545,28.839182,2024-12-23,20.0
16.560000000004948,40.012276,2024-12-23,21.0
48.4519999999975,43.53818,2024-12-23,22.0
55.59999999999855,38.26568,2024-12-23,23.0
26.548000000002503,31.43975,2024-12-23,24.0
28.487999999997555,31.233501,2024-12-23,25.0
23.548000000002503,22.529934,2024-12-23,26.0
20.46800000000076,30.509739,2024-12-23,27.0
28.247999999999596,32.63132,2024-12-23,28.0
28.94799999999668,35.22851,2024-12-23,29.0
26.536000000000055,42.846832,2024-12-23,30.0
31.672000000005937,49.12297,2024-12-23,31.0
49.49599999999919,44.414154,2024-12-23,32.0
7.9759999999951,27.120298,2024-12-23,33.0
25.2479999999996,26.370043,2024-12-23,34.0
13.939999999995052,38.471207,2024-12-23,35.0
19.099999999998545,24.944773,2024-12-23,36.0
64.27999999999884,48.441986,2024-12-23,37.0
14.93999999999869,19.87909,2024-12-23,38.0
22.17199999999866,29.233337,2024-12-23,39.0
37.608000000000175,28.246819,2024-12-24,1.0
9.771999999997206,24.39446,2024-12-24,2.0
32.76000000000204,27.632286,2024-12-24,3.0
31.087999999988824,25.931541,2024-12-24,4.0
26.66000000000349,26.291271,2024-12-24,5.0
52.1120000000018,43.91786,2024-12-24,6.0
44.687999999994645,40.630398,2024-12-24,7.0
6.531999999999243,22.156921,2024-12-24,8.0
26.971999999994296,29.584204,2024-12-24,9.0
27.10800000000017,22.319237,2024-12-24,10.0
24.96800000000076,26.543139,2024-12-24,11.0
9.450000000000728,14.222905,2024-12-24,12.0
69.33200000000215,46.401787,2024-12-24,13.0
44.26000000000204,45.664307,2024-12-24,14.0
25.6680000000051,32.60295,2024-12-24,15.0
29.69999999999709,25.708803,2024-12-24,16.0
10.779999999998836,12.705932,2024-12-24,17.0
18.288000000000466,22.474487,2024-12-24,18.0
23.12000000000262,21.37416,2024-12-24,19.0
26.220000000001164,28.393368,2024-12-24,20.0
37.71999999999389,34.155037,2024-12-24,21.0
54.73999999999796,41.30841,2024-12-24,22.0
43.50800000000163,36.525772,2024-12-24,23.0
27.97200000000157,31.4217,2024-12-24,24.0
30.1428000000002,26.737988,2024-12-24,25.0
7.319999999999709,17.724613,2024-12-24,26.0
24.99199999999837,30.071764,2024-12-24,27.0
25.6399999999994,33.731243,2024-12-24,28.0
33.80000000000291,33.17568,2024-12-24,29.0
26.0280000000009,38.88662,2024-12-24,30.0
35.80000000000291,45.97309,2024-12-24,31.0
39.36000000000058,42.852455,2024-12-24,32.0
7.992000000005646,21.661785,2024-12-24,33.0
9.631999999997788,23.907387,2024-12-24,34.0
2.62000000000262,37.275215,2024-12-24,35.0
17.572000000000116,23.05709,2024-12-24,36.0
48.31999999999971,47.40811,2024-12-24,37.0
11.9280000000023,14.365291,2024-12-24,38.0
19.97200000000157,27.935385,2024-12-24,39.0
41.43999999999505,32.561283,2024-12-25,1.0
31.268000000003667,30.061031,2024-12-25,2.0
25.9800000000032,32.144123,2024-12-25,3.0
31.03200000000652,30.041702,2024-12-25,4.0
30.687999999994645,32.483185,2024-12-25,5.0
59.69999999999709,45.810368,2024-12-25,6.0
50.79200000000128,46.94767,2024-12-25,7.0
16.0,21.943201,2024-12-25,8.0
27.028000000005704,33.793427,2024-12-25,9.0
24.49199999999837,22.798496,2024-12-25,10.0
18.648000000001048,28.799158,2024-12-25,11.0
12.829999999998108,18.527906,2024-12-25,12.0
74.69999999999709,56.691967,2024-12-25,13.0
47.93999999999505,47.854065,2024-12-25,14.0
20.971999999994296,36.658684,2024-12-25,15.0
18.81999999999971,25.827248,2024-12-25,16.0
18.65999999999985,13.355089,2024-12-25,17.0
22.631999999997788,25.233896,2024-12-25,18.0
24.19999999999709,25.190018,2024-12-25,19.0
5.670000000001892,32.17576,2024-12-25,20.0
30.80000000000291,36.079212,2024-12-25,21.0
56.9120000000039,46.287415,2024-12-25,22.0
37.30000000000291,48.77092,2024-12-25,23.0
32.8119999999989,35.53247,2024-12-25,24.0
27.987999999997555,31.598955,2024-12-25,25.0
36.19999999999709,22.315617,2024-12-25,26.0
42.92799999999989,34.06248,2024-12-25,27.0
39.08000000000175,36.30172,2024-12-25,28.0
26.959999999999127,38.54444,2024-12-25,29.0
31.67999999999301,40.76446,2024-12-25,30.0
37.879999999990105,48.118427,2024-12-25,31.0
49.53600000000733,48.12731,2024-12-25,32.0
7.99199999999837,20.558867,2024-12-25,33.0
6.779999999998836,31.007019,2024-12-25,34.0
4.727999999995518,37.427643,2024-12-25,35.0
37.68800000000192,26.765162,2024-12-25,36.0
68.77599999999802,55.71233,2024-12-25,37.0
21.90999999999985,19.69001,2024-12-25,38.0
36.0880000000025,30.93364,2024-12-25,39.0
14.632000000005064,30.443026,2024-12-26,1.0
52.0679999999993,22.8337,2024-12-26,2.0
28.8919999999998,29.388208,2024-12-26,3.0
33.888000000006286,28.621311,2024-12-26,4.0
12.4228000000063,25.73462,2024-12-26,5.0
57.45200000000477,42.338917,2024-12-26,6.0
38.63200000000506,39.35485,2024-12-26,7.0
11.5080000000016,17.975248,2024-12-26,8.0
24.25999999999476,29.304174,2024-12-26,9.0
10.336000000002969,21.285402,2024-12-26,10.0
25.1099999999953,26.441673,2024-12-26,11.0
3.830000000001746,13.693524,2024-12-26,12.0
62.75200000000041,50.780735,2024-12-26,13.0
48.9280000000023,39.154404,2024-12-26,14.0
32.4280000000023,31.38948,2024-12-26,15.0
16.320000000006985,24.691519,2024-12-26,16.0
12.909999999999854,12.248668,2024-12-26,17.0
19.68800000000192,22.175488,2024-12-26,18.0
29.090000000000146,23.16857,2024-12-26,19.0
27.0099999999984,27.221708,2024-12-26,20.0
41.3839999999982,34.731777,2024-12-26,21.0
39.6321768279399,38.998272,2024-12-26,22.0
52.84799999999814,38.169933,2024-12-26,23.0
27.131999999997788,34.33489,2024-12-26,24.0
31.16000000000349,29.088615,2024-12-26,25.0
24.18000000000029,18.507257,2024-12-26,26.0
16.19199999999546,29.86172,2024-12-26,27.0
39.49199999999837,33.387962,2024-12-26,28.0
14.459999999999129,35.05309,2024-12-26,29.0
51.9600000000064,30.36944,2024-12-26,30.0
44.888000000006286,38.501198,2024-12-26,31.0
52.79999999998836,43.653683,2024-12-26,32.0
28.0679999999993,15.750387,2024-12-26,33.0
36.667999999997846,27.468103,2024-12-26,34.0
55.5428000000017,26.002388,2024-12-26,35.0
37.09999999999855,23.28219,2024-12-26,36.0
59.27200000000448,51.568253,2024-12-26,37.0
14.789999999997235,18.983124,2024-12-26,38.0
17.9109999999966,26.054998,2024-12-26,39.0
28.7279999999955,26.341625,2024-12-27,1.0
8.432000000000698,18.128157,2024-12-27,2.0
29.4119999999974,25.457378,2024-12-27,3.0
19.76799999999639,25.947477,2024-12-27,4.0
16.639999999999418,22.879198,2024-12-27,5.0
55.1099999999953,30.263672,2024-12-27,6.0
41.687999999994645,38.65393,2024-12-27,7.0
12.360000000000582,13.022574,2024-12-27,8.0
24.7109999999995,25.034735,2024-12-27,9.0
23.531999999999243,22.67994,2024-12-27,10.0
28.012000000002445,23.708796,2024-12-27,11.0
12.5099999999984,11.1475935,2024-12-27,12.0
79.2800000000011,48.368156,2024-12-27,13.0
45.58000000000175,39.238045,2024-12-27,14.0
24.77599999999802,28.481329,2024-12-27,15.0
20.72799999999552,25.2281,2024-12-27,16.0
13.930000000000293,10.286567,2024-12-27,17.0
8.239999999997963,21.555832,2024-12-27,18.0
10.010000000002035,18.415901,2024-12-27,19.0
42.31999999999971,24.216394,2024-12-27,20.0
28.648000000001048,29.975422,2024-12-27,21.0
30.9479541422309,36.331123,2024-12-27,22.0
49.4320000000007,29.605618,2024-12-27,23.0
18.18800000000192,29.17218,2024-12-27,24.0
25.959999999999127,24.597446,2024-12-27,25.0
26.18000000000029,18.669563,2024-12-27,26.0
18.10000000000582,27.753424,2024-12-27,27.0
29.46800000000076,29.784718,2024-12-27,28.0
29.139999999999414,29.561522,2024-12-27,29.0
33.591999999996915,29.98423,2024-12-27,30.0
28.8559999999998,33.643875,2024-12-27,31.0
41.6628000000043,39.49003,2024-12-27,32.0
39.50800000000163,12.446318,2024-12-27,33.0
25.79200000000128,19.204742,2024-12-27,34.0
41.31999999999971,20.483545,2024-12-27,35.0
16.2800000000011,20.203863,2024-12-27,36.0
81.45999999999913,40.93256,2024-12-27,37.0
16.8280000000001,14.092518,2024-12-27,38.0
22.57600000000093,24.558786,2024-12-27,39.0
18.30000000000291,22.656075,2024-12-28,1.0
19.76000000000204,25.17256,2024-12-28,2.0
35.692000000002736,21.735777,2024-12-28,3.0
30.16000000000349,26.898539,2024-12-28,4.0
17.639999999999418,20.63644,2024-12-28,5.0
60.63999999999942,28.190783,2024-12-28,6.0
33.68000000000029,30.741856,2024-12-28,7.0
19.0,10.934845,2024-12-28,8.0
27.0880000000025,20.725452,2024-12-28,9.0
24.919999999998254,22.187859,2024-12-28,10.0
19.8109999999981,20.557184,2024-12-28,11.0
12.31000000000131,7.6875944,2024-12-28,12.0
70.50799999999435,44.457188,2024-12-28,13.0
43.271999999997206,31.721315,2024-12-28,14.0
24.312000000005355,26.87357,2024-12-28,15.0
24.9120000000039,22.823757,2024-12-28,16.0
9.930000000000293,8.0216465,2024-12-28,17.0
20.0,22.836218,2024-12-28,18.0
19.52000000000044,22.722267,2024-12-28,19.0
17.92000000000189,24.274542,2024-12-28,20.0
27.23200000000361,30.74404,2024-12-28,21.0
32.662494574317,37.665077,2024-12-28,22.0
31.52799999999843,26.68665,2024-12-28,23.0
43.4109999999966,29.226488,2024-12-28,24.0
23.652000000001863,26.094162,2024-12-28,25.0
16.81999999999971,19.002762,2024-12-28,26.0
20.739999999997963,28.342564,2024-12-28,27.0
41.799999999995634,30.368008,2024-12-28,28.0
35.27999999999884,27.46529,2024-12-28,29.0
25.351999999999,28.618961,2024-12-28,30.0
30.2280000000052,31.829588,2024-12-28,31.0
52.1359999999986,21.608707,2024-12-28,32.0
17.61200000000099,10.494637,2024-12-28,33.0
8.10200000000099,18.989344,2024-12-28,34.0
27.57600000000093,27.867231,2024-12-28,35.0
19.5280000000009,22.253725,2024-12-28,36.0
62.0199999999968,39.69905,2024-12-28,37.0
11.1399999999994,15.372237,2024-12-28,38.0
25.8280000000038,24.401524,2024-12-28,39.0
17.69999999999709,24.672523,2024-12-29,1.0
25.69999999999709,23.53786,2024-12-29,2.0
26.4109999999966,29.219587,2024-12-29,3.0
33.52799999999115,28.78863,2024-12-29,4.0
10.867999999994936,25.475792,2024-12-29,5.0
50.81600000000617,38.539894,2024-12-29,6.0
39.76000000000204,40.94365,2024-12-29,7.0
18.47200000000157,11.654506,2024-12-29,8.0
20.00800000000163,25.190943,2024-12-29,9.0
19.05200000000332,24.738981,2024-12-29,10.0
28.8280000000038,24.374254,2024-12-29,11.0
5.669999999998254,9.505105,2024-12-29,12.0
69.7280000000052,53.441284,2024-12-29,13.0
47.50800000000163,40.739998,2024-12-29,14.0
31.327999999994063,29.861393,2024-12-29,15.0
19.139999999999414,25.17444,2024-12-29,16.0
9.389999999999418,8.654211,2024-12-29,17.0
33.4280000000023,19.65788,2024-12-29,18.0
16.07999999999811,24.476843,2024-12-29,19.0
39.04999999999927,28.56663,2024-12-29,20.0
28.27999999999884,29.859476,2024-12-29,21.0
57.33600000000297,42.153328,2024-12-29,22.0
45.0,37.325676,2024-12-29,23.0
27.139999999999414,32.645767,2024-12-29,24.0
26.0,29.854565,2024-12-29,25.0
24.70000000000437,20.343016,2024-12-29,26.0
33.84799999999814,29.458588,2024-12-29,27.0
29.80000000000291,32.616592,2024-12-29,28.0
48.307999999997264,31.992163,2024-12-29,29.0
23.82800000000134,37.443844,2024-12-29,30.0
25.7679999999964,35.877937,2024-12-29,31.0
50.120000000009895,40.1821,2024-12-29,32.0
6.799999999995634,14.011308,2024-12-29,33.0
16.788000000000466,21.498837,2024-12-29,34.0
25.49199999999837,29.302217,2024-12-29,35.0
21.55999999999767,24.657698,2024-12-29,36.0
56.38000000000466,50.82514,2024-12-29,37.0
14.330000000001746,14.525167,2024-12-29,38.0
19.903999999994998,24.163574,2024-12-29,39.0
36.31200000000536,20.004189,2024-12-30,1.0
8.451999999997497,18.00038,2024-12-30,2.0
13.536000000000058,20.889088,2024-12-30,3.0
31.57600000000093,21.923744,2024-12-30,4.0
22.2800000000011,21.19667,2024-12-30,5.0
56.7109999999995,33.021484,2024-12-30,6.0
28.4479999999967,33.7803,2024-12-30,7.0
16.102000000001,11.303646,2024-12-30,8.0
37.06399999999849,23.359291,2024-12-30,9.0
33.0280000000009,21.552376,2024-12-30,10.0
16.367999999994936,20.562975,2024-12-30,11.0
12.62000000000262,7.001442,2024-12-30,12.0
66.72000000000116,32.997643,2024-12-30,13.0
47.98799999999756,32.39633,2024-12-30,14.0
25.312000000005355,23.599064,2024-12-30,15.0
33.26799999999639,24.525984,2024-12-30,16.0
21.090000000000146,6.963684,2024-12-30,17.0
23.39999999999418,18.592972,2024-12-30,18.0
27.61999999999898,16.33598,2024-12-30,19.0
39.719999999997526,21.502865,2024-12-30,20.0
28.50800000000163,24.754044,2024-12-30,21.0
68.1019999999937,37.771538,2024-12-30,22.0
41.27999999999884,27.731798,2024-12-30,23.0
32.42000000000553,23.1963,2024-12-30,24.0
35.187999999994645,22.655735,2024-12-30,25.0
5.69999999999709,17.030483,2024-12-30,26.0
19.2109999999995,22.872536,2024-12-30,27.0
28.73200000000361,27.559565,2024-12-30,28.0
18.312000000005355,23.406342,2024-12-30,29.0
43.29200000000128,24.925453,2024-12-30,30.0
57.0880000000025,31.74119,2024-12-30,31.0
48.4320000000007,31.320744,2024-12-30,32.0
6.788000000000466,12.905266,2024-12-30,33.0
16.919999999998254,21.310167,2024-12-30,34.0
52.25200000000041,24.522427,2024-12-30,35.0
19.247999999999596,20.219118,2024-12-30,36.0
61.36000000000058,33.57364,2024-12-30,37.0
11.7599999999984,10.16065,2024-12-30,38.0
24.9360000000011,22.233286,2024-12-30,39.0
13.827999999994065,28.3811,2024-12-31,1.0
33.5880000000025,27.136295,2024-12-31,2.0
25.20000000000437,31.392767,2024-12-31,3.0
32.33599999999569,30.01392,2024-12-31,4.0
13.17199999999866,29.096172,2024-12-31,5.0
54.68000000000029,43.770893,2024-12-31,6.0
43.81200000000536,44.734406,2024-12-31,7.0
20.17599999999948,17.475254,2024-12-31,8.0
24.720000000001164,30.468529,2024-12-31,9.0
22.307999999997264,27.764883,2024-12-31,10.0
18.8280000000038,28.913748,2024-12-31,11.0
14.279999999998836,12.691428,2024-12-31,12.0
71.23999999999796,52.178738,2024-12-31,13.0
50.63999999999942,42.803608,2024-12-31,14.0
13.072000000000116,30.810755,2024-12-31,15.0
31.959999999999127,24.402779,2024-12-31,16.0
14.770000000000437,12.572971,2024-12-31,17.0
12.80800000000454,24.779129,2024-12-31,18.0
17.8280000000001,21.106653,2024-12-31,19.0
19.6500000000011,30.37615,2024-12-31,20.0
28.5879999999961,33.285957,2024-12-31,21.0
46.44800000000396,47.69026,2024-12-31,22.0
46.17199999999866,40.798294,2024-12-31,23.0
38.799999999995634,32.83095,2024-12-31,24.0
31.652000000001863,32.71045,2024-12-31,25.0
7.207999999998719,26.591663,2024-12-31,26.0
17.080000000001746,29.916222,2024-12-31,27.0
45.69199999999546,35.587418,2024-12-31,28.0
28.4199999999983,36.29778,2024-12-31,29.0
28.8399999999965,29.350233,2024-12-31,30.0
33.1019999999937,41.398323,2024-12-31,31.0
50.0399999999936,45.845592,2024-12-31,32.0
33.16000000000349,19.106592,2024-12-31,33.0
26.139999999999414,27.31508,2024-12-31,34.0
43.73600000000442,26.702791,2024-12-31,35.0
18.703999999997905,24.389593,2024-12-31,36.0
60.0399999999936,52.044968,2024-12-31,37.0
12.1100000000011,17.319073,2024-12-31,38.0
11.9720000000016,26.221487,2024-12-31,39.0
25.8000000000029,34.33578,2025-01-01,1.0
20.252000000000407,29.789242,2025-01-01,2.0
27.55199999999604,31.136272,2025-01-01,3.0
37.4320000000007,34.294598,2025-01-01,4.0
20.708000000005995,27.771435,2025-01-01,5.0
59.04799999999523,47.016865,2025-01-01,6.0
37.33999999999651,38.986607,2025-01-01,7.0
20.0109999999952,19.989325,2025-01-01,8.0
31.695999999996275,33.370983,2025-01-01,9.0
22.091999999996915,30.386307,2025-01-01,10.0
30.52799999999843,32.109253,2025-01-01,11.0
12.970000000001164,16.171047,2025-01-01,12.0
65.4280000000023,62.525127,2025-01-01,13.0
43.3028000000037,48.58128,2025-01-01,14.0
30.22799999999552,34.305775,2025-01-01,15.0
30.560000000004948,32.018486,2025-01-01,16.0
18.1199999999999,14.092222,2025-01-01,17.0
19.231999999996333,25.389664,2025-01-01,18.0
29.31000000000131,25.530933,2025-01-01,19.0
42.88000000000102,29.837574,2025-01-01,20.0
37.771999999997206,34.58034,2025-01-01,21.0
46.2865723542658,48.961475,2025-01-01,22.0
45.06000000000495,42.03227,2025-01-01,23.0
38.53199999999924,31.70087,2025-01-01,24.0
22.959999999999127,34.021072,2025-01-01,25.0
32.07200000000012,24.781385,2025-01-01,26.0
33.9320000000007,30.6809,2025-01-01,27.0
37.74799999999959,34.809093,2025-01-01,28.0
35.220000000001164,33.79745,2025-01-01,29.0
30.68000000000029,36.45186,2025-01-01,30.0
57.903999999994994,45.315777,2025-01-01,31.0
57.0,46.481987,2025-01-01,32.0
25.9519999999975,19.02554,2025-01-01,33.0
16.68800000000192,23.207605,2025-01-01,34.0
39.55999999999767,38.773216,2025-01-01,35.0
27.720000000001164,27.350548,2025-01-01,36.0
57.89199999999983,54.973183,2025-01-01,37.0
14.549999999999272,15.909758,2025-01-01,38.0
31.57200000000012,29.312923,2025-01-01,39.0
25.239999999997963,25.97405,2025-01-02,1.0
28.57600000000093,29.212898,2025-01-02,2.0
42.9800000000032,26.8941,2025-01-02,3.0
32.9120000000101,34.321327,2025-01-02,4.0
11.2799999999988,21.262682,2025-01-02,5.0
57.0,46.2504,2025-01-02,6.0
41.02000000000408,33.27228,2025-01-02,7.0
13.1280000000067,20.499779,2025-01-02,8.0
25.031999999999243,27.221872,2025-01-02,9.0
10.747999999999593,25.214458,2025-01-02,10.0
28.2109999999995,26.370085,2025-01-02,11.0
13.2899999999999,10.273701,2025-01-02,12.0
75.71999999999389,52.625732,2025-01-02,13.0
46.45599999999831,41.308506,2025-01-02,14.0
46.70799999999872,28.295595,2025-01-02,15.0
29.252000000000407,25.936693,2025-01-02,16.0
11.1499999999996,13.653898,2025-01-02,17.0
2.599999999998545,21.883345,2025-01-02,18.0
24.729999999999563,20.443474,2025-01-02,19.0
21.139999999999414,28.162123,2025-01-02,20.0
22.62800000000425,32.497417,2025-01-02,21.0
44.4809960377277,43.79218,2025-01-02,22.0
32.1199999999962,37.855736,2025-01-02,23.0
22.068000000006577,29.973064,2025-01-02,24.0
25.62800000000425,25.13702,2025-01-02,25.0
26.639999999999414,20.502321,2025-01-02,26.0
25.247999999999596,24.615128,2025-01-02,27.0
28.020000000004075,31.995892,2025-01-02,28.0
11.2879999999958,27.430481,2025-01-02,29.0
23.520000000004075,33.530006,2025-01-02,30.0
35.9428000000031,36.949196,2025-01-02,31.0
51.21600000000035,46.76525,2025-01-02,32.0
37.72000000000117,21.251196,2025-01-02,33.0
21.31999999999971,29.003765,2025-01-02,34.0
39.10399999999936,35.127914,2025-01-02,35.0
18.27999999999884,23.121317,2025-01-02,36.0
31.0880000000025,56.047333,2025-01-02,37.0
26.790000000000877,16.787445,2025-01-02,38.0
11.011999999996,24.626749,2025-01-02,39.0
23.2500000000038,26.706797,2025-01-03,1.0
27.99199999999837,26.899963,2025-01-03,2.0
33.307999999997264,27.022015,2025-01-03,3.0
31.471999999994296,31.644129,2025-01-03,4.0
8.50800000000163,20.564642,2025-01-03,5.0
50.92000000000553,49.24768,2025-01-03,6.0
39.4109999999966,35.18311,2025-01-03,7.0
23.81999999999971,22.439028,2025-01-03,8.0
22.9000000000011,28.2374,2025-01-03,9.0
24.060000000004948,26.734877,2025-01-03,10.0
24.987999999997555,25.869482,2025-01-03,11.0
8.10999999999898,12.731994,2025-01-03,12.0
71.02000000000407,61.613804,2025-01-03,13.0
44.23200000000361,39.61927,2025-01-03,14.0
32.692000000002736,25.943031,2025-01-03,15.0
27.307999999997264,28.347094,2025-01-03,16.0
18.360000000000586,13.491035,2025-01-03,17.0
10.0280000000009,22.669867,2025-01-03,18.0
23.19000000000233,21.42939,2025-01-03,19.0
10.5280000000009,29.731838,2025-01-03,20.0
30.252000000000407,30.98471,2025-01-03,21.0
28.8399999999965,38.451675,2025-01-03,22.0
60.35199999999895,34.359974,2025-01-03,23.0
25.49199999999837,31.017673,2025-01-03,24.0
28.3799999999974,25.93108,2025-01-03,25.0
19.380000000004657,19.211346,2025-01-03,26.0
19.2879999999958,24.400494,2025-01-03,27.0
39.63999999999942,32.673435,2025-01-03,28.0
26.79200000000128,31.726542,2025-01-03,29.0
27.487999999997555,30.791945,2025-01-03,30.0
39.4280000000023,37.46319,2025-01-03,31.0
54.72000000000117,46.35223,2025-01-03,32.0
18.7109999999995,22.591846,2025-01-03,33.0
13.9120000000039,24.83759,2025-01-03,34.0
19.056000000004133,35.540356,2025-01-03,35.0
17.2280000000052,21.075598,2025-01-03,36.0
55.0199999999968,59.191444,2025-01-03,37.0
10.380000000001,12.466352,2025-01-03,38.0
20.952000000004773,22.717093,2025-01-03,39.0
23.031999999999243,25.2158,2025-01-04,1.0
32.487999999997555,26.486338,2025-01-04,2.0
35.23999999999796,27.191908,2025-01-04,3.0
25.648000000001,33.36322,2025-01-04,4.0
24.799999999995634,21.395788,2025-01-04,5.0
51.271999999997206,42.84579,2025-01-04,6.0
47.807999999997264,35.063118,2025-01-04,7.0
21.77199999999721,21.238846,2025-01-04,8.0
27.0280000000009,28.52979,2025-01-04,9.0
27.919999999998254,27.729609,2025-01-04,10.0
27.16000000000349,25.895126,2025-01-04,11.0
10.979999999999563,12.460964,2025-01-04,12.0
73.86000000000058,52.929394,2025-01-04,13.0
44.299999999995634,41.521465,2025-01-04,14.0
47.2109999999995,29.223629,2025-01-04,15.0
20.692000000002736,29.058908,2025-01-04,16.0
10.6000000000004,12.439175,2025-01-04,17.0
21.76000000000204,21.313,2025-01-04,18.0
19.979999999999563,22.92881,2025-01-04,19.0
24.68999999999869,27.991323,2025-01-04,20.0
35.90799999999581,27.727316,2025-01-04,21.0
22.73200000000361,40.67944,2025-01-04,22.0
38.94800000000396,36.07289,2025-01-04,23.0
16.648000000001048,30.601845,2025-01-04,24.0
23.919999999998254,25.830181,2025-01-04,25.0
25.02799999999843,19.528257,2025-01-04,26.0
32.9600000000064,23.609133,2025-01-04,27.0
10.739999999997965,31.374731,2025-01-04,28.0
24.77999999999884,31.200338,2025-01-04,29.0
36.18000000000029,27.822279,2025-01-04,30.0
39.54399999999441,38.64714,2025-01-04,31.0
56.44800000000396,46.163578,2025-01-04,32.0
6.227999999995518,24.90368,2025-01-04,33.0
27.25999999999476,23.13807,2025-01-04,34.0
38.583999999995285,32.811085,2025-01-04,35.0
26.239999999997963,19.857004,2025-01-04,36.0
72.01200000000244,64.23012,2025-01-04,37.0
23.849999999998545,12.431406,2025-01-04,38.0
22.860000000000586,23.216213,2025-01-04,39.0
42.42799999999989,25.750889,2025-01-05,1.0
23.4280000000023,29.371367,2025-01-05,2.0
30.2528000000046,29.585003,2025-01-05,3.0
25.03200000000652,34.99623,2025-01-05,4.0
17.09200000000419,20.287529,2025-01-05,5.0
62.73999999999796,44.164337,2025-01-05,6.0
28.880000000004657,38.017002,2025-01-05,7.0
18.5679999999993,24.98036,2025-01-05,8.0
27.080000000001743,29.989758,2025-01-05,9.0
28.720000000001164,28.705055,2025-01-05,10.0
28.9199999999983,27.11263,2025-01-05,11.0
19.1199999999999,12.592813,2025-01-05,12.0
73.44799999999668,44.97241,2025-01-05,13.0
49.31999999999971,43.916622,2025-01-05,14.0
32.167999999997846,32.435863,2025-01-05,15.0
24.05199999999604,31.708427,2025-01-05,16.0
14.3799999999992,15.176268,2025-01-05,17.0
29.807999999997264,21.131971,2025-01-05,18.0
22.1199999999999,22.694773,2025-01-05,19.0
25.5099999999984,27.114628,2025-01-05,20.0
24.332000000002157,32.877728,2025-01-05,21.0
21.659999999996217,44.2381,2025-01-05,22.0
49.33999999999651,38.891644,2025-01-05,23.0
35.0199999999968,33.428818,2025-01-05,24.0
26.080000000001743,29.287827,2025-01-05,25.0
23.5199999999968,20.44266,2025-01-05,26.0
31.27199999999721,26.816711,2025-01-05,27.0
36.57200000000012,33.445953,2025-01-05,28.0
27.891999999999825,30.22242,2025-01-05,29.0
36.5,32.68477,2025-01-05,30.0
50.4280000000023,41.489384,2025-01-05,31.0
54.97599999999511,50.571728,2025-01-05,32.0
6.2800000000061,23.964804,2025-01-05,33.0
8.959999999999127,24.036541,2025-01-05,34.0
39.36000000000058,33.762398,2025-01-05,35.0
21.70799999999872,21.889172,2025-01-05,36.0
48.84799999999814,50.163494,2025-01-05,37.0
13.81000000000131,17.36851,2025-01-05,38.0
25.0,26.181465,2025-01-05,39.0
27.131999999997788,24.580221,2025-01-06,1.0
25.851999999998952,28.730478,2025-01-06,2.0
35.76799999999639,28.617424,2025-01-06,3.0
27.8959999999925,33.74197,2025-01-06,4.0
45.73999999999796,19.747398,2025-01-06,5.0
67.26000000000204,40.031826,2025-01-06,6.0
43.799999999995634,37.85251,2025-01-06,7.0
19.05999999999767,23.3513,2025-01-06,8.0
22.8109999999981,29.139719,2025-01-06,9.0
9.927999999999884,25.403427,2025-01-06,10.0
30.982800000004,27.421349,2025-01-06,11.0
10.2999999999993,13.400628,2025-01-06,12.0
43.2800000000011,46.26038,2025-01-06,13.0
46.17199999999866,40.38637,2025-01-06,14.0
35.0,33.38072,2025-01-06,15.0
26.88799999999901,27.14339,2025-01-06,16.0
13.989999999999782,13.748099,2025-01-06,17.0
26.360000000000586,20.583864,2025-01-06,18.0
13.709999999999129,21.066902,2025-01-06,19.0
33.0280000000009,24.318243,2025-01-06,20.0
35.70799999999872,32.62255,2025-01-06,21.0
58.0880000000025,37.21343,2025-01-06,22.0
41.02000000000408,39.718246,2025-01-06,23.0
32.13199999999779,28.410036,2025-01-06,24.0
36.69999999999709,26.922224,2025-01-06,25.0
30.832000000002157,20.66407,2025-01-06,26.0
17.68800000000192,26.713327,2025-01-06,27.0
28.6960000000036,32.527847,2025-01-06,28.0
30.976000000002387,28.079288,2025-01-06,29.0
27.247999999999596,32.364048,2025-01-06,30.0
55.03200000000652,42.63241,2025-01-06,31.0
58.45600000000559,45.832096,2025-01-06,32.0
6.279999999998836,19.846846,2025-01-06,33.0
24.060000000004948,23.80426,2025-01-06,34.0
46.68000000000029,33.891956,2025-01-06,35.0
17.0679999999993,20.67601,2025-01-06,36.0
71.32800000000134,48.69749,2025-01-06,37.0
13.719999999997526,15.925655,2025-01-06,38.0
24.57999999999447,21.871794,2025-01-06,39.0
26.495999999999185,27.123693,2025-01-07,1.0
10.627999999996971,25.727776,2025-01-07,2.0
30.192000000002736,32.170147,2025-01-07,3.0
30.312000000005355,31.846024,2025-01-07,4.0
35.220000000001164,20.444439,2025-01-07,5.0
62.73999999999796,43.757168,2025-01-07,6.0
31.048000000002503,40.31385,2025-01-07,7.0
19.520000000004075,22.523443,2025-01-07,8.0
31.2800000000011,28.07234,2025-01-07,9.0
26.30399999999645,26.14546,2025-01-07,10.0
28.987999999997555,27.285795,2025-01-07,11.0
9.5,13.742328,2025-01-07,12.0
81.9428000000031,55.938137,2025-01-07,13.0
47.2580000000054,45.56756,2025-01-07,14.0
32.9000000000011,36.384106,2025-01-07,15.0
22.7109999999995,27.420282,2025-01-07,16.0
9.850000000000364,14.6899605,2025-01-07,17.0
13.192000000002736,18.88107,2025-01-07,18.0
25.849999999998545,22.389233,2025-01-07,19.0
25.06000000000131,23.732748,2025-01-07,20.0
32.8628000000014,31.10868,2025-01-07,21.0
74.49199999999837,33.742416,2025-01-07,22.0
38.77999999999884,39.591644,2025-01-07,23.0
31.80000000000291,30.396397,2025-01-07,24.0
30.580000000001743,27.265327,2025-01-07,25.0
16.4800000000032,21.897982,2025-01-07,26.0
18.68000000000029,25.695084,2025-01-07,27.0
22.99199999999837,33.328922,2025-01-07,28.0
31.919999999998254,26.65482,2025-01-07,29.0
37.23999999999796,31.427896,2025-01-07,30.0
28.97599999999511,43.51303,2025-01-07,31.0
43.63999999999942,51.471165,2025-01-07,32.0
6.252000000000408,19.970797,2025-01-07,33.0
10.4399999999951,25.143555,2025-01-07,34.0
41.25600000000122,32.902706,2025-01-07,35.0
19.42399999999907,20.39488,2025-01-07,36.0
69.05200000000332,51.19331,2025-01-07,37.0
13.280000000002474,17.242683,2025-01-07,38.0
29.768000000003667,24.898186,2025-01-07,39.0
41.63999999999942,27.0723,2025-01-08,1.0
31.452000000004773,28.393562,2025-01-08,2.0
25.87999999999738,31.806915,2025-01-08,3.0
26.079999999987194,30.586048,2025-01-08,4.0
20.5280000000009,24.63218,2025-01-08,5.0
68.09999999999854,38.411182,2025-01-08,6.0
39.59999999999855,34.866096,2025-01-08,7.0
17.747999999999593,23.610744,2025-01-08,8.0
23.427999999999884,27.707577,2025-01-08,9.0
29.5679999999993,23.642086,2025-01-08,10.0
36.65200000000186,27.732542,2025-01-08,11.0
16.67000000000189,12.285216,2025-01-08,12.0
56.608000000000175,40.79772,2025-01-08,13.0
53.2109999999995,40.12365,2025-01-08,14.0
26.860000000000586,37.866722,2025-01-08,15.0
23.548000000002503,28.250814,2025-01-08,16.0
13.639999999999418,13.366923,2025-01-08,17.0
24.52799999999843,18.795057,2025-01-08,18.0
24.030000000002477,21.467037,2025-01-08,19.0
9.8299999999981,24.838465,2025-01-08,20.0
23.21600000000035,32.061348,2025-01-08,21.0
44.5268827895225,33.441692,2025-01-08,22.0
48.7280000000028,35.016014,2025-01-08,23.0
33.375999999996566,28.283556,2025-01-08,24.0
32.102000000001,26.121601,2025-01-08,25.0
22.39999999999418,22.089478,2025-01-08,26.0
36.479999999995925,26.213427,2025-01-08,27.0
25.0319999999992,28.65541,2025-01-08,28.0
27.531999999999243,25.854977,2025-01-08,29.0
33.391999999999825,30.877132,2025-01-08,30.0
51.0880000000025,42.94133,2025-01-08,31.0
49.887999999991735,45.898243,2025-01-08,32.0
6.267999999996391,19.208883,2025-01-08,33.0
6.139999999999418,23.048248,2025-01-08,34.0
44.05199999999604,31.736301,2025-01-08,35.0
33.616000000001804,20.68363,2025-01-08,36.0
61.299999999995634,44.00281,2025-01-08,37.0
13.099999999998545,17.870207,2025-01-08,38.0
19.9320000000007,26.197708,2025-01-08,39.0
52.3028000000037,28.768353,2025-01-09,1.0
50.33999999999651,30.3267,2025-01-09,2.0
38.74799999999959,32.609093,2025-01-09,3.0
28.960000000006403,35.202625,2025-01-09,4.0
13.779999999998836,25.701141,2025-01-09,5.0
53.79200000000128,50.5545,2025-01-09,6.0
47.39199999999983,39.91505,2025-01-09,7.0
5.631999999997788,23.38312,2025-01-09,8.0
21.739999999997963,28.050016,2025-01-09,9.0
25.752000000000407,23.029072,2025-01-09,10.0
37.74799999999959,28.233578,2025-01-09,11.0
23.7599999999984,10.444097,2025-01-09,12.0
58.799999999995634,54.098457,2025-01-09,13.0
51.22799999999552,45.359657,2025-01-09,14.0
30.5679999999993,36.907593,2025-01-09,15.0
22.77999999999884,27.626333,2025-01-09,16.0
17.8200000000011,11.768295,2025-01-09,17.0
10.760000000002,18.180271,2025-01-09,18.0
22.5,23.88061,2025-01-09,19.0
27.19000000000233,25.093918,2025-01-09,20.0
28.6228000000025,33.859562,2025-01-09,21.0
44.3863051100936,42.675625,2025-01-09,22.0
32.71999999999389,41.606762,2025-01-09,23.0
36.192000000002736,29.260801,2025-01-09,24.0
35.788000000000466,26.48524,2025-01-09,25.0
25.27200000000448,22.351814,2025-01-09,26.0
18.743999999998778,25.164446,2025-01-09,27.0
28.18800000000192,27.558142,2025-01-09,28.0
29.2109999999995,26.878927,2025-01-09,29.0
36.22000000000117,32.55706,2025-01-09,30.0
56.19199999999546,45.2302,2025-01-09,31.0
49.60000000000582,47.575962,2025-01-09,32.0
28.1880000000019,12.292105,2025-01-09,33.0
37.700000000004366,22.622562,2025-01-09,34.0
20.81999999999971,34.182266,2025-01-09,35.0
21.512000000002445,20.209383,2025-01-09,36.0
54.5280000000009,50.621197,2025-01-09,37.0
25.639999999999414,16.58512,2025-01-09,38.0
26.46800000000076,26.300617,2025-01-09,39.0
11.239999999998,33.84975,2025-01-10,1.0
11.4280000000023,32.346134,2025-01-10,2.0
39.94800000000396,35.2444,2025-01-10,3.0
29.55999999999767,34.361988,2025-01-10,4.0
10.051999999996042,28.431625,2025-01-10,5.0
70.66800000000512,52.590977,2025-01-10,6.0
28.1919999999955,43.114033,2025-01-10,7.0
21.847999999998137,24.229553,2025-01-10,8.0
28.632000000005064,29.87543,2025-01-10,9.0
11.2960000000021,28.05532,2025-01-10,10.0
25.4199999999983,32.003895,2025-01-10,11.0
9.180000000000293,15.744737,2025-01-10,12.0
84.30000000000291,55.055935,2025-01-10,13.0
49.09200000000419,48.116608,2025-01-10,14.0
27.8628000000014,40.088844,2025-01-10,15.0
27.048000000002503,30.024088,2025-01-10,16.0
5.819999999999709,13.312238,2025-01-10,17.0
33.61200000000099,25.198929,2025-01-10,18.0
20.2500000000001,24.549732,2025-01-10,19.0
31.389999999999414,25.372345,2025-01-10,20.0
35.2119999999931,34.494125,2025-01-10,21.0
36.8135928167889,47.443974,2025-01-10,22.0
47.65200000000186,45.929012,2025-01-10,23.0
20.87999999999738,32.619167,2025-01-10,24.0
23.73200000000361,32.182354,2025-01-10,25.0
23.360000000000586,25.213829,2025-01-10,26.0
27.4280000000023,29.732756,2025-01-10,27.0
28.05999999999767,30.24537,2025-01-10,28.0
43.08000000000175,31.464756,2025-01-10,29.0
42.45200000000477,37.92653,2025-01-10,30.0
39.79200000000128,50.28592,2025-01-10,31.0
54.06399999999849,52.328358,2025-01-10,32.0
45.102000000001,17.735691,2025-01-10,33.0
18.32800000000134,23.435179,2025-01-10,34.0
26.560000000004948,38.66286,2025-01-10,35.0
26.93999999999505,24.73668,2025-01-10,36.0
64.59999999999854,60.004276,2025-01-10,37.0
14.0280000000009,18.980911,2025-01-10,38.0
25.731999999996333,27.267239,2025-01-10,39.0
28.88799999999901,33.00321,2025-01-11,1.0
10.072000000000116,28.387468,2025-01-11,2.0
42.919999999998254,26.307838,2025-01-11,3.0
33.888000000006286,27.507378,2025-01-11,4.0
12.38799999999901,26.148317,2025-01-11,5.0
71.29999999999563,36.866375,2025-01-11,6.0
41.120000000009895,34.35322,2025-01-11,7.0
5.14280000000023,20.600323,2025-01-11,8.0
31.31999999999971,26.001568,2025-01-11,9.0
23.47200000000157,26.156773,2025-01-11,10.0
30.0879999999961,28.733341,2025-01-11,11.0
9.75,14.643679,2025-01-11,12.0
65.9000000000011,39.93818,2025-01-11,13.0
47.799999999995634,35.03057,2025-01-11,14.0
41.18800000000192,34.23623,2025-01-11,15.0
30.182800000001,25.572355,2025-01-11,16.0
10.6599999999999,13.143394,2025-01-11,17.0
17.299999999995634,21.440382,2025-01-11,18.0
14.590000000000146,21.687143,2025-01-11,19.0
29.979999999999563,24.0229,2025-01-11,20.0
41.1120000000018,32.00336,2025-01-11,21.0
39.8044909657526,37.258263,2025-01-11,22.0
48.17199999999866,26.176584,2025-01-11,23.0
33.63999999999942,29.086048,2025-01-11,24.0
25.359999999993303,27.540565,2025-01-11,25.0
26.807999999997264,23.485044,2025-01-11,26.0
19.927999999999884,26.424292,2025-01-11,27.0
39.39199999999983,25.168472,2025-01-11,28.0
30.68800000000192,27.343351,2025-01-11,29.0
17.867999999994936,31.996626,2025-01-11,30.0
29.903999999994998,31.98599,2025-01-11,31.0
50.0399999999936,34.055134,2025-01-11,32.0
26.619999999995343,13.671622,2025-01-11,33.0
20.87999999999738,21.215572,2025-01-11,34.0
38.1099999999953,33.61417,2025-01-11,35.0
11.8280000000013,22.607466,2025-01-11,36.0
66.20000000000437,38.499752,2025-01-11,37.0
13.389999999999418,16.961163,2025-01-11,38.0
20.26000000000204,25.468609,2025-01-11,39.0
21.208000000005995,31.831709,2025-01-12,1.0
35.88000000000466,25.580647,2025-01-12,2.0
41.5428000000017,28.067442,2025-01-12,3.0
25.319999999992437,27.697552,2025-01-12,4.0
13.812000000005357,25.590652,2025-01-12,5.0
68.39199999999983,44.927776,2025-01-12,6.0
28.8119999999916,36.137707,2025-01-12,7.0
14.888000000006286,20.94309,2025-01-12,8.0
20.88799999999901,25.426748,2025-01-12,9.0
29.62000000000262,25.012737,2025-01-12,10.0
43.95200000000477,29.528013,2025-01-12,11.0
7.610000000000582,12.131179,2025-01-12,12.0
71.04799999999523,47.66777,2025-01-12,13.0
48.82800000000134,43.260433,2025-01-12,14.0
35.720000000001164,31.573128,2025-01-12,15.0
26.855999999999767,25.257174,2025-01-12,16.0
11.7700000000004,10.072334,2025-01-12,17.0
24.48800000000483,24.04059,2025-01-12,18.0
24.090000000000146,21.280281,2025-01-12,19.0
25.5,22.920687,2025-01-12,20.0
32.1120000000018,30.63702,2025-01-12,21.0
28.107181942584,39.800896,2025-01-12,22.0
47.30800000000454,35.39933,2025-01-12,23.0
31.768000000003667,27.7818,2025-01-12,24.0
36.296000000002095,26.990107,2025-01-12,25.0
31.05999999999767,22.02294,2025-01-12,26.0
24.68800000000192,25.097757,2025-01-12,27.0
39.63999999999942,25.79414,2025-01-12,28.0
32.87999999999738,28.544588,2025-01-12,29.0
38.09200000000419,31.733984,2025-01-12,30.0
39.1828000000084,39.015594,2025-01-12,31.0
49.9600000000064,41.54179,2025-01-12,32.0
29.9000000000011,19.795162,2025-01-12,33.0
21.1428000000002,20.508005,2025-01-12,34.0
22.848000000005413,32.976696,2025-01-12,35.0
36.53199999999924,20.130714,2025-01-12,36.0
59.54799999999523,49.327393,2025-01-12,37.0
12.350000000002185,15.317855,2025-01-12,38.0
21.30000000000291,24.567621,2025-01-12,39.0
21.239999999997963,33.368046,2025-01-13,1.0
9.32799999999286,28.173893,2025-01-13,2.0
41.62799999999697,36.288826,2025-01-13,3.0
19.4280000000023,31.17629,2025-01-13,4.0
20.127999999996973,27.619772,2025-01-13,5.0
57.00800000000163,44.89102,2025-01-13,6.0
37.59200000000419,38.549263,2025-01-13,7.0
18.6079999999929,20.773996,2025-01-13,8.0
25.96800000000076,29.452942,2025-01-13,9.0
10.131999999997788,27.377382,2025-01-13,10.0
31.7109999999995,33.241642,2025-01-13,11.0
9.22000000000106,15.7095375,2025-01-13,12.0
71.78399999999965,52.439983,2025-01-13,13.0
48.72000000000117,46.61667,2025-01-13,14.0
37.45999999999913,34.976963,2025-01-13,15.0
22.063999999998487,29.574152,2025-01-13,16.0
8.739999999999782,13.219926,2025-01-13,17.0
21.023999999997613,26.391674,2025-01-13,18.0
19.65999999999985,22.534555,2025-01-13,19.0
26.610000000000586,26.994316,2025-01-13,20.0
25.599999999998545,36.318623,2025-01-13,21.0
37.6170898060106,46.68464,2025-01-13,22.0
28.9399999999951,40.735764,2025-01-13,23.0
32.0280000000009,33.061127,2025-01-13,24.0
24.23200000000361,30.475166,2025-01-13,25.0
26.1280000000067,25.466497,2025-01-13,26.0
22.063999999998487,27.086697,2025-01-13,27.0
36.0679999999993,31.72379,2025-01-13,28.0
45.59200000000419,34.49176,2025-01-13,29.0
31.5199999999968,34.595066,2025-01-13,30.0
52.48799999999756,48.232586,2025-01-13,31.0
52.671999999991385,47.300995,2025-01-13,32.0
6.8879999999990105,21.366497,2025-01-13,33.0
22.0679999999993,23.11079,2025-01-13,34.0
19.87199999999575,36.129944,2025-01-13,35.0
18.548000000002503,23.597044,2025-01-13,36.0
55.0628000000058,54.121742,2025-01-13,37.0
17.049999999999272,17.571894,2025-01-13,38.0
23.37999999999738,27.772203,2025-01-13,39.0
30.3839999999982,29.951935,2025-01-14,1.0
17.4280000000023,27.2283,2025-01-14,2.0
13.5880000000025,37.44162,2025-01-14,3.0
29.847999999998137,31.68791,2025-01-14,4.0
5.059999999997672,23.40856,2025-01-14,5.0
31.81999999999971,45.33237,2025-01-14,6.0
25.3600000000006,39.766422,2025-01-14,7.0
17.6280000000067,18.636938,2025-01-14,8.0
24.2109999999995,27.881985,2025-01-14,9.0
21.68000000000029,26.111748,2025-01-14,10.0
41.76799999999639,32.74829,2025-01-14,11.0
13.43999999999869,12.805899,2025-01-14,12.0
46.32800000000134,52.70559,2025-01-14,13.0
31.49199999999837,46.765438,2025-01-14,14.0
20.799999999995634,33.53442,2025-01-14,15.0
23.487999999997555,28.880383,2025-01-14,16.0
0.5499999999992724,11.249014,2025-01-14,17.0
25.4280000000023,24.181974,2025-01-14,18.0
24.43000000000029,21.72582,2025-01-14,19.0
23.93000000000029,26.475994,2025-01-14,20.0
30.46800000000076,34.96785,2025-01-14,21.0
47.3058856302224,46.773235,2025-01-14,22.0
39.59200000000419,39.694473,2025-01-14,23.0
4.383999999998196,31.836756,2025-01-14,24.0
26.839999999996508,31.923412,2025-01-14,25.0
25.247999999999596,25.338245,2025-01-14,26.0
14.027999999998428,24.986036,2025-01-14,27.0
29.580000000001743,29.001255,2025-01-14,28.0
24.97599999999511,33.886044,2025-01-14,29.0
32.987999999997555,33.10946,2025-01-14,30.0
32.67200000000594,45.944542,2025-01-14,31.0
43.53600000000733,49.73865,2025-01-14,32.0
14.572000000000116,25.277029,2025-01-14,33.0
6.468000000000757,24.39647,2025-01-14,34.0
27.4320000000007,33.039005,2025-01-14,35.0
13.3109999999981,23.884108,2025-01-14,36.0
35.84799999999814,53.443863,2025-01-14,37.0
10.5200000000004,15.057097,2025-01-14,38.0
18.807999999997264,25.18285,2025-01-14,39.0
35.807999999997264,33.36024,2025-01-15,1.0
25.95999999999185,32.52826,2025-01-15,2.0
43.63999999999942,39.912746,2025-01-15,3.0
19.9109999999966,33.36293,2025-01-15,4.0
31.380000000004657,23.826906,2025-01-15,5.0
70.62000000000262,47.37224,2025-01-15,6.0
30.520000000004075,39.60049,2025-01-15,7.0
18.05199999999604,19.711887,2025-01-15,8.0
22.43999999999505,32.050987,2025-01-15,9.0
12.09599999999773,27.739267,2025-01-15,10.0
33.4280000000023,35.270294,2025-01-15,11.0
24.67000000000189,15.6539135,2025-01-15,12.0
76.13999999999942,45.165993,2025-01-15,13.0
47.0880000000025,41.633602,2025-01-15,14.0
23.639999999999414,35.095398,2025-01-15,15.0
11.9919999999984,29.592157,2025-01-15,16.0
11.75,13.02333,2025-01-15,17.0
25.127999999997,25.315847,2025-01-15,18.0
19.80999999999767,23.007494,2025-01-15,19.0
29.919999999998254,27.044704,2025-01-15,20.0
29.18000000000029,35.495705,2025-01-15,21.0
142.4800000000032,39.22266,2025-01-15,22.0
49.50800000000163,42.116512,2025-01-15,23.0
51.28800000000047,34.211555,2025-01-15,24.0
23.4320000000007,31.49752,2025-01-15,25.0
23.463999999999945,25.599987,2025-01-15,26.0
35.45200000000477,26.343044,2025-01-15,27.0
22.728000000002798,31.503502,2025-01-15,28.0
29.372000000003027,34.455624,2025-01-15,29.0
28.6520000000018,34.0792,2025-01-15,30.0
50.16799999999057,42.65555,2025-01-15,31.0
52.8628000000014,44.057987,2025-01-15,32.0
6.988000000004831,22.851564,2025-01-15,33.0
10.463999999999942,27.377089,2025-01-15,34.0
37.4800000000032,28.519571,2025-01-15,35.0
30.96800000000076,23.101572,2025-01-15,36.0
58.58000000000175,52.253544,2025-01-15,37.0
28.56999999999971,16.896595,2025-01-15,38.0
31.812000000005355,26.56044,2025-01-15,39.0
11.7800000000061,33.212482,2025-01-16,1.0
29.4320000000007,29.26169,2025-01-16,2.0
52.07200000000012,35.817455,2025-01-16,3.0
16.84800000001269,32.662865,2025-01-16,4.0
26.5679999999993,18.045084,2025-01-16,5.0
56.13999999999942,50.029297,2025-01-16,6.0
50.63999999999942,36.553513,2025-01-16,7.0
20.372000000003027,18.333824,2025-01-16,8.0
21.580000000001743,26.832214,2025-01-16,9.0
12.87999999999738,25.33183,2025-01-16,10.0
32.19999999999709,32.39938,2025-01-16,11.0
10.0,12.884191,2025-01-16,12.0
55.30800000000454,49.559246,2025-01-16,13.0
51.68000000000029,42.071518,2025-01-16,14.0
38.58000000000175,34.310467,2025-01-16,15.0
22.296000000002092,27.505507,2025-01-16,16.0
12.300000000001,9.414138,2025-01-16,17.0
25.05999999999767,23.085844,2025-01-16,18.0
21.830000000001743,21.346907,2025-01-16,19.0
22.27000000000044,25.381897,2025-01-16,20.0
37.92799999999989,34.258656,2025-01-16,21.0
52.9320000000007,34.967964,2025-01-16,22.0
43.971999999994296,37.983772,2025-01-16,23.0
39.95999999999913,30.277435,2025-01-16,24.0
26.228000000002798,29.130404,2025-01-16,25.0
21.0,24.222124,2025-01-16,26.0
18.8119999999989,25.517632,2025-01-16,27.0
17.86399999999412,31.96883,2025-01-16,28.0
23.18800000000192,33.780323,2025-01-16,29.0
32.30800000000454,33.240803,2025-01-16,30.0
44.80000000000291,39.344643,2025-01-16,31.0
60.04799999999523,45.939526,2025-01-16,32.0
36.46399999999994,25.135168,2025-01-16,33.0
39.33600000000297,30.420443,2025-01-16,34.0
13.968000000000757,27.129797,2025-01-16,35.0
30.192000000002736,22.1354,2025-01-16,36.0
60.93999999999505,53.16676,2025-01-16,37.0
22.27999999999884,15.683488,2025-01-16,38.0
18.299999999995634,24.87103,2025-01-16,39.0
31.091999999996915,25.088474,2025-01-17,1.0
9.70799999999872,19.913712,2025-01-17,2.0
28.81999999999971,29.7137,2025-01-17,3.0
19.631999999997788,26.883238,2025-01-17,4.0
10.6399999999994,17.665468,2025-01-17,5.0
49.19999999999709,41.637165,2025-01-17,6.0
47.19999999999709,29.83285,2025-01-17,7.0
10.767999999996391,17.034054,2025-01-17,8.0
32.30000000000291,23.35915,2025-01-17,9.0
19.332000000002157,22.531286,2025-01-17,10.0
28.76000000000204,27.805094,2025-01-17,11.0
9.039999999997235,13.633703,2025-01-17,12.0
73.57200000000012,46.015213,2025-01-17,13.0
45.61999999999534,37.864727,2025-01-17,14.0
28.05200000000332,29.791199,2025-01-17,15.0
21.55200000000332,25.547863,2025-01-17,16.0
12.819999999999707,9.228946,2025-01-17,17.0
9.468000000000757,22.364002,2025-01-17,18.0
26.0099999999984,19.697186,2025-01-17,19.0
21.080000000001743,25.093214,2025-01-17,20.0
33.9428000000031,31.545586,2025-01-17,21.0
35.9003935433678,40.88616,2025-01-17,22.0
45.708000000006,31.39534,2025-01-17,23.0
17.99199999999837,24.389486,2025-01-17,24.0
22.1199999999962,24.292812,2025-01-17,25.0
25.919999999998254,21.84227,2025-01-17,26.0
27.091999999996915,22.279745,2025-01-17,27.0
18.46800000000076,27.271408,2025-01-17,28.0
27.0280000000009,30.008331,2025-01-17,29.0
36.73999999999796,30.339922,2025-01-17,30.0
39.88000000000466,35.733513,2025-01-17,31.0
52.479999999995925,42.101746,2025-01-17,32.0
51.76799999999639,20.745848,2025-01-17,33.0
4.4320000000006985,19.853584,2025-01-17,34.0
14.839999999996508,24.199144,2025-01-17,35.0
16.760000000002037,18.728186,2025-01-17,36.0
57.700000000004366,43.09388,2025-01-17,37.0
13.299999999999272,13.831354,2025-01-17,38.0
23.0,22.913363,2025-01-17,39.0
22.09599999999773,25.852476,2025-01-18,1.0
9.60000000000582,24.248524,2025-01-18,2.0
26.05999999999767,35.51257,2025-01-18,3.0
16.8628000000014,26.783138,2025-01-18,4.0
20.1120000000018,20.41591,2025-01-18,5.0
53.108000000000175,43.60367,2025-01-18,6.0
50.5,33.497005,2025-01-18,7.0
11.1200000000026,20.221357,2025-01-18,8.0
22.419999999998254,26.635147,2025-01-18,9.0
30.30000000000291,23.604975,2025-01-18,10.0
36.35199999999895,32.487514,2025-01-18,11.0
18.62000000000262,11.908134,2025-01-18,12.0
54.37999999999738,41.176003,2025-01-18,13.0
41.29200000000128,38.60402,2025-01-18,14.0
23.799999999995634,32.070415,2025-01-18,15.0
20.639999999999414,25.659895,2025-01-18,16.0
11.8799999999992,9.724022,2025-01-18,17.0
25.59200000000419,24.71077,2025-01-18,18.0
25.2800000000011,19.793173,2025-01-18,19.0
27.090000000000146,25.170195,2025-01-18,20.0
36.807999999997264,31.561087,2025-01-18,21.0
41.2648116728382,44.27095,2025-01-18,22.0
42.0109999999952,36.781532,2025-01-18,23.0
35.46800000000076,29.284021,2025-01-18,24.0
28.94800000000396,26.473537,2025-01-18,25.0
18.18800000000192,23.929115,2025-01-18,26.0
23.26000000000204,24.3287,2025-01-18,27.0
19.2280000000052,27.885788,2025-01-18,28.0
27.77199999999721,30.107376,2025-01-18,29.0
20.7109999999995,29.163694,2025-01-18,30.0
42.72000000000117,39.54598,2025-01-18,31.0
51.83200000000943,44.856846,2025-01-18,32.0
7.319999999999709,19.631014,2025-01-18,33.0
14.767999999996391,21.39839,2025-01-18,34.0
27.9800000000032,24.857346,2025-01-18,35.0
18.631999999997788,20.827108,2025-01-18,36.0
50.26799999999639,45.346737,2025-01-18,37.0
19.460000000002765,16.754162,2025-01-18,38.0
24.79200000000128,23.83783,2025-01-18,39.0
14.9428000000031,29.889763,2025-01-19,1.0
44.18000000000757,25.486181,2025-01-19,2.0
31.31999999999971,36.18955,2025-01-19,3.0
17.00800000000163,27.743464,2025-01-19,4.0
19.7109999999995,23.530586,2025-01-19,5.0
45.03199999999924,46.202732,2025-01-19,6.0
41.9320000000007,37.16495,2025-01-19,7.0
10.648000000001048,21.190561,2025-01-19,8.0
13.9280000000023,27.94971,2025-01-19,9.0
27.047999999995227,27.30404,2025-01-19,10.0
37.0480000000025,35.99581,2025-01-19,11.0
7.6599999999998545,13.327565,2025-01-19,12.0
61.35199999999895,46.941376,2025-01-19,13.0
46.16800000000512,41.043583,2025-01-19,14.0
26.57600000000093,36.575428,2025-01-19,15.0
17.2879999999958,27.152658,2025-01-19,16.0
13.13000000000102,11.293293,2025-01-19,17.0
16.220000000001164,26.076103,2025-01-19,18.0
21.77000000000044,25.268759,2025-01-19,19.0
22.68000000000029,27.225477,2025-01-19,20.0
31.5,36.092068,2025-01-19,21.0
28.532693112733,50.898277,2025-01-19,22.0
56.98800000000483,36.735878,2025-01-19,23.0
31.9280000000023,32.924202,2025-01-19,24.0
23.743999999998778,25.802534,2025-01-19,25.0
12.1099999999953,26.430607,2025-01-19,26.0
28.139999999999414,26.431211,2025-01-19,27.0
31.87999999999738,29.98895,2025-01-19,28.0
16.5199999999968,31.946331,2025-01-19,29.0
32.0480000000025,34.88679,2025-01-19,30.0
29.44799999998941,43.374165,2025-01-19,31.0
54.59999999999127,46.604122,2025-01-19,32.0
7.360000000000582,28.789158,2025-01-19,33.0
25.42399999999907,24.084486,2025-01-19,34.0
30.4109999999966,27.154308,2025-01-19,35.0
25.31999999999971,24.530613,2025-01-19,36.0
64.16000000000349,49.130127,2025-01-19,37.0
12.569999999999707,18.584616,2025-01-19,38.0
18.548000000002503,25.394342,2025-01-19,39.0
18.89600000000064,30.04608,2025-01-20,1.0
32.75199999999313,25.050222,2025-01-20,2.0
20.127999999996973,34.32006,2025-01-20,3.0
26.5109999999879,25.945627,2025-01-20,4.0
23.1099999999953,23.532526,2025-01-20,5.0
44.79200000000128,45.889114,2025-01-20,6.0
27.335999999995693,37.14053,2025-01-20,7.0
19.19199999999546,19.827583,2025-01-20,8.0
37.09199999999692,28.635656,2025-01-20,9.0
21.31999999999971,23.691616,2025-01-20,10.0
47.5199999999968,34.559704,2025-01-20,11.0
10.399999999997815,14.150272,2025-01-20,12.0
55.84799999999814,49.911682,2025-01-20,13.0
48.9109999999966,43.590656,2025-01-20,14.0
29.639999999999414,32.9204,2025-01-20,15.0
22.0228000000049,24.891567,2025-01-20,16.0
1.5799999999999272,11.735268,2025-01-20,17.0
29.091999999996915,26.620977,2025-01-20,18.0
16.239999999997963,26.181902,2025-01-20,19.0
27.5,27.613468,2025-01-20,20.0
26.639999999999414,34.714405,2025-01-20,21.0
53.167999999997846,49.29041,2025-01-20,22.0
48.70799999999872,41.901985,2025-01-20,23.0
37.76799999999639,33.72033,2025-01-20,24.0
31.127999999996973,29.993914,2025-01-20,25.0
17.50800000000163,23.895279,2025-01-20,26.0
14.987999999997555,28.084349,2025-01-20,27.0
29.080000000001743,25.38721,2025-01-20,28.0
28.380000000004657,33.467552,2025-01-20,29.0
23.859999999993303,31.699991,2025-01-20,30.0
39.2628000000101,43.83976,2025-01-20,31.0
58.36000000000058,45.83969,2025-01-20,32.0
7.351999999998952,22.338022,2025-01-20,33.0
13.868000000002212,19.462574,2025-01-20,34.0
37.61600000000181,23.424173,2025-01-20,35.0
18.011999999996,22.647554,2025-01-20,36.0
70.182800000001,46.078465,2025-01-20,37.0
11.5900000000001,18.780651,2025-01-20,38.0
19.49199999999837,27.709412,2025-01-20,39.0
22.5028000000008,22.997967,2025-01-21,1.0
10.228000000002794,20.645466,2025-01-21,2.0
27.9428000000031,24.444843,2025-01-21,3.0
12.0,20.837145,2025-01-21,4.0
17.92000000000553,18.98892,2025-01-21,5.0
54.77599999999802,30.907314,2025-01-21,6.0
39.62399999999616,30.34234,2025-01-21,7.0
13.560000000004948,16.614351,2025-01-21,8.0
25.616000000001804,22.59059,2025-01-21,9.0
11.6720000000059,18.346945,2025-01-21,10.0
25.391999999999825,25.812656,2025-01-21,11.0
11.2800000000025,11.618712,2025-01-21,12.0
60.59200000000419,43.32432,2025-01-21,13.0
43.2280000000028,33.972603,2025-01-21,14.0
21.78399999999965,24.889341,2025-01-21,15.0
17.720000000001164,19.789898,2025-01-21,16.0
16.5,8.467862,2025-01-21,17.0
10.88799999999901,20.133423,2025-01-21,18.0
33.42000000000189,18.406652,2025-01-21,19.0
36.09999999999855,21.24596,2025-01-21,20.0
36.307999999997264,27.696217,2025-01-21,21.0
41.95999999999913,44.83711,2025-01-21,22.0
32.65199999999459,33.66725,2025-01-21,23.0
32.1028000000066,24.568245,2025-01-21,24.0
16.81999999999971,20.321648,2025-01-21,25.0
16.2628000000029,18.064102,2025-01-21,26.0
16.752000000000407,20.341566,2025-01-21,27.0
36.2109999999995,21.865082,2025-01-21,28.0
16.099999999998545,24.483389,2025-01-21,29.0
16.8280000000038,22.788782,2025-01-21,30.0
47.07200000000012,35.06761,2025-01-21,31.0
55.2800000000087,38.27647,2025-01-21,32.0
8.536000000000058,15.665932,2025-01-21,33.0
7.707999999998719,17.606033,2025-01-21,34.0
10.5120000000024,19.093493,2025-01-21,35.0
17.512000000002445,16.446575,2025-01-21,36.0
49.93599999999424,36.665134,2025-01-21,37.0
24.57999999999811,14.465604,2025-01-21,38.0
22.89600000000064,20.933096,2025-01-21,39.0
27.70799999999872,28.980001,2025-01-22,1.0
8.61099999999371,26.749447,2025-01-22,2.0
31.32800000000134,31.298096,2025-01-22,3.0
26.21600000000035,24.307114,2025-01-22,4.0
20.37599999999657,22.419971,2025-01-22,5.0
52.42399999999907,42.414948,2025-01-22,6.0
41.56800000001385,37.44268,2025-01-22,7.0
14.87999999999738,16.672298,2025-01-22,8.0
25.5028000000008,27.683758,2025-01-22,9.0
27.05999999999767,21.472458,2025-01-22,10.0
35.2800000000011,33.03348,2025-01-22,11.0
21.69999999999709,11.122198,2025-01-22,12.0
57.90799999999581,45.207836,2025-01-22,13.0
53.0199999999968,40.951977,2025-01-22,14.0
31.4280000000023,29.540668,2025-01-22,15.0
23.1079999999929,21.895287,2025-01-22,16.0
17.2599999999985,10.763433,2025-01-22,17.0
17.700000000004366,22.309067,2025-01-22,18.0
24.399999999997817,22.176283,2025-01-22,19.0
26.77999999999884,23.992725,2025-01-22,20.0
45.222800000002,34.221867,2025-01-22,21.0
46.2710939714836,45.34798,2025-01-22,22.0
49.66000000000349,37.926918,2025-01-22,23.0
17.167999999997846,34.57647,2025-01-22,24.0
19.9320000000007,25.951881,2025-01-22,25.0
13.647999999993772,19.306776,2025-01-22,26.0
26.27999999999884,27.763426,2025-01-22,27.0
45.23999999999796,25.165115,2025-01-22,28.0
35.73999999999796,30.151905,2025-01-22,29.0
33.8109999999981,29.896744,2025-01-22,30.0
50.59999999999127,37.491478,2025-01-22,31.0
55.52799999999115,48.418827,2025-01-22,32.0
8.54280000000169,18.246408,2025-01-22,33.0
25.652000000001863,23.935991,2025-01-22,34.0
19.659999999996217,26.527136,2025-01-22,35.0
33.63199999999779,23.083075,2025-01-22,36.0
74.2800000000011,47.751396,2025-01-22,37.0
12.959999999999129,18.739157,2025-01-22,38.0
17.2109999999995,26.47289,2025-01-22,39.0
16.2800000000011,24.748672,2025-01-23,1.0
49.12799999999697,27.597769,2025-01-23,2.0
30.5,31.802881,2025-01-23,3.0
25.639999999999414,24.511818,2025-01-23,4.0
6.50280000000081,23.45289,2025-01-23,5.0
44.24799999999959,37.6306,2025-01-23,6.0
35.80799999998999,39.997883,2025-01-23,7.0
23.487999999997555,19.172466,2025-01-23,8.0
25.1359999999986,28.400528,2025-01-23,9.0
14.779999999998836,24.470522,2025-01-23,10.0
36.48800000000483,33.29949,2025-01-23,11.0
12.670000000001892,13.663781,2025-01-23,12.0
56.26800000000367,44.967655,2025-01-23,13.0
43.5,41.42824,2025-01-23,14.0
24.82800000000134,30.178148,2025-01-23,15.0
29.548000000002503,24.110031,2025-01-23,16.0
10.0900000000001,12.442604,2025-01-23,17.0
12.739999999997965,21.902536,2025-01-23,18.0
14.510000000002035,22.607687,2025-01-23,19.0
26.38000000000102,25.487658,2025-01-23,20.0
29.296000000002092,36.48121,2025-01-23,21.0
44.6257190030867,51.016434,2025-01-23,22.0
47.9000000000011,36.346367,2025-01-23,23.0
23.5199999999968,32.349358,2025-01-23,24.0
11.4879999999976,25.97792,2025-01-23,25.0
32.9800000000032,18.706951,2025-01-23,26.0
13.872000000003029,24.863466,2025-01-23,27.0
29.4119999999974,26.78643,2025-01-23,28.0
21.919999999998254,26.082335,2025-01-23,29.0
39.28800000000047,28.510672,2025-01-23,30.0
25.2280000000052,39.094265,2025-01-23,31.0
52.4280000000023,48.000927,2025-01-23,32.0
55.18800000000192,18.933714,2025-01-23,33.0
23.29200000000128,26.157726,2025-01-23,34.0
3.7880000000004657,24.144873,2025-01-23,35.0
23.0880000000025,21.333073,2025-01-23,36.0
60.10399999999936,48.629463,2025-01-23,37.0
17.610000000000582,18.664562,2025-01-23,38.0
21.0,22.932665,2025-01-23,39.0
24.479999999995925,22.44196,2025-01-24,1.0
8.992000000012922,22.818913,2025-01-24,2.0
21.22799999999552,28.782349,2025-01-24,3.0
19.8280000000101,23.06887,2025-01-24,4.0
22.69600000000355,20.509031,2025-01-24,5.0
43.12000000000262,37.304806,2025-01-24,6.0
25.1999999999971,39.228516,2025-01-24,7.0
18.959999999999127,15.884317,2025-01-24,8.0
28.9109999999966,27.445793,2025-01-24,9.0
33.99199999999837,24.001982,2025-01-24,10.0
29.471999999994296,30.552551,2025-01-24,11.0
14.180000000000293,12.148047,2025-01-24,12.0
58.63999999999942,46.64018,2025-01-24,13.0
44.30000000000291,45.380486,2025-01-24,14.0
35.1099999999953,24.416565,2025-01-24,15.0
24.919999999998254,22.625395,2025-01-24,16.0
12.780000000000657,11.0099745,2025-01-24,17.0
31.102000000001,20.367859,2025-01-24,18.0
21.149999999997817,21.76419,2025-01-24,19.0
26.1000000000006,24.206846,2025-01-24,20.0
41.59999999999855,33.698025,2025-01-24,21.0
35.9685002825286,41.78999,2025-01-24,22.0
31.627999999996973,39.124245,2025-01-24,23.0
28.2880000000031,29.516981,2025-01-24,24.0
20.5280000000009,22.583792,2025-01-24,25.0
24.692000000002736,15.821758,2025-01-24,26.0
14.9360000000011,23.341661,2025-01-24,27.0
20.77200000000448,28.202524,2025-01-24,28.0
22.4800000000032,25.652683,2025-01-24,29.0
26.880000000004657,26.876465,2025-01-24,30.0
33.288000000000466,42.453354,2025-01-24,31.0
53.36000000000058,49.37254,2025-01-24,32.0
30.31999999999971,16.246984,2025-01-24,33.0
6.655999999995402,20.083506,2025-01-24,34.0
37.29200000000128,22.983173,2025-01-24,35.0
17.487999999997555,20.720474,2025-01-24,36.0
63.80800000000454,50.35633,2025-01-24,37.0
16.8280000000001,17.343807,2025-01-24,38.0
30.239999999997963,22.998901,2025-01-24,39.0
16.012000000002445,21.916842,2025-01-25,1.0
23.587999999988824,30.291819,2025-01-25,2.0
37.57200000000012,27.591537,2025-01-25,3.0
30.1199999999889,24.851551,2025-01-25,4.0
16.471999999994296,22.395304,2025-01-25,5.0
43.58000000000175,38.7036,2025-01-25,6.0
39.37200000000303,37.79627,2025-01-25,7.0
7.672000000005937,16.747343,2025-01-25,8.0
31.952000000004773,27.050402,2025-01-25,9.0
37.64800000000105,24.992905,2025-01-25,10.0
45.708000000006,31.922367,2025-01-25,11.0
8.25000000000011,11.054647,2025-01-25,12.0
52.94399999999587,47.797066,2025-01-25,13.0
44.87999999999738,38.493782,2025-01-25,14.0
36.81999999999971,27.590076,2025-01-25,15.0
26.60000000000582,24.163338,2025-01-25,16.0
11.9300000000003,10.316934,2025-01-25,17.0
10.655999999995402,18.516459,2025-01-25,18.0
20.850000000002183,23.551477,2025-01-25,19.0
28.0099999999984,25.254318,2025-01-25,20.0
29.09200000000419,36.69494,2025-01-25,21.0
52.0280000000009,38.99299,2025-01-25,22.0
35.29200000000128,39.076447,2025-01-25,23.0
26.5828000000026,28.846586,2025-01-25,24.0
14.9280000000023,23.062263,2025-01-25,25.0
25.38799999999901,19.867796,2025-01-25,26.0
21.5028000000008,22.17482,2025-01-25,27.0
22.639999999999414,30.192345,2025-01-25,28.0
39.92799999999989,25.693483,2025-01-25,29.0
23.619999999995343,28.50432,2025-01-25,30.0
50.919999999998254,41.513153,2025-01-25,31.0
59.4320000000007,46.566963,2025-01-25,32.0
8.0,20.70396,2025-01-25,33.0
16.982800000004,22.293053,2025-01-25,34.0
61.82800000000134,21.530548,2025-01-25,35.0
11.5028000000008,21.306465,2025-01-25,36.0
64.87999999999738,48.4459,2025-01-25,37.0
12.93999999999869,17.67473,2025-01-25,38.0
13.19999999999709,20.974379,2025-01-25,39.0
22.9360000000011,24.420998,2025-01-26,1.0
9.77200000001076,28.12709,2025-01-26,2.0
24.82800000000134,27.926699,2025-01-26,3.0
16.312000000005355,24.159613,2025-01-26,4.0
22.560000000004948,21.871122,2025-01-26,5.0
48.61999999999534,34.994858,2025-01-26,6.0
27.80000000000291,36.841633,2025-01-26,7.0
16.099999999998545,19.611774,2025-01-26,8.0
28.21600000000035,27.459234,2025-01-26,9.0
28.832000000002157,24.843426,2025-01-26,10.0
45.07999999999447,34.065212,2025-01-26,11.0
6.770000000000437,11.311141,2025-01-26,12.0
56.2880000000031,44.797203,2025-01-26,13.0
28.9800000000032,36.550404,2025-01-26,14.0
42.200000000004366,30.037052,2025-01-26,15.0
19.091999999996915,25.623955,2025-01-26,16.0
14.789999999999054,10.92609,2025-01-26,17.0
25.97200000000157,20.434788,2025-01-26,18.0
11.7700000000004,22.443007,2025-01-26,19.0
23.62000000000262,24.587057,2025-01-26,20.0
27.5879999999961,35.042088,2025-01-26,21.0
48.192000000002736,37.11202,2025-01-26,22.0
33.68000000000029,35.822586,2025-01-26,23.0
7.09599999999773,30.09135,2025-01-26,24.0
17.3109999999981,20.469376,2025-01-26,25.0
26.5280000000009,19.217615,2025-01-26,26.0
24.57600000000093,20.064644,2025-01-26,27.0
23.55999999999767,30.743391,2025-01-26,28.0
30.16000000000349,25.105469,2025-01-26,29.0
36.18000000000029,29.79187,2025-01-26,30.0
38.0880000000025,35.653393,2025-01-26,31.0
47.80000000000291,43.889793,2025-01-26,32.0
7.97200000000117,20.828325,2025-01-26,33.0
21.0879999999961,22.975952,2025-01-26,34.0
22.83199999999488,22.437843,2025-01-26,35.0
23.82800000000134,21.95101,2025-01-26,36.0
58.87200000000303,43.98759,2025-01-26,37.0
13.770000000000437,17.671139,2025-01-26,38.0
17.860000000000582,23.024916,2025-01-26,39.0
8.360000000000582,21.12358,2025-01-27,1.0
25.74799999999232,24.056118,2025-01-27,2.0
25.4720000000016,26.201624,2025-01-27,3.0
19.351999999998952,27.749666,2025-01-27,4.0
21.860000000000586,21.430555,2025-01-27,5.0
36.55200000000332,39.235394,2025-01-27,6.0
25.372000000003,34.02077,2025-01-27,7.0
20.55999999999767,17.864492,2025-01-27,8.0
22.252000000000407,31.142567,2025-01-27,9.0
22.70799999999872,25.22252,2025-01-27,10.0
22.860000000000586,33.496693,2025-01-27,11.0
8.569999999999709,12.43649,2025-01-27,12.0
66.0280000000009,49.775826,2025-01-27,13.0
39.9320000000007,42.17845,2025-01-27,14.0
42.9280000000023,28.718132,2025-01-27,15.0
21.19999999999709,26.945248,2025-01-27,16.0
13.4280000000005,12.180709,2025-01-27,17.0
23.10800000000017,19.521505,2025-01-27,18.0
31.549999999999272,20.374025,2025-01-27,19.0
23.93999999999869,25.151543,2025-01-27,20.0
33.222800000002,33.887054,2025-01-27,21.0
36.2776088947025,42.049244,2025-01-27,22.0
49.33200000000216,34.505283,2025-01-27,23.0
22.799999999995634,28.321863,2025-01-27,24.0
19.44800000000396,19.980976,2025-01-27,25.0
25.339999999996508,21.276731,2025-01-27,26.0
11.351999999999,18.447735,2025-01-27,27.0
25.6280000000042,27.15769,2025-01-27,28.0
33.54399999999441,27.73619,2025-01-27,29.0
20.31999999999971,26.657621,2025-01-27,30.0
33.18399999999383,40.19592,2025-01-27,31.0
45.2539999999973,50.77936,2025-01-27,32.0
7.987999999997555,16.641731,2025-01-27,33.0
13.102000000001,19.892797,2025-01-27,34.0
41.1120000000018,29.645338,2025-01-27,35.0
18.099999999998545,19.802475,2025-01-27,36.0
63.2579999999981,53.262173,2025-01-27,37.0
12.580000000001746,16.169674,2025-01-27,38.0
12.760000000002035,20.058435,2025-01-27,39.0
16.17199999999866,22.490072,2025-01-28,1.0
18.148000000001048,21.812498,2025-01-28,2.0
32.1120000000018,29.944181,2025-01-28,3.0
22.047999999995227,23.997824,2025-01-28,4.0
22.451999999997497,21.394787,2025-01-28,5.0
48.667999999997846,42.560326,2025-01-28,6.0
25.2880000000005,34.102684,2025-01-28,7.0
14.548000000002505,19.131603,2025-01-28,8.0
20.49199999999837,29.601353,2025-01-28,9.0
25.3199999999997,27.039665,2025-01-28,10.0
32.87200000000303,35.90169,2025-01-28,11.0
20.87999999999738,12.245051,2025-01-28,12.0
73.16799999999785,51.45851,2025-01-28,13.0
28.887999999999,44.19491,2025-01-28,14.0
43.81999999999971,30.710148,2025-01-28,15.0
16.468000000000757,24.977642,2025-01-28,16.0
14.670000000001892,11.07283,2025-01-28,17.0
25.463999999999945,20.00867,2025-01-28,18.0
17.419999999998254,18.873251,2025-01-28,19.0
25.139999999999414,24.905336,2025-01-28,20.0
32.05599999999686,34.46264,2025-01-28,21.0
47.7650569390289,43.954403,2025-01-28,22.0
28.007999999994357,34.436817,2025-01-28,23.0
26.8280000000038,24.911947,2025-01-28,24.0
21.9000000000011,18.368727,2025-01-28,25.0
22.55999999999767,22.7788,2025-01-28,26.0
13.551999999996042,20.256369,2025-01-28,27.0
16.479999999995925,27.076605,2025-01-28,28.0
27.208000000005995,28.617357,2025-01-28,29.0
33.7109999999995,29.028004,2025-01-28,30.0
42.0228000000049,39.85688,2025-01-28,31.0
55.79200000000128,49.962906,2025-01-28,32.0
7.959999999999127,16.229929,2025-01-28,33.0
9.77599999999802,18.229504,2025-01-28,34.0
32.27999999999884,25.419508,2025-01-28,35.0
24.847999999998137,19.590351,2025-01-28,36.0
56.23999999999796,51.292774,2025-01-28,37.0
18.68999999999869,15.844174,2025-01-28,38.0
21.26000000000204,21.412085,2025-01-28,39.0
26.5199999999968,25.598536,2025-01-29,1.0
17.5828000000026,28.030754,2025-01-29,2.0
29.648000000001048,31.130026,2025-01-29,3.0
22.03200000000652,29.962236,2025-01-29,4.0
28.38799999999901,25.020432,2025-01-29,5.0
28.05200000000332,38.943096,2025-01-29,6.0
37.52799999999115,36.808556,2025-01-29,7.0
10.98399999999674,24.613781,2025-01-29,8.0
39.57600000000093,32.444817,2025-01-29,9.0
22.372000000003027,33.930294,2025-01-29,10.0
30.90799999999581,37.43771,2025-01-29,11.0
9.280000000002474,17.105064,2025-01-29,12.0
64.95999999999913,51.564774,2025-01-29,13.0
39.419999999998254,42.341286,2025-01-29,14.0
28.0720000000001,37.8093,2025-01-29,15.0
23.3028000000037,29.157415,2025-01-29,16.0
10.7899999999972,16.10636,2025-01-29,17.0
16.616000000001804,22.11326,2025-01-29,18.0
24.360000000000586,24.710096,2025-01-29,19.0
1.9399999999986903,28.181269,2025-01-29,20.0
29.391999999999825,36.049503,2025-01-29,21.0
46.382545422884,44.068382,2025-01-29,22.0
35.220000000001164,31.379835,2025-01-29,23.0
19.4280000000023,26.084421,2025-01-29,24.0
11.1999999999971,20.252546,2025-01-29,25.0
20.080000000001743,26.798246,2025-01-29,26.0
33.2800000000011,23.494762,2025-01-29,27.0
20.29200000000128,30.73202,2025-01-29,28.0
48.859999999993306,33.792828,2025-01-29,29.0
29.01600000000326,32.523525,2025-01-29,30.0
37.255999999993946,41.801727,2025-01-29,31.0
46.9600000000064,42.996082,2025-01-29,32.0
7.919999999998254,18.977947,2025-01-29,33.0
11.3199999999997,25.481173,2025-01-29,34.0
33.5480000000025,29.958668,2025-01-29,35.0
24.76000000000204,22.643387,2025-01-29,36.0
60.37200000000303,51.43343,2025-01-29,37.0
24.06000000000131,19.485615,2025-01-29,38.0
11.8799999999974,24.504744,2025-01-29,39.0
13.932000000000698,25.563719,2025-01-30,1.0
36.96799999999348,26.2975,2025-01-30,2.0
25.471999999994296,29.460667,2025-01-30,3.0
28.6628000000043,27.209019,2025-01-30,4.0
4.319999999999709,23.138508,2025-01-30,5.0
33.375999999996566,38.019604,2025-01-30,6.0
32.6228000000107,32.615173,2025-01-30,7.0
3.9200000000055297,23.026686,2025-01-30,8.0
30.479999999995925,29.065445,2025-01-30,9.0
17.0280000000009,28.887411,2025-01-30,10.0
35.9600000000064,34.359653,2025-01-30,11.0
13.849999999998545,14.775616,2025-01-30,12.0
53.9028000000023,54.615395,2025-01-30,13.0
44.97200000000157,39.843998,2025-01-30,14.0
41.12799999999697,38.055573,2025-01-30,15.0
28.18800000000192,27.311584,2025-01-30,16.0
12.960000000002765,13.541197,2025-01-30,17.0
3.371999999995751,22.243895,2025-01-30,18.0
27.330000000001743,19.78969,2025-01-30,19.0
21.580000000001743,25.715645,2025-01-30,20.0
45.5679999999993,35.25997,2025-01-30,21.0
35.22799999999552,44.58621,2025-01-30,22.0
38.012000000002445,33.670307,2025-01-30,23.0
33.66399999999703,24.81277,2025-01-30,24.0
17.9280000000023,18.987375,2025-01-30,25.0
12.5880000000025,23.126171,2025-01-30,26.0
12.919999999998254,19.47252,2025-01-30,27.0
29.26799999999639,25.067137,2025-01-30,28.0
29.812000000005355,30.807196,2025-01-30,29.0
42.42399999999907,30.836061,2025-01-30,30.0
28.8960000000079,39.730717,2025-01-30,31.0
43.45599999999104,50.06671,2025-01-30,32.0
45.18800000000192,17.29211,2025-01-30,33.0
21.520000000004075,25.121126,2025-01-30,34.0
28.372000000003,29.427914,2025-01-30,35.0
17.772000000004482,21.488207,2025-01-30,36.0
44.1359999999986,52.966328,2025-01-30,37.0
19.229999999999563,15.177635,2025-01-30,38.0
11.9080000000031,21.566227,2025-01-30,39.0
17.455999999998312,24.071562,2025-01-31,1.0
7.847999999998137,25.664913,2025-01-31,2.0
45.76800000000367,28.911959,2025-01-31,3.0
29.527999999991152,26.118116,2025-01-31,4.0
1.81099999999808,24.617603,2025-01-31,5.0
25.5828000000026,36.50657,2025-01-31,6.0
38.1759999999922,32.02704,2025-01-31,7.0
24.255999999993943,20.262253,2025-01-31,8.0
28.67199999999866,29.634924,2025-01-31,9.0
10.7079999999987,32.05082,2025-01-31,10.0
17.299999999995634,33.8932,2025-01-31,11.0
7.380000000001019,12.293632,2025-01-31,12.0
72.4119999999974,56.647327,2025-01-31,13.0
46.479999999995925,40.05559,2025-01-31,14.0
25.1199999999962,37.883987,2025-01-31,15.0
16.31999999999971,27.380007,2025-01-31,16.0
7.419999999998254,13.117278,2025-01-31,17.0
5.900000000001455,24.08835,2025-01-31,18.0
20.919999999998254,20.615643,2025-01-31,19.0
23.610000000000586,22.28767,2025-01-31,20.0
29.959999999999127,35.699936,2025-01-31,21.0
29.2500000000038,46.096275,2025-01-31,22.0
32.57600000000093,34.262505,2025-01-31,23.0
23.89600000000064,25.980867,2025-01-31,24.0
11.8079999999973,19.206617,2025-01-31,25.0
1.7999999999956344,25.098211,2025-01-31,26.0
13.160000000003492,23.280529,2025-01-31,27.0
24.77200000000448,24.535196,2025-01-31,28.0
37.82800000000134,36.249836,2025-01-31,29.0
24.135999999998603,31.154472,2025-01-31,30.0
39.3109999999908,43.348423,2025-01-31,31.0
51.60800000000745,55.09754,2025-01-31,32.0
44.19999999999709,17.43913,2025-01-31,33.0
21.10399999999936,21.023783,2025-01-31,34.0
9.527999999998428,36.755898,2025-01-31,35.0
16.779999999998836,20.040403,2025-01-31,36.0
55.95200000000477,54.97837,2025-01-31,37.0
10.630000000001,16.979853,2025-01-31,38.0
19.99199999999837,20.651512,2025-01-31,39.0
22.4320000000007,23.999084,2025-02-01,1.0
17.69200000001001,28.318787,2025-02-01,2.0
26.55999999999767,29.93593,2025-02-01,3.0
25.4280000000023,27.735239,2025-02-01,4.0
12.0880000000025,27.084,2025-02-01,5.0
38.59999999999855,36.904568,2025-02-01,6.0
31.1099999999953,32.481445,2025-02-01,7.0
25.27999999999884,16.75343,2025-02-01,8.0
11.1920000000027,29.280537,2025-02-01,9.0
11.7079999999987,29.992054,2025-02-01,10.0
17.927999999999884,30.649126,2025-02-01,11.0
13.909999999999854,11.977437,2025-02-01,12.0
50.2280000000052,51.31823,2025-02-01,13.0
38.52000000000408,37.26715,2025-02-01,14.0
42.44800000000396,36.559082,2025-02-01,15.0
20.10800000000017,28.402554,2025-02-01,16.0
9.4900000000016,11.140206,2025-02-01,17.0
13.639999999999418,27.06968,2025-02-01,18.0
22.4900000000016,25.398046,2025-02-01,19.0
33.590000000000146,22.879877,2025-02-01,20.0
28.192000000002736,32.41901,2025-02-01,21.0
28.7632683614101,40.45384,2025-02-01,22.0
20.61200000000099,32.023724,2025-02-01,23.0
28.2628000000029,26.50011,2025-02-01,24.0
18.2800000000011,19.151087,2025-02-01,25.0
25.391999999999825,24.18026,2025-02-01,26.0
12.788000000000466,22.777773,2025-02-01,27.0
11.4519999999975,24.675333,2025-02-01,28.0
28.77999999999884,32.927814,2025-02-01,29.0
30.9028000000023,31.443914,2025-02-01,30.0
55.1428000000002,39.413036,2025-02-01,31.0
59.8119999999916,41.972755,2025-02-01,32.0
6.78280000000693,19.76631,2025-02-01,33.0
12.5879999999961,21.74221,2025-02-01,34.0
44.48799999999756,33.875336,2025-02-01,35.0
13.459999999999129,20.912477,2025-02-01,36.0
52.271999999997206,48.49292,2025-02-01,37.0
12.590000000000146,16.950865,2025-02-01,38.0
25.0880000000025,18.433105,2025-02-01,39.0
14.700000000004366,24.875486,2025-02-02,1.0
9.387999999991736,28.120369,2025-02-02,2.0
30.23200000000361,33.26614,2025-02-02,3.0
25.855999999999767,29.985018,2025-02-02,4.0
20.099999999998545,21.32756,2025-02-02,5.0
42.50800000000163,34.342567,2025-02-02,6.0
35.79200000000128,37.366917,2025-02-02,7.0
25.09200000000419,20.467485,2025-02-02,8.0
31.268000000003667,34.34811,2025-02-02,9.0
14.4109999999966,29.414352,2025-02-02,10.0
18.520000000004075,36.268303,2025-02-02,11.0
10.4199999999983,12.549654,2025-02-02,12.0
70.07200000000012,60.859398,2025-02-02,13.0
43.26799999999639,40.35446,2025-02-02,14.0
50.5428000000017,40.975204,2025-02-02,15.0
22.86399999999412,27.515148,2025-02-02,16.0
17.7699999999968,12.709764,2025-02-02,17.0
11.351999999999,22.37719,2025-02-02,18.0
18.52999999999884,22.701408,2025-02-02,19.0
18.639999999999414,22.784023,2025-02-02,20.0
35.96800000000076,40.66301,2025-02-02,21.0
36.6827555905526,42.960148,2025-02-02,22.0
44.14800000000105,38.5298,2025-02-02,23.0
12.135999999998605,25.478794,2025-02-02,24.0
20.87199999999575,18.414827,2025-02-02,25.0
19.4800000000032,17.45581,2025-02-02,26.0
23.252000000000407,23.328642,2025-02-02,27.0
19.32800000000134,26.04761,2025-02-02,28.0
33.04799999999523,38.632248,2025-02-02,29.0
33.2579999999981,36.321117,2025-02-02,30.0
48.53600000000733,40.273117,2025-02-02,31.0
46.5280000000057,51.67332,2025-02-02,32.0
6.78799999999319,26.26538,2025-02-02,33.0
10.0200000000041,22.801325,2025-02-02,34.0
9.072000000000116,35.444683,2025-02-02,35.0
24.26799999999639,20.03,2025-02-02,36.0
52.7280000000028,56.250385,2025-02-02,37.0
17.209999999999127,16.289614,2025-02-02,38.0
11.1319999999978,17.44927,2025-02-02,39.0
23.891999999999825,20.223686,2025-02-03,1.0
32.69200000001001,22.817305,2025-02-03,2.0
43.0679999999993,28.111605,2025-02-03,3.0
17.00800000000163,25.830904,2025-02-03,4.0
21.16000000000349,18.344656,2025-02-03,5.0
51.26799999999639,28.200031,2025-02-03,6.0
38.620000000009895,31.14,2025-02-03,7.0
21.97200000000157,19.51873,2025-02-03,8.0
25.5199999999968,27.433115,2025-02-03,9.0
30.708000000005995,23.185602,2025-02-03,10.0
19.971999999994296,27.981537,2025-02-03,11.0
12.63000000000102,11.343389,2025-02-03,12.0
72.75999999999476,53.598835,2025-02-03,13.0
44.62800000000425,37.878616,2025-02-03,14.0
29.735999999997148,39.27805,2025-02-03,15.0
20.2580000000054,22.788647,2025-02-03,16.0
8.460000000002765,11.654827,2025-02-03,17.0
10.8680000000022,17.767696,2025-02-03,18.0
28.0280000000009,19.63312,2025-02-03,19.0
23.389999999999414,22.263855,2025-02-03,20.0
27.76000000000204,34.306477,2025-02-03,21.0
37.8100685905112,38.051636,2025-02-03,22.0
37.39999999999418,22.636335,2025-02-03,23.0
9.87199999999575,24.45881,2025-02-03,24.0
20.16800000000512,16.202906,2025-02-03,25.0
21.55200000000332,19.1879,2025-02-03,26.0
11.148000000001,18.214355,2025-02-03,27.0
17.288000000000466,24.484058,2025-02-03,28.0
41.8228000000005,32.32665,2025-02-03,29.0
30.9320000000007,29.392447,2025-02-03,30.0
28.952000000004773,37.467014,2025-02-03,31.0
54.79200000000128,47.917236,2025-02-03,32.0
7.4120000000039,17.250307,2025-02-03,33.0
10.4199999999983,19.062263,2025-02-03,34.0
36.1120000000018,28.572561,2025-02-03,35.0
21.79200000000128,19.29798,2025-02-03,36.0
75.51999999998952,50.186604,2025-02-03,37.0
17.549999999999272,15.812099,2025-02-03,38.0
10.131999999997788,19.13161,2025-02-03,39.0
14.427999999999884,19.26062,2025-02-04,1.0
10.7200000000012,21.874846,2025-02-04,2.0
28.70799999999872,26.989845,2025-02-04,3.0
13.279999999998836,25.880577,2025-02-04,4.0
22.507999999994357,15.871139,2025-02-04,5.0
61.9428000000031,29.390987,2025-02-04,6.0
31.619999999995343,30.483023,2025-02-04,7.0
29.70799999999872,19.257357,2025-02-04,8.0
17.18000000000029,25.603975,2025-02-04,9.0
32.99199999999837,19.015804,2025-02-04,10.0
24.148000000001048,25.8162,2025-02-04,11.0
12.5,11.125583,2025-02-04,12.0
54.4800000000032,47.98301,2025-02-04,13.0
48.66399999999703,32.09909,2025-02-04,14.0
46.222800000002,34.960926,2025-02-04,15.0
19.0,21.82278,2025-02-04,16.0
17.279999999998836,10.349436,2025-02-04,17.0
16.9800000000032,16.20097,2025-02-04,18.0
14.899999999997815,18.349634,2025-02-04,19.0
17.700000000000728,18.869173,2025-02-04,20.0
30.743999999998778,28.906155,2025-02-04,21.0
53.68000000000029,33.865494,2025-02-04,22.0
45.0628000000058,23.214666,2025-02-04,23.0
48.87200000000303,22.458794,2025-02-04,24.0
20.19199999999546,15.064488,2025-02-04,25.0
22.37599999999657,15.729501,2025-02-04,26.0
13.0109999999952,16.183283,2025-02-04,27.0
42.83200000000216,17.54224,2025-02-04,28.0
29.46800000000076,30.683224,2025-02-04,29.0
22.987999999997555,28.733665,2025-02-04,30.0
36.69599999999628,35.19117,2025-02-04,31.0
61.447999999989406,43.25283,2025-02-04,32.0
8.487999999997555,16.759665,2025-02-04,33.0
16.427999999999884,20.782461,2025-02-04,34.0
46.21600000000035,27.487562,2025-02-04,35.0
11.648000000001,16.317287,2025-02-04,36.0
55.58000000000175,45.658096,2025-02-04,37.0
11.1000000000022,15.13555,2025-02-04,38.0
21.02799999999843,17.061796,2025-02-04,39.0
29.131999999997788,25.816154,2025-02-05,1.0
30.979999999995925,26.63015,2025-02-05,2.0
33.9519999999975,34.62624,2025-02-05,3.0
29.16000000000349,27.821766,2025-02-05,4.0
14.0228000000049,19.117214,2025-02-05,5.0
43.5679999999993,32.217083,2025-02-05,6.0
32.10000000000582,34.928474,2025-02-05,7.0
35.02799999999843,22.04993,2025-02-05,8.0
30.60800000000017,29.19468,2025-02-05,9.0
29.031999999999243,21.707445,2025-02-05,10.0
20.959999999999127,27.024092,2025-02-05,11.0
12.639999999999418,13.0138035,2025-02-05,12.0
56.67199999999866,65.26821,2025-02-05,13.0
48.80000000000291,39.20983,2025-02-05,14.0
45.0280000000009,36.316273,2025-02-05,15.0
23.851999999998952,25.521814,2025-02-05,16.0
14.849999999998545,10.487624,2025-02-05,17.0
13.5,17.158062,2025-02-05,18.0
37.6500000000011,21.601696,2025-02-05,19.0
36.52000000000044,19.89948,2025-02-05,20.0
46.26799999999639,33.41888,2025-02-05,21.0
43.13999999999942,35.78941,2025-02-05,22.0
55.75999999999476,30.639997,2025-02-05,23.0
13.108000000000176,23.955898,2025-02-05,24.0
20.848000000005413,18.065632,2025-02-05,25.0
21.8628000000014,17.105398,2025-02-05,26.0
25.2880000000031,20.125774,2025-02-05,27.0
24.57999999999447,20.686502,2025-02-05,28.0
49.73200000000361,35.585682,2025-02-05,29.0
42.2109999999995,31.456123,2025-02-05,30.0
48.1428000000002,38.867676,2025-02-05,31.0
47.512000000002445,48.50491,2025-02-05,32.0
8.560000000004948,16.454344,2025-02-05,33.0
18.0280000000009,17.917997,2025-02-05,34.0
18.5428000000017,26.997616,2025-02-05,35.0
26.839999999996508,19.53715,2025-02-05,36.0
58.55999999999767,55.555767,2025-02-05,37.0
14.049999999999272,17.032972,2025-02-05,38.0
27.12000000000262,18.05176,2025-02-05,39.0
9.728000000002794,26.06901,2025-02-06,1.0
16.279999999998836,30.765068,2025-02-06,2.0
39.88000000000466,36.62861,2025-02-06,3.0
24.9360000000011,31.187876,2025-02-06,4.0
6.73599999999711,19.907665,2025-02-06,5.0
62.84799999999814,38.855663,2025-02-06,6.0
42.54799999999523,37.88811,2025-02-06,7.0
23.31999999999971,26.009043,2025-02-06,8.0
26.1428000000002,31.05473,2025-02-06,9.0
25.31999999999971,24.860178,2025-02-06,10.0
26.672000000005937,27.533442,2025-02-06,11.0
17.020000000000437,12.924307,2025-02-06,12.0
68.25600000000122,63.440544,2025-02-06,13.0
51.69599999999628,43.56252,2025-02-06,14.0
38.93599999999424,39.20668,2025-02-06,15.0
29.26799999999639,26.704412,2025-02-06,16.0
2.7280000000016,12.999716,2025-02-06,17.0
31.099999999998545,15.678517,2025-02-06,18.0
25.109999999999,24.242935,2025-02-06,19.0
16.32999999999811,25.958338,2025-02-06,20.0
19.852000000006228,37.898624,2025-02-06,21.0
39.6876761959975,41.057255,2025-02-06,22.0
42.57600000000093,34.754326,2025-02-06,23.0
25.5080000000016,29.354214,2025-02-06,24.0
17.551999999996042,20.559237,2025-02-06,25.0
12.760000000002035,19.813753,2025-02-06,26.0
12.5199999999968,21.06904,2025-02-06,27.0
37.9280000000023,27.84251,2025-02-06,28.0
36.0,37.639668,2025-02-06,29.0
25.080000000001743,30.447638,2025-02-06,30.0
48.5028000000008,43.61463,2025-02-06,31.0
63.4628000000072,54.048275,2025-02-06,32.0
45.2879999999958,18.697176,2025-02-06,33.0
17.652000000001863,24.984312,2025-02-06,34.0
18.2579999999981,29.308413,2025-02-06,35.0
22.0280000000009,21.657125,2025-02-06,36.0
45.0280000000081,56.902,2025-02-06,37.0
25.77999999999884,20.012535,2025-02-06,38.0
18.0,20.601067,2025-02-06,39.0
26.1099999999953,22.4801,2025-02-07,1.0
33.520000000004075,25.22183,2025-02-07,2.0
43.479999999995925,34.75554,2025-02-07,3.0
44.0,27.706783,2025-02-07,4.0
11.851999999999,20.90798,2025-02-07,5.0
35.2280000000052,42.978333,2025-02-07,6.0
31.53200000000652,35.14988,2025-02-07,7.0
24.4320000000007,31.536095,2025-02-07,8.0
37.98799999999756,26.560177,2025-02-07,9.0
32.52799999999843,23.48775,2025-02-07,10.0
25.339999999996508,24.61583,2025-02-07,11.0
4.11999999999985,13.445486,2025-02-07,12.0
63.2800000000011,62.097076,2025-02-07,13.0
50.771999999997206,44.062183,2025-02-07,14.0
28.8120000000054,34.97209,2025-02-07,15.0
21.61200000000099,23.171442,2025-02-07,16.0
11.0999999999985,12.008815,2025-02-07,17.0
21.5,16.218824,2025-02-07,18.0
21.56000000000131,21.264843,2025-02-07,19.0
25.9300000000003,23.39184,2025-02-07,20.0
30.43999999999505,36.350338,2025-02-07,21.0
38.7067359388949,36.340153,2025-02-07,22.0
46.25200000000041,35.574547,2025-02-07,23.0
23.8109999999981,24.938004,2025-02-07,24.0
23.599999999998545,20.997602,2025-02-07,25.0
20.987999999997555,18.957731,2025-02-07,26.0
11.6399999999994,19.368677,2025-02-07,27.0
27.512000000002445,24.661434,2025-02-07,28.0
25.148000000001048,36.335495,2025-02-07,29.0
37.72000000000117,31.431026,2025-02-07,30.0
56.39999999999418,41.288666,2025-02-07,31.0
61.83999999999651,52.03355,2025-02-07,32.0
53.65200000000186,16.555983,2025-02-07,33.0
22.731999999996333,22.106041,2025-02-07,34.0
37.36000000000058,26.31669,2025-02-07,35.0
20.12000000000262,18.545914,2025-02-07,36.0
35.33199999999488,55.737053,2025-02-07,37.0
12.479999999999563,16.525486,2025-02-07,38.0
28.860000000000586,22.052086,2025-02-07,39.0
19.5679999999993,17.180304,2025-02-08,1.0
10.3199999999924,21.36702,2025-02-08,2.0
43.62000000000262,29.928028,2025-02-08,3.0
30.288000000000466,25.450186,2025-02-08,4.0
11.6800000000003,17.660624,2025-02-08,5.0
44.1428000000002,38.581337,2025-02-08,6.0
37.33199999999488,29.467583,2025-02-08,7.0
36.0480000000025,25.822704,2025-02-08,8.0
29.380000000004657,23.820004,2025-02-08,9.0
31.419999999998254,23.712608,2025-02-08,10.0
41.23999999999796,19.611412,2025-02-08,11.0
11.1700000000019,9.633443,2025-02-08,12.0
54.68000000000029,51.34407,2025-02-08,13.0
50.4120000000039,37.694416,2025-02-08,14.0
56.93999999999505,31.740318,2025-02-08,15.0
14.4800000000032,22.900972,2025-02-08,16.0
18.460000000002765,9.352544,2025-02-08,17.0
27.839999999996508,14.566379,2025-02-08,18.0
23.919999999998254,21.678268,2025-02-08,19.0
25.459999999999127,23.033504,2025-02-08,20.0
25.5760000000009,28.44882,2025-02-08,21.0
26.731999999996333,33.984295,2025-02-08,22.0
61.08000000000175,30.443813,2025-02-08,23.0
28.0679999999993,22.605278,2025-02-08,24.0
21.0280000000009,16.20265,2025-02-08,25.0
27.77199999999721,14.687324,2025-02-08,26.0
23.47200000000157,15.608705,2025-02-08,27.0
32.1099999999953,21.346586,2025-02-08,28.0
51.05999999999767,31.948025,2025-02-08,29.0
21.32800000000134,25.897629,2025-02-08,30.0
44.95200000000477,37.046715,2025-02-08,31.0
64.9360000000011,48.1044,2025-02-08,32.0
6.099999999998545,18.903196,2025-02-08,33.0
7.027999999998428,14.193465,2025-02-08,34.0
22.091999999996915,26.334923,2025-02-08,35.0
11.182800000001,16.647242,2025-02-08,36.0
75.2560000000085,48.921543,2025-02-08,37.0
31.209999999999127,10.723132,2025-02-08,38.0
14.739999999997965,18.39932,2025-02-08,39.0
11.4639999999999,22.887985,2025-02-09,1.0
25.1020000000083,27.237385,2025-02-09,2.0
36.05999999999767,34.214138,2025-02-09,3.0
38.04799999999523,28.526875,2025-02-09,4.0
7.580000000001746,20.041475,2025-02-09,5.0
65.23999999999796,44.417427,2025-02-09,6.0
33.85599999999977,35.640198,2025-02-09,7.0
30.451999999997497,29.694077,2025-02-09,8.0
26.5,28.944002,2025-02-09,9.0
44.2500000000038,29.624584,2025-02-09,10.0
31.012000000002445,25.663177,2025-02-09,11.0
18.1199999999999,11.586545,2025-02-09,12.0
55.4320000000007,55.599487,2025-02-09,13.0
46.908000000003085,45.0597,2025-02-09,14.0
54.28000000000611,38.17931,2025-02-09,15.0
16.807999999997264,26.633884,2025-02-09,16.0
16.969999999997526,12.3111315,2025-02-09,17.0
6.548000000002503,19.189682,2025-02-09,18.0
24.2280000000016,24.749456,2025-02-09,19.0
38.06000000000131,25.227924,2025-02-09,20.0
33.9028000000023,35.16892,2025-02-09,21.0
38.76000000000204,39.05859,2025-02-09,22.0
11.051999999996,38.363182,2025-02-09,23.0
25.3839999999982,27.116426,2025-02-09,24.0
23.167999999997846,20.823145,2025-02-09,25.0
14.175999999999476,22.324623,2025-02-09,26.0
25.86800000000221,19.483816,2025-02-09,27.0
18.456000000005588,27.724745,2025-02-09,28.0
46.0879999999961,36.135437,2025-02-09,29.0
37.39199999999983,32.34489,2025-02-09,30.0
28.5999999999913,44.370335,2025-02-09,31.0
55.36800000000221,55.67636,2025-02-09,32.0
5.5679999999993015,26.031782,2025-02-09,33.0
12.360000000000582,19.685488,2025-02-09,34.0
31.167999999997846,28.255022,2025-02-09,35.0
24.919999999998254,20.389229,2025-02-09,36.0
56.919999999998254,53.338745,2025-02-09,37.0
16.2300000000032,17.243118,2025-02-09,38.0
20.30000000000291,23.564882,2025-02-09,39.0
9.056000000004133,20.452572,2025-02-10,1.0
10.227999999988242,25.736298,2025-02-10,2.0
46.77999999999884,35.05012,2025-02-10,3.0
29.1099999999953,28.091316,2025-02-10,4.0
13.5,19.460255,2025-02-10,5.0
48.0679999999993,41.91751,2025-02-10,6.0
32.771999999997206,34.958233,2025-02-10,7.0
23.61200000000099,29.106813,2025-02-10,8.0
28.5879999999961,29.411726,2025-02-10,9.0
30.37999999999738,29.27085,2025-02-10,10.0
25.0480000000025,27.250332,2025-02-10,11.0
9.10999999999898,13.168947,2025-02-10,12.0
58.39199999999983,50.89162,2025-02-10,13.0
47.1199999999962,44.48333,2025-02-10,14.0
45.1199999999962,40.713215,2025-02-10,15.0
21.9280000000023,23.527401,2025-02-10,16.0
12.9280000000023,11.372269,2025-02-10,17.0
13.080000000001746,20.461767,2025-02-10,18.0
18.590000000000146,21.541357,2025-02-10,19.0
21.470000000001164,22.599512,2025-02-10,20.0
31.2879999999958,32.220642,2025-02-10,21.0
37.5418282511132,36.670788,2025-02-10,22.0
9.747999999999593,41.449013,2025-02-10,23.0
17.656000000002678,24.763622,2025-02-10,24.0
13.372000000003029,19.917187,2025-02-10,25.0
28.351999999998952,21.27145,2025-02-10,26.0
10.5800000000017,18.208584,2025-02-10,27.0
20.971999999994296,27.735237,2025-02-10,28.0
25.3828000000055,34.576084,2025-02-10,29.0
30.799999999995634,29.475481,2025-02-10,30.0
46.52000000000408,42.94603,2025-02-10,31.0
64.65600000000268,54.857388,2025-02-10,32.0
5.560000000004948,18.067028,2025-02-10,33.0
16.61200000000099,21.342516,2025-02-10,34.0
4.368000000002212,24.722271,2025-02-10,35.0
16.70799999999872,18.868818,2025-02-10,36.0
63.8628000000014,49.3524,2025-02-10,37.0
14.319999999999707,17.1912,2025-02-10,38.0
22.220000000001164,19.493895,2025-02-10,39.0
41.02399999999761,21.741356,2025-02-11,1.0
8.60000000000582,26.17136,2025-02-11,2.0
31.76000000000204,33.94311,2025-02-11,3.0
35.17600000000675,30.658546,2025-02-11,4.0
14.680000000000293,17.480658,2025-02-11,5.0
51.58000000000175,41.696,2025-02-11,6.0
28.8399999999965,33.505142,2025-02-11,7.0
26.648000000001048,28.422861,2025-02-11,8.0
29.55999999999767,29.532455,2025-02-11,9.0
36.0280000000009,29.720764,2025-02-11,10.0
23.87999999999738,27.552797,2025-02-11,11.0
10.5200000000004,12.401973,2025-02-11,12.0
60.19999999999709,47.646454,2025-02-11,13.0
44.63999999999942,42.536026,2025-02-11,14.0
43.37999999999738,38.90353,2025-02-11,15.0
28.839999999996508,22.214773,2025-02-11,16.0
11.4499999999971,12.033308,2025-02-11,17.0
23.583999999995285,21.693918,2025-02-11,18.0
25.959999999999127,23.642931,2025-02-11,19.0
26.46999999999753,25.920732,2025-02-11,20.0
25.5280000000009,32.194798,2025-02-11,21.0
37.7009503390094,36.772453,2025-02-11,22.0
18.94800000000396,38.251564,2025-02-11,23.0
29.98399999999674,26.906734,2025-02-11,24.0
17.0,20.170452,2025-02-11,25.0
27.568000000006577,18.319883,2025-02-11,26.0
12.0199999999968,19.773024,2025-02-11,27.0
17.427999999999884,27.520233,2025-02-11,28.0
28.627999999996973,34.656086,2025-02-11,29.0
13.968000000000757,29.914892,2025-02-11,30.0
30.703999999997905,41.99284,2025-02-11,31.0
52.36799999998766,55.8915,2025-02-11,32.0
5.572000000000116,17.804827,2025-02-11,33.0
10.720000000001164,18.109465,2025-02-11,34.0
25.97200000000157,26.890972,2025-02-11,35.0
24.20000000000437,18.440935,2025-02-11,36.0
60.0119999999887,48.66846,2025-02-11,37.0
17.7599999999984,17.5904,2025-02-11,38.0
19.919999999998254,21.582323,2025-02-11,39.0
6.959999999999127,21.08934,2025-02-12,1.0
33.39999999999418,26.492483,2025-02-12,2.0
39.0679999999993,41.08644,2025-02-12,3.0
32.59200000000419,34.99164,2025-02-12,4.0
19.747999999999596,18.64093,2025-02-12,5.0
33.04799999999523,43.53804,2025-02-12,6.0
33.33200000000943,37.732773,2025-02-12,7.0
24.0,31.619684,2025-02-12,8.0
25.0628000000058,31.234503,2025-02-12,9.0
27.05999999999767,34.98473,2025-02-12,10.0
26.959999999999127,31.084864,2025-02-12,11.0
14.25,13.484685,2025-02-12,12.0
55.908000000003085,63.98729,2025-02-12,13.0
46.58000000000175,50.86322,2025-02-12,14.0
38.29200000000128,47.720016,2025-02-12,15.0
25.8109999999981,24.949648,2025-02-12,16.0
14.5280000000009,12.796507,2025-02-12,17.0
14.50800000000163,21.706081,2025-02-12,18.0
28.869999999999,24.591522,2025-02-12,19.0
28.13000000000102,25.489008,2025-02-12,20.0
30.080000000001743,36.849266,2025-02-12,21.0
36.90799999999581,45.00081,2025-02-12,22.0
45.36000000000058,38.230236,2025-02-12,23.0
4.92000000000553,28.33495,2025-02-12,24.0
22.50800000000163,21.790108,2025-02-12,25.0
20.791999999994005,22.02289,2025-02-12,26.0
25.612000000001,20.5736,2025-02-12,27.0
27.27200000000448,30.90315,2025-02-12,28.0
50.5280000000009,41.38591,2025-02-12,29.0
27.67199999999866,35.24298,2025-02-12,30.0
44.21600000000035,49.4584,2025-02-12,31.0
53.1120000000018,66.4592,2025-02-12,32.0
11.3999999999942,18.447067,2025-02-12,33.0
14.135999999998605,22.244635,2025-02-12,34.0
43.63999999999942,26.948929,2025-02-12,35.0
24.49199999999837,20.337334,2025-02-12,36.0
48.78399999999965,56.534634,2025-02-12,37.0
24.31999999999971,19.352276,2025-02-12,38.0
24.1199999999962,25.422712,2025-02-12,39.0
24.0679999999993,24.50995,2025-02-13,1.0
25.3800000000047,26.364985,2025-02-13,2.0
46.97200000000157,39.557323,2025-02-13,3.0
33.76799999999639,38.875206,2025-02-13,4.0
1.54280000000169,17.289574,2025-02-13,5.0
45.31200000000536,42.009464,2025-02-13,6.0
25.4280000000023,36.99942,2025-02-13,7.0
31.20799999999872,30.311216,2025-02-13,8.0
30.17599999999948,33.494225,2025-02-13,9.0
22.59200000000419,32.885895,2025-02-13,10.0
20.8280000000038,30.408428,2025-02-13,11.0
10.7200000000012,12.332132,2025-02-13,12.0
56.4519999999975,53.828804,2025-02-13,13.0
42.03199999999924,43.006535,2025-02-13,14.0
50.8119999999989,41.499557,2025-02-13,15.0
33.00800000000163,26.473776,2025-02-13,16.0
16.010000000002037,13.284154,2025-02-13,17.0
12.319999999999707,20.940493,2025-02-13,18.0
21.460000000002765,25.344511,2025-02-13,19.0
30.139999999999414,26.51075,2025-02-13,20.0
39.63999999999942,34.10734,2025-02-13,21.0
68.42799999999988,37.10589,2025-02-13,22.0
31.063999999998487,29.92349,2025-02-13,23.0
25.5279999999984,27.344406,2025-02-13,24.0
11.0,20.987309,2025-02-13,25.0
23.872000000003027,21.33055,2025-02-13,26.0
14.2579999999981,19.50496,2025-02-13,27.0
4.351999999998952,27.096182,2025-02-13,28.0
11.9279999999999,36.504665,2025-02-13,29.0
25.0480000000025,31.526854,2025-02-13,30.0
39.16000000000349,44.38166,2025-02-13,31.0
49.1120000000018,55.91968,2025-02-13,32.0
8.851999999998952,18.802341,2025-02-13,33.0
26.42399999999907,21.772463,2025-02-13,34.0
20.091999999996915,24.246952,2025-02-13,35.0
16.18800000000192,19.267471,2025-02-13,36.0
44.0,48.42681,2025-02-13,37.0
16.67000000000189,20.08976,2025-02-13,38.0
20.10800000000017,23.130697,2025-02-13,39.0
17.660000000003492,19.692327,2025-02-14,1.0
8.872000000003027,23.95856,2025-02-14,2.0
44.76000000000204,33.116646,2025-02-14,3.0
28.1600000000035,34.492615,2025-02-14,4.0
10.4680000000008,15.569698,2025-02-14,5.0
57.0280000000009,33.71216,2025-02-14,6.0
42.84799999999814,30.331944,2025-02-14,7.0
24.79200000000128,26.595577,2025-02-14,8.0
20.023999999997613,27.924915,2025-02-14,9.0
33.788000000000466,30.98272,2025-02-14,10.0
21.479999999995925,25.385124,2025-02-14,11.0
14.549999999999272,11.132564,2025-02-14,12.0
46.375999999996566,44.16434,2025-02-14,13.0
41.09599999999773,38.85882,2025-02-14,14.0
51.4320000000007,37.22386,2025-02-14,15.0
19.18000000000029,23.065228,2025-02-14,16.0
8.399999999997817,11.037065,2025-02-14,17.0
25.02799999999843,19.29186,2025-02-14,18.0
24.19999999999709,21.945557,2025-02-14,19.0
24.950000000000728,22.671135,2025-02-14,20.0
38.77999999999884,27.60379,2025-02-14,21.0
21.6628000000043,32.60332,2025-02-14,22.0
47.37600000000384,22.893053,2025-02-14,23.0
29.580000000001743,24.986431,2025-02-14,24.0
19.9109999999966,18.101412,2025-02-14,25.0
25.21600000000035,20.046549,2025-02-14,26.0
10.18800000000192,17.426638,2025-02-14,27.0
7.82800000000125,22.564375,2025-02-14,28.0
43.17199999999866,32.15688,2025-02-14,29.0
24.44800000000396,27.337317,2025-02-14,30.0
47.73600000000442,38.087257,2025-02-14,31.0
46.80800000000454,47.89723,2025-02-14,32.0
8.528000000005704,14.3383665,2025-02-14,33.0
24.01600000000326,16.316286,2025-02-14,34.0
37.5679999999993,24.85954,2025-02-14,35.0
10.819999999999707,18.233932,2025-02-14,36.0
44.0679999999993,42.048325,2025-02-14,37.0
13.93999999999869,16.934769,2025-02-14,38.0
17.12000000000262,20.403074,2025-02-14,39.0
22.62000000000262,23.517485,2025-02-15,1.0
9.00800000000163,29.312332,2025-02-15,2.0
26.69999999999709,40.54182,2025-02-15,3.0
28.5109999999879,41.64188,2025-02-15,4.0
10.7319999999963,18.34162,2025-02-15,5.0
48.9109999999966,43.423996,2025-02-15,6.0
33.63999999999942,36.092903,2025-02-15,7.0
21.591999999996915,31.234068,2025-02-15,8.0
32.0480000000025,34.160767,2025-02-15,9.0
31.360000000000586,34.91085,2025-02-15,10.0
17.072000000000116,32.538418,2025-02-15,11.0
22.52000000000044,14.79723,2025-02-15,12.0
51.03199999999924,48.920044,2025-02-15,13.0
45.72000000000117,42.285316,2025-02-15,14.0
37.4800000000032,37.54114,2025-02-15,15.0
26.860000000000586,28.324919,2025-02-15,16.0
12.580000000001746,15.663535,2025-02-15,17.0
12.61200000000099,21.763477,2025-02-15,18.0
22.6500000000011,25.786655,2025-02-15,19.0
25.25,26.74661,2025-02-15,20.0
32.608000000000175,33.770294,2025-02-15,21.0
28.5562531697204,38.395912,2025-02-15,22.0
35.13199999999779,34.11441,2025-02-15,23.0
19.2579999999981,27.763655,2025-02-15,24.0
17.779999999998836,23.922764,2025-02-15,25.0
7.091999999996915,25.099428,2025-02-15,26.0
19.012000000002445,22.594015,2025-02-15,27.0
9.331999999994878,26.129133,2025-02-15,28.0
37.31999999999971,35.679565,2025-02-15,29.0
37.94399999999587,32.474617,2025-02-15,30.0
31.96799999999348,43.506893,2025-02-15,31.0
63.463999999992666,52.62248,2025-02-15,32.0
22.39999999999418,18.594032,2025-02-15,33.0
10.98399999999674,20.337927,2025-02-15,34.0
10.1280000000067,30.187891,2025-02-15,35.0
14.979999999995924,21.336123,2025-02-15,36.0
66.97200000000885,53.31227,2025-02-15,37.0
17.36999999999898,21.348835,2025-02-15,38.0
11.851999999999,25.228012,2025-02-15,39.0
17.55999999999767,19.834053,2025-02-16,1.0
25.839999999996508,22.028181,2025-02-16,2.0
25.5520000000033,34.44391,2025-02-16,3.0
48.2880000000104,34.90415,2025-02-16,4.0
10.648000000001,14.41697,2025-02-16,5.0
47.45599999999831,37.553005,2025-02-16,6.0
36.84799999999814,31.182934,2025-02-16,7.0
21.57600000000093,27.270355,2025-02-16,8.0
30.239999999997963,27.321405,2025-02-16,9.0
28.360000000000586,32.89491,2025-02-16,10.0
24.228000000002798,27.239094,2025-02-16,11.0
23.7599999999984,12.201693,2025-02-16,12.0
45.208000000006,45.922523,2025-02-16,13.0
45.05200000000332,34.66702,2025-02-16,14.0
28.7920000000013,39.763767,2025-02-16,15.0
14.7109999999995,25.883076,2025-02-16,16.0
10.1499999999978,12.686307,2025-02-16,17.0
17.260000000002037,19.059359,2025-02-16,18.0
20.790000000000877,21.94611,2025-02-16,19.0
38.13000000000102,22.25254,2025-02-16,20.0
20.3028000000037,32.244106,2025-02-16,21.0
35.3935452426273,37.46241,2025-02-16,22.0
28.5,26.871355,2025-02-16,23.0
10.1999999999971,24.311525,2025-02-16,24.0
18.82800000000134,17.352625,2025-02-16,25.0
36.53199999999924,21.476782,2025-02-16,26.0
20.90799999999581,18.451704,2025-02-16,27.0
25.908000000003085,18.891056,2025-02-16,28.0
31.427999999999884,33.23313,2025-02-16,29.0
22.2880000000031,26.103588,2025-02-16,30.0
35.720000000001164,35.465534,2025-02-16,31.0
56.79200000000128,47.453896,2025-02-16,32.0
32.608000000000175,8.696005,2025-02-16,33.0
14.0280000000009,18.03935,2025-02-16,34.0
2.539999999993597,23.652592,2025-02-16,35.0
25.099999999998545,17.221727,2025-02-16,36.0
65.80000000000291,46.741016,2025-02-16,37.0
23.459999999999127,18.456488,2025-02-16,38.0
13.092000000004193,21.011688,2025-02-16,39.0
10.8399999999965,20.75355,2025-02-17,1.0
25.20799999999872,23.841667,2025-02-17,2.0
39.1099999999953,36.305008,2025-02-17,3.0
47.3109999999908,33.81037,2025-02-17,4.0
14.67199999999866,18.087284,2025-02-17,5.0
50.7109999999995,39.178604,2025-02-17,6.0
31.7109999999995,31.226902,2025-02-17,7.0
25.3839999999982,25.89113,2025-02-17,8.0
26.391999999999825,26.711502,2025-02-17,9.0
31.31999999999971,30.086086,2025-02-17,10.0
27.9320000000007,24.267101,2025-02-17,11.0
10.290000000000871,12.980993,2025-02-17,12.0
28.67199999999866,46.981926,2025-02-17,13.0
44.45999999999913,39.82283,2025-02-17,14.0
45.867999999994936,40.564777,2025-02-17,15.0
22.256000000001222,24.844141,2025-02-17,16.0
13.950000000000728,11.260607,2025-02-17,17.0
2.82800000000378,16.921064,2025-02-17,18.0
26.450000000000728,21.43334,2025-02-17,19.0
24.729999999999563,26.287132,2025-02-17,20.0
32.33599999999569,31.325962,2025-02-17,21.0
31.855999999999767,36.07092,2025-02-17,22.0
38.24799999999959,25.713223,2025-02-17,23.0
13.891999999999824,22.085836,2025-02-17,24.0
17.959999999999127,15.4263115,2025-02-17,25.0
6.368000000002212,19.117725,2025-02-17,26.0
19.0280000000009,16.212048,2025-02-17,27.0
19.50800000000163,15.087683,2025-02-17,28.0
33.13199999999779,31.291384,2025-02-17,29.0
18.459999999999127,25.15384,2025-02-17,30.0
48.096000000005006,36.581955,2025-02-17,31.0
58.95200000000477,48.64595,2025-02-17,32.0
39.13200000000506,11.243577,2025-02-17,33.0
11.0480000000025,17.673643,2025-02-17,34.0
17.4800000000032,20.906227,2025-02-17,35.0
11.5,16.534214,2025-02-17,36.0
64.16799999999057,48.998585,2025-02-17,37.0
16.05000000000291,14.753858,2025-02-17,38.0
11.1199999999962,18.563719,2025-02-17,39.0
23.77200000000448,22.879402,2025-02-18,1.0
9.063999999998488,23.891388,2025-02-18,2.0
39.0280000000009,37.602962,2025-02-18,3.0
44.2528000000109,30.76425,2025-02-18,4.0
10.6160000000018,16.463251,2025-02-18,5.0
42.608000000000175,40.986507,2025-02-18,6.0
25.239999999990687,34.330482,2025-02-18,7.0
28.0280000000009,25.51308,2025-02-18,8.0
25.01600000000326,31.094095,2025-02-18,9.0
25.739999999998,32.18621,2025-02-18,10.0
11.3359999999957,24.549067,2025-02-18,11.0
10.4799999999996,16.525957,2025-02-18,12.0
24.360000000000586,45.54188,2025-02-18,13.0
48.167999999997846,43.212193,2025-02-18,14.0
35.4600000000064,46.739418,2025-02-18,15.0
25.61200000000099,26.388906,2025-02-18,16.0
3.82800000000011,13.896115,2025-02-18,17.0
25.3999999999942,18.47905,2025-02-18,18.0
22.52999999999884,21.632963,2025-02-18,19.0
11.239999999998,27.938118,2025-02-18,20.0
22.872000000003027,32.446697,2025-02-18,21.0
67.66399999999703,41.882088,2025-02-18,22.0
38.1120000000018,28.162474,2025-02-18,23.0
17.760000000002037,21.285212,2025-02-18,24.0
11.4228000000063,17.895142,2025-02-18,25.0
9.279999999998836,25.438059,2025-02-18,26.0
8.98399999999674,18.655165,2025-02-18,27.0
12.61200000000099,16.651766,2025-02-18,28.0
21.20000000000437,31.759872,2025-02-18,29.0
26.22799999999552,27.687223,2025-02-18,30.0
42.98399999999674,42.81994,2025-02-18,31.0
54.1019999999937,46.460037,2025-02-18,32.0
46.299999999995634,20.382362,2025-02-18,33.0
7.480000000003201,19.177227,2025-02-18,34.0
16.76799999999639,23.072018,2025-02-18,35.0
16.708000000005995,17.631424,2025-02-18,36.0
48.47200000000885,46.44083,2025-02-18,37.0
11.4699999999975,19.480495,2025-02-18,38.0
24.01600000000326,18.946896,2025-02-18,39.0
22.536000000000055,18.507298,2025-02-19,1.0
20.81600000000617,22.044394,2025-02-19,2.0
44.096000000005006,30.577517,2025-02-19,3.0
32.655999999988126,31.387669,2025-02-19,4.0
10.4280000000023,13.797055,2025-02-19,5.0
48.35199999999895,32.068104,2025-02-19,6.0
18.2720000000108,31.211973,2025-02-19,7.0
14.788000000000466,23.677986,2025-02-19,8.0
30.1428000000002,27.18145,2025-02-19,9.0
39.4800000000032,27.36701,2025-02-19,10.0
20.31999999999971,21.73897,2025-02-19,11.0
8.59000000000011,11.903113,2025-02-19,12.0
41.79200000000128,39.145096,2025-02-19,13.0
49.0,35.48148,2025-02-19,14.0
46.5399999999936,40.97807,2025-02-19,15.0
19.70799999999872,25.852737,2025-02-19,16.0
14.799999999999272,10.2994375,2025-02-19,17.0
12.2800000000011,16.374546,2025-02-19,18.0
30.729999999999563,22.139244,2025-02-19,19.0
38.7280000000016,22.857134,2025-02-19,20.0
30.080000000001743,30.483372,2025-02-19,21.0
26.44800000000396,35.017754,2025-02-19,22.0
43.25999999999476,28.209557,2025-02-19,23.0
5.760000000002037,18.979,2025-02-19,24.0
22.46799999999348,16.364744,2025-02-19,25.0
9.752000000000407,19.573738,2025-02-19,26.0
25.60000000000582,18.147797,2025-02-19,27.0
6.939999999995052,13.159525,2025-02-19,28.0
23.18000000000029,30.833143,2025-02-19,29.0
35.2528000000046,22.88883,2025-02-19,30.0
44.05599999999686,34.770763,2025-02-19,31.0
56.20800000001327,39.008186,2025-02-19,32.0
13.567999999999302,18.97092,2025-02-19,33.0
14.819999999999707,20.557148,2025-02-19,34.0
29.4628000000072,18.888811,2025-02-19,35.0
39.78399999999965,15.200039,2025-02-19,36.0
64.37599999998929,35.454956,2025-02-19,37.0
20.950000000000728,15.197307,2025-02-19,38.0
16.102000000001,15.910124,2025-02-19,39.0
14.851999999998952,28.610006,2025-02-20,1.0
50.5828000000026,31.86856,2025-02-20,2.0
44.1019999999937,42.09897,2025-02-20,3.0
54.1428000000002,40.78429,2025-02-20,4.0
7.71099999999953,18.155935,2025-02-20,5.0
45.83200000000216,45.484867,2025-02-20,6.0
44.0,40.623253,2025-02-20,7.0
6.52000000000287,31.244202,2025-02-20,8.0
24.29599999999482,34.788418,2025-02-20,9.0
11.5599999999977,30.478746,2025-02-20,10.0
26.1428000000002,28.96653,2025-02-20,11.0
18.4900000000016,15.099819,2025-02-20,12.0
50.49599999999919,48.376064,2025-02-20,13.0
52.23999999999796,46.85932,2025-02-20,14.0
42.74799999999959,42.828682,2025-02-20,15.0
28.692000000002736,31.872908,2025-02-20,16.0
0.8100000000013097,12.054264,2025-02-20,17.0
2.180000000000291,20.473236,2025-02-20,18.0
30.8280000000001,29.165266,2025-02-20,19.0
25.220000000001164,29.584215,2025-02-20,20.0
32.99199999999837,37.97523,2025-02-20,21.0
41.3283564570365,40.15642,2025-02-20,22.0
53.82800000000134,39.433598,2025-02-20,23.0
39.31999999999971,22.542816,2025-02-20,24.0
20.548000000002503,20.218296,2025-02-20,25.0
18.256000000001222,19.756002,2025-02-20,26.0
12.495999999999183,22.355907,2025-02-20,27.0
19.80800000000454,22.40437,2025-02-20,28.0
29.76799999999639,37.740715,2025-02-20,29.0
26.96800000000076,32.34111,2025-02-20,30.0
45.65600000000268,47.682415,2025-02-20,31.0
59.5679999999993,53.353767,2025-02-20,32.0
28.080000000001743,28.099693,2025-02-20,33.0
17.771999999997206,26.701862,2025-02-20,34.0
29.52799999999843,25.065779,2025-02-20,35.0
16.57600000000093,20.187706,2025-02-20,36.0
68.76000000000931,52.01032,2025-02-20,37.0
12.970000000001164,21.543037,2025-02-20,38.0
16.20799999999872,25.04871,2025-02-20,39.0
8.02800000000087,22.621067,2025-02-21,1.0
9.267999999996391,22.668959,2025-02-21,2.0
38.12800000000425,33.594593,2025-02-21,3.0
53.1120000000018,37.736485,2025-02-21,4.0
12.88799999999901,18.378098,2025-02-21,5.0
65.73600000000442,43.599766,2025-02-21,6.0
29.855999999999767,30.463715,2025-02-21,7.0
24.0109999999952,26.79613,2025-02-21,8.0
28.560000000004948,27.695543,2025-02-21,9.0
36.299999999995634,28.708536,2025-02-21,10.0
18.12000000000262,21.532024,2025-02-21,11.0
13.589999999996508,13.978885,2025-02-21,12.0
48.27999999999884,39.346226,2025-02-21,13.0
47.9028000000023,40.14115,2025-02-21,14.0
41.87200000000303,42.78892,2025-02-21,15.0
22.57200000000012,25.036427,2025-02-21,16.0
0.828000000000146,9.630776,2025-02-21,17.0
6.987999999997555,16.785122,2025-02-21,18.0
16.169999999998254,22.42142,2025-02-21,19.0
25.3999999999978,24.424986,2025-02-21,20.0
28.4279999999999,31.465433,2025-02-21,21.0
32.807999999997264,40.887707,2025-02-21,22.0
27.6628000000043,32.918682,2025-02-21,23.0
22.148000000001048,19.481234,2025-02-21,24.0
17.8228000000005,17.436129,2025-02-21,25.0
14.182800000001,16.9181,2025-02-21,26.0
10.351999999998952,19.204418,2025-02-21,27.0
33.9519999999975,17.018515,2025-02-21,28.0
20.61200000000099,29.04544,2025-02-21,29.0
25.3600000000006,28.65299,2025-02-21,30.0
43.9428000000031,40.455082,2025-02-21,31.0
62.23199999998906,48.227573,2025-02-21,32.0
32.03199999999924,24.716438,2025-02-21,33.0
20.167999999997846,19.145992,2025-02-21,34.0
31.60800000000017,18.784988,2025-02-21,35.0
16.17199999999866,20.153414,2025-02-21,36.0
39.25199999999313,49.25123,2025-02-21,37.0
22.090000000000146,17.260172,2025-02-21,38.0
21.639999999999414,18.196934,2025-02-21,39.0
20.360000000000586,19.012642,2025-02-22,1.0
7.987999999997555,25.04043,2025-02-22,2.0
42.70399999999791,30.135597,2025-02-22,3.0
43.77599999999802,32.712536,2025-02-22,4.0
11.8628000000014,16.522188,2025-02-22,5.0
63.25199999999313,32.927242,2025-02-22,6.0
39.99199999999837,28.632204,2025-02-22,7.0
11.9599999999991,21.929962,2025-02-22,8.0
22.07200000000012,25.978247,2025-02-22,9.0
38.2500000000038,28.039871,2025-02-22,10.0
21.89600000000064,19.846958,2025-02-22,11.0
12.910000000003492,13.630424,2025-02-22,12.0
60.78399999999965,31.05911,2025-02-22,13.0
46.59999999999855,34.17808,2025-02-22,14.0
47.87999999999738,32.332527,2025-02-22,15.0
17.175999999999476,22.900967,2025-02-22,16.0
16.2899999999999,9.366105,2025-02-22,17.0
27.73200000000361,15.604949,2025-02-22,18.0
24.5280000000009,21.385805,2025-02-22,19.0
26.27000000000044,22.39387,2025-02-22,20.0
36.31999999999971,28.07869,2025-02-22,21.0
10.3028000000037,33.731426,2025-02-22,22.0
36.6119999999945,26.414642,2025-02-22,23.0
11.9319999999925,19.444523,2025-02-22,24.0
27.20799999999872,16.781462,2025-02-22,25.0
23.5879999999961,15.013801,2025-02-22,26.0
18.27999999999884,16.891218,2025-02-22,27.0
18.52799999999843,17.500513,2025-02-22,28.0
36.29200000000128,28.915749,2025-02-22,29.0
26.007999999994357,26.135078,2025-02-22,30.0
55.8119999999916,35.901257,2025-02-22,31.0
65.16800000000512,38.48201,2025-02-22,32.0
25.8000000000029,26.396393,2025-02-22,33.0
11.7680000000037,16.189163,2025-02-22,34.0
26.091999999996915,18.253223,2025-02-22,35.0
14.860000000000582,18.059084,2025-02-22,36.0
64.45200000000477,39.740547,2025-02-22,37.0
12.200000000000728,16.01971,2025-02-22,38.0
12.559999999997672,17.061806,2025-02-22,39.0
16.0,20.389385,2025-02-23,1.0
9.14280000000023,27.725304,2025-02-23,2.0
42.65600000000268,36.12434,2025-02-23,3.0
51.37600000000384,40.880722,2025-02-23,4.0
21.52799999999843,16.61363,2025-02-23,5.0
66.2800000000011,29.81857,2025-02-23,6.0
32.887999999991735,33.663914,2025-02-23,7.0
31.4800000000032,23.07585,2025-02-23,8.0
27.0879999999961,29.804125,2025-02-23,9.0
33.4320000000007,28.611626,2025-02-23,10.0
16.551999999996042,23.2553,2025-02-23,11.0
10.12999999999738,13.809304,2025-02-23,12.0
37.12000000000262,35.82516,2025-02-23,13.0
45.12800000000425,39.901024,2025-02-23,14.0
47.5280000000057,35.388344,2025-02-23,15.0
23.839999999996508,27.773787,2025-02-23,16.0
19.32999999999811,9.88047,2025-02-23,17.0
13.680000000000293,15.084386,2025-02-23,18.0
35.9280000000023,24.285465,2025-02-23,19.0
31.979999999999563,25.780201,2025-02-23,20.0
26.37199999999575,31.627687,2025-02-23,21.0
24.959999999999127,37.97573,2025-02-23,22.0
44.78399999999965,33.189945,2025-02-23,23.0
25.452000000004773,21.289337,2025-02-23,24.0
23.648000000001048,19.610106,2025-02-23,25.0
29.66800000000512,15.487169,2025-02-23,26.0
26.9800000000032,21.023735,2025-02-23,27.0
28.1120000000018,21.697142,2025-02-23,28.0
26.18800000000192,31.354479,2025-02-23,29.0
33.31999999999971,29.299786,2025-02-23,30.0
48.85599999999977,40.31194,2025-02-23,31.0
57.1019999999937,46.459164,2025-02-23,32.0
25.551999999996,31.58059,2025-02-23,33.0
5.391999999999825,18.066334,2025-02-23,34.0
19.851999999998952,22.242838,2025-02-23,35.0
28.752000000000407,21.540771,2025-02-23,36.0
51.7280000000028,53.346607,2025-02-23,37.0
16.7599999999984,19.104616,2025-02-23,38.0
14.8109999999981,20.471907,2025-02-23,39.0
29.05199999999604,22.013075,2025-02-24,1.0
9.187999999994643,26.26837,2025-02-24,2.0
31.451999999997497,41.25629,2025-02-24,3.0
52.2800000000087,49.58955,2025-02-24,4.0
11.9599999999991,16.985317,2025-02-24,5.0
48.78800000000047,39.2738,2025-02-24,6.0
30.01600000000326,34.922924,2025-02-24,7.0
23.127999999996973,22.381708,2025-02-24,8.0
42.79200000000128,29.873114,2025-02-24,9.0
33.19999999999709,32.193,2025-02-24,10.0
38.4800000000032,25.309523,2025-02-24,11.0
19.65999999999985,14.341719,2025-02-24,12.0
64.17599999999948,42.245453,2025-02-24,13.0
51.5280000000009,46.918106,2025-02-24,14.0
38.102000000001,43.139374,2025-02-24,15.0
25.3109999999981,26.728308,2025-02-24,16.0
14.360000000000582,11.619935,2025-02-24,17.0
20.419999999998254,17.482422,2025-02-24,18.0
23.539999999997235,25.199442,2025-02-24,19.0
24.75,27.459255,2025-02-24,20.0
37.41600000000472,33.41183,2025-02-24,21.0
79.30799999999726,33.167686,2025-02-24,22.0
55.62800000000425,34.19092,2025-02-24,23.0
17.135999999998603,20.092655,2025-02-24,24.0
21.5828000000026,21.554296,2025-02-24,25.0
2.1999999999970896,18.752525,2025-02-24,26.0
27.55999999999767,19.170704,2025-02-24,27.0
4.620000000002619,20.911434,2025-02-24,28.0
45.05199999999604,30.867502,2025-02-24,29.0
23.812000000005355,27.879765,2025-02-24,30.0
47.57600000000093,47.08434,2025-02-24,31.0
69.6628000000043,54.30172,2025-02-24,32.0
39.06800000000658,32.61476,2025-02-24,33.0
18.27999999999884,18.381222,2025-02-24,34.0
33.495999999999185,26.40359,2025-02-24,35.0
11.9359999999942,20.877964,2025-02-24,36.0
84.33999999999651,52.208733,2025-02-24,37.0
12.2280000000016,18.263847,2025-02-24,38.0
17.97200000000157,20.183064,2025-02-24,39.0
21.0880000000025,19.23858,2025-02-25,1.0
35.86000000000058,23.878675,2025-02-25,2.0
49.26000000000204,38.886673,2025-02-25,3.0
55.07200000000012,47.6265,2025-02-25,4.0
16.37999999999738,16.085117,2025-02-25,5.0
52.05200000000332,42.16579,2025-02-25,6.0
45.36800000000221,31.038431,2025-02-25,7.0
31.528000000005704,20.658514,2025-02-25,8.0
28.76799999999639,26.259262,2025-02-25,9.0
41.76000000000204,29.74163,2025-02-25,10.0
19.247999999999596,22.14896,2025-02-25,11.0
12.1199999999999,12.0920925,2025-02-25,12.0
58.9109999999966,39.906296,2025-02-25,13.0
50.5199999999968,44.421154,2025-02-25,14.0
46.03199999999924,41.78897,2025-02-25,15.0
19.952000000004773,24.229622,2025-02-25,16.0
16.30000000000291,10.348287,2025-02-25,17.0
23.5,16.296165,2025-02-25,18.0
32.970000000001164,22.364597,2025-02-25,19.0
30.1100000000011,23.47384,2025-02-25,20.0
35.73199999999633,30.745874,2025-02-25,21.0
3.28000000000146,31.353285,2025-02-25,22.0
53.37999999999738,34.064438,2025-02-25,23.0
27.42399999999907,21.01295,2025-02-25,24.0
14.0879999999961,19.498665,2025-02-25,25.0
2.10399999999936,19.061762,2025-02-25,26.0
14.319999999999707,18.207394,2025-02-25,27.0
11.7479999999996,19.815529,2025-02-25,28.0
41.0480000000025,27.739946,2025-02-25,29.0
32.19999999999709,28.124447,2025-02-25,30.0
45.79200000000128,46.033413,2025-02-25,31.0
68.3028000000037,52.799618,2025-02-25,32.0
41.307999999997264,29.328716,2025-02-25,33.0
14.62000000000262,18.911638,2025-02-25,34.0
14.982800000004,25.58788,2025-02-25,35.0
13.10399999999936,21.498127,2025-02-25,36.0
71.66000000000349,50.62015,2025-02-25,37.0
16.149999999997817,17.516914,2025-02-25,38.0
17.080000000001746,18.930563,2025-02-25,39.0
25.807999999997264,23.511782,2025-02-26,1.0
28.8280000000101,25.805567,2025-02-26,2.0
30.807999999997264,41.6377,2025-02-26,3.0
49.50399999998626,52.56382,2025-02-26,4.0
12.4800000000032,19.865131,2025-02-26,5.0
51.26799999999639,51.316174,2025-02-26,6.0
25.5679999999993,35.278793,2025-02-26,7.0
28.2539999999973,24.92622,2025-02-26,8.0
27.59200000000419,30.92592,2025-02-26,9.0
45.14800000000105,33.26546,2025-02-26,10.0
27.19999999999709,27.175941,2025-02-26,11.0
12.030000000002474,15.429921,2025-02-26,12.0
36.05999999999767,52.55682,2025-02-26,13.0
50.05200000000332,52.341316,2025-02-26,14.0
38.84799999999814,45.401653,2025-02-26,15.0
14.747999999999593,27.9455,2025-02-26,16.0
13.799999999999272,10.461633,2025-02-26,17.0
11.2280000000028,18.920797,2025-02-26,18.0
25.06999999999971,26.808912,2025-02-26,19.0
36.75,27.963533,2025-02-26,20.0
17.760000000002037,33.37137,2025-02-26,21.0
39.1657251716902,35.432793,2025-02-26,22.0
64.7280000000028,45.84565,2025-02-26,23.0
10.775999999998,24.339922,2025-02-26,24.0
21.32800000000134,23.594206,2025-02-26,25.0
19.00800000000163,16.43314,2025-02-26,26.0
31.747999999999596,23.408222,2025-02-26,27.0
25.943999999995867,21.193783,2025-02-26,28.0
39.76799999999639,31.288582,2025-02-26,29.0
23.548000000002503,30.643139,2025-02-26,30.0
55.1120000000018,52.49576,2025-02-26,31.0
65.39999999999418,64.008,2025-02-26,32.0
24.42399999999907,28.613054,2025-02-26,33.0
10.7079999999987,20.497213,2025-02-26,34.0
49.68800000000192,28.810339,2025-02-26,35.0
21.66800000000512,21.737566,2025-02-26,36.0
62.879999999990105,65.51896,2025-02-26,37.0
36.22999999999956,17.55233,2025-02-26,38.0
19.487999999997555,21.333786,2025-02-26,39.0
9.063999999998488,24.927114,2025-02-27,1.0
6.927999999999884,27.95136,2025-02-27,2.0
38.05200000000332,41.822018,2025-02-27,3.0
39.4280000000023,53.449505,2025-02-27,4.0
1.3799999999973809,18.5991,2025-02-27,5.0
46.79200000000128,46.231667,2025-02-27,6.0
28.8479999999981,35.90164,2025-02-27,7.0
36.0,24.550123,2025-02-27,8.0
22.739999999997963,33.06457,2025-02-27,9.0
25.7719999999972,31.669973,2025-02-27,10.0
38.7028000000052,27.16543,2025-02-27,11.0
3.2999999999992724,14.906742,2025-02-27,12.0
26.268000000003667,48.83811,2025-02-27,13.0
42.09599999999773,51.029495,2025-02-27,14.0
44.5,45.905247,2025-02-27,15.0
22.099999999998545,27.219505,2025-02-27,16.0
0.7599999999983993,11.540222,2025-02-27,17.0
12.903999999994994,17.599968,2025-02-27,18.0
20.9000000000011,25.199413,2025-02-27,19.0
21.05000000000291,27.546017,2025-02-27,20.0
48.02799999999843,35.038628,2025-02-27,21.0
39.6811244937305,41.472298,2025-02-27,22.0
60.39199999999983,44.13117,2025-02-27,23.0
30.222800000002,28.354776,2025-02-27,24.0
17.0280000000009,22.857656,2025-02-27,25.0
30.847999999998137,15.558136,2025-02-27,26.0
18.78399999999965,22.335293,2025-02-27,27.0
28.31999999999971,22.913843,2025-02-27,28.0
35.79200000000128,33.04623,2025-02-27,29.0
14.5428000000017,30.704943,2025-02-27,30.0
44.64800000000105,51.80997,2025-02-27,31.0
60.16000000000349,56.892944,2025-02-27,32.0
33.53600000000006,29.650436,2025-02-27,33.0
36.78399999999965,21.196398,2025-02-27,34.0
29.72799999999552,25.911125,2025-02-27,35.0
19.49199999999837,21.037832,2025-02-27,36.0
60.2720000000108,54.82231,2025-02-27,37.0
11.4900000000016,18.722832,2025-02-27,38.0
14.580000000001746,21.158558,2025-02-27,39.0
6.760000000002037,19.301775,2025-02-28,1.0
2.3519999999989523,22.258976,2025-02-28,2.0
14.29200000000128,36.39535,2025-02-28,3.0
72.72000000000116,46.384563,2025-02-28,4.0
0.5600000000049477,16.207207,2025-02-28,5.0
11.1120000000018,40.31564,2025-02-28,6.0
14.080000000001746,33.264748,2025-02-28,7.0
10.8680000000022,22.330242,2025-02-28,8.0
17.61200000000099,28.180101,2025-02-28,9.0
47.5679999999993,30.766285,2025-02-28,10.0
28.479999999995925,22.12519,2025-02-28,11.0
1.97000000000106,13.524643,2025-02-28,12.0
30.031999999999243,44.15087,2025-02-28,13.0
17.652000000001863,42.599815,2025-02-28,14.0
16.451999999997497,36.583313,2025-02-28,15.0
20.648000000001048,22.281055,2025-02-28,16.0
12.190000000002328,10.732322,2025-02-28,17.0
4.62800000000669,18.08485,2025-02-28,18.0
10.319999999999707,23.314137,2025-02-28,19.0
23.869999999995343,23.543484,2025-02-28,20.0
11.3919999999998,29.178602,2025-02-28,21.0
68.27999999999884,28.998888,2025-02-28,22.0
29.55199999999604,40.23755,2025-02-28,23.0
1.82800000000378,22.97892,2025-02-28,24.0
10.7839999999997,18.777956,2025-02-28,25.0
7.49199999999837,14.716996,2025-02-28,26.0
10.487999999997555,19.363798,2025-02-28,27.0
3.32800000000125,18.786154,2025-02-28,28.0
10.62000000000262,30.89597,2025-02-28,29.0
19.927999999999884,25.782589,2025-02-28,30.0
23.320000000006985,43.881622,2025-02-28,31.0
20.16800000000512,50.843006,2025-02-28,32.0
18.599999999998545,29.128784,2025-02-28,33.0
3.02800000000087,18.636335,2025-02-28,34.0
3.052000000003318,24.442184,2025-02-28,35.0
6.239999999997963,16.826874,2025-02-28,36.0
22.495999999999185,49.81733,2025-02-28,37.0
6.569999999999709,18.296122,2025-02-28,38.0
9.987999999997555,17.950596,2025-02-28,39.0
12.127999999996971,22.264566,2025-03-01,1.0
31.239999999990687,24.067785,2025-03-01,2.0
58.807999999997264,43.30424,2025-03-01,3.0
69.62399999999616,56.78915,2025-03-01,4.0
18.69999999999709,17.67575,2025-03-01,5.0
61.98799999999756,47.767563,2025-03-01,6.0
31.9360000000011,37.614204,2025-03-01,7.0
39.2579999999981,30.49245,2025-03-01,8.0
32.63999999999942,31.803438,2025-03-01,9.0
36.0880000000025,39.296886,2025-03-01,10.0
24.927999999999884,30.386364,2025-03-01,11.0
11.1299999999974,12.168374,2025-03-01,12.0
50.87999999999738,48.931858,2025-03-01,13.0
48.09199999999692,49.25046,2025-03-01,14.0
24.427999999999884,42.669197,2025-03-01,15.0
22.05199999999604,25.12773,2025-03-01,16.0
12.37999999999738,11.786484,2025-03-01,17.0
24.5679999999993,20.365225,2025-03-01,18.0
21.61999999999898,27.04783,2025-03-01,19.0
38.9280000000023,28.152079,2025-03-01,20.0
28.9800000000032,35.67818,2025-03-01,21.0
61.62799999999697,33.09255,2025-03-01,22.0
49.5280000000057,49.50585,2025-03-01,23.0
23.536000000000055,25.028282,2025-03-01,24.0
29.080000000001743,22.184023,2025-03-01,25.0
33.05200000000332,18.519289,2025-03-01,26.0
16.208000000005995,25.942131,2025-03-01,27.0
9.88799999999901,25.429775,2025-03-01,28.0
36.307999999997264,37.447132,2025-03-01,29.0
31.27999999999884,28.735107,2025-03-01,30.0
54.83199999999488,54.253757,2025-03-01,31.0
62.9360000000011,59.367657,2025-03-01,32.0
28.3120000000054,34.64617,2025-03-01,33.0
11.0679999999993,18.913795,2025-03-01,34.0
28.6919999999955,29.894156,2025-03-01,35.0
10.8480000000054,19.209394,2025-03-01,36.0
61.27999999999884,59.59977,2025-03-01,37.0
26.7599999999984,18.608643,2025-03-01,38.0
21.639999999999414,18.124575,2025-03-01,39.0
23.2280000000052,16.922113,2025-03-02,1.0
9.79200000000128,18.413963,2025-03-02,2.0
25.3109999999981,28.814997,2025-03-02,3.0
60.76000000000931,40.0936,2025-03-02,4.0
27.4800000000032,13.177106,2025-03-02,5.0
52.667999999997846,41.606735,2025-03-02,6.0
35.64800000000105,29.52688,2025-03-02,7.0
23.9028000000023,21.85286,2025-03-02,8.0
27.427999999999884,25.644331,2025-03-02,9.0
35.799999999995634,30.90324,2025-03-02,10.0
20.8280000000038,24.648777,2025-03-02,11.0
19.62000000000262,9.505312,2025-03-02,12.0
52.62000000000262,39.209686,2025-03-02,13.0
43.2280000000028,32.53055,2025-03-02,14.0
41.52000000000408,34.49151,2025-03-02,15.0
17.148000000001048,21.649523,2025-03-02,16.0
16.25,11.497369,2025-03-02,17.0
11.6719999999987,18.773502,2025-03-02,18.0
33.61999999999898,21.53798,2025-03-02,19.0
23.81999999999971,21.289366,2025-03-02,20.0
33.8109999999981,26.921156,2025-03-02,21.0
24.8954372145603,35.7194,2025-03-02,22.0
54.55199999999604,38.358395,2025-03-02,23.0
16.851999999998952,18.95129,2025-03-02,24.0
10.599999999998545,18.061216,2025-03-02,25.0
5.207999999998719,12.899269,2025-03-02,26.0
24.023999999997613,18.872,2025-03-02,27.0
24.919999999998254,16.205053,2025-03-02,28.0
21.68000000000029,30.353132,2025-03-02,29.0
27.60800000000017,25.862747,2025-03-02,30.0
48.39999999999418,39.098248,2025-03-02,31.0
56.63999999999942,44.27628,2025-03-02,32.0
26.75999999999476,25.999243,2025-03-02,33.0
4.279999999998836,16.918049,2025-03-02,34.0
49.49599999999919,20.740479,2025-03-02,35.0
20.591999999996915,14.1030245,2025-03-02,36.0
58.54399999999441,45.252087,2025-03-02,37.0
14.680000000000293,13.621942,2025-03-02,38.0
14.272000000004482,14.324121,2025-03-02,39.0
12.87199999999575,17.166786,2025-03-03,1.0
20.19999999999709,21.603788,2025-03-03,2.0
28.0480000000025,34.219883,2025-03-03,3.0
61.64800000000105,51.234787,2025-03-03,4.0
12.291999999994005,14.384802,2025-03-03,5.0
54.21200000000681,38.7293,2025-03-03,6.0
28.59200000000419,27.59015,2025-03-03,7.0
37.2879999999958,23.817686,2025-03-03,8.0
32.69999999999709,25.602076,2025-03-03,9.0
39.2628000000029,31.833464,2025-03-03,10.0
26.239999999997963,27.157394,2025-03-03,11.0
10.169999999998254,9.530377,2025-03-03,12.0
33.5480000000025,37.98426,2025-03-03,13.0
49.0109999999952,37.89079,2025-03-03,14.0
24.747999999999596,32.400692,2025-03-03,15.0
20.80000000000291,22.227018,2025-03-03,16.0
13.1000000000006,10.314879,2025-03-03,17.0
13.907999999995807,16.174177,2025-03-03,18.0
21.639999999999414,19.509428,2025-03-03,19.0
16.12999999999738,20.953766,2025-03-03,20.0
29.33600000000297,27.619001,2025-03-03,21.0
30.948606584233,39.23441,2025-03-03,22.0
58.20799999999872,39.9567,2025-03-03,23.0
5.307999999997264,18.060396,2025-03-03,24.0
33.987999999997555,17.306776,2025-03-03,25.0
23.520000000004075,15.485037,2025-03-03,26.0
11.9760000000024,18.333569,2025-03-03,27.0
8.90280000000227,16.067324,2025-03-03,28.0
26.49199999999837,30.927565,2025-03-03,29.0
28.479999999995925,23.466814,2025-03-03,30.0
30.768000000010943,41.73019,2025-03-03,31.0
61.31999999999243,49.276203,2025-03-03,32.0
24.247999999999596,25.74498,2025-03-03,33.0
14.819999999999707,17.811443,2025-03-03,34.0
22.4320000000007,22.397915,2025-03-03,35.0
10.18800000000192,13.094229,2025-03-03,36.0
52.2280000000052,49.680412,2025-03-03,37.0
22.790000000000877,14.223858,2025-03-03,38.0
17.839999999996508,15.902028,2025-03-03,39.0
6.81199999999889,17.998959,2025-03-04,1.0
8.148000000001048,20.740627,2025-03-04,2.0
26.860000000000586,30.7326,2025-03-04,3.0
79.19199999999546,46.230465,2025-03-04,4.0
9.968000000000757,15.573923,2025-03-04,5.0
11.627999999997,34.476513,2025-03-04,6.0
33.36799999998766,27.445984,2025-03-04,7.0
23.07200000000012,24.77028,2025-03-04,8.0
22.18000000000029,24.233154,2025-03-04,9.0
39.61600000000181,32.887615,2025-03-04,10.0
22.591999999996915,26.402552,2025-03-04,11.0
13.330000000001746,10.302875,2025-03-04,12.0
45.86399999999412,38.502922,2025-03-04,13.0
41.44800000000396,36.27708,2025-03-04,14.0
45.1428000000002,31.960003,2025-03-04,15.0
28.76000000000204,21.48015,2025-03-04,16.0
0.8800000000010186,9.2527275,2025-03-04,17.0
11.0600000000049,15.530023,2025-03-04,18.0
24.52000000000044,18.587126,2025-03-04,19.0
25.1000000000006,20.07342,2025-03-04,20.0
27.3109999999981,26.022514,2025-03-04,21.0
33.4205092275661,48.286415,2025-03-04,22.0
43.5280000000009,37.670017,2025-03-04,23.0
31.16000000000349,17.387486,2025-03-04,24.0
8.228000000002794,16.277727,2025-03-04,25.0
17.5199999999968,11.897309,2025-03-04,26.0
17.451999999997497,17.051132,2025-03-04,27.0
7.847999999998137,18.090515,2025-03-04,28.0
29.820000000006985,27.80874,2025-03-04,29.0
27.61200000000099,22.214441,2025-03-04,30.0
48.39199999999255,37.962914,2025-03-04,31.0
53.64800000000105,47.41646,2025-03-04,32.0
46.09200000000419,24.504833,2025-03-04,33.0
13.608000000000176,17.219744,2025-03-04,34.0
23.080000000001743,22.593618,2025-03-04,35.0
9.187999999994643,12.174245,2025-03-04,36.0
43.0,53.463444,2025-03-04,37.0
13.36999999999898,13.200009,2025-03-04,38.0
23.26000000000204,15.14165,2025-03-04,39.0
19.463999999999945,17.481667,2025-03-05,1.0
47.78800000000047,24.845575,2025-03-05,2.0
39.13199999999779,29.590511,2025-03-05,3.0
66.222800000002,50.85268,2025-03-05,4.0
5.02800000000087,14.755649,2025-03-05,5.0
52.72000000000117,32.824867,2025-03-05,6.0
29.2720000000108,27.754787,2025-03-05,7.0
17.8280000000038,25.628931,2025-03-05,8.0
28.0280000000009,26.648314,2025-03-05,9.0
19.5428000000017,29.864077,2025-03-05,10.0
12.388000000006286,28.115646,2025-03-05,11.0
9.059999999997672,7.9855595,2025-03-05,12.0
28.760000000002,36.68799,2025-03-05,13.0
37.77999999999884,36.547096,2025-03-05,14.0
25.8559999999998,28.503088,2025-03-05,15.0
31.19199999999546,21.52775,2025-03-05,16.0
14.700000000000728,11.811916,2025-03-05,17.0
21.951999999997497,14.643907,2025-03-05,18.0
27.9280000000023,19.496546,2025-03-05,19.0
17.779999999998836,22.225782,2025-03-05,20.0
30.927999999999884,26.74299,2025-03-05,21.0
21.672000000005937,38.671837,2025-03-05,22.0
38.63999999999942,42.124687,2025-03-05,23.0
10.3039999999964,19.25199,2025-03-05,24.0
31.67199999999866,20.878458,2025-03-05,25.0
13.1120000000018,16.597933,2025-03-05,26.0
26.131999999997788,17.58243,2025-03-05,27.0
8.52000000000287,14.813332,2025-03-05,28.0
22.5199999999968,27.374392,2025-03-05,29.0
18.228000000002798,21.93714,2025-03-05,30.0
43.87200000000303,37.344334,2025-03-05,31.0
45.9109999999966,44.516552,2025-03-05,32.0
20.919999999998254,24.049625,2025-03-05,33.0
16.832000000002154,15.965871,2025-03-05,34.0
16.62000000000262,25.56251,2025-03-05,35.0
19.4800000000032,12.179624,2025-03-05,36.0
59.3109999999908,46.845966,2025-03-05,37.0
20.38000000000102,16.640015,2025-03-05,38.0
11.4599999999991,18.757372,2025-03-05,39.0
6.576000000000931,20.232655,2025-03-06,1.0
12.5028000000008,27.113472,2025-03-06,2.0
27.76000000000204,34.555077,2025-03-06,3.0
72.6079999999929,63.062954,2025-03-06,4.0
1.088000000003376,18.353996,2025-03-06,5.0
28.351999999999,43.42665,2025-03-06,6.0
30.83199999999488,30.90698,2025-03-06,7.0
24.43999999999505,31.947803,2025-03-06,8.0
20.560000000004948,30.679567,2025-03-06,9.0
23.687999999994645,36.438416,2025-03-06,10.0
19.419999999998254,30.55408,2025-03-06,11.0
19.92000000000189,12.616927,2025-03-06,12.0
36.5679999999993,39.958553,2025-03-06,13.0
27.919999999998254,40.178013,2025-03-06,14.0
24.031999999999243,33.341076,2025-03-06,15.0
28.4280000000023,25.271708,2025-03-06,16.0
8.869999999998981,10.011583,2025-03-06,17.0
2.360000000000582,16.798573,2025-03-06,18.0
12.680000000000293,23.220259,2025-03-06,19.0
14.8280000000038,26.968664,2025-03-06,20.0
22.99199999999837,30.230867,2025-03-06,21.0
71.68799999999464,45.706642,2025-03-06,22.0
42.66000000000349,45.393604,2025-03-06,23.0
28.76000000000204,21.698717,2025-03-06,24.0
19.031999999999243,21.694777,2025-03-06,25.0
14.455999999998312,20.18514,2025-03-06,26.0
3.70799999999872,21.986862,2025-03-06,27.0
9.760000000002035,19.664595,2025-03-06,28.0
14.527999999998428,29.719984,2025-03-06,29.0
24.0,27.054007,2025-03-06,30.0
23.0880000000025,47.227737,2025-03-06,31.0
56.2560000000085,55.937847,2025-03-06,32.0
5.92800000000233,28.640701,2025-03-06,33.0
18.459999999999127,19.827217,2025-03-06,34.0
33.771999999997206,27.276793,2025-03-06,35.0
6.891999999999825,14.655091,2025-03-06,36.0
28.6160000000091,50.030407,2025-03-06,37.0
10.709999999999129,20.931124,2025-03-06,38.0
13.30000000000291,20.169588,2025-03-06,39.0
11.1720000000059,15.862449,2025-03-07,1.0
8.16000000000259,25.784159,2025-03-07,2.0
26.959999999999127,28.66525,2025-03-07,3.0
58.2000000000106,48.392582,2025-03-07,4.0
1.0799999999944705,17.428297,2025-03-07,5.0
35.599999999998545,31.275488,2025-03-07,6.0
28.6119999999945,27.375727,2025-03-07,7.0
41.0880000000025,28.531546,2025-03-07,8.0
21.788000000000466,26.387371,2025-03-07,9.0
31.648000000001048,31.95604,2025-03-07,10.0
11.5679999999993,25.249529,2025-03-07,11.0
13.36999999999898,10.292677,2025-03-07,12.0
35.700000000004366,33.04219,2025-03-07,13.0
33.5480000000025,32.09407,2025-03-07,14.0
28.0199999999968,30.3378,2025-03-07,15.0
26.739999999997963,23.71806,2025-03-07,16.0
6.669999999998254,8.86741,2025-03-07,17.0
11.9479999999967,15.422252,2025-03-07,18.0
22.489999999997963,21.412474,2025-03-07,19.0
29.1000000000006,20.005068,2025-03-07,20.0
27.959999999999127,27.800058,2025-03-07,21.0
48.76000000000204,34.926056,2025-03-07,22.0
35.00800000000163,39.85145,2025-03-07,23.0
26.36800000000221,19.276266,2025-03-07,24.0
16.82800000000134,18.754612,2025-03-07,25.0
11.182800000001,16.948118,2025-03-07,26.0
5.9320000000006985,17.736532,2025-03-07,27.0
13.527999999998428,15.15433,2025-03-07,28.0
22.29200000000128,26.75345,2025-03-07,29.0
14.959999999999129,26.043432,2025-03-07,30.0
44.471999999994296,37.231552,2025-03-07,31.0
50.0,44.34188,2025-03-07,32.0
5.61999999999525,24.51103,2025-03-07,33.0
6.108000000000175,18.465242,2025-03-07,34.0
26.94800000000396,24.094296,2025-03-07,35.0
5.139999999999418,12.525535,2025-03-07,36.0
58.32799999999406,39.93454,2025-03-07,37.0
12.450000000000728,15.596534,2025-03-07,38.0
11.1399999999994,17.882778,2025-03-07,39.0
17.05999999999767,14.647129,2025-03-08,1.0
21.055999999996857,25.471495,2025-03-08,2.0
35.23999999999796,31.005566,2025-03-08,3.0
29.1199999999889,59.130764,2025-03-08,4.0
14.4280000000023,16.516476,2025-03-08,5.0
56.99199999999837,36.094055,2025-03-08,6.0
23.736000000004424,29.700651,2025-03-08,7.0
27.7109999999995,26.193562,2025-03-08,8.0
21.719999999993888,26.700933,2025-03-08,9.0
31.952000000004773,33.682186,2025-03-08,10.0
28.3109999999981,24.968983,2025-03-08,11.0
5.009999999998399,14.331379,2025-03-08,12.0
39.919999999998254,35.562145,2025-03-08,13.0
25.9439999999959,37.40547,2025-03-08,14.0
31.12000000000262,29.495049,2025-03-08,15.0
31.419999999998254,25.29071,2025-03-08,16.0
7.920000000001892,9.768369,2025-03-08,17.0
13.427999999999884,17.168114,2025-03-08,18.0
11.0499999999993,21.652191,2025-03-08,19.0
18.290000000000877,22.147652,2025-03-08,20.0
29.139999999999414,26.17112,2025-03-08,21.0
10.8628000000014,37.74907,2025-03-08,22.0
38.07999999999447,37.245506,2025-03-08,23.0
17.2879999999958,23.821787,2025-03-08,24.0
9.779999999998836,21.109455,2025-03-08,25.0
7.239999999997963,15.047815,2025-03-08,26.0
11.5679999999993,20.623121,2025-03-08,27.0
25.0,17.372566,2025-03-08,28.0
23.49199999999837,25.459337,2025-03-08,29.0
29.222800000002,26.49303,2025-03-08,30.0
29.0228000000049,37.412773,2025-03-08,31.0
44.08000000000175,52.349552,2025-03-08,32.0
5.680000000000291,23.321104,2025-03-08,33.0
9.072000000000116,16.117123,2025-03-08,34.0
7.819999999999709,26.40264,2025-03-08,35.0
8.28800000000309,11.704237,2025-03-08,36.0
55.6628000000043,46.261425,2025-03-08,37.0
23.299999999999272,16.29287,2025-03-08,38.0
11.1399999999994,17.466248,2025-03-08,39.0
9.360000000000582,16.851969,2025-03-09,1.0
8.851999999998952,26.261509,2025-03-09,2.0
26.88799999999901,29.672607,2025-03-09,3.0
51.47200000000885,55.35669,2025-03-09,4.0
13.0,14.210925,2025-03-09,5.0
16.296000000002095,31.878824,2025-03-09,6.0
29.5828000000026,31.75285,2025-03-09,7.0
26.639999999999414,29.093187,2025-03-09,8.0
24.2109999999995,27.552055,2025-03-09,9.0
19.339999999996508,32.33313,2025-03-09,10.0
19.68800000000192,24.008936,2025-03-09,11.0
10.4900000000016,13.294596,2025-03-09,12.0
19.87999999999738,35.932438,2025-03-09,13.0
36.94800000000396,36.408787,2025-03-09,14.0
28.55999999999767,31.208054,2025-03-09,15.0
29.07200000000012,26.635221,2025-03-09,16.0
10.1000000000006,10.023039,2025-03-09,17.0
20.0,18.27865,2025-03-09,18.0
14.080000000001746,22.313108,2025-03-09,19.0
22.549999999995634,23.567488,2025-03-09,20.0
28.30800000000454,29.39826,2025-03-09,21.0
17.728000000002794,36.027283,2025-03-09,22.0
18.99200000000565,39.70748,2025-03-09,23.0
12.9120000000039,22.566,2025-03-09,24.0
26.18000000000029,21.999136,2025-03-09,25.0
27.30800000000454,16.043482,2025-03-09,26.0
13.960000000006405,19.430704,2025-03-09,27.0
8.959999999999127,15.723149,2025-03-09,28.0
22.736000000004424,26.023695,2025-03-09,29.0
19.88799999999901,25.520273,2025-03-09,30.0
29.59999999999127,39.258442,2025-03-09,31.0
43.87199999998848,50.162304,2025-03-09,32.0
43.5480000000025,22.450045,2025-03-09,33.0
16.07999999999447,18.525215,2025-03-09,34.0
29.979999999995925,25.655758,2025-03-09,35.0
17.891999999999825,11.834326,2025-03-09,36.0
52.05599999999686,42.756233,2025-03-09,37.0
10.5,16.068325,2025-03-09,38.0
17.05999999999767,18.007633,2025-03-09,39.0
10.799999999995634,19.295305,2025-03-10,1.0
8.572000000000116,24.838425,2025-03-10,2.0
25.5679999999993,29.413675,2025-03-10,3.0
48.10399999999208,66.05896,2025-03-10,4.0
5.631999999997788,19.40846,2025-03-10,5.0
41.8628000000014,34.921494,2025-03-10,6.0
23.8959999999925,32.30767,2025-03-10,7.0
29.76000000000204,29.522964,2025-03-10,8.0
18.92000000000553,28.734064,2025-03-10,9.0
31.70799999999872,31.746246,2025-03-10,10.0
31.1099999999953,23.959915,2025-03-10,11.0
4.860000000000582,15.123358,2025-03-10,12.0
42.5480000000025,37.146313,2025-03-10,13.0
25.4799999999959,38.196144,2025-03-10,14.0
23.959999999999127,30.595514,2025-03-10,15.0
17.056000000004133,29.726126,2025-03-10,16.0
0.9899999999979628,11.257174,2025-03-10,17.0
21.4280000000023,16.228008,2025-03-10,18.0
17.31999999999971,23.12565,2025-03-10,19.0
12.860000000000582,23.388687,2025-03-10,20.0
24.1428000000002,30.318932,2025-03-10,21.0
35.1019999999937,36.21879,2025-03-10,22.0
17.31999999999971,39.091274,2025-03-10,23.0
12.719999999993888,23.412418,2025-03-10,24.0
14.70799999999872,20.862207,2025-03-10,25.0
20.77999999999884,14.324619,2025-03-10,26.0
8.719999999993888,19.18943,2025-03-10,27.0
9.83200000000211,17.856382,2025-03-10,28.0
20.891999999999825,25.706333,2025-03-10,29.0
13.687999999994643,26.96759,2025-03-10,30.0
30.696000000010827,42.190086,2025-03-10,31.0
51.36000000000058,48.071957,2025-03-10,32.0
19.851999999998952,19.420647,2025-03-10,33.0
16.320000000006985,16.433197,2025-03-10,34.0
23.788000000000466,22.348627,2025-03-10,35.0
7.731999999996333,12.594559,2025-03-10,36.0
39.2280000000052,46.28931,2025-03-10,37.0
8.510000000002037,16.979279,2025-03-10,38.0
14.020000000004076,17.169468,2025-03-10,39.0
11.2000000000044,16.404398,2025-03-11,1.0
21.57600000000093,24.268295,2025-03-11,2.0
20.0628000000058,32.330883,2025-03-11,3.0
58.20799999999872,50.05857,2025-03-11,4.0
8.68800000000192,15.907206,2025-03-11,5.0
35.88799999999901,29.246532,2025-03-11,6.0
36.77599999999802,33.168007,2025-03-11,7.0
20.639999999999414,30.24123,2025-03-11,8.0
29.091999999996915,28.889353,2025-03-11,9.0
24.99199999999837,31.963923,2025-03-11,10.0
13.360000000000582,24.397924,2025-03-11,11.0
12.079999999998108,12.435323,2025-03-11,12.0
18.131999999997788,34.599472,2025-03-11,13.0
32.06000000000495,37.177307,2025-03-11,14.0
29.788000000000466,31.758516,2025-03-11,15.0
25.2520000000004,33.01798,2025-03-11,16.0
0.7700000000004366,9.473028,2025-03-11,17.0
10.9428000000031,16.942116,2025-03-11,18.0
20.229999999999563,20.158482,2025-03-11,19.0
9.900000000001455,23.02948,2025-03-11,20.0
21.1199999999962,31.744112,2025-03-11,21.0
26.888000000006286,34.541286,2025-03-11,22.0
22.807999999997264,32.85609,2025-03-11,23.0
25.208000000005995,22.697098,2025-03-11,24.0
19.080000000001743,24.55334,2025-03-11,25.0
2.680000000000291,17.874884,2025-03-11,26.0
17.560000000004948,16.172115,2025-03-11,27.0
8.807999999997264,17.400522,2025-03-11,28.0
20.5199999999968,27.52194,2025-03-11,29.0
26.2800000000011,27.282246,2025-03-11,30.0
28.5759999999864,38.59139,2025-03-11,31.0
37.84799999999814,44.699448,2025-03-11,32.0
14.87999999999738,26.073763,2025-03-11,33.0
4.631999999997788,18.41666,2025-03-11,34.0
25.9028000000023,25.342962,2025-03-11,35.0
8.495999999999185,12.90834,2025-03-11,36.0
54.18399999999383,45.252098,2025-03-11,37.0
11.3999999999978,17.812408,2025-03-11,38.0
10.8679999999949,17.581905,2025-03-11,39.0
10.2719999999972,15.351577,2025-03-12,1.0
27.880000000004657,21.482388,2025-03-12,2.0
19.927999999999884,28.369959,2025-03-12,3.0
25.952000000004773,50.040585,2025-03-12,4.0
10.1428000000002,15.083446,2025-03-12,5.0
27.220000000001164,35.273804,2025-03-12,6.0
22.04800000000978,28.360054,2025-03-12,7.0
25.807999999997264,26.523373,2025-03-12,8.0
13.21600000000035,24.063025,2025-03-12,9.0
23.780000000006112,25.915018,2025-03-12,10.0
28.012000000002445,21.96625,2025-03-12,11.0
9.13000000000102,10.54751,2025-03-12,12.0
23.29200000000128,30.329515,2025-03-12,13.0
26.807999999997264,28.652967,2025-03-12,14.0
17.9428000000031,28.439314,2025-03-12,15.0
49.98799999999756,29.411808,2025-03-12,16.0
13.5,6.8870564,2025-03-12,17.0
12.935999999994236,15.995046,2025-03-12,18.0
22.43000000000029,17.664503,2025-03-12,19.0
12.839999999996508,18.73099,2025-03-12,20.0
36.01600000000326,27.591991,2025-03-12,21.0
21.487999999997555,31.425976,2025-03-12,22.0
19.919999999998254,26.17864,2025-03-12,23.0
32.971999999994296,20.522865,2025-03-12,24.0
16.2109999999995,17.703522,2025-03-12,25.0
25.52799999999843,15.192567,2025-03-12,26.0
11.0280000000009,14.659938,2025-03-12,27.0
8.052000000003318,15.531951,2025-03-12,28.0
23.87999999999738,23.249962,2025-03-12,29.0
13.192000000002736,20.297209,2025-03-12,30.0
28.80800000000454,32.181385,2025-03-12,31.0
39.31200000000536,42.53791,2025-03-12,32.0
26.960000000006403,16.374453,2025-03-12,33.0
19.695999999996275,16.116102,2025-03-12,34.0
16.57600000000093,21.805235,2025-03-12,35.0
19.4320000000007,9.913304,2025-03-12,36.0
46.5280000000057,41.92374,2025-03-12,37.0
23.0280000000009,15.154359,2025-03-12,38.0
21.720000000001164,16.066128,2025-03-12,39.0
7.987999999997555,14.915551,2025-03-13,1.0
29.372000000003027,24.286259,2025-03-13,2.0
19.007999999994357,24.505165,2025-03-13,3.0
26.960000000006403,44.923687,2025-03-13,4.0
14.68800000000192,17.292858,2025-03-13,5.0
12.680000000000293,24.056585,2025-03-13,6.0
21.7439999999911,28.436672,2025-03-13,7.0
20.419999999998254,26.448654,2025-03-13,8.0
32.1428000000002,23.966896,2025-03-13,9.0
24.75999999999476,27.04797,2025-03-13,10.0
14.5280000000009,22.088984,2025-03-13,11.0
10.0600000000013,11.267738,2025-03-13,12.0
33.667999999997846,30.701904,2025-03-13,13.0
26.252000000000407,28.39291,2025-03-13,14.0
32.1199999999962,26.952898,2025-03-13,15.0
46.5028000000008,26.741539,2025-03-13,16.0
8.31000000000131,7.4965234,2025-03-13,17.0
2.33200000000211,16.433645,2025-03-13,18.0
7.72000000000106,17.26422,2025-03-13,19.0
16.770000000004075,19.069214,2025-03-13,20.0
26.99199999999837,26.000578,2025-03-13,21.0
33.13199999999779,30.798973,2025-03-13,22.0
17.743999999998778,25.32096,2025-03-13,23.0
25.6000000000058,22.014477,2025-03-13,24.0
10.0280000000009,18.403667,2025-03-13,25.0
10.8320000000022,12.55879,2025-03-13,26.0
6.180000000000291,14.146742,2025-03-13,27.0
26.0109999999952,18.042835,2025-03-13,28.0
20.852000000006228,22.105295,2025-03-13,29.0
24.12000000000262,21.853895,2025-03-13,30.0
36.36800000000221,30.957588,2025-03-13,31.0
37.9360000000011,40.02341,2025-03-13,32.0
16.339999999996508,14.787652,2025-03-13,33.0
9.79200000000128,16.948908,2025-03-13,34.0
16.271999999997206,22.445642,2025-03-13,35.0
10.448000000003958,9.715742,2025-03-13,36.0
39.55199999999604,39.270313,2025-03-13,37.0
12.779999999998836,13.481803,2025-03-13,38.0
14.9428000000031,15.936517,2025-03-13,39.0
14.380000000004657,15.98516,2025-03-14,1.0
9.50800000000163,22.426739,2025-03-14,2.0
23.639999999999414,30.080238,2025-03-14,3.0
58.1759999999922,46.232117,2025-03-14,4.0
1.9919999999983704,18.38669,2025-03-14,5.0
24.139999999999414,35.453667,2025-03-14,6.0
24.9828000000103,31.979414,2025-03-14,7.0
23.012000000002445,32.350285,2025-03-14,8.0
23.256000000001222,27.239183,2025-03-14,9.0
19.02799999999843,30.902023,2025-03-14,10.0
13.5280000000009,26.186798,2025-03-14,11.0
12.109999999996944,13.256512,2025-03-14,12.0
28.2500000000038,36.001186,2025-03-14,13.0
21.77199999999721,31.31627,2025-03-14,14.0
25.21600000000035,32.217026,2025-03-14,15.0
47.01600000000326,32.17089,2025-03-14,16.0
5.279999999998836,9.106039,2025-03-14,17.0
2.4120000000039,18.633507,2025-03-14,18.0
14.43999999999869,19.780357,2025-03-14,19.0
18.790000000000877,18.852146,2025-03-14,20.0
26.9000000000011,30.499226,2025-03-14,21.0
17.12000000000262,28.10415,2025-03-14,22.0
22.76000000000204,29.669483,2025-03-14,23.0
23.38799999999901,27.15331,2025-03-14,24.0
19.80000000000291,19.7996,2025-03-14,25.0
12.567999999999302,18.735203,2025-03-14,26.0
13.1199999999962,22.669817,2025-03-14,27.0
9.200000000004366,18.100273,2025-03-14,28.0
22.77599999999802,27.342443,2025-03-14,29.0
0.0,23.770287,2025-03-14,30.0
19.01600000000326,34.79523,2025-03-14,31.0
39.36000000000058,45.634354,2025-03-14,32.0
16.839999999996508,20.243414,2025-03-14,33.0
10.660000000003492,19.394314,2025-03-14,34.0
16.47200000000157,26.24363,2025-03-14,35.0
7.719999999993888,14.084918,2025-03-14,36.0
36.83999999999651,48.742847,2025-03-14,37.0
8.4900000000016,16.351452,2025-03-14,38.0
12.747999999999593,18.689281,2025-03-14,39.0
10.2319999999963,16.493298,2025-03-15,1.0
32.1428000000002,20.171616,2025-03-15,2.0
16.982800000004,24.299026,2025-03-15,3.0
35.288000000000466,36.01905,2025-03-15,4.0
2.0800000000017462,16.511845,2025-03-15,5.0
47.58000000000175,28.050865,2025-03-15,6.0
18.67999999999301,27.043236,2025-03-15,7.0
24.167999999997846,25.828726,2025-03-15,8.0
13.972000000001572,22.531548,2025-03-15,9.0
22.7028000000052,25.334534,2025-03-15,10.0
22.1199999999962,23.114414,2025-03-15,11.0
8.580000000001746,7.5941195,2025-03-15,12.0
25.79200000000128,26.743525,2025-03-15,13.0
24.2580000000054,25.729824,2025-03-15,14.0
33.79200000000128,24.0045,2025-03-15,15.0
38.65199999999459,27.589207,2025-03-15,16.0
1.2299999999995634,6.299078,2025-03-15,17.0
14.735999999997148,15.081967,2025-03-15,18.0
10.3100000000013,15.098921,2025-03-15,19.0
10.6999999999971,15.460127,2025-03-15,20.0
32.332000000002154,25.519615,2025-03-15,21.0
14.307999999997264,24.268072,2025-03-15,22.0
12.18800000000192,20.396765,2025-03-15,23.0
17.651999999994587,22.444246,2025-03-15,24.0
13.051999999996042,16.061476,2025-03-15,25.0
3.21099999999953,13.798863,2025-03-15,26.0
8.819999999999709,19.9483,2025-03-15,27.0
19.29599999999482,16.115059,2025-03-15,28.0
22.0280000000009,24.171875,2025-03-15,29.0
17.0,20.494873,2025-03-15,30.0
21.847999999998137,30.333328,2025-03-15,31.0
39.96799999999348,36.344,2025-03-15,32.0
23.80000000000291,18.19938,2025-03-15,33.0
9.25799999999813,14.265202,2025-03-15,34.0
19.747999999999596,19.529535,2025-03-15,35.0
8.080000000001746,9.836803,2025-03-15,36.0
33.328000000008615,36.841602,2025-03-15,37.0
13.360000000000582,13.295745,2025-03-15,38.0
9.939999999995052,15.371256,2025-03-15,39.0
13.268000000003669,15.32181,2025-03-16,1.0
8.959999999991851,21.769749,2025-03-16,2.0
20.19999999999709,23.77338,2025-03-16,3.0
10.263999999995576,37.294205,2025-03-16,4.0
12.639999999999418,13.164927,2025-03-16,5.0
20.70799999999872,28.408428,2025-03-16,6.0
30.4280000000023,27.314302,2025-03-16,7.0
30.44800000000396,25.300344,2025-03-16,8.0
22.37199999999575,23.937412,2025-03-16,9.0
20.94799999999668,27.1621,2025-03-16,10.0
10.9200000000055,23.76637,2025-03-16,11.0
14.020000000000437,8.972518,2025-03-16,12.0
25.667999999997846,29.18302,2025-03-16,13.0
19.07999999999447,26.792423,2025-03-16,14.0
24.860000000000586,26.080034,2025-03-16,15.0
30.4280000000023,33.574726,2025-03-16,16.0
5.799999999999272,7.1338267,2025-03-16,17.0
14.87999999999738,14.137032,2025-03-16,18.0
11.2899999999999,13.782481,2025-03-16,19.0
7.809999999997672,14.0439,2025-03-16,20.0
18.39999999999418,26.769264,2025-03-16,21.0
11.0319999999992,23.437723,2025-03-16,22.0
9.37199999999575,19.221312,2025-03-16,23.0
8.588000000003376,21.047573,2025-03-16,24.0
11.1200000000026,15.491313,2025-03-16,25.0
14.75999999999476,13.431062,2025-03-16,26.0
13.080000000001746,16.74043,2025-03-16,27.0
12.031999999999243,16.186945,2025-03-16,28.0
18.239999999997963,23.647974,2025-03-16,29.0
10.2319999999963,13.518077,2025-03-16,30.0
24.16000000000349,31.303934,2025-03-16,31.0
26.42399999999907,37.186935,2025-03-16,32.0
13.728000000002794,19.234243,2025-03-16,33.0
12.959999999999129,16.394537,2025-03-16,34.0
19.86800000000221,19.142298,2025-03-16,35.0
16.10399999999936,10.535835,2025-03-16,36.0
22.67999999999301,39.65688,2025-03-16,37.0
8.319999999999709,14.579875,2025-03-16,38.0
14.320000000006983,15.817253,2025-03-16,39.0
6.25799999999813,12.193575,2025-03-17,1.0
20.855999999999767,21.97779,2025-03-17,2.0
18.768000000003667,20.771841,2025-03-17,3.0
13.542800000009,40.063015,2025-03-17,4.0
2.81199999999889,10.280619,2025-03-17,5.0
13.8228000000005,24.044989,2025-03-17,6.0
23.57600000000093,24.97881,2025-03-17,7.0
19.57200000000012,21.9342,2025-03-17,8.0
10.7360000000044,22.80175,2025-03-17,9.0
21.94800000000396,24.888685,2025-03-17,10.0
20.89999999999418,19.396397,2025-03-17,11.0
9.049999999999272,7.814253,2025-03-17,12.0
10.771999999997206,25.595123,2025-03-17,13.0
25.10000000000582,24.77652,2025-03-17,14.0
24.580000000001743,23.489597,2025-03-17,15.0
35.73200000000361,32.48519,2025-03-17,16.0
5.97000000000106,4.80374,2025-03-17,17.0
10.8628000000014,11.818933,2025-03-17,18.0
17.18000000000029,12.156812,2025-03-17,19.0
10.380000000004657,12.422011,2025-03-17,20.0
19.33600000000297,24.451042,2025-03-17,21.0
16.632000000005064,21.624683,2025-03-17,22.0
28.0880000000025,14.544511,2025-03-17,23.0
10.599999999998545,18.35617,2025-03-17,24.0
11.3079999999973,15.2886095,2025-03-17,25.0
13.30800000000454,10.995119,2025-03-17,26.0
5.099999999998545,12.211432,2025-03-17,27.0
9.22800000000524,12.379016,2025-03-17,28.0
20.9320000000007,20.1504,2025-03-17,29.0
16.976000000002387,16.063478,2025-03-17,30.0
29.3109999999908,25.024876,2025-03-17,31.0
32.2628000000101,37.63575,2025-03-17,32.0
20.4109999999966,15.518084,2025-03-17,33.0
10.131999999997788,13.600939,2025-03-17,34.0
6.11199999999459,17.539885,2025-03-17,35.0
8.02800000000087,7.730153,2025-03-17,36.0
47.7109999999995,37.21746,2025-03-17,37.0
12.659999999999854,10.071975,2025-03-17,38.0
16.831999999994878,12.693486,2025-03-17,39.0
5.26280000000285,15.981088,2025-03-18,1.0
10.6628000000043,21.241932,2025-03-18,2.0
19.4280000000023,20.447166,2025-03-18,3.0
11.2399999999906,37.155308,2025-03-18,4.0
1.25399999999732,15.610224,2025-03-18,5.0
35.55999999999767,27.64651,2025-03-18,6.0
26.62399999999616,25.485018,2025-03-18,7.0
27.091999999996915,24.43418,2025-03-18,8.0
19.583999999995285,22.046268,2025-03-18,9.0
28.0109999999952,24.354029,2025-03-18,10.0
12.180000000000293,22.185059,2025-03-18,11.0
7.10999999999898,10.547174,2025-03-18,12.0
10.4279999999999,25.971643,2025-03-18,13.0
23.288000000000466,25.00064,2025-03-18,14.0
14.080000000001746,27.222734,2025-03-18,15.0
42.367999999994936,39.08522,2025-03-18,16.0
2.59000000000011,5.7797065,2025-03-18,17.0
16.256000000001222,13.938623,2025-03-18,18.0
10.0799999999981,14.345746,2025-03-18,19.0
12.190000000002328,13.645752,2025-03-18,20.0
25.2109999999995,26.818892,2025-03-18,21.0
12.267999999996391,24.590275,2025-03-18,22.0
22.32800000000134,19.737482,2025-03-18,23.0
18.8228000000005,22.453459,2025-03-18,24.0
6.779999999998836,14.987285,2025-03-18,25.0
9.279999999998836,12.7921295,2025-03-18,26.0
8.919999999998254,15.76999,2025-03-18,27.0
10.479999999995924,14.317027,2025-03-18,28.0
20.50800000000163,22.09995,2025-03-18,29.0
6.10399999999936,15.9180355,2025-03-18,30.0
20.3920000000071,26.814915,2025-03-18,31.0
30.75999999999476,39.12057,2025-03-18,32.0
13.948000000003958,16.801697,2025-03-18,33.0
5.692000000002736,14.112704,2025-03-18,34.0
20.2880000000031,17.550194,2025-03-18,35.0
9.279999999998836,10.647336,2025-03-18,36.0
14.639999999999418,39.238728,2025-03-18,37.0
10.0099999999984,12.839421,2025-03-18,38.0
21.0,15.137142,2025-03-18,39.0
14.279999999998836,18.296925,2025-03-19,1.0
19.296000000002092,27.346481,2025-03-19,2.0
28.239999999997963,24.582972,2025-03-19,3.0
13.920000000012806,37.295074,2025-03-19,4.0
2.148000000001048,16.864372,2025-03-19,5.0
41.5679999999993,30.219408,2025-03-19,6.0
28.960000000006403,30.31333,2025-03-19,7.0
16.8119999999989,27.925318,2025-03-19,8.0
17.38799999999901,25.55091,2025-03-19,9.0
21.531999999999243,27.354841,2025-03-19,10.0
19.2800000000011,22.38631,2025-03-19,11.0
9.010000000002035,10.932944,2025-03-19,12.0
13.520000000004076,28.363117,2025-03-19,13.0
23.86399999999412,27.329853,2025-03-19,14.0
32.791999999994005,32.192726,2025-03-19,15.0
44.86000000000058,39.316612,2025-03-19,16.0
1.139999999999418,8.084001,2025-03-19,17.0
9.10200000000099,13.917753,2025-03-19,18.0
18.220000000001164,15.790634,2025-03-19,19.0
7.8399999999965075,14.891885,2025-03-19,20.0
27.30000000000291,29.187756,2025-03-19,21.0
29.5280000000009,23.946774,2025-03-19,22.0
19.463999999999945,21.157839,2025-03-19,23.0
11.0080000000016,25.27371,2025-03-19,24.0
26.26000000000204,16.572832,2025-03-19,25.0
22.55200000000332,14.451949,2025-03-19,26.0
17.220000000001164,18.027172,2025-03-19,27.0
17.660000000003492,17.047192,2025-03-19,28.0
20.98399999999674,24.49355,2025-03-19,29.0
10.2959999999948,19.833483,2025-03-19,30.0
28.0,32.471607,2025-03-19,31.0
27.55999999999767,39.227184,2025-03-19,32.0
16.8109999999981,20.6919,2025-03-19,33.0
16.82800000000134,13.979369,2025-03-19,34.0
12.29200000000128,19.53581,2025-03-19,35.0
17.656000000002678,11.961326,2025-03-19,36.0
28.4280000000023,41.78204,2025-03-19,37.0
3.62800000000306,13.801553,2025-03-19,38.0
14.160000000003492,18.860271,2025-03-19,39.0
7.120000000002619,18.781015,2025-03-20,1.0
16.4320000000007,32.679512,2025-03-20,2.0
19.860000000000586,26.447622,2025-03-20,3.0
12.623999999996158,36.26968,2025-03-20,4.0
10.668000000005122,18.205898,2025-03-20,5.0
25.260000000002,34.36879,2025-03-20,6.0
24.239999999990687,35.305134,2025-03-20,7.0
25.132000000005064,33.45918,2025-03-20,8.0
19.8280000000038,27.503649,2025-03-20,9.0
23.416000000004715,32.785465,2025-03-20,10.0
11.0,26.134441,2025-03-20,11.0
13.790000000000871,11.3508,2025-03-20,12.0
18.10800000000017,30.811434,2025-03-20,13.0
24.560000000004948,32.016483,2025-03-20,14.0
24.568000000006577,32.382694,2025-03-20,15.0
43.4800000000032,47.140102,2025-03-20,16.0
10.720000000001164,7.2140126,2025-03-20,17.0
4.959999999999127,14.479242,2025-03-20,18.0
12.739999999997965,16.024603,2025-03-20,19.0
18.010000000002037,18.112503,2025-03-20,20.0
11.8079999999973,37.65783,2025-03-20,21.0
25.3680000000022,23.871332,2025-03-20,22.0
22.22799999999552,22.38902,2025-03-20,23.0
17.0,27.178194,2025-03-20,24.0
16.739999999997963,15.281241,2025-03-20,25.0
14.859999999993306,16.96054,2025-03-20,26.0
10.031999999999243,16.942167,2025-03-20,27.0
14.131999999997788,19.04096,2025-03-20,28.0
14.38799999999901,28.569613,2025-03-20,29.0
8.752000000000407,16.910671,2025-03-20,30.0
28.07200000000012,34.534214,2025-03-20,31.0
33.312000000005355,43.979725,2025-03-20,32.0
18.05999999999767,22.638872,2025-03-20,33.0
23.02799999999843,18.905327,2025-03-20,34.0
5.239999999997963,20.661987,2025-03-20,35.0
17.252000000000407,13.200508,2025-03-20,36.0
16.368000000002212,42.53515,2025-03-20,37.0
10.090000000000146,16.491968,2025-03-20,38.0
10.9360000000011,21.519478,2025-03-20,39.0
5.4799999999959255,18.597424,2025-03-21,1.0
26.327999999994063,25.733454,2025-03-21,2.0
18.451999999997497,24.203318,2025-03-21,3.0
14.222800000002,28.509708,2025-03-21,4.0
10.903999999994994,17.778564,2025-03-21,5.0
12.979999999995924,31.75243,2025-03-21,6.0
25.4879999999976,28.717693,2025-03-21,7.0
33.0199999999968,28.462948,2025-03-21,8.0
20.5199999999968,22.436718,2025-03-21,9.0
36.17199999999866,26.53693,2025-03-21,10.0
13.891999999999824,21.224411,2025-03-21,11.0
8.969999999997526,10.142883,2025-03-21,12.0
19.47200000000157,23.033344,2025-03-21,13.0
27.82800000000134,25.957306,2025-03-21,14.0
16.9109999999966,26.688038,2025-03-21,15.0
41.97200000000157,41.06395,2025-03-21,16.0
1.3100000000013097,5.6930075,2025-03-21,17.0
18.832000000002157,15.233865,2025-03-21,18.0
20.2280000000016,14.361249,2025-03-21,19.0
19.68000000000029,13.222616,2025-03-21,20.0
28.6319999999978,27.831734,2025-03-21,21.0
14.9109999999966,21.310024,2025-03-21,22.0
21.05200000000332,19.95167,2025-03-21,23.0
17.55999999999767,20.83107,2025-03-21,24.0
18.752000000000407,16.596544,2025-03-21,25.0
12.932000000000698,15.688412,2025-03-21,26.0
10.520000000004076,19.968521,2025-03-21,27.0
8.368000000002212,16.4433,2025-03-21,28.0
21.16000000000349,23.519167,2025-03-21,29.0
16.247999999999593,16.941778,2025-03-21,30.0
38.9360000000011,28.35388,2025-03-21,31.0
38.9109999999966,37.512066,2025-03-21,32.0
29.68800000000192,18.348919,2025-03-21,33.0
12.17199999999866,13.601051,2025-03-21,34.0
30.10800000000017,19.225319,2025-03-21,35.0
6.731999999996333,12.333111,2025-03-21,36.0
24.20799999999872,37.00832,2025-03-21,37.0
11.2899999999972,12.346268,2025-03-21,38.0
10.423999999999069,17.237648,2025-03-21,39.0
16.0679999999993,15.264045,2025-03-22,1.0
14.288000000000466,21.456884,2025-03-22,2.0
10.735999999997148,22.160023,2025-03-22,3.0
20.720000000001164,23.367762,2025-03-22,4.0
11.5360000000001,18.73124,2025-03-22,5.0
43.71200000000681,28.450037,2025-03-22,6.0
31.92000000001281,25.477964,2025-03-22,7.0
18.648000000001048,23.972403,2025-03-22,8.0
17.868000000002212,20.316639,2025-03-22,9.0
24.091999999996915,24.41892,2025-03-22,10.0
12.0,18.884155,2025-03-22,11.0
4.229999999999563,9.276016,2025-03-22,12.0
11.791999999994,20.038477,2025-03-22,13.0
24.851999999998952,23.942217,2025-03-22,14.0
26.37599999999657,25.062775,2025-03-22,15.0
33.1199999999962,36.794327,2025-03-22,16.0
9.0199999999968,7.307407,2025-03-22,17.0
17.9360000000011,14.552427,2025-03-22,18.0
23.200000000000728,12.830494,2025-03-22,19.0
10.930000000000293,13.848658,2025-03-22,20.0
27.59200000000419,24.435848,2025-03-22,21.0
20.4320000000007,19.238018,2025-03-22,22.0
22.639999999999414,18.555412,2025-03-22,23.0
24.020000000004075,17.14835,2025-03-22,24.0
9.80800000000454,15.042457,2025-03-22,25.0
13.30800000000454,12.481691,2025-03-22,26.0
21.927999999999884,15.791958,2025-03-22,27.0
7.659999999996216,15.23741,2025-03-22,28.0
18.57200000000012,20.967196,2025-03-22,29.0
12.832000000002154,14.246058,2025-03-22,30.0
28.127999999996973,26.284086,2025-03-22,31.0
28.9520000000048,31.396366,2025-03-22,32.0
27.023999999997613,17.028704,2025-03-22,33.0
13.732000000003609,15.877484,2025-03-22,34.0
46.46399999999994,15.772613,2025-03-22,35.0
8.82800000000125,12.779639,2025-03-22,36.0
24.335999999995693,29.013887,2025-03-22,37.0
17.590000000000146,10.644316,2025-03-22,38.0
12.0,15.581846,2025-03-22,39.0
21.012000000002445,14.020413,2025-03-23,1.0
21.0880000000025,26.987127,2025-03-23,2.0
19.391999999999825,23.384624,2025-03-23,3.0
22.631999999997788,22.313692,2025-03-23,4.0
2.90280000000227,17.69494,2025-03-23,5.0
53.95999999999913,31.663063,2025-03-23,6.0
28.2879999999958,28.530397,2025-03-23,7.0
20.3109999999981,29.002497,2025-03-23,8.0
20.12000000000262,21.815012,2025-03-23,9.0
17.175999999999476,27.80997,2025-03-23,10.0
28.520000000004075,20.652658,2025-03-23,11.0
3.170000000001892,11.096907,2025-03-23,12.0
6.175999999999476,21.299133,2025-03-23,13.0
19.599999999998545,27.308945,2025-03-23,14.0
10.4228000000063,29.16644,2025-03-23,15.0
58.24799999999959,42.245716,2025-03-23,16.0
6.81000000000131,5.197759,2025-03-23,17.0
14.039999999993595,16.264519,2025-03-23,18.0
8.549999999999272,16.496336,2025-03-23,19.0
10.389999999999418,14.104327,2025-03-23,20.0
19.648000000001048,26.554197,2025-03-23,21.0
12.167999999997846,20.35406,2025-03-23,22.0
22.00800000000163,20.121893,2025-03-23,23.0
12.239999999997965,19.527939,2025-03-23,24.0
22.39999999999418,15.995233,2025-03-23,25.0
10.37199999999575,14.9323,2025-03-23,26.0
9.279999999998836,18.07462,2025-03-23,27.0
6.480000000003201,17.68469,2025-03-23,28.0
17.29599999999482,22.565199,2025-03-23,29.0
0.0,17.22492,2025-03-23,30.0
18.88799999999173,31.112871,2025-03-23,31.0
33.19199999999546,32.447456,2025-03-23,32.0
30.46800000000076,20.48799,2025-03-23,33.0
10.167999999997846,15.806379,2025-03-23,34.0
21.2800000000011,20.148819,2025-03-23,35.0
13.4120000000039,12.891724,2025-03-23,36.0
25.8000000000029,30.763895,2025-03-23,37.0
10.420000000001892,11.334365,2025-03-23,38.0
11.0879999999961,17.51726,2025-03-23,39.0
9.375999999996566,13.687331,2025-03-24,1.0
10.5828000000026,20.413206,2025-03-24,2.0
17.072000000000116,20.814968,2025-03-24,3.0
60.36000000000058,18.594446,2025-03-24,4.0
1.175999999999476,14.406025,2025-03-24,5.0
29.599999999998545,27.248062,2025-03-24,6.0
29.695999999996275,26.031755,2025-03-24,7.0
19.23200000000361,23.458832,2025-03-24,8.0
20.599999999998545,19.339294,2025-03-24,9.0
37.13200000000506,25.952309,2025-03-24,10.0
20.94799999999668,17.270916,2025-03-24,11.0
10.049999999999272,9.080932,2025-03-24,12.0
19.3028000000037,18.928623,2025-03-24,13.0
25.247999999999596,23.505701,2025-03-24,14.0
37.82799999999406,23.904556,2025-03-24,15.0
33.080000000001746,38.8323,2025-03-24,16.0
6.319999999999709,6.8884044,2025-03-24,17.0
16.8628000000014,14.545303,2025-03-24,18.0
19.419999999998254,15.946034,2025-03-24,19.0
14.729999999995924,14.064289,2025-03-24,20.0
24.18000000000029,23.643173,2025-03-24,21.0
8.192000000002736,20.642494,2025-03-24,22.0
30.580000000001743,19.53407,2025-03-24,23.0
20.86800000000221,18.486961,2025-03-24,24.0
18.81999999999971,14.83254,2025-03-24,25.0
10.760000000002035,13.381339,2025-03-24,26.0
10.231999999996331,14.825879,2025-03-24,27.0
11.8919999999998,14.218982,2025-03-24,28.0
20.8628000000014,19.633158,2025-03-24,29.0
11.1600000000035,15.8325,2025-03-24,30.0
38.1020000000083,29.796696,2025-03-24,31.0
39.00800000000163,32.87863,2025-03-24,32.0
16.459999999999127,20.094244,2025-03-24,33.0
8.968000000000757,15.364638,2025-03-24,34.0
17.57600000000093,22.890009,2025-03-24,35.0
9.41199999999744,12.067807,2025-03-24,36.0
24.8628000000014,26.351475,2025-03-24,37.0
9.62999999999738,10.167955,2025-03-24,38.0
10.67199999999866,15.060161,2025-03-24,39.0
8.72000000000106,16.474813,2025-03-25,1.0
10.735999999989872,21.244753,2025-03-25,2.0
21.2580000000054,21.319538,2025-03-25,3.0
49.27999999999884,19.445467,2025-03-25,4.0
1.11200000000186,19.040884,2025-03-25,5.0
21.27999999999884,30.755447,2025-03-25,6.0
29.872000000003027,27.03758,2025-03-25,7.0
27.90799999999581,22.672003,2025-03-25,8.0
23.19999999999709,19.822796,2025-03-25,9.0
24.5199999999968,26.78566,2025-03-25,10.0
12.531999999999243,18.686493,2025-03-25,11.0
4.02800000000087,9.500487,2025-03-25,12.0
14.576000000000931,20.163166,2025-03-25,13.0
24.959999999999127,23.090338,2025-03-25,14.0
31.4120000000039,22.582281,2025-03-25,15.0
53.22000000000117,40.189034,2025-03-25,16.0
3.75,6.8957033,2025-03-25,17.0
21.16000000000349,14.0804615,2025-03-25,18.0
9.9900000000016,15.626372,2025-03-25,19.0
11.3600000000006,14.601401,2025-03-25,20.0
38.07999999999447,22.670547,2025-03-25,21.0
9.536000000000058,20.640669,2025-03-25,22.0
10.9599999999991,17.317614,2025-03-25,23.0
8.11999999999622,17.773096,2025-03-25,24.0
17.6280000000067,15.47209,2025-03-25,25.0
2.228000000002794,13.328749,2025-03-25,26.0
8.080000000001746,19.7698,2025-03-25,27.0
10.656000000002678,14.960685,2025-03-25,28.0
21.135999999998603,20.302042,2025-03-25,29.0
14.939999999995052,13.219347,2025-03-25,30.0
35.1120000000018,27.641708,2025-03-25,31.0
35.3920000000071,31.034897,2025-03-25,32.0
10.760000000002,20.586864,2025-03-25,33.0
20.222800000002,18.662502,2025-03-25,34.0
11.5720000000001,19.539463,2025-03-25,35.0
7.760000000002037,11.945289,2025-03-25,36.0
30.4320000000007,24.773764,2025-03-25,37.0
11.1700000000019,12.033653,2025-03-25,38.0
13.520000000004076,16.06667,2025-03-25,39.0
8.18280000000101,15.856736,2025-03-26,1.0
8.127999999996973,23.623516,2025-03-26,2.0
22.5280000000009,23.119158,2025-03-26,3.0
57.7439999999911,23.505571,2025-03-26,4.0
1.11200000000186,18.805649,2025-03-26,5.0
26.27999999999884,30.830332,2025-03-26,6.0
24.6628000000043,30.697353,2025-03-26,7.0
12.067999999999302,25.210323,2025-03-26,8.0
20.743999999998778,23.392418,2025-03-26,9.0
21.520000000004075,28.33234,2025-03-26,10.0
19.536000000000055,21.678112,2025-03-26,11.0
5.180000000000291,9.828544,2025-03-26,12.0
17.5109999999952,20.578993,2025-03-26,13.0
25.12000000000262,25.645565,2025-03-26,14.0
23.0879999999961,25.09594,2025-03-26,15.0
43.39999999999418,37.785797,2025-03-26,16.0
6.299999999999272,7.016812,2025-03-26,17.0
9.288000000000466,16.706293,2025-03-26,18.0
21.81999999999971,16.622492,2025-03-26,19.0
8.560000000004948,14.108783,2025-03-26,20.0
26.860000000000586,26.822258,2025-03-26,21.0
13.9109999999966,22.115826,2025-03-26,22.0
22.291999999994005,22.499926,2025-03-26,23.0
22.10399999999936,19.792496,2025-03-26,24.0
12.0109999999952,17.060879,2025-03-26,25.0
10.907999999995807,13.282347,2025-03-26,26.0
22.5679999999993,17.07337,2025-03-26,27.0
8.31099999999808,15.609722,2025-03-26,28.0
17.0628000000058,21.629826,2025-03-26,29.0
0.588000000003376,13.740739,2025-03-26,30.0
21.872000000003027,29.08952,2025-03-26,31.0
25.8719999999885,31.440746,2025-03-26,32.0
9.567999999999302,21.529898,2025-03-26,33.0
13.799999999995634,19.414223,2025-03-26,34.0
33.667999999997846,20.83063,2025-03-26,35.0
17.023999999997613,12.331991,2025-03-26,36.0
20.648000000001048,27.753952,2025-03-26,37.0
10.68999999999869,12.726425,2025-03-26,38.0
24.68000000000029,15.2705965,2025-03-26,39.0
7.536000000000058,16.309608,2025-03-27,1.0
12.00800000000163,23.746212,2025-03-27,2.0
17.18000000000029,24.215511,2025-03-27,3.0
48.89600000000792,32.297867,2025-03-27,4.0
8.567999999999302,21.706966,2025-03-27,5.0
53.80800000000454,30.23089,2025-03-27,6.0
26.21600000000035,32.6496,2025-03-27,7.0
19.952000000004773,27.14376,2025-03-27,8.0
24.976000000002387,24.55004,2025-03-27,9.0
20.959999999999127,28.695053,2025-03-27,10.0
11.6228000000025,22.38438,2025-03-27,11.0
7.719999999997526,10.512474,2025-03-27,12.0
13.460000000006405,21.703506,2025-03-27,13.0
27.05999999999767,27.73067,2025-03-27,14.0
25.832000000002157,26.6175,2025-03-27,15.0
46.492000000005646,45.020855,2025-03-27,16.0
2.950000000000728,8.955117,2025-03-27,17.0
10.807999999997264,17.83679,2025-03-27,18.0
12.670000000001892,17.496897,2025-03-27,19.0
19.39999999999418,17.375153,2025-03-27,20.0
11.0880000000025,28.898544,2025-03-27,21.0
12.608000000000176,21.528889,2025-03-27,22.0
33.44800000000396,26.122631,2025-03-27,23.0
19.0280000000009,21.635845,2025-03-27,24.0
12.0,21.791842,2025-03-27,25.0
4.919999999998254,13.485006,2025-03-27,26.0
8.71099999999953,16.636326,2025-03-27,27.0
26.099999999998545,16.891798,2025-03-27,28.0
20.60800000000017,23.63748,2025-03-27,29.0
10.0280000000009,17.907736,2025-03-27,30.0
31.39199999999255,36.75331,2025-03-27,31.0
39.69600000001083,41.219433,2025-03-27,32.0
14.9428000000031,22.650076,2025-03-27,33.0
13.01600000000326,20.656849,2025-03-27,34.0
27.360000000000586,23.850069,2025-03-27,35.0
9.288000000000466,12.978104,2025-03-27,36.0
27.95999999999185,31.648594,2025-03-27,37.0
10.290000000000871,14.534337,2025-03-27,38.0
11.0,16.087395,2025-03-27,39.0
22.080000000001743,13.737004,2025-03-28,1.0
28.24800000000687,19.521097,2025-03-28,2.0
28.39999999999418,20.271019,2025-03-28,3.0
36.271999999997206,38.049343,2025-03-28,4.0
8.487999999997555,17.606936,2025-03-28,5.0
22.959999999999127,31.733578,2025-03-28,6.0
26.76799999999639,30.26687,2025-03-28,7.0
20.25999999999476,25.45673,2025-03-28,8.0
16.192000000002736,22.357021,2025-03-28,9.0
25.0280000000009,27.677303,2025-03-28,10.0
23.2879999999958,19.481647,2025-03-28,11.0
10.6280000000031,8.146284,2025-03-28,12.0
14.651999999994588,18.445429,2025-03-28,13.0
22.0679999999993,26.517635,2025-03-28,14.0
35.52799999999843,26.662617,2025-03-28,15.0
41.62799999999697,46.721954,2025-03-28,16.0
10.5280000000009,6.230068,2025-03-28,17.0
27.652000000001863,16.996227,2025-03-28,18.0
17.959999999999127,17.535593,2025-03-28,19.0
16.010000000002037,13.134354,2025-03-28,20.0
38.3109999999981,29.5214,2025-03-28,21.0
20.172000000005937,18.058828,2025-03-28,22.0
28.7109999999995,22.580006,2025-03-28,23.0
37.76000000000204,20.105446,2025-03-28,24.0
22.919999999998254,18.780176,2025-03-28,25.0
18.4800000000032,10.899934,2025-03-28,26.0
16.32800000000134,16.580084,2025-03-28,27.0
18.012000000002445,13.178515,2025-03-28,28.0
22.599999999998545,22.173065,2025-03-28,29.0
6.623999999996158,10.519675,2025-03-28,30.0
36.77599999999802,33.132465,2025-03-28,31.0
39.263999999995576,36.738888,2025-03-28,32.0
21.19999999999709,19.136972,2025-03-28,33.0
18.69199999999546,18.2802,2025-03-28,34.0
17.252000000000407,31.701092,2025-03-28,35.0
17.160000000003492,14.418122,2025-03-28,36.0
25.8800000000047,28.630392,2025-03-28,37.0
14.56000000000131,13.125883,2025-03-28,38.0
20.31999999999971,18.532377,2025-03-28,39.0
6.98399999999674,16.501366,2025-03-29,1.0
31.16800000000512,21.068289,2025-03-29,2.0
26.452000000004773,21.66058,2025-03-29,3.0
59.16000000000349,41.369854,2025-03-29,4.0
9.11999999999622,18.86771,2025-03-29,5.0
57.55999999999767,31.174911,2025-03-29,6.0
27.77599999999802,31.221272,2025-03-29,7.0
25.4920000000056,24.103685,2025-03-29,8.0
19.0199999999968,23.724205,2025-03-29,9.0
25.61200000000099,28.595755,2025-03-29,10.0
31.07200000000012,21.156328,2025-03-29,11.0
5.729999999999563,8.903004,2025-03-29,12.0
17.776000000005297,18.955332,2025-03-29,13.0
31.9028000000023,27.439932,2025-03-29,14.0
24.2280000000052,27.024931,2025-03-29,15.0
50.62000000000262,41.017017,2025-03-29,16.0
1.2799999999988358,8.2032,2025-03-29,17.0
6.11999999999622,18.569607,2025-03-29,18.0
10.419999999998254,16.734629,2025-03-29,19.0
12.8280000000038,13.998259,2025-03-29,20.0
28.69999999999709,26.909147,2025-03-29,21.0
22.18000000000029,15.096162,2025-03-29,22.0
12.027999999998428,25.454884,2025-03-29,23.0
17.18800000000192,21.719564,2025-03-29,24.0
14.668000000005122,17.525633,2025-03-29,25.0
16.10399999999936,10.005528,2025-03-29,26.0
13.048000000002505,16.179506,2025-03-29,27.0
20.4119999999974,19.578665,2025-03-29,28.0
21.979999999995925,22.880747,2025-03-29,29.0
19.16800000000512,13.123975,2025-03-29,30.0
21.09600000000501,34.195236,2025-03-29,31.0
27.0,36.9989,2025-03-29,32.0
11.0080000000016,19.981657,2025-03-29,33.0
18.30000000000291,16.46672,2025-03-29,34.0
21.919999999998254,26.645771,2025-03-29,35.0
14.1099999999953,11.968772,2025-03-29,36.0
29.263999999995576,30.8018,2025-03-29,37.0
10.5,13.699305,2025-03-29,38.0
13.335999999995693,16.611359,2025-03-29,39.0
10.468000000000757,13.386321,2025-03-30,1.0
30.879999999990105,17.222145,2025-03-30,2.0
10.89600000000064,17.739119,2025-03-30,3.0
31.1019999999937,35.789677,2025-03-30,4.0
1.4120000000039,15.711398,2025-03-30,5.0
35.9280000000023,31.035334,2025-03-30,6.0
26.75999999999476,24.925587,2025-03-30,7.0
24.77599999999802,18.573885,2025-03-30,8.0
18.8109999999981,20.672043,2025-03-30,9.0
11.5679999999993,23.382128,2025-03-30,10.0
13.968000000000757,17.772404,2025-03-30,11.0
4.389999999999418,7.006524,2025-03-30,12.0
5.351999999998952,14.736472,2025-03-30,13.0
30.047999999995227,21.778728,2025-03-30,14.0
7.360000000000582,22.360558,2025-03-30,15.0
33.86000000000058,35.541004,2025-03-30,16.0
6.59000000000011,6.134886,2025-03-30,17.0
3.22000000000106,15.485049,2025-03-30,18.0
6.950000000000728,14.377538,2025-03-30,19.0
5.899999999994179,11.8299,2025-03-30,20.0
17.880000000004657,23.002548,2025-03-30,21.0
10.7999999999956,14.282582,2025-03-30,22.0
14.652000000001864,18.578428,2025-03-30,23.0
13.619999999995343,18.763474,2025-03-30,24.0
14.220000000001164,14.952852,2025-03-30,25.0
3.567999999999301,9.399178,2025-03-30,26.0
16.10399999999936,14.508222,2025-03-30,27.0
5.91099999999662,13.650395,2025-03-30,28.0
13.492000000005646,18.507708,2025-03-30,29.0
18.391999999999825,10.1325245,2025-03-30,30.0
23.19199999999546,26.022741,2025-03-30,31.0
28.55999999999767,31.875399,2025-03-30,32.0
7.271999999997206,16.50146,2025-03-30,33.0
6.4320000000006985,15.3790245,2025-03-30,34.0
10.548000000002505,22.084396,2025-03-30,35.0
7.319999999999709,10.764521,2025-03-30,36.0
19.2000000000106,25.69015,2025-03-30,37.0
8.489999999997963,11.221995,2025-03-30,38.0
13.102000000001,14.095074,2025-03-30,39.0
10.37999999999738,13.286367,2025-03-31,1.0
14.296000000002095,19.784746,2025-03-31,2.0
20.68000000000029,19.37591,2025-03-31,3.0
31.520000000004075,46.695656,2025-03-31,4.0
2.148000000001048,15.709511,2025-03-31,5.0
53.89999999999418,29.499325,2025-03-31,6.0
8.567999999999302,26.21594,2025-03-31,7.0
11.2800000000011,19.932753,2025-03-31,8.0
22.8280000000038,19.658197,2025-03-31,9.0
18.487999999997555,23.941252,2025-03-31,10.0
14.20799999999872,19.507015,2025-03-31,11.0
12.149999999997815,6.4556017,2025-03-31,12.0
12.87999999999738,16.664148,2025-03-31,13.0
25.80800000000454,23.058456,2025-03-31,14.0
16.57999999999447,24.723587,2025-03-31,15.0
17.19999999999709,38.561455,2025-03-31,16.0
1.860000000000582,4.128488,2025-03-31,17.0
2.52000000000287,16.007902,2025-03-31,18.0
14.529999999998836,13.3948765,2025-03-31,19.0
11.5200000000041,12.314361,2025-03-31,20.0
28.4109999999966,26.767904,2025-03-31,21.0
8.99199999999837,15.0581045,2025-03-31,22.0
21.70799999999872,19.17873,2025-03-31,23.0
6.92800000000233,18.22173,2025-03-31,24.0
11.127999999997,15.5120945,2025-03-31,25.0
12.2800000000011,9.263502,2025-03-31,26.0
10.2579999999981,13.495924,2025-03-31,27.0
10.6880000000019,15.894663,2025-03-31,28.0
10.288000000000466,18.926664,2025-03-31,29.0
0.4279999999998836,13.662781,2025-03-31,30.0
11.7600000000093,27.362116,2025-03-31,31.0
26.60000000000582,32.879166,2025-03-31,32.0
8.056000000004133,14.551857,2025-03-31,33.0
16.608000000000175,15.22436,2025-03-31,34.0
11.182800000001,19.318264,2025-03-31,35.0
8.760000000002037,10.996119,2025-03-31,36.0
27.231999999989057,25.444862,2025-03-31,37.0
9.12000000000262,11.362741,2025-03-31,38.0
19.0280000000009,14.661638,2025-03-31,39.0
12.232000000003609,16.321793,2025-04-01,1.0
29.0,27.743624,2025-04-01,2.0
11.1199999999962,27.237514,2025-04-01,3.0
50.32799999999406,56.872868,2025-04-01,4.0
8.18280000000101,19.404741,2025-04-01,5.0
10.860000000000582,37.458893,2025-04-01,6.0
31.9428000000031,34.55324,2025-04-01,7.0
21.2109999999995,27.253445,2025-04-01,8.0
13.735999999997148,26.327595,2025-04-01,9.0
16.052000000003318,29.320438,2025-04-01,10.0
27.4320000000007,25.07844,2025-04-01,11.0
8.320000000003347,8.568336,2025-04-01,12.0
17.0880000000025,21.910025,2025-04-01,13.0
31.263999999995576,31.731607,2025-04-01,14.0
30.18000000000029,32.750813,2025-04-01,15.0
38.4519999999975,47.712864,2025-04-01,16.0
5.369999999998981,7.293089,2025-04-01,17.0
12.979999999995924,21.136425,2025-04-01,18.0
3.900000000001455,18.791725,2025-04-01,19.0
10.489999999997965,17.561445,2025-04-01,20.0
29.16800000000512,32.78784,2025-04-01,21.0
9.427999999999884,20.420643,2025-04-01,22.0
7.628000000004249,24.737194,2025-04-01,23.0
27.4109999999966,25.55169,2025-04-01,24.0
11.3109999999981,20.35156,2025-04-01,25.0
22.68800000000192,12.322614,2025-04-01,26.0
13.027999999998428,18.173512,2025-04-01,27.0
11.5999999999985,20.628572,2025-04-01,28.0
19.27199999999721,26.0589,2025-04-01,29.0
14.227999999995518,20.268488,2025-04-01,30.0
12.423999999999069,36.21061,2025-04-01,31.0
31.5679999999993,39.774967,2025-04-01,32.0
8.091999999996915,13.769377,2025-04-01,33.0
8.767999999996391,21.732454,2025-04-01,34.0
20.1199999999962,25.490887,2025-04-01,35.0
8.88799999999901,12.78387,2025-04-01,36.0
25.4628000000072,33.069744,2025-04-01,37.0
13.339999999996508,14.98324,2025-04-01,38.0
13.99199999999837,20.671644,2025-04-01,39.0
6.50800000000163,13.62691,2025-04-02,1.0
30.0280000000081,21.954788,2025-04-02,2.0
18.76000000000204,20.461882,2025-04-02,3.0
20.696000000010827,40.670193,2025-04-02,4.0
8.599999999998545,16.458199,2025-04-02,5.0
27.73200000000361,33.48188,2025-04-02,6.0
28.320000000006985,20.944284,2025-04-02,7.0
28.77999999999884,20.652067,2025-04-02,8.0
20.6228000000025,20.954273,2025-04-02,9.0
22.131999999997788,21.389206,2025-04-02,10.0
16.760000000002037,19.002148,2025-04-02,11.0
7.0799999999981,6.9121375,2025-04-02,12.0
10.9519999999975,16.812946,2025-04-02,13.0
24.49600000000646,24.800236,2025-04-02,14.0
44.26000000000204,22.820002,2025-04-02,15.0
26.456000000005588,35.02051,2025-04-02,16.0
1.2299999999995634,4.543551,2025-04-02,17.0
19.05999999999767,12.8304405,2025-04-02,18.0
10.2999999999993,11.767878,2025-04-02,19.0
13.599999999998545,12.570499,2025-04-02,20.0
23.5679999999993,24.691122,2025-04-02,21.0
9.891999999999824,14.867857,2025-04-02,22.0
21.639999999999414,17.333736,2025-04-02,23.0
23.880000000004657,18.7258,2025-04-02,24.0
20.580000000001743,13.840621,2025-04-02,25.0
9.360000000000582,8.820535,2025-04-02,26.0
13.652000000001864,14.13129,2025-04-02,27.0
6.120000000002619,15.374412,2025-04-02,28.0
19.65600000000268,18.400747,2025-04-02,29.0
10.2528000000046,10.765592,2025-04-02,30.0
11.5760000000009,26.596655,2025-04-02,31.0
24.871999999988475,30.347189,2025-04-02,32.0
8.027999999998428,9.810095,2025-04-02,33.0
13.312000000005357,15.382135,2025-04-02,34.0
17.33600000000297,18.645088,2025-04-02,35.0
11.6920000000027,9.84861,2025-04-02,36.0
31.456000000005588,24.124344,2025-04-02,37.0
10.37000000000262,8.628507,2025-04-02,38.0
14.0880000000025,16.125376,2025-04-02,39.0
12.972000000001572,16.622255,2025-04-03,1.0
17.519999999989523,30.662859,2025-04-03,2.0
18.599999999998545,22.568491,2025-04-03,3.0
45.16799999999057,46.37762,2025-04-03,4.0
3.227999999995518,19.616806,2025-04-03,5.0
43.19999999999709,38.605988,2025-04-03,6.0
24.21600000000035,27.5341,2025-04-03,7.0
11.887999999999,22.173819,2025-04-03,8.0
18.70799999999872,21.298136,2025-04-03,9.0
22.296000000002092,21.010946,2025-04-03,10.0
12.5199999999968,22.155035,2025-04-03,11.0
3.9900000000016007,8.612383,2025-04-03,12.0
17.4320000000007,17.854654,2025-04-03,13.0
20.851999999998952,28.28387,2025-04-03,14.0
17.9800000000032,25.567076,2025-04-03,15.0
35.66399999999703,37.783253,2025-04-03,16.0
4.870000000002619,7.3016295,2025-04-03,17.0
2.52800000000087,11.059813,2025-04-03,18.0
6.520000000000437,13.561186,2025-04-03,19.0
4.700000000004366,14.797568,2025-04-03,20.0
24.54399999999441,27.461714,2025-04-03,21.0
5.456000000005588,16.295656,2025-04-03,22.0
4.4799999999959255,19.136778,2025-04-03,23.0
25.247999999999596,23.502808,2025-04-03,24.0
17.87999999999738,14.017273,2025-04-03,25.0
10.639999999999418,13.691638,2025-04-03,26.0
7.788000000000466,15.103861,2025-04-03,27.0
5.71099999999953,17.437574,2025-04-03,28.0
14.39999999999418,19.949577,2025-04-03,29.0
0.0,16.556704,2025-04-03,30.0
31.38399999999092,24.709097,2025-04-03,31.0
29.320000000006985,35.170403,2025-04-03,32.0
19.812000000005355,11.441184,2025-04-03,33.0
11.6879999999946,17.314026,2025-04-03,34.0
17.55999999999767,18.88706,2025-04-03,35.0
11.9320000000007,12.569233,2025-04-03,36.0
26.023999999990338,29.131039,2025-04-03,37.0
7.719999999997526,10.134166,2025-04-03,38.0
13.551999999996042,17.926636,2025-04-03,39.0
14.639999999999418,14.847211,2025-04-04,1.0
25.055999999996857,28.30807,2025-04-04,2.0
17.67199999999866,22.091263,2025-04-04,3.0
28.320000000006985,39.3311,2025-04-04,4.0
9.62800000000669,15.44845,2025-04-04,5.0
50.30800000000454,28.56708,2025-04-04,6.0
25.2879999999958,24.95929,2025-04-04,7.0
26.1120000000018,21.159645,2025-04-04,8.0
17.099999999998545,21.589203,2025-04-04,9.0
19.231999999996333,21.716265,2025-04-04,10.0
20.12800000000425,21.074469,2025-04-04,11.0
10.5900000000001,7.9907584,2025-04-04,12.0
11.8119999999989,15.632154,2025-04-04,13.0
25.971999999994296,26.272617,2025-04-04,14.0
33.05999999999767,24.824411,2025-04-04,15.0
22.520000000004075,35.213543,2025-04-04,16.0
1.1299999999973809,4.596916,2025-04-04,17.0
13.62800000000425,13.514293,2025-04-04,18.0
13.5280000000009,11.234943,2025-04-04,19.0
11.1899999999951,12.894216,2025-04-04,20.0
23.31999999999971,25.332026,2025-04-04,21.0
7.71099999999953,15.152646,2025-04-04,22.0
23.47200000000157,17.588982,2025-04-04,23.0
14.7109999999995,20.80439,2025-04-04,24.0
11.7000000000044,14.599903,2025-04-04,25.0
13.102000000001,11.921702,2025-04-04,26.0
8.12000000000262,13.817132,2025-04-04,27.0
5.92800000000233,16.588013,2025-04-04,28.0
19.280000000006112,19.289982,2025-04-04,29.0
6.41199999999744,15.755022,2025-04-04,30.0
30.80000000000291,25.114735,2025-04-04,31.0
27.01600000000326,32.780167,2025-04-04,32.0
12.1099999999953,10.0931635,2025-04-04,33.0
21.531999999999243,16.17617,2025-04-04,34.0
12.4109999999966,17.576092,2025-04-04,35.0
9.19999999999709,11.755334,2025-04-04,36.0
42.2879999999958,26.401487,2025-04-04,37.0
14.1100000000011,10.677966,2025-04-04,38.0
10.3600000000006,16.529833,2025-04-04,39.0
6.0679999999993015,14.290514,2025-04-05,1.0
14.9428000000031,28.164923,2025-04-05,2.0
10.9520000000048,20.56279,2025-04-05,3.0
42.39999999999418,36.189888,2025-04-05,4.0
4.4799999999959255,16.955688,2025-04-05,5.0
19.93999999999505,33.539207,2025-04-05,6.0
18.6119999999945,25.345568,2025-04-05,7.0
25.599999999998545,22.037645,2025-04-05,8.0
18.720000000001164,20.388931,2025-04-05,9.0
24.512000000002445,21.312246,2025-04-05,10.0
12.383999999998196,20.812996,2025-04-05,11.0
4.69999999999709,7.4099674,2025-04-05,12.0
18.77199999999721,16.490904,2025-04-05,13.0
20.080000000001743,25.685383,2025-04-05,14.0
17.2579999999981,24.646526,2025-04-05,15.0
35.90799999999581,32.11076,2025-04-05,16.0
5.069999999999709,6.0507774,2025-04-05,17.0
20.252000000000407,13.079497,2025-04-05,18.0
14.599999999998545,9.896074,2025-04-05,19.0
17.720000000001164,10.261928,2025-04-05,20.0
27.520000000004075,26.47871,2025-04-05,21.0
5.299999999995634,15.152087,2025-04-05,22.0
11.0480000000025,16.120226,2025-04-05,23.0
10.747999999999593,22.878374,2025-04-05,24.0
8.271999999997206,15.677324,2025-04-05,25.0
16.0199999999968,12.055078,2025-04-05,26.0
8.91099999999662,13.832876,2025-04-05,27.0
17.427999999999884,12.914433,2025-04-05,28.0
21.5109999999952,18.086195,2025-04-05,29.0
8.599999999998545,10.257152,2025-04-05,30.0
23.919999999998254,24.364157,2025-04-05,31.0
25.2079999999987,29.911728,2025-04-05,32.0
7.747999999999592,11.006895,2025-04-05,33.0
8.172000000005937,15.316134,2025-04-05,34.0
14.260000000002035,15.739599,2025-04-05,35.0
8.495999999999185,10.557032,2025-04-05,36.0
14.232000000003609,28.692978,2025-04-05,37.0
10.569999999999707,11.19919,2025-04-05,38.0
9.788000000000466,15.902826,2025-04-05,39.0
7.19999999999709,14.284542,2025-04-06,1.0
19.61600000000908,27.403746,2025-04-06,2.0
17.327999999994063,18.796648,2025-04-06,3.0
32.04800000000978,35.27881,2025-04-06,4.0
6.459999999999127,16.191584,2025-04-06,5.0
48.16000000000349,26.807549,2025-04-06,6.0
24.760000000009317,25.083282,2025-04-06,7.0
20.69999999999709,21.508455,2025-04-06,8.0
25.66000000000349,21.33354,2025-04-06,9.0
19.6119999999945,21.69475,2025-04-06,10.0
17.987999999997555,19.352364,2025-04-06,11.0
4.82800000000011,7.7030888,2025-04-06,12.0
18.280000000006112,15.459652,2025-04-06,13.0
22.16000000000349,25.343842,2025-04-06,14.0
23.0,23.69675,2025-04-06,15.0
27.099999999998545,30.138012,2025-04-06,16.0
1.3100000000013097,3.4077988,2025-04-06,17.0
14.680000000000293,11.061118,2025-04-06,18.0
11.1100000000011,10.445746,2025-04-06,19.0
13.880000000004657,11.150831,2025-04-06,20.0
24.487999999997555,25.065678,2025-04-06,21.0
3.72800000000524,13.316808,2025-04-06,22.0
12.331999999994878,17.433496,2025-04-06,23.0
5.7479999999995925,19.07733,2025-04-06,24.0
14.200000000004366,14.873456,2025-04-06,25.0
11.3799999999974,12.551816,2025-04-06,26.0
13.639999999999418,16.303852,2025-04-06,27.0
12.731999999996331,12.43283,2025-04-06,28.0
20.048000000002503,18.78476,2025-04-06,29.0
0.210999999999525,12.257788,2025-04-06,30.0
26.4280000000023,22.203217,2025-04-06,31.0
27.3109999999908,29.110765,2025-04-06,32.0
11.2109999999995,10.309765,2025-04-06,33.0
18.0,16.07738,2025-04-06,34.0
21.5,14.88425,2025-04-06,35.0
16.3109999999981,9.800005,2025-04-06,36.0
21.79200000000128,27.615568,2025-04-06,37.0
3.2299999999995634,10.470214,2025-04-06,38.0
12.067999999999302,15.145069,2025-04-06,39.0
10.148000000001048,16.013144,2025-04-07,1.0
8.751999999993131,25.097155,2025-04-07,2.0
12.200000000004366,18.371813,2025-04-07,3.0
35.58399999998801,36.197006,2025-04-07,4.0
3.52800000000087,17.519712,2025-04-07,5.0
22.639999999999414,31.347664,2025-04-07,6.0
17.823999999993248,24.765013,2025-04-07,7.0
24.460000000006403,22.1218,2025-04-07,8.0
19.731999999996333,20.777855,2025-04-07,9.0
16.6280000000067,22.88454,2025-04-07,10.0
12.332000000002154,19.257507,2025-04-07,11.0
4.680000000000291,7.7709646,2025-04-07,12.0
12.307999999997264,16.347496,2025-04-07,13.0
26.687999999994645,25.083601,2025-04-07,14.0
20.4280000000023,27.33063,2025-04-07,15.0
35.2800000000011,30.397818,2025-04-07,16.0
1.2900000000008731,5.725495,2025-04-07,17.0
10.0,13.63465,2025-04-07,18.0
7.09000000000011,11.506939,2025-04-07,19.0
10.839999999996508,11.6725025,2025-04-07,20.0
22.62000000000262,27.096096,2025-04-07,21.0
7.239999999997963,11.985293,2025-04-07,22.0
24.61200000000099,17.408169,2025-04-07,23.0
13.1199999999962,19.191761,2025-04-07,24.0
21.94799999999668,14.331332,2025-04-07,25.0
10.760000000002,13.566936,2025-04-07,26.0
9.52000000000287,17.051508,2025-04-07,27.0
7.52800000000087,12.821972,2025-04-07,28.0
23.12000000000262,18.849049,2025-04-07,29.0
20.788000000000466,11.609172,2025-04-07,30.0
11.8000000000029,22.502504,2025-04-07,31.0
31.0880000000025,30.694258,2025-04-07,32.0
16.260000000002037,10.403822,2025-04-07,33.0
16.20799999999872,14.428166,2025-04-07,34.0
11.4599999999991,17.000065,2025-04-07,35.0
9.79200000000128,9.321816,2025-04-07,36.0
26.047999999995227,28.564823,2025-04-07,37.0
18.67000000000189,11.414622,2025-04-07,38.0
11.3919999999998,14.864474,2025-04-07,39.0
5.90280000000227,13.809934,2025-04-08,1.0
26.07200000000012,24.27903,2025-04-08,2.0
11.9000000000011,17.786003,2025-04-08,3.0
33.64800000000105,36.901905,2025-04-08,4.0
3.268000000003667,17.852861,2025-04-08,5.0
22.26000000000204,30.530968,2025-04-08,6.0
18.528000000005704,25.374954,2025-04-08,7.0
16.127999999996973,21.128271,2025-04-08,8.0
16.80000000000291,21.326206,2025-04-08,9.0
14.10399999999936,20.82365,2025-04-08,10.0
13.495999999999183,18.481657,2025-04-08,11.0
5.139999999999418,6.4795184,2025-04-08,12.0
18.731999999996333,16.442968,2025-04-08,13.0
25.9120000000039,23.700293,2025-04-08,14.0
13.391999999999824,25.703615,2025-04-08,15.0
22.2800000000011,29.65799,2025-04-08,16.0
1.2299999999995634,5.3928466,2025-04-08,17.0
13.788000000000466,14.431073,2025-04-08,18.0
3.97000000000106,9.85639,2025-04-08,19.0
12.309999999997672,10.891262,2025-04-08,20.0
29.4109999999966,25.496202,2025-04-08,21.0
7.271999999997206,9.434552,2025-04-08,22.0
11.9880000000048,16.433283,2025-04-08,23.0
16.052000000003318,18.207014,2025-04-08,24.0
12.819999999999707,13.245917,2025-04-08,25.0
13.8280000000038,12.631576,2025-04-08,26.0
9.659999999996217,15.179899,2025-04-08,27.0
10.9919999999984,13.25877,2025-04-08,28.0
22.1099999999953,18.764221,2025-04-08,29.0
0.0,7.2018614,2025-04-08,30.0
27.95999999999185,25.286106,2025-04-08,31.0
41.336000000010245,28.412271,2025-04-08,32.0
7.419999999998254,10.574603,2025-04-08,33.0
10.260000000002,14.450758,2025-04-08,34.0
12.608000000000176,16.85533,2025-04-08,35.0
10.0,10.316256,2025-04-08,36.0
25.528000000005704,27.539068,2025-04-08,37.0
9.599999999998545,10.035895,2025-04-08,38.0
16.7280000000052,14.448362,2025-04-08,39.0
17.647999999993772,12.656625,2025-04-09,1.0
30.54399999999441,21.976286,2025-04-09,2.0
26.971999999994296,17.324108,2025-04-09,3.0
47.9428000000031,38.494762,2025-04-09,4.0
9.18399999999383,14.56261,2025-04-09,5.0
42.187999999994645,30.002607,2025-04-09,6.0
26.97599999999511,23.62457,2025-04-09,7.0
27.023999999997613,21.305344,2025-04-09,8.0
11.7200000000012,20.781006,2025-04-09,9.0
17.70799999999872,22.393303,2025-04-09,10.0
20.959999999999127,16.196842,2025-04-09,11.0
8.710000000002765,6.253151,2025-04-09,12.0
18.812000000005355,16.496355,2025-04-09,13.0
28.720000000001164,22.896027,2025-04-09,14.0
37.52799999999843,25.57873,2025-04-09,15.0
26.927999999999884,29.060955,2025-04-09,16.0
6.790000000000873,4.8796744,2025-04-09,17.0
4.19199999999546,13.588264,2025-04-09,18.0
9.37999999999738,11.444811,2025-04-09,19.0
9.459999999999129,11.466519,2025-04-09,20.0
23.17599999999948,24.740707,2025-04-09,21.0
2.736000000004424,8.974071,2025-04-09,22.0
21.799999999995634,17.709898,2025-04-09,23.0
10.9800000000032,16.289553,2025-04-09,24.0
14.419999999998254,14.397484,2025-04-09,25.0
14.19999999999709,12.479659,2025-04-09,26.0
14.972000000001572,14.935719,2025-04-09,27.0
9.319999999999707,11.898555,2025-04-09,28.0
22.652000000001863,19.093733,2025-04-09,29.0
21.73200000000361,14.052836,2025-04-09,30.0
31.9428000000031,23.584282,2025-04-09,31.0
27.919999999998254,28.907124,2025-04-09,32.0
19.360000000000586,11.129921,2025-04-09,33.0
7.41099999999662,14.829001,2025-04-09,34.0
17.61200000000099,17.236124,2025-04-09,35.0
20.736000000004424,10.321369,2025-04-09,36.0
28.687999999994645,27.569298,2025-04-09,37.0
7.7280000000016,9.737162,2025-04-09,38.0
10.4599999999991,13.90271,2025-04-09,39.0
5.9120000000039,12.678344,2025-04-10,1.0
11.416000000012,27.01612,2025-04-10,2.0
11.2160000000003,17.79582,2025-04-10,3.0
54.1359999999986,38.614414,2025-04-10,4.0
3.89600000000064,13.7605,2025-04-10,5.0
45.200000000004366,29.381117,2025-04-10,6.0
29.888000000006286,22.796486,2025-04-10,7.0
19.88799999999901,19.93279,2025-04-10,8.0
22.455999999998312,21.424911,2025-04-10,9.0
12.599999999998545,20.222298,2025-04-10,10.0
18.080000000001743,17.332546,2025-04-10,11.0
7.25000000000011,6.386106,2025-04-10,12.0
12.319999999999707,18.027182,2025-04-10,13.0
28.32800000000134,23.692825,2025-04-10,14.0
18.872000000003027,17.776583,2025-04-10,15.0
43.2800000000011,28.913303,2025-04-10,16.0
1.9099999999998545,4.22123,2025-04-10,17.0
7.272000000004482,13.0857,2025-04-10,18.0
10.639999999999418,10.920754,2025-04-10,19.0
9.35000000000582,12.76549,2025-04-10,20.0
25.77200000000448,26.8489,2025-04-10,21.0
2.639999999999418,8.924154,2025-04-10,22.0
24.10800000000017,16.677616,2025-04-10,23.0
21.5399999999936,16.665268,2025-04-10,24.0
18.50800000000163,14.893492,2025-04-10,25.0
9.099999999998545,12.116557,2025-04-10,26.0
8.775999999998021,14.778124,2025-04-10,27.0
17.068000000006577,11.564848,2025-04-10,28.0
22.580000000001743,20.530972,2025-04-10,29.0
10.0280000000009,8.499662,2025-04-10,30.0
8.99199999999837,25.415424,2025-04-10,31.0
36.23999999999069,30.34346,2025-04-10,32.0
6.588000000003376,10.706491,2025-04-10,33.0
24.927999999999884,17.064428,2025-04-10,34.0
18.020000000004075,16.612955,2025-04-10,35.0
9.839999999996508,10.629471,2025-04-10,36.0
18.568000000013853,28.558279,2025-04-10,37.0
10.459999999999129,9.91459,2025-04-10,38.0
13.0,14.803934,2025-04-10,39.0
5.360000000000582,13.578812,2025-04-11,1.0
14.7439999999911,25.05158,2025-04-11,2.0
11.9200000000055,20.062006,2025-04-11,3.0
52.61600000000908,38.615982,2025-04-11,4.0
8.4120000000039,17.789524,2025-04-11,5.0
14.102000000001,30.290148,2025-04-11,6.0
11.2879999999958,25.051777,2025-04-11,7.0
28.96800000000076,21.271654,2025-04-11,8.0
8.19999999999709,22.379736,2025-04-11,9.0
21.70799999999872,20.915806,2025-04-11,10.0
11.8919999999998,19.619312,2025-04-11,11.0
8.049999999999272,8.140821,2025-04-11,12.0
8.680000000000291,18.07078,2025-04-11,13.0
28.351999999998952,24.316078,2025-04-11,14.0
24.419999999998254,23.80954,2025-04-11,15.0
23.102000000001,29.351713,2025-04-11,16.0
1.2900000000008731,7.606296,2025-04-11,17.0
5.695999999996275,16.639748,2025-04-11,18.0
9.4900000000016,11.60676,2025-04-11,19.0
11.3099999999977,12.216697,2025-04-11,20.0
31.839999999996508,26.293068,2025-04-11,21.0
1.6120000000009895,8.644766,2025-04-11,22.0
13.9120000000039,21.793625,2025-04-11,23.0
10.4800000000032,17.326046,2025-04-11,24.0
20.10399999999936,15.295596,2025-04-11,25.0
16.17199999999866,13.515264,2025-04-11,26.0
9.81099999999808,16.162586,2025-04-11,27.0
18.57999999999447,13.704479,2025-04-11,28.0
20.75999999999476,23.70633,2025-04-11,29.0
0.0,18.769905,2025-04-11,30.0
35.36000000000058,28.14067,2025-04-11,31.0
31.960000000006403,33.06977,2025-04-11,32.0
24.223999999994703,14.174597,2025-04-11,33.0
17.2500000000038,16.336193,2025-04-11,34.0
10.5,18.418528,2025-04-11,35.0
8.959999999999127,14.882772,2025-04-11,36.0
22.16799999999057,29.257149,2025-04-11,37.0
16.56999999999971,11.161831,2025-04-11,38.0
12.580000000001746,14.829991,2025-04-11,39.0
10.7079999999987,13.971459,2025-04-12,1.0
17.83200000000943,25.126204,2025-04-12,2.0
19.919999999998254,18.357155,2025-04-12,3.0
37.36799999998766,40.37276,2025-04-12,4.0
7.680000000000291,15.893955,2025-04-12,5.0
39.52799999999843,31.714102,2025-04-12,6.0
21.39199999999255,24.689417,2025-04-12,7.0
17.78399999999965,21.609158,2025-04-12,8.0
31.49199999999837,21.72311,2025-04-12,9.0
17.9028000000023,21.878563,2025-04-12,10.0
12.860000000000582,18.189608,2025-04-12,11.0
10.459999999999129,8.417114,2025-04-12,12.0
24.09599999999773,17.601978,2025-04-12,13.0
24.288000000000466,24.617464,2025-04-12,14.0
25.919999999998254,23.880272,2025-04-12,15.0
24.0,30.774216,2025-04-12,16.0
9.2599999999984,6.296274,2025-04-12,17.0
20.10399999999936,15.009058,2025-04-12,18.0
13.180000000000293,11.944849,2025-04-12,19.0
17.0199999999968,14.688649,2025-04-12,20.0
23.4120000000039,26.927618,2025-04-12,21.0
6.10999999999525,8.529087,2025-04-12,22.0
26.39999999999418,18.720226,2025-04-12,23.0
7.139999999999418,16.60443,2025-04-12,24.0
12.488000000004831,14.55163,2025-04-12,25.0
10.5280000000057,13.762475,2025-04-12,26.0
16.0,16.621813,2025-04-12,27.0
14.880000000004657,15.01137,2025-04-12,28.0
20.68800000000192,21.91479,2025-04-12,29.0
1.9599999999991269,14.019591,2025-04-12,30.0
25.00800000000163,24.128227,2025-04-12,31.0
29.55199999999604,34.140865,2025-04-12,32.0
8.427999999999884,12.131177,2025-04-12,33.0
12.291999999994005,16.515526,2025-04-12,34.0
18.0199999999968,15.913397,2025-04-12,35.0
8.092000000004191,13.212714,2025-04-12,36.0
27.36800000000221,26.758123,2025-04-12,37.0
9.169999999998254,10.550066,2025-04-12,38.0
16.02799999999843,14.571718,2025-04-12,39.0
5.239999999997963,15.845293,2025-04-13,1.0
8.543999999994412,23.206453,2025-04-13,2.0
16.4320000000007,19.775835,2025-04-13,3.0
47.8628000000014,40.53471,2025-04-13,4.0
7.41099999999662,18.570333,2025-04-13,5.0
45.5428000000017,31.771679,2025-04-13,6.0
20.80000000000291,25.257877,2025-04-13,7.0
25.728000000002798,25.229012,2025-04-13,8.0
22.92000000000553,19.761524,2025-04-13,9.0
25.4280000000023,22.03699,2025-04-13,10.0
14.160000000003492,18.535208,2025-04-13,11.0
9.479999999999563,7.6200786,2025-04-13,12.0
16.23200000000361,19.001398,2025-04-13,13.0
27.5,26.30742,2025-04-13,14.0
32.74799999999959,24.759161,2025-04-13,15.0
39.1119999999946,31.38614,2025-04-13,16.0
12.659999999999854,4.8160667,2025-04-13,17.0
11.8680000000022,15.463107,2025-04-13,18.0
6.849999999998545,12.003396,2025-04-13,19.0
10.160000000003492,14.20977,2025-04-13,20.0
27.507999999994357,27.83857,2025-04-13,21.0
1.0279999999984284,8.58772,2025-04-13,22.0
19.952000000004773,19.37804,2025-04-13,23.0
10.160000000003492,16.376371,2025-04-13,24.0
11.9399999999951,16.827824,2025-04-13,25.0
13.88799999999901,13.597483,2025-04-13,26.0
8.97200000000117,16.75887,2025-04-13,27.0
7.847999999998137,16.121,2025-04-13,28.0
19.951999999997497,24.237276,2025-04-13,29.0
14.5879999999961,10.434815,2025-04-13,30.0
27.9428000000031,26.903599,2025-04-13,31.0
25.8228000000078,35.258636,2025-04-13,32.0
7.532000000006519,14.616586,2025-04-13,33.0
8.868000000002212,17.500076,2025-04-13,34.0
7.80000000000291,17.873314,2025-04-13,35.0
14.5879999999961,12.194253,2025-04-13,36.0
36.19999999999709,26.371716,2025-04-13,37.0
9.850000000002185,12.232707,2025-04-13,38.0
13.0,14.942432,2025-04-13,39.0
13.988000000004831,12.101804,2025-04-14,1.0
23.80000000000291,21.446087,2025-04-14,2.0
23.07999999999447,19.128323,2025-04-14,3.0
38.2628000000101,42.259388,2025-04-14,4.0
13.455999999998312,17.57332,2025-04-14,5.0
38.23999999999796,28.981651,2025-04-14,6.0
29.1828000000084,23.233133,2025-04-14,7.0
11.9000000000011,23.578188,2025-04-14,8.0
19.860000000000586,22.273203,2025-04-14,9.0
24.14799999999377,20.242607,2025-04-14,10.0
18.479999999995925,18.256214,2025-04-14,11.0
10.6000000000022,8.031117,2025-04-14,12.0
22.239999999997963,17.414145,2025-04-14,13.0
28.69199999999546,26.229395,2025-04-14,14.0
45.182800000001,25.731827,2025-04-14,15.0
21.38799999999901,29.571487,2025-04-14,16.0
1.4399999999986903,6.913687,2025-04-14,17.0
12.459999999999129,13.277458,2025-04-14,18.0
27.470000000001164,11.099946,2025-04-14,19.0
11.6500000000011,13.136761,2025-04-14,20.0
31.61200000000099,25.95445,2025-04-14,21.0
3.812000000005355,10.337123,2025-04-14,22.0
36.42799999999989,19.00835,2025-04-14,23.0
19.007999999994357,14.921237,2025-04-14,24.0
21.29200000000128,17.148869,2025-04-14,25.0
3.71099999999953,12.482729,2025-04-14,26.0
3.868000000002212,15.579392,2025-04-14,27.0
18.2539999999973,15.228341,2025-04-14,28.0
19.47200000000157,23.047592,2025-04-14,29.0
19.639999999999414,10.534261,2025-04-14,30.0
18.127999999996973,26.953089,2025-04-14,31.0
31.231999999989057,35.638145,2025-04-14,32.0
13.227999999995518,12.528433,2025-04-14,33.0
23.2109999999995,17.165356,2025-04-14,34.0
24.39999999999418,15.852208,2025-04-14,35.0
8.252000000000407,12.405765,2025-04-14,36.0
38.17600000000675,27.980398,2025-04-14,37.0
16.739999999997963,12.098427,2025-04-14,38.0
10.2539999999973,14.799694,2025-04-14,39.0
4.91099999999662,14.196203,2025-04-15,1.0
14.679999999993017,18.53992,2025-04-15,2.0
28.10000000000582,17.029615,2025-04-15,3.0
36.55199999999604,40.224907,2025-04-15,4.0
10.272000000004482,16.402576,2025-04-15,5.0
37.45599999999831,29.443844,2025-04-15,6.0
20.239999999990687,21.96047,2025-04-15,7.0
12.29200000000128,21.555178,2025-04-15,8.0
19.752000000000407,19.89403,2025-04-15,9.0
11.4520000000048,19.590872,2025-04-15,10.0
21.70000000000437,16.747698,2025-04-15,11.0
10.539999999997235,7.146173,2025-04-15,12.0
16.720000000001164,16.979107,2025-04-15,13.0
31.616000000001804,24.442297,2025-04-15,14.0
23.307999999997264,24.897705,2025-04-15,15.0
24.62000000000262,28.031076,2025-04-15,16.0
1.02800000000087,6.5400314,2025-04-15,17.0
12.832000000002154,12.520993,2025-04-15,18.0
8.180000000000291,9.879597,2025-04-15,19.0
10.2599999999985,11.391922,2025-04-15,20.0
28.2880000000031,25.286573,2025-04-15,21.0
21.1256192960831,6.699296,2025-04-15,22.0
22.299999999995634,17.225134,2025-04-15,23.0
18.312000000005355,14.182289,2025-04-15,24.0
19.268000000003667,14.43242,2025-04-15,25.0
14.68800000000192,11.323983,2025-04-15,26.0
4.012000000002445,13.953695,2025-04-15,27.0
18.747999999999596,14.606709,2025-04-15,28.0
21.76000000000204,20.94279,2025-04-15,29.0
6.82800000000378,12.10395,2025-04-15,30.0
19.736000000004424,25.798744,2025-04-15,31.0
28.5028000000008,31.370182,2025-04-15,32.0
16.2500000000038,11.151272,2025-04-15,33.0
25.228000000002798,14.609819,2025-04-15,34.0
10.0320000000065,15.334574,2025-04-15,35.0
6.30800000000454,10.9879,2025-04-15,36.0
16.5828000000026,24.6655,2025-04-15,37.0
13.2500000000001,10.814804,2025-04-15,38.0
9.108000000000176,13.460329,2025-04-15,39.0
14.9000000000011,12.864129,2025-04-16,1.0
33.4628000000072,23.38506,2025-04-16,2.0
19.8109999999981,19.669378,2025-04-16,3.0
30.75999999999476,42.916286,2025-04-16,4.0
9.919999999998254,15.716982,2025-04-16,5.0
32.46399999999994,32.818752,2025-04-16,6.0
25.2280000000052,25.136942,2025-04-16,7.0
13.1199999999962,23.08677,2025-04-16,8.0
19.855999999999767,22.470356,2025-04-16,9.0
31.4119999999974,22.466702,2025-04-16,10.0
23.02799999999843,19.13836,2025-04-16,11.0
9.010000000002035,8.985129,2025-04-16,12.0
17.7109999999995,19.813015,2025-04-16,13.0
30.9428000000031,27.24007,2025-04-16,14.0
23.172000000005937,30.094393,2025-04-16,15.0
36.47200000000157,29.764317,2025-04-16,16.0
13.200000000000728,5.8150773,2025-04-16,17.0
19.127999999996973,12.721684,2025-04-16,18.0
11.0299999999988,16.412582,2025-04-16,19.0
6.28999999999622,13.203633,2025-04-16,20.0
25.512000000002445,28.409779,2025-04-16,21.0
8.459999999999127,8.633118,2025-04-16,22.0
39.608000000000175,23.280546,2025-04-16,23.0
17.69999999999709,16.720163,2025-04-16,24.0
18.25199999999313,16.194372,2025-04-16,25.0
10.703999999997905,11.658706,2025-04-16,26.0
16.255999999993946,15.726262,2025-04-16,27.0
24.46800000000076,16.043413,2025-04-16,28.0
11.4680000000008,22.866884,2025-04-16,29.0
6.41099999999662,16.339901,2025-04-16,30.0
29.903999999994998,27.423428,2025-04-16,31.0
22.21600000000035,33.530354,2025-04-16,32.0
19.367999999994936,13.317697,2025-04-16,33.0
7.027999999998428,16.987148,2025-04-16,34.0
24.055999999996857,15.843128,2025-04-16,35.0
11.4919999999984,12.020981,2025-04-16,36.0
33.655999999988126,28.89017,2025-04-16,37.0
20.700000000000728,12.15354,2025-04-16,38.0
14.80000000000291,16.010393,2025-04-16,39.0
17.419999999998254,12.378885,2025-04-17,1.0
23.703999999997905,23.141352,2025-04-17,2.0
14.4280000000023,21.278023,2025-04-17,3.0
14.20799999999872,47.85584,2025-04-17,4.0
14.631999999997788,12.479206,2025-04-17,5.0
44.96800000000076,31.946667,2025-04-17,6.0
16.551999999996042,25.141483,2025-04-17,7.0
10.7360000000044,21.615501,2025-04-17,8.0
25.5109999999952,22.792114,2025-04-17,9.0
10.472000000001572,21.91797,2025-04-17,10.0
19.031999999999243,20.314648,2025-04-17,11.0
10.489999999998,9.389547,2025-04-17,12.0
25.44799999999668,20.655458,2025-04-17,13.0
21.735999999997148,27.229172,2025-04-17,14.0
14.647999999993772,30.664415,2025-04-17,15.0
28.8119999999989,30.062979,2025-04-17,16.0
1.430000000000291,5.7956696,2025-04-17,17.0
10.1399999999994,12.998475,2025-04-17,18.0
20.75,14.021186,2025-04-17,19.0
9.49000000000524,13.382986,2025-04-17,20.0
27.88799999999901,29.640465,2025-04-17,21.0
10.720000000001164,12.547679,2025-04-17,22.0
16.531999999999243,21.702806,2025-04-17,23.0
20.87999999999738,17.78687,2025-04-17,24.0
20.2580000000054,17.361958,2025-04-17,25.0
13.167999999997846,12.5819435,2025-04-17,26.0
7.952000000004773,12.879345,2025-04-17,27.0
6.572000000000116,17.208458,2025-04-17,28.0
9.572000000000116,22.77279,2025-04-17,29.0
2.292000000001281,16.024721,2025-04-17,30.0
41.19999999999709,25.317158,2025-04-17,31.0
23.04800000000978,33.883305,2025-04-17,32.0
18.312000000005355,13.539041,2025-04-17,33.0
22.959999999999127,22.258759,2025-04-17,34.0
18.12000000000262,16.807943,2025-04-17,35.0
13.148000000001048,11.451946,2025-04-17,36.0
22.560000000012224,28.454529,2025-04-17,37.0
10.290000000000871,12.306729,2025-04-17,38.0
12.419999999998254,15.632489,2025-04-17,39.0
5.631999999997788,7.061481,2025-04-18,1.0
31.39999999999418,17.876205,2025-04-18,2.0
14.439999999995052,17.56332,2025-04-18,3.0
10.3828000000055,36.532154,2025-04-18,4.0
7.468000000000757,9.316897,2025-04-18,5.0
31.580000000001743,27.946707,2025-04-18,6.0
23.680000000007567,19.43973,2025-04-18,7.0
23.743999999998778,15.708594,2025-04-18,8.0
16.0,17.30564,2025-04-18,9.0
20.60800000000017,17.742872,2025-04-18,10.0
18.047999999995227,14.988991,2025-04-18,11.0
9.510000000002035,6.4458027,2025-04-18,12.0
23.81999999999971,14.436522,2025-04-18,13.0
27.47200000000157,19.645235,2025-04-18,14.0
23.00800000000163,22.603277,2025-04-18,15.0
26.97200000000157,24.332212,2025-04-18,16.0
1.1499999999978172,5.7727036,2025-04-18,17.0
6.188000000001921,10.844168,2025-04-18,18.0
9.52800000000087,10.792911,2025-04-18,19.0
8.519999999996799,9.172613,2025-04-18,20.0
25.1999999999971,23.652718,2025-04-18,21.0
23.2003851443076,7.3648977,2025-04-18,22.0
23.372000000003027,17.834602,2025-04-18,23.0
31.81999999999971,13.065499,2025-04-18,24.0
18.87999999999738,12.98308,2025-04-18,25.0
20.00800000000163,7.6079073,2025-04-18,26.0
13.67199999999866,9.449813,2025-04-18,27.0
5.788000000000466,15.0395775,2025-04-18,28.0
20.87999999999738,16.423569,2025-04-18,29.0
3.72000000000106,9.578173,2025-04-18,30.0
17.271999999997206,20.614952,2025-04-18,31.0
25.0479999999952,26.012192,2025-04-18,32.0
12.0280000000009,11.137536,2025-04-18,33.0
18.192000000002736,14.771934,2025-04-18,34.0
10.5199999999968,13.52003,2025-04-18,35.0
8.543999999994412,8.190615,2025-04-18,36.0
24.95999999999185,23.629963,2025-04-18,37.0
9.139999999999418,10.767051,2025-04-18,38.0
14.139999999999418,11.023777,2025-04-18,39.0
6.0680000000065775,11.416424,2025-04-19,1.0
10.8559999999998,20.280148,2025-04-19,2.0
13.200000000004366,19.774195,2025-04-19,3.0
10.20799999999872,28.45301,2025-04-19,4.0
4.22800000000524,11.527306,2025-04-19,5.0
31.87999999999738,34.91252,2025-04-19,6.0
20.4119999999974,21.445839,2025-04-19,7.0
22.77599999999802,15.328355,2025-04-19,8.0
18.67199999999866,21.979002,2025-04-19,9.0
24.79200000000128,19.632265,2025-04-19,10.0
11.2280000000052,16.700348,2025-04-19,11.0
10.2199999999975,8.329984,2025-04-19,12.0
16.4800000000032,18.736134,2025-04-19,13.0
22.832000000002157,23.729418,2025-04-19,14.0
17.192000000002736,24.049566,2025-04-19,15.0
13.027999999998428,24.533808,2025-04-19,16.0
6.630000000001019,5.6408086,2025-04-19,17.0
12.29200000000128,12.367007,2025-04-19,18.0
16.209999999999127,12.714871,2025-04-19,19.0
12.62800000000425,9.595471,2025-04-19,20.0
21.27200000000448,25.182684,2025-04-19,21.0
21.8129390625977,10.414613,2025-04-19,22.0
17.495999999999185,19.694963,2025-04-19,23.0
20.27200000000448,16.053326,2025-04-19,24.0
19.531999999999243,15.697441,2025-04-19,25.0
3.131999999997788,10.445843,2025-04-19,26.0
11.2800000000011,10.859051,2025-04-19,27.0
7.14280000000023,16.93943,2025-04-19,28.0
20.82800000000134,16.71703,2025-04-19,29.0
0.8000000000029104,11.055292,2025-04-19,30.0
32.20800000001327,25.55856,2025-04-19,31.0
23.351999999998952,26.129375,2025-04-19,32.0
10.5109999999952,12.885187,2025-04-19,33.0
4.11999999999622,14.868623,2025-04-19,34.0
12.8628000000014,17.6852,2025-04-19,35.0
8.848000000005413,9.771983,2025-04-19,36.0
20.639999999999414,26.297207,2025-04-19,37.0
10.0699999999997,12.386769,2025-04-19,38.0
13.4800000000032,12.267743,2025-04-19,39.0
5.099999999998545,14.8774,2025-04-20,1.0
9.423999999999069,25.408075,2025-04-20,2.0
17.927999999999884,19.707924,2025-04-20,3.0
9.10280000000664,29.267315,2025-04-20,4.0
3.5720000000001164,13.956513,2025-04-20,5.0
32.73200000000361,32.387352,2025-04-20,6.0
26.67999999999301,24.645006,2025-04-20,7.0
16.023999999997613,17.73571,2025-04-20,8.0
11.3600000000006,19.740067,2025-04-20,9.0
16.19199999999546,22.804115,2025-04-20,10.0
12.29200000000128,19.349695,2025-04-20,11.0
6.200000000000728,10.253561,2025-04-20,12.0
10.9199999999983,20.694782,2025-04-20,13.0
22.07999999999447,26.235416,2025-04-20,14.0
10.591999999996917,26.512678,2025-04-20,15.0
30.8228000000005,27.45197,2025-04-20,16.0
1.7280000000016,6.689154,2025-04-20,17.0
10.0109999999952,14.938928,2025-04-20,18.0
20.61999999999898,14.286484,2025-04-20,19.0
9.0,10.942375,2025-04-20,20.0
13.77599999999802,28.106071,2025-04-20,21.0
24.3254998682692,14.534414,2025-04-20,22.0
23.720000000001164,20.741413,2025-04-20,23.0
16.360000000000582,22.58377,2025-04-20,24.0
17.720000000001164,17.292276,2025-04-20,25.0
10.459999999999129,14.715495,2025-04-20,26.0
8.9759999999951,16.700893,2025-04-20,27.0
14.468000000000757,17.090084,2025-04-20,28.0
20.4800000000032,18.124615,2025-04-20,29.0
2.767999999996391,13.801,2025-04-20,30.0
19.871999999988475,27.32308,2025-04-20,31.0
22.23200000000361,28.865108,2025-04-20,32.0
16.0,14.930269,2025-04-20,33.0
10.00800000000163,17.953241,2025-04-20,34.0
25.37599999999657,18.82521,2025-04-20,35.0
18.247999999999596,12.344562,2025-04-20,36.0
18.5828000000026,28.38865,2025-04-20,37.0
9.549999999999272,13.677412,2025-04-20,38.0
9.680000000000293,14.966703,2025-04-20,39.0
11.4799999999959,13.732903,2025-04-21,1.0
9.592000000004193,25.685839,2025-04-21,2.0
20.18000000000029,20.57659,2025-04-21,3.0
8.927999999999884,27.716742,2025-04-21,4.0
12.455999999998312,13.429785,2025-04-21,5.0
16.959999999999127,32.576515,2025-04-21,6.0
27.9828000000103,25.278114,2025-04-21,7.0
11.4560000000055,17.576746,2025-04-21,8.0
20.256000000001222,21.578762,2025-04-21,9.0
20.68800000000192,23.01933,2025-04-21,10.0
12.0199999999968,21.576773,2025-04-21,11.0
5.25000000000011,10.561451,2025-04-21,12.0
10.239999999998,21.655012,2025-04-21,13.0
22.68000000000029,26.593737,2025-04-21,14.0
21.148000000001048,25.055925,2025-04-21,15.0
33.5480000000025,27.021606,2025-04-21,16.0
6.25999999999854,7.4982285,2025-04-21,17.0
16.908000000003085,13.842294,2025-04-21,18.0
13.2800000000011,15.454572,2025-04-21,19.0
17.359999999993306,10.211458,2025-04-21,20.0
32.0,27.266905,2025-04-21,21.0
12.047999999995229,15.81041,2025-04-21,22.0
23.891999999999825,23.353952,2025-04-21,23.0
16.055999999996857,21.466274,2025-04-21,24.0
11.7200000000012,18.396908,2025-04-21,25.0
12.632000000005064,11.0484705,2025-04-21,26.0
8.60000000000582,13.210766,2025-04-21,27.0
11.2579999999981,16.128134,2025-04-21,28.0
24.17199999999866,19.162727,2025-04-21,29.0
2.8879999999990105,10.419552,2025-04-21,30.0
14.9360000000011,29.258797,2025-04-21,31.0
29.239999999990687,29.163311,2025-04-21,32.0
9.919999999998254,13.909234,2025-04-21,33.0
11.663999999997,18.111288,2025-04-21,34.0
10.2109999999995,19.236328,2025-04-21,35.0
10.731999999996331,11.295656,2025-04-21,36.0
32.87200000000303,29.363276,2025-04-21,37.0
9.92800000000233,13.018191,2025-04-21,38.0
12.131999999997788,14.845034,2025-04-21,39.0
6.25000000000378,13.291381,2025-04-22,1.0
28.01600000000326,23.935074,2025-04-22,2.0
17.939999999995052,20.828905,2025-04-22,3.0
9.831999999994878,22.423317,2025-04-22,4.0
13.19199999999546,11.2752695,2025-04-22,5.0
27.0280000000009,32.34645,2025-04-22,6.0
26.5028000000008,25.007387,2025-04-22,7.0
22.75199999999313,16.216862,2025-04-22,8.0
19.6228000000025,20.722687,2025-04-22,9.0
13.959999999999129,20.911022,2025-04-22,10.0
18.031999999999243,18.856417,2025-04-22,11.0
8.459999999999127,9.271245,2025-04-22,12.0
6.908000000003085,20.051573,2025-04-22,13.0
23.8119999999989,26.027067,2025-04-22,14.0
19.0,19.388367,2025-04-22,15.0
21.10800000000017,25.47137,2025-04-22,16.0
1.92800000000233,5.1181984,2025-04-22,17.0
10.0919999999969,13.151731,2025-04-22,18.0
10.389999999999418,15.093804,2025-04-22,19.0
9.992000000005646,10.466501,2025-04-22,20.0
21.77199999999721,23.442053,2025-04-22,21.0
11.182800000001,19.574287,2025-04-22,22.0
20.2109999999995,22.79101,2025-04-22,23.0
14.17199999999866,20.51263,2025-04-22,24.0
11.7279999999955,19.100412,2025-04-22,25.0
6.919999999998254,11.278831,2025-04-22,26.0
9.572000000000116,13.988213,2025-04-22,27.0
7.42800000000233,16.258808,2025-04-22,28.0
21.46800000000076,18.757734,2025-04-22,29.0
5.54280000000169,8.240001,2025-04-22,30.0
19.89600000000792,26.563662,2025-04-22,31.0
30.9120000000101,27.465452,2025-04-22,32.0
14.13600000000588,14.319726,2025-04-22,33.0
10.8280000000013,17.593605,2025-04-22,34.0
19.747999999999596,19.908627,2025-04-22,35.0
10.531999999999243,11.463104,2025-04-22,36.0
25.59999999999127,27.07854,2025-04-22,37.0
8.0099999999984,13.379289,2025-04-22,38.0
12.167999999997846,14.631697,2025-04-22,39.0
12.731999999996331,13.738374,2025-04-23,1.0
26.9360000000011,24.281113,2025-04-23,2.0
18.18000000000029,23.497633,2025-04-23,3.0
10.8080000000045,22.279184,2025-04-23,4.0
13.1120000000018,13.2044525,2025-04-23,5.0
48.807999999997264,30.979765,2025-04-23,6.0
22.8959999999925,28.455482,2025-04-23,7.0
11.6720000000059,18.030716,2025-04-23,8.0
11.9479999999967,24.716398,2025-04-23,9.0
28.0280000000009,23.895498,2025-04-23,10.0
19.288000000000466,20.85382,2025-04-23,11.0
5.710000000002765,9.647069,2025-04-23,12.0
10.2719999999972,20.698654,2025-04-23,13.0
26.332000000002157,27.033815,2025-04-23,14.0
20.9800000000032,24.078497,2025-04-23,15.0
25.851999999999,28.860577,2025-04-23,16.0
6.639999999999418,7.928136,2025-04-23,17.0
13.12000000000262,15.487556,2025-04-23,18.0
17.69000000000233,17.16914,2025-04-23,19.0
13.527999999998428,12.982498,2025-04-23,20.0
25.652000000001863,28.631308,2025-04-23,21.0
1.1880000000019209,19.460588,2025-04-23,22.0
21.01600000000326,25.518702,2025-04-23,23.0
5.868000000002212,21.52101,2025-04-23,24.0
10.42000000000553,20.066164,2025-04-23,25.0
14.868000000002212,14.2407875,2025-04-23,26.0
18.719999999993888,17.76171,2025-04-23,27.0
9.11200000000186,17.161598,2025-04-23,28.0
27.1099999999953,22.892769,2025-04-23,29.0
5.855999999999767,10.982836,2025-04-23,30.0
33.512000000002445,29.564234,2025-04-23,31.0
29.648000000001048,33.26094,2025-04-23,32.0
17.479999999995925,17.711294,2025-04-23,33.0
10.880000000004657,19.326855,2025-04-23,34.0
13.61200000000099,23.5312,2025-04-23,35.0
17.256000000001222,14.654315,2025-04-23,36.0
27.2628000000101,31.311083,2025-04-23,37.0
12.56000000000131,12.958342,2025-04-23,38.0
13.099999999998545,17.359226,2025-04-23,39.0
7.616000000001804,11.284267,2025-04-24,1.0
10.2960000000021,26.233929,2025-04-24,2.0
21.49200000000565,19.237263,2025-04-24,3.0
32.02399999999034,18.291668,2025-04-24,4.0
4.128000000004249,11.205382,2025-04-24,5.0
17.99199999999837,27.306423,2025-04-24,6.0
22.09600000000501,24.413677,2025-04-24,7.0
27.29599999999482,18.340872,2025-04-24,8.0
18.0280000000009,20.664663,2025-04-24,9.0
13.88799999999901,17.8029,2025-04-24,10.0
11.3199999999997,17.387897,2025-04-24,11.0
10.7599999999984,8.075599,2025-04-24,12.0
32.5,17.707945,2025-04-24,13.0
24.4800000000032,22.873142,2025-04-24,14.0
30.0879999999961,17.498814,2025-04-24,15.0
21.70799999999872,27.340853,2025-04-24,16.0
4.529999999998836,5.756161,2025-04-24,17.0
10.968000000000757,13.361547,2025-04-24,18.0
10.2599999999984,13.875848,2025-04-24,19.0
6.99199999999837,10.712346,2025-04-24,20.0
26.89600000000064,23.75465,2025-04-24,21.0
23.8903057105532,16.615938,2025-04-24,22.0
23.223999999994703,21.076397,2025-04-24,23.0
14.559999999997672,18.878925,2025-04-24,24.0
18.451999999997497,16.786139,2025-04-24,25.0
13.38799999999901,11.149801,2025-04-24,26.0
7.12800000000669,15.204791,2025-04-24,27.0
17.3109999999981,13.914036,2025-04-24,28.0
19.560000000004948,19.621674,2025-04-24,29.0
19.87999999999738,10.788151,2025-04-24,30.0
25.42399999999907,25.318298,2025-04-24,31.0
33.03199999999197,26.315973,2025-04-24,32.0
10.360000000000582,13.299014,2025-04-24,33.0
11.8919999999998,14.733697,2025-04-24,34.0
14.42000000000553,18.093748,2025-04-24,35.0
17.703999999997905,12.079351,2025-04-24,36.0
11.8119999999916,26.767305,2025-04-24,37.0
10.849999999998545,11.476294,2025-04-24,38.0
12.62000000000262,14.683672,2025-04-24,39.0
17.42399999999907,10.19925,2025-04-25,1.0
19.00799999998708,22.808338,2025-04-25,2.0
16.947999999996682,16.891937,2025-04-25,3.0
8.38280000000547,15.448395,2025-04-25,4.0
1.8879999999990105,11.711836,2025-04-25,5.0
16.57600000000093,29.182993,2025-04-25,6.0
24.231999999989057,23.28132,2025-04-25,7.0
28.78399999999965,16.966782,2025-04-25,8.0
23.012000000002445,15.7477455,2025-04-25,9.0
14.972000000001572,19.662128,2025-04-25,10.0
12.2800000000011,16.457706,2025-04-25,11.0
12.1199999999999,8.063747,2025-04-25,12.0
11.7079999999987,15.585555,2025-04-25,13.0
27.70799999999872,23.088963,2025-04-25,14.0
17.67199999999866,22.96646,2025-04-25,15.0
20.703999999997905,23.592735,2025-04-25,16.0
4.259999999998399,6.440276,2025-04-25,17.0
12.648000000001048,11.751394,2025-04-25,18.0
11.109999999999,13.630635,2025-04-25,19.0
16.779999999998836,11.045783,2025-04-25,20.0
33.799999999995634,22.723104,2025-04-25,21.0
8.680000000000291,17.8937,2025-04-25,22.0
32.096000000005006,19.561302,2025-04-25,23.0
9.552000000003318,18.186485,2025-04-25,24.0
17.627999999996973,15.905093,2025-04-25,25.0
14.439999999995052,11.777958,2025-04-25,26.0
8.96799999999258,15.077934,2025-04-25,27.0
19.847999999998137,11.423084,2025-04-25,28.0
24.0280000000009,20.579775,2025-04-25,29.0
5.872000000003027,10.159738,2025-04-25,30.0
13.38399999999092,25.241402,2025-04-25,31.0
30.335999999995693,29.951054,2025-04-25,32.0
11.351999999999,13.825181,2025-04-25,33.0
17.719999999993888,14.064819,2025-04-25,34.0
20.60800000000017,20.66151,2025-04-25,35.0
10.200000000004366,13.425212,2025-04-25,36.0
22.61600000000908,27.34735,2025-04-25,37.0
9.229999999999563,9.910903,2025-04-25,38.0
13.919999999998254,14.141384,2025-04-25,39.0
6.30800000000454,11.927478,2025-04-26,1.0
29.9360000000011,18.94315,2025-04-26,2.0
16.61200000000099,21.0961,2025-04-26,3.0
16.679999999993015,21.66715,2025-04-26,4.0
13.559999999997672,11.72584,2025-04-26,5.0
42.55200000000332,27.173763,2025-04-26,6.0
18.0560000000104,25.61211,2025-04-26,7.0
17.0280000000009,18.255129,2025-04-26,8.0
25.6559999999954,19.314463,2025-04-26,9.0
18.0,20.598207,2025-04-26,10.0
14.487999999997555,16.453478,2025-04-26,11.0
10.5900000000001,9.90444,2025-04-26,12.0
7.680000000000291,17.490908,2025-04-26,13.0
21.451999999997497,24.729425,2025-04-26,14.0
20.102000000001,19.851852,2025-04-26,15.0
25.70799999999872,25.45371,2025-04-26,16.0
5.380000000001019,7.000391,2025-04-26,17.0
16.599999999998545,14.082496,2025-04-26,18.0
17.5,15.654528,2025-04-26,19.0
14.060000000004948,12.89015,2025-04-26,20.0
27.2628000000029,25.99856,2025-04-26,21.0
3.9199999999982538,16.4338,2025-04-26,22.0
26.943999999995867,20.903812,2025-04-26,23.0
22.76799999999639,16.719885,2025-04-26,24.0
11.7480000000069,15.223472,2025-04-26,25.0
14.79200000000128,12.558386,2025-04-26,26.0
17.160000000003492,14.255959,2025-04-26,27.0
10.32800000000134,15.689172,2025-04-26,28.0
22.959999999999127,23.681108,2025-04-26,29.0
8.680000000000291,14.549722,2025-04-26,30.0
24.5028000000008,26.084414,2025-04-26,31.0
25.1028000000066,32.389156,2025-04-26,32.0
7.351999999998952,13.279056,2025-04-26,33.0
10.6880000000019,13.60925,2025-04-26,34.0
17.359999999993306,19.406239,2025-04-26,35.0
10.2879999999958,14.892168,2025-04-26,36.0
24.463999999992662,26.453476,2025-04-26,37.0
10.1280000000031,11.268344,2025-04-26,38.0
13.1120000000018,15.519985,2025-04-26,39.0
6.971999999994296,10.700324,2025-04-27,1.0
14.336000000010245,18.840343,2025-04-27,2.0
12.648000000001048,19.565184,2025-04-27,3.0
7.960000000006403,16.443842,2025-04-27,4.0
6.83200000000211,11.503996,2025-04-27,5.0
41.61999999999534,24.340025,2025-04-27,6.0
25.2539999999973,26.149141,2025-04-27,7.0
28.09600000000501,17.766273,2025-04-27,8.0
11.3320000000022,18.982899,2025-04-27,9.0
24.788000000000466,19.821129,2025-04-27,10.0
14.5028000000008,16.819687,2025-04-27,11.0
10.6399999999994,10.488925,2025-04-27,12.0
16.31999999999971,17.272257,2025-04-27,13.0
18.891999999999825,24.101738,2025-04-27,14.0
23.919999999998254,20.336302,2025-04-27,15.0
33.92000000000553,24.243399,2025-04-27,16.0
7.11999999999985,6.906252,2025-04-27,17.0
12.131999999997788,14.056752,2025-04-27,18.0
16.1199999999999,14.673673,2025-04-27,19.0
10.9279999999999,13.042717,2025-04-27,20.0
26.667999999997846,26.212507,2025-04-27,21.0
4.868000000002212,15.799329,2025-04-27,22.0
25.1200000000026,21.4059,2025-04-27,23.0
20.6628000000043,15.144472,2025-04-27,24.0
19.67199999999866,14.259926,2025-04-27,25.0
14.279999999998836,12.536474,2025-04-27,26.0
9.591999999996917,14.995045,2025-04-27,27.0
14.360000000000582,15.218455,2025-04-27,28.0
25.77999999999884,22.104708,2025-04-27,29.0
5.5679999999993015,12.29247,2025-04-27,30.0
24.07200000000012,22.49177,2025-04-27,31.0
26.60000000000582,31.057163,2025-04-27,32.0
17.2580000000054,13.473307,2025-04-27,33.0
18.5,15.831255,2025-04-27,34.0
24.2280000000052,18.548424,2025-04-27,35.0
16.220000000001164,13.463611,2025-04-27,36.0
19.7428000000061,24.724625,2025-04-27,37.0
4.279999999998836,10.807816,2025-04-27,38.0
14.608000000000176,14.538253,2025-04-27,39.0
7.988000000004831,9.976945,2025-04-28,1.0
18.047999999995227,20.689003,2025-04-28,2.0
11.4719999999943,16.10158,2025-04-28,3.0
8.52000000000287,15.580411,2025-04-28,4.0
19.860000000000586,11.687288,2025-04-28,5.0
45.63999999999942,24.335993,2025-04-28,6.0
18.127999999996973,21.334047,2025-04-28,7.0
25.69199999999546,15.970812,2025-04-28,8.0
24.86800000000221,17.364187,2025-04-28,9.0
18.692000000002736,20.371157,2025-04-28,10.0
18.31999999999971,16.75701,2025-04-28,11.0
12.06000000000131,7.473644,2025-04-28,12.0
9.9120000000039,13.128346,2025-04-28,13.0
24.847999999998137,19.989058,2025-04-28,14.0
18.2880000000031,20.065657,2025-04-28,15.0
19.57999999999447,21.748663,2025-04-28,16.0
2.0,4.704956,2025-04-28,17.0
9.02000000000287,11.964457,2025-04-28,18.0
8.02800000000087,11.452691,2025-04-28,19.0
10.102000000001,11.784408,2025-04-28,20.0
27.42000000000553,24.41352,2025-04-28,21.0
7.383999999998196,15.745068,2025-04-28,22.0
30.22799999999552,19.445913,2025-04-28,23.0
9.307999999997264,14.929913,2025-04-28,24.0
17.32800000000134,12.331084,2025-04-28,25.0
16.0,10.490644,2025-04-28,26.0
10.4800000000032,14.441785,2025-04-28,27.0
12.731999999996331,12.709564,2025-04-28,28.0
30.5280000000009,19.339205,2025-04-28,29.0
2.680000000000291,11.363367,2025-04-28,30.0
22.59200000000419,21.001059,2025-04-28,31.0
28.2879999999958,26.418459,2025-04-28,32.0
8.69199999999546,9.047835,2025-04-28,33.0
10.8919999999998,12.385684,2025-04-28,34.0
27.943999999995867,13.60663,2025-04-28,35.0
10.788000000000466,9.976059,2025-04-28,36.0
16.39999999999418,21.148663,2025-04-28,37.0
12.68999999999869,8.298689,2025-04-28,38.0
10.552000000003318,11.463384,2025-04-28,39.0
13.331999999994878,14.1859255,2025-04-29,1.0
14.3028000000037,22.595175,2025-04-29,2.0
19.82800000000134,19.763716,2025-04-29,3.0
9.7439999999911,17.460852,2025-04-29,4.0
1.639999999999418,12.710418,2025-04-29,5.0
55.85200000000623,33.126728,2025-04-29,6.0
29.37600000000384,25.37999,2025-04-29,7.0
17.5,21.449545,2025-04-29,8.0
21.391999999999825,22.286808,2025-04-29,9.0
21.651999999994587,23.767664,2025-04-29,10.0
19.247999999999596,17.650316,2025-04-29,11.0
9.7599999999984,10.829994,2025-04-29,12.0
18.7109999999995,16.657393,2025-04-29,13.0
24.768000000003667,23.70425,2025-04-29,14.0
21.12000000000262,26.542414,2025-04-29,15.0
21.080000000001743,26.459642,2025-04-29,16.0
4.909999999999855,7.372161,2025-04-29,17.0
24.99199999999837,13.818541,2025-04-29,18.0
10.770000000000437,14.104509,2025-04-29,19.0
16.459999999999127,14.345205,2025-04-29,20.0
31.739999999997963,29.801573,2025-04-29,21.0
1.41199999999744,11.6559725,2025-04-29,22.0
23.5880000000025,25.354155,2025-04-29,23.0
10.5319999999992,17.49804,2025-04-29,24.0
18.77199999999721,13.5793915,2025-04-29,25.0
6.28800000000309,12.425616,2025-04-29,26.0
16.959999999999127,16.26016,2025-04-29,27.0
14.21200000000681,15.120037,2025-04-29,28.0
29.77999999999884,23.776718,2025-04-29,29.0
6.451999999997497,12.011558,2025-04-29,30.0
28.75199999999313,23.377073,2025-04-29,31.0
36.1120000000018,31.167965,2025-04-29,32.0
17.468000000000757,12.670007,2025-04-29,33.0
13.927999999999884,14.728472,2025-04-29,34.0
21.0679999999993,18.805584,2025-04-29,35.0
10.639999999999418,13.282639,2025-04-29,36.0
20.703999999997905,23.6632,2025-04-29,37.0
12.8280000000001,10.287762,2025-04-29,38.0
14.20799999999872,13.829036,2025-04-29,39.0
14.92000000000553,12.312692,2025-04-30,1.0
14.19999999999709,24.439966,2025-04-30,2.0
18.747999999999596,19.803165,2025-04-30,3.0
13.512000000002445,17.115587,2025-04-30,4.0
1.4919999999983702,15.202315,2025-04-30,5.0
39.479999999995925,33.72317,2025-04-30,6.0
17.296000000002095,25.225813,2025-04-30,7.0
21.12000000000262,24.27178,2025-04-30,8.0
16.951999999997497,23.661407,2025-04-30,9.0
18.747999999999596,22.994667,2025-04-30,10.0
21.9800000000032,18.715443,2025-04-30,11.0
12.920000000001892,12.007295,2025-04-30,12.0
14.695999999996276,16.009655,2025-04-30,13.0
21.4280000000023,25.618061,2025-04-30,14.0
23.739999999997963,24.568644,2025-04-30,15.0
26.37999999999738,25.167278,2025-04-30,16.0
10.200000000000728,7.235236,2025-04-30,17.0
23.747999999999596,14.509596,2025-04-30,18.0
18.090000000000146,14.553364,2025-04-30,19.0
14.739999999997965,13.150742,2025-04-30,20.0
30.479999999995925,30.630188,2025-04-30,21.0
10.8800000000047,11.165542,2025-04-30,22.0
29.839999999996508,27.254236,2025-04-30,23.0
20.536000000000055,17.482649,2025-04-30,24.0
10.7880000000005,15.263163,2025-04-30,25.0
14.692000000002736,14.359477,2025-04-30,26.0
11.0800000000017,16.518799,2025-04-30,27.0
10.3999999999942,15.637553,2025-04-30,28.0
32.03199999999924,26.226374,2025-04-30,29.0
0.3000000000029104,11.076553,2025-04-30,30.0
27.2280000000052,26.841682,2025-04-30,31.0
30.59199999998964,32.84895,2025-04-30,32.0
9.588000000003376,13.6058035,2025-04-30,33.0
10.1120000000018,16.100904,2025-04-30,34.0
25.66800000000512,21.972702,2025-04-30,35.0
18.2628000000029,14.843535,2025-04-30,36.0
17.888000000006286,24.133652,2025-04-30,37.0
13.5,10.883713,2025-04-30,38.0
11.7599999999948,15.896336,2025-04-30,39.0
10.1080000000002,16.137794,2025-05-01,1.0
28.5828000000026,27.265583,2025-05-01,2.0
18.891999999999825,20.751593,2025-05-01,3.0
10.81600000000617,20.362686,2025-05-01,4.0
1.28000000000146,11.424916,2025-05-01,5.0
55.42799999999989,37.31295,2025-05-01,6.0
35.471999999994296,27.893826,2025-05-01,7.0
22.299999999995634,24.569372,2025-05-01,8.0
21.055999999996857,24.505112,2025-05-01,9.0
17.268000000003667,23.263449,2025-05-01,10.0
18.70799999999872,20.313704,2025-05-01,11.0
12.029999999998836,12.0472975,2025-05-01,12.0
10.972000000001572,19.587294,2025-05-01,13.0
23.86399999999412,26.758343,2025-05-01,14.0
14.17199999999866,26.332237,2025-05-01,15.0
11.6280000000042,27.090265,2025-05-01,16.0
4.81000000000131,8.158034,2025-05-01,17.0
9.82800000000125,17.841513,2025-05-01,18.0
20.57999999999811,14.972192,2025-05-01,19.0
9.10200000000099,15.6034,2025-05-01,20.0
37.28000000000611,31.552788,2025-05-01,21.0
5.391999999999825,11.334449,2025-05-01,22.0
36.7828000000069,27.268152,2025-05-01,23.0
20.49200000000565,17.02007,2025-05-01,24.0
9.479999999995924,17.437346,2025-05-01,25.0
8.987999999997555,14.658189,2025-05-01,26.0
11.7999999999956,16.380007,2025-05-01,27.0
10.968000000000757,17.698584,2025-05-01,28.0
19.0,27.18677,2025-05-01,29.0
9.31099999999808,14.573772,2025-05-01,30.0
20.0399999999936,29.177723,2025-05-01,31.0
28.0228000000049,35.176857,2025-05-01,32.0
10.2639999999956,14.789122,2025-05-01,33.0
20.36800000000221,18.031698,2025-05-01,34.0
43.8228000000005,23.270424,2025-05-01,35.0
24.135999999998603,15.492698,2025-05-01,36.0
27.27999999999884,24.688356,2025-05-01,37.0
10.529999999998836,12.45483,2025-05-01,38.0
12.8280000000038,16.511307,2025-05-01,39.0
13.932000000000698,13.085389,2025-05-02,1.0
18.103999999992084,22.22555,2025-05-02,2.0
17.4120000000039,18.874662,2025-05-02,3.0
9.19199999999546,19.365475,2025-05-02,4.0
1.28000000000146,13.847629,2025-05-02,5.0
44.13999999999942,36.108986,2025-05-02,6.0
30.135999999998603,25.316565,2025-05-02,7.0
21.4280000000023,23.995686,2025-05-02,8.0
11.8520000000062,22.538118,2025-05-02,9.0
21.023999999997613,23.380306,2025-05-02,10.0
23.063999999998487,19.909061,2025-05-02,11.0
12.670000000001892,11.95804,2025-05-02,12.0
17.639999999999418,16.345554,2025-05-02,13.0
26.5880000000025,25.193546,2025-05-02,14.0
26.09599999999773,25.808264,2025-05-02,15.0
4.572000000000116,25.370365,2025-05-02,16.0
4.459999999999127,8.148338,2025-05-02,17.0
10.760000000002035,18.067188,2025-05-02,18.0
17.7300000000032,13.559368,2025-05-02,19.0
14.97599999999511,13.650782,2025-05-02,20.0
26.959999999999127,30.290346,2025-05-02,21.0
9.79200000000128,12.276055,2025-05-02,22.0
25.335999999995693,25.587542,2025-05-02,23.0
37.5,18.891642,2025-05-02,24.0
19.07200000000012,17.936382,2025-05-02,25.0
14.7109999999995,13.425803,2025-05-02,26.0
11.0600000000049,16.822765,2025-05-02,27.0
10.5279999999984,17.523815,2025-05-02,28.0
28.720000000001164,27.216682,2025-05-02,29.0
0.9879999999975552,9.107745,2025-05-02,30.0
35.99200000001292,27.07641,2025-05-02,31.0
25.7520000000077,32.641235,2025-05-02,32.0
14.88799999999901,12.483624,2025-05-02,33.0
17.299999999995634,16.731184,2025-05-02,34.0
32.6559999999954,24.043335,2025-05-02,35.0
18.959999999999127,14.123022,2025-05-02,36.0
25.1759999999922,23.994448,2025-05-02,37.0
13.38000000000102,10.939945,2025-05-02,38.0
11.9680000000008,15.639222,2025-05-02,39.0
8.687999999994645,14.482809,2025-05-03,1.0
27.872000000003027,23.658962,2025-05-03,2.0
10.6800000000003,19.943138,2025-05-03,3.0
9.679999999993017,16.420576,2025-05-03,4.0
3.227999999995518,16.062191,2025-05-03,5.0
24.648000000001048,35.31305,2025-05-03,6.0
28.7109999999995,25.533995,2025-05-03,7.0
26.97200000000157,20.592014,2025-05-03,8.0
20.17199999999866,22.812416,2025-05-03,9.0
28.599999999998545,22.074749,2025-05-03,10.0
13.80000000000291,19.143496,2025-05-03,11.0
7.779999999998836,11.886824,2025-05-03,12.0
7.747999999999592,13.956706,2025-05-03,13.0
21.599999999998545,22.709341,2025-05-03,14.0
19.982800000004,20.031858,2025-05-03,15.0
32.2109999999995,24.255854,2025-05-03,16.0
6.700000000000728,7.3165016,2025-05-03,17.0
13.223999999994705,16.314697,2025-05-03,18.0
19.639999999999414,13.989826,2025-05-03,19.0
12.9028000000023,11.69051,2025-05-03,20.0
29.5199999999968,28.678864,2025-05-03,21.0
1.5599999999976717,8.646207,2025-05-03,22.0
21.131999999997788,27.525347,2025-05-03,23.0
11.1099999999953,18.061052,2025-05-03,24.0
16.7109999999995,14.796898,2025-05-03,25.0
7.8399999999965075,11.90989,2025-05-03,26.0
18.659999999996217,14.447928,2025-05-03,27.0
11.7428000000061,14.118803,2025-05-03,28.0
30.2579999999981,26.465437,2025-05-03,29.0
10.5600000000049,11.204465,2025-05-03,30.0
33.1359999999986,25.056095,2025-05-03,31.0
28.9109999999966,30.750563,2025-05-03,32.0
31.92000000000553,11.80025,2025-05-03,33.0
9.5,14.084089,2025-05-03,34.0
27.1428000000002,27.012442,2025-05-03,35.0
11.182800000001,15.010022,2025-05-03,36.0
30.12000000000989,23.958172,2025-05-03,37.0
10.0900000000001,10.247206,2025-05-03,38.0
10.8399999999965,14.177322,2025-05-03,39.0
9.80800000000454,15.567804,2025-05-04,1.0
18.5679999999993,19.833918,2025-05-04,2.0
17.127999999996973,17.45331,2025-05-04,3.0
9.368000000002212,16.012386,2025-05-04,4.0
10.020000000004076,13.552927,2025-05-04,5.0
38.4280000000023,37.022247,2025-05-04,6.0
25.76799999999639,25.277231,2025-05-04,7.0
21.70799999999872,20.796753,2025-05-04,8.0
19.94799999999668,17.564838,2025-05-04,9.0
22.33600000000297,20.665915,2025-05-04,10.0
13.50800000000163,18.566261,2025-05-04,11.0
12.029999999998836,11.414103,2025-05-04,12.0
10.5428000000017,16.333437,2025-05-04,13.0
20.02799999999843,22.572578,2025-05-04,14.0
19.427999999999884,19.61242,2025-05-04,15.0
23.76799999999639,18.566067,2025-05-04,16.0
9.0099999999984,7.583889,2025-05-04,17.0
30.768000000003667,14.420899,2025-05-04,18.0
16.399999999997817,13.161364,2025-05-04,19.0
10.7680000000037,11.8377075,2025-05-04,20.0
21.599999999998545,28.423372,2025-05-04,21.0
13.639999999999418,10.091679,2025-05-04,22.0
39.25200000000041,23.5918,2025-05-04,23.0
10.7200000000012,18.721573,2025-05-04,24.0
11.9600000000064,12.962244,2025-05-04,25.0
20.00800000000163,12.196467,2025-05-04,26.0
12.139999999999418,14.464864,2025-05-04,27.0
10.187999999994643,15.65215,2025-05-04,28.0
26.5,25.376171,2025-05-04,29.0
3.9799999999959255,9.600922,2025-05-04,30.0
22.67999999999301,26.198723,2025-05-04,31.0
31.239999999990687,29.482094,2025-05-04,32.0
11.7109999999995,13.763798,2025-05-04,33.0
17.59200000000419,15.581731,2025-05-04,34.0
22.228000000002798,27.040556,2025-05-04,35.0
11.9680000000008,15.817772,2025-05-04,36.0
29.327999999994063,21.907612,2025-05-04,37.0
10.369999999999,10.997848,2025-05-04,38.0
18.891999999999825,15.132145,2025-05-04,39.0
5.651999999994587,12.679728,2025-05-05,1.0
20.2560000000085,22.589413,2025-05-05,2.0
13.739999999997965,16.028963,2025-05-05,3.0
9.487999999997555,15.090418,2025-05-05,4.0
6.899999999994179,14.13693,2025-05-05,5.0
49.72000000000117,34.55208,2025-05-05,6.0
22.312000000005355,26.290386,2025-05-05,7.0
22.080000000001743,21.138912,2025-05-05,8.0
17.8280000000038,18.312958,2025-05-05,9.0
18.851999999998952,20.78733,2025-05-05,10.0
10.1080000000002,17.60943,2025-05-05,11.0
7.25000000000011,9.505115,2025-05-05,12.0
12.01600000000326,13.399518,2025-05-05,13.0
24.652000000001863,21.85431,2025-05-05,14.0
19.479999999995925,20.997187,2025-05-05,15.0
25.9000000000011,20.690363,2025-05-05,16.0
3.630000000001018,5.852143,2025-05-05,17.0
18.247999999999596,14.047346,2025-05-05,18.0
9.30000000000291,14.092699,2025-05-05,19.0
11.1119999999946,11.458171,2025-05-05,20.0
23.139999999999414,28.858912,2025-05-05,21.0
12.89600000000064,6.165208,2025-05-05,22.0
24.028000000005704,22.511816,2025-05-05,23.0
25.1120000000018,18.91615,2025-05-05,24.0
16.547999999995227,13.7660675,2025-05-05,25.0
17.73200000000361,10.654175,2025-05-05,26.0
8.959999999999127,12.200158,2025-05-05,27.0
8.42000000000553,12.812136,2025-05-05,28.0
25.9280000000023,25.604584,2025-05-05,29.0
12.200000000004366,11.667644,2025-05-05,30.0
14.831999999994878,26.616955,2025-05-05,31.0
27.648000000001048,28.966072,2025-05-05,32.0
10.011999999996,15.193422,2025-05-05,33.0
10.70799999999872,14.780815,2025-05-05,34.0
22.87999999999738,26.311817,2025-05-05,35.0
10.0800000000017,14.706068,2025-05-05,36.0
21.21600000000035,22.610283,2025-05-05,37.0
10.0800000000017,10.375957,2025-05-05,38.0
12.372000000003029,13.178817,2025-05-05,39.0
13.18800000000192,13.691591,2025-05-06,1.0
13.295999999987544,21.624762,2025-05-06,2.0
11.2500000000038,17.660984,2025-05-06,3.0
10.2960000000021,16.139383,2025-05-06,4.0
10.2580000000054,15.872548,2025-05-06,5.0
50.83199999999488,32.401318,2025-05-06,6.0
24.80000000000291,27.486364,2025-05-06,7.0
22.531999999999243,20.656223,2025-05-06,8.0
21.839999999996508,19.357374,2025-05-06,9.0
24.55999999999767,21.474709,2025-05-06,10.0
17.599999999998545,18.217873,2025-05-06,11.0
7.530000000002474,11.376944,2025-05-06,12.0
18.79200000000128,13.586151,2025-05-06,13.0
19.02799999999843,23.035225,2025-05-06,14.0
20.332000000002157,20.625288,2025-05-06,15.0
20.419999999998254,19.26478,2025-05-06,16.0
8.419999999998254,7.658042,2025-05-06,17.0
10.572000000000116,17.73945,2025-05-06,18.0
14.090000000000146,15.430208,2025-05-06,19.0
9.52000000000287,12.44059,2025-05-06,20.0
35.7109999999995,27.522356,2025-05-06,21.0
14.1199999999962,8.770138,2025-05-06,22.0
26.18000000000029,24.456879,2025-05-06,23.0
14.239999999997965,17.647404,2025-05-06,24.0
11.6399999999994,14.9991255,2025-05-06,25.0
12.75999999999476,12.665393,2025-05-06,26.0
8.60000000000582,13.716563,2025-05-06,27.0
10.96799999999348,14.429208,2025-05-06,28.0
29.9320000000007,26.243927,2025-05-06,29.0
0.0,11.643619,2025-05-06,30.0
28.0,27.14794,2025-05-06,31.0
41.16800000000512,30.449581,2025-05-06,32.0
10.7200000000012,14.615501,2025-05-06,33.0
19.05199999999604,15.2105665,2025-05-06,34.0
30.62000000000262,25.9598,2025-05-06,35.0
10.739999999997965,15.1907835,2025-05-06,36.0
27.80800000000454,25.038258,2025-05-06,37.0
10.2800000000011,10.83875,2025-05-06,38.0
13.20799999999872,14.218287,2025-05-06,39.0
9.31099999999808,14.86316,2025-05-07,1.0
25.960000000006403,24.184076,2025-05-07,2.0
22.5,18.177906,2025-05-07,3.0
8.8228000000078,16.840069,2025-05-07,4.0
20.599999999998545,16.475834,2025-05-07,5.0
48.35199999999895,35.17064,2025-05-07,6.0
32.59999999999127,27.319101,2025-05-07,7.0
17.735999999997148,22.429413,2025-05-07,8.0
19.12000000000262,20.11291,2025-05-07,9.0
21.132000000005064,22.405231,2025-05-07,10.0
16.8228000000005,17.458193,2025-05-07,11.0
8.919999999998254,10.175915,2025-05-07,12.0
13.831999999994878,14.993389,2025-05-07,13.0
23.0,24.034624,2025-05-07,14.0
23.296000000002092,22.454195,2025-05-07,15.0
22.728000000002798,20.8228,2025-05-07,16.0
5.31000000000131,6.5808964,2025-05-07,17.0
20.860000000000586,19.011938,2025-05-07,18.0
16.109999999996944,16.846289,2025-05-07,19.0
11.2679999999964,13.986156,2025-05-07,20.0
30.2280000000052,27.972319,2025-05-07,21.0
20.6628000000043,11.825302,2025-05-07,22.0
27.07200000000012,26.029848,2025-05-07,23.0
20.2800000000011,22.037521,2025-05-07,24.0
17.028000000005704,14.96902,2025-05-07,25.0
14.260000000002035,13.083243,2025-05-07,26.0
17.07999999999447,15.343327,2025-05-07,27.0
8.680000000000291,14.373007,2025-05-07,28.0
27.72799999999552,26.805418,2025-05-07,29.0
3.127999999996973,12.520361,2025-05-07,30.0
28.00800000000163,25.475428,2025-05-07,31.0
27.2879999999958,31.555342,2025-05-07,32.0
12.1428000000002,14.526043,2025-05-07,33.0
16.668000000005122,17.091986,2025-05-07,34.0
45.96800000000076,26.976189,2025-05-07,35.0
18.29200000000128,15.000595,2025-05-07,36.0
10.4280000000023,25.809416,2025-05-07,37.0
17.07999999999811,11.388695,2025-05-07,38.0
14.239999999997965,15.243161,2025-05-07,39.0
8.60000000000582,15.9651575,2025-05-08,1.0
31.839999999996508,27.2213,2025-05-08,2.0
25.49199999999837,19.414217,2025-05-08,3.0
12.1099999999953,20.46719,2025-05-08,4.0
10.8628000000014,18.605461,2025-05-08,5.0
43.48800000000483,36.118374,2025-05-08,6.0
26.32800000000861,30.741295,2025-05-08,7.0
28.12000000000262,24.532743,2025-05-08,8.0
20.959999999999127,23.100487,2025-05-08,9.0
25.5199999999968,24.613098,2025-05-08,10.0
11.148000000001,20.208998,2025-05-08,11.0
10.3100000000013,10.555035,2025-05-08,12.0
12.8280000000038,17.286598,2025-05-08,13.0
21.4320000000007,24.887806,2025-05-08,14.0
19.752000000000407,23.42408,2025-05-08,15.0
17.97200000000157,22.694355,2025-05-08,16.0
4.93999999999869,8.164198,2025-05-08,17.0
9.72000000000106,18.12972,2025-05-08,18.0
17.010000000002037,17.346308,2025-05-08,19.0
12.62000000000262,13.105022,2025-05-08,20.0
25.536000000000055,31.1555,2025-05-08,21.0
20.495999999999185,12.178191,2025-05-08,22.0
10.9279999999999,28.955124,2025-05-08,23.0
29.20799999999872,22.254713,2025-05-08,24.0
17.7109999999995,15.578518,2025-05-08,25.0
12.4280000000023,14.775903,2025-05-08,26.0
10.7800000000061,16.048412,2025-05-08,27.0
11.2720000000045,14.612971,2025-05-08,28.0
11.5200000000041,29.101208,2025-05-08,29.0
6.49199999999837,9.657976,2025-05-08,30.0
36.48000000001048,29.004963,2025-05-08,31.0
31.888000000006286,34.81533,2025-05-08,32.0
13.080000000001746,15.153166,2025-05-08,33.0
18.90799999999581,18.57019,2025-05-08,34.0
31.743999999998778,29.111935,2025-05-08,35.0
17.855999999999767,15.8056965,2025-05-08,36.0
21.24799999999232,29.757334,2025-05-08,37.0
10.3199999999997,10.889245,2025-05-08,38.0
21.26000000000204,15.837167,2025-05-08,39.0
14.299999999995634,13.636077,2025-05-09,1.0
23.0280000000081,26.401773,2025-05-09,2.0
20.599999999998545,18.9253,2025-05-09,3.0
10.6800000000076,17.840494,2025-05-09,4.0
2.2559999999939464,16.08249,2025-05-09,5.0
43.9519999999975,30.687525,2025-05-09,6.0
27.23200000000361,26.063936,2025-05-09,7.0
16.5428000000017,21.18671,2025-05-09,8.0
20.652000000001863,20.313955,2025-05-09,9.0
18.37600000000384,23.962496,2025-05-09,10.0
13.279999999998836,17.365812,2025-05-09,11.0
10.5099999999984,9.682438,2025-05-09,12.0
11.1359999999986,14.653276,2025-05-09,13.0
21.419999999998254,21.304993,2025-05-09,14.0
23.919999999998254,22.592838,2025-05-09,15.0
18.50800000000163,21.279844,2025-05-09,16.0
10.600000000002185,7.2785854,2025-05-09,17.0
12.479999999995924,16.70682,2025-05-09,18.0
16.360000000000582,14.897344,2025-05-09,19.0
7.580000000001746,11.262036,2025-05-09,20.0
23.31999999999971,26.761671,2025-05-09,21.0
21.891999999999825,13.285662,2025-05-09,22.0
19.6079999999929,23.860167,2025-05-09,23.0
24.720000000001164,19.974249,2025-05-09,24.0
16.52799999999843,15.229301,2025-05-09,25.0
11.1199999999962,13.293591,2025-05-09,26.0
10.6800000000003,14.103208,2025-05-09,27.0
10.1399999999994,13.836032,2025-05-09,28.0
10.5109999999952,25.41894,2025-05-09,29.0
10.9320000000007,9.336736,2025-05-09,30.0
19.55199999999604,27.717974,2025-05-09,31.0
33.36800000000221,29.918736,2025-05-09,32.0
35.8119999999989,14.617612,2025-05-09,33.0
9.232000000003609,15.70291,2025-05-09,34.0
18.987999999997555,28.027172,2025-05-09,35.0
13.1199999999962,13.813686,2025-05-09,36.0
28.04800000000978,23.55181,2025-05-09,37.0
14.420000000001892,11.300933,2025-05-09,38.0
13.228000000002794,13.870605,2025-05-09,39.0
10.5280000000009,11.841171,2025-05-10,1.0
11.5199999999895,23.34194,2025-05-10,2.0
16.108000000000175,19.01441,2025-05-10,3.0
10.831999999994878,16.406769,2025-05-10,4.0
17.692000000002736,12.42595,2025-05-10,5.0
46.36000000000058,32.72704,2025-05-10,6.0
26.127999999996973,26.733526,2025-05-10,7.0
22.00800000000163,20.645668,2025-05-10,8.0
16.19999999999709,20.567963,2025-05-10,9.0
20.49199999999837,23.88055,2025-05-10,10.0
14.0280000000009,15.713161,2025-05-10,11.0
10.659999999999854,9.283402,2025-05-10,12.0
10.3039999999964,13.60546,2025-05-10,13.0
24.708000000005995,21.535778,2025-05-10,14.0
21.36800000000221,21.894901,2025-05-10,15.0
19.471999999994296,22.214111,2025-05-10,16.0
4.919999999998254,7.254835,2025-05-10,17.0
26.80800000000454,17.191551,2025-05-10,18.0
23.2599999999985,14.985929,2025-05-10,19.0
18.55999999999767,10.941238,2025-05-10,20.0
27.75999999999476,27.215366,2025-05-10,21.0
13.4109999999966,13.774706,2025-05-10,22.0
26.6628000000043,23.266645,2025-05-10,23.0
18.2879999999958,21.77505,2025-05-10,24.0
16.30399999999645,15.07547,2025-05-10,25.0
7.52800000000087,13.288498,2025-05-10,26.0
11.6079999999929,15.66354,2025-05-10,27.0
12.4280000000023,15.089489,2025-05-10,28.0
32.0679999999993,24.525797,2025-05-10,29.0
2.495999999999185,15.378605,2025-05-10,30.0
22.728000000002798,26.78953,2025-05-10,31.0
30.4280000000023,31.994774,2025-05-10,32.0
35.37200000000303,14.196591,2025-05-10,33.0
10.7599999999948,15.72601,2025-05-10,34.0
71.89199999999983,27.412603,2025-05-10,35.0
14.5428000000017,13.724796,2025-05-10,36.0
32.32799999999406,25.123398,2025-05-10,37.0
9.559999999997672,10.607273,2025-05-10,38.0
11.7319999999963,15.9313545,2025-05-10,39.0
8.28800000000309,13.458909,2025-05-11,1.0
25.92000000001281,26.596767,2025-05-11,2.0
17.18000000000029,22.265072,2025-05-11,3.0
10.9428000000031,16.850529,2025-05-11,4.0
13.919999999998254,12.749793,2025-05-11,5.0
48.85599999999977,38.66157,2025-05-11,6.0
26.62399999999616,28.52882,2025-05-11,7.0
25.487999999997555,22.747799,2025-05-11,8.0
24.09599999999773,23.676748,2025-05-11,9.0
24.18000000000029,23.437893,2025-05-11,10.0
11.5079999999944,18.028252,2025-05-11,11.0
12.319999999999707,9.335272,2025-05-11,12.0
12.92000000000553,14.892416,2025-05-11,13.0
24.1119999999946,24.223646,2025-05-11,14.0
14.61200000000099,22.978346,2025-05-11,15.0
22.00800000000163,22.345161,2025-05-11,16.0
6.690000000002328,7.7612567,2025-05-11,17.0
13.19199999999546,17.94279,2025-05-11,18.0
21.18000000000029,15.144439,2025-05-11,19.0
23.0,10.762002,2025-05-11,20.0
18.27200000000448,28.08219,2025-05-11,21.0
16.8428802253106,18.608025,2025-05-11,22.0
29.855999999999767,23.70276,2025-05-11,23.0
18.7428000000061,24.865948,2025-05-11,24.0
9.68800000000192,16.591314,2025-05-11,25.0
13.18800000000192,14.562517,2025-05-11,26.0
17.960000000006403,15.965112,2025-05-11,27.0
10.0599999999977,14.011565,2025-05-11,28.0
29.2500000000038,23.98847,2025-05-11,29.0
18.68000000000029,12.49916,2025-05-11,30.0
25.239999999990687,27.599676,2025-05-11,31.0
25.75999999999476,34.105694,2025-05-11,32.0
28.2579999999981,17.8217,2025-05-11,33.0
16.512000000002445,17.148705,2025-05-11,34.0
57.27999999999884,27.234081,2025-05-11,35.0
17.02799999999843,14.117802,2025-05-11,36.0
18.839999999996508,25.353252,2025-05-11,37.0
14.639999999999418,12.497122,2025-05-11,38.0
11.7079999999987,17.013477,2025-05-11,39.0
8.051999999996042,13.967613,2025-05-12,1.0
29.295999999987544,26.899508,2025-05-12,2.0
17.700000000004366,22.095985,2025-05-12,3.0
10.1039999999921,17.518932,2025-05-12,4.0
13.82800000000134,14.750717,2025-05-12,5.0
51.12000000000262,40.223152,2025-05-12,6.0
27.4119999999974,29.3582,2025-05-12,7.0
26.012000000002445,24.58893,2025-05-12,8.0
19.4320000000007,23.07607,2025-05-12,9.0
22.959999999999127,25.026352,2025-05-12,10.0
11.1600000000035,18.345934,2025-05-12,11.0
9.729999999999563,11.010251,2025-05-12,12.0
31.288000000000466,15.424574,2025-05-12,13.0
24.139999999999414,25.575132,2025-05-12,14.0
20.867999999994936,23.56554,2025-05-12,15.0
16.4280000000023,23.302107,2025-05-12,16.0
10.43999999999869,9.283291,2025-05-12,17.0
13.580000000001746,19.423048,2025-05-12,18.0
18.02999999999884,17.344734,2025-05-12,19.0
11.6520000000018,12.917178,2025-05-12,20.0
33.35199999999895,29.316513,2025-05-12,21.0
28.048000000002503,17.942326,2025-05-12,22.0
29.27199999999721,26.080854,2025-05-12,23.0
26.919999999998254,23.080706,2025-05-12,24.0
17.30000000000291,15.967428,2025-05-12,25.0
9.131999999997788,14.366562,2025-05-12,26.0
13.591999999996917,15.129621,2025-05-12,27.0
10.0999999999985,13.506002,2025-05-12,28.0
29.99199999999837,27.180027,2025-05-12,29.0
9.50280000000081,9.6641865,2025-05-12,30.0
39.24800000000687,27.518475,2025-05-12,31.0
32.736000000004424,37.085506,2025-05-12,32.0
28.943999999995867,23.087132,2025-05-12,33.0
14.880000000004657,17.717422,2025-05-12,34.0
66.01600000000326,35.518124,2025-05-12,35.0
12.459999999999129,14.436065,2025-05-12,36.0
26.2539999999973,27.335567,2025-05-12,37.0
11.2700000000004,12.127758,2025-05-12,38.0
14.031999999999243,16.782787,2025-05-12,39.0
8.427999999999884,12.942845,2025-05-13,1.0
16.2628000000101,24.772688,2025-05-13,2.0
18.739999999997963,20.11383,2025-05-13,3.0
9.58280000000256,16.77898,2025-05-13,4.0
8.49199999999837,14.994921,2025-05-13,5.0
32.891999999999825,36.16384,2025-05-13,6.0
31.48000000001048,28.674448,2025-05-13,7.0
21.459999999999127,22.507242,2025-05-13,8.0
22.031999999999243,22.642387,2025-05-13,9.0
22.728000000002798,23.868288,2025-05-13,10.0
16.10399999999936,16.620592,2025-05-13,11.0
11.3300000000017,11.2205305,2025-05-13,12.0
16.459999999999127,15.803034,2025-05-13,13.0
23.57200000000012,23.045828,2025-05-13,14.0
11.0520000000033,23.584534,2025-05-13,15.0
10.9320000000007,22.112654,2025-05-13,16.0
4.25000000000011,8.121898,2025-05-13,17.0
17.747999999999593,17.097158,2025-05-13,18.0
18.51000000000204,16.796011,2025-05-13,19.0
17.919999999998254,13.150236,2025-05-13,20.0
23.987999999997555,25.994646,2025-05-13,21.0
11.9280000000023,17.928686,2025-05-13,22.0
25.4800000000032,20.458702,2025-05-13,23.0
11.775999999998,21.81377,2025-05-13,24.0
9.919999999998254,15.149445,2025-05-13,25.0
10.6520000000018,13.53152,2025-05-13,26.0
13.072000000000116,14.610147,2025-05-13,27.0
18.30000000000291,14.807938,2025-05-13,28.0
28.21600000000035,23.44526,2025-05-13,29.0
0.0,13.81179,2025-05-13,30.0
19.9360000000011,26.547176,2025-05-13,31.0
33.463999999992666,34.288166,2025-05-13,32.0
9.376000000003842,19.730637,2025-05-13,33.0
16.535999999992782,17.021406,2025-05-13,34.0
36.4109999999966,32.987556,2025-05-13,35.0
19.60000000000582,14.74448,2025-05-13,36.0
25.542800000009,24.663094,2025-05-13,37.0
11.2299999999996,12.541908,2025-05-13,38.0
18.2500000000038,15.995904,2025-05-13,39.0
21.67199999999866,12.178443,2025-05-14,1.0
25.6119999999945,25.218884,2025-05-14,2.0
20.5199999999968,19.360323,2025-05-14,3.0
8.360000000000582,14.963791,2025-05-14,4.0
13.580000000001746,14.028482,2025-05-14,5.0
37.45999999999913,35.87509,2025-05-14,6.0
23.519999999989523,28.0175,2025-05-14,7.0
24.79200000000128,21.247261,2025-05-14,8.0
22.880000000004657,20.21605,2025-05-14,9.0
21.063999999998487,22.516638,2025-05-14,10.0
13.927999999999884,15.772623,2025-05-14,11.0
9.399999999997815,9.476724,2025-05-14,12.0
10.1099999999953,16.55917,2025-05-14,13.0
22.456000000005588,22.481348,2025-05-14,14.0
22.4280000000023,20.846481,2025-05-14,15.0
22.860000000000586,18.74889,2025-05-14,16.0
5.209999999999127,6.9842663,2025-05-14,17.0
11.9428000000031,14.953562,2025-05-14,18.0
16.289999999997235,17.060553,2025-05-14,19.0
16.68000000000029,13.6499195,2025-05-14,20.0
27.708000000005995,26.069881,2025-05-14,21.0
18.5879999999961,17.90549,2025-05-14,22.0
31.19999999999709,22.077698,2025-05-14,23.0
27.73200000000361,21.761375,2025-05-14,24.0
11.5199999999968,13.5440235,2025-05-14,25.0
14.455999999998312,11.017189,2025-05-14,26.0
17.788000000000466,14.039705,2025-05-14,27.0
10.69999999999709,13.838497,2025-05-14,28.0
24.692000000002736,21.774416,2025-05-14,29.0
14.288000000000466,12.057288,2025-05-14,30.0
30.75199999999313,26.27359,2025-05-14,31.0
32.98399999999674,30.865067,2025-05-14,32.0
25.652000000001863,21.217987,2025-05-14,33.0
9.12000000000262,15.555849,2025-05-14,34.0
18.80000000000291,36.03939,2025-05-14,35.0
14.919999999998254,14.873266,2025-05-14,36.0
28.39999999999418,23.056738,2025-05-14,37.0
10.530000000002474,12.313737,2025-05-14,38.0
14.739999999997965,15.43249,2025-05-14,39.0
6.608000000000175,12.635317,2025-05-15,1.0
32.95200000000477,27.500368,2025-05-15,2.0
18.360000000000586,22.099966,2025-05-15,3.0
14.495999999999183,17.063635,2025-05-15,4.0
5.71099999999953,14.088538,2025-05-15,5.0
35.0280000000009,34.32554,2025-05-15,6.0
30.672000000005937,30.755262,2025-05-15,7.0
17.46799999999348,23.767529,2025-05-15,8.0
19.52799999999843,22.960705,2025-05-15,9.0
10.2799999999988,24.608528,2025-05-15,10.0
24.847999999998137,16.40024,2025-05-15,11.0
12.2800000000011,12.12561,2025-05-15,12.0
16.720000000001164,19.545513,2025-05-15,13.0
21.9320000000007,24.695253,2025-05-15,14.0
20.252000000000407,21.840126,2025-05-15,15.0
17.847999999998137,19.654018,2025-05-15,16.0
4.10999999999898,7.4917665,2025-05-15,17.0
16.047999999995227,16.96804,2025-05-15,18.0
21.790000000000877,19.634819,2025-05-15,19.0
16.747999999999593,15.185478,2025-05-15,20.0
25.2799999999988,27.559671,2025-05-15,21.0
18.812000000005355,20.938723,2025-05-15,22.0
30.27999999999884,22.78277,2025-05-15,23.0
33.90799999999581,23.184155,2025-05-15,24.0
16.228000000002794,15.738489,2025-05-15,25.0
10.7028000000052,11.248224,2025-05-15,26.0
14.932000000000698,15.302734,2025-05-15,27.0
14.62000000000262,14.764399,2025-05-15,28.0
28.239999999997963,25.214602,2025-05-15,29.0
6.880000000004657,9.6508875,2025-05-15,30.0
21.79200000000128,28.767126,2025-05-15,31.0
25.472000000008848,34.97438,2025-05-15,32.0
25.07999999999447,22.525103,2025-05-15,33.0
28.2628000000029,19.007887,2025-05-15,34.0
13.360000000000582,40.01722,2025-05-15,35.0
8.419999999998254,16.758968,2025-05-15,36.0
38.1020000000083,27.956356,2025-05-15,37.0
12.0099999999984,13.553399,2025-05-15,38.0
18.30000000000291,16.927797,2025-05-15,39.0
8.351999999998952,13.563247,2025-05-16,1.0
26.351999999998952,23.953243,2025-05-16,2.0
14.2500000000038,20.117393,2025-05-16,3.0
8.479999999995925,14.8077755,2025-05-16,4.0
10.656000000002678,13.262323,2025-05-16,5.0
27.031999999999243,31.83748,2025-05-16,6.0
23.648000000001048,25.91247,2025-05-16,7.0
18.05200000000332,21.227537,2025-05-16,8.0
19.220000000001164,20.669598,2025-05-16,9.0
25.2879999999958,21.901695,2025-05-16,10.0
20.55200000000332,15.651509,2025-05-16,11.0
8.330000000001746,10.987853,2025-05-16,12.0
13.12000000000262,16.864428,2025-05-16,13.0
25.091999999996915,21.686268,2025-05-16,14.0
21.0399999999936,21.193468,2025-05-16,15.0
19.2109999999995,17.003746,2025-05-16,16.0
10.420000000001892,6.9291296,2025-05-16,17.0
16.351999999998952,15.74918,2025-05-16,18.0
17.69000000000233,17.900686,2025-05-16,19.0
10.307999999997264,14.991195,2025-05-16,20.0
27.1099999999953,25.138948,2025-05-16,21.0
32.799999999995634,18.221224,2025-05-16,22.0
27.0880000000025,21.66785,2025-05-16,23.0
20.631999999997788,21.688353,2025-05-16,24.0
11.1428000000002,15.301027,2025-05-16,25.0
5.41199999999744,11.170931,2025-05-16,26.0
11.2799999999988,15.004747,2025-05-16,27.0
9.099999999998545,14.592078,2025-05-16,28.0
28.50800000000163,23.181257,2025-05-16,29.0
0.2879999999931897,13.978287,2025-05-16,30.0
33.85599999999977,27.485376,2025-05-16,31.0
26.18399999999383,32.6592,2025-05-16,32.0
27.9320000000007,22.834202,2025-05-16,33.0
16.447999999996682,16.567091,2025-05-16,34.0
33.49199999999837,32.960873,2025-05-16,35.0
10.6280000000042,15.948015,2025-05-16,36.0
29.21600000000035,26.513021,2025-05-16,37.0
13.979999999999563,11.57566,2025-05-16,38.0
12.82800000000134,15.389782,2025-05-16,39.0
14.9280000000023,11.383559,2025-05-17,1.0
21.55999999999767,23.284359,2025-05-17,2.0
16.868000000002212,16.197033,2025-05-17,3.0
8.90280000000955,13.065965,2025-05-17,4.0
7.031999999999243,12.639921,2025-05-17,5.0
27.0280000000009,29.413427,2025-05-17,6.0
28.663999999989755,25.310265,2025-05-17,7.0
27.976000000002387,20.102552,2025-05-17,8.0
17.580000000001746,19.52027,2025-05-17,9.0
18.12000000000262,19.044394,2025-05-17,10.0
13.527999999998428,15.765538,2025-05-17,11.0
10.0999999999985,10.065842,2025-05-17,12.0
17.69199999999546,16.097466,2025-05-17,13.0
24.080000000001743,21.198116,2025-05-17,14.0
18.18800000000192,18.575489,2025-05-17,15.0
13.091999999996917,15.128267,2025-05-17,16.0
4.10000000000058,6.5664325,2025-05-17,17.0
12.548000000002505,14.054686,2025-05-17,18.0
13.109999999996944,16.68571,2025-05-17,19.0
11.7920000000013,14.107901,2025-05-17,20.0
21.639999999999414,24.910238,2025-05-17,21.0
23.139999999999414,15.08978,2025-05-17,22.0
28.87999999999738,22.556437,2025-05-17,23.0
22.927999999999884,22.354637,2025-05-17,24.0
8.247999999999593,11.60349,2025-05-17,25.0
7.292000000001281,9.919815,2025-05-17,26.0
11.6960000000036,14.138616,2025-05-17,27.0
8.851999999998952,12.672426,2025-05-17,28.0
26.8109999999981,24.866282,2025-05-17,29.0
0.132000000005064,11.16582,2025-05-17,30.0
22.53600000000733,24.15897,2025-05-17,31.0
27.320000000006985,31.379934,2025-05-17,32.0
45.38799999999901,22.021889,2025-05-17,33.0
13.0,14.947622,2025-05-17,34.0
24.46800000000076,32.244774,2025-05-17,35.0
12.439999999995052,12.395844,2025-05-17,36.0
21.57599999998638,25.11747,2025-05-17,37.0
11.4600000000028,10.286067,2025-05-17,38.0
17.252000000000407,13.413465,2025-05-17,39.0
10.4800000000032,10.067176,2025-05-18,1.0
21.24799999999232,21.40675,2025-05-18,2.0
18.023999999997613,17.02669,2025-05-18,3.0
10.80000000000291,11.296869,2025-05-18,4.0
1.52800000000087,11.33527,2025-05-18,5.0
28.6399999999994,25.733984,2025-05-18,6.0
30.680000000007567,22.354944,2025-05-18,7.0
23.903999999994998,18.82612,2025-05-18,8.0
25.87999999999738,19.032852,2025-05-18,9.0
11.6800000000003,19.97625,2025-05-18,10.0
14.531999999999243,14.923117,2025-05-18,11.0
9.25,8.456595,2025-05-18,12.0
9.416000000004717,15.0058365,2025-05-18,13.0
26.97599999999511,20.348108,2025-05-18,14.0
18.46800000000076,17.397715,2025-05-18,15.0
8.668000000005122,14.511318,2025-05-18,16.0
5.369999999998981,5.1732087,2025-05-18,17.0
16.9000000000011,11.934183,2025-05-18,18.0
12.220000000001164,14.79788,2025-05-18,19.0
17.4280000000023,12.669236,2025-05-18,20.0
29.372000000003027,22.799833,2025-05-18,21.0
20.59200000000419,16.913378,2025-05-18,22.0
36.37200000000303,23.479305,2025-05-18,23.0
27.4628000000072,19.799139,2025-05-18,24.0
17.591999999996915,11.772021,2025-05-18,25.0
13.187999999994643,8.2153,2025-05-18,26.0
11.5839999999953,13.602911,2025-05-18,27.0
10.135999999998605,11.733619,2025-05-18,28.0
25.7200000000012,22.080706,2025-05-18,29.0
14.619999999995343,8.095353,2025-05-18,30.0
32.59199999998964,24.589489,2025-05-18,31.0
32.03199999999197,27.9326,2025-05-18,32.0
35.50800000000163,17.969198,2025-05-18,33.0
22.139999999999414,14.685425,2025-05-18,34.0
35.86800000000221,25.597277,2025-05-18,35.0
16.5428000000017,12.063565,2025-05-18,36.0
35.80000000000291,23.296955,2025-05-18,37.0
14.539999999997235,9.587739,2025-05-18,38.0
14.19999999999709,13.058285,2025-05-18,39.0
13.57999999999447,11.094315,2025-05-19,1.0
23.0228000000049,24.900072,2025-05-19,2.0
18.5879999999961,18.592737,2025-05-19,3.0
10.255999999993946,13.96285,2025-05-19,4.0
2.11999999999622,11.426075,2025-05-19,5.0
32.57600000000093,34.129368,2025-05-19,6.0
25.36800000000221,28.376665,2025-05-19,7.0
16.096000000005006,23.085981,2025-05-19,8.0
17.260000000002037,21.09427,2025-05-19,9.0
22.5280000000009,21.482166,2025-05-19,10.0
14.531999999999243,17.583862,2025-05-19,11.0
7.819999999999709,9.578214,2025-05-19,12.0
16.271999999997206,16.839947,2025-05-19,13.0
32.76000000000204,23.652746,2025-05-19,14.0
21.332000000002157,20.455769,2025-05-19,15.0
19.091999999996915,16.109106,2025-05-19,16.0
4.43999999999869,4.9770107,2025-05-19,17.0
16.968000000000757,14.19983,2025-05-19,18.0
10.4599999999991,16.219688,2025-05-19,19.0
16.512000000002445,14.7735,2025-05-19,20.0
24.10800000000017,24.533154,2025-05-19,21.0
10.6559999999954,19.84073,2025-05-19,22.0
27.012000000002445,28.503227,2025-05-19,23.0
17.479999999995925,21.802614,2025-05-19,24.0
12.888000000006286,11.813186,2025-05-19,25.0
6.92000000000553,9.861492,2025-05-19,26.0
11.648000000001,15.49035,2025-05-19,27.0
10.492000000005646,14.664921,2025-05-19,28.0
25.5280000000009,28.045942,2025-05-19,29.0
1.0320000000065193,7.6509867,2025-05-19,30.0
20.89600000000792,27.697552,2025-05-19,31.0
28.5828000000026,30.578915,2025-05-19,32.0
30.99199999999837,27.587006,2025-05-19,33.0
14.572000000000116,16.779926,2025-05-19,34.0
38.67199999999866,29.71797,2025-05-19,35.0
12.987999999997555,13.365642,2025-05-19,36.0
28.760000000009317,28.67495,2025-05-19,37.0
11.0900000000001,13.403214,2025-05-19,38.0
19.091999999996915,16.231081,2025-05-19,39.0
14.060000000004948,12.957656,2025-05-20,1.0
23.952000000004773,27.444876,2025-05-20,2.0
14.732000000003609,19.470613,2025-05-20,3.0
9.99199999999837,16.247011,2025-05-20,4.0
10.6520000000018,9.303111,2025-05-20,5.0
42.37199999999575,27.634426,2025-05-20,6.0
25.512000000002445,29.197367,2025-05-20,7.0
11.3109999999981,22.50875,2025-05-20,8.0
19.9320000000007,23.445042,2025-05-20,9.0
12.239999999997965,20.750656,2025-05-20,10.0
11.8000000000029,18.628187,2025-05-20,11.0
12.389999999999418,11.028401,2025-05-20,12.0
10.0319999999992,15.138168,2025-05-20,13.0
28.5828000000026,24.719666,2025-05-20,14.0
14.919999999998254,20.3163,2025-05-20,15.0
10.12800000000425,16.579819,2025-05-20,16.0
8.610000000000582,7.563701,2025-05-20,17.0
20.57200000000012,15.257475,2025-05-20,18.0
20.610000000000586,16.039722,2025-05-20,19.0
16.0879999999961,14.262031,2025-05-20,20.0
27.951999999997497,28.434437,2025-05-20,21.0
36.222800000002,21.344797,2025-05-20,22.0
33.427999999999884,30.68955,2025-05-20,23.0
25.427999999999884,26.000437,2025-05-20,24.0
11.0799999999945,13.343789,2025-05-20,25.0
13.623999999996158,11.145678,2025-05-20,26.0
13.447999999996682,14.381502,2025-05-20,27.0
10.907999999995807,13.489565,2025-05-20,28.0
30.220000000001164,27.389374,2025-05-20,29.0
0.0,12.502824,2025-05-20,30.0
25.6628000000043,28.860762,2025-05-20,31.0
27.839999999996508,33.795822,2025-05-20,32.0
41.0,29.464851,2025-05-20,33.0
12.12000000000262,18.124302,2025-05-20,34.0
22.5,27.50101,2025-05-20,35.0
12.468000000000757,14.418637,2025-05-20,36.0
16.1199999999889,33.329567,2025-05-20,37.0
10.2800000000011,12.190857,2025-05-20,38.0
12.568000000006576,16.548687,2025-05-20,39.0
14.419999999998254,14.100483,2025-05-21,1.0
19.1759999999922,27.08384,2025-05-21,2.0
19.50800000000163,19.437881,2025-05-21,3.0
10.9759999999951,16.486425,2025-05-21,4.0
8.768000000003667,14.337492,2025-05-21,5.0
44.30000000000291,31.261015,2025-05-21,6.0
29.1759999999922,31.001228,2025-05-21,7.0
14.760000000002035,22.283587,2025-05-21,8.0
18.687999999994645,22.161793,2025-05-21,9.0
27.148000000001048,22.736467,2025-05-21,10.0
23.72799999999552,20.368206,2025-05-21,11.0
9.900000000001455,11.247907,2025-05-21,12.0
25.736000000004424,18.970572,2025-05-21,13.0
25.89600000000064,27.808987,2025-05-21,14.0
20.76000000000204,24.520561,2025-05-21,15.0
24.487999999997555,17.516878,2025-05-21,16.0
8.549999999999272,7.153477,2025-05-21,17.0
19.37999999999738,16.95433,2025-05-21,18.0
19.700000000000728,16.47086,2025-05-21,19.0
14.472000000001572,16.482254,2025-05-21,20.0
23.247999999999596,29.02202,2025-05-21,21.0
12.5880000000025,20.846092,2025-05-21,22.0
30.099999999998545,28.636122,2025-05-21,23.0
22.12000000000262,25.227953,2025-05-21,24.0
9.192000000002736,14.50455,2025-05-21,25.0
18.908000000003085,10.999431,2025-05-21,26.0
20.652000000001863,16.14303,2025-05-21,27.0
19.599999999998545,15.324969,2025-05-21,28.0
30.0679999999993,28.456226,2025-05-21,29.0
10.3199999999997,12.922199,2025-05-21,30.0
18.055999999996857,29.085545,2025-05-21,31.0
26.9828000000103,33.89187,2025-05-21,32.0
41.608000000000175,29.204653,2025-05-21,33.0
10.82800000000134,19.658588,2025-05-21,34.0
48.78800000000047,32.471573,2025-05-21,35.0
19.8280000000038,15.649206,2025-05-21,36.0
37.2000000000106,33.708347,2025-05-21,37.0
13.770000000000437,13.597285,2025-05-21,38.0
20.77999999999884,19.033857,2025-05-21,39.0
10.2719999999972,13.133059,2025-05-22,1.0
22.2880000000104,27.12858,2025-05-22,2.0
19.659999999996217,18.524488,2025-05-22,3.0
14.3828000000055,14.843395,2025-05-22,4.0
6.259999999994761,13.015857,2025-05-22,5.0
26.847999999998137,27.646708,2025-05-22,6.0
32.1828000000084,28.83231,2025-05-22,7.0
24.391999999999825,18.842026,2025-05-22,8.0
19.9280000000023,20.806278,2025-05-22,9.0
9.47200000000117,18.738531,2025-05-22,10.0
21.832000000002157,18.96661,2025-05-22,11.0
4.10999999999898,10.836013,2025-05-22,12.0
33.35199999999895,15.368514,2025-05-22,13.0
26.19999999999709,25.354162,2025-05-22,14.0
20.31999999999971,21.27078,2025-05-22,15.0
9.72000000000106,15.195992,2025-05-22,16.0
5.780000000002474,6.737493,2025-05-22,17.0
17.1120000000018,16.412392,2025-05-22,18.0
11.9599999999991,16.097172,2025-05-22,19.0
12.175999999999476,14.944298,2025-05-22,20.0
27.8628000000014,26.718115,2025-05-22,21.0
11.8600000000006,22.771381,2025-05-22,22.0
38.608000000000175,24.885687,2025-05-22,23.0
21.18000000000029,25.181564,2025-05-22,24.0
17.2879999999958,13.164994,2025-05-22,25.0
10.9280000000023,10.525875,2025-05-22,26.0
11.4199999999983,14.180734,2025-05-22,27.0
14.720000000001164,13.6147585,2025-05-22,28.0
27.471999999994296,25.419502,2025-05-22,29.0
0.0959999999977299,7.4955173,2025-05-22,30.0
23.222800000002,29.30947,2025-05-22,31.0
32.78399999999965,30.688808,2025-05-22,32.0
14.12000000000262,31.744232,2025-05-22,33.0
17.02799999999843,19.249067,2025-05-22,34.0
4.28000000000146,27.525635,2025-05-22,35.0
26.67199999999866,13.628353,2025-05-22,36.0
21.127999999996973,27.81019,2025-05-22,37.0
16.25,11.831673,2025-05-22,38.0
17.479999999995925,16.664845,2025-05-22,39.0
12.468000000000757,12.82859,2025-05-23,1.0
29.1019999999937,22.465836,2025-05-23,2.0
11.8800000000047,15.978603,2025-05-23,3.0
13.168000000005122,13.29576,2025-05-23,4.0
10.2109999999995,13.161526,2025-05-23,5.0
37.17199999999866,30.213755,2025-05-23,6.0
29.648000000001048,27.522495,2025-05-23,7.0
20.90799999999581,16.286802,2025-05-23,8.0
18.94799999999668,17.897213,2025-05-23,9.0
23.9000000000011,18.803627,2025-05-23,10.0
36.28800000000047,16.414078,2025-05-23,11.0
9.659999999999854,9.713063,2025-05-23,12.0
14.20799999999872,17.50189,2025-05-23,13.0
31.3028000000037,24.906845,2025-05-23,14.0
21.77199999999721,19.488724,2025-05-23,15.0
8.131999999997788,15.906805,2025-05-23,16.0
6.799999999999272,7.471528,2025-05-23,17.0
11.2960000000021,16.061901,2025-05-23,18.0
13.030000000002474,14.12947,2025-05-23,19.0
18.591999999996915,14.049296,2025-05-23,20.0
26.768000000003667,25.197887,2025-05-23,21.0
24.031999999999243,19.943323,2025-05-23,22.0
30.78399999999965,24.057606,2025-05-23,23.0
18.0199999999968,21.014635,2025-05-23,24.0
14.272000000004482,12.044946,2025-05-23,25.0
7.791999999994005,10.865256,2025-05-23,26.0
16.220000000001164,15.199777,2025-05-23,27.0
11.0639999999985,13.993277,2025-05-23,28.0
31.5280000000009,25.590525,2025-05-23,29.0
7.292000000001281,11.953013,2025-05-23,30.0
37.95199999999022,23.779982,2025-05-23,31.0
32.687999999994645,28.76513,2025-05-23,32.0
14.771999999997206,31.976843,2025-05-23,33.0
10.80000000000291,13.214177,2025-05-23,34.0
4.599999999998545,33.561317,2025-05-23,35.0
13.2879999999958,13.456649,2025-05-23,36.0
22.55999999999767,28.350523,2025-05-23,37.0
17.469999999997526,11.645237,2025-05-23,38.0
18.18800000000192,16.01954,2025-05-23,39.0
10.028000000005704,13.562951,2025-05-24,1.0
21.81600000000617,23.088581,2025-05-24,2.0
16.739999999997963,19.13458,2025-05-24,3.0
11.9199999999983,14.103313,2025-05-24,4.0
3.16000000000259,13.792484,2025-05-24,5.0
30.86800000000221,32.772697,2025-05-24,6.0
25.76799999999639,30.144552,2025-05-24,7.0
16.160000000003492,19.603342,2025-05-24,8.0
30.352000000006228,20.948149,2025-05-24,9.0
16.959999999999127,18.534176,2025-05-24,10.0
23.8280000000038,18.133,2025-05-24,11.0
12.720000000001164,9.583391,2025-05-24,12.0
10.1319999999978,19.303925,2025-05-24,13.0
30.8119999999989,27.532421,2025-05-24,14.0
14.056000000004133,21.11596,2025-05-24,15.0
24.720000000001164,15.550943,2025-05-24,16.0
5.900000000001455,8.203649,2025-05-24,17.0
13.072000000000116,16.767914,2025-05-24,18.0
14.599999999998545,15.726668,2025-05-24,19.0
17.208000000005995,14.124049,2025-05-24,20.0
30.07200000000012,27.069307,2025-05-24,21.0
24.29599999999482,19.992685,2025-05-24,22.0
32.04799999999523,26.979603,2025-05-24,23.0
22.451999999997497,23.848661,2025-05-24,24.0
9.5199999999968,14.460841,2025-05-24,25.0
16.616000000001804,12.032457,2025-05-24,26.0
19.252000000000407,15.834532,2025-05-24,27.0
13.560000000004948,15.539625,2025-05-24,28.0
30.148000000001048,28.815504,2025-05-24,29.0
2.959999999999127,8.529766,2025-05-24,30.0
21.8628000000014,26.073875,2025-05-24,31.0
33.1120000000018,31.441406,2025-05-24,32.0
14.260000000002035,31.91869,2025-05-24,33.0
18.55199999999604,16.72233,2025-05-24,34.0
4.599999999998545,31.185642,2025-05-24,35.0
11.6628000000043,16.212116,2025-05-24,36.0
29.135999999998603,28.848053,2025-05-24,37.0
11.510000000002,12.933774,2025-05-24,38.0
17.652000000001863,17.46657,2025-05-24,39.0
10.99199999999837,14.575757,2025-05-25,1.0
20.103999999992084,27.048418,2025-05-25,2.0
18.76000000000204,20.171608,2025-05-25,3.0
12.335999999995693,16.191206,2025-05-25,4.0
10.19999999999709,13.719538,2025-05-25,5.0
37.0280000000009,33.582863,2025-05-25,6.0
25.42399999999907,30.56493,2025-05-25,7.0
16.891999999999825,20.95281,2025-05-25,8.0
21.860000000000586,22.681007,2025-05-25,9.0
25.360000000000586,22.07792,2025-05-25,10.0
18.659999999996217,23.491255,2025-05-25,11.0
10.4500000000007,10.024514,2025-05-25,12.0
10.7000000000044,19.839516,2025-05-25,13.0
30.83199999999488,28.933971,2025-05-25,14.0
14.679999999993017,23.00976,2025-05-25,15.0
8.28000000000146,13.927299,2025-05-25,16.0
7.519999999996799,8.426232,2025-05-25,17.0
20.19199999999546,18.141432,2025-05-25,18.0
10.8199999999997,15.006419,2025-05-25,19.0
11.8109999999981,14.922886,2025-05-25,20.0
20.89600000000064,29.041645,2025-05-25,21.0
10.192000000002736,20.834383,2025-05-25,22.0
31.927999999999884,32.124657,2025-05-25,23.0
21.2580000000054,23.729176,2025-05-25,24.0
10.5480000000025,14.483527,2025-05-25,25.0
9.592000000004193,12.26032,2025-05-25,26.0
19.10800000000017,16.55956,2025-05-25,27.0
19.0879999999961,14.760447,2025-05-25,28.0
31.57200000000012,28.502234,2025-05-25,29.0
3.959999999999127,15.827155,2025-05-25,30.0
22.456000000005588,28.618906,2025-05-25,31.0
27.19199999999546,33.78886,2025-05-25,32.0
14.959999999999129,33.528515,2025-05-25,33.0
11.4199999999983,16.57977,2025-05-25,34.0
25.692000000002736,28.621384,2025-05-25,35.0
21.17599999999948,18.42297,2025-05-25,36.0
28.135999999998603,30.320753,2025-05-25,37.0
14.220000000001164,14.741249,2025-05-25,38.0
19.459999999999127,20.4229,2025-05-25,39.0
13.20799999999872,12.867972,2025-05-26,1.0
16.888000000006286,23.85415,2025-05-26,2.0
18.599999999998545,18.312334,2025-05-26,3.0
13.855999999999767,16.75628,2025-05-26,4.0
9.00800000000163,13.615153,2025-05-26,5.0
30.1428000000002,31.274122,2025-05-26,6.0
21.67999999999301,27.530018,2025-05-26,7.0
6.788000000000466,16.962645,2025-05-26,8.0
21.77199999999721,22.010443,2025-05-26,9.0
25.720000000001164,19.991617,2025-05-26,10.0
20.419999999998254,21.743427,2025-05-26,11.0
13.069999999999707,9.503484,2025-05-26,12.0
12.1199999999962,16.655224,2025-05-26,13.0
25.7800000000061,26.745415,2025-05-26,14.0
18.21200000000681,19.595701,2025-05-26,15.0
9.5,15.783748,2025-05-26,16.0
5.230000000003201,6.587308,2025-05-26,17.0
12.919999999998254,15.805357,2025-05-26,18.0
18.889999999999414,14.178923,2025-05-26,19.0
11.1319999999978,14.641444,2025-05-26,20.0
26.703999999997905,27.199318,2025-05-26,21.0
23.2762006458754,18.595007,2025-05-26,22.0
22.8228000000005,25.049627,2025-05-26,23.0
16.419999999998254,21.18222,2025-05-26,24.0
17.279999999998836,11.890134,2025-05-26,25.0
11.4799999999959,12.403924,2025-05-26,26.0
17.30000000000291,14.663384,2025-05-26,27.0
11.2079999999987,13.340313,2025-05-26,28.0
30.29200000000128,25.773317,2025-05-26,29.0
8.519999999996799,8.57079,2025-05-26,30.0
32.080000000001746,24.332945,2025-05-26,31.0
33.2539999999973,29.63585,2025-05-26,32.0
10.67199999999866,22.764568,2025-05-26,33.0
14.531999999999243,14.258878,2025-05-26,34.0
41.94799999999668,18.592302,2025-05-26,35.0
22.3839999999982,16.057266,2025-05-26,36.0
31.1120000000018,27.251255,2025-05-26,37.0
11.5599999999977,12.5494375,2025-05-26,38.0
14.5280000000009,16.998156,2025-05-26,39.0
10.78399999999965,12.699846,2025-05-27,1.0
16.527999999991152,22.012342,2025-05-27,2.0
18.580000000001743,17.483614,2025-05-27,3.0
14.559999999997672,16.931484,2025-05-27,4.0
10.4320000000007,15.642339,2025-05-27,5.0
38.1359999999986,31.952408,2025-05-27,6.0
28.5828000000026,25.880518,2025-05-27,7.0
7.307999999997264,16.242046,2025-05-27,8.0
20.70799999999872,20.730131,2025-05-27,9.0
22.10800000000017,19.46066,2025-05-27,10.0
19.5679999999993,20.475746,2025-05-27,11.0
10.6899999999987,9.350085,2025-05-27,12.0
10.9680000000008,16.458488,2025-05-27,13.0
31.61200000000099,26.009119,2025-05-27,14.0
16.459999999999127,17.58356,2025-05-27,15.0
5.31099999999808,14.119862,2025-05-27,16.0
2.75,7.409753,2025-05-27,17.0
16.427999999999884,16.140438,2025-05-27,18.0
11.75,13.6851225,2025-05-27,19.0
9.72000000000106,13.842143,2025-05-27,20.0
30.616000000001804,24.083485,2025-05-27,21.0
75.28800000000047,16.885807,2025-05-27,22.0
25.2880000000031,25.578264,2025-05-27,23.0
28.512000000002445,19.951271,2025-05-27,24.0
8.900000000001455,12.428857,2025-05-27,25.0
9.52000000000287,11.611585,2025-05-27,26.0
16.760000000002037,14.746955,2025-05-27,27.0
9.61200000000099,14.901669,2025-05-27,28.0
31.0280000000009,26.124504,2025-05-27,29.0
7.812000000005355,12.171504,2025-05-27,30.0
33.679999999993015,23.554895,2025-05-27,31.0
39.16000000000349,29.86704,2025-05-27,32.0
14.680000000000293,18.56103,2025-05-27,33.0
14.656000000002678,14.0967245,2025-05-27,34.0
62.6228000000025,19.356346,2025-05-27,35.0
21.959999999999127,15.734977,2025-05-27,36.0
17.687999999994645,24.55029,2025-05-27,37.0
17.610000000000582,11.4008875,2025-05-27,38.0
14.5199999999968,16.630306,2025-05-27,39.0
16.447999999996682,14.28046,2025-05-28,1.0
19.99199999999837,24.516794,2025-05-28,2.0
18.88799999999901,20.212473,2025-05-28,3.0
9.42800000000233,17.363773,2025-05-28,4.0
8.495999999999185,11.2013,2025-05-28,5.0
43.2109999999995,32.532295,2025-05-28,6.0
30.98399999999674,28.312864,2025-05-28,7.0
1.319999999999709,16.156542,2025-05-28,8.0
23.66000000000349,22.97578,2025-05-28,9.0
21.591999999996915,22.664915,2025-05-28,10.0
36.2628000000029,22.600079,2025-05-28,11.0
10.549999999999272,11.257453,2025-05-28,12.0
14.092000000004193,18.71601,2025-05-28,13.0
31.2579999999981,28.706722,2025-05-28,14.0
19.799999999995634,19.493027,2025-05-28,15.0
13.760000000002035,14.844708,2025-05-28,16.0
6.25000000000011,7.4628077,2025-05-28,17.0
19.70000000000437,17.17276,2025-05-28,18.0
19.470000000001164,15.603649,2025-05-28,19.0
9.447999999996682,14.372825,2025-05-28,20.0
20.919999999998254,27.831232,2025-05-28,21.0
28.531999999999243,20.943491,2025-05-28,22.0
28.36800000000221,26.4205,2025-05-28,23.0
21.855999999999767,21.222681,2025-05-28,24.0
10.447999999996682,14.083927,2025-05-28,25.0
9.75999999999476,13.450768,2025-05-28,26.0
20.127999999996973,17.389473,2025-05-28,27.0
11.1600000000035,16.253065,2025-05-28,28.0
29.60800000000017,30.613556,2025-05-28,29.0
4.608000000000175,14.795978,2025-05-28,30.0
33.21600000000035,28.956648,2025-05-28,31.0
28.55999999999767,35.1381,2025-05-28,32.0
10.1880000000019,19.785627,2025-05-28,33.0
16.182800000001,16.011406,2025-05-28,34.0
28.4559999999983,21.440298,2025-05-28,35.0
20.788000000000466,18.163954,2025-05-28,36.0
50.542800000009,30.5594,2025-05-28,37.0
13.1000000000006,13.609814,2025-05-28,38.0
11.239999999998,18.55526,2025-05-28,39.0
7.860000000000582,11.797825,2025-05-29,1.0
22.44800000000396,22.06275,2025-05-29,2.0
11.4320000000007,18.832165,2025-05-29,3.0
22.351999999998952,15.952619,2025-05-29,4.0
7.131999999997788,9.283599,2025-05-29,5.0
42.0280000000009,27.19589,2025-05-29,6.0
32.6880000000092,28.238178,2025-05-29,7.0
0.0239999999976134,14.772759,2025-05-29,8.0
24.43999999999505,21.179274,2025-05-29,9.0
9.659999999996217,20.617506,2025-05-29,10.0
28.495999999999185,23.810614,2025-05-29,11.0
10.299999999999272,10.413095,2025-05-29,12.0
23.479999999995925,16.71362,2025-05-29,13.0
28.0,27.528578,2025-05-29,14.0
13.4800000000032,19.110353,2025-05-29,15.0
17.648000000001048,11.884745,2025-05-29,16.0
5.779999999998836,5.027148,2025-05-29,17.0
10.0319999999992,14.872145,2025-05-29,18.0
24.18999999999869,14.388185,2025-05-29,19.0
14.520000000004076,12.900107,2025-05-29,20.0
29.10399999999936,27.329367,2025-05-29,21.0
19.788000000000466,20.563713,2025-05-29,22.0
31.0,27.056519,2025-05-29,23.0
29.919999999998254,21.218288,2025-05-29,24.0
13.772000000004482,12.457431,2025-05-29,25.0
13.599999999998545,12.286848,2025-05-29,26.0
22.591999999996915,17.27568,2025-05-29,27.0
11.5800000000017,14.927821,2025-05-29,28.0
23.631999999997788,28.476154,2025-05-29,29.0
10.69999999999709,10.142265,2025-05-29,30.0
28.7109999999995,28.279722,2025-05-29,31.0
25.6880000000092,31.46443,2025-05-29,32.0
16.788000000000466,15.022324,2025-05-29,33.0
24.228000000002798,17.03477,2025-05-29,34.0
7.120000000002619,32.53356,2025-05-29,35.0
17.9320000000007,19.267649,2025-05-29,36.0
18.1019999999937,27.196236,2025-05-29,37.0
19.2500000000001,13.76851,2025-05-29,38.0
17.052000000003318,18.229563,2025-05-29,39.0
7.908000000003085,12.807103,2025-05-30,1.0
17.2560000000085,21.639732,2025-05-30,2.0
17.752000000000407,18.678732,2025-05-30,3.0
16.60000000000582,16.155031,2025-05-30,4.0
1.588000000003376,10.073282,2025-05-30,5.0
38.55999999999767,29.601887,2025-05-30,6.0
26.38399999999092,27.6552,2025-05-30,7.0
1.1480000000010475,9.354131,2025-05-30,8.0
22.020000000004075,23.123995,2025-05-30,9.0
25.020000000004075,21.448828,2025-05-30,10.0
29.1120000000018,24.788092,2025-05-30,11.0
9.520000000000437,11.18338,2025-05-30,12.0
10.5200000000041,14.841141,2025-05-30,13.0
30.93999999999505,28.871933,2025-05-30,14.0
19.5280000000009,19.580534,2025-05-30,15.0
7.871999999995751,11.977221,2025-05-30,16.0
4.559999999997672,6.0330286,2025-05-30,17.0
7.335999999995693,16.425604,2025-05-30,18.0
13.930000000000293,15.738045,2025-05-30,19.0
14.0,15.322259,2025-05-30,20.0
27.87999999999738,25.58125,2025-05-30,21.0
25.9839999999967,25.781282,2025-05-30,22.0
29.83199999999488,28.639887,2025-05-30,23.0
14.663999999997031,21.010218,2025-05-30,24.0
13.70799999999872,12.782194,2025-05-30,25.0
9.42000000000553,11.055749,2025-05-30,26.0
14.648000000001048,17.925453,2025-05-30,27.0
14.007999999994354,15.167166,2025-05-30,28.0
26.77599999999802,29.98007,2025-05-30,29.0
0.091999999996911,11.95462,2025-05-30,30.0
23.6880000000092,29.158602,2025-05-30,31.0
31.39199999999255,34.69641,2025-05-30,32.0
10.182800000001,13.325555,2025-05-30,33.0
12.307999999997264,17.540651,2025-05-30,34.0
56.74399999999878,27.512356,2025-05-30,35.0
16.8280000000038,20.189503,2025-05-30,36.0
28.672000000005937,28.315844,2025-05-30,37.0
16.860000000000582,15.431993,2025-05-30,38.0
16.055999999996857,18.41535,2025-05-30,39.0
8.959999999999127,10.18576,2025-05-31,1.0
17.103999999992084,17.165155,2025-05-31,2.0
14.5199999999968,16.607227,2025-05-31,3.0
23.535999999992782,13.426665,2025-05-31,4.0
1.97200000000117,8.155423,2025-05-31,5.0
27.580000000001743,29.683357,2025-05-31,6.0
28.9360000000011,24.871119,2025-05-31,7.0
1.25800000000541,6.384843,2025-05-31,8.0
22.69999999999709,20.018663,2025-05-31,9.0
23.167999999997846,17.753435,2025-05-31,10.0
29.580000000001743,20.50386,2025-05-31,11.0
10.220000000001164,8.840024,2025-05-31,12.0
13.2579999999981,14.356687,2025-05-31,13.0
28.960000000006403,24.826754,2025-05-31,14.0
11.0599999999977,16.167278,2025-05-31,15.0
12.00800000000163,11.237104,2025-05-31,16.0
4.09000000000011,4.0607996,2025-05-31,17.0
3.0800000000017462,12.633567,2025-05-31,18.0
20.8280000000001,14.04149,2025-05-31,19.0
18.080000000001743,10.058023,2025-05-31,20.0
26.33600000000297,23.798191,2025-05-31,21.0
14.360000000000582,24.690332,2025-05-31,22.0
23.560000000004948,23.042627,2025-05-31,23.0
20.31999999999971,18.762817,2025-05-31,24.0
10.1319999999978,10.254544,2025-05-31,25.0
7.108000000000175,9.000503,2025-05-31,26.0
19.27999999999884,16.390825,2025-05-31,27.0
23.720000000001164,11.991987,2025-05-31,28.0
30.8228000000005,24.101099,2025-05-31,29.0
1.6680000000051225,10.254046,2025-05-31,30.0
26.471999999994296,26.02499,2025-05-31,31.0
41.28800000000047,28.252253,2025-05-31,32.0
11.4959999999992,11.1226225,2025-05-31,33.0
14.3109999999981,13.602732,2025-05-31,34.0
66.0879999999961,22.400478,2025-05-31,35.0
21.55999999999767,15.211596,2025-05-31,36.0
23.239999999990687,25.56363,2025-05-31,37.0
12.25,11.741082,2025-05-31,38.0
11.5520000000033,14.209979,2025-05-31,39.0
4.591999999996915,9.134663,2025-06-01,1.0
12.1099999999953,19.274267,2025-06-01,2.0
11.2799999999988,16.599987,2025-06-01,3.0
18.919999999998254,13.606159,2025-06-01,4.0
7.819999999999709,10.06247,2025-06-01,5.0
19.391999999999825,27.876102,2025-06-01,6.0
20.127999999996973,24.33972,2025-06-01,7.0
4.063999999998487,7.790762,2025-06-01,8.0
17.1120000000018,18.943901,2025-06-01,9.0
21.063999999998487,17.382574,2025-06-01,10.0
28.02799999999843,21.618904,2025-06-01,11.0
6.569999999999709,7.9995613,2025-06-01,12.0
9.17199999999866,11.520186,2025-06-01,13.0
19.5,24.057114,2025-06-01,14.0
9.10200000000099,14.877269,2025-06-01,15.0
8.391999999999825,9.379909,2025-06-01,16.0
2.5800000000017462,3.318501,2025-06-01,17.0
9.351999999998952,11.271801,2025-06-01,18.0
17.5280000000009,14.065702,2025-06-01,19.0
8.91099999999662,9.761467,2025-06-01,20.0
16.072000000000116,23.08125,2025-06-01,21.0
27.360000000000586,24.073763,2025-06-01,22.0
21.05999999999767,22.97963,2025-06-01,23.0
10.448000000004,17.636595,2025-06-01,24.0
9.25799999999813,10.224638,2025-06-01,25.0
6.759999999994761,8.991067,2025-06-01,26.0
10.560000000004948,15.462398,2025-06-01,27.0
12.7109999999995,10.279228,2025-06-01,28.0
16.13600000000588,24.10692,2025-06-01,29.0
8.28000000000146,4.6714935,2025-06-01,30.0
20.319999999992437,24.209736,2025-06-01,31.0
18.9109999999966,28.432709,2025-06-01,32.0
6.83200000000211,8.840431,2025-06-01,33.0
8.88799999999901,14.267257,2025-06-01,34.0
28.2000000000044,36.63602,2025-06-01,35.0
11.1080000000002,15.733265,2025-06-01,36.0
23.976000000009662,25.49092,2025-06-01,37.0
14.919999999998254,12.108845,2025-06-01,38.0
13.487999999997555,14.011381,2025-06-01,39.0
10.448000000003958,10.203217,2025-06-02,1.0
30.360000000000586,20.09458,2025-06-02,2.0
20.0679999999993,16.345615,2025-06-02,3.0
20.7028000000125,16.073013,2025-06-02,4.0
11.9109999999966,11.139407,2025-06-02,5.0
29.080000000001743,29.896898,2025-06-02,6.0
23.41600000001199,26.98015,2025-06-02,7.0
3.61199999999453,7.1522303,2025-06-02,8.0
22.02799999999843,19.493414,2025-06-02,9.0
22.548000000002503,19.957989,2025-06-02,10.0
27.720000000001164,23.800442,2025-06-02,11.0
10.600000000002185,9.311145,2025-06-02,12.0
13.228000000002794,14.787661,2025-06-02,13.0
29.979999999995925,27.454144,2025-06-02,14.0
20.048000000002503,16.156446,2025-06-02,15.0
9.11999999999622,10.325529,2025-06-02,16.0
6.029999999998836,4.6077285,2025-06-02,17.0
13.0280000000009,10.579642,2025-06-02,18.0
14.739999999997965,14.909544,2025-06-02,19.0
13.468000000000757,11.385405,2025-06-02,20.0
24.220000000001164,24.87925,2025-06-02,21.0
26.455999999998312,25.30102,2025-06-02,22.0
23.268000000003667,22.461643,2025-06-02,23.0
13.567999999999302,19.111149,2025-06-02,24.0
8.90280000000227,10.853684,2025-06-02,25.0
18.4120000000039,9.497138,2025-06-02,26.0
18.07200000000012,15.8687,2025-06-02,27.0
12.880000000004657,13.1527195,2025-06-02,28.0
29.1099999999953,25.303917,2025-06-02,29.0
2.639999999999418,7.813304,2025-06-02,30.0
35.3028000000037,27.08961,2025-06-02,31.0
42.63999999999942,30.450863,2025-06-02,32.0
11.0720000000001,11.620593,2025-06-02,33.0
13.972000000001572,14.798515,2025-06-02,34.0
46.5,36.12595,2025-06-02,35.0
17.239999999997963,17.41232,2025-06-02,36.0
25.1919999999955,25.038916,2025-06-02,37.0
16.700000000000728,12.186702,2025-06-02,38.0
12.732000000003609,13.998727,2025-06-02,39.0
8.531999999999243,9.320616,2025-06-03,1.0
14.6628000000043,16.338453,2025-06-03,2.0
14.531999999999243,14.254706,2025-06-03,3.0
19.75999999999476,14.930639,2025-06-03,4.0
5.207999999998719,11.515012,2025-06-03,5.0
25.2880000000005,25.728674,2025-06-03,6.0
30.07200000000012,22.490007,2025-06-03,7.0
6.28000000000146,6.7915163,2025-06-03,8.0
21.2500000000038,17.22219,2025-06-03,9.0
16.0,18.249271,2025-06-03,10.0
39.67199999999866,19.67706,2025-06-03,11.0
9.739999999997965,8.2085495,2025-06-03,12.0
10.8109999999981,11.847874,2025-06-03,13.0
29.23200000000361,22.516916,2025-06-03,14.0
11.0319999999992,12.811501,2025-06-03,15.0
12.888000000006286,10.075894,2025-06-03,16.0
6.06000000000131,4.9132447,2025-06-03,17.0
12.4800000000032,9.173116,2025-06-03,18.0
16.5,14.32692,2025-06-03,19.0
17.372000000003027,10.389113,2025-06-03,20.0
26.747999999999596,21.266247,2025-06-03,21.0
41.27200000000448,23.548767,2025-06-03,22.0
18.0,20.37963,2025-06-03,23.0
12.98399999999674,16.236235,2025-06-03,24.0
12.5880000000025,10.591566,2025-06-03,25.0
10.9000000000011,7.312378,2025-06-03,26.0
22.007999999994357,14.148812,2025-06-03,27.0
17.239999999997963,11.77932,2025-06-03,28.0
30.29200000000128,20.148918,2025-06-03,29.0
0.4279999999998836,7.5459747,2025-06-03,30.0
25.839999999996508,23.685884,2025-06-03,31.0
35.288000000000466,27.2028,2025-06-03,32.0
10.695999999996276,10.5304,2025-06-03,33.0
12.8109999999981,12.819351,2025-06-03,34.0
45.18000000000029,33.68467,2025-06-03,35.0
18.20000000000437,15.957768,2025-06-03,36.0
29.263999999995576,21.958971,2025-06-03,37.0
16.63000000000102,11.389277,2025-06-03,38.0
10.8199999999997,13.183423,2025-06-03,39.0
13.372000000003029,9.638905,2025-06-04,1.0
36.04799999999523,21.442581,2025-06-04,2.0
18.50800000000163,16.393667,2025-06-04,3.0
22.736000000004424,19.115393,2025-06-04,4.0
1.6880000000019209,12.904767,2025-06-04,5.0
38.18000000000029,30.035164,2025-06-04,6.0
33.54399999999441,25.732708,2025-06-04,7.0
14.8628000000014,6.9193764,2025-06-04,8.0
24.27999999999884,20.761133,2025-06-04,9.0
26.919999999998254,20.088257,2025-06-04,10.0
38.36000000000058,26.96578,2025-06-04,11.0
14.2500000000001,8.585278,2025-06-04,12.0
26.77999999999884,15.126952,2025-06-04,13.0
26.288000000000466,26.022303,2025-06-04,14.0
17.175999999999476,16.877213,2025-06-04,15.0
25.247999999999596,10.556564,2025-06-04,16.0
6.28000000000146,5.322464,2025-06-04,17.0
23.167999999997846,10.398246,2025-06-04,18.0
23.80000000000291,16.028519,2025-06-04,19.0
13.1199999999962,11.4226465,2025-06-04,20.0
26.8628000000014,22.819105,2025-06-04,21.0
19.88799999999901,24.454287,2025-06-04,22.0
29.43999999999505,21.609217,2025-06-04,23.0
29.548000000002503,17.575012,2025-06-04,24.0
12.680000000000293,9.298501,2025-06-04,25.0
13.87999999999738,8.890837,2025-06-04,26.0
20.720000000001164,17.001585,2025-06-04,27.0
28.5199999999968,13.153352,2025-06-04,28.0
30.23245,24.47553,2025-06-04,29.0
12.98399999999674,7.502044,2025-06-04,30.0
37.2628000000101,26.955875,2025-06-04,31.0
35.88000000000466,29.995277,2025-06-04,32.0
18.23200000000361,10.228581,2025-06-04,33.0
17.968000000000757,15.659401,2025-06-04,34.0
38.59999999999855,37.49854,2025-06-04,35.0
22.719999999993888,15.5451355,2025-06-04,36.0
25.1680000000051,27.538599,2025-06-04,37.0
23.1000000000006,14.060258,2025-06-04,38.0
20.807999999997264,13.939494,2025-06-04,39.0
12.307999999997264,11.218995,2025-06-05,1.0
32.628000000014,24.476007,2025-06-05,2.0
27.239999999997963,19.267788,2025-06-05,3.0
31.319999999992437,24.82174,2025-06-05,4.0
2.26280000000285,15.809757,2025-06-05,5.0
52.33999999999651,28.75663,2025-06-05,6.0
31.255999999993943,30.529518,2025-06-05,7.0
5.32800000000125,11.783177,2025-06-05,8.0
21.47200000000157,23.71449,2025-06-05,9.0
16.2500000000038,20.113781,2025-06-05,10.0
35.61999999999534,33.26057,2025-06-05,11.0
10.430000000000293,10.552265,2025-06-05,12.0
10.9279999999999,16.95877,2025-06-05,13.0
32.791999999994005,29.801844,2025-06-05,14.0
20.743999999998778,16.803696,2025-06-05,15.0
14.67199999999866,13.211989,2025-06-05,16.0
4.779999999998836,6.536016,2025-06-05,17.0
14.67199999999866,11.95368,2025-06-05,18.0
22.299999999999272,18.440224,2025-06-05,19.0
17.847999999998137,15.075374,2025-06-05,20.0
27.6559999999954,27.351881,2025-06-05,21.0
20.17199999999866,26.83619,2025-06-05,22.0
23.1120000000018,22.630848,2025-06-05,23.0
32.26000000000204,18.455698,2025-06-05,24.0
10.5879999999961,12.181938,2025-06-05,25.0
20.192000000002736,11.8548565,2025-06-05,26.0
21.12000000000262,19.433273,2025-06-05,27.0
24.9800000000032,16.1683,2025-06-05,28.0
28.360000000000586,27.543846,2025-06-05,29.0
19.09599999999773,6.909885,2025-06-05,30.0
42.1199999999889,31.331966,2025-06-05,31.0
44.63199999999779,36.370556,2025-06-05,32.0
9.831999999994878,11.713521,2025-06-05,33.0
22.0880000000025,18.44939,2025-06-05,34.0
47.59199999999692,45.34813,2025-06-05,35.0
24.460000000006403,17.80346,2025-06-05,36.0
39.19999999999709,28.964367,2025-06-05,37.0
9.239999999997965,15.71163,2025-06-05,38.0
18.3028000000037,15.859354,2025-06-05,39.0
10.0599999999977,9.214949,2025-06-06,1.0
21.223999999987427,21.516373,2025-06-06,2.0
14.468000000000757,16.587435,2025-06-06,3.0
28.00800000000163,19.823313,2025-06-06,4.0
10.907999999995807,11.745817,2025-06-06,5.0
43.5679999999993,27.860588,2025-06-06,6.0
24.5828000000026,25.462404,2025-06-06,7.0
3.591999999996915,12.2811,2025-06-06,8.0
25.987999999997555,18.98136,2025-06-06,9.0
17.20799999999872,21.02704,2025-06-06,10.0
30.548000000002503,27.231802,2025-06-06,11.0
8.56000000000131,10.147627,2025-06-06,12.0
11.372000000003,16.307579,2025-06-06,13.0
31.855999999999767,24.724087,2025-06-06,14.0
16.247999999999593,14.523656,2025-06-06,15.0
14.9109999999966,13.75395,2025-06-06,16.0
5.3299999999981,5.8840575,2025-06-06,17.0
7.72000000000106,11.913197,2025-06-06,18.0
18.919999999998254,16.180191,2025-06-06,19.0
13.580000000001746,12.60786,2025-06-06,20.0
31.8280000000038,23.173607,2025-06-06,21.0
22.70000000000437,21.57049,2025-06-06,22.0
30.360000000000586,18.712088,2025-06-06,23.0
26.839999999996508,18.30238,2025-06-06,24.0
16.252000000000407,11.323926,2025-06-06,25.0
10.147999999993772,11.041888,2025-06-06,26.0
18.0,15.898639,2025-06-06,27.0
18.987999999997555,17.041721,2025-06-06,28.0
18.747999999999596,24.13865,2025-06-06,29.0
8.632000000005064,12.971915,2025-06-06,30.0
24.07200000000012,25.842907,2025-06-06,31.0
35.27999999999884,30.743225,2025-06-06,32.0
12.9360000000011,12.060368,2025-06-06,33.0
12.1199999999962,13.503876,2025-06-06,34.0
29.455999999998312,37.76726,2025-06-06,35.0
20.619999999995343,15.538783,2025-06-06,36.0
16.328000000008615,25.405695,2025-06-06,37.0
17.389999999999418,13.6591215,2025-06-06,38.0
24.720000000001164,14.801223,2025-06-06,39.0
10.7799999999988,11.269127,2025-06-07,1.0
21.927999999999884,24.780388,2025-06-07,2.0
23.959999999999127,19.237123,2025-06-07,3.0
19.736000000004424,23.213749,2025-06-07,4.0
2.628000000004249,14.576878,2025-06-07,5.0
31.4120000000039,27.519173,2025-06-07,6.0
25.4800000000105,28.507387,2025-06-07,7.0
7.948000000003958,11.090641,2025-06-07,8.0
25.747999999999596,22.339098,2025-06-07,9.0
18.76000000000204,22.471592,2025-06-07,10.0
36.59199999999692,31.044083,2025-06-07,11.0
16.19999999999709,10.968757,2025-06-07,12.0
12.75999999999476,15.956196,2025-06-07,13.0
23.692000000002736,27.633158,2025-06-07,14.0
18.099999999998545,16.45581,2025-06-07,15.0
10.096000000005,13.434924,2025-06-07,16.0
5.420000000001892,6.391058,2025-06-07,17.0
3.0800000000017462,13.382583,2025-06-07,18.0
19.9900000000016,17.33443,2025-06-07,19.0
17.37999999999738,14.567342,2025-06-07,20.0
19.752000000000407,26.37488,2025-06-07,21.0
23.27999999999884,23.110125,2025-06-07,22.0
11.3919999999998,19.445658,2025-06-07,23.0
16.68000000000029,20.243267,2025-06-07,24.0
10.7320000000036,11.268365,2025-06-07,25.0
7.692000000002736,14.742489,2025-06-07,26.0
18.19999999999709,18.215881,2025-06-07,27.0
16.919999999998254,19.60368,2025-06-07,28.0
7.72000000000106,25.973995,2025-06-07,29.0
2.4199999999982538,18.584246,2025-06-07,30.0
38.60800000000745,30.120905,2025-06-07,31.0
55.80000000000291,34.194984,2025-06-07,32.0
8.552000000003318,11.632151,2025-06-07,33.0
12.760000000002035,16.009424,2025-06-07,34.0
28.852000000006228,40.852036,2025-06-07,35.0
21.739999999997963,18.79451,2025-06-07,36.0
35.19199999999546,27.388744,2025-06-07,37.0
17.62000000000262,15.741663,2025-06-07,38.0
21.239999999997963,16.320215,2025-06-07,39.0
12.932000000000698,9.521729,2025-06-08,1.0
17.2720000000108,22.498192,2025-06-08,2.0
17.60000000000582,17.973995,2025-06-08,3.0
25.671999999991385,24.301157,2025-06-08,4.0
12.391999999999824,14.371493,2025-06-08,5.0
32.307999999997264,29.732252,2025-06-08,6.0
30.863999999986845,26.643154,2025-06-08,7.0
12.1199999999962,8.701521,2025-06-08,8.0
24.8109999999981,22.428926,2025-06-08,9.0
21.39999999999418,19.117245,2025-06-08,10.0
32.7280000000052,29.561266,2025-06-08,11.0
10.7800000000025,8.779834,2025-06-08,12.0
13.380000000004657,16.408278,2025-06-08,13.0
31.667999999997846,26.876907,2025-06-08,14.0
20.372000000003027,14.905145,2025-06-08,15.0
14.5028000000008,12.578526,2025-06-08,16.0
6.369999999998981,4.7273417,2025-06-08,17.0
7.048000000002503,12.514062,2025-06-08,18.0
22.61999999999898,16.103544,2025-06-08,19.0
16.580000000001746,12.879479,2025-06-08,20.0
31.919999999998254,25.92578,2025-06-08,21.0
26.4320000000007,21.536596,2025-06-08,22.0
24.80000000000291,21.537151,2025-06-08,23.0
25.26000000000204,21.006483,2025-06-08,24.0
16.135999999998603,10.474018,2025-06-08,25.0
12.448000000003958,12.641582,2025-06-08,26.0
16.172000000005937,16.555555,2025-06-08,27.0
17.9120000000039,16.98545,2025-06-08,28.0
14.799999999995634,23.039984,2025-06-08,29.0
0.0,12.698219,2025-06-08,30.0
28.4879999999976,28.874353,2025-06-08,31.0
51.70399999999791,35.723236,2025-06-08,32.0
6.559999999997672,11.175362,2025-06-08,33.0
17.4320000000007,15.160486,2025-06-08,34.0
36.87999999999738,37.01751,2025-06-08,35.0
25.1120000000018,17.571592,2025-06-08,36.0
23.736000000004424,25.208128,2025-06-08,37.0
19.07999999999811,13.973167,2025-06-08,38.0
17.855999999999767,17.899996,2025-06-08,39.0
9.788000000000466,9.355761,2025-06-09,1.0
20.44799999998941,22.98952,2025-06-09,2.0
18.66399999999703,19.018438,2025-06-09,3.0
22.99199999999837,22.024307,2025-06-09,4.0
9.127999999996971,13.850339,2025-06-09,5.0
46.73200000000361,29.55722,2025-06-09,6.0
31.37600000000384,27.245714,2025-06-09,7.0
10.108000000000176,11.540253,2025-06-09,8.0
20.29200000000128,20.982485,2025-06-09,9.0
25.102000000001,18.829578,2025-06-09,10.0
36.08000000000175,30.073349,2025-06-09,11.0
10.8799999999974,9.444712,2025-06-09,12.0
11.2880000000005,13.546347,2025-06-09,13.0
32.9120000000039,26.280037,2025-06-09,14.0
17.167999999997846,14.114388,2025-06-09,15.0
10.2879999999932,12.6241455,2025-06-09,16.0
4.799999999999272,3.8610718,2025-06-09,17.0
12.98399999999674,10.251767,2025-06-09,18.0
22.31000000000131,16.2094,2025-06-09,19.0
13.7280000000052,11.549082,2025-06-09,20.0
29.9280000000023,22.80312,2025-06-09,21.0
32.799999999995634,20.774668,2025-06-09,22.0
32.19999999999709,18.718933,2025-06-09,23.0
23.307999999997264,18.280073,2025-06-09,24.0
10.551999999996042,10.669226,2025-06-09,25.0
10.20799999999872,10.806281,2025-06-09,26.0
16.619999999995343,16.263948,2025-06-09,27.0
12.32800000000134,15.641994,2025-06-09,28.0
29.872000000003027,19.397312,2025-06-09,29.0
6.707999999998719,6.9814262,2025-06-09,30.0
28.263999999995576,30.554125,2025-06-09,31.0
33.7109999999995,31.995049,2025-06-09,32.0
10.9120000000039,9.23849,2025-06-09,33.0
11.1920000000027,13.924692,2025-06-09,34.0
43.12000000000262,38.902485,2025-06-09,35.0
19.548000000002503,16.634584,2025-06-09,36.0
20.57600000000093,27.77415,2025-06-09,37.0
11.0900000000001,13.241957,2025-06-09,38.0
21.222800000002,15.974539,2025-06-09,39.0
10.880000000004657,9.435822,2025-06-10,1.0
17.648000000001048,20.732605,2025-06-10,2.0
19.44799999999668,16.370323,2025-06-10,3.0
22.3828000000055,20.26144,2025-06-10,4.0
7.752000000000407,12.571357,2025-06-10,5.0
32.099999999998545,26.38836,2025-06-10,6.0
30.487999999997555,24.102888,2025-06-10,7.0
8.031999999999243,8.2154665,2025-06-10,8.0
23.135999999998603,19.152166,2025-06-10,9.0
20.192000000002736,16.522179,2025-06-10,10.0
37.07999999999447,24.176508,2025-06-10,11.0
10.5300000000025,9.377024,2025-06-10,12.0
11.3600000000006,13.720631,2025-06-10,13.0
32.76799999999639,23.422396,2025-06-10,14.0
14.4800000000032,14.433227,2025-06-10,15.0
5.28800000000309,11.478163,2025-06-10,16.0
6.81000000000131,4.0035987,2025-06-10,17.0
21.919999999998254,9.473124,2025-06-10,18.0
19.139999999999414,14.799649,2025-06-10,19.0
18.05999999999767,11.544532,2025-06-10,20.0
25.49199999999837,23.059422,2025-06-10,21.0
20.65600000000268,17.951164,2025-06-10,22.0
24.720000000001164,15.194643,2025-06-10,23.0
17.599999999998545,17.880606,2025-06-10,24.0
10.1200000000026,9.927467,2025-06-10,25.0
11.3319999999949,10.160892,2025-06-10,26.0
17.660000000003492,14.785591,2025-06-10,27.0
13.639999999999418,14.3010845,2025-06-10,28.0
31.68000000000029,15.122342,2025-06-10,29.0
0.0,4.8780046,2025-06-10,30.0
35.136000000013155,26.115849,2025-06-10,31.0
28.8000000000029,29.315815,2025-06-10,32.0
16.135999999998603,8.255936,2025-06-10,33.0
13.959999999999129,12.1879635,2025-06-10,34.0
33.299999999995634,36.146114,2025-06-10,35.0
18.860000000000586,15.347179,2025-06-10,36.0
27.07200000000012,24.188086,2025-06-10,37.0
20.06999999999971,12.3277645,2025-06-10,38.0
16.1199999999962,14.97991,2025-06-10,39.0
10.4399999999951,12.056609,2025-06-11,1.0
20.648000000001048,24.834612,2025-06-11,2.0
20.1280000000067,21.010714,2025-06-11,3.0
28.23200000000361,26.414804,2025-06-11,4.0
10.2079999999987,15.285358,2025-06-11,5.0
39.81999999999971,28.149534,2025-06-11,6.0
28.09600000000501,29.773058,2025-06-11,7.0
10.7109999999995,9.562372,2025-06-11,8.0
13.1428000000002,24.624102,2025-06-11,9.0
19.839999999996508,21.521713,2025-06-11,10.0
29.548000000002503,31.676497,2025-06-11,11.0
10.1899999999987,11.989077,2025-06-11,12.0
9.799999999995634,17.41057,2025-06-11,13.0
33.4800000000032,29.134716,2025-06-11,14.0
17.099999999998545,17.813549,2025-06-11,15.0
21.55200000000332,14.31789,2025-06-11,16.0
7.22000000000106,5.900376,2025-06-11,17.0
17.760000000002037,12.27195,2025-06-11,18.0
21.299999999999272,20.157345,2025-06-11,19.0
17.4109999999966,14.657314,2025-06-11,20.0
25.919999999998254,29.065199,2025-06-11,21.0
8.21099999999953,25.51656,2025-06-11,22.0
31.97599999999511,22.696093,2025-06-11,23.0
25.5600000000049,23.820269,2025-06-11,24.0
9.69999999999709,12.10967,2025-06-11,25.0
9.62000000000262,12.368393,2025-06-11,26.0
17.979999999995925,19.011229,2025-06-11,27.0
18.4320000000007,17.764505,2025-06-11,28.0
32.271999999997206,21.405125,2025-06-11,29.0
6.512000000002445,13.311323,2025-06-11,30.0
29.57599999998638,32.73022,2025-06-11,31.0
38.42399999999907,37.748966,2025-06-11,32.0
19.87199999999575,11.120781,2025-06-11,33.0
14.327999999994065,16.345146,2025-06-11,34.0
45.419999999998254,37.74154,2025-06-11,35.0
23.231999999996333,21.20086,2025-06-11,36.0
31.055999999996857,27.890463,2025-06-11,37.0
19.51000000000204,15.693343,2025-06-11,38.0
18.76000000000204,21.357862,2025-06-11,39.0
8.819999999999709,12.858806,2025-06-12,1.0
23.19199999999546,28.29328,2025-06-12,2.0
18.25199999999313,23.914042,2025-06-12,3.0
32.52799999999115,28.011574,2025-06-12,4.0
12.0280000000009,18.032967,2025-06-12,5.0
39.31999999999971,33.41692,2025-06-12,6.0
29.047999999995227,31.382315,2025-06-12,7.0
10.296000000002095,9.976573,2025-06-12,8.0
14.247999999999593,26.102165,2025-06-12,9.0
8.248000000006869,21.937944,2025-06-12,10.0
38.9320000000007,33.741386,2025-06-12,11.0
10.520000000000437,11.451464,2025-06-12,12.0
10.0,16.311703,2025-06-12,13.0
25.0319999999992,31.149897,2025-06-12,14.0
14.599999999998545,19.806509,2025-06-12,15.0
1.7919999999940046,13.432096,2025-06-12,16.0
4.849999999998545,6.8502455,2025-06-12,17.0
10.4279999999999,13.988129,2025-06-12,18.0
27.0,20.702047,2025-06-12,19.0
11.2000000000044,16.130566,2025-06-12,20.0
29.495999999999185,29.191656,2025-06-12,21.0
38.87999999999738,24.009945,2025-06-12,22.0
25.53200000000652,22.954762,2025-06-12,23.0
18.27999999999884,24.878183,2025-06-12,24.0
10.42000000000553,12.681899,2025-06-12,25.0
17.30000000000291,13.374695,2025-06-12,26.0
11.9599999999991,18.876953,2025-06-12,27.0
17.239999999997963,18.710192,2025-06-12,28.0
27.247999999999596,24.016787,2025-06-12,29.0
3.099999999998545,11.726941,2025-06-12,30.0
36.67200000000594,33.426003,2025-06-12,31.0
43.36000000000058,41.70627,2025-06-12,32.0
18.2500000000038,12.431958,2025-06-12,33.0
17.048000000002503,18.284332,2025-06-12,34.0
25.5880000000025,37.769783,2025-06-12,35.0
26.44800000000396,21.7392,2025-06-12,36.0
23.055999999996857,29.38816,2025-06-12,37.0
13.5099999999984,16.567602,2025-06-12,38.0
16.1199999999962,21.480896,2025-06-12,39.0
6.639999999999418,11.217554,2025-06-13,1.0
13.992000000012922,19.724045,2025-06-13,2.0
9.92000000000553,17.872023,2025-06-13,3.0
23.19200000001001,23.449093,2025-06-13,4.0
4.391999999999825,10.964858,2025-06-13,5.0
24.891999999999825,23.616226,2025-06-13,6.0
18.960000000006403,24.77052,2025-06-13,7.0
7.952000000004773,9.443679,2025-06-13,8.0
10.3280000000013,19.584463,2025-06-13,9.0
24.64799999999377,20.377888,2025-06-13,10.0
23.531999999999243,26.218452,2025-06-13,11.0
7.450000000000728,9.795387,2025-06-13,12.0
20.880000000004657,12.772573,2025-06-13,13.0
23.648000000001048,25.850313,2025-06-13,14.0
9.4800000000032,16.354053,2025-06-13,15.0
10.3919999999962,12.475732,2025-06-13,16.0
7.900000000001455,6.0659366,2025-06-13,17.0
10.160000000003492,12.302922,2025-06-13,18.0
19.65999999999985,16.996815,2025-06-13,19.0
10.8079999999973,13.469212,2025-06-13,20.0
11.2628000000029,24.57533,2025-06-13,21.0
16.132000000005064,18.593382,2025-06-13,22.0
22.67999999999301,19.810787,2025-06-13,23.0
13.49199999999837,19.591963,2025-06-13,24.0
6.5679999999993015,11.376353,2025-06-13,25.0
6.239999999997963,10.853962,2025-06-13,26.0
10.720000000001164,15.685432,2025-06-13,27.0
16.752000000000407,14.72018,2025-06-13,28.0
24.32800000000134,19.31395,2025-06-13,29.0
3.868000000002212,9.800354,2025-06-13,30.0
13.8628000000014,26.8554,2025-06-13,31.0
29.96799999999348,33.99475,2025-06-13,32.0
8.080000000001746,12.17671,2025-06-13,33.0
11.4320000000007,13.532428,2025-06-13,34.0
25.3028000000037,31.1315,2025-06-13,35.0
13.5199999999968,17.57956,2025-06-13,36.0
19.296000000002092,23.288946,2025-06-13,37.0
9.319999999999707,13.847068,2025-06-13,38.0
12.88799999999901,17.554867,2025-06-13,39.0
6.5680000000065775,11.962727,2025-06-14,1.0
10.6719999999914,23.14184,2025-06-14,2.0
11.5079999999944,21.61117,2025-06-14,3.0
24.6079999999929,25.186258,2025-06-14,4.0
6.560000000004948,11.587481,2025-06-14,5.0
18.296000000002092,32.83232,2025-06-14,6.0
11.1120000000018,29.673775,2025-06-14,7.0
9.219999999993888,11.067624,2025-06-14,8.0
18.3839999999982,20.328049,2025-06-14,9.0
22.9428000000031,19.69367,2025-06-14,10.0
30.228000000002798,30.898329,2025-06-14,11.0
8.5,11.101307,2025-06-14,12.0
10.679999999993017,13.541588,2025-06-14,13.0
24.959999999999127,29.418154,2025-06-14,14.0
8.971999999994296,18.572714,2025-06-14,15.0
16.1199999999999,8.855367,2025-06-14,16.0
7.75,6.440161,2025-06-14,17.0
5.307999999997264,12.82963,2025-06-14,18.0
6.82800000000011,20.485365,2025-06-14,19.0
9.279999999998836,14.908589,2025-06-14,20.0
17.639999999999418,27.593472,2025-06-14,21.0
23.5707927754136,23.657745,2025-06-14,22.0
11.9320000000007,23.026024,2025-06-14,23.0
12.760000000002035,21.691757,2025-06-14,24.0
7.18280000000101,12.396766,2025-06-14,25.0
8.531999999999243,11.424018,2025-06-14,26.0
10.512000000002445,17.35617,2025-06-14,27.0
10.527999999998428,16.82484,2025-06-14,28.0
21.512000000002445,23.41067,2025-06-14,29.0
0.710999999999525,8.693326,2025-06-14,30.0
32.24799999999232,32.42798,2025-06-14,31.0
27.1020000000083,40.323345,2025-06-14,32.0
10.6599999999962,13.110357,2025-06-14,33.0
10.9800000000032,15.759557,2025-06-14,34.0
25.93599999999424,33.195446,2025-06-14,35.0
10.7920000000013,21.607153,2025-06-14,36.0
11.2719999999972,26.175306,2025-06-14,37.0
9.28000000000146,16.170395,2025-06-14,38.0
10.03200000000652,20.268724,2025-06-14,39.0
5.25399999999732,11.66376,2025-06-15,1.0
10.1828000000084,21.393938,2025-06-15,2.0
10.520000000004076,18.906357,2025-06-15,3.0
22.0,24.542715,2025-06-15,4.0
8.647999999993772,12.170625,2025-06-15,5.0
29.223999999994703,28.872889,2025-06-15,6.0
21.648000000001048,27.819254,2025-06-15,7.0
6.25000000000378,11.061075,2025-06-15,8.0
17.0,18.621504,2025-06-15,9.0
6.987999999997555,21.532959,2025-06-15,10.0
25.859999999993303,29.202587,2025-06-15,11.0
6.450000000000728,11.01452,2025-06-15,12.0
11.0,15.337789,2025-06-15,13.0
19.05199999999604,28.804222,2025-06-15,14.0
6.7479999999995925,17.454988,2025-06-15,15.0
10.4480000000003,12.0216255,2025-06-15,16.0
4.719999999997526,7.591909,2025-06-15,17.0
6.451999999997497,13.735316,2025-06-15,18.0
20.079999999999927,20.895815,2025-06-15,19.0
6.819999999999709,14.54901,2025-06-15,20.0
14.87999999999738,25.761333,2025-06-15,21.0
22.44799999999668,23.399855,2025-06-15,22.0
16.0,22.082922,2025-06-15,23.0
7.860000000000582,20.093037,2025-06-15,24.0
5.73599999999711,11.203288,2025-06-15,25.0
6.908000000003085,11.697298,2025-06-15,26.0
9.927999999999884,16.897243,2025-06-15,27.0
10.0,17.622393,2025-06-15,28.0
19.05999999999767,24.40372,2025-06-15,29.0
7.059999999997672,11.118934,2025-06-15,30.0
17.3920000000071,28.918482,2025-06-15,31.0
21.79200000000128,37.518604,2025-06-15,32.0
7.71099999999953,12.886067,2025-06-15,33.0
4.947999999996682,16.893337,2025-06-15,34.0
16.880000000004657,33.37092,2025-06-15,35.0
7.135999999998603,20.44812,2025-06-15,36.0
21.888000000006286,26.563032,2025-06-15,37.0
7.739999999997963,16.083607,2025-06-15,38.0
7.775999999998021,18.851234,2025-06-15,39.0
5.0,8.955354,2025-06-16,1.0
10.0,17.547438,2025-06-16,2.0
10.0,17.499355,2025-06-16,3.0
24.0,24.619873,2025-06-16,4.0
8.0,8.953097,2025-06-16,5.0
30.0,26.961887,2025-06-16,6.0
20.0,23.448183,2025-06-16,7.0
7.0,8.468259,2025-06-16,8.0
11.0,18.478607,2025-06-16,9.0
7.235,20.119928,2025-06-16,10.0
25.0,28.294971,2025-06-16,11.0
7.0,8.523186,2025-06-16,12.0
18.4232300395354,12.943219,2025-06-16,13.0
20.0,27.44132,2025-06-16,14.0
7.859999999996944,14.385389,2025-06-16,15.0
10.223999999994705,10.463411,2025-06-16,16.0
6.22599999999876,5.766603,2025-06-16,17.0
5.879999999997381,13.250567,2025-06-16,18.0
18.52499999999964,17.933094,2025-06-16,19.0
13.602800000003,12.150979,2025-06-16,20.0
27.080000000001743,22.750591,2025-06-16,21.0
11.6942202549845,21.648874,2025-06-16,22.0
26.62999999999738,22.00194,2025-06-16,23.0
17.37800000000061,18.169329,2025-06-16,24.0
9.727999999999156,8.891054,2025-06-16,25.0
7.0,9.113504,2025-06-16,26.0
17.2559999999977,14.122697,2025-06-16,27.0
13.7664721110554,13.951234,2025-06-16,28.0
29.495999999999185,23.886425,2025-06-16,29.0
5.53199999999924,9.425989,2025-06-16,30.0
31.78399999999965,29.233604,2025-06-16,31.0
38.0639999999984,30.361113,2025-06-16,32.0
6.5,11.121011,2025-06-16,33.0
14.582000000002154,14.047381,2025-06-16,34.0
44.81000000000131,32.063744,2025-06-16,35.0
18.3928000000002,17.923937,2025-06-16,36.0
27.3839999999982,22.853228,2025-06-16,37.0
8.0,11.95926,2025-06-16,38.0
16.978000000002794,15.248564,2025-06-16,39.0
