actual,prediction,timestamp,house_id
8.748,9.277988,2024-09-18,1.0
13.11,9.392736,2024-09-19,1.0
8.232,9.25243,2024-09-20,1.0
11.112,9.022316,2024-09-21,1.0
8.36,9.557931,2024-09-22,1.0
2.948,8.883663,2024-09-23,1.0
4.868,9.325141,2024-09-24,1.0
16.452,8.584544,2024-09-25,1.0
10.092,8.9502735,2024-09-26,1.0
17.728,9.799084,2024-09-27,1.0
14.86,9.189674,2024-09-28,1.0
8.34,10.70807,2024-09-29,1.0
9.028,10.697165,2024-09-30,1.0
17.28,10.800332,2024-10-01,1.0
5.992,12.094219,2024-10-02,1.0
19.64,13.539651,2024-10-03,1.0
9.056,14.335086,2024-10-04,1.0
7.352,12.2257805,2024-10-05,1.0
24.78,13.531816,2024-10-06,1.0
7.972,12.250763,2024-10-07,1.0
8.428,14.144873,2024-10-08,1.0
12.06,13.598385,2024-10-09,1.0
16.248,13.285749,2024-10-10,1.0
8.532,12.002892,2024-10-11,1.0
10.06,12.448041,2024-10-12,1.0
10.232,12.630367,2024-10-13,1.0
18.448,11.329202,2024-10-14,1.0
12.82,12.446246,2024-10-15,1.0
10.25,12.8857,2024-10-16,1.0
8.74,13.33053,2024-10-17,1.0
12.08,13.122462,2024-10-18,1.0
11.64,12.559106,2024-10-19,1.0
5.42,12.683977,2024-10-20,1.0
11.18,11.850428,2024-10-21,1.0
21.64,10.887106,2024-10-22,1.0
10.25,10.93787,2024-10-23,1.0
10.552,12.9705515,2024-10-24,1.0
10.32,14.065973,2024-10-25,1.0
17.976,12.259285,2024-10-26,1.0
11.272,12.069611,2024-10-27,1.0
5.311,12.391026,2024-10-28,1.0
11.008,12.245022,2024-10-29,1.0
11.928,11.804836,2024-10-30,1.0
6.311,13.342101,2024-10-31,1.0
26.528,13.344685,2024-11-01,1.0
5.068,12.334015,2024-11-02,1.0
14.9828,13.939928,2024-11-03,1.0
7.228,13.827808,2024-11-04,1.0
36.788,14.744427,2024-11-05,1.0
20.552,14.111265,2024-11-06,1.0
8.752,16.719076,2024-11-07,1.0
6.828,18.88051,2024-11-08,1.0
14.852,16.314203,2024-11-09,1.0
24.468,16.344275,2024-11-10,1.0
7.508,14.601463,2024-11-11,1.0
22.6,17.321587,2024-11-12,1.0
7.472,17.24775,2024-11-13,1.0
10.48,18.847925,2024-11-14,1.0
10.232,18.37012,2024-11-15,1.0
31.656,16.144949,2024-11-16,1.0
16.464,16.29693,2024-11-17,1.0
7.628,16.221048,2024-11-18,1.0
25.84,18.78861,2024-11-19,1.0
8.2,17.471392,2024-11-20,1.0
7.98,19.255798,2024-11-21,1.0
7.608,19.185186,2024-11-22,1.0
21.064445,16.815989,2024-11-23,1.0
20.35861,15.247794,2024-11-24,1.0
14.498066,15.478832,2024-11-25,1.0
20.126177,17.781,2024-11-26,1.0
24.001265,16.951872,2024-11-27,1.0
17.172037,19.351889,2024-11-28,1.0
19.374487,21.396986,2024-11-29,1.0
17.0232,19.481304,2024-11-30,1.0
11.0,19.216919,2024-12-01,1.0
22.328,19.16374,2024-12-02,1.0
36.28,20.773535,2024-12-03,1.0
19.011,20.33291,2024-12-04,1.0
14.28,23.14374,2024-12-05,1.0
20.268,24.78639,2024-12-06,1.0
12.472,22.288422,2024-12-07,1.0
12.52,22.259525,2024-12-08,1.0
22.68,20.075632,2024-12-09,1.0
20.36,20.130497,2024-12-10,1.0
21.232,21.531574,2024-12-11,1.0
21.72,21.794498,2024-12-12,1.0
23.448,21.297653,2024-12-13,1.0
29.728,21.270926,2024-12-14,1.0
10.572,22.67895,2024-12-15,1.0
31.848,23.810709,2024-12-16,1.0
25.22,23.560934,2024-12-17,1.0
27.62,25.875544,2024-12-18,1.0
38.72,28.193346,2024-12-19,1.0
29.46,26.900217,2024-12-20,1.0
26.528,25.207003,2024-12-21,1.0
11.52,28.644789,2024-12-22,1.0
18.032,31.762474,2024-12-23,1.0
37.608,29.086645,2024-12-24,1.0
41.44,28.266058,2024-12-25,1.0
14.632,27.09706,2024-12-26,1.0
28.728,26.499899,2024-12-27,1.0
18.3,27.476719,2024-12-28,1.0
17.7,27.524067,2024-12-29,1.0
36.312,26.638422,2024-12-30,1.0
13.828,27.073465,2024-12-31,1.0
25.8,27.126383,2025-01-01,1.0
25.24,25.875525,2025-01-02,1.0
23.25,25.457205,2025-01-03,1.0
23.032,25.024042,2025-01-04,1.0
42.428,26.021381,2025-01-05,1.0
27.132,24.678179,2025-01-06,1.0
26.496,24.943232,2025-01-07,1.0
41.64,28.323605,2025-01-08,1.0
52.3028,26.904516,2025-01-09,1.0
11.24,28.414541,2025-01-10,1.0
28.888,30.221617,2025-01-11,1.0
21.208,33.57602,2025-01-12,1.0
21.24,29.268425,2025-01-13,1.0
30.384,30.104124,2025-01-14,1.0
35.808,31.054253,2025-01-15,1.0
11.78,26.770056,2025-01-16,1.0
31.092,28.294218,2025-01-17,1.0
22.096,28.17077,2025-01-18,1.0
14.9428,27.004961,2025-01-19,1.0
18.896,27.587282,2025-01-20,1.0
22.5028,25.011953,2025-01-21,1.0
27.708,24.9158,2025-01-22,1.0
16.28,22.568283,2025-01-23,1.0
24.48,25.050884,2025-01-24,1.0
16.012,23.262627,2025-01-25,1.0
22.936,23.34558,2025-01-26,1.0
8.36,23.62366,2025-01-27,1.0
16.172,22.675383,2025-01-28,1.0
26.52,22.260233,2025-01-29,1.0
13.932,20.747263,2025-01-30,1.0
17.456,22.41337,2025-01-31,1.0
22.432,21.546198,2025-02-01,1.0
14.7,19.320541,2025-02-02,1.0
23.892,18.958149,2025-02-03,1.0
14.428,19.86431,2025-02-04,1.0
29.132,19.430738,2025-02-05,1.0
9.728,20.774275,2025-02-06,1.0
26.11,21.861204,2025-02-07,1.0
19.568,20.79278,2025-02-08,1.0
11.464,21.68374,2025-02-09,1.0
9.056,20.866781,2025-02-10,1.0
41.024,19.961802,2025-02-11,1.0
6.96,20.112534,2025-02-12,1.0
24.068,20.394468,2025-02-13,1.0
17.66,23.073069,2025-02-14,1.0
22.62,20.332266,2025-02-15,1.0
17.56,19.719652,2025-02-16,1.0
10.84,20.393312,2025-02-17,1.0
23.772,20.755362,2025-02-18,1.0
22.536,17.252298,2025-02-19,1.0
14.852,19.483652,2025-02-20,1.0
8.028,18.880846,2025-02-21,1.0
20.36,18.805773,2025-02-22,1.0
16.0,18.378756,2025-02-23,1.0
29.052,18.766624,2025-02-24,1.0
21.088,19.07498,2025-02-25,1.0
25.808,19.595934,2025-02-26,1.0
9.064,20.367392,2025-02-27,1.0
6.76,20.328941,2025-02-28,1.0
12.128,20.816545,2025-03-01,1.0
23.228,16.74911,2025-03-02,1.0
12.872,15.22993,2025-03-03,1.0
6.812,15.864213,2025-03-04,1.0
19.464,17.546278,2025-03-05,1.0
6.576,16.150192,2025-03-06,1.0
11.172,17.109028,2025-03-07,1.0
17.06,15.999727,2025-03-08,1.0
9.36,15.266997,2025-03-09,1.0
10.8,15.324669,2025-03-10,1.0
11.2,15.399494,2025-03-11,1.0
10.272,13.740089,2025-03-12,1.0
7.988,13.055648,2025-03-13,1.0
14.38,13.659433,2025-03-14,1.0
10.232,11.847787,2025-03-15,1.0
13.268,12.179155,2025-03-16,1.0
6.258,12.812658,2025-03-17,1.0
5.2628,11.520574,2025-03-18,1.0
14.28,12.238857,2025-03-19,1.0
7.12,12.2636385,2025-03-20,1.0
5.48,11.569334,2025-03-21,1.0
16.068,10.426045,2025-03-22,1.0
21.012,9.30435,2025-03-23,1.0
9.376,9.283704,2025-03-24,1.0
8.72,11.198414,2025-03-25,1.0
8.1828,12.259792,2025-03-26,1.0
7.536,12.665792,2025-03-27,1.0
22.08,11.856236,2025-03-28,1.0
6.984,11.066355,2025-03-29,1.0
10.468,11.558922,2025-03-30,1.0
10.38,11.585209,2025-03-31,1.0
12.232,11.31582,2025-04-01,1.0
6.508,11.216042,2025-04-02,1.0
12.972,10.603752,2025-04-03,1.0
14.64,10.286918,2025-04-04,1.0
6.068,10.384167,2025-04-05,1.0
7.2,10.982783,2025-04-06,1.0
10.148,10.116807,2025-04-07,1.0
5.9028,10.35862,2025-04-08,1.0
17.648,10.55181,2025-04-09,1.0
5.912,10.523006,2025-04-10,1.0
5.36,11.27533,2025-04-11,1.0
10.708,11.22337,2025-04-12,1.0
5.24,10.466234,2025-04-13,1.0
13.988,9.476627,2025-04-14,1.0
4.911,7.888053,2025-04-15,1.0
14.9,9.125558,2025-04-16,1.0
17.42,8.260878,2025-04-17,1.0
5.632,8.977011,2025-04-18,1.0
6.068,9.702492,2025-04-19,1.0
5.1,10.276754,2025-04-20,1.0
11.48,9.749157,2025-04-21,1.0
6.25,8.649652,2025-04-22,1.0
12.732,9.889044,2025-04-23,1.0
7.616,9.644686,2025-04-24,1.0
17.424,10.005382,2025-04-25,1.0
6.308,10.10018,2025-04-26,1.0
6.972,11.534842,2025-04-27,1.0
7.988,9.003424,2025-04-28,1.0
13.332,8.263197,2025-04-29,1.0
14.92,9.807032,2025-04-30,1.0
10.108,11.070967,2025-05-01,1.0
13.932,12.221798,2025-05-02,1.0
8.688,10.031307,2025-05-03,1.0
9.808,11.312912,2025-05-04,1.0
5.652,9.943867,2025-05-05,1.0
13.188,10.174004,2025-05-06,1.0
9.311,9.603758,2025-05-07,1.0
8.6,11.0418415,2025-05-08,1.0
14.3,11.250395,2025-05-09,1.0
10.528,9.672892,2025-05-10,1.0
8.288,11.174204,2025-05-11,1.0
8.052,7.5405807,2025-05-12,1.0
8.428,9.163963,2025-05-13,1.0
21.672,8.214302,2025-05-14,1.0
6.608,8.2812195,2025-05-15,1.0
8.352,11.079129,2025-05-16,1.0
14.928,9.658236,2025-05-17,1.0
10.48,9.347131,2025-05-18,1.0
13.58,10.004719,2025-05-19,1.0
14.06,9.73727,2025-05-20,1.0
14.42,10.285571,2025-05-21,1.0
10.272,11.28317,2025-05-22,1.0
12.468,12.369497,2025-05-23,1.0
10.028,11.334936,2025-05-24,1.0
10.992,11.831652,2025-05-25,1.0
13.208,11.07462,2025-05-26,1.0
10.784,10.127612,2025-05-27,1.0
16.448,12.542583,2025-05-28,1.0
7.86,12.53013,2025-05-29,1.0
7.908,13.525795,2025-05-30,1.0
8.96,9.776615,2025-05-31,1.0
4.592,8.33194,2025-06-01,1.0
10.448,7.780472,2025-06-02,1.0
8.532,7.4796834,2025-06-03,1.0
13.372,7.9556484,2025-06-04,1.0
12.308,8.162227,2025-06-05,1.0
10.06,10.254415,2025-06-06,1.0
10.78,9.194807,2025-06-07,1.0
12.932,8.709843,2025-06-08,1.0
9.788,8.361578,2025-06-09,1.0
10.88,8.73172,2025-06-10,1.0
10.44,10.280665,2025-06-11,1.0
8.82,10.922181,2025-06-12,1.0
6.64,11.030355,2025-06-13,1.0
6.568,9.443165,2025-06-14,1.0
5.254,8.831989,2025-06-15,1.0
5.0,8.065344,2025-06-16,1.0
8.102,10.895853,2024-09-18,2.0
14.511,11.205001,2024-09-19,2.0
10.32,10.803606,2024-09-20,2.0
30.068,10.614643,2024-09-21,2.0
14.46,10.932965,2024-09-22,2.0
5.0,12.911152,2024-09-23,2.0
6.472,14.726061,2024-09-24,2.0
9.08,14.404237,2024-09-25,2.0
32.696,14.305458,2024-09-26,2.0
36.76,13.345249,2024-09-27,2.0
24.452,14.713143,2024-09-28,2.0
18.308,18.07553,2024-09-29,2.0
14.0,20.105764,2024-09-30,2.0
30.1428,21.366678,2024-10-01,2.0
22.188,23.27299,2024-10-02,2.0
17.132,24.952507,2024-10-03,2.0
36.6,24.968853,2024-10-04,2.0
17.696,21.23228,2024-10-05,2.0
19.664,24.908587,2024-10-06,2.0
11.36,25.439465,2024-10-07,2.0
32.096,25.206934,2024-10-08,2.0
24.32,22.70519,2024-10-09,2.0
19.48,23.53029,2024-10-10,2.0
33.664,24.308218,2024-10-11,2.0
32.52,22.09809,2024-10-12,2.0
25.748,24.567122,2024-10-13,2.0
29.84,25.23482,2024-10-14,2.0
18.652,27.047812,2024-10-15,2.0
19.2,26.354605,2024-10-16,2.0
26.588,27.204697,2024-10-17,2.0
10.332,26.845179,2024-10-18,2.0
21.96,24.696442,2024-10-19,2.0
9.668,23.954868,2024-10-20,2.0
20.8,22.654325,2024-10-21,2.0
12.428,21.78964,2024-10-22,2.0
44.76,22.13933,2024-10-23,2.0
29.832,21.767138,2024-10-24,2.0
26.32,23.703333,2024-10-25,2.0
20.808,25.705774,2024-10-26,2.0
36.944,25.39725,2024-10-27,2.0
24.32,24.56198,2024-10-28,2.0
44.628,24.754963,2024-10-29,2.0
20.46,27.53116,2024-10-30,2.0
53.56,28.297213,2024-10-31,2.0
10.42,29.142694,2024-11-01,2.0
29.258,28.920988,2024-11-02,2.0
31.212,29.710537,2024-11-03,2.0
24.3,28.072136,2024-11-04,2.0
26.232,29.852348,2024-11-05,2.0
36.4,29.48999,2024-11-06,2.0
36.976,30.419163,2024-11-07,2.0
22.12,28.365244,2024-11-08,2.0
41.332,31.22556,2024-11-09,2.0
35.528,30.511177,2024-11-10,2.0
10.25,29.55073,2024-11-11,2.0
28.948,32.67384,2024-11-12,2.0
24.211,32.767986,2024-11-13,2.0
18.268,29.825846,2024-11-14,2.0
16.76,28.989813,2024-11-15,2.0
25.76794,27.607649,2024-11-16,2.0
33.77047,25.90787,2024-11-17,2.0
17.52354,24.73328,2024-11-18,2.0
27.59,27.563269,2024-11-19,2.0
30.306,27.867804,2024-11-20,2.0
36.268,28.163755,2024-11-21,2.0
16.766666,28.695082,2024-11-22,2.0
35.149315,28.63101,2024-11-23,2.0
33.507492,27.907564,2024-11-24,2.0
21.842386,26.755743,2024-11-25,2.0
27.59,30.14871,2024-11-26,2.0
30.211622,28.450193,2024-11-27,2.0
36.268,30.13281,2024-11-28,2.0
20.766666,31.338593,2024-11-29,2.0
43.72228,29.685366,2024-11-30,2.0
10.708,29.152908,2024-12-01,2.0
9.932,29.464785,2024-12-02,2.0
12.088,31.172787,2024-12-03,2.0
9.46,27.555609,2024-12-04,2.0
33.36,26.668066,2024-12-05,2.0
27.728,25.10035,2024-12-06,2.0
31.952,23.957369,2024-12-07,2.0
25.376,24.490717,2024-12-08,2.0
18.5828,26.135359,2024-12-09,2.0
10.536,27.4129,2024-12-10,2.0
43.911,27.283262,2024-12-11,2.0
20.58,24.575556,2024-12-12,2.0
13.64,22.935656,2024-12-13,2.0
8.0,26.015802,2024-12-14,2.0
33.64,26.07041,2024-12-15,2.0
8.012,24.660843,2024-12-16,2.0
8.576,25.500637,2024-12-17,2.0
33.24,27.629648,2024-12-18,2.0
23.932,25.366577,2024-12-19,2.0
10.211,25.242117,2024-12-20,2.0
25.748,23.89084,2024-12-21,2.0
8.628,24.70484,2024-12-22,2.0
8.132,24.617136,2024-12-23,2.0
9.772,25.37284,2024-12-24,2.0
31.268,24.15624,2024-12-25,2.0
52.068,20.738848,2024-12-26,2.0
8.432,20.63957,2024-12-27,2.0
19.76,23.437979,2024-12-28,2.0
25.7,25.546278,2024-12-29,2.0
8.452,24.382551,2024-12-30,2.0
33.588,26.409327,2024-12-31,2.0
20.252,26.93212,2025-01-01,2.0
28.576,24.455233,2025-01-02,2.0
27.992,24.289307,2025-01-03,2.0
32.488,27.643396,2025-01-04,2.0
23.428,28.154112,2025-01-05,2.0
25.852,27.060102,2025-01-06,2.0
10.628,28.251184,2025-01-07,2.0
31.452,27.555346,2025-01-08,2.0
50.34,27.203543,2025-01-09,2.0
11.428,26.617592,2025-01-10,2.0
10.072,28.409512,2025-01-11,2.0
35.88,31.718485,2025-01-12,2.0
9.328,27.624945,2025-01-13,2.0
17.428,27.521244,2025-01-14,2.0
25.96,31.743338,2025-01-15,2.0
29.432,26.224329,2025-01-16,2.0
9.708,24.5356,2025-01-17,2.0
9.6,25.29567,2025-01-18,2.0
44.18,25.247444,2025-01-19,2.0
32.752,23.8778,2025-01-20,2.0
10.228,23.070791,2025-01-21,2.0
8.611,26.778511,2025-01-22,2.0
49.128,24.820488,2025-01-23,2.0
8.992,24.500473,2025-01-24,2.0
23.588,24.749804,2025-01-25,2.0
9.772,26.9731,2025-01-26,2.0
25.748,24.244583,2025-01-27,2.0
18.148,25.6227,2025-01-28,2.0
17.5828,27.154676,2025-01-29,2.0
36.968,25.815748,2025-01-30,2.0
7.848,24.12421,2025-01-31,2.0
17.692,25.730703,2025-02-01,2.0
9.388,23.195059,2025-02-02,2.0
32.692,22.019201,2025-02-03,2.0
10.72,21.32611,2025-02-04,2.0
30.98,22.64305,2025-02-05,2.0
16.28,24.301344,2025-02-06,2.0
33.52,23.50409,2025-02-07,2.0
10.32,24.71744,2025-02-08,2.0
25.102,24.547113,2025-02-09,2.0
10.228,23.398554,2025-02-10,2.0
8.6,22.510813,2025-02-11,2.0
33.4,23.886948,2025-02-12,2.0
25.38,22.14352,2025-02-13,2.0
8.872,23.956022,2025-02-14,2.0
9.008,23.87396,2025-02-15,2.0
25.84,23.202429,2025-02-16,2.0
25.208,21.288805,2025-02-17,2.0
9.064,22.625208,2025-02-18,2.0
20.816,20.611164,2025-02-19,2.0
50.5828,20.884657,2025-02-20,2.0
9.268,19.994417,2025-02-21,2.0
7.988,21.356781,2025-02-22,2.0
9.1428,23.944044,2025-02-23,2.0
9.188,22.269342,2025-02-24,2.0
35.86,21.645245,2025-02-25,2.0
28.828,21.056635,2025-02-26,2.0
6.928,20.796185,2025-02-27,2.0
2.352,21.274927,2025-02-28,2.0
31.24,23.545023,2025-03-01,2.0
9.792,20.207956,2025-03-02,2.0
20.2,18.929152,2025-03-03,2.0
8.148,19.67041,2025-03-04,2.0
47.788,19.503542,2025-03-05,2.0
12.5028,19.847912,2025-03-06,2.0
8.16,22.184683,2025-03-07,2.0
21.056,22.2716,2025-03-08,2.0
8.852,20.364252,2025-03-09,2.0
8.572,21.913374,2025-03-10,2.0
21.576,21.042692,2025-03-11,2.0
27.88,19.672132,2025-03-12,2.0
29.372,20.329836,2025-03-13,2.0
9.508,21.732695,2025-03-14,2.0
32.1428,20.902086,2025-03-15,2.0
8.96,19.897211,2025-03-16,2.0
20.856,22.500685,2025-03-17,2.0
10.6628,22.177877,2025-03-18,2.0
19.296,22.59194,2025-03-19,2.0
16.432,22.816198,2025-03-20,2.0
26.328,20.80867,2025-03-21,2.0
14.288,21.151148,2025-03-22,2.0
21.088,19.930403,2025-03-23,2.0
10.5828,20.652363,2025-03-24,2.0
10.736,20.62493,2025-03-25,2.0
8.128,21.535105,2025-03-26,2.0
12.008,19.921476,2025-03-27,2.0
28.248,18.628561,2025-03-28,2.0
31.168,16.23518,2025-03-29,2.0
30.88,17.246262,2025-03-30,2.0
14.296,19.382483,2025-03-31,2.0
29.0,22.035265,2025-04-01,2.0
30.028,22.571943,2025-04-02,2.0
17.52,22.29019,2025-04-03,2.0
25.056,23.300074,2025-04-04,2.0
14.9428,22.108767,2025-04-05,2.0
19.616,22.127302,2025-04-06,2.0
8.752,21.179277,2025-04-07,2.0
26.072,23.5687,2025-04-08,2.0
30.544,21.49577,2025-04-09,2.0
11.416,22.511097,2025-04-10,2.0
14.744,24.638288,2025-04-11,2.0
17.832,24.043509,2025-04-12,2.0
8.544,22.12955,2025-04-13,2.0
23.8,19.90222,2025-04-14,2.0
14.68,18.441233,2025-04-15,2.0
33.4628,17.884104,2025-04-16,2.0
23.704,18.026312,2025-04-17,2.0
31.4,20.319609,2025-04-18,2.0
10.856,20.097975,2025-04-19,2.0
9.424,23.24909,2025-04-20,2.0
9.592,23.059078,2025-04-21,2.0
28.016,19.877596,2025-04-22,2.0
26.936,20.010431,2025-04-23,2.0
10.296,20.225449,2025-04-24,2.0
19.008,22.836283,2025-04-25,2.0
29.936,21.407946,2025-04-26,2.0
14.336,22.211203,2025-04-27,2.0
18.048,21.543966,2025-04-28,2.0
14.3028,21.262102,2025-04-29,2.0
14.2,21.13355,2025-04-30,2.0
28.5828,20.859255,2025-05-01,2.0
18.104,20.77262,2025-05-02,2.0
27.872,18.87015,2025-05-03,2.0
18.568,18.949131,2025-05-04,2.0
20.256,20.106104,2025-05-05,2.0
13.296,20.84724,2025-05-06,2.0
25.96,21.0007,2025-05-07,2.0
31.84,21.150808,2025-05-08,2.0
23.028,21.392069,2025-05-09,2.0
11.52,21.661158,2025-05-10,2.0
25.92,24.277119,2025-05-11,2.0
29.296,19.083735,2025-05-12,2.0
16.2628,21.086596,2025-05-13,2.0
25.612,23.019968,2025-05-14,2.0
32.952,21.571863,2025-05-15,2.0
26.352,21.21366,2025-05-16,2.0
21.56,21.678743,2025-05-17,2.0
21.248,23.193003,2025-05-18,2.0
23.0228,22.872118,2025-05-19,2.0
23.952,22.51172,2025-05-20,2.0
19.176,23.001593,2025-05-21,2.0
22.288,23.401367,2025-05-22,2.0
29.102,22.18881,2025-05-23,2.0
21.816,21.623005,2025-05-24,2.0
20.104,24.309017,2025-05-25,2.0
16.888,23.733347,2025-05-26,2.0
16.528,22.361113,2025-05-27,2.0
19.992,22.983892,2025-05-28,2.0
22.448,22.67835,2025-05-29,2.0
17.256,22.045609,2025-05-30,2.0
17.104,17.7254,2025-05-31,2.0
12.11,16.952005,2025-06-01,2.0
30.36,16.198587,2025-06-02,2.0
14.6628,16.55861,2025-06-03,2.0
36.048,18.72873,2025-06-04,2.0
32.628,19.617994,2025-06-05,2.0
21.224,22.253933,2025-06-06,2.0
21.928,22.907133,2025-06-07,2.0
17.272,22.031013,2025-06-08,2.0
20.448,21.4571,2025-06-09,2.0
17.648,19.513784,2025-06-10,2.0
20.648,22.720886,2025-06-11,2.0
23.192,21.636171,2025-06-12,2.0
13.992,22.268435,2025-06-13,2.0
10.672,21.155424,2025-06-14,2.0
10.1828,19.892504,2025-06-15,2.0
10.0,18.014364,2025-06-16,2.0
21.972,24.207561,2024-09-18,3.0
8.228,22.392424,2024-09-19,3.0
27.332,21.766657,2024-09-20,3.0
33.12,19.427122,2024-09-21,3.0
26.648,19.879515,2024-09-22,3.0
14.18,21.887468,2024-09-23,3.0
9.572,23.321648,2024-09-24,3.0
22.64,24.131086,2024-09-25,3.0
33.258,21.68287,2024-09-26,3.0
29.64,20.86235,2024-09-27,3.0
21.0,19.868526,2024-09-28,3.0
22.66,23.256552,2024-09-29,3.0
20.08,23.204775,2024-09-30,3.0
22.328,24.060621,2024-10-01,3.0
14.6,24.747162,2024-10-02,3.0
21.612,23.762503,2024-10-03,3.0
26.292,22.662542,2024-10-04,3.0
19.328,19.577074,2024-10-05,3.0
20.14,23.093576,2024-10-06,3.0
23.98,22.826899,2024-10-07,3.0
21.928,23.03114,2024-10-08,3.0
19.392,22.795511,2024-10-09,3.0
24.352,22.61133,2024-10-10,3.0
23.36,20.637606,2024-10-11,3.0
18.76,20.333006,2024-10-12,3.0
19.016,22.038275,2024-10-13,3.0
24.532,21.064127,2024-10-14,3.0
23.44,20.847494,2024-10-15,3.0
18.211,21.90914,2024-10-16,3.0
22.328,22.979067,2024-10-17,3.0
21.0,22.727392,2024-10-18,3.0
29.1,22.458225,2024-10-19,3.0
20.548,22.853163,2024-10-20,3.0
24.872,22.015226,2024-10-21,3.0
25.552,21.610271,2024-10-22,3.0
29.856,22.248377,2024-10-23,3.0
26.372,24.715233,2024-10-24,3.0
23.092,25.436384,2024-10-25,3.0
18.936,25.023867,2024-10-26,3.0
19.5028,24.426285,2024-10-27,3.0
19.308,22.74727,2024-10-28,3.0
26.852,21.551826,2024-10-29,3.0
19.96,22.0878,2024-10-30,3.0
16.368,21.530527,2024-10-31,3.0
24.86,21.578222,2024-11-01,3.0
14.64,21.227345,2024-11-02,3.0
24.18,21.485603,2024-11-03,3.0
24.672,21.23316,2024-11-04,3.0
12.008,21.707155,2024-11-05,3.0
20.512,22.207787,2024-11-06,3.0
24.468,21.579922,2024-11-07,3.0
26.5,20.358406,2024-11-08,3.0
17.672,20.02974,2024-11-09,3.0
23.968,23.051325,2024-11-10,3.0
25.428,21.853765,2024-11-11,3.0
19.08,22.261606,2024-11-12,3.0
20.02,23.907122,2024-11-13,3.0
23.508,23.07401,2024-11-14,3.0
16.384,21.898317,2024-11-15,3.0
28.888,21.264338,2024-11-16,3.0
11.568,22.601004,2024-11-17,3.0
19.612,21.132193,2024-11-18,3.0
27.92,20.985203,2024-11-19,3.0
22.668,22.008244,2024-11-20,3.0
22.432,22.949772,2024-11-21,3.0
22.581333,23.221066,2024-11-22,3.0
20.4,24.14925,2024-11-23,3.0
21.238667,23.722576,2024-11-24,3.0
23.241333,23.141829,2024-11-25,3.0
19.669333,22.61926,2024-11-26,3.0
21.066668,21.004156,2024-11-27,3.0
21.694,23.528585,2024-11-28,3.0
22.581333,24.831316,2024-11-29,3.0
24.3232,21.971651,2024-11-30,3.0
13.688,22.778873,2024-12-01,3.0
25.672,21.951605,2024-12-02,3.0
19.296,22.665495,2024-12-03,3.0
29.1828,21.967676,2024-12-04,3.0
24.2,23.170263,2024-12-05,3.0
31.412,23.521015,2024-12-06,3.0
20.732,22.39104,2024-12-07,3.0
18.388,24.175838,2024-12-08,3.0
22.612,22.812338,2024-12-09,3.0
25.68,23.717985,2024-12-10,3.0
24.572,24.847725,2024-12-11,3.0
27.168,22.440409,2024-12-12,3.0
37.028,22.114481,2024-12-13,3.0
21.2,23.727081,2024-12-14,3.0
37.512,27.3286,2024-12-15,3.0
28.536,28.135244,2024-12-16,3.0
22.08,28.955359,2024-12-17,3.0
24.452,31.906063,2024-12-18,3.0
35.24,32.87366,2024-12-19,3.0
36.228,29.036722,2024-12-20,3.0
29.472,26.47493,2024-12-21,3.0
22.448,31.055899,2024-12-22,3.0
27.592,33.632496,2024-12-23,3.0
32.76,32.60088,2024-12-24,3.0
25.98,31.576437,2024-12-25,3.0
28.892,28.31452,2024-12-26,3.0
29.412,25.002344,2024-12-27,3.0
35.692,25.404371,2024-12-28,3.0
26.411,28.007269,2024-12-29,3.0
13.536,29.636843,2024-12-30,3.0
25.2,31.843699,2024-12-31,3.0
27.552,31.065718,2025-01-01,3.0
42.98,26.9402,2025-01-02,3.0
33.308,25.551825,2025-01-03,3.0
35.24,27.561434,2025-01-04,3.0
30.2528,29.450365,2025-01-05,3.0
35.768,29.842241,2025-01-06,3.0
30.192,29.971487,2025-01-07,3.0
25.88,29.061646,2025-01-08,3.0
38.748,28.717527,2025-01-09,3.0
39.948,29.448683,2025-01-10,3.0
42.92,30.347412,2025-01-11,3.0
41.5428,33.027115,2025-01-12,3.0
41.628,34.14867,2025-01-13,3.0
13.588,35.615208,2025-01-14,3.0
43.64,36.54442,2025-01-15,3.0
52.072,32.871334,2025-01-16,3.0
28.82,31.300653,2025-01-17,3.0
26.06,31.390295,2025-01-18,3.0
31.32,35.84085,2025-01-19,3.0
20.128,36.427452,2025-01-20,3.0
27.9428,32.65903,2025-01-21,3.0
31.328,33.981396,2025-01-22,3.0
30.5,26.831257,2025-01-23,3.0
21.228,27.81576,2025-01-24,3.0
37.572,29.262766,2025-01-25,3.0
24.828,28.860813,2025-01-26,3.0
25.472,28.95352,2025-01-27,3.0
32.112,29.880438,2025-01-28,3.0
29.648,28.382765,2025-01-29,3.0
25.472,27.448925,2025-01-30,3.0
45.768,29.242277,2025-01-31,3.0
26.56,28.051405,2025-02-01,3.0
30.232,24.839323,2025-02-02,3.0
43.068,26.669088,2025-02-03,3.0
28.708,28.527018,2025-02-04,3.0
33.952,28.989794,2025-02-05,3.0
39.88,32.339138,2025-02-06,3.0
43.48,32.886684,2025-02-07,3.0
43.62,32.073387,2025-02-08,3.0
36.06,35.399628,2025-02-09,3.0
46.78,33.92515,2025-02-10,3.0
31.76,34.737587,2025-02-11,3.0
39.068,36.964584,2025-02-12,3.0
46.972,36.85367,2025-02-13,3.0
44.76,36.511585,2025-02-14,3.0
26.7,36.356815,2025-02-15,3.0
25.552,35.474243,2025-02-16,3.0
39.11,38.210125,2025-02-17,3.0
39.028,36.824398,2025-02-18,3.0
44.096,32.797646,2025-02-19,3.0
44.102,34.079895,2025-02-20,3.0
38.128,33.159695,2025-02-21,3.0
42.704,34.173496,2025-02-22,3.0
42.656,35.01885,2025-02-23,3.0
31.452,37.604725,2025-02-24,3.0
49.26,36.788548,2025-02-25,3.0
30.808,38.517624,2025-02-26,3.0
38.052,36.50881,2025-02-27,3.0
14.292,36.20914,2025-02-28,3.0
58.808,38.005123,2025-03-01,3.0
25.311,32.93107,2025-03-02,3.0
28.048,29.096504,2025-03-03,3.0
26.86,33.04984,2025-03-04,3.0
39.132,32.18538,2025-03-05,3.0
27.76,30.649527,2025-03-06,3.0
26.96,30.837543,2025-03-07,3.0
35.24,31.26461,2025-03-08,3.0
26.888,28.901579,2025-03-09,3.0
25.568,31.204576,2025-03-10,3.0
20.0628,31.459486,2025-03-11,3.0
19.928,28.129808,2025-03-12,3.0
19.008,26.060608,2025-03-13,3.0
23.64,26.372353,2025-03-14,3.0
16.9828,23.6017,2025-03-15,3.0
20.2,22.221258,2025-03-16,3.0
18.768,23.052568,2025-03-17,3.0
19.428,20.938972,2025-03-18,3.0
28.24,22.042818,2025-03-19,3.0
19.86,23.94709,2025-03-20,3.0
18.452,22.129911,2025-03-21,3.0
10.736,22.139326,2025-03-22,3.0
19.392,20.741133,2025-03-23,3.0
17.072,19.057547,2025-03-24,3.0
21.258,17.991798,2025-03-25,3.0
22.528,18.826857,2025-03-26,3.0
17.18,20.091486,2025-03-27,3.0
28.4,20.58715,2025-03-28,3.0
26.452,19.571188,2025-03-29,3.0
10.896,19.78414,2025-03-30,3.0
20.68,21.1164,2025-03-31,3.0
11.12,20.166174,2025-04-01,3.0
18.76,19.67396,2025-04-02,3.0
18.6,18.159422,2025-04-03,3.0
17.672,18.554007,2025-04-04,3.0
10.952,18.552385,2025-04-05,3.0
17.328,17.822128,2025-04-06,3.0
12.2,17.188238,2025-04-07,3.0
11.9,17.226568,2025-04-08,3.0
26.972,17.152014,2025-04-09,3.0
11.216,15.966512,2025-04-10,3.0
11.92,17.585768,2025-04-11,3.0
19.92,17.50318,2025-04-12,3.0
16.432,16.99659,2025-04-13,3.0
23.08,16.54759,2025-04-14,3.0
28.1,16.208204,2025-04-15,3.0
19.811,17.994352,2025-04-16,3.0
14.428,19.384745,2025-04-17,3.0
14.44,20.55404,2025-04-18,3.0
13.2,18.852911,2025-04-19,3.0
17.928,19.540789,2025-04-20,3.0
20.18,18.426859,2025-04-21,3.0
17.94,17.497425,2025-04-22,3.0
18.18,19.137741,2025-04-23,3.0
21.492,20.575487,2025-04-24,3.0
16.948,21.360226,2025-04-25,3.0
16.612,21.166353,2025-04-26,3.0
12.648,21.174849,2025-04-27,3.0
11.472,17.913078,2025-04-28,3.0
19.828,17.319407,2025-04-29,3.0
18.748,19.098005,2025-04-30,3.0
18.892,19.833828,2025-05-01,3.0
17.412,20.157602,2025-05-02,3.0
10.68,18.803993,2025-05-03,3.0
17.128,18.243828,2025-05-04,3.0
13.74,15.878838,2025-05-05,3.0
11.25,16.525652,2025-05-06,3.0
22.5,16.155458,2025-05-07,3.0
25.492,16.725176,2025-05-08,3.0
20.6,17.418753,2025-05-09,3.0
16.108,17.891457,2025-05-10,3.0
17.18,21.422773,2025-05-11,3.0
17.7,16.09134,2025-05-12,3.0
18.74,18.126646,2025-05-13,3.0
20.52,18.23866,2025-05-14,3.0
18.36,18.113747,2025-05-15,3.0
14.25,19.12943,2025-05-16,3.0
16.868,18.48555,2025-05-17,3.0
18.024,18.10597,2025-05-18,3.0
18.588,17.461617,2025-05-19,3.0
14.732,17.678595,2025-05-20,3.0
19.508,18.14417,2025-05-21,3.0
19.66,18.500345,2025-05-22,3.0
11.88,18.552292,2025-05-23,3.0
16.74,17.864412,2025-05-24,3.0
18.76,17.727339,2025-05-25,3.0
18.6,16.588068,2025-05-26,3.0
18.58,15.639221,2025-05-27,3.0
18.888,19.136028,2025-05-28,3.0
11.432,19.603655,2025-05-29,3.0
17.752,19.872671,2025-05-30,3.0
14.52,16.174437,2025-05-31,3.0
11.28,15.70734,2025-06-01,3.0
20.068,14.917501,2025-06-02,3.0
14.532,14.065187,2025-06-03,3.0
18.508,15.686485,2025-06-04,3.0
27.24,16.824419,2025-06-05,3.0
14.468,18.681879,2025-06-06,3.0
23.96,18.363115,2025-06-07,3.0
17.6,17.925644,2025-06-08,3.0
18.664,18.01067,2025-06-09,3.0
19.448,17.524136,2025-06-10,3.0
20.128,19.759466,2025-06-11,3.0
18.252,20.31851,2025-06-12,3.0
9.92,20.074947,2025-06-13,3.0
11.508,19.272955,2025-06-14,3.0
10.52,17.181654,2025-06-15,3.0
10.0,16.393658,2025-06-16,3.0
27.256,26.070475,2024-09-18,4.0
25.736,25.026892,2024-09-19,4.0
14.184,24.46521,2024-09-20,4.0
30.856,24.009863,2024-09-21,4.0
16.416,21.764526,2024-09-22,4.0
33.832,21.634964,2024-09-23,4.0
18.28,22.88986,2024-09-24,4.0
24.376,24.082806,2024-09-25,4.0
36.428,24.845432,2024-09-26,4.0
23.96,23.789808,2024-09-27,4.0
11.711,22.723003,2024-09-28,4.0
17.288,22.722391,2024-09-29,4.0
27.6628,21.428091,2024-09-30,4.0
17.256,20.709858,2024-10-01,4.0
31.56,24.578215,2024-10-02,4.0
25.272,25.113297,2024-10-03,4.0
16.888,25.260012,2024-10-04,4.0
25.8,23.498877,2024-10-05,4.0
9.2,24.481554,2024-10-06,4.0
17.6,23.550808,2024-10-07,4.0
24.128,22.127443,2024-10-08,4.0
25.432,21.655478,2024-10-09,4.0
35.8228,20.85404,2024-10-10,4.0
26.6,21.494757,2024-10-11,4.0
19.984,21.93556,2024-10-12,4.0
24.496,22.947763,2024-10-13,4.0
33.648,23.262796,2024-10-14,4.0
31.792,23.21076,2024-10-15,4.0
22.816,24.301273,2024-10-16,4.0
65.68,26.518568,2024-10-17,4.0
48.0628,27.030048,2024-10-18,4.0
59.711,28.000483,2024-10-19,4.0
36.432,33.32535,2024-10-20,4.0
25.368,36.509922,2024-10-21,4.0
44.2228,39.714756,2024-10-22,4.0
39.8628,39.42959,2024-10-23,4.0
28.096,39.398113,2024-10-24,4.0
31.736,37.38494,2024-10-25,4.0
42.102,35.791306,2024-10-26,4.0
28.064,33.06847,2024-10-27,4.0
21.96,34.17224,2024-10-28,4.0
28.808,35.453564,2024-10-29,4.0
32.828,33.860874,2024-10-30,4.0
25.192,32.874706,2024-10-31,4.0
48.608,30.308554,2024-11-01,4.0
28.872,28.440952,2024-11-02,4.0
22.256,27.238657,2024-11-03,4.0
43.648,31.293873,2024-11-04,4.0
37.976,31.230068,2024-11-05,4.0
35.88,31.006083,2024-11-06,4.0
48.008,32.820667,2024-11-07,4.0
32.424,33.58784,2024-11-08,4.0
29.6628,30.765192,2024-11-09,4.0
49.624,33.74429,2024-11-10,4.0
28.96,32.508965,2024-11-11,4.0
18.0,33.07765,2024-11-12,4.0
28.296,37.16904,2024-11-13,4.0
36.064,35.412746,2024-11-14,4.0
52.968,31.413174,2024-11-15,4.0
45.6,29.634909,2024-11-16,4.0
28.792,30.505299,2024-11-17,4.0
47.008,32.315098,2024-11-18,4.0
38.592,35.976707,2024-11-19,4.0
38.96,37.633053,2024-11-20,4.0
31.8228,37.81924,2024-11-21,4.0
38.168,37.335438,2024-11-22,4.0
25.712,34.70094,2024-11-23,4.0
33.557335,34.070145,2024-11-24,4.0
43.872,34.612106,2024-11-25,4.0
31.522667,33.70186,2024-11-26,4.0
38.378666,34.16258,2024-11-27,4.0
38.632,37.291435,2024-11-28,4.0
43.042,37.86394,2024-11-29,4.0
22.746,32.68834,2024-11-30,4.0
26.162,33.690525,2024-12-01,4.0
28.210667,32.992947,2024-12-02,4.0
22.212,32.507324,2024-12-03,4.0
28.909334,32.433754,2024-12-04,4.0
30.680082,32.42615,2024-12-05,4.0
32.878925,31.859514,2024-12-06,4.0
25.008,28.57386,2024-12-07,4.0
26.5028,29.644941,2024-12-08,4.0
35.384,28.908587,2024-12-09,4.0
17.096,29.166815,2024-12-10,4.0
31.128,30.524706,2024-12-11,4.0
29.216,28.22656,2024-12-12,4.0
17.3028,26.648363,2024-12-13,4.0
10.16,26.829594,2024-12-14,4.0
26.44,27.583868,2024-12-15,4.0
17.9028,25.9797,2024-12-16,4.0
18.464,25.679304,2024-12-17,4.0
24.568,28.408268,2024-12-18,4.0
25.832,27.82266,2024-12-19,4.0
32.311,26.084421,2024-12-20,4.0
23.228,23.719906,2024-12-21,4.0
18.176,25.236975,2024-12-22,4.0
31.254,26.840929,2024-12-23,4.0
31.088,27.036207,2024-12-24,4.0
31.032,27.579973,2024-12-25,4.0
33.888,26.90388,2024-12-26,4.0
19.768,26.006874,2024-12-27,4.0
30.16,25.375902,2024-12-28,4.0
33.528,27.276089,2024-12-29,4.0
31.576,27.410414,2024-12-30,4.0
32.336,30.405813,2024-12-31,4.0
37.432,32.98234,2025-01-01,4.0
32.912,31.397223,2025-01-02,4.0
31.472,30.579552,2025-01-03,4.0
25.648,31.552834,2025-01-04,4.0
25.032,30.976957,2025-01-05,4.0
27.896,29.559767,2025-01-06,4.0
30.312,28.973494,2025-01-07,4.0
26.08,29.271383,2025-01-08,4.0
28.96,28.89376,2025-01-09,4.0
29.56,30.192202,2025-01-10,4.0
33.888,28.551832,2025-01-11,4.0
25.32,29.644941,2025-01-12,4.0
19.428,28.841188,2025-01-13,4.0
29.848,29.746504,2025-01-14,4.0
19.911,32.718285,2025-01-15,4.0
16.848,28.226265,2025-01-16,4.0
19.632,28.159748,2025-01-17,4.0
16.8628,25.146654,2025-01-18,4.0
17.008,24.669697,2025-01-19,4.0
26.511,25.854067,2025-01-20,4.0
12.0,23.02256,2025-01-21,4.0
26.216,23.6918,2025-01-22,4.0
25.64,22.425463,2025-01-23,4.0
19.828,22.93368,2025-01-24,4.0
30.12,21.634096,2025-01-25,4.0
16.312,21.734724,2025-01-26,4.0
19.352,22.743505,2025-01-27,4.0
22.048,23.69016,2025-01-28,4.0
22.032,25.301733,2025-01-29,4.0
28.6628,23.47448,2025-01-30,4.0
29.528,24.520811,2025-01-31,4.0
25.428,23.89465,2025-02-01,4.0
25.856,21.439508,2025-02-02,4.0
17.008,22.764658,2025-02-03,4.0
13.28,24.463892,2025-02-04,4.0
29.16,24.861353,2025-02-05,4.0
24.936,24.617025,2025-02-06,4.0
44.0,24.457893,2025-02-07,4.0
30.288,24.098326,2025-02-08,4.0
38.048,25.546347,2025-02-09,4.0
29.11,26.46202,2025-02-10,4.0
35.176,28.953901,2025-02-11,4.0
32.592,30.75706,2025-02-12,4.0
33.768,30.459974,2025-02-13,4.0
28.16,32.6151,2025-02-14,4.0
28.511,30.191168,2025-02-15,4.0
48.288,29.314772,2025-02-16,4.0
47.311,30.177752,2025-02-17,4.0
44.2528,32.47127,2025-02-18,4.0
32.656,31.539557,2025-02-19,4.0
54.1428,35.386913,2025-02-20,4.0
53.112,34.641193,2025-02-21,4.0
43.776,33.626804,2025-02-22,4.0
51.376,35.697426,2025-02-23,4.0
52.28,41.26201,2025-02-24,4.0
55.072,44.708126,2025-02-25,4.0
49.504,49.2494,2025-02-26,4.0
39.428,49.85733,2025-02-27,4.0
72.72,47.563244,2025-02-28,4.0
69.624,46.658817,2025-03-01,4.0
60.76,44.281208,2025-03-02,4.0
61.648,45.471546,2025-03-03,4.0
79.192,52.912693,2025-03-04,4.0
66.2228,60.925972,2025-03-05,4.0
72.608,63.90813,2025-03-06,4.0
58.2,65.06513,2025-03-07,4.0
29.12,62.395462,2025-03-08,4.0
51.472,61.056637,2025-03-09,4.0
48.104,59.171246,2025-03-10,4.0
58.208,56.367847,2025-03-11,4.0
25.952,53.608025,2025-03-12,4.0
26.96,51.45346,2025-03-13,4.0
58.176,49.26305,2025-03-14,4.0
35.288,41.598824,2025-03-15,4.0
10.264,38.01434,2025-03-16,4.0
13.5428,40.064983,2025-03-17,4.0
11.24,37.4423,2025-03-18,4.0
13.92,35.010532,2025-03-19,4.0
12.624,35.14136,2025-03-20,4.0
14.2228,28.483091,2025-03-21,4.0
20.72,22.78923,2025-03-22,4.0
22.632,21.607489,2025-03-23,4.0
60.36,20.913382,2025-03-24,4.0
49.28,20.55005,2025-03-25,4.0
57.744,22.492468,2025-03-26,4.0
48.896,28.576296,2025-03-27,4.0
36.272,33.101994,2025-03-28,4.0
59.16,32.615887,2025-03-29,4.0
31.102,33.72578,2025-03-30,4.0
31.52,36.391365,2025-03-31,4.0
50.328,37.868137,2025-04-01,4.0
20.696,39.594334,2025-04-02,4.0
45.168,40.659935,2025-04-03,4.0
28.32,42.307785,2025-04-04,4.0
42.4,36.904766,2025-04-05,4.0
32.048,34.432945,2025-04-06,4.0
35.584,33.432163,2025-04-07,4.0
33.648,35.54941,2025-04-08,4.0
47.9428,33.14035,2025-04-09,4.0
54.136,35.638958,2025-04-10,4.0
52.616,34.598827,2025-04-11,4.0
37.368,35.87761,2025-04-12,4.0
47.8628,37.851482,2025-04-13,4.0
38.2628,40.64244,2025-04-14,4.0
36.552,39.65653,2025-04-15,4.0
30.76,41.233044,2025-04-16,4.0
14.208,39.488308,2025-04-17,4.0
10.3828,35.973316,2025-04-18,4.0
10.208,30.772211,2025-04-19,4.0
9.1028,29.369482,2025-04-20,4.0
8.928,24.95249,2025-04-21,4.0
9.832,23.261484,2025-04-22,4.0
10.808,23.330967,2025-04-23,4.0
32.024,21.893225,2025-04-24,4.0
8.3828,19.746847,2025-04-25,4.0
16.68,18.442507,2025-04-26,4.0
7.96,17.186459,2025-04-27,4.0
8.52,15.855401,2025-04-28,4.0
9.744,14.448202,2025-04-29,4.0
13.512,14.279091,2025-04-30,4.0
10.816,14.213913,2025-05-01,4.0
9.192,13.302686,2025-05-02,4.0
9.68,12.087703,2025-05-03,4.0
9.368,11.463382,2025-05-04,4.0
9.488,11.294637,2025-05-05,4.0
10.296,11.3018875,2025-05-06,4.0
8.8228,11.328808,2025-05-07,4.0
12.11,11.747868,2025-05-08,4.0
10.68,12.249359,2025-05-09,4.0
10.832,10.916538,2025-05-10,4.0
10.9428,10.406995,2025-05-11,4.0
10.104,8.276906,2025-05-12,4.0
9.5828,10.531383,2025-05-13,4.0
8.36,10.36626,2025-05-14,4.0
14.496,10.640198,2025-05-15,4.0
8.48,11.000832,2025-05-16,4.0
8.9028,10.022516,2025-05-17,4.0
10.8,9.454077,2025-05-18,4.0
10.256,10.06177,2025-05-19,4.0
9.992,9.808571,2025-05-20,4.0
10.976,9.913395,2025-05-21,4.0
14.3828,11.185797,2025-05-22,4.0
13.168,10.764698,2025-05-23,4.0
11.92,10.509618,2025-05-24,4.0
12.336,10.762099,2025-05-25,4.0
13.856,11.123437,2025-05-26,4.0
14.56,11.17579,2025-05-27,4.0
9.428,13.475754,2025-05-28,4.0
22.352,14.101869,2025-05-29,4.0
16.6,13.723475,2025-05-30,4.0
23.536,11.567912,2025-05-31,4.0
18.92,11.295215,2025-06-01,4.0
20.7028,13.245135,2025-06-02,4.0
19.76,14.9843445,2025-06-03,4.0
22.736,16.510286,2025-06-04,4.0
31.32,18.26425,2025-06-05,4.0
28.008,18.796976,2025-06-06,4.0
19.736,18.192518,2025-06-07,4.0
25.672,18.317148,2025-06-08,4.0
22.992,19.147673,2025-06-09,4.0
22.3828,20.377977,2025-06-10,4.0
28.232,23.162542,2025-06-11,4.0
32.528,23.819803,2025-06-12,4.0
23.192,23.491613,2025-06-13,4.0
24.608,22.043114,2025-06-14,4.0
22.0,22.442497,2025-06-15,4.0
24.0,22.641941,2025-06-16,4.0
6.2,7.4461775,2024-09-18,5.0
8.28,7.6584415,2024-09-19,5.0
5.66,7.597171,2024-09-20,5.0
7.98,7.5640383,2024-09-21,5.0
8.808,8.125962,2024-09-22,5.0
5.628,7.505389,2024-09-23,5.0
0.0,7.6475997,2024-09-24,5.0
0.0,7.77456,2024-09-25,5.0
0.0,7.835824,2024-09-26,5.0
4.72,7.109575,2024-09-27,5.0
12.68,6.041567,2024-09-28,5.0
5.1828,6.3727884,2024-09-29,5.0
2.96,6.550001,2024-09-30,5.0
14.376,6.705899,2024-10-01,5.0
10.132,7.4969215,2024-10-02,5.0
13.66,9.117151,2024-10-03,5.0
10.06,10.020975,2024-10-04,5.0
0.02,8.631376,2024-10-05,5.0
0.0,9.726027,2024-10-06,5.0
0.06,8.644459,2024-10-07,5.0
0.068,8.045918,2024-10-08,5.0
0.0,7.066181,2024-10-09,5.0
0.0,6.9999466,2024-10-10,5.0
0.032,6.55504,2024-10-11,5.0
0.032,6.117124,2024-10-12,5.0
0.28,6.04844,2024-10-13,5.0
0.0,5.2419825,2024-10-14,5.0
3.016,5.0538907,2024-10-15,5.0
16.24,4.3488874,2024-10-16,5.0
16.28,4.60345,2024-10-17,5.0
16.28,6.3799295,2024-10-18,5.0
2.56,7.7173405,2024-10-19,5.0
2.1828,9.661788,2024-10-20,5.0
4.328,8.3982115,2024-10-21,5.0
1.088,7.515299,2024-10-22,5.0
0.0,7.043206,2024-10-23,5.0
3.232,6.6540546,2024-10-24,5.0
2.3,6.946147,2024-10-25,5.0
11.452,6.394304,2024-10-26,5.0
0.976,6.7697797,2024-10-27,5.0
1.84,7.009034,2024-10-28,5.0
1.384,6.276027,2024-10-29,5.0
1.128,6.109052,2024-10-30,5.0
2.911,6.3559523,2024-10-31,5.0
1.688,5.6834307,2024-11-01,5.0
1.84,5.2324333,2024-11-02,5.0
0.14,5.2502327,2024-11-03,5.0
0.128,4.8195953,2024-11-04,5.0
0.14,4.974683,2024-11-05,5.0
0.528,4.938193,2024-11-06,5.0
0.128,4.967925,2024-11-07,5.0
0.1828,4.999726,2024-11-08,5.0
0.136,4.8455157,2024-11-09,5.0
14.52,5.235787,2024-11-10,5.0
2.12,4.4526033,2024-11-11,5.0
2.12,6.417774,2024-11-12,5.0
2.092,6.600935,2024-11-13,5.0
0.811,6.6753225,2024-11-14,5.0
0.136,6.3390093,2024-11-15,5.0
0.744,5.9772587,2024-11-16,5.0
0.148,6.540679,2024-11-17,5.0
0.12,4.567701,2024-11-18,5.0
0.732,4.6259947,2024-11-19,5.0
1.496,4.330202,2024-11-20,5.0
1.052,4.5551615,2024-11-21,5.0
16.76853,5.0477586,2024-11-22,5.0
17.225039,4.4534593,2024-11-23,5.0
19.852396,6.8964167,2024-11-24,5.0
19.892107,7.5943193,2024-11-25,5.0
18.913795,9.502958,2024-11-26,5.0
20.778698,11.000712,2024-11-27,5.0
19.173038,13.239946,2024-11-28,5.0
16.353529,15.914648,2024-11-29,5.0
27.1012,14.584081,2024-11-30,5.0
12.528,16.153315,2024-12-01,5.0
26.192,17.447493,2024-12-02,5.0
17.76,18.720814,2024-12-03,5.0
21.708,19.207552,2024-12-04,5.0
28.94,20.890371,2024-12-05,5.0
25.428,20.991602,2024-12-06,5.0
22.14,20.275171,2024-12-07,5.0
11.988,21.76029,2024-12-08,5.0
20.7828,21.4899,2024-12-09,5.0
24.088,21.22815,2024-12-10,5.0
9.832,22.268562,2024-12-11,5.0
11.688,20.82702,2024-12-12,5.0
32.792,19.221241,2024-12-13,5.0
31.488,18.83493,2024-12-14,5.0
25.808,20.933378,2024-12-15,5.0
9.992,23.77561,2024-12-16,5.0
29.828,24.32475,2024-12-17,5.0
19.072,24.953814,2024-12-18,5.0
26.148,25.943367,2024-12-19,5.0
22.2,23.720802,2024-12-20,5.0
32.868,20.790915,2024-12-21,5.0
29.492,24.178999,2024-12-22,5.0
29.88,27.312796,2024-12-23,5.0
26.66,28.371904,2024-12-24,5.0
30.688,27.575792,2024-12-25,5.0
12.4228,26.584608,2024-12-26,5.0
16.64,23.801311,2024-12-27,5.0
17.64,23.459616,2024-12-28,5.0
10.868,23.065561,2024-12-29,5.0
22.28,22.453276,2024-12-30,5.0
13.172,23.380526,2024-12-31,5.0
20.708,24.754004,2025-01-01,5.0
11.28,22.26577,2025-01-02,5.0
8.508,21.35994,2025-01-03,5.0
24.8,20.085712,2025-01-04,5.0
17.092,18.521387,2025-01-05,5.0
45.74,17.727192,2025-01-06,5.0
35.22,17.585314,2025-01-07,5.0
20.528,20.006487,2025-01-08,5.0
13.78,22.101686,2025-01-09,5.0
10.052,24.649294,2025-01-10,5.0
12.388,23.41054,2025-01-11,5.0
13.812,22.238115,2025-01-12,5.0
20.128,20.821226,2025-01-13,5.0
5.06,19.327398,2025-01-14,5.0
31.38,22.392452,2025-01-15,5.0
26.568,19.334066,2025-01-16,5.0
10.64,19.686625,2025-01-17,5.0
20.112,18.803282,2025-01-18,5.0
19.711,19.652246,2025-01-19,5.0
23.11,19.370916,2025-01-20,5.0
17.92,17.862392,2025-01-21,5.0
20.376,20.106916,2025-01-22,5.0
6.5028,17.7952,2025-01-23,5.0
22.696,19.39979,2025-01-24,5.0
16.472,19.002726,2025-01-25,5.0
22.56,18.512756,2025-01-26,5.0
21.86,19.40356,2025-01-27,5.0
22.452,19.400755,2025-01-28,5.0
28.388,20.126522,2025-01-29,5.0
4.32,19.929546,2025-01-30,5.0
1.811,22.18579,2025-01-31,5.0
12.088,19.631147,2025-02-01,5.0
20.1,15.878059,2025-02-02,5.0
21.16,14.238804,2025-02-03,5.0
22.508,14.844633,2025-02-04,5.0
14.0228,15.556545,2025-02-05,5.0
6.736,17.379965,2025-02-06,5.0
11.852,18.555408,2025-02-07,5.0
11.68,16.73809,2025-02-08,5.0
7.58,15.703239,2025-02-09,5.0
13.5,13.626003,2025-02-10,5.0
14.68,12.753432,2025-02-11,5.0
19.748,13.249804,2025-02-12,5.0
1.5428,13.893185,2025-02-13,5.0
10.468,15.289835,2025-02-14,5.0
10.732,13.48368,2025-02-15,5.0
10.648,12.217661,2025-02-16,5.0
14.672,11.804775,2025-02-17,5.0
10.616,12.159809,2025-02-18,5.0
10.428,10.40642,2025-02-19,5.0
7.711,10.2634535,2025-02-20,5.0
12.888,10.230495,2025-02-21,5.0
11.8628,9.5791235,2025-02-22,5.0
21.528,10.539162,2025-02-23,5.0
11.96,11.364321,2025-02-24,5.0
16.38,12.714149,2025-02-25,5.0
12.48,13.600657,2025-02-26,5.0
1.38,13.719095,2025-02-27,5.0
0.56,13.515172,2025-02-28,5.0
18.7,12.411348,2025-03-01,5.0
27.48,10.0660515,2025-03-02,5.0
12.292,10.149567,2025-03-03,5.0
9.968,12.612637,2025-03-04,5.0
5.028,13.976991,2025-03-05,5.0
1.088,13.0433655,2025-03-06,5.0
1.08,13.318352,2025-03-07,5.0
14.428,11.244518,2025-03-08,5.0
13.0,9.786632,2025-03-09,5.0
5.632,10.093573,2025-03-10,5.0
8.688,11.2429905,2025-03-11,5.0
10.1428,10.357255,2025-03-12,5.0
14.688,9.850247,2025-03-13,5.0
1.992,10.463752,2025-03-14,5.0
2.08,9.808397,2025-03-15,5.0
12.64,9.089762,2025-03-16,5.0
2.812,8.305925,2025-03-17,5.0
1.254,7.878131,2025-03-18,5.0
2.148,8.347512,2025-03-19,5.0
10.668,8.192537,2025-03-20,5.0
10.904,6.93609,2025-03-21,5.0
11.536,7.3801045,2025-03-22,5.0
2.9028,7.7909927,2025-03-23,5.0
1.176,7.8222237,2025-03-24,5.0
1.112,7.7588797,2025-03-25,5.0
1.112,7.4516163,2025-03-26,5.0
8.568,6.823346,2025-03-27,5.0
8.488,5.66667,2025-03-28,5.0
9.12,6.078783,2025-03-29,5.0
1.412,6.16932,2025-03-30,5.0
2.148,6.9181,2025-03-31,5.0
8.1828,6.3532977,2025-04-01,5.0
8.6,6.344716,2025-04-02,5.0
3.228,6.3368206,2025-04-03,5.0
9.628,6.7889795,2025-04-04,5.0
4.48,6.7549543,2025-04-05,5.0
6.46,6.7009954,2025-04-06,5.0
3.528,6.824647,2025-04-07,5.0
3.268,6.9633036,2025-04-08,5.0
9.184,7.159709,2025-04-09,5.0
3.896,7.0861864,2025-04-10,5.0
8.412,7.6744533,2025-04-11,5.0
7.68,7.9667926,2025-04-12,5.0
7.411,8.002773,2025-04-13,5.0
13.456,7.657741,2025-04-14,5.0
10.272,7.0614367,2025-04-15,5.0
9.92,8.491869,2025-04-16,5.0
14.632,8.9706335,2025-04-17,5.0
7.468,9.576995,2025-04-18,5.0
4.228,9.517113,2025-04-19,5.0
3.572,10.446379,2025-04-20,5.0
12.456,9.672365,2025-04-21,5.0
13.192,8.993589,2025-04-22,5.0
13.112,9.826717,2025-04-23,5.0
4.128,11.115042,2025-04-24,5.0
1.888,11.775682,2025-04-25,5.0
13.56,11.445942,2025-04-26,5.0
6.832,10.873925,2025-04-27,5.0
19.86,9.365608,2025-04-28,5.0
1.64,8.299526,2025-04-29,5.0
1.492,11.175197,2025-04-30,5.0
1.28,11.016368,2025-05-01,5.0
1.28,10.182123,2025-05-02,5.0
3.228,7.6270204,2025-05-03,5.0
10.02,7.0354877,2025-05-04,5.0
6.9,6.4064703,2025-05-05,5.0
10.258,6.7404065,2025-05-06,5.0
20.6,7.5491266,2025-05-07,5.0
10.8628,8.686331,2025-05-08,5.0
2.256,10.61631,2025-05-09,5.0
17.692,10.311487,2025-05-10,5.0
13.92,9.421936,2025-05-11,5.0
13.828,7.568993,2025-05-12,5.0
8.492,10.600023,2025-05-13,5.0
13.58,10.899788,2025-05-14,5.0
5.711,10.676349,2025-05-15,5.0
10.656,12.248989,2025-05-16,5.0
7.032,11.135195,2025-05-17,5.0
1.528,10.14393,2025-05-18,5.0
2.12,10.388053,2025-05-19,5.0
10.652,9.086553,2025-05-20,5.0
8.768,8.217315,2025-05-21,5.0
6.26,9.288563,2025-05-22,5.0
10.211,9.279688,2025-05-23,5.0
3.16,8.438723,2025-05-24,5.0
10.2,8.925251,2025-05-25,5.0
9.008,8.127928,2025-05-26,5.0
10.432,7.284865,2025-05-27,5.0
8.496,8.891897,2025-05-28,5.0
7.132,9.800447,2025-05-29,5.0
1.588,10.492944,2025-05-30,5.0
1.972,8.313749,2025-05-31,5.0
7.82,7.0671544,2025-06-01,5.0
11.911,6.6088643,2025-06-02,5.0
5.208,6.894602,2025-06-03,5.0
1.688,7.680212,2025-06-04,5.0
2.2628,7.9858656,2025-06-05,5.0
10.908,8.884442,2025-06-06,5.0
2.628,7.229765,2025-06-07,5.0
12.392,7.225216,2025-06-08,5.0
9.128,6.2898,2025-06-09,5.0
7.752,7.054297,2025-06-10,5.0
10.208,8.574995,2025-06-11,5.0
12.028,9.353128,2025-06-12,5.0
4.392,10.157986,2025-06-13,5.0
6.56,9.222685,2025-06-14,5.0
8.648,9.206197,2025-06-15,5.0
8.0,8.549856,2025-06-16,5.0
2.932,7.022684,2024-09-18,6.0
4.748,7.3374496,2024-09-19,6.0
6.34,7.0629396,2024-09-20,6.0
7.22,7.0777464,2024-09-21,6.0
3.5,7.876584,2024-09-22,6.0
2.248,7.4705896,2024-09-23,6.0
2.392,7.5147524,2024-09-24,6.0
3.288,7.4037104,2024-09-25,6.0
5.092,7.8113446,2024-09-26,6.0
5.532,7.7407236,2024-09-27,6.0
5.128,7.427964,2024-09-28,6.0
3.92,8.289921,2024-09-29,6.0
1.728,7.3245077,2024-09-30,6.0
1.452,7.262309,2024-10-01,6.0
0.72,8.196989,2024-10-02,6.0
0.46,8.915907,2024-10-03,6.0
0.26,9.079599,2024-10-04,6.0
1.0,6.749994,2024-10-05,6.0
1.08,7.3086762,2024-10-06,6.0
5.25,6.4593925,2024-10-07,6.0
8.32,6.335535,2024-10-08,6.0
5.028,6.808502,2024-10-09,6.0
6.472,8.08438,2024-10-10,6.0
33.248,8.589454,2024-10-11,6.0
35.56,9.139704,2024-10-12,6.0
39.952,13.394157,2024-10-13,6.0
19.056,16.80661,2024-10-14,6.0
35.24,20.494299,2024-10-15,6.0
27.32,21.393745,2024-10-16,6.0
30.752,23.225664,2024-10-17,6.0
13.58,24.922241,2024-10-18,6.0
32.68,24.393637,2024-10-19,6.0
24.748,25.27292,2024-10-20,6.0
10.48,23.979692,2024-10-21,6.0
14.2528,25.736086,2024-10-22,6.0
29.696,23.782766,2024-10-23,6.0
35.112,23.559355,2024-10-24,6.0
32.528,24.003412,2024-10-25,6.0
27.064,25.839228,2024-10-26,6.0
28.736,26.474514,2024-10-27,6.0
26.332,26.136028,2024-10-28,6.0
23.52,26.669773,2024-10-29,6.0
10.892,26.572008,2024-10-30,6.0
28.776,25.18297,2024-10-31,6.0
28.1428,22.531376,2024-11-01,6.0
32.12,22.452545,2024-11-02,6.0
25.308,23.701868,2024-11-03,6.0
42.12,24.572699,2024-11-04,6.0
38.68,25.73781,2024-11-05,6.0
29.148,27.05036,2024-11-06,6.0
37.64,29.660421,2024-11-07,6.0
50.32,28.75334,2024-11-08,6.0
48.36,29.119753,2024-11-09,6.0
38.664,32.004715,2024-11-10,6.0
48.12,34.551186,2024-11-11,6.0
28.88,34.920696,2024-11-12,6.0
47.8,36.39697,2024-11-13,6.0
43.36,36.939926,2024-11-14,6.0
36.388,34.030254,2024-11-15,6.0
52.172,32.879627,2024-11-16,6.0
36.968,33.478527,2024-11-17,6.0
42.832,33.56017,2024-11-18,6.0
46.6,34.70288,2024-11-19,6.0
41.24,37.547215,2024-11-20,6.0
28.056,36.097786,2024-11-21,6.0
28.256,36.41891,2024-11-22,6.0
44.217335,36.277256,2024-11-23,6.0
36.646667,33.126835,2024-11-24,6.0
44.357334,32.99161,2024-11-25,6.0
42.053333,33.71961,2024-11-26,6.0
39.396,32.32619,2024-11-27,6.0
37.458,35.675144,2024-11-28,6.0
41.777,37.47137,2024-11-29,6.0
41.2,33.2712,2024-11-30,6.0
56.868,32.770927,2024-12-01,6.0
51.512,32.910564,2024-12-02,6.0
60.62,34.35415,2024-12-03,6.0
52.96,36.2974,2024-12-04,6.0
51.428,39.883335,2024-12-05,6.0
54.532,42.093933,2024-12-06,6.0
47.92,39.32762,2024-12-07,6.0
28.228,40.44942,2024-12-08,6.0
41.0228,39.188488,2024-12-09,6.0
53.188,41.35493,2024-12-10,6.0
48.108,38.822792,2024-12-11,6.0
48.08,36.663754,2024-12-12,6.0
38.292,36.158108,2024-12-13,6.0
41.7,37.389385,2024-12-14,6.0
46.928,38.993153,2024-12-15,6.0
54.664,39.50066,2024-12-16,6.0
39.808,38.58994,2024-12-17,6.0
49.808,40.100056,2024-12-18,6.0
48.292,42.891285,2024-12-19,6.0
55.532,40.813854,2024-12-20,6.0
63.208,39.715252,2024-12-21,6.0
49.26,41.969265,2024-12-22,6.0
45.188,45.377995,2024-12-23,6.0
52.112,46.461285,2024-12-24,6.0
59.7,46.16154,2024-12-25,6.0
57.452,42.00151,2024-12-26,6.0
55.11,39.47964,2024-12-27,6.0
60.64,39.744396,2024-12-28,6.0
50.816,42.07541,2024-12-29,6.0
56.711,45.35745,2024-12-30,6.0
54.68,48.51287,2024-12-31,6.0
59.048,48.752537,2025-01-01,6.0
57.0,46.92152,2025-01-02,6.0
50.92,46.6839,2025-01-03,6.0
51.272,48.2124,2025-01-04,6.0
62.74,48.66192,2025-01-05,6.0
67.26,48.095707,2025-01-06,6.0
62.74,47.466553,2025-01-07,6.0
68.1,50.19394,2025-01-08,6.0
53.792,50.599964,2025-01-09,6.0
70.668,52.741398,2025-01-10,6.0
71.3,52.176132,2025-01-11,6.0
68.392,50.548775,2025-01-12,6.0
57.008,51.218792,2025-01-13,6.0
31.82,54.448616,2025-01-14,6.0
70.62,56.358887,2025-01-15,6.0
56.14,50.97324,2025-01-16,6.0
49.2,50.877377,2025-01-17,6.0
53.108,49.41811,2025-01-18,6.0
45.032,49.857124,2025-01-19,6.0
44.792,50.56937,2025-01-20,6.0
54.776,46.60856,2025-01-21,6.0
52.424,47.57947,2025-01-22,6.0
44.248,41.9188,2025-01-23,6.0
43.12,47.23505,2025-01-24,6.0
43.58,45.296513,2025-01-25,6.0
48.62,42.13439,2025-01-26,6.0
36.552,41.921963,2025-01-27,6.0
48.668,41.732723,2025-01-28,6.0
28.052,41.621346,2025-01-29,6.0
33.376,40.19786,2025-01-30,6.0
25.5828,41.21891,2025-01-31,6.0
38.6,36.715504,2025-02-01,6.0
42.508,31.876194,2025-02-02,6.0
51.268,29.615175,2025-02-03,6.0
61.9428,32.539276,2025-02-04,6.0
43.568,34.310375,2025-02-05,6.0
62.848,37.79062,2025-02-06,6.0
35.228,40.667526,2025-02-07,6.0
44.1428,42.15199,2025-02-08,6.0
65.24,43.057266,2025-02-09,6.0
48.068,38.886395,2025-02-10,6.0
51.58,40.379498,2025-02-11,6.0
33.048,42.68011,2025-02-12,6.0
45.312,43.846138,2025-02-13,6.0
57.028,42.99207,2025-02-14,6.0
48.911,42.255146,2025-02-15,6.0
47.456,39.471447,2025-02-16,6.0
50.711,42.858315,2025-02-17,6.0
42.608,45.20237,2025-02-18,6.0
48.352,42.233646,2025-02-19,6.0
45.832,42.84677,2025-02-20,6.0
65.736,38.977734,2025-02-21,6.0
63.252,38.65243,2025-02-22,6.0
66.28,39.8569,2025-02-23,6.0
48.788,46.700924,2025-02-24,6.0
52.052,49.542835,2025-02-25,6.0
51.268,53.562756,2025-02-26,6.0
46.792,50.794662,2025-02-27,6.0
11.112,48.123,2025-02-28,6.0
61.988,47.81322,2025-03-01,6.0
52.668,41.463688,2025-03-02,6.0
54.212,33.93323,2025-03-03,6.0
11.628,38.177616,2025-03-04,6.0
52.72,42.70968,2025-03-05,6.0
28.352,41.03654,2025-03-06,6.0
35.6,38.39435,2025-03-07,6.0
56.992,37.694576,2025-03-08,6.0
16.296,33.642666,2025-03-09,6.0
41.8628,36.2007,2025-03-10,6.0
35.888,36.76058,2025-03-11,6.0
27.22,34.967762,2025-03-12,6.0
12.68,33.65589,2025-03-13,6.0
24.14,32.841022,2025-03-14,6.0
47.58,28.901464,2025-03-15,6.0
20.708,25.635775,2025-03-16,6.0
13.8228,28.992228,2025-03-17,6.0
35.56,27.88223,2025-03-18,6.0
41.568,28.680101,2025-03-19,6.0
25.26,30.526585,2025-03-20,6.0
12.98,29.135124,2025-03-21,6.0
43.712,28.759497,2025-03-22,6.0
53.96,25.856909,2025-03-23,6.0
29.6,26.476145,2025-03-24,6.0
21.28,27.046568,2025-03-25,6.0
26.28,29.994635,2025-03-26,6.0
53.808,30.45951,2025-03-27,6.0
22.96,30.663973,2025-03-28,6.0
57.56,28.772257,2025-03-29,6.0
35.928,29.543869,2025-03-30,6.0
53.9,30.710203,2025-03-31,6.0
10.86,34.168816,2025-04-01,6.0
27.732,34.88604,2025-04-02,6.0
43.2,33.886635,2025-04-03,6.0
50.308,29.343374,2025-04-04,6.0
19.94,30.26353,2025-04-05,6.0
48.16,30.217123,2025-04-06,6.0
22.64,30.669075,2025-04-07,6.0
22.26,30.235254,2025-04-08,6.0
42.188,32.869564,2025-04-09,6.0
45.2,29.442812,2025-04-10,6.0
14.102,28.543257,2025-04-11,6.0
39.528,31.06012,2025-04-12,6.0
45.5428,33.101063,2025-04-13,6.0
38.24,29.65481,2025-04-14,6.0
37.456,30.889984,2025-04-15,6.0
32.464,32.34065,2025-04-16,6.0
44.968,31.8373,2025-04-17,6.0
31.58,30.69723,2025-04-18,6.0
31.88,31.260191,2025-04-19,6.0
32.732,32.41103,2025-04-20,6.0
16.96,30.603518,2025-04-21,6.0
27.028,29.765123,2025-04-22,6.0
48.808,30.421843,2025-04-23,6.0
17.992,29.365469,2025-04-24,6.0
16.576,30.12803,2025-04-25,6.0
42.552,32.276356,2025-04-26,6.0
41.62,29.77792,2025-04-27,6.0
45.64,26.83383,2025-04-28,6.0
55.852,29.95722,2025-04-29,6.0
39.48,33.360157,2025-04-30,6.0
55.428,34.444794,2025-05-01,6.0
44.14,37.928608,2025-05-02,6.0
24.648,35.390636,2025-05-03,6.0
38.428,35.044243,2025-05-04,6.0
49.72,34.150166,2025-05-05,6.0
50.832,33.17007,2025-05-06,6.0
48.352,33.78819,2025-05-07,6.0
43.488,38.31867,2025-05-08,6.0
43.952,37.651314,2025-05-09,6.0
46.36,37.01383,2025-05-10,6.0
48.856,42.3699,2025-05-11,6.0
51.12,35.185135,2025-05-12,6.0
32.892,37.23569,2025-05-13,6.0
37.46,40.109447,2025-05-14,6.0
35.028,39.27512,2025-05-15,6.0
27.032,35.451763,2025-05-16,6.0
27.028,32.10841,2025-05-17,6.0
28.64,30.616497,2025-05-18,6.0
32.576,30.150364,2025-05-19,6.0
42.372,29.85419,2025-05-20,6.0
44.3,30.00477,2025-05-21,6.0
26.848,29.916359,2025-05-22,6.0
37.172,30.636068,2025-05-23,6.0
30.868,30.367954,2025-05-24,6.0
37.028,31.488997,2025-05-25,6.0
30.1428,29.807795,2025-05-26,6.0
38.136,28.019064,2025-05-27,6.0
43.211,29.284472,2025-05-28,6.0
42.028,30.63859,2025-05-29,6.0
38.56,33.79846,2025-05-30,6.0
27.58,30.999685,2025-05-31,6.0
19.392,32.425694,2025-06-01,6.0
29.08,29.271654,2025-06-02,6.0
25.288,27.224443,2025-06-03,6.0
38.18,25.611917,2025-06-04,6.0
52.34,25.987597,2025-06-05,6.0
43.568,27.833864,2025-06-06,6.0
31.412,29.878016,2025-06-07,6.0
32.308,32.781734,2025-06-08,6.0
46.732,31.84385,2025-06-09,6.0
32.1,28.749256,2025-06-10,6.0
39.82,31.197294,2025-06-11,6.0
39.32,30.867167,2025-06-12,6.0
24.892,30.249134,2025-06-13,6.0
18.296,30.95469,2025-06-14,6.0
29.224,31.582035,2025-06-15,6.0
30.0,27.34174,2025-06-16,6.0
26.268,22.319601,2024-09-18,7.0
27.532,21.313128,2024-09-19,7.0
25.172,21.491783,2024-09-20,7.0
25.28,21.79208,2024-09-21,7.0
21.888,23.709387,2024-09-22,7.0
19.58,22.565166,2024-09-23,7.0
21.38,22.891775,2024-09-24,7.0
20.608,23.416811,2024-09-25,7.0
41.36,23.334074,2024-09-26,7.0
36.832,21.81667,2024-09-27,7.0
32.168,22.627039,2024-09-28,7.0
32.624,27.503325,2024-09-29,7.0
31.96,28.770205,2024-09-30,7.0
36.028,29.62425,2024-10-01,7.0
25.068,31.058569,2024-10-02,7.0
36.528,30.883226,2024-10-03,7.0
25.488,29.333986,2024-10-04,7.0
25.932,26.30183,2024-10-05,7.0
33.932,30.159464,2024-10-06,7.0
33.028,29.82913,2024-10-07,7.0
41.72,30.581858,2024-10-08,7.0
38.12,30.794209,2024-10-09,7.0
30.88,31.67374,2024-10-10,7.0
23.08,30.636717,2024-10-11,7.0
30.092,31.135044,2024-10-12,7.0
25.788,30.532293,2024-10-13,7.0
30.788,28.294594,2024-10-14,7.0
28.532,28.810556,2024-10-15,7.0
35.708,28.728636,2024-10-16,7.0
28.112,29.683767,2024-10-17,7.0
33.34,30.9377,2024-10-18,7.0
23.732,30.783014,2024-10-19,7.0
20.048,29.748266,2024-10-20,7.0
27.032,28.344084,2024-10-21,7.0
27.028,26.220896,2024-10-22,7.0
22.572,25.781162,2024-10-23,7.0
36.8,27.14897,2024-10-24,7.0
31.12,27.291304,2024-10-25,7.0
27.628,25.941343,2024-10-26,7.0
25.25,28.200933,2024-10-27,7.0
32.752,27.531763,2024-10-28,7.0
24.768,26.43791,2024-10-29,7.0
25.828,27.677237,2024-10-30,7.0
29.208,28.233088,2024-10-31,7.0
21.88,24.70112,2024-11-01,7.0
29.932,25.378386,2024-11-02,7.0
25.788,25.629446,2024-11-03,7.0
27.172,26.737898,2024-11-04,7.0
20.428,27.358534,2024-11-05,7.0
31.052,28.103483,2024-11-06,7.0
32.8,26.938011,2024-11-07,7.0
21.092,25.541906,2024-11-08,7.0
25.72,26.369814,2024-11-09,7.0
23.336,27.231462,2024-11-10,7.0
50.064,26.276184,2024-11-11,7.0
43.848,26.287422,2024-11-12,7.0
37.168,29.014105,2024-11-13,7.0
29.104,32.02357,2024-11-14,7.0
26.736,33.077282,2024-11-15,7.0
37.48,32.249657,2024-11-16,7.0
36.08,30.982481,2024-11-17,7.0
31.652,30.000864,2024-11-18,7.0
32.728,30.238943,2024-11-19,7.0
25.0,34.0689,2024-11-20,7.0
35.68,34.373543,2024-11-21,7.0
25.952,33.48296,2024-11-22,7.0
25.0428,31.964394,2024-11-23,7.0
28.281334,30.922857,2024-11-24,7.0
36.296,29.576777,2024-11-25,7.0
32.338665,30.048248,2024-11-26,7.0
25.073334,28.768589,2024-11-27,7.0
31.698,32.787376,2024-11-28,7.0
26.165,32.677536,2024-11-29,7.0
28.8668,28.558569,2024-11-30,7.0
38.1,28.75783,2024-12-01,7.0
32.848,27.669502,2024-12-02,7.0
38.12,29.488844,2024-12-03,7.0
35.552,30.46882,2024-12-04,7.0
50.048,33.388386,2024-12-05,7.0
29.6228,33.244133,2024-12-06,7.0
38.908,31.782349,2024-12-07,7.0
33.772,34.11309,2024-12-08,7.0
35.216,32.165104,2024-12-09,7.0
25.12,35.646816,2024-12-10,7.0
39.9428,35.91222,2024-12-11,7.0
26.92,32.347694,2024-12-12,7.0
41.228,29.362226,2024-12-13,7.0
30.26,32.8501,2024-12-14,7.0
44.78,33.02318,2024-12-15,7.0
25.8,34.718296,2024-12-16,7.0
41.72,36.05734,2024-12-17,7.0
48.868,39.12296,2024-12-18,7.0
41.612,39.34058,2024-12-19,7.0
42.72,39.25835,2024-12-20,7.0
39.211,36.728962,2024-12-21,7.0
39.888,40.616722,2024-12-22,7.0
42.028,44.44988,2024-12-23,7.0
44.688,44.79426,2024-12-24,7.0
50.792,43.143375,2024-12-25,7.0
38.632,40.025684,2024-12-26,7.0
41.688,37.98132,2024-12-27,7.0
33.68,37.98279,2024-12-28,7.0
39.76,39.351967,2024-12-29,7.0
28.448,39.936253,2024-12-30,7.0
43.812,42.176716,2024-12-31,7.0
37.34,42.144947,2025-01-01,7.0
41.02,36.656162,2025-01-02,7.0
39.411,36.879673,2025-01-03,7.0
47.808,37.212627,2025-01-04,7.0
28.88,37.95845,2025-01-05,7.0
43.8,37.899303,2025-01-06,7.0
31.048,38.24133,2025-01-07,7.0
39.6,36.082737,2025-01-08,7.0
47.392,36.134914,2025-01-09,7.0
28.192,36.70931,2025-01-10,7.0
41.12,37.00118,2025-01-11,7.0
28.812,37.93124,2025-01-12,7.0
37.592,36.841534,2025-01-13,7.0
25.36,36.252438,2025-01-14,7.0
30.52,37.587116,2025-01-15,7.0
50.64,32.48264,2025-01-16,7.0
47.2,31.24358,2025-01-17,7.0
50.5,30.575556,2025-01-18,7.0
41.932,34.720467,2025-01-19,7.0
27.336,39.440277,2025-01-20,7.0
39.624,38.52328,2025-01-21,7.0
41.568,41.563625,2025-01-22,7.0
35.808,34.89678,2025-01-23,7.0
25.2,36.47495,2025-01-24,7.0
39.372,36.99681,2025-01-25,7.0
27.8,35.288216,2025-01-26,7.0
25.372,35.475407,2025-01-27,7.0
25.288,36.49914,2025-01-28,7.0
37.528,34.570396,2025-01-29,7.0
32.6228,32.25433,2025-01-30,7.0
38.176,32.98293,2025-01-31,7.0
31.11,31.76543,2025-02-01,7.0
35.792,27.789919,2025-02-02,7.0
38.62,28.90308,2025-02-03,7.0
31.62,31.632366,2025-02-04,7.0
32.1,32.19565,2025-02-05,7.0
42.548,33.61211,2025-02-06,7.0
31.532,34.19668,2025-02-07,7.0
37.332,33.489704,2025-02-08,7.0
33.856,35.014736,2025-02-09,7.0
32.772,32.3998,2025-02-10,7.0
28.84,33.476074,2025-02-11,7.0
33.332,34.539753,2025-02-12,7.0
25.428,33.841103,2025-02-13,7.0
42.848,33.14991,2025-02-14,7.0
33.64,32.53787,2025-02-15,7.0
36.848,29.662813,2025-02-16,7.0
31.711,33.526394,2025-02-17,7.0
25.24,34.66736,2025-02-18,7.0
18.272,31.652147,2025-02-19,7.0
44.0,31.886698,2025-02-20,7.0
29.856,27.887583,2025-02-21,7.0
39.992,26.11393,2025-02-22,7.0
32.888,28.633251,2025-02-23,7.0
30.016,32.012325,2025-02-24,7.0
45.368,33.299213,2025-02-25,7.0
25.568,33.939537,2025-02-26,7.0
28.848,32.90192,2025-02-27,7.0
14.08,30.714628,2025-02-28,7.0
31.936,32.626453,2025-03-01,7.0
35.648,29.133837,2025-03-02,7.0
28.592,25.633406,2025-03-03,7.0
33.368,27.709383,2025-03-04,7.0
29.272,29.58568,2025-03-05,7.0
30.832,29.42277,2025-03-06,7.0
28.612,29.855589,2025-03-07,7.0
23.736,28.497839,2025-03-08,7.0
29.5828,28.223597,2025-03-09,7.0
23.896,28.717424,2025-03-10,7.0
36.776,29.696865,2025-03-11,7.0
22.048,27.324179,2025-03-12,7.0
21.744,27.482761,2025-03-13,7.0
24.9828,27.075039,2025-03-14,7.0
18.68,24.578917,2025-03-15,7.0
30.428,23.883444,2025-03-16,7.0
23.576,24.56415,2025-03-17,7.0
26.624,23.498915,2025-03-18,7.0
28.96,25.14331,2025-03-19,7.0
24.24,28.580225,2025-03-20,7.0
25.488,25.719324,2025-03-21,7.0
31.92,25.066696,2025-03-22,7.0
28.288,24.131517,2025-03-23,7.0
29.696,24.202368,2025-03-24,7.0
29.872,25.040358,2025-03-25,7.0
24.6628,26.339209,2025-03-26,7.0
26.216,28.498386,2025-03-27,7.0
26.768,28.290773,2025-03-28,7.0
27.776,25.310637,2025-03-29,7.0
26.76,24.545664,2025-03-30,7.0
8.568,25.895864,2025-03-31,7.0
31.9428,25.642103,2025-04-01,7.0
28.32,24.259598,2025-04-02,7.0
24.216,22.787333,2025-04-03,7.0
25.288,23.880909,2025-04-04,7.0
18.612,24.165115,2025-04-05,7.0
24.76,23.454256,2025-04-06,7.0
17.824,22.390654,2025-04-07,7.0
18.528,24.24415,2025-04-08,7.0
26.976,21.880428,2025-04-09,7.0
29.888,21.738476,2025-04-10,7.0
11.288,22.537523,2025-04-11,7.0
21.392,23.322985,2025-04-12,7.0
20.8,23.136103,2025-04-13,7.0
29.1828,21.186483,2025-04-14,7.0
20.24,20.429417,2025-04-15,7.0
25.228,21.465189,2025-04-16,7.0
16.552,21.768642,2025-04-17,7.0
23.68,20.997221,2025-04-18,7.0
20.412,20.798628,2025-04-19,7.0
26.68,22.034777,2025-04-20,7.0
27.9828,22.229065,2025-04-21,7.0
26.5028,21.57204,2025-04-22,7.0
22.896,24.8793,2025-04-23,7.0
22.096,25.270763,2025-04-24,7.0
24.232,26.05581,2025-04-25,7.0
18.056,24.453184,2025-04-26,7.0
25.254,25.016376,2025-04-27,7.0
18.128,21.753119,2025-04-28,7.0
29.376,22.551607,2025-04-29,7.0
17.296,25.272469,2025-04-30,7.0
35.472,26.072731,2025-05-01,7.0
30.136,25.173714,2025-05-02,7.0
28.711,23.393625,2025-05-03,7.0
25.768,25.026009,2025-05-04,7.0
22.312,24.776075,2025-05-05,7.0
24.8,25.951078,2025-05-06,7.0
32.6,24.830992,2025-05-07,7.0
26.328,26.650093,2025-05-08,7.0
27.232,25.054659,2025-05-09,7.0
26.128,24.655388,2025-05-10,7.0
26.624,28.630991,2025-05-11,7.0
27.412,23.918814,2025-05-12,7.0
31.48,26.035297,2025-05-13,7.0
23.52,25.97581,2025-05-14,7.0
30.672,25.938616,2025-05-15,7.0
23.648,26.366869,2025-05-16,7.0
28.664,24.54674,2025-05-17,7.0
30.68,24.983984,2025-05-18,7.0
25.368,25.094969,2025-05-19,7.0
25.512,26.416758,2025-05-20,7.0
29.176,25.987492,2025-05-21,7.0
32.1828,26.617603,2025-05-22,7.0
29.648,25.487852,2025-05-23,7.0
25.768,25.723135,2025-05-24,7.0
25.424,28.361029,2025-05-25,7.0
21.68,26.867971,2025-05-26,7.0
28.5828,25.385092,2025-05-27,7.0
30.984,27.08029,2025-05-28,7.0
32.688,26.64981,2025-05-29,7.0
26.384,27.32896,2025-05-30,7.0
28.936,24.915884,2025-05-31,7.0
20.128,26.275742,2025-06-01,7.0
23.416,25.266573,2025-06-02,7.0
30.072,24.780537,2025-06-03,7.0
33.544,23.756132,2025-06-04,7.0
31.256,25.235952,2025-06-05,7.0
24.5828,26.892519,2025-06-06,7.0
25.48,27.194614,2025-06-07,7.0
30.864,26.57852,2025-06-08,7.0
31.376,25.466484,2025-06-09,7.0
30.488,25.234644,2025-06-10,7.0
28.096,27.981806,2025-06-11,7.0
29.048,29.124989,2025-06-12,7.0
18.96,28.66796,2025-06-13,7.0
11.112,26.793919,2025-06-14,7.0
21.648,25.795921,2025-06-15,7.0
20.0,22.543802,2025-06-16,7.0
9.811,10.708624,2024-09-18,8.0
10.72,10.630113,2024-09-19,8.0
13.468,10.692278,2024-09-20,8.0
16.948,10.744947,2024-09-21,8.0
12.8628,11.507511,2024-09-22,8.0
10.08,11.355641,2024-09-23,8.0
5.288,12.032852,2024-09-24,8.0
9.88,12.40047,2024-09-25,8.0
23.911,12.145374,2024-09-26,8.0
20.188,11.8175955,2024-09-27,8.0
19.64,12.613865,2024-09-28,8.0
14.96,15.017492,2024-09-29,8.0
17.6,14.690399,2024-09-30,8.0
11.708,15.194876,2024-10-01,8.0
10.584,16.617678,2024-10-02,8.0
22.808,16.944078,2024-10-03,8.0
21.552,16.41405,2024-10-04,8.0
18.56,15.874506,2024-10-05,8.0
22.628,18.904287,2024-10-06,8.0
18.0,18.917841,2024-10-07,8.0
17.612,19.70293,2024-10-08,8.0
17.012,19.955164,2024-10-09,8.0
23.464,19.41784,2024-10-10,8.0
20.928,18.142183,2024-10-11,8.0
11.6,18.885645,2024-10-12,8.0
18.048,20.51407,2024-10-13,8.0
25.432,18.947279,2024-10-14,8.0
22.672,19.050127,2024-10-15,8.0
17.428,19.863522,2024-10-16,8.0
25.936,21.00369,2024-10-17,8.0
18.832,21.130535,2024-10-18,8.0
26.248,21.475351,2024-10-19,8.0
22.211,22.42125,2024-10-20,8.0
11.8,20.886518,2024-10-21,8.0
30.012,20.832363,2024-10-22,8.0
12.56,20.755468,2024-10-23,8.0
20.056,22.558958,2024-10-24,8.0
35.704,22.41127,2024-10-25,8.0
12.096,21.433855,2024-10-26,8.0
25.0,22.614737,2024-10-27,8.0
11.852,21.691397,2024-10-28,8.0
20.932,21.682928,2024-10-29,8.0
19.828,21.211031,2024-10-30,8.0
27.12,21.383806,2024-10-31,8.0
20.976,20.167654,2024-11-01,8.0
16.532,20.4106,2024-11-02,8.0
27.72,22.10259,2024-11-03,8.0
18.028,21.232103,2024-11-04,8.0
20.308,22.587553,2024-11-05,8.0
11.5428,22.673548,2024-11-06,8.0
27.768,22.543577,2024-11-07,8.0
29.98,21.340181,2024-11-08,8.0
20.988,21.591257,2024-11-09,8.0
21.28,24.109774,2024-11-10,8.0
25.28,23.120138,2024-11-11,8.0
10.432,23.904299,2024-11-12,8.0
18.272,24.405203,2024-11-13,8.0
25.028,24.043879,2024-11-14,8.0
28.868,21.65657,2024-11-15,8.0
27.188,21.511164,2024-11-16,8.0
23.072,23.499182,2024-11-17,8.0
11.232,23.1699,2024-11-18,8.0
24.848,23.873772,2024-11-19,8.0
23.06,24.634373,2024-11-20,8.0
23.028,23.789358,2024-11-21,8.0
26.608,23.580557,2024-11-22,8.0
21.569334,23.811861,2024-11-23,8.0
24.024,24.864334,2024-11-24,8.0
19.517334,24.24747,2024-11-25,8.0
18.529333,24.999393,2024-11-26,8.0
18.958666,23.301605,2024-11-27,8.0
28.282667,24.37949,2024-11-28,8.0
28.965992,25.240517,2024-11-29,8.0
22.588,23.250471,2024-11-30,8.0
22.58,24.937881,2024-12-01,8.0
24.1,24.458353,2024-12-02,8.0
22.628,25.092363,2024-12-03,8.0
24.811,24.499197,2024-12-04,8.0
17.258,25.626295,2024-12-05,8.0
14.8628,25.623348,2024-12-06,8.0
18.576,24.061737,2024-12-07,8.0
23.232,24.183388,2024-12-08,8.0
12.7,22.111755,2024-12-09,8.0
11.428,23.149893,2024-12-10,8.0
16.06,23.52133,2024-12-11,8.0
17.368,21.112076,2024-12-12,8.0
12.732,20.025011,2024-12-13,8.0
10.988,20.38715,2024-12-14,8.0
20.12,20.992786,2024-12-15,8.0
22.92,19.845835,2024-12-16,8.0
20.7428,19.813833,2024-12-17,8.0
23.488,21.423277,2024-12-18,8.0
11.64,22.094858,2024-12-19,8.0
19.38,21.335875,2024-12-20,8.0
10.388,19.587729,2024-12-21,8.0
23.332,21.838018,2024-12-22,8.0
10.388,21.484377,2024-12-23,8.0
6.532,21.347677,2024-12-24,8.0
16.0,21.660856,2024-12-25,8.0
11.508,18.841259,2024-12-26,8.0
12.36,16.843325,2024-12-27,8.0
19.0,16.299839,2024-12-28,8.0
18.472,17.29767,2024-12-29,8.0
16.102,16.703373,2024-12-30,8.0
20.176,19.030663,2024-12-31,8.0
20.011,20.759031,2025-01-01,8.0
13.128,19.409855,2025-01-02,8.0
23.82,19.591589,2025-01-03,8.0
21.772,19.878374,2025-01-04,8.0
18.568,20.569365,2025-01-05,8.0
19.06,20.31613,2025-01-06,8.0
19.52,20.616396,2025-01-07,8.0
17.748,20.52252,2025-01-08,8.0
5.632,20.139029,2025-01-09,8.0
21.848,21.115377,2025-01-10,8.0
5.1428,19.864687,2025-01-11,8.0
14.888,21.25568,2025-01-12,8.0
18.608,19.972895,2025-01-13,8.0
17.628,19.154037,2025-01-14,8.0
18.052,20.83309,2025-01-15,8.0
20.372,18.67623,2025-01-16,8.0
10.768,19.27639,2025-01-17,8.0
11.12,17.309439,2025-01-18,8.0
10.648,18.942091,2025-01-19,8.0
19.192,17.865881,2025-01-20,8.0
13.56,15.670687,2025-01-21,8.0
14.88,16.862036,2025-01-22,8.0
23.488,16.202166,2025-01-23,8.0
18.96,17.066755,2025-01-24,8.0
7.672,17.88311,2025-01-25,8.0
16.1,19.547014,2025-01-26,8.0
20.56,19.189402,2025-01-27,8.0
14.548,17.91007,2025-01-28,8.0
10.984,18.458376,2025-01-29,8.0
3.92,18.203602,2025-01-30,8.0
24.256,18.321741,2025-01-31,8.0
25.28,17.075579,2025-02-01,8.0
25.092,15.928426,2025-02-02,8.0
21.972,16.275114,2025-02-03,8.0
29.708,17.779028,2025-02-04,8.0
35.028,19.253885,2025-02-05,8.0
23.32,21.51446,2025-02-06,8.0
24.432,23.434713,2025-02-07,8.0
36.048,24.361704,2025-02-08,8.0
30.452,26.242968,2025-02-09,8.0
23.612,25.597887,2025-02-10,8.0
26.648,27.441105,2025-02-11,8.0
24.0,27.938627,2025-02-12,8.0
31.208,27.513361,2025-02-13,8.0
24.792,28.97637,2025-02-14,8.0
21.592,28.490557,2025-02-15,8.0
21.576,27.343939,2025-02-16,8.0
25.384,27.963293,2025-02-17,8.0
28.028,28.616346,2025-02-18,8.0
14.788,25.215181,2025-02-19,8.0
6.52,25.925524,2025-02-20,8.0
24.011,23.798353,2025-02-21,8.0
11.96,22.489475,2025-02-22,8.0
31.48,21.920706,2025-02-23,8.0
23.128,21.81643,2025-02-24,8.0
31.528,22.089193,2025-02-25,8.0
28.254,23.876963,2025-02-26,8.0
36.0,24.420912,2025-02-27,8.0
10.868,24.271278,2025-02-28,8.0
39.258,25.496527,2025-03-01,8.0
23.9028,24.173475,2025-03-02,8.0
37.288,22.063292,2025-03-03,8.0
23.072,24.086533,2025-03-04,8.0
17.828,26.442375,2025-03-05,8.0
24.44,27.382097,2025-03-06,8.0
41.088,27.897057,2025-03-07,8.0
27.711,27.347515,2025-03-08,8.0
26.64,27.168182,2025-03-09,8.0
29.76,29.967665,2025-03-10,8.0
20.64,29.083193,2025-03-11,8.0
25.808,28.469324,2025-03-12,8.0
20.42,28.257374,2025-03-13,8.0
23.012,26.604176,2025-03-14,8.0
24.168,24.642027,2025-03-15,8.0
30.448,24.287054,2025-03-16,8.0
19.572,24.675568,2025-03-17,8.0
27.092,24.148726,2025-03-18,8.0
16.812,26.37451,2025-03-19,8.0
25.132,28.506378,2025-03-20,8.0
33.02,25.668804,2025-03-21,8.0
18.648,24.03995,2025-03-22,8.0
20.311,24.158644,2025-03-23,8.0
19.232,23.331049,2025-03-24,8.0
27.908,22.584688,2025-03-25,8.0
12.068,23.43646,2025-03-26,8.0
19.952,24.775394,2025-03-27,8.0
20.26,24.066263,2025-03-28,8.0
25.492,21.392527,2025-03-29,8.0
24.776,21.623484,2025-03-30,8.0
11.28,21.389124,2025-03-31,8.0
21.211,21.414236,2025-04-01,8.0
28.78,20.514454,2025-04-02,8.0
11.888,20.349504,2025-04-03,8.0
26.112,20.913355,2025-04-04,8.0
25.6,20.151743,2025-04-05,8.0
20.7,19.809341,2025-04-06,8.0
24.46,19.714052,2025-04-07,8.0
16.128,21.134312,2025-04-08,8.0
27.024,20.88103,2025-04-09,8.0
19.888,21.18856,2025-04-10,8.0
28.968,22.35271,2025-04-11,8.0
17.784,22.823141,2025-04-12,8.0
25.728,23.967129,2025-04-13,8.0
11.9,22.991392,2025-04-14,8.0
12.292,21.206203,2025-04-15,8.0
13.12,20.79756,2025-04-16,8.0
10.736,19.00019,2025-04-17,8.0
23.744,17.960062,2025-04-18,8.0
22.776,16.103899,2025-04-19,8.0
16.024,18.328602,2025-04-20,8.0
11.456,18.136766,2025-04-21,8.0
22.752,18.200396,2025-04-22,8.0
11.672,17.942394,2025-04-23,8.0
27.296,18.315475,2025-04-24,8.0
28.784,17.96308,2025-04-25,8.0
17.028,18.494614,2025-04-26,8.0
28.096,21.177332,2025-04-27,8.0
25.692,19.64292,2025-04-28,8.0
17.5,20.794636,2025-04-29,8.0
21.12,23.082363,2025-04-30,8.0
22.3,23.46128,2025-05-01,8.0
21.428,21.391788,2025-05-02,8.0
26.972,19.765982,2025-05-03,8.0
21.708,20.720701,2025-05-04,8.0
22.08,20.275599,2025-05-05,8.0
22.532,21.573298,2025-05-06,8.0
17.736,22.3136,2025-05-07,8.0
28.12,22.85894,2025-05-08,8.0
16.5428,22.083654,2025-05-09,8.0
22.008,21.171694,2025-05-10,8.0
25.488,22.693558,2025-05-11,8.0
26.012,18.201681,2025-05-12,8.0
21.46,20.942797,2025-05-13,8.0
24.792,22.317303,2025-05-14,8.0
17.468,21.827753,2025-05-15,8.0
18.052,20.855324,2025-05-16,8.0
27.976,19.654406,2025-05-17,8.0
23.904,18.443655,2025-05-18,8.0
16.096,20.051023,2025-05-19,8.0
11.311,21.05697,2025-05-20,8.0
14.76,20.233498,2025-05-21,8.0
24.392,18.962076,2025-05-22,8.0
20.908,17.351667,2025-05-23,8.0
16.16,17.294832,2025-05-24,8.0
16.892,18.435785,2025-05-25,8.0
6.788,17.919249,2025-05-26,8.0
7.308,17.013924,2025-05-27,8.0
1.32,17.113174,2025-05-28,8.0
0.024,15.604605,2025-05-29,8.0
1.148,14.1087675,2025-05-30,8.0
1.258,9.948317,2025-05-31,8.0
4.064,7.5847874,2025-06-01,8.0
3.612,6.427934,2025-06-02,8.0
6.28,6.379715,2025-06-03,8.0
14.8628,5.809042,2025-06-04,8.0
5.328,6.136854,2025-06-05,8.0
3.592,8.505088,2025-06-06,8.0
7.948,7.348852,2025-06-07,8.0
12.12,6.4736314,2025-06-08,8.0
10.108,6.1199102,2025-06-09,8.0
8.032,6.89075,2025-06-10,8.0
10.711,8.007883,2025-06-11,8.0
10.296,8.333535,2025-06-12,8.0
7.952,9.796304,2025-06-13,8.0
9.22,9.426952,2025-06-14,8.0
6.25,9.470336,2025-06-15,8.0
7.0,9.089188,2025-06-16,8.0
13.94,17.994528,2024-09-18,9.0
16.072,17.322866,2024-09-19,9.0
20.028,16.151983,2024-09-20,9.0
22.82,15.508229,2024-09-21,9.0
16.392,16.391563,2024-09-22,9.0
16.056,16.515846,2024-09-23,9.0
14.132,17.644192,2024-09-24,9.0
13.572,18.167377,2024-09-25,9.0
32.296,18.751581,2024-09-26,9.0
26.1428,16.86423,2024-09-27,9.0
23.088,17.370111,2024-09-28,9.0
30.68,20.699747,2024-09-29,9.0
27.42,21.416742,2024-09-30,9.0
21.4,23.422731,2024-10-01,9.0
23.428,26.934084,2024-10-02,9.0
18.8,27.012388,2024-10-03,9.0
24.028,25.289083,2024-10-04,9.0
23.784,21.430033,2024-10-05,9.0
25.888,23.569056,2024-10-06,9.0
19.568,23.78666,2024-10-07,9.0
17.32,25.501074,2024-10-08,9.0
26.992,25.35847,2024-10-09,9.0
19.58,22.905758,2024-10-10,9.0
11.64,22.079374,2024-10-11,9.0
25.028,21.10473,2024-10-12,9.0
23.228,20.202845,2024-10-13,9.0
18.172,19.653923,2024-10-14,9.0
16.732,21.622095,2024-10-15,9.0
18.628,21.85046,2024-10-16,9.0
23.748,20.43938,2024-10-17,9.0
11.052,20.661083,2024-10-18,9.0
17.168,20.956644,2024-10-19,9.0
31.0,19.178036,2024-10-20,9.0
22.088,17.625336,2024-10-21,9.0
26.48,19.972162,2024-10-22,9.0
24.112,21.558516,2024-10-23,9.0
21.0,23.55067,2024-10-24,9.0
27.82,23.761042,2024-10-25,9.0
27.88,22.808592,2024-10-26,9.0
11.108,22.455711,2024-10-27,9.0
16.102,22.355272,2024-10-28,9.0
27.88,22.3562,2024-10-29,9.0
27.432,21.455269,2024-10-30,9.0
26.92,22.93801,2024-10-31,9.0
26.528,22.200027,2024-11-01,9.0
24.28,22.429125,2024-11-02,9.0
27.428,22.968914,2024-11-03,9.0
26.928,24.64272,2024-11-04,9.0
19.052,25.2149,2024-11-05,9.0
29.228,25.37896,2024-11-06,9.0
25.28,25.37587,2024-11-07,9.0
25.108,24.940432,2024-11-08,9.0
24.64,24.836805,2024-11-09,9.0
20.84,26.113834,2024-11-10,9.0
27.852,25.367636,2024-11-11,9.0
22.852,25.599638,2024-11-12,9.0
25.72,26.724966,2024-11-13,9.0
21.328,25.96046,2024-11-14,9.0
21.112,25.337831,2024-11-15,9.0
28.148,23.867613,2024-11-16,9.0
27.76,24.109205,2024-11-17,9.0
33.092,23.206228,2024-11-18,9.0
23.648,24.332254,2024-11-19,9.0
22.352,27.843313,2024-11-20,9.0
21.656,28.337267,2024-11-21,9.0
27.262667,27.452644,2024-11-22,9.0
25.689333,25.884583,2024-11-23,9.0
25.256666,24.895407,2024-11-24,9.0
29.294666,24.80976,2024-11-25,9.0
21.850666,25.749554,2024-11-26,9.0
28.766666,25.65155,2024-11-27,9.0
23.826,27.969637,2024-11-28,9.0
31.451227,28.692116,2024-11-29,9.0
29.7052,24.585516,2024-11-30,9.0
36.612,25.311174,2024-12-01,9.0
26.728,25.863132,2024-12-02,9.0
28.02,28.412184,2024-12-03,9.0
36.88,28.966532,2024-12-04,9.0
29.668,29.715918,2024-12-05,9.0
43.372,29.961401,2024-12-06,9.0
21.812,27.663637,2024-12-07,9.0
39.212,29.52454,2024-12-08,9.0
25.492,29.581589,2024-12-09,9.0
26.132,32.176624,2024-12-10,9.0
43.696,33.15409,2024-12-11,9.0
28.6,28.537302,2024-12-12,9.0
31.292,28.11849,2024-12-13,9.0
22.34,30.237774,2024-12-14,9.0
29.048,32.337696,2024-12-15,9.0
27.832,30.75323,2024-12-16,9.0
27.48,31.372068,2024-12-17,9.0
24.688,33.041553,2024-12-18,9.0
35.48,33.096752,2024-12-19,9.0
22.68,30.777636,2024-12-20,9.0
14.292,27.271185,2024-12-21,9.0
36.092,29.983814,2024-12-22,9.0
26.028,30.028051,2024-12-23,9.0
26.972,29.719284,2024-12-24,9.0
27.028,30.620558,2024-12-25,9.0
24.26,27.690615,2024-12-26,9.0
24.711,24.267937,2024-12-27,9.0
27.088,24.732914,2024-12-28,9.0
20.008,26.073755,2024-12-29,9.0
37.064,25.103146,2024-12-30,9.0
24.72,27.726442,2024-12-31,9.0
31.696,29.854483,2025-01-01,9.0
25.032,28.34405,2025-01-02,9.0
22.9,27.60666,2025-01-03,9.0
27.028,28.741615,2025-01-04,9.0
27.08,28.125929,2025-01-05,9.0
22.811,27.195324,2025-01-06,9.0
31.28,26.548977,2025-01-07,9.0
23.428,27.370977,2025-01-08,9.0
21.74,26.065718,2025-01-09,9.0
28.632,28.241333,2025-01-10,9.0
31.32,27.473183,2025-01-11,9.0
20.888,27.80344,2025-01-12,9.0
25.968,27.961332,2025-01-13,9.0
24.211,28.680454,2025-01-14,9.0
22.44,29.686834,2025-01-15,9.0
21.58,25.999762,2025-01-16,9.0
32.3,25.75348,2025-01-17,9.0
22.42,22.984964,2025-01-18,9.0
13.928,25.066397,2025-01-19,9.0
37.092,26.919538,2025-01-20,9.0
25.616,24.36209,2025-01-21,9.0
25.5028,26.168825,2025-01-22,9.0
25.136,25.05646,2025-01-23,9.0
28.911,26.35248,2025-01-24,9.0
31.952,25.661495,2025-01-25,9.0
28.216,26.560713,2025-01-26,9.0
22.252,28.578886,2025-01-27,9.0
20.492,27.989183,2025-01-28,9.0
39.576,29.261274,2025-01-29,9.0
30.48,27.64313,2025-01-30,9.0
28.672,28.682314,2025-01-31,9.0
11.192,28.15215,2025-02-01,9.0
31.268,25.74988,2025-02-02,9.0
25.52,24.850527,2025-02-03,9.0
17.18,26.024847,2025-02-04,9.0
30.608,26.568466,2025-02-05,9.0
26.1428,26.71,2025-02-06,9.0
37.988,26.79217,2025-02-07,9.0
29.38,26.330925,2025-02-08,9.0
26.5,28.02774,2025-02-09,9.0
28.588,26.587076,2025-02-10,9.0
29.56,27.865923,2025-02-11,9.0
25.0628,28.793652,2025-02-12,9.0
30.176,28.389587,2025-02-13,9.0
20.024,29.539206,2025-02-14,9.0
32.048,27.778873,2025-02-15,9.0
30.24,26.492928,2025-02-16,9.0
26.392,27.677088,2025-02-17,9.0
25.016,28.958872,2025-02-18,9.0
30.1428,26.560217,2025-02-19,9.0
24.296,27.719011,2025-02-20,9.0
28.56,25.496466,2025-02-21,9.0
22.072,25.49416,2025-02-22,9.0
27.088,25.194706,2025-02-23,9.0
42.792,27.463518,2025-02-24,9.0
28.768,26.980663,2025-02-25,9.0
27.592,28.723825,2025-02-26,9.0
22.74,29.3183,2025-02-27,9.0
17.612,28.422897,2025-02-28,9.0
32.64,29.217901,2025-03-01,9.0
27.428,26.928661,2025-03-02,9.0
32.7,23.969282,2025-03-03,9.0
22.18,25.482567,2025-03-04,9.0
28.028,29.191355,2025-03-05,9.0
20.56,27.697853,2025-03-06,9.0
21.788,27.801348,2025-03-07,9.0
21.72,25.657738,2025-03-08,9.0
24.211,24.69679,2025-03-09,9.0
18.92,24.950993,2025-03-10,9.0
29.092,25.364138,2025-03-11,9.0
13.216,24.388315,2025-03-12,9.0
32.1428,24.07765,2025-03-13,9.0
23.256,23.509642,2025-03-14,9.0
13.972,21.254217,2025-03-15,9.0
22.372,21.980911,2025-03-16,9.0
10.736,22.66444,2025-03-17,9.0
19.584,21.204102,2025-03-18,9.0
17.388,21.45269,2025-03-19,9.0
19.828,23.501503,2025-03-20,9.0
20.52,19.776443,2025-03-21,9.0
17.868,19.893366,2025-03-22,9.0
20.12,19.43844,2025-03-23,9.0
20.6,18.82796,2025-03-24,9.0
23.2,19.27104,2025-03-25,9.0
20.744,19.74178,2025-03-26,9.0
24.976,21.383669,2025-03-27,9.0
16.192,20.728443,2025-03-28,9.0
19.02,20.059797,2025-03-29,9.0
18.811,19.716486,2025-03-30,9.0
22.828,20.023977,2025-03-31,9.0
13.736,19.615053,2025-04-01,9.0
20.6228,20.24735,2025-04-02,9.0
18.708,19.244514,2025-04-03,9.0
17.1,18.94199,2025-04-04,9.0
18.72,19.626932,2025-04-05,9.0
25.66,18.099508,2025-04-06,9.0
19.732,17.866268,2025-04-07,9.0
16.8,19.855188,2025-04-08,9.0
11.72,21.163496,2025-04-09,9.0
22.456,20.471703,2025-04-10,9.0
8.2,19.545622,2025-04-11,9.0
31.492,19.081982,2025-04-12,9.0
22.92,17.835169,2025-04-13,9.0
19.86,18.763884,2025-04-14,9.0
19.752,20.0591,2025-04-15,9.0
19.856,21.294315,2025-04-16,9.0
25.511,21.593246,2025-04-17,9.0
16.0,19.804785,2025-04-18,9.0
18.672,20.088284,2025-04-19,9.0
11.36,20.623827,2025-04-20,9.0
20.256,20.713688,2025-04-21,9.0
19.6228,19.472921,2025-04-22,9.0
11.948,20.363329,2025-04-23,9.0
18.028,21.063555,2025-04-24,9.0
23.012,20.032722,2025-04-25,9.0
25.656,19.70034,2025-04-26,9.0
11.332,20.532545,2025-04-27,9.0
24.868,19.461035,2025-04-28,9.0
21.392,18.659433,2025-04-29,9.0
16.952,22.417063,2025-04-30,9.0
21.056,24.183044,2025-05-01,9.0
11.852,22.724031,2025-05-02,9.0
20.172,19.838036,2025-05-03,9.0
19.948,18.119287,2025-05-04,9.0
17.828,18.01617,2025-05-05,9.0
21.84,18.329824,2025-05-06,9.0
19.12,19.398092,2025-05-07,9.0
20.96,21.608133,2025-05-08,9.0
20.652,20.902916,2025-05-09,9.0
16.2,19.569376,2025-05-10,9.0
24.096,21.010279,2025-05-11,9.0
19.432,15.991917,2025-05-12,9.0
22.032,20.008097,2025-05-13,9.0
22.88,20.16887,2025-05-14,9.0
19.528,20.949995,2025-05-15,9.0
19.22,21.691702,2025-05-16,9.0
17.58,20.05879,2025-05-17,9.0
25.88,19.913305,2025-05-18,9.0
17.26,18.74064,2025-05-19,9.0
19.932,20.617756,2025-05-20,9.0
18.688,20.435549,2025-05-21,9.0
19.928,21.127222,2025-05-22,9.0
18.948,20.644506,2025-05-23,9.0
30.352,19.182362,2025-05-24,9.0
21.86,20.244795,2025-05-25,9.0
21.772,20.629757,2025-05-26,9.0
20.708,20.848793,2025-05-27,9.0
23.66,23.814852,2025-05-28,9.0
24.44,23.950449,2025-05-29,9.0
22.02,23.33437,2025-05-30,9.0
22.7,20.196371,2025-05-31,9.0
17.112,19.795012,2025-06-01,9.0
22.028,20.563543,2025-06-02,9.0
21.25,20.386305,2025-06-03,9.0
24.28,21.132687,2025-06-04,9.0
21.472,22.116318,2025-06-05,9.0
25.988,23.313833,2025-06-06,9.0
25.748,21.707607,2025-06-07,9.0
24.811,21.516642,2025-06-08,9.0
20.292,22.074297,2025-06-09,9.0
23.136,22.462667,2025-06-10,9.0
13.1428,24.50059,2025-06-11,9.0
14.248,24.568651,2025-06-12,9.0
10.328,22.940928,2025-06-13,9.0
18.384,18.491594,2025-06-14,9.0
17.0,16.63073,2025-06-15,9.0
11.0,17.087463,2025-06-16,9.0
11.936,20.066578,2024-09-18,10.0
14.052,20.816996,2024-09-19,10.0
26.98,20.28185,2024-09-20,10.0
23.632,18.425974,2024-09-21,10.0
25.928,20.00014,2024-09-22,10.0
17.728,20.044353,2024-09-23,10.0
18.188,21.15433,2024-09-24,10.0
31.752,22.037863,2024-09-25,10.0
20.2,23.008839,2024-09-26,10.0
12.888,23.159971,2024-09-27,10.0
25.028,21.849081,2024-09-28,10.0
21.24,22.275824,2024-09-29,10.0
24.032,20.54619,2024-09-30,10.0
23.28,21.494905,2024-10-01,10.0
25.232,22.562323,2024-10-02,10.0
12.368,22.668468,2024-10-03,10.0
29.28,24.00585,2024-10-04,10.0
28.672,21.547234,2024-10-05,10.0
28.448,23.055239,2024-10-06,10.0
22.888,24.06352,2024-10-07,10.0
27.411,25.241709,2024-10-08,10.0
25.86,25.392271,2024-10-09,10.0
11.568,25.058811,2024-10-10,10.0
16.452,25.40199,2024-10-11,10.0
10.452,23.284845,2024-10-12,10.0
28.988,23.083246,2024-10-13,10.0
29.28,20.834929,2024-10-14,10.0
26.28,21.68314,2024-10-15,10.0
33.14,22.769072,2024-10-16,10.0
9.112,24.278622,2024-10-17,10.0
36.428,26.403135,2024-10-18,10.0
30.258,24.733454,2024-10-19,10.0
32.172,25.333048,2024-10-20,10.0
29.06,24.340553,2024-10-21,10.0
30.48,25.585016,2024-10-22,10.0
38.632,27.27281,2024-10-23,10.0
8.828,28.809347,2024-10-24,10.0
26.052,31.577112,2024-10-25,10.0
24.68,27.673767,2024-10-26,10.0
19.456,26.68374,2024-10-27,10.0
31.792,25.31706,2024-10-28,10.0
21.24,25.166822,2024-10-29,10.0
21.768,26.511076,2024-10-30,10.0
12.372,25.969444,2024-10-31,10.0
17.56,25.837538,2024-11-01,10.0
27.94,23.740318,2024-11-02,10.0
28.06,23.344986,2024-11-03,10.0
25.54,23.303,2024-11-04,10.0
29.632,24.078754,2024-11-05,10.0
33.848,25.891413,2024-11-06,10.0
7.968,26.147898,2024-11-07,10.0
22.092,27.08209,2024-11-08,10.0
29.428,25.508856,2024-11-09,10.0
39.5028,24.74034,2024-11-10,10.0
21.936,24.20748,2024-11-11,10.0
18.36,26.926886,2024-11-12,10.0
11.5028,28.780447,2024-11-13,10.0
10.8,27.708715,2024-11-14,10.0
19.088,26.625053,2024-11-15,10.0
39.472,23.188082,2024-11-16,10.0
17.668,23.091208,2024-11-17,10.0
19.24,22.323093,2024-11-18,10.0
26.612,24.488588,2024-11-19,10.0
38.856,24.580238,2024-11-20,10.0
10.252,25.200415,2024-11-21,10.0
10.58,26.253069,2024-11-22,10.0
32.28,25.80023,2024-11-23,10.0
28.410667,23.928637,2024-11-24,10.0
22.238667,23.86395,2024-11-25,10.0
24.868,25.390333,2024-11-26,10.0
29.282667,24.812107,2024-11-27,10.0
10.598,25.689157,2024-11-28,10.0
17.58,28.779085,2024-11-29,10.0
18.3832,25.769234,2024-11-30,10.0
13.0,24.073093,2024-12-01,10.0
22.288,22.954498,2024-12-02,10.0
13.872,23.605783,2024-12-03,10.0
13.72,22.751413,2024-12-04,10.0
10.688,22.949995,2024-12-05,10.0
25.968,23.195297,2024-12-06,10.0
13.828,21.19808,2024-12-07,10.0
12.72,21.923597,2024-12-08,10.0
23.652,19.9176,2024-12-09,10.0
16.948,19.763666,2024-12-10,10.0
18.1828,21.764837,2024-12-11,10.0
10.696,21.097961,2024-12-12,10.0
11.112,20.73017,2024-12-13,10.0
10.06,20.202433,2024-12-14,10.0
14.052,20.970896,2024-12-15,10.0
19.12,19.71179,2024-12-16,10.0
18.336,19.095623,2024-12-17,10.0
24.132,21.67573,2024-12-18,10.0
10.028,22.637241,2024-12-19,10.0
12.25,22.412079,2024-12-20,10.0
18.648,20.143385,2024-12-21,10.0
23.28,21.601507,2024-12-22,10.0
23.5028,21.962336,2024-12-23,10.0
27.108,22.344467,2024-12-24,10.0
24.492,23.995823,2024-12-25,10.0
10.336,23.376741,2024-12-26,10.0
23.532,22.745272,2024-12-27,10.0
24.92,22.379572,2024-12-28,10.0
19.052,23.201002,2024-12-29,10.0
33.028,22.781538,2024-12-30,10.0
22.308,24.844437,2024-12-31,10.0
22.092,26.392803,2025-01-01,10.0
10.748,25.96266,2025-01-02,10.0
24.06,25.738697,2025-01-03,10.0
27.92,25.185114,2025-01-04,10.0
28.72,24.785894,2025-01-05,10.0
9.928,24.259481,2025-01-06,10.0
26.304,24.29588,2025-01-07,10.0
29.568,24.615606,2025-01-08,10.0
25.752,23.658234,2025-01-09,10.0
11.296,25.286255,2025-01-10,10.0
23.472,24.946787,2025-01-11,10.0
29.62,26.572916,2025-01-12,10.0
10.132,24.723192,2025-01-13,10.0
21.68,25.80654,2025-01-14,10.0
12.096,26.315176,2025-01-15,10.0
12.88,23.25268,2025-01-16,10.0
19.332,23.458948,2025-01-17,10.0
30.3,21.544506,2025-01-18,10.0
27.048,22.102222,2025-01-19,10.0
21.32,22.721361,2025-01-20,10.0
11.672,23.100477,2025-01-21,10.0
27.06,24.11181,2025-01-22,10.0
14.78,22.19177,2025-01-23,10.0
33.992,22.987291,2025-01-24,10.0
37.648,22.614765,2025-01-25,10.0
28.832,23.153807,2025-01-26,10.0
22.708,26.085474,2025-01-27,10.0
25.32,27.954245,2025-01-28,10.0
22.372,28.88054,2025-01-29,10.0
17.028,27.190088,2025-01-30,10.0
10.708,28.217749,2025-01-31,10.0
11.708,26.525898,2025-02-01,10.0
14.411,23.33195,2025-02-02,10.0
30.708,21.650156,2025-02-03,10.0
32.992,20.957867,2025-02-04,10.0
29.032,21.434256,2025-02-05,10.0
25.32,24.489603,2025-02-06,10.0
32.528,26.072145,2025-02-07,10.0
31.42,26.290976,2025-02-08,10.0
44.25,28.157957,2025-02-09,10.0
30.38,26.462881,2025-02-10,10.0
36.028,27.55102,2025-02-11,10.0
27.06,30.640266,2025-02-12,10.0
22.592,31.4193,2025-02-13,10.0
33.788,32.694748,2025-02-14,10.0
31.36,31.425566,2025-02-15,10.0
28.36,29.00234,2025-02-16,10.0
31.32,31.120117,2025-02-17,10.0
25.74,33.278896,2025-02-18,10.0
39.48,29.614067,2025-02-19,10.0
11.56,30.684412,2025-02-20,10.0
36.3,28.928877,2025-02-21,10.0
38.25,28.121405,2025-02-22,10.0
33.432,27.22814,2025-02-23,10.0
33.2,30.06158,2025-02-24,10.0
41.76,31.058167,2025-02-25,10.0
45.148,32.995,2025-02-26,10.0
25.772,32.348343,2025-02-27,10.0
47.568,33.674404,2025-02-28,10.0
36.088,34.88637,2025-03-01,10.0
35.8,32.747913,2025-03-02,10.0
39.2628,32.16303,2025-03-03,10.0
39.616,32.89754,2025-03-04,10.0
19.5428,34.75109,2025-03-05,10.0
23.688,35.260704,2025-03-06,10.0
31.648,36.16245,2025-03-07,10.0
31.952,31.72272,2025-03-08,10.0
19.34,31.715868,2025-03-09,10.0
31.708,32.399364,2025-03-10,10.0
24.992,31.376583,2025-03-11,10.0
23.78,28.611736,2025-03-12,10.0
24.76,29.705755,2025-03-13,10.0
19.028,28.170378,2025-03-14,10.0
22.7028,25.934385,2025-03-15,10.0
20.948,25.165373,2025-03-16,10.0
21.948,25.546724,2025-03-17,10.0
28.011,23.318209,2025-03-18,10.0
21.532,24.948362,2025-03-19,10.0
23.416,27.24432,2025-03-20,10.0
36.172,25.281565,2025-03-21,10.0
24.092,24.660353,2025-03-22,10.0
17.176,24.261106,2025-03-23,10.0
37.132,24.573957,2025-03-24,10.0
24.52,23.68515,2025-03-25,10.0
21.52,24.670937,2025-03-26,10.0
20.96,27.747454,2025-03-27,10.0
25.028,27.416212,2025-03-28,10.0
25.612,24.421726,2025-03-29,10.0
11.568,24.74018,2025-03-30,10.0
18.488,24.903507,2025-03-31,10.0
16.052,22.62479,2025-04-01,10.0
22.132,22.239685,2025-04-02,10.0
22.296,21.306805,2025-04-03,10.0
19.232,21.218016,2025-04-04,10.0
24.512,21.512022,2025-04-05,10.0
19.612,21.365473,2025-04-06,10.0
16.628,21.063215,2025-04-07,10.0
14.104,21.106367,2025-04-08,10.0
17.708,20.708494,2025-04-09,10.0
12.6,20.098116,2025-04-10,10.0
21.708,20.041672,2025-04-11,10.0
17.9028,20.496096,2025-04-12,10.0
25.428,20.555393,2025-04-13,10.0
24.148,19.719835,2025-04-14,10.0
11.452,18.95189,2025-04-15,10.0
31.412,20.156622,2025-04-16,10.0
10.472,19.2667,2025-04-17,10.0
20.608,19.53749,2025-04-18,10.0
24.792,18.753798,2025-04-19,10.0
16.192,20.758017,2025-04-20,10.0
20.688,20.62514,2025-04-21,10.0
13.96,20.184385,2025-04-22,10.0
28.028,21.77217,2025-04-23,10.0
13.888,20.586021,2025-04-24,10.0
14.972,22.406944,2025-04-25,10.0
18.0,21.842813,2025-04-26,10.0
24.788,21.597733,2025-04-27,10.0
18.692,19.758348,2025-04-28,10.0
21.652,20.381025,2025-04-29,10.0
18.748,22.135004,2025-04-30,10.0
17.268,21.721483,2025-05-01,10.0
21.024,22.138288,2025-05-02,10.0
28.6,19.942686,2025-05-03,10.0
22.336,20.426912,2025-05-04,10.0
18.852,19.930311,2025-05-05,10.0
24.56,21.611113,2025-05-06,10.0
21.132,21.419638,2025-05-07,10.0
25.52,22.74413,2025-05-08,10.0
18.376,22.510023,2025-05-09,10.0
20.492,21.630808,2025-05-10,10.0
24.18,23.911753,2025-05-11,10.0
22.96,19.544628,2025-05-12,10.0
22.728,21.511068,2025-05-13,10.0
21.064,22.012785,2025-05-14,10.0
10.28,22.084059,2025-05-15,10.0
25.288,21.52921,2025-05-16,10.0
18.12,19.550766,2025-05-17,10.0
11.68,19.641445,2025-05-18,10.0
22.528,19.578003,2025-05-19,10.0
12.24,18.361097,2025-05-20,10.0
27.148,18.496506,2025-05-21,10.0
9.472,18.572145,2025-05-22,10.0
23.9,19.339478,2025-05-23,10.0
16.96,17.288744,2025-05-24,10.0
25.36,19.340212,2025-05-25,10.0
25.72,18.632883,2025-05-26,10.0
22.108,18.016401,2025-05-27,10.0
21.592,21.198565,2025-05-28,10.0
9.66,21.26402,2025-05-29,10.0
25.02,22.818615,2025-05-30,10.0
23.168,17.87015,2025-05-31,10.0
21.064,18.375648,2025-06-01,10.0
22.548,17.87567,2025-06-02,10.0
16.0,18.9909,2025-06-03,10.0
26.92,19.85925,2025-06-04,10.0
16.25,20.146776,2025-06-05,10.0
17.208,21.939234,2025-06-06,10.0
18.76,19.649576,2025-06-07,10.0
21.4,18.954287,2025-06-08,10.0
25.102,17.752863,2025-06-09,10.0
20.192,17.747087,2025-06-10,10.0
19.84,20.569191,2025-06-11,10.0
8.248,20.720007,2025-06-12,10.0
24.648,21.225952,2025-06-13,10.0
22.9428,18.409811,2025-06-14,10.0
6.988,19.01055,2025-06-15,10.0
7.235,19.22494,2025-06-16,10.0
24.62,26.558077,2024-09-18,11.0
25.388,25.017025,2024-09-19,11.0
17.8628,24.69612,2024-09-20,11.0
11.012,23.210026,2024-09-21,11.0
11.472,22.520926,2024-09-22,11.0
14.25,19.587702,2024-09-23,11.0
11.4,18.639954,2024-09-24,11.0
11.728,18.129335,2024-09-25,11.0
16.432,17.34428,2024-09-26,11.0
12.908,15.630766,2024-09-27,11.0
17.02,14.469768,2024-09-28,11.0
25.768,15.093114,2024-09-29,11.0
13.28,14.433947,2024-09-30,11.0
14.052,16.45024,2024-10-01,11.0
19.64,18.373444,2024-10-02,11.0
17.22,18.492102,2024-10-03,11.0
16.16,18.548124,2024-10-04,11.0
13.112,16.18096,2024-10-05,11.0
14.308,17.396894,2024-10-06,11.0
13.908,16.660196,2024-10-07,11.0
16.052,17.707365,2024-10-08,11.0
21.292,17.365599,2024-10-09,11.0
19.52,16.824165,2024-10-10,11.0
19.216,17.173628,2024-10-11,11.0
13.872,17.372032,2024-10-12,11.0
12.28,18.467987,2024-10-13,11.0
11.08,17.814486,2024-10-14,11.0
13.232,17.534554,2024-10-15,11.0
21.08,16.36051,2024-10-16,11.0
12.248,15.753784,2024-10-17,11.0
11.0,16.886934,2024-10-18,11.0
18.248,16.426453,2024-10-19,11.0
10.1828,16.127466,2024-10-20,11.0
8.6,15.750629,2024-10-21,11.0
17.136,15.455149,2024-10-22,11.0
9.912,14.435453,2024-10-23,11.0
14.472,14.862152,2024-10-24,11.0
16.056,15.331308,2024-10-25,11.0
10.132,14.25392,2024-10-26,11.0
11.428,14.634474,2024-10-27,11.0
14.104,14.454063,2024-10-28,11.0
11.428,14.083702,2024-10-29,11.0
8.216,14.448496,2024-10-30,11.0
14.704,15.255479,2024-10-31,11.0
13.568,13.628597,2024-11-01,11.0
9.368,13.119912,2024-11-02,11.0
10.384,13.9805,2024-11-03,11.0
12.648,13.756253,2024-11-04,11.0
7.552,13.9544735,2024-11-05,11.0
20.708,14.578664,2024-11-06,11.0
18.08,14.092737,2024-11-07,11.0
13.86,14.564718,2024-11-08,11.0
8.432,15.198332,2024-11-09,11.0
22.128,16.696344,2024-11-10,11.0
8.272,15.278069,2024-11-11,11.0
10.508,17.00577,2024-11-12,11.0
21.828,17.770441,2024-11-13,11.0
8.1828,16.54296,2024-11-14,11.0
14.32,16.988527,2024-11-15,11.0
7.896,16.408724,2024-11-16,11.0
13.944,17.456903,2024-11-17,11.0
12.258,14.788944,2024-11-18,11.0
13.26,15.633963,2024-11-19,11.0
18.12,16.272625,2024-11-20,11.0
16.82,16.509678,2024-11-21,11.0
10.972,17.787073,2024-11-22,11.0
8.565333,17.201649,2024-11-23,11.0
11.818666,17.277905,2024-11-24,11.0
10.089334,15.065754,2024-11-25,11.0
10.773334,15.302462,2024-11-26,11.0
20.218666,14.794966,2024-11-27,11.0
14.447,15.285039,2024-11-28,11.0
13.18,17.45468,2024-11-29,11.0
16.1968,15.975083,2024-11-30,11.0
26.1,16.492325,2024-12-01,11.0
16.532,16.619143,2024-12-02,11.0
10.412,18.463976,2024-12-03,11.0
21.772,18.648014,2024-12-04,11.0
28.3,18.559263,2024-12-05,11.0
16.128,19.11514,2024-12-06,11.0
25.432,19.226425,2024-12-07,11.0
20.82,20.570436,2024-12-08,11.0
14.492,20.159624,2024-12-09,11.0
30.2,22.268103,2024-12-10,11.0
14.428,23.252794,2024-12-11,11.0
26.372,21.634348,2024-12-12,11.0
19.288,21.277113,2024-12-13,11.0
7.4,22.585566,2024-12-14,11.0
18.712,23.474905,2024-12-15,11.0
26.928,22.297363,2024-12-16,11.0
13.58,21.982145,2024-12-17,11.0
24.72,23.761438,2024-12-18,11.0
29.6,24.76967,2024-12-19,11.0
18.76,22.290293,2024-12-20,11.0
20.92,21.107836,2024-12-21,11.0
20.372,23.473066,2024-12-22,11.0
20.36,24.679115,2024-12-23,11.0
24.968,24.55721,2024-12-24,11.0
18.648,25.660263,2024-12-25,11.0
25.11,23.641964,2024-12-26,11.0
28.012,21.36434,2024-12-27,11.0
19.811,21.771582,2024-12-28,11.0
28.828,23.665037,2024-12-29,11.0
16.368,23.566633,2024-12-30,11.0
18.828,26.135014,2024-12-31,11.0
30.528,26.997831,2025-01-01,11.0
28.211,24.31107,2025-01-02,11.0
24.988,23.468515,2025-01-03,11.0
27.16,25.527765,2025-01-04,11.0
28.92,26.749298,2025-01-05,11.0
30.9828,26.072048,2025-01-06,11.0
28.988,26.94387,2025-01-07,11.0
36.652,27.01285,2025-01-08,11.0
37.748,26.364305,2025-01-09,11.0
25.42,28.595564,2025-01-10,11.0
30.088,29.701094,2025-01-11,11.0
43.952,31.799654,2025-01-12,11.0
31.711,30.64363,2025-01-13,11.0
41.768,31.881916,2025-01-14,11.0
33.428,35.088726,2025-01-15,11.0
32.2,30.536701,2025-01-16,11.0
28.76,32.40743,2025-01-17,11.0
36.352,30.678774,2025-01-18,11.0
37.048,32.18647,2025-01-19,11.0
47.52,33.01312,2025-01-20,11.0
25.392,31.924139,2025-01-21,11.0
35.28,35.174007,2025-01-22,11.0
36.488,33.67901,2025-01-23,11.0
29.472,33.870155,2025-01-24,11.0
45.708,32.78487,2025-01-25,11.0
45.08,32.228138,2025-01-26,11.0
22.86,33.895535,2025-01-27,11.0
32.872,36.67043,2025-01-28,11.0
30.908,39.59998,2025-01-29,11.0
35.96,35.24402,2025-01-30,11.0
17.3,34.848232,2025-01-31,11.0
17.928,33.016815,2025-02-01,11.0
18.52,28.53903,2025-02-02,11.0
19.972,26.506035,2025-02-03,11.0
24.148,27.626123,2025-02-04,11.0
20.96,25.470968,2025-02-05,11.0
26.672,26.450468,2025-02-06,11.0
25.34,25.834421,2025-02-07,11.0
41.24,25.448898,2025-02-08,11.0
31.012,26.099941,2025-02-09,11.0
25.048,25.434881,2025-02-10,11.0
23.88,27.40609,2025-02-11,11.0
26.96,28.174309,2025-02-12,11.0
20.828,27.81983,2025-02-13,11.0
21.48,27.372992,2025-02-14,11.0
17.072,26.675198,2025-02-15,11.0
24.228,24.052156,2025-02-16,11.0
27.932,25.69758,2025-02-17,11.0
11.336,25.874353,2025-02-18,11.0
20.32,22.932287,2025-02-19,11.0
26.1428,23.035841,2025-02-20,11.0
18.12,20.108423,2025-02-21,11.0
21.896,19.802732,2025-02-22,11.0
16.552,20.796358,2025-02-23,11.0
38.48,21.919199,2025-02-24,11.0
19.248,22.025314,2025-02-25,11.0
27.2,24.180767,2025-02-26,11.0
38.7028,23.864397,2025-02-27,11.0
28.48,22.354147,2025-02-28,11.0
24.928,25.315454,2025-03-01,11.0
20.828,25.967623,2025-03-02,11.0
26.24,25.29149,2025-03-03,11.0
22.592,24.580633,2025-03-04,11.0
12.388,26.300745,2025-03-05,11.0
19.42,24.662865,2025-03-06,11.0
11.568,24.272898,2025-03-07,11.0
28.311,22.484049,2025-03-08,11.0
19.688,22.224428,2025-03-09,11.0
31.11,22.837366,2025-03-10,11.0
13.36,22.876583,2025-03-11,11.0
28.012,22.261543,2025-03-12,11.0
14.528,22.943563,2025-03-13,11.0
13.528,21.207232,2025-03-14,11.0
22.12,19.659094,2025-03-15,11.0
10.92,18.365324,2025-03-16,11.0
20.9,20.105469,2025-03-17,11.0
12.18,19.08566,2025-03-18,11.0
19.28,20.556658,2025-03-19,11.0
11.0,20.52167,2025-03-20,11.0
13.892,18.979399,2025-03-21,11.0
12.0,17.585394,2025-03-22,11.0
28.52,16.011898,2025-03-23,11.0
20.948,15.938864,2025-03-24,11.0
12.532,16.464766,2025-03-25,11.0
19.536,18.15256,2025-03-26,11.0
11.6228,17.934515,2025-03-27,11.0
23.288,17.281754,2025-03-28,11.0
31.072,16.153843,2025-03-29,11.0
13.968,16.472708,2025-03-30,11.0
14.208,18.912233,2025-03-31,11.0
27.432,19.851906,2025-04-01,11.0
16.76,19.719225,2025-04-02,11.0
12.52,19.066244,2025-04-03,11.0
20.128,19.45157,2025-04-04,11.0
12.384,17.98141,2025-04-05,11.0
17.988,17.003609,2025-04-06,11.0
12.332,17.629847,2025-04-07,11.0
13.496,18.280891,2025-04-08,11.0
20.96,17.515694,2025-04-09,11.0
18.08,17.91111,2025-04-10,11.0
11.892,18.349257,2025-04-11,11.0
12.86,18.033386,2025-04-12,11.0
14.16,17.097776,2025-04-13,11.0
18.48,15.686146,2025-04-14,11.0
21.7,14.720573,2025-04-15,11.0
23.028,15.382395,2025-04-16,11.0
19.032,16.266403,2025-04-17,11.0
18.048,17.278364,2025-04-18,11.0
11.228,17.480696,2025-04-19,11.0
12.292,19.279749,2025-04-20,11.0
12.02,18.381914,2025-04-21,11.0
18.032,17.150583,2025-04-22,11.0
19.288,17.112848,2025-04-23,11.0
11.32,17.516443,2025-04-24,11.0
12.28,18.002132,2025-04-25,11.0
14.488,16.85322,2025-04-26,11.0
14.5028,16.745634,2025-04-27,11.0
18.32,15.505035,2025-04-28,11.0
19.248,14.83798,2025-04-29,11.0
21.98,16.253462,2025-04-30,11.0
18.708,17.274351,2025-05-01,11.0
23.064,18.838728,2025-05-02,11.0
13.8,16.979387,2025-05-03,11.0
13.508,17.55018,2025-05-04,11.0
10.108,17.016935,2025-05-05,11.0
17.6,16.833109,2025-05-06,11.0
16.8228,16.14656,2025-05-07,11.0
11.148,16.769115,2025-05-08,11.0
13.28,17.297262,2025-05-09,11.0
14.028,15.115509,2025-05-10,11.0
11.508,15.538055,2025-05-11,11.0
11.16,11.51466,2025-05-12,11.0
16.104,13.75152,2025-05-13,11.0
13.928,12.444061,2025-05-14,11.0
24.848,12.75992,2025-05-15,11.0
20.552,14.095484,2025-05-16,11.0
13.528,14.355446,2025-05-17,11.0
14.532,15.764517,2025-05-18,11.0
14.532,15.974365,2025-05-19,11.0
11.8,15.199991,2025-05-20,11.0
23.728,14.680717,2025-05-21,11.0
21.832,15.363051,2025-05-22,11.0
36.288,15.665793,2025-05-23,11.0
23.828,16.343027,2025-05-24,11.0
18.66,20.69395,2025-05-25,11.0
20.42,21.746271,2025-05-26,11.0
19.568,20.136683,2025-05-27,11.0
36.2628,21.952497,2025-05-28,11.0
28.496,20.854666,2025-05-29,11.0
29.112,22.537914,2025-05-30,11.0
29.58,20.35202,2025-05-31,11.0
28.028,22.598326,2025-06-01,11.0
27.72,23.719475,2025-06-02,11.0
39.672,24.559774,2025-06-03,11.0
38.36,25.31087,2025-06-04,11.0
35.62,26.51935,2025-06-05,11.0
30.548,29.275427,2025-06-06,11.0
36.592,29.03381,2025-06-07,11.0
32.728,29.199942,2025-06-08,11.0
36.08,29.131657,2025-06-09,11.0
37.08,29.521582,2025-06-10,11.0
29.548,31.129025,2025-06-11,11.0
38.932,32.700638,2025-06-12,11.0
23.532,31.567003,2025-06-13,11.0
30.228,29.585535,2025-06-14,11.0
25.86,29.005709,2025-06-15,11.0
25.0,28.36786,2025-06-16,11.0
2.5,6.4705935,2024-09-18,12.0
9.99,6.8537846,2024-09-19,12.0
8.69,6.413149,2024-09-20,12.0
8.21,6.6182537,2024-09-21,12.0
4.1,7.3507767,2024-09-22,12.0
9.36,6.8646855,2024-09-23,12.0
2.49,6.7255106,2024-09-24,12.0
5.74,7.3387203,2024-09-25,12.0
11.55,7.9674783,2024-09-26,12.0
10.91,7.442403,2024-09-27,12.0
12.43,7.2248306,2024-09-28,12.0
8.428,8.262997,2024-09-29,12.0
8.3,8.18228,2024-09-30,12.0
8.09,8.202569,2024-10-01,12.0
8.91,9.350979,2024-10-02,12.0
10.03,10.188343,2024-10-03,12.0
10.64,10.631881,2024-10-04,12.0
10.38,8.837746,2024-10-05,12.0
14.69,9.991034,2024-10-06,12.0
9.828,9.859303,2024-10-07,12.0
12.81,10.752165,2024-10-08,12.0
12.08,10.793854,2024-10-09,12.0
13.42,10.997253,2024-10-10,12.0
7.97,10.753338,2024-10-11,12.0
9.96,10.677673,2024-10-12,12.0
8.63,10.80003,2024-10-13,12.0
10.58,10.173126,2024-10-14,12.0
12.42,10.628042,2024-10-15,12.0
14.29,10.344063,2024-10-16,12.0
8.45,10.888396,2024-10-17,12.0
8.75,11.716683,2024-10-18,12.0
10.01,11.48662,2024-10-19,12.0
3.74,11.280462,2024-10-20,12.0
9.05,10.1597805,2024-10-21,12.0
9.46,9.099158,2024-10-22,12.0
10.75,8.663185,2024-10-23,12.0
1.65,9.06877,2024-10-24,12.0
7.76,10.143419,2024-10-25,12.0
12.09,8.388014,2024-10-26,12.0
9.3,8.187689,2024-10-27,12.0
3.4,8.178445,2024-10-28,12.0
17.1,8.040274,2024-10-29,12.0
6.83,7.975601,2024-10-30,12.0
10.46,9.434313,2024-10-31,12.0
10.1,9.979963,2024-11-01,12.0
3.47,9.670448,2024-11-02,12.0
3.23,10.185411,2024-11-03,12.0
10.61,9.576387,2024-11-04,12.0
2.96,9.488968,2024-11-05,12.0
10.95,9.530659,2024-11-06,12.0
12.39,9.076261,2024-11-07,12.0
10.33,9.087762,2024-11-08,12.0
4.77,9.050795,2024-11-09,12.0
10.86,10.107426,2024-11-10,12.0
10.51,8.742465,2024-11-11,12.0
13.52,9.274057,2024-11-12,12.0
8.87,10.239184,2024-11-13,12.0
8.08,10.828575,2024-11-14,12.0
8.21,10.543444,2024-11-15,12.0
9.44,10.007898,2024-11-16,12.0
7.35,11.024717,2024-11-17,12.0
7.53,9.417759,2024-11-18,12.0
6.58,9.286173,2024-11-19,12.0
12.23,9.368725,2024-11-20,12.0
12.98,9.818598,2024-11-21,12.0
9.546667,10.536239,2024-11-22,12.0
5.8933334,10.534311,2024-11-23,12.0
7.48,11.274977,2024-11-24,12.0
9.883333,9.607479,2024-11-25,12.0
7.6866665,9.359869,2024-11-26,12.0
10.683333,9.191164,2024-11-27,12.0
10.2275,9.518827,2024-11-28,12.0
9.546667,10.731498,2024-11-29,12.0
12.211,9.600988,2024-11-30,12.0
12.1,10.3621025,2024-12-01,12.0
9.66,10.142056,2024-12-02,12.0
10.828,11.818272,2024-12-03,12.0
12.49,11.675775,2024-12-04,12.0
16.02,12.035544,2024-12-05,12.0
10.21,12.003553,2024-12-06,12.0
16.62,11.8897915,2024-12-07,12.0
10.72,12.877171,2024-12-08,12.0
13.23,11.965435,2024-12-09,12.0
12.62,13.546523,2024-12-10,12.0
18.82,15.388491,2024-12-11,12.0
14.09,14.458269,2024-12-12,12.0
3.928,14.0741,2024-12-13,12.0
5.31,14.6956005,2024-12-14,12.0
17.26,14.183798,2024-12-15,12.0
10.13,12.831187,2024-12-16,12.0
7.7,13.851461,2024-12-17,12.0
14.05,16.426092,2024-12-18,12.0
13.72,16.593908,2024-12-19,12.0
13.27,15.206198,2024-12-20,12.0
16.19,13.311198,2024-12-21,12.0
10.99,15.532175,2024-12-22,12.0
11.25,16.861565,2024-12-23,12.0
9.45,16.832216,2024-12-24,12.0
12.83,16.97589,2024-12-25,12.0
3.83,14.833967,2024-12-26,12.0
12.51,12.788822,2024-12-27,12.0
12.31,11.630115,2024-12-28,12.0
5.67,11.773723,2024-12-29,12.0
12.62,11.20863,2024-12-30,12.0
14.28,12.286774,2024-12-31,12.0
12.97,13.723696,2025-01-01,12.0
13.29,12.559746,2025-01-02,12.0
8.11,12.946077,2025-01-03,12.0
10.98,12.938813,2025-01-04,12.0
19.12,12.429659,2025-01-05,12.0
10.3,11.737267,2025-01-06,12.0
9.5,12.264864,2025-01-07,12.0
16.67,12.12303,2025-01-08,12.0
23.76,11.259413,2025-01-09,12.0
9.18,11.805643,2025-01-10,12.0
9.75,12.489162,2025-01-11,12.0
7.61,14.421892,2025-01-12,12.0
9.22,13.757896,2025-01-13,12.0
13.44,14.0207405,2025-01-14,12.0
24.67,14.831379,2025-01-15,12.0
10.0,13.076014,2025-01-16,12.0
9.04,14.572636,2025-01-17,12.0
18.62,13.604359,2025-01-18,12.0
7.66,14.316456,2025-01-19,12.0
10.4,14.425289,2025-01-20,12.0
11.28,13.878175,2025-01-21,12.0
21.7,14.306524,2025-01-22,12.0
12.67,12.662798,2025-01-23,12.0
14.18,13.91445,2025-01-24,12.0
8.25,13.5781,2025-01-25,12.0
6.77,13.688824,2025-01-26,12.0
8.57,14.32877,2025-01-27,12.0
20.88,13.258846,2025-01-28,12.0
9.28,12.805447,2025-01-29,12.0
13.85,12.977433,2025-01-30,12.0
7.38,14.511375,2025-01-31,12.0
13.91,13.492001,2025-02-01,12.0
10.42,11.749472,2025-02-02,12.0
12.63,11.714613,2025-02-03,12.0
12.5,11.793062,2025-02-04,12.0
12.64,10.939415,2025-02-05,12.0
17.02,13.089132,2025-02-06,12.0
4.12,13.267357,2025-02-07,12.0
11.17,13.012692,2025-02-08,12.0
18.12,13.630122,2025-02-09,12.0
9.11,11.827707,2025-02-10,12.0
10.52,12.105624,2025-02-11,12.0
14.25,13.138563,2025-02-12,12.0
10.72,13.004279,2025-02-13,12.0
14.55,13.058592,2025-02-14,12.0
22.52,12.450024,2025-02-15,12.0
23.76,11.505001,2025-02-16,12.0
10.29,12.937481,2025-02-17,12.0
10.48,15.325,2025-02-18,12.0
8.59,13.279709,2025-02-19,12.0
18.49,13.41699,2025-02-20,12.0
13.59,12.546547,2025-02-21,12.0
12.91,12.74275,2025-02-22,12.0
10.13,13.706224,2025-02-23,12.0
19.66,14.204304,2025-02-24,12.0
12.12,14.451769,2025-02-25,12.0
12.03,15.136946,2025-02-26,12.0
3.3,14.5447645,2025-02-27,12.0
1.97,12.857557,2025-02-28,12.0
11.13,12.393984,2025-03-01,12.0
19.62,9.531391,2025-03-02,12.0
10.17,9.246201,2025-03-03,12.0
13.33,10.083944,2025-03-04,12.0
9.06,11.140122,2025-03-05,12.0
19.92,11.07054,2025-03-06,12.0
13.37,11.836815,2025-03-07,12.0
5.01,12.186613,2025-03-08,12.0
10.49,12.860276,2025-03-09,12.0
4.86,12.296068,2025-03-10,12.0
12.08,12.628168,2025-03-11,12.0
9.13,10.514229,2025-03-12,12.0
10.06,10.5794115,2025-03-13,12.0
12.11,10.982059,2025-03-14,12.0
8.58,10.233725,2025-03-15,12.0
14.02,10.800776,2025-03-16,12.0
9.05,10.540429,2025-03-17,12.0
7.11,9.509554,2025-03-18,12.0
9.01,10.224256,2025-03-19,12.0
13.79,11.008337,2025-03-20,12.0
8.97,9.87221,2025-03-21,12.0
4.23,9.65106,2025-03-22,12.0
3.17,9.349041,2025-03-23,12.0
10.05,8.104537,2025-03-24,12.0
4.028,7.928838,2025-03-25,12.0
5.18,8.353106,2025-03-26,12.0
7.72,8.70849,2025-03-27,12.0
10.628,7.682042,2025-03-28,12.0
5.73,7.5324736,2025-03-29,12.0
4.39,7.2138605,2025-03-30,12.0
12.15,6.8657684,2025-03-31,12.0
8.32,5.963426,2025-04-01,12.0
7.08,6.8470197,2025-04-02,12.0
3.99,6.6796675,2025-04-03,12.0
10.59,6.8602834,2025-04-04,12.0
4.7,7.076867,2025-04-05,12.0
4.828,6.8350344,2025-04-06,12.0
4.68,6.633107,2025-04-07,12.0
5.14,6.49297,2025-04-08,12.0
8.71,6.797862,2025-04-09,12.0
7.25,6.7894716,2025-04-10,12.0
8.05,7.309069,2025-04-11,12.0
10.46,7.3990765,2025-04-12,12.0
9.48,7.474573,2025-04-13,12.0
10.6,7.190325,2025-04-14,12.0
10.54,6.6936893,2025-04-15,12.0
9.01,7.5972295,2025-04-16,12.0
10.49,7.8728266,2025-04-17,12.0
9.51,7.8562737,2025-04-18,12.0
10.22,7.624551,2025-04-19,12.0
6.2,8.809622,2025-04-20,12.0
5.25,9.100769,2025-04-21,12.0
8.46,8.806908,2025-04-22,12.0
5.71,9.01301,2025-04-23,12.0
10.76,9.53261,2025-04-24,12.0
12.12,9.217106,2025-04-25,12.0
10.59,9.162571,2025-04-26,12.0
10.64,9.85435,2025-04-27,12.0
12.06,8.62657,2025-04-28,12.0
9.76,8.779462,2025-04-29,12.0
12.92,10.76178,2025-04-30,12.0
12.03,11.834963,2025-05-01,12.0
12.67,11.93305,2025-05-02,12.0
7.78,10.397188,2025-05-03,12.0
12.03,11.009029,2025-05-04,12.0
7.25,9.65464,2025-05-05,12.0
7.53,10.2490015,2025-05-06,12.0
8.92,10.449177,2025-05-07,12.0
10.31,10.920187,2025-05-08,12.0
10.51,10.630288,2025-05-09,12.0
10.66,9.526144,2025-05-10,12.0
12.32,10.614588,2025-05-11,12.0
9.73,7.461999,2025-05-12,12.0
11.33,9.483501,2025-05-13,12.0
9.4,9.447102,2025-05-14,12.0
12.28,9.8119335,2025-05-15,12.0
8.33,10.415939,2025-05-16,12.0
10.1,9.627063,2025-05-17,12.0
9.25,9.450466,2025-05-18,12.0
7.82,9.610026,2025-05-19,12.0
12.39,9.278732,2025-05-20,12.0
9.9,9.121178,2025-05-21,12.0
4.11,10.415339,2025-05-22,12.0
9.66,10.0582905,2025-05-23,12.0
12.72,8.9400215,2025-05-24,12.0
10.45,9.280495,2025-05-25,12.0
13.07,9.125749,2025-05-26,12.0
10.69,8.626851,2025-05-27,12.0
10.55,10.837176,2025-05-28,12.0
10.3,11.31585,2025-05-29,12.0
9.52,11.800635,2025-05-30,12.0
10.22,9.161482,2025-05-31,12.0
6.57,8.5357,2025-06-01,12.0
10.6,8.521926,2025-06-02,12.0
9.74,8.415846,2025-06-03,12.0
14.25,8.929554,2025-06-04,12.0
10.43,9.633257,2025-06-05,12.0
8.56,11.044248,2025-06-06,12.0
16.2,9.851964,2025-06-07,12.0
10.78,9.184039,2025-06-08,12.0
10.88,9.528755,2025-06-09,12.0
10.53,9.604638,2025-06-10,12.0
10.19,10.9584465,2025-06-11,12.0
10.52,11.407166,2025-06-12,12.0
7.45,11.464537,2025-06-13,12.0
8.5,10.180799,2025-06-14,12.0
6.45,9.551581,2025-06-15,12.0
7.0,9.31933,2025-06-16,12.0
18.148,9.115183,2024-09-18,13.0
20.711,9.574865,2024-09-19,13.0
11.911,11.038778,2024-09-20,13.0
16.608,12.290146,2024-09-21,13.0
17.72,12.522882,2024-09-22,13.0
9.38,11.858074,2024-09-23,13.0
16.668,12.843711,2024-09-24,13.0
23.952,12.918377,2024-09-25,13.0
39.752,14.414713,2024-09-26,13.0
16.588,15.854376,2024-09-27,13.0
20.11,19.151325,2024-09-28,13.0
33.788,20.19414,2024-09-29,13.0
27.872,18.520887,2024-09-30,13.0
16.288,21.57226,2024-10-01,13.0
24.2228,23.839596,2024-10-02,13.0
10.028,23.227074,2024-10-03,13.0
19.228,22.008959,2024-10-04,13.0
18.972,20.188866,2024-10-05,13.0
32.4,20.809113,2024-10-06,13.0
14.732,19.88854,2024-10-07,13.0
13.388,23.369072,2024-10-08,13.0
32.928,24.23921,2024-10-09,13.0
11.592,20.591238,2024-10-10,13.0
31.288,21.029383,2024-10-11,13.0
14.86,19.310602,2024-10-12,13.0
25.828,20.280466,2024-10-13,13.0
25.028,19.503326,2024-10-14,13.0
17.664,22.024424,2024-10-15,13.0
27.108,23.47598,2024-10-16,13.0
13.732,21.659166,2024-10-17,13.0
33.936,23.729614,2024-10-18,13.0
10.732,20.879274,2024-10-19,13.0
33.748,22.955065,2024-10-20,13.0
33.652,20.415358,2024-10-21,13.0
22.3,21.541708,2024-10-22,13.0
24.46,25.255896,2024-10-23,13.0
25.212,26.690199,2024-10-24,13.0
29.64,26.574312,2024-10-25,13.0
39.32,22.90932,2024-10-26,13.0
13.256,24.759203,2024-10-27,13.0
29.072,24.235636,2024-10-28,13.0
23.46,25.185806,2024-10-29,13.0
42.828,26.896093,2024-10-30,13.0
11.88,24.773333,2024-10-31,13.0
49.72,24.918945,2024-11-01,13.0
13.4,25.568806,2024-11-02,13.0
42.1428,25.511946,2024-11-03,13.0
25.336,29.602854,2024-11-04,13.0
22.252,28.682852,2024-11-05,13.0
26.12,30.769,2024-11-06,13.0
41.32,28.021595,2024-11-07,13.0
31.86,28.21807,2024-11-08,13.0
24.792,25.161287,2024-11-09,13.0
41.176,30.87042,2024-11-10,13.0
20.228,28.061865,2024-11-11,13.0
28.102,30.809914,2024-11-12,13.0
9.488,32.32956,2024-11-13,13.0
48.452,29.757786,2024-11-14,13.0
39.38,25.841656,2024-11-15,13.0
25.26,25.160252,2024-11-16,13.0
35.74,29.455395,2024-11-17,13.0
24.008,28.649078,2024-11-18,13.0
39.172,30.861914,2024-11-19,13.0
11.9,31.761717,2024-11-20,13.0
35.42,32.55898,2024-11-21,13.0
45.22,28.458212,2024-11-22,13.0
42.272,28.358133,2024-11-23,13.0
39.68667,31.112288,2024-11-24,13.0
26.194666,32.84428,2024-11-25,13.0
33.845333,36.770348,2024-11-26,13.0
17.182667,33.171223,2024-11-27,13.0
35.268,36.277958,2024-11-28,13.0
41.545,33.370647,2024-11-29,13.0
41.4216,27.743391,2024-11-30,13.0
56.96,30.141474,2024-12-01,13.0
42.432,32.13238,2024-12-02,13.0
48.62,37.741955,2024-12-03,13.0
76.428,38.704475,2024-12-04,13.0
46.372,41.911137,2024-12-05,13.0
44.96,42.68333,2024-12-06,13.0
64.28,43.818016,2024-12-07,13.0
69.028,44.47597,2024-12-08,13.0
37.376,42.34271,2024-12-09,13.0
62.064,51.120686,2024-12-10,13.0
56.368,52.62458,2024-12-11,13.0
50.02,46.102436,2024-12-12,13.0
52.78,47.395523,2024-12-13,13.0
28.552,48.176224,2024-12-14,13.0
70.828,47.90214,2024-12-15,13.0
63.488,49.788147,2024-12-16,13.0
72.42,52.639862,2024-12-17,13.0
51.96,56.02759,2024-12-18,13.0
43.3,60.492317,2024-12-19,13.0
56.792,59.973522,2024-12-20,13.0
67.668,53.655617,2024-12-21,13.0
67.692,52.679035,2024-12-22,13.0
75.176,55.430607,2024-12-23,13.0
69.332,59.115284,2024-12-24,13.0
74.7,61.27911,2024-12-25,13.0
62.752,60.738262,2024-12-26,13.0
79.28,58.366306,2024-12-27,13.0
70.508,56.3815,2024-12-28,13.0
69.728,58.54112,2024-12-29,13.0
66.72,65.04587,2024-12-30,13.0
71.24,67.96579,2024-12-31,13.0
65.428,68.46635,2025-01-01,13.0
75.72,66.08071,2025-01-02,13.0
71.02,65.76574,2025-01-03,13.0
73.86,64.95016,2025-01-04,13.0
73.448,64.823296,2025-01-05,13.0
43.28,66.12195,2025-01-06,13.0
81.9428,66.06161,2025-01-07,13.0
56.608,64.621735,2025-01-08,13.0
58.8,60.722942,2025-01-09,13.0
84.3,61.736706,2025-01-10,13.0
65.9,57.334553,2025-01-11,13.0
71.048,56.780956,2025-01-12,13.0
71.784,61.2374,2025-01-13,13.0
46.328,64.352806,2025-01-14,13.0
76.14,61.788883,2025-01-15,13.0
55.308,59.896923,2025-01-16,13.0
73.572,59.37116,2025-01-17,13.0
54.38,55.481236,2025-01-18,13.0
61.352,56.34842,2025-01-19,13.0
55.848,58.67381,2025-01-20,13.0
60.592,56.32919,2025-01-21,13.0
57.908,58.838894,2025-01-22,13.0
56.268,53.141567,2025-01-23,13.0
58.64,56.066246,2025-01-24,13.0
52.944,51.07855,2025-01-25,13.0
56.288,49.81655,2025-01-26,13.0
66.028,53.17028,2025-01-27,13.0
73.168,55.62102,2025-01-28,13.0
64.96,56.982773,2025-01-29,13.0
53.9028,58.090694,2025-01-30,13.0
72.412,60.991505,2025-01-31,13.0
50.228,57.39644,2025-02-01,13.0
70.072,52.528667,2025-02-02,13.0
72.76,54.5369,2025-02-03,13.0
54.48,57.745823,2025-02-04,13.0
56.672,60.98815,2025-02-05,13.0
68.256,64.39816,2025-02-06,13.0
63.28,64.565544,2025-02-07,13.0
54.68,59.17528,2025-02-08,13.0
55.432,59.74945,2025-02-09,13.0
58.392,56.551136,2025-02-10,13.0
60.2,56.61922,2025-02-11,13.0
55.908,58.002758,2025-02-12,13.0
56.452,57.307247,2025-02-13,13.0
46.376,57.183933,2025-02-14,13.0
51.032,54.599808,2025-02-15,13.0
45.208,49.101116,2025-02-16,13.0
28.672,51.470043,2025-02-17,13.0
24.36,50.462276,2025-02-18,13.0
41.792,44.471024,2025-02-19,13.0
50.496,42.36807,2025-02-20,13.0
48.28,36.973606,2025-02-21,13.0
60.784,35.841125,2025-02-22,13.0
37.12,36.064182,2025-02-23,13.0
64.176,42.158085,2025-02-24,13.0
58.911,45.244152,2025-02-25,13.0
36.06,45.685925,2025-02-26,13.0
26.268,46.01813,2025-02-27,13.0
30.032,44.488052,2025-02-28,13.0
50.88,44.12808,2025-03-01,13.0
52.62,36.53941,2025-03-02,13.0
33.548,33.83469,2025-03-03,13.0
45.864,36.599667,2025-03-04,13.0
28.76,41.85865,2025-03-05,13.0
36.568,40.689438,2025-03-06,13.0
35.7,40.61291,2025-03-07,13.0
39.92,35.527977,2025-03-08,13.0
19.88,33.955944,2025-03-09,13.0
42.548,35.941807,2025-03-10,13.0
18.132,37.525223,2025-03-11,13.0
23.292,31.459778,2025-03-12,13.0
33.668,31.101202,2025-03-13,13.0
28.25,29.732698,2025-03-14,13.0
25.792,26.867592,2025-03-15,13.0
25.668,26.487816,2025-03-16,13.0
10.772,28.625504,2025-03-17,13.0
10.428,25.225464,2025-03-18,13.0
13.52,26.74162,2025-03-19,13.0
18.108,25.008402,2025-03-20,13.0
19.472,20.098402,2025-03-21,13.0
11.792,19.335453,2025-03-22,13.0
6.176,18.108456,2025-03-23,13.0
19.3028,17.318205,2025-03-24,13.0
14.576,15.874153,2025-03-25,13.0
17.511,16.05161,2025-03-26,13.0
13.46,16.537996,2025-03-27,13.0
14.652,15.088583,2025-03-28,13.0
17.776,14.407688,2025-03-29,13.0
5.352,13.795854,2025-03-30,13.0
12.88,14.693622,2025-03-31,13.0
17.088,12.667101,2025-04-01,13.0
10.952,12.814746,2025-04-02,13.0
17.432,12.464289,2025-04-03,13.0
11.812,12.543705,2025-04-04,13.0
18.772,13.032749,2025-04-05,13.0
18.28,11.824821,2025-04-06,13.0
12.308,13.427704,2025-04-07,13.0
18.732,14.815152,2025-04-08,13.0
18.812,15.113842,2025-04-09,13.0
12.32,15.918823,2025-04-10,13.0
8.68,16.403605,2025-04-11,13.0
24.096,15.751104,2025-04-12,13.0
16.232,13.742802,2025-04-13,13.0
22.24,14.349119,2025-04-14,13.0
16.72,14.483049,2025-04-15,13.0
17.711,15.957874,2025-04-16,13.0
25.448,16.76319,2025-04-17,13.0
23.82,16.75128,2025-04-18,13.0
16.48,16.90219,2025-04-19,13.0
10.92,18.920292,2025-04-20,13.0
10.24,19.477251,2025-04-21,13.0
6.908,17.964212,2025-04-22,13.0
10.272,17.812395,2025-04-23,13.0
32.5,16.62269,2025-04-24,13.0
11.708,14.956784,2025-04-25,13.0
7.68,16.525799,2025-04-26,13.0
16.32,17.631638,2025-04-27,13.0
9.912,14.583078,2025-04-28,13.0
18.711,14.211791,2025-04-29,13.0
14.696,15.650558,2025-04-30,13.0
10.972,16.303064,2025-05-01,13.0
17.64,15.225433,2025-05-02,13.0
7.748,13.714342,2025-05-03,13.0
10.5428,14.00956,2025-05-04,13.0
12.016,11.625935,2025-05-05,13.0
18.792,12.215801,2025-05-06,13.0
13.832,11.832306,2025-05-07,13.0
12.828,14.124125,2025-05-08,13.0
11.136,14.489249,2025-05-09,13.0
10.304,12.733889,2025-05-10,13.0
12.92,13.126371,2025-05-11,13.0
31.288,8.743048,2025-05-12,13.0
16.46,11.414101,2025-05-13,13.0
10.11,13.644561,2025-05-14,13.0
16.72,16.000227,2025-05-15,13.0
13.12,16.009174,2025-05-16,13.0
17.692,14.283346,2025-05-17,13.0
9.416,13.749283,2025-05-18,13.0
16.272,13.671593,2025-05-19,13.0
10.032,11.981286,2025-05-20,13.0
25.736,13.78691,2025-05-21,13.0
33.352,14.801026,2025-05-22,13.0
14.208,15.614426,2025-05-23,13.0
10.132,17.226536,2025-05-24,13.0
10.7,17.509264,2025-05-25,13.0
12.12,15.544491,2025-05-26,13.0
10.968,12.866724,2025-05-27,13.0
14.092,15.683003,2025-05-28,13.0
23.48,14.59668,2025-05-29,13.0
10.52,13.906551,2025-05-30,13.0
13.258,13.779531,2025-05-31,13.0
9.172,12.630671,2025-06-01,13.0
13.228,11.910549,2025-06-02,13.0
10.811,10.428766,2025-06-03,13.0
26.78,11.592714,2025-06-04,13.0
10.928,11.767504,2025-06-05,13.0
11.372,14.855893,2025-06-06,13.0
12.76,14.0439205,2025-06-07,13.0
13.38,12.185585,2025-06-08,13.0
11.288,11.232582,2025-06-09,13.0
11.36,11.578196,2025-06-10,13.0
9.8,13.098558,2025-06-11,13.0
10.0,12.612505,2025-06-12,13.0
20.88,13.477518,2025-06-13,13.0
10.68,10.840519,2025-06-14,13.0
11.0,11.736715,2025-06-15,13.0
18.42323,12.233585,2025-06-16,13.0
23.528,28.381014,2024-09-18,14.0
25.768,26.465202,2024-09-19,14.0
18.772,24.73598,2024-09-20,14.0
22.258,25.439037,2024-09-21,14.0
18.28,24.780178,2024-09-22,14.0
12.6,22.812414,2024-09-23,14.0
10.8628,22.817099,2024-09-24,14.0
13.976,22.068478,2024-09-25,14.0
41.224,19.98595,2024-09-26,14.0
28.376,17.329218,2024-09-27,14.0
27.132,18.50566,2024-09-28,14.0
27.228,22.075453,2024-09-29,14.0
28.452,22.587542,2024-09-30,14.0
24.012,23.942781,2024-10-01,14.0
17.748,26.129873,2024-10-02,14.0
20.268,26.055378,2024-10-03,14.0
19.028,23.938978,2024-10-04,14.0
21.828,21.105669,2024-10-05,14.0
22.852,22.941465,2024-10-06,14.0
24.532,22.862616,2024-10-07,14.0
22.168,23.36872,2024-10-08,14.0
21.311,23.552603,2024-10-09,14.0
22.228,22.956522,2024-10-10,14.0
22.252,21.2214,2024-10-11,14.0
23.296,20.317467,2024-10-12,14.0
22.76,20.768415,2024-10-13,14.0
23.12,20.674517,2024-10-14,14.0
21.984,21.679613,2024-10-15,14.0
22.896,22.251839,2024-10-16,14.0
21.9028,22.505219,2024-10-17,14.0
26.36,22.909302,2024-10-18,14.0
21.008,22.534698,2024-10-19,14.0
23.288,23.024426,2024-10-20,14.0
25.102,22.35721,2024-10-21,14.0
23.432,22.127474,2024-10-22,14.0
28.136,22.348562,2024-10-23,14.0
23.384,23.645826,2024-10-24,14.0
26.928,24.24177,2024-10-25,14.0
28.768,22.916262,2024-10-26,14.0
20.2628,23.515366,2024-10-27,14.0
27.108,23.36146,2024-10-28,14.0
21.588,23.280373,2024-10-29,14.0
25.911,24.41492,2024-10-30,14.0
28.86,25.186049,2024-10-31,14.0
25.98,23.249594,2024-11-01,14.0
32.72,23.63939,2024-11-02,14.0
31.112,24.364553,2024-11-03,14.0
27.728,27.072681,2024-11-04,14.0
32.528,28.33629,2024-11-05,14.0
33.592,29.483435,2024-11-06,14.0
29.128,28.911915,2024-11-07,14.0
28.852,28.61696,2024-11-08,14.0
29.188,28.153639,2024-11-09,14.0
44.12,28.603325,2024-11-10,14.0
32.672,28.490473,2024-11-11,14.0
32.472,30.164953,2024-11-12,14.0
32.568,32.942295,2024-11-13,14.0
25.648,32.88269,2024-11-14,14.0
32.392,31.858372,2024-11-15,14.0
41.568,29.686457,2024-11-16,14.0
32.102,29.559137,2024-11-17,14.0
32.792,29.47787,2024-11-18,14.0
35.668,32.36073,2024-11-19,14.0
31.748,33.820065,2024-11-20,14.0
6.112,33.36967,2024-11-21,14.0
36.074665,33.60786,2024-11-22,14.0
25.492,30.899096,2024-11-23,14.0
35.808,28.274559,2024-11-24,14.0
31.0628,29.137924,2024-11-25,14.0
33.556,30.265066,2024-11-26,14.0
32.636,29.43469,2024-11-27,14.0
30.878666,32.412426,2024-11-28,14.0
36.622,34.57352,2024-11-29,14.0
42.998,28.367273,2024-11-30,14.0
45.172,29.920177,2024-12-01,14.0
39.788,30.32778,2024-12-02,14.0
45.652,35.223427,2024-12-03,14.0
49.376,36.313896,2024-12-04,14.0
46.5828,39.338238,2024-12-05,14.0
49.208,40.97448,2024-12-06,14.0
48.102,38.94649,2024-12-07,14.0
45.44,40.604305,2024-12-08,14.0
44.176,41.041992,2024-12-09,14.0
45.52,45.733604,2024-12-10,14.0
51.592,46.37882,2024-12-11,14.0
45.14,42.39056,2024-12-12,14.0
46.56,40.936043,2024-12-13,14.0
32.14,42.276836,2024-12-14,14.0
51.26,43.032787,2024-12-15,14.0
51.86,44.43623,2024-12-16,14.0
53.168,45.112087,2024-12-17,14.0
49.4,49.80617,2024-12-18,14.0
49.3828,54.626263,2024-12-19,14.0
44.72,53.97817,2024-12-20,14.0
46.028,50.08518,2024-12-21,14.0
49.856,51.12862,2024-12-22,14.0
47.192,53.11845,2024-12-23,14.0
44.26,53.94128,2024-12-24,14.0
47.94,54.61237,2024-12-25,14.0
48.928,50.492306,2024-12-26,14.0
45.58,45.00681,2024-12-27,14.0
43.272,43.082664,2024-12-28,14.0
47.508,44.162113,2024-12-29,14.0
47.988,46.789352,2024-12-30,14.0
50.64,51.319794,2024-12-31,14.0
43.3028,52.351692,2025-01-01,14.0
46.456,47.50632,2025-01-02,14.0
44.232,45.457027,2025-01-03,14.0
44.3,44.7427,2025-01-04,14.0
49.32,43.888187,2025-01-05,14.0
46.172,43.378124,2025-01-06,14.0
47.258,43.012623,2025-01-07,14.0
53.211,44.019123,2025-01-08,14.0
51.228,43.80827,2025-01-09,14.0
49.092,45.10893,2025-01-10,14.0
47.8,44.56612,2025-01-11,14.0
48.828,44.72197,2025-01-12,14.0
48.72,44.864468,2025-01-13,14.0
31.492,47.02615,2025-01-14,14.0
47.088,47.91703,2025-01-15,14.0
51.68,43.847485,2025-01-16,14.0
45.62,43.542294,2025-01-17,14.0
41.292,41.970234,2025-01-18,14.0
46.168,45.09411,2025-01-19,14.0
48.911,46.694298,2025-01-20,14.0
43.228,43.98924,2025-01-21,14.0
53.02,48.02204,2025-01-22,14.0
43.5,42.478786,2025-01-23,14.0
44.3,44.855625,2025-01-24,14.0
44.88,43.77923,2025-01-25,14.0
28.98,41.60423,2025-01-26,14.0
39.932,43.089233,2025-01-27,14.0
28.888,43.609535,2025-01-28,14.0
39.42,43.71278,2025-01-29,14.0
44.972,42.093155,2025-01-30,14.0
46.48,42.03941,2025-01-31,14.0
38.52,38.53954,2025-02-01,14.0
43.268,34.52515,2025-02-02,14.0
44.628,35.647404,2025-02-03,14.0
48.664,37.69616,2025-02-04,14.0
48.8,39.999165,2025-02-05,14.0
51.696,43.63412,2025-02-06,14.0
50.772,47.080547,2025-02-07,14.0
50.412,46.60822,2025-02-08,14.0
46.908,47.677208,2025-02-09,14.0
47.12,46.532284,2025-02-10,14.0
44.64,48.042736,2025-02-11,14.0
46.58,49.046024,2025-02-12,14.0
42.032,48.49522,2025-02-13,14.0
41.096,48.847237,2025-02-14,14.0
45.72,46.213406,2025-02-15,14.0
45.052,41.479824,2025-02-16,14.0
44.46,44.75383,2025-02-17,14.0
48.168,45.80546,2025-02-18,14.0
49.0,42.909763,2025-02-19,14.0
52.24,43.97946,2025-02-20,14.0
47.9028,42.962696,2025-02-21,14.0
46.6,42.366283,2025-02-22,14.0
45.128,41.71044,2025-02-23,14.0
51.528,46.719074,2025-02-24,14.0
50.52,47.259785,2025-02-25,14.0
50.052,49.71536,2025-02-26,14.0
42.096,49.48779,2025-02-27,14.0
17.652,47.938347,2025-02-28,14.0
48.092,48.22174,2025-03-01,14.0
43.228,41.043858,2025-03-02,14.0
49.011,34.54153,2025-03-03,14.0
41.448,37.23646,2025-03-04,14.0
37.78,41.897724,2025-03-05,14.0
27.92,42.974197,2025-03-06,14.0
33.548,43.74545,2025-03-07,14.0
25.944,39.34308,2025-03-08,14.0
36.948,34.578968,2025-03-09,14.0
25.48,35.243187,2025-03-10,14.0
32.06,34.749905,2025-03-11,14.0
26.808,33.00961,2025-03-12,14.0
26.252,32.415295,2025-03-13,14.0
21.772,31.445887,2025-03-14,14.0
24.258,28.28319,2025-03-15,14.0
19.08,26.48667,2025-03-16,14.0
25.1,25.78631,2025-03-17,14.0
23.288,24.326796,2025-03-18,14.0
23.864,24.870584,2025-03-19,14.0
24.56,27.459023,2025-03-20,14.0
27.828,24.697748,2025-03-21,14.0
24.852,23.5801,2025-03-22,14.0
19.6,22.59549,2025-03-23,14.0
25.248,22.777073,2025-03-24,14.0
24.96,22.137255,2025-03-25,14.0
25.12,22.871786,2025-03-26,14.0
27.06,25.038427,2025-03-27,14.0
22.068,24.825232,2025-03-28,14.0
31.9028,23.032328,2025-03-29,14.0
30.048,22.598537,2025-03-30,14.0
25.808,23.826403,2025-03-31,14.0
31.264,24.034674,2025-04-01,14.0
24.496,24.785593,2025-04-02,14.0
20.852,25.17525,2025-04-03,14.0
25.972,25.958864,2025-04-04,14.0
20.08,25.28356,2025-04-05,14.0
22.16,23.253418,2025-04-06,14.0
26.688,22.299475,2025-04-07,14.0
25.912,23.26878,2025-04-08,14.0
28.72,23.008902,2025-04-09,14.0
28.328,24.05078,2025-04-10,14.0
28.352,24.915468,2025-04-11,14.0
24.288,24.977736,2025-04-12,14.0
27.5,26.157984,2025-04-13,14.0
28.692,25.449202,2025-04-14,14.0
31.616,24.081575,2025-04-15,14.0
30.9428,24.968023,2025-04-16,14.0
21.736,25.858229,2025-04-17,14.0
27.472,25.314102,2025-04-18,14.0
22.832,24.32858,2025-04-19,14.0
22.08,26.220266,2025-04-20,14.0
22.68,25.549986,2025-04-21,14.0
23.812,23.652212,2025-04-22,14.0
26.332,25.136036,2025-04-23,14.0
24.48,25.311914,2025-04-24,14.0
27.708,26.365782,2025-04-25,14.0
21.452,25.226736,2025-04-26,14.0
18.892,25.753384,2025-04-27,14.0
24.848,23.047068,2025-04-28,14.0
24.768,23.309704,2025-04-29,14.0
21.428,25.865404,2025-04-30,14.0
23.864,26.028078,2025-05-01,14.0
26.588,25.09849,2025-05-02,14.0
21.6,22.492815,2025-05-03,14.0
20.028,22.55501,2025-05-04,14.0
24.652,21.865171,2025-05-05,14.0
19.028,21.470716,2025-05-06,14.0
23.0,22.203012,2025-05-07,14.0
21.432,23.9187,2025-05-08,14.0
21.42,22.278696,2025-05-09,14.0
24.708,20.397747,2025-05-10,14.0
24.112,23.182688,2025-05-11,14.0
24.14,19.115503,2025-05-12,14.0
23.572,21.248209,2025-05-13,14.0
22.456,22.200226,2025-05-14,14.0
21.932,22.062077,2025-05-15,14.0
25.092,22.20055,2025-05-16,14.0
24.08,20.375006,2025-05-17,14.0
26.976,20.613302,2025-05-18,14.0
32.76,21.604908,2025-05-19,14.0
28.5828,22.719297,2025-05-20,14.0
25.896,24.215624,2025-05-21,14.0
26.2,26.074425,2025-05-22,14.0
31.3028,25.527159,2025-05-23,14.0
30.812,23.913197,2025-05-24,14.0
30.832,26.474974,2025-05-25,14.0
25.78,26.133627,2025-05-26,14.0
31.612,25.827581,2025-05-27,14.0
31.258,29.182692,2025-05-28,14.0
28.0,29.303932,2025-05-29,14.0
30.94,30.32744,2025-05-30,14.0
28.96,26.277899,2025-05-31,14.0
19.5,26.98763,2025-06-01,14.0
29.98,26.007517,2025-06-02,14.0
29.232,25.98252,2025-06-03,14.0
26.288,25.351976,2025-06-04,14.0
32.792,27.066101,2025-06-05,14.0
31.856,27.14625,2025-06-06,14.0
23.692,25.85997,2025-06-07,14.0
31.668,26.928297,2025-06-08,14.0
32.912,26.292746,2025-06-09,14.0
32.768,25.157145,2025-06-10,14.0
33.48,28.798775,2025-06-11,14.0
25.032,30.691032,2025-06-12,14.0
23.648,29.833162,2025-06-13,14.0
24.96,27.643648,2025-06-14,14.0
19.052,27.322643,2025-06-15,14.0
20.0,25.583876,2025-06-16,14.0
17.788,11.639595,2024-09-18,15.0
7.252,11.389692,2024-09-19,15.0
22.66,11.754333,2024-09-20,15.0
22.072,10.579664,2024-09-21,15.0
9.256,11.850138,2024-09-22,15.0
5.8628,13.193549,2024-09-23,15.0
12.376,13.16938,2024-09-24,15.0
14.692,11.931269,2024-09-25,15.0
30.332,13.437584,2024-09-26,15.0
27.936,14.071629,2024-09-27,15.0
25.56,13.672419,2024-09-28,15.0
24.028,16.003736,2024-09-29,15.0
22.132,18.71669,2024-09-30,15.0
26.188,20.557093,2024-10-01,15.0
17.5028,23.067314,2024-10-02,15.0
21.548,23.659128,2024-10-03,15.0
21.0,23.315546,2024-10-04,15.0
24.06,19.559689,2024-10-05,15.0
29.072,20.900455,2024-10-06,15.0
16.488,22.313993,2024-10-07,15.0
23.752,24.357105,2024-10-08,15.0
23.428,23.799437,2024-10-09,15.0
20.096,23.432467,2024-10-10,15.0
29.252,22.482595,2024-10-11,15.0
19.24,21.186274,2024-10-12,15.0
20.492,21.682873,2024-10-13,15.0
20.76,22.151218,2024-10-14,15.0
19.736,23.973564,2024-10-15,15.0
16.412,22.962446,2024-10-16,15.0
32.452,22.810957,2024-10-17,15.0
21.828,22.86793,2024-10-18,15.0
23.012,21.932169,2024-10-19,15.0
17.24,23.359583,2024-10-20,15.0
22.552,23.116879,2024-10-21,15.0
19.488,22.70328,2024-10-22,15.0
17.512,21.595709,2024-10-23,15.0
17.568,22.31861,2024-10-24,15.0
16.772,21.920286,2024-10-25,15.0
10.108,20.665003,2024-10-26,15.0
25.572,19.899387,2024-10-27,15.0
17.8,18.588957,2024-10-28,15.0
16.66,18.94267,2024-10-29,15.0
21.72,19.595066,2024-10-30,15.0
14.828,20.649992,2024-10-31,15.0
11.808,18.696901,2024-11-01,15.0
21.3828,18.416166,2024-11-02,15.0
25.708,18.165718,2024-11-03,15.0
17.24,17.727606,2024-11-04,15.0
21.258,20.246166,2024-11-05,15.0
31.0,20.344423,2024-11-06,15.0
22.432,20.32515,2024-11-07,15.0
32.808,21.261106,2024-11-08,15.0
23.224,21.52751,2024-11-09,15.0
33.376,22.584875,2024-11-10,15.0
18.784,23.723055,2024-11-11,15.0
16.28,25.249514,2024-11-12,15.0
35.976,26.255352,2024-11-13,15.0
27.68,25.755854,2024-11-14,15.0
26.64,25.936136,2024-11-15,15.0
20.072,25.646435,2024-11-16,15.0
33.848,27.06858,2024-11-17,15.0
23.584,26.095575,2024-11-18,15.0
20.576,27.774286,2024-11-19,15.0
27.512,29.170565,2024-11-20,15.0
19.928,26.319807,2024-11-21,15.0
21.08,26.898638,2024-11-22,15.0
21.56,25.349434,2024-11-23,15.0
30.977333,25.962759,2024-11-24,15.0
19.869333,25.28361,2024-11-25,15.0
19.441334,27.06228,2024-11-26,15.0
31.496,26.45801,2024-11-27,15.0
21.22,26.363508,2024-11-28,15.0
24.084,27.220654,2024-11-29,15.0
26.12228,25.237263,2024-11-30,15.0
27.928,25.00535,2024-12-01,15.0
32.1,24.625237,2024-12-02,15.0
26.56,27.188276,2024-12-03,15.0
32.258,27.599346,2024-12-04,15.0
21.272,28.861807,2024-12-05,15.0
37.14,28.349558,2024-12-06,15.0
22.1,26.294428,2024-12-07,15.0
32.728,26.663551,2024-12-08,15.0
16.72,26.651274,2024-12-09,15.0
30.912,27.883362,2024-12-10,15.0
36.3,29.869154,2024-12-11,15.0
26.428,27.411032,2024-12-12,15.0
31.424,27.975245,2024-12-13,15.0
20.936,28.435677,2024-12-14,15.0
32.5428,29.627333,2024-12-15,15.0
31.056,28.276987,2024-12-16,15.0
28.992,29.551224,2024-12-17,15.0
35.96,30.048437,2024-12-18,15.0
30.94,32.728348,2024-12-19,15.0
25.92,32.017315,2024-12-20,15.0
28.788,28.265335,2024-12-21,15.0
36.824,29.041555,2024-12-22,15.0
25.08,30.806742,2024-12-23,15.0
25.668,31.955008,2024-12-24,15.0
20.972,32.68382,2024-12-25,15.0
32.428,30.735777,2024-12-26,15.0
24.776,27.81164,2024-12-27,15.0
24.312,27.206594,2024-12-28,15.0
31.328,28.724234,2024-12-29,15.0
25.312,27.89906,2024-12-30,15.0
13.072,30.492306,2024-12-31,15.0
30.228,30.90458,2025-01-01,15.0
46.708,27.595547,2025-01-02,15.0
32.692,25.14003,2025-01-03,15.0
47.211,26.32424,2025-01-04,15.0
32.168,28.378122,2025-01-05,15.0
35.0,29.968367,2025-01-06,15.0
32.9,32.689114,2025-01-07,15.0
26.86,33.323097,2025-01-08,15.0
30.568,31.803356,2025-01-09,15.0
27.8628,32.169445,2025-01-10,15.0
41.188,31.298967,2025-01-11,15.0
35.72,31.58393,2025-01-12,15.0
37.46,32.755688,2025-01-13,15.0
20.8,33.65243,2025-01-14,15.0
23.64,33.794533,2025-01-15,15.0
38.58,31.00614,2025-01-16,15.0
28.052,30.757086,2025-01-17,15.0
23.8,27.562643,2025-01-18,15.0
26.576,29.91091,2025-01-19,15.0
29.64,31.278437,2025-01-20,15.0
21.784,29.978426,2025-01-21,15.0
31.428,32.127342,2025-01-22,15.0
24.828,28.14834,2025-01-23,15.0
35.11,27.58777,2025-01-24,15.0
36.82,27.394627,2025-01-25,15.0
42.2,27.525747,2025-01-26,15.0
42.928,30.007511,2025-01-27,15.0
43.82,31.066078,2025-01-28,15.0
28.072,32.226437,2025-01-29,15.0
41.128,33.57481,2025-01-30,15.0
25.12,36.64693,2025-01-31,15.0
42.448,33.8811,2025-02-01,15.0
50.5428,31.32395,2025-02-02,15.0
29.736,31.37245,2025-02-03,15.0
46.2228,35.03726,2025-02-04,15.0
45.028,36.801792,2025-02-05,15.0
38.936,37.763714,2025-02-06,15.0
28.812,40.075634,2025-02-07,15.0
56.94,40.055832,2025-02-08,15.0
54.28,38.8624,2025-02-09,15.0
45.12,38.351337,2025-02-10,15.0
43.38,43.42232,2025-02-11,15.0
38.292,45.07721,2025-02-12,15.0
50.812,44.507214,2025-02-13,15.0
51.432,44.0803,2025-02-14,15.0
37.48,40.437225,2025-02-15,15.0
28.792,38.32434,2025-02-16,15.0
45.868,43.92204,2025-02-17,15.0
35.46,44.696987,2025-02-18,15.0
46.54,41.25426,2025-02-19,15.0
42.748,41.359737,2025-02-20,15.0
41.872,37.870148,2025-02-21,15.0
47.88,36.902958,2025-02-22,15.0
47.528,36.009438,2025-02-23,15.0
38.102,40.418106,2025-02-24,15.0
46.032,40.311085,2025-02-25,15.0
38.848,43.187176,2025-02-26,15.0
44.5,41.447117,2025-02-27,15.0
16.452,40.360672,2025-02-28,15.0
24.428,39.646214,2025-03-01,15.0
41.52,37.164944,2025-03-02,15.0
24.748,31.784868,2025-03-03,15.0
45.1428,32.12543,2025-03-04,15.0
25.856,33.896965,2025-03-05,15.0
24.032,31.999771,2025-03-06,15.0
28.02,33.25695,2025-03-07,15.0
31.12,31.518309,2025-03-08,15.0
28.56,29.477484,2025-03-09,15.0
23.96,28.694574,2025-03-10,15.0
29.788,31.587914,2025-03-11,15.0
17.9428,28.581661,2025-03-12,15.0
32.12,27.571264,2025-03-13,15.0
25.216,27.193018,2025-03-14,15.0
33.792,24.96658,2025-03-15,15.0
24.86,25.012545,2025-03-16,15.0
24.58,27.164545,2025-03-17,15.0
14.08,26.352406,2025-03-18,15.0
32.792,26.680681,2025-03-19,15.0
24.568,28.733875,2025-03-20,15.0
16.911,24.785158,2025-03-21,15.0
26.376,24.747347,2025-03-22,15.0
10.4228,22.754772,2025-03-23,15.0
37.828,23.135607,2025-03-24,15.0
31.412,22.10612,2025-03-25,15.0
23.088,22.514704,2025-03-26,15.0
25.832,25.394873,2025-03-27,15.0
35.528,25.802301,2025-03-28,15.0
24.228,23.912603,2025-03-29,15.0
7.36,23.602564,2025-03-30,15.0
16.58,25.996042,2025-03-31,15.0
30.18,23.07578,2025-04-01,15.0
44.26,22.100851,2025-04-02,15.0
17.98,21.34521,2025-04-03,15.0
33.06,23.913412,2025-04-04,15.0
17.258,24.568869,2025-04-05,15.0
23.0,24.280722,2025-04-06,15.0
20.428,24.528936,2025-04-07,15.0
13.392,23.991201,2025-04-08,15.0
37.528,22.771137,2025-04-09,15.0
18.872,21.693464,2025-04-10,15.0
24.42,23.003153,2025-04-11,15.0
25.92,22.56836,2025-04-12,15.0
32.748,24.235893,2025-04-13,15.0
45.1828,24.609997,2025-04-14,15.0
23.308,24.343409,2025-04-15,15.0
23.172,26.126497,2025-04-16,15.0
14.648,26.228144,2025-04-17,15.0
23.008,25.27775,2025-04-18,15.0
17.192,22.567036,2025-04-19,15.0
10.592,23.035078,2025-04-20,15.0
21.148,23.171064,2025-04-21,15.0
19.0,21.092102,2025-04-22,15.0
20.98,22.388777,2025-04-23,15.0
30.088,21.870153,2025-04-24,15.0
17.672,22.55607,2025-04-25,15.0
20.102,21.590725,2025-04-26,15.0
23.92,22.141928,2025-04-27,15.0
18.288,19.35089,2025-04-28,15.0
21.12,19.28934,2025-04-29,15.0
23.74,22.914982,2025-04-30,15.0
14.172,22.90159,2025-05-01,15.0
26.096,21.55247,2025-05-02,15.0
19.9828,19.48168,2025-05-03,15.0
19.428,18.907568,2025-05-04,15.0
19.48,19.669718,2025-05-05,15.0
20.332,20.348705,2025-05-06,15.0
23.296,19.753439,2025-05-07,15.0
19.752,20.783258,2025-05-08,15.0
23.92,19.99803,2025-05-09,15.0
21.368,18.42916,2025-05-10,15.0
14.612,20.071156,2025-05-11,15.0
20.868,17.572248,2025-05-12,15.0
11.052,19.172422,2025-05-13,15.0
22.428,18.358961,2025-05-14,15.0
20.252,18.260921,2025-05-15,15.0
21.04,18.229109,2025-05-16,15.0
18.188,16.597563,2025-05-17,15.0
18.468,16.805136,2025-05-18,15.0
21.332,17.14657,2025-05-19,15.0
14.92,18.524408,2025-05-20,15.0
20.76,19.479017,2025-05-21,15.0
20.32,18.624739,2025-05-22,15.0
21.772,17.609175,2025-05-23,15.0
14.056,16.347353,2025-05-24,15.0
14.68,17.718119,2025-05-25,15.0
18.212,17.81857,2025-05-26,15.0
16.46,16.100965,2025-05-27,15.0
19.8,19.129713,2025-05-28,15.0
13.48,17.61943,2025-05-29,15.0
19.528,17.474401,2025-05-30,15.0
11.06,14.583009,2025-05-31,15.0
9.102,14.977172,2025-06-01,15.0
20.048,14.674184,2025-06-02,15.0
11.032,13.375408,2025-06-03,15.0
17.176,14.202164,2025-06-04,15.0
20.744,14.398691,2025-06-05,15.0
16.248,15.748642,2025-06-06,15.0
18.1,14.20281,2025-06-07,15.0
20.372,14.242509,2025-06-08,15.0
17.168,14.649298,2025-06-09,15.0
14.48,15.162399,2025-06-10,15.0
17.1,17.341377,2025-06-11,15.0
14.6,17.017462,2025-06-12,15.0
9.48,16.379435,2025-06-13,15.0
8.972,14.427415,2025-06-14,15.0
6.748,13.677902,2025-06-15,15.0
7.86,13.911169,2025-06-16,15.0
4.656,12.549,2024-09-18,16.0
22.132,12.045382,2024-09-19,16.0
14.548,10.581202,2024-09-20,16.0
13.0,11.481427,2024-09-21,16.0
11.2,12.682873,2024-09-22,16.0
5.84,12.090011,2024-09-23,16.0
16.512,12.317076,2024-09-24,16.0
8.88,12.073881,2024-09-25,16.0
9.432,13.52607,2024-09-26,16.0
10.468,11.846135,2024-09-27,16.0
22.372,10.863549,2024-09-28,16.0
10.108,11.562389,2024-09-29,16.0
14.16,12.55098,2024-09-30,16.0
12.56,13.104851,2024-10-01,16.0
23.38,14.462353,2024-10-02,16.0
13.288,15.997502,2024-10-03,16.0
25.92,17.454855,2024-10-04,16.0
11.072,15.033174,2024-10-05,16.0
12.92,17.22634,2024-10-06,16.0
14.3,17.486967,2024-10-07,16.0
14.228,16.872286,2024-10-08,16.0
18.908,16.571589,2024-10-09,16.0
12.828,15.7680235,2024-10-10,16.0
14.102,16.499226,2024-10-11,16.0
14.528,15.67243,2024-10-12,16.0
10.464,16.723116,2024-10-13,16.0
19.336,16.011211,2024-10-14,16.0
14.3828,15.604723,2024-10-15,16.0
24.256,15.841961,2024-10-16,16.0
11.5428,15.8754835,2024-10-17,16.0
18.776,17.691698,2024-10-18,16.0
24.48,17.18783,2024-10-19,16.0
13.028,17.498343,2024-10-20,16.0
27.304,18.018538,2024-10-21,16.0
27.656,17.444117,2024-10-22,16.0
23.352,18.995478,2024-10-23,16.0
25.072,21.318224,2024-10-24,16.0
24.728,23.30136,2024-10-25,16.0
42.74,22.001657,2024-10-26,16.0
37.2,22.567303,2024-10-27,16.0
36.948,24.756195,2024-10-28,16.0
32.592,27.01076,2024-10-29,16.0
18.76,30.631702,2024-10-30,16.0
41.22,30.898298,2024-10-31,16.0
29.092,28.12406,2024-11-01,16.0
36.92,27.422369,2024-11-02,16.0
33.52,28.16292,2024-11-03,16.0
26.36,31.13579,2024-11-04,16.0
50.136,32.791035,2024-11-05,16.0
32.912,33.408566,2024-11-06,16.0
28.96,33.996494,2024-11-07,16.0
13.66,33.12111,2024-11-08,16.0
27.528,32.31401,2024-11-09,16.0
35.66,30.399866,2024-11-10,16.0
32.011,27.717785,2024-11-11,16.0
27.128,29.30789,2024-11-12,16.0
25.6,30.505384,2024-11-13,16.0
38.12,31.525057,2024-11-14,16.0
37.22,29.486864,2024-11-15,16.0
38.628,28.480766,2024-11-16,16.0
30.332,29.014788,2024-11-17,16.0
39.6,29.301111,2024-11-18,16.0
54.028,31.114319,2024-11-19,16.0
29.256,33.38242,2024-11-20,16.0
39.528,35.17329,2024-11-21,16.0
26.657333,35.906284,2024-11-22,16.0
25.362667,34.96503,2024-11-23,16.0
33.170666,34.19277,2024-11-24,16.0
32.657333,32.260708,2024-11-25,16.0
43.7628,31.66043,2024-11-26,16.0
29.39101,29.967192,2024-11-27,16.0
32.51117,35.155785,2024-11-28,16.0
33.01219,35.905674,2024-11-29,16.0
29.312,31.42726,2024-11-30,16.0
23.68,31.174654,2024-12-01,16.0
17.32,29.943659,2024-12-02,16.0
23.932,30.557447,2024-12-03,16.0
23.056,27.896578,2024-12-04,16.0
28.472,28.855604,2024-12-05,16.0
23.72,27.964334,2024-12-06,16.0
18.272,25.862354,2024-12-07,16.0
27.6,26.6286,2024-12-08,16.0
17.936,25.081657,2024-12-09,16.0
26.1428,25.739992,2024-12-10,16.0
20.258,25.758398,2024-12-11,16.0
27.56,23.87489,2024-12-12,16.0
22.292,22.973898,2024-12-13,16.0
20.088,24.29988,2024-12-14,16.0
28.752,26.016542,2024-12-15,16.0
25.52,25.3085,2024-12-16,16.0
13.176,26.226976,2024-12-17,16.0
22.3028,27.989069,2024-12-18,16.0
23.776,27.95628,2024-12-19,16.0
11.36,24.609941,2024-12-20,16.0
24.6,22.570185,2024-12-21,16.0
25.552,24.056313,2024-12-22,16.0
20.52,24.803646,2024-12-23,16.0
29.7,25.747137,2024-12-24,16.0
18.82,26.730143,2024-12-25,16.0
16.32,24.535158,2024-12-26,16.0
20.728,22.287977,2024-12-27,16.0
24.912,22.045229,2024-12-28,16.0
19.14,22.396893,2024-12-29,16.0
33.268,22.426037,2024-12-30,16.0
31.96,24.73952,2024-12-31,16.0
30.56,26.405134,2025-01-01,16.0
29.252,26.608984,2025-01-02,16.0
27.308,26.94703,2025-01-03,16.0
20.692,28.320929,2025-01-04,16.0
24.052,28.637972,2025-01-05,16.0
26.888,27.792925,2025-01-06,16.0
22.711,26.094658,2025-01-07,16.0
23.548,26.271275,2025-01-08,16.0
22.78,25.938068,2025-01-09,16.0
27.048,26.777426,2025-01-10,16.0
30.1828,26.35221,2025-01-11,16.0
26.856,28.130716,2025-01-12,16.0
22.064,27.792032,2025-01-13,16.0
23.488,28.392763,2025-01-14,16.0
11.992,30.16479,2025-01-15,16.0
22.296,25.702377,2025-01-16,16.0
21.552,24.77288,2025-01-17,16.0
20.64,21.856401,2025-01-18,16.0
17.288,23.749357,2025-01-19,16.0
22.0228,24.382214,2025-01-20,16.0
17.72,22.36183,2025-01-21,16.0
23.108,23.089077,2025-01-22,16.0
29.548,21.465353,2025-01-23,16.0
24.92,21.561636,2025-01-24,16.0
26.6,22.047853,2025-01-25,16.0
19.092,23.791533,2025-01-26,16.0
21.2,25.570185,2025-01-27,16.0
16.468,25.356901,2025-01-28,16.0
23.3028,25.458433,2025-01-29,16.0
28.188,23.973986,2025-01-30,16.0
16.32,23.92872,2025-01-31,16.0
20.108,23.975714,2025-02-01,16.0
22.864,21.874495,2025-02-02,16.0
20.258,21.374537,2025-02-03,16.0
19.0,22.369337,2025-02-04,16.0
23.852,22.399988,2025-02-05,16.0
29.268,23.456484,2025-02-06,16.0
21.612,23.097506,2025-02-07,16.0
14.48,23.505232,2025-02-08,16.0
16.808,25.13293,2025-02-09,16.0
21.928,22.321577,2025-02-10,16.0
28.84,21.655046,2025-02-11,16.0
25.811,22.23239,2025-02-12,16.0
33.008,22.92507,2025-02-13,16.0
19.18,24.515154,2025-02-14,16.0
26.86,25.541117,2025-02-15,16.0
14.711,24.769785,2025-02-16,16.0
22.256,25.584066,2025-02-17,16.0
25.612,25.4279,2025-02-18,16.0
19.708,21.634062,2025-02-19,16.0
28.692,23.041864,2025-02-20,16.0
22.572,21.345984,2025-02-21,16.0
17.176,21.971514,2025-02-22,16.0
23.84,22.957838,2025-02-23,16.0
25.311,24.383944,2025-02-24,16.0
19.952,23.42991,2025-02-25,16.0
14.748,24.14892,2025-02-26,16.0
22.1,23.544266,2025-02-27,16.0
20.648,21.057043,2025-02-28,16.0
22.052,22.34785,2025-03-01,16.0
17.148,21.492193,2025-03-02,16.0
20.8,20.52319,2025-03-03,16.0
28.76,20.909933,2025-03-04,16.0
31.192,21.61016,2025-03-05,16.0
28.428,21.485338,2025-03-06,16.0
26.74,22.780626,2025-03-07,16.0
31.42,23.343533,2025-03-08,16.0
29.072,25.035984,2025-03-09,16.0
17.056,26.917858,2025-03-10,16.0
25.252,28.071312,2025-03-11,16.0
49.988,25.319777,2025-03-12,16.0
46.5028,25.641798,2025-03-13,16.0
47.016,25.85911,2025-03-14,16.0
38.652,27.911652,2025-03-15,16.0
30.428,30.322618,2025-03-16,16.0
35.732,35.0832,2025-03-17,16.0
42.368,33.91297,2025-03-18,16.0
44.86,34.54456,2025-03-19,16.0
43.48,37.397408,2025-03-20,16.0
41.972,36.879772,2025-03-21,16.0
33.12,37.375225,2025-03-22,16.0
58.248,36.625195,2025-03-23,16.0
33.08,36.663445,2025-03-24,16.0
53.22,35.34615,2025-03-25,16.0
43.4,39.585472,2025-03-26,16.0
46.492,42.965096,2025-03-27,16.0
41.628,46.16692,2025-03-28,16.0
50.62,40.45467,2025-03-29,16.0
33.86,38.98505,2025-03-30,16.0
17.2,38.683754,2025-03-31,16.0
38.452,40.51995,2025-04-01,16.0
26.456,36.32997,2025-04-02,16.0
35.664,34.856457,2025-04-03,16.0
22.52,34.3558,2025-04-04,16.0
35.908,32.797726,2025-04-05,16.0
27.1,30.522787,2025-04-06,16.0
35.28,29.236364,2025-04-07,16.0
22.28,31.401842,2025-04-08,16.0
26.928,28.668211,2025-04-09,16.0
43.28,29.490309,2025-04-10,16.0
23.102,28.394054,2025-04-11,16.0
24.0,28.944006,2025-04-12,16.0
39.112,29.426748,2025-04-13,16.0
21.388,28.293455,2025-04-14,16.0
24.62,27.419174,2025-04-15,16.0
36.472,28.78626,2025-04-16,16.0
28.812,26.949995,2025-04-17,16.0
26.972,25.01698,2025-04-18,16.0
13.028,26.494595,2025-04-19,16.0
30.8228,28.915174,2025-04-20,16.0
33.548,25.742952,2025-04-21,16.0
21.108,25.32971,2025-04-22,16.0
25.852,27.961584,2025-04-23,16.0
21.708,27.586094,2025-04-24,16.0
20.704,27.381876,2025-04-25,16.0
25.708,26.059711,2025-04-26,16.0
33.92,26.131746,2025-04-27,16.0
19.58,23.393785,2025-04-28,16.0
21.08,25.910255,2025-04-29,16.0
26.38,28.809748,2025-04-30,16.0
11.628,26.313456,2025-05-01,16.0
4.572,25.323732,2025-05-02,16.0
32.211,21.708815,2025-05-03,16.0
23.768,18.459917,2025-05-04,16.0
25.9,18.311396,2025-05-05,16.0
20.42,21.43258,2025-05-06,16.0
22.728,22.608362,2025-05-07,16.0
17.972,23.126556,2025-05-08,16.0
18.508,22.634617,2025-05-09,16.0
19.472,20.282785,2025-05-10,16.0
22.008,20.179121,2025-05-11,16.0
16.428,16.691816,2025-05-12,16.0
10.932,19.385866,2025-05-13,16.0
22.86,19.723017,2025-05-14,16.0
17.848,17.533834,2025-05-15,16.0
19.211,18.151752,2025-05-16,16.0
13.092,17.013906,2025-05-17,16.0
8.668,17.21819,2025-05-18,16.0
19.092,16.712934,2025-05-19,16.0
10.128,14.894739,2025-05-20,16.0
24.488,15.389376,2025-05-21,16.0
9.72,14.824829,2025-05-22,16.0
8.132,16.007215,2025-05-23,16.0
24.72,14.674265,2025-05-24,16.0
8.28,14.2206,2025-05-25,16.0
9.5,15.300415,2025-05-26,16.0
5.311,13.229736,2025-05-27,16.0
13.76,14.718483,2025-05-28,16.0
17.648,12.3392315,2025-05-29,16.0
7.872,12.885241,2025-05-30,16.0
12.008,10.912855,2025-05-31,16.0
8.392,8.800744,2025-06-01,16.0
9.12,9.902834,2025-06-02,16.0
12.888,9.738802,2025-06-03,16.0
25.248,9.78062,2025-06-04,16.0
14.672,10.078634,2025-06-05,16.0
14.911,13.661988,2025-06-06,16.0
10.096,13.846643,2025-06-07,16.0
14.5028,13.419606,2025-06-08,16.0
10.288,12.067767,2025-06-09,16.0
5.288,12.314829,2025-06-10,16.0
21.552,13.174391,2025-06-11,16.0
1.792,11.877444,2025-06-12,16.0
10.392,14.140793,2025-06-13,16.0
16.12,11.273898,2025-06-14,16.0
10.448,10.950558,2025-06-15,16.0
10.224,11.877696,2025-06-16,16.0
4.2,5.743354,2024-09-18,17.0
7.18,6.0363035,2024-09-19,17.0
17.14,5.8284454,2024-09-20,17.0
7.52,5.3877935,2024-09-21,17.0
10.76,6.938035,2024-09-22,17.0
5.19,6.6139226,2024-09-23,17.0
7.97,7.092966,2024-09-24,17.0
12.3,6.90121,2024-09-25,17.0
5.51,7.6725583,2024-09-26,17.0
3.91,8.236716,2024-09-27,17.0
10.42,6.8435073,2024-09-28,17.0
8.88,6.8796005,2024-09-29,17.0
8.79,6.4702473,2024-09-30,17.0
7.35,7.1827,2024-10-01,17.0
7.59,8.195648,2024-10-02,17.0
4.75,8.842501,2024-10-03,17.0
10.81,9.405504,2024-10-04,17.0
8.03,6.7344065,2024-10-05,17.0
9.06,7.49517,2024-10-06,17.0
9.23,7.262149,2024-10-07,17.0
8.35,7.709325,2024-10-08,17.0
10.24,7.953471,2024-10-09,17.0
9.75,8.1942215,2024-10-10,17.0
2.6,8.556002,2024-10-11,17.0
9.72,8.185442,2024-10-12,17.0
9.59,7.796356,2024-10-13,17.0
4.53,7.55394,2024-10-14,17.0
2.18,8.051729,2024-10-15,17.0
16.33,7.4366174,2024-10-16,17.0
5.52,6.843132,2024-10-17,17.0
13.72,7.9653244,2024-10-18,17.0
16.12,7.57692,2024-10-19,17.0
2.68,8.086613,2024-10-20,17.0
10.71,8.342883,2024-10-21,17.0
10.05,7.819853,2024-10-22,17.0
9.63,7.9194756,2024-10-23,17.0
9.67,7.980529,2024-10-24,17.0
2.01,9.319901,2024-10-25,17.0
10.89,8.347862,2024-10-26,17.0
9.58,7.6121135,2024-10-27,17.0
9.56,7.6592035,2024-10-28,17.0
9.26,7.4793744,2024-10-29,17.0
9.028,8.038521,2024-10-30,17.0
12.55,8.84128,2024-10-31,17.0
2.26,8.4157295,2024-11-01,17.0
9.57,8.517603,2024-11-02,17.0
10.27,7.954101,2024-11-03,17.0
9.33,7.638957,2024-11-04,17.0
10.23,8.254409,2024-11-05,17.0
10.28,8.802931,2024-11-06,17.0
2.13,9.049764,2024-11-07,17.0
2.36,9.155813,2024-11-08,17.0
11.75,8.333382,2024-11-09,17.0
12.14,7.695426,2024-11-10,17.0
10.19,7.4122057,2024-11-11,17.0
12.7,8.798891,2024-11-12,17.0
9.71,9.335198,2024-11-13,17.0
10.18,10.035854,2024-11-14,17.0
3.29,10.208184,2024-11-15,17.0
9.628,9.70775,2024-11-16,17.0
5.45,9.546698,2024-11-17,17.0
12.76,7.8751574,2024-11-18,17.0
12.46,7.9538183,2024-11-19,17.0
12.23,8.602049,2024-11-20,17.0
7.75,10.019055,2024-11-21,17.0
10.23,10.710529,2024-11-22,17.0
10.653334,9.868486,2024-11-23,17.0
9.62,10.045248,2024-11-24,17.0
10.76,9.173666,2024-11-25,17.0
12.13,8.939882,2024-11-26,17.0
10.073334,9.136528,2024-11-27,17.0
8.1125,9.953514,2024-11-28,17.0
4.526,11.129639,2024-11-29,17.0
8.025,9.548853,2024-11-30,17.0
10.87,9.037151,2024-12-01,17.0
10.17,8.574531,2024-12-02,17.0
13.19,9.203159,2024-12-03,17.0
12.43,9.100097,2024-12-04,17.0
1.61,9.976459,2024-12-05,17.0
11.828,10.390101,2024-12-06,17.0
16.26,8.801317,2024-12-07,17.0
11.2,9.274239,2024-12-08,17.0
8.8,8.952782,2024-12-09,17.0
14.73,9.80621,2024-12-10,17.0
13.09,11.193355,2024-12-11,17.0
12.61,11.246475,2024-12-12,17.0
10.38,11.658506,2024-12-13,17.0
10.71,11.231576,2024-12-14,17.0
9.528,11.526864,2024-12-15,17.0
14.66,11.690173,2024-12-16,17.0
9.28,11.438099,2024-12-17,17.0
22.05,13.353959,2024-12-18,17.0
10.43,13.743142,2024-12-19,17.0
8.11,13.851057,2024-12-20,17.0
10.128,11.714563,2024-12-21,17.0
11.02,13.15991,2024-12-22,17.0
2.08,13.280474,2024-12-23,17.0
10.78,12.828405,2024-12-24,17.0
18.66,12.332235,2024-12-25,17.0
12.91,10.964735,2024-12-26,17.0
13.93,10.583059,2024-12-27,17.0
9.93,10.585034,2024-12-28,17.0
9.39,10.948541,2024-12-29,17.0
21.09,9.720098,2024-12-30,17.0
14.77,10.99484,2024-12-31,17.0
18.12,13.024628,2025-01-01,17.0
11.15,12.565918,2025-01-02,17.0
18.36,13.623045,2025-01-03,17.0
10.6,14.20566,2025-01-04,17.0
14.38,14.373616,2025-01-05,17.0
13.99,13.863623,2025-01-06,17.0
9.85,13.738205,2025-01-07,17.0
13.64,13.681077,2025-01-08,17.0
17.82,12.762861,2025-01-09,17.0
5.82,13.076403,2025-01-10,17.0
10.66,12.344261,2025-01-11,17.0
11.77,14.0035,2025-01-12,17.0
8.74,13.1764345,2025-01-13,17.0
0.55,12.923481,2025-01-14,17.0
11.75,13.576128,2025-01-15,17.0
12.3,10.587708,2025-01-16,17.0
12.82,10.417679,2025-01-17,17.0
11.88,8.677645,2025-01-18,17.0
13.13,9.511839,2025-01-19,17.0
1.58,9.7428875,2025-01-20,17.0
16.5,9.665348,2025-01-21,17.0
17.26,9.987986,2025-01-22,17.0
10.09,9.331928,2025-01-23,17.0
12.78,10.515037,2025-01-24,17.0
11.93,10.196373,2025-01-25,17.0
14.79,11.00157,2025-01-26,17.0
13.428,11.81376,2025-01-27,17.0
14.67,12.390232,2025-01-28,17.0
10.79,12.3516865,2025-01-29,17.0
12.96,11.986883,2025-01-30,17.0
7.42,12.684557,2025-01-31,17.0
9.49,12.253052,2025-02-01,17.0
17.77,10.530479,2025-02-02,17.0
8.46,10.069604,2025-02-03,17.0
17.28,10.870734,2025-02-04,17.0
14.85,10.232851,2025-02-05,17.0
2.728,12.191225,2025-02-06,17.0
11.1,12.381878,2025-02-07,17.0
18.46,10.517229,2025-02-08,17.0
16.97,11.340098,2025-02-09,17.0
12.928,10.688523,2025-02-10,17.0
11.45,11.623382,2025-02-11,17.0
14.528,12.790879,2025-02-12,17.0
16.01,12.512838,2025-02-13,17.0
8.4,13.29578,2025-02-14,17.0
12.58,12.18953,2025-02-15,17.0
10.15,10.890987,2025-02-16,17.0
13.95,11.43157,2025-02-17,17.0
3.828,11.800862,2025-02-18,17.0
14.8,9.536562,2025-02-19,17.0
0.81,9.145745,2025-02-20,17.0
0.828,8.662982,2025-02-21,17.0
16.29,7.7855954,2025-02-22,17.0
19.33,7.4626346,2025-02-23,17.0
14.36,8.151393,2025-02-24,17.0
16.3,9.387822,2025-02-25,17.0
13.8,10.608023,2025-02-26,17.0
0.76,10.455086,2025-02-27,17.0
12.19,10.89111,2025-02-28,17.0
12.38,10.181604,2025-03-01,17.0
16.25,9.042606,2025-03-02,17.0
13.1,9.293756,2025-03-03,17.0
0.88,10.319965,2025-03-04,17.0
14.7,10.96368,2025-03-05,17.0
8.87,9.7408285,2025-03-06,17.0
6.67,10.358207,2025-03-07,17.0
7.92,9.649348,2025-03-08,17.0
10.1,9.424482,2025-03-09,17.0
0.99,8.858913,2025-03-10,17.0
0.77,8.863836,2025-03-11,17.0
13.5,7.89596,2025-03-12,17.0
8.31,7.2981014,2025-03-13,17.0
5.28,7.5375195,2025-03-14,17.0
1.23,6.4408755,2025-03-15,17.0
5.8,6.732725,2025-03-16,17.0
5.97,5.972933,2025-03-17,17.0
2.59,5.209048,2025-03-18,17.0
1.14,5.897504,2025-03-19,17.0
10.72,5.4812145,2025-03-20,17.0
1.31,4.908321,2025-03-21,17.0
9.02,4.897197,2025-03-22,17.0
6.81,4.580285,2025-03-23,17.0
6.32,4.896868,2025-03-24,17.0
3.75,5.237215,2025-03-25,17.0
6.3,5.3787975,2025-03-26,17.0
2.95,5.146486,2025-03-27,17.0
10.528,4.3862486,2025-03-28,17.0
1.28,4.809516,2025-03-29,17.0
6.59,4.9527464,2025-03-30,17.0
1.86,5.230963,2025-03-31,17.0
5.37,5.17282,2025-04-01,17.0
1.23,5.2466655,2025-04-02,17.0
4.87,4.5909348,2025-04-03,17.0
1.13,4.384987,2025-04-04,17.0
5.07,4.4092913,2025-04-05,17.0
1.31,3.812323,2025-04-06,17.0
1.29,4.168336,2025-04-07,17.0
1.23,4.0846567,2025-04-08,17.0
6.79,4.3282094,2025-04-09,17.0
1.91,4.318311,2025-04-10,17.0
1.29,4.387195,2025-04-11,17.0
9.26,4.5160885,2025-04-12,17.0
12.66,3.8210788,2025-04-13,17.0
1.44,4.291568,2025-04-14,17.0
1.028,4.55991,2025-04-15,17.0
13.2,4.9322863,2025-04-16,17.0
1.43,4.621308,2025-04-17,17.0
1.15,5.744924,2025-04-18,17.0
6.63,5.3904343,2025-04-19,17.0
1.728,5.167672,2025-04-20,17.0
6.26,5.191367,2025-04-21,17.0
1.928,5.417536,2025-04-22,17.0
6.64,5.398694,2025-04-23,17.0
4.53,5.1173096,2025-04-24,17.0
4.26,5.476995,2025-04-25,17.0
5.38,5.1855536,2025-04-26,17.0
7.12,5.1199765,2025-04-27,17.0
2.0,4.492881,2025-04-28,17.0
4.91,3.9195368,2025-04-29,17.0
10.2,4.3609343,2025-04-30,17.0
4.81,5.064623,2025-05-01,17.0
4.46,5.9710617,2025-05-02,17.0
6.7,4.768486,2025-05-03,17.0
9.01,5.220787,2025-05-04,17.0
3.63,5.288783,2025-05-05,17.0
8.42,6.0384665,2025-05-06,17.0
5.31,5.777558,2025-05-07,17.0
4.94,6.3519144,2025-05-08,17.0
10.6,6.583458,2025-05-09,17.0
4.92,5.844558,2025-05-10,17.0
6.69,5.7613096,2025-05-11,17.0
10.44,3.5756278,2025-05-12,17.0
4.25,5.7077036,2025-05-13,17.0
5.21,5.5718303,2025-05-14,17.0
4.11,5.5841475,2025-05-15,17.0
10.42,6.4263816,2025-05-16,17.0
4.1,5.4058485,2025-05-17,17.0
5.37,5.962798,2025-05-18,17.0
4.44,5.7616835,2025-05-19,17.0
8.61,5.4267926,2025-05-20,17.0
8.55,5.502875,2025-05-21,17.0
5.78,6.707096,2025-05-22,17.0
6.8,6.673931,2025-05-23,17.0
5.9,5.9230804,2025-05-24,17.0
7.52,6.0395145,2025-05-25,17.0
5.23,6.054055,2025-05-26,17.0
2.75,5.406861,2025-05-27,17.0
6.25,6.5553336,2025-05-28,17.0
5.78,5.9550185,2025-05-29,17.0
4.56,6.0828056,2025-05-30,17.0
4.09,4.467766,2025-05-31,17.0
2.58,3.8876681,2025-06-01,17.0
6.03,4.2406397,2025-06-02,17.0
6.06,4.1964993,2025-06-03,17.0
6.28,4.5612392,2025-06-04,17.0
4.78,4.8345184,2025-06-05,17.0
5.33,6.221501,2025-06-06,17.0
5.42,5.0723557,2025-06-07,17.0
6.37,4.7242813,2025-06-08,17.0
4.8,4.538137,2025-06-09,17.0
6.81,4.831911,2025-06-10,17.0
7.22,5.601409,2025-06-11,17.0
4.85,6.312563,2025-06-12,17.0
7.9,6.8511815,2025-06-13,17.0
7.75,5.475697,2025-06-14,17.0
4.72,5.589313,2025-06-15,17.0
6.226,6.2806683,2025-06-16,17.0
6.976,10.408625,2024-09-18,18.0
11.2628,10.910259,2024-09-19,18.0
11.72,10.366369,2024-09-20,18.0
20.36,9.936765,2024-09-21,18.0
12.376,10.631437,2024-09-22,18.0
7.432,11.532106,2024-09-23,18.0
6.752,12.00418,2024-09-24,18.0
12.8,11.94366,2024-09-25,18.0
3.328,12.3573675,2024-09-26,18.0
16.6,12.031118,2024-09-27,18.0
20.728,10.18121,2024-09-28,18.0
17.932,11.338554,2024-09-29,18.0
10.508,12.314671,2024-09-30,18.0
22.552,13.76678,2024-10-01,18.0
13.25,15.319044,2024-10-02,18.0
4.028,16.89038,2024-10-03,18.0
13.612,18.223555,2024-10-04,18.0
22.068,13.443882,2024-10-05,18.0
22.102,14.212543,2024-10-06,18.0
20.76,15.176243,2024-10-07,18.0
18.08,17.41412,2024-10-08,18.0
18.768,17.734001,2024-10-09,18.0
7.192,18.398819,2024-10-10,18.0
7.1,18.412563,2024-10-11,18.0
26.108,16.389505,2024-10-12,18.0
19.532,15.318019,2024-10-13,18.0
17.068,15.845964,2024-10-14,18.0
17.1828,17.682278,2024-10-15,18.0
19.868,17.889387,2024-10-16,18.0
3.092,18.069098,2024-10-17,18.0
14.48,19.346033,2024-10-18,18.0
13.88,17.638117,2024-10-19,18.0
9.688,16.280691,2024-10-20,18.0
25.78,15.3918085,2024-10-21,18.0
10.028,14.783397,2024-10-22,18.0
7.88,15.7712,2024-10-23,18.0
19.52,16.17198,2024-10-24,18.0
17.028,16.345911,2024-10-25,18.0
11.132,15.010948,2024-10-26,18.0
11.096,15.940437,2024-10-27,18.0
17.052,14.867301,2024-10-28,18.0
12.132,13.569171,2024-10-29,18.0
13.828,15.159401,2024-10-30,18.0
9.86,16.124517,2024-10-31,18.0
10.428,15.296087,2024-11-01,18.0
23.168,14.912453,2024-11-02,18.0
23.592,15.310884,2024-11-03,18.0
18.911,15.976124,2024-11-04,18.0
17.808,17.640299,2024-11-05,18.0
18.2,18.967913,2024-11-06,18.0
13.92,18.944635,2024-11-07,18.0
10.24,18.805326,2024-11-08,18.0
11.42,17.85212,2024-11-09,18.0
4.64,17.602098,2024-11-10,18.0
16.44,16.091526,2024-11-11,18.0
23.08,15.849722,2024-11-12,18.0
17.468,16.575869,2024-11-13,18.0
14.9828,17.886986,2024-11-14,18.0
17.536,18.416306,2024-11-15,18.0
18.032,17.969648,2024-11-16,18.0
11.34,19.117685,2024-11-17,18.0
10.62,18.013039,2024-11-18,18.0
16.14,17.119379,2024-11-19,18.0
12.532,16.828007,2024-11-20,18.0
2.56,17.611265,2024-11-21,18.0
13.928,18.023588,2024-11-22,18.0
19.632,16.252602,2024-11-23,18.0
21.496,16.336088,2024-11-24,18.0
23.26115,16.214827,2024-11-25,18.0
22.069975,17.667234,2024-11-26,18.0
23.114286,17.95093,2024-11-27,18.0
17.109364,20.347904,2024-11-28,18.0
20.267578,22.816708,2024-11-29,18.0
14.664,20.196272,2024-11-30,18.0
32.888,20.93904,2024-12-01,18.0
18.528,20.38344,2024-12-02,18.0
31.928,22.821695,2024-12-03,18.0
27.028,23.37456,2024-12-04,18.0
23.32,25.058243,2024-12-05,18.0
12.38,26.243517,2024-12-06,18.0
16.652,24.703684,2024-12-07,18.0
9.988,25.140675,2024-12-08,18.0
9.252,21.834028,2024-12-09,18.0
23.296,22.624323,2024-12-10,18.0
26.872,21.758,2024-12-11,18.0
3.072,20.488556,2024-12-12,18.0
11.536,20.831123,2024-12-13,18.0
20.9028,21.202147,2024-12-14,18.0
22.948,20.174067,2024-12-15,18.0
19.172,19.67037,2024-12-16,18.0
20.848,20.739294,2024-12-17,18.0
11.952,22.732933,2024-12-18,18.0
17.976,24.084654,2024-12-19,18.0
27.64,22.728922,2024-12-20,18.0
16.64,19.482225,2024-12-21,18.0
25.732,22.273645,2024-12-22,18.0
21.892,24.109037,2024-12-23,18.0
18.288,24.451895,2024-12-24,18.0
22.632,25.186186,2024-12-25,18.0
19.688,23.690798,2024-12-26,18.0
8.24,21.405466,2024-12-27,18.0
20.0,21.512,2024-12-28,18.0
33.428,22.586952,2024-12-29,18.0
23.4,21.011917,2024-12-30,18.0
12.808,24.5505,2024-12-31,18.0
19.232,26.76274,2025-01-01,18.0
2.6,23.69847,2025-01-02,18.0
10.028,22.015694,2025-01-03,18.0
21.76,21.889782,2025-01-04,18.0
29.808,19.794607,2025-01-05,18.0
26.36,18.182234,2025-01-06,18.0
13.192,20.020113,2025-01-07,18.0
24.528,21.873415,2025-01-08,18.0
10.76,20.71175,2025-01-09,18.0
33.612,21.63494,2025-01-10,18.0
17.3,20.671782,2025-01-11,18.0
24.488,22.208519,2025-01-12,18.0
21.024,22.570805,2025-01-13,18.0
25.428,23.403368,2025-01-14,18.0
25.128,26.155766,2025-01-15,18.0
25.06,22.928492,2025-01-16,18.0
9.468,24.237226,2025-01-17,18.0
25.592,22.115747,2025-01-18,18.0
16.22,24.319048,2025-01-19,18.0
29.092,23.395216,2025-01-20,18.0
10.888,22.064672,2025-01-21,18.0
17.7,23.472292,2025-01-22,18.0
12.74,21.734266,2025-01-23,18.0
31.102,21.782854,2025-01-24,18.0
10.656,21.27343,2025-01-25,18.0
25.972,21.181652,2025-01-26,18.0
23.108,22.368122,2025-01-27,18.0
25.464,21.324635,2025-01-28,18.0
16.616,23.0219,2025-01-29,18.0
3.372,22.710339,2025-01-30,18.0
5.9,23.96827,2025-01-31,18.0
13.64,21.46858,2025-02-01,18.0
11.352,18.468973,2025-02-02,18.0
10.868,16.586363,2025-02-03,18.0
16.98,16.440126,2025-02-04,18.0
13.5,15.920353,2025-02-05,18.0
31.1,17.792463,2025-02-06,18.0
21.5,18.145756,2025-02-07,18.0
27.84,18.045458,2025-02-08,18.0
6.548,20.456768,2025-02-09,18.0
13.08,19.760813,2025-02-10,18.0
23.584,19.370884,2025-02-11,18.0
14.508,18.691252,2025-02-12,18.0
12.32,19.558647,2025-02-13,18.0
25.028,19.751354,2025-02-14,18.0
12.612,19.556803,2025-02-15,18.0
17.26,18.900581,2025-02-16,18.0
2.828,19.865236,2025-02-17,18.0
25.4,19.713926,2025-02-18,18.0
12.28,15.369926,2025-02-19,18.0
2.18,16.382856,2025-02-20,18.0
6.988,15.910713,2025-02-21,18.0
27.732,14.166002,2025-02-22,18.0
13.68,14.194654,2025-02-23,18.0
20.42,15.671109,2025-02-24,18.0
23.5,17.102104,2025-02-25,18.0
11.228,16.594997,2025-02-26,18.0
12.904,17.676542,2025-02-27,18.0
4.628,17.057858,2025-02-28,18.0
24.568,17.193987,2025-03-01,18.0
11.672,14.181475,2025-03-02,18.0
13.908,14.963779,2025-03-03,18.0
11.06,15.496723,2025-03-04,18.0
21.952,16.009792,2025-03-05,18.0
2.36,15.861914,2025-03-06,18.0
11.948,16.974009,2025-03-07,18.0
13.428,16.118067,2025-03-08,18.0
20.0,15.123582,2025-03-09,18.0
21.428,15.57941,2025-03-10,18.0
10.9428,16.304907,2025-03-11,18.0
12.936,16.18039,2025-03-12,18.0
2.332,15.978197,2025-03-13,18.0
2.412,16.727201,2025-03-14,18.0
14.736,14.068365,2025-03-15,18.0
14.88,12.780005,2025-03-16,18.0
10.8628,13.039693,2025-03-17,18.0
16.256,12.387152,2025-03-18,18.0
9.102,13.8972225,2025-03-19,18.0
4.96,15.3231535,2025-03-20,18.0
18.832,14.305122,2025-03-21,18.0
17.936,12.8992,2025-03-22,18.0
14.04,12.3212185,2025-03-23,18.0
16.8628,12.668716,2025-03-24,18.0
21.16,13.524395,2025-03-25,18.0
9.288,14.538479,2025-03-26,18.0
10.808,16.82091,2025-03-27,18.0
27.652,16.216665,2025-03-28,18.0
6.12,14.634253,2025-03-29,18.0
3.22,15.617695,2025-03-30,18.0
2.52,15.652563,2025-03-31,18.0
12.98,13.398383,2025-04-01,18.0
19.06,11.711692,2025-04-02,18.0
2.528,11.340939,2025-04-03,18.0
13.628,12.346774,2025-04-04,18.0
20.252,11.526599,2025-04-05,18.0
14.68,11.80669,2025-04-06,18.0
10.0,12.512363,2025-04-07,18.0
13.788,13.764854,2025-04-08,18.0
4.192,13.057505,2025-04-09,18.0
7.272,13.166365,2025-04-10,18.0
5.696,13.221451,2025-04-11,18.0
20.104,12.436699,2025-04-12,18.0
11.868,11.514391,2025-04-13,18.0
12.46,11.878191,2025-04-14,18.0
12.832,11.373119,2025-04-15,18.0
19.128,11.716804,2025-04-16,18.0
10.14,12.153509,2025-04-17,18.0
6.188,12.553355,2025-04-18,18.0
12.292,12.083384,2025-04-19,18.0
10.011,12.128355,2025-04-20,18.0
16.908,12.361062,2025-04-21,18.0
10.092,12.13826,2025-04-22,18.0
13.12,13.547283,2025-04-23,18.0
10.968,13.714539,2025-04-24,18.0
12.648,14.172389,2025-04-25,18.0
16.6,14.1334,2025-04-26,18.0
12.132,14.375905,2025-04-27,18.0
9.02,12.864847,2025-04-28,18.0
24.992,12.711956,2025-04-29,18.0
23.748,14.207484,2025-04-30,18.0
9.828,16.38001,2025-05-01,18.0
10.76,18.282,2025-05-02,18.0
13.224,16.02943,2025-05-03,18.0
30.768,15.250978,2025-05-04,18.0
18.248,13.691603,2025-05-05,18.0
10.572,16.546865,2025-05-06,18.0
20.86,17.19334,2025-05-07,18.0
9.72,17.817438,2025-05-08,18.0
12.48,18.407957,2025-05-09,18.0
26.808,16.460209,2025-05-10,18.0
13.192,17.398165,2025-05-11,18.0
13.58,13.945105,2025-05-12,18.0
17.748,16.62169,2025-05-13,18.0
11.9428,16.290897,2025-05-14,18.0
16.048,15.588434,2025-05-15,18.0
16.352,16.04791,2025-05-16,18.0
12.548,14.562854,2025-05-17,18.0
16.9,14.208948,2025-05-18,18.0
16.968,14.669567,2025-05-19,18.0
20.572,14.479121,2025-05-20,18.0
19.38,14.558369,2025-05-21,18.0
17.112,16.580946,2025-05-22,18.0
11.296,16.599623,2025-05-23,18.0
13.072,16.157625,2025-05-24,18.0
20.192,17.060915,2025-05-25,18.0
12.92,15.120092,2025-05-26,18.0
16.428,14.804018,2025-05-27,18.0
19.7,16.600882,2025-05-28,18.0
10.032,17.016,2025-05-29,18.0
7.336,18.010021,2025-05-30,18.0
3.08,14.37509,2025-05-31,18.0
9.352,12.2906475,2025-06-01,18.0
13.028,9.438252,2025-06-02,18.0
12.48,9.625734,2025-06-03,18.0
23.168,10.011089,2025-06-04,18.0
14.672,10.758348,2025-06-05,18.0
7.72,14.14061,2025-06-06,18.0
3.08,13.609818,2025-06-07,18.0
7.048,12.419161,2025-06-08,18.0
12.984,9.333489,2025-06-09,18.0
21.92,8.410903,2025-06-10,18.0
17.76,10.217371,2025-06-11,18.0
10.428,12.522476,2025-06-12,18.0
10.16,14.505283,2025-06-13,18.0
5.308,13.383401,2025-06-14,18.0
6.452,13.228556,2025-06-15,18.0
5.88,11.178457,2025-06-16,18.0
25.13,18.217932,2024-09-18,19.0
18.72,20.424046,2024-09-19,19.0
35.95,21.879374,2024-09-20,19.0
27.31,21.490135,2024-09-21,19.0
21.68,23.587988,2024-09-22,19.0
13.11,23.27382,2024-09-23,19.0
7.19,22.340693,2024-09-24,19.0
14.0919485,21.7471,2024-09-25,19.0
11.4796,21.379446,2024-09-26,19.0
14.433362,19.385675,2024-09-27,19.0
11.553608,16.226088,2024-09-28,19.0
13.728,17.071745,2024-09-29,19.0
23.728,15.069271,2024-09-30,19.0
19.94,14.993282,2024-10-01,19.0
21.17,16.834284,2024-10-02,19.0
18.81,17.336794,2024-10-03,19.0
21.59,17.899895,2024-10-04,19.0
16.47,15.266404,2024-10-05,19.0
8.58,17.363834,2024-10-06,19.0
24.66,17.1612,2024-10-07,19.0
17.91,16.292934,2024-10-08,19.0
21.08,17.322628,2024-10-09,19.0
19.32,17.846191,2024-10-10,19.0
22.528,18.014328,2024-10-11,19.0
23.5,17.868906,2024-10-12,19.0
24.61,19.297886,2024-10-13,19.0
17.428,19.32855,2024-10-14,19.0
18.39,19.412992,2024-10-15,19.0
22.75,19.827978,2024-10-16,19.0
17.86,19.509539,2024-10-17,19.0
17.96,20.231634,2024-10-18,19.0
20.76,19.831758,2024-10-19,19.0
5.19,20.098707,2024-10-20,19.0
19.24,18.83141,2024-10-21,19.0
16.72,17.405094,2024-10-22,19.0
26.12,16.647251,2024-10-23,19.0
13.47,17.132063,2024-10-24,19.0
13.67,18.828228,2024-10-25,19.0
20.8,17.894838,2024-10-26,19.0
11.17,17.273249,2024-10-27,19.0
12.23,16.75659,2024-10-28,19.0
10.96,15.356355,2024-10-29,19.0
22.93,15.324202,2024-10-30,19.0
17.928,15.067123,2024-10-31,19.0
21.89,14.778547,2024-11-01,19.0
20.0,15.282852,2024-11-02,19.0
11.23,16.011555,2024-11-03,19.0
9.31,17.224483,2024-11-04,19.0
25.59,17.3127,2024-11-05,19.0
28.25,16.426922,2024-11-06,19.0
13.51,16.606451,2024-11-07,19.0
19.1,18.467945,2024-11-08,19.0
18.05,18.48951,2024-11-09,19.0
14.79,19.527555,2024-11-10,19.0
17.83,18.998491,2024-11-11,19.0
12.88,18.927942,2024-11-12,19.0
24.91,18.428518,2024-11-13,19.0
14.98,18.214468,2024-11-14,19.0
23.71,19.012922,2024-11-15,19.0
13.73,18.24819,2024-11-16,19.0
26.27,19.255655,2024-11-17,19.0
20.35,18.06363,2024-11-18,19.0
12.74,18.823961,2024-11-19,19.0
25.85,20.550772,2024-11-20,19.0
13.55,19.392998,2024-11-21,19.0
23.33,20.14085,2024-11-22,19.0
21.37,19.484375,2024-11-23,19.0
16.88319,20.679125,2024-11-24,19.0
16.616508,19.767061,2024-11-25,19.0
11.28797,20.410315,2024-11-26,19.0
17.10771,19.695084,2024-11-27,19.0
14.668624,19.118336,2024-11-28,19.0
11.235307,20.33821,2024-11-29,19.0
19.281,17.483416,2024-11-30,19.0
24.46,17.660744,2024-12-01,19.0
25.56,17.13328,2024-12-02,19.0
14.528,18.059275,2024-12-03,19.0
23.72,18.832907,2024-12-04,19.0
17.43,19.34775,2024-12-05,19.0
24.28,19.237623,2024-12-06,19.0
12.99,18.20743,2024-12-07,19.0
21.09,19.314589,2024-12-08,19.0
14.93,18.112604,2024-12-09,19.0
13.69,19.132767,2024-12-10,19.0
20.11,20.796553,2024-12-11,19.0
17.028,18.454414,2024-12-12,19.0
11.06,17.908674,2024-12-13,19.0
28.25,18.241964,2024-12-14,19.0
13.87,19.316202,2024-12-15,19.0
10.96,19.68125,2024-12-16,19.0
19.62,19.959623,2024-12-17,19.0
31.61,20.641062,2024-12-18,19.0
20.73,20.691923,2024-12-19,19.0
11.99,20.406675,2024-12-20,19.0
30.97,19.52889,2024-12-21,19.0
16.74,21.180761,2024-12-22,19.0
19.5,23.433985,2024-12-23,19.0
23.12,23.020082,2024-12-24,19.0
24.2,22.055239,2024-12-25,19.0
29.09,20.307901,2024-12-26,19.0
10.01,19.301996,2024-12-27,19.0
19.52,20.621008,2024-12-28,19.0
16.08,20.991255,2024-12-29,19.0
27.62,20.777124,2024-12-30,19.0
17.828,22.119688,2024-12-31,19.0
29.31,23.857082,2025-01-01,19.0
24.73,22.29247,2025-01-02,19.0
23.19,21.381598,2025-01-03,19.0
19.98,23.326895,2025-01-04,19.0
22.12,23.095394,2025-01-05,19.0
13.71,22.11115,2025-01-06,19.0
25.85,21.344883,2025-01-07,19.0
24.03,21.169926,2025-01-08,19.0
22.5,19.651201,2025-01-09,19.0
20.25,21.381008,2025-01-10,19.0
14.59,22.1859,2025-01-11,19.0
24.09,23.65708,2025-01-12,19.0
19.66,22.303186,2025-01-13,19.0
24.43,22.116438,2025-01-14,19.0
19.81,23.228973,2025-01-15,19.0
21.83,20.170298,2025-01-16,19.0
26.01,20.612848,2025-01-17,19.0
25.28,18.927206,2025-01-18,19.0
21.77,20.894018,2025-01-19,19.0
16.24,21.879684,2025-01-20,19.0
33.42,21.10563,2025-01-21,19.0
24.4,21.984213,2025-01-22,19.0
14.51,20.96296,2025-01-23,19.0
21.15,22.940577,2025-01-24,19.0
20.85,22.39601,2025-01-25,19.0
11.77,22.158121,2025-01-26,19.0
31.55,22.635857,2025-01-27,19.0
17.42,21.590128,2025-01-28,19.0
24.36,20.481995,2025-01-29,19.0
27.33,21.242563,2025-01-30,19.0
20.92,22.431128,2025-01-31,19.0
22.49,20.727524,2025-02-01,19.0
18.53,19.099638,2025-02-02,19.0
28.028,19.190517,2025-02-03,19.0
14.9,19.219671,2025-02-04,19.0
37.65,20.26581,2025-02-05,19.0
25.11,21.077177,2025-02-06,19.0
21.56,21.903976,2025-02-07,19.0
23.92,24.347696,2025-02-08,19.0
24.228,24.700212,2025-02-09,19.0
18.59,22.815771,2025-02-10,19.0
25.96,22.384293,2025-02-11,19.0
28.87,23.155138,2025-02-12,19.0
21.46,21.840418,2025-02-13,19.0
24.2,24.143564,2025-02-14,19.0
22.65,24.108635,2025-02-15,19.0
20.79,22.934574,2025-02-16,19.0
26.45,22.918615,2025-02-17,19.0
22.53,23.60433,2025-02-18,19.0
30.73,21.084997,2025-02-19,19.0
30.828,21.59424,2025-02-20,19.0
16.17,20.63393,2025-02-21,19.0
24.528,21.81529,2025-02-22,19.0
35.928,22.448217,2025-02-23,19.0
23.54,23.40551,2025-02-24,19.0
32.97,23.988453,2025-02-25,19.0
25.07,25.706926,2025-02-26,19.0
20.9,24.922356,2025-02-27,19.0
10.32,24.991016,2025-02-28,19.0
21.62,26.158613,2025-03-01,19.0
33.62,22.627596,2025-03-02,19.0
21.64,19.03549,2025-03-03,19.0
24.52,20.729097,2025-03-04,19.0
27.928,22.811632,2025-03-05,19.0
12.68,21.991945,2025-03-06,19.0
22.49,23.31933,2025-03-07,19.0
11.05,22.396402,2025-03-08,19.0
14.08,21.483786,2025-03-09,19.0
17.32,20.459501,2025-03-10,19.0
20.23,20.136873,2025-03-11,19.0
22.43,18.49637,2025-03-12,19.0
7.72,18.567965,2025-03-13,19.0
14.44,18.808552,2025-03-14,19.0
10.31,16.163729,2025-03-15,19.0
11.29,15.616958,2025-03-16,19.0
17.18,15.013952,2025-03-17,19.0
10.08,13.306349,2025-03-18,19.0
18.22,14.211771,2025-03-19,19.0
12.74,15.083759,2025-03-20,19.0
20.228,14.451517,2025-03-21,19.0
23.2,13.716357,2025-03-22,19.0
8.55,14.194279,2025-03-23,19.0
19.42,14.773932,2025-03-24,19.0
9.99,14.092187,2025-03-25,19.0
21.82,14.841286,2025-03-26,19.0
12.67,14.444055,2025-03-27,19.0
17.96,14.895243,2025-03-28,19.0
10.42,14.188087,2025-03-29,19.0
6.95,14.215177,2025-03-30,19.0
14.53,14.593326,2025-03-31,19.0
3.9,12.598902,2025-04-01,19.0
10.3,12.980515,2025-04-02,19.0
6.52,11.117569,2025-04-03,19.0
13.528,11.163027,2025-04-04,19.0
14.6,10.346214,2025-04-05,19.0
11.11,10.288919,2025-04-06,19.0
7.09,10.640105,2025-04-07,19.0
3.97,10.4074135,2025-04-08,19.0
9.38,10.987969,2025-04-09,19.0
10.64,10.068113,2025-04-10,19.0
9.49,10.122669,2025-04-11,19.0
13.18,10.6419735,2025-04-12,19.0
6.85,10.503496,2025-04-13,19.0
27.47,10.403889,2025-04-14,19.0
8.18,9.155565,2025-04-15,19.0
11.03,11.804317,2025-04-16,19.0
20.75,11.926842,2025-04-17,19.0
9.528,11.716074,2025-04-18,19.0
16.21,11.921915,2025-04-19,19.0
20.62,12.954261,2025-04-20,19.0
13.28,13.47344,2025-04-21,19.0
10.39,13.444709,2025-04-22,19.0
17.69,15.203093,2025-04-23,19.0
10.26,15.083649,2025-04-24,19.0
11.11,15.068692,2025-04-25,19.0
17.5,15.437183,2025-04-26,19.0
16.12,15.328645,2025-04-27,19.0
8.028,13.550085,2025-04-28,19.0
10.77,13.586677,2025-04-29,19.0
18.09,14.667025,2025-04-30,19.0
20.58,14.139317,2025-05-01,19.0
17.73,14.735151,2025-05-02,19.0
19.64,13.666008,2025-05-03,19.0
16.4,14.099219,2025-05-04,19.0
9.3,14.391687,2025-05-05,19.0
14.09,15.3486595,2025-05-06,19.0
16.11,14.470263,2025-05-07,19.0
17.01,14.488188,2025-05-08,19.0
16.36,14.993845,2025-05-09,19.0
23.26,14.679205,2025-05-10,19.0
21.18,15.952932,2025-05-11,19.0
18.03,13.200676,2025-05-12,19.0
18.51,16.79142,2025-05-13,19.0
16.29,16.38539,2025-05-14,19.0
21.79,16.324596,2025-05-15,19.0
17.69,16.39061,2025-05-16,19.0
13.11,15.654079,2025-05-17,19.0
12.22,15.522313,2025-05-18,19.0
10.46,16.07311,2025-05-19,19.0
20.61,15.795578,2025-05-20,19.0
19.7,14.484899,2025-05-21,19.0
11.96,15.825528,2025-05-22,19.0
13.03,15.367407,2025-05-23,19.0
14.6,14.546175,2025-05-24,19.0
10.82,14.909172,2025-05-25,19.0
18.89,14.089462,2025-05-26,19.0
11.75,12.338676,2025-05-27,19.0
19.47,14.245491,2025-05-28,19.0
24.19,14.806276,2025-05-29,19.0
13.93,16.180496,2025-05-30,19.0
20.828,14.797524,2025-05-31,19.0
17.528,13.899936,2025-06-01,19.0
14.74,14.689447,2025-06-02,19.0
16.5,14.573822,2025-06-03,19.0
23.8,14.948183,2025-06-04,19.0
22.3,15.12444,2025-06-05,19.0
18.92,17.309702,2025-06-06,19.0
19.99,17.403152,2025-06-07,19.0
22.62,16.407782,2025-06-08,19.0
22.31,16.128555,2025-06-09,19.0
19.14,16.76273,2025-06-10,19.0
21.3,18.592482,2025-06-11,19.0
27.0,18.502905,2025-06-12,19.0
19.66,19.163895,2025-06-13,19.0
6.828,18.85767,2025-06-14,19.0
20.08,19.400114,2025-06-15,19.0
18.525,17.16414,2025-06-16,19.0
12.1,10.980082,2024-09-18,20.0
14.86,10.380303,2024-09-19,20.0
13.23,10.092405,2024-09-20,20.0
18.98,10.084386,2024-09-21,20.0
6.86,10.556099,2024-09-22,20.0
5.2,11.076756,2024-09-23,20.0
12.21,11.594259,2024-09-24,20.0
12.64,11.700306,2024-09-25,20.0
24.55,11.918803,2024-09-26,20.0
20.76,11.577471,2024-09-27,20.0
22.56,12.137131,2024-09-28,20.0
14.29,14.2300205,2024-09-29,20.0
13.46,15.710204,2024-09-30,20.0
22.57,16.420446,2024-10-01,20.0
7.48,16.93979,2024-10-02,20.0
31.0,17.823826,2024-10-03,20.0
13.21,16.980982,2024-10-04,20.0
25.36,15.778252,2024-10-05,20.0
11.26,16.556267,2024-10-06,20.0
10.64,17.687128,2024-10-07,20.0
7.93,18.195717,2024-10-08,20.0
12.39,16.690573,2024-10-09,20.0
19.97,15.730295,2024-10-10,20.0
18.88,13.514592,2024-10-11,20.0
18.76,14.292458,2024-10-12,20.0
19.39,14.573521,2024-10-13,20.0
10.11,15.4548235,2024-10-14,20.0
21.72,16.624548,2024-10-15,20.0
21.52,16.182333,2024-10-16,20.0
12.82,15.875973,2024-10-17,20.0
10.37,16.271748,2024-10-18,20.0
11.76,15.815327,2024-10-19,20.0
12.96,14.882414,2024-10-20,20.0
7.89,13.772581,2024-10-21,20.0
12.88,14.54348,2024-10-22,20.0
18.96,13.573179,2024-10-23,20.0
4.24,14.099487,2024-10-24,20.0
24.08,14.961969,2024-10-25,20.0
16.2,13.06931,2024-10-26,20.0
13.8,13.750464,2024-10-27,20.0
18.29,13.914099,2024-10-28,20.0
16.27,14.504654,2024-10-29,20.0
9.64,15.305137,2024-10-30,20.0
10.78,15.610932,2024-10-31,20.0
13.95,15.430223,2024-11-01,20.0
28.08,13.62955,2024-11-02,20.0
25.96,14.014264,2024-11-03,20.0
31.57,16.572615,2024-11-04,20.0
12.02,18.550604,2024-11-05,20.0
19.07,20.792059,2024-11-06,20.0
17.58,21.09582,2024-11-07,20.0
10.0,20.111706,2024-11-08,20.0
18.52,18.91583,2024-11-09,20.0
12.02,18.155672,2024-11-10,20.0
12.228,18.003181,2024-11-11,20.0
21.63,17.997046,2024-11-12,20.0
14.29,19.202385,2024-11-13,20.0
10.11,19.205347,2024-11-14,20.0
11.39,18.948664,2024-11-15,20.0
9.23,17.466076,2024-11-16,20.0
19.05,16.619509,2024-11-17,20.0
14.75,15.272921,2024-11-18,20.0
17.26,15.620495,2024-11-19,20.0
22.428,16.598576,2024-11-20,20.0
22.67,17.036386,2024-11-21,20.0
24.39,17.975296,2024-11-22,20.0
13.414682,18.768072,2024-11-23,20.0
13.968186,19.201548,2024-11-24,20.0
16.60058,18.475094,2024-11-25,20.0
11.3278,19.09282,2024-11-26,20.0
11.0769205,17.814348,2024-11-27,20.0
20.076797,18.880924,2024-11-28,20.0
13.505376,18.876293,2024-11-29,20.0
20.6728,16.284971,2024-11-30,20.0
37.39,17.272287,2024-12-01,20.0
29.01,17.589136,2024-12-02,20.0
13.26,19.993164,2024-12-03,20.0
30.29,22.250452,2024-12-04,20.0
39.63,23.75534,2024-12-05,20.0
14.7,22.65349,2024-12-06,20.0
19.12,22.377136,2024-12-07,20.0
32.21,23.820131,2024-12-08,20.0
24.25,22.295927,2024-12-09,20.0
24.05,24.787233,2024-12-10,20.0
19.09,27.190027,2024-12-11,20.0
29.24,24.702284,2024-12-12,20.0
17.82,23.396036,2024-12-13,20.0
16.31,25.182846,2024-12-14,20.0
25.26,25.047283,2024-12-15,20.0
32.88,22.905985,2024-12-16,20.0
26.11,23.39984,2024-12-17,20.0
27.99,25.88081,2024-12-18,20.0
37.85,28.059965,2024-12-19,20.0
31.77,26.3496,2024-12-20,20.0
28.46,25.54872,2024-12-21,20.0
29.91,27.85124,2024-12-22,20.0
27.85,29.401157,2024-12-23,20.0
26.22,29.304514,2024-12-24,20.0
5.67,30.532316,2024-12-25,20.0
27.01,29.44345,2024-12-26,20.0
42.32,26.187275,2024-12-27,20.0
17.92,24.822906,2024-12-28,20.0
39.05,26.56782,2024-12-29,20.0
39.72,27.004217,2024-12-30,20.0
19.65,28.502153,2024-12-31,20.0
42.88,30.55202,2025-01-01,20.0
21.14,28.491362,2025-01-02,20.0
10.528,25.488827,2025-01-03,20.0
24.69,26.280283,2025-01-04,20.0
25.51,25.921888,2025-01-05,20.0
33.028,23.164724,2025-01-06,20.0
25.06,24.113447,2025-01-07,20.0
9.83,25.705904,2025-01-08,20.0
27.19,24.719252,2025-01-09,20.0
31.39,26.030611,2025-01-10,20.0
29.98,24.11962,2025-01-11,20.0
25.5,24.427458,2025-01-12,20.0
26.61,24.916079,2025-01-13,20.0
23.93,25.325914,2025-01-14,20.0
29.92,27.311682,2025-01-15,20.0
22.27,23.600586,2025-01-16,20.0
21.08,24.24956,2025-01-17,20.0
27.09,23.396551,2025-01-18,20.0
22.68,24.964998,2025-01-19,20.0
27.5,25.889902,2025-01-20,20.0
36.1,24.07841,2025-01-21,20.0
26.78,25.877329,2025-01-22,20.0
26.38,25.145369,2025-01-23,20.0
26.1,27.237564,2025-01-24,20.0
28.01,26.160444,2025-01-25,20.0
23.62,25.299257,2025-01-26,20.0
23.94,25.889841,2025-01-27,20.0
25.14,25.893745,2025-01-28,20.0
1.94,25.437128,2025-01-29,20.0
21.58,25.158396,2025-01-30,20.0
23.61,24.84855,2025-01-31,20.0
33.59,22.846443,2025-02-01,20.0
18.64,20.423132,2025-02-02,20.0
23.39,21.337523,2025-02-03,20.0
17.7,23.56636,2025-02-04,20.0
36.52,21.389929,2025-02-05,20.0
16.33,22.582218,2025-02-06,20.0
25.93,22.117708,2025-02-07,20.0
25.46,22.353159,2025-02-08,20.0
38.06,22.688498,2025-02-09,20.0
21.47,22.852156,2025-02-10,20.0
26.47,24.037848,2025-02-11,20.0
28.13,25.580324,2025-02-12,20.0
30.14,24.647264,2025-02-13,20.0
24.95,26.125185,2025-02-14,20.0
25.25,24.639334,2025-02-15,20.0
38.13,23.301073,2025-02-16,20.0
24.73,24.116709,2025-02-17,20.0
11.24,26.277733,2025-02-18,20.0
38.728,24.55615,2025-02-19,20.0
25.22,25.6603,2025-02-20,20.0
25.4,23.318914,2025-02-21,20.0
26.27,24.749739,2025-02-22,20.0
31.98,24.89649,2025-02-23,20.0
24.75,26.129297,2025-02-24,20.0
30.11,26.978796,2025-02-25,20.0
36.75,28.253553,2025-02-26,20.0
21.05,25.192135,2025-02-27,20.0
23.87,25.493437,2025-02-28,20.0
38.928,27.690104,2025-03-01,20.0
23.82,25.250856,2025-03-02,20.0
16.13,23.555193,2025-03-03,20.0
25.1,25.224089,2025-03-04,20.0
17.78,24.355888,2025-03-05,20.0
14.828,22.10744,2025-03-06,20.0
29.1,23.242617,2025-03-07,20.0
18.29,21.966108,2025-03-08,20.0
22.55,22.326283,2025-03-09,20.0
12.86,23.743515,2025-03-10,20.0
9.9,23.96597,2025-03-11,20.0
12.84,20.423504,2025-03-12,20.0
16.77,19.72138,2025-03-13,20.0
18.79,18.005276,2025-03-14,20.0
10.7,16.010347,2025-03-15,20.0
7.81,16.906195,2025-03-16,20.0
10.38,17.01816,2025-03-17,20.0
12.19,15.620199,2025-03-18,20.0
7.84,14.609232,2025-03-19,20.0
18.01,14.98793,2025-03-20,20.0
19.68,12.943696,2025-03-21,20.0
10.93,12.7849655,2025-03-22,20.0
10.39,13.130701,2025-03-23,20.0
14.73,13.230069,2025-03-24,20.0
11.36,12.553162,2025-03-25,20.0
8.56,12.60961,2025-03-26,20.0
19.4,14.14903,2025-03-27,20.0
16.01,12.811104,2025-03-28,20.0
12.828,13.148762,2025-03-29,20.0
5.9,13.723635,2025-03-30,20.0
11.52,14.509054,2025-03-31,20.0
10.49,13.272479,2025-04-01,20.0
13.6,13.099947,2025-04-02,20.0
4.7,12.720503,2025-04-03,20.0
11.19,11.950905,2025-04-04,20.0
17.72,11.4145565,2025-04-05,20.0
13.88,10.398617,2025-04-06,20.0
10.84,11.720673,2025-04-07,20.0
12.31,12.818427,2025-04-08,20.0
9.46,12.748809,2025-04-09,20.0
9.35,12.277833,2025-04-10,20.0
11.31,12.566185,2025-04-11,20.0
17.02,11.507526,2025-04-12,20.0
10.16,11.462887,2025-04-13,20.0
11.65,12.578818,2025-04-14,20.0
10.26,13.02098,2025-04-15,20.0
6.29,13.225418,2025-04-16,20.0
9.49,13.2265415,2025-04-17,20.0
8.52,11.767006,2025-04-18,20.0
12.628,9.8807,2025-04-19,20.0
9.0,9.832024,2025-04-20,20.0
17.36,10.2671995,2025-04-21,20.0
9.992,10.27451,2025-04-22,20.0
13.528,11.55678,2025-04-23,20.0
6.992,11.451928,2025-04-24,20.0
16.78,11.773062,2025-04-25,20.0
14.06,10.665068,2025-04-26,20.0
10.928,11.18,2025-04-27,20.0
10.102,11.1618595,2025-04-28,20.0
16.46,10.56546,2025-04-29,20.0
14.74,12.518418,2025-04-30,20.0
9.102,13.447073,2025-05-01,20.0
14.976,14.569357,2025-05-02,20.0
12.9028,11.382071,2025-05-03,20.0
10.768,11.264764,2025-05-04,20.0
11.112,10.784022,2025-05-05,20.0
9.52,11.738848,2025-05-06,20.0
11.268,11.742577,2025-05-07,20.0
12.62,12.120444,2025-05-08,20.0
7.58,12.093632,2025-05-09,20.0
18.56,10.41748,2025-05-10,20.0
23.0,10.432472,2025-05-11,20.0
11.652,9.112019,2025-05-12,20.0
17.92,12.146436,2025-05-13,20.0
16.68,12.766371,2025-05-14,20.0
16.748,13.105043,2025-05-15,20.0
10.308,13.759383,2025-05-16,20.0
11.792,12.816837,2025-05-17,20.0
17.428,11.7826,2025-05-18,20.0
16.512,12.305328,2025-05-19,20.0
16.088,13.158541,2025-05-20,20.0
14.472,14.086159,2025-05-21,20.0
12.176,14.701763,2025-05-22,20.0
18.592,14.315723,2025-05-23,20.0
17.208,12.310127,2025-05-24,20.0
11.811,13.360893,2025-05-25,20.0
11.132,13.176802,2025-05-26,20.0
9.72,12.559644,2025-05-27,20.0
9.448,13.946887,2025-05-28,20.0
14.52,13.881044,2025-05-29,20.0
14.0,13.393219,2025-05-30,20.0
18.08,10.816656,2025-05-31,20.0
8.911,10.891294,2025-06-01,20.0
13.468,12.324646,2025-06-02,20.0
17.372,11.596232,2025-06-03,20.0
13.12,12.1454315,2025-06-04,20.0
17.848,13.378984,2025-06-05,20.0
13.58,13.298642,2025-06-06,20.0
17.38,12.533165,2025-06-07,20.0
16.58,12.255968,2025-06-08,20.0
13.728,13.070695,2025-06-09,20.0
18.06,13.596045,2025-06-10,20.0
17.411,14.488077,2025-06-11,20.0
11.2,15.6237335,2025-06-12,20.0
10.808,15.194885,2025-06-13,20.0
9.28,13.544561,2025-06-14,20.0
6.82,12.686155,2025-06-15,20.0
13.6028,11.954399,2025-06-16,20.0
20.12,20.207947,2024-09-18,21.0
11.936,20.74327,2024-09-19,21.0
25.744,19.890429,2024-09-20,21.0
21.428,17.85809,2024-09-21,21.0
18.708,19.546736,2024-09-22,21.0
11.5,18.833914,2024-09-23,21.0
16.872,19.93564,2024-09-24,21.0
22.788,19.628075,2024-09-25,21.0
28.0,19.877686,2024-09-26,21.0
30.172,19.977774,2024-09-27,21.0
28.36,18.789732,2024-09-28,21.0
24.456,22.147524,2024-09-29,21.0
31.411,22.892736,2024-09-30,21.0
31.388,24.039473,2024-10-01,21.0
12.8228,25.688332,2024-10-02,21.0
28.696,26.347773,2024-10-03,21.0
18.972,25.620213,2024-10-04,21.0
27.28,21.910553,2024-10-05,21.0
26.428,24.590544,2024-10-06,21.0
27.88,25.08559,2024-10-07,21.0
28.24,25.85555,2024-10-08,21.0
22.228,26.308855,2024-10-09,21.0
11.972,27.231878,2024-10-10,21.0
25.86,24.39046,2024-10-11,21.0
25.952,22.614805,2024-10-12,21.0
17.36,22.127645,2024-10-13,21.0
30.976,22.602434,2024-10-14,21.0
30.972,23.029383,2024-10-15,21.0
28.02,23.554876,2024-10-16,21.0
30.0,25.74735,2024-10-17,21.0
25.672,27.333216,2024-10-18,21.0
14.11,25.83668,2024-10-19,21.0
33.6,26.430132,2024-10-20,21.0
38.2,24.388964,2024-10-21,21.0
28.468,23.542387,2024-10-22,21.0
25.18,26.454191,2024-10-23,21.0
25.96,29.879217,2024-10-24,21.0
35.911,29.512959,2024-10-25,21.0
31.0,27.177065,2024-10-26,21.0
19.456,27.934492,2024-10-27,21.0
24.384,27.001833,2024-10-28,21.0
26.508,27.072496,2024-10-29,21.0
21.98,27.972755,2024-10-30,21.0
36.008,27.640024,2024-10-31,21.0
32.892,25.3617,2024-11-01,21.0
17.372,24.692833,2024-11-02,21.0
29.008,26.679422,2024-11-03,21.0
22.2,27.663206,2024-11-04,21.0
17.11,27.087002,2024-11-05,21.0
20.98,27.161852,2024-11-06,21.0
27.88,25.982355,2024-11-07,21.0
25.972,23.49071,2024-11-08,21.0
32.296,23.091246,2024-11-09,21.0
10.424,25.725134,2024-11-10,21.0
33.256,25.36207,2024-11-11,21.0
26.411,25.789377,2024-11-12,21.0
23.258,26.104006,2024-11-13,21.0
30.2228,26.68379,2024-11-14,21.0
26.448,25.42703,2024-11-15,21.0
30.84,24.568254,2024-11-16,21.0
26.88,25.929636,2024-11-17,21.0
24.112,26.332212,2024-11-18,21.0
23.108,26.02046,2024-11-19,21.0
26.42,27.930447,2024-11-20,21.0
17.728,27.74634,2024-11-21,21.0
10.0,26.960333,2024-11-22,21.0
25.07418,26.15479,2024-11-23,21.0
24.24973,24.327442,2024-11-24,21.0
25.285187,23.028173,2024-11-25,21.0
23.653664,24.311754,2024-11-26,21.0
25.590658,23.983831,2024-11-27,21.0
26.289062,25.57024,2024-11-28,21.0
23.837677,27.122963,2024-11-29,21.0
25.7268,24.671095,2024-11-30,21.0
11.032,24.40735,2024-12-01,21.0
43.88,24.207396,2024-12-02,21.0
19.36,25.172842,2024-12-03,21.0
25.2,25.398115,2024-12-04,21.0
33.208,28.151232,2024-12-05,21.0
32.7028,27.17981,2024-12-06,21.0
27.12,25.770597,2024-12-07,21.0
14.88,27.482164,2024-12-08,21.0
45.496,26.901253,2024-12-09,21.0
17.412,26.41585,2024-12-10,21.0
46.82,29.498571,2024-12-11,21.0
27.28,28.184702,2024-12-12,21.0
38.88,26.588526,2024-12-13,21.0
30.872,29.642586,2024-12-14,21.0
27.908,31.25609,2024-12-15,21.0
32.0,32.76597,2024-12-16,21.0
33.428,31.918112,2024-12-17,21.0
36.312,35.11936,2024-12-18,21.0
25.248,35.200886,2024-12-19,21.0
37.692,34.996227,2024-12-20,21.0
32.388,31.13004,2024-12-21,21.0
25.28,33.00221,2024-12-22,21.0
16.56,35.88119,2024-12-23,21.0
37.72,34.61591,2024-12-24,21.0
30.8,32.82929,2024-12-25,21.0
41.384,29.903101,2024-12-26,21.0
28.648,28.702868,2024-12-27,21.0
27.232,28.35772,2024-12-28,21.0
28.28,31.117556,2024-12-29,21.0
28.508,30.507757,2024-12-30,21.0
28.588,32.54435,2024-12-31,21.0
37.772,31.787638,2025-01-01,21.0
22.628,29.650583,2025-01-02,21.0
30.252,28.480152,2025-01-03,21.0
35.908,30.782673,2025-01-04,21.0
24.332,30.149912,2025-01-05,21.0
35.708,29.492899,2025-01-06,21.0
32.8628,29.649206,2025-01-07,21.0
23.216,29.71102,2025-01-08,21.0
28.6228,29.73067,2025-01-09,21.0
35.212,31.540726,2025-01-10,21.0
41.112,29.314495,2025-01-11,21.0
32.112,30.430887,2025-01-12,21.0
25.6,31.540253,2025-01-13,21.0
30.468,32.446217,2025-01-14,21.0
29.18,34.51238,2025-01-15,21.0
37.928,30.012136,2025-01-16,21.0
33.9428,30.164173,2025-01-17,21.0
36.808,28.102798,2025-01-18,21.0
31.5,30.863008,2025-01-19,21.0
26.64,33.301678,2025-01-20,21.0
36.308,31.710325,2025-01-21,21.0
45.2228,33.166172,2025-01-22,21.0
29.296,29.88766,2025-01-23,21.0
41.6,32.99303,2025-01-24,21.0
29.092,33.694546,2025-01-25,21.0
27.588,32.66324,2025-01-26,21.0
33.2228,34.260715,2025-01-27,21.0
32.056,33.514164,2025-01-28,21.0
29.392,32.694996,2025-01-29,21.0
45.568,32.22194,2025-01-30,21.0
29.96,34.12375,2025-01-31,21.0
28.192,31.639242,2025-02-01,21.0
35.968,30.545935,2025-02-02,21.0
27.76,29.414194,2025-02-03,21.0
30.744,30.36506,2025-02-04,21.0
46.268,31.169727,2025-02-05,21.0
19.852,31.748564,2025-02-06,21.0
30.44,32.502525,2025-02-07,21.0
25.576,33.63972,2025-02-08,21.0
33.9028,32.233887,2025-02-09,21.0
31.288,29.049444,2025-02-10,21.0
25.528,29.776314,2025-02-11,21.0
30.08,30.874712,2025-02-12,21.0
39.64,30.085287,2025-02-13,21.0
38.78,31.853704,2025-02-14,21.0
32.608,29.92676,2025-02-15,21.0
20.3028,29.818775,2025-02-16,21.0
32.336,31.981333,2025-02-17,21.0
22.872,32.98331,2025-02-18,21.0
30.08,29.291868,2025-02-19,21.0
32.992,30.075335,2025-02-20,21.0
28.428,27.367449,2025-02-21,21.0
36.32,27.327463,2025-02-22,21.0
26.372,28.178013,2025-02-23,21.0
37.416,30.633028,2025-02-24,21.0
35.732,29.981123,2025-02-25,21.0
17.76,31.237123,2025-02-26,21.0
48.028,31.015818,2025-02-27,21.0
11.392,29.390562,2025-02-28,21.0
28.98,30.20716,2025-03-01,21.0
33.811,29.022404,2025-03-02,21.0
29.336,25.809181,2025-03-03,21.0
27.311,26.562212,2025-03-04,21.0
30.928,29.605333,2025-03-05,21.0
22.992,29.043385,2025-03-06,21.0
27.96,28.16267,2025-03-07,21.0
29.14,28.627531,2025-03-08,21.0
28.308,27.355082,2025-03-09,21.0
24.1428,28.126837,2025-03-10,21.0
21.12,29.359255,2025-03-11,21.0
36.016,27.55315,2025-03-12,21.0
26.992,26.758997,2025-03-13,21.0
26.9,26.226206,2025-03-14,21.0
32.332,25.411526,2025-03-15,21.0
18.4,25.372839,2025-03-16,21.0
19.336,27.1677,2025-03-17,21.0
25.211,25.880882,2025-03-18,21.0
27.3,26.53517,2025-03-19,21.0
11.808,27.628178,2025-03-20,21.0
28.632,25.999405,2025-03-21,21.0
27.592,24.496496,2025-03-22,21.0
19.648,22.572823,2025-03-23,21.0
24.18,23.298471,2025-03-24,21.0
38.08,22.683706,2025-03-25,21.0
26.86,23.241644,2025-03-26,21.0
11.088,25.92485,2025-03-27,21.0
38.311,28.13585,2025-03-28,21.0
28.7,23.730276,2025-03-29,21.0
17.88,23.266,2025-03-30,21.0
28.411,25.66276,2025-03-31,21.0
29.168,24.584192,2025-04-01,21.0
23.568,23.675905,2025-04-02,21.0
24.544,25.08083,2025-04-03,21.0
23.32,26.462065,2025-04-04,21.0
27.52,23.888906,2025-04-05,21.0
24.488,24.17956,2025-04-06,21.0
22.62,23.686024,2025-04-07,21.0
29.411,24.468157,2025-04-08,21.0
23.176,24.14859,2025-04-09,21.0
25.772,25.110716,2025-04-10,21.0
31.84,25.668276,2025-04-11,21.0
23.412,25.319174,2025-04-12,21.0
27.508,26.241276,2025-04-13,21.0
31.612,26.464521,2025-04-14,21.0
28.288,25.117735,2025-04-15,21.0
25.512,25.769102,2025-04-16,21.0
27.888,26.88284,2025-04-17,21.0
25.2,25.120447,2025-04-18,21.0
21.272,23.56402,2025-04-19,21.0
13.776,26.555948,2025-04-20,21.0
32.0,25.504513,2025-04-21,21.0
21.772,23.002924,2025-04-22,21.0
25.652,25.10119,2025-04-23,21.0
26.896,26.110785,2025-04-24,21.0
33.8,26.07269,2025-04-25,21.0
27.2628,26.168673,2025-04-26,21.0
26.668,28.191343,2025-04-27,21.0
27.42,25.855728,2025-04-28,21.0
31.74,26.313063,2025-04-29,21.0
30.48,30.279589,2025-04-30,21.0
37.28,30.384243,2025-05-01,21.0
26.96,29.850645,2025-05-02,21.0
29.52,27.920366,2025-05-03,21.0
21.6,28.957474,2025-05-04,21.0
23.14,27.696634,2025-05-05,21.0
35.711,27.607521,2025-05-06,21.0
30.228,26.465422,2025-05-07,21.0
25.536,28.965113,2025-05-08,21.0
23.32,28.886274,2025-05-09,21.0
27.76,27.172506,2025-05-10,21.0
18.272,30.012877,2025-05-11,21.0
33.352,24.813356,2025-05-12,21.0
23.988,25.188723,2025-05-13,21.0
27.708,25.350271,2025-05-14,21.0
25.28,26.112646,2025-05-15,21.0
27.11,25.820328,2025-05-16,21.0
21.64,23.890078,2025-05-17,21.0
29.372,23.768482,2025-05-18,21.0
24.108,24.325218,2025-05-19,21.0
27.952,24.20292,2025-05-20,21.0
23.248,24.867498,2025-05-21,21.0
27.8628,25.279196,2025-05-22,21.0
26.768,24.766264,2025-05-23,21.0
30.072,23.55824,2025-05-24,21.0
20.896,26.569948,2025-05-25,21.0
26.704,25.526682,2025-05-26,21.0
30.616,24.644875,2025-05-27,21.0
20.92,26.2999,2025-05-28,21.0
29.104,27.430288,2025-05-29,21.0
27.88,27.205425,2025-05-30,21.0
26.336,23.163862,2025-05-31,21.0
16.072,23.660635,2025-06-01,21.0
24.22,23.463564,2025-06-02,21.0
26.748,22.518267,2025-06-03,21.0
26.8628,22.14918,2025-06-04,21.0
27.656,24.360197,2025-06-05,21.0
31.828,24.422628,2025-06-06,21.0
19.752,23.29211,2025-06-07,21.0
31.92,24.209295,2025-06-08,21.0
29.928,23.787672,2025-06-09,21.0
25.492,23.2806,2025-06-10,21.0
25.92,26.39322,2025-06-11,21.0
29.496,27.19294,2025-06-12,21.0
11.2628,26.261421,2025-06-13,21.0
17.64,24.225607,2025-06-14,21.0
14.88,23.777472,2025-06-15,21.0
27.08,20.784142,2025-06-16,21.0
21.428,22.196882,2024-09-18,22.0
28.82,22.194023,2024-09-19,22.0
24.3,23.22056,2024-09-20,22.0
26.248,23.116438,2024-09-21,22.0
28.492,22.74303,2024-09-22,22.0
18.22,22.43106,2024-09-23,22.0
16.61242,23.067764,2024-09-24,22.0
17.610548,24.46368,2024-09-25,22.0
19.031319,25.093782,2024-09-26,22.0
19.317225,22.482738,2024-09-27,22.0
24.13779,20.002386,2024-09-28,22.0
16.488,20.013893,2024-09-29,22.0
27.232,19.196852,2024-09-30,22.0
14.928,19.979208,2024-10-01,22.0
0.532,21.759886,2024-10-02,22.0
16.316135,21.725277,2024-10-03,22.0
21.788,19.444834,2024-10-04,22.0
17.504,14.815348,2024-10-05,22.0
4.628,16.308657,2024-10-06,22.0
13.35559,16.870768,2024-10-07,22.0
16.135893,15.553097,2024-10-08,22.0
22.868,15.14662,2024-10-09,22.0
8.22,15.677294,2024-10-10,22.0
12.368,14.892397,2024-10-11,22.0
18.211,13.643717,2024-10-12,22.0
12.98,13.640581,2024-10-13,22.0
13.417414,13.867515,2024-10-14,22.0
17.19786,13.863873,2024-10-15,22.0
14.112,13.534241,2024-10-16,22.0
22.228,14.128099,2024-10-17,22.0
16.58,15.301901,2024-10-18,22.0
11.712,15.258425,2024-10-19,22.0
20.28,15.918869,2024-10-20,22.0
29.012,14.851302,2024-10-21,22.0
12.112,15.06992,2024-10-22,22.0
49.632,16.38693,2024-10-23,22.0
9.148,17.398954,2024-10-24,22.0
11.7868,20.517542,2024-10-25,22.0
10.1,20.915813,2024-10-26,22.0
44.26,19.214878,2024-10-27,22.0
12.58,16.438795,2024-10-28,22.0
16.320282,18.317602,2024-10-29,22.0
18.86862,21.420853,2024-10-30,22.0
46.432,20.256418,2024-10-31,22.0
14.08,20.513906,2024-11-01,22.0
6.048,21.187769,2024-11-02,22.0
44.86,23.168177,2024-11-03,22.0
33.692,20.523706,2024-11-04,22.0
29.668,23.822882,2024-11-05,22.0
20.968105,26.616842,2024-11-06,22.0
25.411,27.204432,2024-11-07,22.0
45.828,25.080095,2024-11-08,22.0
42.788,25.35471,2024-11-09,22.0
16.892,27.200483,2024-11-10,22.0
24.56432,27.673626,2024-11-11,22.0
19.576,30.682648,2024-11-12,22.0
7.992,30.457447,2024-11-13,22.0
62.632,29.36088,2024-11-14,22.0
49.92,25.38167,2024-11-15,22.0
25.393717,23.22965,2024-11-16,22.0
70.696,29.260427,2024-11-17,22.0
27.472,31.945997,2024-11-18,22.0
27.648,32.804317,2024-11-19,22.0
49.552,38.07265,2024-11-20,22.0
0.72,35.47406,2024-11-21,22.0
27.149633,31.517416,2024-11-22,22.0
25.242577,33.125515,2024-11-23,22.0
23.497503,31.189066,2024-11-24,22.0
25.094692,28.169127,2024-11-25,22.0
19.201052,31.225664,2024-11-26,22.0
20.710695,28.971342,2024-11-27,22.0
24.526375,27.706425,2024-11-28,22.0
27.228125,29.253096,2024-11-29,22.0
26.9368,23.72251,2024-11-30,22.0
10.832,24.10903,2024-12-01,22.0
41.101067,23.567133,2024-12-02,22.0
35.498905,24.310392,2024-12-03,22.0
42.352,24.5936,2024-12-04,22.0
61.656,27.805565,2024-12-05,22.0
16.252,29.573994,2024-12-06,22.0
31.692738,30.241533,2024-12-07,22.0
31.589584,33.80925,2024-12-08,22.0
27.668,30.052721,2024-12-09,22.0
48.5028,30.298626,2024-12-10,22.0
18.508,32.75108,2024-12-11,22.0
39.69651,31.192791,2024-12-12,22.0
30.281866,30.62505,2024-12-13,22.0
32.862713,32.744236,2024-12-14,22.0
56.58,32.547516,2024-12-15,22.0
58.272,32.824574,2024-12-16,22.0
46.016,35.31206,2024-12-17,22.0
42.80571,40.21308,2024-12-18,22.0
38.663227,46.957848,2024-12-19,22.0
29.773745,44.441433,2024-12-20,22.0
30.82465,41.77036,2024-12-21,22.0
32.07459,42.243008,2024-12-22,22.0
48.452,42.73203,2024-12-23,22.0
54.74,42.766834,2024-12-24,22.0
56.912,44.505978,2024-12-25,22.0
39.632175,43.3222,2024-12-26,22.0
30.947954,41.673954,2024-12-27,22.0
32.662495,41.21732,2024-12-28,22.0
57.336,40.094963,2024-12-29,22.0
68.102,38.411922,2024-12-30,22.0
46.448,41.6338,2024-12-31,22.0
46.28657,46.290653,2025-01-01,22.0
44.480995,47.782024,2025-01-02,22.0
28.84,47.41775,2025-01-03,22.0
22.732,45.963745,2025-01-04,22.0
21.66,42.343014,2025-01-05,22.0
58.088,37.172096,2025-01-06,22.0
74.492,34.35216,2025-01-07,22.0
44.526882,35.699055,2025-01-08,22.0
44.386307,39.71625,2025-01-09,22.0
36.81359,45.324936,2025-01-10,22.0
39.80449,43.05486,2025-01-11,22.0
28.107182,41.874706,2025-01-12,22.0
37.61709,38.5452,2025-01-13,22.0
47.305885,36.146748,2025-01-14,22.0
142.48,37.68281,2025-01-15,22.0
52.932,35.993023,2025-01-16,22.0
35.900394,41.017883,2025-01-17,22.0
41.264812,51.69489,2025-01-18,22.0
28.532694,53.016964,2025-01-19,22.0
53.168,51.24161,2025-01-20,22.0
41.96,45.672806,2025-01-21,22.0
46.271095,46.9791,2025-01-22,22.0
44.625717,43.07948,2025-01-23,22.0
35.968502,50.452602,2025-01-24,22.0
52.028,45.611584,2025-01-25,22.0
48.192,41.336662,2025-01-26,22.0
36.27761,41.85679,2025-01-27,22.0
47.765057,42.62049,2025-01-28,22.0
46.382545,45.53165,2025-01-29,22.0
35.228,43.28525,2025-01-30,22.0
29.25,45.54356,2025-01-31,22.0
28.763268,42.394363,2025-02-01,22.0
36.682755,35.10348,2025-02-02,22.0
37.81007,33.436626,2025-02-03,22.0
53.68,34.766674,2025-02-04,22.0
43.14,35.19756,2025-02-05,22.0
39.687675,38.68954,2025-02-06,22.0
38.706738,42.80798,2025-02-07,22.0
26.732,41.18117,2025-02-08,22.0
38.76,39.97664,2025-02-09,22.0
37.54183,35.4969,2025-02-10,22.0
37.70095,35.081417,2025-02-11,22.0
36.908,36.142467,2025-02-12,22.0
68.428,37.33836,2025-02-13,22.0
21.6628,38.299107,2025-02-14,22.0
28.556253,36.814285,2025-02-15,22.0
35.393547,37.400105,2025-02-16,22.0
31.856,35.505344,2025-02-17,22.0
67.664,35.55258,2025-02-18,22.0
26.448,32.48613,2025-02-19,22.0
41.328358,34.893314,2025-02-20,22.0
32.808,37.066956,2025-02-21,22.0
10.3028,36.55341,2025-02-22,22.0
24.96,34.411938,2025-02-23,22.0
79.308,33.793667,2025-02-24,22.0
3.28,30.307066,2025-02-25,22.0
39.165726,31.259485,2025-02-26,22.0
39.681126,36.623474,2025-02-27,22.0
68.28,30.539114,2025-02-28,22.0
61.628,32.54883,2025-03-01,22.0
24.895437,33.844852,2025-03-02,22.0
30.948606,35.170467,2025-03-03,22.0
33.42051,37.008003,2025-03-04,22.0
21.672,41.98634,2025-03-05,22.0
71.688,35.166145,2025-03-06,22.0
48.76,34.937103,2025-03-07,22.0
10.8628,32.974483,2025-03-08,22.0
17.728,38.778996,2025-03-09,22.0
35.102,40.68137,2025-03-10,22.0
26.888,35.161945,2025-03-11,22.0
21.488,30.281902,2025-03-12,22.0
33.132,29.980831,2025-03-13,22.0
17.12,27.250534,2025-03-14,22.0
14.308,27.155096,2025-03-15,22.0
11.032,27.535915,2025-03-16,22.0
16.632,25.036644,2025-03-17,22.0
12.268,20.995832,2025-03-18,22.0
29.528,21.07329,2025-03-19,22.0
25.368,21.63251,2025-03-20,22.0
14.911,19.178986,2025-03-21,22.0
20.432,20.165604,2025-03-22,22.0
12.168,19.25397,2025-03-23,22.0
8.192,18.186424,2025-03-24,22.0
9.536,16.970541,2025-03-25,22.0
13.911,16.319603,2025-03-26,22.0
12.608,15.384506,2025-03-27,22.0
20.172,14.658369,2025-03-28,22.0
22.18,14.2202015,2025-03-29,22.0
10.8,13.955233,2025-03-30,22.0
8.992,15.40212,2025-03-31,22.0
9.428,14.649817,2025-04-01,22.0
9.892,13.494937,2025-04-02,22.0
5.456,11.522394,2025-04-03,22.0
7.711,11.173436,2025-04-04,22.0
5.3,10.311075,2025-04-05,22.0
3.728,9.22496,2025-04-06,22.0
7.24,9.035652,2025-04-07,22.0
7.272,8.722652,2025-04-08,22.0
2.736,8.855493,2025-04-09,22.0
2.64,8.557678,2025-04-10,22.0
1.612,8.011771,2025-04-11,22.0
6.11,7.317971,2025-04-12,22.0
1.028,6.3960495,2025-04-13,22.0
3.812,5.8844156,2025-04-14,22.0
21.12562,4.751668,2025-04-15,22.0
8.46,5.1396804,2025-04-16,22.0
10.72,6.9942007,2025-04-17,22.0
23.200386,7.5690923,2025-04-18,22.0
21.812939,7.525407,2025-04-19,22.0
24.3255,9.881017,2025-04-20,22.0
12.048,12.272599,2025-04-21,22.0
11.1828,13.749881,2025-04-22,22.0
1.188,13.818981,2025-04-23,22.0
23.890306,14.837574,2025-04-24,22.0
8.68,13.7862835,2025-04-25,22.0
3.92,13.805412,2025-04-26,22.0
4.868,14.742132,2025-04-27,22.0
7.384,12.331999,2025-04-28,22.0
1.412,11.456587,2025-04-29,22.0
10.88,11.860939,2025-04-30,22.0
5.392,11.615261,2025-05-01,22.0
9.792,10.275424,2025-05-02,22.0
1.56,8.397682,2025-05-03,22.0
13.64,8.8496895,2025-05-04,22.0
12.896,7.2513447,2025-05-05,22.0
14.12,8.019394,2025-05-06,22.0
20.6628,8.961706,2025-05-07,22.0
20.496,10.142604,2025-05-08,22.0
21.892,11.567148,2025-05-09,22.0
13.411,12.008788,2025-05-10,22.0
16.84288,14.656002,2025-05-11,22.0
28.048,11.263302,2025-05-12,22.0
11.928,13.987007,2025-05-13,22.0
18.588,15.535509,2025-05-14,22.0
18.812,16.046223,2025-05-15,22.0
32.8,16.833971,2025-05-16,22.0
23.14,15.795183,2025-05-17,22.0
20.592,17.992117,2025-05-18,22.0
10.656,19.183245,2025-05-19,22.0
36.2228,19.493145,2025-05-20,22.0
12.588,19.073137,2025-05-21,22.0
11.86,20.436045,2025-05-22,22.0
24.032,19.84204,2025-05-23,22.0
24.296,16.629372,2025-05-24,22.0
10.192,18.47586,2025-05-25,22.0
23.276201,18.904423,2025-05-26,22.0
75.288,17.629261,2025-05-27,22.0
28.532,18.629293,2025-05-28,22.0
19.788,24.784828,2025-05-29,22.0
25.984,30.126245,2025-05-30,22.0
14.36,24.757586,2025-05-31,22.0
27.36,23.739388,2025-06-01,22.0
26.456,22.251562,2025-06-02,22.0
41.272,21.516993,2025-06-03,22.0
19.888,20.479235,2025-06-04,22.0
20.172,27.373987,2025-06-05,22.0
22.7,28.42575,2025-06-06,22.0
23.28,23.709997,2025-06-07,22.0
26.432,22.200397,2025-06-08,22.0
32.8,20.170494,2025-06-09,22.0
20.656,20.72117,2025-06-10,22.0
8.211,22.952799,2025-06-11,22.0
38.88,25.497282,2025-06-12,22.0
16.132,22.505114,2025-06-13,22.0
23.570793,20.530954,2025-06-14,22.0
22.448,20.957071,2025-06-15,22.0
11.694221,20.743612,2025-06-16,22.0
9.688,15.249581,2024-09-18,23.0
22.3,13.561655,2024-09-19,23.0
24.04,12.69024,2024-09-20,23.0
22.5,13.722193,2024-09-21,23.0
10.38,15.300106,2024-09-22,23.0
4.452,17.243635,2024-09-23,23.0
5.8,16.332788,2024-09-24,23.0
10.768,15.633346,2024-09-25,23.0
30.14,14.770258,2024-09-26,23.0
11.828,12.798895,2024-09-27,23.0
23.172,13.783282,2024-09-28,23.0
17.088,15.047338,2024-09-29,23.0
31.672,16.421604,2024-09-30,23.0
17.012,17.285955,2024-10-01,23.0
10.472,19.002533,2024-10-02,23.0
11.888,19.54228,2024-10-03,23.0
19.772,17.759195,2024-10-04,23.0
37.02,15.246041,2024-10-05,23.0
19.102,16.32519,2024-10-06,23.0
29.296,20.128662,2024-10-07,23.0
17.864,21.310242,2024-10-08,23.0
21.96,23.063702,2024-10-09,23.0
25.148,22.132586,2024-10-10,23.0
22.25,20.305775,2024-10-11,23.0
28.2,19.712885,2024-10-12,23.0
18.048,20.13412,2024-10-13,23.0
22.492,22.262049,2024-10-14,23.0
11.668,21.912676,2024-10-15,23.0
32.752,22.725767,2024-10-16,23.0
9.952,21.042938,2024-10-17,23.0
11.536,21.676231,2024-10-18,23.0
36.172,20.914984,2024-10-19,23.0
23.52,19.080042,2024-10-20,23.0
24.188,20.270687,2024-10-21,23.0
19.572,20.914976,2024-10-22,23.0
24.852,21.957346,2024-10-23,23.0
21.336,21.451529,2024-10-24,23.0
18.711,22.46082,2024-10-25,23.0
24.18,20.836168,2024-10-26,23.0
19.211,19.423582,2024-10-27,23.0
24.776,20.258162,2024-10-28,23.0
27.552,20.592089,2024-10-29,23.0
29.352,22.094107,2024-10-30,23.0
23.92,20.796743,2024-10-31,23.0
31.258,21.485228,2024-11-01,23.0
28.16,21.750353,2024-11-02,23.0
23.612,22.175652,2024-11-03,23.0
25.288,24.679686,2024-11-04,23.0
21.072,24.91487,2024-11-05,23.0
38.108,24.763144,2024-11-06,23.0
20.25,23.86731,2024-11-07,23.0
26.8,24.070906,2024-11-08,23.0
27.768,23.408018,2024-11-09,23.0
21.264,24.590235,2024-11-10,23.0
37.52,25.183538,2024-11-11,23.0
7.216,25.191587,2024-11-12,23.0
29.424,26.29807,2024-11-13,23.0
19.608,24.109098,2024-11-14,23.0
36.46,23.266453,2024-11-15,23.0
37.7,21.646225,2024-11-16,23.0
17.0,23.041262,2024-11-17,23.0
39.38,24.765854,2024-11-18,23.0
4.64,24.186327,2024-11-19,23.0
4.268,27.585276,2024-11-20,23.0
12.6228,24.963575,2024-11-21,23.0
38.376,21.889456,2024-11-22,23.0
25.912,19.473248,2024-11-23,23.0
18.926859,20.799343,2024-11-24,23.0
22.389324,23.11366,2024-11-25,23.0
16.68478,22.334032,2024-11-26,23.0
23.938536,22.204466,2024-11-27,23.0
20.307186,23.003004,2024-11-28,23.0
23.90361,23.228434,2024-11-29,23.0
37.248,18.927816,2024-11-30,23.0
58.332,20.877369,2024-12-01,23.0
49.611,22.281408,2024-12-02,23.0
37.92,26.892801,2024-12-03,23.0
47.088,29.793575,2024-12-04,23.0
58.96,32.69168,2024-12-05,23.0
41.192,33.218925,2024-12-06,23.0
47.928,31.905375,2024-12-07,23.0
41.22,35.122776,2024-12-08,23.0
27.652,33.79939,2024-12-09,23.0
18.216,39.3361,2024-12-10,23.0
18.792,38.46435,2024-12-11,23.0
55.552,31.33747,2024-12-12,23.0
29.576,26.89042,2024-12-13,23.0
41.944,28.956903,2024-12-14,23.0
51.088,32.092197,2024-12-15,23.0
50.56,34.07769,2024-12-16,23.0
45.76,36.36904,2024-12-17,23.0
51.42,38.992374,2024-12-18,23.0
45.852,40.9005,2024-12-19,23.0
54.088,37.48822,2024-12-20,23.0
59.36,38.046314,2024-12-21,23.0
46.272,40.234715,2024-12-22,23.0
55.6,45.803356,2024-12-23,23.0
43.508,46.860165,2024-12-24,23.0
37.3,46.751514,2024-12-25,23.0
52.848,42.35679,2024-12-26,23.0
49.432,37.45721,2024-12-27,23.0
31.528,35.66847,2024-12-28,23.0
45.0,38.633434,2024-12-29,23.0
41.28,40.841347,2024-12-30,23.0
46.172,41.3222,2024-12-31,23.0
45.06,42.462902,2025-01-01,23.0
32.12,38.242485,2025-01-02,23.0
60.352,35.571835,2025-01-03,23.0
38.948,36.216236,2025-01-04,23.0
49.34,36.381897,2025-01-05,23.0
41.02,36.911144,2025-01-06,23.0
38.78,36.57497,2025-01-07,23.0
48.728,37.31457,2025-01-08,23.0
32.72,35.74551,2025-01-09,23.0
47.652,37.682827,2025-01-10,23.0
48.172,36.180027,2025-01-11,23.0
47.308,36.946465,2025-01-12,23.0
28.94,36.661625,2025-01-13,23.0
39.592,38.706482,2025-01-14,23.0
49.508,39.41579,2025-01-15,23.0
43.972,33.81862,2025-01-16,23.0
45.708,35.415157,2025-01-17,23.0
42.011,33.67101,2025-01-18,23.0
56.988,36.479115,2025-01-19,23.0
48.708,39.470497,2025-01-20,23.0
32.652,37.67374,2025-01-21,23.0
49.66,40.805264,2025-01-22,23.0
47.9,36.257393,2025-01-23,23.0
31.628,37.52991,2025-01-24,23.0
35.292,37.49844,2025-01-25,23.0
33.68,36.77676,2025-01-26,23.0
49.332,35.314217,2025-01-27,23.0
28.008,35.840267,2025-01-28,23.0
35.22,36.2542,2025-01-29,23.0
38.012,34.617863,2025-01-30,23.0
32.576,34.732037,2025-01-31,23.0
20.612,32.518238,2025-02-01,23.0
44.148,28.774618,2025-02-02,23.0
37.4,27.40948,2025-02-03,23.0
45.0628,28.485136,2025-02-04,23.0
55.76,31.177237,2025-02-05,23.0
42.576,32.683174,2025-02-06,23.0
46.252,35.13826,2025-02-07,23.0
61.08,37.550922,2025-02-08,23.0
11.052,38.17231,2025-02-09,23.0
9.748,36.22565,2025-02-10,23.0
18.948,37.394127,2025-02-11,23.0
45.36,31.655104,2025-02-12,23.0
31.064,28.054811,2025-02-13,23.0
47.376,29.349962,2025-02-14,23.0
35.132,30.494379,2025-02-15,23.0
28.5,28.892427,2025-02-16,23.0
38.248,34.201,2025-02-17,23.0
38.112,33.15356,2025-02-18,23.0
43.26,28.776503,2025-02-19,23.0
53.828,29.818132,2025-02-20,23.0
27.6628,30.555033,2025-02-21,23.0
36.612,31.431437,2025-02-22,23.0
44.784,33.343956,2025-02-23,23.0
55.628,34.883648,2025-02-24,23.0
53.38,34.105015,2025-02-25,23.0
64.728,37.189068,2025-02-26,23.0
60.392,37.91906,2025-02-27,23.0
29.552,38.92149,2025-02-28,23.0
49.528,44.860806,2025-03-01,23.0
54.552,40.828335,2025-03-02,23.0
58.208,34.728664,2025-03-03,23.0
43.528,37.109543,2025-03-04,23.0
38.64,43.046024,2025-03-05,23.0
42.66,42.857365,2025-03-06,23.0
35.008,43.619457,2025-03-07,23.0
38.08,40.5524,2025-03-08,23.0
18.992,37.566013,2025-03-09,23.0
17.32,37.677494,2025-03-10,23.0
22.808,36.26455,2025-03-11,23.0
19.92,31.317545,2025-03-12,23.0
17.744,29.3393,2025-03-13,23.0
22.76,27.544264,2025-03-14,23.0
12.188,24.113415,2025-03-15,23.0
9.372,22.223043,2025-03-16,23.0
28.088,23.15993,2025-03-17,23.0
22.328,19.779152,2025-03-18,23.0
19.464,20.246881,2025-03-19,23.0
22.228,22.768528,2025-03-20,23.0
21.052,20.49011,2025-03-21,23.0
22.64,19.776804,2025-03-22,23.0
22.008,19.352156,2025-03-23,23.0
30.58,20.137966,2025-03-24,23.0
10.96,19.254683,2025-03-25,23.0
22.292,21.854235,2025-03-26,23.0
33.448,22.871607,2025-03-27,23.0
28.711,21.20878,2025-03-28,23.0
12.028,20.526531,2025-03-29,23.0
14.652,21.396273,2025-03-30,23.0
21.708,21.64996,2025-03-31,23.0
7.628,19.701574,2025-04-01,23.0
21.64,21.001795,2025-04-02,23.0
4.48,18.52484,2025-04-03,23.0
23.472,17.696821,2025-04-04,23.0
11.048,16.8781,2025-04-05,23.0
12.332,16.426645,2025-04-06,23.0
24.612,16.002485,2025-04-07,23.0
11.988,15.9179325,2025-04-08,23.0
21.8,17.366041,2025-04-09,23.0
24.108,16.628323,2025-04-10,23.0
13.912,18.05603,2025-04-11,23.0
26.4,17.518038,2025-04-12,23.0
19.952,17.752073,2025-04-13,23.0
36.428,18.413626,2025-04-14,23.0
22.3,17.753998,2025-04-15,23.0
39.608,21.472586,2025-04-16,23.0
16.532,22.405577,2025-04-17,23.0
23.372,23.030014,2025-04-18,23.0
17.496,22.078245,2025-04-19,23.0
23.72,23.02981,2025-04-20,23.0
23.892,22.941162,2025-04-21,23.0
20.211,21.417074,2025-04-22,23.0
21.016,24.606108,2025-04-23,23.0
23.224,23.874567,2025-04-24,23.0
32.096,24.764408,2025-04-25,23.0
26.944,23.032286,2025-04-26,23.0
25.12,24.945906,2025-04-27,23.0
30.228,23.778444,2025-04-28,23.0
23.588,24.968586,2025-04-29,23.0
29.84,28.24894,2025-04-30,23.0
36.7828,27.081877,2025-05-01,23.0
25.336,26.298323,2025-05-02,23.0
21.132,24.268087,2025-05-03,23.0
39.252,25.18839,2025-05-04,23.0
24.028,23.780684,2025-05-05,23.0
26.18,25.954695,2025-05-06,23.0
27.072,27.681637,2025-05-07,23.0
10.928,27.515911,2025-05-08,23.0
19.608,26.354605,2025-05-09,23.0
26.6628,23.217299,2025-05-10,23.0
29.856,24.810932,2025-05-11,23.0
29.272,19.839405,2025-05-12,23.0
25.48,23.97569,2025-05-13,23.0
31.2,25.624157,2025-05-14,23.0
30.28,24.853685,2025-05-15,23.0
27.088,25.459122,2025-05-16,23.0
28.88,23.186625,2025-05-17,23.0
36.372,23.243174,2025-05-18,23.0
27.012,25.16585,2025-05-19,23.0
33.428,27.100653,2025-05-20,23.0
30.1,27.461802,2025-05-21,23.0
38.608,27.04106,2025-05-22,23.0
30.784,27.341686,2025-05-23,23.0
32.048,26.918314,2025-05-24,23.0
31.928,29.802696,2025-05-25,23.0
22.8228,28.670298,2025-05-26,23.0
25.288,28.320341,2025-05-27,23.0
28.368,28.721628,2025-05-28,23.0
31.0,28.334457,2025-05-29,23.0
29.832,27.950172,2025-05-30,23.0
23.56,24.97615,2025-05-31,23.0
21.06,25.823618,2025-06-01,23.0
23.268,24.258553,2025-06-02,23.0
18.0,23.77564,2025-06-03,23.0
29.44,23.355017,2025-06-04,23.0
23.112,22.84627,2025-06-05,23.0
30.36,23.20217,2025-06-06,23.0
11.392,22.02524,2025-06-07,23.0
24.8,22.981194,2025-06-08,23.0
32.2,20.946867,2025-06-09,23.0
24.72,20.271414,2025-06-10,23.0
31.976,23.646585,2025-06-11,23.0
25.532,23.630957,2025-06-12,23.0
22.68,24.75846,2025-06-13,23.0
11.932,22.990751,2025-06-14,23.0
16.0,24.257132,2025-06-15,23.0
26.63,20.96075,2025-06-16,23.0
11.72,17.659182,2024-09-18,24.0
20.288,18.384958,2024-09-19,24.0
32.752,16.495646,2024-09-20,24.0
25.06,17.098558,2024-09-21,24.0
20.292,19.836208,2024-09-22,24.0
11.28,20.301023,2024-09-23,24.0
11.288,21.254457,2024-09-24,24.0
20.628,20.7326,2024-09-25,24.0
29.68,19.90563,2024-09-26,24.0
29.98,18.68743,2024-09-27,24.0
24.628,18.693296,2024-09-28,24.0
11.88,22.988695,2024-09-29,24.0
30.88,22.87444,2024-09-30,24.0
24.08,21.796572,2024-10-01,24.0
17.012,22.779274,2024-10-02,24.0
25.52,23.37872,2024-10-03,24.0
12.908,22.925127,2024-10-04,24.0
33.272,20.76803,2024-10-05,24.0
20.072,22.759123,2024-10-06,24.0
22.688,23.953936,2024-10-07,24.0
29.032,23.662802,2024-10-08,24.0
32.668,23.969645,2024-10-09,24.0
19.8,24.352318,2024-10-10,24.0
23.82,24.037088,2024-10-11,24.0
25.58,24.548006,2024-10-12,24.0
27.02,23.945066,2024-10-13,24.0
29.368,24.281551,2024-10-14,24.0
23.24,24.642122,2024-10-15,24.0
27.432,25.193754,2024-10-16,24.0
20.968,25.548574,2024-10-17,24.0
10.032,26.616575,2024-10-18,24.0
20.08,25.334454,2024-10-19,24.0
23.288,23.66673,2024-10-20,24.0
46.0,21.234966,2024-10-21,24.0
14.052,21.375196,2024-10-22,24.0
27.892,24.977976,2024-10-23,24.0
25.248,26.661474,2024-10-24,24.0
23.088,26.126778,2024-10-25,24.0
10.032,25.248228,2024-10-26,24.0
25.888,24.62697,2024-10-27,24.0
17.432,22.175528,2024-10-28,24.0
37.7,21.400354,2024-10-29,24.0
24.012,24.211039,2024-10-30,24.0
26.828,23.883444,2024-10-31,24.0
39.52,24.20289,2024-11-01,24.0
37.38,24.021574,2024-11-02,24.0
29.64,25.547915,2024-11-03,24.0
7.368,27.35026,2024-11-04,24.0
25.984,29.209345,2024-11-05,24.0
18.208,27.058062,2024-11-06,24.0
31.272,26.047256,2024-11-07,24.0
19.788,24.943777,2024-11-08,24.0
22.82,23.995516,2024-11-09,24.0
25.288,25.96443,2024-11-10,24.0
20.424,24.99575,2024-11-11,24.0
23.336,26.560858,2024-11-12,24.0
29.732,25.624743,2024-11-13,24.0
23.788,25.328768,2024-11-14,24.0
18.412,24.301043,2024-11-15,24.0
14.0,24.494776,2024-11-16,24.0
45.11,24.815954,2024-11-17,24.0
24.628,21.959679,2024-11-18,24.0
22.6,24.194372,2024-11-19,24.0
16.732,27.171137,2024-11-20,24.0
29.492,27.219896,2024-11-21,24.0
20.768,26.179173,2024-11-22,24.0
26.190437,25.632864,2024-11-23,24.0
27.748457,25.899532,2024-11-24,24.0
25.163582,23.716013,2024-11-25,24.0
23.084198,26.170048,2024-11-26,24.0
24.380838,25.356516,2024-11-27,24.0
31.063702,27.001019,2024-11-28,24.0
25.477945,27.151377,2024-11-29,24.0
25.1012,25.22096,2024-11-30,24.0
24.448,26.129995,2024-12-01,24.0
21.112,25.61212,2024-12-02,24.0
25.176,26.71625,2024-12-03,24.0
30.192,25.589506,2024-12-04,24.0
36.36,26.307177,2024-12-05,24.0
28.992,26.67029,2024-12-06,24.0
26.748,26.311028,2024-12-07,24.0
22.62,27.90597,2024-12-08,24.0
29.74,26.695345,2024-12-09,24.0
19.528,27.858454,2024-12-10,24.0
36.44,28.073128,2024-12-11,24.0
22.032,25.803423,2024-12-12,24.0
20.72,24.840239,2024-12-13,24.0
20.548,26.977285,2024-12-14,24.0
25.66,27.616453,2024-12-15,24.0
19.62,27.231318,2024-12-16,24.0
22.708,26.969595,2024-12-17,24.0
38.6228,28.695807,2024-12-18,24.0
25.488,27.952978,2024-12-19,24.0
25.032,27.66709,2024-12-20,24.0
39.76,26.083622,2024-12-21,24.0
35.92,27.890394,2024-12-22,24.0
26.548,30.077946,2024-12-23,24.0
27.972,31.571894,2024-12-24,24.0
32.812,31.812704,2024-12-25,24.0
27.132,28.568636,2024-12-26,24.0
18.188,27.15809,2024-12-27,24.0
43.411,27.286825,2024-12-28,24.0
27.14,27.442066,2024-12-29,24.0
32.42,28.358604,2024-12-30,24.0
38.8,31.818342,2024-12-31,24.0
38.532,32.49268,2025-01-01,24.0
22.068,30.568045,2025-01-02,24.0
25.492,31.029776,2025-01-03,24.0
16.648,32.749985,2025-01-04,24.0
35.02,30.606424,2025-01-05,24.0
32.132,29.261616,2025-01-06,24.0
31.8,28.09701,2025-01-07,24.0
33.376,29.263498,2025-01-08,24.0
36.192,29.601175,2025-01-09,24.0
20.88,31.754221,2025-01-10,24.0
33.64,31.024837,2025-01-11,24.0
31.768,32.577194,2025-01-12,24.0
32.028,29.70693,2025-01-13,24.0
4.384,31.019571,2025-01-14,24.0
51.288,33.467213,2025-01-15,24.0
39.96,29.451778,2025-01-16,24.0
17.992,28.36624,2025-01-17,24.0
35.468,29.552465,2025-01-18,24.0
31.928,31.469666,2025-01-19,24.0
37.768,31.665304,2025-01-20,24.0
32.1028,29.726435,2025-01-21,24.0
17.168,32.604652,2025-01-22,24.0
23.52,28.443703,2025-01-23,24.0
28.288,31.260305,2025-01-24,24.0
26.5828,29.723005,2025-01-25,24.0
7.096,28.141352,2025-01-26,24.0
22.8,28.97159,2025-01-27,24.0
26.828,27.744505,2025-01-28,24.0
19.428,27.129427,2025-01-29,24.0
33.664,26.434061,2025-01-30,24.0
23.896,26.365305,2025-01-31,24.0
28.2628,25.1924,2025-02-01,24.0
12.136,23.854544,2025-02-02,24.0
9.872,24.366526,2025-02-03,24.0
48.872,24.058668,2025-02-04,24.0
13.108,22.207575,2025-02-05,24.0
25.508,24.71035,2025-02-06,24.0
23.811,25.792286,2025-02-07,24.0
28.068,25.354694,2025-02-08,24.0
25.384,26.219282,2025-02-09,24.0
17.656,25.16973,2025-02-10,24.0
29.984,25.660082,2025-02-11,24.0
4.92,24.006857,2025-02-12,24.0
25.528,26.241837,2025-02-13,24.0
29.58,25.050253,2025-02-14,24.0
19.258,24.06352,2025-02-15,24.0
10.2,23.385885,2025-02-16,24.0
13.892,25.402397,2025-02-17,24.0
17.76,25.10257,2025-02-18,24.0
5.76,20.375814,2025-02-19,24.0
39.32,21.171535,2025-02-20,24.0
22.148,18.262478,2025-02-21,24.0
11.932,18.963282,2025-02-22,24.0
25.452,21.76319,2025-02-23,24.0
17.136,22.273527,2025-02-24,24.0
27.424,22.062004,2025-02-25,24.0
10.776,22.359446,2025-02-26,24.0
30.2228,22.758589,2025-02-27,24.0
1.828,20.319136,2025-02-28,24.0
23.536,23.022043,2025-03-01,24.0
16.852,20.64548,2025-03-02,24.0
5.308,19.076597,2025-03-03,24.0
31.16,20.312101,2025-03-04,24.0
10.304,19.505508,2025-03-05,24.0
28.76,19.917418,2025-03-06,24.0
26.368,20.165712,2025-03-07,24.0
17.288,20.58013,2025-03-08,24.0
12.912,21.754818,2025-03-09,24.0
12.72,23.009205,2025-03-10,24.0
25.208,22.87868,2025-03-11,24.0
32.972,19.363405,2025-03-12,24.0
25.6,20.970488,2025-03-13,24.0
23.388,21.463636,2025-03-14,24.0
17.652,21.54801,2025-03-15,24.0
8.588,22.373503,2025-03-16,24.0
10.6,23.637001,2025-03-17,24.0
18.8228,21.5632,2025-03-18,24.0
11.008,20.962976,2025-03-19,24.0
17.0,21.804464,2025-03-20,24.0
17.56,19.835268,2025-03-21,24.0
24.02,19.009272,2025-03-22,24.0
12.24,18.630627,2025-03-23,24.0
20.868,19.223957,2025-03-24,24.0
8.12,18.862015,2025-03-25,24.0
22.104,19.152906,2025-03-26,24.0
19.028,18.964605,2025-03-27,24.0
37.76,17.986937,2025-03-28,24.0
17.188,17.6954,2025-03-29,24.0
13.62,19.553877,2025-03-30,24.0
6.928,21.593964,2025-03-31,24.0
27.411,20.153795,2025-04-01,24.0
23.88,19.397058,2025-04-02,24.0
25.248,18.63356,2025-04-03,24.0
14.711,20.192839,2025-04-04,24.0
10.748,20.490099,2025-04-05,24.0
5.748,21.018171,2025-04-06,24.0
13.12,19.26908,2025-04-07,24.0
16.052,18.485064,2025-04-08,24.0
10.98,16.651495,2025-04-09,24.0
21.54,17.575518,2025-04-10,24.0
10.48,17.496908,2025-04-11,24.0
7.14,18.589544,2025-04-12,24.0
10.16,17.688616,2025-04-13,24.0
19.008,15.285818,2025-04-14,24.0
18.312,13.078323,2025-04-15,24.0
17.7,14.074738,2025-04-16,24.0
20.88,15.507693,2025-04-17,24.0
31.82,15.520006,2025-04-18,24.0
20.272,16.129679,2025-04-19,24.0
16.36,20.580795,2025-04-20,24.0
16.056,21.31125,2025-04-21,24.0
14.172,19.971128,2025-04-22,24.0
5.868,20.634626,2025-04-23,24.0
14.56,20.468454,2025-04-24,24.0
9.552,18.32147,2025-04-25,24.0
22.768,16.970627,2025-04-26,24.0
20.6628,17.665478,2025-04-27,24.0
9.308,17.784796,2025-04-28,24.0
10.532,18.888607,2025-04-29,24.0
20.536,18.74979,2025-04-30,24.0
20.492,17.637827,2025-05-01,24.0
37.5,17.120422,2025-05-02,24.0
11.11,16.255274,2025-05-03,24.0
10.72,19.139227,2025-05-04,24.0
25.112,18.530737,2025-05-05,24.0
14.24,18.47214,2025-05-06,24.0
20.28,19.297209,2025-05-07,24.0
29.208,19.363323,2025-05-08,24.0
24.72,20.022696,2025-05-09,24.0
18.288,19.366278,2025-05-10,24.0
18.7428,24.758905,2025-05-11,24.0
26.92,19.448612,2025-05-12,24.0
11.776,20.009054,2025-05-13,24.0
27.732,22.069023,2025-05-14,24.0
33.908,20.221052,2025-05-15,24.0
20.632,20.144045,2025-05-16,24.0
22.928,21.334072,2025-05-17,24.0
27.4628,22.732496,2025-05-18,24.0
17.48,23.018913,2025-05-19,24.0
25.428,22.882082,2025-05-20,24.0
22.12,23.064322,2025-05-21,24.0
21.18,22.212559,2025-05-22,24.0
18.02,21.854979,2025-05-23,24.0
22.452,21.910679,2025-05-24,24.0
21.258,22.652075,2025-05-25,24.0
16.42,21.75297,2025-05-26,24.0
28.512,21.608522,2025-05-27,24.0
21.856,21.925688,2025-05-28,24.0
29.92,23.154114,2025-05-29,24.0
14.664,23.75995,2025-05-30,24.0
20.32,20.978428,2025-05-31,24.0
10.448,19.633057,2025-06-01,24.0
13.568,18.453138,2025-06-02,24.0
12.984,17.789766,2025-06-03,24.0
29.548,16.51778,2025-06-04,24.0
32.26,16.897402,2025-06-05,24.0
26.84,19.325483,2025-06-06,24.0
16.68,21.70047,2025-06-07,24.0
25.26,22.354744,2025-06-08,24.0
23.308,21.004255,2025-06-09,24.0
17.6,20.482252,2025-06-10,24.0
25.56,22.384615,2025-06-11,24.0
18.28,21.196579,2025-06-12,24.0
13.492,21.954094,2025-06-13,24.0
12.76,20.949686,2025-06-14,24.0
7.86,20.516891,2025-06-15,24.0
17.378,18.079206,2025-06-16,24.0
10.78,7.7765765,2024-09-18,25.0
13.86,7.974253,2024-09-19,25.0
6.96,8.349939,2024-09-20,25.0
13.49,8.639729,2024-09-21,25.0
7.61,8.701574,2024-09-22,25.0
9.93,8.407528,2024-09-23,25.0
3.528,8.7889595,2024-09-24,25.0
10.828,9.443632,2024-09-25,25.0
13.03,9.250963,2024-09-26,25.0
12.59,9.389271,2024-09-27,25.0
11.8,9.236101,2024-09-28,25.0
10.61,9.700346,2024-09-29,25.0
12.37,9.213857,2024-09-30,25.0
9.79,9.604326,2024-10-01,25.0
10.928,12.283386,2024-10-02,25.0
10.01,13.84904,2024-10-03,25.0
11.08,14.898975,2024-10-04,25.0
10.9,12.000707,2024-10-05,25.0
14.13,12.627682,2024-10-06,25.0
13.51,11.775243,2024-10-07,25.0
10.56,12.018517,2024-10-08,25.0
17.32,12.46857,2024-10-09,25.0
9.47,12.375507,2024-10-10,25.0
13.77,12.766087,2024-10-11,25.0
10.1,12.127239,2024-10-12,25.0
10.39,12.497297,2024-10-13,25.0
10.59,11.687558,2024-10-14,25.0
10.528,11.868345,2024-10-15,25.0
10.228,11.9124775,2024-10-16,25.0
13.12,11.831884,2024-10-17,25.0
19.32,12.576508,2024-10-18,25.0
11.85,12.177983,2024-10-19,25.0
18.97,13.4373665,2024-10-20,25.0
17.37,12.657237,2024-10-21,25.0
13.09,13.4211445,2024-10-22,25.0
21.73,14.332554,2024-10-23,25.0
12.53,14.744961,2024-10-24,25.0
19.89,16.122786,2024-10-25,25.0
18.45,14.7427635,2024-10-26,25.0
17.25,15.580149,2024-10-27,25.0
11.59,15.069017,2024-10-28,25.0
21.27,15.378582,2024-10-29,25.0
21.64,16.186687,2024-10-30,25.0
22.19,16.985256,2024-10-31,25.0
21.64,18.196981,2024-11-01,25.0
17.06,17.957373,2024-11-02,25.0
21.8,18.824064,2024-11-03,25.0
18.52,19.129412,2024-11-04,25.0
19.9,19.891367,2024-11-05,25.0
21.58,20.11804,2024-11-06,25.0
13.43,19.910635,2024-11-07,25.0
22.05,19.986979,2024-11-08,25.0
19.22,18.61899,2024-11-09,25.0
17.81,19.256197,2024-11-10,25.0
26.81,18.158148,2024-11-11,25.0
21.25,19.289753,2024-11-12,25.0
21.61,20.783056,2024-11-13,25.0
18.59,21.456606,2024-11-14,25.0
17.57,21.82613,2024-11-15,25.0
25.8,20.151264,2024-11-16,25.0
12.73,20.93196,2024-11-17,25.0
20.75,19.994051,2024-11-18,25.0
24.71,19.832182,2024-11-19,25.0
19.728,20.948153,2024-11-20,25.0
21.12,22.577547,2024-11-21,25.0
17.618887,23.117022,2024-11-22,25.0
17.69668,22.383509,2024-11-23,25.0
17.66786,21.67114,2024-11-24,25.0
16.836596,20.619905,2024-11-25,25.0
16.753767,20.090242,2024-11-26,25.0
18.432762,19.245613,2024-11-27,25.0
17.28628,20.674807,2024-11-28,25.0
17.890724,21.968798,2024-11-29,25.0
25.286,19.86445,2024-11-30,25.0
37.79,19.983799,2024-12-01,25.0
27.08,20.305267,2024-12-02,25.0
29.77,22.578709,2024-12-03,25.0
27.74,23.53325,2024-12-04,25.0
27.22,25.463224,2024-12-05,25.0
33.93,26.530745,2024-12-06,25.0
32.63,24.685081,2024-12-07,25.0
28.82,25.478613,2024-12-08,25.0
26.728,24.883663,2024-12-09,25.0
35.29,28.157145,2024-12-10,25.0
35.46,29.0985,2024-12-11,25.0
26.23,27.811016,2024-12-12,25.0
30.25,27.939505,2024-12-13,25.0
27.73,28.64929,2024-12-14,25.0
30.72,29.470285,2024-12-15,25.0
32.9,29.643488,2024-12-16,25.0
30.25,30.070398,2024-12-17,25.0
29.76,31.517385,2024-12-18,25.0
26.77,33.08958,2024-12-19,25.0
28.198,31.309656,2024-12-20,25.0
27.0228,27.815014,2024-12-21,25.0
26.328,28.692453,2024-12-22,25.0
28.488,29.412289,2024-12-23,25.0
30.1428,28.825247,2024-12-24,25.0
27.988,29.088762,2024-12-25,25.0
31.16,27.588364,2024-12-26,25.0
25.96,26.097021,2024-12-27,25.0
23.652,25.788874,2024-12-28,25.0
26.0,27.485949,2024-12-29,25.0
35.188,26.913164,2024-12-30,25.0
31.652,28.334543,2024-12-31,25.0
22.96,29.439205,2025-01-01,25.0
25.628,28.121449,2025-01-02,25.0
28.38,26.942118,2025-01-03,25.0
23.92,27.028946,2025-01-04,25.0
26.08,26.850786,2025-01-05,25.0
36.7,25.196543,2025-01-06,25.0
30.58,24.258482,2025-01-07,25.0
32.102,25.60489,2025-01-08,25.0
35.788,27.032824,2025-01-09,25.0
23.732,28.061178,2025-01-10,25.0
25.36,27.914911,2025-01-11,25.0
36.296,30.301102,2025-01-12,25.0
24.232,27.816622,2025-01-13,25.0
26.84,27.69613,2025-01-14,25.0
23.432,31.400465,2025-01-15,25.0
26.228,27.880194,2025-01-16,25.0
22.12,27.78931,2025-01-17,25.0
28.948,25.573244,2025-01-18,25.0
23.744,26.12657,2025-01-19,25.0
31.128,26.470047,2025-01-20,25.0
16.82,24.82961,2025-01-21,25.0
19.932,25.946,2025-01-22,25.0
11.488,23.68634,2025-01-23,25.0
20.528,23.774275,2025-01-24,25.0
14.928,21.881184,2025-01-25,25.0
17.311,21.107065,2025-01-26,25.0
19.448,21.353384,2025-01-27,25.0
21.9,20.797182,2025-01-28,25.0
11.2,22.321825,2025-01-29,25.0
17.928,21.120022,2025-01-30,25.0
11.808,21.291153,2025-01-31,25.0
18.28,19.95782,2025-02-01,25.0
20.872,17.096384,2025-02-02,25.0
20.168,16.341282,2025-02-03,25.0
20.192,17.05229,2025-02-04,25.0
20.848,17.557173,2025-02-05,25.0
17.552,19.926641,2025-02-06,25.0
23.6,20.217201,2025-02-07,25.0
21.028,19.473707,2025-02-08,25.0
23.168,20.726036,2025-02-09,25.0
13.372,19.16213,2025-02-10,25.0
17.0,19.858122,2025-02-11,25.0
22.508,20.580137,2025-02-12,25.0
11.0,20.322142,2025-02-13,25.0
19.911,21.371183,2025-02-14,25.0
17.78,19.620947,2025-02-15,25.0
18.828,17.999346,2025-02-16,25.0
17.96,18.785866,2025-02-17,25.0
11.4228,20.136759,2025-02-18,25.0
22.468,16.854029,2025-02-19,25.0
20.548,17.315111,2025-02-20,25.0
17.8228,17.022291,2025-02-21,25.0
27.208,16.392305,2025-02-22,25.0
23.648,17.287085,2025-02-23,25.0
21.5828,18.856253,2025-02-24,25.0
14.088,20.420435,2025-02-25,25.0
21.328,21.653212,2025-02-26,25.0
17.028,20.036205,2025-02-27,25.0
10.784,18.550568,2025-02-28,25.0
29.08,19.243021,2025-03-01,25.0
10.6,17.295046,2025-03-02,25.0
33.988,17.209934,2025-03-03,25.0
8.228,17.74819,2025-03-04,25.0
31.672,19.621407,2025-03-05,25.0
19.032,19.363924,2025-03-06,25.0
16.828,20.022623,2025-03-07,25.0
9.78,20.058428,2025-03-08,25.0
26.18,19.39106,2025-03-09,25.0
14.708,19.991842,2025-03-10,25.0
19.08,18.94462,2025-03-11,25.0
16.211,19.3714,2025-03-12,25.0
10.028,19.440758,2025-03-13,25.0
19.8,19.59414,2025-03-14,25.0
13.052,17.109858,2025-03-15,25.0
11.12,16.725119,2025-03-16,25.0
11.308,16.39013,2025-03-17,25.0
6.78,15.776391,2025-03-18,25.0
26.26,16.130272,2025-03-19,25.0
16.74,15.972159,2025-03-20,25.0
18.752,15.820053,2025-03-21,25.0
9.808,15.233591,2025-03-22,25.0
22.4,15.46047,2025-03-23,25.0
18.82,14.34043,2025-03-24,25.0
17.628,15.14311,2025-03-25,25.0
12.011,16.40621,2025-03-26,25.0
12.0,16.74669,2025-03-27,25.0
22.92,17.170378,2025-03-28,25.0
14.668,15.109604,2025-03-29,25.0
14.22,15.636414,2025-03-30,25.0
11.128,15.342118,2025-03-31,25.0
11.311,15.080116,2025-04-01,25.0
20.58,14.9535265,2025-04-02,25.0
17.88,14.584944,2025-04-03,25.0
11.7,15.025664,2025-04-04,25.0
8.272,14.869127,2025-04-05,25.0
14.2,14.411534,2025-04-06,25.0
21.948,12.847797,2025-04-07,25.0
12.82,13.526216,2025-04-08,25.0
14.42,14.5117035,2025-04-09,25.0
18.508,14.833851,2025-04-10,25.0
20.104,15.163584,2025-04-11,25.0
12.488,15.78454,2025-04-12,25.0
11.94,15.826431,2025-04-13,25.0
21.292,14.449658,2025-04-14,25.0
19.268,13.070002,2025-04-15,25.0
18.252,14.450874,2025-04-16,25.0
20.258,15.179056,2025-04-17,25.0
18.88,15.121969,2025-04-18,25.0
19.532,15.00849,2025-04-19,25.0
17.72,17.347813,2025-04-20,25.0
11.72,17.433292,2025-04-21,25.0
11.728,16.487967,2025-04-22,25.0
10.42,17.316362,2025-04-23,25.0
18.452,16.86807,2025-04-24,25.0
17.628,15.830684,2025-04-25,25.0
11.748,15.286272,2025-04-26,25.0
19.672,15.717556,2025-04-27,25.0
17.328,14.551459,2025-04-28,25.0
18.772,15.061575,2025-04-29,25.0
10.788,16.473234,2025-04-30,25.0
9.48,17.250689,2025-05-01,25.0
19.072,15.848206,2025-05-02,25.0
16.711,13.362855,2025-05-03,25.0
11.96,13.774782,2025-05-04,25.0
16.548,12.7863245,2025-05-05,25.0
11.64,13.016874,2025-05-06,25.0
17.028,13.512468,2025-05-07,25.0
17.711,14.761341,2025-05-08,25.0
16.528,15.097898,2025-05-09,25.0
16.304,13.672656,2025-05-10,25.0
9.688,15.035309,2025-05-11,25.0
17.3,11.821747,2025-05-12,25.0
9.92,12.506854,2025-05-13,25.0
11.52,12.941217,2025-05-14,25.0
16.228,12.230997,2025-05-15,25.0
11.1428,12.433806,2025-05-16,25.0
8.248,11.593199,2025-05-17,25.0
17.592,11.187498,2025-05-18,25.0
12.888,11.183639,2025-05-19,25.0
11.08,10.786221,2025-05-20,25.0
9.192,11.216886,2025-05-21,25.0
17.288,11.914112,2025-05-22,25.0
14.272,10.96346,2025-05-23,25.0
9.52,11.037469,2025-05-24,25.0
10.548,11.998743,2025-05-25,25.0
17.28,10.609067,2025-05-26,25.0
8.9,10.276335,2025-05-27,25.0
10.448,12.514562,2025-05-28,25.0
13.772,12.614834,2025-05-29,25.0
13.708,12.48606,2025-05-30,25.0
10.132,10.075808,2025-05-31,25.0
9.258,9.929382,2025-06-01,25.0
8.9028,9.335923,2025-06-02,25.0
12.588,9.003066,2025-06-03,25.0
12.68,9.352351,2025-06-04,25.0
10.588,10.141613,2025-06-05,25.0
16.252,11.251392,2025-06-06,25.0
10.732,9.95939,2025-06-07,25.0
16.136,10.310181,2025-06-08,25.0
10.552,9.668414,2025-06-09,25.0
10.12,10.3210745,2025-06-10,25.0
9.7,11.322145,2025-06-11,25.0
10.42,11.894501,2025-06-12,25.0
6.568,11.758505,2025-06-13,25.0
7.1828,9.963608,2025-06-14,25.0
5.736,9.6298275,2025-06-15,25.0
9.728,8.819786,2025-06-16,25.0
18.71,15.233622,2024-09-18,26.0
11.83,14.894936,2024-09-19,26.0
24.83,15.105343,2024-09-20,26.0
29.18,14.63789,2024-09-21,26.0
13.6,16.688988,2024-09-22,26.0
12.1,17.798038,2024-09-23,26.0
16.27,17.752626,2024-09-24,26.0
18.91,16.709414,2024-09-25,26.0
21.84,17.058971,2024-09-26,26.0
11.42,17.255667,2024-09-27,26.0
21.26,16.239222,2024-09-28,26.0
22.09,16.8039,2024-09-29,26.0
14.08,16.737547,2024-09-30,26.0
19.48,17.451635,2024-10-01,26.0
17.92,17.697475,2024-10-02,26.0
21.21,17.943743,2024-10-03,26.0
11.928,18.113625,2024-10-04,26.0
18.708,16.476131,2024-10-05,26.0
13.032,16.879097,2024-10-06,26.0
22.112,16.456942,2024-10-07,26.0
19.988,16.522284,2024-10-08,26.0
26.08,16.654476,2024-10-09,26.0
17.8,17.25923,2024-10-10,26.0
21.72,17.496508,2024-10-11,26.0
27.18,17.981298,2024-10-12,26.0
24.028,18.636858,2024-10-13,26.0
24.768,19.098404,2024-10-14,26.0
27.584,20.070856,2024-10-15,26.0
19.228,20.819586,2024-10-16,26.0
21.052,21.943735,2024-10-17,26.0
19.708,23.151365,2024-10-18,26.0
13.42,22.39806,2024-10-19,26.0
21.888,22.118437,2024-10-20,26.0
2.56,19.914587,2024-10-21,26.0
25.952,19.018305,2024-10-22,26.0
10.728,16.689318,2024-10-23,26.0
14.6628,17.540632,2024-10-24,26.0
17.288,17.836977,2024-10-25,26.0
21.18,16.044676,2024-10-26,26.0
24.772,16.166475,2024-10-27,26.0
18.548,15.031841,2024-10-28,26.0
17.948,16.50525,2024-10-29,26.0
20.552,16.315378,2024-10-30,26.0
11.04,17.491068,2024-10-31,26.0
24.808,17.024076,2024-11-01,26.0
4.8628,16.475431,2024-11-02,26.0
4.208,17.554876,2024-11-03,26.0
19.808,16.49507,2024-11-04,26.0
16.952,15.2551155,2024-11-05,26.0
7.208,15.369525,2024-11-06,26.0
16.112,15.274191,2024-11-07,26.0
26.728,14.17242,2024-11-08,26.0
19.34,12.900597,2024-11-09,26.0
20.14,16.084742,2024-11-10,26.0
11.668,16.022715,2024-11-11,26.0
16.4,16.26977,2024-11-12,26.0
19.872,16.659369,2024-11-13,26.0
8.66,17.261377,2024-11-14,26.0
11.372,16.820604,2024-11-15,26.0
11.988,15.501013,2024-11-16,26.0
18.46,16.658484,2024-11-17,26.0
11.432,14.724878,2024-11-18,26.0
4.96,15.366119,2024-11-19,26.0
23.128,15.171706,2024-11-20,26.0
22.74,14.18543,2024-11-21,26.0
23.692,15.251923,2024-11-22,26.0
13.941689,15.767426,2024-11-23,26.0
11.3126955,17.980576,2024-11-24,26.0
12.809107,16.887854,2024-11-25,26.0
10.566586,16.644373,2024-11-26,26.0
13.891131,15.892279,2024-11-27,26.0
13.818224,15.196287,2024-11-28,26.0
14.55795,16.150705,2024-11-29,26.0
14.352,14.978994,2024-11-30,26.0
35.808,15.796104,2024-12-01,26.0
18.472,14.967184,2024-12-02,26.0
19.8,18.587337,2024-12-03,26.0
25.368,19.302649,2024-12-04,26.0
2.24,19.770407,2024-12-05,26.0
22.25,20.006836,2024-12-06,26.0
17.172,18.170946,2024-12-07,26.0
24.12,18.7502,2024-12-08,26.0
19.988,16.80221,2024-12-09,26.0
19.532,19.355223,2024-12-10,26.0
23.028,21.464941,2024-12-11,26.0
16.212,20.022072,2024-12-12,26.0
22.9028,20.377296,2024-12-13,26.0
16.288,19.587526,2024-12-14,26.0
21.288,20.760984,2024-12-15,26.0
14.64,20.277586,2024-12-16,26.0
24.132,21.157501,2024-12-17,26.0
16.528,23.014189,2024-12-18,26.0
18.64,24.049389,2024-12-19,26.0
21.7,22.40102,2024-12-20,26.0
14.38,19.568674,2024-12-21,26.0
9.102,22.060055,2024-12-22,26.0
23.548,22.516916,2024-12-23,26.0
7.32,20.875248,2024-12-24,26.0
36.2,20.707209,2024-12-25,26.0
24.18,19.30762,2024-12-26,26.0
26.18,18.312433,2024-12-27,26.0
16.82,19.632822,2024-12-28,26.0
24.7,21.94536,2024-12-29,26.0
5.7,21.127459,2024-12-30,26.0
7.208,22.808203,2024-12-31,26.0
32.072,22.364096,2025-01-01,26.0
26.64,17.7269,2025-01-02,26.0
19.38,18.173887,2025-01-03,26.0
25.028,19.934252,2025-01-04,26.0
23.52,21.13883,2025-01-05,26.0
30.832,19.755499,2025-01-06,26.0
16.48,20.4994,2025-01-07,26.0
22.4,21.1524,2025-01-08,26.0
25.272,20.156242,2025-01-09,26.0
23.36,20.760075,2025-01-10,26.0
26.808,21.460436,2025-01-11,26.0
31.06,23.780146,2025-01-12,26.0
26.128,23.439524,2025-01-13,26.0
25.248,23.645948,2025-01-14,26.0
23.464,25.562243,2025-01-15,26.0
21.0,22.917513,2025-01-16,26.0
25.92,23.713736,2025-01-17,26.0
18.188,22.1056,2025-01-18,26.0
12.11,23.359861,2025-01-19,26.0
17.508,23.42402,2025-01-20,26.0
16.2628,21.078966,2025-01-21,26.0
13.648,21.06124,2025-01-22,26.0
32.98,18.833109,2025-01-23,26.0
24.692,19.03222,2025-01-24,26.0
25.388,18.635817,2025-01-25,26.0
26.528,20.63843,2025-01-26,26.0
25.34,21.92063,2025-01-27,26.0
22.56,21.565998,2025-01-28,26.0
20.08,21.655565,2025-01-29,26.0
12.588,21.562052,2025-01-30,26.0
1.8,21.480642,2025-01-31,26.0
25.392,21.10462,2025-02-01,26.0
19.48,17.800192,2025-02-02,26.0
21.552,17.476976,2025-02-03,26.0
22.376,17.557064,2025-02-04,26.0
21.8628,17.781237,2025-02-05,26.0
12.76,19.332363,2025-02-06,26.0
20.988,19.897285,2025-02-07,26.0
27.772,19.379362,2025-02-08,26.0
14.176,19.935461,2025-02-09,26.0
28.352,19.103067,2025-02-10,26.0
27.568,19.05876,2025-02-11,26.0
20.792,20.509428,2025-02-12,26.0
23.872,21.327436,2025-02-13,26.0
25.216,22.654799,2025-02-14,26.0
7.092,21.51182,2025-02-15,26.0
36.532,20.857351,2025-02-16,26.0
6.368,20.302143,2025-02-17,26.0
9.28,21.38009,2025-02-18,26.0
9.752,18.688457,2025-02-19,26.0
18.256,17.785948,2025-02-20,26.0
14.1828,15.903993,2025-02-21,26.0
23.588,15.017481,2025-02-22,26.0
29.668,15.840006,2025-02-23,26.0
2.2,16.24537,2025-02-24,26.0
2.104,18.604023,2025-02-25,26.0
19.008,17.20051,2025-02-26,26.0
30.848,14.478456,2025-02-27,26.0
7.492,12.98444,2025-02-28,26.0
33.052,15.766198,2025-03-01,26.0
5.208,14.44454,2025-03-02,26.0
23.52,15.070711,2025-03-03,26.0
17.52,15.615143,2025-03-04,26.0
13.112,16.317736,2025-03-05,26.0
14.456,15.384325,2025-03-06,26.0
11.1828,15.557699,2025-03-07,26.0
7.24,16.296745,2025-03-08,26.0
27.308,15.55793,2025-03-09,26.0
20.78,15.115838,2025-03-10,26.0
2.68,15.849002,2025-03-11,26.0
25.528,16.01283,2025-03-12,26.0
10.832,14.844385,2025-03-13,26.0
12.568,15.471703,2025-03-14,26.0
3.211,15.002647,2025-03-15,26.0
14.76,14.725439,2025-03-16,26.0
13.308,13.386337,2025-03-17,26.0
9.28,11.786507,2025-03-18,26.0
22.552,13.178883,2025-03-19,26.0
14.86,13.75279,2025-03-20,26.0
12.932,14.078508,2025-03-21,26.0
13.308,14.123059,2025-03-22,26.0
10.372,13.746767,2025-03-23,26.0
10.76,12.352166,2025-03-24,26.0
2.228,12.067423,2025-03-25,26.0
10.908,12.475893,2025-03-26,26.0
4.92,11.889754,2025-03-27,26.0
18.48,11.406221,2025-03-28,26.0
16.104,10.26166,2025-03-29,26.0
3.568,10.9578,2025-03-30,26.0
12.28,11.556523,2025-03-31,26.0
22.688,10.350588,2025-04-01,26.0
9.36,10.439547,2025-04-02,26.0
10.64,10.948976,2025-04-03,26.0
13.102,11.577615,2025-04-04,26.0
16.02,11.418325,2025-04-05,26.0
11.38,11.455868,2025-04-06,26.0
10.76,11.723589,2025-04-07,26.0
13.828,12.06223,2025-04-08,26.0
14.2,11.642387,2025-04-09,26.0
9.1,12.333315,2025-04-10,26.0
16.172,12.738963,2025-04-11,26.0
10.528,12.737473,2025-04-12,26.0
13.888,13.468323,2025-04-13,26.0
3.711,12.467556,2025-04-14,26.0
14.688,11.298942,2025-04-15,26.0
10.704,10.4550295,2025-04-16,26.0
13.168,10.46362,2025-04-17,26.0
20.008,10.33012,2025-04-18,26.0
3.132,10.141835,2025-04-19,26.0
10.46,12.875998,2025-04-20,26.0
12.632,11.738461,2025-04-21,26.0
6.92,11.11175,2025-04-22,26.0
14.868,11.352004,2025-04-23,26.0
13.388,11.117817,2025-04-24,26.0
14.44,11.813709,2025-04-25,26.0
14.792,11.954364,2025-04-26,26.0
14.28,14.103789,2025-04-27,26.0
16.0,11.486671,2025-04-28,26.0
6.288,11.834735,2025-04-29,26.0
14.692,14.422061,2025-04-30,26.0
8.988,13.435732,2025-05-01,26.0
14.711,13.291397,2025-05-02,26.0
7.84,11.385648,2025-05-03,26.0
20.008,12.17053,2025-05-04,26.0
17.732,10.43381,2025-05-05,26.0
12.76,11.771709,2025-05-06,26.0
14.26,13.007824,2025-05-07,26.0
12.428,13.867615,2025-05-08,26.0
11.12,13.620701,2025-05-09,26.0
7.528,12.386877,2025-05-10,26.0
13.188,14.57024,2025-05-11,26.0
9.132,9.514211,2025-05-12,26.0
10.652,10.726463,2025-05-13,26.0
14.456,10.64728,2025-05-14,26.0
10.7028,10.326834,2025-05-15,26.0
5.412,11.005897,2025-05-16,26.0
7.292,10.117394,2025-05-17,26.0
13.188,9.585891,2025-05-18,26.0
6.92,9.051575,2025-05-19,26.0
13.624,9.249611,2025-05-20,26.0
18.908,8.820755,2025-05-21,26.0
10.928,9.824938,2025-05-22,26.0
7.792,11.100103,2025-05-23,26.0
16.616,10.803277,2025-05-24,26.0
9.592,11.592278,2025-05-25,26.0
11.48,11.113213,2025-05-26,26.0
9.52,10.221151,2025-05-27,26.0
9.76,11.402214,2025-05-28,26.0
13.6,11.008158,2025-05-29,26.0
9.42,11.928079,2025-05-30,26.0
7.108,9.760137,2025-05-31,26.0
6.76,9.100641,2025-06-01,26.0
18.412,8.089418,2025-06-02,26.0
10.9,7.843712,2025-06-03,26.0
13.88,8.953932,2025-06-04,26.0
20.192,9.972431,2025-06-05,26.0
10.148,10.9286,2025-06-06,26.0
7.692,11.652639,2025-06-07,26.0
12.448,11.794199,2025-06-08,26.0
10.208,10.6557,2025-06-09,26.0
11.332,9.691638,2025-06-10,26.0
9.62,10.902056,2025-06-11,26.0
17.3,11.328029,2025-06-12,26.0
6.24,10.810314,2025-06-13,26.0
8.532,11.37313,2025-06-14,26.0
6.908,11.26363,2025-06-15,26.0
7.0,9.946101,2025-06-16,26.0
11.1,11.989281,2024-09-18,27.0
17.272,11.915788,2024-09-19,27.0
18.08,11.635159,2024-09-20,27.0
20.36,11.955479,2024-09-21,27.0
10.0,13.19886,2024-09-22,27.0
8.248,13.680353,2024-09-23,27.0
9.28,13.941551,2024-09-24,27.0
11.528,13.652473,2024-09-25,27.0
21.948,13.8953705,2024-09-26,27.0
18.28,12.902082,2024-09-27,27.0
16.472,12.745909,2024-09-28,27.0
11.28,14.481977,2024-09-29,27.0
17.78,14.650259,2024-09-30,27.0
13.62,14.572195,2024-10-01,27.0
13.592,15.513548,2024-10-02,27.0
16.768,15.890479,2024-10-03,27.0
13.2,15.477513,2024-10-04,27.0
18.832,13.425115,2024-10-05,27.0
20.568,14.789492,2024-10-06,27.0
18.128,15.471205,2024-10-07,27.0
13.32,16.56679,2024-10-08,27.0
16.472,17.275013,2024-10-09,27.0
13.98,16.755934,2024-10-10,27.0
11.308,15.719057,2024-10-11,27.0
11.2,15.049713,2024-10-12,27.0
19.352,14.864643,2024-10-13,27.0
18.448,14.189002,2024-10-14,27.0
16.52,15.315832,2024-10-15,27.0
25.36,16.099691,2024-10-16,27.0
14.132,16.292402,2024-10-17,27.0
17.211,17.572351,2024-10-18,27.0
10.576,17.330034,2024-10-19,27.0
13.952,17.395918,2024-10-20,27.0
9.592,15.552654,2024-10-21,27.0
9.136,15.201134,2024-10-22,27.0
26.952,14.638851,2024-10-23,27.0
13.311,14.073517,2024-10-24,27.0
10.088,16.264051,2024-10-25,27.0
21.46,15.301195,2024-10-26,27.0
18.692,14.97949,2024-10-27,27.0
13.848,14.516962,2024-10-28,27.0
11.832,15.267465,2024-10-29,27.0
28.258,15.791487,2024-10-30,27.0
20.108,15.327536,2024-10-31,27.0
14.5028,16.018526,2024-11-01,27.0
19.412,16.962273,2024-11-02,27.0
19.472,17.156752,2024-11-03,27.0
17.928,18.260006,2024-11-04,27.0
10.052,19.650679,2024-11-05,27.0
26.428,20.080025,2024-11-06,27.0
20.384,18.159525,2024-11-07,27.0
11.808,18.416115,2024-11-08,27.0
23.032,18.53834,2024-11-09,27.0
13.428,18.60158,2024-11-10,27.0
21.258,18.24978,2024-11-11,27.0
14.864,19.012197,2024-11-12,27.0
20.668,20.062199,2024-11-13,27.0
23.32,19.164312,2024-11-14,27.0
11.18,18.936972,2024-11-15,27.0
19.792,18.871317,2024-11-16,27.0
20.8,19.16338,2024-11-17,27.0
16.376,18.21366,2024-11-18,27.0
11.744,18.58703,2024-11-19,27.0
16.136,19.840727,2024-11-20,27.0
20.672,19.050497,2024-11-21,27.0
20.9,18.5978,2024-11-22,27.0
17.539555,18.766214,2024-11-23,27.0
19.628311,19.352268,2024-11-24,27.0
16.30217,18.857645,2024-11-25,27.0
11.592836,19.862839,2024-11-26,27.0
21.3658,19.32718,2024-11-27,27.0
19.696907,19.389746,2024-11-28,27.0
17.172537,20.066008,2024-11-29,27.0
22.4492,18.170265,2024-11-30,27.0
30.568,19.083904,2024-12-01,27.0
32.832,19.110285,2024-12-02,27.0
22.928,21.795736,2024-12-03,27.0
38.768,23.277529,2024-12-04,27.0
26.772,24.82115,2024-12-05,27.0
18.932,25.525019,2024-12-06,27.0
31.168,25.095648,2024-12-07,27.0
29.48,25.678982,2024-12-08,27.0
20.272,24.2664,2024-12-09,27.0
21.088,27.101068,2024-12-10,27.0
41.26,29.11928,2024-12-11,27.0
17.42,25.474842,2024-12-12,27.0
24.58,25.559305,2024-12-13,27.0
19.788,27.346882,2024-12-14,27.0
44.132,26.685528,2024-12-15,27.0
23.18,26.666216,2024-12-16,27.0
22.392,28.515585,2024-12-17,27.0
31.816,31.637392,2024-12-18,27.0
18.36,31.695227,2024-12-19,27.0
30.692,30.828314,2024-12-20,27.0
22.0,27.028135,2024-12-21,27.0
38.16,28.532553,2024-12-22,27.0
20.468,29.916508,2024-12-23,27.0
24.992,31.660116,2024-12-24,27.0
42.928,31.984121,2024-12-25,27.0
16.192,28.303164,2024-12-26,27.0
18.1,26.885536,2024-12-27,27.0
20.74,26.36483,2024-12-28,27.0
33.848,26.942122,2024-12-29,27.0
19.211,25.27666,2024-12-30,27.0
17.08,29.255617,2024-12-31,27.0
33.932,29.915926,2025-01-01,27.0
25.248,24.961348,2025-01-02,27.0
19.288,24.8677,2025-01-03,27.0
32.96,25.125393,2025-01-04,27.0
31.272,24.521086,2025-01-05,27.0
17.688,23.307697,2025-01-06,27.0
18.68,25.056288,2025-01-07,27.0
36.48,24.687489,2025-01-08,27.0
18.744,21.911268,2025-01-09,27.0
27.428,23.505135,2025-01-10,27.0
19.928,24.133947,2025-01-11,27.0
24.688,24.581903,2025-01-12,27.0
22.064,24.64421,2025-01-13,27.0
14.028,25.3592,2025-01-14,27.0
35.452,26.53043,2025-01-15,27.0
18.812,22.508905,2025-01-16,27.0
27.092,23.545757,2025-01-17,27.0
23.26,21.973875,2025-01-18,27.0
28.14,23.618929,2025-01-19,27.0
14.988,24.431662,2025-01-20,27.0
16.752,23.601635,2025-01-21,27.0
26.28,25.381924,2025-01-22,27.0
13.872,21.135897,2025-01-23,27.0
14.936,22.334314,2025-01-24,27.0
21.5028,20.957132,2025-01-25,27.0
24.576,20.392729,2025-01-26,27.0
11.352,20.547857,2025-01-27,27.0
13.552,21.675905,2025-01-28,27.0
33.28,21.642817,2025-01-29,27.0
12.92,19.632017,2025-01-30,27.0
13.16,21.26151,2025-01-31,27.0
12.788,20.156961,2025-02-01,27.0
23.252,17.040699,2025-02-02,27.0
11.148,15.880055,2025-02-03,27.0
13.011,17.51295,2025-02-04,27.0
25.288,16.86758,2025-02-05,27.0
12.52,17.083494,2025-02-06,27.0
11.64,18.43423,2025-02-07,27.0
23.472,17.960539,2025-02-08,27.0
25.868,18.08343,2025-02-09,27.0
10.58,16.41852,2025-02-10,27.0
12.02,18.242733,2025-02-11,27.0
25.612,18.9292,2025-02-12,27.0
14.258,17.273817,2025-02-13,27.0
10.188,18.428942,2025-02-14,27.0
19.012,17.662146,2025-02-15,27.0
20.908,15.784678,2025-02-16,27.0
19.028,16.237478,2025-02-17,27.0
8.984,17.994007,2025-02-18,27.0
25.6,15.965378,2025-02-19,27.0
12.496,15.408754,2025-02-20,27.0
10.352,15.352882,2025-02-21,27.0
18.28,15.446866,2025-02-22,27.0
26.98,15.028173,2025-02-23,27.0
27.56,15.720539,2025-02-24,27.0
14.32,17.495731,2025-02-25,27.0
31.748,20.02837,2025-02-26,27.0
18.784,18.754602,2025-02-27,27.0
10.488,19.055668,2025-02-28,27.0
16.208,20.568901,2025-03-01,27.0
24.024,17.845934,2025-03-02,27.0
11.976,16.256294,2025-03-03,27.0
17.452,17.41195,2025-03-04,27.0
26.132,19.19694,2025-03-05,27.0
3.708,17.472557,2025-03-06,27.0
5.932,19.364973,2025-03-07,27.0
11.568,18.30613,2025-03-08,27.0
13.96,16.551767,2025-03-09,27.0
8.72,15.458469,2025-03-10,27.0
17.56,15.731077,2025-03-11,27.0
11.028,13.719683,2025-03-12,27.0
6.18,13.582972,2025-03-13,27.0
13.12,14.186247,2025-03-14,27.0
8.82,11.854543,2025-03-15,27.0
13.08,11.470709,2025-03-16,27.0
5.1,11.479048,2025-03-17,27.0
8.92,10.546363,2025-03-18,27.0
17.22,10.710976,2025-03-19,27.0
10.032,11.156294,2025-03-20,27.0
10.52,11.2903385,2025-03-21,27.0
21.928,10.607443,2025-03-22,27.0
9.28,10.248041,2025-03-23,27.0
10.232,11.105896,2025-03-24,27.0
8.08,11.863152,2025-03-25,27.0
22.568,11.917315,2025-03-26,27.0
8.711,11.940596,2025-03-27,27.0
16.328,12.668742,2025-03-28,27.0
13.048,12.226751,2025-03-29,27.0
16.104,11.576056,2025-03-30,27.0
10.258,12.499495,2025-03-31,27.0
13.028,12.55815,2025-04-01,27.0
13.652,12.662455,2025-04-02,27.0
7.788,11.465405,2025-04-03,27.0
8.12,12.275206,2025-04-04,27.0
8.911,11.753422,2025-04-05,27.0
13.64,10.498068,2025-04-06,27.0
9.52,10.122475,2025-04-07,27.0
9.66,11.080934,2025-04-08,27.0
14.972,11.335869,2025-04-09,27.0
8.776,11.156754,2025-04-10,27.0
9.811,11.894943,2025-04-11,27.0
16.0,11.604094,2025-04-12,27.0
8.972,11.04163,2025-04-13,27.0
3.868,10.800428,2025-04-14,27.0
4.012,9.914504,2025-04-15,27.0
16.256,9.664448,2025-04-16,27.0
7.952,8.684584,2025-04-17,27.0
13.672,9.336714,2025-04-18,27.0
11.28,8.717731,2025-04-19,27.0
8.976,9.958975,2025-04-20,27.0
8.6,10.688328,2025-04-21,27.0
9.572,10.922125,2025-04-22,27.0
18.72,11.087103,2025-04-23,27.0
7.128,10.98136,2025-04-24,27.0
8.968,12.411221,2025-04-25,27.0
17.16,11.594172,2025-04-26,27.0
9.592,11.783075,2025-04-27,27.0
10.48,11.251462,2025-04-28,27.0
16.96,11.231349,2025-04-29,27.0
11.08,12.868811,2025-04-30,27.0
11.8,13.74094,2025-05-01,27.0
11.06,14.422459,2025-05-02,27.0
18.66,11.885033,2025-05-03,27.0
12.14,11.626563,2025-05-04,27.0
8.96,12.260226,2025-05-05,27.0
8.6,12.973318,2025-05-06,27.0
17.08,12.539173,2025-05-07,27.0
10.78,13.023066,2025-05-08,27.0
10.68,13.340889,2025-05-09,27.0
11.608,12.164902,2025-05-10,27.0
17.96,12.53889,2025-05-11,27.0
13.592,9.656549,2025-05-12,27.0
13.072,12.579933,2025-05-13,27.0
17.788,12.593893,2025-05-14,27.0
14.932,12.552717,2025-05-15,27.0
11.28,14.062223,2025-05-16,27.0
11.696,13.03603,2025-05-17,27.0
11.584,12.693697,2025-05-18,27.0
11.648,12.761599,2025-05-19,27.0
13.448,12.68946,2025-05-20,27.0
20.652,12.619786,2025-05-21,27.0
11.42,13.310645,2025-05-22,27.0
16.22,14.073264,2025-05-23,27.0
19.252,13.23541,2025-05-24,27.0
19.108,14.082457,2025-05-25,27.0
17.3,14.346404,2025-05-26,27.0
16.76,14.154181,2025-05-27,27.0
20.128,16.803284,2025-05-28,27.0
22.592,16.832901,2025-05-29,27.0
14.648,17.944708,2025-05-30,27.0
19.28,15.561212,2025-05-31,27.0
10.56,15.006454,2025-06-01,27.0
18.072,15.34623,2025-06-02,27.0
22.008,15.390692,2025-06-03,27.0
20.72,15.880539,2025-06-04,27.0
21.12,17.08955,2025-06-05,27.0
18.0,18.338675,2025-06-06,27.0
18.2,17.502127,2025-06-07,27.0
16.172,16.722574,2025-06-08,27.0
16.62,16.632204,2025-06-09,27.0
17.66,16.117315,2025-06-10,27.0
17.98,17.287245,2025-06-11,27.0
11.96,18.11673,2025-06-12,27.0
10.72,18.06218,2025-06-13,27.0
10.512,15.83389,2025-06-14,27.0
9.928,14.952213,2025-06-15,27.0
17.256,14.356816,2025-06-16,27.0
19.612,11.097172,2024-09-18,28.0
12.258,11.0404,2024-09-19,28.0
8.544,11.732004,2024-09-20,28.0
22.168,11.770748,2024-09-21,28.0
6.68,11.692297,2024-09-22,28.0
10.74,11.886838,2024-09-23,28.0
3.9,12.299511,2024-09-24,28.0
17.768,12.511934,2024-09-25,28.0
32.2628,11.967828,2024-09-26,28.0
13.296,12.560784,2024-09-27,28.0
11.32,14.028713,2024-09-28,28.0
13.064,15.034381,2024-09-29,28.0
13.36,13.767291,2024-09-30,28.0
11.08,13.402844,2024-10-01,28.0
14.68,14.7029705,2024-10-02,28.0
8.288,14.674063,2024-10-03,28.0
12.688,14.906165,2024-10-04,28.0
12.664,13.21628,2024-10-05,28.0
19.888,14.238976,2024-10-06,28.0
12.42,13.421839,2024-10-07,28.0
18.492,14.397516,2024-10-08,28.0
14.28,14.363094,2024-10-09,28.0
16.688,14.250078,2024-10-10,28.0
12.448,13.966976,2024-10-11,28.0
14.412,13.413023,2024-10-12,28.0
14.38,13.76997,2024-10-13,28.0
16.028,13.154719,2024-10-14,28.0
29.08,14.248281,2024-10-15,28.0
16.38,14.195401,2024-10-16,28.0
10.211,16.537874,2024-10-17,28.0
22.896,17.893751,2024-10-18,28.0
21.911,16.898544,2024-10-19,28.0
20.028,17.245369,2024-10-20,28.0
16.472,17.17892,2024-10-21,28.0
21.068,17.628946,2024-10-22,28.0
45.36,17.234169,2024-10-23,28.0
13.132,19.082165,2024-10-24,28.0
27.96,22.6629,2024-10-25,28.0
12.28,21.703228,2024-10-26,28.0
26.128,21.627337,2024-10-27,28.0
24.288,20.38336,2024-10-28,28.0
11.512,20.39033,2024-10-29,28.0
23.34,21.753736,2024-10-30,28.0
23.7,21.722307,2024-10-31,28.0
21.472,21.72111,2024-11-01,28.0
37.708,21.0258,2024-11-02,28.0
19.08,21.98213,2024-11-03,28.0
17.828,23.3045,2024-11-04,28.0
21.32,24.871153,2024-11-05,28.0
22.068,24.656874,2024-11-06,28.0
31.092,22.653776,2024-11-07,28.0
28.428,21.992826,2024-11-08,28.0
31.1,21.857628,2024-11-09,28.0
33.711,23.427916,2024-11-10,28.0
12.776,25.033754,2024-11-11,28.0
11.5428,26.495102,2024-11-12,28.0
35.08,26.87565,2024-11-13,28.0
19.76,24.423895,2024-11-14,28.0
24.248,22.927103,2024-11-15,28.0
22.992,23.050402,2024-11-16,28.0
13.248,23.67591,2024-11-17,28.0
25.792,22.838476,2024-11-18,28.0
11.688,23.324026,2024-11-19,28.0
23.64,23.442678,2024-11-20,28.0
30.56,21.820702,2024-11-21,28.0
18.112,22.20551,2024-11-22,28.0
36.08,22.205065,2024-11-23,28.0
32.336,23.311455,2024-11-24,28.0
19.925186,23.788881,2024-11-25,28.0
17.118542,25.603842,2024-11-26,28.0
20.599506,25.729696,2024-11-27,28.0
22.5172,25.220346,2024-11-28,28.0
22.202887,25.211958,2024-11-29,28.0
20.8512,23.07615,2024-11-30,28.0
24.94,22.9243,2024-12-01,28.0
27.508,23.045252,2024-12-02,28.0
24.252,25.390184,2024-12-03,28.0
47.16,25.211195,2024-12-04,28.0
44.88,26.056753,2024-12-05,28.0
43.748,26.828335,2024-12-06,28.0
26.428,27.834867,2024-12-07,28.0
25.5028,31.083363,2024-12-08,28.0
37.288,30.507162,2024-12-09,28.0
26.2,31.668537,2024-12-10,28.0
22.24,32.795914,2024-12-11,28.0
37.7,29.897177,2024-12-12,28.0
20.028,28.55836,2024-12-13,28.0
31.211,28.890337,2024-12-14,28.0
41.72,30.779795,2024-12-15,28.0
14.12,30.028955,2024-12-16,28.0
39.36,31.091742,2024-12-17,28.0
36.696,34.040394,2024-12-18,28.0
28.52,34.292225,2024-12-19,28.0
37.652,32.93482,2024-12-20,28.0
38.652,31.23763,2024-12-21,28.0
28.768,32.733578,2024-12-22,28.0
28.248,36.328766,2024-12-23,28.0
25.64,37.513897,2024-12-24,28.0
39.08,35.203396,2024-12-25,28.0
39.492,32.396755,2024-12-26,28.0
29.468,29.622679,2024-12-27,28.0
41.8,29.561178,2024-12-28,28.0
29.8,31.722029,2024-12-29,28.0
28.732,32.938725,2024-12-30,28.0
45.692,36.3112,2024-12-31,28.0
37.748,35.805668,2025-01-01,28.0
28.02,31.49309,2025-01-02,28.0
39.64,31.994366,2025-01-03,28.0
10.74,32.604374,2025-01-04,28.0
36.572,31.524889,2025-01-05,28.0
28.696,30.607145,2025-01-06,28.0
22.992,28.18472,2025-01-07,28.0
25.032,28.196579,2025-01-08,28.0
28.188,28.043074,2025-01-09,28.0
28.06,28.271555,2025-01-10,28.0
39.392,26.323256,2025-01-11,28.0
39.64,28.580969,2025-01-12,28.0
36.068,27.23404,2025-01-13,28.0
29.58,29.903265,2025-01-14,28.0
22.728,32.96613,2025-01-15,28.0
17.864,29.843245,2025-01-16,28.0
18.468,30.251528,2025-01-17,28.0
19.228,26.998611,2025-01-18,28.0
31.88,27.483511,2025-01-19,28.0
29.08,27.545889,2025-01-20,28.0
36.211,25.722647,2025-01-21,28.0
45.24,28.230986,2025-01-22,28.0
29.412,26.327929,2025-01-23,28.0
20.772,28.914083,2025-01-24,28.0
22.64,28.780062,2025-01-25,28.0
23.56,27.809301,2025-01-26,28.0
25.628,26.596617,2025-01-27,28.0
16.48,26.596933,2025-01-28,28.0
20.292,27.289228,2025-01-29,28.0
29.268,26.938532,2025-01-30,28.0
24.772,27.495108,2025-01-31,28.0
11.452,25.711866,2025-02-01,28.0
19.328,22.919888,2025-02-02,28.0
17.288,21.352089,2025-02-03,28.0
42.832,20.568182,2025-02-04,28.0
24.58,20.199558,2025-02-05,28.0
37.928,22.165918,2025-02-06,28.0
27.512,24.122885,2025-02-07,28.0
32.11,24.598495,2025-02-08,28.0
18.456,27.883543,2025-02-09,28.0
20.972,25.79287,2025-02-10,28.0
17.428,25.760729,2025-02-11,28.0
27.272,24.737097,2025-02-12,28.0
4.352,25.106327,2025-02-13,28.0
7.828,24.72989,2025-02-14,28.0
9.332,23.651583,2025-02-15,28.0
25.908,19.839956,2025-02-16,28.0
19.508,18.692072,2025-02-17,28.0
12.612,19.179754,2025-02-18,28.0
6.94,16.9006,2025-02-19,28.0
19.808,17.183641,2025-02-20,28.0
33.952,15.643822,2025-02-21,28.0
18.528,14.489731,2025-02-22,28.0
28.112,16.372421,2025-02-23,28.0
4.62,18.298225,2025-02-24,28.0
11.748,19.768852,2025-02-25,28.0
25.944,20.211607,2025-02-26,28.0
28.32,17.838442,2025-02-27,28.0
3.328,16.456076,2025-02-28,28.0
9.888,18.425192,2025-03-01,28.0
24.92,17.166986,2025-03-02,28.0
8.9028,14.740494,2025-03-03,28.0
7.848,16.290777,2025-03-04,28.0
8.52,16.162573,2025-03-05,28.0
9.76,14.286216,2025-03-06,28.0
13.528,14.176809,2025-03-07,28.0
25.0,13.736186,2025-03-08,28.0
8.96,13.381688,2025-03-09,28.0
9.832,14.551142,2025-03-10,28.0
8.808,15.578897,2025-03-11,28.0
8.052,13.160523,2025-03-12,28.0
26.011,12.184679,2025-03-13,28.0
9.2,12.1008,2025-03-14,28.0
19.296,12.27499,2025-03-15,28.0
12.032,12.578154,2025-03-16,28.0
9.228,13.818951,2025-03-17,28.0
10.48,12.556464,2025-03-18,28.0
17.66,13.34072,2025-03-19,28.0
14.132,14.314794,2025-03-20,28.0
8.368,12.922916,2025-03-21,28.0
7.66,13.371215,2025-03-22,28.0
6.48,11.852655,2025-03-23,28.0
11.892,10.717682,2025-03-24,28.0
10.656,10.346925,2025-03-25,28.0
8.311,10.740158,2025-03-26,28.0
26.1,11.608276,2025-03-27,28.0
18.012,10.859116,2025-03-28,28.0
20.412,11.895731,2025-03-29,28.0
5.911,12.411971,2025-03-30,28.0
10.688,13.367037,2025-03-31,28.0
11.6,12.087024,2025-04-01,28.0
6.12,11.677141,2025-04-02,28.0
5.711,11.191291,2025-04-03,28.0
5.928,10.37964,2025-04-04,28.0
17.428,10.572442,2025-04-05,28.0
12.732,9.198124,2025-04-06,28.0
7.528,9.821924,2025-04-07,28.0
10.992,10.50548,2025-04-08,28.0
9.32,10.328372,2025-04-09,28.0
17.068,10.378002,2025-04-10,28.0
18.58,10.246824,2025-04-11,28.0
14.88,10.859201,2025-04-12,28.0
7.848,11.73539,2025-04-13,28.0
18.254,12.105632,2025-04-14,28.0
18.748,10.904773,2025-04-15,28.0
24.468,11.806689,2025-04-16,28.0
6.572,12.873917,2025-04-17,28.0
5.788,13.463488,2025-04-18,28.0
7.1428,12.574565,2025-04-19,28.0
14.468,12.65901,2025-04-20,28.0
11.258,11.734259,2025-04-21,28.0
7.428,11.18734,2025-04-22,28.0
9.112,12.398996,2025-04-23,28.0
17.311,12.410578,2025-04-24,28.0
19.848,12.723555,2025-04-25,28.0
10.328,12.7274475,2025-04-26,28.0
14.36,13.861854,2025-04-27,28.0
12.732,11.678585,2025-04-28,28.0
14.212,12.136666,2025-04-29,28.0
10.4,14.221306,2025-04-30,28.0
10.968,14.942057,2025-05-01,28.0
10.528,14.108428,2025-05-02,28.0
11.7428,11.873217,2025-05-03,28.0
10.188,12.165665,2025-05-04,28.0
8.42,10.678051,2025-05-05,28.0
10.968,11.073142,2025-05-06,28.0
8.68,11.095615,2025-05-07,28.0
11.272,12.243389,2025-05-08,28.0
10.14,11.480318,2025-05-09,28.0
12.428,10.148401,2025-05-10,28.0
10.06,10.986881,2025-05-11,28.0
10.1,8.101109,2025-05-12,28.0
18.3,9.615304,2025-05-13,28.0
10.7,9.529528,2025-05-14,28.0
14.62,10.899841,2025-05-15,28.0
9.1,11.617797,2025-05-16,28.0
8.852,10.850922,2025-05-17,28.0
10.136,10.463946,2025-05-18,28.0
10.492,10.410048,2025-05-19,28.0
10.908,9.9579315,2025-05-20,28.0
19.6,9.818727,2025-05-21,28.0
14.72,11.177153,2025-05-22,28.0
11.064,11.847724,2025-05-23,28.0
13.56,12.036627,2025-05-24,28.0
19.088,12.563376,2025-05-25,28.0
11.208,11.635556,2025-05-26,28.0
9.612,11.646692,2025-05-27,28.0
11.16,13.829103,2025-05-28,28.0
11.58,13.297232,2025-05-29,28.0
14.008,13.788632,2025-05-30,28.0
23.72,11.043879,2025-05-31,28.0
12.711,10.690989,2025-06-01,28.0
12.88,11.777579,2025-06-02,28.0
17.24,12.987534,2025-06-03,28.0
28.52,12.954912,2025-06-04,28.0
24.98,13.827171,2025-06-05,28.0
18.988,16.245352,2025-06-06,28.0
16.92,16.470533,2025-06-07,28.0
17.912,16.284029,2025-06-08,28.0
12.328,16.180315,2025-06-09,28.0
13.64,16.243467,2025-06-10,28.0
18.432,16.986984,2025-06-11,28.0
17.24,16.57503,2025-06-12,28.0
16.752,16.983936,2025-06-13,28.0
10.528,15.908622,2025-06-14,28.0
10.0,16.0611,2025-06-15,28.0
13.766472,14.661245,2025-06-16,28.0
11.228,22.4947,2024-09-18,29.0
23.652,21.084791,2024-09-19,29.0
26.688,18.488636,2024-09-20,29.0
36.28,18.319035,2024-09-21,29.0
24.848,19.826757,2024-09-22,29.0
8.72,20.932356,2024-09-23,29.0
12.272,25.65156,2024-09-24,29.0
20.0,24.263132,2024-09-25,29.0
36.34,22.19417,2024-09-26,29.0
36.62,18.958536,2024-09-27,29.0
31.14,19.54963,2024-09-28,29.0
32.96,24.088167,2024-09-29,29.0
27.612,26.69256,2024-09-30,29.0
25.456,28.784273,2024-10-01,29.0
21.9828,29.498152,2024-10-02,29.0
21.696,27.927168,2024-10-03,29.0
24.332,26.038427,2024-10-04,29.0
24.092,21.915096,2024-10-05,29.0
24.448,24.589396,2024-10-06,29.0
27.711,25.150335,2024-10-07,29.0
21.536,26.25305,2024-10-08,29.0
22.911,26.169802,2024-10-09,29.0
24.992,25.026106,2024-10-10,29.0
24.936,23.125605,2024-10-11,29.0
21.92,22.293629,2024-10-12,29.0
26.96,23.553602,2024-10-13,29.0
24.272,23.182722,2024-10-14,29.0
24.76,23.895718,2024-10-15,29.0
24.528,24.796207,2024-10-16,29.0
19.572,24.638262,2024-10-17,29.0
10.368,24.68714,2024-10-18,29.0
14.248,23.971281,2024-10-19,29.0
17.9028,22.686441,2024-10-20,29.0
18.776,19.686092,2024-10-21,29.0
19.852,19.375334,2024-10-22,29.0
17.96,19.204285,2024-10-23,29.0
19.708,20.214628,2024-10-24,29.0
19.76,20.360476,2024-10-25,29.0
21.011,19.399393,2024-10-26,29.0
17.068,19.281223,2024-10-27,29.0
20.5828,18.612879,2024-10-28,29.0
19.412,18.478945,2024-10-29,29.0
17.464,19.20304,2024-10-30,29.0
18.968,20.418734,2024-10-31,29.0
17.28,18.526108,2024-11-01,29.0
20.008,18.502527,2024-11-02,29.0
17.412,18.891981,2024-11-03,29.0
17.78,19.826889,2024-11-04,29.0
20.792,20.374258,2024-11-05,29.0
16.988,20.398157,2024-11-06,29.0
21.692,20.354769,2024-11-07,29.0
22.0,19.630085,2024-11-08,29.0
19.976,19.192787,2024-11-09,29.0
20.112,20.745773,2024-11-10,29.0
19.22,20.763859,2024-11-11,29.0
18.892,21.253986,2024-11-12,29.0
20.52,21.922062,2024-11-13,29.0
22.936,22.107698,2024-11-14,29.0
19.992,21.050543,2024-11-15,29.0
11.432,20.69496,2024-11-16,29.0
19.208,22.392399,2024-11-17,29.0
11.428,20.511429,2024-11-18,29.0
19.192,20.255548,2024-11-19,29.0
14.908,20.669424,2024-11-20,29.0
8.528,20.299852,2024-11-21,29.0
12.58,20.175257,2024-11-22,29.0
18.472,18.89171,2024-11-23,29.0
18.9228,18.414478,2024-11-24,29.0
17.48,17.168533,2024-11-25,29.0
19.625334,18.689734,2024-11-26,29.0
17.472,17.916807,2024-11-27,29.0
16.114666,20.071821,2024-11-28,29.0
17.963,21.634932,2024-11-29,29.0
22.522,18.57097,2024-11-30,29.0
27.832,18.9577,2024-12-01,29.0
27.948,19.427694,2024-12-02,29.0
38.788,21.772696,2024-12-03,29.0
33.2,22.550592,2024-12-04,29.0
23.1828,26.153486,2024-12-05,29.0
28.736,28.016325,2024-12-06,29.0
25.8628,26.164581,2024-12-07,29.0
29.696,26.66037,2024-12-08,29.0
28.032,25.680153,2024-12-09,29.0
27.5,27.851473,2024-12-10,29.0
23.548,29.119795,2024-12-11,29.0
27.88,27.64922,2024-12-12,29.0
29.052,26.895758,2024-12-13,29.0
26.56,27.253426,2024-12-14,29.0
38.108,28.874529,2024-12-15,29.0
32.2,28.882166,2024-12-16,29.0
28.672,30.481298,2024-12-17,29.0
33.78,33.92212,2024-12-18,29.0
28.228,35.78873,2024-12-19,29.0
29.811,32.618233,2024-12-20,29.0
39.2,29.608715,2024-12-21,29.0
28.332,31.93375,2024-12-22,29.0
28.948,35.212856,2024-12-23,29.0
33.8,36.13229,2024-12-24,29.0
26.96,35.34756,2024-12-25,29.0
14.46,31.755316,2024-12-26,29.0
29.14,28.772161,2024-12-27,29.0
35.28,27.281866,2024-12-28,29.0
48.308,27.558634,2024-12-29,29.0
18.312,29.043036,2024-12-30,29.0
28.42,33.96455,2024-12-31,29.0
35.22,35.777905,2025-01-01,29.0
11.288,30.313536,2025-01-02,29.0
26.792,29.330206,2025-01-03,29.0
24.78,28.678883,2025-01-04,29.0
27.892,26.707514,2025-01-05,29.0
30.976,25.913694,2025-01-06,29.0
31.92,27.383718,2025-01-07,29.0
27.532,26.69271,2025-01-08,29.0
29.211,26.288763,2025-01-09,29.0
43.08,29.515429,2025-01-10,29.0
30.688,28.04775,2025-01-11,29.0
32.88,30.131289,2025-01-12,29.0
45.592,31.322699,2025-01-13,29.0
24.976,31.858873,2025-01-14,29.0
29.372,34.268078,2025-01-15,29.0
23.188,31.397902,2025-01-16,29.0
27.028,30.535769,2025-01-17,29.0
27.772,27.780842,2025-01-18,29.0
16.52,29.82934,2025-01-19,29.0
28.38,30.310955,2025-01-20,29.0
16.1,26.915403,2025-01-21,29.0
35.74,28.621302,2025-01-22,29.0
21.92,24.813463,2025-01-23,29.0
22.48,25.346067,2025-01-24,29.0
39.928,25.712893,2025-01-25,29.0
30.16,25.544624,2025-01-26,29.0
33.544,27.66666,2025-01-27,29.0
27.208,28.470055,2025-01-28,29.0
48.86,29.84303,2025-01-29,29.0
29.812,28.78479,2025-01-30,29.0
37.828,31.800724,2025-01-31,29.0
28.78,31.822527,2025-02-01,29.0
33.048,27.97707,2025-02-02,29.0
41.8228,29.301804,2025-02-03,29.0
29.468,31.461348,2025-02-04,29.0
49.732,32.479473,2025-02-05,29.0
36.0,34.102077,2025-02-06,29.0
25.148,36.734127,2025-02-07,29.0
51.06,37.437664,2025-02-08,29.0
46.088,36.698837,2025-02-09,29.0
25.3828,33.45727,2025-02-10,29.0
28.628,36.619057,2025-02-11,29.0
50.528,38.585445,2025-02-12,29.0
11.928,34.63641,2025-02-13,29.0
43.172,36.329403,2025-02-14,29.0
37.32,36.314243,2025-02-15,29.0
31.428,29.956175,2025-02-16,29.0
33.132,34.645977,2025-02-17,29.0
21.2,36.743847,2025-02-18,29.0
23.18,31.994383,2025-02-19,29.0
29.768,31.648159,2025-02-20,29.0
20.612,28.612724,2025-02-21,29.0
36.292,25.488356,2025-02-22,29.0
26.188,25.917105,2025-02-23,29.0
45.052,28.27025,2025-02-24,29.0
41.048,28.81422,2025-02-25,29.0
39.768,30.438618,2025-02-26,29.0
35.792,31.333715,2025-02-27,29.0
10.62,31.01851,2025-02-28,29.0
36.308,34.49903,2025-03-01,29.0
21.68,30.837769,2025-03-02,29.0
26.492,26.766441,2025-03-03,29.0
29.82,27.074043,2025-03-04,29.0
22.52,28.675272,2025-03-05,29.0
14.528,27.60238,2025-03-06,29.0
22.292,28.520056,2025-03-07,29.0
23.492,26.287146,2025-03-08,29.0
22.736,23.900072,2025-03-09,29.0
20.892,24.665266,2025-03-10,29.0
20.52,24.516409,2025-03-11,29.0
23.88,22.624681,2025-03-12,29.0
20.852,22.518074,2025-03-13,29.0
22.776,21.756481,2025-03-14,29.0
22.028,19.92642,2025-03-15,29.0
18.24,19.991282,2025-03-16,29.0
20.932,21.837858,2025-03-17,29.0
20.508,20.578205,2025-03-18,29.0
20.984,21.512398,2025-03-19,29.0
14.388,23.154387,2025-03-20,29.0
21.16,21.069546,2025-03-21,29.0
18.572,20.033632,2025-03-22,29.0
17.296,19.127016,2025-03-23,29.0
20.8628,19.184103,2025-03-24,29.0
21.136,18.844088,2025-03-25,29.0
17.0628,19.212055,2025-03-26,29.0
20.608,20.145271,2025-03-27,29.0
22.6,19.359713,2025-03-28,29.0
21.98,18.020779,2025-03-29,29.0
13.492,18.42232,2025-03-30,29.0
10.288,19.946825,2025-03-31,29.0
19.272,18.865736,2025-04-01,29.0
19.656,17.676552,2025-04-02,29.0
14.4,16.646196,2025-04-03,29.0
19.28,16.776194,2025-04-04,29.0
21.511,16.939405,2025-04-05,29.0
20.048,16.581758,2025-04-06,29.0
23.12,17.480722,2025-04-07,29.0
22.11,18.983957,2025-04-08,29.0
22.652,19.007742,2025-04-09,29.0
22.58,19.689821,2025-04-10,29.0
20.76,20.577085,2025-04-11,29.0
20.688,20.469542,2025-04-12,29.0
19.952,20.720097,2025-04-13,29.0
19.472,20.504345,2025-04-14,29.0
21.76,19.373804,2025-04-15,29.0
11.468,19.725466,2025-04-16,29.0
9.572,20.049738,2025-04-17,29.0
20.88,18.662245,2025-04-18,29.0
20.828,16.594814,2025-04-19,29.0
20.48,18.299047,2025-04-20,29.0
24.172,19.240519,2025-04-21,29.0
21.468,19.162977,2025-04-22,29.0
27.11,20.657843,2025-04-23,29.0
19.56,21.513987,2025-04-24,29.0
24.028,22.307638,2025-04-25,29.0
22.96,21.562185,2025-04-26,29.0
25.78,22.560932,2025-04-27,29.0
30.528,20.659481,2025-04-28,29.0
29.78,21.668596,2025-04-29,29.0
32.032,26.241833,2025-04-30,29.0
19.0,27.477276,2025-05-01,29.0
28.72,28.6196,2025-05-02,29.0
30.258,25.61092,2025-05-03,29.0
26.5,24.46113,2025-05-04,29.0
25.928,24.691196,2025-05-05,29.0
29.932,25.594332,2025-05-06,29.0
27.728,26.155226,2025-05-07,29.0
11.52,27.776932,2025-05-08,29.0
10.511,27.3794,2025-05-09,29.0
32.068,23.28148,2025-05-10,29.0
29.25,22.928535,2025-05-11,29.0
29.992,19.291351,2025-05-12,29.0
28.216,23.287714,2025-05-13,29.0
24.692,24.449316,2025-05-14,29.0
28.24,25.163391,2025-05-15,29.0
28.508,25.795076,2025-05-16,29.0
26.811,23.722216,2025-05-17,29.0
25.72,23.044367,2025-05-18,29.0
25.528,24.427675,2025-05-19,29.0
30.22,25.252266,2025-05-20,29.0
30.068,25.071716,2025-05-21,29.0
27.472,26.157404,2025-05-22,29.0
31.528,26.0394,2025-05-23,29.0
30.148,25.202469,2025-05-24,29.0
31.572,28.114635,2025-05-25,29.0
30.292,27.450174,2025-05-26,29.0
31.028,26.332132,2025-05-27,29.0
29.608,29.004011,2025-05-28,29.0
23.632,29.51594,2025-05-29,29.0
26.776,29.746918,2025-05-30,29.0
30.8228,25.092482,2025-05-31,29.0
16.136,25.342335,2025-06-01,29.0
29.11,24.896177,2025-06-02,29.0
30.292,24.456175,2025-06-03,29.0
30.23245,24.375828,2025-06-04,29.0
28.36,26.388212,2025-06-05,29.0
18.748,27.36777,2025-06-06,29.0
7.72,25.84214,2025-06-07,29.0
14.8,24.414633,2025-06-08,29.0
29.872,21.198317,2025-06-09,29.0
31.68,18.18254,2025-06-10,29.0
32.272,21.430151,2025-06-11,29.0
27.248,24.882303,2025-06-12,29.0
24.328,26.312288,2025-06-13,29.0
21.512,25.341192,2025-06-14,29.0
19.06,25.636503,2025-06-15,29.0
29.496,23.916788,2025-06-16,29.0
14.968,19.418222,2024-09-18,30.0
21.448,19.13217,2024-09-19,30.0
22.492,17.944242,2024-09-20,30.0
23.932,18.441034,2024-09-21,30.0
13.896,19.228971,2024-09-22,30.0
9.652,18.833149,2024-09-23,30.0
13.24,18.977377,2024-09-24,30.0
11.892,18.122057,2024-09-25,30.0
25.896,18.112503,2024-09-26,30.0
26.052,16.750402,2024-09-27,30.0
24.268,16.762465,2024-09-28,30.0
20.56,19.388937,2024-09-29,30.0
21.36,19.645658,2024-09-30,30.0
14.612,20.128035,2024-10-01,30.0
13.6,21.943434,2024-10-02,30.0
25.22,22.012775,2024-10-03,30.0
21.248,20.694529,2024-10-04,30.0
24.211,18.33107,2024-10-05,30.0
25.72,21.335377,2024-10-06,30.0
28.252,21.921066,2024-10-07,30.0
11.128,23.050009,2024-10-08,30.0
12.8,24.233442,2024-10-09,30.0
28.12,22.906912,2024-10-10,30.0
7.472,19.798517,2024-10-11,30.0
17.328,19.950136,2024-10-12,30.0
22.66,20.067884,2024-10-13,30.0
17.508,18.483763,2024-10-14,30.0
10.411,19.482517,2024-10-15,30.0
20.172,20.471249,2024-10-16,30.0
14.548,19.314049,2024-10-17,30.0
13.46,18.714712,2024-10-18,30.0
31.26,19.321573,2024-10-19,30.0
14.28,18.498697,2024-10-20,30.0
20.612,18.555899,2024-10-21,30.0
10.488,19.245132,2024-10-22,30.0
20.648,19.580862,2024-10-23,30.0
17.992,18.976553,2024-10-24,30.0
16.288,20.042564,2024-10-25,30.0
20.112,19.356129,2024-10-26,30.0
9.98,18.727877,2024-10-27,30.0
31.928,18.528364,2024-10-28,30.0
12.352,17.400255,2024-10-29,30.0
14.228,19.568922,2024-10-30,30.0
27.412,20.273735,2024-10-31,30.0
11.852,18.5897,2024-11-01,30.0
28.228,19.114658,2024-11-02,30.0
25.584,19.27411,2024-11-03,30.0
25.936,20.007475,2024-11-04,30.0
19.08,21.224783,2024-11-05,30.0
22.952,23.827284,2024-11-06,30.0
33.008,23.89366,2024-11-07,30.0
19.792,22.70419,2024-11-08,30.0
20.352,24.221647,2024-11-09,30.0
37.428,24.9686,2024-11-10,30.0
25.576,23.815212,2024-11-11,30.0
22.4628,25.565489,2024-11-12,30.0
23.248,27.954317,2024-11-13,30.0
17.3,27.651339,2024-11-14,30.0
36.188,25.906034,2024-11-15,30.0
19.64,25.069258,2024-11-16,30.0
28.36,25.408445,2024-11-17,30.0
30.411,24.251173,2024-11-18,30.0
22.48,25.867476,2024-11-19,30.0
26.572,28.103498,2024-11-20,30.0
28.12,28.060343,2024-11-21,30.0
24.566645,27.695463,2024-11-22,30.0
23.05544,25.909605,2024-11-23,30.0
27.852526,27.544886,2024-11-24,30.0
26.684786,25.840963,2024-11-25,30.0
22.319866,26.483454,2024-11-26,30.0
23.768396,26.705076,2024-11-27,30.0
28.010567,27.73885,2024-11-28,30.0
26.145168,28.316309,2024-11-29,30.0
22.824,25.864248,2024-11-30,30.0
41.96,26.440214,2024-12-01,30.0
27.168,25.090242,2024-12-02,30.0
32.752,27.216368,2024-12-03,30.0
25.188,28.873478,2024-12-04,30.0
24.468,30.30169,2024-12-05,30.0
38.032,29.750565,2024-12-06,30.0
37.472,27.121895,2024-12-07,30.0
28.728,28.07499,2024-12-08,30.0
38.52,27.489496,2024-12-09,30.0
41.78,31.057642,2024-12-10,30.0
37.06,32.387466,2024-12-11,30.0
31.228,32.01655,2024-12-12,30.0
47.36,31.747902,2024-12-13,30.0
36.1,31.958845,2024-12-14,30.0
30.9,33.632393,2024-12-15,30.0
38.688,36.118103,2024-12-16,30.0
41.5828,35.85854,2024-12-17,30.0
43.248,36.79349,2024-12-18,30.0
52.48,39.530403,2024-12-19,30.0
36.288,38.82138,2024-12-20,30.0
55.852,36.142403,2024-12-21,30.0
36.852,39.800373,2024-12-22,30.0
26.536,42.949863,2024-12-23,30.0
26.028,43.646458,2024-12-24,30.0
31.68,41.736763,2024-12-25,30.0
51.96,36.684086,2024-12-26,30.0
33.592,31.69542,2024-12-27,30.0
25.352,32.484875,2024-12-28,30.0
23.828,34.089397,2024-12-29,30.0
43.292,34.351887,2024-12-30,30.0
28.84,35.14204,2024-12-31,30.0
30.68,35.641968,2025-01-01,30.0
23.52,33.622387,2025-01-02,30.0
27.488,30.623198,2025-01-03,30.0
36.18,31.727709,2025-01-04,30.0
36.5,31.293106,2025-01-05,30.0
27.248,29.875795,2025-01-06,30.0
37.24,29.98445,2025-01-07,30.0
33.392,32.399,2025-01-08,30.0
36.22,31.620672,2025-01-09,30.0
42.452,33.70224,2025-01-10,30.0
17.868,33.233837,2025-01-11,30.0
38.092,34.29098,2025-01-12,30.0
31.52,33.492786,2025-01-13,30.0
32.988,32.459118,2025-01-14,30.0
28.652,34.29394,2025-01-15,30.0
32.308,30.443146,2025-01-16,30.0
36.74,31.679905,2025-01-17,30.0
20.711,29.689209,2025-01-18,30.0
32.048,32.13289,2025-01-19,30.0
23.86,31.89202,2025-01-20,30.0
16.828,29.124073,2025-01-21,30.0
33.811,31.014975,2025-01-22,30.0
39.288,27.798925,2025-01-23,30.0
26.88,28.76702,2025-01-24,30.0
23.62,29.209028,2025-01-25,30.0
36.18,31.066313,2025-01-26,30.0
20.32,29.520185,2025-01-27,30.0
33.711,29.470678,2025-01-28,30.0
29.016,29.543034,2025-01-29,30.0
42.424,27.81949,2025-01-30,30.0
24.136,30.001093,2025-01-31,30.0
30.9028,29.718756,2025-02-01,30.0
33.258,28.211737,2025-02-02,30.0
30.932,26.696928,2025-02-03,30.0
22.988,29.100779,2025-02-04,30.0
42.211,29.683636,2025-02-05,30.0
25.08,30.107086,2025-02-06,30.0
37.72,30.292658,2025-02-07,30.0
21.328,32.235874,2025-02-08,30.0
37.392,31.662333,2025-02-09,30.0
30.8,29.833902,2025-02-10,30.0
13.968,30.074846,2025-02-11,30.0
27.672,31.850433,2025-02-12,30.0
25.048,29.47497,2025-02-13,30.0
24.448,29.820131,2025-02-14,30.0
37.944,28.029707,2025-02-15,30.0
22.288,27.267046,2025-02-16,30.0
18.46,27.117277,2025-02-17,30.0
26.228,29.00971,2025-02-18,30.0
35.2528,26.278894,2025-02-19,30.0
26.968,25.751154,2025-02-20,30.0
25.36,24.893595,2025-02-21,30.0
26.008,25.734186,2025-02-22,30.0
33.32,26.086927,2025-02-23,30.0
23.812,28.295683,2025-02-24,30.0
32.2,27.956331,2025-02-25,30.0
23.548,28.464636,2025-02-26,30.0
14.5428,27.739964,2025-02-27,30.0
19.928,28.049232,2025-02-28,30.0
31.28,27.83726,2025-03-01,30.0
27.608,24.829523,2025-03-02,30.0
28.48,22.374998,2025-03-03,30.0
27.612,24.185701,2025-03-04,30.0
18.228,26.246706,2025-03-05,30.0
24.0,25.73374,2025-03-06,30.0
14.96,26.148365,2025-03-07,30.0
29.2228,24.552874,2025-03-08,30.0
19.888,24.28094,2025-03-09,30.0
13.688,24.37726,2025-03-10,30.0
26.28,25.12171,2025-03-11,30.0
13.192,23.396734,2025-03-12,30.0
24.12,22.998312,2025-03-13,30.0
0.0,22.07164,2025-03-14,30.0
17.0,20.586426,2025-03-15,30.0
10.232,18.81667,2025-03-16,30.0
16.976,18.28557,2025-03-17,30.0
6.104,16.630255,2025-03-18,30.0
10.296,17.295794,2025-03-19,30.0
8.752,18.734356,2025-03-20,30.0
16.248,15.338978,2025-03-21,30.0
12.832,15.106604,2025-03-22,30.0
0.0,14.077252,2025-03-23,30.0
11.16,13.383109,2025-03-24,30.0
14.94,11.763227,2025-03-25,30.0
0.588,12.059974,2025-03-26,30.0
10.028,12.70615,2025-03-27,30.0
6.624,11.235777,2025-03-28,30.0
19.168,10.566174,2025-03-29,30.0
18.392,10.440156,2025-03-30,30.0
0.428,11.905178,2025-03-31,30.0
14.228,12.461903,2025-04-01,30.0
10.2528,11.538317,2025-04-02,30.0
0.0,11.565977,2025-04-03,30.0
6.412,11.69176,2025-04-04,30.0
8.6,10.67061,2025-04-05,30.0
0.211,9.5021515,2025-04-06,30.0
20.788,9.2145195,2025-04-07,30.0
0.0,9.232397,2025-04-08,30.0
21.732,10.545286,2025-04-09,30.0
10.028,10.4803705,2025-04-10,30.0
0.0,12.171734,2025-04-11,30.0
1.96,12.96249,2025-04-12,30.0
14.588,11.520818,2025-04-13,30.0
19.64,9.524051,2025-04-14,30.0
6.828,8.898499,2025-04-15,30.0
6.411,11.793504,2025-04-16,30.0
2.292,11.250145,2025-04-17,30.0
3.72,11.275721,2025-04-18,30.0
0.8,10.197396,2025-04-19,30.0
2.768,10.147733,2025-04-20,30.0
2.888,8.419838,2025-04-21,30.0
5.5428,7.68139,2025-04-22,30.0
5.856,7.849727,2025-04-23,30.0
19.88,8.086151,2025-04-24,30.0
5.872,8.210262,2025-04-25,30.0
8.68,10.510794,2025-04-26,30.0
5.568,11.323282,2025-04-27,30.0
2.68,8.507832,2025-04-28,30.0
6.452,7.5890493,2025-04-29,30.0
0.3,8.070074,2025-04-30,30.0
9.311,8.993402,2025-05-01,30.0
0.988,7.7094865,2025-05-02,30.0
10.56,7.3433323,2025-05-03,30.0
3.98,7.2776437,2025-05-04,30.0
12.2,7.224924,2025-05-05,30.0
0.0,7.371527,2025-05-06,30.0
3.128,8.154493,2025-05-07,30.0
6.492,8.359455,2025-05-08,30.0
10.932,7.9992905,2025-05-09,30.0
2.496,7.827816,2025-05-10,30.0
18.68,8.38274,2025-05-11,30.0
9.5028,5.1316295,2025-05-12,30.0
0.0,8.462504,2025-05-13,30.0
14.288,8.8648405,2025-05-14,30.0
6.88,7.845269,2025-05-15,30.0
0.288,9.454866,2025-05-16,30.0
0.132,8.820325,2025-05-17,30.0
14.62,8.0889015,2025-05-18,30.0
1.032,7.0121574,2025-05-19,30.0
0.0,7.9919386,2025-05-20,30.0
10.32,7.5634775,2025-05-21,30.0
0.096,7.302658,2025-05-22,30.0
7.292,7.669057,2025-05-23,30.0
2.96,7.1527424,2025-05-24,30.0
3.96,7.690707,2025-05-25,30.0
8.52,6.488493,2025-05-26,30.0
7.812,5.721408,2025-05-27,30.0
4.608,7.744505,2025-05-28,30.0
10.7,8.024527,2025-05-29,30.0
0.092,8.594761,2025-05-30,30.0
1.668,7.228554,2025-05-31,30.0
8.28,5.604596,2025-06-01,30.0
2.64,5.3390875,2025-06-02,30.0
0.428,6.075284,2025-06-03,30.0
12.984,5.8791227,2025-06-04,30.0
19.096,5.810331,2025-06-05,30.0
8.632,8.215813,2025-06-06,30.0
2.42,9.562192,2025-06-07,30.0
0.0,9.222233,2025-06-08,30.0
6.708,7.4945707,2025-06-09,30.0
0.0,6.6239004,2025-06-10,30.0
6.512,7.7861667,2025-06-11,30.0
3.1,7.258212,2025-06-12,30.0
3.868,7.852607,2025-06-13,30.0
0.711,7.1066303,2025-06-14,30.0
7.06,7.1934257,2025-06-15,30.0
5.532,6.3118167,2025-06-16,30.0
33.984,19.695475,2024-09-18,31.0
37.392,18.904089,2024-09-19,31.0
26.016,19.752193,2024-09-20,31.0
29.1428,23.22682,2024-09-21,31.0
20.632,24.766506,2024-09-22,31.0
13.192,24.669453,2024-09-23,31.0
14.368,23.683294,2024-09-24,31.0
26.288,24.06444,2024-09-25,31.0
31.6,22.27431,2024-09-26,31.0
35.736,21.893171,2024-09-27,31.0
30.904,23.0461,2024-09-28,31.0
24.752,26.277586,2024-09-29,31.0
27.102,27.036285,2024-09-30,31.0
30.912,27.292114,2024-10-01,31.0
9.168,28.325003,2024-10-02,31.0
32.92,27.653135,2024-10-03,31.0
27.432,26.544373,2024-10-04,31.0
26.512,21.775074,2024-10-05,31.0
23.1428,25.94947,2024-10-06,31.0
29.808,27.124334,2024-10-07,31.0
21.832,27.172632,2024-10-08,31.0
27.8,26.70674,2024-10-09,31.0
35.96,27.088184,2024-10-10,31.0
27.432,23.702896,2024-10-11,31.0
29.8,24.887972,2024-10-12,31.0
23.232,27.092945,2024-10-13,31.0
36.0,26.917204,2024-10-14,31.0
32.64,26.853392,2024-10-15,31.0
26.72,28.156355,2024-10-16,31.0
24.248,29.42092,2024-10-17,31.0
25.812,29.841429,2024-10-18,31.0
32.08,29.30042,2024-10-19,31.0
38.16,28.281088,2024-10-20,31.0
27.68,27.335241,2024-10-21,31.0
36.84,27.799456,2024-10-22,31.0
26.232,29.884317,2024-10-23,31.0
27.296,32.305134,2024-10-24,31.0
41.096,32.28074,2024-10-25,31.0
45.696,29.09598,2024-10-26,31.0
43.984,29.00886,2024-10-27,31.0
28.424,30.96361,2024-10-28,31.0
36.296,34.91099,2024-10-29,31.0
25.048,37.033123,2024-10-30,31.0
20.9028,35.84473,2024-10-31,31.0
44.96,32.17052,2024-11-01,31.0
42.424,29.78175,2024-11-02,31.0
36.3028,29.410637,2024-11-03,31.0
31.088,35.036877,2024-11-04,31.0
1.096,38.225903,2024-11-05,31.0
81.656,37.767838,2024-11-06,31.0
43.784,33.022266,2024-11-07,31.0
30.768,30.749601,2024-11-08,31.0
24.904,35.50663,2024-11-09,31.0
28.3828,38.384556,2024-11-10,31.0
30.08,35.96591,2024-11-11,31.0
44.136,34.290257,2024-11-12,31.0
38.184,34.870834,2024-11-13,31.0
14.1028,29.994429,2024-11-14,31.0
24.544,35.376945,2024-11-15,31.0
36.4,33.83557,2024-11-16,31.0
33.936,31.13352,2024-11-17,31.0
31.288,28.771326,2024-11-18,31.0
31.264,30.113173,2024-11-19,31.0
37.488,31.683624,2024-11-20,31.0
39.25625,32.862064,2024-11-21,31.0
35.128532,34.366146,2024-11-22,31.0
25.285059,33.458576,2024-11-23,31.0
35.65422,33.780304,2024-11-24,31.0
33.73251,33.25473,2024-11-25,31.0
32.42889,33.601776,2024-11-26,31.0
38.247284,32.24916,2024-11-27,31.0
36.667908,34.56796,2024-11-28,31.0
36.488796,36.349766,2024-11-29,31.0
41.8392,33.23553,2024-11-30,31.0
39.928,34.116127,2024-12-01,31.0
28.888,33.32475,2024-12-02,31.0
44.552,37.03965,2024-12-03,31.0
41.1428,36.15504,2024-12-04,31.0
43.848,37.27951,2024-12-05,31.0
48.744,39.117252,2024-12-06,31.0
32.9428,36.972076,2024-12-07,31.0
25.248,38.836765,2024-12-08,31.0
43.288,38.61742,2024-12-09,31.0
28.704,40.014717,2024-12-10,31.0
32.176,38.128376,2024-12-11,31.0
43.792,35.662144,2024-12-12,31.0
54.064,32.8101,2024-12-13,31.0
32.912,34.058655,2024-12-14,31.0
57.048,38.193172,2024-12-15,31.0
44.5828,41.140102,2024-12-16,31.0
56.5028,41.881084,2024-12-17,31.0
46.76,48.197395,2024-12-18,31.0
51.112,51.70344,2024-12-19,31.0
50.736,51.04726,2024-12-20,31.0
31.48,48.822308,2024-12-21,31.0
28.968,52.630054,2024-12-22,31.0
31.672,54.24499,2024-12-23,31.0
35.8,51.293808,2024-12-24,31.0
37.88,47.46283,2024-12-25,31.0
44.888,42.26244,2024-12-26,31.0
28.856,37.138496,2024-12-27,31.0
30.228,36.53369,2024-12-28,31.0
25.768,38.69995,2024-12-29,31.0
57.088,37.339943,2024-12-30,31.0
33.102,37.892498,2024-12-31,31.0
57.904,39.249733,2025-01-01,31.0
35.9428,38.127125,2025-01-02,31.0
39.428,37.185047,2025-01-03,31.0
39.544,42.05235,2025-01-04,31.0
50.428,39.84554,2025-01-05,31.0
55.032,38.7031,2025-01-06,31.0
28.976,37.58279,2025-01-07,31.0
51.088,42.854366,2025-01-08,31.0
56.192,41.808506,2025-01-09,31.0
39.792,43.200417,2025-01-10,31.0
29.904,42.67889,2025-01-11,31.0
39.1828,44.476612,2025-01-12,31.0
52.488,41.605824,2025-01-13,31.0
32.672,41.020676,2025-01-14,31.0
50.168,42.906322,2025-01-15,31.0
44.8,39.48875,2025-01-16,31.0
39.88,40.670635,2025-01-17,31.0
42.72,40.83848,2025-01-18,31.0
29.448,43.43806,2025-01-19,31.0
39.2628,43.60748,2025-01-20,31.0
47.072,40.546455,2025-01-21,31.0
50.6,42.96809,2025-01-22,31.0
25.228,38.019672,2025-01-23,31.0
33.288,42.579422,2025-01-24,31.0
50.92,41.36392,2025-01-25,31.0
38.088,36.980453,2025-01-26,31.0
33.184,38.79389,2025-01-27,31.0
42.0228,40.463024,2025-01-28,31.0
37.256,41.50696,2025-01-29,31.0
28.896,41.008682,2025-01-30,31.0
39.311,43.63391,2025-01-31,31.0
55.1428,38.238834,2025-02-01,31.0
48.536,31.647165,2025-02-02,31.0
28.952,34.017807,2025-02-03,31.0
36.696,40.38196,2025-02-04,31.0
48.1428,41.44595,2025-02-05,31.0
48.5028,42.51177,2025-02-06,31.0
56.4,43.795914,2025-02-07,31.0
44.952,42.868282,2025-02-08,31.0
28.6,44.744476,2025-02-09,31.0
46.52,46.035427,2025-02-10,31.0
30.704,45.83813,2025-02-11,31.0
44.216,42.94979,2025-02-12,31.0
39.16,41.6541,2025-02-13,31.0
47.736,41.767956,2025-02-14,31.0
31.968,40.974987,2025-02-15,31.0
35.72,38.73905,2025-02-16,31.0
48.096,42.4677,2025-02-17,31.0
42.984,40.91063,2025-02-18,31.0
44.056,37.88721,2025-02-19,31.0
45.656,39.792934,2025-02-20,31.0
43.9428,39.225735,2025-02-21,31.0
55.812,38.80122,2025-02-22,31.0
48.856,39.346912,2025-02-23,31.0
47.576,43.90266,2025-02-24,31.0
45.792,46.19652,2025-02-25,31.0
55.112,49.82792,2025-02-26,31.0
44.648,48.729755,2025-02-27,31.0
23.32,46.752117,2025-02-28,31.0
54.832,48.822514,2025-03-01,31.0
48.4,42.762722,2025-03-02,31.0
30.768,37.23238,2025-03-03,31.0
48.392,41.627693,2025-03-04,31.0
43.872,45.111294,2025-03-05,31.0
23.088,42.599693,2025-03-06,31.0
44.472,45.217785,2025-03-07,31.0
29.0228,41.45963,2025-03-08,31.0
29.6,36.309032,2025-03-09,31.0
30.696,38.67152,2025-03-10,31.0
28.576,38.748043,2025-03-11,31.0
28.808,33.684532,2025-03-12,31.0
36.368,33.348484,2025-03-13,31.0
19.016,32.78177,2025-03-14,31.0
21.848,29.240648,2025-03-15,31.0
24.16,29.068674,2025-03-16,31.0
29.311,27.923487,2025-03-17,31.0
20.392,25.35913,2025-03-18,31.0
28.0,26.793211,2025-03-19,31.0
28.072,29.369583,2025-03-20,31.0
38.936,26.000065,2025-03-21,31.0
28.128,26.592958,2025-03-22,31.0
18.888,25.880169,2025-03-23,31.0
38.102,26.81384,2025-03-24,31.0
35.112,25.72843,2025-03-25,31.0
21.872,26.702127,2025-03-26,31.0
31.392,30.17217,2025-03-27,31.0
36.776,30.449366,2025-03-28,31.0
21.096,27.258562,2025-03-29,31.0
23.192,28.131903,2025-03-30,31.0
11.76,28.857622,2025-03-31,31.0
12.424,25.573828,2025-04-01,31.0
11.576,24.529585,2025-04-02,31.0
31.384,22.164759,2025-04-03,31.0
30.8,19.87272,2025-04-04,31.0
23.92,20.038998,2025-04-05,31.0
26.428,22.095509,2025-04-06,31.0
11.8,21.833776,2025-04-07,31.0
27.96,23.47721,2025-04-08,31.0
31.9428,21.706968,2025-04-09,31.0
8.992,20.759079,2025-04-10,31.0
35.36,21.528816,2025-04-11,31.0
25.008,22.163586,2025-04-12,31.0
27.9428,23.43607,2025-04-13,31.0
18.128,24.30769,2025-04-14,31.0
19.736,24.265535,2025-04-15,31.0
29.904,23.148115,2025-04-16,31.0
41.2,22.368685,2025-04-17,31.0
17.272,22.84073,2025-04-18,31.0
32.208,22.68819,2025-04-19,31.0
19.872,26.795439,2025-04-20,31.0
14.936,25.810371,2025-04-21,31.0
19.896,25.081871,2025-04-22,31.0
33.512,24.261799,2025-04-23,31.0
25.424,22.777758,2025-04-24,31.0
13.384,24.238073,2025-04-25,31.0
24.5028,27.3752,2025-04-26,31.0
24.072,25.188532,2025-04-27,31.0
22.592,22.27412,2025-04-28,31.0
28.752,22.701593,2025-04-29,31.0
27.228,25.1348,2025-04-30,31.0
20.04,25.557066,2025-05-01,31.0
35.992,26.964602,2025-05-02,31.0
33.136,25.449966,2025-05-03,31.0
22.68,24.124027,2025-05-04,31.0
14.832,25.383913,2025-05-05,31.0
28.0,26.149,2025-05-06,31.0
28.008,24.459332,2025-05-07,31.0
36.48,25.508995,2025-05-08,31.0
19.552,25.626925,2025-05-09,31.0
22.728,24.660345,2025-05-10,31.0
25.24,28.778194,2025-05-11,31.0
39.248,23.407675,2025-05-12,31.0
19.936,25.250317,2025-05-13,31.0
30.752,25.950245,2025-05-14,31.0
21.792,26.886887,2025-05-15,31.0
33.856,26.162031,2025-05-16,31.0
22.536,25.795458,2025-05-17,31.0
32.592,25.528057,2025-05-18,31.0
20.896,25.367655,2025-05-19,31.0
25.6628,25.971174,2025-05-20,31.0
18.056,27.145409,2025-05-21,31.0
23.2228,25.832294,2025-05-22,31.0
37.952,24.640944,2025-05-23,31.0
21.8628,21.818342,2025-05-24,31.0
22.456,25.709122,2025-05-25,31.0
32.08,24.579908,2025-05-26,31.0
33.68,23.641455,2025-05-27,31.0
33.216,26.501547,2025-05-28,31.0
28.711,28.492785,2025-05-29,31.0
23.688,29.418964,2025-05-30,31.0
26.472,25.937544,2025-05-31,31.0
20.32,27.245306,2025-06-01,31.0
35.3028,25.056759,2025-06-02,31.0
25.84,23.776285,2025-06-03,31.0
37.2628,25.228159,2025-06-04,31.0
42.12,27.696478,2025-06-05,31.0
24.072,29.181389,2025-06-06,31.0
38.608,29.958681,2025-06-07,31.0
28.488,29.333418,2025-06-08,31.0
28.264,28.423065,2025-06-09,31.0
35.136,27.266556,2025-06-10,31.0
29.576,30.133497,2025-06-11,31.0
36.672,30.114597,2025-06-12,31.0
13.8628,30.086536,2025-06-13,31.0
32.248,29.949358,2025-06-14,31.0
17.392,27.750858,2025-06-15,31.0
31.784,27.144419,2025-06-16,31.0
24.28,27.533674,2024-09-18,32.0
27.428,26.980717,2024-09-19,32.0
30.32,25.854368,2024-09-20,32.0
57.28,25.235075,2024-09-21,32.0
27.132,25.451616,2024-09-22,32.0
14.776,28.458506,2024-09-23,32.0
19.732,31.693205,2024-09-24,32.0
28.26,31.79276,2024-09-25,32.0
52.808,28.572105,2024-09-26,32.0
32.9028,25.366556,2024-09-27,32.0
55.32,24.75139,2024-09-28,32.0
39.028,28.129004,2024-09-29,32.0
43.532,33.473087,2024-09-30,32.0
52.28,37.57211,2024-10-01,32.0
23.708,36.736004,2024-10-02,32.0
37.652,36.36816,2024-10-03,32.0
28.428,36.49603,2024-10-04,32.0
28.48,34.148655,2024-10-05,32.0
31.86,36.345066,2024-10-06,32.0
24.888,37.572666,2024-10-07,32.0
24.9428,36.256824,2024-10-08,32.0
19.488,33.725193,2024-10-09,32.0
22.288,32.67519,2024-10-10,32.0
30.052,27.440649,2024-10-11,32.0
32.572,25.316881,2024-10-12,32.0
27.488,25.654041,2024-10-13,32.0
39.112,26.18861,2024-10-14,32.0
28.148,27.953566,2024-10-15,32.0
42.72,29.120989,2024-10-16,32.0
31.492,30.7808,2024-10-17,32.0
22.568,31.113874,2024-10-18,32.0
18.352,31.106901,2024-10-19,32.0
44.968,30.836283,2024-10-20,32.0
39.48,28.138704,2024-10-21,32.0
37.592,27.179054,2024-10-22,32.0
28.608,31.948786,2024-10-23,32.0
37.328,35.08415,2024-10-24,32.0
44.744,36.177982,2024-10-25,32.0
39.588,32.540165,2024-10-26,32.0
38.12,32.554855,2024-10-27,32.0
39.48,32.128845,2024-10-28,32.0
36.6,35.055836,2024-10-29,32.0
37.46,38.34743,2024-10-30,32.0
43.168,37.2763,2024-10-31,32.0
37.112,35.000008,2024-11-01,32.0
43.912,34.637527,2024-11-02,32.0
38.428,35.705086,2024-11-03,32.0
37.628,38.207752,2024-11-04,32.0
43.272,39.71143,2024-11-05,32.0
43.768,40.015522,2024-11-06,32.0
41.12,38.82799,2024-11-07,32.0
44.172,37.971516,2024-11-08,32.0
65.06,37.20571,2024-11-09,32.0
46.288,37.925243,2024-11-10,32.0
25.032,40.109837,2024-11-11,32.0
53.552,44.76582,2024-11-12,32.0
62.548,45.836,2024-11-13,32.0
67.34,42.399223,2024-11-14,32.0
29.52,42.86866,2024-11-15,32.0
74.74,42.772263,2024-11-16,32.0
48.82,44.420094,2024-11-17,32.0
41.768,45.600075,2024-11-18,32.0
52.032,50.66988,2024-11-19,32.0
33.911,49.07573,2024-11-20,32.0
31.668,48.303913,2024-11-21,32.0
36.948,48.15214,2024-11-22,32.0
61.237335,46.1824,2024-11-23,32.0
44.512,39.422817,2024-11-24,32.0
37.809334,42.57332,2024-11-25,32.0
49.618668,46.075512,2024-11-26,32.0
46.74267,41.552677,2024-11-27,32.0
45.824,44.567837,2024-11-28,32.0
35.05256,45.443615,2024-11-29,32.0
53.338,39.788937,2024-11-30,32.0
72.48,38.470757,2024-12-01,32.0
56.032,39.44527,2024-12-02,32.0
63.2,45.876797,2024-12-03,32.0
64.36,48.553528,2024-12-04,32.0
71.496,52.061077,2024-12-05,32.0
56.088,54.43806,2024-12-06,32.0
52.72,52.73878,2024-12-07,32.0
38.736,53.937504,2024-12-08,32.0
69.328,51.83469,2024-12-09,32.0
52.72,56.727577,2024-12-10,32.0
63.856,54.97953,2024-12-11,32.0
67.624,52.422344,2024-12-12,32.0
74.16,49.58428,2024-12-13,32.0
43.328,51.22977,2024-12-14,32.0
73.832,53.978016,2024-12-15,32.0
58.464,58.471024,2024-12-16,32.0
18.0228,58.646744,2024-12-17,32.0
11.576,63.163364,2024-12-18,32.0
29.216,61.649784,2024-12-19,32.0
59.928,51.4514,2024-12-20,32.0
48.08,42.051968,2024-12-21,32.0
52.32,42.687172,2024-12-22,32.0
49.496,47.378544,2024-12-23,32.0
39.36,49.75422,2024-12-24,32.0
49.536,50.988644,2024-12-25,32.0
52.8,44.502876,2024-12-26,32.0
41.6628,37.701572,2024-12-27,32.0
52.136,36.188393,2024-12-28,32.0
50.12,41.425816,2024-12-29,32.0
48.432,44.43398,2024-12-30,32.0
50.04,50.830914,2024-12-31,32.0
57.0,52.30308,2025-01-01,32.0
51.216,47.429115,2025-01-02,32.0
54.72,47.19224,2025-01-03,32.0
56.448,49.803772,2025-01-04,32.0
54.976,49.579052,2025-01-05,32.0
58.456,51.722485,2025-01-06,32.0
43.64,52.35861,2025-01-07,32.0
49.888,53.500065,2025-01-08,32.0
49.6,52.806362,2025-01-09,32.0
54.064,51.749165,2025-01-10,32.0
50.04,48.45226,2025-01-11,32.0
49.96,48.926075,2025-01-12,32.0
52.672,49.248505,2025-01-13,32.0
43.536,50.868824,2025-01-14,32.0
52.8628,51.20106,2025-01-15,32.0
60.048,47.340252,2025-01-16,32.0
52.48,48.99549,2025-01-17,32.0
51.832,45.43112,2025-01-18,32.0
54.6,48.86783,2025-01-19,32.0
58.36,50.683098,2025-01-20,32.0
55.28,48.907944,2025-01-21,32.0
55.528,52.900517,2025-01-22,32.0
52.428,50.177822,2025-01-23,32.0
53.36,53.91766,2025-01-24,32.0
59.432,51.451344,2025-01-25,32.0
47.8,50.13278,2025-01-26,32.0
45.254,53.202534,2025-01-27,32.0
55.792,55.968357,2025-01-28,32.0
46.96,56.586372,2025-01-29,32.0
43.456,55.382633,2025-01-30,32.0
51.608,55.834827,2025-01-31,32.0
59.812,50.650925,2025-02-01,32.0
46.528,44.202198,2025-02-02,32.0
54.792,45.34789,2025-02-03,32.0
61.448,48.797802,2025-02-04,32.0
47.512,49.483654,2025-02-05,32.0
63.4628,54.34986,2025-02-06,32.0
61.84,57.318607,2025-02-07,32.0
64.936,52.899395,2025-02-08,32.0
55.368,54.737514,2025-02-09,32.0
64.656,55.306316,2025-02-10,32.0
52.368,56.704983,2025-02-11,32.0
53.112,58.469685,2025-02-12,32.0
49.112,59.27031,2025-02-13,32.0
46.808,58.029484,2025-02-14,32.0
63.464,55.292305,2025-02-15,32.0
56.792,50.631897,2025-02-16,32.0
58.952,54.77225,2025-02-17,32.0
54.102,55.286896,2025-02-18,32.0
56.208,51.899414,2025-02-19,32.0
59.568,52.148952,2025-02-20,32.0
62.232,50.16032,2025-02-21,32.0
65.168,47.997517,2025-02-22,32.0
57.102,48.551247,2025-02-23,32.0
69.6628,56.44338,2025-02-24,32.0
68.3028,59.352757,2025-02-25,32.0
65.4,62.35731,2025-02-26,32.0
60.16,63.04451,2025-02-27,32.0
20.168,61.985317,2025-02-28,32.0
62.936,61.82768,2025-03-01,32.0
56.64,55.486256,2025-03-02,32.0
61.32,47.314053,2025-03-03,32.0
53.648,51.65134,2025-03-04,32.0
45.911,56.91486,2025-03-05,32.0
56.256,58.0843,2025-03-06,32.0
50.0,57.480007,2025-03-07,32.0
44.08,53.204136,2025-03-08,32.0
43.872,48.22124,2025-03-09,32.0
51.36,50.353962,2025-03-10,32.0
37.848,50.932774,2025-03-11,32.0
39.312,47.534733,2025-03-12,32.0
37.936,45.526386,2025-03-13,32.0
39.36,44.552116,2025-03-14,32.0
39.968,41.811337,2025-03-15,32.0
26.424,38.750813,2025-03-16,32.0
32.2628,39.230083,2025-03-17,32.0
30.76,35.547306,2025-03-18,32.0
27.56,37.429447,2025-03-19,32.0
33.312,39.399235,2025-03-20,32.0
38.911,34.883766,2025-03-21,32.0
28.952,31.724432,2025-03-22,32.0
33.192,29.94412,2025-03-23,32.0
39.008,30.977606,2025-03-24,32.0
35.392,29.319712,2025-03-25,32.0
25.872,31.552324,2025-03-26,32.0
39.696,35.792007,2025-03-27,32.0
39.264,34.23321,2025-03-28,32.0
27.0,29.79856,2025-03-29,32.0
28.56,30.824652,2025-03-30,32.0
26.6,31.167261,2025-03-31,32.0
31.568,29.268053,2025-04-01,32.0
24.872,29.511131,2025-04-02,32.0
29.32,29.644934,2025-04-03,32.0
27.016,29.670712,2025-04-04,32.0
25.208,28.608908,2025-04-05,32.0
27.311,27.946745,2025-04-06,32.0
31.088,25.512901,2025-04-07,32.0
41.336,26.530539,2025-04-08,32.0
27.92,26.340588,2025-04-09,32.0
36.24,28.824947,2025-04-10,32.0
31.96,31.124918,2025-04-11,32.0
29.552,30.730211,2025-04-12,32.0
25.8228,32.269215,2025-04-13,32.0
31.232,30.850256,2025-04-14,32.0
28.5028,28.480059,2025-04-15,32.0
22.216,27.691109,2025-04-16,32.0
23.048,28.74409,2025-04-17,32.0
25.048,26.113043,2025-04-18,32.0
23.352,24.651466,2025-04-19,32.0
22.232,26.701387,2025-04-20,32.0
29.24,26.125776,2025-04-21,32.0
30.912,24.11517,2025-04-22,32.0
29.648,26.845335,2025-04-23,32.0
33.032,28.503897,2025-04-24,32.0
30.336,29.434242,2025-04-25,32.0
25.1028,28.484514,2025-04-26,32.0
26.6,29.255957,2025-04-27,32.0
28.288,26.130411,2025-04-28,32.0
36.112,27.373114,2025-04-29,32.0
30.592,30.95923,2025-04-30,32.0
28.0228,31.45987,2025-05-01,32.0
25.752,31.132212,2025-05-02,32.0
28.911,28.666975,2025-05-03,32.0
31.24,27.481924,2025-05-04,32.0
27.648,25.751589,2025-05-05,32.0
41.168,26.463398,2025-05-06,32.0
27.288,27.327887,2025-05-07,32.0
31.888,31.43972,2025-05-08,32.0
33.368,31.30588,2025-05-09,32.0
30.428,28.114908,2025-05-10,32.0
25.76,31.676958,2025-05-11,32.0
32.736,26.692518,2025-05-12,32.0
33.464,28.16314,2025-05-13,32.0
32.984,27.947714,2025-05-14,32.0
25.472,30.104982,2025-05-15,32.0
26.184,29.959898,2025-05-16,32.0
27.32,27.679964,2025-05-17,32.0
32.032,27.183844,2025-05-18,32.0
28.5828,26.451338,2025-05-19,32.0
27.84,26.57062,2025-05-20,32.0
26.9828,26.875336,2025-05-21,32.0
32.784,27.863619,2025-05-22,32.0
32.688,27.906666,2025-05-23,32.0
33.112,26.162874,2025-05-24,32.0
27.192,28.538248,2025-05-25,32.0
33.254,27.602337,2025-05-26,32.0
39.16,27.104818,2025-05-27,32.0
28.56,30.276423,2025-05-28,32.0
25.688,31.30117,2025-05-29,32.0
31.392,31.953373,2025-05-30,32.0
41.288,27.226707,2025-05-31,32.0
18.911,27.10312,2025-06-01,32.0
42.64,26.85423,2025-06-02,32.0
35.288,26.830297,2025-06-03,32.0
35.88,27.106977,2025-06-04,32.0
44.632,31.693768,2025-06-05,32.0
35.28,32.06833,2025-06-06,32.0
55.8,30.804697,2025-06-07,32.0
51.704,31.650667,2025-06-08,32.0
33.711,33.955452,2025-06-09,32.0
28.8,34.7562,2025-06-10,32.0
38.424,39.99503,2025-06-11,32.0
43.36,38.21256,2025-06-12,32.0
29.968,34.524117,2025-06-13,32.0
27.102,33.32382,2025-06-14,32.0
21.792,32.581337,2025-06-15,32.0
38.064,31.545088,2025-06-16,32.0
10.52,9.082916,2024-09-18,33.0
13.664,8.649735,2024-09-19,33.0
14.8,8.658664,2024-09-20,33.0
20.628,9.454123,2024-09-21,33.0
6.76,10.619221,2024-09-22,33.0
3.012,11.326708,2024-09-23,33.0
3.96,10.553543,2024-09-24,33.0
10.428,9.657419,2024-09-25,33.0
13.932,9.131773,2024-09-26,33.0
20.0,8.811748,2024-09-27,33.0
14.428,8.722864,2024-09-28,33.0
16.12,10.772503,2024-09-29,33.0
12.908,11.385139,2024-09-30,33.0
14.732,12.382338,2024-10-01,33.0
9.5,13.545555,2024-10-02,33.0
8.68,13.963171,2024-10-03,33.0
4.38,13.707141,2024-10-04,33.0
10.92,10.498772,2024-10-05,33.0
12.652,10.9784775,2024-10-06,33.0
14.028,10.59535,2024-10-07,33.0
12.052,11.479111,2024-10-08,33.0
11.268,11.844109,2024-10-09,33.0
11.98,11.980426,2024-10-10,33.0
21.511,11.34568,2024-10-11,33.0
8.92,11.039201,2024-10-12,33.0
11.828,12.2691,2024-10-13,33.0
5.42,11.655901,2024-10-14,33.0
5.38,11.867067,2024-10-15,33.0
5.28,11.123356,2024-10-16,33.0
17.148,10.333801,2024-10-17,33.0
13.872,9.825693,2024-10-18,33.0
14.832,10.115614,2024-10-19,33.0
20.168,11.732467,2024-10-20,33.0
10.768,11.156413,2024-10-21,33.0
12.411,12.398856,2024-10-22,33.0
18.332,12.104927,2024-10-23,33.0
13.188,12.538183,2024-10-24,33.0
11.652,13.139013,2024-10-25,33.0
11.4,12.742605,2024-10-26,33.0
9.576,12.734837,2024-10-27,33.0
22.8228,11.648951,2024-10-28,33.0
17.988,11.471188,2024-10-29,33.0
11.92,13.172197,2024-10-30,33.0
20.94,13.840596,2024-10-31,33.0
9.592,13.315559,2024-11-01,33.0
16.108,13.744505,2024-11-02,33.0
22.988,13.761956,2024-11-03,33.0
20.772,14.127443,2024-11-04,33.0
21.652,15.531733,2024-11-05,33.0
21.508,17.60013,2024-11-06,33.0
16.56,18.800737,2024-11-07,33.0
5.692,18.317274,2024-11-08,33.0
22.88,18.302294,2024-11-09,33.0
24.028,16.916597,2024-11-10,33.0
10.332,16.404633,2024-11-11,33.0
10.68,18.339708,2024-11-12,33.0
11.548,18.547613,2024-11-13,33.0
24.02,17.165018,2024-11-14,33.0
25.48,15.616268,2024-11-15,33.0
14.928,15.935659,2024-11-16,33.0
24.472,16.95098,2024-11-17,33.0
22.448,16.456476,2024-11-18,33.0
17.8628,18.451532,2024-11-19,33.0
8.88,20.556677,2024-11-20,33.0
20.506666,20.38113,2024-11-21,33.0
13.588,17.986252,2024-11-22,33.0
17.972,17.531551,2024-11-23,33.0
23.829334,18.122519,2024-11-24,33.0
17.850666,16.745981,2024-11-25,33.0
16.732,18.363314,2024-11-26,33.0
11.312,18.190546,2024-11-27,33.0
11.994,19.969994,2024-11-28,33.0
18.467283,19.0338,2024-11-29,33.0
20.295,15.604876,2024-11-30,33.0
7.288,15.74247,2024-12-01,33.0
7.292,15.803453,2024-12-02,33.0
7.332,15.940642,2024-12-03,33.0
7.28,13.7626,2024-12-04,33.0
7.328,13.2616,2024-12-05,33.0
50.18,11.469922,2024-12-06,33.0
27.14,9.4125395,2024-12-07,33.0
63.102,14.604392,2024-12-08,33.0
28.808,17.252092,2024-12-09,33.0
21.552,24.190958,2024-12-10,33.0
41.428,29.727997,2024-12-11,33.0
17.188,26.214487,2024-12-12,33.0
10.56,24.85697,2024-12-13,33.0
28.452,24.323221,2024-12-14,33.0
24.376,25.661352,2024-12-15,33.0
45.432,24.920237,2024-12-16,33.0
24.48,27.73187,2024-12-17,33.0
26.488,30.718573,2024-12-18,33.0
11.392,32.201847,2024-12-19,33.0
29.832,29.852266,2024-12-20,33.0
7.976,23.916353,2024-12-21,33.0
7.9428,24.31258,2024-12-22,33.0
7.976,25.300472,2024-12-23,33.0
7.992,21.05786,2024-12-24,33.0
7.992,20.177301,2024-12-25,33.0
28.068,16.22042,2024-12-26,33.0
39.508,12.915655,2024-12-27,33.0
17.612,12.986826,2024-12-28,33.0
6.8,18.340246,2024-12-29,33.0
6.788,19.876875,2024-12-30,33.0
33.16,19.04908,2024-12-31,33.0
25.952,17.803879,2025-01-01,33.0
37.72,17.058002,2025-01-02,33.0
18.711,17.7115,2025-01-03,33.0
6.228,20.572495,2025-01-04,33.0
6.28,24.282267,2025-01-05,33.0
6.28,21.501041,2025-01-06,33.0
6.252,18.210527,2025-01-07,33.0
6.268,14.556241,2025-01-08,33.0
28.188,12.932859,2025-01-09,33.0
45.102,11.756639,2025-01-10,33.0
26.62,13.906867,2025-01-11,33.0
29.9,20.321573,2025-01-12,33.0
6.888,23.663115,2025-01-13,33.0
14.572,24.236174,2025-01-14,33.0
6.988,22.499378,2025-01-15,33.0
36.464,18.029589,2025-01-16,33.0
51.768,16.345053,2025-01-17,33.0
7.32,15.6626425,2025-01-18,33.0
7.36,22.031252,2025-01-19,33.0
7.352,25.280981,2025-01-20,33.0
8.536,21.828897,2025-01-21,33.0
8.5428,19.40436,2025-01-22,33.0
55.188,15.648811,2025-01-23,33.0
30.32,13.301056,2025-01-24,33.0
8.0,16.230074,2025-01-25,33.0
7.972,23.073235,2025-01-26,33.0
7.988,22.660313,2025-01-27,33.0
7.96,19.052069,2025-01-28,33.0
7.92,16.155823,2025-01-29,33.0
45.188,14.312662,2025-01-30,33.0
44.2,12.451006,2025-01-31,33.0
6.7828,14.67297,2025-02-01,33.0
6.788,18.053732,2025-02-02,33.0
7.412,18.749893,2025-02-03,33.0
8.488,17.374874,2025-02-04,33.0
8.56,14.54067,2025-02-05,33.0
45.288,14.674865,2025-02-06,33.0
53.652,12.419535,2025-02-07,33.0
6.1,15.231717,2025-02-08,33.0
5.568,24.050863,2025-02-09,33.0
5.56,23.075716,2025-02-10,33.0
5.572,18.717588,2025-02-11,33.0
11.4,16.37406,2025-02-12,33.0
8.852,14.332553,2025-02-13,33.0
8.528,12.198082,2025-02-14,33.0
22.4,11.580379,2025-02-15,33.0
32.608,11.958151,2025-02-16,33.0
39.132,13.500037,2025-02-17,33.0
46.3,16.065813,2025-02-18,33.0
13.568,16.59979,2025-02-19,33.0
28.08,20.178598,2025-02-20,33.0
32.032,20.207243,2025-02-21,33.0
25.8,20.358755,2025-02-22,33.0
25.552,22.248377,2025-02-23,33.0
39.068,25.947405,2025-02-24,33.0
41.308,26.102728,2025-02-25,33.0
24.424,28.332287,2025-02-26,33.0
33.536,31.269985,2025-02-27,33.0
18.6,28.69257,2025-02-28,33.0
28.312,29.29959,2025-03-01,33.0
26.76,26.71178,2025-03-02,33.0
24.248,23.580095,2025-03-03,33.0
46.092,23.578978,2025-03-04,33.0
20.92,25.267992,2025-03-05,33.0
5.928,25.88169,2025-03-06,33.0
5.62,27.90568,2025-03-07,33.0
5.68,25.314005,2025-03-08,33.0
43.548,21.224367,2025-03-09,33.0
19.852,18.634413,2025-03-10,33.0
14.88,20.415022,2025-03-11,33.0
26.96,20.359911,2025-03-12,33.0
16.34,20.256506,2025-03-13,33.0
16.84,20.635687,2025-03-14,33.0
23.8,18.220314,2025-03-15,33.0
13.728,17.05115,2025-03-16,33.0
20.411,16.44774,2025-03-17,33.0
13.948,16.889502,2025-03-18,33.0
16.811,18.245825,2025-03-19,33.0
18.06,19.526201,2025-03-20,33.0
29.688,17.570257,2025-03-21,33.0
27.024,16.816833,2025-03-22,33.0
30.468,17.28448,2025-03-23,33.0
16.46,18.848658,2025-03-24,33.0
10.76,18.674343,2025-03-25,33.0
9.568,20.51916,2025-03-26,33.0
14.9428,20.0282,2025-03-27,33.0
21.2,17.260527,2025-03-28,33.0
11.008,14.898642,2025-03-29,33.0
7.272,15.241505,2025-03-30,33.0
8.056,15.313826,2025-03-31,33.0
8.092,13.929163,2025-04-01,33.0
8.028,12.893932,2025-04-02,33.0
19.812,11.317916,2025-04-03,33.0
12.11,10.358517,2025-04-04,33.0
7.748,10.524788,2025-04-05,33.0
11.211,10.609564,2025-04-06,33.0
16.26,9.757608,2025-04-07,33.0
7.42,9.850763,2025-04-08,33.0
19.36,10.916693,2025-04-09,33.0
6.588,10.755892,2025-04-10,33.0
24.224,11.588582,2025-04-11,33.0
8.428,12.002627,2025-04-12,33.0
7.532,13.475246,2025-04-13,33.0
13.228,12.714405,2025-04-14,33.0
16.25,10.523074,2025-04-15,33.0
19.368,11.328465,2025-04-16,33.0
18.312,11.674395,2025-04-17,33.0
12.028,13.224665,2025-04-18,33.0
10.511,12.788618,2025-04-19,33.0
16.0,14.806942,2025-04-20,33.0
9.92,13.857532,2025-04-21,33.0
14.136,13.118975,2025-04-22,33.0
17.48,13.350012,2025-04-23,33.0
10.36,13.728576,2025-04-24,33.0
11.352,14.930555,2025-04-25,33.0
7.352,14.583561,2025-04-26,33.0
17.258,14.2198715,2025-04-27,33.0
8.692,10.875217,2025-04-28,33.0
17.468,11.323189,2025-04-29,33.0
9.588,12.557499,2025-04-30,33.0
10.264,13.336611,2025-05-01,33.0
14.888,13.340432,2025-05-02,33.0
31.92,10.683163,2025-05-03,33.0
11.711,10.836523,2025-05-04,33.0
10.012,12.903219,2025-05-05,33.0
10.72,14.178995,2025-05-06,33.0
12.1428,13.114002,2025-05-07,33.0
13.08,13.836,2025-05-08,33.0
35.812,13.189451,2025-05-09,33.0
35.372,11.74935,2025-05-10,33.0
28.258,15.535675,2025-05-11,33.0
28.944,16.724686,2025-05-12,33.0
9.376,21.199919,2025-05-13,33.0
25.652,22.000517,2025-05-14,33.0
25.08,19.789143,2025-05-15,33.0
27.932,19.182993,2025-05-16,33.0
45.388,17.15428,2025-05-17,33.0
35.508,18.92733,2025-05-18,33.0
30.992,24.305746,2025-05-19,33.0
41.0,28.188154,2025-05-20,33.0
41.608,29.28356,2025-05-21,33.0
14.12,28.504213,2025-05-22,33.0
14.772,29.657934,2025-05-23,33.0
14.26,26.85577,2025-05-24,33.0
14.96,24.073229,2025-05-25,33.0
10.672,21.732006,2025-05-26,33.0
14.68,19.373133,2025-05-27,33.0
10.188,19.38971,2025-05-28,33.0
16.788,19.01778,2025-05-29,33.0
10.1828,19.298006,2025-05-30,33.0
11.496,14.502989,2025-05-31,33.0
6.832,12.190374,2025-06-01,33.0
11.072,11.118445,2025-06-02,33.0
10.696,9.888897,2025-06-03,33.0
18.232,9.65538,2025-06-04,33.0
9.832,10.417843,2025-06-05,33.0
12.936,12.50485,2025-06-06,33.0
8.552,11.30076,2025-06-07,33.0
6.56,10.652404,2025-06-08,33.0
10.912,9.852719,2025-06-09,33.0
16.136,9.043627,2025-06-10,33.0
19.872,10.376019,2025-06-11,33.0
18.25,11.503479,2025-06-12,33.0
8.08,13.7059765,2025-06-13,33.0
10.66,12.856749,2025-06-14,33.0
7.711,12.271257,2025-06-15,33.0
6.5,11.752396,2025-06-16,33.0
6.296,10.157967,2024-09-18,34.0
26.352,10.693094,2024-09-19,34.0
12.288,10.02972,2024-09-20,34.0
22.311,11.512095,2024-09-21,34.0
23.088,12.525143,2024-09-22,34.0
10.732,12.353231,2024-09-23,34.0
5.56,13.950105,2024-09-24,34.0
13.988,14.3243,2024-09-25,34.0
25.272,14.883965,2024-09-26,34.0
19.032,13.226886,2024-09-27,34.0
11.668,14.236403,2024-09-28,34.0
18.988,14.952211,2024-09-29,34.0
14.012,13.458116,2024-09-30,34.0
17.252,14.437955,2024-10-01,34.0
10.648,15.8577385,2024-10-02,34.0
23.288,16.300108,2024-10-03,34.0
17.772,15.828363,2024-10-04,34.0
12.388,14.888598,2024-10-05,34.0
14.5028,17.632908,2024-10-06,34.0
17.608,16.159225,2024-10-07,34.0
13.3,16.683279,2024-10-08,34.0
11.892,16.536825,2024-10-09,34.0
24.88,17.04189,2024-10-10,34.0
17.84,15.1482525,2024-10-11,34.0
10.64,15.599048,2024-10-12,34.0
19.456,17.336199,2024-10-13,34.0
18.56,16.138922,2024-10-14,34.0
11.592,16.45904,2024-10-15,34.0
17.028,17.130018,2024-10-16,34.0
23.12,17.275719,2024-10-17,34.0
10.62,16.339548,2024-10-18,34.0
13.292,17.068558,2024-10-19,34.0
12.296,18.435919,2024-10-20,34.0
19.992,16.032495,2024-10-21,34.0
19.792,15.65266,2024-10-22,34.0
19.868,16.41314,2024-10-23,34.0
11.628,17.142216,2024-10-24,34.0
19.0,17.95146,2024-10-25,34.0
10.76,17.292578,2024-10-26,34.0
18.944,17.194208,2024-10-27,34.0
13.768,15.86638,2024-10-28,34.0
17.66,15.509698,2024-10-29,34.0
16.528,16.580746,2024-10-30,34.0
21.928,16.845001,2024-10-31,34.0
17.1,18.38196,2024-11-01,34.0
6.26,17.910616,2024-11-02,34.0
18.36,19.85298,2024-11-03,34.0
20.9,17.805647,2024-11-04,34.0
9.728,18.48134,2024-11-05,34.0
5.472,19.04785,2024-11-06,34.0
24.8,18.68175,2024-11-07,34.0
19.328,16.480734,2024-11-08,34.0
8.392,16.012249,2024-11-09,34.0
18.032,18.36811,2024-11-10,34.0
12.376,15.578415,2024-11-11,34.0
18.772,16.311438,2024-11-12,34.0
16.332,18.120356,2024-11-13,34.0
21.168,19.134037,2024-11-14,34.0
14.528,17.772448,2024-11-15,34.0
5.74,17.745722,2024-11-16,34.0
11.0,20.494528,2024-11-17,34.0
20.288,16.679247,2024-11-18,34.0
10.5028,16.393705,2024-11-19,34.0
23.128,16.746847,2024-11-20,34.0
18.74,18.121367,2024-11-21,34.0
16.92,18.734297,2024-11-22,34.0
6.7973332,19.094114,2024-11-23,34.0
17.130667,20.837973,2024-11-24,34.0
17.854666,17.981752,2024-11-25,34.0
13.325666,17.229362,2024-11-26,34.0
14.977333,18.485075,2024-11-27,34.0
21.662,18.62001,2024-11-28,34.0
16.972,20.211058,2024-11-29,34.0
17.1028,19.378595,2024-11-30,34.0
20.292,21.107403,2024-12-01,34.0
6.828,18.951849,2024-12-02,34.0
12.528,20.571339,2024-12-03,34.0
11.98,20.277998,2024-12-04,34.0
13.25,19.608889,2024-12-05,34.0
4.78,18.676529,2024-12-06,34.0
30.14,18.103777,2024-12-07,34.0
5.3,18.163902,2024-12-08,34.0
17.96,15.98744,2024-12-09,34.0
10.188,18.1045,2024-12-10,34.0
22.2528,19.3425,2024-12-11,34.0
37.0,18.497087,2024-12-12,34.0
21.868,17.836775,2024-12-13,34.0
22.908,19.840925,2024-12-14,34.0
7.092,21.476793,2024-12-15,34.0
11.092,22.952562,2024-12-16,34.0
28.8,22.569382,2024-12-17,34.0
10.72,24.185442,2024-12-18,34.0
24.788,24.602484,2024-12-19,34.0
23.66,23.126104,2024-12-20,34.0
14.792,21.956863,2024-12-21,34.0
11.608,24.704374,2024-12-22,34.0
25.248,26.36929,2024-12-23,34.0
9.632,24.829689,2024-12-24,34.0
6.78,24.039793,2024-12-25,34.0
36.668,23.699404,2024-12-26,34.0
25.792,19.398449,2024-12-27,34.0
8.102,19.435442,2024-12-28,34.0
16.788,23.054808,2024-12-29,34.0
16.92,21.637981,2024-12-30,34.0
26.14,21.762114,2024-12-31,34.0
16.688,23.209066,2025-01-01,34.0
21.32,22.620821,2025-01-02,34.0
13.912,20.827265,2025-01-03,34.0
27.26,22.35961,2025-01-04,34.0
8.96,24.388494,2025-01-05,34.0
24.06,21.994417,2025-01-06,34.0
10.44,21.882261,2025-01-07,34.0
6.14,20.371874,2025-01-08,34.0
37.7,20.20087,2025-01-09,34.0
18.328,17.890543,2025-01-10,34.0
20.88,17.891726,2025-01-11,34.0
21.1428,21.832857,2025-01-12,34.0
22.068,22.163935,2025-01-13,34.0
6.468,22.01834,2025-01-14,34.0
10.464,24.060444,2025-01-15,34.0
39.336,23.03238,2025-01-16,34.0
4.432,20.209684,2025-01-17,34.0
14.768,19.092533,2025-01-18,34.0
25.424,22.337591,2025-01-19,34.0
13.868,21.176136,2025-01-20,34.0
7.708,21.172546,2025-01-21,34.0
25.652,23.432108,2025-01-22,34.0
23.292,20.723835,2025-01-23,34.0
6.656,18.70697,2025-01-24,34.0
16.9828,20.510012,2025-01-25,34.0
21.088,20.489145,2025-01-26,34.0
13.102,18.942507,2025-01-27,34.0
9.776,19.740816,2025-01-28,34.0
11.32,20.785769,2025-01-29,34.0
21.52,19.74983,2025-01-30,34.0
21.104,19.807016,2025-01-31,34.0
12.588,18.967068,2025-02-01,34.0
10.02,18.41612,2025-02-02,34.0
10.42,17.540358,2025-02-03,34.0
16.428,17.096407,2025-02-04,34.0
18.028,16.907862,2025-02-05,34.0
17.652,19.062393,2025-02-06,34.0
22.732,18.999115,2025-02-07,34.0
7.028,18.33215,2025-02-08,34.0
12.36,21.066706,2025-02-09,34.0
16.612,19.07798,2025-02-10,34.0
10.72,17.758766,2025-02-11,34.0
14.136,18.14512,2025-02-12,34.0
26.424,17.815302,2025-02-13,34.0
24.016,17.608778,2025-02-14,34.0
10.984,17.353834,2025-02-15,34.0
14.028,19.151217,2025-02-16,34.0
11.048,19.095947,2025-02-17,34.0
7.48,18.898785,2025-02-18,34.0
14.82,16.036518,2025-02-19,34.0
17.772,14.445335,2025-02-20,34.0
20.168,14.063375,2025-02-21,34.0
11.768,14.391346,2025-02-22,34.0
5.392,17.227917,2025-02-23,34.0
18.28,17.010279,2025-02-24,34.0
14.62,16.335257,2025-02-25,34.0
10.708,16.45446,2025-02-26,34.0
36.784,15.952343,2025-02-27,34.0
3.028,14.996803,2025-02-28,34.0
11.068,16.456043,2025-03-01,34.0
4.28,15.834957,2025-03-02,34.0
14.82,15.2427025,2025-03-03,34.0
13.608,14.168811,2025-03-04,34.0
16.832,14.299654,2025-03-05,34.0
18.46,14.696138,2025-03-06,34.0
6.108,14.828151,2025-03-07,34.0
9.072,16.979353,2025-03-08,34.0
16.08,17.037073,2025-03-09,34.0
16.32,16.145739,2025-03-10,34.0
4.632,15.454508,2025-03-11,34.0
19.696,14.743171,2025-03-12,34.0
9.792,13.786463,2025-03-13,34.0
10.66,15.536623,2025-03-14,34.0
9.258,15.147695,2025-03-15,34.0
12.96,15.24362,2025-03-16,34.0
10.132,14.34889,2025-03-17,34.0
5.692,12.616783,2025-03-18,34.0
16.828,14.343698,2025-03-19,34.0
23.028,13.129364,2025-03-20,34.0
12.172,13.162425,2025-03-21,34.0
13.732,14.093161,2025-03-22,34.0
10.168,14.470011,2025-03-23,34.0
8.968,13.220816,2025-03-24,34.0
20.2228,13.31394,2025-03-25,34.0
13.8,14.369114,2025-03-26,34.0
13.016,14.708324,2025-03-27,34.0
18.692,13.965157,2025-03-28,34.0
18.3,14.667603,2025-03-29,34.0
6.432,14.748882,2025-03-30,34.0
16.608,14.896418,2025-03-31,34.0
8.768,13.909243,2025-04-01,34.0
13.312,13.200306,2025-04-02,34.0
11.688,12.609373,2025-04-03,34.0
21.532,12.884807,2025-04-04,34.0
8.172,12.805826,2025-04-05,34.0
18.0,13.3151245,2025-04-06,34.0
16.208,13.756918,2025-04-07,34.0
10.26,13.73726,2025-04-08,34.0
7.411,15.2569065,2025-04-09,34.0
24.928,15.3404255,2025-04-10,34.0
17.25,14.84473,2025-04-11,34.0
12.292,15.436525,2025-04-12,34.0
8.868,16.617281,2025-04-13,34.0
23.211,14.321079,2025-04-14,34.0
25.228,12.346468,2025-04-15,34.0
7.028,14.030177,2025-04-16,34.0
22.96,15.443525,2025-04-17,34.0
18.192,14.1929455,2025-04-18,34.0
4.12,14.21981,2025-04-19,34.0
10.008,16.465586,2025-04-20,34.0
11.664,15.026836,2025-04-21,34.0
10.828,13.603184,2025-04-22,34.0
10.88,13.79849,2025-04-23,34.0
11.892,15.679779,2025-04-24,34.0
17.72,13.977807,2025-04-25,34.0
10.688,13.394102,2025-04-26,34.0
18.5,15.161613,2025-04-27,34.0
10.892,12.312937,2025-04-28,34.0
13.928,12.588543,2025-04-29,34.0
10.112,14.329212,2025-04-30,34.0
20.368,15.094821,2025-05-01,34.0
17.3,14.592721,2025-05-02,34.0
9.5,12.672276,2025-05-03,34.0
17.592,14.574935,2025-05-04,34.0
10.708,12.358082,2025-05-05,34.0
19.052,13.4189625,2025-05-06,34.0
16.668,13.181869,2025-05-07,34.0
18.908,14.556598,2025-05-08,34.0
9.232,14.916606,2025-05-09,34.0
10.76,14.87104,2025-05-10,34.0
16.512,14.84408,2025-05-11,34.0
14.88,10.181917,2025-05-12,34.0
16.536,12.9661045,2025-05-13,34.0
9.12,12.3981695,2025-05-14,34.0
28.2628,13.637163,2025-05-15,34.0
16.448,13.973782,2025-05-16,34.0
13.0,14.783617,2025-05-17,34.0
22.14,15.424653,2025-05-18,34.0
14.572,13.617617,2025-05-19,34.0
12.12,13.90711,2025-05-20,34.0
10.828,13.823662,2025-05-21,34.0
17.028,14.825699,2025-05-22,34.0
10.8,12.747419,2025-05-23,34.0
18.552,12.766975,2025-05-24,34.0
11.42,13.096058,2025-05-25,34.0
14.532,12.296749,2025-05-26,34.0
14.656,12.274761,2025-05-27,34.0
16.1828,14.894302,2025-05-28,34.0
24.228,15.434287,2025-05-29,34.0
12.308,14.910305,2025-05-30,34.0
14.311,14.145603,2025-05-31,34.0
8.888,12.6073,2025-06-01,34.0
13.972,11.955584,2025-06-02,34.0
12.811,10.858403,2025-06-03,34.0
17.968,11.611229,2025-06-04,34.0
22.088,11.982172,2025-06-05,34.0
12.12,13.446404,2025-06-06,34.0
12.76,13.8665905,2025-06-07,34.0
17.432,13.045067,2025-06-08,34.0
11.192,11.805326,2025-06-09,34.0
13.96,11.97745,2025-06-10,34.0
14.328,12.933237,2025-06-11,34.0
17.048,13.215845,2025-06-12,34.0
11.432,13.372684,2025-06-13,34.0
10.98,12.982622,2025-06-14,34.0
4.948,12.843626,2025-06-15,34.0
14.582,12.060162,2025-06-16,34.0
27.128,31.468437,2024-09-18,35.0
29.5428,29.43123,2024-09-19,35.0
23.28,27.537867,2024-09-20,35.0
70.8,28.993933,2024-09-21,35.0
33.656,28.169218,2024-09-22,35.0
11.52,31.187687,2024-09-23,35.0
26.872,36.730297,2024-09-24,35.0
18.14,35.507675,2024-09-25,35.0
52.052,31.355295,2024-09-26,35.0
48.668,26.924246,2024-09-27,35.0
39.36,26.98764,2024-09-28,35.0
41.88,30.53797,2024-09-29,35.0
23.0,35.886375,2024-09-30,35.0
18.708,37.8898,2024-10-01,35.0
28.24,33.83644,2024-10-02,35.0
17.2,30.341825,2024-10-03,35.0
24.992,26.263535,2024-10-04,35.0
23.832,23.469744,2024-10-05,35.0
47.64,25.793612,2024-10-06,35.0
19.328,25.559484,2024-10-07,35.0
10.64,29.026419,2024-10-08,35.0
21.46,29.141958,2024-10-09,35.0
16.92,23.82958,2024-10-10,35.0
23.132,21.553684,2024-10-11,35.0
10.388,19.858912,2024-10-12,35.0
16.988,20.657135,2024-10-13,35.0
16.7028,18.589987,2024-10-14,35.0
22.52,19.869543,2024-10-15,35.0
26.176,19.604193,2024-10-16,35.0
18.3028,18.911032,2024-10-17,35.0
17.808,20.656431,2024-10-18,35.0
8.848,20.541056,2024-10-19,35.0
32.192,20.98293,2024-10-20,35.0
31.552,17.55284,2024-10-21,35.0
35.748,18.225859,2024-10-22,35.0
20.172,20.403479,2024-10-23,35.0
10.256,24.332205,2024-10-24,35.0
6.392,25.748697,2024-10-25,35.0
24.74,22.1588,2024-10-26,35.0
12.811,19.595617,2024-10-27,35.0
22.528,17.27163,2024-10-28,35.0
28.568,17.420918,2024-10-29,35.0
24.428,18.94627,2024-10-30,35.0
18.852,20.775352,2024-10-31,35.0
17.32,21.328722,2024-11-01,35.0
41.72,21.233446,2024-11-02,35.0
10.38,20.042553,2024-11-03,35.0
32.86,23.285564,2024-11-04,35.0
9.76,23.390343,2024-11-05,35.0
18.412,23.588528,2024-11-06,35.0
31.388,23.015633,2024-11-07,35.0
9.788,21.136683,2024-11-08,35.0
31.96,21.127687,2024-11-09,35.0
17.732,20.698988,2024-11-10,35.0
27.868,22.447256,2024-11-11,35.0
35.72,21.613504,2024-11-12,35.0
12.112,23.769945,2024-11-13,35.0
24.952,24.40111,2024-11-14,35.0
16.748,22.884909,2024-11-15,35.0
25.548,22.543467,2024-11-16,35.0
5.952,22.076365,2024-11-17,35.0
28.7,22.174704,2024-11-18,35.0
3.428,20.438576,2024-11-19,35.0
11.282,21.206526,2024-11-20,35.0
25.064,21.444681,2024-11-21,35.0
14.618667,18.610874,2024-11-22,35.0
33.076,19.360632,2024-11-23,35.0
10.688,19.426401,2024-11-24,35.0
33.809334,20.982416,2024-11-25,35.0
16.302668,19.761135,2024-11-26,35.0
10.254666,20.850155,2024-11-27,35.0
25.008,22.388311,2024-11-28,35.0
11.683333,21.399399,2024-11-29,35.0
27.7492,19.482138,2024-11-30,35.0
27.388,19.30034,2024-12-01,35.0
41.6,20.206753,2024-12-02,35.0
23.5028,22.171537,2024-12-03,35.0
39.968,24.797499,2024-12-04,35.0
11.288,27.466852,2024-12-05,35.0
49.472,26.88883,2024-12-06,35.0
29.048,25.933645,2024-12-07,35.0
31.624,26.07135,2024-12-08,35.0
38.768,26.981153,2024-12-09,35.0
39.08,29.46511,2024-12-10,35.0
49.98,32.46642,2024-12-11,35.0
10.22,29.824184,2024-12-12,35.0
26.68,31.595362,2024-12-13,35.0
19.528,30.760973,2024-12-14,35.0
43.92,30.984756,2024-12-15,35.0
46.932,29.796541,2024-12-16,35.0
41.296,30.27447,2024-12-17,35.0
37.892,35.801968,2024-12-18,35.0
23.572,40.970566,2024-12-19,35.0
25.64,40.6864,2024-12-20,35.0
28.52,34.171997,2024-12-21,35.0
55.488,34.729717,2024-12-22,35.0
13.94,34.500057,2024-12-23,35.0
2.62,36.51735,2024-12-24,35.0
4.728,37.092644,2024-12-25,35.0
55.5428,29.25955,2024-12-26,35.0
41.32,23.251822,2024-12-27,35.0
27.576,23.308893,2024-12-28,35.0
25.492,28.777018,2024-12-29,35.0
52.252,29.80765,2024-12-30,35.0
43.736,33.46532,2024-12-31,35.0
39.56,33.896515,2025-01-01,35.0
39.104,31.906694,2025-01-02,35.0
19.056,29.154732,2025-01-03,35.0
38.584,32.634968,2025-01-04,35.0
39.36,33.286156,2025-01-05,35.0
46.68,30.668512,2025-01-06,35.0
41.256,29.770702,2025-01-07,35.0
44.052,32.12569,2025-01-08,35.0
20.82,33.30601,2025-01-09,35.0
26.56,35.334072,2025-01-10,35.0
38.11,35.361618,2025-01-11,35.0
22.848,32.60007,2025-01-12,35.0
19.872,31.422474,2025-01-13,35.0
27.432,31.426626,2025-01-14,35.0
37.48,31.953737,2025-01-15,35.0
13.968,27.947393,2025-01-16,35.0
14.84,29.155851,2025-01-17,35.0
27.98,26.65939,2025-01-18,35.0
30.411,26.746565,2025-01-19,35.0
37.616,26.681152,2025-01-20,35.0
10.512,24.501675,2025-01-21,35.0
19.66,26.566023,2025-01-22,35.0
3.788,23.381115,2025-01-23,35.0
37.292,22.983076,2025-01-24,35.0
61.828,20.567017,2025-01-25,35.0
22.832,20.580557,2025-01-26,35.0
41.112,25.93761,2025-01-27,35.0
32.28,29.609015,2025-01-28,35.0
33.548,31.266031,2025-01-29,35.0
28.372,30.91196,2025-01-30,35.0
9.528,32.04934,2025-01-31,35.0
44.488,28.742065,2025-02-01,35.0
9.072,24.790956,2025-02-02,35.0
36.112,25.132734,2025-02-03,35.0
46.216,25.663298,2025-02-04,35.0
18.5428,25.049135,2025-02-05,35.0
18.258,28.516464,2025-02-06,35.0
37.36,29.875437,2025-02-07,35.0
22.092,27.83481,2025-02-08,35.0
31.168,27.399427,2025-02-09,35.0
4.368,26.808012,2025-02-10,35.0
25.972,24.722229,2025-02-11,35.0
43.64,24.36579,2025-02-12,35.0
20.092,24.045794,2025-02-13,35.0
37.568,25.713015,2025-02-14,35.0
10.128,25.9055,2025-02-15,35.0
2.54,25.541162,2025-02-16,35.0
17.48,26.41892,2025-02-17,35.0
16.768,25.152237,2025-02-18,35.0
29.4628,18.8528,2025-02-19,35.0
29.528,19.296762,2025-02-20,35.0
31.608,19.97379,2025-02-21,35.0
26.092,20.504904,2025-02-22,35.0
19.852,22.813425,2025-02-23,35.0
33.496,24.705694,2025-02-24,35.0
14.9828,22.77529,2025-02-25,35.0
49.688,23.944288,2025-02-26,35.0
29.728,22.86852,2025-02-27,35.0
3.052,23.18628,2025-02-28,35.0
28.692,28.28358,2025-03-01,35.0
49.496,24.561502,2025-03-02,35.0
22.432,22.135515,2025-03-03,35.0
23.08,23.787247,2025-03-04,35.0
16.62,28.202864,2025-03-05,35.0
33.772,24.837645,2025-03-06,35.0
26.948,26.001467,2025-03-07,35.0
7.82,25.747988,2025-03-08,35.0
29.98,25.632143,2025-03-09,35.0
23.788,25.229567,2025-03-10,35.0
25.9028,25.804815,2025-03-11,35.0
16.576,23.289295,2025-03-12,35.0
16.272,23.03657,2025-03-13,35.0
16.472,22.715723,2025-03-14,35.0
19.748,21.340181,2025-03-15,35.0
19.868,20.31949,2025-03-16,35.0
6.112,19.155125,2025-03-17,35.0
20.288,18.074583,2025-03-18,35.0
12.292,18.463385,2025-03-19,35.0
5.24,20.563913,2025-03-20,35.0
30.108,18.12476,2025-03-21,35.0
46.464,15.704438,2025-03-22,35.0
21.28,15.702654,2025-03-23,35.0
17.576,19.078863,2025-03-24,35.0
11.572,20.76209,2025-03-25,35.0
33.668,20.906141,2025-03-26,35.0
27.36,22.126247,2025-03-27,35.0
17.252,21.950392,2025-03-28,35.0
21.92,20.783995,2025-03-29,35.0
10.548,20.680727,2025-03-30,35.0
11.1828,21.789167,2025-03-31,35.0
20.12,19.994707,2025-04-01,35.0
17.336,18.515505,2025-04-02,35.0
17.56,17.13093,2025-04-03,35.0
12.411,18.207376,2025-04-04,35.0
14.26,18.943844,2025-04-05,35.0
21.5,16.893787,2025-04-06,35.0
11.46,15.4804125,2025-04-07,35.0
12.608,16.362684,2025-04-08,35.0
17.612,15.305759,2025-04-09,35.0
18.02,14.860319,2025-04-10,35.0
10.5,15.512249,2025-04-11,35.0
18.02,16.478195,2025-04-12,35.0
7.8,16.205082,2025-04-13,35.0
24.4,15.186184,2025-04-14,35.0
10.032,13.6173115,2025-04-15,35.0
24.056,14.616945,2025-04-16,35.0
18.12,14.216971,2025-04-17,35.0
10.52,14.398875,2025-04-18,35.0
12.8628,15.299372,2025-04-19,35.0
25.376,16.210867,2025-04-20,35.0
10.211,15.793956,2025-04-21,35.0
19.748,15.063422,2025-04-22,35.0
13.612,17.191416,2025-04-23,35.0
14.42,16.852882,2025-04-24,35.0
20.608,17.662401,2025-04-25,35.0
17.36,17.375303,2025-04-26,35.0
24.228,18.04825,2025-04-27,35.0
27.944,15.754206,2025-04-28,35.0
21.068,18.490398,2025-04-29,35.0
25.668,22.583994,2025-04-30,35.0
43.8228,23.64995,2025-05-01,35.0
32.656,23.388855,2025-05-02,35.0
27.1428,23.861372,2025-05-03,35.0
22.228,26.579386,2025-05-04,35.0
22.88,25.634455,2025-05-05,35.0
30.62,25.331812,2025-05-06,35.0
45.968,25.83383,2025-05-07,35.0
31.744,27.929445,2025-05-08,35.0
18.988,27.978556,2025-05-09,35.0
71.892,29.301025,2025-05-10,35.0
57.28,32.86865,2025-05-11,35.0
66.016,31.21114,2025-05-12,35.0
36.411,38.576572,2025-05-13,35.0
18.8,44.32658,2025-05-14,35.0
13.36,45.59042,2025-05-15,35.0
33.492,40.5388,2025-05-16,35.0
24.468,32.4042,2025-05-17,35.0
35.868,26.899736,2025-05-18,35.0
38.672,29.929792,2025-05-19,35.0
22.5,30.716513,2025-05-20,35.0
48.788,33.41276,2025-05-21,35.0
4.28,32.397106,2025-05-22,35.0
4.6,31.721659,2025-05-23,35.0
4.6,26.980196,2025-05-24,35.0
25.692,24.305708,2025-05-25,35.0
41.948,18.526518,2025-05-26,35.0
62.6228,17.919386,2025-05-27,35.0
28.456,24.17233,2025-05-28,35.0
7.12,29.078888,2025-05-29,35.0
56.744,37.323772,2025-05-30,35.0
66.088,27.56011,2025-05-31,35.0
28.2,28.784475,2025-06-01,35.0
46.5,32.526436,2025-06-02,35.0
45.18,35.770023,2025-06-03,35.0
38.6,34.858196,2025-06-04,35.0
47.592,41.589436,2025-06-05,35.0
29.456,41.207325,2025-06-06,35.0
28.852,36.078533,2025-06-07,35.0
36.88,36.257626,2025-06-08,35.0
43.12,35.666412,2025-06-09,35.0
33.3,31.768328,2025-06-10,35.0
45.42,35.764202,2025-06-11,35.0
25.588,37.646122,2025-06-12,35.0
25.3028,35.84425,2025-06-13,35.0
25.936,35.173347,2025-06-14,35.0
16.88,32.69881,2025-06-15,35.0
44.81,28.697552,2025-06-16,35.0
12.1,12.029406,2024-09-18,36.0
11.12,11.151039,2024-09-19,36.0
12.01,11.112207,2024-09-20,36.0
13.89,10.803116,2024-09-21,36.0
17.1,11.402498,2024-09-22,36.0
5.45,10.808081,2024-09-23,36.0
5.72,12.199678,2024-09-24,36.0
8.128,11.825159,2024-09-25,36.0
27.36,11.06509,2024-09-26,36.0
14.05,9.847477,2024-09-27,36.0
13.52,11.018232,2024-09-28,36.0
16.0,12.764292,2024-09-29,36.0
14.32,12.101112,2024-09-30,36.0
13.532,13.552076,2024-10-01,36.0
9.856,14.694406,2024-10-02,36.0
27.292,15.1330805,2024-10-03,36.0
13.372,14.145756,2024-10-04,36.0
12.496,14.147679,2024-10-05,36.0
16.7028,16.13617,2024-10-06,36.0
12.448,15.183037,2024-10-07,36.0
17.592,15.64607,2024-10-08,36.0
23.2,15.181114,2024-10-09,36.0
23.948,15.130869,2024-10-10,36.0
20.132,14.49009,2024-10-11,36.0
12.4,16.450716,2024-10-12,36.0
17.416,17.952387,2024-10-13,36.0
13.952,16.8882,2024-10-14,36.0
17.168,17.302946,2024-10-15,36.0
14.992,16.723139,2024-10-16,36.0
9.192,16.564299,2024-10-17,36.0
10.848,16.977358,2024-10-18,36.0
17.92,16.196537,2024-10-19,36.0
17.128,15.730311,2024-10-20,36.0
13.384,14.557818,2024-10-21,36.0
9.376,14.866229,2024-10-22,36.0
8.452,14.355239,2024-10-23,36.0
20.76,14.145018,2024-10-24,36.0
9.211,13.39202,2024-10-25,36.0
8.948,12.803001,2024-10-26,36.0
16.092,12.552061,2024-10-27,36.0
10.688,11.283228,2024-10-28,36.0
9.46,11.617422,2024-10-29,36.0
21.908,12.332834,2024-10-30,36.0
22.912,12.052362,2024-10-31,36.0
12.048,12.398893,2024-11-01,36.0
20.2228,14.435858,2024-11-02,36.0
8.056,15.173872,2024-11-03,36.0
10.211,16.172548,2024-11-04,36.0
12.3,16.243298,2024-11-05,36.0
13.02,15.578695,2024-11-06,36.0
20.18,14.125762,2024-11-07,36.0
12.2,13.503052,2024-11-08,36.0
8.24,14.24531,2024-11-09,36.0
12.6,14.825453,2024-11-10,36.0
8.828,13.753582,2024-11-11,36.0
14.36,13.383043,2024-11-12,36.0
26.768,13.221845,2024-11-13,36.0
10.76,13.125704,2024-11-14,36.0
10.612,14.03183,2024-11-15,36.0
8.98,14.365654,2024-11-16,36.0
19.102,14.91198,2024-11-17,36.0
10.816,12.896584,2024-11-18,36.0
19.064,13.821201,2024-11-19,36.0
25.0,14.351851,2024-11-20,36.0
12.92,14.93709,2024-11-21,36.0
41.016,17.58067,2024-11-22,36.0
12.784481,17.812208,2024-11-23,36.0
16.713259,20.748007,2024-11-24,36.0
10.9771,20.72132,2024-11-25,36.0
13.745721,20.724379,2024-11-26,36.0
16.676102,17.944883,2024-11-27,36.0
11.105717,18.341223,2024-11-28,36.0
11.320729,20.158777,2024-11-29,36.0
17.44,15.948519,2024-11-30,36.0
35.6,16.96402,2024-12-01,36.0
18.532,16.152649,2024-12-02,36.0
18.2,19.962843,2024-12-03,36.0
32.828,20.116251,2024-12-04,36.0
25.424,20.603449,2024-12-05,36.0
18.976,21.764349,2024-12-06,36.0
18.744,21.305141,2024-12-07,36.0
28.28,22.347038,2024-12-08,36.0
11.76,20.0258,2024-12-09,36.0
18.48,23.810917,2024-12-10,36.0
32.128,24.493046,2024-12-11,36.0
25.102,20.785837,2024-12-12,36.0
19.448,21.00855,2024-12-13,36.0
13.7,23.242403,2024-12-14,36.0
27.532,24.412703,2024-12-15,36.0
17.12,23.167372,2024-12-16,36.0
18.548,24.297163,2024-12-17,36.0
29.988,25.692122,2024-12-18,36.0
20.652,25.586443,2024-12-19,36.0
19.028,24.426752,2024-12-20,36.0
20.34,22.435022,2024-12-21,36.0
26.72,24.650785,2024-12-22,36.0
19.1,25.601297,2024-12-23,36.0
17.572,26.02189,2024-12-24,36.0
37.688,25.692411,2024-12-25,36.0
37.1,22.219763,2024-12-26,36.0
16.28,21.21716,2024-12-27,36.0
19.528,23.441618,2024-12-28,36.0
21.56,25.94945,2024-12-29,36.0
19.248,24.842108,2024-12-30,36.0
18.704,26.85506,2024-12-31,36.0
27.72,26.83454,2025-01-01,36.0
18.28,21.86939,2025-01-02,36.0
17.228,21.411892,2025-01-03,36.0
26.24,23.56682,2025-01-04,36.0
21.708,22.299002,2025-01-05,36.0
17.068,21.43469,2025-01-06,36.0
19.424,21.229074,2025-01-07,36.0
33.616,20.144135,2025-01-08,36.0
21.512,18.330763,2025-01-09,36.0
26.94,20.628437,2025-01-10,36.0
11.828,21.728067,2025-01-11,36.0
36.532,23.662445,2025-01-12,36.0
18.548,23.372746,2025-01-13,36.0
13.311,23.997072,2025-01-14,36.0
30.968,25.64237,2025-01-15,36.0
30.192,21.818476,2025-01-16,36.0
16.76,22.856361,2025-01-17,36.0
18.632,21.778303,2025-01-18,36.0
25.32,24.480997,2025-01-19,36.0
18.012,23.587564,2025-01-20,36.0
17.512,22.50891,2025-01-21,36.0
33.632,23.463057,2025-01-22,36.0
23.088,19.577122,2025-01-23,36.0
17.488,20.883904,2025-01-24,36.0
11.5028,22.114817,2025-01-25,36.0
23.828,22.208942,2025-01-26,36.0
18.1,21.594437,2025-01-27,36.0
24.848,21.456533,2025-01-28,36.0
24.76,21.863546,2025-01-29,36.0
17.772,21.120129,2025-01-30,36.0
16.78,23.194798,2025-01-31,36.0
13.46,21.982073,2025-02-01,36.0
24.268,18.821054,2025-02-02,36.0
21.792,17.06822,2025-02-03,36.0
11.648,18.429106,2025-02-04,36.0
26.84,18.563776,2025-02-05,36.0
22.028,20.061384,2025-02-06,36.0
20.12,20.503653,2025-02-07,36.0
11.1828,20.396381,2025-02-08,36.0
24.92,22.280579,2025-02-09,36.0
16.708,18.624472,2025-02-10,36.0
24.2,18.710968,2025-02-11,36.0
24.492,20.336615,2025-02-12,36.0
16.188,19.74218,2025-02-13,36.0
10.82,21.52809,2025-02-14,36.0
14.98,20.925392,2025-02-15,36.0
25.1,18.715677,2025-02-16,36.0
11.5,18.24212,2025-02-17,36.0
16.708,19.726423,2025-02-18,36.0
39.784,16.16997,2025-02-19,36.0
16.576,16.43135,2025-02-20,36.0
16.172,17.684246,2025-02-21,36.0
14.86,18.755743,2025-02-22,36.0
28.752,18.61513,2025-02-23,36.0
11.936,18.896154,2025-02-24,36.0
13.104,20.155546,2025-02-25,36.0
21.668,20.55934,2025-02-26,36.0
19.492,17.66576,2025-02-27,36.0
6.24,17.479677,2025-02-28,36.0
10.848,19.1276,2025-03-01,36.0
20.592,16.012947,2025-03-02,36.0
10.188,13.908635,2025-03-03,36.0
9.188,15.308855,2025-03-04,36.0
19.48,15.15069,2025-03-05,36.0
6.892,13.037483,2025-03-06,36.0
5.14,14.091452,2025-03-07,36.0
8.288,13.726701,2025-03-08,36.0
17.892,12.514835,2025-03-09,36.0
7.732,11.602482,2025-03-10,36.0
8.496,12.80476,2025-03-11,36.0
19.432,10.719702,2025-03-12,36.0
10.448,9.369325,2025-03-13,36.0
7.72,11.38789,2025-03-14,36.0
8.08,10.6783905,2025-03-15,36.0
16.104,10.235537,2025-03-16,36.0
8.028,9.702465,2025-03-17,36.0
9.28,9.131795,2025-03-18,36.0
17.656,10.178116,2025-03-19,36.0
17.252,10.816475,2025-03-20,36.0
6.732,11.266263,2025-03-21,36.0
8.828,12.017647,2025-03-22,36.0
13.412,10.979201,2025-03-23,36.0
9.412,9.886398,2025-03-24,36.0
7.76,10.28905,2025-03-25,36.0
17.024,10.728705,2025-03-26,36.0
9.288,10.899792,2025-03-27,36.0
17.16,10.916086,2025-03-28,36.0
14.11,10.668,2025-03-29,36.0
7.32,10.679055,2025-03-30,36.0
8.76,11.321314,2025-03-31,36.0
8.888,10.590476,2025-04-01,36.0
11.692,10.395903,2025-04-02,36.0
11.932,9.383714,2025-04-03,36.0
9.2,9.938316,2025-04-04,36.0
8.496,10.239414,2025-04-05,36.0
16.311,9.430899,2025-04-06,36.0
9.792,8.986341,2025-04-07,36.0
10.0,10.222759,2025-04-08,36.0
20.736,10.479962,2025-04-09,36.0
9.84,10.318232,2025-04-10,36.0
8.96,11.992374,2025-04-11,36.0
8.092,12.284794,2025-04-12,36.0
14.588,11.668755,2025-04-13,36.0
8.252,10.188412,2025-04-14,36.0
6.308,9.913438,2025-04-15,36.0
11.492,10.091718,2025-04-16,36.0
13.148,9.09071,2025-04-17,36.0
8.544,9.279892,2025-04-18,36.0
8.848,9.507856,2025-04-19,36.0
18.248,10.770224,2025-04-20,36.0
10.732,10.136168,2025-04-21,36.0
10.532,11.0688925,2025-04-22,36.0
17.256,12.291552,2025-04-23,36.0
17.704,11.934592,2025-04-24,36.0
10.2,12.869959,2025-04-25,36.0
10.288,13.836548,2025-04-26,36.0
16.22,14.068207,2025-04-27,36.0
10.788,11.39621,2025-04-28,36.0
10.64,12.673195,2025-04-29,36.0
18.2628,14.791236,2025-04-30,36.0
24.136,14.05724,2025-05-01,36.0
18.96,14.629007,2025-05-02,36.0
11.1828,14.950085,2025-05-03,36.0
11.968,15.696231,2025-05-04,36.0
10.08,13.808594,2025-05-05,36.0
10.74,14.036276,2025-05-06,36.0
18.292,13.737774,2025-05-07,36.0
17.856,14.043306,2025-05-08,36.0
13.12,13.934399,2025-05-09,36.0
14.5428,13.757793,2025-05-10,36.0
17.028,16.24085,2025-05-11,36.0
12.46,11.89847,2025-05-12,36.0
19.6,13.761446,2025-05-13,36.0
14.92,13.450607,2025-05-14,36.0
8.42,13.780592,2025-05-15,36.0
10.628,14.612696,2025-05-16,36.0
12.44,12.766796,2025-05-17,36.0
16.5428,12.172352,2025-05-18,36.0
12.988,12.467991,2025-05-19,36.0
12.468,12.883654,2025-05-20,36.0
19.828,12.723721,2025-05-21,36.0
26.672,13.616585,2025-05-22,36.0
13.288,14.61682,2025-05-23,36.0
11.6628,15.248138,2025-05-24,36.0
21.176,16.569685,2025-05-25,36.0
22.384,14.480898,2025-05-26,36.0
21.96,14.150339,2025-05-27,36.0
20.788,17.804815,2025-05-28,36.0
17.932,18.880486,2025-05-29,36.0
16.828,20.079763,2025-05-30,36.0
21.56,17.245783,2025-05-31,36.0
11.108,16.981758,2025-06-01,36.0
17.24,16.11178,2025-06-02,36.0
18.2,15.680843,2025-06-03,36.0
22.72,15.877131,2025-06-04,36.0
24.46,17.240206,2025-06-05,36.0
20.62,18.578192,2025-06-06,36.0
21.74,18.608765,2025-06-07,36.0
25.112,18.901033,2025-06-08,36.0
19.548,18.999186,2025-06-09,36.0
18.86,19.112795,2025-06-10,36.0
23.232,21.2605,2025-06-11,36.0
26.448,21.425686,2025-06-12,36.0
13.52,20.938078,2025-06-13,36.0
10.792,20.497492,2025-06-14,36.0
7.136,20.055819,2025-06-15,36.0
18.3928,17.661974,2025-06-16,36.0
20.332,16.471457,2024-09-18,37.0
10.16,17.016193,2024-09-19,37.0
24.28,17.670378,2024-09-20,37.0
32.708,16.767282,2024-09-21,37.0
18.76,18.220009,2024-09-22,37.0
16.828,18.994234,2024-09-23,37.0
12.5828,20.055473,2024-09-24,37.0
21.08,21.130285,2024-09-25,37.0
26.328,21.14491,2024-09-26,37.0
32.98,20.384348,2024-09-27,37.0
25.811,18.399466,2024-09-28,37.0
32.456,20.8878,2024-09-29,37.0
18.312,23.034897,2024-09-30,37.0
29.048,24.55118,2024-10-01,37.0
19.832,26.03264,2024-10-02,37.0
30.74,25.50045,2024-10-03,37.0
25.7,25.655375,2024-10-04,37.0
31.1,22.299477,2024-10-05,37.0
21.98,26.845974,2024-10-06,37.0
27.04,27.405737,2024-10-07,37.0
26.128,29.11965,2024-10-08,37.0
23.552,26.839237,2024-10-09,37.0
13.028,26.448503,2024-10-10,37.0
29.392,23.964727,2024-10-11,37.0
20.988,23.023218,2024-10-12,37.0
25.7,23.400595,2024-10-13,37.0
21.232,24.19634,2024-10-14,37.0
32.296,24.07046,2024-10-15,37.0
24.232,24.507318,2024-10-16,37.0
17.64,25.561937,2024-10-17,37.0
23.008,27.197674,2024-10-18,37.0
41.332,24.864325,2024-10-19,37.0
33.1,25.339571,2024-10-20,37.0
39.98,25.009758,2024-10-21,37.0
30.7,27.18601,2024-10-22,37.0
31.82,28.24698,2024-10-23,37.0
44.228,32.455177,2024-10-24,37.0
37.88,32.081875,2024-10-25,37.0
28.3028,29.907536,2024-10-26,37.0
28.0,31.24936,2024-10-27,37.0
46.24,32.251183,2024-10-28,37.0
38.248,31.077578,2024-10-29,37.0
39.06,33.442684,2024-10-30,37.0
28.508,33.902992,2024-10-31,37.0
26.872,32.372494,2024-11-01,37.0
35.952,33.607662,2024-11-02,37.0
53.628,32.620686,2024-11-03,37.0
50.908,32.793125,2024-11-04,37.0
41.472,33.321163,2024-11-05,37.0
44.512,37.96118,2024-11-06,37.0
38.228,39.556545,2024-11-07,37.0
36.812,38.969604,2024-11-08,37.0
51.948,37.483425,2024-11-09,37.0
45.82,37.303493,2024-11-10,37.0
38.28,36.863834,2024-11-11,37.0
49.768,40.727448,2024-11-12,37.0
39.892,43.87691,2024-11-13,37.0
25.74,41.83816,2024-11-14,37.0
44.512,40.6374,2024-11-15,37.0
48.788,36.725735,2024-11-16,37.0
25.12,34.21478,2024-11-17,37.0
45.588,36.13973,2024-11-18,37.0
49.252,37.615368,2024-11-19,37.0
53.3,37.25351,2024-11-20,37.0
29.632,40.01172,2024-11-21,37.0
25.296,42.139774,2024-11-22,37.0
25.784,41.54742,2024-11-23,37.0
37.673016,38.533855,2024-11-24,37.0
36.355274,36.42066,2024-11-25,37.0
25.998913,33.367966,2024-11-26,37.0
33.95899,31.601442,2024-11-27,37.0
25.450294,34.325607,2024-11-28,37.0
25.132702,36.66193,2024-11-29,37.0
46.8648,32.077145,2024-11-30,37.0
55.0,30.961401,2024-12-01,37.0
61.9,29.48746,2024-12-02,37.0
53.908,34.10398,2024-12-03,37.0
58.632,36.83492,2024-12-04,37.0
65.8,41.629528,2024-12-05,37.0
63.36,44.247364,2024-12-06,37.0
66.392,43.001553,2024-12-07,37.0
55.288,46.059246,2024-12-08,37.0
58.8,47.0068,2024-12-09,37.0
59.96,54.30759,2024-12-10,37.0
55.76,55.330555,2024-12-11,37.0
39.18,50.881207,2024-12-12,37.0
55.48,48.199253,2024-12-13,37.0
18.06,48.1303,2024-12-14,37.0
49.728,47.11314,2024-12-15,37.0
60.12,48.56328,2024-12-16,37.0
43.332,46.854668,2024-12-17,37.0
64.296,50.88396,2024-12-18,37.0
60.532,53.930138,2024-12-19,37.0
59.108,50.730946,2024-12-20,37.0
61.352,48.12258,2024-12-21,37.0
68.032,52.72129,2024-12-22,37.0
64.28,55.074528,2024-12-23,37.0
48.32,56.10519,2024-12-24,37.0
68.776,57.95271,2024-12-25,37.0
59.272,53.164986,2024-12-26,37.0
81.46,49.22214,2024-12-27,37.0
62.02,49.23711,2024-12-28,37.0
56.38,52.289703,2024-12-29,37.0
61.36,59.05393,2024-12-30,37.0
60.04,62.096798,2024-12-31,37.0
57.892,61.754276,2025-01-01,37.0
31.088,57.673126,2025-01-02,37.0
55.02,56.99137,2025-01-03,37.0
72.012,54.46625,2025-01-04,37.0
48.848,52.41371,2025-01-05,37.0
71.328,54.116978,2025-01-06,37.0
69.052,54.846844,2025-01-07,37.0
61.3,54.875153,2025-01-08,37.0
54.528,56.22308,2025-01-09,37.0
64.6,58.510075,2025-01-10,37.0
66.2,55.01209,2025-01-11,37.0
59.548,54.41246,2025-01-12,37.0
55.0628,56.87528,2025-01-13,37.0
35.848,58.57372,2025-01-14,37.0
58.58,59.165726,2025-01-15,37.0
60.94,55.330574,2025-01-16,37.0
57.7,53.95493,2025-01-17,37.0
50.268,50.14334,2025-01-18,37.0
64.16,52.673256,2025-01-19,37.0
70.1828,55.291203,2025-01-20,37.0
49.936,52.480663,2025-01-21,37.0
74.28,56.655552,2025-01-22,37.0
60.104,52.710693,2025-01-23,37.0
63.808,55.632122,2025-01-24,37.0
64.88,55.824154,2025-01-25,37.0
58.872,55.451263,2025-01-26,37.0
63.258,58.955715,2025-01-27,37.0
56.24,62.145405,2025-01-28,37.0
60.372,63.58761,2025-01-29,37.0
44.136,62.43505,2025-01-30,37.0
55.952,63.010723,2025-01-31,37.0
52.272,57.209816,2025-02-01,37.0
52.728,49.30049,2025-02-02,37.0
75.52,48.485428,2025-02-03,37.0
55.58,50.724438,2025-02-04,37.0
58.56,53.49039,2025-02-05,37.0
45.028,58.96843,2025-02-06,37.0
35.332,61.151146,2025-02-07,37.0
75.256,57.09263,2025-02-08,37.0
56.92,52.62804,2025-02-09,37.0
63.8628,48.410187,2025-02-10,37.0
60.012,51.678616,2025-02-11,37.0
48.784,54.92837,2025-02-12,37.0
44.0,55.8642,2025-02-13,37.0
44.068,56.690685,2025-02-14,37.0
66.972,53.320366,2025-02-15,37.0
65.8,46.55527,2025-02-16,37.0
64.168,52.221542,2025-02-17,37.0
48.472,54.57446,2025-02-18,37.0
64.376,53.174057,2025-02-19,37.0
68.76,54.142223,2025-02-20,37.0
39.252,50.770657,2025-02-21,37.0
64.452,49.79807,2025-02-22,37.0
51.728,49.837128,2025-02-23,37.0
84.34,53.635273,2025-02-24,37.0
71.66,56.63689,2025-02-25,37.0
62.88,59.618034,2025-02-26,37.0
60.272,62.081844,2025-02-27,37.0
22.496,61.93587,2025-02-28,37.0
61.28,62.39834,2025-03-01,37.0
58.544,54.535732,2025-03-02,37.0
52.228,46.091908,2025-03-03,37.0
43.0,49.00677,2025-03-04,37.0
59.311,55.445576,2025-03-05,37.0
28.616,54.956303,2025-03-06,37.0
58.328,54.508797,2025-03-07,37.0
55.6628,51.07396,2025-03-08,37.0
52.056,43.312153,2025-03-09,37.0
39.228,47.87621,2025-03-10,37.0
54.184,51.23628,2025-03-11,37.0
46.528,47.596996,2025-03-12,37.0
39.552,43.89211,2025-03-13,37.0
36.84,46.806583,2025-03-14,37.0
33.328,42.162468,2025-03-15,37.0
22.68,39.55836,2025-03-16,37.0
47.711,40.108288,2025-03-17,37.0
14.64,36.33326,2025-03-18,37.0
28.428,36.046734,2025-03-19,37.0
16.368,40.443047,2025-03-20,37.0
24.208,33.934444,2025-03-21,37.0
24.336,30.957071,2025-03-22,37.0
25.8,27.040745,2025-03-23,37.0
24.8628,26.38938,2025-03-24,37.0
30.432,24.848381,2025-03-25,37.0
20.648,27.528845,2025-03-26,37.0
27.96,27.427608,2025-03-27,37.0
25.88,26.477646,2025-03-28,37.0
29.264,23.558796,2025-03-29,37.0
19.2,23.39934,2025-03-30,37.0
27.232,24.184841,2025-03-31,37.0
25.4628,23.71879,2025-04-01,37.0
31.456,23.64948,2025-04-02,37.0
26.024,24.474974,2025-04-03,37.0
42.288,25.301916,2025-04-04,37.0
14.232,26.075432,2025-04-05,37.0
21.792,25.85819,2025-04-06,37.0
26.048,25.98097,2025-04-07,37.0
25.528,24.693546,2025-04-08,37.0
28.688,24.148375,2025-04-09,37.0
18.568,24.764833,2025-04-10,37.0
22.168,26.768522,2025-04-11,37.0
27.368,27.038885,2025-04-12,37.0
36.2,28.081553,2025-04-13,37.0
38.176,25.235786,2025-04-14,37.0
16.5828,24.046595,2025-04-15,37.0
33.656,26.326677,2025-04-16,37.0
22.56,26.544905,2025-04-17,37.0
24.96,25.275644,2025-04-18,37.0
20.64,24.372938,2025-04-19,37.0
18.5828,26.47266,2025-04-20,37.0
32.872,25.191353,2025-04-21,37.0
25.6,23.710817,2025-04-22,37.0
27.2628,27.716803,2025-04-23,37.0
11.812,27.84157,2025-04-24,37.0
22.616,28.859426,2025-04-25,37.0
24.464,26.206543,2025-04-26,37.0
19.7428,25.005045,2025-04-27,37.0
16.4,22.381481,2025-04-28,37.0
20.704,22.492783,2025-04-29,37.0
17.888,25.401777,2025-04-30,37.0
27.28,24.176992,2025-05-01,37.0
25.176,24.137075,2025-05-02,37.0
30.12,21.009863,2025-05-03,37.0
29.328,21.421371,2025-05-04,37.0
21.216,21.940702,2025-05-05,37.0
27.808,23.865324,2025-05-06,37.0
10.428,24.166662,2025-05-07,37.0
21.248,25.740456,2025-05-08,37.0
28.048,23.709787,2025-05-09,37.0
32.328,21.259699,2025-05-10,37.0
18.84,23.652708,2025-05-11,37.0
26.254,20.882421,2025-05-12,37.0
25.5428,23.875017,2025-05-13,37.0
28.4,23.481684,2025-05-14,37.0
38.102,25.043066,2025-05-15,37.0
29.216,24.306616,2025-05-16,37.0
21.576,23.722708,2025-05-17,37.0
35.8,25.792479,2025-05-18,37.0
28.76,26.42888,2025-05-19,37.0
16.12,26.233454,2025-05-20,37.0
37.2,26.845388,2025-05-21,37.0
21.128,25.873194,2025-05-22,37.0
22.56,24.899954,2025-05-23,37.0
29.136,25.358557,2025-05-24,37.0
28.136,26.780336,2025-05-25,37.0
31.112,24.611097,2025-05-26,37.0
17.688,24.684004,2025-05-27,37.0
50.5428,28.781885,2025-05-28,37.0
18.102,26.79537,2025-05-29,37.0
28.672,28.32769,2025-05-30,37.0
23.24,26.440224,2025-05-31,37.0
23.976,25.443949,2025-06-01,37.0
25.192,23.525507,2025-06-02,37.0
29.264,22.454592,2025-06-03,37.0
25.168,24.299791,2025-06-04,37.0
39.2,23.227255,2025-06-05,37.0
16.328,27.283316,2025-06-06,37.0
35.192,26.173853,2025-06-07,37.0
23.736,26.442087,2025-06-08,37.0
20.576,24.789818,2025-06-09,37.0
27.072,24.588543,2025-06-10,37.0
31.056,25.139757,2025-06-11,37.0
23.056,25.957315,2025-06-12,37.0
19.296,25.386309,2025-06-13,37.0
11.272,25.893793,2025-06-14,37.0
21.888,23.625933,2025-06-15,37.0
27.384,22.392372,2025-06-16,37.0
9.39,8.113317,2024-09-18,38.0
5.5,8.529995,2024-09-19,38.0
11.52,8.394281,2024-09-20,38.0
17.75,8.012355,2024-09-21,38.0
6.71,8.974705,2024-09-22,38.0
9.9,9.203487,2024-09-23,38.0
4.7,9.186113,2024-09-24,38.0
10.96,9.374161,2024-09-25,38.0
13.95,9.681916,2024-09-26,38.0
11.66,9.742332,2024-09-27,38.0
11.42,9.417219,2024-09-28,38.0
11.92,10.387693,2024-09-29,38.0
17.25,9.951796,2024-09-30,38.0
10.09,10.076574,2024-10-01,38.0
12.58,12.453402,2024-10-02,38.0
3.78,13.2320595,2024-10-03,38.0
13.43,13.807879,2024-10-04,38.0
6.69,10.609682,2024-10-05,38.0
13.21,11.407476,2024-10-06,38.0
10.59,10.511496,2024-10-07,38.0
14.12,10.708493,2024-10-08,38.0
14.1,10.897156,2024-10-09,38.0
8.14,11.189577,2024-10-10,38.0
11.25,11.686167,2024-10-11,38.0
16.33,10.9770775,2024-10-12,38.0
8.11,11.70387,2024-10-13,38.0
13.82,11.553022,2024-10-14,38.0
8.13,11.821752,2024-10-15,38.0
17.02,11.3888855,2024-10-16,38.0
12.05,11.256804,2024-10-17,38.0
13.17,12.502912,2024-10-18,38.0
10.11,12.7825775,2024-10-19,38.0
19.57,13.256639,2024-10-20,38.0
12.72,12.4628525,2024-10-21,38.0
9.78,12.4881,2024-10-22,38.0
11.11,12.244122,2024-10-23,38.0
17.14,11.918627,2024-10-24,38.0
18.89,12.62161,2024-10-25,38.0
4.4,12.321536,2024-10-26,38.0
11.29,13.669905,2024-10-27,38.0
9.31,11.961017,2024-10-28,38.0
16.6,11.567768,2024-10-29,38.0
8.12,11.661516,2024-10-30,38.0
20.22,13.70858,2024-10-31,38.0
4.17,12.475708,2024-11-01,38.0
23.9,12.813944,2024-11-02,38.0
13.51,13.347265,2024-11-03,38.0
13.37,13.676033,2024-11-04,38.0
13.89,14.468853,2024-11-05,38.0
19.44,14.25284,2024-11-06,38.0
17.09,14.24329,2024-11-07,38.0
5.79,14.065209,2024-11-08,38.0
16.15,14.771761,2024-11-09,38.0
14.3,14.478546,2024-11-10,38.0
13.26,13.968136,2024-11-11,38.0
10.79,14.486893,2024-11-12,38.0
19.96,15.057531,2024-11-13,38.0
11.66,14.9106655,2024-11-14,38.0
6.07,15.030976,2024-11-15,38.0
16.09,15.318605,2024-11-16,38.0
10.91,15.603997,2024-11-17,38.0
14.17,14.28009,2024-11-18,38.0
10.98,13.940833,2024-11-19,38.0
13.29,14.3159895,2024-11-20,38.0
16.9,13.890117,2024-11-21,38.0
12.11,14.506224,2024-11-22,38.0
10.230928,14.75166,2024-11-23,38.0
12.811581,15.2082,2024-11-24,38.0
10.925567,14.143085,2024-11-25,38.0
10.36262,14.09271,2024-11-26,38.0
12.981311,13.57012,2024-11-27,38.0
11.957661,13.865265,2024-11-28,38.0
10.443016,14.72598,2024-11-29,38.0
10.277,13.635538,2024-11-30,38.0
14.07,14.091696,2024-12-01,38.0
12.54,13.534786,2024-12-02,38.0
13.8,14.863373,2024-12-03,38.0
18.52,14.341976,2024-12-04,38.0
16.15,14.922084,2024-12-05,38.0
14.83,14.959209,2024-12-06,38.0
14.44,14.721048,2024-12-07,38.0
11.59,15.892045,2024-12-08,38.0
10.39,14.631777,2024-12-09,38.0
14.78,15.468098,2024-12-10,38.0
19.99,16.459833,2024-12-11,38.0
19.19,15.449516,2024-12-12,38.0
12.73,15.5607395,2024-12-13,38.0
10.9,16.676561,2024-12-14,38.0
14.56,17.561129,2024-12-15,38.0
24.95,16.279617,2024-12-16,38.0
4.72,16.57886,2024-12-17,38.0
11.428,19.411808,2024-12-18,38.0
24.15,19.903534,2024-12-19,38.0
10.71,17.694757,2024-12-20,38.0
11.72,16.570461,2024-12-21,38.0
13.63,18.969622,2024-12-22,38.0
14.94,19.258646,2024-12-23,38.0
11.928,18.206,2024-12-24,38.0
21.91,19.077578,2024-12-25,38.0
14.79,17.510794,2024-12-26,38.0
16.828,15.828503,2024-12-27,38.0
11.14,16.701138,2024-12-28,38.0
14.33,18.00585,2024-12-29,38.0
11.76,16.81715,2024-12-30,38.0
12.11,17.827375,2024-12-31,38.0
14.55,18.353216,2025-01-01,38.0
26.79,15.78939,2025-01-02,38.0
10.38,15.415388,2025-01-03,38.0
23.85,16.455732,2025-01-04,38.0
13.81,17.376917,2025-01-05,38.0
13.72,16.491592,2025-01-06,38.0
13.28,16.567099,2025-01-07,38.0
13.1,16.247707,2025-01-08,38.0
25.64,15.413937,2025-01-09,38.0
14.028,15.183958,2025-01-10,38.0
13.39,16.625263,2025-01-11,38.0
12.35,18.448343,2025-01-12,38.0
17.05,17.988049,2025-01-13,38.0
10.52,17.495218,2025-01-14,38.0
28.57,19.342653,2025-01-15,38.0
22.28,16.866446,2025-01-16,38.0
13.3,16.685677,2025-01-17,38.0
19.46,16.82562,2025-01-18,38.0
12.57,17.903456,2025-01-19,38.0
11.59,17.9103,2025-01-20,38.0
24.58,16.840109,2025-01-21,38.0
12.96,17.572687,2025-01-22,38.0
17.61,16.172972,2025-01-23,38.0
16.828,17.295015,2025-01-24,38.0
12.94,17.21751,2025-01-25,38.0
13.77,17.651308,2025-01-26,38.0
12.58,18.214525,2025-01-27,38.0
18.69,17.349573,2025-01-28,38.0
24.06,16.613539,2025-01-29,38.0
19.23,16.683004,2025-01-30,38.0
10.63,17.918886,2025-01-31,38.0
12.59,17.646503,2025-02-01,38.0
17.21,16.012445,2025-02-02,38.0
17.55,15.609821,2025-02-03,38.0
11.1,15.890505,2025-02-04,38.0
14.05,15.845968,2025-02-05,38.0
25.78,16.80309,2025-02-06,38.0
12.48,16.784796,2025-02-07,38.0
31.21,17.15735,2025-02-08,38.0
16.23,18.440022,2025-02-09,38.0
14.32,17.60053,2025-02-10,38.0
17.76,18.146029,2025-02-11,38.0
24.32,18.659594,2025-02-12,38.0
16.67,18.40552,2025-02-13,38.0
13.94,18.866793,2025-02-14,38.0
17.37,18.985575,2025-02-15,38.0
23.46,17.749346,2025-02-16,38.0
16.05,17.645658,2025-02-17,38.0
11.47,19.252928,2025-02-18,38.0
20.95,17.292757,2025-02-19,38.0
12.97,16.993357,2025-02-20,38.0
22.09,16.006542,2025-02-21,38.0
12.2,15.637779,2025-02-22,38.0
16.76,16.131172,2025-02-23,38.0
12.228,16.647575,2025-02-24,38.0
16.15,16.704248,2025-02-25,38.0
36.23,16.088648,2025-02-26,38.0
11.49,14.979729,2025-02-27,38.0
6.57,16.50733,2025-02-28,38.0
26.76,17.679617,2025-03-01,38.0
14.68,15.756569,2025-03-02,38.0
22.79,15.405009,2025-03-03,38.0
13.37,15.879551,2025-03-04,38.0
20.38,17.061739,2025-03-05,38.0
10.71,16.189907,2025-03-06,38.0
12.45,17.940866,2025-03-07,38.0
23.3,17.009882,2025-03-08,38.0
10.5,16.227167,2025-03-09,38.0
8.51,17.056688,2025-03-10,38.0
11.4,16.708937,2025-03-11,38.0
23.028,15.254517,2025-03-12,38.0
12.78,14.844645,2025-03-13,38.0
8.49,15.405163,2025-03-14,38.0
13.36,14.689645,2025-03-15,38.0
8.32,13.663269,2025-03-16,38.0
12.66,14.330922,2025-03-17,38.0
10.01,12.149332,2025-03-18,38.0
3.628,12.82132,2025-03-19,38.0
10.09,13.348738,2025-03-20,38.0
11.29,11.982761,2025-03-21,38.0
17.59,11.332113,2025-03-22,38.0
10.42,10.644368,2025-03-23,38.0
9.63,10.847298,2025-03-24,38.0
11.17,11.5183735,2025-03-25,38.0
10.69,11.666559,2025-03-26,38.0
10.29,12.12605,2025-03-27,38.0
14.56,11.26514,2025-03-28,38.0
10.5,11.01745,2025-03-29,38.0
8.49,10.996941,2025-03-30,38.0
9.12,11.312188,2025-03-31,38.0
13.34,10.551008,2025-04-01,38.0
10.37,10.295244,2025-04-02,38.0
7.72,10.120339,2025-04-03,38.0
14.11,10.262444,2025-04-04,38.0
10.57,10.68574,2025-04-05,38.0
3.23,10.618498,2025-04-06,38.0
18.67,10.405401,2025-04-07,38.0
9.6,10.120868,2025-04-08,38.0
7.728,10.658954,2025-04-09,38.0
10.46,10.95331,2025-04-10,38.0
16.57,10.80581,2025-04-11,38.0
9.17,11.198201,2025-04-12,38.0
9.85,12.206444,2025-04-13,38.0
16.74,11.209131,2025-04-14,38.0
13.25,9.58996,2025-04-15,38.0
20.7,10.781996,2025-04-16,38.0
10.29,11.126082,2025-04-17,38.0
9.14,11.594561,2025-04-18,38.0
10.07,11.171722,2025-04-19,38.0
9.55,12.532337,2025-04-20,38.0
9.928,12.258334,2025-04-21,38.0
8.01,11.185078,2025-04-22,38.0
12.56,11.760787,2025-04-23,38.0
10.85,11.39271,2025-04-24,38.0
9.23,11.941244,2025-04-25,38.0
10.128,12.03537,2025-04-26,38.0
4.28,12.371438,2025-04-27,38.0
12.69,10.314278,2025-04-28,38.0
12.828,9.171692,2025-04-29,38.0
13.5,10.69278,2025-04-30,38.0
10.53,11.289871,2025-05-01,38.0
13.38,11.576658,2025-05-02,38.0
10.09,10.618545,2025-05-03,38.0
10.37,11.352049,2025-05-04,38.0
10.08,10.608433,2025-05-05,38.0
10.28,10.257912,2025-05-06,38.0
17.08,10.276093,2025-05-07,38.0
10.32,11.043579,2025-05-08,38.0
14.42,11.77923,2025-05-09,38.0
9.56,11.081026,2025-05-10,38.0
14.64,12.962817,2025-05-11,38.0
11.27,9.196069,2025-05-12,38.0
11.23,10.796329,2025-05-13,38.0
10.53,10.679721,2025-05-14,38.0
12.01,10.418285,2025-05-15,38.0
13.98,11.110819,2025-05-16,38.0
11.46,10.432572,2025-05-17,38.0
14.54,11.239851,2025-05-18,38.0
11.09,11.241884,2025-05-19,38.0
10.28,11.427104,2025-05-20,38.0
13.77,11.160032,2025-05-21,38.0
16.25,11.655592,2025-05-22,38.0
17.47,11.466183,2025-05-23,38.0
11.51,11.567627,2025-05-24,38.0
14.22,13.775247,2025-05-25,38.0
11.56,12.667724,2025-05-26,38.0
17.61,11.810455,2025-05-27,38.0
13.1,13.22446,2025-05-28,38.0
19.25,13.49286,2025-05-29,38.0
16.86,14.287067,2025-05-30,38.0
12.25,12.4976845,2025-05-31,38.0
14.92,13.282042,2025-06-01,38.0
16.7,12.227722,2025-06-02,38.0
16.63,12.762716,2025-06-03,38.0
23.1,12.455588,2025-06-04,38.0
9.24,13.786814,2025-06-05,38.0
17.39,15.318579,2025-06-06,38.0
17.62,14.103264,2025-06-07,38.0
19.08,14.54536,2025-06-08,38.0
11.09,13.987903,2025-06-09,38.0
20.07,13.912331,2025-06-10,38.0
19.51,14.530792,2025-06-11,38.0
13.51,15.29907,2025-06-12,38.0
9.32,16.43301,2025-06-13,38.0
9.28,15.010157,2025-06-14,38.0
7.74,14.610252,2025-06-15,38.0
8.0,12.96217,2025-06-16,38.0
17.232,17.237814,2024-09-18,39.0
18.368,16.810156,2024-09-19,39.0
11.911,15.937865,2024-09-20,39.0
21.728,15.750128,2024-09-21,39.0
6.64,15.431409,2024-09-22,39.0
10.528,15.928242,2024-09-23,39.0
12.392,14.515131,2024-09-24,39.0
16.04,14.351594,2024-09-25,39.0
26.028,14.711965,2024-09-26,39.0
21.46,14.300985,2024-09-27,39.0
19.728,15.20283,2024-09-28,39.0
16.872,16.949741,2024-09-29,39.0
23.84,17.681501,2024-09-30,39.0
20.9,17.506392,2024-10-01,39.0
16.72,20.509712,2024-10-02,39.0
25.74,21.763718,2024-10-03,39.0
25.112,21.405481,2024-10-04,39.0
11.928,18.581541,2024-10-05,39.0
23.928,21.632166,2024-10-06,39.0
16.932,21.139326,2024-10-07,39.0
22.696,20.982088,2024-10-08,39.0
20.252,20.98598,2024-10-09,39.0
20.172,20.840773,2024-10-10,39.0
20.888,19.606356,2024-10-11,39.0
17.34,19.245558,2024-10-12,39.0
26.652,20.720442,2024-10-13,39.0
21.0,19.320963,2024-10-14,39.0
27.588,21.093569,2024-10-15,39.0
21.508,21.370428,2024-10-16,39.0
24.8,22.53875,2024-10-17,39.0
20.672,23.28144,2024-10-18,39.0
14.168,22.869051,2024-10-19,39.0
21.512,23.222296,2024-10-20,39.0
16.112,20.596,2024-10-21,39.0
14.32,20.704962,2024-10-22,39.0
12.008,19.980907,2024-10-23,39.0
20.2,20.428167,2024-10-24,39.0
31.74,18.994207,2024-10-25,39.0
16.66,17.73755,2024-10-26,39.0
19.0,19.916424,2024-10-27,39.0
11.18,19.553747,2024-10-28,39.0
24.0,19.397572,2024-10-29,39.0
11.772,18.883965,2024-10-30,39.0
25.428,19.913012,2024-10-31,39.0
11.548,17.675339,2024-11-01,39.0
11.812,17.36645,2024-11-02,39.0
24.24,18.56685,2024-11-03,39.0
18.288,17.733248,2024-11-04,39.0
18.272,19.398691,2024-11-05,39.0
22.056,19.54324,2024-11-06,39.0
12.392,20.161098,2024-11-07,39.0
16.46,19.12852,2024-11-08,39.0
11.88,18.709545,2024-11-09,39.0
20.56,18.851774,2024-11-10,39.0
10.948,16.920008,2024-11-11,39.0
27.944,18.284246,2024-11-12,39.0
22.908,18.873907,2024-11-13,39.0
19.66,19.776905,2024-11-14,39.0
16.428,21.136335,2024-11-15,39.0
17.192,20.19657,2024-11-16,39.0
20.696,21.18779,2024-11-17,39.0
21.952,19.000246,2024-11-18,39.0
21.56,20.12464,2024-11-19,39.0
21.32,21.082525,2024-11-20,39.0
14.0,22.36054,2024-11-21,39.0
10.648,23.058023,2024-11-22,39.0
19.804226,22.075985,2024-11-23,39.0
24.955145,20.47632,2024-11-24,39.0
20.96283,18.946875,2024-11-25,39.0
21.066977,20.651525,2024-11-26,39.0
22.692713,20.793682,2024-11-27,39.0
24.817928,22.975065,2024-11-28,39.0
20.027113,24.703266,2024-11-29,39.0
19.5104,22.050318,2024-11-30,39.0
24.068,22.129854,2024-12-01,39.0
12.26,21.593958,2024-12-02,39.0
24.6,23.281506,2024-12-03,39.0
28.311,22.182676,2024-12-04,39.0
24.056,23.019426,2024-12-05,39.0
26.1828,23.62244,2024-12-06,39.0
19.208,22.888762,2024-12-07,39.0
21.44,24.068417,2024-12-08,39.0
17.488,22.800291,2024-12-09,39.0
21.1828,24.275808,2024-12-10,39.0
18.668,24.311209,2024-12-11,39.0
21.428,22.075743,2024-12-12,39.0
24.5028,21.419468,2024-12-13,39.0
22.32,22.041536,2024-12-14,39.0
17.988,23.750444,2024-12-15,39.0
14.508,23.911455,2024-12-16,39.0
24.292,24.244097,2024-12-17,39.0
24.58,25.363276,2024-12-18,39.0
25.648,26.175596,2024-12-19,39.0
25.892,24.104666,2024-12-20,39.0
19.252,21.829042,2024-12-21,39.0
28.216,24.982105,2024-12-22,39.0
22.172,27.268778,2024-12-23,39.0
19.972,27.22849,2024-12-24,39.0
36.088,27.123993,2024-12-25,39.0
17.911,24.68599,2024-12-26,39.0
22.576,22.899752,2024-12-27,39.0
25.828,23.85236,2024-12-28,39.0
19.904,25.208588,2024-12-29,39.0
24.936,24.713675,2024-12-30,39.0
11.972,27.277773,2024-12-31,39.0
31.572,28.15352,2025-01-01,39.0
11.012,23.708115,2025-01-02,39.0
20.952,23.507708,2025-01-03,39.0
22.86,24.033216,2025-01-04,39.0
25.0,22.796265,2025-01-05,39.0
24.58,22.374908,2025-01-06,39.0
29.768,22.420332,2025-01-07,39.0
19.932,23.27357,2025-01-08,39.0
26.468,21.948503,2025-01-09,39.0
25.732,24.795961,2025-01-10,39.0
20.26,23.797703,2025-01-11,39.0
21.3,25.755,2025-01-12,39.0
23.38,25.347685,2025-01-13,39.0
18.808,25.35872,2025-01-14,39.0
31.812,27.224506,2025-01-15,39.0
18.3,23.644945,2025-01-16,39.0
23.0,23.418802,2025-01-17,39.0
24.792,22.193674,2025-01-18,39.0
18.548,23.740484,2025-01-19,39.0
19.492,24.21131,2025-01-20,39.0
22.896,22.647997,2025-01-21,39.0
17.211,23.746386,2025-01-22,39.0
21.0,20.967112,2025-01-23,39.0
30.24,22.406584,2025-01-24,39.0
13.2,21.471304,2025-01-25,39.0
17.86,22.599848,2025-01-26,39.0
12.76,24.030508,2025-01-27,39.0
21.26,22.508423,2025-01-28,39.0
11.88,21.59074,2025-01-29,39.0
11.908,20.76082,2025-01-30,39.0
19.992,20.93546,2025-01-31,39.0
25.088,18.773886,2025-02-01,39.0
11.132,16.900206,2025-02-02,39.0
10.132,17.475677,2025-02-03,39.0
21.028,18.835524,2025-02-04,39.0
27.12,16.96845,2025-02-05,39.0
18.0,18.710564,2025-02-06,39.0
28.86,19.384745,2025-02-07,39.0
14.74,18.96279,2025-02-08,39.0
20.3,20.780054,2025-02-09,39.0
22.22,20.46607,2025-02-10,39.0
19.92,20.108068,2025-02-11,39.0
24.12,20.656162,2025-02-12,39.0
20.108,21.24079,2025-02-13,39.0
17.12,22.815327,2025-02-14,39.0
11.852,21.5199,2025-02-15,39.0
13.092,20.633026,2025-02-16,39.0
11.12,19.978144,2025-02-17,39.0
24.016,19.636908,2025-02-18,39.0
16.102,16.089163,2025-02-19,39.0
16.208,16.850733,2025-02-20,39.0
21.64,16.20183,2025-02-21,39.0
12.56,15.831816,2025-02-22,39.0
14.811,17.138628,2025-02-23,39.0
17.972,18.247105,2025-02-24,39.0
17.08,17.582594,2025-02-25,39.0
19.488,16.921923,2025-02-26,39.0
14.58,16.874184,2025-02-27,39.0
9.988,16.609503,2025-02-28,39.0
21.64,17.300808,2025-03-01,39.0
14.272,16.332148,2025-03-02,39.0
17.84,15.904079,2025-03-03,39.0
23.26,16.568916,2025-03-04,39.0
11.46,17.402777,2025-03-05,39.0
13.3,17.023058,2025-03-06,39.0
11.14,17.982908,2025-03-07,39.0
11.14,16.50693,2025-03-08,39.0
17.06,16.088413,2025-03-09,39.0
14.02,15.905591,2025-03-10,39.0
10.868,16.352636,2025-03-11,39.0
21.72,15.329519,2025-03-12,39.0
14.9428,15.309693,2025-03-13,39.0
12.748,15.485693,2025-03-14,39.0
9.94,14.640259,2025-03-15,39.0
14.32,14.670193,2025-03-16,39.0
16.832,14.831177,2025-03-17,39.0
21.0,13.744392,2025-03-18,39.0
14.16,15.14408,2025-03-19,39.0
10.936,17.03581,2025-03-20,39.0
10.424,16.182846,2025-03-21,39.0
12.0,15.302706,2025-03-22,39.0
11.088,14.018532,2025-03-23,39.0
10.672,13.280909,2025-03-24,39.0
13.52,13.382185,2025-03-25,39.0
24.68,13.332222,2025-03-26,39.0
11.0,13.977898,2025-03-27,39.0
20.32,14.382965,2025-03-28,39.0
13.336,14.283916,2025-03-29,39.0
13.102,14.227963,2025-03-30,39.0
19.028,15.226894,2025-03-31,39.0
13.992,14.496872,2025-04-01,39.0
14.088,14.912518,2025-04-02,39.0
13.552,14.001198,2025-04-03,39.0
10.36,14.699197,2025-04-04,39.0
9.788,14.508132,2025-04-05,39.0
12.068,13.617548,2025-04-06,39.0
11.392,13.008612,2025-04-07,39.0
16.728,13.200894,2025-04-08,39.0
10.46,13.686687,2025-04-09,39.0
13.0,14.15251,2025-04-10,39.0
12.58,14.031763,2025-04-11,39.0
16.028,13.771892,2025-04-12,39.0
13.0,13.29252,2025-04-13,39.0
10.254,13.142717,2025-04-14,39.0
9.108,12.393385,2025-04-15,39.0
14.8,12.402861,2025-04-16,39.0
12.42,12.3911705,2025-04-17,39.0
14.14,12.278017,2025-04-18,39.0
13.48,12.059372,2025-04-19,39.0
9.68,13.57893,2025-04-20,39.0
12.132,14.135886,2025-04-21,39.0
12.168,13.635636,2025-04-22,39.0
13.1,13.79004,2025-04-23,39.0
12.62,13.573484,2025-04-24,39.0
13.92,13.865664,2025-04-25,39.0
13.112,13.55367,2025-04-26,39.0
14.608,14.20945,2025-04-27,39.0
10.552,12.295246,2025-04-28,39.0
14.208,12.089334,2025-04-29,39.0
11.76,14.033329,2025-04-30,39.0
12.828,14.828576,2025-05-01,39.0
11.968,14.673246,2025-05-02,39.0
10.84,12.565747,2025-05-03,39.0
18.892,12.411922,2025-05-04,39.0
12.372,11.754574,2025-05-05,39.0
13.208,13.33597,2025-05-06,39.0
14.24,13.547632,2025-05-07,39.0
21.26,14.724674,2025-05-08,39.0
13.228,14.35569,2025-05-09,39.0
11.732,14.209433,2025-05-10,39.0
11.708,15.505146,2025-05-11,39.0
14.032,10.544946,2025-05-12,39.0
18.25,13.2145405,2025-05-13,39.0
14.74,12.587051,2025-05-14,39.0
18.3,13.745054,2025-05-15,39.0
12.828,14.54688,2025-05-16,39.0
17.252,14.555751,2025-05-17,39.0
14.2,14.513111,2025-05-18,39.0
19.092,14.376402,2025-05-19,39.0
12.568,14.235136,2025-05-20,39.0
20.78,14.755697,2025-05-21,39.0
17.48,16.045052,2025-05-22,39.0
18.188,16.07368,2025-05-23,39.0
17.652,15.950261,2025-05-24,39.0
19.46,17.052526,2025-05-25,39.0
14.528,16.625883,2025-05-26,39.0
14.52,15.432302,2025-05-27,39.0
11.24,18.486734,2025-05-28,39.0
17.052,17.488338,2025-05-29,39.0
16.056,16.427704,2025-05-30,39.0
11.552,13.325662,2025-05-31,39.0
13.488,13.264969,2025-06-01,39.0
12.732,12.833809,2025-06-02,39.0
10.82,13.213918,2025-06-03,39.0
20.808,13.312859,2025-06-04,39.0
18.3028,13.609171,2025-06-05,39.0
24.72,15.365066,2025-06-06,39.0
21.24,14.79967,2025-06-07,39.0
17.856,16.463406,2025-06-08,39.0
21.2228,16.762056,2025-06-09,39.0
16.12,17.140097,2025-06-10,39.0
18.76,19.709381,2025-06-11,39.0
16.12,19.3602,2025-06-12,39.0
12.888,19.181818,2025-06-13,39.0
10.032,16.66249,2025-06-14,39.0
7.776,16.378626,2025-06-15,39.0
16.978,15.754999,2025-06-16,39.0
