actual,prediction,timestamp,house_id
8.747999999999593,9.80945471690221,2024-09-18,1.0
8.10200000000099,10.607911495948407,2024-09-18,2.0
21.97200000000157,24.632859405903435,2024-09-18,3.0
27.255999999993943,27.33330345972341,2024-09-18,4.0
6.19999999999709,7.707230604844399,2024-09-18,5.0
2.93199999999252,8.915205105411754,2024-09-18,6.0
26.26799999999639,23.192955018574278,2024-09-18,7.0
9.81099999999808,11.291113697654442,2024-09-18,8.0
13.939999999995052,18.25389577588668,2024-09-18,9.0
11.9360000000011,19.032832177113676,2024-09-18,10.0
24.62000000000262,26.926561079251197,2024-09-18,11.0
2.5,6.9512116026582875,2024-09-18,12.0
18.148000000001048,10.982131319622468,2024-09-18,13.0
23.5280000000009,31.40424947601077,2024-09-18,14.0
17.788000000000466,11.734877791181319,2024-09-18,15.0
4.655999999995402,12.605646055661321,2024-09-18,16.0
4.200000000000728,6.7697354935145215,2024-09-18,17.0
6.9760000000023865,11.16444400914093,2024-09-18,18.0
25.12999999999738,21.161321477685494,2024-09-18,19.0
12.1000000000006,11.58268086096443,2024-09-18,20.0
20.1199999999962,20.303237952939007,2024-09-18,21.0
21.4280000000023,22.855088054538538,2024-09-18,22.0
9.68800000000192,15.725044764642142,2024-09-18,23.0
11.7200000000012,17.978239771158343,2024-09-18,24.0
10.779999999998836,8.285764339060666,2024-09-18,25.0
18.709999999999127,16.725693019278882,2024-09-18,26.0
11.0999999999985,14.39371272002627,2024-09-18,27.0
19.61200000000099,12.121774945060801,2024-09-18,28.0
11.2280000000028,20.14781463530187,2024-09-18,29.0
14.968000000000757,20.16654733074508,2024-09-18,30.0
33.98399999999674,20.17530211170352,2024-09-18,31.0
24.27999999999884,30.990973072800138,2024-09-18,32.0
10.520000000004076,10.091342274502697,2024-09-18,33.0
6.296000000002096,11.623159534585005,2024-09-18,34.0
27.127999999996973,35.23545671430591,2024-09-18,35.0
12.1000000000006,13.384818763786626,2024-09-18,36.0
20.332000000002157,16.77852268700836,2024-09-18,37.0
9.390000000003056,9.353678191183366,2024-09-18,38.0
17.231999999996333,17.235709040241385,2024-09-18,39.0
13.1099999999953,11.252197432233475,2024-09-19,1.0
14.5109999999952,11.947315307033431,2024-09-19,2.0
8.227999999995518,24.23682541418782,2024-09-19,3.0
25.736000000004424,27.23144810374291,2024-09-19,4.0
8.28000000000146,7.8862543976540085,2024-09-19,5.0
4.7480000000068685,7.741808501179133,2024-09-19,6.0
27.531999999999243,22.935354648413103,2024-09-19,7.0
10.720000000001164,11.066050038724113,2024-09-19,8.0
16.072000000000116,17.84812807578203,2024-09-19,9.0
14.051999999996042,20.57922118133344,2024-09-19,10.0
25.38799999999901,25.87058810390484,2024-09-19,11.0
9.989999999997965,7.584383475088686,2024-09-19,12.0
20.7109999999995,11.600854824149222,2024-09-19,13.0
25.76799999999639,28.97220658595896,2024-09-19,14.0
7.252000000000407,10.66582129005744,2024-09-19,15.0
22.132000000005064,12.626606103688978,2024-09-19,16.0
7.180000000000291,7.2806974627527925,2024-09-19,17.0
11.2628000000029,10.141743413244704,2024-09-19,18.0
18.720000000001164,24.25971168450394,2024-09-19,19.0
14.860000000000582,11.618783816926843,2024-09-19,20.0
11.9360000000011,20.668514479985046,2024-09-19,21.0
28.81999999999971,25.119530454788187,2024-09-19,22.0
22.30000000000291,15.522249390249321,2024-09-19,23.0
20.288000000000466,18.097636854008506,2024-09-19,24.0
13.860000000000582,8.022127652346414,2024-09-19,25.0
11.8300000000017,16.29456283718225,2024-09-19,26.0
17.272000000004482,13.833136034645802,2024-09-19,27.0
12.2580000000054,12.017000021704266,2024-09-19,28.0
23.652000000001863,20.755263560392407,2024-09-19,29.0
21.44799999999668,18.78968609493524,2024-09-19,30.0
37.3920000000071,20.101634413674166,2024-09-19,31.0
27.427999999999884,28.7132369986659,2024-09-19,32.0
13.663999999997031,9.897519484436705,2024-09-19,33.0
26.351999999998952,10.945099080004306,2024-09-19,34.0
29.5428000000017,31.61164749556478,2024-09-19,35.0
11.1199999999962,12.696563157809882,2024-09-19,36.0
10.160000000003492,17.898148287167622,2024-09-19,37.0
5.5,9.144168990169488,2024-09-19,38.0
18.36800000000221,17.428468645382935,2024-09-19,39.0
8.232000000003609,10.280848699967517,2024-09-20,1.0
10.3199999999997,10.285218629021756,2024-09-20,2.0
27.332000000002157,22.500857162750044,2024-09-20,3.0
14.18399999999383,25.11164697004458,2024-09-20,4.0
5.66000000000259,7.513831377880475,2024-09-20,5.0
6.339999999996508,8.326590359808684,2024-09-20,6.0
25.17199999999866,22.34055621803615,2024-09-20,7.0
13.468000000000757,10.86420713385395,2024-09-20,8.0
20.02799999999843,17.32576809844553,2024-09-20,9.0
26.9800000000032,19.86528291898121,2024-09-20,10.0
17.8628000000014,24.44132222843378,2024-09-20,11.0
8.690000000002328,6.529538641628378,2024-09-20,12.0
11.9109999999966,12.510548967286697,2024-09-20,13.0
18.77199999999721,26.83136204564295,2024-09-20,14.0
22.659999999996217,12.062146717986227,2024-09-20,15.0
14.547999999995229,11.508676434151697,2024-09-20,16.0
17.139999999999418,6.6738906650737535,2024-09-20,17.0
11.7200000000012,9.86463965426206,2024-09-20,18.0
35.95000000000073,23.39118088437971,2024-09-20,19.0
13.229999999999563,11.755945078938282,2024-09-20,20.0
25.743999999998778,21.035226692878748,2024-09-20,21.0
24.30000000000291,22.904664321691406,2024-09-20,22.0
24.0399999999936,14.772226440611147,2024-09-20,23.0
32.75200000000041,17.00117745286833,2024-09-20,24.0
6.959999999999127,8.344596279134704,2024-09-20,25.0
24.830000000001743,16.29840254105555,2024-09-20,26.0
18.07999999999447,13.62015325766851,2024-09-20,27.0
8.543999999994412,13.64630988687169,2024-09-20,28.0
26.687999999994645,19.82059730554655,2024-09-20,29.0
22.49199999999837,18.394866303810968,2024-09-20,30.0
26.01600000000326,21.22162316894615,2024-09-20,31.0
30.31999999999971,27.02231189476999,2024-09-20,32.0
14.80000000000291,9.763725403449811,2024-09-20,33.0
12.2880000000031,9.155340549044622,2024-09-20,34.0
23.2800000000011,30.992562973544814,2024-09-20,35.0
12.010000000002035,12.829421215226525,2024-09-20,36.0
24.2800000000011,18.058799518194707,2024-09-20,37.0
11.5199999999968,9.45956298452028,2024-09-20,38.0
11.9109999999966,17.25043220756105,2024-09-20,39.0
11.1120000000018,10.883933423458368,2024-09-21,1.0
30.0679999999993,10.57054832829854,2024-09-21,2.0
33.12000000000262,19.430840339564732,2024-09-21,3.0
30.855999999999767,22.395294203614707,2024-09-21,4.0
7.979999999995925,7.215093872054208,2024-09-21,5.0
7.22000000000106,9.255926399323286,2024-09-21,6.0
25.2800000000061,22.30220445697786,2024-09-21,7.0
16.947999999996682,10.117381561447347,2024-09-21,8.0
22.81999999999971,15.499155202952485,2024-09-21,9.0
23.631999999997788,19.544614493812183,2024-09-21,10.0
11.011999999996,22.978769875691047,2024-09-21,11.0
8.209999999999127,6.6717639715301615,2024-09-21,12.0
16.608000000000175,13.432505298539507,2024-09-21,13.0
22.2580000000054,24.166141839758406,2024-09-21,14.0
22.07200000000012,10.584656426120777,2024-09-21,15.0
13.0,12.792552077982444,2024-09-21,16.0
7.520000000000437,6.738225174610538,2024-09-21,17.0
20.359999999993303,10.785577400441557,2024-09-21,18.0
27.31000000000131,21.690095734724412,2024-09-21,19.0
18.979999999999563,10.757581634862337,2024-09-21,20.0
21.4280000000023,19.575534147155086,2024-09-21,21.0
26.247999999999596,22.9747268122061,2024-09-21,22.0
22.5,14.767893016751035,2024-09-21,23.0
25.05999999999767,15.780664855241396,2024-09-21,24.0
13.4900000000016,9.304542930242713,2024-09-21,25.0
29.18000000000029,14.649095086883095,2024-09-21,26.0
20.360000000000586,14.337408441306128,2024-09-21,27.0
22.16800000000512,12.77269574988857,2024-09-21,28.0
36.27999999999884,19.860668590175734,2024-09-21,29.0
23.9320000000007,18.284153009950277,2024-09-21,30.0
29.1428000000002,22.424150543454772,2024-09-21,31.0
57.27999999999884,25.72312740557125,2024-09-21,32.0
20.627999999996973,9.253007458172062,2024-09-21,33.0
22.3109999999981,11.84502676011576,2024-09-21,34.0
70.80000000000291,26.87492099754727,2024-09-21,35.0
13.889999999999418,11.39545432938147,2024-09-21,36.0
32.70799999999872,15.735872695435354,2024-09-21,37.0
17.75,7.971615861607594,2024-09-21,38.0
21.7280000000052,16.52057469248694,2024-09-21,39.0
8.360000000000582,10.018938176129843,2024-09-22,1.0
14.459999999999129,10.288466320400095,2024-09-22,2.0
26.64799999999377,20.683234800273222,2024-09-22,3.0
16.41600000001199,22.042669328003345,2024-09-22,4.0
8.807999999997264,7.177226407055541,2024-09-22,5.0
3.5,9.43249771342187,2024-09-22,6.0
21.88799999999901,22.457353083809416,2024-09-22,7.0
12.8628000000014,11.226392913555065,2024-09-22,8.0
16.391999999999825,17.203315210836504,2024-09-22,9.0
25.927999999999884,19.88739671702239,2024-09-22,10.0
11.4720000000016,22.156255557315916,2024-09-22,11.0
4.099999999998545,7.187078884082223,2024-09-22,12.0
17.720000000001164,13.417150823557096,2024-09-22,13.0
18.27999999999884,22.719126068110963,2024-09-22,14.0
9.256000000001222,13.052431248034852,2024-09-22,15.0
11.2000000000044,13.347587075048464,2024-09-22,16.0
10.7600000000002,8.271409302347502,2024-09-22,17.0
12.376000000003842,11.282570533760982,2024-09-22,18.0
21.679999999996653,23.110429017954672,2024-09-22,19.0
6.860000000000582,11.596814784589467,2024-09-22,20.0
18.70799999999872,19.936821177772092,2024-09-22,21.0
28.49199999999837,24.654970618876895,2024-09-22,22.0
10.3800000000047,16.45731827893511,2024-09-22,23.0
20.29200000000128,18.494960133827647,2024-09-22,24.0
7.609999999996944,9.077862220629912,2024-09-22,25.0
13.599999999998545,15.843508615857326,2024-09-22,26.0
10.0,14.268407956010014,2024-09-22,27.0
6.680000000000291,12.619266740586673,2024-09-22,28.0
24.848000000005413,22.39286165722083,2024-09-22,29.0
13.89600000000064,19.38847835457521,2024-09-22,30.0
20.631999999997788,24.171074188046884,2024-09-22,31.0
27.131999999997788,25.64768716312748,2024-09-22,32.0
6.760000000002037,9.844948821192876,2024-09-22,33.0
23.0880000000025,11.770789829951548,2024-09-22,34.0
33.6559999999954,26.045141541455532,2024-09-22,35.0
17.099999999998545,11.512498212396274,2024-09-22,36.0
18.75999999999476,18.082555452556992,2024-09-22,37.0
6.710000000002765,9.488513884874468,2024-09-22,38.0
6.639999999999418,15.888511571847754,2024-09-22,39.0
2.947999999996682,10.278684274725293,2024-09-23,1.0
5.0,14.335867562248506,2024-09-23,2.0
14.180000000000293,21.15194416122363,2024-09-23,3.0
33.83199999999488,22.46478973922024,2024-09-23,4.0
5.62800000000669,7.406393819335062,2024-09-23,5.0
2.2479999999995925,8.70909464066878,2024-09-23,6.0
19.57999999999447,23.548268601591964,2024-09-23,7.0
10.080000000001746,11.767804924974039,2024-09-23,8.0
16.056000000004133,18.077738180308277,2024-09-23,9.0
17.7280000000052,20.509059506352596,2024-09-23,10.0
14.2500000000038,20.304512682276545,2024-09-23,11.0
9.360000000000582,7.979684218606437,2024-09-23,12.0
9.37999999999738,14.07566691062138,2024-09-23,13.0
12.599999999998545,21.42605424266667,2024-09-23,14.0
5.8628000000014,13.715589636227236,2024-09-23,15.0
5.839999999996508,13.683941323699273,2024-09-23,16.0
5.190000000000509,8.101998403738646,2024-09-23,17.0
7.432000000000698,11.859903116639861,2024-09-23,18.0
13.1100000000011,24.803610010503366,2024-09-23,19.0
5.200000000000728,13.148517004169703,2024-09-23,20.0
11.5,20.16769977942384,2024-09-23,21.0
18.220000000001164,25.19996507083887,2024-09-23,22.0
4.451999999997497,16.290628137912798,2024-09-23,23.0
11.2799999999988,20.3568941264352,2024-09-23,24.0
9.930000000000293,9.849726718321044,2024-09-23,25.0
12.099999999998545,17.07578024001784,2024-09-23,26.0
8.247999999999593,15.159284978625672,2024-09-23,27.0
10.739999999997965,14.263132717364265,2024-09-23,28.0
8.719999999993888,24.31548023775352,2024-09-23,29.0
9.652000000001864,19.494528317952962,2024-09-23,30.0
13.19199999999546,25.266997024336174,2024-09-23,31.0
14.776000000005295,29.247382335687412,2024-09-23,32.0
3.0120000000024447,12.246721822719174,2024-09-23,33.0
10.7319999999963,14.145643144329282,2024-09-23,34.0
11.5200000000041,30.650419656997165,2024-09-23,35.0
5.450000000004366,11.757144376344046,2024-09-23,36.0
16.82800000000134,20.357022102926383,2024-09-23,37.0
9.899999999997815,10.496152833368917,2024-09-23,38.0
10.5280000000009,16.45198174671408,2024-09-23,39.0
4.868000000002212,9.520394162839802,2024-09-24,1.0
6.47200000000117,13.908766471818897,2024-09-24,2.0
9.572000000000116,21.751330406276956,2024-09-24,3.0
18.27999999999884,21.682548174126264,2024-09-24,4.0
0.0,7.850229321645678,2024-09-24,5.0
2.3919999999998254,7.61516555197389,2024-09-24,6.0
21.380000000004657,22.322851960376187,2024-09-24,7.0
5.28800000000309,11.421594050314699,2024-09-24,8.0
14.131999999997788,16.770057464851345,2024-09-24,9.0
18.187999999994645,21.05003583148417,2024-09-24,10.0
11.3999999999942,17.920906973164055,2024-09-24,11.0
2.4900000000016007,7.041311804719447,2024-09-24,12.0
16.668000000005122,14.814226590974894,2024-09-24,13.0
10.8628000000014,19.466809289936585,2024-09-24,14.0
12.375999999996566,12.752272606489473,2024-09-24,15.0
16.512000000002445,12.732991815481832,2024-09-24,16.0
7.969999999999345,8.728975654903712,2024-09-24,17.0
6.752000000000408,12.026546891092918,2024-09-24,18.0
7.18999999999869,25.836027941200875,2024-09-24,19.0
12.209999999999129,11.086170972790171,2024-09-24,20.0
16.87199999999575,19.38581726720847,2024-09-24,21.0
16.6124197645385,25.65487133394977,2024-09-24,22.0
5.80000000000291,15.268525002861065,2024-09-24,23.0
11.2879999999958,20.01236587096858,2024-09-24,24.0
3.52800000000087,9.26691001595888,2024-09-24,25.0
16.2699999999968,15.933213525556182,2024-09-24,26.0
9.28000000000146,13.598495700707003,2024-09-24,27.0
3.900000000001455,12.224349522687234,2024-09-24,28.0
12.272000000004482,21.44681322025881,2024-09-24,29.0
13.239999999997965,17.96892844975348,2024-09-24,30.0
14.368000000002212,25.45058390417312,2024-09-24,31.0
19.731999999996333,29.030336739894214,2024-09-24,32.0
3.959999999999127,10.645090261289804,2024-09-24,33.0
5.559999999997672,14.846793267780168,2024-09-24,34.0
26.87199999999575,30.600994713082766,2024-09-24,35.0
5.719999999993888,11.217587952636704,2024-09-24,36.0
12.5828000000026,20.0380804872435,2024-09-24,37.0
4.700000000000728,9.424827731190641,2024-09-24,38.0
12.391999999999824,14.769752672411101,2024-09-24,39.0
16.451999999997497,9.10247775646187,2024-09-25,1.0
9.080000000001746,14.007789804924803,2024-09-25,2.0
22.639999999999414,20.69395494731688,2024-09-25,3.0
24.37600000000384,23.587782276449783,2024-09-25,4.0
0.0,8.188063255263435,2024-09-25,5.0
3.2880000000004657,8.253476875710282,2024-09-25,6.0
20.60800000000017,22.78462762784356,2024-09-25,7.0
9.87999999999738,12.06991891094636,2024-09-25,8.0
13.572000000000116,17.557127159703228,2024-09-25,9.0
31.752000000000407,20.61336907145604,2024-09-25,10.0
11.7280000000052,18.267739513972778,2024-09-25,11.0
5.739999999997963,8.078463390419355,2024-09-25,12.0
23.951999999997497,15.32032082268814,2024-09-25,13.0
13.976000000002388,18.922622715056757,2024-09-25,14.0
14.692000000002736,13.087756441629226,2024-09-25,15.0
8.87999999999738,11.854055557266548,2024-09-25,16.0
12.299999999999272,8.981701769864227,2024-09-25,17.0
12.799999999995634,11.49831884136139,2024-09-25,18.0
14.0919483981386,24.070408266370947,2024-09-25,19.0
12.639999999999418,11.412195321177633,2024-09-25,20.0
22.788000000000466,18.724497470152265,2024-09-25,21.0
17.6105473966743,24.288822599947377,2024-09-25,22.0
10.7679999999964,14.707596999560307,2024-09-25,23.0
20.6280000000067,19.7512798666232,2024-09-25,24.0
10.8280000000001,9.805094454512787,2024-09-25,25.0
18.91000000000349,16.322243812990198,2024-09-25,26.0
11.5280000000009,15.924850684042772,2024-09-25,27.0
17.76799999999639,13.205978316191503,2024-09-25,28.0
20.0,20.559513194102795,2024-09-25,29.0
11.8919999999998,16.9279001714774,2024-09-25,30.0
26.288000000000466,23.541770293541436,2024-09-25,31.0
28.26000000000204,27.77312080910752,2024-09-25,32.0
10.4279999999999,10.157950573081706,2024-09-25,33.0
13.988000000004831,15.818888350660275,2024-09-25,34.0
18.139999999999414,28.80002001175686,2024-09-25,35.0
8.12800000000669,11.232543851926856,2024-09-25,36.0
21.080000000001743,20.492692398568746,2024-09-25,37.0
10.959999999999129,9.898617615229716,2024-09-25,38.0
16.039999999993597,14.71584162203241,2024-09-25,39.0
10.091999999996917,11.226486806275148,2024-09-26,1.0
32.695999999996275,16.093729063198243,2024-09-26,2.0
33.2580000000054,22.28018388119576,2024-09-26,3.0
36.4280000000023,25.756544583812005,2024-09-26,4.0
0.0,6.295045154588642,2024-09-26,5.0
5.091999999996915,9.356845938228116,2024-09-26,6.0
41.36000000000058,24.7512114994742,2024-09-26,7.0
23.9109999999966,12.356397913191241,2024-09-26,8.0
32.296000000002095,18.975334615170826,2024-09-26,9.0
20.20000000000437,20.681936516090833,2024-09-26,10.0
16.4320000000007,18.648972678258165,2024-09-26,11.0
11.5499999999993,8.215828156099885,2024-09-26,12.0
39.75200000000041,17.89631947730113,2024-09-26,13.0
41.2239999999947,19.528757413529373,2024-09-26,14.0
30.332000000002157,15.422980376620615,2024-09-26,15.0
9.432000000000698,15.386278697072123,2024-09-26,16.0
5.510000000000218,9.942585144428552,2024-09-26,17.0
3.32800000000125,12.352707174552766,2024-09-26,18.0
11.4796000678895,21.64035567998165,2024-09-26,19.0
24.549999999999272,13.409393725527375,2024-09-26,20.0
28.0,19.590160382779864,2024-09-26,21.0
19.0313183100303,23.764506091021442,2024-09-26,22.0
30.139999999999414,16.00042281958511,2024-09-26,23.0
29.68000000000029,20.687026662713066,2024-09-26,24.0
13.029999999998836,10.255293449689892,2024-09-26,25.0
21.839999999996508,17.926708042783346,2024-09-26,26.0
21.94799999999668,14.94004640955543,2024-09-26,27.0
32.2628000000029,13.071777806260924,2024-09-26,28.0
36.33999999999651,21.57667013065627,2024-09-26,29.0
25.89600000000064,18.46420294581942,2024-09-26,30.0
31.59999999999127,25.59998421567508,2024-09-26,31.0
52.807999999997264,29.415726208310026,2024-09-26,32.0
13.932000000000698,11.565730172581953,2024-09-26,33.0
25.27199999999721,16.71954598790642,2024-09-26,34.0
52.05200000000332,31.98884789513455,2024-09-26,35.0
27.359999999993303,12.0820540006762,2024-09-26,36.0
26.327999999994063,21.67997810358118,2024-09-26,37.0
13.950000000000728,10.556873126001065,2024-09-26,38.0
26.028000000005704,16.04010615093033,2024-09-26,39.0
17.728000000002794,10.754110796802223,2024-09-27,1.0
36.76000000000204,14.277899935971194,2024-09-27,2.0
29.639999999999414,21.223301949071626,2024-09-27,3.0
23.95999999999185,23.82565968377609,2024-09-27,4.0
4.719999999993888,5.045329323486944,2024-09-27,5.0
5.531999999999243,8.395134732047742,2024-09-27,6.0
36.83199999999488,23.398963450028955,2024-09-27,7.0
20.18800000000192,12.020102137010557,2024-09-27,8.0
26.1428000000002,18.15948361800053,2024-09-27,9.0
12.88799999999901,22.91700517905288,2024-09-27,10.0
12.907999999995807,16.197586615299794,2024-09-27,11.0
10.909999999999854,8.383565864684144,2024-09-27,12.0
16.5880000000025,17.49557896201722,2024-09-27,13.0
28.3760000000038,17.70426302275074,2024-09-27,14.0
27.93599999999424,14.113258266556196,2024-09-27,15.0
10.4680000000008,13.813203513019543,2024-09-27,16.0
3.9099999999998554,10.717032092164336,2024-09-27,17.0
16.599999999998545,13.066805750385821,2024-09-27,18.0
14.433362252575,19.47450128512881,2024-09-27,19.0
20.76000000000204,12.938681607108592,2024-09-27,20.0
30.172000000005937,19.152690936229387,2024-09-27,21.0
19.3172249492252,22.065820513656494,2024-09-27,22.0
11.8280000000038,15.326551193744713,2024-09-27,23.0
29.979999999995925,20.868086477303983,2024-09-27,24.0
12.590000000000146,10.157801368605025,2024-09-27,25.0
11.4200000000055,17.489201423143538,2024-09-27,26.0
18.2800000000011,15.322877314404126,2024-09-27,27.0
13.296000000002095,13.037398840473198,2024-09-27,28.0
36.62000000000262,22.22681763029085,2024-09-27,29.0
26.05200000000332,17.636433177011902,2024-09-27,30.0
35.736000000004424,23.382246374531242,2024-09-27,31.0
32.9028000000023,29.59356169171561,2024-09-27,32.0
20.0,11.15942519892808,2024-09-27,33.0
19.031999999999243,17.270640260985342,2024-09-27,34.0
48.667999999997846,29.4968549908709,2024-09-27,35.0
14.05000000000291,11.539230925419272,2024-09-27,36.0
32.9800000000032,21.085125585134474,2024-09-27,37.0
11.6599999999999,10.827766569238905,2024-09-27,38.0
21.459999999999127,15.224255153760037,2024-09-27,39.0
14.860000000000582,9.203673279930756,2024-09-28,1.0
24.452000000004773,16.23133620817586,2024-09-28,2.0
21.0,23.058252562701018,2024-09-28,3.0
11.7109999999995,24.68635169463203,2024-09-28,4.0
12.680000000000293,3.5805314876494765,2024-09-28,5.0
5.128000000004249,8.100604322112325,2024-09-28,6.0
32.16800000000512,24.643145591762206,2024-09-28,7.0
19.639999999999414,13.413658610973505,2024-09-28,8.0
23.0879999999961,19.63520256533475,2024-09-28,9.0
25.0280000000009,22.91909201487786,2024-09-28,10.0
17.020000000004075,13.926333234787347,2024-09-28,11.0
12.430000000000293,8.297776824414953,2024-09-28,12.0
20.1099999999953,19.253594732722707,2024-09-28,13.0
27.131999999997788,18.740612010027963,2024-09-28,14.0
25.560000000004948,16.46042499293673,2024-09-28,15.0
22.372000000003027,11.775700581059894,2024-09-28,16.0
10.4200000000001,9.211988477029834,2024-09-28,17.0
20.728000000002798,10.464999604801353,2024-09-28,18.0
11.553607862722,18.043452480358976,2024-09-28,19.0
22.55999999999767,13.275585090892482,2024-09-28,20.0
28.360000000000586,20.726216960951447,2024-09-28,21.0
24.1377913236,20.691412488879077,2024-09-28,22.0
23.17199999999866,15.417263658002181,2024-09-28,23.0
24.627999999996973,20.675410589927505,2024-09-28,24.0
11.8000000000029,9.695559505372545,2024-09-28,25.0
21.2599999999985,18.392674993473797,2024-09-28,26.0
16.47200000000157,15.061598055657598,2024-09-28,27.0
11.3199999999997,14.44653244156248,2024-09-28,28.0
31.139999999999414,22.772594776349067,2024-09-28,29.0
24.26799999999639,17.38458165526254,2024-09-28,30.0
30.903999999994998,22.832647707214274,2024-09-28,31.0
55.31999999999971,31.994380956410314,2024-09-28,32.0
14.427999999999884,10.792325069712005,2024-09-28,33.0
11.6680000000051,16.539443993174793,2024-09-28,34.0
39.36000000000058,31.49863097680173,2024-09-28,35.0
13.520000000004076,13.582700704390678,2024-09-28,36.0
25.8109999999981,22.270609385281624,2024-09-28,37.0
11.4200000000019,11.146835528274869,2024-09-28,38.0
19.72799999999552,15.413129784438848,2024-09-28,39.0
8.339999999996508,11.104603626482156,2024-09-29,1.0
18.307999999997264,19.394189916331822,2024-09-29,2.0
22.659999999996217,22.817340496880526,2024-09-29,3.0
17.2879999999958,25.425387217099935,2024-09-29,4.0
5.18280000000101,6.318070951590286,2024-09-29,5.0
3.9199999999982538,8.066531069175495,2024-09-29,6.0
32.62399999999616,26.580852727771592,2024-09-29,7.0
14.959999999999129,14.304985148794021,2024-09-29,8.0
30.68000000000029,20.37212019533145,2024-09-29,9.0
21.239999999997963,21.352035404797718,2024-09-29,10.0
25.76799999999639,13.770998974588403,2024-09-29,11.0
8.42800000000233,8.53746586797618,2024-09-29,12.0
33.788000000000466,20.07366859701749,2024-09-29,13.0
27.228000000002798,20.512168373383737,2024-09-29,14.0
24.0280000000009,17.265609779505933,2024-09-29,15.0
10.1079999999929,11.380296358041743,2024-09-29,16.0
8.880000000001019,8.345955608739258,2024-09-29,17.0
17.9320000000007,12.170753547305239,2024-09-29,18.0
13.7280000000016,15.69027553807586,2024-09-29,19.0
14.290000000000871,14.117314100710523,2024-09-29,20.0
24.455999999998312,21.500905949448644,2024-09-29,21.0
16.487999999997555,19.926856103013282,2024-09-29,22.0
17.0880000000025,14.101879048232322,2024-09-29,23.0
11.8800000000047,20.83881651305551,2024-09-29,24.0
10.6099999999969,10.66015066814905,2024-09-29,25.0
22.089999999996508,16.440287621533624,2024-09-29,26.0
11.2799999999988,15.027524802720764,2024-09-29,27.0
13.063999999998488,14.807769149736622,2024-09-29,28.0
32.95999999999913,23.852763609204846,2024-09-29,29.0
20.55999999999767,17.866327851712157,2024-09-29,30.0
24.752000000007683,23.59643093450077,2024-09-29,31.0
39.02799999999843,31.646466381630677,2024-09-29,32.0
16.1199999999962,10.964561708386677,2024-09-29,33.0
18.987999999997555,16.930469530652417,2024-09-29,34.0
41.87999999999738,35.36936216380246,2024-09-29,35.0
16.0,12.929338140964752,2024-09-29,36.0
32.45599999999831,22.49692186049298,2024-09-29,37.0
11.9199999999983,11.106751831457869,2024-09-29,38.0
16.872000000003027,16.598470564576413,2024-09-29,39.0
9.02800000000087,11.605710032675802,2024-09-30,1.0
14.0,18.838206710873358,2024-09-30,2.0
20.080000000001743,22.346206416089608,2024-09-30,3.0
27.6628000000043,23.3715607078574,2024-09-30,4.0
2.959999999999127,7.224362874413263,2024-09-30,5.0
1.728000000002794,9.074136038109083,2024-09-30,6.0
31.959999999999127,27.900433133365894,2024-09-30,7.0
17.599999999998545,14.527543194454182,2024-09-30,8.0
27.42000000000553,20.55805999750789,2024-09-30,9.0
24.031999999999243,21.99358784562408,2024-09-30,10.0
13.2800000000011,14.866143295181118,2024-09-30,11.0
8.299999999999272,9.706372965044654,2024-09-30,12.0
27.872000000003027,20.819984757965237,2024-09-30,13.0
28.451999999997497,21.54379816159539,2024-09-30,14.0
22.131999999997788,17.91772684180158,2024-09-30,15.0
14.160000000003492,13.506684210768494,2024-09-30,16.0
8.789999999999054,8.736628094440288,2024-09-30,17.0
10.5080000000016,12.579476420063623,2024-09-30,18.0
23.7280000000016,13.433522365254165,2024-09-30,19.0
13.459999999999129,15.176995565222194,2024-09-30,20.0
31.4109999999966,22.595801444665128,2024-09-30,21.0
27.231999999996333,19.576112296528503,2024-09-30,22.0
31.67199999999866,14.854540437904717,2024-09-30,23.0
30.87999999999738,21.100472511535315,2024-09-30,24.0
12.37000000000262,10.36128535093028,2024-09-30,25.0
14.080000000001746,15.98551132681995,2024-09-30,26.0
17.779999999998836,14.891322946532336,2024-09-30,27.0
13.360000000000582,14.279365761218548,2024-09-30,28.0
27.61200000000099,23.854428297686635,2024-09-30,29.0
21.360000000000586,18.19293454670921,2024-09-30,30.0
27.1019999999937,24.650390760652673,2024-09-30,31.0
43.53199999999924,32.31839022763573,2024-09-30,32.0
12.908000000003083,10.9864317378482,2024-09-30,33.0
14.012000000002445,16.46760713863631,2024-09-30,34.0
23.0,30.60834826486454,2024-09-30,35.0
14.319999999999707,13.113595095939155,2024-09-30,36.0
18.312000000005355,22.649907362438263,2024-09-30,37.0
17.2500000000001,10.454808511647208,2024-09-30,38.0
23.839999999996508,16.72586086914449,2024-09-30,39.0
17.280000000006112,11.616545243219587,2024-10-01,1.0
30.1428000000002,20.155900424221134,2024-10-01,2.0
22.32800000000134,22.331152590437732,2024-10-01,3.0
17.2560000000085,23.34753806181184,2024-10-01,4.0
14.376000000003842,6.645387933728002,2024-10-01,5.0
1.451999999997497,9.325846595345897,2024-10-01,6.0
36.0280000000009,29.184709720612656,2024-10-01,7.0
11.708000000006,15.166239064626374,2024-10-01,8.0
21.39999999999418,22.870219990015283,2024-10-01,9.0
23.2800000000011,21.35954726852776,2024-10-01,10.0
14.052000000003318,17.12587580907061,2024-10-01,11.0
8.09000000000011,9.42037303539249,2024-10-01,12.0
16.2879999999958,23.316336108826476,2024-10-01,13.0
24.012000000002445,22.858042344160918,2024-10-01,14.0
26.18800000000192,20.329180755793573,2024-10-01,15.0
12.559999999997672,12.840134486269092,2024-10-01,16.0
7.350000000000364,8.842222550762514,2024-10-01,17.0
22.55199999999604,13.021241926509953,2024-10-01,18.0
19.93999999999869,13.027758801902122,2024-10-01,19.0
22.56999999999971,16.277036358737128,2024-10-01,20.0
31.38799999999901,23.950209173125696,2024-10-01,21.0
14.927999999999884,18.81932196458758,2024-10-01,22.0
17.011999999996,15.819978606881387,2024-10-01,23.0
24.080000000001743,20.0204506922841,2024-10-01,24.0
9.789999999997235,11.098813859300302,2024-10-01,25.0
19.4800000000032,17.021836925728994,2024-10-01,26.0
13.62000000000262,15.31763240800188,2024-10-01,27.0
11.0799999999945,14.915499194095155,2024-10-01,28.0
25.455999999998312,25.307369433177925,2024-10-01,29.0
14.61200000000099,19.58071267079876,2024-10-01,30.0
30.9120000000101,25.56655739582228,2024-10-01,31.0
52.27999999999884,34.62741760239571,2024-10-01,32.0
14.731999999996331,12.675197203607036,2024-10-01,33.0
17.25199999999313,15.813383830428807,2024-10-01,34.0
18.708000000005995,32.86023453315151,2024-10-01,35.0
13.531999999999243,13.320222870200837,2024-10-01,36.0
29.047999999995227,24.13965117052941,2024-10-01,37.0
10.090000000000146,11.42103294805173,2024-10-01,38.0
20.9000000000011,17.912473231401165,2024-10-01,39.0
5.99199999999837,12.680641068346587,2024-10-02,1.0
22.18800000000192,21.901296874944173,2024-10-02,2.0
14.599999999998545,23.801032717551525,2024-10-02,3.0
31.55999999999767,23.80521944763191,2024-10-02,4.0
10.1319999999978,7.035923343867264,2024-10-02,5.0
0.720000000001064,7.4253607546310585,2024-10-02,6.0
25.0679999999993,31.479687926273446,2024-10-02,7.0
10.583999999995283,16.945060904499663,2024-10-02,8.0
23.4280000000023,24.799968320670946,2024-10-02,9.0
25.231999999996333,23.248375378701134,2024-10-02,10.0
19.639999999999414,17.225324671698147,2024-10-02,11.0
8.909999999999854,10.0066258897338,2024-10-02,12.0
24.222800000002,25.94213041121285,2024-10-02,13.0
17.747999999999593,25.37216972469603,2024-10-02,14.0
17.5028000000008,23.307286955495293,2024-10-02,15.0
23.380000000004657,14.431659706155628,2024-10-02,16.0
7.59000000000011,9.548675217566135,2024-10-02,17.0
13.2500000000038,13.67782597873411,2024-10-02,18.0
21.169999999998254,15.239185940386696,2024-10-02,19.0
7.480000000003201,17.641545959822892,2024-10-02,20.0
12.8228000000005,26.317520614449446,2024-10-02,21.0
0.5320000000065193,20.868047908828412,2024-10-02,22.0
10.472000000001572,20.863931427609,2024-10-02,23.0
17.012000000002445,23.791897663823608,2024-10-02,24.0
10.9280000000023,11.908974376033191,2024-10-02,25.0
17.919999999998254,18.03970391317357,2024-10-02,26.0
13.591999999996917,16.7525051004793,2024-10-02,27.0
14.680000000000293,15.964979595020614,2024-10-02,28.0
21.982800000004,27.913548624074803,2024-10-02,29.0
13.599999999998545,21.52091498698307,2024-10-02,30.0
9.16799999999057,27.415260532094273,2024-10-02,31.0
23.708000000005995,38.94895601672855,2024-10-02,32.0
9.5,13.53131143140911,2024-10-02,33.0
10.648000000001,16.863234225787977,2024-10-02,34.0
28.239999999997963,34.65272873127795,2024-10-02,35.0
9.855999999999767,14.960693157901439,2024-10-02,36.0
19.832000000002157,25.725419837009444,2024-10-02,37.0
12.580000000001746,13.142154515049631,2024-10-02,38.0
16.720000000001164,20.725703883053445,2024-10-02,39.0
19.639999999999414,15.726570721206947,2024-10-03,1.0
17.131999999997788,26.846373599601087,2024-10-03,2.0
21.61200000000099,27.27870234526164,2024-10-03,3.0
25.2719999999972,25.55910020879927,2024-10-03,4.0
13.660000000003492,9.083869581897758,2024-10-03,5.0
0.4599999999991269,8.190118115593092,2024-10-03,6.0
36.5280000000009,33.55451299346053,2024-10-03,7.0
22.80800000000454,18.11278149720749,2024-10-03,8.0
18.80000000000291,26.88813116006511,2024-10-03,9.0
12.368000000002212,23.419732487471073,2024-10-03,10.0
17.219999999993888,18.82861745447737,2024-10-03,11.0
10.0299999999988,10.777860162560154,2024-10-03,12.0
10.027999999998428,26.70307017827862,2024-10-03,13.0
20.26799999999639,27.519052392822324,2024-10-03,14.0
21.547999999995227,25.5132847617361,2024-10-03,15.0
13.2879999999958,15.236096462201141,2024-10-03,16.0
4.75,9.86744977893882,2024-10-03,17.0
4.027999999998428,16.361622579575588,2024-10-03,18.0
18.81000000000131,17.26174476046433,2024-10-03,19.0
31.0,20.28111748611257,2024-10-03,20.0
28.69600000000355,28.912234813859882,2024-10-03,21.0
16.316135996461,20.746058685014695,2024-10-03,22.0
11.887999999999,21.88086609815197,2024-10-03,23.0
25.5199999999968,26.41413222058983,2024-10-03,24.0
10.0099999999984,12.81352611293916,2024-10-03,25.0
21.209999999999127,18.85327338595544,2024-10-03,26.0
16.768000000003667,18.258442087968238,2024-10-03,27.0
8.28800000000309,17.290657254769236,2024-10-03,28.0
21.695999999996275,30.50917926903202,2024-10-03,29.0
25.220000000001164,22.35271837310293,2024-10-03,30.0
32.919999999998254,30.412062193664944,2024-10-03,31.0
37.65199999999459,42.81318802088705,2024-10-03,32.0
8.680000000000291,15.643323709365353,2024-10-03,33.0
23.288000000000466,19.31625379136145,2024-10-03,34.0
17.19999999999709,34.17115864415083,2024-10-03,35.0
27.29200000000128,16.099270006031908,2024-10-03,36.0
30.739999999997963,28.73955561612003,2024-10-03,37.0
3.779999999998836,13.935662616593573,2024-10-03,38.0
25.739999999997963,22.80873120755768,2024-10-03,39.0
9.055999999996857,12.323956942048229,2024-10-04,1.0
36.59999999999855,25.244716190730294,2024-10-04,2.0
26.29200000000128,23.61297884978066,2024-10-04,3.0
16.887999999991735,23.76577150114821,2024-10-04,4.0
10.0599999999977,8.673664528386695,2024-10-04,5.0
0.2600000000020372,6.944137154860084,2024-10-04,6.0
25.4880000000048,31.75829550070245,2024-10-04,7.0
21.55199999999604,17.027973213541888,2024-10-04,8.0
24.02799999999843,25.82652538948991,2024-10-04,9.0
29.27999999999884,22.756427771322,2024-10-04,10.0
16.160000000003492,18.285512703353337,2024-10-04,11.0
10.639999999999418,10.406712247066062,2024-10-04,12.0
19.228000000002798,25.034867244811355,2024-10-04,13.0
19.0280000000009,26.81373834074582,2024-10-04,14.0
21.0,24.62640241800374,2024-10-04,15.0
25.919999999998254,15.883288396387222,2024-10-04,16.0
10.8099999999995,8.225091258076882,2024-10-04,17.0
13.61200000000099,15.748786171456688,2024-10-04,18.0
21.590000000000146,17.258504005373673,2024-10-04,19.0
13.209999999999129,17.784247357122705,2024-10-04,20.0
18.97200000000157,26.555604679459258,2024-10-04,21.0
21.788000000000466,17.79578388522101,2024-10-04,22.0
19.77200000000448,19.938526812949725,2024-10-04,23.0
12.908000000003083,23.633469024324008,2024-10-04,24.0
11.0800000000017,11.995891556566747,2024-10-04,25.0
11.9280000000023,17.912575794701464,2024-10-04,26.0
13.19999999999709,17.43899826443769,2024-10-04,27.0
12.68800000000192,16.095165011629817,2024-10-04,28.0
24.332000000002157,29.31510590841848,2024-10-04,29.0
21.247999999999596,21.507601295264624,2024-10-04,30.0
27.4320000000007,26.400172743399498,2024-10-04,31.0
28.4279999999999,40.63848207552502,2024-10-04,32.0
4.380000000004657,13.935999502847487,2024-10-04,33.0
17.772000000004482,17.352844156638668,2024-10-04,34.0
24.99200000000565,34.70357207807954,2024-10-04,35.0
13.37199999999575,15.165965133908383,2024-10-04,36.0
25.70000000000437,26.427980964071992,2024-10-04,37.0
13.430000000000293,13.211577943210061,2024-10-04,38.0
25.1120000000018,21.437822383446285,2024-10-04,39.0
7.351999999998952,13.507352188023592,2024-10-05,1.0
17.69600000000355,22.967332466555753,2024-10-05,2.0
19.32800000000134,21.803929449612323,2024-10-05,3.0
25.8000000000029,22.02086688098385,2024-10-05,4.0
0.0199999999967985,10.618150156871295,2024-10-05,5.0
1.0,6.229663045951974,2024-10-05,6.0
25.9319999999925,31.36878704999282,2024-10-05,7.0
18.560000000004948,16.455718398923484,2024-10-05,8.0
23.78399999999965,24.004041774818415,2024-10-05,9.0
28.67199999999866,20.933595081609365,2024-10-05,10.0
13.1120000000018,17.46059169254855,2024-10-05,11.0
10.38000000000102,10.33462030426542,2024-10-05,12.0
18.97200000000157,20.86465620480375,2024-10-05,13.0
21.8280000000038,23.94076354992644,2024-10-05,14.0
24.060000000004948,22.6354215741113,2024-10-05,15.0
11.0720000000001,15.548232353567613,2024-10-05,16.0
8.030000000000655,8.013254983166252,2024-10-05,17.0
22.0679999999993,14.692291998630056,2024-10-05,18.0
16.470000000001164,17.286840048720766,2024-10-05,19.0
25.360000000000586,18.57988187030774,2024-10-05,20.0
27.27999999999884,26.15896976187168,2024-10-05,21.0
17.50399999999354,16.637792802653877,2024-10-05,22.0
37.0199999999968,17.582323179148474,2024-10-05,23.0
33.271999999997206,22.847082963559348,2024-10-05,24.0
10.899999999997815,11.133364307201388,2024-10-05,25.0
18.70799999999872,17.181867936771834,2024-10-05,26.0
18.832000000002157,16.089522520410796,2024-10-05,27.0
12.663999999997031,12.46498628312464,2024-10-05,28.0
24.091999999996915,26.827211456063946,2024-10-05,29.0
24.2109999999995,20.614972689142242,2024-10-05,30.0
26.512000000002445,26.47362588694581,2024-10-05,31.0
28.4800000000032,38.3325273369523,2024-10-05,32.0
10.9199999999983,13.538859111496812,2024-10-05,33.0
12.38799999999901,16.826084201900418,2024-10-05,34.0
23.83199999999488,29.505667727850824,2024-10-05,35.0
12.495999999999183,15.235347168239258,2024-10-05,36.0
31.099999999998545,26.224456824423545,2024-10-05,37.0
6.68999999999869,11.127867608939036,2024-10-05,38.0
11.9279999999999,20.69645696084387,2024-10-05,39.0
24.780000000006112,12.534027176383884,2024-10-06,1.0
19.66399999999703,23.626957071289073,2024-10-06,2.0
20.139999999999414,21.505543101210964,2024-10-06,3.0
9.19999999999709,21.373329618182225,2024-10-06,4.0
0.0,10.604204571728143,2024-10-06,5.0
1.0799999999944705,8.22770044688168,2024-10-06,6.0
33.9320000000007,30.484173743800234,2024-10-06,7.0
22.627999999996973,16.992951599985485,2024-10-06,8.0
25.88799999999901,23.696073205205508,2024-10-06,9.0
28.44800000000396,22.748262407439036,2024-10-06,10.0
14.307999999997264,18.15700025409842,2024-10-06,11.0
14.68999999999869,10.294404564282075,2024-10-06,12.0
32.39999999999418,22.22806435225832,2024-10-06,13.0
22.851999999998952,22.82195126429478,2024-10-06,14.0
29.07200000000012,22.24495638495918,2024-10-06,15.0
12.92000000000553,17.890235512385424,2024-10-06,16.0
9.05999999999949,9.263990705251018,2024-10-06,17.0
22.102000000001,15.089937165324407,2024-10-06,18.0
8.5799999999981,19.212426880836052,2024-10-06,19.0
11.2599999999985,17.309825421852207,2024-10-06,20.0
26.427999999999884,24.75290100447326,2024-10-06,21.0
4.62800000000669,17.37868144241895,2024-10-06,22.0
19.102000000001,19.453668456548186,2024-10-06,23.0
20.07200000000012,21.188659103552773,2024-10-06,24.0
14.13000000000102,11.570664200171331,2024-10-06,25.0
13.031999999999243,17.519663428605877,2024-10-06,26.0
20.5679999999993,15.89533294779791,2024-10-06,27.0
19.88799999999901,12.907164360536616,2024-10-06,28.0
24.44800000000396,25.431520666428327,2024-10-06,29.0
25.720000000001164,20.494703062082902,2024-10-06,30.0
23.1428000000002,25.79696076652233,2024-10-06,31.0
31.860000000000586,37.95503199918691,2024-10-06,32.0
12.652000000001864,11.721937761762396,2024-10-06,33.0
14.5028000000008,16.845803742446613,2024-10-06,34.0
47.63999999999942,26.74968182792062,2024-10-06,35.0
16.7028000000052,15.3794169209495,2024-10-06,36.0
21.9800000000032,26.188780877603833,2024-10-06,37.0
13.209999999999129,12.359480933436569,2024-10-06,38.0
23.9280000000023,21.282852904669166,2024-10-06,39.0
7.971999999994296,11.643348461928671,2024-10-07,1.0
11.3600000000006,22.821432406169684,2024-10-07,2.0
23.979999999995925,21.46282246726516,2024-10-07,3.0
17.60000000000582,23.39113220316058,2024-10-07,4.0
0.0600000000049476,7.314087103237291,2024-10-07,5.0
5.25000000000378,6.688828685360755,2024-10-07,6.0
33.028000000005704,29.943498668481293,2024-10-07,7.0
18.0,16.953704350447452,2024-10-07,8.0
19.5679999999993,24.096753621130908,2024-10-07,9.0
22.88799999999901,23.7584733251724,2024-10-07,10.0
13.908000000003083,17.799428534285635,2024-10-07,11.0
9.82800000000011,10.076721754455537,2024-10-07,12.0
14.732000000003609,21.357936893881405,2024-10-07,13.0
24.531999999999243,21.95709244537441,2024-10-07,14.0
16.487999999997555,22.386421094589604,2024-10-07,15.0
14.299999999995634,16.747269208893467,2024-10-07,16.0
9.229999999999563,9.036071280930665,2024-10-07,17.0
20.75999999999476,15.166960258087688,2024-10-07,18.0
24.65999999999985,19.243205789235585,2024-10-07,19.0
10.639999999999418,17.820390756951255,2024-10-07,20.0
27.87999999999738,25.38282468616628,2024-10-07,21.0
13.3555898929194,16.605171916239975,2024-10-07,22.0
29.296000000002092,20.45069668134596,2024-10-07,23.0
22.68800000000192,22.462431040743756,2024-10-07,24.0
13.510000000002035,11.353367661142231,2024-10-07,25.0
22.1120000000018,17.260473136426818,2024-10-07,26.0
18.12800000000425,16.17543409221935,2024-10-07,27.0
12.42000000000553,13.07166148481225,2024-10-07,28.0
27.7109999999995,24.64536470336454,2024-10-07,29.0
28.252000000000407,20.636167771713325,2024-10-07,30.0
29.80800000000454,25.583860668803712,2024-10-07,31.0
24.88799999999901,36.22968111614521,2024-10-07,32.0
14.027999999998428,11.333721327394763,2024-10-07,33.0
17.608000000000175,17.18685196298027,2024-10-07,34.0
19.32800000000134,24.34571079910252,2024-10-07,35.0
12.447999999996682,15.194605597806017,2024-10-07,36.0
27.0399999999936,26.76651528178526,2024-10-07,37.0
10.5900000000001,11.378465972608373,2024-10-07,38.0
16.9320000000007,20.44384928460264,2024-10-07,39.0
8.427999999999884,13.903670709514424,2024-10-08,1.0
32.09599999999773,22.673619687097222,2024-10-08,2.0
21.927999999999884,21.033637799207103,2024-10-08,3.0
24.127999999996973,21.73400795478487,2024-10-08,4.0
0.0679999999993011,6.53747080535563,2024-10-08,5.0
8.319999999999709,6.5190850469455235,2024-10-08,6.0
41.71999999999389,29.918459810361927,2024-10-08,7.0
17.61200000000099,17.626108862000148,2024-10-08,8.0
17.31999999999971,23.3553683945675,2024-10-08,9.0
27.4109999999966,24.675427008568978,2024-10-08,10.0
16.051999999996042,16.23944169265416,2024-10-08,11.0
12.81000000000131,11.304655344981771,2024-10-08,12.0
13.38799999999901,21.188886495888088,2024-10-08,13.0
22.167999999997846,21.492247484622684,2024-10-08,14.0
23.752000000000407,22.832664000362982,2024-10-08,15.0
14.2280000000052,16.740788307534554,2024-10-08,16.0
8.350000000000364,8.866327642515431,2024-10-08,17.0
18.080000000001743,15.585250715347103,2024-10-08,18.0
17.909999999999854,18.577586947905907,2024-10-08,19.0
7.930000000000291,17.239449357033166,2024-10-08,20.0
28.239999999997963,24.76242000796939,2024-10-08,21.0
16.1358921625835,14.50476690628343,2024-10-08,22.0
17.86399999999412,20.07528888987658,2024-10-08,23.0
29.031999999999243,22.899728432784446,2024-10-08,24.0
10.5599999999977,11.695670173615891,2024-10-08,25.0
19.987999999997555,16.040794860695716,2024-10-08,26.0
13.319999999999707,17.288057538704457,2024-10-08,27.0
18.49199999999837,13.482796191928811,2024-10-08,28.0
21.536000000000055,23.69351060246619,2024-10-08,29.0
11.127999999997,21.194862012867894,2024-10-08,30.0
21.83199999999488,24.98322064430813,2024-10-08,31.0
24.9428000000031,33.856515353314435,2024-10-08,32.0
12.051999999996042,11.046122088450154,2024-10-08,33.0
13.299999999995634,16.619237606054224,2024-10-08,34.0
10.6399999999994,25.421809382395743,2024-10-08,35.0
17.591999999996915,15.286696375297547,2024-10-08,36.0
26.12800000000425,25.839165610291236,2024-10-08,37.0
14.1199999999999,11.559059976361956,2024-10-08,38.0
22.695999999996275,21.25926513185156,2024-10-08,39.0
12.060000000004948,13.592339953489391,2024-10-09,1.0
24.31999999999971,22.684986201954892,2024-10-09,2.0
19.391999999999825,21.851940968142728,2024-10-09,3.0
25.4320000000007,21.05219559706126,2024-10-09,4.0
0.0,6.367952225848054,2024-10-09,5.0
5.02800000000087,9.66824209577424,2024-10-09,6.0
38.12000000000262,30.928048106642972,2024-10-09,7.0
17.011999999996,18.110990908304125,2024-10-09,8.0
26.99199999999837,23.154837212699395,2024-10-09,9.0
25.860000000000586,24.630104966470494,2024-10-09,10.0
21.29200000000128,16.81830819539345,2024-10-09,11.0
12.080000000001746,11.595418878012234,2024-10-09,12.0
32.9280000000023,20.169723214821143,2024-10-09,13.0
21.3109999999981,21.54761921376614,2024-10-09,14.0
23.4280000000023,22.09154536054043,2024-10-09,15.0
18.90799999999581,17.25356209195583,2024-10-09,16.0
10.239999999999782,9.379101426936709,2024-10-09,17.0
18.768000000003667,17.215863858106765,2024-10-09,18.0
21.080000000001743,19.285989946287533,2024-10-09,19.0
12.389999999999418,17.386897880485765,2024-10-09,20.0
22.2280000000052,24.860708714646115,2024-10-09,21.0
22.867999999994936,13.842677748282748,2024-10-09,22.0
21.960000000006403,20.753948955345155,2024-10-09,23.0
32.667999999997846,22.644672636340516,2024-10-09,24.0
17.31999999999971,12.571726159387694,2024-10-09,25.0
26.080000000001743,17.27916007205142,2024-10-09,26.0
16.471999999994296,17.8227622424685,2024-10-09,27.0
14.279999999998836,13.786095013783957,2024-10-09,28.0
22.9109999999966,24.440290424562793,2024-10-09,29.0
12.80000000000291,22.57655203913649,2024-10-09,30.0
27.80000000000291,25.25878426893652,2024-10-09,31.0
19.487999999997555,32.375293137896335,2024-10-09,32.0
11.2680000000037,11.50285321049555,2024-10-09,33.0
11.8919999999998,17.385707870610137,2024-10-09,34.0
21.459999999999127,25.085028814442442,2024-10-09,35.0
23.20000000000437,15.43462547114701,2024-10-09,36.0
23.55199999999604,26.643815166555616,2024-10-09,37.0
14.100000000002185,11.057583499921142,2024-10-09,38.0
20.252000000000407,20.7981540100449,2024-10-09,39.0
16.247999999999593,14.23619578210631,2024-10-10,1.0
19.4800000000032,24.741158352218026,2024-10-10,2.0
24.351999999998952,23.30008516756361,2024-10-10,3.0
35.8228000000078,23.651074249956395,2024-10-10,4.0
0.0,5.155556589361579,2024-10-10,5.0
6.47200000000117,10.31658529122866,2024-10-10,6.0
30.87999999999738,31.964517913045185,2024-10-10,7.0
23.463999999999945,19.612898497453624,2024-10-10,8.0
19.580000000001743,23.14482759118785,2024-10-10,9.0
11.5679999999993,25.7922379620939,2024-10-10,10.0
19.5199999999968,18.077250256952706,2024-10-10,11.0
13.419999999998254,12.55659798855451,2024-10-10,12.0
11.5919999999969,20.46945142770158,2024-10-10,13.0
22.228000000002798,21.414186424250698,2024-10-10,14.0
20.09599999999773,22.579578788504264,2024-10-10,15.0
12.8280000000038,17.9743868212831,2024-10-10,16.0
9.75,9.868359141817924,2024-10-10,17.0
7.19199999999546,16.983833192168763,2024-10-10,18.0
19.31999999999971,18.8190319656723,2024-10-10,19.0
19.970000000001164,15.642892251736116,2024-10-10,20.0
11.9719999999943,25.30708519453155,2024-10-10,21.0
8.22000000000106,14.589119983716392,2024-10-10,22.0
25.14799999999377,21.269844071686514,2024-10-10,23.0
19.80000000000291,23.625528317830494,2024-10-10,24.0
9.47000000000106,12.643830573052401,2024-10-10,25.0
17.799999999995634,17.570178613020648,2024-10-10,26.0
13.9800000000032,18.13501865958967,2024-10-10,27.0
16.68800000000192,15.25779640109967,2024-10-10,28.0
24.99200000000565,24.123012588815005,2024-10-10,29.0
28.12000000000262,21.90535155535607,2024-10-10,30.0
35.9600000000064,25.11990588483108,2024-10-10,31.0
22.2879999999958,29.28276912510033,2024-10-10,32.0
11.9800000000032,11.542183142496102,2024-10-10,33.0
24.880000000004657,17.845040559776557,2024-10-10,34.0
16.92000000000553,24.124165964675882,2024-10-10,35.0
23.94799999999668,16.661290507050865,2024-10-10,36.0
13.0280000000009,27.484276694370017,2024-10-10,37.0
8.139999999999418,12.082081260595425,2024-10-10,38.0
20.17199999999866,21.30075762949443,2024-10-10,39.0
8.531999999999243,12.169632520919436,2024-10-11,1.0
33.66399999999703,21.01235059011484,2024-10-11,2.0
23.360000000000586,20.530176898837663,2024-10-11,3.0
26.59999999999127,19.569553345229526,2024-10-11,4.0
0.0319999999992433,2.426220793855173,2024-10-11,5.0
33.24799999999959,7.766600211270298,2024-10-11,6.0
23.080000000001743,30.075955385347633,2024-10-11,7.0
20.927999999999884,17.77241144520129,2024-10-11,8.0
11.6399999999994,21.002725250638505,2024-10-11,9.0
16.452000000004773,23.531036529012965,2024-10-11,10.0
19.21600000000035,15.454324870125909,2024-10-11,11.0
7.97000000000106,11.175061560786034,2024-10-11,12.0
31.288000000000466,19.089607364688444,2024-10-11,13.0
22.252000000000407,20.157573320576752,2024-10-11,14.0
29.252000000000407,20.743852568506817,2024-10-11,15.0
14.102000000001,15.03142991550207,2024-10-11,16.0
2.600000000000364,7.784503125460496,2024-10-11,17.0
7.100000000005821,15.602007373814784,2024-10-11,18.0
22.5280000000009,16.40926802222716,2024-10-11,19.0
18.88000000000102,14.336716150156217,2024-10-11,20.0
25.8600000000006,23.282828501828977,2024-10-11,21.0
12.368000000002212,14.801018451305076,2024-10-11,22.0
22.2500000000038,20.206664687361787,2024-10-11,23.0
23.81999999999971,23.256667039985768,2024-10-11,24.0
13.770000000000437,11.696405374434262,2024-10-11,25.0
21.720000000001164,17.02385853875837,2024-10-11,26.0
11.3079999999973,15.851804493517301,2024-10-11,27.0
12.447999999996682,13.039639739941366,2024-10-11,28.0
24.93599999999424,21.624912651800717,2024-10-11,29.0
7.47200000000117,19.789951048368213,2024-10-11,30.0
27.4320000000007,24.608808079389703,2024-10-11,31.0
30.05200000000332,26.318354503885985,2024-10-11,32.0
21.5109999999952,9.777473978362206,2024-10-11,33.0
17.839999999996508,15.241067762925875,2024-10-11,34.0
23.131999999997788,21.356128948813936,2024-10-11,35.0
20.132000000005064,15.812356176596909,2024-10-11,36.0
29.391999999999825,25.092540039622556,2024-10-11,37.0
11.2500000000001,10.367329881076083,2024-10-11,38.0
20.888000000006286,19.509745594712683,2024-10-11,39.0
10.0599999999977,12.855824655517846,2024-10-12,1.0
32.520000000004075,22.672727523672012,2024-10-12,2.0
18.76000000000204,22.125829982878724,2024-10-12,3.0
19.98399999999674,22.077920764787127,2024-10-12,4.0
0.0319999999992433,3.7686773370217606,2024-10-12,5.0
35.55999999999767,9.290960939886373,2024-10-12,6.0
30.09200000000419,32.18416952305234,2024-10-12,7.0
11.6000000000058,19.17063933380024,2024-10-12,8.0
25.02799999999843,22.473579105937176,2024-10-12,9.0
10.451999999997495,24.331169117127516,2024-10-12,10.0
13.872000000003029,17.055740464956507,2024-10-12,11.0
9.959999999999129,12.566678703913208,2024-10-12,12.0
14.860000000000582,20.39549654114842,2024-10-12,13.0
23.296000000002092,21.45209601142544,2024-10-12,14.0
19.239999999997963,21.99527575792928,2024-10-12,15.0
14.527999999998428,16.36243257621632,2024-10-12,16.0
9.719999999999343,9.452535606684117,2024-10-12,17.0
26.1079999999929,17.056974808204075,2024-10-12,18.0
23.5,17.806725472457448,2024-10-12,19.0
18.7599999999984,14.343216782708582,2024-10-12,20.0
25.952000000004773,23.503919356869407,2024-10-12,21.0
18.2109999999995,14.76493361629398,2024-10-12,22.0
28.19999999999709,23.316832782135105,2024-10-12,23.0
25.580000000001743,23.935215401378873,2024-10-12,24.0
10.0999999999985,12.703490130804338,2024-10-12,25.0
27.18000000000029,17.303188300354964,2024-10-12,26.0
11.2000000000044,17.172358966873748,2024-10-12,27.0
14.4120000000039,14.969604294294928,2024-10-12,28.0
21.92000000000553,23.79397096142634,2024-10-12,29.0
17.327999999994063,21.92321318783937,2024-10-12,30.0
29.79999999998836,26.800022937931065,2024-10-12,31.0
32.57200000000012,25.418100186840135,2024-10-12,32.0
8.919999999998254,11.33302094693766,2024-10-12,33.0
10.6399999999994,16.41432190613779,2024-10-12,34.0
10.38799999999901,22.70951276360263,2024-10-12,35.0
12.39999999999418,16.606812026662467,2024-10-12,36.0
20.98800000000483,23.69218542154653,2024-10-12,37.0
16.32999999999811,12.0258457270278,2024-10-12,38.0
17.339999999996508,20.171538901116467,2024-10-12,39.0
10.232000000003609,12.397200931112893,2024-10-13,1.0
25.747999999999596,22.34973367064491,2024-10-13,2.0
19.01600000000326,21.841948146164764,2024-10-13,3.0
24.496000000013737,23.152182996486243,2024-10-13,4.0
0.2799999999988358,3.002648116658332,2024-10-13,5.0
39.9519999999975,14.63030269690603,2024-10-13,6.0
25.7880000000005,32.07747820839349,2024-10-13,7.0
18.047999999995227,18.962308355501353,2024-10-13,8.0
23.2280000000052,20.732832619337927,2024-10-13,9.0
28.987999999997555,22.445247273408626,2024-10-13,10.0
12.2800000000011,16.931784094203408,2024-10-13,11.0
8.630000000001019,11.895854518046557,2024-10-13,12.0
25.8280000000038,21.997773530425874,2024-10-13,13.0
22.75999999999476,21.763587955744793,2024-10-13,14.0
20.49199999999837,22.951641098363897,2024-10-13,15.0
10.4639999999999,14.63175928072258,2024-10-13,16.0
9.59000000000011,8.180098621088069,2024-10-13,17.0
19.53200000000652,15.99757061227686,2024-10-13,18.0
24.609999999996944,18.558167029229413,2024-10-13,19.0
19.389999999999414,14.788240185293912,2024-10-13,20.0
17.360000000000582,23.660058182817437,2024-10-13,21.0
12.979999999995924,13.84987908779158,2024-10-13,22.0
18.048000000002503,23.167150541110786,2024-10-13,23.0
27.0199999999968,24.306471549268046,2024-10-13,24.0
10.3899999999994,12.836757537448186,2024-10-13,25.0
24.0280000000009,18.547585465640363,2024-10-13,26.0
19.351999999998952,16.80493014064748,2024-10-13,27.0
14.37999999999738,14.89802732005522,2024-10-13,28.0
26.959999999999127,23.62569120492811,2024-10-13,29.0
22.66000000000349,19.090857408849633,2024-10-13,30.0
23.23200000000361,26.711080731514915,2024-10-13,31.0
27.487999999997555,25.87768766266421,2024-10-13,32.0
11.8280000000013,13.005332546182286,2024-10-13,33.0
19.455999999998312,16.47574757472101,2024-10-13,34.0
16.987999999997555,22.60488698305401,2024-10-13,35.0
17.416000000004715,17.22544421575277,2024-10-13,36.0
25.69999999999709,24.134027028155877,2024-10-13,37.0
8.11000000000146,11.345527399542968,2024-10-13,38.0
26.652000000001863,19.377075206917905,2024-10-13,39.0
18.44799999999668,11.626773400101518,2024-10-14,1.0
29.839999999996508,23.556805806763414,2024-10-14,2.0
24.531999999999243,20.72591945603734,2024-10-14,3.0
33.647999999986496,21.2050761120792,2024-10-14,4.0
0.0,2.0741113405211666,2024-10-14,5.0
19.056000000004133,16.03881176294572,2024-10-14,6.0
30.78799999999319,30.148139998852482,2024-10-14,7.0
25.4320000000007,17.417976211809865,2024-10-14,8.0
18.17199999999866,19.963235734592907,2024-10-14,9.0
29.2800000000011,18.352486004519218,2024-10-14,10.0
11.0800000000017,16.198823046246577,2024-10-14,11.0
10.579999999998108,10.629805284471935,2024-10-14,12.0
25.02799999999843,20.215575771923188,2024-10-14,13.0
23.12000000000262,20.56110646926855,2024-10-14,14.0
20.76000000000204,20.939374644678715,2024-10-14,15.0
19.335999999995693,13.567642872180848,2024-10-14,16.0
4.530000000000655,7.579261591872664,2024-10-14,17.0
17.0679999999993,15.429023773687321,2024-10-14,18.0
17.4280000000023,17.96431834860607,2024-10-14,19.0
10.1100000000011,13.116907303177243,2024-10-14,20.0
30.97599999999511,22.026684191262962,2024-10-14,21.0
13.4174136981062,12.900696789342065,2024-10-14,22.0
22.49199999999837,21.33003559963007,2024-10-14,23.0
29.36800000000221,23.4828606587695,2024-10-14,24.0
10.590000000000146,11.37797128363722,2024-10-14,25.0
24.768000000003667,18.99466105717666,2024-10-14,26.0
18.44799999999668,14.484694821391688,2024-10-14,27.0
16.0280000000009,13.92417475070674,2024-10-14,28.0
24.27199999999721,21.81019905601071,2024-10-14,29.0
17.50800000000163,17.765841342484823,2024-10-14,30.0
36.0,26.45405605733857,2024-10-14,31.0
39.1120000000018,25.443458808577464,2024-10-14,32.0
5.419999999998254,11.268898075429384,2024-10-14,33.0
18.560000000004948,14.937748909053157,2024-10-14,34.0
16.7028000000052,18.807872536825172,2024-10-14,35.0
13.951999999997495,15.98975723049754,2024-10-14,36.0
21.23200000000361,22.51221494508192,2024-10-14,37.0
13.819999999999707,11.722921027246828,2024-10-14,38.0
21.0,18.83258745665703,2024-10-14,39.0
12.819999999999707,11.354088462964162,2024-10-15,1.0
18.652000000001863,25.794849555521115,2024-10-15,2.0
23.43999999999505,21.82067109175319,2024-10-15,3.0
31.79200000000128,25.19259104254061,2024-10-15,4.0
3.01600000000326,3.995331100434184,2024-10-15,5.0
35.23999999999796,20.70830644334455,2024-10-15,6.0
28.53200000000652,31.031438110716913,2024-10-15,7.0
22.67199999999866,17.740010501737306,2024-10-15,8.0
16.731999999996333,20.88142699976782,2024-10-15,9.0
26.2800000000011,20.87377609242957,2024-10-15,10.0
13.231999999996331,17.421676841751477,2024-10-15,11.0
12.420000000001892,11.292404097833662,2024-10-15,12.0
17.66399999999703,21.24829585885269,2024-10-15,13.0
21.98399999999674,22.08806826468857,2024-10-15,14.0
19.735999999997148,21.799012561456454,2024-10-15,15.0
14.3828000000055,14.749736109599434,2024-10-15,16.0
2.180000000000291,9.091835482127744,2024-10-15,17.0
17.182800000001,16.760985139874215,2024-10-15,18.0
18.389999999999414,21.77371526074368,2024-10-15,19.0
21.720000000001164,15.516358358879838,2024-10-15,20.0
30.97200000000157,22.460575481226112,2024-10-15,21.0
17.1978612145509,15.05413909783069,2024-10-15,22.0
11.6679999999978,22.574835433641933,2024-10-15,23.0
23.239999999997963,25.37883647046683,2024-10-15,24.0
10.5280000000009,12.31738290731301,2024-10-15,25.0
27.583999999995285,21.654451811605618,2024-10-15,26.0
16.520000000004075,15.896112018803851,2024-10-15,27.0
29.080000000001743,15.032034475605315,2024-10-15,28.0
24.76000000000204,23.855391288697216,2024-10-15,29.0
10.4109999999966,18.23610357326222,2024-10-15,30.0
32.63999999999942,27.682332161514942,2024-10-15,31.0
28.148000000001,26.64623493356563,2024-10-15,32.0
5.380000000004657,12.902894773090054,2024-10-15,33.0
11.5919999999969,17.121882520659153,2024-10-15,34.0
22.5199999999968,16.830261862376844,2024-10-15,35.0
17.167999999997846,17.549924524696547,2024-10-15,36.0
32.29599999999482,23.904703056918848,2024-10-15,37.0
8.130000000001019,12.434857600461523,2024-10-15,38.0
27.5879999999961,21.024486801371697,2024-10-15,39.0
10.2500000000038,13.169030241014067,2024-10-16,1.0
19.19999999999709,28.13695013870302,2024-10-16,2.0
18.2109999999995,22.43616437287404,2024-10-16,3.0
22.81600000000617,27.207365119787166,2024-10-16,4.0
16.239999999997963,3.6929816177757715,2024-10-16,5.0
27.31999999999971,21.603033700773388,2024-10-16,6.0
35.70799999999872,30.73979841846034,2024-10-16,7.0
17.4280000000023,19.242333059889695,2024-10-16,8.0
18.6280000000067,21.06692663965546,2024-10-16,9.0
33.13999999999942,21.50378513069959,2024-10-16,10.0
21.080000000001743,17.497252503519828,2024-10-16,11.0
14.289999999997235,11.564991833667651,2024-10-16,12.0
27.10800000000017,22.690620404342706,2024-10-16,13.0
22.89600000000064,22.235413061808735,2024-10-16,14.0
16.4120000000039,22.362475083444597,2024-10-16,15.0
24.255999999993943,15.958833150429859,2024-10-16,16.0
16.329999999999927,9.017171601090796,2024-10-16,17.0
19.867999999994936,16.482634043674132,2024-10-16,18.0
22.75,20.866745994123935,2024-10-16,19.0
21.5199999999968,15.38167140346664,2024-10-16,20.0
28.020000000004075,23.47603004312287,2024-10-16,21.0
14.1120000000018,15.431313345059973,2024-10-16,22.0
32.75200000000041,22.12026358886375,2024-10-16,23.0
27.4320000000007,26.62788392834294,2024-10-16,24.0
10.2280000000016,12.375018611565263,2024-10-16,25.0
19.228000000002798,22.378005280907544,2024-10-16,26.0
25.360000000000586,16.149067417727352,2024-10-16,27.0
16.37999999999738,15.347921506776377,2024-10-16,28.0
24.5280000000009,23.623454245512463,2024-10-16,29.0
20.17199999999866,17.562486072031756,2024-10-16,30.0
26.720000000001164,28.630854313216254,2024-10-16,31.0
42.72000000000117,28.502734748811406,2024-10-16,32.0
5.279999999998836,12.054503882635549,2024-10-16,33.0
17.0280000000009,17.44093063790068,2024-10-16,34.0
26.17599999999948,16.725300558907353,2024-10-16,35.0
14.992000000005646,17.96054459469633,2024-10-16,36.0
24.23200000000361,23.26574618633096,2024-10-16,37.0
17.020000000000437,12.927692148598325,2024-10-16,38.0
21.50800000000163,21.508073031786836,2024-10-16,39.0
8.739999999997963,15.329770847796349,2024-10-17,1.0
26.5880000000025,28.282772607271465,2024-10-17,2.0
22.32800000000134,24.17035986700737,2024-10-17,3.0
65.67999999999302,30.475572408639806,2024-10-17,4.0
16.279999999998836,6.49327159707181,2024-10-17,5.0
30.752000000000407,27.030642570542255,2024-10-17,6.0
28.1120000000018,30.04669258209356,2024-10-17,7.0
25.9360000000011,20.039692514666868,2024-10-17,8.0
23.747999999999596,21.750079017488098,2024-10-17,9.0
9.11200000000186,22.235012537777642,2024-10-17,10.0
12.247999999999593,18.14501820840524,2024-10-17,11.0
8.450000000000728,12.377355101494656,2024-10-17,12.0
13.732000000003609,23.19751669360742,2024-10-17,13.0
21.9028000000023,22.73726691716005,2024-10-17,14.0
32.4519999999975,22.448211213927934,2024-10-17,15.0
11.5428000000017,16.702859403825663,2024-10-17,16.0
5.520000000000437,8.1791739013662,2024-10-17,17.0
3.092000000004191,16.984487899025446,2024-10-17,18.0
17.860000000000582,21.643977746298734,2024-10-17,19.0
12.820000000003349,17.52141360077099,2024-10-17,20.0
30.0,24.631542955356544,2024-10-17,21.0
22.228000000002798,15.922510860504726,2024-10-17,22.0
9.952000000004771,21.974238901080586,2024-10-17,23.0
20.96800000000076,26.223429534764314,2024-10-17,24.0
13.1199999999999,12.867312252057916,2024-10-17,25.0
21.05199999999604,23.368549571414704,2024-10-17,26.0
14.131999999997788,16.77514012138444,2024-10-17,27.0
10.2109999999995,17.521964418950606,2024-10-17,28.0
19.57200000000012,25.229880918629267,2024-10-17,29.0
14.548000000002505,17.70168184842308,2024-10-17,30.0
24.24800000000687,31.158734553027028,2024-10-17,31.0
31.49199999999837,29.56812013068151,2024-10-17,32.0
17.148000000001048,11.692982824100886,2024-10-17,33.0
23.12000000000262,18.29761278441582,2024-10-17,34.0
18.3028000000037,18.59714967263863,2024-10-17,35.0
9.19199999999546,18.473673029483862,2024-10-17,36.0
17.639999999999418,25.425594539458988,2024-10-17,37.0
12.049999999999272,12.786943274453415,2024-10-17,38.0
24.80000000000291,23.32363512657934,2024-10-17,39.0
12.080000000001746,13.395210283984415,2024-10-18,1.0
10.332000000002154,25.57105846664655,2024-10-18,2.0
21.0,22.396395716220898,2024-10-18,3.0
48.062800000013,27.92065083103282,2024-10-18,4.0
16.2800000000011,8.075018264817817,2024-10-18,5.0
13.580000000001746,28.022332633495274,2024-10-18,6.0
33.33999999999651,28.80573326219211,2024-10-18,7.0
18.832000000002157,20.14155942101493,2024-10-18,8.0
11.051999999996,20.022789462120862,2024-10-18,9.0
36.42799999999989,22.904132415214047,2024-10-18,10.0
11.0,17.155379792152445,2024-10-18,11.0
8.75,12.036108787015843,2024-10-18,12.0
33.93599999999424,22.49387573793816,2024-10-18,13.0
26.360000000000586,22.23158272945211,2024-10-18,14.0
21.8280000000038,21.027583134733053,2024-10-18,15.0
18.77599999999802,16.86318584599755,2024-10-18,16.0
13.719999999999343,9.301501911071798,2024-10-18,17.0
14.479999999995924,16.606986768109927,2024-10-18,18.0
17.959999999999127,20.97607596500737,2024-10-18,19.0
10.369999999999,18.912056003346137,2024-10-18,20.0
25.67199999999866,24.619034073037525,2024-10-18,21.0
16.57999999999447,14.648567917748295,2024-10-18,22.0
11.5360000000001,22.143941743978143,2024-10-18,23.0
10.0319999999992,25.070770512164987,2024-10-18,24.0
19.31999999999971,11.301287595485539,2024-10-18,25.0
19.708000000005995,22.652857412313224,2024-10-18,26.0
17.2109999999995,17.619371518797177,2024-10-18,27.0
22.89600000000064,17.018099712885515,2024-10-18,28.0
10.367999999994936,24.4817809541286,2024-10-18,29.0
13.459999999999129,18.094494803197634,2024-10-18,30.0
25.8119999999916,29.762805720806774,2024-10-18,31.0
22.5679999999993,32.11594892712173,2024-10-18,32.0
13.87199999999575,10.479386890600402,2024-10-18,33.0
10.619999999995343,17.609482038939845,2024-10-18,34.0
17.807999999997264,19.006495642233684,2024-10-18,35.0
10.847999999998136,16.88334849029453,2024-10-18,36.0
23.00800000000163,24.33965482227946,2024-10-18,37.0
13.169999999998254,12.727412602254478,2024-10-18,38.0
20.67199999999866,22.357281708280556,2024-10-18,39.0
11.6399999999994,11.896000218683765,2024-10-19,1.0
21.959999999999127,26.625410183158657,2024-10-19,2.0
29.099999999998545,21.931025264360674,2024-10-19,3.0
59.7109999999995,32.24707631212445,2024-10-19,4.0
2.559999999997672,8.022807769373292,2024-10-19,5.0
32.68000000000029,30.09692216860904,2024-10-19,6.0
23.73200000000361,28.796215168238444,2024-10-19,7.0
26.247999999999596,20.07962803665801,2024-10-19,8.0
17.167999999997846,20.31729619882367,2024-10-19,9.0
30.2579999999981,22.122418146092624,2024-10-19,10.0
18.247999999999596,15.89377494871816,2024-10-19,11.0
10.010000000002,11.379049662893609,2024-10-19,12.0
10.7320000000036,22.119751417887667,2024-10-19,13.0
21.00800000000163,22.262076413245655,2024-10-19,14.0
23.011999999996,21.976271578663553,2024-10-19,15.0
24.4800000000032,16.039067306998003,2024-10-19,16.0
16.1200000000008,8.073463312812462,2024-10-19,17.0
13.880000000004657,15.79237284064355,2024-10-19,18.0
20.76000000000204,20.89340934556086,2024-10-19,19.0
11.7599999999984,17.371303292536485,2024-10-19,20.0
14.1099999999953,26.914675172084184,2024-10-19,21.0
11.7120000000068,16.266171989849525,2024-10-19,22.0
36.17199999999866,20.28040012094653,2024-10-19,23.0
20.080000000001743,25.343614266204344,2024-10-19,24.0
11.8499999999985,11.63214207085561,2024-10-19,25.0
13.419999999998254,22.683351096106772,2024-10-19,26.0
10.5760000000009,17.49918423905031,2024-10-19,27.0
21.9109999999966,16.208060149070025,2024-10-19,28.0
14.247999999999593,23.475760654733268,2024-10-19,29.0
31.26000000000204,19.08147634645505,2024-10-19,30.0
32.080000000001746,27.723883954602474,2024-10-19,31.0
18.351999999998952,32.44207773441741,2024-10-19,32.0
14.832000000002154,11.253467102605004,2024-10-19,33.0
13.29200000000128,17.424795273646698,2024-10-19,34.0
8.847999999998137,19.10017923145454,2024-10-19,35.0
17.92000000000553,14.944898753792936,2024-10-19,36.0
41.33199999999488,24.664283218092233,2024-10-19,37.0
10.1100000000011,13.346064976427904,2024-10-19,38.0
14.167999999997846,22.703501583236136,2024-10-19,39.0
5.419999999998254,12.998704561111659,2024-10-20,1.0
9.667999999997846,23.0453386568374,2024-10-20,2.0
20.548000000002503,21.541256003860436,2024-10-20,3.0
36.4320000000007,34.35360413185532,2024-10-20,4.0
2.18280000000101,9.773484884323459,2024-10-20,5.0
24.747999999999596,27.18182077005755,2024-10-20,6.0
20.047999999995227,30.060444309593215,2024-10-20,7.0
22.2109999999995,20.163100423725695,2024-10-20,8.0
31.0,20.13699331742101,2024-10-20,9.0
32.17199999999866,25.37005321891977,2024-10-20,10.0
10.182800000001,14.983637793523933,2024-10-20,11.0
3.7399999999979623,11.379049662893609,2024-10-20,12.0
33.74799999999959,22.825350015350896,2024-10-20,13.0
23.288000000000466,23.144597279689425,2024-10-20,14.0
17.239999999997963,21.477156574359775,2024-10-20,15.0
13.0280000000009,16.91753588274322,2024-10-20,16.0
2.679999999998472,9.448953939504388,2024-10-20,17.0
9.687999999994643,16.513606662880008,2024-10-20,18.0
5.18999999999869,20.06406233652955,2024-10-20,19.0
12.960000000002765,16.308539971002926,2024-10-20,20.0
33.60000000000582,26.914675172084184,2024-10-20,21.0
20.27999999999884,16.600901273597195,2024-10-20,22.0
23.5199999999968,19.007494913232037,2024-10-20,23.0
23.2879999999958,23.40085843784673,2024-10-20,24.0
18.970000000001164,12.58167894609302,2024-10-20,25.0
21.88799999999901,22.38039305107958,2024-10-20,26.0
13.951999999997495,18.349716857992565,2024-10-20,27.0
20.0280000000009,17.566781020933362,2024-10-20,28.0
17.9028000000023,21.931923221367537,2024-10-20,29.0
14.279999999998836,17.465097780278906,2024-10-20,30.0
38.16000000000349,27.685451096341065,2024-10-20,31.0
44.96800000000076,32.0126723995991,2024-10-20,32.0
20.167999999997846,10.512447404694296,2024-10-20,33.0
12.296000000002095,16.526434123077586,2024-10-20,34.0
32.192000000002736,18.104429670162236,2024-10-20,35.0
17.127999999996973,14.322698113900236,2024-10-20,36.0
33.10000000000582,24.07854956469288,2024-10-20,37.0
19.56999999999971,13.340054532547738,2024-10-20,38.0
21.512000000002445,22.751588049039793,2024-10-20,39.0
11.1800000000003,12.924720112001406,2024-10-21,1.0
20.80000000000291,22.32705958954867,2024-10-21,2.0
24.872000000003027,22.76203469283747,2024-10-21,3.0
25.3679999999877,40.0848425122597,2024-10-21,4.0
4.32800000000125,9.171297803556516,2024-10-21,5.0
10.4799999999959,27.220348674906678,2024-10-21,6.0
27.031999999999243,29.20883025594697,2024-10-21,7.0
11.7999999999956,21.88273887813352,2024-10-21,8.0
22.0880000000025,18.943623913558866,2024-10-21,9.0
29.060000000004948,27.516035925643994,2024-10-21,10.0
8.599999999998545,15.489046148674472,2024-10-21,11.0
9.049999999999272,11.277143912918207,2024-10-21,12.0
33.65200000000186,22.021715001244022,2024-10-21,13.0
25.102000000001,22.207348410263574,2024-10-21,14.0
22.55200000000332,21.937348484196708,2024-10-21,15.0
27.30399999999645,18.149460777785578,2024-10-21,16.0
10.710000000000946,10.438462955584045,2024-10-21,17.0
25.77999999999884,15.223580354546973,2024-10-21,18.0
19.239999999997963,19.951712310528034,2024-10-21,19.0
7.889999999999418,15.369325271480779,2024-10-21,20.0
38.19999999999709,25.52293885900137,2024-10-21,21.0
29.011999999996,15.448837631954076,2024-10-21,22.0
24.18800000000192,20.03517430934441,2024-10-21,23.0
46.0,22.21553067589074,2024-10-21,24.0
17.36999999999898,13.178557366600725,2024-10-21,25.0
2.559999999997672,20.672798695553062,2024-10-21,26.0
9.592000000004193,17.852599870159057,2024-10-21,27.0
16.47200000000157,18.97006420775203,2024-10-21,28.0
18.77599999999802,20.668509618802414,2024-10-21,29.0
20.61200000000099,19.468898085831885,2024-10-21,30.0
27.67999999999301,28.02714865653039,2024-10-21,31.0
39.4800000000032,29.98875009006347,2024-10-21,32.0
10.7680000000037,11.137610635112352,2024-10-21,33.0
19.99199999999837,16.887055335096825,2024-10-21,34.0
31.55199999999604,17.40608860638843,2024-10-21,35.0
13.383999999998196,14.503095332538868,2024-10-21,36.0
39.979999999995925,26.465322720849752,2024-10-21,37.0
12.720000000001164,12.338516495370802,2024-10-21,38.0
16.1120000000018,22.370149749609446,2024-10-21,39.0
21.639999999999414,11.63491859975917,2024-10-22,1.0
12.427999999999884,19.462427594276754,2024-10-22,2.0
25.55199999999604,22.643197883816516,2024-10-22,3.0
44.222800000002,41.25559829741141,2024-10-22,4.0
1.0879999999961,9.126913749651706,2024-10-22,5.0
14.2528000000046,26.046178546723162,2024-10-22,6.0
27.02799999999843,27.602488672822396,2024-10-22,7.0
30.012000000002445,22.05900339144906,2024-10-22,8.0
26.4800000000032,20.162063337430382,2024-10-22,9.0
30.479999999995925,27.3686565748521,2024-10-22,10.0
17.135999999998603,14.932209815030161,2024-10-22,11.0
9.460000000002765,10.252762540577203,2024-10-22,12.0
22.299999999995634,23.280257626474704,2024-10-22,13.0
23.4319999999925,22.164227797545983,2024-10-22,14.0
19.487999999997555,21.773211468947636,2024-10-22,15.0
27.65600000000268,18.08909044877296,2024-10-22,16.0
10.0499999999993,8.69728623257652,2024-10-22,17.0
10.0280000000009,13.944365199740064,2024-10-22,18.0
16.720000000001164,16.581054314460157,2024-10-22,19.0
12.87999999999738,14.606793426652228,2024-10-22,20.0
28.46800000000076,27.383592792353202,2024-10-22,21.0
12.1120000000018,16.505727131112117,2024-10-22,22.0
19.57200000000012,20.626206113454856,2024-10-22,23.0
14.052000000003318,21.838875882575245,2024-10-22,24.0
13.090000000000146,13.31362604515487,2024-10-22,25.0
25.952000000004773,20.335033209678578,2024-10-22,26.0
9.135999999998605,17.325150893212843,2024-10-22,27.0
21.0679999999993,19.150730138125205,2024-10-22,28.0
19.852000000006228,19.578726507923946,2024-10-22,29.0
10.4879999999976,18.187250757957095,2024-10-22,30.0
36.83999999999651,30.472527516989604,2024-10-22,31.0
37.59199999999692,31.856041732639323,2024-10-22,32.0
12.4109999999966,12.391818166964395,2024-10-22,33.0
19.79200000000128,15.72618088959969,2024-10-22,34.0
35.74800000000687,19.91577170689206,2024-10-22,35.0
9.376000000003842,14.481905639164049,2024-10-22,36.0
30.69999999999709,27.76396020740289,2024-10-22,37.0
9.779999999998836,13.15980172103192,2024-10-22,38.0
14.319999999999707,22.03370045773968,2024-10-22,39.0
10.2500000000038,11.651467914668363,2024-10-23,1.0
44.75999999999476,18.840426715103877,2024-10-23,2.0
29.855999999999767,22.904865407259084,2024-10-23,3.0
39.8628000000014,40.43805257022351,2024-10-23,4.0
0.0,9.862942093010183,2024-10-23,5.0
29.695999999996275,24.123464404627075,2024-10-23,6.0
22.57200000000012,27.966440384364017,2024-10-23,7.0
12.559999999997672,20.610305235127854,2024-10-23,8.0
24.1119999999946,21.017549323806296,2024-10-23,9.0
38.63200000000506,27.595901201985676,2024-10-23,10.0
9.9120000000039,14.324264919695754,2024-10-23,11.0
10.75,10.196160773204083,2024-10-23,12.0
24.459999999999127,24.524615698486564,2024-10-23,13.0
28.13600000000588,23.187989747758063,2024-10-23,14.0
17.512000000002445,21.896980042727456,2024-10-23,15.0
23.351999999998952,19.767193989792194,2024-10-23,16.0
9.63000000000102,10.6808193338289,2024-10-23,17.0
7.880000000004657,15.205291451693396,2024-10-23,18.0
26.1199999999999,17.535156982030298,2024-10-23,19.0
18.960000000002765,14.34538797957222,2024-10-23,20.0
25.18000000000029,27.536141931479168,2024-10-23,21.0
49.63199999999779,19.063039057945694,2024-10-23,22.0
24.851999999998952,21.364154200097154,2024-10-23,23.0
27.891999999999825,24.16058130830861,2024-10-23,24.0
21.729999999999563,14.444766358451467,2024-10-23,25.0
10.727999999995518,16.410415108463436,2024-10-23,26.0
26.951999999997497,15.857704695470337,2024-10-23,27.0
45.36000000000058,18.95245597249158,2024-10-23,28.0
17.959999999999127,19.60595037405239,2024-10-23,29.0
20.648000000001048,18.48676300323457,2024-10-23,30.0
26.23200000000361,28.78822708990284,2024-10-23,31.0
28.6080000000002,32.63217351516804,2024-10-23,32.0
18.332000000002157,12.991709474010282,2024-10-23,33.0
19.86800000000221,16.341310320287384,2024-10-23,34.0
20.17199999999866,22.115832431704458,2024-10-23,35.0
8.451999999997497,14.572468714164874,2024-10-23,36.0
31.820000000006985,29.909470265663153,2024-10-23,37.0
11.109999999999,13.47004567221292,2024-10-23,38.0
12.007999999994354,21.077912015516638,2024-10-23,39.0
10.551999999996042,14.62759906266079,2024-10-24,1.0
29.832000000002157,19.761435001328636,2024-10-24,2.0
26.372000000003027,25.328667622203316,2024-10-24,3.0
28.096000000005,43.6029910677042,2024-10-24,4.0
3.232000000003609,9.665715141327356,2024-10-24,5.0
35.1120000000018,22.57456408937728,2024-10-24,6.0
36.80000000000291,28.63116316831514,2024-10-24,7.0
20.056000000004133,22.44408889770074,2024-10-24,8.0
21.0,22.958040902309175,2024-10-24,9.0
8.82799999999286,27.81716190313903,2024-10-24,10.0
14.471999999994296,16.382304310859716,2024-10-24,11.0
1.6499999999978172,10.483016340611186,2024-10-24,12.0
25.2120000000068,25.792629155954913,2024-10-24,13.0
23.3839999999982,23.59293932643056,2024-10-24,14.0
17.5679999999993,22.33786794569647,2024-10-24,15.0
25.07200000000012,22.301102574061723,2024-10-24,16.0
9.670000000000073,11.618146781819666,2024-10-24,17.0
19.5199999999968,14.749538157991626,2024-10-24,18.0
13.470000000001164,17.73560333243635,2024-10-24,19.0
4.239999999997963,13.880664903007757,2024-10-24,20.0
25.959999999999127,28.475205945835143,2024-10-24,21.0
9.148000000001048,18.262442891595946,2024-10-24,22.0
21.33600000000297,22.31355183061792,2024-10-24,23.0
25.2479999999996,23.72016667416291,2024-10-24,24.0
12.530000000002474,15.330828747943285,2024-10-24,25.0
14.6628000000043,17.71896772535946,2024-10-24,26.0
13.3109999999981,15.591841718744279,2024-10-24,27.0
13.131999999997788,18.486806404407165,2024-10-24,28.0
19.70799999999872,18.91542134082019,2024-10-24,29.0
17.99199999999837,18.396977559428517,2024-10-24,30.0
27.296000000002092,31.048391284795564,2024-10-24,31.0
37.32800000000134,33.850857657548815,2024-10-24,32.0
13.18800000000192,13.803780455653184,2024-10-24,33.0
11.627999999997,18.176613176277804,2024-10-24,34.0
10.2560000000012,24.343001931511143,2024-10-24,35.0
20.76000000000204,13.72689168606472,2024-10-24,36.0
44.22799999999552,31.313096146271917,2024-10-24,37.0
17.139999999999418,13.685845187485414,2024-10-24,38.0
20.20000000000437,20.24558257273834,2024-10-24,39.0
10.3199999999997,12.514504805773088,2024-10-25,1.0
26.31999999999971,21.4845341129645,2024-10-25,2.0
23.091999999996915,25.094130061193027,2024-10-25,3.0
31.736000000004424,42.85548011120943,2024-10-25,4.0
2.3000000000029104,5.696811574492688,2024-10-25,5.0
32.52799999999843,22.1834499896857,2024-10-25,6.0
31.12000000000262,25.88347340164153,2024-10-25,7.0
35.703999999997905,21.067976061156983,2024-10-25,8.0
27.81999999999971,22.63272624158213,2024-10-25,9.0
26.05200000000332,29.0939551024441,2024-10-25,10.0
16.056000000004133,14.141215064490602,2024-10-25,11.0
7.760000000002037,9.853885462249783,2024-10-25,12.0
29.639999999999414,25.064928615000625,2024-10-25,13.0
26.927999999999884,23.275762888778818,2024-10-25,14.0
16.772000000004482,21.43782632815262,2024-10-25,15.0
24.728000000002798,21.554923022672195,2024-10-25,16.0
2.0100000000002183,10.413924418502026,2024-10-25,17.0
17.0280000000009,13.075228288474259,2024-10-25,18.0
13.669999999998254,17.615535319209343,2024-10-25,19.0
24.080000000001743,13.5524912439642,2024-10-25,20.0
35.9109999999966,27.619848359573133,2024-10-25,21.0
11.7868001257857,22.593505695197507,2024-10-25,22.0
18.7109999999995,21.449643312571258,2024-10-25,23.0
23.0879999999961,23.58872864430989,2024-10-25,24.0
19.889999999999414,16.529993304436363,2024-10-25,25.0
17.288000000000466,16.152584578654526,2024-10-25,26.0
10.0880000000025,15.716999825933367,2024-10-25,27.0
27.959999999999127,22.1901378967783,2024-10-25,28.0
19.76000000000204,17.62817179995525,2024-10-25,29.0
16.288000000000466,18.574596702255878,2024-10-25,30.0
41.096000000005006,30.257545372855862,2024-10-25,31.0
44.74399999999878,32.07003482633566,2024-10-25,32.0
11.6520000000018,15.135355773849925,2024-10-25,33.0
19.0,17.64900454859355,2024-10-25,34.0
6.391999999999825,23.095570932801614,2024-10-25,35.0
9.21099999999953,13.286555577716099,2024-10-25,36.0
37.87999999999738,31.755201837822618,2024-10-25,37.0
18.890000000003056,13.432919797084097,2024-10-25,38.0
31.739999999997963,18.067357648235145,2024-10-25,39.0
17.976000000002387,12.406025039396198,2024-10-26,1.0
20.80800000000454,21.786600012930652,2024-10-26,2.0
18.9360000000011,25.166068959358594,2024-10-26,3.0
42.1019999999937,37.94699580066739,2024-10-26,4.0
11.4519999999975,6.11364197210045,2024-10-26,5.0
27.063999999998487,22.443720426285438,2024-10-26,6.0
27.627999999996973,26.45309188991246,2024-10-26,7.0
12.09599999999773,19.78413569990754,2024-10-26,8.0
27.880000000004657,22.27752996507529,2024-10-26,9.0
24.68000000000029,27.774496886212372,2024-10-26,10.0
10.131999999997788,14.014754489753585,2024-10-26,11.0
12.090000000000146,8.572446008398115,2024-10-26,12.0
39.31999999999971,25.499974982642065,2024-10-26,13.0
28.76799999999639,23.447813316979246,2024-10-26,14.0
10.1079999999929,19.29455118926247,2024-10-26,15.0
42.73999999999796,22.361734095372448,2024-10-26,16.0
10.889999999999418,10.74800758956335,2024-10-26,17.0
11.1319999999978,14.422958243165771,2024-10-26,18.0
20.80000000000291,16.696186215592785,2024-10-26,19.0
16.200000000000728,11.527878026183807,2024-10-26,20.0
31.0,26.876589152064877,2024-10-26,21.0
10.099999999998545,20.35730418623355,2024-10-26,22.0
24.18000000000029,22.552107351750678,2024-10-26,23.0
10.031999999999243,23.428599087760098,2024-10-26,24.0
18.44999999999709,16.03670014013313,2024-10-26,25.0
21.18000000000029,15.107072962070058,2024-10-26,26.0
21.459999999999127,15.195148526860285,2024-10-26,27.0
12.280000000006112,22.372729334545483,2024-10-26,28.0
21.0109999999952,17.326159335249542,2024-10-26,29.0
20.1120000000018,18.323033084517956,2024-10-26,30.0
45.69599999999628,29.860599142094767,2024-10-26,31.0
39.5880000000025,32.45723147049168,2024-10-26,32.0
11.3999999999942,14.364044419802655,2024-10-26,33.0
10.760000000002035,15.753061629998227,2024-10-26,34.0
24.739999999997963,21.617734123959927,2024-10-26,35.0
8.947999999996682,14.291519223230637,2024-10-26,36.0
28.3028000000037,34.05063266858345,2024-10-26,37.0
4.399999999997817,13.214162857594728,2024-10-26,38.0
16.660000000003492,17.13261725678679,2024-10-26,39.0
11.2719999999972,11.840813956022027,2024-10-27,1.0
36.94399999999587,23.21781049950093,2024-10-27,2.0
19.5028000000008,24.532994377085085,2024-10-27,3.0
28.063999999998487,36.576196154525455,2024-10-27,4.0
0.9760000000023864,6.033850497898023,2024-10-27,5.0
28.736000000004424,23.987733421475735,2024-10-27,6.0
25.2500000000038,26.458368306607607,2024-10-27,7.0
25.0,21.528596258226127,2024-10-27,8.0
11.1080000000002,23.836771650892295,2024-10-27,9.0
19.455999999998312,26.804499128957676,2024-10-27,10.0
11.4279999999999,13.880588227377162,2024-10-27,11.0
9.299999999999272,8.166607253526044,2024-10-27,12.0
13.255999999993946,25.11324076071185,2024-10-27,13.0
20.2628000000029,23.642619816234447,2024-10-27,14.0
25.57200000000012,18.745651398885585,2024-10-27,15.0
37.19999999999709,22.946228112051337,2024-10-27,16.0
9.579999999999927,8.315100607218636,2024-10-27,17.0
11.096000000005,14.63525461892248,2024-10-27,18.0
11.1699999999983,16.12859493527088,2024-10-27,19.0
13.799999999999272,13.087159785629776,2024-10-27,20.0
19.456000000005588,27.54371384419137,2024-10-27,21.0
44.26000000000204,19.500684089189082,2024-10-27,22.0
19.2109999999995,21.879931317006143,2024-10-27,23.0
25.888000000006286,24.7115441711011,2024-10-27,24.0
17.25,15.82575294870981,2024-10-27,25.0
24.77199999999721,14.328881151129215,2024-10-27,26.0
18.692000000002736,13.67354400673854,2024-10-27,27.0
26.127999999996973,22.52852232926378,2024-10-27,28.0
17.0679999999993,18.04912027964275,2024-10-27,29.0
9.979999999995924,18.29651835980335,2024-10-27,30.0
43.98399999999674,30.846165375840418,2024-10-27,31.0
38.1199999999962,35.97548293701827,2024-10-27,32.0
9.576000000000931,13.663442663641318,2024-10-27,33.0
18.943999999995867,16.573921687004685,2024-10-27,34.0
12.8109999999981,19.787157236686493,2024-10-27,35.0
16.09200000000419,13.65138136023383,2024-10-27,36.0
28.0,35.21930435562802,2024-10-27,37.0
11.2900000000009,13.73979079095338,2024-10-27,38.0
19.0,18.96193285003856,2024-10-27,39.0
5.31099999999808,13.047523576811601,2024-10-28,1.0
24.31999999999971,23.056116463583926,2024-10-28,2.0
19.307999999997264,22.886674627538586,2024-10-28,3.0
21.960000000006403,33.074016327106875,2024-10-28,4.0
1.8399999999965075,7.381191274367895,2024-10-28,5.0
26.332000000002157,24.161600434400683,2024-10-28,6.0
32.75200000000041,26.543325872766303,2024-10-28,7.0
11.851999999999,19.908967612378547,2024-10-28,8.0
16.102000000001,24.209571194380533,2024-10-28,9.0
31.79200000000128,25.399393814162142,2024-10-28,10.0
14.10399999999936,13.326805731548514,2024-10-28,11.0
3.399999999997817,9.375744938263397,2024-10-28,12.0
29.07200000000012,27.7034743682488,2024-10-28,13.0
27.10800000000017,24.21363079187814,2024-10-28,14.0
17.80000000000291,16.14949511052338,2024-10-28,15.0
36.94800000000396,25.2004565524594,2024-10-28,16.0
9.55999999999949,8.750478850037686,2024-10-28,17.0
17.051999999996042,14.139813696857,2024-10-28,18.0
12.229999999999563,16.429267357150913,2024-10-28,19.0
18.2899999999999,13.870136909493427,2024-10-28,20.0
24.3839999999982,29.412435073513173,2024-10-28,21.0
12.580000000001746,18.979987329536975,2024-10-28,22.0
24.77599999999802,21.173186213534187,2024-10-28,23.0
17.4320000000007,23.20173925167996,2024-10-28,24.0
11.5900000000001,16.547852971947815,2024-10-28,25.0
18.548000000002503,15.55101850377118,2024-10-28,26.0
13.847999999998136,15.554714506882421,2024-10-28,27.0
24.288000000000466,21.30842078128241,2024-10-28,28.0
20.5828000000026,18.92286704381174,2024-10-28,29.0
31.9280000000023,17.1888369973134,2024-10-28,30.0
28.42399999999907,32.352199368317564,2024-10-28,31.0
39.4800000000032,37.09745022345561,2024-10-28,32.0
22.8228000000005,13.425556317948745,2024-10-28,33.0
13.768000000003669,16.169710001937233,2024-10-28,34.0
22.52799999999843,21.51107005165259,2024-10-28,35.0
10.68800000000192,12.545260499691782,2024-10-28,36.0
46.23999999999796,32.79193343100637,2024-10-28,37.0
9.31000000000131,12.584112728504023,2024-10-28,38.0
11.1800000000003,18.708629774133342,2024-10-28,39.0
11.0080000000016,13.665866808442678,2024-10-29,1.0
44.62800000000425,27.38658398475412,2024-10-29,2.0
26.852000000006228,23.56852718514665,2024-10-29,3.0
28.80799999998999,33.81049537826173,2024-10-29,4.0
1.3839999999981956,6.0090622024040865,2024-10-29,5.0
23.5199999999968,25.41695667784954,2024-10-29,6.0
24.76799999999639,27.777917677070253,2024-10-29,7.0
20.9320000000007,20.864944110031896,2024-10-29,8.0
27.87999999999738,22.71633255642191,2024-10-29,9.0
21.239999999997963,24.62653939281567,2024-10-29,10.0
11.4280000000023,14.23057701810439,2024-10-29,11.0
17.1000000000006,9.336588106278386,2024-10-29,12.0
23.460000000006403,26.325955596814545,2024-10-29,13.0
21.5880000000025,24.446848340029767,2024-10-29,14.0
16.660000000003492,18.16628493241836,2024-10-29,15.0
32.591999999996915,28.743719028275883,2024-10-29,16.0
9.260000000000218,9.082960938264705,2024-10-29,17.0
12.132000000005064,14.969525122450015,2024-10-29,18.0
10.9599999999991,16.819509527696987,2024-10-29,19.0
16.270000000000437,14.400455930835054,2024-10-29,20.0
26.50800000000163,28.249039976952854,2024-10-29,21.0
16.320281069859,22.501654019897888,2024-10-29,22.0
27.55200000000332,21.36320484997091,2024-10-29,23.0
37.69999999999709,23.950514912514024,2024-10-29,24.0
21.27000000000044,16.494736621793145,2024-10-29,25.0
17.947999999996682,16.848344195096548,2024-10-29,26.0
11.8320000000022,16.908767267074275,2024-10-29,27.0
11.5120000000024,22.933072555702633,2024-10-29,28.0
19.4119999999974,19.417224027683602,2024-10-29,29.0
12.351999999998952,16.92827819144282,2024-10-29,30.0
36.296000000002095,34.2941757036722,2024-10-29,31.0
36.59999999999855,36.91271746195239,2024-10-29,32.0
17.98800000000483,12.675214829176051,2024-10-29,33.0
17.659999999996217,17.335404576334625,2024-10-29,34.0
28.5679999999993,19.39580487684511,2024-10-29,35.0
9.459999999999129,13.2315597566447,2024-10-29,36.0
38.24799999999959,32.84993808380134,2024-10-29,37.0
16.599999999998545,12.689761407238516,2024-10-29,38.0
24.0,19.270958573549127,2024-10-29,39.0
11.9279999999999,12.619390493812674,2024-10-30,1.0
20.459999999999127,27.91180618007011,2024-10-30,2.0
19.959999999999127,23.13221590223062,2024-10-30,3.0
32.8280000000101,32.106398590349926,2024-10-30,4.0
1.1280000000042492,5.694647965318027,2024-10-30,5.0
10.8919999999998,27.285105777803434,2024-10-30,6.0
25.8280000000038,28.52701716597544,2024-10-30,7.0
19.8280000000038,20.070958380619803,2024-10-30,8.0
27.4320000000007,21.977254289409395,2024-10-30,9.0
21.768000000003667,24.26429707981319,2024-10-30,10.0
8.21600000000035,14.069392448152032,2024-10-30,11.0
6.830000000001746,8.326324040762305,2024-10-30,12.0
42.82799999999406,25.960416771030168,2024-10-30,13.0
25.9109999999966,24.460324086476323,2024-10-30,14.0
21.719999999993888,17.092748424694946,2024-10-30,15.0
18.76000000000204,30.41858105506166,2024-10-30,16.0
9.02800000000087,8.678373726956771,2024-10-30,17.0
13.827999999994065,13.133633191658731,2024-10-30,18.0
22.93000000000029,16.055796948816077,2024-10-30,19.0
9.639999999999418,14.86603945797639,2024-10-30,20.0
21.979999999995925,26.529526113536612,2024-10-30,21.0
18.8686191245416,20.715657654670547,2024-10-30,22.0
29.351999999998952,21.161549185660657,2024-10-30,23.0
24.012000000002445,20.205846110361016,2024-10-30,24.0
21.639999999999414,15.741680382818787,2024-10-30,25.0
20.55200000000332,17.928338866567834,2024-10-30,26.0
28.2579999999981,16.758489073264965,2024-10-30,27.0
23.339999999996508,23.260018386684433,2024-10-30,28.0
17.463999999999942,19.21504351698811,2024-10-30,29.0
14.2280000000052,18.124722787967567,2024-10-30,30.0
25.0479999999952,33.580491751594344,2024-10-30,31.0
37.45999999999913,36.32198497222688,2024-10-30,32.0
11.9199999999983,13.665060691385886,2024-10-30,33.0
16.5280000000009,16.507978872870154,2024-10-30,34.0
24.4280000000023,17.935834337979724,2024-10-30,35.0
21.90799999999581,11.990541139702149,2024-10-30,36.0
39.06000000000495,33.307170315794956,2024-10-30,37.0
8.11999999999985,11.854731596675894,2024-10-30,38.0
11.7719999999972,17.51562544499194,2024-10-30,39.0
6.31099999999808,13.038076807495258,2024-10-31,1.0
53.55999999999767,33.474132486693755,2024-10-31,2.0
16.367999999994936,24.856925816471197,2024-10-31,3.0
25.1919999999955,32.635631436409454,2024-10-31,4.0
2.91099999999662,6.3580097903363555,2024-10-31,5.0
28.77599999999802,28.53828652476765,2024-10-31,6.0
29.20799999999872,28.260236350540207,2024-10-31,7.0
27.1199999999962,19.504354476099167,2024-10-31,8.0
26.919999999998254,23.343820427328595,2024-10-31,9.0
12.37199999999575,23.67642783019094,2024-10-31,10.0
14.703999999997905,14.85333955161478,2024-10-31,11.0
10.4599999999991,9.93974482706263,2024-10-31,12.0
11.8800000000047,26.40587127963764,2024-10-31,13.0
28.860000000000586,24.48389107183464,2024-10-31,14.0
14.8280000000038,17.74895561039013,2024-10-31,15.0
41.22000000000117,31.57439704661172,2024-10-31,16.0
12.549999999999272,9.270931531088321,2024-10-31,17.0
9.860000000000582,14.386087181381113,2024-10-31,18.0
17.9280000000023,15.578889592347519,2024-10-31,19.0
10.779999999998836,16.12850566808778,2024-10-31,20.0
36.00800000000163,27.19634589094198,2024-10-31,21.0
46.4320000000007,21.302065711158917,2024-10-31,22.0
23.919999999998254,22.599457117041815,2024-10-31,23.0
26.827999999994063,23.839970965167982,2024-10-31,24.0
22.19000000000233,17.226489268113454,2024-10-31,25.0
11.0399999999936,17.16619474613186,2024-10-31,26.0
20.10800000000017,17.409767037435262,2024-10-31,27.0
23.70000000000437,21.725455056053313,2024-10-31,28.0
18.96800000000076,20.025042613287436,2024-10-31,29.0
27.4119999999974,18.688273986330092,2024-10-31,30.0
20.9028000000095,34.7995656540622,2024-10-31,31.0
43.167999999997846,37.737448093349066,2024-10-31,32.0
20.93999999999505,14.7768125296039,2024-10-31,33.0
21.9280000000023,17.18241442628369,2024-10-31,34.0
18.851999999998952,17.99059719054129,2024-10-31,35.0
22.9120000000039,12.45515772451011,2024-10-31,36.0
28.507999999994357,36.33264779877984,2024-10-31,37.0
20.220000000001164,13.341089153186866,2024-10-31,38.0
25.4280000000023,20.298268248345284,2024-10-31,39.0
26.5280000000009,11.053015385312241,2024-11-01,1.0
10.4199999999983,28.374194297141276,2024-11-01,2.0
24.860000000000586,21.380797781423095,2024-11-01,3.0
48.6079999999929,29.56120174699738,2024-11-01,4.0
1.6880000000019209,5.299178813325873,2024-11-01,5.0
28.1428000000002,24.566312867545747,2024-11-01,6.0
21.87999999999738,27.74456984606229,2024-11-01,7.0
20.976000000002387,19.840267145249953,2024-11-01,8.0
26.52799999999843,21.86953511367603,2024-11-01,9.0
17.560000000004948,21.61144600537399,2024-11-01,10.0
13.567999999999302,12.682907210972177,2024-11-01,11.0
10.099999999998545,8.740855247132288,2024-11-01,12.0
49.72000000000117,27.988555483860647,2024-11-01,13.0
25.9799999999959,23.66474604720696,2024-11-01,14.0
11.8079999999973,17.07893850078354,2024-11-01,15.0
29.091999999996915,30.122271253211103,2024-11-01,16.0
2.2600000000002183,8.213143593036603,2024-11-01,17.0
10.4280000000023,13.797926592818147,2024-11-01,18.0
21.889999999999414,14.549661179463087,2024-11-01,19.0
13.950000000000728,14.108170181948458,2024-11-01,20.0
32.891999999999825,25.43914155643394,2024-11-01,21.0
14.080000000001746,16.633297510618366,2024-11-01,22.0
31.2579999999981,21.899175512436663,2024-11-01,23.0
39.52000000000408,22.530436194067292,2024-11-01,24.0
21.639999999999414,16.380478961612656,2024-11-01,25.0
24.80800000000454,17.97777676670997,2024-11-01,26.0
14.5028000000008,16.626726336284676,2024-11-01,27.0
21.471999999994296,18.511988875007255,2024-11-01,28.0
17.279999999998836,18.910093100779882,2024-11-01,29.0
11.851999999999,17.407316442553416,2024-11-01,30.0
44.95999999999185,32.9712794284264,2024-11-01,31.0
37.1120000000018,37.131587212527684,2024-11-01,32.0
9.592000000004193,13.174216558188654,2024-11-01,33.0
17.099999999998545,15.27552450943901,2024-11-01,34.0
17.31999999999971,17.293700034672998,2024-11-01,35.0
12.047999999995229,13.538487760331257,2024-11-01,36.0
26.872000000003027,35.53679277367717,2024-11-01,37.0
4.169999999998254,11.814368956614839,2024-11-01,38.0
11.5479999999952,18.83345949967333,2024-11-01,39.0
5.0679999999993015,10.974122550966724,2024-11-02,1.0
29.2579999999981,32.05033043068814,2024-11-02,2.0
14.639999999999418,21.537173760988164,2024-11-02,3.0
28.872000000003027,29.257644652883204,2024-11-02,4.0
1.8399999999965075,6.284065991432063,2024-11-02,5.0
32.12000000000262,24.50328677399949,2024-11-02,6.0
29.9320000000007,27.383432405843042,2024-11-02,7.0
16.531999999999243,21.408310988941693,2024-11-02,8.0
24.27999999999884,23.568458953916227,2024-11-02,9.0
27.93999999999505,22.79357885512071,2024-11-02,10.0
9.368000000002212,14.163564182463523,2024-11-02,11.0
3.47000000000106,10.160529701906595,2024-11-02,12.0
13.39999999999418,26.450599862711194,2024-11-02,13.0
32.720000000001164,24.61640315012313,2024-11-02,14.0
21.3828000000055,17.85565651776835,2024-11-02,15.0
36.92000000000553,31.808657499936523,2024-11-02,16.0
9.569999999999707,9.806320775031718,2024-11-02,17.0
23.167999999997846,13.084974188506148,2024-11-02,18.0
20.0,16.308628906946115,2024-11-02,19.0
28.07999999999811,16.024269786146252,2024-11-02,20.0
17.372000000003027,26.972355259267093,2024-11-02,21.0
6.047999999995227,22.218798606600004,2024-11-02,22.0
28.1600000000035,22.99960129940463,2024-11-02,23.0
37.37999999999738,23.60312192574802,2024-11-02,24.0
17.06000000000131,18.89978400837939,2024-11-02,25.0
4.8628000000014,18.63738311728366,2024-11-02,26.0
19.4119999999974,18.636644376914592,2024-11-02,27.0
37.70799999999872,20.69551555066942,2024-11-02,28.0
20.00800000000163,20.03081655428802,2024-11-02,29.0
28.228000000002798,19.793092980122726,2024-11-02,30.0
42.42399999999907,33.138722085506046,2024-11-02,31.0
43.9120000000039,37.46566825086852,2024-11-02,32.0
16.108000000000175,14.795262906163018,2024-11-02,33.0
6.260000000002037,17.5961446340408,2024-11-02,34.0
41.72000000000117,19.502783772107293,2024-11-02,35.0
20.222800000002,14.525270248873962,2024-11-02,36.0
35.9519999999975,33.234938088717804,2024-11-02,37.0
23.9000000000011,12.849475393916087,2024-11-02,38.0
11.8120000000054,20.28441622490524,2024-11-02,39.0
14.982800000004,13.727719982002155,2024-11-03,1.0
31.21200000000681,29.90276804487437,2024-11-03,2.0
24.18000000000029,21.058289664970165,2024-11-03,3.0
22.2560000000085,31.24676581631056,2024-11-03,4.0
0.1399999999994179,6.025072754308726,2024-11-03,5.0
25.3079999999973,24.135135255744157,2024-11-03,6.0
25.788000000000466,26.455695344768543,2024-11-03,7.0
27.720000000001164,19.448375156786206,2024-11-03,8.0
27.4280000000023,23.061519616886873,2024-11-03,9.0
28.060000000004948,21.440158208603187,2024-11-03,10.0
10.3839999999982,13.444395292513963,2024-11-03,11.0
3.2299999999995634,10.370914206002913,2024-11-03,12.0
42.1428000000002,28.430175874372253,2024-11-03,13.0
31.1120000000018,24.311266607268127,2024-11-03,14.0
25.70799999999872,17.225203821627467,2024-11-03,15.0
33.5199999999968,31.678933754002504,2024-11-03,16.0
10.2700000000004,9.226897894004228,2024-11-03,17.0
23.59200000000419,12.798981631989383,2024-11-03,18.0
11.2299999999996,16.74152786707759,2024-11-03,19.0
25.960000000002765,14.584052844380013,2024-11-03,20.0
29.007999999994357,26.434195027616898,2024-11-03,21.0
44.86000000000058,22.87269064656241,2024-11-03,22.0
23.61200000000099,24.359695652750332,2024-11-03,23.0
29.639999999999414,25.278622565203847,2024-11-03,24.0
21.799999999999272,18.77798982175054,2024-11-03,25.0
4.207999999998719,18.871854029711965,2024-11-03,26.0
19.47200000000157,18.609452841778914,2024-11-03,27.0
19.080000000001743,20.112250470605325,2024-11-03,28.0
17.4120000000039,19.441796876477877,2024-11-03,29.0
25.583999999995285,18.57599779043546,2024-11-03,30.0
36.3028000000037,32.67690922948477,2024-11-03,31.0
38.42799999999989,37.43473345783784,2024-11-03,32.0
22.987999999997555,14.576325911058344,2024-11-03,33.0
18.360000000000586,17.025753637056667,2024-11-03,34.0
10.3799999999974,20.724674934731908,2024-11-03,35.0
8.056000000004133,14.552897039595658,2024-11-03,36.0
53.62800000000425,32.049402409922436,2024-11-03,37.0
13.5099999999984,11.039803289352676,2024-11-03,38.0
24.239999999997963,17.326537028121535,2024-11-03,39.0
7.228000000002794,11.257840948436831,2024-11-04,1.0
24.299999999995634,31.03784438099368,2024-11-04,2.0
24.67199999999866,20.761506206707768,2024-11-04,3.0
43.647999999986496,30.421953259600876,2024-11-04,4.0
0.128000000006694,6.042070038161912,2024-11-04,5.0
42.12000000000262,24.652631676614373,2024-11-04,6.0
27.17199999999866,26.922568795235456,2024-11-04,7.0
18.0280000000009,20.00148765093134,2024-11-04,8.0
26.9280000000023,22.94110477720123,2024-11-04,9.0
25.5399999999936,22.183568885355193,2024-11-04,10.0
12.648000000001048,13.165094356103557,2024-11-04,11.0
10.6100000000006,8.93094593501082,2024-11-04,12.0
25.336000000003,26.197032873879657,2024-11-04,13.0
27.728000000002798,25.371254922379066,2024-11-04,14.0
17.239999999997963,18.184597375034596,2024-11-04,15.0
26.360000000000586,31.321357062552252,2024-11-04,16.0
9.329999999999927,8.922785527135606,2024-11-04,17.0
18.9109999999966,14.629785545424772,2024-11-04,18.0
9.31000000000131,16.76801078979189,2024-11-04,19.0
31.56999999999971,16.126372724581934,2024-11-04,20.0
22.20000000000437,25.4161602373098,2024-11-04,21.0
33.692000000002736,21.196569365433625,2024-11-04,22.0
25.2879999999958,25.419606963193207,2024-11-04,23.0
7.368000000002212,28.85108750723123,2024-11-04,24.0
18.52000000000044,18.58185234602811,2024-11-04,25.0
19.807999999997264,16.59412806013344,2024-11-04,26.0
17.927999999999884,18.427627273452735,2024-11-04,27.0
17.8280000000038,22.841426372235475,2024-11-04,28.0
17.779999999998836,19.40841531479629,2024-11-04,29.0
25.9360000000011,19.822832247387588,2024-11-04,30.0
31.0880000000025,33.039356503279535,2024-11-04,31.0
37.62799999999697,37.70691257757634,2024-11-04,32.0
20.77200000000448,15.326434378574444,2024-11-04,33.0
20.9000000000011,16.385126248060903,2024-11-04,34.0
32.86000000000058,22.84713872212371,2024-11-04,35.0
10.2109999999995,16.19313651584867,2024-11-04,36.0
50.90799999999581,34.05549098482801,2024-11-04,37.0
13.37000000000262,13.281585999733073,2024-11-04,38.0
18.288000000000466,16.976890461363524,2024-11-04,39.0
36.78799999999319,12.667169576693738,2024-11-05,1.0
26.23200000000361,30.53710976054065,2024-11-05,2.0
12.00800000000163,21.38164351438654,2024-11-05,3.0
37.97600000000966,29.428358077309593,2024-11-05,4.0
0.1399999999994179,4.206390141493037,2024-11-05,5.0
38.68000000000029,24.71172299866144,2024-11-05,6.0
20.427999999999884,26.52387442993672,2024-11-05,7.0
20.307999999997264,20.74016105245033,2024-11-05,8.0
19.05199999999604,25.599254639847093,2024-11-05,9.0
29.632000000005064,22.48970444543856,2024-11-05,10.0
7.552000000003318,13.162204993117221,2024-11-05,11.0
2.959999999999127,8.786430929716202,2024-11-05,12.0
22.252000000000407,29.7835051817163,2024-11-05,13.0
32.52799999999843,27.17612184482234,2024-11-05,14.0
21.2579999999981,19.17632561540301,2024-11-05,15.0
50.1359999999986,31.291833746796357,2024-11-05,16.0
10.2299999999996,8.990109022347271,2024-11-05,17.0
17.807999999997264,16.134427149086388,2024-11-05,18.0
25.590000000000146,16.58535305987487,2024-11-05,19.0
12.020000000000437,17.288671906909272,2024-11-05,20.0
17.1099999999953,27.048507859360317,2024-11-05,21.0
29.667999999997846,21.82226964210694,2024-11-05,22.0
21.07200000000012,26.187053036120943,2024-11-05,23.0
25.9839999999967,29.957557288630092,2024-11-05,24.0
19.899999999997817,19.07567934921967,2024-11-05,25.0
16.952000000004773,13.758294258811901,2024-11-05,26.0
10.052000000003318,18.449558192795504,2024-11-05,27.0
21.31999999999971,22.53686553003785,2024-11-05,28.0
20.79200000000128,19.44810135542761,2024-11-05,29.0
19.080000000001743,21.360809796349592,2024-11-05,30.0
1.096000000005006,32.27652785412069,2024-11-05,31.0
43.271999999997206,37.79529206490206,2024-11-05,32.0
21.651999999994587,16.845389489166838,2024-11-05,33.0
9.727999999995518,16.66975832973256,2024-11-05,34.0
9.760000000002035,22.70869011665291,2024-11-05,35.0
12.299999999995634,14.817559705182259,2024-11-05,36.0
41.47200000000157,36.431346813964275,2024-11-05,37.0
13.889999999999418,14.012055450660798,2024-11-05,38.0
18.27199999999721,17.535249008941804,2024-11-05,39.0
20.55200000000332,12.700170887103607,2024-11-06,1.0
36.39999999999418,30.022573529575208,2024-11-06,2.0
20.512000000002445,22.042347885926798,2024-11-06,3.0
35.879999999990105,32.15187486292987,2024-11-06,4.0
0.528000000000873,4.130039232972516,2024-11-06,5.0
29.148000000001048,26.448940625051357,2024-11-06,6.0
31.05200000000332,26.157676494050595,2024-11-06,7.0
11.5428000000017,21.564190837977442,2024-11-06,8.0
29.228000000002798,26.464788066535785,2024-11-06,9.0
33.84799999999814,22.198646796312808,2024-11-06,10.0
20.70799999999872,13.60346765329134,2024-11-06,11.0
10.950000000000728,9.566687796579213,2024-11-06,12.0
26.1199999999962,29.357629977576597,2024-11-06,13.0
33.591999999996915,27.099578341005326,2024-11-06,14.0
31.0,18.307767290782998,2024-11-06,15.0
32.9120000000039,29.978056448673815,2024-11-06,16.0
10.2800000000007,9.287167243240146,2024-11-06,17.0
18.20000000000437,16.285572674601916,2024-11-06,18.0
28.25,16.550408022066787,2024-11-06,19.0
19.06999999999971,19.256204891048665,2024-11-06,20.0
20.9800000000032,26.464509568233556,2024-11-06,21.0
20.9681055528683,24.647858424873313,2024-11-06,22.0
38.108000000000175,25.636523473943967,2024-11-06,23.0
18.208000000005995,27.973487330747997,2024-11-06,24.0
21.580000000001743,20.18982845480844,2024-11-06,25.0
7.207999999998719,14.74547502111243,2024-11-06,26.0
26.427999999999884,19.651756571060826,2024-11-06,27.0
22.0679999999993,21.550277362532782,2024-11-06,28.0
16.987999999997555,18.637179409098312,2024-11-06,29.0
22.951999999997497,21.110591689537237,2024-11-06,30.0
81.65599999998813,31.93268870172481,2024-11-06,31.0
43.76799999999639,37.85382207931755,2024-11-06,32.0
21.50800000000163,16.491105532420054,2024-11-06,33.0
5.47200000000117,17.644011341144452,2024-11-06,34.0
18.4120000000039,24.053934006560162,2024-11-06,35.0
13.020000000004076,15.011607653410083,2024-11-06,36.0
44.512000000002445,37.307979815565425,2024-11-06,37.0
19.43999999999869,14.564913191671382,2024-11-06,38.0
22.056000000004133,18.275339615769376,2024-11-06,39.0
8.752000000000407,18.110723145425034,2024-11-07,1.0
36.97600000000239,30.05126114040362,2024-11-07,2.0
24.46800000000076,21.969202537076423,2024-11-07,3.0
48.00800000000163,35.11267196200987,2024-11-07,4.0
0.1279999999969732,4.723048584311183,2024-11-07,5.0
37.63999999999942,29.73673077486161,2024-11-07,6.0
32.799999999995634,26.212981070545936,2024-11-07,7.0
27.76799999999639,21.716772368947925,2024-11-07,8.0
25.2800000000011,25.793310050944193,2024-11-07,9.0
7.968000000000757,24.308817892849838,2024-11-07,10.0
18.080000000001743,13.380590683971878,2024-11-07,11.0
12.389999999999418,8.429325113804701,2024-11-07,12.0
41.31999999999971,29.42364555933722,2024-11-07,13.0
29.12800000000425,29.052674799161036,2024-11-07,14.0
22.4320000000007,19.928094890175988,2024-11-07,15.0
28.9599999999991,33.07874077623033,2024-11-07,16.0
2.1299999999992,10.390154504947912,2024-11-07,17.0
13.919999999998254,17.53864374606512,2024-11-07,18.0
13.5099999999984,19.2040239708237,2024-11-07,19.0
17.57999999999811,19.698585129754285,2024-11-07,20.0
27.87999999999738,26.01317149073151,2024-11-07,21.0
25.4109999999966,27.925703102063963,2024-11-07,22.0
20.2500000000038,25.519670850683642,2024-11-07,23.0
31.27199999999721,27.892433324248593,2024-11-07,24.0
13.430000000000293,20.409202260484108,2024-11-07,25.0
16.1119999999946,14.937471621777663,2024-11-07,26.0
20.3839999999982,18.636476149482224,2024-11-07,27.0
31.091999999996915,23.4330309252107,2024-11-07,28.0
21.692000000002736,19.56100297254605,2024-11-07,29.0
33.00800000000163,22.685827540285818,2024-11-07,30.0
43.78399999999965,27.45260561931621,2024-11-07,31.0
41.120000000009895,38.67331063130612,2024-11-07,32.0
16.55999999999767,17.752131143463032,2024-11-07,33.0
24.80000000000291,17.68513094365484,2024-11-07,34.0
31.38799999999901,22.02622183426208,2024-11-07,35.0
20.18000000000029,16.135230635612746,2024-11-07,36.0
38.22799999999552,38.599050878939266,2024-11-07,37.0
17.090000000000146,15.095065547015606,2024-11-07,38.0
12.391999999999824,18.960028547559755,2024-11-07,39.0
6.82800000000125,17.156607621333386,2024-11-08,1.0
22.12000000000262,30.386648804649106,2024-11-08,2.0
26.5,20.336883604127184,2024-11-08,3.0
32.42399999999907,34.70083796013907,2024-11-08,4.0
0.182800000001006,5.708454638944309,2024-11-08,5.0
50.31999999999971,31.801310046146494,2024-11-08,6.0
21.09200000000419,26.13174842695491,2024-11-08,7.0
29.9800000000032,20.044507434857167,2024-11-08,8.0
25.1080000000002,25.36782831484487,2024-11-08,9.0
22.091999999996915,25.191777358278937,2024-11-08,10.0
13.859999999993306,14.855256198354923,2024-11-08,11.0
10.330000000001746,9.05289451763657,2024-11-08,12.0
31.860000000000586,27.40015101416892,2024-11-08,13.0
28.851999999999,29.5065671493088,2024-11-08,14.0
32.80800000000454,20.547905826414382,2024-11-08,15.0
13.659999999996217,34.43266188755281,2024-11-08,16.0
2.360000000000582,9.807834755699806,2024-11-08,17.0
10.239999999997965,17.724985955097594,2024-11-08,18.0
19.1000000000006,19.28457218142549,2024-11-08,19.0
10.0,20.19419347907834,2024-11-08,20.0
25.97200000000157,24.565796508345432,2024-11-08,21.0
45.8280000000038,26.80895120415963,2024-11-08,22.0
26.799999999995634,26.5159882028162,2024-11-08,23.0
19.788000000000466,25.96086274410055,2024-11-08,24.0
22.049999999999272,19.9887063859241,2024-11-08,25.0
26.7280000000052,13.052124984591376,2024-11-08,26.0
11.8079999999973,18.763077139331436,2024-11-08,27.0
28.4280000000023,23.035987829336154,2024-11-08,28.0
22.0,18.79046944648074,2024-11-08,29.0
19.79200000000128,22.787891366263178,2024-11-08,30.0
30.768000000010943,36.12988897888893,2024-11-08,31.0
44.171999999991385,39.43780563604172,2024-11-08,32.0
5.692000000002736,18.732386208011533,2024-11-08,33.0
19.327999999994063,15.131328727600067,2024-11-08,34.0
9.788000000000466,20.887479183973866,2024-11-08,35.0
12.19999999999709,14.6049174377051,2024-11-08,36.0
36.81200000000536,38.2156529740467,2024-11-08,37.0
5.790000000000873,15.299720923668913,2024-11-08,38.0
16.459999999999127,19.644831738080597,2024-11-08,39.0
14.851999999998952,16.637098506293828,2024-11-09,1.0
41.33199999999488,28.405681418550582,2024-11-09,2.0
17.67199999999866,21.14893035404756,2024-11-09,3.0
29.6628000000043,36.738107618313116,2024-11-09,4.0
0.135999999998603,3.808602895778123,2024-11-09,5.0
48.36000000000058,31.873566561597407,2024-11-09,6.0
25.7200000000012,26.917912652751646,2024-11-09,7.0
20.987999999997555,20.22211679708034,2024-11-09,8.0
24.639999999999414,25.212607552753926,2024-11-09,9.0
29.427999999999884,24.02577951014028,2024-11-09,10.0
8.432000000000698,14.34100070104787,2024-11-09,11.0
4.770000000000437,9.610737624128479,2024-11-09,12.0
24.79200000000128,30.323602721811408,2024-11-09,13.0
29.18800000000192,29.616026800807504,2024-11-09,14.0
23.223999999994703,21.37197328266588,2024-11-09,15.0
27.5280000000009,32.706999028965214,2024-11-09,16.0
11.75,8.193253109705775,2024-11-09,17.0
11.4200000000055,17.835075558466993,2024-11-09,18.0
18.049999999999272,18.083918926169826,2024-11-09,19.0
18.52000000000044,20.70401746516462,2024-11-09,20.0
32.296000000002095,22.975185944087553,2024-11-09,21.0
42.78800000000047,24.457053365219302,2024-11-09,22.0
27.768000000003667,25.650441551357236,2024-11-09,23.0
22.81999999999971,26.134567478015086,2024-11-09,24.0
19.220000000001164,18.8022399044219,2024-11-09,25.0
19.339999999996508,13.276034506475108,2024-11-09,26.0
23.031999999999243,18.697821290163425,2024-11-09,27.0
31.099999999998545,23.61575660304833,2024-11-09,28.0
19.97599999999511,19.45078730447057,2024-11-09,29.0
20.351999999998952,23.532265650635694,2024-11-09,30.0
24.903999999995,37.33694489651482,2024-11-09,31.0
65.05999999999767,38.780324234555735,2024-11-09,32.0
22.87999999999738,17.67375443248224,2024-11-09,33.0
8.391999999999825,15.610550864790351,2024-11-09,34.0
31.959999999999127,22.576974517115627,2024-11-09,35.0
8.239999999997963,14.498421568289574,2024-11-09,36.0
51.94799999999668,39.5690336092453,2024-11-09,37.0
16.149999999997817,15.36028467678891,2024-11-09,38.0
11.8799999999974,17.492637899892063,2024-11-09,39.0
24.46800000000076,14.373808556653447,2024-11-10,1.0
35.5280000000009,29.395492317352787,2024-11-10,2.0
23.96800000000076,21.437928602407165,2024-11-10,3.0
49.62399999999616,34.89158163736307,2024-11-10,4.0
14.5199999999968,3.587347050706039,2024-11-10,5.0
38.66399999999703,34.89577063020441,2024-11-10,6.0
23.335999999995693,26.63097665775768,2024-11-10,7.0
21.27999999999884,21.69762553553263,2024-11-10,8.0
20.839999999996508,25.43133804495297,2024-11-10,9.0
39.5028000000008,24.617094699078013,2024-11-10,10.0
22.12800000000425,14.240761399631257,2024-11-10,11.0
10.8600000000006,9.360572491167657,2024-11-10,12.0
41.17599999999948,29.14395281822391,2024-11-10,13.0
44.1199999999962,30.050013636451435,2024-11-10,14.0
33.37600000000384,24.27820705043981,2024-11-10,15.0
35.66000000000349,30.778622413363838,2024-11-10,16.0
12.139999999999418,8.107169524737234,2024-11-10,17.0
4.639999999999418,17.430679905782593,2024-11-10,18.0
14.790000000000871,17.67475064730019,2024-11-10,19.0
12.020000000000437,20.02221017196109,2024-11-10,20.0
10.4239999999991,22.85485322469929,2024-11-10,21.0
16.891999999999825,28.581858960498177,2024-11-10,22.0
21.263999999995576,25.191933656184286,2024-11-10,23.0
25.2880000000005,23.553817971283905,2024-11-10,24.0
17.80999999999767,18.786270025720384,2024-11-10,25.0
20.139999999999414,14.275960768469576,2024-11-10,26.0
13.427999999999884,18.419848356999886,2024-11-10,27.0
33.7109999999995,24.177921830552087,2024-11-10,28.0
20.1120000000018,19.635504579648106,2024-11-10,29.0
37.4280000000023,24.511585789205533,2024-11-10,30.0
28.3828000000055,36.32204060618654,2024-11-10,31.0
46.28800000000047,39.040816748973064,2024-11-10,32.0
24.028000000005704,16.706116285068564,2024-11-10,33.0
18.031999999999243,15.694357985768466,2024-11-10,34.0
17.731999999996333,21.073893121395052,2024-11-10,35.0
12.599999999998545,14.341253982863337,2024-11-10,36.0
45.81999999999971,39.98583942831726,2024-11-10,37.0
14.30000000000291,14.751086584432581,2024-11-10,38.0
20.55999999999767,17.86077247740062,2024-11-10,39.0
7.50800000000163,16.49705965495689,2024-11-11,1.0
10.2500000000038,31.551235405457447,2024-11-11,2.0
25.4280000000023,22.041537796397495,2024-11-11,3.0
28.9600000000064,35.77627203195562,2024-11-11,4.0
2.12000000000262,3.460302385856854,2024-11-11,5.0
48.12000000000262,37.68289964902524,2024-11-11,6.0
50.06399999999849,26.67609446169157,2024-11-11,7.0
25.280000000006112,22.160457102158016,2024-11-11,8.0
27.851999999998952,25.49222384900708,2024-11-11,9.0
21.9360000000011,25.266130277473792,2024-11-11,10.0
8.271999999997206,14.13861130390982,2024-11-11,11.0
10.5099999999984,9.523172119390113,2024-11-11,12.0
20.2280000000052,30.11512164686862,2024-11-11,13.0
32.67199999999866,29.655017314808212,2024-11-11,14.0
18.78399999999965,24.988649140511807,2024-11-11,15.0
32.0109999999952,29.89369203685819,2024-11-11,16.0
10.19000000000051,9.290197318242832,2024-11-11,17.0
16.439999999995052,16.60368942560323,2024-11-11,18.0
17.82999999999811,17.994749019401045,2024-11-11,19.0
12.2280000000016,19.353245595184443,2024-11-11,20.0
33.25600000000122,25.16044885897603,2024-11-11,21.0
24.564319568808,32.75751900659163,2024-11-11,22.0
37.52000000000408,25.812513174620012,2024-11-11,23.0
20.42399999999907,22.17325533950597,2024-11-11,24.0
26.81000000000131,19.230480829463,2024-11-11,25.0
11.6680000000051,16.092060599101387,2024-11-11,26.0
21.2580000000054,18.865630531639876,2024-11-11,27.0
12.77599999999802,24.05513929880928,2024-11-11,28.0
19.220000000001164,20.012348261877726,2024-11-11,29.0
25.575999999993652,23.71611242364609,2024-11-11,30.0
30.080000000001743,34.307075666568636,2024-11-11,31.0
25.0320000000065,42.450696137670235,2024-11-11,32.0
10.331999999994878,18.67907510764288,2024-11-11,33.0
12.376000000003842,15.768532600686417,2024-11-11,34.0
27.86800000000221,21.0841799667122,2024-11-11,35.0
8.82800000000378,12.596293703591622,2024-11-11,36.0
38.27999999999884,42.178753269321135,2024-11-11,37.0
13.2599999999984,14.703844032504637,2024-11-11,38.0
10.948000000003958,18.204410660851252,2024-11-11,39.0
22.599999999998545,17.771451326938706,2024-11-12,1.0
28.94799999999668,32.440013563686904,2024-11-12,2.0
19.07999999999447,22.48051822700378,2024-11-12,3.0
18.0,38.018342820095455,2024-11-12,4.0
2.12000000000262,7.896962884130111,2024-11-12,5.0
28.8799999999974,38.049281523795145,2024-11-12,6.0
43.84800000000541,25.89397955728861,2024-11-12,7.0
10.432000000000698,21.75695356238336,2024-11-12,8.0
22.852000000006228,24.745384486910893,2024-11-12,9.0
18.360000000000586,26.682816564587572,2024-11-12,10.0
10.5080000000016,16.40832591133288,2024-11-12,11.0
13.520000000000437,10.18353699641716,2024-11-12,12.0
28.1019999999937,30.203405564818464,2024-11-12,13.0
32.47200000000157,31.516103710879076,2024-11-12,14.0
16.2800000000011,25.30422497503421,2024-11-12,15.0
27.12800000000425,30.09468542277932,2024-11-12,16.0
12.699999999998909,9.259455078311603,2024-11-12,17.0
23.080000000001743,14.098435406264096,2024-11-12,18.0
12.88000000000102,18.74609310246064,2024-11-12,19.0
21.62999999999738,17.152291564887516,2024-11-12,20.0
26.4109999999966,23.22346967166904,2024-11-12,21.0
19.57600000000093,29.25847694758249,2024-11-12,22.0
7.216000000000349,24.977745503436907,2024-11-12,23.0
23.33600000000297,22.504012942943177,2024-11-12,24.0
21.25,19.143640095910246,2024-11-12,25.0
16.39999999999418,17.769861582310835,2024-11-12,26.0
14.86399999999412,18.81909444573939,2024-11-12,27.0
11.5428000000017,25.761403603868096,2024-11-12,28.0
18.891999999999825,20.456359921008534,2024-11-12,29.0
22.4628000000072,25.427328937741407,2024-11-12,30.0
44.1359999999986,33.74391656125421,2024-11-12,31.0
53.55199999999604,42.35635183590372,2024-11-12,32.0
10.680000000000293,18.99852664817252,2024-11-12,33.0
18.77199999999721,16.042287094305813,2024-11-12,34.0
35.720000000001164,21.706181930074337,2024-11-12,35.0
14.360000000000582,13.417197166079218,2024-11-12,36.0
49.76800000000367,42.08440896755462,2024-11-12,37.0
10.790000000000871,14.806330323698202,2024-11-12,38.0
27.943999999995867,17.9310875478972,2024-11-12,39.0
7.47200000000117,17.30386489834273,2024-11-13,1.0
24.2109999999995,30.409299762996227,2024-11-13,2.0
20.020000000004075,22.9306875785096,2024-11-13,3.0
28.2960000000021,37.48399291163489,2024-11-13,4.0
2.091999999996915,6.877096586497301,2024-11-13,5.0
47.80000000000291,39.06336084892159,2024-11-13,6.0
37.167999999997846,29.568611712847257,2024-11-13,7.0
18.27199999999721,23.109748616608368,2024-11-13,8.0
25.7199999999939,25.756034093282132,2024-11-13,9.0
11.5028000000008,26.252999808395792,2024-11-13,10.0
21.82800000000134,16.034578254954393,2024-11-13,11.0
8.869999999998981,10.518464012812677,2024-11-13,12.0
9.488000000004831,29.829407906111136,2024-11-13,13.0
32.5679999999993,31.501971409732025,2024-11-13,14.0
35.97599999999511,26.330617110679615,2024-11-13,15.0
25.599999999998545,30.897692884716893,2024-11-13,16.0
9.710000000000946,9.506540248669316,2024-11-13,17.0
17.468000000000757,14.077360569355186,2024-11-13,18.0
24.90999999999985,20.255952495921104,2024-11-13,19.0
14.290000000000871,15.161882947684349,2024-11-13,20.0
23.2579999999981,24.822282517720748,2024-11-13,21.0
7.99199999999837,28.738409919556624,2024-11-13,22.0
29.42399999999907,27.190719151261707,2024-11-13,23.0
29.731999999996333,24.571754052501618,2024-11-13,24.0
21.610000000000586,20.581947056851995,2024-11-13,25.0
19.872000000003027,17.302944616748064,2024-11-13,26.0
20.66800000000512,19.751335340401504,2024-11-13,27.0
35.080000000001746,25.445082361444495,2024-11-13,28.0
20.5199999999968,21.55390158824868,2024-11-13,29.0
23.247999999999596,25.93539778033039,2024-11-13,30.0
38.18399999999383,34.6158489219901,2024-11-13,31.0
62.54800000000978,42.91727919708663,2024-11-13,32.0
11.5480000000025,17.578343134196682,2024-11-13,33.0
16.332000000002154,15.772837630380979,2024-11-13,34.0
12.1120000000018,21.847060772939408,2024-11-13,35.0
26.76799999999639,13.556393879329843,2024-11-13,36.0
39.89199999999983,40.890479467530035,2024-11-13,37.0
19.959999999999127,15.171896323703349,2024-11-13,38.0
22.908000000003085,17.63376885739436,2024-11-13,39.0
10.4799999999959,17.772178899994707,2024-11-14,1.0
18.268000000003667,33.14645312772195,2024-11-14,2.0
23.50800000000163,25.663646233266306,2024-11-14,3.0
36.06399999999849,36.56650587224872,2024-11-14,4.0
0.810999999998079,7.4431223822261146,2024-11-14,5.0
43.36000000000058,39.052982420003644,2024-11-14,6.0
29.10399999999936,33.458990432328115,2024-11-14,7.0
25.0280000000009,22.17217811767066,2024-11-14,8.0
21.32800000000134,26.74803686713372,2024-11-14,9.0
10.7999999999956,25.729247777159227,2024-11-14,10.0
8.18280000000101,17.088877222185783,2024-11-14,11.0
8.080000000001746,12.666454510267897,2024-11-14,12.0
48.4519999999975,31.87122044609653,2024-11-14,13.0
25.648000000001,32.38702575454094,2024-11-14,14.0
27.68000000000029,25.74199223841618,2024-11-14,15.0
38.12000000000262,29.077228821588502,2024-11-14,16.0
10.180000000000293,10.441047729942266,2024-11-14,17.0
14.982800000004,15.756794989854093,2024-11-14,18.0
14.979999999999563,19.356797270170897,2024-11-14,19.0
10.109999999999,17.529584332590407,2024-11-14,20.0
30.222800000002,27.22288789736571,2024-11-14,21.0
62.63199999999779,28.518035325318255,2024-11-14,22.0
19.60800000000017,25.723849405223696,2024-11-14,23.0
23.788000000000466,25.221911208248745,2024-11-14,24.0
18.590000000000146,21.264054844461143,2024-11-14,25.0
8.659999999996217,17.915429855795324,2024-11-14,26.0
23.31999999999971,20.997350332096957,2024-11-14,27.0
19.76000000000204,25.156832262181446,2024-11-14,28.0
22.9360000000011,22.041190398041152,2024-11-14,29.0
17.299999999995634,26.978516204782327,2024-11-14,30.0
14.1028000000066,39.262559905314234,2024-11-14,31.0
67.33999999999651,43.66269249771068,2024-11-14,32.0
24.0199999999968,16.950144362940158,2024-11-14,33.0
21.167999999997846,17.778029403523675,2024-11-14,34.0
24.951999999997497,25.88240943726673,2024-11-14,35.0
10.760000000002,14.490901360602795,2024-11-14,36.0
25.739999999997963,43.45750613983312,2024-11-14,37.0
11.6599999999999,15.572406895816089,2024-11-14,38.0
19.659999999996217,20.184747685853747,2024-11-14,39.0
10.232000000003609,13.751971698749811,2024-11-15,1.0
16.76,28.340187771157808,2024-11-15,2.0
16.383999999998196,23.624112531749667,2024-11-15,3.0
52.96799999999348,32.87668098810027,2024-11-15,4.0
0.1360000000058789,6.749959923998109,2024-11-15,5.0
36.38799999999901,40.02116320775881,2024-11-15,6.0
26.735999999997148,32.26464812078946,2024-11-15,7.0
28.86800000000221,22.32847945577165,2024-11-15,8.0
21.1120000000018,25.512689056956614,2024-11-15,9.0
19.0880000000025,22.693643520134945,2024-11-15,10.0
14.319999999999707,16.6705592513565,2024-11-15,11.0
8.209999999999127,11.214694086625641,2024-11-15,12.0
39.37999999999738,27.729114689006636,2024-11-15,13.0
32.391999999999825,31.942431911398767,2024-11-15,14.0
26.639999999999414,26.149576070742167,2024-11-15,15.0
37.21999999999389,27.15730176879998,2024-11-15,16.0
3.289999999999054,9.58864671621548,2024-11-15,17.0
17.535999999992782,15.007472170758767,2024-11-15,18.0
23.709999999999127,17.905329065732,2024-11-15,19.0
11.3899999999994,15.719223911929488,2024-11-15,20.0
26.44800000000396,25.599528854299354,2024-11-15,21.0
49.92000000000553,25.988101969376885,2024-11-15,22.0
36.45999999999913,24.286995763752262,2024-11-15,23.0
18.4120000000039,25.019639584779586,2024-11-15,24.0
17.56999999999971,20.577873460128956,2024-11-15,25.0
11.372000000003,19.315323227109904,2024-11-15,26.0
11.1800000000003,19.392279894156538,2024-11-15,27.0
24.247999999999596,25.53163543154513,2024-11-15,28.0
19.99199999999837,21.38753766995176,2024-11-15,29.0
36.18800000000192,25.36684399176974,2024-11-15,30.0
24.54399999999441,32.92420583398192,2024-11-15,31.0
29.520000000004075,45.499659056242855,2024-11-15,32.0
25.4800000000032,14.595411020712428,2024-11-15,33.0
14.5280000000009,18.315163846194714,2024-11-15,34.0
16.747999999999593,23.419037208343337,2024-11-15,35.0
10.61200000000099,15.49165774350035,2024-11-15,36.0
44.512000000002445,40.561555296745944,2024-11-15,37.0
6.069999999999709,14.545198075942377,2024-11-15,38.0
16.4280000000023,18.916880668399234,2024-11-15,39.0
31.6559999999954,13.701021665363886,2024-11-16,1.0
25.7679411198374,25.98433870871444,2024-11-16,2.0
28.88799999999901,23.455918688972066,2024-11-16,3.0
45.60000000000582,31.87172541027867,2024-11-16,4.0
0.7439999999987776,6.012825583844627,2024-11-16,5.0
52.17199999999866,40.99090929829279,2024-11-16,6.0
37.4800000000032,32.65720552528129,2024-11-16,7.0
27.187999999994645,22.157384902810815,2024-11-16,8.0
28.148000000001048,24.40722666644371,2024-11-16,9.0
39.47200000000157,22.9743002340743,2024-11-16,10.0
7.89600000000064,14.473612174156846,2024-11-16,11.0
9.43999999999869,10.590001466443466,2024-11-16,12.0
25.26000000000204,28.813838810566093,2024-11-16,13.0
41.5679999999993,31.863154819360958,2024-11-16,14.0
20.07200000000012,26.23520580743471,2024-11-16,15.0
38.62800000000425,28.21091736220785,2024-11-16,16.0
9.62800000000124,10.451234311304791,2024-11-16,17.0
18.03200000000652,14.863538376625842,2024-11-16,18.0
13.7300000000032,18.194471402998726,2024-11-16,19.0
9.2300000000032,14.641972809599283,2024-11-16,20.0
30.839999999996508,26.307494362495046,2024-11-16,21.0
25.3937166841988,29.89338746434464,2024-11-16,22.0
37.69999999999709,24.10373639084445,2024-11-16,23.0
14.0,24.15973220116689,2024-11-16,24.0
25.799999999999272,21.178785787536604,2024-11-16,25.0
11.9879999999976,17.344427885731935,2024-11-16,26.0
19.791999999994005,19.334110291136025,2024-11-16,27.0
22.99199999999837,24.40045394681008,2024-11-16,28.0
11.4320000000007,21.272119709165143,2024-11-16,29.0
19.639999999999414,24.159427127699185,2024-11-16,30.0
36.39999999999418,29.603550710305527,2024-11-16,31.0
74.73999999999069,48.10226362044043,2024-11-16,32.0
14.927999999999884,16.349391816884683,2024-11-16,33.0
5.739999999997963,17.70286698629916,2024-11-16,34.0
25.548000000002503,23.003890447609223,2024-11-16,35.0
8.980000000003201,13.676357289753282,2024-11-16,36.0
48.78800000000047,38.738318838568674,2024-11-16,37.0
16.090000000000146,13.989152698786613,2024-11-16,38.0
17.192000000002736,20.147856120752973,2024-11-16,39.0
16.463999999999942,15.338480242469782,2024-11-17,1.0
33.7704710170019,26.31197176089725,2024-11-17,2.0
11.5679999999993,23.1674051792021,2024-11-17,3.0
28.79200000000128,35.089519947005094,2024-11-17,4.0
0.1480000000010477,5.273897279167153,2024-11-17,5.0
36.96800000000076,39.19938500486289,2024-11-17,6.0
36.08000000000175,33.60620661335313,2024-11-17,7.0
23.07200000000012,22.884093700106526,2024-11-17,8.0
27.76000000000204,25.34245459918696,2024-11-17,9.0
17.667999999997846,23.04325055617894,2024-11-17,10.0
13.943999999995867,15.636123922965151,2024-11-17,11.0
7.350000000002183,10.88271753118693,2024-11-17,12.0
35.73999999999796,31.11137602202442,2024-11-17,13.0
32.102000000001,32.63676199486623,2024-11-17,14.0
33.84800000000541,26.779517462402723,2024-11-17,15.0
30.33199999999488,32.488314259090956,2024-11-17,16.0
5.449999999998909,11.122800420252624,2024-11-17,17.0
11.3399999999965,16.546970932765333,2024-11-17,18.0
26.2699999999968,19.25850405719961,2024-11-17,19.0
19.049999999999272,15.72475576579085,2024-11-17,20.0
26.880000000004657,26.598219702171704,2024-11-17,21.0
70.69599999999627,31.744878422272173,2024-11-17,22.0
17.0,25.730207792924134,2024-11-17,23.0
45.1099999999953,25.12739134516458,2024-11-17,24.0
12.729999999999563,21.532082730485833,2024-11-17,25.0
18.460000000006403,16.28777702738115,2024-11-17,26.0
20.80000000000291,20.092511561172728,2024-11-17,27.0
13.247999999999593,24.2209491496302,2024-11-17,28.0
19.20799999999872,22.104462406941956,2024-11-17,29.0
28.360000000000586,27.032862881067945,2024-11-17,30.0
33.9360000000011,30.165591268459767,2024-11-17,31.0
48.820000000006985,47.55854725473475,2024-11-17,32.0
24.47200000000157,19.080346147102283,2024-11-17,33.0
11.0,17.952431050098927,2024-11-17,34.0
5.951999999997497,24.25411236645893,2024-11-17,35.0
19.1019999999937,14.262616041678388,2024-11-17,36.0
25.1199999999962,40.601354057767246,2024-11-17,37.0
10.9099999999999,14.732261759699528,2024-11-17,38.0
20.695999999996275,21.0479316065552,2024-11-17,39.0
7.628000000004249,18.029160470052354,2024-11-18,1.0
17.52354,23.958951699198174,2024-11-18,2.0
19.61200000000099,24.141638659019772,2024-11-18,3.0
47.00800000000163,36.76672851077805,2024-11-18,4.0
0.119999999996217,6.559199487515327,2024-11-18,5.0
42.83200000000216,40.48288222635129,2024-11-18,6.0
31.651999999994587,34.99803679555761,2024-11-18,7.0
11.2320000000036,23.526690704403773,2024-11-18,8.0
33.091999999996915,25.088131677700588,2024-11-18,9.0
19.239999999997963,23.218248636072133,2024-11-18,10.0
12.2579999999981,14.989877802742726,2024-11-18,11.0
7.529999999998836,11.068599311826583,2024-11-18,12.0
24.00800000000163,30.71526207925218,2024-11-18,13.0
32.79200000000128,33.524242091671994,2024-11-18,14.0
23.583999999995285,25.484344726120504,2024-11-18,15.0
39.60000000000582,32.29404680202022,2024-11-18,16.0
12.760000000000218,10.742770464159204,2024-11-18,17.0
10.6200000000026,17.489900840263605,2024-11-18,18.0
20.350000000002183,18.797870932966827,2024-11-18,19.0
14.75,13.9367070519129,2024-11-18,20.0
24.1119999999946,26.929477362513126,2024-11-18,21.0
27.47200000000157,29.470790399909596,2024-11-18,22.0
39.38000000000466,27.218650291548553,2024-11-18,23.0
24.62800000000425,23.59171678532752,2024-11-18,24.0
20.75,21.927220857576074,2024-11-18,25.0
11.4319999999925,15.043394954066958,2024-11-18,26.0
16.37600000000384,19.59465298908236,2024-11-18,27.0
25.79200000000128,22.964104409015352,2024-11-18,28.0
11.4280000000023,20.909699282069987,2024-11-18,29.0
30.4109999999966,25.99979410432987,2024-11-18,30.0
31.2880000000104,31.899983023309392,2024-11-18,31.0
41.76799999999639,48.37859609504978,2024-11-18,32.0
22.44799999999668,17.616478445936423,2024-11-18,33.0
20.288000000000466,16.31631706489529,2024-11-18,34.0
28.6999999999971,23.525773471949066,2024-11-18,35.0
10.81600000000617,13.954336270569952,2024-11-18,36.0
45.5880000000025,39.96926409146988,2024-11-18,37.0
14.170000000001892,14.214079681343733,2024-11-18,38.0
21.952000000004773,20.91719157076837,2024-11-18,39.0
25.8399999999965,15.869025402985484,2024-11-19,1.0
27.590000000000146,23.950080269477663,2024-11-19,2.0
27.919999999998254,22.104288162430755,2024-11-19,3.0
38.59199999998964,33.85331857057671,2024-11-19,4.0
0.7320000000036089,4.683713678815977,2024-11-19,5.0
46.59999999999855,39.12007041596598,2024-11-19,6.0
32.7280000000052,36.75252008475747,2024-11-19,7.0
24.847999999998137,22.913467539996784,2024-11-19,8.0
23.648000000001048,25.649747490336026,2024-11-19,9.0
26.61200000000099,20.903775847630875,2024-11-19,10.0
13.260000000002035,14.213066300422543,2024-11-19,11.0
6.5799999999981,10.125311846611323,2024-11-19,12.0
39.17199999999866,29.671193179801236,2024-11-19,13.0
35.667999999997846,31.498562543973925,2024-11-19,14.0
20.57600000000093,25.54875709212589,2024-11-19,15.0
54.02799999999843,31.837839747512678,2024-11-19,16.0
12.460000000000946,9.250627384700355,2024-11-19,17.0
16.139999999999418,17.69808794522599,2024-11-19,18.0
12.739999999997965,20.06314485091138,2024-11-19,19.0
17.2599999999985,14.85154886871256,2024-11-19,20.0
23.10800000000017,27.78671657433063,2024-11-19,21.0
27.648000000001048,36.39728344913851,2024-11-19,22.0
4.639999999999418,25.406776517656784,2024-11-19,23.0
22.599999999998545,25.48820584760604,2024-11-19,24.0
24.709999999999127,21.269591199165774,2024-11-19,25.0
4.960000000006403,14.508660315305464,2024-11-19,26.0
11.7439999999988,20.27361930622802,2024-11-19,27.0
11.6880000000019,20.686275504657832,2024-11-19,28.0
19.192000000002736,20.41636740710364,2024-11-19,29.0
22.4800000000032,25.291018464763148,2024-11-19,30.0
31.263999999995576,31.4428449593642,2024-11-19,31.0
52.03200000000652,48.41724216972454,2024-11-19,32.0
17.8628000000014,18.078441927606047,2024-11-19,33.0
10.5028000000008,15.554728284323227,2024-11-19,34.0
3.427999999999884,21.18016541172061,2024-11-19,35.0
19.063999999998487,14.957313863473143,2024-11-19,36.0
49.25200000000041,37.9145631218832,2024-11-19,37.0
10.9799999999996,13.673002556934955,2024-11-19,38.0
21.55999999999767,20.603909607921373,2024-11-19,39.0
8.20000000000437,14.815480007632102,2024-11-20,1.0
30.305999999996857,23.72149698431769,2024-11-20,2.0
22.667999999997846,20.457849905056193,2024-11-20,3.0
38.9600000000064,35.964249790459796,2024-11-20,4.0
1.495999999999185,3.5611206349110716,2024-11-20,5.0
41.23999999999796,38.35220834558072,2024-11-20,6.0
25.0,33.121115427369766,2024-11-20,7.0
23.05999999999767,20.764347743718197,2024-11-20,8.0
22.351999999998952,25.403700004513905,2024-11-20,9.0
38.85599999999977,20.09081194297135,2024-11-20,10.0
18.12000000000262,14.273019917754727,2024-11-20,11.0
12.2300000000032,9.398268827258292,2024-11-20,12.0
11.9000000000011,29.25152245876048,2024-11-20,13.0
31.747999999999596,30.702168001744024,2024-11-20,14.0
27.512000000002445,25.525724892019525,2024-11-20,15.0
29.256000000001222,31.659964365614748,2024-11-20,16.0
12.229999999999563,9.401819539010488,2024-11-20,17.0
12.531999999999243,16.116092162112768,2024-11-20,18.0
25.850000000002183,19.408007261474513,2024-11-20,19.0
22.4280000000023,14.285065169590752,2024-11-20,20.0
26.419999999998254,26.445615123822517,2024-11-20,21.0
49.55199999999604,35.900103794135454,2024-11-20,22.0
4.267999999996391,26.081061765943367,2024-11-20,23.0
16.731999999996333,25.188636750491522,2024-11-20,24.0
19.7280000000016,18.99658345586996,2024-11-20,25.0
23.127999999996973,13.673128102241545,2024-11-20,26.0
16.135999999998603,18.73874305036424,2024-11-20,27.0
23.639999999999414,21.869450758024136,2024-11-20,28.0
14.907999999995807,18.308670629492557,2024-11-20,29.0
26.57200000000012,25.00570796856121,2024-11-20,30.0
37.48799999999756,30.57291638268782,2024-11-20,31.0
33.9109999999966,49.656139952578506,2024-11-20,32.0
8.87999999999738,18.786039551145013,2024-11-20,33.0
23.12800000000425,15.984317203940092,2024-11-20,34.0
11.2820000000029,20.77303767169171,2024-11-20,35.0
25.0,14.125446381694994,2024-11-20,36.0
53.299999999995634,37.08916210981933,2024-11-20,37.0
13.290000000000871,12.930955545992006,2024-11-20,38.0
21.31999999999971,21.19547531376352,2024-11-20,39.0
7.979999999995925,18.98892025981562,2024-11-21,1.0
36.26800000000125,26.72273875450483,2024-11-21,2.0
22.4320000000007,24.469683267460116,2024-11-21,3.0
31.8228000000078,40.92191747477253,2024-11-21,4.0
1.051999999996042,6.799609134983189,2024-11-21,5.0
28.0559999999969,42.721768806624056,2024-11-21,6.0
35.68000000000029,33.27552173270337,2024-11-21,7.0
23.0280000000008,23.775221747574278,2024-11-21,8.0
21.6560000000027,27.227058619529362,2024-11-21,9.0
10.252000000000407,23.16774186934999,2024-11-21,10.0
16.81999999999971,15.946815681388959,2024-11-21,11.0
12.9799999999995,10.062927491198979,2024-11-21,12.0
35.419999999998254,32.919530787550336,2024-11-21,13.0
6.11200000000186,32.3933691858992,2024-11-21,14.0
19.927999999999884,26.86428646869032,2024-11-21,15.0
39.5280000000009,38.09251401978585,2024-11-21,16.0
7.75,10.754070011570182,2024-11-21,17.0
2.559999999997672,16.386449761237056,2024-11-21,18.0
13.549999999999272,20.985863806710313,2024-11-21,19.0
22.669999999998254,15.476756321919225,2024-11-21,20.0
17.7280000000052,27.465788322345244,2024-11-21,21.0
0.720000000001064,38.73059995929199,2024-11-21,22.0
12.6228000000025,26.48316227014055,2024-11-21,23.0
29.49200000000565,26.376719111580744,2024-11-21,24.0
21.1199999999998,21.291758790164707,2024-11-21,25.0
22.739999999997963,13.62602791022843,2024-11-21,26.0
20.67199999999866,19.79184428870279,2024-11-21,27.0
30.55999999999767,22.52245196444797,2024-11-21,28.0
8.52800000000087,19.942695393869926,2024-11-21,29.0
28.1200000000026,26.364324156925477,2024-11-21,30.0
39.25625,30.743518809467464,2024-11-21,31.0
31.66799999999057,51.327699962661,2024-11-21,32.0
20.506666666663172,20.93801064949511,2024-11-21,33.0
18.739999999997963,16.565269460446636,2024-11-21,34.0
25.063999999998487,17.53530474717218,2024-11-21,35.0
12.919999999998254,16.182121384778966,2024-11-21,36.0
29.632000000005064,39.07915979468658,2024-11-21,37.0
16.899999999997817,14.297077750703487,2024-11-21,38.0
14.0,22.23656141237563,2024-11-21,39.0
7.60800000000017,17.229407357804632,2024-11-22,1.0
16.76666666666696,25.94403247866707,2024-11-22,2.0
22.581333333332925,23.513946680865203,2024-11-22,3.0
38.1679999999905,40.24513017307039,2024-11-22,4.0
16.7685290359855,6.398549126080033,2024-11-22,5.0
28.2559999999969,40.51589067313603,2024-11-22,6.0
25.9519999999975,32.1305894923144,2024-11-22,7.0
26.6080000000026,24.701734724337555,2024-11-22,8.0
27.26266666666682,26.937749208344652,2024-11-22,9.0
10.5800000000017,26.28580751008661,2024-11-22,10.0
10.9720000000011,15.569262021872214,2024-11-22,11.0
9.546666666666471,10.724583047054931,2024-11-22,12.0
45.22000000000117,32.639866957650845,2024-11-22,13.0
36.0746666666649,32.727292440349196,2024-11-22,14.0
21.0799999999944,25.957300655132443,2024-11-22,15.0
26.657333333329007,37.06451225485292,2024-11-22,16.0
10.2299999999995,10.783930717287864,2024-11-22,17.0
13.927999999999884,15.858804984233625,2024-11-22,18.0
23.32999999999811,20.965500996071302,2024-11-22,19.0
24.3899999999994,16.660674754295307,2024-11-22,20.0
10.0,27.720149146506238,2024-11-22,21.0
27.1496338476802,41.89434389300958,2024-11-22,22.0
38.375999999996566,23.493871458524865,2024-11-22,23.0
20.7679999999963,25.127459196240633,2024-11-22,24.0
17.6188868980617,21.283179027014576,2024-11-22,25.0
23.6920000000027,14.391595427379155,2024-11-22,26.0
20.9000000000014,19.311855845341313,2024-11-22,27.0
18.1120000000018,21.480707143374985,2024-11-22,28.0
12.5800000000017,19.143153960547686,2024-11-22,29.0
24.5666451412802,26.64151442676049,2024-11-22,30.0
35.1285330363076,30.69684699892833,2024-11-22,31.0
36.94799999999911,47.952692752062624,2024-11-22,32.0
13.5880000000025,20.100380559184327,2024-11-22,33.0
16.9199999999982,17.0187248921508,2024-11-22,34.0
14.61866666666659,18.08043408137959,2024-11-22,35.0
41.0160000000032,16.417650130059688,2024-11-22,36.0
25.29599999999482,40.73764017398536,2024-11-22,37.0
12.1100000000014,13.731804070528668,2024-11-22,38.0
10.648000000001,21.478937917087762,2024-11-22,39.0
21.0644451087679,17.457303845268708,2024-11-23,1.0
35.14931383994347,28.110624667150436,2024-11-23,2.0
20.39999999999903,23.35311405937768,2024-11-23,3.0
25.7120000000044,39.33520409951529,2024-11-23,4.0
17.2250394305583,6.15052285963301,2024-11-23,5.0
44.217333333333954,38.45768253579,2024-11-23,6.0
25.0428000000017,33.1113557747195,2024-11-23,7.0
21.56933333333048,25.09912359727055,2024-11-23,8.0
25.6893333333331,26.743667296120094,2024-11-23,9.0
32.27999999999884,25.54401609371396,2024-11-23,10.0
8.56533333332552,16.374984677293103,2024-11-23,11.0
5.89333333333253,12.238998030767908,2024-11-23,12.0
42.2720000000044,30.77856895402209,2024-11-23,13.0
25.4920000000008,29.19430839170259,2024-11-23,14.0
21.560000000000095,26.65363684142991,2024-11-23,15.0
25.3626666666702,36.850173315971745,2024-11-23,16.0
10.6533333333336,10.595855684053996,2024-11-23,17.0
19.632000000005064,11.76800689889001,2024-11-23,18.0
21.3700000000026,20.715069059111432,2024-11-23,19.0
13.4146824620561,18.13064235223517,2024-11-23,20.0
25.0741814752807,26.33043669261763,2024-11-23,21.0
25.2425759607941,35.00197085406893,2024-11-23,22.0
25.9120000000039,22.576049778843785,2024-11-23,23.0
26.1904379950293,25.525261972943795,2024-11-23,24.0
17.6966801264911,21.089445891825996,2024-11-23,25.0
13.9416888999024,15.852784911473618,2024-11-23,26.0
17.5395544965633,18.964033900287895,2024-11-23,27.0
36.08000000000175,24.18615474564376,2024-11-23,28.0
18.471999999999145,16.76538816176539,2024-11-23,29.0
23.0554418284782,28.49670405514024,2024-11-23,30.0
25.2850582630103,33.20569925327216,2024-11-23,31.0
61.23733333333075,43.112929321360674,2024-11-23,32.0
17.971999999999145,20.026338858516045,2024-11-23,33.0
6.797333333333275,16.651490838561305,2024-11-23,34.0
33.07600000000093,18.985878402377534,2024-11-23,35.0
12.7844808115864,17.31261570229899,2024-11-23,36.0
25.7839999999996,40.74688867287543,2024-11-23,37.0
10.230928616041,14.364094895518306,2024-11-23,38.0
19.8042253026045,20.86119686585194,2024-11-23,39.0
20.3586109496591,15.422670830458069,2024-11-24,1.0
33.5074903390032,27.62123335230355,2024-11-24,2.0
21.238666666666784,23.279970698528732,2024-11-24,3.0
33.557333333335315,37.23427020180558,2024-11-24,4.0
19.8523961193169,8.274577040335764,2024-11-24,5.0
36.64666666666502,37.279254105472845,2024-11-24,6.0
28.2813333333326,32.07586918839173,2024-11-24,7.0
24.02400000000004,22.888395809660903,2024-11-24,8.0
25.256666666667,26.60267257885076,2024-11-24,9.0
28.41066666666787,23.771539675978204,2024-11-24,10.0
11.8186666666661,15.029926231410906,2024-11-24,11.0
7.480000000000776,10.32521058649917,2024-11-24,12.0
39.68666666666589,31.50802759860754,2024-11-24,13.0
35.80799999999969,30.4225933268509,2024-11-24,14.0
30.97733333333599,24.216969153477944,2024-11-24,15.0
33.170666666665056,35.642162905346275,2024-11-24,16.0
9.619999999999589,10.860626809503797,2024-11-24,17.0
21.4959999999991,13.403945789861199,2024-11-24,18.0
16.8831893973929,20.29453216555426,2024-11-24,19.0
13.9681864385925,19.152636958539162,2024-11-24,20.0
24.2497295422669,23.10003759170007,2024-11-24,21.0
23.4975039172899,32.02700565411286,2024-11-24,22.0
18.9268584720052,21.89393498458974,2024-11-24,23.0
27.7484577845261,25.83014872728744,2024-11-24,24.0
17.6678595660747,20.640347598501172,2024-11-24,25.0
11.3126951892556,17.078710050476182,2024-11-24,26.0
19.6283102541144,19.507944132290113,2024-11-24,27.0
32.3359999999956,21.74425600325784,2024-11-24,28.0
18.9228000000011,15.809970282957211,2024-11-24,29.0
27.852525421081,25.910303510921363,2024-11-24,30.0
35.6542210060469,33.75539114765323,2024-11-24,31.0
44.512000000002445,41.75972242363885,2024-11-24,32.0
23.8293333333259,17.884396852887527,2024-11-24,33.0
17.13066666666661,16.423225718183197,2024-11-24,34.0
10.6879999999971,17.477288693497506,2024-11-24,35.0
16.7132596755648,20.076656332016984,2024-11-24,36.0
37.6730170024785,37.9329421365917,2024-11-24,37.0
12.8115809014445,14.156446008887604,2024-11-24,38.0
24.9551457135823,18.986691764117907,2024-11-24,39.0
14.4980660923169,14.735467017215495,2024-11-25,1.0
21.8423868053066,28.43925299942436,2024-11-25,2.0
23.241333333325,22.52717923626565,2024-11-25,3.0
43.871999999998174,35.46963251717775,2024-11-25,4.0
19.8921061886889,8.136308939662014,2024-11-25,5.0
44.3573333333358,36.20463551683169,2024-11-25,6.0
36.29599999999724,30.326352279707137,2024-11-25,7.0
19.517333333336865,22.563593353370877,2024-11-25,8.0
29.294666666666064,25.849170854623274,2024-11-25,9.0
22.23866666666436,23.330125607311018,2024-11-25,10.0
10.0893333333321,14.626589504470028,2024-11-25,11.0
9.883333333332606,9.480491073947197,2024-11-25,12.0
26.194666666669946,32.10866573861286,2024-11-25,13.0
31.0628000000009,27.440470277325385,2024-11-25,14.0
19.869333333330967,23.53075307367724,2024-11-25,15.0
32.65733333333386,34.13645261975824,2024-11-25,16.0
10.760000000000218,10.88880013038604,2024-11-25,17.0
23.2611505566741,13.950731918405099,2024-11-25,18.0
16.6165086645107,20.9188478471927,2024-11-25,19.0
16.6005794867396,19.75542578445193,2024-11-25,20.0
25.2851872899428,23.139287478500307,2024-11-25,21.0
25.0946916875842,31.225257930249057,2024-11-25,22.0
22.3893250597115,20.928940356937737,2024-11-25,23.0
25.1635812742682,26.149729003678075,2024-11-25,24.0
16.8365953036792,19.7061893815389,2024-11-25,25.0
12.8091072126735,17.240076425821112,2024-11-25,26.0
16.3021699682286,19.058440501271296,2024-11-25,27.0
19.9251861144116,23.054587319078635,2024-11-25,28.0
17.480000000000775,16.425650657851556,2024-11-25,29.0
26.6847865826217,26.105114889331933,2024-11-25,30.0
33.7325086652849,32.0721001218253,2024-11-25,31.0
37.80933333333329,42.53689976651718,2024-11-25,32.0
17.850666666665347,18.009306176018555,2024-11-25,33.0
17.85466666666859,16.34508100913295,2024-11-25,34.0
33.80933333333329,18.437593674051747,2024-11-25,35.0
10.9771005397569,20.60642097798068,2024-11-25,36.0
36.3552743699911,36.910194742211495,2024-11-25,37.0
10.9255669376258,13.533478881057405,2024-11-25,38.0
20.9628300650447,20.234935071944644,2024-11-25,39.0
20.1261764411119,14.983454991834206,2024-11-26,1.0
27.590000000000146,28.8416696508166,2024-11-26,2.0
19.6693333333311,23.617138022959853,2024-11-26,3.0
31.522666666666435,36.59439437502038,2024-11-26,4.0
18.9137959431611,11.21120409185373,2024-11-26,5.0
42.05333333333207,36.439112054491794,2024-11-26,6.0
32.33866666667018,29.333230911991738,2024-11-26,7.0
18.529333333332037,22.93133906892254,2024-11-26,8.0
21.85066666666777,25.69623232164128,2024-11-26,9.0
24.86800000000221,24.615890168702965,2024-11-26,10.0
10.773333333335662,14.684031372568185,2024-11-26,11.0
7.68666666666589,9.563717227080193,2024-11-26,12.0
33.84533333333093,33.354092429120286,2024-11-26,13.0
33.55599999999928,28.59365931894917,2024-11-26,14.0
19.441333333333507,24.118459584385302,2024-11-26,15.0
43.7628000000004,33.658284645752005,2024-11-26,16.0
12.129999999999804,11.050182836681724,2024-11-26,17.0
22.0699756484817,15.007016195088116,2024-11-26,18.0
11.2879696610285,19.861709619173478,2024-11-26,19.0
11.3278002624588,18.675893796192348,2024-11-26,20.0
23.6536635936668,22.89972531882794,2024-11-26,21.0
19.2010516810922,25.114831580915233,2024-11-26,22.0
16.6847804779332,20.897855516366025,2024-11-26,23.0
23.0841984754669,24.44124953217309,2024-11-26,24.0
16.7537667998413,19.810403357983503,2024-11-26,25.0
10.5665859070897,16.1926532787628,2024-11-26,26.0
11.5928366105823,18.967848117819685,2024-11-26,27.0
17.1185420222666,25.52395396056778,2024-11-26,28.0
19.6253333333256,16.24583679076103,2024-11-26,29.0
22.3198655725729,26.151433942260777,2024-11-26,30.0
32.4288888079956,32.58561718988461,2024-11-26,31.0
49.61866666666659,40.893429142631035,2024-11-26,32.0
16.73199999999876,17.746176456043333,2024-11-26,33.0
13.3256666666645,17.455541323397547,2024-11-26,34.0
16.302666666667694,18.203177624055943,2024-11-26,35.0
13.7457203873909,19.882342026575152,2024-11-26,36.0
25.9989120206895,36.94070335163205,2024-11-26,37.0
10.3626202562132,13.659499415476242,2024-11-26,38.0
21.0669770748114,20.379547825486068,2024-11-26,39.0
24.0012643971393,16.327293886574964,2024-11-27,1.0
30.2116228702874,28.839732919784602,2024-11-27,2.0
21.066666666668123,23.47937029960695,2024-11-27,3.0
38.3786666666662,36.28915321540801,2024-11-27,4.0
20.7786982806091,12.940669017837571,2024-11-27,5.0
39.39600000000064,35.808349553035725,2024-11-27,6.0
25.0733333333337,29.67235560317461,2024-11-27,7.0
18.95866666666552,23.817366361225933,2024-11-27,8.0
28.766666666665213,26.040924818459327,2024-11-27,9.0
29.2826666666662,24.17839924833269,2024-11-27,10.0
20.21866666666756,14.59886963131115,2024-11-27,11.0
10.6833333333253,10.154625098273144,2024-11-27,12.0
17.1826666666675,33.0172272160844,2024-11-27,13.0
32.6359999999986,27.779691421601346,2024-11-27,14.0
31.495999999999185,23.637516224959942,2024-11-27,15.0
29.3910102899091,32.67725275026588,2024-11-27,16.0
10.0733333333337,11.489077850298715,2024-11-27,17.0
23.1142857329166,16.882222140432795,2024-11-27,18.0
17.1077100532598,19.818650367315723,2024-11-27,19.0
11.076920381025,19.716810489782212,2024-11-27,20.0
25.590658305833,23.55814215864999,2024-11-27,21.0
20.7106961937251,25.100838728156077,2024-11-27,22.0
23.938535725268,20.3974656551609,2024-11-27,23.0
24.3808379987036,24.467246331560123,2024-11-27,24.0
18.4327617177783,19.73044773041432,2024-11-27,25.0
13.8911316141287,16.741687391925,2024-11-27,26.0
21.3658000612552,19.22341655289214,2024-11-27,27.0
20.599506533894,24.794252465705775,2024-11-27,28.0
17.471999999996722,17.492059689531622,2024-11-27,29.0
23.7683963281802,25.91931177138648,2024-11-27,30.0
38.24728289376,32.90738139322054,2024-11-27,31.0
46.7426666666676,41.02911453834911,2024-11-27,32.0
11.3120000000005,17.245277749782087,2024-11-27,33.0
14.977333333335991,17.631347614199804,2024-11-27,34.0
10.25466666667,20.649596373989738,2024-11-27,35.0
16.676100810038,19.804481182879616,2024-11-27,36.0
33.9589887033011,36.07843295057247,2024-11-27,37.0
12.9813108988569,13.70719399303881,2024-11-27,38.0
22.692713594123,20.431742897277516,2024-11-27,39.0
17.172037247652,16.191052649782012,2024-11-28,1.0
36.26800000000125,29.978715040018177,2024-11-28,2.0
21.693999999999505,24.300239944848013,2024-11-28,3.0
38.63200000000264,35.97470696434863,2024-11-28,4.0
19.1730385883813,15.178924689278112,2024-11-28,5.0
37.45799999999872,36.46817981921643,2024-11-28,6.0
31.6979999999985,30.181726667628997,2024-11-28,7.0
28.28266666666602,22.800229238320398,2024-11-28,8.0
23.82600000000094,26.00601622200984,2024-11-28,9.0
10.597999999998136,23.840628224458076,2024-11-28,10.0
14.447000000000116,14.973033034695927,2024-11-28,11.0
10.2274999999999,9.924491181254844,2024-11-28,12.0
35.26800000000003,33.47643481533227,2024-11-28,13.0
30.878666666668625,27.425459075298274,2024-11-28,14.0
21.220000000001164,22.730225817728286,2024-11-28,15.0
32.5111676720619,32.54675826456813,2024-11-28,16.0
8.11249999999969,11.238827144903262,2024-11-28,17.0
17.1093638995568,17.27505380773409,2024-11-28,18.0
14.6686235646867,18.974678774385477,2024-11-28,19.0
20.0767982511333,17.957473379906382,2024-11-28,20.0
26.2890627148012,23.223646469314364,2024-11-28,21.0
24.5263752600104,23.83434726878641,2024-11-28,22.0
20.3071852141033,20.968272499374677,2024-11-28,23.0
31.0637020422148,24.557895640784427,2024-11-28,24.0
17.28628049797,17.976027647158684,2024-11-28,25.0
13.8182241314103,16.764477150607668,2024-11-28,26.0
19.696906930591,18.992625273924443,2024-11-28,27.0
22.5172004720947,25.139380577052798,2024-11-28,28.0
16.1146666666666,17.674320009551007,2024-11-28,29.0
28.0105667163796,25.27775862237015,2024-11-28,30.0
36.6679084612818,33.08296134497076,2024-11-28,31.0
45.82399999999871,41.1266721987754,2024-11-28,32.0
11.9939999999988,17.03761787472821,2024-11-28,33.0
21.662000000000265,17.890583149077592,2024-11-28,34.0
25.007999999997992,21.23782214306824,2024-11-28,35.0
11.1057162918394,19.385106768476938,2024-11-28,36.0
25.4502936005625,32.966945407941814,2024-11-28,37.0
11.957660798052,13.349118856696922,2024-11-28,38.0
24.8179288967853,20.433841401514726,2024-11-28,39.0
19.3744874171601,17.490847679805935,2024-11-29,1.0
20.766666666667,28.335741084678727,2024-11-29,2.0
22.581333333332925,22.640704526062937,2024-11-29,3.0
43.04199999999399,34.26247630709716,2024-11-29,4.0
16.3535283324148,18.29224717796205,2024-11-29,5.0
41.77699999999896,36.455070366246794,2024-11-29,6.0
26.16499999999905,29.165064030257046,2024-11-29,7.0
28.9659921210641,22.488720193399647,2024-11-29,8.0
31.451228073574,26.076781445826626,2024-11-29,9.0
17.580000000001736,23.70845313350441,2024-11-29,10.0
13.179999999998454,14.666149338814654,2024-11-29,11.0
9.546666666666471,10.192603438661015,2024-11-29,12.0
41.54500000000007,32.94849157794717,2024-11-29,13.0
36.62199999999939,27.915468569188015,2024-11-29,14.0
24.083999999998905,23.938192250485024,2024-11-29,15.0
33.0121928367564,31.710047179112834,2024-11-29,16.0
4.52599999999984,10.772196047303263,2024-11-29,17.0
20.2675772250941,19.168463347175393,2024-11-29,18.0
11.2353068229517,17.61257760267745,2024-11-29,19.0
13.5053761709173,16.760697864118555,2024-11-29,20.0
23.8376766856325,23.28397975657301,2024-11-29,21.0
27.2281246441996,21.46866851558864,2024-11-29,22.0
23.9036099022353,22.884191966465075,2024-11-29,23.0
25.4779445742732,25.46298869224883,2024-11-29,24.0
17.8907244292557,18.075091800232865,2024-11-29,25.0
14.5579503166282,15.7832836681319,2024-11-29,26.0
17.1725363375698,19.25400819976335,2024-11-29,27.0
22.2028874428173,24.65011270471644,2024-11-29,28.0
17.962999999999727,17.636559349219105,2024-11-29,29.0
26.1451677301974,25.15786820344744,2024-11-29,30.0
36.4887961832469,32.885556987796676,2024-11-29,31.0
35.0525584319831,42.57831774253712,2024-11-29,32.0
18.4672824754564,17.58192202575543,2024-11-29,33.0
16.97199999999792,16.14401702474053,2024-11-29,34.0
11.6833333333331,21.07626395626256,2024-11-29,35.0
11.3207294652878,17.927116874527417,2024-11-29,36.0
25.1327009491904,30.651657538759952,2024-11-29,37.0
10.4430160372103,13.593915519662946,2024-11-29,38.0
20.0271123103251,20.340736089399048,2024-11-29,39.0
17.0232000000004,18.596805638973226,2024-11-30,1.0
43.7222800000002,28.723716798284606,2024-11-30,2.0
24.3232000000004,23.00251613132205,2024-11-30,3.0
22.746000000002823,35.122257385936614,2024-11-30,4.0
27.1012000000002,20.161405490886366,2024-11-30,5.0
41.199999999997,37.87468825342854,2024-11-30,6.0
28.8667999999998,29.618907207439005,2024-11-30,7.0
22.5880000000005,23.20952647642059,2024-11-30,8.0
29.7051999999996,26.375609875054224,2024-11-30,9.0
18.3832000000002,23.803246373680366,2024-11-30,10.0
16.1967999999993,14.69932902051786,2024-11-30,11.0
12.2109999999999,9.629222533943611,2024-11-30,12.0
41.4216,33.02428299617471,2024-11-30,13.0
42.9980000000003,31.43428700151739,2024-11-30,14.0
26.1222800000002,24.287729463459897,2024-11-30,15.0
29.3119999999996,31.835179676547728,2024-11-30,16.0
8.02500000000001,10.801571559488298,2024-11-30,17.0
14.663999999997,21.09748294987967,2024-11-30,18.0
19.2809999999998,17.969980387455447,2024-11-30,19.0
20.6728000000002,16.85440322104373,2024-11-30,20.0
25.7267999999996,24.275012347614833,2024-11-30,21.0
26.9368000000002,23.87898931895992,2024-11-30,22.0
37.248,23.51669535011241,2024-11-30,23.0
25.1012000000001,26.11482416435973,2024-11-30,24.0
25.2860000000001,18.141696340733578,2024-11-30,25.0
14.3519999999997,14.754736862974326,2024-11-30,26.0
22.4491999999998,19.566758456927985,2024-11-30,27.0
20.8512000000002,24.082265858559644,2024-11-30,28.0
22.5220000000001,18.620405039610265,2024-11-30,29.0
22.8239999999998,25.873216409720015,2024-11-30,30.0
41.8392000000007,32.73301284066657,2024-11-30,31.0
53.3380000000005,43.04073223885191,2024-11-30,32.0
20.295000000000076,16.650075228312577,2024-11-30,33.0
17.1027999999998,16.988286044811286,2024-11-30,34.0
27.7492000000006,21.22290522315236,2024-11-30,35.0
17.439999999995,18.080955949673573,2024-11-30,36.0
46.8648000000001,30.302929606510194,2024-11-30,37.0
10.277,12.724217135113792,2024-11-30,38.0
19.5103999999999,22.449653412694943,2024-11-30,39.0
11.0,20.806542963628846,2024-12-01,1.0
10.70799999999872,29.663689167260515,2024-12-01,2.0
13.68800000000192,23.353167228531944,2024-12-01,3.0
26.161999999996624,36.733222935400406,2024-12-01,4.0
12.5279999999984,20.51205658809626,2024-12-01,5.0
56.86800000000221,38.40065883538666,2024-12-01,6.0
38.09999999999855,29.844977783239436,2024-12-01,7.0
22.57999999999447,23.671174780299204,2024-12-01,8.0
36.61200000000099,27.694039580558677,2024-12-01,9.0
13.0,24.354059724853744,2024-12-01,10.0
26.10000000000582,14.985760454406192,2024-12-01,11.0
12.099999999998545,9.883545966151424,2024-12-01,12.0
56.95999999999913,32.23315420257283,2024-12-01,13.0
45.17199999999866,32.34565053696875,2024-12-01,14.0
27.927999999999884,24.61803415015337,2024-12-01,15.0
23.68000000000029,32.68492774050752,2024-12-01,16.0
10.8700000000008,9.977965351848308,2024-12-01,17.0
32.88799999999901,22.284496950339392,2024-12-01,18.0
24.459999999999127,17.275475673601463,2024-12-01,19.0
37.38999999999942,15.48614964898646,2024-12-01,20.0
11.0319999999992,26.473670553579105,2024-12-01,21.0
10.8319999999949,24.400946440874897,2024-12-01,22.0
58.3320000000022,23.00185444113525,2024-12-01,23.0
24.44799999999668,26.697469317779504,2024-12-01,24.0
37.79000000000087,18.42812777462191,2024-12-01,25.0
35.80800000000454,13.585666540093959,2024-12-01,26.0
30.5679999999993,19.59212433981619,2024-12-01,27.0
24.93999999999505,24.483738846616742,2024-12-01,28.0
27.83199999999488,19.78160818304531,2024-12-01,29.0
41.95999999999913,26.372378118759585,2024-12-01,30.0
39.92799999999989,33.594553892846,2024-12-01,31.0
72.47999999999593,42.1927408156328,2024-12-01,32.0
7.288000000000466,17.64715529544924,2024-12-01,33.0
20.29200000000128,17.331645762709243,2024-12-01,34.0
27.38799999999901,20.8844954243602,2024-12-01,35.0
35.599999999998545,14.182845871745357,2024-12-01,36.0
55.0,30.502910772440107,2024-12-01,37.0
14.069999999999707,12.703646708533931,2024-12-01,38.0
24.0679999999993,23.776668065508336,2024-12-01,39.0
22.327999999994063,20.36854538715815,2024-12-02,1.0
9.932000000000698,30.532092695392723,2024-12-02,2.0
25.67199999999866,23.606690859656812,2024-12-02,3.0
28.21066666666593,36.559801754016085,2024-12-02,4.0
26.192000000002736,21.414334794693303,2024-12-02,5.0
51.512000000002445,37.34581967887653,2024-12-02,6.0
32.84800000000541,29.47251610451293,2024-12-02,7.0
24.10000000000582,23.991526287630496,2024-12-02,8.0
26.728000000002798,27.27263177417674,2024-12-02,9.0
22.2879999999958,23.177377972260867,2024-12-02,10.0
16.531999999999243,16.023701390857013,2024-12-02,11.0
9.659999999999854,11.157710095618512,2024-12-02,12.0
42.4320000000007,32.02002589463427,2024-12-02,13.0
39.78800000000047,33.056072242937056,2024-12-02,14.0
32.099999999998545,25.216166435737698,2024-12-02,15.0
17.31999999999971,31.99480089918564,2024-12-02,16.0
10.169999999998254,9.852955756512673,2024-12-02,17.0
18.5280000000009,21.30750704961891,2024-12-02,18.0
25.56000000000131,16.06830245180592,2024-12-02,19.0
29.0099999999984,16.052047862433646,2024-12-02,20.0
43.88000000000466,26.347725373809467,2024-12-02,21.0
41.1010657061893,24.3027413163925,2024-12-02,22.0
49.6109999999937,24.095237612265354,2024-12-02,23.0
21.1120000000018,26.18790802592617,2024-12-02,24.0
27.07999999999447,19.972566079170207,2024-12-02,25.0
18.471999999994296,13.4328295397919,2024-12-02,26.0
32.832000000002154,19.866284932027888,2024-12-02,27.0
27.50800000000163,22.504628517797585,2024-12-02,28.0
27.94800000000396,20.93553987310396,2024-12-02,29.0
27.167999999997846,25.73817466476024,2024-12-02,30.0
28.8879999999917,35.67410106713189,2024-12-02,31.0
56.03200000000652,42.688573636895136,2024-12-02,32.0
7.292000000001281,17.539733796757574,2024-12-02,33.0
6.82800000000378,18.63198485758869,2024-12-02,34.0
41.59999999999855,20.622589052906566,2024-12-02,35.0
18.53200000000652,14.880293442525149,2024-12-02,36.0
61.9000000000011,31.88562913461343,2024-12-02,37.0
12.539999999997235,12.467263887383313,2024-12-02,38.0
12.260000000002035,23.38099027198105,2024-12-02,39.0
36.28000000000611,18.07652781836915,2024-12-03,1.0
12.0879999999961,27.496666998414792,2024-12-03,2.0
19.29599999999482,22.3186155567689,2024-12-03,3.0
22.2119999999955,33.99699948369373,2024-12-03,4.0
17.760000000002037,20.049198532450557,2024-12-03,5.0
60.61999999999534,39.58319026071096,2024-12-03,6.0
38.1199999999962,30.593534209406947,2024-12-03,7.0
22.627999999996973,23.108607608801183,2024-12-03,8.0
28.0199999999968,28.421417422151833,2024-12-03,9.0
13.872000000003029,20.73058454561241,2024-12-03,10.0
10.4119999999974,17.676380850712434,2024-12-03,11.0
10.8280000000001,11.383150014785755,2024-12-03,12.0
48.61999999999534,35.63094852069642,2024-12-03,13.0
45.65199999999459,34.97522640734677,2024-12-03,14.0
26.560000000004948,24.65997096785435,2024-12-03,15.0
23.9320000000007,31.395285845817558,2024-12-03,16.0
13.19000000000051,9.437180018002007,2024-12-03,17.0
31.9280000000023,22.611061771815404,2024-12-03,18.0
14.5280000000009,17.220607113567016,2024-12-03,19.0
13.260000000002035,19.682634984520003,2024-12-03,20.0
19.360000000000586,24.070592182893648,2024-12-03,21.0
35.4989042103963,22.501831195949315,2024-12-03,22.0
37.92000000000553,28.195743426288747,2024-12-03,23.0
25.17599999999948,25.911827785316152,2024-12-03,24.0
29.770000000004075,21.7784935693951,2024-12-03,25.0
19.80000000000291,16.781302091413714,2024-12-03,26.0
22.927999999999884,20.679498549593983,2024-12-03,27.0
24.252000000000407,21.685112605238224,2024-12-03,28.0
38.78800000000047,20.83652836131166,2024-12-03,29.0
32.75200000000041,26.700783393617638,2024-12-03,30.0
44.552000000010594,35.17663841018784,2024-12-03,31.0
63.19999999999709,45.91974040345367,2024-12-03,32.0
7.33200000000211,14.512171301845378,2024-12-03,33.0
12.5280000000009,18.616991911046583,2024-12-03,34.0
23.5028000000008,22.063193555927604,2024-12-03,35.0
18.19999999999709,17.52057734847888,2024-12-03,36.0
53.908000000003085,33.93069099656252,2024-12-03,37.0
13.80000000000291,12.314094610865812,2024-12-03,38.0
24.599999999998545,23.044418398441017,2024-12-03,39.0
19.0109999999952,20.607416887943742,2024-12-04,1.0
9.459999999999129,26.189182232769486,2024-12-04,2.0
29.182800000001,22.94466140622081,2024-12-04,3.0
28.9093333333253,32.92019001537448,2024-12-04,4.0
21.70799999999872,21.427824597211952,2024-12-04,5.0
52.9600000000064,41.737664727750946,2024-12-04,6.0
35.55200000000332,30.47863314978675,2024-12-04,7.0
24.8109999999981,24.463475989135894,2024-12-04,8.0
36.87999999999738,28.612768362134005,2024-12-04,9.0
13.720000000001164,21.370760578695048,2024-12-04,10.0
21.77200000000448,19.00243345082162,2024-12-04,11.0
12.4900000000016,11.441984540753861,2024-12-04,12.0
76.4280000000023,36.70824222353107,2024-12-04,13.0
49.37600000000384,36.08757534480715,2024-12-04,14.0
32.2579999999981,26.287195648300177,2024-12-04,15.0
23.056000000004133,29.567373350416336,2024-12-04,16.0
12.430000000000293,10.290249698578672,2024-12-04,17.0
27.0280000000009,22.34086583573353,2024-12-04,18.0
23.720000000001164,19.03926084447234,2024-12-04,19.0
30.2899999999999,21.709501794069027,2024-12-04,20.0
25.19999999999709,26.48830366727106,2024-12-04,21.0
42.35200000000623,24.875774608379277,2024-12-04,22.0
47.0879999999961,31.33561355190852,2024-12-04,23.0
30.192000000002736,26.232523107564223,2024-12-04,24.0
27.739999999997963,23.365408024678473,2024-12-04,25.0
25.36800000000221,18.400426512147476,2024-12-04,26.0
38.76799999999639,23.833159961783494,2024-12-04,27.0
47.16000000000349,23.139334326157307,2024-12-04,28.0
33.19999999999709,23.035404451918303,2024-12-04,29.0
25.1880000000019,27.698814327073546,2024-12-04,30.0
41.1428000000002,35.86607440970556,2024-12-04,31.0
64.36000000000058,47.00353356122531,2024-12-04,32.0
7.279999999998836,13.688386685114118,2024-12-04,33.0
11.9799999999959,17.75449168513511,2024-12-04,34.0
39.96800000000076,23.340191659298256,2024-12-04,35.0
32.82800000000134,18.644284462327967,2024-12-04,36.0
58.63199999999779,38.67834581314275,2024-12-04,37.0
18.52000000000044,13.319447661714076,2024-12-04,38.0
28.3109999999981,22.62958998909884,2024-12-04,39.0
14.2800000000011,24.52453684930985,2024-12-05,1.0
33.36000000000058,27.263880271438534,2024-12-05,2.0
24.20000000000437,25.171142128450157,2024-12-05,3.0
30.6800819237747,34.23069333532151,2024-12-05,4.0
28.9399999999951,22.308330575521524,2024-12-05,5.0
51.42799999999989,44.321400466438554,2024-12-05,6.0
50.04799999999523,33.49971020838616,2024-12-05,7.0
17.2579999999981,25.43058314667271,2024-12-05,8.0
29.66800000000512,31.05260128117872,2024-12-05,9.0
10.687999999994643,20.39537034379044,2024-12-05,10.0
28.299999999995634,19.78162714419882,2024-12-05,11.0
16.020000000000437,12.856895053267817,2024-12-05,12.0
46.37200000000303,40.483064981918105,2024-12-05,13.0
46.5828000000026,38.47072657204944,2024-12-05,14.0
21.27199999999721,27.849768184610312,2024-12-05,15.0
28.47200000000157,28.704871066362887,2024-12-05,16.0
1.610000000000582,11.274561968919604,2024-12-05,17.0
23.31999999999971,24.65804367988021,2024-12-05,18.0
17.429999999996653,20.236112936223982,2024-12-05,19.0
39.63000000000102,23.00748641256023,2024-12-05,20.0
33.20799999999872,27.389314169172025,2024-12-05,21.0
61.6559999999954,28.242634739106094,2024-12-05,22.0
58.95999999999913,36.935814885086536,2024-12-05,23.0
36.36000000000058,27.919528816390518,2024-12-05,24.0
27.220000000001164,26.633027375114803,2024-12-05,25.0
2.2399999999979627,20.805542683653087,2024-12-05,26.0
26.77200000000448,25.945148264239865,2024-12-05,27.0
44.87999999999738,25.493116678098893,2024-12-05,28.0
23.182800000001,26.077171338661536,2024-12-05,29.0
24.46800000000076,30.621531433547293,2024-12-05,30.0
43.84799999999814,38.125183813641286,2024-12-05,31.0
71.49599999999919,49.707215041525394,2024-12-05,32.0
7.32800000000125,13.511028005757513,2024-12-05,33.0
13.2500000000038,19.124709268492776,2024-12-05,34.0
11.2879999999958,25.488910600182518,2024-12-05,35.0
25.42399999999907,20.072940545031333,2024-12-05,36.0
65.80000000000291,42.32742426360218,2024-12-05,37.0
16.149999999997817,14.837625517497436,2024-12-05,38.0
24.056000000004133,24.251711582852728,2024-12-05,39.0
20.268000000003667,21.02011354025475,2024-12-06,1.0
27.7280000000052,21.27446404413637,2024-12-06,2.0
31.4119999999974,23.726612436556874,2024-12-06,3.0
32.8789256100668,29.822816830483738,2024-12-06,4.0
25.4280000000023,20.95850040100068,2024-12-06,5.0
54.53199999999924,45.90181389852586,2024-12-06,6.0
29.6228000000025,31.90272807730306,2024-12-06,7.0
14.8628000000014,24.967869393796335,2024-12-06,8.0
43.37199999999575,30.37462228719288,2024-12-06,9.0
25.96800000000076,17.865778912866684,2024-12-06,10.0
16.12800000000425,18.801804719133568,2024-12-06,11.0
10.209999999999129,11.804738675596312,2024-12-06,12.0
44.95999999999913,46.499962027459944,2024-12-06,13.0
49.20799999999872,38.64562193928253,2024-12-06,14.0
37.13999999999942,26.817381100139333,2024-12-06,15.0
23.719999999993888,25.79425759535627,2024-12-06,16.0
11.8280000000001,10.361658895014296,2024-12-06,17.0
12.37999999999738,23.95772973258795,2024-12-06,18.0
24.280000000002477,20.06794452780278,2024-12-06,19.0
14.69999999999709,23.852914813051214,2024-12-06,20.0
32.7028000000052,25.707079418060882,2024-12-06,21.0
16.252000000000407,28.469886021020077,2024-12-06,22.0
41.192000000002736,36.66973438751208,2024-12-06,23.0
28.99199999999837,25.676176302093122,2024-12-06,24.0
33.93000000000029,25.590032185206134,2024-12-06,25.0
22.2500000000038,20.437973514694512,2024-12-06,26.0
18.9320000000007,26.10172788629545,2024-12-06,27.0
43.74799999999959,26.18470792824387,2024-12-06,28.0
28.735999999997148,26.24265194872566,2024-12-06,29.0
38.03199999999924,28.570723796642056,2024-12-06,30.0
48.7439999999911,36.16128781815086,2024-12-06,31.0
56.0880000000025,50.91396147155044,2024-12-06,32.0
50.18000000000029,11.84120091902457,2024-12-06,33.0
4.779999999998836,16.26957330449281,2024-12-06,34.0
49.47200000000157,27.195924223205754,2024-12-06,35.0
18.976000000002387,21.582199116740167,2024-12-06,36.0
63.359999999993306,43.62293664571379,2024-12-06,37.0
14.830000000001746,13.17797641918341,2024-12-06,38.0
26.182800000001,23.150364301217074,2024-12-06,39.0
12.471999999994296,20.13184715628212,2024-12-07,1.0
31.951999999997497,21.276002475235398,2024-12-07,2.0
20.73200000000361,23.163667334230322,2024-12-07,3.0
25.00800000000163,27.681441730978413,2024-12-07,4.0
22.139999999999414,21.79542683449369,2024-12-07,5.0
47.919999999998254,45.18890233639512,2024-12-07,6.0
38.908000000003085,33.67408947924165,2024-12-07,7.0
18.57600000000093,23.402988554906837,2024-12-07,8.0
21.812000000005355,30.180844886821575,2024-12-07,9.0
13.8280000000038,17.27768543862612,2024-12-07,10.0
25.4319999999925,20.39276142394561,2024-12-07,11.0
16.61999999999898,12.582986482787852,2024-12-07,12.0
64.27999999999884,45.59646118139636,2024-12-07,13.0
48.102000000001,40.3213036343186,2024-12-07,14.0
22.10000000000582,26.551961291197774,2024-12-07,15.0
18.27200000000448,24.725964269391234,2024-12-07,16.0
16.26000000000022,8.499902845311775,2024-12-07,17.0
16.652000000001863,23.581206445894598,2024-12-07,18.0
12.989999999997965,19.857042082651798,2024-12-07,19.0
19.1199999999999,25.215689892189676,2024-12-07,20.0
27.1199999999962,25.881012525790872,2024-12-07,21.0
31.6927374538974,32.418626077228566,2024-12-07,22.0
47.92799999999989,39.99935509480151,2024-12-07,23.0
26.747999999999596,26.368211551094497,2024-12-07,24.0
32.62999999999738,26.394838763412615,2024-12-07,25.0
17.17199999999866,18.842459003206077,2024-12-07,26.0
31.167999999997846,26.75705675889534,2024-12-07,27.0
26.4280000000023,28.89757565020701,2024-12-07,28.0
25.8628000000014,26.530397554173994,2024-12-07,29.0
37.47200000000157,27.079380952064742,2024-12-07,30.0
32.9428000000031,36.56323769359602,2024-12-07,31.0
52.72000000000117,51.85266644139062,2024-12-07,32.0
27.139999999999414,10.558187900995659,2024-12-07,33.0
30.139999999999414,15.061956108747687,2024-12-07,34.0
29.048000000002503,25.580717264884846,2024-12-07,35.0
18.743999999998778,22.81470722823735,2024-12-07,36.0
66.39199999999983,47.31604877144769,2024-12-07,37.0
14.43999999999869,14.063116644679214,2024-12-07,38.0
19.20799999999872,22.61303103209349,2024-12-07,39.0
12.520000000004076,21.18323036879885,2024-12-08,1.0
25.37599999999657,22.238619378657802,2024-12-08,2.0
18.38799999999901,24.746344931633836,2024-12-08,3.0
26.5028000000008,27.645447361107955,2024-12-08,4.0
11.9879999999976,23.12707242148983,2024-12-08,5.0
28.2279999999955,48.32719983017967,2024-12-08,6.0
33.771999999997206,36.15459370880637,2024-12-08,7.0
23.23200000000361,22.049790243154405,2024-12-08,8.0
39.2119999999931,32.20673078677346,2024-12-08,9.0
12.720000000001164,18.699117532414203,2024-12-08,10.0
20.81999999999971,21.130829245956445,2024-12-08,11.0
10.7200000000012,12.62693139718376,2024-12-08,12.0
69.0280000000009,46.47271213057536,2024-12-08,13.0
45.43999999999505,40.99750206153568,2024-12-08,14.0
32.72799999999552,28.676174199808447,2024-12-08,15.0
27.599999999998545,24.85897850882152,2024-12-08,16.0
11.1999999999989,10.485089682927065,2024-12-08,17.0
9.987999999997555,23.897586244977063,2024-12-08,18.0
21.090000000000146,22.01298016680444,2024-12-08,19.0
32.210000000002765,26.017546492349858,2024-12-08,20.0
14.87999999999738,27.550847454459017,2024-12-08,21.0
31.5895852599825,31.908095839493452,2024-12-08,22.0
41.22000000000117,41.3527565158211,2024-12-08,23.0
22.62000000000262,27.450843514945205,2024-12-08,24.0
28.81999999999971,29.38359002814806,2024-12-08,25.0
24.1199999999962,19.971169807973048,2024-12-08,26.0
29.4800000000032,28.17009751011383,2024-12-08,27.0
25.5028000000008,31.723901586997986,2024-12-08,28.0
29.69600000000355,29.038518274986714,2024-12-08,29.0
28.72799999999552,30.25096597991951,2024-12-08,30.0
25.2480000000069,38.40830434725602,2024-12-08,31.0
38.73600000000442,55.4386809972441,2024-12-08,32.0
63.1019999999937,15.05952707791863,2024-12-08,33.0
5.30000000000291,13.884331099296467,2024-12-08,34.0
31.62399999999616,30.44730855435323,2024-12-08,35.0
28.27999999999884,24.01851952590363,2024-12-08,36.0
55.2880000000031,51.22954357097106,2024-12-08,37.0
11.5900000000001,15.166472322811233,2024-12-08,38.0
21.43999999999505,23.689114035404916,2024-12-08,39.0
22.68000000000029,19.241506165927344,2024-12-09,1.0
18.5828000000026,20.50019044522838,2024-12-09,2.0
22.61200000000099,23.81267552278372,2024-12-09,3.0
35.38399999999092,27.40916148368636,2024-12-09,4.0
20.7828000000069,22.03202779868903,2024-12-09,5.0
41.0228000000049,48.79928685958719,2024-12-09,6.0
35.21600000000035,35.35057752719495,2024-12-09,7.0
12.69999999999709,20.76248194892651,2024-12-09,8.0
25.49200000000565,30.35336528129906,2024-12-09,9.0
23.651999999994587,17.1601093631908,2024-12-09,10.0
14.492000000005646,21.250634148218207,2024-12-09,11.0
13.229999999999563,12.696409584960312,2024-12-09,12.0
37.375999999996566,48.1726561956457,2024-12-09,13.0
44.17599999999948,41.31394426137149,2024-12-09,14.0
16.720000000001164,26.475858420492468,2024-12-09,15.0
17.9360000000011,22.665458589682366,2024-12-09,16.0
8.800000000001091,10.390356746126919,2024-12-09,17.0
9.252000000000407,22.625833288208685,2024-12-09,18.0
14.930000000000293,20.188059752343975,2024-12-09,19.0
24.25,24.386872978008086,2024-12-09,20.0
45.49599999999919,26.609973205076873,2024-12-09,21.0
27.667999999997846,31.484639768658404,2024-12-09,22.0
27.652000000001863,44.25375105857463,2024-12-09,23.0
29.739999999997963,26.817190029860036,2024-12-09,24.0
26.7280000000052,29.567502609318165,2024-12-09,25.0
19.98800000000483,18.990010641748725,2024-12-09,26.0
20.27199999999721,26.960281139026698,2024-12-09,27.0
37.28800000000047,31.28509838402489,2024-12-09,28.0
28.031999999999243,27.776901397485364,2024-12-09,29.0
38.52000000000408,30.274428098191443,2024-12-09,30.0
43.28800000000047,36.60808465120076,2024-12-09,31.0
69.32799999999406,54.05061462387263,2024-12-09,32.0
28.80800000000454,15.774643349166988,2024-12-09,33.0
17.959999999999127,14.705379114131878,2024-12-09,34.0
38.76800000000367,30.03173463149274,2024-12-09,35.0
11.760000000002,22.54604210827155,2024-12-09,36.0
58.80000000000291,54.781317546590856,2024-12-09,37.0
10.389999999999418,14.73549622504121,2024-12-09,38.0
17.48800000000483,22.662703982481577,2024-12-09,39.0
20.360000000000586,20.187808776778905,2024-12-10,1.0
10.5360000000001,23.066696636247467,2024-12-10,2.0
25.68000000000029,24.597433841138805,2024-12-10,3.0
17.096000000005006,28.34975860125135,2024-12-10,4.0
24.0879999999961,22.696685902003903,2024-12-10,5.0
53.18800000000192,45.93265957591814,2024-12-10,6.0
25.1199999999962,35.623949492353745,2024-12-10,7.0
11.4280000000023,21.604572566100273,2024-12-10,8.0
26.131999999997788,32.096671117192265,2024-12-10,9.0
16.948000000003958,17.940583020390473,2024-12-10,10.0
30.19999999999709,20.98219421738994,2024-12-10,11.0
12.61999999999898,13.339785053936657,2024-12-10,12.0
62.06399999999849,50.745912427156846,2024-12-10,13.0
45.52000000000408,42.11634883791393,2024-12-10,14.0
30.9120000000039,28.312334707624217,2024-12-10,15.0
26.1428000000002,24.466032576144183,2024-12-10,16.0
14.729999999999563,11.192761322669368,2024-12-10,17.0
23.296000000002092,20.585977838584373,2024-12-10,18.0
13.690000000002328,20.859844198901957,2024-12-10,19.0
24.049999999999272,25.009484625521747,2024-12-10,20.0
17.4120000000039,27.557333049675538,2024-12-10,21.0
48.5028000000008,35.71937675375252,2024-12-10,22.0
18.21600000000035,41.60098946676865,2024-12-10,23.0
19.5280000000009,27.336384259762234,2024-12-10,24.0
35.29000000000087,28.829148305310575,2024-12-10,25.0
19.531999999999243,18.355544187876024,2024-12-10,26.0
21.0879999999961,27.331720309718463,2024-12-10,27.0
26.19999999999709,32.500790174909675,2024-12-10,28.0
27.5,28.86946622607984,2024-12-10,29.0
41.77999999999884,29.867890056074287,2024-12-10,30.0
28.703999999997905,36.82971335534262,2024-12-10,31.0
52.72000000000117,50.33252153406563,2024-12-10,32.0
21.55199999999604,24.110686536722714,2024-12-10,33.0
10.1879999999946,13.102682227723811,2024-12-10,34.0
39.08000000000175,31.086197895423016,2024-12-10,35.0
18.479999999995925,23.51592686215206,2024-12-10,36.0
59.95999999999913,55.16824962779823,2024-12-10,37.0
14.779999999998836,14.888703417591731,2024-12-10,38.0
21.182800000001,23.58986695376126,2024-12-10,39.0
21.231999999996333,21.164108873354365,2024-12-11,1.0
43.9109999999966,25.201450807501125,2024-12-11,2.0
24.57200000000012,25.918910337885368,2024-12-11,3.0
31.127999999996973,30.245326104236565,2024-12-11,4.0
9.83200000000211,23.205169342104874,2024-12-11,5.0
48.108000000000175,45.718987797602956,2024-12-11,6.0
39.9428000000031,37.73680260796828,2024-12-11,7.0
16.05999999999767,21.26394980211751,2024-12-11,8.0
43.69600000000355,33.546970956694985,2024-12-11,9.0
18.182800000001,19.72148188946862,2024-12-11,10.0
14.427999999999884,22.542582140521187,2024-12-11,11.0
18.820000000003347,14.79650109090377,2024-12-11,12.0
56.36800000000221,52.750174406805726,2024-12-11,13.0
51.59199999999692,43.85429644403704,2024-12-11,14.0
36.299999999995634,27.795192746905034,2024-12-11,15.0
20.2579999999981,25.858198459088896,2024-12-11,16.0
13.090000000000146,12.237805941629151,2024-12-11,17.0
26.87199999999575,20.433302014607598,2024-12-11,18.0
20.109999999996944,20.224322168948877,2024-12-11,19.0
19.090000000000146,26.49335928763143,2024-12-11,20.0
46.81999999999971,29.440390036797243,2024-12-11,21.0
18.50800000000163,34.06835210457165,2024-12-11,22.0
18.791999999994005,40.32302432530647,2024-12-11,23.0
36.43999999999505,29.373448742186127,2024-12-11,24.0
35.45999999999913,30.087760104270018,2024-12-11,25.0
23.0280000000009,20.711633998740762,2024-12-11,26.0
41.26000000000204,28.44808222552896,2024-12-11,27.0
22.239999999997963,35.216789409682306,2024-12-11,28.0
23.548000000002503,29.86125505499978,2024-12-11,29.0
37.05999999999767,32.211155012020676,2024-12-11,30.0
32.1759999999922,38.498890230185474,2024-12-11,31.0
63.85599999999977,54.56324211086848,2024-12-11,32.0
41.4280000000023,28.01403894714163,2024-12-11,33.0
22.2528000000046,16.599882808592707,2024-12-11,34.0
49.979999999995925,32.32783676800185,2024-12-11,35.0
32.12800000000425,23.915620540171457,2024-12-11,36.0
55.75999999999476,54.941127111540176,2024-12-11,37.0
19.9900000000016,15.925427488575092,2024-12-11,38.0
18.667999999997846,25.545267913255564,2024-12-11,39.0
21.720000000001164,19.933170663391763,2024-12-12,1.0
20.580000000001743,25.107325289573115,2024-12-12,2.0
27.167999999997846,26.962490216667103,2024-12-12,3.0
29.21600000000035,29.816384455410414,2024-12-12,4.0
11.6879999999946,23.309511118503057,2024-12-12,5.0
48.07999999999447,42.754769627511905,2024-12-12,6.0
26.919999999998254,34.14559555433774,2024-12-12,7.0
17.368000000002212,18.8079989414867,2024-12-12,8.0
28.599999999998545,31.712831721540844,2024-12-12,9.0
10.695999999996276,18.953315872658496,2024-12-12,10.0
26.372000000003027,24.585956754581975,2024-12-12,11.0
14.089999999996508,14.05804831441091,2024-12-12,12.0
50.02000000000408,51.31361768685518,2024-12-12,13.0
45.13999999999942,42.48549144843241,2024-12-12,14.0
26.427999999999884,27.638713249859965,2024-12-12,15.0
27.55999999999767,25.233657762296065,2024-12-12,16.0
12.609999999998765,11.861402143236749,2024-12-12,17.0
3.0720000000001164,18.56052955474302,2024-12-12,18.0
17.0280000000009,19.54697810047576,2024-12-12,19.0
29.239999999997963,25.995279774298673,2024-12-12,20.0
27.2800000000011,28.50235186392504,2024-12-12,21.0
39.6965094594385,35.164485627555734,2024-12-12,22.0
55.55200000000332,36.76304133115862,2024-12-12,23.0
22.03200000000652,28.1416173804994,2024-12-12,24.0
26.229999999995925,30.278894164489508,2024-12-12,25.0
16.2119999999931,19.870920618119264,2024-12-12,26.0
17.419999999998254,26.590926308031015,2024-12-12,27.0
37.700000000004366,35.263133212746624,2024-12-12,28.0
27.87999999999738,27.979142784159198,2024-12-12,29.0
31.2280000000052,32.582175283289715,2024-12-12,30.0
43.79200000000128,36.99222746632997,2024-12-12,31.0
67.62399999999616,51.36625653318108,2024-12-12,32.0
17.18800000000192,28.601866633337405,2024-12-12,33.0
37.0,14.955443999869335,2024-12-12,34.0
10.2200000000012,32.08448348600728,2024-12-12,35.0
25.1019999999937,22.59898497141749,2024-12-12,36.0
39.18000000000029,56.55670513238797,2024-12-12,37.0
19.18999999999869,15.33299746943641,2024-12-12,38.0
21.427999999999884,23.861863001885588,2024-12-12,39.0
23.44799999999668,18.03016466589703,2024-12-13,1.0
13.639999999999418,26.451368277229307,2024-12-13,2.0
37.0280000000009,23.879251756459507,2024-12-13,3.0
17.3028000000037,27.432435738444937,2024-12-13,4.0
32.79200000000128,19.99704273689783,2024-12-13,5.0
38.29200000000128,41.43720338241201,2024-12-13,6.0
41.2280000000028,34.71520845893255,2024-12-13,7.0
12.731999999996331,16.927079599484628,2024-12-13,8.0
31.29200000000128,31.31403927846647,2024-12-13,9.0
11.1120000000018,18.833578205506885,2024-12-13,10.0
19.288000000000466,21.926913465666544,2024-12-13,11.0
3.92800000000233,14.301324780370617,2024-12-13,12.0
52.77999999999884,49.307393255497146,2024-12-13,13.0
46.56000000000495,41.41040258645494,2024-12-13,14.0
31.42399999999907,27.05784981977833,2024-12-13,15.0
22.29200000000128,23.50374382584804,2024-12-13,16.0
10.38000000000102,11.28894008140583,2024-12-13,17.0
11.5360000000001,17.729618921217412,2024-12-13,18.0
11.0600000000013,17.697715974912253,2024-12-13,19.0
17.81999999999971,23.904085761909762,2024-12-13,20.0
38.87999999999738,29.482467921414333,2024-12-13,21.0
30.2818668855253,30.462988845613772,2024-12-13,22.0
29.57600000000093,33.653040825581684,2024-12-13,23.0
20.719999999993888,26.746085582966156,2024-12-13,24.0
30.2500000000038,30.257211788674905,2024-12-13,25.0
22.9028000000023,18.72727282124099,2024-12-13,26.0
24.580000000001743,25.71119606931811,2024-12-13,27.0
20.0280000000009,30.379221919449925,2024-12-13,28.0
29.05199999999604,26.060857531271328,2024-12-13,29.0
47.359999999993306,33.32610410428576,2024-12-13,30.0
54.06399999999849,34.8362040910596,2024-12-13,31.0
74.16000000000349,50.18317702452737,2024-12-13,32.0
10.559999999997672,31.911990456957042,2024-12-13,33.0
21.867999999994936,15.633920328655694,2024-12-13,34.0
26.68000000000029,33.59095775532731,2024-12-13,35.0
19.44800000000396,22.013117404120464,2024-12-13,36.0
55.4800000000032,55.40800587099602,2024-12-13,37.0
12.729999999999563,14.094239580422874,2024-12-13,38.0
24.5028000000008,21.667845024032136,2024-12-13,39.0
29.7280000000052,24.169262355896727,2024-12-14,1.0
8.0,31.041497988426134,2024-12-14,2.0
21.19999999999709,29.535390748922172,2024-12-14,3.0
10.1600000000035,32.64094927153583,2024-12-14,4.0
31.48800000000483,21.60354437879924,2024-12-14,5.0
41.700000000004366,45.010123692575824,2024-12-14,6.0
30.26000000000204,37.17723198025318,2024-12-14,7.0
10.9880000000048,20.71107109283892,2024-12-14,8.0
22.339999999996508,36.61615237914671,2024-12-14,9.0
10.059999999997672,21.51216184431181,2024-12-14,10.0
7.399999999994179,25.802213491961293,2024-12-14,11.0
5.309999999997672,16.46542115537711,2024-12-14,12.0
28.551999999996,54.40819267446122,2024-12-14,13.0
32.13999999999942,46.49169820122309,2024-12-14,14.0
20.9360000000011,32.992564274304705,2024-12-14,15.0
20.0880000000025,28.277519048008408,2024-12-14,16.0
10.7099999999991,15.143128964759503,2024-12-14,17.0
20.9028000000023,16.298824192777364,2024-12-14,18.0
28.2500000000001,22.157096063474853,2024-12-14,19.0
16.31000000000131,28.07522046935449,2024-12-14,20.0
30.872000000003027,34.633420883267696,2024-12-14,21.0
32.8627137088633,34.355486144321326,2024-12-14,22.0
41.94399999999587,38.96799244246795,2024-12-14,23.0
20.548000000002503,31.10858186183167,2024-12-14,24.0
27.729999999995925,35.258187332226264,2024-12-14,25.0
16.2880000000031,24.318644807337854,2024-12-14,26.0
19.788000000000466,30.724942594768322,2024-12-14,27.0
31.2109999999995,34.65687097546429,2024-12-14,28.0
26.560000000004948,31.62731891113904,2024-12-14,29.0
36.10000000000582,39.861177965722135,2024-12-14,30.0
32.9120000000101,40.1890961546501,2024-12-14,31.0
43.32799999999406,55.515160477051275,2024-12-14,32.0
28.451999999997497,37.173588890668235,2024-12-14,33.0
22.908000000003085,23.80011898755125,2024-12-14,34.0
19.5280000000009,36.58602321262635,2024-12-14,35.0
13.69999999999709,26.408871602703066,2024-12-14,36.0
18.05999999999767,55.80692592180042,2024-12-14,37.0
10.9000000000011,19.447704402484597,2024-12-14,38.0
22.31999999999971,26.083710365047615,2024-12-14,39.0
10.572000000000116,20.158385503461652,2024-12-15,1.0
33.63999999999942,24.234161164550223,2024-12-15,2.0
37.512000000002445,25.82746870600021,2024-12-15,3.0
26.439999999987776,26.132398059319097,2024-12-15,4.0
25.807999999997264,19.90515671531855,2024-12-15,5.0
46.92799999999989,39.352804961024376,2024-12-15,6.0
44.77999999999884,33.333184406208396,2024-12-15,7.0
20.1199999999962,16.72942004834181,2024-12-15,8.0
29.048000000002503,31.368547037443864,2024-12-15,9.0
14.052000000003318,16.77004131141136,2024-12-15,10.0
18.71200000000681,22.60133997427531,2024-12-15,11.0
17.260000000002037,13.091279169381494,2024-12-15,12.0
70.8280000000038,50.20308536076343,2024-12-15,13.0
51.25999999999476,41.84360802542536,2024-12-15,14.0
32.5428000000017,27.58416623637473,2024-12-15,15.0
28.752000000000407,23.63915204737992,2024-12-15,16.0
9.52800000000087,12.881505577945722,2024-12-15,17.0
22.94799999999668,15.033188408966131,2024-12-15,18.0
13.86999999999898,16.78493763458266,2024-12-15,19.0
25.260000000002,23.881858947803337,2024-12-15,20.0
27.90799999999581,30.819074403065247,2024-12-15,21.0
56.58000000000175,31.16411031082291,2024-12-15,22.0
51.0880000000025,31.228230690361134,2024-12-15,23.0
25.66000000000349,25.62946161103632,2024-12-15,24.0
30.720000000001164,29.551827473963787,2024-12-15,25.0
21.2879999999958,20.58002459245228,2024-12-15,26.0
44.13199999999779,25.66381700899587,2024-12-15,27.0
41.72000000000117,27.18147052554353,2024-12-15,28.0
38.108000000000175,27.010759113290938,2024-12-15,29.0
30.89999999999418,35.6817375440459,2024-12-15,30.0
57.04799999999523,36.21888116867914,2024-12-15,31.0
73.83200000000943,52.956956135347426,2024-12-15,32.0
24.37600000000384,28.447240470489493,2024-12-15,33.0
7.091999999996915,21.71502089286751,2024-12-15,34.0
43.919999999998254,31.587339818093213,2024-12-15,35.0
27.531999999999243,22.48114392178613,2024-12-15,36.0
49.7280000000052,51.040290890194605,2024-12-15,37.0
14.56000000000131,15.475053542060905,2024-12-15,38.0
17.987999999997555,22.054681897065898,2024-12-15,39.0
31.847999999998137,23.62802707233822,2024-12-16,1.0
8.012000000002445,22.11672660564117,2024-12-16,2.0
28.536000000000055,26.908698493308492,2024-12-16,3.0
17.9028000000095,25.240875472532387,2024-12-16,4.0
9.99199999999837,22.018566396004864,2024-12-16,5.0
54.66399999999703,40.98642140737041,2024-12-16,6.0
25.7999999999956,32.577055607702334,2024-12-16,7.0
22.919999999998254,16.321620133120025,2024-12-16,8.0
27.83199999999488,31.487804786362105,2024-12-16,9.0
19.1199999999962,16.928854203308916,2024-12-16,10.0
26.927999999999884,21.12019999832375,2024-12-16,11.0
10.130000000001,11.982610420888781,2024-12-16,12.0
63.48799999999756,47.56563306213354,2024-12-16,13.0
51.86000000000058,42.122258420291544,2024-12-16,14.0
31.055999999996857,27.942331720886806,2024-12-16,15.0
25.5199999999968,24.699737990139898,2024-12-16,16.0
14.659999999999854,12.766530304490546,2024-12-16,17.0
19.172000000005937,16.59856693450355,2024-12-16,18.0
10.959999999999129,19.374860307965946,2024-12-16,19.0
32.87999999999738,24.17776287135883,2024-12-16,20.0
32.0,32.28534274644128,2024-12-16,21.0
58.271999999997206,32.04460784369757,2024-12-16,22.0
50.55999999999767,31.161709204350778,2024-12-16,23.0
19.619999999995343,26.129009905516217,2024-12-16,24.0
32.9000000000011,30.1235762676185,2024-12-16,25.0
14.639999999999418,21.213743243391544,2024-12-16,26.0
23.18000000000029,25.937909676073158,2024-12-16,27.0
14.1199999999962,28.2918002340577,2024-12-16,28.0
32.19999999999709,27.671617500938666,2024-12-16,29.0
38.68800000000192,37.18996831640606,2024-12-16,30.0
44.5828000000026,37.76972242765934,2024-12-16,31.0
58.463999999992666,54.0818533968016,2024-12-16,32.0
45.4320000000007,28.73274504136011,2024-12-16,33.0
11.0920000000042,21.736492891179445,2024-12-16,34.0
46.9320000000007,30.90484605910193,2024-12-16,35.0
17.12000000000262,22.246238254656433,2024-12-16,36.0
60.1199999999962,47.421045206120105,2024-12-16,37.0
24.950000000000728,15.597573659673763,2024-12-16,38.0
14.50800000000163,23.00970776742591,2024-12-16,39.0
25.220000000001164,22.94491188963886,2024-12-17,1.0
8.576000000000931,23.564807940138056,2024-12-17,2.0
22.07999999999447,29.208564496986938,2024-12-17,3.0
18.463999999992662,25.292682697751523,2024-12-17,4.0
29.8280000000038,24.136801489769134,2024-12-17,5.0
39.807999999997264,42.29783517972162,2024-12-17,6.0
41.72000000000117,34.25144138992511,2024-12-17,7.0
20.7428000000061,15.926979440324493,2024-12-17,8.0
27.4800000000032,30.348678089700332,2024-12-17,9.0
18.33600000000297,17.577805631124445,2024-12-17,10.0
13.57999999999447,21.692548260078386,2024-12-17,11.0
7.69999999999709,13.942276437495728,2024-12-17,12.0
72.41999999999825,47.55517416390418,2024-12-17,13.0
53.16800000000512,41.996298823132555,2024-12-17,14.0
28.99200000000565,28.693137828735132,2024-12-17,15.0
13.175999999999476,25.46515342257835,2024-12-17,16.0
9.280000000000657,12.634207769587253,2024-12-17,17.0
20.847999999998137,18.56320460311949,2024-12-17,18.0
19.62000000000262,18.612962193732205,2024-12-17,19.0
26.1100000000011,23.99806478639406,2024-12-17,20.0
33.427999999999884,32.67621430487504,2024-12-17,21.0
46.01600000000326,35.99960336916799,2024-12-17,22.0
45.76000000000204,33.48143312835192,2024-12-17,23.0
22.70799999999872,26.426871469873333,2024-12-17,24.0
30.25,30.783098122367157,2024-12-17,25.0
24.132000000005064,20.765884567352458,2024-12-17,26.0
22.391999999999825,27.846102185225575,2024-12-17,27.0
39.36000000000058,30.675354195196853,2024-12-17,28.0
28.67199999999866,28.626108761874914,2024-12-17,29.0
41.5828000000026,36.82909965602546,2024-12-17,30.0
56.5028000000008,39.91161400843138,2024-12-17,31.0
18.0228000000049,56.70186777856662,2024-12-17,32.0
24.479999999995925,25.174467042551075,2024-12-17,33.0
28.799999999995634,21.462933040171375,2024-12-17,34.0
41.296000000002095,31.825852803844676,2024-12-17,35.0
18.548000000002503,22.766056625361905,2024-12-17,36.0
43.33200000000216,45.67321071363908,2024-12-17,37.0
4.719999999997526,16.309626965558785,2024-12-17,38.0
24.29200000000128,22.46570225714591,2024-12-17,39.0
27.619999999995343,23.660999384024755,2024-12-18,1.0
33.23999999999796,21.20141602403009,2024-12-18,2.0
24.452000000004773,29.097789654305476,2024-12-18,3.0
24.5679999999993,22.914677204076074,2024-12-18,4.0
19.07200000000012,21.699645062286166,2024-12-18,5.0
49.80800000000454,43.164217758610555,2024-12-18,6.0
48.86800000000221,33.09885527010177,2024-12-18,7.0
23.487999999997555,17.07483509899655,2024-12-18,8.0
24.68800000000192,30.083773848650953,2024-12-18,9.0
24.131999999997788,16.279858966669977,2024-12-18,10.0
24.720000000001164,21.98172522775501,2024-12-18,11.0
14.05000000000291,12.533225111724674,2024-12-18,12.0
51.95999999999913,50.873521522255125,2024-12-18,13.0
49.39999999999418,43.032178317217614,2024-12-18,14.0
35.95999999999913,29.286708483849463,2024-12-18,15.0
22.3028000000037,25.438045498630146,2024-12-18,16.0
22.049999999999272,12.87822156002651,2024-12-18,17.0
11.9519999999975,18.80782173758596,2024-12-18,18.0
31.609999999996944,17.418159096292285,2024-12-18,19.0
27.989999999997963,24.317051042288746,2024-12-18,20.0
36.31200000000536,31.820277107490416,2024-12-18,21.0
42.8057115069252,37.743221847391204,2024-12-18,22.0
51.419999999998254,36.10506024302812,2024-12-18,23.0
38.6228000000025,24.936596774414994,2024-12-18,24.0
29.76000000000204,30.797659311333703,2024-12-18,25.0
16.5280000000009,19.677461001016635,2024-12-18,26.0
31.81600000000617,27.864764295342113,2024-12-18,27.0
36.69599999999628,27.640305305801938,2024-12-18,28.0
33.78000000000611,29.116853899096217,2024-12-18,29.0
43.24799999999959,36.127632784538875,2024-12-18,30.0
46.75999999999476,39.78529143688062,2024-12-18,31.0
11.5760000000009,55.862423421316755,2024-12-18,32.0
26.48800000000483,26.3089934540319,2024-12-18,33.0
10.7200000000012,20.79823394582362,2024-12-18,34.0
37.89199999999983,31.392519167873793,2024-12-18,35.0
29.987999999997555,22.91612471184418,2024-12-18,36.0
64.2960000000021,45.824920869525485,2024-12-18,37.0
11.4280000000023,17.12006569674242,2024-12-18,38.0
24.57999999999447,21.808458845403127,2024-12-18,39.0
38.72000000000117,27.91639611636595,2024-12-19,1.0
23.9320000000007,24.144700768179312,2024-12-19,2.0
35.23999999999796,32.007208420120605,2024-12-19,3.0
25.8320000000094,26.53746323298249,2024-12-19,4.0
26.148000000001048,25.71798336675277,2024-12-19,5.0
48.29200000000128,44.277289450327615,2024-12-19,6.0
41.61200000000099,38.60305525783488,2024-12-19,7.0
11.6399999999994,20.17408008895283,2024-12-19,8.0
35.479999999995925,32.50909162879371,2024-12-19,9.0
10.0280000000009,18.41558271986066,2024-12-19,10.0
29.599999999998545,22.39792573306582,2024-12-19,11.0
13.719999999997526,13.625490158097799,2024-12-19,12.0
43.30000000000291,54.214034981239784,2024-12-19,13.0
49.3828000000055,45.373650687920275,2024-12-19,14.0
30.93999999999505,31.120146557512165,2024-12-19,15.0
23.77599999999802,26.442109041613683,2024-12-19,16.0
10.430000000000293,14.2826660840847,2024-12-19,17.0
17.976000000002387,20.5895372535,2024-12-19,18.0
20.7300000000032,20.341695503014694,2024-12-19,19.0
37.85000000000218,26.68112328084098,2024-12-19,20.0
25.2479999999996,35.02452237785683,2024-12-19,21.0
38.6632257229068,40.199971521411996,2024-12-19,22.0
45.85199999999895,41.57586343517515,2024-12-19,23.0
25.4879999999976,26.86564162180555,2024-12-19,24.0
26.7699999999968,32.40706775043813,2024-12-19,25.0
18.639999999999414,22.412601342111675,2024-12-19,26.0
18.359999999993303,29.348810270248745,2024-12-19,27.0
28.5200000000041,31.221694842207206,2024-12-19,28.0
28.22799999999552,32.00834530214331,2024-12-19,29.0
52.479999999995925,38.53987906387914,2024-12-19,30.0
51.1120000000018,44.80202158517287,2024-12-19,31.0
29.21600000000035,54.26662468982817,2024-12-19,32.0
11.3919999999998,28.195673869567724,2024-12-19,33.0
24.788000000000466,25.936661473560495,2024-12-19,34.0
23.57200000000012,34.25585334633457,2024-12-19,35.0
20.652000000001863,24.63148004201872,2024-12-19,36.0
60.53199999999924,45.14766441021544,2024-12-19,37.0
24.149999999997817,17.9219162150345,2024-12-19,38.0
25.648000000001048,24.605567269439877,2024-12-19,39.0
29.459999999999127,26.585650115342972,2024-12-20,1.0
10.2109999999995,21.460129129358045,2024-12-20,2.0
36.2280000000028,29.89561490908839,2024-12-20,3.0
32.3109999999908,24.068141450309344,2024-12-20,4.0
22.19999999999709,25.29133296548379,2024-12-20,5.0
55.53199999999924,43.12132099268931,2024-12-20,6.0
42.72000000000117,37.81093118628346,2024-12-20,7.0
19.37999999999738,20.74164248191154,2024-12-20,8.0
22.68000000000029,29.274377665961143,2024-12-20,9.0
12.2500000000038,18.902626456062897,2024-12-20,10.0
18.76000000000204,22.870982653294313,2024-12-20,11.0
13.270000000000437,13.304990495969788,2024-12-20,12.0
56.79200000000128,53.22915474727649,2024-12-20,13.0
44.71999999999389,44.5992423809976,2024-12-20,14.0
25.9200000000055,30.473941091853177,2024-12-20,15.0
11.3600000000006,25.40452763179832,2024-12-20,16.0
8.109999999998763,15.114912990643887,2024-12-20,17.0
27.639999999999414,18.883869634757467,2024-12-20,18.0
11.989999999998,21.64196138228005,2024-12-20,19.0
31.77000000000044,26.776137151255973,2024-12-20,20.0
37.69199999999546,33.96759724449101,2024-12-20,21.0
29.7737447965623,43.03028900029105,2024-12-20,22.0
54.0880000000025,44.084231786888296,2024-12-20,23.0
25.0319999999992,26.731423422810334,2024-12-20,24.0
28.1979999999967,30.627114183715786,2024-12-20,25.0
21.69999999999709,21.18760139116726,2024-12-20,26.0
30.692000000002736,28.354182635080775,2024-12-20,27.0
37.65200000000186,31.761586466045543,2024-12-20,28.0
29.8109999999981,32.67816671619325,2024-12-20,29.0
36.28800000000047,37.99962263092863,2024-12-20,30.0
50.73600000000442,47.124046260895966,2024-12-20,31.0
59.92799999999989,48.72645675224955,2024-12-20,32.0
29.83199999999488,26.9350705631994,2024-12-20,33.0
23.66000000000349,22.080491612587927,2024-12-20,34.0
25.6399999999994,33.84683758822313,2024-12-20,35.0
19.0280000000009,24.44781048921907,2024-12-20,36.0
59.108000000000175,45.4411708265738,2024-12-20,37.0
10.709999999999129,16.365271683054203,2024-12-20,38.0
25.891999999999825,24.58947029876007,2024-12-20,39.0
26.5280000000009,25.267028899660332,2024-12-21,1.0
25.747999999999596,18.82113920946729,2024-12-21,2.0
29.47200000000157,27.546985218819824,2024-12-21,3.0
23.2280000000052,20.157024360732755,2024-12-21,4.0
32.86800000000221,23.664379678941835,2024-12-21,5.0
63.20799999999872,39.63539221421231,2024-12-21,6.0
39.2109999999995,36.08785155318582,2024-12-21,7.0
10.387999999999,17.078196068063402,2024-12-21,8.0
14.29200000000128,26.61283241262442,2024-12-21,9.0
18.64799999999377,15.102256705362535,2024-12-21,10.0
20.919999999998254,20.325418250922812,2024-12-21,11.0
16.19000000000233,10.199518273773842,2024-12-21,12.0
67.66799999999785,48.243177958744624,2024-12-21,13.0
46.0280000000009,42.3591819798193,2024-12-21,14.0
28.788000000000466,28.247681747723753,2024-12-21,15.0
24.599999999998545,22.352672638956918,2024-12-21,16.0
10.1280000000012,11.56429990181453,2024-12-21,17.0
16.639999999999418,17.164050521547168,2024-12-21,18.0
30.970000000001164,19.211560816804575,2024-12-21,19.0
28.459999999999127,24.674439116034687,2024-12-21,20.0
32.38799999999901,30.23966269810567,2024-12-21,21.0
30.824650042263,39.75396443469176,2024-12-21,22.0
59.36000000000058,39.19794639158778,2024-12-21,23.0
39.76000000000204,24.43958687758996,2024-12-21,24.0
27.0228000000049,27.423872284067404,2024-12-21,25.0
14.37999999999738,18.33956612033142,2024-12-21,26.0
22.0,25.297917197901867,2024-12-21,27.0
38.65199999999459,28.409193052373496,2024-12-21,28.0
39.200000000004366,29.526632588667553,2024-12-21,29.0
55.85200000000623,36.62300664090471,2024-12-21,30.0
31.479999999995925,44.455360737184606,2024-12-21,31.0
48.08000000000175,40.048448463791395,2024-12-21,32.0
7.976000000002386,22.954736788764045,2024-12-21,33.0
14.79200000000128,17.702750777134558,2024-12-21,34.0
28.5199999999968,31.289706832845464,2024-12-21,35.0
20.339999999996508,20.47271454592329,2024-12-21,36.0
61.35199999999895,44.54809516945573,2024-12-21,37.0
11.7200000000012,13.82369862707077,2024-12-21,38.0
19.252000000000407,21.933800306888152,2024-12-21,39.0
11.5200000000041,28.859915891113335,2024-12-22,1.0
8.62800000000425,20.566905719603284,2024-12-22,2.0
22.44799999999668,31.030849038530697,2024-12-22,3.0
18.176000000006752,24.979776245649063,2024-12-22,4.0
29.49199999999837,25.25801580546842,2024-12-22,5.0
49.26000000000204,46.50632355348772,2024-12-22,6.0
39.88799999999901,39.90137430597124,2024-12-22,7.0
23.332000000002157,20.38947580167296,2024-12-22,8.0
36.09199999999692,28.804406428111868,2024-12-22,9.0
23.2800000000011,18.42280257013032,2024-12-22,10.0
20.372000000003027,23.16647827277067,2024-12-22,11.0
10.989999999997965,14.015625555593335,2024-12-22,12.0
67.69200000000274,53.261691587336735,2024-12-22,13.0
49.85599999999977,44.529213843150245,2024-12-22,14.0
36.82399999999325,30.59736175263448,2024-12-22,15.0
25.55200000000332,23.65046603557913,2024-12-22,16.0
11.0200000000004,13.669330540592355,2024-12-22,17.0
25.73200000000361,22.432812738169492,2024-12-22,18.0
16.739999999997963,21.483606779841793,2024-12-22,19.0
29.90999999999985,29.239130348362355,2024-12-22,20.0
25.2800000000011,33.06363441501579,2024-12-22,21.0
32.0745886564616,41.22308219969231,2024-12-22,22.0
46.271999999997206,47.230640355597075,2024-12-22,23.0
35.919999999998254,27.467394785231257,2024-12-22,24.0
26.32800000000134,30.51878742960275,2024-12-22,25.0
9.10200000000099,20.94312959415884,2024-12-22,26.0
38.16000000000349,28.772671966007444,2024-12-22,27.0
28.7680000000037,33.01720934031282,2024-12-22,28.0
28.332000000002157,32.54692140122039,2024-12-22,29.0
36.85199999999895,39.10740681623383,2024-12-22,30.0
28.9679999999935,48.435671816681605,2024-12-22,31.0
52.31999999999243,40.96673271667455,2024-12-22,32.0
7.94280000000314,27.747950403151457,2024-12-22,33.0
11.6080000000002,20.681016892739844,2024-12-22,34.0
55.48800000000483,34.4761904981639,2024-12-22,35.0
26.720000000001164,23.23069073730063,2024-12-22,36.0
68.03199999999924,49.68625341521305,2024-12-22,37.0
13.63000000000102,16.204670133652854,2024-12-22,38.0
28.21600000000035,24.790861981454206,2024-12-22,39.0
18.031999999999243,30.85738357591897,2024-12-23,1.0
8.131999999997788,25.798785329277667,2024-12-23,2.0
27.591999999996915,34.1890888268795,2024-12-23,3.0
31.2539999999973,28.493206870976422,2024-12-23,4.0
29.87999999999738,27.93038314745507,2024-12-23,5.0
45.187999999994645,49.55102940532822,2024-12-23,6.0
42.0280000000009,42.23390602764109,2024-12-23,7.0
10.387999999999,21.241592985478874,2024-12-23,8.0
26.028000000005704,30.223719637456245,2024-12-23,9.0
23.5028000000008,21.087106706389992,2024-12-23,10.0
20.360000000000586,26.087587060587456,2024-12-23,11.0
11.2500000000001,17.30413910987474,2024-12-23,12.0
75.17599999999948,59.87368874605053,2024-12-23,13.0
47.192000000002736,49.98914286119254,2024-12-23,14.0
25.080000000001743,33.442763640582186,2024-12-23,15.0
20.5199999999968,25.28469019019246,2024-12-23,16.0
2.0799999999999272,14.676018759231932,2024-12-23,17.0
21.891999999999825,23.910457781338437,2024-12-23,18.0
19.5,24.827725546412854,2024-12-23,19.0
27.849999999998545,31.95729404053242,2024-12-23,20.0
16.560000000004948,36.274415444342566,2024-12-23,21.0
48.4519999999975,43.3186251951308,2024-12-23,22.0
55.59999999999855,50.21918963242507,2024-12-23,23.0
26.548000000002503,31.16831379719683,2024-12-23,24.0
28.487999999997555,32.2981666724049,2024-12-23,25.0
23.548000000002503,22.944763791942645,2024-12-23,26.0
20.46800000000076,30.458725390669265,2024-12-23,27.0
28.247999999999596,34.92959918365746,2024-12-23,28.0
28.94799999999668,34.91546955715594,2024-12-23,29.0
26.536000000000055,43.59945259844784,2024-12-23,30.0
31.672000000005937,49.60247272861605,2024-12-23,31.0
49.49599999999919,44.146285104421786,2024-12-23,32.0
7.9759999999951,27.61230697483805,2024-12-23,33.0
25.2479999999996,22.13850147753981,2024-12-23,34.0
13.939999999995052,36.74369009316277,2024-12-23,35.0
19.099999999998545,26.25779658831506,2024-12-23,36.0
64.27999999999884,55.37617688451906,2024-12-23,37.0
14.93999999999869,18.416928797382642,2024-12-23,38.0
22.17199999999866,27.341277622894932,2024-12-23,39.0
37.608000000000175,27.904592304761653,2024-12-24,1.0
9.771999999997206,19.462539145076526,2024-12-24,2.0
32.76000000000204,29.33635248989093,2024-12-24,3.0
31.087999999988824,25.037857645897834,2024-12-24,4.0
26.66000000000349,26.23078725355937,2024-12-24,5.0
52.1120000000018,48.060406660092625,2024-12-24,6.0
44.687999999994645,39.403869909592025,2024-12-24,7.0
6.531999999999243,21.02384077024533,2024-12-24,8.0
26.971999999994296,28.367897535498983,2024-12-24,9.0
27.10800000000017,20.776109514307336,2024-12-24,10.0
24.96800000000076,24.527906400223394,2024-12-24,11.0
9.450000000000728,14.508536797314036,2024-12-24,12.0
69.33200000000215,56.068800945813166,2024-12-24,13.0
44.26000000000204,47.42677419529499,2024-12-24,14.0
25.6680000000051,31.677128419540445,2024-12-24,15.0
29.69999999999709,23.55314046526964,2024-12-24,16.0
10.779999999998836,13.612982763866547,2024-12-24,17.0
18.288000000000466,22.218250589626408,2024-12-24,18.0
23.12000000000262,22.509458056046473,2024-12-24,19.0
26.220000000001164,30.577622586278093,2024-12-24,20.0
37.71999999999389,32.18112760267791,2024-12-24,21.0
54.73999999999796,38.18263995204294,2024-12-24,22.0
43.50800000000163,47.380107333853346,2024-12-24,23.0
27.97200000000157,30.468779658369158,2024-12-24,24.0
30.1428000000002,28.661837832025515,2024-12-24,25.0
7.319999999999709,18.12670307382936,2024-12-24,26.0
24.99199999999837,28.377471622478563,2024-12-24,27.0
25.6399999999994,32.644012436258244,2024-12-24,28.0
33.80000000000291,31.58663551589944,2024-12-24,29.0
26.0280000000009,40.95098374739661,2024-12-24,30.0
35.80000000000291,43.30778482079398,2024-12-24,31.0
39.36000000000058,39.044854606284865,2024-12-24,32.0
7.992000000005646,22.264286356503117,2024-12-24,33.0
9.631999999997788,20.133488153394705,2024-12-24,34.0
2.62000000000262,36.03771760497486,2024-12-24,35.0
17.572000000000116,23.85100877592191,2024-12-24,36.0
48.31999999999971,54.58818528265349,2024-12-24,37.0
11.9280000000023,16.02585933412114,2024-12-24,38.0
19.97200000000157,25.882635992174688,2024-12-24,39.0
41.43999999999505,30.045237660066956,2024-12-25,1.0
31.268000000003667,22.738722282381858,2024-12-25,2.0
25.9800000000032,32.86367060063958,2024-12-25,3.0
31.03200000000652,30.181856623866846,2024-12-25,4.0
30.687999999994645,30.601234175602816,2024-12-25,5.0
59.69999999999709,49.6789338740086,2024-12-25,6.0
50.79200000000128,44.777184500753634,2024-12-25,7.0
16.0,20.408002355122957,2024-12-25,8.0
27.028000000005704,31.762037805562432,2024-12-25,9.0
24.49199999999837,23.748353038083795,2024-12-25,10.0
18.648000000001048,25.922896986681874,2024-12-25,11.0
12.829999999998108,17.544414063368404,2024-12-25,12.0
74.69999999999709,60.5897102129219,2024-12-25,13.0
47.93999999999505,50.232332478981064,2024-12-25,14.0
20.971999999994296,33.97950621792,2024-12-25,15.0
18.81999999999971,24.79004761184805,2024-12-25,16.0
18.65999999999985,13.961597473999694,2024-12-25,17.0
22.631999999997788,25.590455865681108,2024-12-25,18.0
24.19999999999709,27.220751494624555,2024-12-25,19.0
5.670000000001892,32.463829108993274,2024-12-25,20.0
30.80000000000291,33.711137860747336,2024-12-25,21.0
56.9120000000039,40.292471609354735,2024-12-25,22.0
37.30000000000291,51.04317392127751,2024-12-25,23.0
32.8119999999989,34.30148355399943,2024-12-25,24.0
27.987999999997555,32.09943081337628,2024-12-25,25.0
36.19999999999709,22.899791987597695,2024-12-25,26.0
42.92799999999989,31.076972244714096,2024-12-25,27.0
39.08000000000175,36.4020503556016,2024-12-25,28.0
26.959999999999127,35.40214142776414,2024-12-25,29.0
31.67999999999301,43.23736296609527,2024-12-25,30.0
37.879999999990105,45.16016649888872,2024-12-25,31.0
49.53600000000733,42.133537553491315,2024-12-25,32.0
7.99199999999837,20.757539483386058,2024-12-25,33.0
6.779999999998836,25.89443909602656,2024-12-25,34.0
4.727999999995518,35.507381519784644,2024-12-25,35.0
37.68800000000192,27.29973685387777,2024-12-25,36.0
68.77599999999802,58.33413681511248,2024-12-25,37.0
21.90999999999985,17.847901745877365,2024-12-25,38.0
36.0880000000025,30.06951403159717,2024-12-25,39.0
14.632000000005064,27.975350521325357,2024-12-26,1.0
52.0679999999993,20.08988809974014,2024-12-26,2.0
28.8919999999998,30.984156933582327,2024-12-26,3.0
33.888000000006286,29.1443225126112,2024-12-26,4.0
12.4228000000063,27.132988371042256,2024-12-26,5.0
57.45200000000477,47.17210359362851,2024-12-26,6.0
38.63200000000506,40.62509609832435,2024-12-26,7.0
11.5080000000016,15.845697994577199,2024-12-26,8.0
24.25999999999476,28.010067341281836,2024-12-26,9.0
10.336000000002969,21.53502626497935,2024-12-26,10.0
25.1099999999953,24.744848531605957,2024-12-26,11.0
3.830000000001746,13.714952139214336,2024-12-26,12.0
62.75200000000041,56.52600218630201,2024-12-26,13.0
48.9280000000023,42.82676072056021,2024-12-26,14.0
32.4280000000023,29.23698861312561,2024-12-26,15.0
16.320000000006985,24.364426431132664,2024-12-26,16.0
12.909999999999854,11.755260744129343,2024-12-26,17.0
19.68800000000192,21.310766300467918,2024-12-26,18.0
29.090000000000146,22.977783760191283,2024-12-26,19.0
27.0099999999984,29.351414091294583,2024-12-26,20.0
41.3839999999982,30.320844741386278,2024-12-26,21.0
39.6321768279399,37.124441635978314,2024-12-26,22.0
52.84799999999814,46.67047323019832,2024-12-26,23.0
27.131999999997788,31.150476733554925,2024-12-26,24.0
31.16000000000349,27.979565365917576,2024-12-26,25.0
24.18000000000029,16.663251804075724,2024-12-26,26.0
16.19199999999546,27.01242003464851,2024-12-26,27.0
39.49199999999837,31.44105435348001,2024-12-26,28.0
14.459999999999129,31.438021771550922,2024-12-26,29.0
51.9600000000064,37.43868158170765,2024-12-26,30.0
44.888000000006286,38.080404762935466,2024-12-26,31.0
52.79999999998836,40.80158190109582,2024-12-26,32.0
28.0679999999993,14.900180889818762,2024-12-26,33.0
36.667999999997846,19.184887845243185,2024-12-26,34.0
55.5428000000017,26.06201530782233,2024-12-26,35.0
37.09999999999855,22.680667961711276,2024-12-26,36.0
59.27200000000448,57.061791603631825,2024-12-26,37.0
14.789999999997235,15.301031433676684,2024-12-26,38.0
17.9109999999966,25.137720749562042,2024-12-26,39.0
28.7279999999955,26.881701343551878,2024-12-27,1.0
8.432000000000698,17.750035110756304,2024-12-27,2.0
29.4119999999974,28.110098739948647,2024-12-27,3.0
19.76799999999639,27.19961361148573,2024-12-27,4.0
16.639999999999418,26.290671279652727,2024-12-27,5.0
55.1099999999953,46.994158876091134,2024-12-27,6.0
41.687999999994645,38.69069313737975,2024-12-27,7.0
12.360000000000582,14.07164008480998,2024-12-27,8.0
24.7109999999995,25.649040220002952,2024-12-27,9.0
23.531999999999243,20.30616901808495,2024-12-27,10.0
28.012000000002445,21.984106079202423,2024-12-27,11.0
12.5099999999984,12.892502408809687,2024-12-27,12.0
79.2800000000011,54.24222528790595,2024-12-27,13.0
45.58000000000175,40.68553211003866,2024-12-27,14.0
24.77599999999802,26.11645448957099,2024-12-27,15.0
20.72799999999552,22.206048896031994,2024-12-27,16.0
13.930000000000293,10.104873601243872,2024-12-27,17.0
8.239999999997963,21.332022428208592,2024-12-27,18.0
10.010000000002035,20.865768767862395,2024-12-27,19.0
42.31999999999971,25.03118289187384,2024-12-27,20.0
28.648000000001048,28.147285575875276,2024-12-27,21.0
30.9479541422309,37.12194863190086,2024-12-27,22.0
49.4320000000007,43.89063011677996,2024-12-27,23.0
18.18800000000192,29.010626608377372,2024-12-27,24.0
25.959999999999127,26.48292981796993,2024-12-27,25.0
26.18000000000029,18.731435277307686,2024-12-27,26.0
18.10000000000582,26.743641053602552,2024-12-27,27.0
29.46800000000076,30.172025553829666,2024-12-27,28.0
29.139999999999414,28.73479492401755,2024-12-27,29.0
33.591999999996915,34.394698926723805,2024-12-27,30.0
28.8559999999998,35.1237604013302,2024-12-27,31.0
41.6628000000043,42.34014461642801,2024-12-27,32.0
39.50800000000163,11.304379173140433,2024-12-27,33.0
25.79200000000128,17.00066581927431,2024-12-27,34.0
41.31999999999971,21.801747747708355,2024-12-27,35.0
16.2800000000011,22.642486073431062,2024-12-27,36.0
81.45999999999913,54.04668209281345,2024-12-27,37.0
16.8280000000001,15.313286152061021,2024-12-27,38.0
22.57600000000093,24.939483760855545,2024-12-27,39.0
18.30000000000291,25.752962791620405,2024-12-28,1.0
19.76000000000204,23.00025758854553,2024-12-28,2.0
35.692000000002736,29.332854890548557,2024-12-28,3.0
30.16000000000349,28.426217234455418,2024-12-28,4.0
17.639999999999418,26.622729997824244,2024-12-28,5.0
60.63999999999942,50.60015934301743,2024-12-28,6.0
33.68000000000029,40.1709685775499,2024-12-28,7.0
19.0,15.163886949095572,2024-12-28,8.0
27.0880000000025,26.7322824389478,2024-12-28,9.0
24.919999999998254,21.799071116577267,2024-12-28,10.0
19.8109999999981,22.893005811959263,2024-12-28,11.0
12.31000000000131,11.633041501313214,2024-12-28,12.0
70.50799999999435,55.22742025859811,2024-12-28,13.0
43.271999999997206,42.38459491865397,2024-12-28,14.0
24.312000000005355,28.22282901909698,2024-12-28,15.0
24.9120000000039,22.85090632579605,2024-12-28,16.0
9.930000000000293,11.588577784426356,2024-12-28,17.0
20.0,22.99513859850784,2024-12-28,18.0
19.52000000000044,23.51229041442286,2024-12-28,19.0
17.92000000000189,25.429846273847993,2024-12-28,20.0
27.23200000000361,30.748600350654055,2024-12-28,21.0
32.662494574317,38.8612210198966,2024-12-28,22.0
31.52799999999843,45.09904225224428,2024-12-28,23.0
43.4109999999966,30.766754236068834,2024-12-28,24.0
23.652000000001863,28.018094095967633,2024-12-28,25.0
16.81999999999971,20.2829967567016,2024-12-28,26.0
20.739999999997963,27.923034451102556,2024-12-28,27.0
41.799999999995634,32.08212969691532,2024-12-28,28.0
35.27999999999884,28.595860058248928,2024-12-28,29.0
25.351999999999,36.24033001596262,2024-12-28,30.0
30.2280000000052,36.731552305751315,2024-12-28,31.0
52.1359999999986,46.04896210174603,2024-12-28,32.0
17.61200000000099,14.967977092912877,2024-12-28,33.0
8.10200000000099,19.823466797413154,2024-12-28,34.0
27.57600000000093,26.9085428974075,2024-12-28,35.0
19.5280000000009,25.951057045685058,2024-12-28,36.0
62.0199999999968,55.69221307065549,2024-12-28,37.0
11.1399999999994,15.42617721432652,2024-12-28,38.0
25.8280000000038,25.57878226153202,2024-12-28,39.0
17.69999999999709,25.76675235355301,2024-12-29,1.0
25.69999999999709,22.353774233608863,2024-12-29,2.0
26.4109999999966,28.28549389075218,2024-12-29,3.0
33.52799999999115,27.48179525646991,2024-12-29,4.0
10.867999999994936,25.354988436757235,2024-12-29,5.0
50.81600000000617,50.93401072718731,2024-12-29,6.0
39.76000000000204,39.96050686609806,2024-12-29,7.0
18.47200000000157,13.843862162682417,2024-12-29,8.0
20.00800000000163,26.60689308160186,2024-12-29,9.0
19.05200000000332,23.226450382486888,2024-12-29,10.0
28.8280000000038,23.90421101201716,2024-12-29,11.0
5.669999999998254,12.005783749867517,2024-12-29,12.0
69.7280000000052,64.70958912676902,2024-12-29,13.0
47.50800000000163,42.76150608078512,2024-12-29,14.0
31.327999999994063,27.71750360002965,2024-12-29,15.0
19.139999999999414,23.915806206949554,2024-12-29,16.0
9.389999999999418,12.385329509640844,2024-12-29,17.0
33.4280000000023,19.920522921612463,2024-12-29,18.0
16.07999999999811,22.515477583007232,2024-12-29,19.0
39.04999999999927,26.364227678437405,2024-12-29,20.0
28.27999999999884,30.076714641529076,2024-12-29,21.0
57.33600000000297,38.719048109505,2024-12-29,22.0
45.0,45.47595341437543,2024-12-29,23.0
27.139999999999414,28.980236328391303,2024-12-29,24.0
26.0,27.807632384515777,2024-12-29,25.0
24.70000000000437,20.93759361806307,2024-12-29,26.0
33.84799999999814,26.812964300090844,2024-12-29,27.0
29.80000000000291,31.28789388272753,2024-12-29,28.0
48.307999999997264,27.685630460510215,2024-12-29,29.0
23.82800000000134,35.91053895341362,2024-12-29,30.0
25.7679999999964,33.29830971842684,2024-12-29,31.0
50.120000000009895,44.93903878569978,2024-12-29,32.0
6.799999999995634,15.797206506233632,2024-12-29,33.0
16.788000000000466,20.657484793968727,2024-12-29,34.0
25.49199999999837,28.46111000765082,2024-12-29,35.0
21.55999999999767,25.46094141418896,2024-12-29,36.0
56.38000000000466,58.61000786276714,2024-12-29,37.0
14.330000000001746,15.876844828252214,2024-12-29,38.0
19.903999999994998,24.83154579260261,2024-12-29,39.0
36.31200000000536,21.622327291664195,2024-12-30,1.0
8.451999999997497,18.215773647878414,2024-12-30,2.0
13.536000000000058,26.299096005906826,2024-12-30,3.0
31.57600000000093,25.395693967583043,2024-12-30,4.0
22.2800000000011,20.732539785543175,2024-12-30,5.0
56.7109999999995,46.259835778209585,2024-12-30,6.0
28.4479999999967,36.384153482724486,2024-12-30,7.0
16.102000000001,11.86535682052953,2024-12-30,8.0
37.06399999999849,24.919249756763616,2024-12-30,9.0
33.0280000000009,20.747041709108327,2024-12-30,10.0
16.367999999994936,20.547296122794446,2024-12-30,11.0
12.62000000000262,8.362116737606197,2024-12-30,12.0
66.72000000000116,58.86860715068855,2024-12-30,13.0
47.98799999999756,39.24123465409714,2024-12-30,14.0
25.312000000005355,24.004970159046522,2024-12-30,15.0
33.26799999999639,20.57134823831928,2024-12-30,16.0
21.090000000000146,8.114023688428599,2024-12-30,17.0
23.39999999999418,17.042775102235073,2024-12-30,18.0
27.61999999999898,17.830961485810306,2024-12-30,19.0
39.719999999997526,21.981181539664252,2024-12-30,20.0
28.50800000000163,26.37214822186854,2024-12-30,21.0
68.1019999999937,37.32655449737603,2024-12-30,22.0
41.27999999999884,38.465190269792934,2024-12-30,23.0
32.42000000000553,27.266291154949844,2024-12-30,24.0
35.187999999994645,24.61192014780152,2024-12-30,25.0
5.69999999999709,17.611497012324637,2024-12-30,26.0
19.2109999999995,23.158266423608808,2024-12-30,27.0
28.73200000000361,28.293335684057237,2024-12-30,28.0
18.312000000005355,24.658466060436997,2024-12-30,29.0
43.29200000000128,28.96451932066156,2024-12-30,30.0
57.0880000000025,29.966211065198554,2024-12-30,31.0
48.4320000000007,41.66691561966715,2024-12-30,32.0
6.788000000000466,13.757876949015703,2024-12-30,33.0
16.919999999998254,15.344791266753186,2024-12-30,34.0
52.25200000000041,24.74936476126847,2024-12-30,35.0
19.247999999999596,22.030261321649274,2024-12-30,36.0
61.36000000000058,52.33100883891799,2024-12-30,37.0
11.7599999999984,12.422894989239484,2024-12-30,38.0
24.9360000000011,22.325514577558437,2024-12-30,39.0
13.827999999994065,29.935872933233863,2024-12-31,1.0
33.5880000000025,28.065702626121123,2024-12-31,2.0
25.20000000000437,33.5628296324082,2024-12-31,3.0
32.33599999999569,34.29317765291796,2024-12-31,4.0
13.17199999999866,25.578013821380274,2024-12-31,5.0
54.68000000000029,55.32293416344143,2024-12-31,6.0
43.81200000000536,43.53859617485484,2024-12-31,7.0
20.17599999999948,18.042461199672072,2024-12-31,8.0
24.720000000001164,30.249590804055753,2024-12-31,9.0
22.307999999997264,27.635822111647737,2024-12-31,10.0
18.8280000000038,28.88988471431601,2024-12-31,11.0
14.279999999998836,14.394936824938137,2024-12-31,12.0
71.23999999999796,66.80662733096375,2024-12-31,13.0
50.63999999999942,47.17925483437227,2024-12-31,14.0
13.072000000000116,30.56055129777757,2024-12-31,15.0
31.959999999999127,26.91733193993489,2024-12-31,16.0
14.770000000000437,15.41785340467469,2024-12-31,17.0
12.80800000000454,26.01082054940523,2024-12-31,18.0
17.8280000000001,25.170334213066244,2024-12-31,19.0
19.6500000000011,30.428002804781652,2024-12-31,20.0
28.5879999999961,34.2695141857187,2024-12-31,21.0
46.44800000000396,46.104877096389664,2024-12-31,22.0
46.17199999999866,45.61963296192329,2024-12-31,23.0
38.799999999995634,33.2366528606852,2024-12-31,24.0
31.652000000001863,31.927553290156727,2024-12-31,25.0
7.207999999998719,27.06623014873039,2024-12-31,26.0
17.080000000001746,30.351449481987025,2024-12-31,27.0
45.69199999999546,35.907493975199145,2024-12-31,28.0
28.4199999999983,34.941689759861774,2024-12-31,29.0
28.8399999999965,35.130798042451914,2024-12-31,30.0
33.1019999999937,36.66782533901713,2024-12-31,31.0
50.0399999999936,49.60493579994228,2024-12-31,32.0
33.16000000000349,20.829890422859805,2024-12-31,33.0
26.139999999999414,23.60673750343074,2024-12-31,34.0
43.73600000000442,28.97054447627443,2024-12-31,35.0
18.703999999997905,28.176187076906505,2024-12-31,36.0
60.0399999999936,60.707046066961894,2024-12-31,37.0
12.1100000000011,19.77354229593163,2024-12-31,38.0
11.9720000000016,28.752721676076998,2024-12-31,39.0
25.8000000000029,34.25113396511952,2025-01-01,1.0
20.252000000000407,28.140527982355334,2025-01-01,2.0
27.55199999999604,34.365366226225014,2025-01-01,3.0
37.4320000000007,36.13967891420396,2025-01-01,4.0
20.708000000005995,25.35601161884749,2025-01-01,5.0
59.04799999999523,57.25219480288074,2025-01-01,6.0
37.33999999999651,43.11861018846004,2025-01-01,7.0
20.0109999999952,23.520765513389858,2025-01-01,8.0
31.695999999996275,33.03515926966429,2025-01-01,9.0
22.091999999996915,29.69440749716109,2025-01-01,10.0
30.52799999999843,31.03981447176506,2025-01-01,11.0
12.970000000001164,17.023220320892282,2025-01-01,12.0
65.4280000000023,73.2161636327376,2025-01-01,13.0
43.3028000000037,49.16489040595135,2025-01-01,14.0
30.22799999999552,33.08218418887712,2025-01-01,15.0
30.560000000004948,29.809740382444684,2025-01-01,16.0
18.1199999999999,19.43444400115416,2025-01-01,17.0
19.231999999996333,26.33747012736596,2025-01-01,18.0
29.31000000000131,27.728833781593742,2025-01-01,19.0
42.88000000000102,32.905337092628315,2025-01-01,20.0
37.771999999997206,36.439238799053854,2025-01-01,21.0
46.2865723542658,54.72206983480082,2025-01-01,22.0
45.06000000000495,44.38198033529682,2025-01-01,23.0
38.53199999999924,35.30571340942722,2025-01-01,24.0
22.959999999999127,35.42198818178731,2025-01-01,25.0
32.07200000000012,24.921261058632282,2025-01-01,26.0
33.9320000000007,32.8242182771105,2025-01-01,27.0
37.74799999999959,38.52617002144127,2025-01-01,28.0
35.220000000001164,33.89793736031665,2025-01-01,29.0
30.68000000000029,38.88522045287558,2025-01-01,30.0
57.903999999994994,43.936096983983646,2025-01-01,31.0
57.0,53.27531153391508,2025-01-01,32.0
25.9519999999975,21.678057482217636,2025-01-01,33.0
16.68800000000192,23.11516184941222,2025-01-01,34.0
39.55999999999767,37.03432379277654,2025-01-01,35.0
27.720000000001164,30.12620362142938,2025-01-01,36.0
57.89199999999983,63.934237990402146,2025-01-01,37.0
14.549999999999272,20.47555958764092,2025-01-01,38.0
31.57200000000012,30.369065816154322,2025-01-01,39.0
25.239999999997963,26.065386257205287,2025-01-02,1.0
28.57600000000093,28.236404358582483,2025-01-02,2.0
42.9800000000032,29.205808095848624,2025-01-02,3.0
32.9120000000101,33.393872621321044,2025-01-02,4.0
11.2799999999988,19.409471740342116,2025-01-02,5.0
57.0,53.45348486594944,2025-01-02,6.0
41.02000000000408,39.140657584310645,2025-01-02,7.0
13.1280000000067,18.361837746912567,2025-01-02,8.0
25.031999999999243,28.006139044601788,2025-01-02,9.0
10.747999999999593,24.58265432914854,2025-01-02,10.0
28.2109999999995,24.74859554033713,2025-01-02,11.0
13.2899999999999,12.751290155023073,2025-01-02,12.0
75.71999999999389,64.69335822328934,2025-01-02,13.0
46.45599999999831,43.95648024197335,2025-01-02,14.0
46.70799999999872,26.004525475801127,2025-01-02,15.0
29.252000000000407,25.937563468904603,2025-01-02,16.0
11.1499999999996,15.487693037024536,2025-01-02,17.0
2.599999999998545,21.591266128155503,2025-01-02,18.0
24.729999999999563,22.663749460199885,2025-01-02,19.0
21.139999999999414,28.099939241926897,2025-01-02,20.0
22.62800000000425,31.418231325385236,2025-01-02,21.0
44.4809960377277,44.06724867289604,2025-01-02,22.0
32.1199999999962,40.688611833034926,2025-01-02,23.0
22.068000000006577,31.99083715158478,2025-01-02,24.0
25.62800000000425,29.29843560220393,2025-01-02,25.0
26.639999999999414,20.317075965608343,2025-01-02,26.0
25.247999999999596,24.66525014701927,2025-01-02,27.0
28.020000000004075,35.96890673758693,2025-01-02,28.0
11.2879999999958,29.324203489029003,2025-01-02,29.0
23.520000000004075,33.50098476273652,2025-01-02,30.0
35.9428000000031,37.17008181195507,2025-01-02,31.0
51.21600000000035,49.2365057938984,2025-01-02,32.0
37.72000000000117,21.476182906606716,2025-01-02,33.0
21.31999999999971,22.303051169168032,2025-01-02,34.0
39.10399999999936,37.46656972841062,2025-01-02,35.0
18.27999999999884,24.823952451285137,2025-01-02,36.0
31.0880000000025,58.625831293176255,2025-01-02,37.0
26.790000000000877,16.310778021894333,2025-01-02,38.0
11.011999999996,24.25754083352215,2025-01-02,39.0
23.2500000000038,23.012296814520543,2025-01-03,1.0
27.99199999999837,24.380910268743072,2025-01-03,2.0
33.307999999997264,27.24445949448497,2025-01-03,3.0
31.471999999994296,31.643633053462864,2025-01-03,4.0
8.50800000000163,17.67590780335702,2025-01-03,5.0
50.92000000000553,52.053217923875756,2025-01-03,6.0
39.4109999999966,36.793158461002285,2025-01-03,7.0
23.81999999999971,18.116343681853387,2025-01-03,8.0
22.9000000000011,27.625918901140256,2025-01-03,9.0
24.060000000004948,23.682905199296894,2025-01-03,10.0
24.987999999997555,24.568260484838234,2025-01-03,11.0
8.10999999999898,12.143061576675478,2025-01-03,12.0
71.02000000000407,62.792246942026,2025-01-03,13.0
44.23200000000361,42.83159119672315,2025-01-03,14.0
32.692000000002736,25.04905329265006,2025-01-03,15.0
27.307999999997264,26.076818758141517,2025-01-03,16.0
18.360000000000586,14.615479214173472,2025-01-03,17.0
10.0280000000009,20.073094748493407,2025-01-03,18.0
23.19000000000233,21.937188229764786,2025-01-03,19.0
10.5280000000009,31.52911211041655,2025-01-03,20.0
30.252000000000407,30.761784028980347,2025-01-03,21.0
28.8399999999965,41.413967729845986,2025-01-03,22.0
60.35199999999895,40.89085020044306,2025-01-03,23.0
25.49199999999837,32.11074462569074,2025-01-03,24.0
28.3799999999974,27.64987525390133,2025-01-03,25.0
19.380000000004657,19.530727787252594,2025-01-03,26.0
19.2879999999958,23.621273498079123,2025-01-03,27.0
39.63999999999942,35.09319344896969,2025-01-03,28.0
26.79200000000128,29.914544829736542,2025-01-03,29.0
27.487999999997555,32.04821444552959,2025-01-03,30.0
39.4280000000023,37.62500706514749,2025-01-03,31.0
54.72000000000117,47.95113079294364,2025-01-03,32.0
18.7109999999995,22.30070760257902,2025-01-03,33.0
13.9120000000039,21.736228605320427,2025-01-03,34.0
19.056000000004133,38.09926521337271,2025-01-03,35.0
17.2280000000052,22.5583874142091,2025-01-03,36.0
55.0199999999968,57.10813817335928,2025-01-03,37.0
10.380000000001,14.549361957215938,2025-01-03,38.0
20.952000000004773,23.331195968385924,2025-01-03,39.0
23.031999999999243,23.83646209438561,2025-01-04,1.0
32.487999999997555,22.972042792224602,2025-01-04,2.0
35.23999999999796,28.161591924202387,2025-01-04,3.0
25.648000000001,32.07132244158352,2025-01-04,4.0
24.799999999995634,17.69309226789972,2025-01-04,5.0
51.271999999997206,51.88711451997683,2025-01-04,6.0
47.807999999997264,36.70999671604953,2025-01-04,7.0
21.77199999999721,18.301194867533432,2025-01-04,8.0
27.0280000000009,27.801013127608176,2025-01-04,9.0
27.919999999998254,23.389585564458027,2025-01-04,10.0
27.16000000000349,24.801846977573202,2025-01-04,11.0
10.979999999999563,13.185640949209668,2025-01-04,12.0
73.86000000000058,63.55492018222449,2025-01-04,13.0
44.299999999995634,42.9287206513736,2025-01-04,14.0
47.2109999999995,27.826753543831245,2025-01-04,15.0
20.692000000002736,27.329085142045347,2025-01-04,16.0
10.6000000000004,14.495600107516875,2025-01-04,17.0
21.76000000000204,17.360257155826012,2025-01-04,18.0
19.979999999999563,21.858681072993384,2025-01-04,19.0
24.68999999999869,30.724882224422817,2025-01-04,20.0
35.90799999999581,28.831928288952845,2025-01-04,21.0
22.73200000000361,42.95739848591783,2025-01-04,22.0
38.94800000000396,38.15926655057301,2025-01-04,23.0
16.648000000001048,31.54482668129792,2025-01-04,24.0
23.919999999998254,27.074154474938748,2025-01-04,25.0
25.02799999999843,19.664969035067408,2025-01-04,26.0
32.9600000000064,24.514852899611412,2025-01-04,27.0
10.739999999997965,33.68968383041454,2025-01-04,28.0
24.77999999999884,29.019044401397554,2025-01-04,29.0
36.18000000000029,29.27884243109161,2025-01-04,30.0
39.54399999999441,37.287851876277536,2025-01-04,31.0
56.44800000000396,47.37936538093389,2025-01-04,32.0
6.227999999995518,22.508431659799964,2025-01-04,33.0
27.25999999999476,20.233386415841505,2025-01-04,34.0
38.583999999995285,36.03101859537607,2025-01-04,35.0
26.239999999997963,20.70474922152027,2025-01-04,36.0
72.01200000000244,53.906127446601495,2025-01-04,37.0
23.849999999998545,15.642852704930888,2025-01-04,38.0
22.860000000000586,22.288161915663057,2025-01-04,39.0
42.42799999999989,22.64041927072105,2025-01-05,1.0
23.4280000000023,23.9463938753419,2025-01-05,2.0
30.2528000000046,28.311213580352337,2025-01-05,3.0
25.03200000000652,32.166746356523845,2025-01-05,4.0
17.09200000000419,15.521364783949227,2025-01-05,5.0
62.73999999999796,51.146006132631676,2025-01-05,6.0
28.880000000004657,35.89571749630355,2025-01-05,7.0
18.5679999999993,19.751490747724123,2025-01-05,8.0
27.080000000001743,26.474887550322155,2025-01-05,9.0
28.720000000001164,23.083286561647697,2025-01-05,10.0
28.9199999999983,23.755794585504418,2025-01-05,11.0
19.1199999999999,11.585305588880432,2025-01-05,12.0
73.44799999999668,62.02970468700023,2025-01-05,13.0
49.31999999999971,42.19213621246886,2025-01-05,14.0
32.167999999997846,28.30415618639875,2025-01-05,15.0
24.05199999999604,27.449316616042793,2025-01-05,16.0
14.3799999999992,14.655296309163344,2025-01-05,17.0
29.807999999997264,17.601904792863227,2025-01-05,18.0
22.1199999999999,22.43957891072709,2025-01-05,19.0
25.5099999999984,26.28269467107035,2025-01-05,20.0
24.332000000002157,28.531713790334965,2025-01-05,21.0
21.659999999996217,42.21666085652001,2025-01-05,22.0
49.33999999999651,38.45397825470609,2025-01-05,23.0
35.0199999999968,30.98277199720324,2025-01-05,24.0
26.080000000001743,27.041649255514326,2025-01-05,25.0
23.5199999999968,18.73532714269615,2025-01-05,26.0
31.27199999999721,24.387574783433365,2025-01-05,27.0
36.57200000000012,34.30669655584923,2025-01-05,28.0
27.891999999999825,27.903813788560626,2025-01-05,29.0
36.5,28.500531783519584,2025-01-05,30.0
50.4280000000023,37.36937042455845,2025-01-05,31.0
54.97599999999511,47.49415197153333,2025-01-05,32.0
6.2800000000061,20.61336271604907,2025-01-05,33.0
8.959999999999127,17.68938252401416,2025-01-05,34.0
39.36000000000058,32.98552337439894,2025-01-05,35.0
21.70799999999872,20.040145794512764,2025-01-05,36.0
48.84799999999814,50.269884017769286,2025-01-05,37.0
13.81000000000131,14.399414637737571,2025-01-05,38.0
25.0,21.55945878634213,2025-01-05,39.0
27.131999999997788,23.352069876543798,2025-01-06,1.0
25.851999999998952,25.433587940880717,2025-01-06,2.0
35.76799999999639,28.64365180616897,2025-01-06,3.0
27.8959999999925,31.932250021915895,2025-01-06,4.0
45.73999999999796,17.110820116176036,2025-01-06,5.0
67.26000000000204,50.93568134839437,2025-01-06,6.0
43.799999999995634,37.03215943258299,2025-01-06,7.0
19.05999999999767,19.678957937944283,2025-01-06,8.0
22.8109999999981,26.751633134392694,2025-01-06,9.0
9.927999999999884,23.034309328672673,2025-01-06,10.0
30.982800000004,24.841133620990615,2025-01-06,11.0
10.2999999999993,11.506634055576523,2025-01-06,12.0
43.2800000000011,63.42216888481079,2025-01-06,13.0
46.17199999999866,42.337475774012304,2025-01-06,14.0
35.0,30.86928724570902,2025-01-06,15.0
26.88799999999901,26.760923403124067,2025-01-06,16.0
13.989999999999782,14.348389152615393,2025-01-06,17.0
26.360000000000586,17.353192668603608,2025-01-06,18.0
13.709999999999129,22.343813385750636,2025-01-06,19.0
33.0280000000009,26.52696315208481,2025-01-06,20.0
35.70799999999872,29.696977728393836,2025-01-06,21.0
58.0880000000025,40.971725871273456,2025-01-06,22.0
41.02000000000408,40.32119905140848,2025-01-06,23.0
32.13199999999779,27.21345297826714,2025-01-06,24.0
36.69999999999709,27.07936553671932,2025-01-06,25.0
30.832000000002157,19.66311493796551,2025-01-06,26.0
17.68800000000192,24.834949606561057,2025-01-06,27.0
28.6960000000036,29.94352575459275,2025-01-06,28.0
30.976000000002387,26.8662989918715,2025-01-06,29.0
27.247999999999596,29.73493360332901,2025-01-06,30.0
55.03200000000652,39.014944131058506,2025-01-06,31.0
58.45600000000559,48.96108451209284,2025-01-06,32.0
6.279999999998836,18.59494262166993,2025-01-06,33.0
24.060000000004948,20.017248668197475,2025-01-06,34.0
46.68000000000029,34.996319811641456,2025-01-06,35.0
17.0679999999993,21.05947031332242,2025-01-06,36.0
71.32800000000134,51.87683821208448,2025-01-06,37.0
13.719999999997526,16.09984519093948,2025-01-06,38.0
24.57999999999447,20.651822346636727,2025-01-06,39.0
26.495999999999185,26.37675895589719,2025-01-07,1.0
10.627999999996971,26.26664889495265,2025-01-07,2.0
30.192000000002736,29.998207077941064,2025-01-07,3.0
30.312000000005355,31.997067684029034,2025-01-07,4.0
35.220000000001164,18.192736591157672,2025-01-07,5.0
62.73999999999796,52.37415225790985,2025-01-07,6.0
31.048000000002503,37.42806699680623,2025-01-07,7.0
19.520000000004075,20.41863133604509,2025-01-07,8.0
31.2800000000011,28.252703215796082,2025-01-07,9.0
26.30399999999645,24.018011963849474,2025-01-07,10.0
28.987999999997555,25.933972281409865,2025-01-07,11.0
9.5,13.884820238588912,2025-01-07,12.0
81.9428000000031,63.796690318767446,2025-01-07,13.0
47.2580000000054,43.152525530757245,2025-01-07,14.0
32.9000000000011,32.440464589635866,2025-01-07,15.0
22.7109999999995,28.031273605785653,2025-01-07,16.0
9.850000000000364,15.61454158332164,2025-01-07,17.0
13.192000000002736,17.81580309960814,2025-01-07,18.0
25.849999999998545,23.879216989409276,2025-01-07,19.0
25.06000000000131,25.728268438166236,2025-01-07,20.0
32.8628000000014,29.627379310155447,2025-01-07,21.0
74.49199999999837,37.20051212024368,2025-01-07,22.0
38.77999999999884,41.21394358899466,2025-01-07,23.0
31.80000000000291,29.693325308114332,2025-01-07,24.0
30.580000000001743,27.759654116893916,2025-01-07,25.0
16.4800000000032,20.48056110963983,2025-01-07,26.0
18.68000000000029,26.07197893255844,2025-01-07,27.0
22.99199999999837,32.03307772283746,2025-01-07,28.0
31.919999999998254,25.503601211707895,2025-01-07,29.0
37.23999999999796,31.722107585226063,2025-01-07,30.0
28.97599999999511,42.405954228935705,2025-01-07,31.0
43.63999999999942,49.66425899091525,2025-01-07,32.0
6.252000000000408,19.343110836895956,2025-01-07,33.0
10.4399999999951,20.05903401654744,2025-01-07,34.0
41.25600000000122,37.02913727090128,2025-01-07,35.0
19.42399999999907,21.721725276137413,2025-01-07,36.0
69.05200000000332,52.169254628064465,2025-01-07,37.0
13.280000000002474,17.006559339872027,2025-01-07,38.0
29.768000000003667,22.434616640599568,2025-01-07,39.0
41.63999999999942,25.53064302309862,2025-01-08,1.0
31.452000000004773,27.4648036796204,2025-01-08,2.0
25.87999999999738,32.40508221050508,2025-01-08,3.0
26.079999999987194,30.57582876369458,2025-01-08,4.0
20.5280000000009,21.071955529197712,2025-01-08,5.0
68.09999999999854,52.100413735752966,2025-01-08,6.0
39.59999999999855,37.56601440908266,2025-01-08,7.0
17.747999999999593,20.379854253783233,2025-01-08,8.0
23.427999999999884,25.921879253607525,2025-01-08,9.0
29.5679999999993,22.191623338378257,2025-01-08,10.0
36.65200000000186,27.197152004378644,2025-01-08,11.0
16.67000000000189,13.39155577216515,2025-01-08,12.0
56.608000000000175,56.04327261439879,2025-01-08,13.0
53.2109999999995,42.734909744410096,2025-01-08,14.0
26.860000000000586,32.734105719652575,2025-01-08,15.0
23.548000000002503,26.930905889118744,2025-01-08,16.0
13.639999999999418,14.721934816085364,2025-01-08,17.0
24.52799999999843,18.270937222468984,2025-01-08,18.0
24.030000000002477,21.983385876205215,2025-01-08,19.0
9.8299999999981,25.137245809005606,2025-01-08,20.0
23.21600000000035,30.316190620849394,2025-01-08,21.0
44.5268827895225,35.71760226942279,2025-01-08,22.0
48.7280000000028,40.821643294471315,2025-01-08,23.0
33.375999999996566,28.79258842026715,2025-01-08,24.0
32.102000000001,27.368986154438502,2025-01-08,25.0
22.39999999999418,23.572348128514555,2025-01-08,26.0
36.479999999995925,25.77970937343766,2025-01-08,27.0
25.0319999999992,31.0259317770148,2025-01-08,28.0
27.531999999999243,25.994987315297205,2025-01-08,29.0
33.391999999999825,29.289317069031814,2025-01-08,30.0
51.0880000000025,41.910643661747315,2025-01-08,31.0
49.887999999991735,51.718207049784205,2025-01-08,32.0
6.267999999996391,18.655060955841424,2025-01-08,33.0
6.139999999999418,20.44874717471777,2025-01-08,34.0
44.05199999999604,35.70042926729482,2025-01-08,35.0
33.616000000001804,21.375668224932507,2025-01-08,36.0
61.299999999995634,52.377282455147316,2025-01-08,37.0
13.099999999998545,17.22640051171872,2025-01-08,38.0
19.9320000000007,22.272329866557605,2025-01-08,39.0
52.3028000000037,29.07243962626777,2025-01-09,1.0
50.33999999999651,25.64423240995931,2025-01-09,2.0
38.74799999999959,34.10429942300112,2025-01-09,3.0
28.960000000006403,31.78561256956344,2025-01-09,4.0
13.779999999998836,24.10635221650758,2025-01-09,5.0
53.79200000000128,54.74600443347836,2025-01-09,6.0
47.39199999999983,37.438031038601835,2025-01-09,7.0
5.631999999997788,20.446441866312604,2025-01-09,8.0
21.739999999997963,27.52945531425767,2025-01-09,9.0
25.752000000000407,22.928499728353934,2025-01-09,10.0
37.74799999999959,28.473568099138635,2025-01-09,11.0
23.7599999999984,12.803149015454933,2025-01-09,12.0
58.799999999995634,66.74038366798827,2025-01-09,13.0
51.22799999999552,41.890753754389145,2025-01-09,14.0
30.5679999999993,36.11768875536986,2025-01-09,15.0
22.77999999999884,25.671819505369626,2025-01-09,16.0
17.8200000000011,14.443629907640862,2025-01-09,17.0
10.760000000002,18.229022776788383,2025-01-09,18.0
22.5,23.18890033993503,2025-01-09,19.0
27.19000000000233,25.68515398321843,2025-01-09,20.0
28.6228000000025,30.9469914367315,2025-01-09,21.0
44.3863051100936,41.104980173385236,2025-01-09,22.0
32.71999999999389,41.56825423975575,2025-01-09,23.0
36.192000000002736,28.75001363179696,2025-01-09,24.0
35.788000000000466,27.93430355870262,2025-01-09,25.0
25.27200000000448,24.454537348015123,2025-01-09,26.0
18.743999999998778,25.07069699956532,2025-01-09,27.0
28.18800000000192,28.30530441487751,2025-01-09,28.0
29.2109999999995,27.04225853746435,2025-01-09,29.0
36.22000000000117,30.947340345978095,2025-01-09,30.0
56.19199999999546,42.85345922159354,2025-01-09,31.0
49.60000000000582,51.67361174483702,2025-01-09,32.0
28.1880000000019,15.36413247697529,2025-01-09,33.0
37.700000000004366,19.03235923313116,2025-01-09,34.0
20.81999999999971,36.3240840549507,2025-01-09,35.0
21.512000000002445,21.54341109795752,2025-01-09,36.0
54.5280000000009,53.17562275748391,2025-01-09,37.0
25.639999999999414,17.284258868288614,2025-01-09,38.0
26.46800000000076,24.603484239017824,2025-01-09,39.0
11.239999999998,29.520813613926517,2025-01-10,1.0
11.4280000000023,26.10790355447072,2025-01-10,2.0
39.94800000000396,32.30142704376483,2025-01-10,3.0
29.55999999999767,28.510871111804295,2025-01-10,4.0
10.051999999996042,24.404717103165627,2025-01-10,5.0
70.66800000000512,54.34978640509922,2025-01-10,6.0
28.1919999999955,37.792713757763735,2025-01-10,7.0
21.847999999998137,20.486908161480468,2025-01-10,8.0
28.632000000005064,26.294975557415107,2025-01-10,9.0
11.2960000000021,24.010335576451418,2025-01-10,10.0
25.4199999999983,29.33818544135089,2025-01-10,11.0
9.180000000000293,13.953097064024295,2025-01-10,12.0
84.30000000000291,56.22960196100869,2025-01-10,13.0
49.09200000000419,43.10045373603836,2025-01-10,14.0
27.8628000000014,35.388872774102865,2025-01-10,15.0
27.048000000002503,25.617536984745403,2025-01-10,16.0
5.819999999999709,13.558809581950372,2025-01-10,17.0
33.61200000000099,19.96445230335835,2025-01-10,18.0
20.2500000000001,22.832189333981308,2025-01-10,19.0
31.389999999999414,22.052022336077965,2025-01-10,20.0
35.2119999999931,29.809823406143252,2025-01-10,21.0
36.8135928167889,39.97515563249682,2025-01-10,22.0
47.65200000000186,41.172733560901754,2025-01-10,23.0
20.87999999999738,28.42366226870395,2025-01-10,24.0
23.73200000000361,29.077353175048817,2025-01-10,25.0
23.360000000000586,23.56636659356296,2025-01-10,26.0
27.4280000000023,26.32443470899577,2025-01-10,27.0
28.05999999999767,26.90041350565614,2025-01-10,28.0
43.08000000000175,26.074209101211768,2025-01-10,29.0
42.45200000000477,31.526217706223903,2025-01-10,30.0
39.79200000000128,40.61079945229791,2025-01-10,31.0
54.06399999999849,50.01784920430719,2025-01-10,32.0
45.102000000001,13.030359270391616,2025-01-10,33.0
18.32800000000134,17.248785190980502,2025-01-10,34.0
26.560000000004948,36.065209487019494,2025-01-10,35.0
26.93999999999505,22.620170627580304,2025-01-10,36.0
64.59999999999854,54.80698918752429,2025-01-10,37.0
14.0280000000009,17.29489110171228,2025-01-10,38.0
25.731999999996333,23.423469299235748,2025-01-10,39.0
28.88799999999901,32.007988413789,2025-01-11,1.0
10.072000000000116,29.222375735354134,2025-01-11,2.0
42.919999999998254,31.652154287467724,2025-01-11,3.0
33.888000000006286,28.066365809507225,2025-01-11,4.0
12.38799999999901,23.986664745769893,2025-01-11,5.0
71.29999999999563,53.66859101635051,2025-01-11,6.0
41.120000000009895,37.48507279178517,2025-01-11,7.0
5.14280000000023,18.43039418352958,2025-01-11,8.0
31.31999999999971,25.826185973688006,2025-01-11,9.0
23.47200000000157,25.41405742434696,2025-01-11,10.0
30.0879999999961,30.362268460987973,2025-01-11,11.0
9.75,14.899033955002981,2025-01-11,12.0
65.9000000000011,55.40981584685354,2025-01-11,13.0
47.799999999995634,44.45820289597327,2025-01-11,14.0
41.18800000000192,32.08245438710223,2025-01-11,15.0
30.182800000001,24.040415981730135,2025-01-11,16.0
10.6599999999999,14.321379421822657,2025-01-11,17.0
17.299999999995634,19.834175812796374,2025-01-11,18.0
14.590000000000146,22.564498919534934,2025-01-11,19.0
29.979999999999563,22.80305221350668,2025-01-11,20.0
41.1120000000018,30.168329830687984,2025-01-11,21.0
39.8044909657526,39.567719937152546,2025-01-11,22.0
48.17199999999866,40.56957196500643,2025-01-11,23.0
33.63999999999942,29.786265803067888,2025-01-11,24.0
25.359999999993303,29.913071536477304,2025-01-11,25.0
26.807999999997264,23.40592478497879,2025-01-11,26.0
19.927999999999884,25.55908783427069,2025-01-11,27.0
39.39199999999983,26.360255739899884,2025-01-11,28.0
30.68800000000192,27.74877339216963,2025-01-11,29.0
17.867999999994936,32.19065397931525,2025-01-11,30.0
29.903999999994998,41.531937265544165,2025-01-11,31.0
50.0399999999936,48.35774819315356,2025-01-11,32.0
26.619999999995343,12.446062151599875,2025-01-11,33.0
20.87999999999738,19.15585562193987,2025-01-11,34.0
38.1099999999953,34.68409758108139,2025-01-11,35.0
11.8280000000013,22.768597938001907,2025-01-11,36.0
66.20000000000437,55.9176684368722,2025-01-11,37.0
13.389999999999418,16.743408009693987,2025-01-11,38.0
20.26000000000204,24.889140502506844,2025-01-11,39.0
21.208000000005995,32.246591438913825,2025-01-12,1.0
35.88000000000466,27.166452833393986,2025-01-12,2.0
41.5428000000017,32.154604672666046,2025-01-12,3.0
25.319999999992437,28.569415611995044,2025-01-12,4.0
13.812000000005357,23.777543887196195,2025-01-12,5.0
68.39199999999983,56.47900368235644,2025-01-12,6.0
28.8119999999916,36.84878640933806,2025-01-12,7.0
14.888000000006286,18.781578300558827,2025-01-12,8.0
20.88799999999901,26.283074367799628,2025-01-12,9.0
29.62000000000262,23.39378953089633,2025-01-12,10.0
43.95200000000477,31.28112878058165,2025-01-12,11.0
7.610000000000582,14.77101900795819,2025-01-12,12.0
71.04799999999523,60.25148961873252,2025-01-12,13.0
48.82800000000134,46.326471898448766,2025-01-12,14.0
35.720000000001164,31.486158879423307,2025-01-12,15.0
26.855999999999767,24.50310650774503,2025-01-12,16.0
11.7700000000004,13.13388963547637,2025-01-12,17.0
24.48800000000483,23.217561192729956,2025-01-12,18.0
24.090000000000146,21.910414995057117,2025-01-12,19.0
25.5,25.370173020719573,2025-01-12,20.0
32.1120000000018,30.773073374969275,2025-01-12,21.0
28.107181942584,40.25002870005184,2025-01-12,22.0
47.30800000000454,38.92640794786948,2025-01-12,23.0
31.768000000003667,29.407540682474586,2025-01-12,24.0
36.296000000002095,29.669897115513233,2025-01-12,25.0
31.05999999999767,23.619131753730123,2025-01-12,26.0
24.68800000000192,25.885849026975674,2025-01-12,27.0
39.63999999999942,25.592337245390798,2025-01-12,28.0
32.87999999999738,30.239382007192226,2025-01-12,29.0
38.09200000000419,33.78046001960405,2025-01-12,30.0
39.1828000000084,41.826093224474896,2025-01-12,31.0
49.9600000000064,48.65190415208429,2025-01-12,32.0
29.9000000000011,15.377101635030138,2025-01-12,33.0
21.1428000000002,19.914506225306468,2025-01-12,34.0
22.848000000005413,35.263385003496566,2025-01-12,35.0
36.53199999999924,23.822953428340078,2025-01-12,36.0
59.54799999999523,56.16876461784165,2025-01-12,37.0
12.350000000002185,17.302481114654782,2025-01-12,38.0
21.30000000000291,25.81630039343642,2025-01-12,39.0
21.239999999997963,31.850545356518094,2025-01-13,1.0
9.32799999999286,24.700812600278002,2025-01-13,2.0
41.62799999999697,34.51945413839124,2025-01-13,3.0
19.4280000000023,29.629461454106192,2025-01-13,4.0
20.127999999996973,23.163428451630242,2025-01-13,5.0
57.00800000000163,57.472300855871495,2025-01-13,6.0
37.59200000000419,36.52624604010525,2025-01-13,7.0
18.6079999999929,16.253959561002237,2025-01-13,8.0
25.96800000000076,27.671842441184165,2025-01-13,9.0
10.131999999997788,23.28516015060211,2025-01-13,10.0
31.7109999999995,31.729804188306247,2025-01-13,11.0
9.22000000000106,14.748600494809327,2025-01-13,12.0
71.78399999999965,56.414586834668434,2025-01-13,13.0
48.72000000000117,46.77385406878356,2025-01-13,14.0
37.45999999999913,31.68558658377381,2025-01-13,15.0
22.063999999998487,26.36646275701817,2025-01-13,16.0
8.739999999999782,13.463202513395952,2025-01-13,17.0
21.023999999997613,22.823448027767522,2025-01-13,18.0
19.65999999999985,21.278980501807915,2025-01-13,19.0
26.610000000000586,26.197985329143563,2025-01-13,20.0
25.599999999998545,31.90474737496054,2025-01-13,21.0
37.6170898060106,42.50752209629313,2025-01-13,22.0
28.9399999999951,41.38010595867255,2025-01-13,23.0
32.0280000000009,31.703150455002003,2025-01-13,24.0
24.23200000000361,30.024257864805445,2025-01-13,25.0
26.1280000000067,24.002451831685267,2025-01-13,26.0
22.063999999998487,24.779359047472735,2025-01-13,27.0
36.0679999999993,29.151977247596278,2025-01-13,28.0
45.59200000000419,31.52984737532878,2025-01-13,29.0
31.5199999999968,31.903131292980152,2025-01-13,30.0
52.48799999999756,42.76832121317538,2025-01-13,31.0
52.671999999991385,48.46338460331189,2025-01-13,32.0
6.8879999999990105,18.345801478830708,2025-01-13,33.0
22.0679999999993,19.47647978443725,2025-01-13,34.0
19.87199999999575,35.57522259262773,2025-01-13,35.0
18.548000000002503,22.837572237428304,2025-01-13,36.0
55.0628000000058,56.92243942468709,2025-01-13,37.0
17.049999999999272,15.940341882938693,2025-01-13,38.0
23.37999999999738,25.80497596501052,2025-01-13,39.0
30.3839999999982,29.07257977061063,2025-01-14,1.0
17.4280000000023,25.7316041193528,2025-01-14,2.0
13.5880000000025,35.48365706726694,2025-01-14,3.0
29.847999999998137,28.934773094345992,2025-01-14,4.0
5.059999999997672,21.868150330494075,2025-01-14,5.0
31.81999999999971,56.455618648584405,2025-01-14,6.0
25.3600000000006,35.70324643662662,2025-01-14,7.0
17.6280000000067,15.731057988280535,2025-01-14,8.0
24.2109999999995,25.843873141461653,2025-01-14,9.0
21.68000000000029,23.60302962293896,2025-01-14,10.0
41.76799999999639,31.887463215472263,2025-01-14,11.0
13.43999999999869,13.062680213360661,2025-01-14,12.0
46.32800000000134,55.977389197273595,2025-01-14,13.0
31.49199999999837,46.25902912739564,2025-01-14,14.0
20.799999999995634,31.283171527166587,2025-01-14,15.0
23.487999999997555,25.529306665208196,2025-01-14,16.0
0.5499999999992724,12.236351824270773,2025-01-14,17.0
25.4280000000023,21.78872274038702,2025-01-14,18.0
24.43000000000029,21.31418286064353,2025-01-14,19.0
23.93000000000029,24.981907498639146,2025-01-14,20.0
30.46800000000076,31.57719589649721,2025-01-14,21.0
47.3058856302224,42.93705182322905,2025-01-14,22.0
39.59200000000419,39.08683247198266,2025-01-14,23.0
4.383999999998196,30.50751306931066,2025-01-14,24.0
26.839999999996508,30.551407013658338,2025-01-14,25.0
25.247999999999596,24.122670189589943,2025-01-14,26.0
14.027999999998428,24.149406127709668,2025-01-14,27.0
29.580000000001743,29.359869874247597,2025-01-14,28.0
24.97599999999511,31.745788413583508,2025-01-14,29.0
32.987999999997555,31.926253748281194,2025-01-14,30.0
32.67200000000594,40.278843111923706,2025-01-14,31.0
43.53600000000733,48.25019847066016,2025-01-14,32.0
14.572000000000116,21.229413774405884,2025-01-14,33.0
6.468000000000757,20.28474777752354,2025-01-14,34.0
27.4320000000007,32.011492253734566,2025-01-14,35.0
13.3109999999981,23.582884937044213,2025-01-14,36.0
35.84799999999814,56.66619351407409,2025-01-14,37.0
10.5200000000004,15.31134772307671,2025-01-14,38.0
18.807999999997264,24.14434390889964,2025-01-14,39.0
35.807999999997264,31.67750406374271,2025-01-15,1.0
25.95999999999185,25.829193511320614,2025-01-15,2.0
43.63999999999942,39.64346902857628,2025-01-15,3.0
19.9109999999966,31.004655943772626,2025-01-15,4.0
31.380000000004657,21.091682240917198,2025-01-15,5.0
70.62000000000262,59.14153829664581,2025-01-15,6.0
30.520000000004075,39.04074484249131,2025-01-15,7.0
18.05199999999604,18.468990636461502,2025-01-15,8.0
22.43999999999505,28.9947118465858,2025-01-15,9.0
12.09599999999773,25.36166739180153,2025-01-15,10.0
33.4280000000023,35.28406850218715,2025-01-15,11.0
24.67000000000189,15.142108677828245,2025-01-15,12.0
76.13999999999942,65.63676009348805,2025-01-15,13.0
47.0880000000025,49.06754728474009,2025-01-15,14.0
23.639999999999414,34.19510057801305,2025-01-15,15.0
11.9919999999984,28.29986429775618,2025-01-15,16.0
11.75,13.621504171183174,2025-01-15,17.0
25.127999999997,23.947932670089788,2025-01-15,18.0
19.80999999999767,24.582657360055528,2025-01-15,19.0
29.919999999998254,27.648470886188043,2025-01-15,20.0
29.18000000000029,33.44530036025682,2025-01-15,21.0
142.4800000000032,42.48954154572185,2025-01-15,22.0
49.50800000000163,41.15109133174008,2025-01-15,23.0
51.28800000000047,33.45483849001376,2025-01-15,24.0
23.4320000000007,31.577484666836703,2025-01-15,25.0
23.463999999999945,26.950466887078594,2025-01-15,26.0
35.45200000000477,26.943310329805566,2025-01-15,27.0
22.728000000002798,33.44978879182639,2025-01-15,28.0
29.372000000003027,35.30738579514945,2025-01-15,29.0
28.6520000000018,34.38648900605114,2025-01-15,30.0
50.16799999999057,43.40049793359388,2025-01-15,31.0
52.8628000000014,50.23589655924573,2025-01-15,32.0
6.988000000004831,23.453124658979053,2025-01-15,33.0
10.463999999999942,23.226485771508926,2025-01-15,34.0
37.4800000000032,32.273646045723126,2025-01-15,35.0
30.96800000000076,26.4065107154074,2025-01-15,36.0
58.58000000000175,58.644693669657975,2025-01-15,37.0
28.56999999999971,18.54729012116914,2025-01-15,38.0
31.812000000005355,26.651669710361897,2025-01-15,39.0
11.7800000000061,30.08924293516717,2025-01-16,1.0
29.4320000000007,25.908876964507755,2025-01-16,2.0
52.07200000000012,35.872315123589566,2025-01-16,3.0
16.84800000001269,30.38172831592556,2025-01-16,4.0
26.5679999999993,14.573250116473531,2025-01-16,5.0
56.13999999999942,54.89818855782231,2025-01-16,6.0
50.63999999999942,34.48806145048603,2025-01-16,7.0
20.372000000003027,15.487699333882405,2025-01-16,8.0
21.580000000001743,26.74129221728958,2025-01-16,9.0
12.87999999999738,22.890334271925376,2025-01-16,10.0
32.19999999999709,34.07097446880931,2025-01-16,11.0
10.0,13.69784153089745,2025-01-16,12.0
55.30800000000454,56.66117953421775,2025-01-16,13.0
51.68000000000029,43.30340123313748,2025-01-16,14.0
38.58000000000175,31.042844720620753,2025-01-16,15.0
22.296000000002092,26.32671116274479,2025-01-16,16.0
12.300000000001,10.195416573575272,2025-01-16,17.0
25.05999999999767,23.431059468408932,2025-01-16,18.0
21.830000000001743,22.8026556695785,2025-01-16,19.0
22.27000000000044,25.86869192994056,2025-01-16,20.0
37.92799999999989,32.16081214487061,2025-01-16,21.0
52.9320000000007,37.410581469800405,2025-01-16,22.0
43.971999999994296,38.85520331046471,2025-01-16,23.0
39.95999999999913,27.544148214663863,2025-01-16,24.0
26.228000000002798,28.94214911656447,2025-01-16,25.0
21.0,25.49458051142714,2025-01-16,26.0
18.8119999999989,23.922471011830368,2025-01-16,27.0
17.86399999999412,32.377506660215694,2025-01-16,28.0
23.18800000000192,33.03714482151152,2025-01-16,29.0
32.30800000000454,31.80824013895613,2025-01-16,30.0
44.80000000000291,41.23766972823681,2025-01-16,31.0
60.04799999999523,48.05144548708591,2025-01-16,32.0
36.46399999999994,22.84735432435555,2025-01-16,33.0
39.33600000000297,20.529722703076168,2025-01-16,34.0
13.968000000000757,27.635127616668527,2025-01-16,35.0
30.192000000002736,23.511608956636735,2025-01-16,36.0
60.93999999999505,52.90238001047154,2025-01-16,37.0
22.27999999999884,15.292402852173904,2025-01-16,38.0
18.299999999995634,24.049652819988722,2025-01-16,39.0
31.091999999996915,26.872433125894343,2025-01-17,1.0
9.70799999999872,23.124965314479354,2025-01-17,2.0
28.81999999999971,35.96313923764759,2025-01-17,3.0
19.631999999997788,27.012202296590573,2025-01-17,4.0
10.6399999999994,16.04177776950028,2025-01-17,5.0
49.19999999999709,55.20779359110968,2025-01-17,6.0
47.19999999999709,32.18628109486009,2025-01-17,7.0
10.767999999996391,15.395225811547288,2025-01-17,8.0
32.30000000000291,25.625438646407705,2025-01-17,9.0
19.332000000002157,20.696863450159178,2025-01-17,10.0
28.76000000000204,32.982918381830146,2025-01-17,11.0
9.039999999997235,14.60496957412474,2025-01-17,12.0
73.57200000000012,56.488145030142014,2025-01-17,13.0
45.61999999999534,42.428251253083346,2025-01-17,14.0
28.05200000000332,30.218053128715592,2025-01-17,15.0
21.55200000000332,24.07710565981509,2025-01-17,16.0
12.819999999999707,10.583979376941333,2025-01-17,17.0
9.468000000000757,22.916685928126256,2025-01-17,18.0
26.0099999999984,21.13923567061536,2025-01-17,19.0
21.080000000001743,26.97374317151195,2025-01-17,20.0
33.9428000000031,31.234645137916086,2025-01-17,21.0
35.9003935433678,54.208243700407586,2025-01-17,22.0
45.708000000006,37.55366668147315,2025-01-17,23.0
17.99199999999837,28.63577354829699,2025-01-17,24.0
22.1199999999962,27.23014798625682,2025-01-17,25.0
25.919999999998254,24.85202464585132,2025-01-17,26.0
27.091999999996915,24.002141103653887,2025-01-17,27.0
18.46800000000076,30.926534572113994,2025-01-17,28.0
27.0280000000009,31.72053988513914,2025-01-17,29.0
36.73999999999796,31.04609986405708,2025-01-17,30.0
39.88000000000466,39.720168142665194,2025-01-17,31.0
52.479999999995925,47.5539537239853,2025-01-17,32.0
51.76799999999639,22.062177848472498,2025-01-17,33.0
4.4320000000006985,19.446291021155773,2025-01-17,34.0
14.839999999996508,27.375576979216184,2025-01-17,35.0
16.760000000002037,22.764237566240197,2025-01-17,36.0
57.700000000004366,51.4487206019579,2025-01-17,37.0
13.299999999999272,17.65725609964199,2025-01-17,38.0
23.0,23.945309983494358,2025-01-17,39.0
22.09599999999773,23.544400817875026,2025-01-18,1.0
9.60000000000582,21.93442900783844,2025-01-18,2.0
26.05999999999767,37.68032371372513,2025-01-18,3.0
16.8628000000014,25.810815777665805,2025-01-18,4.0
20.1120000000018,18.650017699124554,2025-01-18,5.0
53.108000000000175,56.16670270020717,2025-01-18,6.0
50.5,34.176735971069114,2025-01-18,7.0
11.1200000000026,18.019934967912196,2025-01-18,8.0
22.419999999998254,25.974450345457203,2025-01-18,9.0
30.30000000000291,19.435549709118575,2025-01-18,10.0
36.35199999999895,33.29588177881706,2025-01-18,11.0
18.62000000000262,12.790494618809909,2025-01-18,12.0
54.37999999999738,55.434430916044775,2025-01-18,13.0
41.29200000000128,42.669532565645206,2025-01-18,14.0
23.799999999995634,31.834548302111866,2025-01-18,15.0
20.639999999999414,24.404879482712648,2025-01-18,16.0
11.8799999999992,9.806168304044917,2025-01-18,17.0
25.59200000000419,24.67995166330863,2025-01-18,18.0
25.2800000000011,21.749241460947086,2025-01-18,19.0
27.090000000000146,26.58978184055365,2025-01-18,20.0
36.807999999997264,31.884837891702553,2025-01-18,21.0
41.2648116728382,50.936931050180384,2025-01-18,22.0
42.0109999999952,38.762508178350885,2025-01-18,23.0
35.46800000000076,30.35205864779061,2025-01-18,24.0
28.94800000000396,26.99308870762927,2025-01-18,25.0
18.18800000000192,25.3927327335685,2025-01-18,26.0
23.26000000000204,24.260078228287153,2025-01-18,27.0
19.2280000000052,29.92822025130001,2025-01-18,28.0
27.77199999999721,31.78418175558213,2025-01-18,29.0
20.7109999999995,31.610313100083737,2025-01-18,30.0
42.72000000000117,38.58880342179265,2025-01-18,31.0
51.83200000000943,47.89754644172369,2025-01-18,32.0
7.319999999999709,22.689696375515634,2025-01-18,33.0
14.767999999996391,20.330948469650835,2025-01-18,34.0
27.9800000000032,26.85580459507586,2025-01-18,35.0
18.631999999997788,23.987006732346508,2025-01-18,36.0
50.26799999999639,51.4609021993396,2025-01-18,37.0
19.460000000002765,17.63575055928571,2025-01-18,38.0
24.79200000000128,23.899937287796682,2025-01-18,39.0
14.9428000000031,26.189457897382816,2025-01-19,1.0
44.18000000000757,22.116864268386166,2025-01-19,2.0
31.31999999999971,37.72301467802827,2025-01-19,3.0
17.00800000000163,25.030477884045883,2025-01-19,4.0
19.7109999999995,18.807276666930807,2025-01-19,5.0
45.03199999999924,52.59587335690469,2025-01-19,6.0
41.9320000000007,37.55019481826438,2025-01-19,7.0
10.648000000001048,16.80729347014605,2025-01-19,8.0
13.9280000000023,26.678419690928475,2025-01-19,9.0
27.047999999995227,20.89816306121283,2025-01-19,10.0
37.0480000000025,34.865126186935406,2025-01-19,11.0
7.6599999999998545,13.421256412764208,2025-01-19,12.0
61.35199999999895,57.497097119664396,2025-01-19,13.0
46.16800000000512,42.11326104681674,2025-01-19,14.0
26.57600000000093,32.351080519936346,2025-01-19,15.0
17.2879999999958,24.23595948444909,2025-01-19,16.0
13.13000000000102,11.500423563189122,2025-01-19,17.0
16.220000000001164,22.648083356685085,2025-01-19,18.0
21.77000000000044,23.232899668312974,2025-01-19,19.0
22.68000000000029,26.032229775864433,2025-01-19,20.0
31.5,32.64510488926695,2025-01-19,21.0
28.532693112733,52.10626897042315,2025-01-19,22.0
56.98800000000483,39.735641484031866,2025-01-19,23.0
31.9280000000023,30.93590393597989,2025-01-19,24.0
23.743999999998778,27.047433963026315,2025-01-19,25.0
12.1099999999953,25.870006368806866,2025-01-19,26.0
28.139999999999414,25.354018224621793,2025-01-19,27.0
31.87999999999738,29.293735627824102,2025-01-19,28.0
16.5199999999968,30.860896662358996,2025-01-19,29.0
32.0480000000025,32.27309822752945,2025-01-19,30.0
29.44799999998941,39.9742871462845,2025-01-19,31.0
54.59999999999127,48.56200311059011,2025-01-19,32.0
7.360000000000582,25.51480383254386,2025-01-19,33.0
25.42399999999907,19.11597721743919,2025-01-19,34.0
30.4109999999966,25.767759929714988,2025-01-19,35.0
25.31999999999971,23.93902022624892,2025-01-19,36.0
64.16000000000349,52.43403550502058,2025-01-19,37.0
12.569999999999707,18.07356214957788,2025-01-19,38.0
18.548000000002503,24.521363961363885,2025-01-19,39.0
18.89600000000064,26.629940271206806,2025-01-20,1.0
32.75199999999313,22.075617394360634,2025-01-20,2.0
20.127999999996973,35.69644873232054,2025-01-20,3.0
26.5109999999879,24.082019245440634,2025-01-20,4.0
23.1099999999953,20.175304797877345,2025-01-20,5.0
44.79200000000128,53.9061026183306,2025-01-20,6.0
27.335999999995693,38.8820690938395,2025-01-20,7.0
19.19199999999546,18.347221336517087,2025-01-20,8.0
37.09199999999692,26.473497827526707,2025-01-20,9.0
21.31999999999971,21.91956260035445,2025-01-20,10.0
47.5199999999968,35.418633930711735,2025-01-20,11.0
10.399999999997815,14.978892655122456,2025-01-20,12.0
55.84799999999814,57.82343460337257,2025-01-20,13.0
48.9109999999966,43.23353918988436,2025-01-20,14.0
29.639999999999414,30.365552542436962,2025-01-20,15.0
22.0228000000049,23.477097854627033,2025-01-20,16.0
1.5799999999999272,12.120332614241857,2025-01-20,17.0
29.091999999996915,24.287457754333122,2025-01-20,18.0
16.239999999997963,24.944544977090615,2025-01-20,19.0
27.5,26.538342850446476,2025-01-20,20.0
26.639999999999414,33.449782677234346,2025-01-20,21.0
53.167999999997846,53.48086005582247,2025-01-20,22.0
48.70799999999872,41.081279090712314,2025-01-20,23.0
37.76799999999639,31.79140898784571,2025-01-20,24.0
31.127999999996973,27.820148260532715,2025-01-20,25.0
17.50800000000163,25.108805429706464,2025-01-20,26.0
14.987999999997555,25.604642568807947,2025-01-20,27.0
29.080000000001743,27.011793136511205,2025-01-20,28.0
28.380000000004657,31.590154670285454,2025-01-20,29.0
23.859999999993303,32.107914109354496,2025-01-20,30.0
39.2628000000101,42.27328973065336,2025-01-20,31.0
58.36000000000058,49.74289196106181,2025-01-20,32.0
7.351999999998952,23.01813477507765,2025-01-20,33.0
13.868000000002212,19.23224058498404,2025-01-20,34.0
37.61600000000181,25.122530752551807,2025-01-20,35.0
18.011999999996,24.698767902749463,2025-01-20,36.0
70.182800000001,51.683797276339696,2025-01-20,37.0
11.5900000000001,19.063958001766757,2025-01-20,38.0
19.49199999999837,25.369701438848402,2025-01-20,39.0
22.5028000000008,20.094513127947042,2025-01-21,1.0
10.228000000002794,18.34420402670827,2025-01-21,2.0
27.9428000000031,27.53516867217457,2025-01-21,3.0
12.0,16.816160899572765,2025-01-21,4.0
17.92000000000553,16.212921176257193,2025-01-21,5.0
54.77599999999802,41.15232020412062,2025-01-21,6.0
39.62399999999616,32.717592645273115,2025-01-21,7.0
13.560000000004948,12.050255846495322,2025-01-21,8.0
25.616000000001804,20.321461103555375,2025-01-21,9.0
11.6720000000059,17.094567812643614,2025-01-21,10.0
25.391999999999825,28.46799652136427,2025-01-21,11.0
11.2800000000025,9.593639875871123,2025-01-21,12.0
60.59200000000419,50.71389987526561,2025-01-21,13.0
43.2280000000028,35.609418348761174,2025-01-21,14.0
21.78399999999965,22.6011028160277,2025-01-21,15.0
17.720000000001164,16.154298708700598,2025-01-21,16.0
16.5,7.299417471744674,2025-01-21,17.0
10.88799999999901,17.737209000409923,2025-01-21,18.0
33.42000000000189,18.702093940566108,2025-01-21,19.0
36.09999999999855,20.824446454761468,2025-01-21,20.0
36.307999999997264,27.464865424309924,2025-01-21,21.0
41.95999999999913,47.36988022646917,2025-01-21,22.0
32.65199999999459,35.918506865423886,2025-01-21,23.0
32.1028000000066,24.87299023532855,2025-01-21,24.0
16.81999999999971,20.962183012343008,2025-01-21,25.0
16.2628000000029,18.14361713426879,2025-01-21,26.0
16.752000000000407,20.157770444437492,2025-01-21,27.0
36.2109999999995,20.725829191643598,2025-01-21,28.0
16.099999999998545,23.191997588851006,2025-01-21,29.0
16.8280000000038,25.077538940666823,2025-01-21,30.0
47.07200000000012,33.56501760224747,2025-01-21,31.0
55.2800000000087,43.41604652929995,2025-01-21,32.0
8.536000000000058,15.242189905375179,2025-01-21,33.0
7.707999999998719,14.578877552302075,2025-01-21,34.0
10.5120000000024,20.88298131782254,2025-01-21,35.0
17.512000000002445,18.500393178561044,2025-01-21,36.0
49.93599999999424,45.17647823303049,2025-01-21,37.0
24.57999999999811,14.168008577624281,2025-01-21,38.0
22.89600000000064,19.127250402323895,2025-01-21,39.0
27.70799999999872,24.324761699578104,2025-01-22,1.0
8.61099999999371,25.64284528640971,2025-01-22,2.0
31.32800000000134,32.4803078277362,2025-01-22,3.0
26.21600000000035,23.24263718467904,2025-01-22,4.0
20.37599999999657,21.60536942490497,2025-01-22,5.0
52.42399999999907,46.80956881383954,2025-01-22,6.0
41.56800000001385,39.159585922816575,2025-01-22,7.0
14.87999999999738,16.70018506166744,2025-01-22,8.0
25.5028000000008,26.9918351798102,2025-01-22,9.0
27.05999999999767,23.10058095369658,2025-01-22,10.0
35.2800000000011,35.73446204576498,2025-01-22,11.0
21.69999999999709,13.823100899272465,2025-01-22,12.0
57.90799999999581,54.18102553996959,2025-01-22,13.0
53.0199999999968,41.83028359381299,2025-01-22,14.0
31.4280000000023,27.802575534748538,2025-01-22,15.0
23.1079999999929,21.130849303068526,2025-01-22,16.0
17.2599999999985,10.378800928525255,2025-01-22,17.0
17.700000000004366,23.950585583737276,2025-01-22,18.0
24.399999999997817,23.659866832372334,2025-01-22,19.0
26.77999999999884,26.12007439975582,2025-01-22,20.0
45.222800000002,33.664944774071635,2025-01-22,21.0
46.2710939714836,52.57850032621415,2025-01-22,22.0
49.66000000000349,43.41580267575323,2025-01-22,23.0
17.167999999997846,33.54934203993024,2025-01-22,24.0
19.9320000000007,26.632743065400906,2025-01-22,25.0
13.647999999993772,21.351660239933206,2025-01-22,26.0
26.27999999999884,25.111038944158008,2025-01-22,27.0
45.23999999999796,24.519909409063104,2025-01-22,28.0
35.73999999999796,26.7869121139203,2025-01-22,29.0
33.8109999999981,29.558729137060123,2025-01-22,30.0
50.59999999999127,38.59922290041822,2025-01-22,31.0
55.52799999999115,50.040374250482856,2025-01-22,32.0
8.54280000000169,19.705136259146045,2025-01-22,33.0
25.652000000001863,18.794266386747736,2025-01-22,34.0
19.659999999996217,27.450465370043734,2025-01-22,35.0
33.63199999999779,23.392937735919894,2025-01-22,36.0
74.2800000000011,52.588429665593345,2025-01-22,37.0
12.959999999999129,18.271914158678456,2025-01-22,38.0
17.2109999999995,24.613108928327247,2025-01-22,39.0
16.2800000000011,23.732412162268,2025-01-23,1.0
49.12799999999697,25.438912185012722,2025-01-23,2.0
30.5,33.39953771230638,2025-01-23,3.0
25.639999999999414,21.51208039925271,2025-01-23,4.0
6.50280000000081,22.09068427521073,2025-01-23,5.0
44.24799999999959,49.30562073499653,2025-01-23,6.0
35.80799999998999,39.81679863922278,2025-01-23,7.0
23.487999999997555,16.2409290119829,2025-01-23,8.0
25.1359999999986,26.619152570137707,2025-01-23,9.0
14.779999999998836,21.39009675646732,2025-01-23,10.0
36.48800000000483,33.47404916829652,2025-01-23,11.0
12.670000000001892,13.95929817209079,2025-01-23,12.0
56.26800000000367,56.42085753786237,2025-01-23,13.0
43.5,42.87001728475125,2025-01-23,14.0
24.82800000000134,27.352094350396744,2025-01-23,15.0
29.548000000002503,20.73629535013059,2025-01-23,16.0
10.0900000000001,12.740847090751334,2025-01-23,17.0
12.739999999997965,20.842437189280652,2025-01-23,18.0
14.510000000002035,24.594319055913562,2025-01-23,19.0
26.38000000000102,26.733550373481414,2025-01-23,20.0
29.296000000002092,32.666659149319116,2025-01-23,21.0
44.6257190030867,50.283058703769086,2025-01-23,22.0
47.9000000000011,41.47109152264072,2025-01-23,23.0
23.5199999999968,34.086712952416704,2025-01-23,24.0
11.4879999999976,25.045752318348196,2025-01-23,25.0
32.9800000000032,19.72962312471073,2025-01-23,26.0
13.872000000003029,23.892387005070457,2025-01-23,27.0
29.4119999999974,25.645487543195152,2025-01-23,28.0
21.919999999998254,24.397485509884582,2025-01-23,29.0
39.28800000000047,27.240657082654398,2025-01-23,30.0
25.2280000000052,39.63545170555905,2025-01-23,31.0
52.4280000000023,51.98679774034489,2025-01-23,32.0
55.18800000000192,18.097872540102568,2025-01-23,33.0
23.29200000000128,18.403256728852146,2025-01-23,34.0
3.7880000000004657,24.51878856699798,2025-01-23,35.0
23.0880000000025,22.650572587655045,2025-01-23,36.0
60.10399999999936,54.56093340513945,2025-01-23,37.0
17.610000000000582,19.66630374302608,2025-01-23,38.0
21.0,23.464209768033918,2025-01-23,39.0
24.479999999995925,21.575092662151548,2025-01-24,1.0
8.992000000012922,21.247750497026573,2025-01-24,2.0
21.22799999999552,29.815541994659984,2025-01-24,3.0
19.8280000000101,20.01717711558178,2025-01-24,4.0
22.69600000000355,19.54078421398112,2025-01-24,5.0
43.12000000000262,45.92154211940295,2025-01-24,6.0
25.1999999999971,39.45526273677742,2025-01-24,7.0
18.959999999999127,14.754300206079366,2025-01-24,8.0
28.9109999999966,24.91199599728514,2025-01-24,9.0
33.99199999999837,21.831286375992722,2025-01-24,10.0
29.471999999994296,32.51940891723423,2025-01-24,11.0
14.180000000000293,13.281164212762057,2025-01-24,12.0
58.63999999999942,52.64188994430164,2025-01-24,13.0
44.30000000000291,42.055236351059776,2025-01-24,14.0
35.1099999999953,26.434896221413823,2025-01-24,15.0
24.919999999998254,20.828522040985842,2025-01-24,16.0
12.780000000000657,12.177393268670924,2025-01-24,17.0
31.102000000001,18.871824050078843,2025-01-24,18.0
21.149999999997817,22.92154102410649,2025-01-24,19.0
26.1000000000006,24.925133888476378,2025-01-24,20.0
41.59999999999855,32.290166876106134,2025-01-24,21.0
35.9685002825286,38.82698949688927,2025-01-24,22.0
31.627999999996973,40.00462573194708,2025-01-24,23.0
28.2880000000031,28.96698280388646,2025-01-24,24.0
20.5280000000009,22.981423432737706,2025-01-24,25.0
24.692000000002736,17.029916324529825,2025-01-24,26.0
14.9360000000011,22.177747365248216,2025-01-24,27.0
20.77200000000448,26.446242417986912,2025-01-24,28.0
22.4800000000032,24.474465659483062,2025-01-24,29.0
26.880000000004657,26.519690555615274,2025-01-24,30.0
33.288000000000466,38.43495151135521,2025-01-24,31.0
53.36000000000058,51.68051149467742,2025-01-24,32.0
30.31999999999971,16.940682832207774,2025-01-24,33.0
6.655999999995402,18.90361326057312,2025-01-24,34.0
37.29200000000128,21.7879057340314,2025-01-24,35.0
17.487999999997555,21.91153979407534,2025-01-24,36.0
63.80800000000454,56.71811154320555,2025-01-24,37.0
16.8280000000001,16.400488613939263,2025-01-24,38.0
30.239999999997963,20.90142612392909,2025-01-24,39.0
16.012000000002445,22.37284398638915,2025-01-25,1.0
23.587999999988824,24.749993967270576,2025-01-25,2.0
37.57200000000012,28.392195493572125,2025-01-25,3.0
30.1199999999889,22.56895710408628,2025-01-25,4.0
16.471999999994296,18.120725866831553,2025-01-25,5.0
43.58000000000175,46.264834515787356,2025-01-25,6.0
39.37200000000303,38.61733474266437,2025-01-25,7.0
7.672000000005937,16.361525583155853,2025-01-25,8.0
31.952000000004773,26.185823851875703,2025-01-25,9.0
37.64800000000105,23.449939160054836,2025-01-25,10.0
45.708000000006,34.23464057104591,2025-01-25,11.0
8.25000000000011,13.913711286624732,2025-01-25,12.0
52.94399999999587,53.15359671086543,2025-01-25,13.0
44.87999999999738,41.307782517747256,2025-01-25,14.0
36.81999999999971,26.769113727170435,2025-01-25,15.0
26.60000000000582,23.266797061165835,2025-01-25,16.0
11.9300000000003,12.572132279183592,2025-01-25,17.0
10.655999999995402,18.381170886039765,2025-01-25,18.0
20.850000000002183,23.864406837794824,2025-01-25,19.0
28.0099999999984,26.884525512176236,2025-01-25,20.0
29.09200000000419,33.00836768205573,2025-01-25,21.0
52.0280000000009,38.39464615629725,2025-01-25,22.0
35.29200000000128,42.12936902119966,2025-01-25,23.0
26.5828000000026,28.490180279485788,2025-01-25,24.0
14.9280000000023,22.650140558916807,2025-01-25,25.0
25.38799999999901,19.736804901429544,2025-01-25,26.0
21.5028000000008,22.335232366445677,2025-01-25,27.0
22.639999999999414,29.59480336869005,2025-01-25,28.0
39.92799999999989,25.34185696015304,2025-01-25,29.0
23.619999999995343,28.420866588939653,2025-01-25,30.0
50.919999999998254,38.040850521066965,2025-01-25,31.0
59.4320000000007,51.34236623849387,2025-01-25,32.0
8.0,19.77971599163024,2025-01-25,33.0
16.982800000004,18.565978237676585,2025-01-25,34.0
61.82800000000134,21.382778469377122,2025-01-25,35.0
11.5028000000008,22.631558441773453,2025-01-25,36.0
64.87999999999738,56.17770600795929,2025-01-25,37.0
12.93999999999869,16.805178328677183,2025-01-25,38.0
13.19999999999709,22.32071362471747,2025-01-25,39.0
22.9360000000011,21.894575275266142,2025-01-26,1.0
9.77200000001076,24.00070388695478,2025-01-26,2.0
24.82800000000134,27.063831880039956,2025-01-26,3.0
16.312000000005355,22.0413866822011,2025-01-26,4.0
22.560000000004948,19.91147379116134,2025-01-26,5.0
48.61999999999534,44.34070323664842,2025-01-26,6.0
27.80000000000291,36.46464978590025,2025-01-26,7.0
16.099999999998545,16.908535708824,2025-01-26,8.0
28.21600000000035,25.731470191084448,2025-01-26,9.0
28.832000000002157,23.611444535244473,2025-01-26,10.0
45.07999999999447,33.132930625424095,2025-01-26,11.0
6.770000000000437,14.478061870990356,2025-01-26,12.0
56.2880000000031,50.92427374599368,2025-01-26,13.0
28.9800000000032,40.957764282153086,2025-01-26,14.0
42.200000000004366,27.531584130410007,2025-01-26,15.0
19.091999999996915,22.85555188584494,2025-01-26,16.0
14.789999999999054,12.273126543409871,2025-01-26,17.0
25.97200000000157,20.539251896111406,2025-01-26,18.0
11.7700000000004,22.727433295190057,2025-01-26,19.0
23.62000000000262,26.33727915981494,2025-01-26,20.0
27.5879999999961,33.01548232514902,2025-01-26,21.0
48.192000000002736,38.240832535264865,2025-01-26,22.0
33.68000000000029,40.446150575657825,2025-01-26,23.0
7.09599999999773,28.476141277294587,2025-01-26,24.0
17.3109999999981,21.821370808895523,2025-01-26,25.0
26.5280000000009,19.073522226114566,2025-01-26,26.0
24.57600000000093,20.144460373068107,2025-01-26,27.0
23.55999999999767,29.594063183113118,2025-01-26,28.0
30.16000000000349,23.63814214936702,2025-01-26,29.0
36.18000000000029,27.832111773618347,2025-01-26,30.0
38.0880000000025,36.433949912755594,2025-01-26,31.0
47.80000000000291,50.55433095513092,2025-01-26,32.0
7.97200000000117,17.571470859787002,2025-01-26,33.0
21.0879999999961,17.198249865137615,2025-01-26,34.0
22.83199999999488,23.283163934331682,2025-01-26,35.0
23.82800000000134,22.099296863921076,2025-01-26,36.0
58.87200000000303,55.38967072459634,2025-01-26,37.0
13.770000000000437,16.87979658738125,2025-01-26,38.0
17.860000000000582,22.85279727864415,2025-01-26,39.0
8.360000000000582,21.152810787648143,2025-01-27,1.0
25.74799999999232,25.732485151851073,2025-01-27,2.0
25.4720000000016,28.116284436931455,2025-01-27,3.0
19.351999999998952,23.589147476620404,2025-01-27,4.0
21.860000000000586,18.859626750361357,2025-01-27,5.0
36.55200000000332,43.33159129114616,2025-01-27,6.0
25.372000000003,35.70033328387365,2025-01-27,7.0
20.55999999999767,15.8880367573141,2025-01-27,8.0
22.252000000000407,27.558505382634152,2025-01-27,9.0
22.70799999999872,25.39334011720576,2025-01-27,10.0
22.860000000000586,35.399133727466946,2025-01-27,11.0
8.569999999999709,13.189183643646059,2025-01-27,12.0
66.0280000000009,51.47831679746827,2025-01-27,13.0
39.9320000000007,42.997154420856035,2025-01-27,14.0
42.9280000000023,28.79013653441426,2025-01-27,15.0
21.19999999999709,24.111071876258915,2025-01-27,16.0
13.4280000000005,12.43748158753868,2025-01-27,17.0
23.10800000000017,18.41510448037635,2025-01-27,18.0
31.549999999999272,22.55837479368895,2025-01-27,19.0
23.93999999999869,27.660581762852463,2025-01-27,20.0
33.222800000002,33.10282583519866,2025-01-27,21.0
36.2776088947025,40.21559188200527,2025-01-27,22.0
49.33200000000216,39.47632854835326,2025-01-27,23.0
22.799999999995634,27.82794966324411,2025-01-27,24.0
19.44800000000396,19.55825694979883,2025-01-27,25.0
25.339999999996508,20.32318285925275,2025-01-27,26.0
11.351999999999,19.994131200887974,2025-01-27,27.0
25.6280000000042,29.525364581352555,2025-01-27,28.0
33.54399999999441,25.542158089186433,2025-01-27,29.0
20.31999999999971,27.499886135306927,2025-01-27,30.0
33.18399999999383,38.04576492394563,2025-01-27,31.0
45.2539999999973,51.9667041497749,2025-01-27,32.0
7.987999999997555,17.44382797349259,2025-01-27,33.0
13.102000000001,17.961456177173403,2025-01-27,34.0
41.1120000000018,27.288457772923735,2025-01-27,35.0
18.099999999998545,21.387061522636955,2025-01-27,36.0
63.2579999999981,56.049055210740335,2025-01-27,37.0
12.580000000001746,16.46568325614872,2025-01-27,38.0
12.760000000002035,21.020065483937127,2025-01-27,39.0
16.17199999999866,21.977520547481078,2025-01-28,1.0
18.148000000001048,21.09963906154235,2025-01-28,2.0
32.1120000000018,28.195272658207713,2025-01-28,3.0
22.047999999995227,23.30211875772028,2025-01-28,4.0
22.451999999997497,18.912507688552026,2025-01-28,5.0
48.667999999997846,43.071025909426794,2025-01-28,6.0
25.2880000000005,32.5708537075294,2025-01-28,7.0
14.548000000002505,17.035886489194233,2025-01-28,8.0
20.49199999999837,28.83574001250683,2025-01-28,9.0
25.3199999999997,25.570584326118297,2025-01-28,10.0
32.87200000000303,36.010347057564665,2025-01-28,11.0
20.87999999999738,12.476048338989445,2025-01-28,12.0
73.16799999999785,51.260811193710175,2025-01-28,13.0
28.887999999999,41.36802326580594,2025-01-28,14.0
43.81999999999971,30.417126113333058,2025-01-28,15.0
16.468000000000757,24.04660065997746,2025-01-28,16.0
14.670000000001892,12.580017099483536,2025-01-28,17.0
25.463999999999945,19.32546192144007,2025-01-28,18.0
17.419999999998254,20.346562672089277,2025-01-28,19.0
25.139999999999414,27.16697501890473,2025-01-28,20.0
32.05599999999686,32.38898127080015,2025-01-28,21.0
47.7650569390289,41.179576809501796,2025-01-28,22.0
28.007999999994357,36.34795002579503,2025-01-28,23.0
26.8280000000038,24.494683674598406,2025-01-28,24.0
21.9000000000011,18.70073599598695,2025-01-28,25.0
22.55999999999767,22.23286213049506,2025-01-28,26.0
13.551999999996042,19.928599351749696,2025-01-28,27.0
16.479999999995925,28.46522639390051,2025-01-28,28.0
27.208000000005995,27.58400563953266,2025-01-28,29.0
33.7109999999995,27.929102178483102,2025-01-28,30.0
42.0228000000049,38.08019351307898,2025-01-28,31.0
55.79200000000128,50.99620983751682,2025-01-28,32.0
7.959999999999127,17.31619455513805,2025-01-28,33.0
9.77599999999802,17.479490107691795,2025-01-28,34.0
32.27999999999884,26.927105887449493,2025-01-28,35.0
24.847999999998137,20.932645858374517,2025-01-28,36.0
56.23999999999796,55.78848982902097,2025-01-28,37.0
18.68999999999869,16.22761896907221,2025-01-28,38.0
21.26000000000204,20.74937465301415,2025-01-28,39.0
26.5199999999968,21.496221167593276,2025-01-29,1.0
17.5828000000026,23.176981102071903,2025-01-29,2.0
29.648000000001048,29.64445649706375,2025-01-29,3.0
22.03200000000652,24.10924337005427,2025-01-29,4.0
28.38799999999901,20.58750587848355,2025-01-29,5.0
28.05200000000332,44.44665601661814,2025-01-29,6.0
37.52799999999115,33.65146996953364,2025-01-29,7.0
10.98399999999674,19.255273236753016,2025-01-29,8.0
39.57600000000093,28.937507515154742,2025-01-29,9.0
22.372000000003027,27.561270700263307,2025-01-29,10.0
30.90799999999581,34.91368106770899,2025-01-29,11.0
9.280000000002474,13.769325109764184,2025-01-29,12.0
64.95999999999913,54.72077479294579,2025-01-29,13.0
39.419999999998254,41.07721274896372,2025-01-29,14.0
28.0720000000001,33.674517254651946,2025-01-29,15.0
23.3028000000037,25.8313946495043,2025-01-29,16.0
10.7899999999972,15.480835905758097,2025-01-29,17.0
16.616000000001804,21.14697321295351,2025-01-29,18.0
24.360000000000586,23.96465131810283,2025-01-29,19.0
1.9399999999986903,27.967543567769223,2025-01-29,20.0
29.391999999999825,34.90600000435758,2025-01-29,21.0
46.382545422884,41.247098645026504,2025-01-29,22.0
35.220000000001164,37.76187388842791,2025-01-29,23.0
19.4280000000023,24.431251448307673,2025-01-29,24.0
11.1999999999971,18.501848167336462,2025-01-29,25.0
20.080000000001743,24.95623119147194,2025-01-29,26.0
33.2800000000011,20.45961263444356,2025-01-29,27.0
20.29200000000128,29.797238320501705,2025-01-29,28.0
48.859999999993306,29.629006558926353,2025-01-29,29.0
29.01600000000326,29.694223220979456,2025-01-29,30.0
37.255999999993946,39.06315112136331,2025-01-29,31.0
46.9600000000064,50.19146422337903,2025-01-29,32.0
7.919999999998254,18.79539535233222,2025-01-29,33.0
11.3199999999997,19.081080566492435,2025-01-29,34.0
33.5480000000025,29.313879475527,2025-01-29,35.0
24.76000000000204,22.70870104205568,2025-01-29,36.0
60.37200000000303,57.28348228747298,2025-01-29,37.0
24.06000000000131,17.65821521931521,2025-01-29,38.0
11.8799999999974,21.548470039579694,2025-01-29,39.0
13.932000000000698,21.829564111802075,2025-01-30,1.0
36.96799999999348,24.86469956971723,2025-01-30,2.0
25.471999999994296,31.47377824877739,2025-01-30,3.0
28.6628000000043,26.054720980346,2025-01-30,4.0
4.319999999999709,21.042481323826404,2025-01-30,5.0
33.375999999996566,42.871896399073265,2025-01-30,6.0
32.6228000000107,32.43066114913093,2025-01-30,7.0
3.9200000000055297,18.53933816457331,2025-01-30,8.0
30.479999999995925,27.5342594388,2025-01-30,9.0
17.0280000000009,28.40520592887509,2025-01-30,10.0
35.9600000000064,35.114513353923265,2025-01-30,11.0
13.849999999998545,14.525580637978177,2025-01-30,12.0
53.9028000000023,55.79672329213745,2025-01-30,13.0
44.97200000000157,38.68831215386472,2025-01-30,14.0
41.12799999999697,36.45891240150406,2025-01-30,15.0
28.18800000000192,25.292164699136585,2025-01-30,16.0
12.960000000002765,14.92207751342595,2025-01-30,17.0
3.371999999995751,22.751053344172547,2025-01-30,18.0
27.330000000001743,21.77694789638298,2025-01-30,19.0
21.580000000001743,26.295524142300007,2025-01-30,20.0
45.5679999999993,33.686765205015064,2025-01-30,21.0
35.22799999999552,42.57524749177953,2025-01-30,22.0
38.012000000002445,38.03711440332013,2025-01-30,23.0
33.66399999999703,24.536368051094158,2025-01-30,24.0
17.9280000000023,18.833256047365904,2025-01-30,25.0
12.5880000000025,25.093230580836842,2025-01-30,26.0
12.919999999998254,19.85203965685642,2025-01-30,27.0
29.26799999999639,26.462107360912125,2025-01-30,28.0
29.812000000005355,31.28963586389096,2025-01-30,29.0
42.42399999999907,30.770156773183437,2025-01-30,30.0
28.8960000000079,38.95900322827545,2025-01-30,31.0
43.45599999999104,50.122252776603915,2025-01-30,32.0
45.18800000000192,18.47715344150282,2025-01-30,33.0
21.520000000004075,18.75028997310149,2025-01-30,34.0
28.372000000003,31.792721362156538,2025-01-30,35.0
17.772000000004482,23.094766057395574,2025-01-30,36.0
44.1359999999986,57.446588959560074,2025-01-30,37.0
19.229999999999563,16.123217727153953,2025-01-30,38.0
11.9080000000031,21.365798960760348,2025-01-30,39.0
17.455999999998312,21.266551888255883,2025-01-31,1.0
7.847999999998137,24.043088794676613,2025-01-31,2.0
45.76800000000367,29.2477436392533,2025-01-31,3.0
29.527999999991152,24.352189832937952,2025-01-31,4.0
1.81099999999808,22.544685283194752,2025-01-31,5.0
25.5828000000026,40.26770095125075,2025-01-31,6.0
38.1759999999922,31.983072954104628,2025-01-31,7.0
24.255999999993943,17.859996669422824,2025-01-31,8.0
28.67199999999866,29.29827711701028,2025-01-31,9.0
10.7079999999987,28.5561829380889,2025-01-31,10.0
17.299999999995634,34.516835229667414,2025-01-31,11.0
7.380000000001019,13.169270656491939,2025-01-31,12.0
72.4119999999974,57.09633395499817,2025-01-31,13.0
46.479999999995925,37.139692829751816,2025-01-31,14.0
25.1199999999962,37.03228699513881,2025-01-31,15.0
16.31999999999971,24.881056470797375,2025-01-31,16.0
7.419999999998254,14.026053086874487,2025-01-31,17.0
5.900000000001455,22.482220665778105,2025-01-31,18.0
20.919999999998254,21.83279462140389,2025-01-31,19.0
23.610000000000586,24.074719025243823,2025-01-31,20.0
29.959999999999127,32.68447534060204,2025-01-31,21.0
29.2500000000038,42.53940299889046,2025-01-31,22.0
32.57600000000093,36.59924505766795,2025-01-31,23.0
23.89600000000064,24.28092300677975,2025-01-31,24.0
11.8079999999973,17.87344043829566,2025-01-31,25.0
1.7999999999956344,25.520788045918913,2025-01-31,26.0
13.160000000003492,21.191041165477404,2025-01-31,27.0
24.77200000000448,23.69928977337835,2025-01-31,28.0
37.82800000000134,33.074921932679615,2025-01-31,29.0
24.135999999998603,30.11144469758394,2025-01-31,30.0
39.3109999999908,37.49044524016862,2025-01-31,31.0
51.60800000000745,49.10207194568035,2025-01-31,32.0
44.19999999999709,17.146703174500097,2025-01-31,33.0
21.10399999999936,16.33908653096063,2025-01-31,34.0
9.527999999998428,33.544098646959924,2025-01-31,35.0
16.779999999998836,21.738496683723664,2025-01-31,36.0
55.95200000000477,57.12310971928678,2025-01-31,37.0
10.630000000001,17.910375933751094,2025-01-31,38.0
19.99199999999837,20.07670502641293,2025-01-31,39.0
22.4320000000007,19.297402782387124,2025-02-01,1.0
17.69200000001001,22.74382531897317,2025-02-01,2.0
26.55999999999767,28.359060708843373,2025-02-01,3.0
25.4280000000023,23.626496630486816,2025-02-01,4.0
12.0880000000025,20.24988006983708,2025-02-01,5.0
38.59999999999855,37.62021270910511,2025-02-01,6.0
31.1099999999953,30.604238821756102,2025-02-01,7.0
25.27999999999884,13.862934059953933,2025-02-01,8.0
11.1920000000027,28.94535476517588,2025-02-01,9.0
11.7079999999987,26.81356710738017,2025-02-01,10.0
17.927999999999884,34.11691738637449,2025-02-01,11.0
13.909999999999854,13.008915930514036,2025-02-01,12.0
50.2280000000052,56.03060155656084,2025-02-01,13.0
38.52000000000408,36.38962617212903,2025-02-01,14.0
42.44800000000396,36.36475091277891,2025-02-01,15.0
20.10800000000017,23.73362209041455,2025-02-01,16.0
9.4900000000016,13.192941364252952,2025-02-01,17.0
13.639999999999418,19.171648343755333,2025-02-01,18.0
22.4900000000016,22.90864907375325,2025-02-01,19.0
33.590000000000146,22.09474357740686,2025-02-01,20.0
28.192000000002736,32.374562439671074,2025-02-01,21.0
28.7632683614101,39.662166620376134,2025-02-01,22.0
20.61200000000099,34.98288208685507,2025-02-01,23.0
28.2628000000029,24.211667561973847,2025-02-01,24.0
18.2800000000011,17.888617353604218,2025-02-01,25.0
25.391999999999825,22.668243776686907,2025-02-01,26.0
12.788000000000466,20.089940653176463,2025-02-01,27.0
11.4519999999975,23.20864738234007,2025-02-01,28.0
28.77999999999884,32.18157367561205,2025-02-01,29.0
30.9028000000023,30.089401754652187,2025-02-01,30.0
55.1428000000002,36.93284618576965,2025-02-01,31.0
59.8119999999916,47.315002233404684,2025-02-01,32.0
6.78280000000693,16.517126991838573,2025-02-01,33.0
12.5879999999961,15.619271229020876,2025-02-01,34.0
44.48799999999756,35.54987637584544,2025-02-01,35.0
13.459999999999129,20.075122727945118,2025-02-01,36.0
52.271999999997206,53.20754263674173,2025-02-01,37.0
12.590000000000146,17.348407828750048,2025-02-01,38.0
25.0880000000025,17.84532153935571,2025-02-01,39.0
14.700000000004366,19.29156999675135,2025-02-02,1.0
9.387999999991736,22.2186191974019,2025-02-02,2.0
30.23200000000361,31.225765591448024,2025-02-02,3.0
25.855999999999767,24.754348418930366,2025-02-02,4.0
20.099999999998545,17.802084015182732,2025-02-02,5.0
42.50800000000163,36.72513501722073,2025-02-02,6.0
35.79200000000128,32.47890014088312,2025-02-02,7.0
25.09200000000419,15.93847012666339,2025-02-02,8.0
31.268000000003667,29.075154686953585,2025-02-02,9.0
14.4109999999966,24.224594684356568,2025-02-02,10.0
18.520000000004075,32.13328783403351,2025-02-02,11.0
10.4199999999983,12.008298059329977,2025-02-02,12.0
70.07200000000012,56.77263589901212,2025-02-02,13.0
43.26799999999639,37.5410382211949,2025-02-02,14.0
50.5428000000017,36.585720620466944,2025-02-02,15.0
22.86399999999412,23.561022788759548,2025-02-02,16.0
17.7699999999968,13.502281839985857,2025-02-02,17.0
11.351999999999,16.94941648302664,2025-02-02,18.0
18.52999999999884,23.352859484220254,2025-02-02,19.0
18.639999999999414,21.974416580244068,2025-02-02,20.0
35.96800000000076,32.781735267069294,2025-02-02,21.0
36.6827555905526,39.83247773469694,2025-02-02,22.0
44.14800000000105,35.00356006396824,2025-02-02,23.0
12.135999999998605,24.035910435673195,2025-02-02,24.0
20.87199999999575,17.48293840060251,2025-02-02,25.0
19.4800000000032,19.815290169675507,2025-02-02,26.0
23.252000000000407,20.785355253188502,2025-02-02,27.0
19.32800000000134,24.391338828849403,2025-02-02,28.0
33.04799999999523,33.7929820000506,2025-02-02,29.0
33.2579999999981,30.324544917015547,2025-02-02,30.0
48.53600000000733,36.93488244675663,2025-02-02,31.0
46.5280000000057,47.95946903405795,2025-02-02,32.0
6.78799999999319,19.06445895861415,2025-02-02,33.0
10.0200000000041,18.219785437399945,2025-02-02,34.0
9.072000000000116,31.753440208018155,2025-02-02,35.0
24.26799999999639,20.434353959896875,2025-02-02,36.0
52.7280000000028,51.82430349548674,2025-02-02,37.0
17.209999999999127,16.787539609238685,2025-02-02,38.0
11.1319999999978,17.257566555589836,2025-02-02,39.0
23.891999999999825,20.386908366252058,2025-02-03,1.0
32.69200000001001,22.644612939382395,2025-02-03,2.0
43.0679999999993,30.886233568784544,2025-02-03,3.0
17.00800000000163,25.751137109891896,2025-02-03,4.0
21.16000000000349,18.80382983958298,2025-02-03,5.0
51.26799999999639,36.121271012075724,2025-02-03,6.0
38.620000000009895,32.51016504773845,2025-02-03,7.0
21.97200000000157,19.32084551236305,2025-02-03,8.0
25.5199999999968,27.017379976647426,2025-02-03,9.0
30.708000000005995,22.02219563744684,2025-02-03,10.0
19.971999999994296,29.892903804928093,2025-02-03,11.0
12.63000000000102,14.166121514217481,2025-02-03,12.0
72.75999999999476,57.43712473367114,2025-02-03,13.0
44.62800000000425,37.66927098827068,2025-02-03,14.0
29.735999999997148,37.23204531010969,2025-02-03,15.0
20.2580000000054,23.08085982628565,2025-02-03,16.0
8.460000000002765,13.715712421799727,2025-02-03,17.0
10.8680000000022,18.21256532859586,2025-02-03,18.0
28.0280000000009,24.01932554580843,2025-02-03,19.0
23.389999999999414,23.857410355088255,2025-02-03,20.0
27.76000000000204,33.47243308562698,2025-02-03,21.0
37.8100685905112,38.11055554165458,2025-02-03,22.0
37.39999999999418,32.49370683245999,2025-02-03,23.0
9.87199999999575,25.63199109924559,2025-02-03,24.0
20.16800000000512,18.587935898507187,2025-02-03,25.0
21.55200000000332,20.76643969016966,2025-02-03,26.0
11.148000000001,20.2660833782034,2025-02-03,27.0
17.288000000000466,23.96788631184296,2025-02-03,28.0
41.8228000000005,33.323349913085835,2025-02-03,29.0
30.9320000000007,31.565792665003936,2025-02-03,30.0
28.952000000004773,38.639297613513676,2025-02-03,31.0
54.79200000000128,48.66508590140716,2025-02-03,32.0
7.4120000000039,19.519282692764314,2025-02-03,33.0
10.4199999999983,18.421343478305882,2025-02-03,34.0
36.1120000000018,30.749684100168967,2025-02-03,35.0
21.79200000000128,21.85522614108599,2025-02-03,36.0
75.51999999998952,52.61151597031808,2025-02-03,37.0
17.549999999999272,17.903439811686187,2025-02-03,38.0
10.131999999997788,19.290674371495555,2025-02-03,39.0
14.427999999999884,17.357459356080593,2025-02-04,1.0
10.7200000000012,19.99055887212573,2025-02-04,2.0
28.70799999999872,30.023506482533964,2025-02-04,3.0
13.279999999998836,25.06658088507769,2025-02-04,4.0
22.507999999994357,16.41870731351702,2025-02-04,5.0
61.9428000000031,34.386354532669024,2025-02-04,6.0
31.619999999995343,32.00055881621218,2025-02-04,7.0
29.70799999999872,17.883891294193585,2025-02-04,8.0
17.18000000000029,26.208452809474423,2025-02-04,9.0
32.99199999999837,18.886818274803847,2025-02-04,10.0
24.148000000001048,25.118471931040833,2025-02-04,11.0
12.5,11.74273533418862,2025-02-04,12.0
54.4800000000032,55.32370656943708,2025-02-04,13.0
48.66399999999703,36.27024106302207,2025-02-04,14.0
46.222800000002,36.24536580367195,2025-02-04,15.0
19.0,21.49780787735187,2025-02-04,16.0
17.279999999998836,12.385422961423767,2025-02-04,17.0
16.9800000000032,14.13913873631518,2025-02-04,18.0
14.899999999997815,22.81362664032777,2025-02-04,19.0
17.700000000000728,20.956881723988733,2025-02-04,20.0
30.743999999998778,31.134355464312428,2025-02-04,21.0
53.68000000000029,35.16055966071647,2025-02-04,22.0
45.0628000000058,31.470316615227862,2025-02-04,23.0
48.87200000000303,23.659565563424845,2025-02-04,24.0
20.19199999999546,16.98829207540213,2025-02-04,25.0
22.37599999999657,17.09178119773164,2025-02-04,26.0
13.0109999999952,17.783470297020404,2025-02-04,27.0
42.83200000000216,20.85744685568294,2025-02-04,28.0
29.46800000000076,31.50747467014646,2025-02-04,29.0
22.987999999997555,29.67606731699148,2025-02-04,30.0
36.69599999999628,37.26722744627428,2025-02-04,31.0
61.447999999989406,47.046964496413885,2025-02-04,32.0
8.487999999997555,16.853522407255436,2025-02-04,33.0
16.427999999999884,14.37511221247593,2025-02-04,34.0
46.21600000000035,26.390927109297756,2025-02-04,35.0
11.648000000001,19.805767992061572,2025-02-04,36.0
55.58000000000175,50.20187002730396,2025-02-04,37.0
11.1000000000022,16.402128949623137,2025-02-04,38.0
21.02799999999843,16.519398802723135,2025-02-04,39.0
29.131999999997788,20.971103569734026,2025-02-05,1.0
30.979999999995925,22.558934129325134,2025-02-05,2.0
33.9519999999975,32.11918929921617,2025-02-05,3.0
29.16000000000349,25.55779345465047,2025-02-05,4.0
14.0228000000049,17.547213608443307,2025-02-05,5.0
43.5679999999993,36.17362939747506,2025-02-05,6.0
32.10000000000582,33.65869210298229,2025-02-05,7.0
35.02799999999843,19.337902748685377,2025-02-05,8.0
30.60800000000017,27.96581134531595,2025-02-05,9.0
29.031999999999243,21.1496074074243,2025-02-05,10.0
20.959999999999127,25.594236169080222,2025-02-05,11.0
12.639999999999418,13.993739357296487,2025-02-05,12.0
56.67199999999866,56.874737960760996,2025-02-05,13.0
48.80000000000291,38.92625028105871,2025-02-05,14.0
45.0280000000009,36.441772459931045,2025-02-05,15.0
23.851999999998952,22.64662026570515,2025-02-05,16.0
14.849999999998545,12.447972662161677,2025-02-05,17.0
13.5,13.861165885213332,2025-02-05,18.0
37.6500000000011,23.402614655220727,2025-02-05,19.0
36.52000000000044,22.00268383967696,2025-02-05,20.0
46.26799999999639,32.21612335403335,2025-02-05,21.0
43.13999999999942,36.31964502238085,2025-02-05,22.0
55.75999999999476,31.876248417706716,2025-02-05,23.0
13.108000000000176,23.133896777568495,2025-02-05,24.0
20.848000000005413,18.191424703310922,2025-02-05,25.0
21.8628000000014,18.033848274640306,2025-02-05,26.0
25.2880000000031,18.834318712962723,2025-02-05,27.0
24.57999999999447,20.313647904582012,2025-02-05,28.0
49.73200000000361,33.99577889191971,2025-02-05,29.0
42.2109999999995,31.77838524406294,2025-02-05,30.0
48.1428000000002,38.0791412833712,2025-02-05,31.0
47.512000000002445,48.59773164524332,2025-02-05,32.0
8.560000000004948,18.05665503516423,2025-02-05,33.0
18.0280000000009,15.507144087557592,2025-02-05,34.0
18.5428000000017,27.649869036647235,2025-02-05,35.0
26.839999999996508,21.045168573681696,2025-02-05,36.0
58.55999999999767,53.45365581739153,2025-02-05,37.0
14.049999999999272,17.835692686304732,2025-02-05,38.0
27.12000000000262,17.21368216389881,2025-02-05,39.0
9.728000000002794,23.754764052655233,2025-02-06,1.0
16.279999999998836,24.833640042392382,2025-02-06,2.0
39.88000000000466,36.637087242012264,2025-02-06,3.0
24.9360000000011,28.1770481572901,2025-02-06,4.0
6.73599999999711,19.67341899734694,2025-02-06,5.0
62.84799999999814,40.829805462637204,2025-02-06,6.0
42.54799999999523,36.97562195707479,2025-02-06,7.0
23.31999999999971,24.364946621264323,2025-02-06,8.0
26.1428000000002,29.44475083790163,2025-02-06,9.0
25.31999999999971,24.6963428242219,2025-02-06,10.0
26.672000000005937,27.36080681583037,2025-02-06,11.0
17.020000000000437,15.22176910895643,2025-02-06,12.0
68.25600000000122,59.42811075765976,2025-02-06,13.0
51.69599999999628,44.433455302170024,2025-02-06,14.0
38.93599999999424,39.472171375195394,2025-02-06,15.0
29.26799999999639,25.614491129423385,2025-02-06,16.0
2.7280000000016,15.098257123321119,2025-02-06,17.0
31.099999999998545,14.534651480000244,2025-02-06,18.0
25.109999999999,25.85245108689616,2025-02-06,19.0
16.32999999999811,23.76787278636601,2025-02-06,20.0
19.852000000006228,35.21103055613726,2025-02-06,21.0
39.6876761959975,38.83525094276358,2025-02-06,22.0
42.57600000000093,37.718961419952656,2025-02-06,23.0
25.5080000000016,28.80408991146104,2025-02-06,24.0
17.551999999996042,19.85314946536341,2025-02-06,25.0
12.760000000002035,20.157651995256767,2025-02-06,26.0
12.5199999999968,20.333683479207213,2025-02-06,27.0
37.9280000000023,26.68108056424314,2025-02-06,28.0
36.0,37.359953833232794,2025-02-06,29.0
25.080000000001743,32.81138526995024,2025-02-06,30.0
48.5028000000008,40.98709693472873,2025-02-06,31.0
63.4628000000072,51.900871981841604,2025-02-06,32.0
45.2879999999958,20.04863277379157,2025-02-06,33.0
17.652000000001863,19.033670919200173,2025-02-06,34.0
18.2579999999981,31.30658736673136,2025-02-06,35.0
22.0280000000009,22.01005798706727,2025-02-06,36.0
45.0280000000081,55.14914769543899,2025-02-06,37.0
25.77999999999884,18.91145264077456,2025-02-06,38.0
18.0,20.030933984032856,2025-02-06,39.0
26.1099999999953,21.785012359961666,2025-02-07,1.0
33.520000000004075,23.958469677412403,2025-02-07,2.0
43.479999999995925,34.1724769659531,2025-02-07,3.0
44.0,25.79515594558798,2025-02-07,4.0
11.851999999999,16.99233005374656,2025-02-07,5.0
35.2280000000052,41.361340277937906,2025-02-07,6.0
31.53200000000652,34.32801114454913,2025-02-07,7.0
24.4320000000007,26.020269077996904,2025-02-07,8.0
37.98799999999756,27.056574810593524,2025-02-07,9.0
32.52799999999843,24.224433821976785,2025-02-07,10.0
25.339999999996508,24.161756884399672,2025-02-07,11.0
4.11999999999985,14.205759729342715,2025-02-07,12.0
63.2800000000011,57.470758397785005,2025-02-07,13.0
50.771999999997206,42.76747855801321,2025-02-07,14.0
28.8120000000054,38.475902961107806,2025-02-07,15.0
21.61200000000099,23.740135899959448,2025-02-07,16.0
11.0999999999985,14.465232953015464,2025-02-07,17.0
21.5,13.517059504093961,2025-02-07,18.0
21.56000000000131,25.72230694420734,2025-02-07,19.0
25.9300000000003,26.549128840598506,2025-02-07,20.0
30.43999999999505,34.60214347209923,2025-02-07,21.0
38.7067359388949,37.22814149432757,2025-02-07,22.0
46.25200000000041,37.79877040716322,2025-02-07,23.0
23.8109999999981,25.910301535710634,2025-02-07,24.0
23.599999999998545,20.60144660914449,2025-02-07,25.0
20.987999999997555,19.04409608403251,2025-02-07,26.0
11.6399999999994,18.76090904433356,2025-02-07,27.0
27.512000000002445,25.561194949349932,2025-02-07,28.0
25.148000000001048,37.068358770305515,2025-02-07,29.0
37.72000000000117,32.54950298398632,2025-02-07,30.0
56.39999999999418,40.750189698755136,2025-02-07,31.0
61.83999999999651,50.270289531454345,2025-02-07,32.0
53.65200000000186,18.028243813387302,2025-02-07,33.0
22.731999999996333,18.406656946652603,2025-02-07,34.0
37.36000000000058,28.27389558368465,2025-02-07,35.0
20.12000000000262,20.719146182275246,2025-02-07,36.0
35.33199999999488,53.28624712618952,2025-02-07,37.0
12.479999999999563,16.46152216476473,2025-02-07,38.0
28.860000000000586,20.1693854950788,2025-02-07,39.0
19.5679999999993,18.104306111511406,2025-02-08,1.0
10.3199999999924,18.281392360053964,2025-02-08,2.0
43.62000000000262,31.636158155279137,2025-02-08,3.0
30.288000000000466,22.435089844444498,2025-02-08,4.0
11.6800000000003,13.610147248783198,2025-02-08,5.0
44.1428000000002,41.459859119837105,2025-02-08,6.0
37.33199999999488,32.724067805198956,2025-02-08,7.0
36.0480000000025,24.580200520981926,2025-02-08,8.0
29.380000000004657,23.162048673275933,2025-02-08,9.0
31.419999999998254,21.845063229152174,2025-02-08,10.0
41.23999999999796,20.640484154541394,2025-02-08,11.0
11.1700000000019,11.958515627418224,2025-02-08,12.0
54.68000000000029,53.56057382158214,2025-02-08,13.0
50.4120000000039,39.16062952645222,2025-02-08,14.0
56.93999999999505,35.81271173381774,2025-02-08,15.0
14.4800000000032,21.357028864276078,2025-02-08,16.0
18.460000000002765,9.243949003724211,2025-02-08,17.0
27.839999999996508,13.869146728599821,2025-02-08,18.0
23.919999999998254,22.26372971303933,2025-02-08,19.0
25.459999999999127,22.799757614446346,2025-02-08,20.0
25.5760000000009,29.504758033598886,2025-02-08,21.0
26.731999999996333,34.31412817448791,2025-02-08,22.0
61.08000000000175,34.45078291630522,2025-02-08,23.0
28.0679999999993,22.411928451724563,2025-02-08,24.0
21.0280000000009,16.678582665048044,2025-02-08,25.0
27.77199999999721,16.336079056215848,2025-02-08,26.0
23.47200000000157,15.715942695663125,2025-02-08,27.0
32.1099999999953,23.740946209339707,2025-02-08,28.0
51.05999999999767,33.56770515685775,2025-02-08,29.0
21.32800000000134,28.06990609644794,2025-02-08,30.0
44.95200000000477,37.97502060360839,2025-02-08,31.0
64.9360000000011,49.60549935950917,2025-02-08,32.0
6.099999999998545,14.935897554033227,2025-02-08,33.0
7.027999999998428,14.260961064479675,2025-02-08,34.0
22.091999999996915,24.221191018117757,2025-02-08,35.0
11.182800000001,18.112421216320232,2025-02-08,36.0
75.2560000000085,49.89687647999113,2025-02-08,37.0
31.209999999999127,14.13569205885336,2025-02-08,38.0
14.739999999997965,18.408016508953175,2025-02-08,39.0
11.4639999999999,22.08553106288344,2025-02-09,1.0
25.1020000000083,24.14424587597893,2025-02-09,2.0
36.05999999999767,34.80571135362974,2025-02-09,3.0
38.04799999999523,26.60651057845753,2025-02-09,4.0
7.580000000001746,17.27596039859927,2025-02-09,5.0
65.23999999999796,45.600256706888096,2025-02-09,6.0
33.85599999999977,34.814550380398224,2025-02-09,7.0
30.451999999997497,27.0718471549905,2025-02-09,8.0
26.5,27.238265406162945,2025-02-09,9.0
44.2500000000038,27.01272268020174,2025-02-09,10.0
31.012000000002445,23.872892376871683,2025-02-09,11.0
18.1199999999999,13.239356278123656,2025-02-09,12.0
55.4320000000007,56.3620883354589,2025-02-09,13.0
46.908000000003085,43.41392156084535,2025-02-09,14.0
54.28000000000611,37.997461855651224,2025-02-09,15.0
16.807999999997264,24.360966154759954,2025-02-09,16.0
16.969999999997526,13.026248070007092,2025-02-09,17.0
6.548000000002503,18.484003247662642,2025-02-09,18.0
24.2280000000016,24.851549278655224,2025-02-09,19.0
38.06000000000131,25.17225132753163,2025-02-09,20.0
33.9028000000023,32.07198993878957,2025-02-09,21.0
38.76000000000204,38.059243858322674,2025-02-09,22.0
11.051999999996,39.01966093999957,2025-02-09,23.0
25.3839999999982,24.672761190337607,2025-02-09,24.0
23.167999999997846,21.171755471421985,2025-02-09,25.0
14.175999999999476,21.806995685770822,2025-02-09,26.0
25.86800000000221,18.255675795475348,2025-02-09,27.0
18.456000000005588,26.44188462048269,2025-02-09,28.0
46.0879999999961,34.59451617639981,2025-02-09,29.0
37.39199999999983,32.058292812743844,2025-02-09,30.0
28.5999999999913,43.16942971477553,2025-02-09,31.0
55.36800000000221,52.968541591293956,2025-02-09,32.0
5.5679999999993015,20.324136773502126,2025-02-09,33.0
12.360000000000582,17.136326354868363,2025-02-09,34.0
31.167999999997846,29.668592425577465,2025-02-09,35.0
24.919999999998254,21.40755889550283,2025-02-09,36.0
56.919999999998254,51.0806841754997,2025-02-09,37.0
16.2300000000032,17.36716661041047,2025-02-09,38.0
20.30000000000291,21.941816164814135,2025-02-09,39.0
9.056000000004133,20.625078977619456,2025-02-10,1.0
10.227999999988242,22.478782439722686,2025-02-10,2.0
46.77999999999884,37.094055035600924,2025-02-10,3.0
29.1099999999953,26.976404396303934,2025-02-10,4.0
13.5,16.495639213999755,2025-02-10,5.0
48.0679999999993,46.831355348066076,2025-02-10,6.0
32.771999999997206,34.61863946096286,2025-02-10,7.0
23.61200000000099,28.046904433814394,2025-02-10,8.0
28.5879999999961,28.33877033673197,2025-02-10,9.0
30.37999999999738,28.63757741636796,2025-02-10,10.0
25.0480000000025,25.964600801964412,2025-02-10,11.0
9.10999999999898,12.77531265647598,2025-02-10,12.0
58.39199999999983,56.06687733502322,2025-02-10,13.0
47.1199999999962,44.922805434231186,2025-02-10,14.0
45.1199999999962,39.744432025520524,2025-02-10,15.0
21.9280000000023,23.169478553774,2025-02-10,16.0
12.9280000000023,13.246219677242141,2025-02-10,17.0
13.080000000001746,19.941042549779453,2025-02-10,18.0
18.590000000000146,24.767414313139053,2025-02-10,19.0
21.470000000001164,23.98152756030205,2025-02-10,20.0
31.2879999999958,30.917101778670908,2025-02-10,21.0
37.5418282511132,37.26461031281453,2025-02-10,22.0
9.747999999999593,42.52639293828225,2025-02-10,23.0
17.656000000002678,24.35304596123152,2025-02-10,24.0
13.372000000003029,21.16757630405862,2025-02-10,25.0
28.351999999998952,21.301761791497732,2025-02-10,26.0
10.5800000000017,18.40733086564741,2025-02-10,27.0
20.971999999994296,28.520747946649863,2025-02-10,28.0
25.3828000000055,36.27430482499833,2025-02-10,29.0
30.799999999995634,29.884706630410555,2025-02-10,30.0
46.52000000000408,42.224407098968385,2025-02-10,31.0
64.65600000000268,52.82173180348896,2025-02-10,32.0
5.560000000004948,19.28785797600601,2025-02-10,33.0
16.61200000000099,15.698468767949775,2025-02-10,34.0
4.368000000002212,27.090505989458446,2025-02-10,35.0
16.70799999999872,19.84388392631343,2025-02-10,36.0
63.8628000000014,53.34401199318867,2025-02-10,37.0
14.319999999999707,18.349967528848758,2025-02-10,38.0
22.220000000001164,20.22930801665706,2025-02-10,39.0
41.02399999999761,20.619285686640566,2025-02-11,1.0
8.60000000000582,23.735198672212455,2025-02-11,2.0
31.76000000000204,36.90143993988845,2025-02-11,3.0
35.17600000000675,28.896661681609626,2025-02-11,4.0
14.680000000000293,14.820755054764511,2025-02-11,5.0
51.58000000000175,47.878904196329465,2025-02-11,6.0
28.8399999999965,33.95215973351254,2025-02-11,7.0
26.648000000001048,28.143370517363454,2025-02-11,8.0
29.55999999999767,28.713078226012573,2025-02-11,9.0
36.0280000000009,31.893735304126505,2025-02-11,10.0
23.87999999999738,27.57352392185191,2025-02-11,11.0
10.5200000000004,13.85480803766832,2025-02-11,12.0
60.19999999999709,56.09624828943312,2025-02-11,13.0
44.63999999999942,46.55918994588691,2025-02-11,14.0
43.37999999999738,40.24934300185573,2025-02-11,15.0
28.839999999996508,22.058340090690024,2025-02-11,16.0
11.4499999999971,13.363919511311074,2025-02-11,17.0
23.583999999995285,18.69471757427975,2025-02-11,18.0
25.959999999999127,25.328965500686223,2025-02-11,19.0
26.46999999999753,26.379230592321896,2025-02-11,20.0
25.5280000000009,30.656602904233246,2025-02-11,21.0
37.7009503390094,37.09019234713947,2025-02-11,22.0
18.94800000000396,39.4662171062073,2025-02-11,23.0
29.98399999999674,26.186234299981397,2025-02-11,24.0
17.0,21.54496581973991,2025-02-11,25.0
27.568000000006577,20.41242842399869,2025-02-11,26.0
12.0199999999968,19.349552384064154,2025-02-11,27.0
17.427999999999884,28.008171773075613,2025-02-11,28.0
28.627999999996973,37.389837916123625,2025-02-11,29.0
13.968000000000757,30.887231852790723,2025-02-11,30.0
30.703999999997905,40.09341269773083,2025-02-11,31.0
52.36799999998766,54.87880869980712,2025-02-11,32.0
5.572000000000116,19.32094945546851,2025-02-11,33.0
10.720000000001164,16.300284579991786,2025-02-11,34.0
25.97200000000157,29.139812634070278,2025-02-11,35.0
24.20000000000437,20.04591269747925,2025-02-11,36.0
60.0119999999887,52.389491169880834,2025-02-11,37.0
17.7599999999984,18.825584912069065,2025-02-11,38.0
19.919999999998254,21.479523182290094,2025-02-11,39.0
6.959999999999127,18.252326636027604,2025-02-12,1.0
33.39999999999418,21.56025062947101,2025-02-12,2.0
39.0679999999993,38.23761684438505,2025-02-12,3.0
32.59200000000419,30.75335392501984,2025-02-12,4.0
19.747999999999596,14.706678163025243,2025-02-12,5.0
33.04799999999523,46.98664157835403,2025-02-12,6.0
33.33200000000943,34.19379050959297,2025-02-12,7.0
24.0,28.887822313920818,2025-02-12,8.0
25.0628000000058,28.711989170690455,2025-02-12,9.0
27.05999999999767,31.750572353166152,2025-02-12,10.0
26.959999999999127,28.623653064176747,2025-02-12,11.0
14.25,13.10392850930314,2025-02-12,12.0
55.908000000003085,53.90176684301352,2025-02-12,13.0
46.58000000000175,46.487343469387255,2025-02-12,14.0
38.29200000000128,41.58407947107141,2025-02-12,15.0
25.8109999999981,22.52079991206389,2025-02-12,16.0
14.5280000000009,13.916479892913722,2025-02-12,17.0
14.50800000000163,20.0839798737486,2025-02-12,18.0
28.869999999999,24.28267675496053,2025-02-12,19.0
28.13000000000102,26.058089297558983,2025-02-12,20.0
30.080000000001743,31.266728019184104,2025-02-12,21.0
36.90799999999581,37.391456310527715,2025-02-12,22.0
45.36000000000058,36.77874267400716,2025-02-12,23.0
4.92000000000553,26.1158230111942,2025-02-12,24.0
22.50800000000163,20.706835275239403,2025-02-12,25.0
20.791999999994005,21.63789549497558,2025-02-12,26.0
25.612000000001,19.134003400081202,2025-02-12,27.0
27.27200000000448,28.547737032500837,2025-02-12,28.0
50.5280000000009,37.00278498388054,2025-02-12,29.0
27.67199999999866,31.51956671034366,2025-02-12,30.0
44.21600000000035,42.207911218376054,2025-02-12,31.0
53.1120000000018,55.139831904694525,2025-02-12,32.0
11.3999999999942,19.386686602416567,2025-02-12,33.0
14.135999999998605,17.696991062659805,2025-02-12,34.0
43.63999999999942,25.07558126416204,2025-02-12,35.0
24.49199999999837,19.949554339043043,2025-02-12,36.0
48.78399999999965,52.65893914984955,2025-02-12,37.0
24.31999999999971,18.54282912439475,2025-02-12,38.0
24.1199999999962,23.466065290077875,2025-02-12,39.0
24.0679999999993,23.91397277339392,2025-02-13,1.0
25.3800000000047,23.04720024872089,2025-02-13,2.0
46.97200000000157,40.2553477760622,2025-02-13,3.0
33.76799999999639,35.658315950817226,2025-02-13,4.0
1.54280000000169,14.200935312038256,2025-02-13,5.0
45.31200000000536,48.09631895636916,2025-02-13,6.0
25.4280000000023,34.322484042919754,2025-02-13,7.0
31.20799999999872,28.489564104491286,2025-02-13,8.0
30.17599999999948,31.372854225831247,2025-02-13,9.0
22.59200000000419,33.28267018728896,2025-02-13,10.0
20.8280000000038,29.912684352113377,2025-02-13,11.0
10.7200000000012,13.46990767316668,2025-02-13,12.0
56.4519999999975,54.961654286877426,2025-02-13,13.0
42.03199999999924,47.41573028061794,2025-02-13,14.0
50.8119999999989,42.47198146307787,2025-02-13,15.0
33.00800000000163,24.948629278962606,2025-02-13,16.0
16.010000000002037,14.163341026973352,2025-02-13,17.0
12.319999999999707,21.125003958307794,2025-02-13,18.0
21.460000000002765,26.356923483212377,2025-02-13,19.0
30.139999999999414,27.593820697483416,2025-02-13,20.0
39.63999999999942,31.31271331997179,2025-02-13,21.0
68.42799999999988,37.22348525523215,2025-02-13,22.0
31.063999999998487,33.8445737902955,2025-02-13,23.0
25.5279999999984,25.928016436447788,2025-02-13,24.0
11.0,20.510076092900977,2025-02-13,25.0
23.872000000003027,23.19083114164148,2025-02-13,26.0
14.2579999999981,19.775760974006058,2025-02-13,27.0
4.351999999998952,26.347397116688843,2025-02-13,28.0
11.9279999999999,37.831409234740846,2025-02-13,29.0
25.0480000000025,29.677022824525928,2025-02-13,30.0
39.16000000000349,41.93741586594465,2025-02-13,31.0
49.1120000000018,56.032758703318414,2025-02-13,32.0
8.851999999998952,19.829532947074476,2025-02-13,33.0
26.42399999999907,17.43047679515291,2025-02-13,34.0
20.091999999996915,24.01013987734414,2025-02-13,35.0
16.18800000000192,22.543385411923786,2025-02-13,36.0
44.0,53.86187884817689,2025-02-13,37.0
16.67000000000189,20.476918314594123,2025-02-13,38.0
20.10800000000017,24.086879276505304,2025-02-13,39.0
17.660000000003492,18.541616359285083,2025-02-14,1.0
8.872000000003027,21.825686146575567,2025-02-14,2.0
44.76000000000204,37.78948618770804,2025-02-14,3.0
28.1600000000035,33.52435131297718,2025-02-14,4.0
10.4680000000008,14.202278977843305,2025-02-14,5.0
57.0280000000009,46.73327888082136,2025-02-14,6.0
42.84799999999814,33.21225779612138,2025-02-14,7.0
24.79200000000128,27.01771273652872,2025-02-14,8.0
20.023999999997613,29.599975843488572,2025-02-14,9.0
33.788000000000466,32.65833093179726,2025-02-14,10.0
21.479999999995925,28.324029549645203,2025-02-14,11.0
14.549999999999272,13.152686831044797,2025-02-14,12.0
46.375999999996566,53.60748696470536,2025-02-14,13.0
41.09599999999773,44.87564857161389,2025-02-14,14.0
51.4320000000007,41.66680906692582,2025-02-14,15.0
19.18000000000029,23.39735544584633,2025-02-14,16.0
8.399999999997817,13.843254914037084,2025-02-14,17.0
25.02799999999843,19.761615974946068,2025-02-14,18.0
24.19999999999709,24.142848363120148,2025-02-14,19.0
24.950000000000728,25.93155467156858,2025-02-14,20.0
38.77999999999884,28.755962194133417,2025-02-14,21.0
21.6628000000043,35.28056855077322,2025-02-14,22.0
47.37600000000384,30.958432751313293,2025-02-14,23.0
29.580000000001743,23.340947226568,2025-02-14,24.0
19.9109999999966,19.907964465972317,2025-02-14,25.0
25.21600000000035,22.480640424284374,2025-02-14,26.0
10.18800000000192,19.181674545992855,2025-02-14,27.0
7.82800000000125,25.421349296542516,2025-02-14,28.0
43.17199999999866,36.28868873071373,2025-02-14,29.0
24.44800000000396,28.383737715096256,2025-02-14,30.0
47.73600000000442,40.46445634384555,2025-02-14,31.0
46.80800000000454,54.86324430419328,2025-02-14,32.0
8.528000000005704,18.337174945770155,2025-02-14,33.0
24.01600000000326,15.70286252625767,2025-02-14,34.0
37.5679999999993,26.07924971917531,2025-02-14,35.0
10.819999999999707,20.825607296975928,2025-02-14,36.0
44.0679999999993,51.75011739965084,2025-02-14,37.0
13.93999999999869,20.61165057176179,2025-02-14,38.0
17.12000000000262,22.431782515918435,2025-02-14,39.0
22.62000000000262,20.263727346343458,2025-02-15,1.0
9.00800000000163,22.308753758051466,2025-02-15,2.0
26.69999999999709,38.6061984883751,2025-02-15,3.0
28.5109999999879,34.086673391003714,2025-02-15,4.0
10.7319999999963,12.424311437805764,2025-02-15,5.0
48.9109999999966,42.86530407506909,2025-02-15,6.0
33.63999999999942,31.75180246766406,2025-02-15,7.0
21.591999999996915,27.495712812111133,2025-02-15,8.0
32.0480000000025,29.043416467954856,2025-02-15,9.0
31.360000000000586,31.509888063135875,2025-02-15,10.0
17.072000000000116,27.83188127893069,2025-02-15,11.0
22.52000000000044,11.758660880144015,2025-02-15,12.0
51.03199999999924,51.0120295813912,2025-02-15,13.0
45.72000000000117,42.652552246053126,2025-02-15,14.0
37.4800000000032,41.49308418295417,2025-02-15,15.0
26.860000000000586,24.08862835140951,2025-02-15,16.0
12.580000000001746,14.29738486435614,2025-02-15,17.0
12.61200000000099,17.35923005456321,2025-02-15,18.0
22.6500000000011,23.665408438418133,2025-02-15,19.0
25.25,27.331876040949716,2025-02-15,20.0
32.608000000000175,30.80177384225798,2025-02-15,21.0
28.5562531697204,37.45800284898196,2025-02-15,22.0
35.13199999999779,30.15966475447297,2025-02-15,23.0
19.2579999999981,22.925568209898305,2025-02-15,24.0
17.779999999998836,18.944489859914032,2025-02-15,25.0
7.091999999996915,23.1253361084449,2025-02-15,26.0
19.012000000002445,18.752235137902485,2025-02-15,27.0
9.331999999994878,21.08473536933527,2025-02-15,28.0
37.31999999999971,32.75724273832793,2025-02-15,29.0
37.94399999999587,27.279935416314537,2025-02-15,30.0
31.96799999999348,38.909193260045164,2025-02-15,31.0
63.463999999992666,52.26778692087912,2025-02-15,32.0
22.39999999999418,12.727673062147396,2025-02-15,33.0
10.98399999999674,16.8786030513075,2025-02-15,34.0
10.1280000000067,25.361144358380315,2025-02-15,35.0
14.979999999995924,19.534401859616374,2025-02-15,36.0
66.97200000000885,51.18236595824494,2025-02-15,37.0
17.36999999999898,19.34673262181132,2025-02-15,38.0
11.851999999999,22.09105324649961,2025-02-15,39.0
17.55999999999767,18.76837093870874,2025-02-16,1.0
25.839999999996508,18.90761481753583,2025-02-16,2.0
25.5520000000033,37.97440574130271,2025-02-16,3.0
48.2880000000104,32.23334085791844,2025-02-16,4.0
10.648000000001,12.115010226329321,2025-02-16,5.0
47.45599999999831,45.73381867374757,2025-02-16,6.0
36.84799999999814,31.357732285757738,2025-02-16,7.0
21.57600000000093,26.67475641531597,2025-02-16,8.0
30.239999999997963,26.47188103075213,2025-02-16,9.0
28.360000000000586,31.27188905408644,2025-02-16,10.0
24.228000000002798,26.199454981948264,2025-02-16,11.0
23.7599999999984,13.233843912467712,2025-02-16,12.0
45.208000000006,50.57377922435194,2025-02-16,13.0
45.05200000000332,40.496011032649506,2025-02-16,14.0
28.7920000000013,45.39085015071208,2025-02-16,15.0
14.7109999999995,23.05145925269743,2025-02-16,16.0
10.1499999999978,13.60143352180778,2025-02-16,17.0
17.260000000002037,17.514883126851934,2025-02-16,18.0
20.790000000000877,23.413459675916503,2025-02-16,19.0
38.13000000000102,27.011737201725595,2025-02-16,20.0
20.3028000000037,31.71283606687157,2025-02-16,21.0
35.3935452426273,35.79338528928882,2025-02-16,22.0
28.5,29.852213970540877,2025-02-16,23.0
10.1999999999971,23.245878354771524,2025-02-16,24.0
18.82800000000134,17.854595347247283,2025-02-16,25.0
36.53199999999924,22.56229844208025,2025-02-16,26.0
20.90799999999581,18.15269811651454,2025-02-16,27.0
25.908000000003085,17.485069854533855,2025-02-16,28.0
31.427999999999884,34.52976139466334,2025-02-16,29.0
22.2880000000031,25.255893996179722,2025-02-16,30.0
35.720000000001164,36.893627162514065,2025-02-16,31.0
56.79200000000128,51.68113535120918,2025-02-16,32.0
32.608000000000175,8.014650668106295,2025-02-16,33.0
14.0280000000009,16.794929881041398,2025-02-16,34.0
2.539999999993597,25.41254498180527,2025-02-16,35.0
25.099999999998545,17.94236602754139,2025-02-16,36.0
65.80000000000291,51.26258354115243,2025-02-16,37.0
23.459999999999127,18.713494509310415,2025-02-16,38.0
13.092000000004193,19.92978486473248,2025-02-16,39.0
10.8399999999965,19.776193631452436,2025-02-17,1.0
25.20799999999872,18.151152888780985,2025-02-17,2.0
39.1099999999953,37.185255097459674,2025-02-17,3.0
47.3109999999908,31.890490100225048,2025-02-17,4.0
14.67199999999866,12.019414343227668,2025-02-17,5.0
50.7109999999995,45.97953171096576,2025-02-17,6.0
31.7109999999995,31.292164710269695,2025-02-17,7.0
25.3839999999982,24.78861755642788,2025-02-17,8.0
26.391999999999825,26.867573417896068,2025-02-17,9.0
31.31999999999971,30.836221232988102,2025-02-17,10.0
27.9320000000007,23.307986568257895,2025-02-17,11.0
10.290000000000871,14.391149880236654,2025-02-17,12.0
28.67199999999866,50.32212002418882,2025-02-17,13.0
44.45999999999913,40.90257159303727,2025-02-17,14.0
45.867999999994936,41.07390094824894,2025-02-17,15.0
22.256000000001222,24.79800662518795,2025-02-17,16.0
13.950000000000728,12.71711577296817,2025-02-17,17.0
2.82800000000378,15.343405367277612,2025-02-17,18.0
26.450000000000728,23.29045446902473,2025-02-17,19.0
24.729999999999563,26.453201280781503,2025-02-17,20.0
32.33599999999569,30.977222251903115,2025-02-17,21.0
31.855999999999767,35.46467693699994,2025-02-17,22.0
38.24799999999959,27.28710254336211,2025-02-17,23.0
13.891999999999824,22.371140593398835,2025-02-17,24.0
17.959999999999127,17.185579515840054,2025-02-17,25.0
6.368000000002212,20.287964245194022,2025-02-17,26.0
19.0280000000009,17.520576966810513,2025-02-17,27.0
19.50800000000163,14.745088043853368,2025-02-17,28.0
33.13199999999779,32.71401710373803,2025-02-17,29.0
18.459999999999127,26.69624046648939,2025-02-17,30.0
48.096000000005006,36.57501353859004,2025-02-17,31.0
58.95200000000477,51.60929618751618,2025-02-17,32.0
39.13200000000506,10.70797883071094,2025-02-17,33.0
11.0480000000025,17.123426477997626,2025-02-17,34.0
17.4800000000032,23.867992247459288,2025-02-17,35.0
11.5,18.855724188158433,2025-02-17,36.0
64.16799999999057,51.19074437745943,2025-02-17,37.0
16.05000000000291,16.922854980180652,2025-02-17,38.0
11.1199999999962,19.714351052587894,2025-02-17,39.0
23.77200000000448,21.40388028353875,2025-02-18,1.0
9.063999999998488,20.65100630894306,2025-02-18,2.0
39.0280000000009,38.12484481806265,2025-02-18,3.0
44.2528000000109,34.10687299682894,2025-02-18,4.0
10.6160000000018,13.696444495490402,2025-02-18,5.0
42.608000000000175,44.37712734842954,2025-02-18,6.0
25.239999999990687,33.24590932104752,2025-02-18,7.0
28.0280000000009,26.00127797736234,2025-02-18,8.0
25.01600000000326,29.419672313926235,2025-02-18,9.0
25.739999999998,30.72647602860559,2025-02-18,10.0
11.3359999999957,24.43709940896724,2025-02-18,11.0
10.4799999999996,16.471695319445445,2025-02-18,12.0
24.360000000000586,49.76980232274181,2025-02-18,13.0
48.167999999997846,42.68031751914408,2025-02-18,14.0
35.4600000000064,41.291246649131786,2025-02-18,15.0
25.61200000000099,25.78904732622045,2025-02-18,16.0
3.82800000000011,13.666818445467793,2025-02-18,17.0
25.3999999999942,18.294083926243676,2025-02-18,18.0
22.52999999999884,24.732439681966714,2025-02-18,19.0
11.239999999998,28.502991900327544,2025-02-18,20.0
22.872000000003027,32.17054589786468,2025-02-18,21.0
67.66399999999703,37.417799457286776,2025-02-18,22.0
38.1120000000018,31.7184016070324,2025-02-18,23.0
17.760000000002037,21.177425944786535,2025-02-18,24.0
11.4228000000063,18.010109476505406,2025-02-18,25.0
9.279999999998836,24.771925371233536,2025-02-18,26.0
8.98399999999674,18.55750909412962,2025-02-18,27.0
12.61200000000099,17.523771605935856,2025-02-18,28.0
21.20000000000437,33.2983147190236,2025-02-18,29.0
26.22799999999552,26.5969258975829,2025-02-18,30.0
42.98399999999674,39.20953208230457,2025-02-18,31.0
54.1019999999937,53.51109006166692,2025-02-18,32.0
46.299999999995634,15.287601931220802,2025-02-18,33.0
7.480000000003201,18.418841647574908,2025-02-18,34.0
16.76799999999639,21.83861779612151,2025-02-18,35.0
16.708000000005995,20.227121238164525,2025-02-18,36.0
48.47200000000885,53.09253825161017,2025-02-18,37.0
11.4699999999975,18.89041594389031,2025-02-18,38.0
24.01600000000326,19.850289788771867,2025-02-18,39.0
22.536000000000055,20.088561306421195,2025-02-19,1.0
20.81600000000617,21.194264450525527,2025-02-19,2.0
44.096000000005006,34.94069459226174,2025-02-19,3.0
32.655999999988126,35.608066507924484,2025-02-19,4.0
10.4280000000023,12.945881692318128,2025-02-19,5.0
48.35199999999895,44.18940603024838,2025-02-19,6.0
18.2720000000108,31.98230470138051,2025-02-19,7.0
14.788000000000466,24.54054559825991,2025-02-19,8.0
30.1428000000002,27.622540476453675,2025-02-19,9.0
39.4800000000032,28.586676884990865,2025-02-19,10.0
20.31999999999971,23.981661220020076,2025-02-19,11.0
8.59000000000011,14.632261543228642,2025-02-19,12.0
41.79200000000128,46.544504256591566,2025-02-19,13.0
49.0,40.64941647109581,2025-02-19,14.0
46.5399999999936,38.91686657508132,2025-02-19,15.0
19.70799999999872,24.181304488045956,2025-02-19,16.0
14.799999999999272,12.74482320142488,2025-02-19,17.0
12.2800000000011,14.692774628462757,2025-02-19,18.0
30.729999999999563,23.96796494362899,2025-02-19,19.0
38.7280000000016,26.79735809753037,2025-02-19,20.0
30.080000000001743,30.97446288237798,2025-02-19,21.0
26.44800000000396,35.36416601937706,2025-02-19,22.0
43.25999999999476,32.654374895778275,2025-02-19,23.0
5.760000000002037,19.60128456325471,2025-02-19,24.0
22.46799999999348,17.271257554584178,2025-02-19,25.0
9.752000000000407,20.211439362969404,2025-02-19,26.0
25.60000000000582,17.854953340767977,2025-02-19,27.0
6.939999999995052,15.946264731246055,2025-02-19,28.0
23.18000000000029,31.738559631854514,2025-02-19,29.0
35.2528000000046,24.372368094232613,2025-02-19,30.0
44.05599999999686,37.097518373375614,2025-02-19,31.0
56.20800000001327,50.50604402139592,2025-02-19,32.0
13.567999999999302,17.598594124994932,2025-02-19,33.0
14.819999999999707,16.651111968376103,2025-02-19,34.0
29.4628000000072,22.319764868429694,2025-02-19,35.0
39.78399999999965,17.541735429195775,2025-02-19,36.0
64.37599999998929,50.797421141877884,2025-02-19,37.0
20.950000000000728,17.989832889919114,2025-02-19,38.0
16.102000000001,17.15917060972257,2025-02-19,39.0
14.851999999998952,20.82708881093319,2025-02-20,1.0
50.5828000000026,22.85742103783672,2025-02-20,2.0
44.1019999999937,38.8118443878011,2025-02-20,3.0
54.1428000000002,39.66703889863835,2025-02-20,4.0
7.71099999999953,13.075169838567732,2025-02-20,5.0
45.83200000000216,44.48001615103682,2025-02-20,6.0
44.0,33.45865516999082,2025-02-20,7.0
6.52000000000287,26.270901830463604,2025-02-20,8.0
24.29599999999482,28.60838003885366,2025-02-20,9.0
11.5599999999977,29.031310338216194,2025-02-20,10.0
26.1428000000002,23.86699520732097,2025-02-20,11.0
18.4900000000016,15.964269064775689,2025-02-20,12.0
50.49599999999919,43.56406721454268,2025-02-20,13.0
52.23999999999796,42.305430996030694,2025-02-20,14.0
42.74799999999959,39.47414422671631,2025-02-20,15.0
28.692000000002736,25.781879999311307,2025-02-20,16.0
0.8100000000013097,12.260016004212472,2025-02-20,17.0
2.180000000000291,17.630712336507013,2025-02-20,18.0
30.8280000000001,24.787707472098926,2025-02-20,19.0
25.220000000001164,26.24298274081287,2025-02-20,20.0
32.99199999999837,32.22651526104264,2025-02-20,21.0
41.3283564570365,39.758537765795104,2025-02-20,22.0
53.82800000000134,36.85509380489302,2025-02-20,23.0
39.31999999999971,19.79287491695599,2025-02-20,24.0
20.548000000002503,17.96625304310124,2025-02-20,25.0
18.256000000001222,18.743240246799708,2025-02-20,26.0
12.495999999999183,18.564783074188597,2025-02-20,27.0
19.80800000000454,16.16869192043365,2025-02-20,28.0
29.76799999999639,32.834719178866855,2025-02-20,29.0
26.96800000000076,26.84477292133269,2025-02-20,30.0
45.65600000000268,40.599798500491666,2025-02-20,31.0
59.5679999999993,52.32355742874496,2025-02-20,32.0
28.080000000001743,24.558257310619016,2025-02-20,33.0
17.771999999997206,17.41388969465871,2025-02-20,34.0
29.52799999999843,22.00601556885949,2025-02-20,35.0
16.57600000000093,18.068687328489368,2025-02-20,36.0
68.76000000000931,52.1803835155117,2025-02-20,37.0
12.970000000001164,18.7308066963582,2025-02-20,38.0
16.20799999999872,19.859441661756875,2025-02-20,39.0
8.02800000000087,20.706215518904312,2025-02-21,1.0
9.267999999996391,20.170306052166808,2025-02-21,2.0
38.12800000000425,36.81639288928294,2025-02-21,3.0
53.1120000000018,37.35698495854086,2025-02-21,4.0
12.88799999999901,11.631433171048059,2025-02-21,5.0
65.73600000000442,46.51959587692986,2025-02-21,6.0
29.855999999999767,31.12880643452511,2025-02-21,7.0
24.0109999999952,23.64562681042189,2025-02-21,8.0
28.560000000004948,28.61572516696541,2025-02-21,9.0
36.299999999995634,30.20355558493472,2025-02-21,10.0
18.12000000000262,22.05855230529971,2025-02-21,11.0
13.589999999996508,14.52614731029718,2025-02-21,12.0
48.27999999999884,39.532472042642944,2025-02-21,13.0
47.9028000000023,41.233488527482926,2025-02-21,14.0
41.87200000000303,39.43016472283083,2025-02-21,15.0
22.57200000000012,23.698696428877273,2025-02-21,16.0
0.828000000000146,12.374021361186152,2025-02-21,17.0
6.987999999997555,15.917783598587352,2025-02-21,18.0
16.169999999998254,24.048238664753114,2025-02-21,19.0
25.3999999999978,27.180098768193393,2025-02-21,20.0
28.4279999999999,31.187415444664367,2025-02-21,21.0
32.807999999997264,37.087612588336455,2025-02-21,22.0
27.6628000000043,35.94667207159349,2025-02-21,23.0
22.148000000001048,19.108138959690663,2025-02-21,24.0
17.8228000000005,17.52093760705075,2025-02-21,25.0
14.182800000001,16.95144333506649,2025-02-21,26.0
10.351999999998952,18.38072288383685,2025-02-21,27.0
33.9519999999975,13.429818508522622,2025-02-21,28.0
20.61200000000099,28.274453471839244,2025-02-21,29.0
25.3600000000006,27.29244129448831,2025-02-21,30.0
43.9428000000031,39.63826318502165,2025-02-21,31.0
62.23199999998906,51.95033944741718,2025-02-21,32.0
32.03199999999924,24.68917172316541,2025-02-21,33.0
20.167999999997846,17.116373562175703,2025-02-21,34.0
31.60800000000017,19.744581619413008,2025-02-21,35.0
16.17199999999866,19.53018984150909,2025-02-21,36.0
39.25199999999313,52.24171656789914,2025-02-21,37.0
22.090000000000146,17.399927923239783,2025-02-21,38.0
21.639999999999414,17.8014746786802,2025-02-21,39.0
20.360000000000586,18.775328707546446,2025-02-22,1.0
7.987999999997555,22.560599568763596,2025-02-22,2.0
42.70399999999791,35.71749728329479,2025-02-22,3.0
43.77599999999802,37.63042399347958,2025-02-22,4.0
11.8628000000014,11.634397776528607,2025-02-22,5.0
63.25199999999313,44.85320072083355,2025-02-22,6.0
39.99199999999837,31.24423265556972,2025-02-22,7.0
11.9599999999991,20.546102175706356,2025-02-22,8.0
22.07200000000012,26.98618954217704,2025-02-22,9.0
38.2500000000038,27.690245363644433,2025-02-22,10.0
21.89600000000064,22.229261437240215,2025-02-22,11.0
12.910000000003492,15.738417676983234,2025-02-22,12.0
60.78399999999965,37.4542521348809,2025-02-22,13.0
46.59999999999855,41.56379549567336,2025-02-22,14.0
47.87999999999738,36.865351470012534,2025-02-22,15.0
17.175999999999476,22.989322538959993,2025-02-22,16.0
16.2899999999999,9.115251353508553,2025-02-22,17.0
27.73200000000361,13.326372439218854,2025-02-22,18.0
24.5280000000009,25.132070498769973,2025-02-22,19.0
26.27000000000044,26.299492468947513,2025-02-22,20.0
36.31999999999971,28.907153494610395,2025-02-22,21.0
10.3028000000037,34.818630509063524,2025-02-22,22.0
36.6119999999945,36.13323472724946,2025-02-22,23.0
11.9319999999925,19.734894062955956,2025-02-22,24.0
27.20799999999872,18.023112718647756,2025-02-22,25.0
23.5879999999961,15.998117368495208,2025-02-22,26.0
18.27999999999884,17.678643330631783,2025-02-22,27.0
18.52799999999843,14.543421502400529,2025-02-22,28.0
36.29200000000128,30.051766233610458,2025-02-22,29.0
26.007999999994357,27.15338528232278,2025-02-22,30.0
55.8119999999916,38.85366652982652,2025-02-22,31.0
65.16800000000512,50.82166149889221,2025-02-22,32.0
25.8000000000029,26.495370365335933,2025-02-22,33.0
11.7680000000037,14.903598320447736,2025-02-22,34.0
26.091999999996915,19.91170870443788,2025-02-22,35.0
14.860000000000582,19.300043862602408,2025-02-22,36.0
64.45200000000477,52.43081563074372,2025-02-22,37.0
12.200000000000728,16.75513678090005,2025-02-22,38.0
12.559999999997672,16.613807260432427,2025-02-22,39.0
16.0,17.471533734506917,2025-02-23,1.0
9.14280000000023,22.36549099682142,2025-02-23,2.0
42.65600000000268,35.99021897742345,2025-02-23,3.0
51.37600000000384,42.221652396883805,2025-02-23,4.0
21.52799999999843,12.484028946594057,2025-02-23,5.0
66.2800000000011,45.83481903219478,2025-02-23,6.0
32.887999999991735,30.756600051572175,2025-02-23,7.0
31.4800000000032,20.932122264413547,2025-02-23,8.0
27.0879999999961,27.800397775488737,2025-02-23,9.0
33.4320000000007,28.566844761153096,2025-02-23,10.0
16.551999999996042,22.158292694525354,2025-02-23,11.0
10.12999999999738,15.591614412057371,2025-02-23,12.0
37.12000000000262,38.6754834749405,2025-02-23,13.0
45.12800000000425,42.40717185866413,2025-02-23,14.0
47.5280000000057,36.79450753890821,2025-02-23,15.0
23.839999999996508,23.30545897204267,2025-02-23,16.0
19.32999999999811,8.663930118118547,2025-02-23,17.0
13.680000000000293,12.277793503641519,2025-02-23,18.0
35.9280000000023,24.382494773031212,2025-02-23,19.0
31.979999999999563,26.444479389466782,2025-02-23,20.0
26.37199999999575,27.576352678057194,2025-02-23,21.0
24.959999999999127,36.12205181476361,2025-02-23,22.0
44.78399999999965,35.18658386654981,2025-02-23,23.0
25.452000000004773,19.29800837084696,2025-02-23,24.0
23.648000000001048,17.83325329061716,2025-02-23,25.0
29.66800000000512,14.283959978975902,2025-02-23,26.0
26.9800000000032,17.46962907330935,2025-02-23,27.0
28.1120000000018,18.560719589223133,2025-02-23,28.0
26.18800000000192,27.428063628357204,2025-02-23,29.0
33.31999999999971,26.57719901582293,2025-02-23,30.0
48.85599999999977,38.717600583497266,2025-02-23,31.0
57.1019999999937,53.60692584938698,2025-02-23,32.0
25.551999999996,29.33831149429927,2025-02-23,33.0
5.391999999999825,15.059387722018364,2025-02-23,34.0
19.851999999998952,19.742190165556213,2025-02-23,35.0
28.752000000000407,20.29337277673362,2025-02-23,36.0
51.7280000000028,53.188374039330235,2025-02-23,37.0
16.7599999999984,17.612383367136815,2025-02-23,38.0
14.8109999999981,17.186278347908395,2025-02-23,39.0
29.05199999999604,17.99206581764231,2025-02-24,1.0
9.187999999994643,22.735918235777376,2025-02-24,2.0
31.451999999997497,38.35704679446427,2025-02-24,3.0
52.2800000000087,44.411465534276225,2025-02-24,4.0
11.9599999999991,12.992516522938915,2025-02-24,5.0
48.78800000000047,47.19443201450957,2025-02-24,6.0
30.01600000000326,31.995773326869937,2025-02-24,7.0
23.127999999996973,20.18437089078649,2025-02-24,8.0
42.79200000000128,27.355015473629642,2025-02-24,9.0
33.19999999999709,30.382028069337597,2025-02-24,10.0
38.4800000000032,22.727089375448365,2025-02-24,11.0
19.65999999999985,14.770768893912493,2025-02-24,12.0
64.17599999999948,40.53226290286367,2025-02-24,13.0
51.5280000000009,44.89637618309314,2025-02-24,14.0
38.102000000001,38.83541170533167,2025-02-24,15.0
25.3109999999981,22.680390665761166,2025-02-24,16.0
14.360000000000582,9.5932718137052,2025-02-24,17.0
20.419999999998254,14.282725456971594,2025-02-24,18.0
23.539999999997235,25.120354419552342,2025-02-24,19.0
24.75,26.37044230922665,2025-02-24,20.0
37.41600000000472,29.771119191496155,2025-02-24,21.0
79.30799999999726,33.12991825201088,2025-02-24,22.0
55.62800000000425,36.00076699514481,2025-02-24,23.0
17.135999999998603,18.46709381855093,2025-02-24,24.0
21.5828000000026,19.71834301236484,2025-02-24,25.0
2.1999999999970896,16.73600155265022,2025-02-24,26.0
27.55999999999767,18.05746302438977,2025-02-24,27.0
4.620000000002619,19.90855779784125,2025-02-24,28.0
45.05199999999604,27.904941293802207,2025-02-24,29.0
23.812000000005355,26.094019605457863,2025-02-24,30.0
47.57600000000093,42.19797784783034,2025-02-24,31.0
69.6628000000043,54.45059577688538,2025-02-24,32.0
39.06800000000658,30.091977404690066,2025-02-24,33.0
18.27999999999884,15.313846699191224,2025-02-24,34.0
33.495999999999185,23.385449932199386,2025-02-24,35.0
11.9359999999942,20.550928335202975,2025-02-24,36.0
84.33999999999651,53.988984188867356,2025-02-24,37.0
12.2280000000016,17.48466762098675,2025-02-24,38.0
17.97200000000157,17.728980722149487,2025-02-24,39.0
21.0880000000025,17.40052297322936,2025-02-25,1.0
35.86000000000058,20.397464167303234,2025-02-25,2.0
49.26000000000204,39.18246616106444,2025-02-25,3.0
55.07200000000012,44.082429725608506,2025-02-25,4.0
16.37999999999738,14.153652898204307,2025-02-25,5.0
52.05200000000332,51.23255257226746,2025-02-25,6.0
45.36800000000221,30.899409141358483,2025-02-25,7.0
31.528000000005704,20.87479222566527,2025-02-25,8.0
28.76799999999639,26.399693598495848,2025-02-25,9.0
41.76000000000204,30.584981944301564,2025-02-25,10.0
19.247999999999596,21.279736541629298,2025-02-25,11.0
12.1199999999999,12.282266559403112,2025-02-25,12.0
58.9109999999966,39.7910211944371,2025-02-25,13.0
50.5199999999968,44.56734037442542,2025-02-25,14.0
46.03199999999924,41.167415511016735,2025-02-25,15.0
19.952000000004773,23.243160647595513,2025-02-25,16.0
16.30000000000291,10.481020250465866,2025-02-25,17.0
23.5,13.695832745447124,2025-02-25,18.0
32.970000000001164,26.407792807558728,2025-02-25,19.0
30.1100000000011,25.773290383967616,2025-02-25,20.0
35.73199999999633,29.215062414330827,2025-02-25,21.0
3.28000000000146,31.391982730011293,2025-02-25,22.0
53.37999999999738,36.189823109044056,2025-02-25,23.0
27.42399999999907,20.516100229319733,2025-02-25,24.0
14.0879999999961,20.011513893340716,2025-02-25,25.0
2.10399999999936,15.964982992093423,2025-02-25,26.0
14.319999999999707,18.594507044168132,2025-02-25,27.0
11.7479999999996,19.6665286578261,2025-02-25,28.0
41.0480000000025,26.616262066178617,2025-02-25,29.0
32.19999999999709,27.219381517770458,2025-02-25,30.0
45.79200000000128,43.36293851841753,2025-02-25,31.0
68.3028000000037,54.12155996821766,2025-02-25,32.0
41.307999999997264,27.671404069385897,2025-02-25,33.0
14.62000000000262,13.514869093024988,2025-02-25,34.0
14.982800000004,24.07151623134852,2025-02-25,35.0
13.10399999999936,21.03889681847487,2025-02-25,36.0
71.66000000000349,51.63224243829138,2025-02-25,37.0
16.149999999997817,16.43099924626316,2025-02-25,38.0
17.080000000001746,17.341724485040178,2025-02-25,39.0
25.807999999997264,21.04621982762533,2025-02-26,1.0
28.8280000000101,19.118746362452974,2025-02-26,2.0
30.807999999997264,38.64663437954197,2025-02-26,3.0
49.50399999998626,45.23795200421871,2025-02-26,4.0
12.4800000000032,14.958515318010651,2025-02-26,5.0
51.26799999999639,52.45456149340875,2025-02-26,6.0
25.5679999999993,32.36391472005449,2025-02-26,7.0
28.2539999999973,21.580985274751697,2025-02-26,8.0
27.59200000000419,28.923898240979867,2025-02-26,9.0
45.14800000000105,31.920022902547082,2025-02-26,10.0
27.19999999999709,23.905214377438774,2025-02-26,11.0
12.030000000002474,14.553913392996174,2025-02-26,12.0
36.05999999999767,44.86621527607267,2025-02-26,13.0
50.05200000000332,47.12319151527774,2025-02-26,14.0
38.84799999999814,40.70845749485931,2025-02-26,15.0
14.747999999999593,25.052787605363786,2025-02-26,16.0
13.799999999999272,11.704237671814912,2025-02-26,17.0
11.2280000000028,16.81338223268372,2025-02-26,18.0
25.06999999999971,26.726022965489964,2025-02-26,19.0
36.75,26.80101753449122,2025-02-26,20.0
17.760000000002037,31.435589707901165,2025-02-26,21.0
39.1657251716902,38.69397045909366,2025-02-26,22.0
64.7280000000028,40.12477904116741,2025-02-26,23.0
10.775999999998,21.38601062720995,2025-02-26,24.0
21.32800000000134,21.71958728289224,2025-02-26,25.0
19.00800000000163,15.099412649284938,2025-02-26,26.0
31.747999999999596,21.00966084062911,2025-02-26,27.0
25.943999999995867,18.34328746056522,2025-02-26,28.0
39.76799999999639,29.591729527082276,2025-02-26,29.0
23.548000000002503,28.495121601050002,2025-02-26,30.0
55.1120000000018,44.41545052436269,2025-02-26,31.0
65.39999999999418,56.827533452237425,2025-02-26,32.0
24.42399999999907,28.226747909323663,2025-02-26,33.0
10.7079999999987,15.828330291284937,2025-02-26,34.0
49.68800000000192,27.233213347289304,2025-02-26,35.0
21.66800000000512,21.71289343105969,2025-02-26,36.0
62.879999999990105,58.137655475631085,2025-02-26,37.0
36.22999999999956,16.74580335444093,2025-02-26,38.0
19.487999999997555,19.244541218669458,2025-02-26,39.0
9.063999999998488,21.555968433036373,2025-02-27,1.0
6.927999999999884,23.89924984541579,2025-02-27,2.0
38.05200000000332,41.27792023433034,2025-02-27,3.0
39.4280000000023,49.89282018879043,2025-02-27,4.0
1.3799999999973809,14.822198036122703,2025-02-27,5.0
46.79200000000128,53.16126412017911,2025-02-27,6.0
28.8479999999981,34.2713415815567,2025-02-27,7.0
36.0,21.905903018646057,2025-02-27,8.0
22.739999999997963,29.91484819532498,2025-02-27,9.0
25.7719999999972,32.08598972615964,2025-02-27,10.0
38.7028000000052,24.793703099757924,2025-02-27,11.0
3.2999999999992724,14.881538954061968,2025-02-27,12.0
26.268000000003667,48.55530689684664,2025-02-27,13.0
42.09599999999773,46.97554840036118,2025-02-27,14.0
44.5,42.00151049340773,2025-02-27,15.0
22.099999999998545,23.899255080462254,2025-02-27,16.0
0.7599999999983993,12.918694943881961,2025-02-27,17.0
12.903999999994994,16.015697531225427,2025-02-27,18.0
20.9000000000011,28.02708819490772,2025-02-27,19.0
21.05000000000291,28.616276959708394,2025-02-27,20.0
48.02799999999843,32.757956081606835,2025-02-27,21.0
39.6811244937305,30.84348982189691,2025-02-27,22.0
60.39199999999983,41.88249367889746,2025-02-27,23.0
30.222800000002,23.15780536187786,2025-02-27,24.0
17.0280000000009,21.508807167530154,2025-02-27,25.0
30.847999999998137,14.166619027172583,2025-02-27,26.0
18.78399999999965,20.574612536747942,2025-02-27,27.0
28.31999999999971,18.406322528751822,2025-02-27,28.0
35.79200000000128,32.08226435179221,2025-02-27,29.0
14.5428000000017,28.85931614541628,2025-02-27,30.0
44.64800000000105,44.46549052542837,2025-02-27,31.0
60.16000000000349,57.97658341067717,2025-02-27,32.0
33.53600000000006,28.52053488119336,2025-02-27,33.0
36.78399999999965,16.852471763620922,2025-02-27,34.0
29.72799999999552,25.901053566356183,2025-02-27,35.0
19.49199999999837,20.420582273784387,2025-02-27,36.0
60.2720000000108,58.14373829590296,2025-02-27,37.0
11.4900000000016,17.148074558106227,2025-02-27,38.0
14.580000000001746,18.332913672512245,2025-02-27,39.0
6.760000000002037,20.28981032170893,2025-02-28,1.0
2.3519999999989523,22.296574002756234,2025-02-28,2.0
14.29200000000128,37.66915275064384,2025-02-28,3.0
72.72000000000116,48.335821268860265,2025-02-28,4.0
0.5600000000049477,15.07064266404882,2025-02-28,5.0
11.1120000000018,52.14591663750106,2025-02-28,6.0
14.080000000001746,33.66111945241628,2025-02-28,7.0
10.8680000000022,22.959139689535732,2025-02-28,8.0
17.61200000000099,28.243212650264784,2025-02-28,9.0
47.5679999999993,33.36171352916516,2025-02-28,10.0
28.479999999995925,24.13689506698376,2025-02-28,11.0
1.97000000000106,14.779877410086762,2025-02-28,12.0
30.031999999999243,47.63077612083113,2025-02-28,13.0
17.652000000001863,45.95858067836853,2025-02-28,14.0
16.451999999997497,39.45827074859659,2025-02-28,15.0
20.648000000001048,22.574283030067736,2025-02-28,16.0
12.190000000002328,12.684776760686669,2025-02-28,17.0
4.62800000000669,15.86012747276096,2025-02-28,18.0
10.319999999999707,26.14969331682176,2025-02-28,19.0
23.869999999995343,27.414707082453123,2025-02-28,20.0
11.3919999999998,29.893003961143123,2025-02-28,21.0
68.27999999999884,30.830394816747837,2025-02-28,22.0
29.55199999999604,44.11916851351594,2025-02-28,23.0
1.82800000000378,22.40290709420695,2025-02-28,24.0
10.7839999999997,21.08673160337373,2025-02-28,25.0
7.49199999999837,15.566113623461748,2025-02-28,26.0
10.487999999997555,21.056897640466406,2025-02-28,27.0
3.32800000000125,20.549403175110786,2025-02-28,28.0
10.62000000000262,32.459359513835295,2025-02-28,29.0
19.927999999999884,26.87089824430298,2025-02-28,30.0
23.320000000006985,46.852042906264714,2025-02-28,31.0
20.16800000000512,57.07741690290245,2025-02-28,32.0
18.599999999998545,30.11763487654025,2025-02-28,33.0
3.02800000000087,15.046876691141316,2025-02-28,34.0
3.052000000003318,28.01250238405268,2025-02-28,35.0
6.239999999997963,17.751367664060787,2025-02-28,36.0
22.495999999999185,56.615805314884426,2025-02-28,37.0
6.569999999999709,18.09752777214126,2025-02-28,38.0
9.987999999997555,17.90547692312205,2025-02-28,39.0
12.127999999996971,19.243003203768097,2025-03-01,1.0
31.239999999990687,17.238109934940706,2025-03-01,2.0
58.807999999997264,38.35655496298054,2025-03-01,3.0
69.62399999999616,48.14992346406521,2025-03-01,4.0
18.69999999999709,13.886320417418434,2025-03-01,5.0
61.98799999999756,52.19114617324305,2025-03-01,6.0
31.9360000000011,32.983775444743195,2025-03-01,7.0
39.2579999999981,27.06791297095563,2025-03-01,8.0
32.63999999999942,28.623686614396036,2025-03-01,9.0
36.0880000000025,35.97275279728325,2025-03-01,10.0
24.927999999999884,25.8755151342579,2025-03-01,11.0
11.1299999999974,12.582859133261657,2025-03-01,12.0
50.87999999999738,43.99816870774458,2025-03-01,13.0
48.09199999999692,45.086091298767144,2025-03-01,14.0
24.427999999999884,40.013857362077154,2025-03-01,15.0
22.05199999999604,22.171957377219133,2025-03-01,16.0
12.37999999999738,11.995491357728683,2025-03-01,17.0
24.5679999999993,17.64520567636362,2025-03-01,18.0
21.61999999999898,25.87100639431721,2025-03-01,19.0
38.9280000000023,27.92953794405152,2025-03-01,20.0
28.9800000000032,32.55851616890905,2025-03-01,21.0
61.62799999999697,31.547393663205156,2025-03-01,22.0
49.5280000000057,46.316626882128716,2025-03-01,23.0
23.536000000000055,22.190061539643832,2025-03-01,24.0
29.080000000001743,20.847430738108145,2025-03-01,25.0
33.05200000000332,18.047337383788705,2025-03-01,26.0
16.208000000005995,22.602751029974794,2025-03-01,27.0
9.88799999999901,22.450448961403097,2025-03-01,28.0
36.307999999997264,34.37150708066287,2025-03-01,29.0
31.27999999999884,26.013126935579475,2025-03-01,30.0
54.83199999999488,47.21517056983351,2025-03-01,31.0
62.9360000000011,57.63136894204629,2025-03-01,32.0
28.3120000000054,30.27494261382726,2025-03-01,33.0
11.0679999999993,18.201487690492648,2025-03-01,34.0
28.6919999999955,28.80445637765366,2025-03-01,35.0
10.8480000000054,18.57331512359791,2025-03-01,36.0
61.27999999999884,57.255876909950814,2025-03-01,37.0
26.7599999999984,18.6533607369924,2025-03-01,38.0
21.639999999999414,18.377973122800256,2025-03-01,39.0
23.2280000000052,18.418900390395315,2025-03-02,1.0
9.79200000000128,14.958982126261569,2025-03-02,2.0
25.3109999999981,34.10357204230745,2025-03-02,3.0
60.76000000000931,49.172636643275474,2025-03-02,4.0
27.4800000000032,11.465709812234714,2025-03-02,5.0
52.667999999997846,45.92985895654157,2025-03-02,6.0
35.64800000000105,30.39815482064481,2025-03-02,7.0
23.9028000000023,24.477387846675086,2025-03-02,8.0
27.427999999999884,26.479230379544248,2025-03-02,9.0
35.799999999995634,36.16285973408177,2025-03-02,10.0
20.8280000000038,26.413118918071582,2025-03-02,11.0
19.62000000000262,10.337264463057032,2025-03-02,12.0
52.62000000000262,41.56875346750226,2025-03-02,13.0
43.2280000000028,39.415499412650476,2025-03-02,14.0
41.52000000000408,37.018422673323435,2025-03-02,15.0
17.148000000001048,20.770767608855266,2025-03-02,16.0
16.25,12.820409584969486,2025-03-02,17.0
11.6719999999987,16.144355422455128,2025-03-02,18.0
33.61999999999898,24.457557788928508,2025-03-02,19.0
23.81999999999971,26.746086557584462,2025-03-02,20.0
33.8109999999981,29.412562928899842,2025-03-02,21.0
24.8954372145603,36.540729036861805,2025-03-02,22.0
54.55199999999604,45.36114895656552,2025-03-02,23.0
16.851999999998952,16.642993301922516,2025-03-02,24.0
10.599999999998545,18.842286996268246,2025-03-02,25.0
5.207999999998719,16.042871093036027,2025-03-02,26.0
24.023999999997613,21.4280324555155,2025-03-02,27.0
24.919999999998254,16.684382622956612,2025-03-02,28.0
21.68000000000029,31.318948115242218,2025-03-02,29.0
27.60800000000017,24.82448291181105,2025-03-02,30.0
48.39999999999418,41.7232814542389,2025-03-02,31.0
56.63999999999942,51.846932341879985,2025-03-02,32.0
26.75999999999476,27.52477562087779,2025-03-02,33.0
4.279999999998836,14.21951371125637,2025-03-02,34.0
49.49599999999919,24.524362409492653,2025-03-02,35.0
20.591999999996915,16.38816447998383,2025-03-02,36.0
58.54399999999441,53.456086473731496,2025-03-02,37.0
14.680000000000293,15.858375187941363,2025-03-02,38.0
14.272000000004482,15.433829317020873,2025-03-02,39.0
12.87199999999575,17.853135465230963,2025-03-03,1.0
20.19999999999709,19.74245344216341,2025-03-03,2.0
28.0480000000025,36.32208967271064,2025-03-03,3.0
61.64800000000105,53.53908281736508,2025-03-03,4.0
12.291999999994005,13.303474050708452,2025-03-03,5.0
54.21200000000681,44.66810871994081,2025-03-03,6.0
28.59200000000419,29.065598254488105,2025-03-03,7.0
37.2879999999958,27.038332493854412,2025-03-03,8.0
32.69999999999709,28.059628409349735,2025-03-03,9.0
39.2628000000029,36.08573556478873,2025-03-03,10.0
26.239999999997963,28.0272413738558,2025-03-03,11.0
10.169999999998254,11.10444265259501,2025-03-03,12.0
33.5480000000025,40.287456697248025,2025-03-03,13.0
49.0109999999952,39.568845736754554,2025-03-03,14.0
24.747999999999596,34.99015959391844,2025-03-03,15.0
20.80000000000291,21.908872464775953,2025-03-03,16.0
13.1000000000006,12.920314331215758,2025-03-03,17.0
13.907999999995807,16.539079332584024,2025-03-03,18.0
21.639999999999414,23.792842320723313,2025-03-03,19.0
16.12999999999738,28.05967038784473,2025-03-03,20.0
29.33600000000297,29.0529713004475,2025-03-03,21.0
30.948606584233,41.888577139894224,2025-03-03,22.0
58.20799999999872,46.141142764644066,2025-03-03,23.0
5.307999999997264,20.479328431410686,2025-03-03,24.0
33.987999999997555,19.372406279005848,2025-03-03,25.0
23.520000000004075,17.307790310768105,2025-03-03,26.0
11.9760000000024,21.583646688728994,2025-03-03,27.0
8.90280000000227,16.000835165215776,2025-03-03,28.0
26.49199999999837,32.15274202527293,2025-03-03,29.0
28.479999999995925,24.74283300201922,2025-03-03,30.0
30.768000000010943,41.95317164221469,2025-03-03,31.0
61.31999999999243,52.178083629361474,2025-03-03,32.0
24.247999999999596,29.31591487667787,2025-03-03,33.0
14.819999999999707,15.326243108560039,2025-03-03,34.0
22.4320000000007,25.151945867657478,2025-03-03,35.0
10.18800000000192,16.057863363855315,2025-03-03,36.0
52.2280000000052,53.787237761212985,2025-03-03,37.0
22.790000000000877,17.743885723545187,2025-03-03,38.0
17.839999999996508,17.515195220896736,2025-03-03,39.0
6.81199999999889,18.28563596805511,2025-03-04,1.0
8.148000000001048,18.792635143534838,2025-03-04,2.0
26.860000000000586,33.3971865427239,2025-03-04,3.0
79.19199999999546,53.26661839390237,2025-03-04,4.0
9.968000000000757,14.368505784034769,2025-03-04,5.0
11.627999999997,42.69717789086067,2025-03-04,6.0
33.36799999998766,29.82327517865369,2025-03-04,7.0
23.07200000000012,27.07231095276776,2025-03-04,8.0
22.18000000000029,27.268966735085964,2025-03-04,9.0
39.61600000000181,35.72875455752705,2025-03-04,10.0
22.591999999996915,26.990249870849688,2025-03-04,11.0
13.330000000001746,12.183540536921553,2025-03-04,12.0
45.86399999999412,41.534890291422485,2025-03-04,13.0
41.44800000000396,39.14109082085527,2025-03-04,14.0
45.1428000000002,33.42228815443936,2025-03-04,15.0
28.76000000000204,20.595389416373507,2025-03-04,16.0
0.8800000000010186,12.64614064409056,2025-03-04,17.0
11.0600000000049,15.695425281743265,2025-03-04,18.0
24.52000000000044,23.314110397376453,2025-03-04,19.0
25.1000000000006,26.937285465169374,2025-03-04,20.0
27.3109999999981,29.245101756656123,2025-03-04,21.0
33.4205092275661,39.222639917461024,2025-03-04,22.0
43.5280000000009,46.9612239682036,2025-03-04,23.0
31.16000000000349,18.675591267115276,2025-03-04,24.0
8.228000000002794,16.999955624562187,2025-03-04,25.0
17.5199999999968,13.77596025521282,2025-03-04,26.0
17.451999999997497,20.417716009274944,2025-03-04,27.0
7.847999999998137,16.246405534718363,2025-03-04,28.0
29.820000000006985,30.820394319098003,2025-03-04,29.0
27.61200000000099,24.91049482937403,2025-03-04,30.0
48.39199999999255,41.64133181235546,2025-03-04,31.0
53.64800000000105,51.86255942793749,2025-03-04,32.0
46.09200000000419,27.76164645739779,2025-03-04,33.0
13.608000000000176,14.428291227008517,2025-03-04,34.0
23.080000000001743,27.9869139302065,2025-03-04,35.0
9.187999999994643,14.817710804517327,2025-03-04,36.0
43.0,53.3660724395681,2025-03-04,37.0
13.36999999999898,17.37782412802577,2025-03-04,38.0
23.26000000000204,17.139992569812772,2025-03-04,39.0
19.463999999999945,17.422108678678494,2025-03-05,1.0
47.78800000000047,21.369253645507726,2025-03-05,2.0
39.13199999999779,33.79886122459428,2025-03-05,3.0
66.222800000002,56.06345131894242,2025-03-05,4.0
5.02800000000087,14.411097509541486,2025-03-05,5.0
52.72000000000117,43.36329460132742,2025-03-05,6.0
29.2720000000108,29.75330971027078,2025-03-05,7.0
17.8280000000038,28.659996025086198,2025-03-05,8.0
28.0280000000009,27.267977730664033,2025-03-05,9.0
19.5428000000017,36.53526874528411,2025-03-05,10.0
12.388000000006286,27.477079309732414,2025-03-05,11.0
9.059999999997672,11.100164712800812,2025-03-05,12.0
28.760000000002,39.32295281246166,2025-03-05,13.0
37.77999999999884,39.98737482906062,2025-03-05,14.0
25.8559999999998,31.716314110124856,2025-03-05,15.0
31.19199999999546,20.680375181718354,2025-03-05,16.0
14.700000000000728,12.807216537154956,2025-03-05,17.0
21.951999999997497,15.431005890265853,2025-03-05,18.0
27.9280000000023,23.543892500352587,2025-03-05,19.0
17.779999999998836,26.627071059184868,2025-03-05,20.0
30.927999999999884,28.948958316024612,2025-03-05,21.0
21.672000000005937,37.7646756149816,2025-03-05,22.0
38.63999999999942,47.73035095133539,2025-03-05,23.0
10.3039999999964,17.835794539376423,2025-03-05,24.0
31.67199999999866,19.849264463325277,2025-03-05,25.0
13.1120000000018,17.92694089551683,2025-03-05,26.0
26.131999999997788,19.424482492294786,2025-03-05,27.0
8.52000000000287,16.81539150030473,2025-03-05,28.0
22.5199999999968,29.89804884668382,2025-03-05,29.0
18.228000000002798,25.081384235821467,2025-03-05,30.0
43.87200000000303,40.649039679267595,2025-03-05,31.0
45.9109999999966,52.63168641106928,2025-03-05,32.0
20.919999999998254,26.24007944166399,2025-03-05,33.0
16.832000000002154,15.382557911593135,2025-03-05,34.0
16.62000000000262,27.92033635117853,2025-03-05,35.0
19.4800000000032,14.694519183738182,2025-03-05,36.0
59.3109999999908,52.213134601012534,2025-03-05,37.0
20.38000000000102,19.59971897762006,2025-03-05,38.0
11.4599999999991,17.930040533990113,2025-03-05,39.0
6.576000000000931,15.609806720349729,2025-03-06,1.0
12.5028000000008,17.85570476136752,2025-03-06,2.0
27.76000000000204,32.33208815783727,2025-03-06,3.0
72.6079999999929,63.14646055499391,2025-03-06,4.0
1.088000000003376,12.670043742703307,2025-03-06,5.0
28.351999999999,38.50837553042882,2025-03-06,6.0
30.83199999999488,28.336153695532932,2025-03-06,7.0
24.43999999999505,27.077475965019307,2025-03-06,8.0
20.560000000004948,26.32181377868342,2025-03-06,9.0
23.687999999994645,35.62033057184838,2025-03-06,10.0
19.419999999998254,26.96358319091696,2025-03-06,11.0
19.92000000000189,11.158223115287628,2025-03-06,12.0
36.5679999999993,37.39148109960536,2025-03-06,13.0
27.919999999998254,38.13830580236715,2025-03-06,14.0
24.031999999999243,30.982787571895088,2025-03-06,15.0
28.4280000000023,22.202956132934887,2025-03-06,16.0
8.869999999998981,9.771146726461442,2025-03-06,17.0
2.360000000000582,13.266254400177457,2025-03-06,18.0
12.680000000000293,22.892239023348086,2025-03-06,19.0
14.8280000000038,25.831225984110933,2025-03-06,20.0
22.99199999999837,28.140433345856533,2025-03-06,21.0
71.68799999999464,39.50548066028814,2025-03-06,22.0
42.66000000000349,45.97789836081534,2025-03-06,23.0
28.76000000000204,18.60693804109971,2025-03-06,24.0
19.031999999999243,18.727308408859685,2025-03-06,25.0
14.455999999998312,19.06383588163294,2025-03-06,26.0
3.70799999999872,19.200672934914547,2025-03-06,27.0
9.760000000002035,15.94180178190436,2025-03-06,28.0
14.527999999998428,27.42407282155633,2025-03-06,29.0
24.0,25.40485890849501,2025-03-06,30.0
23.0880000000025,41.67111561974219,2025-03-06,31.0
56.2560000000085,50.64441297958618,2025-03-06,32.0
5.92800000000233,27.20189754181531,2025-03-06,33.0
18.459999999999127,14.476097575072716,2025-03-06,34.0
33.771999999997206,27.75517808937543,2025-03-06,35.0
6.891999999999825,13.940720876476524,2025-03-06,36.0
28.6160000000091,47.75541052336248,2025-03-06,37.0
10.709999999999129,18.697711399543383,2025-03-06,38.0
13.30000000000291,17.842784963394784,2025-03-06,39.0
11.1720000000059,14.451970342143232,2025-03-07,1.0
8.16000000000259,20.142304276553197,2025-03-07,2.0
26.959999999999127,31.789477802764235,2025-03-07,3.0
58.2000000000106,58.1801878052111,2025-03-07,4.0
1.0799999999944705,12.49829040695771,2025-03-07,5.0
35.599999999998545,38.74150946158803,2025-03-07,6.0
28.6119999999945,28.929873401469965,2025-03-07,7.0
41.0880000000025,26.57709632967437,2025-03-07,8.0
21.788000000000466,27.062068391369646,2025-03-07,9.0
31.648000000001048,34.38100047319813,2025-03-07,10.0
11.5679999999993,25.41312935986122,2025-03-07,11.0
13.36999999999898,11.035246267097047,2025-03-07,12.0
35.700000000004366,37.22531399660762,2025-03-07,13.0
33.5480000000025,37.34391036980028,2025-03-07,14.0
28.0199999999968,30.87452344116638,2025-03-07,15.0
26.739999999997963,24.595336070689896,2025-03-07,16.0
6.669999999998254,11.408619388361666,2025-03-07,17.0
11.9479999999967,15.206119493852674,2025-03-07,18.0
22.489999999997963,23.34538219879391,2025-03-07,19.0
29.1000000000006,24.096987147680622,2025-03-07,20.0
27.959999999999127,29.50987449999863,2025-03-07,21.0
48.76000000000204,37.24600706541322,2025-03-07,22.0
35.00800000000163,44.1902931672335,2025-03-07,23.0
26.36800000000221,18.16361040157643,2025-03-07,24.0
16.82800000000134,20.530208424851946,2025-03-07,25.0
11.182800000001,18.911362800737066,2025-03-07,26.0
5.9320000000006985,19.17855809242936,2025-03-07,27.0
13.527999999998428,13.421703861982685,2025-03-07,28.0
22.29200000000128,26.191258411206167,2025-03-07,29.0
14.959999999999129,24.63984891084992,2025-03-07,30.0
44.471999999994296,39.2532207752898,2025-03-07,31.0
50.0,47.89852220781427,2025-03-07,32.0
5.61999999999525,27.04712697371904,2025-03-07,33.0
6.108000000000175,15.243515017843572,2025-03-07,34.0
26.94800000000396,25.04702782290653,2025-03-07,35.0
5.139999999999418,14.727657620465845,2025-03-07,36.0
58.32799999999406,47.47997039775752,2025-03-07,37.0
12.450000000000728,17.1105684116945,2025-03-07,38.0
11.1399999999994,17.523281917455524,2025-03-07,39.0
17.05999999999767,14.21430768233463,2025-03-08,1.0
21.055999999996857,22.22481233036435,2025-03-08,2.0
35.23999999999796,32.056997962926516,2025-03-08,3.0
29.1199999999889,65.54703105345526,2025-03-08,4.0
14.4280000000023,12.358036637167931,2025-03-08,5.0
56.99199999999837,38.62999274507784,2025-03-08,6.0
23.736000000004424,30.029163575723476,2025-03-08,7.0
27.7109999999995,26.127594422949556,2025-03-08,8.0
21.719999999993888,26.609730788903928,2025-03-08,9.0
31.952000000004773,33.71256825076268,2025-03-08,10.0
28.3109999999981,23.371837183267886,2025-03-08,11.0
5.009999999998399,14.208491991894292,2025-03-08,12.0
39.919999999998254,38.54206199757556,2025-03-08,13.0
25.9439999999959,37.05038279584958,2025-03-08,14.0
31.12000000000262,29.364173723540997,2025-03-08,15.0
31.419999999998254,24.810942045725376,2025-03-08,16.0
7.920000000001892,11.671084708827333,2025-03-08,17.0
13.427999999999884,13.598124164261261,2025-03-08,18.0
11.0499999999993,23.21897838337956,2025-03-08,19.0
18.290000000000877,23.490294211242066,2025-03-08,20.0
29.139999999999414,27.584610148170746,2025-03-08,21.0
10.8628000000014,41.5966337792597,2025-03-08,22.0
38.07999999999447,41.1357164843039,2025-03-08,23.0
17.2879999999958,19.712947894229313,2025-03-08,24.0
9.779999999998836,21.007799954977685,2025-03-08,25.0
7.239999999997963,17.15441778030956,2025-03-08,26.0
11.5679999999993,17.369877955802064,2025-03-08,27.0
25.0,12.080014090010543,2025-03-08,28.0
23.49199999999837,24.47084738348971,2025-03-08,29.0
29.222800000002,26.346745298056803,2025-03-08,30.0
29.0228000000049,38.71096282574328,2025-03-08,31.0
44.08000000000175,48.43018245467483,2025-03-08,32.0
5.680000000000291,24.31139874998683,2025-03-08,33.0
9.072000000000116,14.213998200950936,2025-03-08,34.0
7.819999999999709,26.519293820888063,2025-03-08,35.0
8.28800000000309,12.919143533646531,2025-03-08,36.0
55.6628000000043,44.49391866231801,2025-03-08,37.0
23.299999999999272,17.448063555021342,2025-03-08,38.0
11.1399999999994,17.498202168209552,2025-03-08,39.0
9.360000000000582,14.426510275065242,2025-03-09,1.0
8.851999999998952,20.893766941986858,2025-03-09,2.0
26.88799999999901,32.06366991140916,2025-03-09,3.0
51.47200000000885,58.10658189832077,2025-03-09,4.0
13.0,12.050909372474282,2025-03-09,5.0
16.296000000002095,39.525321303944565,2025-03-09,6.0
29.5828000000026,31.196876300371592,2025-03-09,7.0
26.639999999999414,28.455109206706553,2025-03-09,8.0
24.2109999999995,26.52178995231439,2025-03-09,9.0
19.339999999996508,31.669146253706977,2025-03-09,10.0
19.68800000000192,21.357885993208996,2025-03-09,11.0
10.4900000000016,14.853036019226108,2025-03-09,12.0
19.87999999999738,38.422378500812016,2025-03-09,13.0
36.94800000000396,37.27975800352343,2025-03-09,14.0
28.55999999999767,30.21283003321421,2025-03-09,15.0
29.07200000000012,25.81670855296603,2025-03-09,16.0
10.1000000000006,11.208305858553537,2025-03-09,17.0
20.0,14.833071477446396,2025-03-09,18.0
14.080000000001746,24.088742697076988,2025-03-09,19.0
22.549999999995634,23.384943775256854,2025-03-09,20.0
28.30800000000454,28.22669402456617,2025-03-09,21.0
17.728000000002794,38.18574148544671,2025-03-09,22.0
18.99200000000565,40.70109782700034,2025-03-09,23.0
12.9120000000039,21.419398206961013,2025-03-09,24.0
26.18000000000029,21.39987515019605,2025-03-09,25.0
27.30800000000454,16.811852598427627,2025-03-09,26.0
13.960000000006405,16.106602403544088,2025-03-09,27.0
8.959999999999127,12.984816611493127,2025-03-09,28.0
22.736000000004424,25.19820211442257,2025-03-09,29.0
19.88799999999901,24.80956861853148,2025-03-09,30.0
29.59999999999127,38.968468282583714,2025-03-09,31.0
43.87199999998848,52.286577124193435,2025-03-09,32.0
43.5480000000025,22.27651365743293,2025-03-09,33.0
16.07999999999447,13.421482381061358,2025-03-09,34.0
29.979999999995925,27.585909524839625,2025-03-09,35.0
17.891999999999825,12.56127512551806,2025-03-09,36.0
52.05599999999686,47.534381331688195,2025-03-09,37.0
10.5,17.44092981665639,2025-03-09,38.0
17.05999999999767,17.424875913707197,2025-03-09,39.0
10.799999999995634,14.883089475053934,2025-03-10,1.0
8.572000000000116,19.755030943271752,2025-03-10,2.0
25.5679999999993,29.689662075371942,2025-03-10,3.0
48.10399999999208,58.435831166734424,2025-03-10,4.0
5.631999999997788,11.615433023612558,2025-03-10,5.0
41.8628000000014,38.49976808590439,2025-03-10,6.0
23.8959999999925,29.28188737160246,2025-03-10,7.0
29.76000000000204,27.39000817394419,2025-03-10,8.0
18.92000000000553,25.14993357853288,2025-03-10,9.0
31.70799999999872,30.111708315973893,2025-03-10,10.0
31.1099999999953,21.509338063953724,2025-03-10,11.0
4.860000000000582,12.740506997167245,2025-03-10,12.0
42.5480000000025,37.23547995583762,2025-03-10,13.0
25.4799999999959,34.87255208909352,2025-03-10,14.0
23.959999999999127,29.92304585243998,2025-03-10,15.0
17.056000000004133,26.139846936586164,2025-03-10,16.0
0.9899999999979628,9.894796290117544,2025-03-10,17.0
21.4280000000023,13.260371327239756,2025-03-10,18.0
17.31999999999971,21.53517656304968,2025-03-10,19.0
12.860000000000582,20.74918779201622,2025-03-10,20.0
24.1428000000002,27.910528945924227,2025-03-10,21.0
35.1019999999937,33.25454767141638,2025-03-10,22.0
17.31999999999971,40.744108944022784,2025-03-10,23.0
12.719999999993888,20.27690587101476,2025-03-10,24.0
14.70799999999872,18.58738557337114,2025-03-10,25.0
20.77999999999884,12.622113946493362,2025-03-10,26.0
8.719999999993888,15.32261064484509,2025-03-10,27.0
9.83200000000211,14.334292761985042,2025-03-10,28.0
20.891999999999825,23.431252559047103,2025-03-10,29.0
13.687999999994643,24.052199385533164,2025-03-10,30.0
30.696000000010827,36.29772249611302,2025-03-10,31.0
51.36000000000058,49.41111726797961,2025-03-10,32.0
19.851999999998952,18.51651359375372,2025-03-10,33.0
16.320000000006985,12.946051029247295,2025-03-10,34.0
23.788000000000466,24.121568926767868,2025-03-10,35.0
7.731999999996333,11.870888537344971,2025-03-10,36.0
39.2280000000052,47.62552870064161,2025-03-10,37.0
8.510000000002037,16.576407837463673,2025-03-10,38.0
14.020000000004076,15.349514701812625,2025-03-10,39.0
11.2000000000044,13.385824503090094,2025-03-11,1.0
21.57600000000093,19.79696798160125,2025-03-11,2.0
20.0628000000058,30.905820851275475,2025-03-11,3.0
58.20799999999872,56.19994723142411,2025-03-11,4.0
8.68800000000192,10.686742840756642,2025-03-11,5.0
35.88799999999901,35.6963742820237,2025-03-11,6.0
36.77599999999802,29.7757306738804,2025-03-11,7.0
20.639999999999414,27.78338595791508,2025-03-11,8.0
29.091999999996915,25.157071185637555,2025-03-11,9.0
24.99199999999837,29.121843674253967,2025-03-11,10.0
13.360000000000582,22.170025797740163,2025-03-11,11.0
12.079999999998108,12.617822595213998,2025-03-11,12.0
18.131999999997788,33.38227367281323,2025-03-11,13.0
32.06000000000495,35.69125310338061,2025-03-11,14.0
29.788000000000466,29.434308101205666,2025-03-11,15.0
25.2520000000004,28.53553788870404,2025-03-11,16.0
0.7700000000004366,9.592738027261813,2025-03-11,17.0
10.9428000000031,14.178138197348106,2025-03-11,18.0
20.229999999999563,20.11380129751867,2025-03-11,19.0
9.900000000001455,21.100099565469502,2025-03-11,20.0
21.1199999999962,28.3858256019324,2025-03-11,21.0
26.888000000006286,32.15559013207703,2025-03-11,22.0
22.807999999997264,37.02577520297734,2025-03-11,23.0
25.208000000005995,20.942188513702657,2025-03-11,24.0
19.080000000001743,21.211858228165212,2025-03-11,25.0
2.680000000000291,17.001349255073738,2025-03-11,26.0
17.560000000004948,14.754343270444343,2025-03-11,27.0
8.807999999997264,12.941005825733802,2025-03-11,28.0
20.5199999999968,24.23504481877052,2025-03-11,29.0
26.2800000000011,24.27042781665806,2025-03-11,30.0
28.5759999999864,35.154332925809236,2025-03-11,31.0
37.84799999999814,48.47759811906376,2025-03-11,32.0
14.87999999999738,22.157346993092844,2025-03-11,33.0
4.631999999997788,15.306468555770461,2025-03-11,34.0
25.9028000000023,23.338074184093994,2025-03-11,35.0
8.495999999999185,12.116910752968568,2025-03-11,36.0
54.18399999999383,47.671286972201194,2025-03-11,37.0
11.3999999999978,16.83524435600831,2025-03-11,38.0
10.8679999999949,16.338055673248892,2025-03-11,39.0
10.2719999999972,13.419213168352076,2025-03-12,1.0
27.880000000004657,18.677971226534897,2025-03-12,2.0
19.927999999999884,29.527899659948236,2025-03-12,3.0
25.952000000004773,54.09408159546097,2025-03-12,4.0
10.1428000000002,9.087833598651256,2025-03-12,5.0
27.220000000001164,34.04743273893154,2025-03-12,6.0
22.04800000000978,28.162716241918517,2025-03-12,7.0
25.807999999997264,27.14463849492193,2025-03-12,8.0
13.21600000000035,23.929989594756147,2025-03-12,9.0
23.780000000006112,27.624092873565893,2025-03-12,10.0
28.012000000002445,22.710603536763873,2025-03-12,11.0
9.13000000000102,11.649637644122485,2025-03-12,12.0
23.29200000000128,34.258006900419744,2025-03-12,13.0
26.807999999997264,31.466762663177036,2025-03-12,14.0
17.9428000000031,28.664702459503662,2025-03-12,15.0
49.98799999999756,27.4418535647467,2025-03-12,16.0
13.5,7.930224013442471,2025-03-12,17.0
12.935999999994236,15.279637304996145,2025-03-12,18.0
22.43000000000029,19.79123256114872,2025-03-12,19.0
12.839999999996508,20.676195405459264,2025-03-12,20.0
36.01600000000326,27.52141899685252,2025-03-12,21.0
21.487999999997555,32.120690108940074,2025-03-12,22.0
19.919999999998254,31.083167757319,2025-03-12,23.0
32.971999999994296,20.53829514474183,2025-03-12,24.0
16.2109999999995,18.15249796238759,2025-03-12,25.0
25.52799999999843,16.24916508882769,2025-03-12,26.0
11.0280000000009,14.393388982505806,2025-03-12,27.0
8.052000000003318,12.806717490244065,2025-03-12,28.0
23.87999999999738,23.235765055647764,2025-03-12,29.0
13.192000000002736,21.86077981483026,2025-03-12,30.0
28.80800000000454,34.38574205342158,2025-03-12,31.0
39.31200000000536,48.01167908820306,2025-03-12,32.0
26.960000000006403,20.266608966922192,2025-03-12,33.0
19.695999999996275,15.581799692766532,2025-03-12,34.0
16.57600000000093,23.947725014828094,2025-03-12,35.0
19.4320000000007,11.538451252211852,2025-03-12,36.0
46.5280000000057,45.7187954847011,2025-03-12,37.0
23.0280000000009,15.18191786456963,2025-03-12,38.0
21.720000000001164,15.646305646996092,2025-03-12,39.0
7.987999999997555,13.120171022597527,2025-03-13,1.0
29.372000000003027,18.75900492429057,2025-03-13,2.0
19.007999999994357,25.718053665539514,2025-03-13,3.0
26.960000000006403,53.77197547675819,2025-03-13,4.0
14.68800000000192,9.667675234088946,2025-03-13,5.0
12.680000000000293,34.10410877872912,2025-03-13,6.0
21.7439999999911,28.248951517419176,2025-03-13,7.0
20.419999999998254,26.103912940328243,2025-03-13,8.0
32.1428000000002,23.282696096618796,2025-03-13,9.0
24.75999999999476,26.695584446977342,2025-03-13,10.0
14.5280000000009,21.35578462715146,2025-03-13,11.0
10.0600000000013,12.150975932336188,2025-03-13,12.0
33.667999999997846,29.71784833741298,2025-03-13,13.0
26.252000000000407,28.064360880675082,2025-03-13,14.0
32.1199999999962,25.766988188244774,2025-03-13,15.0
46.5028000000008,25.980627364838476,2025-03-13,16.0
8.31000000000131,7.812280912412129,2025-03-13,17.0
2.33200000000211,13.996526648018053,2025-03-13,18.0
7.72000000000106,17.736239047070754,2025-03-13,19.0
16.770000000004075,18.125486657119843,2025-03-13,20.0
26.99199999999837,24.847961630456382,2025-03-13,21.0
33.13199999999779,30.74859825130515,2025-03-13,22.0
17.743999999998778,26.600922672023017,2025-03-13,23.0
25.6000000000058,21.344431552577397,2025-03-13,24.0
10.0280000000009,17.925063648860448,2025-03-13,25.0
10.8320000000022,13.962082955179785,2025-03-13,26.0
6.180000000000291,12.460267179680642,2025-03-13,27.0
26.0109999999952,13.073788458460353,2025-03-13,28.0
20.852000000006228,20.987577176280467,2025-03-13,29.0
24.12000000000262,22.384930622971158,2025-03-13,30.0
36.36800000000221,28.988928079120434,2025-03-13,31.0
37.9360000000011,41.75050798127322,2025-03-13,32.0
16.339999999996508,15.773250535312993,2025-03-13,33.0
9.79200000000128,14.40913336161834,2025-03-13,34.0
16.271999999997206,24.399664504194053,2025-03-13,35.0
10.448000000003958,11.686986823094598,2025-03-13,36.0
39.55199999999604,46.72344594374191,2025-03-13,37.0
12.779999999998836,14.954995612638339,2025-03-13,38.0
14.9428000000031,14.478386141699584,2025-03-13,39.0
14.380000000004657,12.382907312883713,2025-03-14,1.0
9.50800000000163,17.665836931847558,2025-03-14,2.0
23.639999999999414,26.485992952135042,2025-03-14,3.0
58.1759999999922,47.893031210143526,2025-03-14,4.0
1.9919999999983704,10.447699978156411,2025-03-14,5.0
24.139999999999414,33.94808901209203,2025-03-14,6.0
24.9828000000103,28.366465132207665,2025-03-14,7.0
23.012000000002445,27.981524282448532,2025-03-14,8.0
23.256000000001222,23.047002835094226,2025-03-14,9.0
19.02799999999843,27.60219581009288,2025-03-14,10.0
13.5280000000009,23.34355390386124,2025-03-14,11.0
12.109999999996944,11.581532561632642,2025-03-14,12.0
28.2500000000038,31.12658549893605,2025-03-14,13.0
21.77199999999721,28.956048593346225,2025-03-14,14.0
25.21600000000035,26.541211201895425,2025-03-14,15.0
47.01600000000326,29.16691887099251,2025-03-14,16.0
5.279999999998836,8.435537592690979,2025-03-14,17.0
2.4120000000039,14.447319109773703,2025-03-14,18.0
14.43999999999869,17.842076810597753,2025-03-14,19.0
18.790000000000877,17.654645711993822,2025-03-14,20.0
26.9000000000011,27.72926389520181,2025-03-14,21.0
17.12000000000262,29.539365967007317,2025-03-14,22.0
22.76000000000204,27.398350715014555,2025-03-14,23.0
23.38799999999901,23.389776335765546,2025-03-14,24.0
19.80000000000291,17.927383623672224,2025-03-14,25.0
12.567999999999302,16.29861760714708,2025-03-14,26.0
13.1199999999962,13.980251763665347,2025-03-14,27.0
9.200000000004366,12.801237270026997,2025-03-14,28.0
22.77599999999802,22.38708200014998,2025-03-14,29.0
0.0,21.391387557445057,2025-03-14,30.0
19.01600000000326,30.781645385705406,2025-03-14,31.0
39.36000000000058,44.22090317527817,2025-03-14,32.0
16.839999999996508,17.907766558551952,2025-03-14,33.0
10.660000000003492,14.355097195349675,2025-03-14,34.0
16.47200000000157,23.60592609975328,2025-03-14,35.0
7.719999999993888,11.783683563977686,2025-03-14,36.0
36.83999999999651,46.11058672681918,2025-03-14,37.0
8.4900000000016,14.777402598285109,2025-03-14,38.0
12.747999999999593,15.652457714926282,2025-03-14,39.0
10.2319999999963,10.526531603510254,2025-03-15,1.0
32.1428000000002,18.219170534179188,2025-03-15,2.0
16.982800000004,24.235742404590837,2025-03-15,3.0
35.288000000000466,38.879517063289704,2025-03-15,4.0
2.0800000000017462,10.576987692849201,2025-03-15,5.0
47.58000000000175,29.893521924325697,2025-03-15,6.0
18.67999999999301,25.603290948695392,2025-03-15,7.0
24.167999999997846,25.124045708260454,2025-03-15,8.0
13.972000000001572,22.668632837530485,2025-03-15,9.0
22.7028000000052,25.126269394579527,2025-03-15,10.0
22.1199999999962,20.830717673470048,2025-03-15,11.0
8.580000000001746,8.92291870991457,2025-03-15,12.0
25.79200000000128,28.34949977586353,2025-03-15,13.0
24.2580000000054,26.81384905115018,2025-03-15,14.0
33.79200000000128,25.366558576003094,2025-03-15,15.0
38.65199999999459,30.19977156672572,2025-03-15,16.0
1.2299999999995634,6.857307329457968,2025-03-15,17.0
14.735999999997148,12.113146535514648,2025-03-15,18.0
10.3100000000013,15.787927392672449,2025-03-15,19.0
10.6999999999971,16.618693914274722,2025-03-15,20.0
32.332000000002154,26.412281064170035,2025-03-15,21.0
14.307999999997264,25.507897517071168,2025-03-15,22.0
12.18800000000192,22.267927738452084,2025-03-15,23.0
17.651999999994587,21.363695520594923,2025-03-15,24.0
13.051999999996042,15.110895629244327,2025-03-15,25.0
3.21099999999953,13.804373086369266,2025-03-15,26.0
8.819999999999709,14.288765507383296,2025-03-15,27.0
19.29599999999482,13.593872904969782,2025-03-15,28.0
22.0280000000009,21.436445680447264,2025-03-15,29.0
17.0,19.751614845721527,2025-03-15,30.0
21.847999999998137,30.05900620249568,2025-03-15,31.0
39.96799999999348,38.90615790960091,2025-03-15,32.0
23.80000000000291,18.059958470875667,2025-03-15,33.0
9.25799999999813,11.716404774805723,2025-03-15,34.0
19.747999999999596,20.219650690540313,2025-03-15,35.0
8.080000000001746,10.43883349556376,2025-03-15,36.0
33.328000000008615,44.93298534530163,2025-03-15,37.0
13.360000000000582,13.72277936082359,2025-03-15,38.0
9.939999999995052,14.196551973866196,2025-03-15,39.0
13.268000000003669,11.85616104195513,2025-03-16,1.0
8.959999999991851,17.96104111213788,2025-03-16,2.0
20.19999999999709,23.436471717085983,2025-03-16,3.0
10.263999999995576,39.447637809291386,2025-03-16,4.0
12.639999999999418,9.440940998456757,2025-03-16,5.0
20.70799999999872,28.26003529381813,2025-03-16,6.0
30.4280000000023,25.261435870796433,2025-03-16,7.0
30.44800000000396,23.9867734847524,2025-03-16,8.0
22.37199999999575,23.3252097507241,2025-03-16,9.0
20.94799999999668,23.992573911502557,2025-03-16,10.0
10.9200000000055,20.906525560008326,2025-03-16,11.0
14.020000000000437,9.74129596294556,2025-03-16,12.0
25.667999999997846,27.701582239841674,2025-03-16,13.0
19.07999999999447,26.666573939140342,2025-03-16,14.0
24.860000000000586,25.347881763176318,2025-03-16,15.0
30.4280000000023,32.250079876960754,2025-03-16,16.0
5.799999999999272,6.985183515970596,2025-03-16,17.0
14.87999999999738,11.419996424490156,2025-03-16,18.0
11.2899999999999,14.656999296700123,2025-03-16,19.0
7.809999999997672,15.46162526810327,2025-03-16,20.0
18.39999999999418,26.058306957284533,2025-03-16,21.0
11.0319999999992,22.760372015060803,2025-03-16,22.0
9.37199999999575,21.180211295833622,2025-03-16,23.0
8.588000000003376,21.420914620387155,2025-03-16,24.0
11.1200000000026,15.99931175791163,2025-03-16,25.0
14.75999999999476,14.178311385534142,2025-03-16,26.0
13.080000000001746,13.499597556851478,2025-03-16,27.0
12.031999999999243,13.314482950072623,2025-03-16,28.0
18.239999999997963,21.824811532293005,2025-03-16,29.0
10.2319999999963,15.630056061390267,2025-03-16,30.0
24.16000000000349,27.40166294516017,2025-03-16,31.0
26.42399999999907,38.1057470890477,2025-03-16,32.0
13.728000000002794,19.949133535175296,2025-03-16,33.0
12.959999999999129,12.90955019439342,2025-03-16,34.0
19.86800000000221,18.860554770179554,2025-03-16,35.0
16.10399999999936,11.40963729984602,2025-03-16,36.0
22.67999999999301,42.06354550701683,2025-03-16,37.0
8.319999999999709,13.824493584585023,2025-03-16,38.0
14.320000000006983,14.859186836851858,2025-03-16,39.0
6.25799999999813,11.293791978626604,2025-03-17,1.0
20.855999999999767,21.057610650619484,2025-03-17,2.0
18.768000000003667,23.113058628005042,2025-03-17,3.0
13.542800000009,41.33865735871314,2025-03-17,4.0
2.81199999999889,8.965089746314707,2025-03-17,5.0
13.8228000000005,29.00327028290139,2025-03-17,6.0
23.57600000000093,25.79291555349719,2025-03-17,7.0
19.57200000000012,24.45060827323038,2025-03-17,8.0
10.7360000000044,23.236308896961685,2025-03-17,9.0
21.94800000000396,24.4015217215165,2025-03-17,10.0
20.89999999999418,21.221556076586843,2025-03-17,11.0
9.049999999999272,10.41598312620544,2025-03-17,12.0
10.771999999997206,27.71031037161584,2025-03-17,13.0
25.10000000000582,27.445135683245844,2025-03-17,14.0
24.580000000001743,26.979500676899114,2025-03-17,15.0
35.73200000000361,35.85924830096614,2025-03-17,16.0
5.97000000000106,6.473771500391793,2025-03-17,17.0
10.8628000000014,12.832496277592114,2025-03-17,18.0
17.18000000000029,15.214998871309545,2025-03-17,19.0
10.380000000004657,15.163405432258383,2025-03-17,20.0
19.33600000000297,28.092275841999964,2025-03-17,21.0
16.632000000005064,23.731208959058623,2025-03-17,22.0
28.0880000000025,20.38149250239651,2025-03-17,23.0
10.599999999998545,22.43757060353304,2025-03-17,24.0
11.3079999999973,17.20491786621906,2025-03-17,25.0
13.30800000000454,14.214540741794979,2025-03-17,26.0
5.099999999998545,13.260532013237542,2025-03-17,27.0
9.22800000000524,13.397008432515507,2025-03-17,28.0
20.9320000000007,22.757381317504645,2025-03-17,29.0
16.976000000002387,17.75103549305836,2025-03-17,30.0
29.3109999999908,28.14364698125037,2025-03-17,31.0
32.2628000000101,39.985680813630076,2025-03-17,32.0
20.4109999999966,22.407621983426186,2025-03-17,33.0
10.131999999997788,13.743004990887227,2025-03-17,34.0
6.11199999999459,21.320815923040048,2025-03-17,35.0
8.02800000000087,12.06624652576549,2025-03-17,36.0
47.7109999999995,40.78409455126663,2025-03-17,37.0
12.659999999999854,13.371958551119503,2025-03-17,38.0
16.831999999994878,14.957338888806294,2025-03-17,39.0
5.26280000000285,11.2095713128074,2025-03-18,1.0
10.6628000000043,19.7305320411945,2025-03-18,2.0
19.4280000000023,21.026847539933538,2025-03-18,3.0
11.2399999999906,36.41318490017457,2025-03-18,4.0
1.25399999999732,9.142816805202665,2025-03-18,5.0
35.55999999999767,28.222050175384222,2025-03-18,6.0
26.62399999999616,25.177979570079383,2025-03-18,7.0
27.091999999996915,23.967125456992267,2025-03-18,8.0
19.583999999995285,22.25223153786441,2025-03-18,9.0
28.0109999999952,22.86120593373017,2025-03-18,10.0
12.180000000000293,19.280559504943742,2025-03-18,11.0
7.10999999999898,10.779104007200827,2025-03-18,12.0
10.4279999999999,26.943659383644338,2025-03-18,13.0
23.288000000000466,24.208168092310448,2025-03-18,14.0
14.080000000001746,25.847690913887625,2025-03-18,15.0
42.367999999994936,35.27332166487956,2025-03-18,16.0
2.59000000000011,5.866298900699387,2025-03-18,17.0
16.256000000001222,11.820727074320962,2025-03-18,18.0
10.0799999999981,14.596895848160969,2025-03-18,19.0
12.190000000002328,12.475750590802601,2025-03-18,20.0
25.2109999999995,26.42606157536616,2025-03-18,21.0
12.267999999996391,21.34685762245468,2025-03-18,22.0
22.32800000000134,17.89158840117435,2025-03-18,23.0
18.8228000000005,20.940079496993725,2025-03-18,24.0
6.779999999998836,14.21912530621407,2025-03-18,25.0
9.279999999998836,12.269509229917436,2025-03-18,26.0
8.919999999998254,12.731697176525513,2025-03-18,27.0
10.479999999995924,12.943824685476958,2025-03-18,28.0
20.50800000000163,21.04818609952792,2025-03-18,29.0
6.10399999999936,15.17515343457467,2025-03-18,30.0
20.3920000000071,25.97465156919775,2025-03-18,31.0
30.75999999999476,37.5827744509948,2025-03-18,32.0
13.948000000003958,18.135136195626117,2025-03-18,33.0
5.692000000002736,12.609416945344153,2025-03-18,34.0
20.2880000000031,18.943431079046526,2025-03-18,35.0
9.279999999998836,10.947057157286974,2025-03-18,36.0
14.639999999999418,37.131901754471144,2025-03-18,37.0
10.0099999999984,11.967190991126895,2025-03-18,38.0
21.0,14.340360837423631,2025-03-18,39.0
14.279999999998836,11.592878067452526,2025-03-19,1.0
19.296000000002092,22.31449999531882,2025-03-19,2.0
28.239999999997963,20.41818994185046,2025-03-19,3.0
13.920000000012806,32.39953408514405,2025-03-19,4.0
2.148000000001048,9.230255412270083,2025-03-19,5.0
41.5679999999993,25.33397517562129,2025-03-19,6.0
28.960000000006403,25.27657991446835,2025-03-19,7.0
16.8119999999989,23.384779974477887,2025-03-19,8.0
17.38799999999901,21.184153382882105,2025-03-19,9.0
21.531999999999243,23.018780628372888,2025-03-19,10.0
19.2800000000011,18.80003290596505,2025-03-19,11.0
9.010000000002035,11.45541324689546,2025-03-19,12.0
13.520000000004076,23.91708842561808,2025-03-19,13.0
23.86399999999412,24.40668899010033,2025-03-19,14.0
32.791999999994005,26.25679759002975,2025-03-19,15.0
44.86000000000058,38.200061334374055,2025-03-19,16.0
1.139999999999418,7.147144553476346,2025-03-19,17.0
9.10200000000099,10.983887953174259,2025-03-19,18.0
18.220000000001164,15.299704248403055,2025-03-19,19.0
7.8399999999965075,13.424034889204556,2025-03-19,20.0
27.30000000000291,25.92191521249464,2025-03-19,21.0
29.5280000000009,20.213502046546065,2025-03-19,22.0
19.463999999999945,19.376662914571043,2025-03-19,23.0
11.0080000000016,21.263021550225986,2025-03-19,24.0
26.26000000000204,14.432279141718144,2025-03-19,25.0
22.55200000000332,12.791996227904239,2025-03-19,26.0
17.220000000001164,13.087110060192574,2025-03-19,27.0
17.660000000003492,13.45264166883426,2025-03-19,28.0
20.98399999999674,21.629769446887597,2025-03-19,29.0
10.2959999999948,16.133728699444312,2025-03-19,30.0
28.0,26.854161561017037,2025-03-19,31.0
27.55999999999767,36.339400032332385,2025-03-19,32.0
16.8109999999981,18.72174434478924,2025-03-19,33.0
16.82800000000134,12.636730538972547,2025-03-19,34.0
12.29200000000128,16.82653444618678,2025-03-19,35.0
17.656000000002678,11.613575170359256,2025-03-19,36.0
28.4280000000023,37.69116918740243,2025-03-19,37.0
3.62800000000306,13.44197893081718,2025-03-19,38.0
14.160000000003492,15.428350200876512,2025-03-19,39.0
7.120000000002619,13.125026810111702,2025-03-20,1.0
16.4320000000007,23.442884367281597,2025-03-20,2.0
19.860000000000586,23.675034204351785,2025-03-20,3.0
12.623999999996158,28.895054569496114,2025-03-20,4.0
10.668000000005122,9.600336255287987,2025-03-20,5.0
25.260000000002,27.87095005585858,2025-03-20,6.0
24.239999999990687,26.70762256941544,2025-03-20,7.0
25.132000000005064,26.193868980672164,2025-03-20,8.0
19.8280000000038,22.787739261811645,2025-03-20,9.0
23.416000000004715,25.88640495868986,2025-03-20,10.0
11.0,21.004609550112203,2025-03-20,11.0
13.790000000000871,12.373804050160643,2025-03-20,12.0
18.10800000000017,25.13161575196004,2025-03-20,13.0
24.560000000004948,25.468141989953825,2025-03-20,14.0
24.568000000006577,26.57127318577623,2025-03-20,15.0
43.4800000000032,41.3628342647858,2025-03-20,16.0
10.720000000001164,8.710150626892887,2025-03-20,17.0
4.959999999999127,13.226495943276374,2025-03-20,18.0
12.739999999997965,15.38424886556696,2025-03-20,19.0
18.010000000002037,15.00014940327843,2025-03-20,20.0
11.8079999999973,27.958264817331383,2025-03-20,21.0
25.3680000000022,19.818683464990112,2025-03-20,22.0
22.22799999999552,21.648062096357265,2025-03-20,23.0
17.0,22.217416197893087,2025-03-20,24.0
16.739999999997963,14.513184296855522,2025-03-20,25.0
14.859999999993306,14.350925837768289,2025-03-20,26.0
10.031999999999243,13.290430229242178,2025-03-20,27.0
14.131999999997788,15.02524129332781,2025-03-20,28.0
14.38799999999901,23.93055759157725,2025-03-20,29.0
8.752000000000407,15.544553759880063,2025-03-20,30.0
28.07200000000012,27.488510518542046,2025-03-20,31.0
33.312000000005355,36.28812295906491,2025-03-20,32.0
18.05999999999767,20.489204030271704,2025-03-20,33.0
23.02799999999843,14.154741438206575,2025-03-20,34.0
5.239999999997963,18.58644758785475,2025-03-20,35.0
17.252000000000407,13.247914648811904,2025-03-20,36.0
16.368000000002212,35.96145383183405,2025-03-20,37.0
10.090000000000146,14.787539417546808,2025-03-20,38.0
10.9360000000011,18.914856054012148,2025-03-20,39.0
5.4799999999959255,11.721867864976476,2025-03-21,1.0
26.327999999994063,20.76766842215226,2025-03-21,2.0
18.451999999997497,22.410721698291173,2025-03-21,3.0
14.222800000002,25.30599870845093,2025-03-21,4.0
10.903999999994994,6.926145438229535,2025-03-21,5.0
12.979999999995924,28.05552545483009,2025-03-21,6.0
25.4879999999976,26.07032219992123,2025-03-21,7.0
33.0199999999968,23.7617734547162,2025-03-21,8.0
20.5199999999968,20.68145174206103,2025-03-21,9.0
36.17199999999866,23.745803241924566,2025-03-21,10.0
13.891999999999824,18.012233945482397,2025-03-21,11.0
8.969999999997526,11.096513037553617,2025-03-21,12.0
19.47200000000157,22.094035533246785,2025-03-21,13.0
27.82800000000134,23.951495058975855,2025-03-21,14.0
16.9109999999966,26.400924396099732,2025-03-21,15.0
41.97200000000157,38.89486494020993,2025-03-21,16.0
1.3100000000013097,5.966801441833676,2025-03-21,17.0
18.832000000002157,11.510847856633326,2025-03-21,18.0
20.2280000000016,13.952255645046097,2025-03-21,19.0
19.68000000000029,12.871981655755821,2025-03-21,20.0
28.6319999999978,25.88323467899327,2025-03-21,21.0
14.9109999999966,19.319175009282223,2025-03-21,22.0
21.05200000000332,19.97145948956344,2025-03-21,23.0
17.55999999999767,18.09868107069761,2025-03-21,24.0
18.752000000000407,14.615660816687859,2025-03-21,25.0
12.932000000000698,13.605164312428188,2025-03-21,26.0
10.520000000004076,15.568618279385891,2025-03-21,27.0
8.368000000002212,15.495427045087888,2025-03-21,28.0
21.16000000000349,22.140794681543365,2025-03-21,29.0
16.247999999999593,14.136775891136471,2025-03-21,30.0
38.9360000000011,25.531762107577578,2025-03-21,31.0
38.9109999999966,32.860368645515166,2025-03-21,32.0
29.68800000000192,17.628472958933315,2025-03-21,33.0
12.17199999999866,12.568802561729347,2025-03-21,34.0
30.10800000000017,16.68006525542957,2025-03-21,35.0
6.731999999996333,11.95602713341436,2025-03-21,36.0
24.20799999999872,31.778697983577846,2025-03-21,37.0
11.2899999999972,11.055993685174368,2025-03-21,38.0
10.423999999999069,16.07492791668975,2025-03-21,39.0
16.0679999999993,10.93097652505768,2025-03-22,1.0
14.288000000000466,18.350437615873272,2025-03-22,2.0
10.735999999997148,22.017178605115564,2025-03-22,3.0
20.720000000001164,22.44435858742905,2025-03-22,4.0
11.5360000000001,7.476502494041946,2025-03-22,5.0
43.71200000000681,29.069462133246503,2025-03-22,6.0
31.92000000001281,25.890376869943605,2025-03-22,7.0
18.648000000001048,23.61796038843497,2025-03-22,8.0
17.868000000002212,19.243707201653237,2025-03-22,9.0
24.091999999996915,23.304173682945297,2025-03-22,10.0
12.0,17.142612163829135,2025-03-22,11.0
4.229999999999563,11.530061052080653,2025-03-22,12.0
11.791999999994,19.82922348410757,2025-03-22,13.0
24.851999999998952,23.318716520500423,2025-03-22,14.0
26.37599999999657,25.277558858165985,2025-03-22,15.0
33.1199999999962,37.15518508760089,2025-03-22,16.0
9.0199999999968,6.458722557446928,2025-03-22,17.0
17.9360000000011,11.474393165208173,2025-03-22,18.0
23.200000000000728,13.674390802134466,2025-03-22,19.0
10.930000000000293,12.862179425562498,2025-03-22,20.0
27.59200000000419,23.71869771703516,2025-03-22,21.0
20.4320000000007,18.05891770117361,2025-03-22,22.0
22.639999999999414,19.890083423242956,2025-03-22,23.0
24.020000000004075,16.198722594161385,2025-03-22,24.0
9.80800000000454,14.994187529498921,2025-03-22,25.0
13.30800000000454,12.887508641306772,2025-03-22,26.0
21.927999999999884,13.012944298999292,2025-03-22,27.0
7.659999999996216,13.339225936508623,2025-03-22,28.0
18.57200000000012,20.8961406953783,2025-03-22,29.0
12.832000000002154,16.619884540949688,2025-03-22,30.0
28.127999999996973,24.78143726666468,2025-03-22,31.0
28.9520000000048,32.20557910164543,2025-03-22,32.0
27.023999999997613,17.27034635778502,2025-03-22,33.0
13.732000000003609,14.215137210580387,2025-03-22,34.0
46.46399999999994,14.296661990769557,2025-03-22,35.0
8.82800000000125,12.531284643625215,2025-03-22,36.0
24.335999999995693,27.815178547247744,2025-03-22,37.0
17.590000000000146,10.108347678154747,2025-03-22,38.0
12.0,15.060703110901983,2025-03-22,39.0
21.012000000002445,9.737785006426128,2025-03-23,1.0
21.0880000000025,20.63909281310713,2025-03-23,2.0
19.391999999999825,21.652825036221607,2025-03-23,3.0
22.631999999997788,17.114669400304496,2025-03-23,4.0
2.90280000000227,8.776343365922925,2025-03-23,5.0
53.95999999999913,27.399851326990976,2025-03-23,6.0
28.2879999999958,26.16989295616632,2025-03-23,7.0
20.3109999999981,25.263590419445652,2025-03-23,8.0
20.12000000000262,19.475295618938787,2025-03-23,9.0
17.175999999999476,25.81642452629951,2025-03-23,10.0
28.520000000004075,17.648064156225168,2025-03-23,11.0
3.170000000001892,11.145968050585077,2025-03-23,12.0
6.175999999999476,18.90490907723763,2025-03-23,13.0
19.599999999998545,23.9891197427141,2025-03-23,14.0
10.4228000000063,24.499740593660416,2025-03-23,15.0
58.24799999999959,37.31586583561864,2025-03-23,16.0
6.81000000000131,5.857147412452839,2025-03-23,17.0
14.039999999993595,13.848793460884307,2025-03-23,18.0
8.549999999999272,15.357275431726379,2025-03-23,19.0
10.389999999999418,13.927049832754733,2025-03-23,20.0
19.648000000001048,23.87002815810073,2025-03-23,21.0
12.167999999997846,18.22078126022699,2025-03-23,22.0
22.00800000000163,20.233926969388953,2025-03-23,23.0
12.239999999997965,15.957106824349239,2025-03-23,24.0
22.39999999999418,15.277550295372913,2025-03-23,25.0
10.37199999999575,13.673128165977094,2025-03-23,26.0
9.279999999998836,13.270369208897785,2025-03-23,27.0
6.480000000003201,13.56992894895254,2025-03-23,28.0
17.29599999999482,20.73511717608263,2025-03-23,29.0
0.0,14.127885011604906,2025-03-23,30.0
18.88799999999173,27.323765048417535,2025-03-23,31.0
33.19199999999546,32.170055235101415,2025-03-23,32.0
30.46800000000076,19.48108052970553,2025-03-23,33.0
10.167999999997846,14.294319353799219,2025-03-23,34.0
21.2800000000011,16.962115806248356,2025-03-23,35.0
13.4120000000039,12.734021876921423,2025-03-23,36.0
25.8000000000029,26.947358781230275,2025-03-23,37.0
10.420000000001892,11.118468363242789,2025-03-23,38.0
11.0879999999961,15.228938810365772,2025-03-23,39.0
9.375999999996566,10.49131728368829,2025-03-24,1.0
10.5828000000026,17.78195698975151,2025-03-24,2.0
17.072000000000116,20.1143067936752,2025-03-24,3.0
60.36000000000058,14.988318410647814,2025-03-24,4.0
1.175999999999476,8.669463517150689,2025-03-24,5.0
29.599999999998545,27.08205773375394,2025-03-24,6.0
29.695999999996275,26.77198030558551,2025-03-24,7.0
19.23200000000361,23.493820988365307,2025-03-24,8.0
20.599999999998545,19.206171270502924,2025-03-24,9.0
37.13200000000506,25.104428045286323,2025-03-24,10.0
20.94799999999668,15.371917099662381,2025-03-24,11.0
10.049999999999272,9.37034274379504,2025-03-24,12.0
19.3028000000037,16.644514234380907,2025-03-24,13.0
25.247999999999596,23.229941037157793,2025-03-24,14.0
37.82799999999406,23.329263003506416,2025-03-24,15.0
33.080000000001746,37.309390112546,2025-03-24,16.0
6.319999999999709,6.057796949828364,2025-03-24,17.0
16.8628000000014,13.186146750837418,2025-03-24,18.0
19.419999999998254,16.565425493049183,2025-03-24,19.0
14.729999999995924,12.971006703666891,2025-03-24,20.0
24.18000000000029,22.975578033200765,2025-03-24,21.0
8.192000000002736,19.137118730816255,2025-03-24,22.0
30.580000000001743,20.745754648023876,2025-03-24,23.0
20.86800000000221,16.300545528954224,2025-03-24,24.0
18.81999999999971,13.766651287842938,2025-03-24,25.0
10.760000000002035,13.825687777042782,2025-03-24,26.0
10.231999999996331,14.120095468219798,2025-03-24,27.0
11.8919999999998,11.801766417636202,2025-03-24,28.0
20.8628000000014,19.884394477585595,2025-03-24,29.0
11.1600000000035,13.621631530268973,2025-03-24,30.0
38.1020000000083,27.632461214947355,2025-03-24,31.0
39.00800000000163,31.41215319157105,2025-03-24,32.0
16.459999999999127,19.60672841021083,2025-03-24,33.0
8.968000000000757,13.821192265279514,2025-03-24,34.0
17.57600000000093,19.703707024019128,2025-03-24,35.0
9.41199999999744,11.921258497734309,2025-03-24,36.0
24.8628000000014,25.83948034060573,2025-03-24,37.0
9.62999999999738,11.005503866779714,2025-03-24,38.0
10.67199999999866,14.808122128760866,2025-03-24,39.0
8.72000000000106,11.381211801034492,2025-03-25,1.0
10.735999999989872,18.97368215698322,2025-03-25,2.0
21.2580000000054,20.075785673318617,2025-03-25,3.0
49.27999999999884,16.043108369129865,2025-03-25,4.0
1.11200000000186,6.923842701060733,2025-03-25,5.0
21.27999999999884,31.17827153207882,2025-03-25,6.0
29.872000000003027,26.5969588015633,2025-03-25,7.0
27.90799999999581,22.34771075638169,2025-03-25,8.0
23.19999999999709,18.757393525749443,2025-03-25,9.0
24.5199999999968,24.791269457516307,2025-03-25,10.0
12.531999999999243,17.59284006086159,2025-03-25,11.0
4.02800000000087,8.175958129194111,2025-03-25,12.0
14.576000000000931,13.005519590711733,2025-03-25,13.0
24.959999999999127,23.20291644985454,2025-03-25,14.0
31.4120000000039,21.104518154891206,2025-03-25,15.0
53.22000000000117,39.3793450043421,2025-03-25,16.0
3.75,5.752421173381586,2025-03-25,17.0
21.16000000000349,12.833044726887586,2025-03-25,18.0
9.9900000000016,15.478296841978498,2025-03-25,19.0
11.3600000000006,12.537689707896533,2025-03-25,20.0
38.07999999999447,23.050514071263745,2025-03-25,21.0
9.536000000000058,18.764991761160807,2025-03-25,22.0
10.9599999999991,21.829940745591674,2025-03-25,23.0
8.11999999999622,16.607417982772745,2025-03-25,24.0
17.6280000000067,15.551335038568691,2025-03-25,25.0
2.228000000002794,13.098246122788982,2025-03-25,26.0
8.080000000001746,13.777804252956152,2025-03-25,27.0
10.656000000002678,10.59944795400691,2025-03-25,28.0
21.135999999998603,19.58524843671136,2025-03-25,29.0
14.939999999995052,9.004231191342981,2025-03-25,30.0
35.1120000000018,26.7138352962073,2025-03-25,31.0
35.3920000000071,31.741823754097766,2025-03-25,32.0
10.760000000002,21.76910979154416,2025-03-25,33.0
20.222800000002,13.047087283705563,2025-03-25,34.0
11.5720000000001,19.935768667583897,2025-03-25,35.0
7.760000000002037,11.645151435888518,2025-03-25,36.0
30.4320000000007,25.51356971545473,2025-03-25,37.0
11.1700000000019,10.627762077894262,2025-03-25,38.0
13.520000000004076,14.293208294875068,2025-03-25,39.0
8.18280000000101,11.778024801428153,2025-03-26,1.0
8.127999999996973,18.46912732272528,2025-03-26,2.0
22.5280000000009,20.712908995997655,2025-03-26,3.0
57.7439999999911,23.270286193831485,2025-03-26,4.0
1.11200000000186,7.303223284675996,2025-03-26,5.0
26.27999999999884,33.26620711099907,2025-03-26,6.0
24.6628000000043,28.296287367297055,2025-03-26,7.0
12.067999999999302,22.708117766424785,2025-03-26,8.0
20.743999999998778,21.062707727385344,2025-03-26,9.0
21.520000000004075,26.786279388353442,2025-03-26,10.0
19.536000000000055,18.59101196439124,2025-03-26,11.0
5.180000000000291,9.388688010990439,2025-03-26,12.0
17.5109999999952,15.53268695821817,2025-03-26,13.0
25.12000000000262,23.884773913869594,2025-03-26,14.0
23.0879999999961,24.069168234324135,2025-03-26,15.0
43.39999999999418,40.42639507310524,2025-03-26,16.0
6.299999999999272,7.22738084530665,2025-03-26,17.0
9.288000000000466,14.74712864237529,2025-03-26,18.0
21.81999999999971,17.025593135502668,2025-03-26,19.0
8.560000000004948,13.776908188898258,2025-03-26,20.0
26.860000000000586,24.65958366539877,2025-03-26,21.0
13.9109999999966,17.916900386699055,2025-03-26,22.0
22.291999999994005,22.981336504132052,2025-03-26,23.0
22.10399999999936,19.02090290945286,2025-03-26,24.0
12.0109999999952,17.180023840778592,2025-03-26,25.0
10.907999999995807,13.265186057570359,2025-03-26,26.0
22.5679999999993,14.270528062675764,2025-03-26,27.0
8.31099999999808,11.932284166283873,2025-03-26,28.0
17.0628000000058,20.52493701237188,2025-03-26,29.0
0.588000000003376,14.336822214942467,2025-03-26,30.0
21.872000000003027,28.341221743672822,2025-03-26,31.0
25.8719999999885,32.51170417913812,2025-03-26,32.0
9.567999999999302,21.92288297385761,2025-03-26,33.0
13.799999999995634,14.14903041483589,2025-03-26,34.0
33.667999999997846,22.35570813979364,2025-03-26,35.0
17.023999999997613,12.520700532175766,2025-03-26,36.0
20.648000000001048,24.190924950787515,2025-03-26,37.0
10.68999999999869,11.510694407978551,2025-03-26,38.0
24.68000000000029,14.12315433715379,2025-03-26,39.0
7.536000000000058,14.194107307056866,2025-03-27,1.0
12.00800000000163,20.356363181489122,2025-03-27,2.0
17.18000000000029,22.59056054749897,2025-03-27,3.0
48.89600000000792,30.801525005236563,2025-03-27,4.0
8.567999999999302,7.797897797132538,2025-03-27,5.0
53.80800000000454,32.61885673406845,2025-03-27,6.0
26.21600000000035,29.579357292637198,2025-03-27,7.0
19.952000000004773,24.439952694147433,2025-03-27,8.0
24.976000000002387,21.901424367106436,2025-03-27,9.0
20.959999999999127,27.595447674846273,2025-03-27,10.0
11.6228000000025,19.494057237039915,2025-03-27,11.0
7.719999999997526,9.685394378993227,2025-03-27,12.0
13.460000000006405,16.96008981523303,2025-03-27,13.0
27.05999999999767,25.393363568242048,2025-03-27,14.0
25.832000000002157,25.95768117786418,2025-03-27,15.0
46.492000000005646,43.33147084687968,2025-03-27,16.0
2.950000000000728,7.553105397877652,2025-03-27,17.0
10.807999999997264,16.14107053345269,2025-03-27,18.0
12.670000000001892,17.18118939140579,2025-03-27,19.0
19.39999999999418,14.271112132944799,2025-03-27,20.0
11.0880000000025,26.66754586738094,2025-03-27,21.0
12.608000000000176,17.851487133818495,2025-03-27,22.0
33.44800000000396,22.415546744057405,2025-03-27,23.0
19.0280000000009,18.09269310353845,2025-03-27,24.0
12.0,19.979879196581276,2025-03-27,25.0
4.919999999998254,12.735855563612924,2025-03-27,26.0
8.71099999999953,14.725523180048825,2025-03-27,27.0
26.099999999998545,12.218638016427446,2025-03-27,28.0
20.60800000000017,21.417958464731576,2025-03-27,29.0
10.0280000000009,13.809049021100387,2025-03-27,30.0
31.39199999999255,31.799727413224897,2025-03-27,31.0
39.69600000001083,34.579386132335515,2025-03-27,32.0
14.9428000000031,21.61907847947251,2025-03-27,33.0
13.01600000000326,17.145403995059635,2025-03-27,34.0
27.360000000000586,21.82840217512645,2025-03-27,35.0
9.288000000000466,12.762846106520765,2025-03-27,36.0
27.95999999999185,27.300369578179637,2025-03-27,37.0
10.290000000000871,12.386874217843244,2025-03-27,38.0
11.0,14.269448016104345,2025-03-27,39.0
22.080000000001743,11.773880667140991,2025-03-28,1.0
28.24800000000687,16.606035885712522,2025-03-28,2.0
28.39999999999418,19.77908302655074,2025-03-28,3.0
36.271999999997206,33.69328039497129,2025-03-28,4.0
8.487999999997555,7.192222635638062,2025-03-28,5.0
22.959999999999127,30.285301471639023,2025-03-28,6.0
26.76799999999639,28.430130285647127,2025-03-28,7.0
20.25999999999476,22.913073848555744,2025-03-28,8.0
16.192000000002736,21.657656591512847,2025-03-28,9.0
25.0280000000009,26.59829353486929,2025-03-28,10.0
23.2879999999958,18.63630374139399,2025-03-28,11.0
10.6280000000031,8.305272546552505,2025-03-28,12.0
14.651999999994588,16.319716813112827,2025-03-28,13.0
22.0679999999993,24.816600377190287,2025-03-28,14.0
35.52799999999843,24.568984197242006,2025-03-28,15.0
41.62799999999697,42.07076308136621,2025-03-28,16.0
10.5280000000009,7.632778284736246,2025-03-28,17.0
27.652000000001863,15.338971085961402,2025-03-28,18.0
17.959999999999127,17.390185064542,2025-03-28,19.0
16.010000000002037,13.587414873957496,2025-03-28,20.0
38.3109999999981,26.16463505464244,2025-03-28,21.0
20.172000000005937,15.587406662189288,2025-03-28,22.0
28.7109999999995,22.416489419501424,2025-03-28,23.0
37.76000000000204,19.0150888888707,2025-03-28,24.0
22.919999999998254,16.930823447196197,2025-03-28,25.0
18.4800000000032,11.334900994622236,2025-03-28,26.0
16.32800000000134,14.852696207606035,2025-03-28,27.0
18.012000000002445,10.790969366650442,2025-03-28,28.0
22.599999999998545,20.360164941802996,2025-03-28,29.0
6.623999999996158,11.38810795974026,2025-03-28,30.0
36.77599999999802,29.868451298913183,2025-03-28,31.0
39.263999999995576,32.96287937395,2025-03-28,32.0
21.19999999999709,19.94132280069448,2025-03-28,33.0
18.69199999999546,15.50647284339946,2025-03-28,34.0
17.252000000000407,24.003513336227847,2025-03-28,35.0
17.160000000003492,12.564884237158795,2025-03-28,36.0
25.8800000000047,24.92293505730524,2025-03-28,37.0
14.56000000000131,12.553069916217172,2025-03-28,38.0
20.31999999999971,14.609465355600024,2025-03-28,39.0
6.98399999999674,11.83566914965344,2025-03-29,1.0
31.16800000000512,16.689874264561816,2025-03-29,2.0
26.452000000004773,19.640901351592348,2025-03-29,3.0
59.16000000000349,38.76682108471843,2025-03-29,4.0
9.11999999999622,7.353538094111405,2025-03-29,5.0
57.55999999999767,34.20655249840067,2025-03-29,6.0
27.77599999999802,28.734740903337386,2025-03-29,7.0
25.4920000000056,22.425993387684372,2025-03-29,8.0
19.0199999999968,22.757463405853688,2025-03-29,9.0
25.61200000000099,25.952796793541932,2025-03-29,10.0
31.07200000000012,18.54194352330003,2025-03-29,11.0
5.729999999999563,7.940891097491533,2025-03-29,12.0
17.776000000005297,16.051861334796893,2025-03-29,13.0
31.9028000000023,25.35661530792469,2025-03-29,14.0
24.2280000000052,25.357369336557113,2025-03-29,15.0
50.62000000000262,41.63455316247093,2025-03-29,16.0
1.2799999999988358,6.605421534149346,2025-03-29,17.0
6.11999999999622,16.237975639452213,2025-03-29,18.0
10.419999999998254,17.414197672203564,2025-03-29,19.0
12.8280000000038,14.58471920768773,2025-03-29,20.0
28.69999999999709,25.818068295683297,2025-03-29,21.0
22.18000000000029,13.783486830285907,2025-03-29,22.0
12.027999999998428,23.968917521443252,2025-03-29,23.0
17.18800000000192,19.140138694833876,2025-03-29,24.0
14.668000000005122,16.486154427255627,2025-03-29,25.0
16.10399999999936,9.865670945854934,2025-03-29,26.0
13.048000000002505,14.328172410901052,2025-03-29,27.0
20.4119999999974,13.603465008937485,2025-03-29,28.0
21.979999999995925,20.85001480777077,2025-03-29,29.0
19.16800000000512,11.842795858694375,2025-03-29,30.0
21.09600000000501,30.355334810034073,2025-03-29,31.0
27.0,34.16211984850958,2025-03-29,32.0
11.0080000000016,19.550884854016374,2025-03-29,33.0
18.30000000000291,14.171963216403022,2025-03-29,34.0
21.919999999998254,26.731199093913265,2025-03-29,35.0
14.1099999999953,11.536565558188672,2025-03-29,36.0
29.263999999995576,26.69096781046296,2025-03-29,37.0
10.5,12.548087771008214,2025-03-29,38.0
13.335999999995693,14.377572395837397,2025-03-29,39.0
10.468000000000757,13.22765968613555,2025-03-30,1.0
30.879999999990105,16.034254744200503,2025-03-30,2.0
10.89600000000064,20.241433145444212,2025-03-30,3.0
31.1019999999937,40.10863768938698,2025-03-30,4.0
1.4120000000039,6.541174053905716,2025-03-30,5.0
35.9280000000023,34.280859729375806,2025-03-30,6.0
26.75999999999476,26.774589551070324,2025-03-30,7.0
24.77599999999802,19.130518906357715,2025-03-30,8.0
18.8109999999981,20.749751524601194,2025-03-30,9.0
11.5679999999993,24.051079420922825,2025-03-30,10.0
13.968000000000757,18.87514135002888,2025-03-30,11.0
4.389999999999418,7.324817703655646,2025-03-30,12.0
5.351999999998952,14.626079240428309,2025-03-30,13.0
30.047999999995227,22.88945366676424,2025-03-30,14.0
7.360000000000582,25.715220750942127,2025-03-30,15.0
33.86000000000058,40.30593559648934,2025-03-30,16.0
6.59000000000011,7.308063647105058,2025-03-30,17.0
3.22000000000106,16.682617779414645,2025-03-30,18.0
6.950000000000728,15.99616358696855,2025-03-30,19.0
5.899999999994179,12.979489716474722,2025-03-30,20.0
17.880000000004657,25.553956090485954,2025-03-30,21.0
10.7999999999956,13.85997691490057,2025-03-30,22.0
14.652000000001864,23.16748332192108,2025-03-30,23.0
13.619999999995343,20.800610833286576,2025-03-30,24.0
14.220000000001164,16.305089697006444,2025-03-30,25.0
3.567999999999301,10.287301554060608,2025-03-30,26.0
16.10399999999936,14.707592637362076,2025-03-30,27.0
5.91099999999662,12.91304173961574,2025-03-30,28.0
13.492000000005646,19.703537036567337,2025-03-30,29.0
18.391999999999825,10.342840009869679,2025-03-30,30.0
23.19199999999546,28.57102247565443,2025-03-30,31.0
28.55999999999767,33.49349257116903,2025-03-30,32.0
7.271999999997206,17.92987088014589,2025-03-30,33.0
6.4320000000006985,14.458359362002344,2025-03-30,34.0
10.548000000002505,23.496614147120894,2025-03-30,35.0
7.319999999999709,12.067574452725967,2025-03-30,36.0
19.2000000000106,25.247154062701075,2025-03-30,37.0
8.489999999997963,12.166251811622583,2025-03-30,38.0
13.102000000001,15.153421632500134,2025-03-30,39.0
10.37999999999738,12.27323785300219,2025-03-31,1.0
14.296000000002095,18.990815599040797,2025-03-31,2.0
20.68000000000029,22.894750663277435,2025-03-31,3.0
31.520000000004075,46.22318411345373,2025-03-31,4.0
2.148000000001048,6.9123556410867035,2025-03-31,5.0
53.89999999999418,35.597324801754546,2025-03-31,6.0
8.567999999999302,27.96013405600396,2025-03-31,7.0
11.2800000000011,21.068751675435713,2025-03-31,8.0
22.8280000000038,21.688117425855616,2025-03-31,9.0
18.487999999997555,25.16587250634456,2025-03-31,10.0
14.20799999999872,21.734914877740803,2025-03-31,11.0
12.149999999997815,8.088638397618759,2025-03-31,12.0
12.87999999999738,15.833949919699764,2025-03-31,13.0
25.80800000000454,24.89792069612968,2025-03-31,14.0
16.57999999999447,26.711469119973152,2025-03-31,15.0
17.19999999999709,43.060840794396185,2025-03-31,16.0
1.860000000000582,6.279672560039439,2025-03-31,17.0
2.52000000000287,15.03853454785163,2025-03-31,18.0
14.529999999998836,14.542254361052962,2025-03-31,19.0
11.5200000000041,13.551435994334852,2025-03-31,20.0
28.4109999999966,27.16095535658784,2025-03-31,21.0
8.99199999999837,14.46368744104096,2025-03-31,22.0
21.70799999999872,22.50049636595511,2025-03-31,23.0
6.92800000000233,20.42642139619302,2025-03-31,24.0
11.127999999997,16.890965918278667,2025-03-31,25.0
12.2800000000011,11.023065332726873,2025-03-31,26.0
10.2579999999981,14.166911412446526,2025-03-31,27.0
10.6880000000019,14.718290551534952,2025-03-31,28.0
10.288000000000466,20.816813061361334,2025-03-31,29.0
0.4279999999998836,13.963643095646846,2025-03-31,30.0
11.7600000000093,29.105728052341462,2025-03-31,31.0
26.60000000000582,33.338076643662575,2025-03-31,32.0
8.056000000004133,16.230359589021138,2025-03-31,33.0
16.608000000000175,15.70070156511966,2025-03-31,34.0
11.182800000001,21.572444005182305,2025-03-31,35.0
8.760000000002037,13.133703521519804,2025-03-31,36.0
27.231999999989057,26.756355250335528,2025-03-31,37.0
9.12000000000262,11.371417189750183,2025-03-31,38.0
19.0280000000009,15.761280155157646,2025-03-31,39.0
12.232000000003609,11.193534644596506,2025-04-01,1.0
29.0,20.682825896457864,2025-04-01,2.0
11.1199999999962,21.106219996269797,2025-04-01,3.0
50.32799999999406,47.72355054898167,2025-04-01,4.0
8.18280000000101,6.0437967143463265,2025-04-01,5.0
10.860000000000582,33.567655802059164,2025-04-01,6.0
31.9428000000031,27.18564367702773,2025-04-01,7.0
21.2109999999995,21.774456229239185,2025-04-01,8.0
13.735999999997148,21.284529351671267,2025-04-01,9.0
16.052000000003318,23.360082582966616,2025-04-01,10.0
27.4320000000007,20.19940493173192,2025-04-01,11.0
8.320000000003347,7.8720462859439655,2025-04-01,12.0
17.0880000000025,15.260111620356982,2025-04-01,13.0
31.263999999995576,26.44871225794288,2025-04-01,14.0
30.18000000000029,24.999974346389628,2025-04-01,15.0
38.4519999999975,40.12518592054486,2025-04-01,16.0
5.369999999998981,6.640004662226093,2025-04-01,17.0
12.979999999995924,13.566519465712439,2025-04-01,18.0
3.900000000001455,14.431925093018396,2025-04-01,19.0
10.489999999997965,12.928823512942936,2025-04-01,20.0
29.16800000000512,26.424135607843912,2025-04-01,21.0
9.427999999999884,14.327885663881977,2025-04-01,22.0
7.628000000004249,21.638482926748207,2025-04-01,23.0
27.4109999999966,20.49408785052672,2025-04-01,24.0
11.3109999999981,15.930744220819742,2025-04-01,25.0
22.68800000000192,9.7310521879106,2025-04-01,26.0
13.027999999998428,15.033548326247857,2025-04-01,27.0
11.5999999999985,14.236922191787752,2025-04-01,28.0
19.27199999999721,20.23626015043707,2025-04-01,29.0
14.227999999995518,13.951538971945933,2025-04-01,30.0
12.423999999999069,28.774471009291116,2025-04-01,31.0
31.5679999999993,32.495358881352196,2025-04-01,32.0
8.091999999996915,12.544332875747749,2025-04-01,33.0
8.767999999996391,14.962055022390015,2025-04-01,34.0
20.1199999999962,19.965341443947445,2025-04-01,35.0
8.88799999999901,12.218518129846933,2025-04-01,36.0
25.4628000000072,26.146008691905145,2025-04-01,37.0
13.339999999996508,11.176481797505604,2025-04-01,38.0
13.99199999999837,15.784698325090226,2025-04-01,39.0
6.50800000000163,11.77681746517631,2025-04-02,1.0
30.0280000000081,21.026318282818483,2025-04-02,2.0
18.76000000000204,22.051717885086397,2025-04-02,3.0
20.696000000010827,43.30866866595202,2025-04-02,4.0
8.599999999998545,6.738130238936225,2025-04-02,5.0
27.73200000000361,37.863145714358915,2025-04-02,6.0
28.320000000006985,24.405932163108027,2025-04-02,7.0
28.77999999999884,20.393354639793053,2025-04-02,8.0
20.6228000000025,21.942520606514833,2025-04-02,9.0
22.131999999997788,22.16397861667641,2025-04-02,10.0
16.760000000002037,19.49422111220321,2025-04-02,11.0
7.0799999999981,9.123689790320896,2025-04-02,12.0
10.9519999999975,15.664505159701013,2025-04-02,13.0
24.49600000000646,26.661088211637658,2025-04-02,14.0
44.26000000000204,23.32413259854184,2025-04-02,15.0
26.456000000005588,39.22381918174626,2025-04-02,16.0
1.2299999999995634,5.999644533983236,2025-04-02,17.0
19.05999999999767,12.02904661287242,2025-04-02,18.0
10.2999999999993,14.201042310287797,2025-04-02,19.0
13.599999999998545,13.367675111052447,2025-04-02,20.0
23.5679999999993,26.69359215650928,2025-04-02,21.0
9.891999999999824,14.783227265138192,2025-04-02,22.0
21.639999999999414,21.00974044010776,2025-04-02,23.0
23.880000000004657,18.778180192704966,2025-04-02,24.0
20.580000000001743,15.336586115563527,2025-04-02,25.0
9.360000000000582,11.029881152068572,2025-04-02,26.0
13.652000000001864,16.290124957811646,2025-04-02,27.0
6.120000000002619,14.956509184841073,2025-04-02,28.0
19.65600000000268,18.82819495735607,2025-04-02,29.0
10.2528000000046,11.98309878676749,2025-04-02,30.0
11.5760000000009,25.210414516847646,2025-04-02,31.0
24.871999999988475,31.99889158551964,2025-04-02,32.0
8.027999999998428,12.388994148743677,2025-04-02,33.0
13.312000000005357,16.4212856164739,2025-04-02,34.0
17.33600000000297,19.585300257154337,2025-04-02,35.0
11.6920000000027,12.455821954508798,2025-04-02,36.0
31.456000000005588,25.817885729026727,2025-04-02,37.0
10.37000000000262,11.656754345420353,2025-04-02,38.0
14.0880000000025,17.765958390835447,2025-04-02,39.0
12.972000000001572,13.517229864491403,2025-04-03,1.0
17.519999999989523,24.6046713789392,2025-04-03,2.0
18.599999999998545,21.791438552231117,2025-04-03,3.0
45.16799999999057,44.96467771226855,2025-04-03,4.0
3.227999999995518,8.027493696715972,2025-04-03,5.0
43.19999999999709,37.29667900673348,2025-04-03,6.0
24.21600000000035,26.026098556981818,2025-04-03,7.0
11.887999999999,19.726080521722796,2025-04-03,8.0
18.70799999999872,20.961686365049058,2025-04-03,9.0
22.296000000002092,20.505554420327773,2025-04-03,10.0
12.5199999999968,21.946283894208623,2025-04-03,11.0
3.9900000000016007,9.617275274251227,2025-04-03,12.0
17.4320000000007,15.972875243788003,2025-04-03,13.0
20.851999999998952,28.080624345908102,2025-04-03,14.0
17.9800000000032,23.913462546126553,2025-04-03,15.0
35.66399999999703,38.25106645696678,2025-04-03,16.0
4.870000000002619,6.968936397461483,2025-04-03,17.0
2.52800000000087,12.106677834594182,2025-04-03,18.0
6.520000000000437,13.79002751605646,2025-04-03,19.0
4.700000000004366,13.081020263474604,2025-04-03,20.0
24.54399999999441,25.945591474381686,2025-04-03,21.0
5.456000000005588,14.735691532491053,2025-04-03,22.0
4.4799999999959255,20.47287411148832,2025-04-03,23.0
25.247999999999596,22.0213713065001,2025-04-03,24.0
17.87999999999738,14.636394514353702,2025-04-03,25.0
10.639999999999418,13.805613348390247,2025-04-03,26.0
7.788000000000466,15.95936910100702,2025-04-03,27.0
5.71099999999953,15.072088024971286,2025-04-03,28.0
14.39999999999418,18.872335784509495,2025-04-03,29.0
0.0,17.629941090619706,2025-04-03,30.0
31.38399999999092,23.306018017540286,2025-04-03,31.0
29.320000000006985,32.77353800987523,2025-04-03,32.0
19.812000000005355,12.287995646246467,2025-04-03,33.0
11.6879999999946,15.520325266082903,2025-04-03,34.0
17.55999999999767,19.898225107850923,2025-04-03,35.0
11.9320000000007,12.8312006836587,2025-04-03,36.0
26.023999999990338,26.76217084357598,2025-04-03,37.0
7.719999999997526,12.086540491833373,2025-04-03,38.0
13.551999999996042,17.837502558201205,2025-04-03,39.0
14.639999999999418,11.374778817465696,2025-04-04,1.0
25.055999999996857,25.382219983543497,2025-04-04,2.0
17.67199999999866,20.402539841952542,2025-04-04,3.0
28.320000000006985,38.29329276636831,2025-04-04,4.0
9.62800000000669,8.166810737779235,2025-04-04,5.0
50.30800000000454,35.86608401899227,2025-04-04,6.0
25.2879999999958,25.318653548101786,2025-04-04,7.0
26.1120000000018,21.963273639720725,2025-04-04,8.0
17.099999999998545,20.659213914306154,2025-04-04,9.0
19.231999999996333,21.000842416631126,2025-04-04,10.0
20.12800000000425,20.542691895358747,2025-04-04,11.0
10.5900000000001,9.055203008956003,2025-04-04,12.0
11.8119999999989,13.978030915833996,2025-04-04,13.0
25.971999999994296,26.248322536956074,2025-04-04,14.0
33.05999999999767,25.31604873590123,2025-04-04,15.0
22.520000000004075,35.34428865080769,2025-04-04,16.0
1.1299999999973809,5.399026671695367,2025-04-04,17.0
13.62800000000425,12.641245249606223,2025-04-04,18.0
13.5280000000009,11.49455679762174,2025-04-04,19.0
11.1899999999951,13.181215584714636,2025-04-04,20.0
23.31999999999971,25.70436987008588,2025-04-04,21.0
7.71099999999953,13.301074675492526,2025-04-04,22.0
23.47200000000157,20.01376597865557,2025-04-04,23.0
14.7109999999995,21.302156702028878,2025-04-04,24.0
11.7000000000044,14.966286565574663,2025-04-04,25.0
13.102000000001,12.585843706271284,2025-04-04,26.0
8.12000000000262,14.164354972545386,2025-04-04,27.0
5.92800000000233,14.088205440629311,2025-04-04,28.0
19.280000000006112,18.72293008785613,2025-04-04,29.0
6.41199999999744,13.096301893963185,2025-04-04,30.0
30.80000000000291,21.480932784651248,2025-04-04,31.0
27.01600000000326,31.04663900641894,2025-04-04,32.0
12.1099999999953,10.874025692290976,2025-04-04,33.0
21.531999999999243,14.719629479909093,2025-04-04,34.0
12.4109999999966,17.956301554241776,2025-04-04,35.0
9.19999999999709,11.447401220229505,2025-04-04,36.0
42.2879999999958,26.824968524065493,2025-04-04,37.0
14.1100000000011,11.245222516514271,2025-04-04,38.0
10.3600000000006,15.758723715256506,2025-04-04,39.0
6.0679999999993015,13.197302332690388,2025-04-05,1.0
14.9428000000031,26.397379922725438,2025-04-05,2.0
10.9520000000048,21.216176388518306,2025-04-05,3.0
42.39999999999418,38.45274840914218,2025-04-05,4.0
4.4799999999959255,7.597098113157117,2025-04-05,5.0
19.93999999999505,36.222205860904694,2025-04-05,6.0
18.6119999999945,26.364942818391462,2025-04-05,7.0
25.599999999998545,21.376254836162893,2025-04-05,8.0
18.720000000001164,21.2708434614614,2025-04-05,9.0
24.512000000002445,21.935719503898977,2025-04-05,10.0
12.383999999998196,21.191626184668692,2025-04-05,11.0
4.69999999999709,9.044672167189406,2025-04-05,12.0
18.77199999999721,15.833155702548604,2025-04-05,13.0
20.080000000001743,27.397133154069213,2025-04-05,14.0
17.2579999999981,25.40723334935642,2025-04-05,15.0
35.90799999999581,33.89860166865021,2025-04-05,16.0
5.069999999999709,6.729739560765166,2025-04-05,17.0
20.252000000000407,11.347541836751498,2025-04-05,18.0
14.599999999998545,11.54012589598666,2025-04-05,19.0
17.720000000001164,11.83837191750756,2025-04-05,20.0
27.520000000004075,27.568891967973922,2025-04-05,21.0
5.299999999995634,13.699395815618361,2025-04-05,22.0
11.0480000000025,17.383745314370998,2025-04-05,23.0
10.747999999999593,23.04431563214303,2025-04-05,24.0
8.271999999997206,16.963521131609255,2025-04-05,25.0
16.0199999999968,13.560345019879197,2025-04-05,26.0
8.91099999999662,14.555017025486286,2025-04-05,27.0
17.427999999999884,12.021916438298831,2025-04-05,28.0
21.5109999999952,19.215014208156816,2025-04-05,29.0
8.599999999998545,12.014559813089031,2025-04-05,30.0
23.919999999998254,22.374525741941646,2025-04-05,31.0
25.2079999999987,30.043033324259426,2025-04-05,32.0
7.747999999999592,12.828667211453691,2025-04-05,33.0
8.172000000005937,14.682132122942324,2025-04-05,34.0
14.260000000002035,17.64070941037921,2025-04-05,35.0
8.495999999999185,12.934788177169962,2025-04-05,36.0
14.232000000003609,27.50283918037567,2025-04-05,37.0
10.569999999999707,12.2954659407367,2025-04-05,38.0
9.788000000000466,16.692737246972154,2025-04-05,39.0
7.19999999999709,11.737492342280424,2025-04-06,1.0
19.61600000000908,25.460114227632765,2025-04-06,2.0
17.327999999994063,19.038629092157525,2025-04-06,3.0
32.04800000000978,36.81186022869598,2025-04-06,4.0
6.459999999999127,7.905305934783438,2025-04-06,5.0
48.16000000000349,36.561101839952514,2025-04-06,6.0
24.760000000009317,25.41200210346408,2025-04-06,7.0
20.69999999999709,21.91311629584823,2025-04-06,8.0
25.66000000000349,20.624283995491865,2025-04-06,9.0
19.6119999999945,20.34790778088641,2025-04-06,10.0
17.987999999997555,20.155575471782306,2025-04-06,11.0
4.82800000000011,8.745219244008545,2025-04-06,12.0
18.280000000006112,14.373230873826012,2025-04-06,13.0
22.16000000000349,26.384359532222142,2025-04-06,14.0
23.0,25.15165260905262,2025-04-06,15.0
27.099999999998545,31.539035575900716,2025-04-06,16.0
1.3100000000013097,5.619746952111192,2025-04-06,17.0
14.680000000000293,9.865261768579781,2025-04-06,18.0
11.1100000000011,10.505046691401356,2025-04-06,19.0
13.880000000004657,11.115369601827704,2025-04-06,20.0
24.487999999997555,25.343004821560253,2025-04-06,21.0
3.72800000000524,11.417429435834155,2025-04-06,22.0
12.331999999994878,16.340344969743104,2025-04-06,23.0
5.7479999999995925,19.380106104050753,2025-04-06,24.0
14.200000000004366,14.455404202861997,2025-04-06,25.0
11.3799999999974,13.013517773325356,2025-04-06,26.0
13.639999999999418,14.072337542377037,2025-04-06,27.0
12.731999999996331,9.978044520339607,2025-04-06,28.0
20.048000000002503,18.10745486103616,2025-04-06,29.0
0.210999999999525,12.112896889370104,2025-04-06,30.0
26.4280000000023,21.048519837438405,2025-04-06,31.0
27.3109999999908,28.441354678729255,2025-04-06,32.0
11.2109999999995,11.165181657741993,2025-04-06,33.0
18.0,15.003168706163805,2025-04-06,34.0
21.5,16.399765452386934,2025-04-06,35.0
16.3109999999981,10.969287549129772,2025-04-06,36.0
21.79200000000128,27.639215953487252,2025-04-06,37.0
3.2299999999995634,11.584679527954988,2025-04-06,38.0
12.067999999999302,14.88611754896759,2025-04-06,39.0
10.148000000001048,11.286841339835476,2025-04-07,1.0
8.751999999993131,23.773008144287893,2025-04-07,2.0
12.200000000004366,17.0710342857273,2025-04-07,3.0
35.58399999998801,34.846461156994664,2025-04-07,4.0
3.52800000000087,7.487824559541676,2025-04-07,5.0
22.639999999999414,33.05340804179653,2025-04-07,6.0
17.823999999993248,24.233669529067875,2025-04-07,7.0
24.460000000006403,21.873619511588522,2025-04-07,8.0
19.731999999996333,20.505323151471934,2025-04-07,9.0
16.6280000000067,20.626229080683437,2025-04-07,10.0
12.332000000002154,17.985901486814086,2025-04-07,11.0
4.680000000000291,8.498552604741707,2025-04-07,12.0
12.307999999997264,14.472487190562054,2025-04-07,13.0
26.687999999994645,24.820074624192596,2025-04-07,14.0
20.4280000000023,23.82092262006665,2025-04-07,15.0
35.2800000000011,29.21244718070158,2025-04-07,16.0
1.2900000000008731,6.125793224796761,2025-04-07,17.0
10.0,12.217598157254637,2025-04-07,18.0
7.09000000000011,11.307069725072802,2025-04-07,19.0
10.839999999996508,11.673814682358826,2025-04-07,20.0
22.62000000000262,25.758255717992892,2025-04-07,21.0
7.239999999997963,9.435698293929603,2025-04-07,22.0
24.61200000000099,16.282723175861104,2025-04-07,23.0
13.1199999999962,18.658231388296112,2025-04-07,24.0
21.94799999999668,13.738477990993704,2025-04-07,25.0
10.760000000002,13.182241991464334,2025-04-07,26.0
9.52000000000287,13.056688277594201,2025-04-07,27.0
7.52800000000087,10.24460030489624,2025-04-07,28.0
23.12000000000262,17.973317124879184,2025-04-07,29.0
20.788000000000466,10.96713827075652,2025-04-07,30.0
11.8000000000029,21.713268411170258,2025-04-07,31.0
31.0880000000025,28.656970317311323,2025-04-07,32.0
16.260000000002037,10.582104051130127,2025-04-07,33.0
16.20799999999872,13.803159718443471,2025-04-07,34.0
11.4599999999991,15.19824883317808,2025-04-07,35.0
9.79200000000128,9.888357979992758,2025-04-07,36.0
26.047999999995227,27.516426750404126,2025-04-07,37.0
18.67000000000189,11.308844573083974,2025-04-07,38.0
11.3919999999998,13.938033300113474,2025-04-07,39.0
5.90280000000227,10.9007435902067,2025-04-08,1.0
26.07200000000012,22.037563871027203,2025-04-08,2.0
11.9000000000011,17.556996005794232,2025-04-08,3.0
33.64800000000105,36.714455023389746,2025-04-08,4.0
3.268000000003667,8.179738965773028,2025-04-08,5.0
22.26000000000204,35.05915899897184,2025-04-08,6.0
18.528000000005704,23.822112224765682,2025-04-08,7.0
16.127999999996973,20.82618446740321,2025-04-08,8.0
16.80000000000291,20.30188753575424,2025-04-08,9.0
14.10399999999936,20.795328819735005,2025-04-08,10.0
13.495999999999183,18.371931709249502,2025-04-08,11.0
5.139999999999418,8.528456269606924,2025-04-08,12.0
18.731999999996333,15.93952909642194,2025-04-08,13.0
25.9120000000039,23.899514948499714,2025-04-08,14.0
13.391999999999824,25.613275916364405,2025-04-08,15.0
22.2800000000011,28.981263041428466,2025-04-08,16.0
1.2299999999995634,5.605802414724988,2025-04-08,17.0
13.788000000000466,13.436560279660624,2025-04-08,18.0
3.97000000000106,11.72968032907852,2025-04-08,19.0
12.309999999997672,12.828682703548349,2025-04-08,20.0
29.4109999999966,25.314530936209362,2025-04-08,21.0
7.271999999997206,8.170736257339993,2025-04-08,22.0
11.9880000000048,15.468642439604436,2025-04-08,23.0
16.052000000003318,17.036379572307027,2025-04-08,24.0
12.819999999999707,13.942313280999347,2025-04-08,25.0
13.8280000000038,13.779858667886703,2025-04-08,26.0
9.659999999996217,13.320562579766655,2025-04-08,27.0
10.9919999999984,11.158013227727473,2025-04-08,28.0
22.1099999999953,18.174940879740078,2025-04-08,29.0
0.0,10.437027152324612,2025-04-08,30.0
27.95999999999185,21.67364523225011,2025-04-08,31.0
41.336000000010245,28.023231141941125,2025-04-08,32.0
7.419999999998254,11.226126031510113,2025-04-08,33.0
10.260000000002,15.071617168644597,2025-04-08,34.0
12.608000000000176,16.701210078177304,2025-04-08,35.0
10.0,11.535922560528116,2025-04-08,36.0
25.528000000005704,27.222864772601,2025-04-08,37.0
9.599999999998545,10.284456290558149,2025-04-08,38.0
16.7280000000052,14.065461958331836,2025-04-08,39.0
17.647999999993772,10.909782478643072,2025-04-09,1.0
30.54399999999441,20.884248927379986,2025-04-09,2.0
26.971999999994296,16.336614505255547,2025-04-09,3.0
47.9428000000031,36.54347274322586,2025-04-09,4.0
9.18399999999383,7.684529078162559,2025-04-09,5.0
42.187999999994645,31.895472950548818,2025-04-09,6.0
26.97599999999511,24.203256436595897,2025-04-09,7.0
27.023999999997613,22.29498383963753,2025-04-09,8.0
11.7200000000012,20.34476291032767,2025-04-09,9.0
17.70799999999872,20.834082354809407,2025-04-09,10.0
20.959999999999127,17.92686715577772,2025-04-09,11.0
8.710000000002765,7.67227300502365,2025-04-09,12.0
18.812000000005355,16.08259403410588,2025-04-09,13.0
28.720000000001164,23.98872381229375,2025-04-09,14.0
37.52799999999843,26.222832126537757,2025-04-09,15.0
26.927999999999884,30.521880287914982,2025-04-09,16.0
6.790000000000873,5.745367910167646,2025-04-09,17.0
4.19199999999546,13.492566846255597,2025-04-09,18.0
9.37999999999738,10.99587848210817,2025-04-09,19.0
9.459999999999129,12.778457503777126,2025-04-09,20.0
23.17599999999948,24.911413899785618,2025-04-09,21.0
2.736000000004424,8.529175095844643,2025-04-09,22.0
21.799999999995634,16.1703931163057,2025-04-09,23.0
10.9800000000032,17.68247983749501,2025-04-09,24.0
14.419999999998254,15.235817581495768,2025-04-09,25.0
14.19999999999709,13.14605391079461,2025-04-09,26.0
14.972000000001572,13.059938365996132,2025-04-09,27.0
9.319999999999707,10.729419635196416,2025-04-09,28.0
22.652000000001863,19.99090328598931,2025-04-09,29.0
21.73200000000361,12.18604228777398,2025-04-09,30.0
31.9428000000031,21.513140930398524,2025-04-09,31.0
27.919999999998254,28.424772346993866,2025-04-09,32.0
19.360000000000586,12.46086215584585,2025-04-09,33.0
7.41099999999662,15.359634027998945,2025-04-09,34.0
17.61200000000099,16.665644327157818,2025-04-09,35.0
20.736000000004424,11.585847990612017,2025-04-09,36.0
28.687999999994645,27.55988159131637,2025-04-09,37.0
7.7280000000016,11.555190204453684,2025-04-09,38.0
10.4599999999991,13.676810659115802,2025-04-09,39.0
5.9120000000039,11.045517845910549,2025-04-10,1.0
11.416000000012,22.25338242453947,2025-04-10,2.0
11.2160000000003,17.586050147874385,2025-04-10,3.0
54.1359999999986,35.49319623030291,2025-04-10,4.0
3.89600000000064,6.661920867563744,2025-04-10,5.0
45.200000000004366,32.42207459733411,2025-04-10,6.0
29.888000000006286,22.800990162432186,2025-04-10,7.0
19.88799999999901,21.385221295012467,2025-04-10,8.0
22.455999999998312,20.426050147016735,2025-04-10,9.0
12.599999999998545,19.915128704860866,2025-04-10,10.0
18.080000000001743,16.533435153529126,2025-04-10,11.0
7.25000000000011,7.059919441422112,2025-04-10,12.0
12.319999999999707,16.51890175575892,2025-04-10,13.0
28.32800000000134,23.447672181505553,2025-04-10,14.0
18.872000000003027,23.358755193640686,2025-04-10,15.0
43.2800000000011,29.0513643862747,2025-04-10,16.0
1.9099999999998545,5.428351452962776,2025-04-10,17.0
7.272000000004482,13.596039433233704,2025-04-10,18.0
10.639999999999418,10.924303652835118,2025-04-10,19.0
9.35000000000582,12.675791413076409,2025-04-10,20.0
25.77200000000448,25.629390916488397,2025-04-10,21.0
2.639999999999418,8.387903092773627,2025-04-10,22.0
24.10800000000017,16.799203008134647,2025-04-10,23.0
21.5399999999936,17.12539514311187,2025-04-10,24.0
18.50800000000163,15.161623036057401,2025-04-10,25.0
9.099999999998545,12.430248323161901,2025-04-10,26.0
8.775999999998021,12.657440899474667,2025-04-10,27.0
17.068000000006577,10.24975578347546,2025-04-10,28.0
22.580000000001743,20.731977231556428,2025-04-10,29.0
10.0280000000009,6.828929659788037,2025-04-10,30.0
8.99199999999837,24.22039171330772,2025-04-10,31.0
36.23999999999069,30.813605426548182,2025-04-10,32.0
6.588000000003376,12.083412496381372,2025-04-10,33.0
24.927999999999884,15.444628304798348,2025-04-10,34.0
18.020000000004075,15.200325881676063,2025-04-10,35.0
9.839999999996508,11.491250537780797,2025-04-10,36.0
18.568000000013853,27.517851168584954,2025-04-10,37.0
10.459999999999129,11.232006943580856,2025-04-10,38.0
13.0,14.275165731477362,2025-04-10,39.0
5.360000000000582,11.410776679342998,2025-04-11,1.0
14.7439999999911,20.430849411200548,2025-04-11,2.0
11.9200000000055,17.053669763896057,2025-04-11,3.0
52.61600000000908,36.619099415782905,2025-04-11,4.0
8.4120000000039,7.190382534569718,2025-04-11,5.0
14.102000000001,33.12632822491354,2025-04-11,6.0
11.2879999999958,22.385375786410272,2025-04-11,7.0
28.96800000000076,21.391493463072905,2025-04-11,8.0
8.19999999999709,18.4981220571649,2025-04-11,9.0
21.70799999999872,19.371888933765188,2025-04-11,10.0
11.8919999999998,16.673032048578957,2025-04-11,11.0
8.049999999999272,7.321012454317236,2025-04-11,12.0
8.680000000000291,16.846150748628975,2025-04-11,13.0
28.351999999998952,23.368883103760602,2025-04-11,14.0
24.419999999998254,22.788617161135996,2025-04-11,15.0
23.102000000001,27.94851006134818,2025-04-11,16.0
1.2900000000008731,5.925254466511439,2025-04-11,17.0
5.695999999996275,11.554606659509178,2025-04-11,18.0
9.4900000000016,9.825274670185431,2025-04-11,19.0
11.3099999999977,11.940332482369003,2025-04-11,20.0
31.839999999996508,24.85694552191493,2025-04-11,21.0
1.6120000000009895,6.401622729888819,2025-04-11,22.0
13.9120000000039,17.077895129495012,2025-04-11,23.0
10.4800000000032,14.637390381242817,2025-04-11,24.0
20.10399999999936,13.890983776085882,2025-04-11,25.0
16.17199999999866,12.585929999847773,2025-04-11,26.0
9.81099999999808,12.760480497898651,2025-04-11,27.0
18.57999999999447,10.331846560028273,2025-04-11,28.0
20.75999999999476,20.113692784050595,2025-04-11,29.0
0.0,14.663710003556824,2025-04-11,30.0
35.36000000000058,25.414705366418914,2025-04-11,31.0
31.960000000006403,30.315366819124506,2025-04-11,32.0
24.223999999994703,12.700308386534372,2025-04-11,33.0
17.2500000000038,13.568218228419303,2025-04-11,34.0
10.5,15.07093112225956,2025-04-11,35.0
8.959999999999127,13.18781039575907,2025-04-11,36.0
22.16799999999057,26.22194249617708,2025-04-11,37.0
16.56999999999971,10.543749166050155,2025-04-11,38.0
12.580000000001746,12.627438750829553,2025-04-11,39.0
10.7079999999987,10.946667435796359,2025-04-12,1.0
17.83200000000943,20.595624233196414,2025-04-12,2.0
19.919999999998254,16.867381680423943,2025-04-12,3.0
37.36799999998766,38.78165138325571,2025-04-12,4.0
7.680000000000291,7.613694295481068,2025-04-12,5.0
39.52799999999843,35.335802119378,2025-04-12,6.0
21.39199999999255,23.99796393639234,2025-04-12,7.0
17.78399999999965,22.54155552699516,2025-04-12,8.0
31.49199999999837,20.331150946140745,2025-04-12,9.0
17.9028000000023,18.913446713163864,2025-04-12,10.0
12.860000000000582,17.784315934914318,2025-04-12,11.0
10.459999999999129,8.644312223013767,2025-04-12,12.0
24.09599999999773,17.25814403454745,2025-04-12,13.0
24.288000000000466,25.42142173008416,2025-04-12,14.0
25.919999999998254,23.03673913059674,2025-04-12,15.0
24.0,30.22827862637594,2025-04-12,16.0
9.2599999999984,6.062850876360783,2025-04-12,17.0
20.10399999999936,13.008571608938512,2025-04-12,18.0
13.180000000000293,11.484883122748244,2025-04-12,19.0
17.0199999999968,13.124548390501031,2025-04-12,20.0
23.4120000000039,25.777379640293997,2025-04-12,21.0
6.10999999999525,7.081053397158861,2025-04-12,22.0
26.39999999999418,18.914435781855747,2025-04-12,23.0
7.139999999999418,14.813903570610364,2025-04-12,24.0
12.488000000004831,14.810364110428967,2025-04-12,25.0
10.5280000000057,13.238185822550882,2025-04-12,26.0
16.0,13.356982381570539,2025-04-12,27.0
14.880000000004657,12.999576806909422,2025-04-12,28.0
20.68800000000192,22.416054213022253,2025-04-12,29.0
1.9599999999991269,12.507691670664618,2025-04-12,30.0
25.00800000000163,23.12410831865047,2025-04-12,31.0
29.55199999999604,32.08430264044181,2025-04-12,32.0
8.427999999999884,12.261514575799705,2025-04-12,33.0
12.291999999994005,16.249794084724204,2025-04-12,34.0
18.0199999999968,15.947249916204855,2025-04-12,35.0
8.092000000004191,12.993264208018669,2025-04-12,36.0
27.36800000000221,25.34918100338815,2025-04-12,37.0
9.169999999998254,11.662358368006814,2025-04-12,38.0
16.02799999999843,13.733331395959572,2025-04-12,39.0
5.239999999997963,9.155566741925401,2025-04-13,1.0
8.543999999994412,19.08935223071516,2025-04-13,2.0
16.4320000000007,16.16328698652363,2025-04-13,3.0
47.8628000000014,39.99259055424451,2025-04-13,4.0
7.41099999999662,7.2200068784822475,2025-04-13,5.0
45.5428000000017,29.72383022615431,2025-04-13,6.0
20.80000000000291,21.92905913286505,2025-04-13,7.0
25.728000000002798,23.26780967816252,2025-04-13,8.0
22.92000000000553,18.37507612395986,2025-04-13,9.0
25.4280000000023,19.028181698906753,2025-04-13,10.0
14.160000000003492,16.059944708280618,2025-04-13,11.0
9.479999999999563,7.469166330366831,2025-04-13,12.0
16.23200000000361,15.696601748422783,2025-04-13,13.0
27.5,24.7869401726254,2025-04-13,14.0
32.74799999999959,22.212280020625972,2025-04-13,15.0
39.1119999999946,29.314256007590473,2025-04-13,16.0
12.659999999999854,5.330365463237705,2025-04-13,17.0
11.8680000000022,11.130741115387194,2025-04-13,18.0
6.849999999998545,9.936954144486611,2025-04-13,19.0
10.160000000003492,12.532788205733894,2025-04-13,20.0
27.507999999994357,25.65043967391392,2025-04-13,21.0
1.0279999999984284,5.836233959049878,2025-04-13,22.0
19.952000000004773,18.025923228338474,2025-04-13,23.0
10.160000000003492,13.889394014193757,2025-04-13,24.0
11.9399999999951,15.971698273102325,2025-04-13,25.0
13.88799999999901,12.73912340555596,2025-04-13,26.0
8.97200000000117,12.73511855468623,2025-04-13,27.0
7.847999999998137,13.41947372092042,2025-04-13,28.0
19.951999999997497,22.291525162056626,2025-04-13,29.0
14.5879999999961,8.13389635696668,2025-04-13,30.0
27.9428000000031,23.846795512235328,2025-04-13,31.0
25.8228000000078,31.502058854522375,2025-04-13,32.0
7.532000000006519,13.042115758003185,2025-04-13,33.0
8.868000000002212,15.033937084170892,2025-04-13,34.0
7.80000000000291,14.925900099726386,2025-04-13,35.0
14.5879999999961,12.151803612420697,2025-04-13,36.0
36.19999999999709,23.442826800543465,2025-04-13,37.0
9.850000000002185,11.440906394247348,2025-04-13,38.0
13.0,13.756555121940897,2025-04-13,39.0
13.988000000004831,10.015511380662266,2025-04-14,1.0
23.80000000000291,19.417259447656743,2025-04-14,2.0
23.07999999999447,17.3336979375749,2025-04-14,3.0
38.2628000000101,39.93760248638852,2025-04-14,4.0
13.455999999998312,7.61882163676828,2025-04-14,5.0
38.23999999999796,30.96514005342185,2025-04-14,6.0
29.1828000000084,22.292101548478804,2025-04-14,7.0
11.9000000000011,22.102476744845998,2025-04-14,8.0
19.860000000000586,20.682100272771244,2025-04-14,9.0
24.14799999999377,18.222804683394433,2025-04-14,10.0
18.479999999995925,16.396904212274375,2025-04-14,11.0
10.6000000000022,7.977862069615835,2025-04-14,12.0
22.239999999997963,17.219276458350304,2025-04-14,13.0
28.69199999999546,25.596187886697116,2025-04-14,14.0
45.182800000001,23.529782548673563,2025-04-14,15.0
21.38799999999901,28.035919278903073,2025-04-14,16.0
1.4399999999986903,6.210252629664897,2025-04-14,17.0
12.459999999999129,11.488845353249857,2025-04-14,18.0
27.470000000001164,10.246483694251344,2025-04-14,19.0
11.6500000000011,12.493540559227746,2025-04-14,20.0
31.61200000000099,25.56784297095367,2025-04-14,21.0
3.812000000005355,6.587402700254167,2025-04-14,22.0
36.42799999999989,19.76950768638113,2025-04-14,23.0
19.007999999994357,13.264288622687882,2025-04-14,24.0
21.29200000000128,16.45944563677992,2025-04-14,25.0
3.71099999999953,12.53834185830489,2025-04-14,26.0
3.868000000002212,14.110847439059105,2025-04-14,27.0
18.2539999999973,13.201793886935162,2025-04-14,28.0
19.47200000000157,22.307356532676007,2025-04-14,29.0
19.639999999999414,12.254876183451593,2025-04-14,30.0
18.127999999996973,23.938219276334443,2025-04-14,31.0
31.231999999989057,32.697503272212266,2025-04-14,32.0
13.227999999995518,12.769823926832974,2025-04-14,33.0
23.2109999999995,15.697010777012792,2025-04-14,34.0
24.39999999999418,16.178728449243295,2025-04-14,35.0
8.252000000000407,12.130153467316278,2025-04-14,36.0
38.17600000000675,25.017352892205995,2025-04-14,37.0
16.739999999997963,11.365077539708587,2025-04-14,38.0
10.2539999999973,13.837457422800322,2025-04-14,39.0
4.91099999999662,9.07765373744824,2025-04-15,1.0
14.679999999993017,17.05639386257398,2025-04-15,2.0
28.10000000000582,16.847013866993212,2025-04-15,3.0
36.55199999999604,42.51844556423293,2025-04-15,4.0
10.272000000004482,7.71265770568977,2025-04-15,5.0
37.45599999999831,31.532420111220244,2025-04-15,6.0
20.239999999990687,21.332846147274388,2025-04-15,7.0
12.29200000000128,22.00576874814791,2025-04-15,8.0
19.752000000000407,19.652967125090324,2025-04-15,9.0
11.4520000000048,18.583319218853152,2025-04-15,10.0
21.70000000000437,15.65326773314326,2025-04-15,11.0
10.539999999997235,8.908231757198111,2025-04-15,12.0
16.720000000001164,16.509385413181747,2025-04-15,13.0
31.616000000001804,25.96781620116218,2025-04-15,14.0
23.307999999997264,24.332756499224274,2025-04-15,15.0
24.62000000000262,29.180559972558807,2025-04-15,16.0
1.02800000000087,6.773950289386421,2025-04-15,17.0
12.832000000002154,11.373526039389775,2025-04-15,18.0
8.180000000000291,9.437304427412279,2025-04-15,19.0
10.2599999999985,12.025860043122618,2025-04-15,20.0
28.2880000000031,26.18780880991297,2025-04-15,21.0
21.1256192960831,5.737949433383525,2025-04-15,22.0
22.299999999995634,19.74908001130231,2025-04-15,23.0
18.312000000005355,13.598652200984985,2025-04-15,24.0
19.268000000003667,15.481303032607219,2025-04-15,25.0
14.68800000000192,12.654156691705156,2025-04-15,26.0
4.012000000002445,12.821643423438172,2025-04-15,27.0
18.747999999999596,12.879504700152484,2025-04-15,28.0
21.76000000000204,21.73787039197183,2025-04-15,29.0
6.82800000000378,12.085583711820775,2025-04-15,30.0
19.736000000004424,23.58488340656791,2025-04-15,31.0
28.5028000000008,32.31212983920306,2025-04-15,32.0
16.2500000000038,12.376222330506515,2025-04-15,33.0
25.228000000002798,14.522419571378306,2025-04-15,34.0
10.0320000000065,13.912238507418442,2025-04-15,35.0
6.30800000000454,12.295381710256022,2025-04-15,36.0
16.5828000000026,26.406825847927667,2025-04-15,37.0
13.2500000000001,12.059271261795473,2025-04-15,38.0
9.108000000000176,13.833624935483579,2025-04-15,39.0
14.9000000000011,10.871286816468128,2025-04-16,1.0
33.4628000000072,21.12445750259447,2025-04-16,2.0
19.8109999999981,19.467360176946052,2025-04-16,3.0
30.75999999999476,43.225302073805054,2025-04-16,4.0
9.919999999998254,10.56464310545531,2025-04-16,5.0
32.46399999999994,34.2119334865072,2025-04-16,6.0
25.2280000000052,24.009872335019825,2025-04-16,7.0
13.1199999999962,21.847037319211132,2025-04-16,8.0
19.855999999999767,21.11263656164723,2025-04-16,9.0
31.4119999999974,20.78494722842075,2025-04-16,10.0
23.02799999999843,17.93451021237498,2025-04-16,11.0
9.010000000002035,9.912024202731418,2025-04-16,12.0
17.7109999999995,18.48707455118458,2025-04-16,13.0
30.9428000000031,27.202246628566026,2025-04-16,14.0
23.172000000005937,27.914088708147794,2025-04-16,15.0
36.47200000000157,28.398491554070407,2025-04-16,16.0
13.200000000000728,6.284004817214106,2025-04-16,17.0
19.127999999996973,12.03075287496816,2025-04-16,18.0
11.0299999999988,14.9542910029048,2025-04-16,19.0
6.28999999999622,12.792479357693164,2025-04-16,20.0
25.512000000002445,27.48993664238905,2025-04-16,21.0
8.459999999999127,7.027059924705397,2025-04-16,22.0
39.608000000000175,22.88902860131148,2025-04-16,23.0
17.69999999999709,15.680254795773267,2025-04-16,24.0
18.25199999999313,16.57467057182891,2025-04-16,25.0
10.703999999997905,11.956532874821944,2025-04-16,26.0
16.255999999993946,12.882312190914625,2025-04-16,27.0
24.46800000000076,14.92806574132394,2025-04-16,28.0
11.4680000000008,22.289280017694086,2025-04-16,29.0
6.41099999999662,18.171171086999493,2025-04-16,30.0
29.903999999994998,25.729955023848404,2025-04-16,31.0
22.21600000000035,32.72163217766795,2025-04-16,32.0
19.367999999994936,13.3735313497733,2025-04-16,33.0
7.027999999998428,16.626738083010135,2025-04-16,34.0
24.055999999996857,16.507136374761167,2025-04-16,35.0
11.4919999999984,12.496877409490937,2025-04-16,36.0
33.655999999988126,28.85816238227287,2025-04-16,37.0
20.700000000000728,12.726586668697678,2025-04-16,38.0
14.80000000000291,14.19365978355404,2025-04-16,39.0
17.419999999998254,11.767745388179167,2025-04-17,1.0
23.703999999997905,20.49476273676514,2025-04-17,2.0
14.4280000000023,22.35772723430083,2025-04-17,3.0
14.20799999999872,45.47588647263082,2025-04-17,4.0
14.631999999997788,10.377505277355178,2025-04-17,5.0
44.96800000000076,37.45215053289624,2025-04-17,6.0
16.551999999996042,23.96453814486645,2025-04-17,7.0
10.7360000000044,20.65355666121236,2025-04-17,8.0
25.5109999999952,21.361733826872232,2025-04-17,9.0
10.472000000001572,20.41156219676379,2025-04-17,10.0
19.031999999999243,19.06110833707295,2025-04-17,11.0
10.489999999998,10.743452333432037,2025-04-17,12.0
25.44799999999668,18.694764826311946,2025-04-17,13.0
21.735999999997148,28.182139690126856,2025-04-17,14.0
14.647999999993772,29.056769080048635,2025-04-17,15.0
28.8119999999989,30.05227809933036,2025-04-17,16.0
1.430000000000291,6.699923728788123,2025-04-17,17.0
10.1399999999994,12.606778304975562,2025-04-17,18.0
20.75,13.920944699594793,2025-04-17,19.0
9.49000000000524,12.582666213973772,2025-04-17,20.0
27.88799999999901,28.41117036635417,2025-04-17,21.0
10.720000000001164,9.739451711342355,2025-04-17,22.0
16.531999999999243,23.97044334196506,2025-04-17,23.0
20.87999999999738,16.40521302764488,2025-04-17,24.0
20.2580000000054,17.39581009088402,2025-04-17,25.0
13.167999999997846,13.078950975163444,2025-04-17,26.0
7.952000000004773,12.27919101507362,2025-04-17,27.0
6.572000000000116,16.027216998385697,2025-04-17,28.0
9.572000000000116,22.318307528473245,2025-04-17,29.0
2.292000000001281,13.658588440788513,2025-04-17,30.0
41.19999999999709,24.32102880036167,2025-04-17,31.0
23.04800000000978,32.00013911369843,2025-04-17,32.0
18.312000000005355,14.468121615267583,2025-04-17,33.0
22.959999999999127,19.177624233592233,2025-04-17,34.0
18.12000000000262,15.711455317701848,2025-04-17,35.0
13.148000000001048,12.212820718100021,2025-04-17,36.0
22.560000000012224,28.19848522717905,2025-04-17,37.0
10.290000000000871,13.334928748993017,2025-04-17,38.0
12.419999999998254,14.268665484669526,2025-04-17,39.0
5.631999999997788,9.262350176180693,2025-04-18,1.0
31.39999999999418,17.945875050004457,2025-04-18,2.0
14.439999999995052,19.274584298517848,2025-04-18,3.0
10.3828000000055,40.689468901345855,2025-04-18,4.0
7.468000000000757,9.01634767661048,2025-04-18,5.0
31.580000000001743,34.369653001044746,2025-04-18,6.0
23.680000000007567,21.72188604161595,2025-04-18,7.0
23.743999999998778,17.32435692467956,2025-04-18,8.0
16.0,20.535898608315122,2025-04-18,9.0
20.60800000000017,20.48771524111743,2025-04-18,10.0
18.047999999995227,17.38861923891465,2025-04-18,11.0
9.510000000002035,9.276100672398224,2025-04-18,12.0
23.81999999999971,16.769777083550544,2025-04-18,13.0
27.47200000000157,26.353767151294132,2025-04-18,14.0
23.00800000000163,26.740336975094415,2025-04-18,15.0
26.97200000000157,28.71774314452378,2025-04-18,16.0
1.1499999999978172,6.745670801586634,2025-04-18,17.0
6.188000000001921,12.822970058114196,2025-04-18,18.0
9.52800000000087,12.809814013645322,2025-04-18,19.0
8.519999999996799,10.918421456087746,2025-04-18,20.0
25.1999999999971,27.18569122590206,2025-04-18,21.0
23.2003851443076,7.316753984850882,2025-04-18,22.0
23.372000000003027,24.238680859167296,2025-04-18,23.0
31.81999999999971,15.28413238235921,2025-04-18,24.0
18.87999999999738,16.42653366070925,2025-04-18,25.0
20.00800000000163,10.56379472445878,2025-04-18,26.0
13.67199999999866,11.784315529139109,2025-04-18,27.0
5.788000000000466,16.19528573744479,2025-04-18,28.0
20.87999999999738,19.056984292183145,2025-04-18,29.0
3.72000000000106,10.35655082454399,2025-04-18,30.0
17.271999999997206,23.037245968140997,2025-04-18,31.0
25.0479999999952,28.64594908286295,2025-04-18,32.0
12.0280000000009,13.14611090679783,2025-04-18,33.0
18.192000000002736,16.816232613473648,2025-04-18,34.0
10.5199999999968,15.650305611194803,2025-04-18,35.0
8.543999999994412,10.030080195113142,2025-04-18,36.0
24.95999999999185,27.306256741364148,2025-04-18,37.0
9.139999999999418,13.475398736197928,2025-04-18,38.0
14.139999999999418,13.249953130504686,2025-04-18,39.0
6.0680000000065775,11.435105140235253,2025-04-19,1.0
10.8559999999998,19.885591703356074,2025-04-19,2.0
13.200000000004366,19.569471437462575,2025-04-19,3.0
10.20799999999872,35.72082138231355,2025-04-19,4.0
4.22800000000524,11.169710554967203,2025-04-19,5.0
31.87999999999738,35.43833608277532,2025-04-19,6.0
20.4119999999974,21.006828915276333,2025-04-19,7.0
22.77599999999802,16.328230846795147,2025-04-19,8.0
18.67199999999866,21.39771190464318,2025-04-19,9.0
24.79200000000128,19.873187751459657,2025-04-19,10.0
11.2280000000052,17.280337450689082,2025-04-19,11.0
10.2199999999975,10.185664967567295,2025-04-19,12.0
16.4800000000032,19.368760036102532,2025-04-19,13.0
22.832000000002157,26.76841143974725,2025-04-19,14.0
17.192000000002736,26.01786831139177,2025-04-19,15.0
13.027999999998428,27.363528617276916,2025-04-19,16.0
6.630000000001019,6.066295570700948,2025-04-19,17.0
12.29200000000128,12.997834995581016,2025-04-19,18.0
16.209999999999127,14.443847824046312,2025-04-19,19.0
12.62800000000425,11.254249374681569,2025-04-19,20.0
21.27200000000448,26.945648124353212,2025-04-19,21.0
21.8129390625977,9.236330962474566,2025-04-19,22.0
17.495999999999185,23.972805082448932,2025-04-19,23.0
20.27200000000448,15.631885734123022,2025-04-19,24.0
19.531999999999243,16.762361579303086,2025-04-19,25.0
3.131999999997788,11.951613933538823,2025-04-19,26.0
11.2800000000011,11.759885782583627,2025-04-19,27.0
7.14280000000023,15.531533307998762,2025-04-19,28.0
20.82800000000134,17.296842192343913,2025-04-19,29.0
0.8000000000029104,11.865148266177743,2025-04-19,30.0
32.20800000001327,26.85916123004182,2025-04-19,31.0
23.351999999998952,26.901474967094114,2025-04-19,32.0
10.5109999999952,14.36297852684597,2025-04-19,33.0
4.11999999999622,16.623612591819615,2025-04-19,34.0
12.8628000000014,16.01763378954063,2025-04-19,35.0
8.848000000005413,10.827822338967607,2025-04-19,36.0
20.639999999999414,27.90156780237904,2025-04-19,37.0
10.0699999999997,13.67569834885468,2025-04-19,38.0
13.4800000000032,13.552531758361475,2025-04-19,39.0
5.099999999998545,11.220709303249972,2025-04-20,1.0
9.423999999999069,22.316432373473383,2025-04-20,2.0
17.927999999999884,20.05167834932567,2025-04-20,3.0
9.10280000000664,29.92272833949628,2025-04-20,4.0
3.5720000000001164,11.09933575336124,2025-04-20,5.0
32.73200000000361,36.17134574695852,2025-04-20,6.0
26.67999999999301,22.787415588689786,2025-04-20,7.0
16.023999999997613,16.62416184714329,2025-04-20,8.0
11.3600000000006,21.9855183126949,2025-04-20,9.0
16.19199999999546,20.649293864184184,2025-04-20,10.0
12.29200000000128,18.432828665343465,2025-04-20,11.0
6.200000000000728,10.796242005217522,2025-04-20,12.0
10.9199999999983,21.289986666270117,2025-04-20,13.0
22.07999999999447,26.605257209241948,2025-04-20,14.0
10.591999999996917,26.383340833393632,2025-04-20,15.0
30.8228000000005,27.691475145272413,2025-04-20,16.0
1.7280000000016,6.39424209869645,2025-04-20,17.0
10.0109999999952,13.28610212849304,2025-04-20,18.0
20.61999999999898,14.276238490763966,2025-04-20,19.0
9.0,11.254291870117799,2025-04-20,20.0
13.77599999999802,26.92568724942227,2025-04-20,21.0
24.3254998682692,11.92970887389041,2025-04-20,22.0
23.720000000001164,25.207458155459992,2025-04-20,23.0
16.360000000000582,18.350317085120086,2025-04-20,24.0
17.720000000001164,17.11223902664135,2025-04-20,25.0
10.459999999999129,13.075356861819689,2025-04-20,26.0
8.9759999999951,12.841757545585189,2025-04-20,27.0
14.468000000000757,14.11127050521379,2025-04-20,28.0
20.4800000000032,17.939088444288096,2025-04-20,29.0
2.767999999996391,15.159032395987685,2025-04-20,30.0
19.871999999988475,25.35409314007262,2025-04-20,31.0
22.23200000000361,27.105017527522115,2025-04-20,32.0
16.0,13.772359359380786,2025-04-20,33.0
10.00800000000163,17.205973492415563,2025-04-20,34.0
25.37599999999657,16.057739937717432,2025-04-20,35.0
18.247999999999596,10.78508787101018,2025-04-20,36.0
18.5828000000026,27.894465368187447,2025-04-20,37.0
9.549999999999272,13.058564956905371,2025-04-20,38.0
9.680000000000293,13.880478286356976,2025-04-20,39.0
11.4799999999959,10.524038867599318,2025-04-21,1.0
9.592000000004193,21.32531976056378,2025-04-21,2.0
20.18000000000029,18.84684108188123,2025-04-21,3.0
8.927999999999884,26.490437826374585,2025-04-21,4.0
12.455999999998312,10.496917886705535,2025-04-21,5.0
16.959999999999127,36.36727571087044,2025-04-21,6.0
27.9828000000103,22.78601944550001,2025-04-21,7.0
11.4560000000055,16.94620429407311,2025-04-21,8.0
20.256000000001222,20.821867730813953,2025-04-21,9.0
20.68800000000192,21.456368898052933,2025-04-21,10.0
12.0199999999968,18.48171458842673,2025-04-21,11.0
5.25000000000011,10.762233405195412,2025-04-21,12.0
10.239999999998,19.792039375711006,2025-04-21,13.0
22.68000000000029,26.46380697300487,2025-04-21,14.0
21.148000000001048,24.471308843414644,2025-04-21,15.0
33.5480000000025,26.586284108972965,2025-04-21,16.0
6.25999999999854,6.501357321532219,2025-04-21,17.0
16.908000000003085,12.83497158029405,2025-04-21,18.0
13.2800000000011,14.735337495418888,2025-04-21,19.0
17.359999999993306,10.819051525027866,2025-04-21,20.0
32.0,26.62105476360268,2025-04-21,21.0
12.047999999995229,14.368621224313747,2025-04-21,22.0
23.891999999999825,24.308141737199236,2025-04-21,23.0
16.055999999996857,20.001253702016648,2025-04-21,24.0
11.7200000000012,17.663698050143108,2025-04-21,25.0
12.632000000005064,10.93444987491845,2025-04-21,26.0
8.60000000000582,11.86712501093971,2025-04-21,27.0
11.2579999999981,13.155901323740707,2025-04-21,28.0
24.17199999999866,17.933001145131126,2025-04-21,29.0
2.8879999999990105,10.34541076701411,2025-04-21,30.0
14.9360000000011,26.771713619341643,2025-04-21,31.0
29.239999999990687,26.784245763128414,2025-04-21,32.0
9.919999999998254,13.755361958833882,2025-04-21,33.0
11.663999999997,16.381991310359073,2025-04-21,34.0
10.2109999999995,15.434773028063793,2025-04-21,35.0
10.731999999996331,10.893376800471437,2025-04-21,36.0
32.87200000000303,27.172242577646905,2025-04-21,37.0
9.92800000000233,12.960161802368429,2025-04-21,38.0
12.131999999997788,13.874390987200014,2025-04-21,39.0
6.25000000000378,10.192282983555003,2025-04-22,1.0
28.01600000000326,20.807017512199707,2025-04-22,2.0
17.939999999995052,19.58370573092846,2025-04-22,3.0
9.831999999994878,20.857513528954524,2025-04-22,4.0
13.19199999999546,9.491116514804057,2025-04-22,5.0
27.0280000000009,33.58222187563039,2025-04-22,6.0
26.5028000000008,23.049258050567627,2025-04-22,7.0
22.75199999999313,15.97867447413338,2025-04-22,8.0
19.6228000000025,19.593413215328304,2025-04-22,9.0
13.959999999999129,19.755529450514185,2025-04-22,10.0
18.031999999999243,17.97833545985451,2025-04-22,11.0
8.459999999999127,9.839516196298016,2025-04-22,12.0
6.908000000003085,19.1525273941281,2025-04-22,13.0
23.8119999999989,25.20131096745144,2025-04-22,14.0
19.0,21.179260969322783,2025-04-22,15.0
21.10800000000017,25.643369555071416,2025-04-22,16.0
1.92800000000233,5.253030108833844,2025-04-22,17.0
10.0919999999969,12.254187156697157,2025-04-22,18.0
10.389999999999418,16.06306602833493,2025-04-22,19.0
9.992000000005646,10.286012694495113,2025-04-22,20.0
21.77199999999721,24.268883450996807,2025-04-22,21.0
11.182800000001,16.987375163652594,2025-04-22,22.0
20.2109999999995,23.900817972173527,2025-04-22,23.0
14.17199999999866,20.6955800574258,2025-04-22,24.0
11.7279999999955,18.540660766157632,2025-04-22,25.0
6.919999999998254,10.762185203972889,2025-04-22,26.0
9.572000000000116,11.767719097805745,2025-04-22,27.0
7.42800000000233,13.952353470382473,2025-04-22,28.0
21.46800000000076,17.7126184869018,2025-04-22,29.0
5.54280000000169,8.62000607963012,2025-04-22,30.0
19.89600000000792,25.197483363252925,2025-04-22,31.0
30.9120000000101,25.811125897925315,2025-04-22,32.0
14.13600000000588,14.460548163717947,2025-04-22,33.0
10.8280000000013,16.15649385019511,2025-04-22,34.0
19.747999999999596,17.29928983120905,2025-04-22,35.0
10.531999999999243,11.321035165613209,2025-04-22,36.0
25.59999999999127,24.630972364658398,2025-04-22,37.0
8.0099999999984,12.758850829744162,2025-04-22,38.0
12.167999999997846,12.755441661690687,2025-04-22,39.0
12.731999999996331,10.732435055733522,2025-04-23,1.0
26.9360000000011,19.52489818316595,2025-04-23,2.0
18.18000000000029,18.73129859305462,2025-04-23,3.0
10.8080000000045,17.208428717702816,2025-04-23,4.0
13.1120000000018,10.08953244507242,2025-04-23,5.0
48.807999999997264,31.189624862864026,2025-04-23,6.0
22.8959999999925,23.597001443155758,2025-04-23,7.0
11.6720000000059,16.25510398886827,2025-04-23,8.0
11.9479999999967,20.01037899673462,2025-04-23,9.0
28.0280000000009,20.090536706361636,2025-04-23,10.0
19.288000000000466,17.584609926066438,2025-04-23,11.0
5.710000000002765,9.333553243802873,2025-04-23,12.0
10.2719999999972,17.754114799801936,2025-04-23,13.0
26.332000000002157,24.410639283653516,2025-04-23,14.0
20.9800000000032,19.140001642852777,2025-04-23,15.0
25.851999999999,27.891671517241292,2025-04-23,16.0
6.639999999999418,6.57988330819234,2025-04-23,17.0
13.12000000000262,13.501706697385268,2025-04-23,18.0
17.69000000000233,14.791384351924451,2025-04-23,19.0
13.527999999998428,11.681781252541294,2025-04-23,20.0
25.652000000001863,24.911592640960787,2025-04-23,21.0
1.1880000000019209,17.453465271670833,2025-04-23,22.0
21.01600000000326,23.060314286550344,2025-04-23,23.0
5.868000000002212,20.69902511662289,2025-04-23,24.0
10.42000000000553,17.324074608357204,2025-04-23,25.0
14.868000000002212,12.438495201357812,2025-04-23,26.0
18.719999999993888,15.23292906452382,2025-04-23,27.0
9.11200000000186,13.453814548280292,2025-04-23,28.0
27.1099999999953,18.685542921256996,2025-04-23,29.0
5.855999999999767,9.685436685782054,2025-04-23,30.0
33.512000000002445,25.083793365247537,2025-04-23,31.0
29.648000000001048,26.448078182828286,2025-04-23,32.0
17.479999999995925,14.18046549133984,2025-04-23,33.0
10.880000000004657,15.331360374141807,2025-04-23,34.0
13.61200000000099,15.908327196262528,2025-04-23,35.0
17.256000000001222,11.600891196001745,2025-04-23,36.0
27.2628000000101,24.899614094630138,2025-04-23,37.0
12.56000000000131,12.329193025377787,2025-04-23,38.0
13.099999999998545,13.5989100098488,2025-04-23,39.0
7.616000000001804,11.865223182612697,2025-04-24,1.0
10.2960000000021,22.913009575248235,2025-04-24,2.0
21.49200000000565,19.164565189751904,2025-04-24,3.0
32.02399999999034,15.584042547033116,2025-04-24,4.0
4.128000000004249,10.73817734418568,2025-04-24,5.0
17.99199999999837,30.84690758245822,2025-04-24,6.0
22.09600000000501,24.614967268385506,2025-04-24,7.0
27.29599999999482,17.266863535070563,2025-04-24,8.0
18.0280000000009,20.453608783017707,2025-04-24,9.0
13.88799999999901,19.465167363451435,2025-04-24,10.0
11.3199999999997,17.934549144002037,2025-04-24,11.0
10.7599999999984,9.634151589205569,2025-04-24,12.0
32.5,16.93242832161503,2025-04-24,13.0
24.4800000000032,24.244286117893804,2025-04-24,14.0
30.0879999999961,18.388132219042188,2025-04-24,15.0
21.70799999999872,27.069869359067145,2025-04-24,16.0
4.529999999998836,5.90141933789756,2025-04-24,17.0
10.968000000000757,12.829013127520058,2025-04-24,18.0
10.2599999999984,15.009438969885007,2025-04-24,19.0
6.99199999999837,11.586931979671993,2025-04-24,20.0
26.89600000000064,23.996764107271506,2025-04-24,21.0
23.8903057105532,16.445437182350588,2025-04-24,22.0
23.223999999994703,22.9022432118115,2025-04-24,23.0
14.559999999997672,20.46408298124172,2025-04-24,24.0
18.451999999997497,16.781025525284118,2025-04-24,25.0
13.38799999999901,11.343690813102866,2025-04-24,26.0
7.12800000000669,13.352549139610296,2025-04-24,27.0
17.3109999999981,11.780969709004028,2025-04-24,28.0
19.560000000004948,19.284158874799136,2025-04-24,29.0
19.87999999999738,8.074031061015893,2025-04-24,30.0
25.42399999999907,25.299565855999614,2025-04-24,31.0
33.03199999999197,27.109403835769225,2025-04-24,32.0
10.360000000000582,14.29486308860589,2025-04-24,33.0
11.8919999999998,14.077560751280545,2025-04-24,34.0
14.42000000000553,17.08156278680952,2025-04-24,35.0
17.703999999997905,12.357468668814182,2025-04-24,36.0
11.8119999999916,25.970425591409654,2025-04-24,37.0
10.849999999998545,11.653174513125071,2025-04-24,38.0
12.62000000000262,14.502929317223865,2025-04-24,39.0
17.42399999999907,10.204178781222806,2025-04-25,1.0
19.00799999998708,20.533467931945943,2025-04-25,2.0
16.947999999996682,17.143410222254595,2025-04-25,3.0
8.38280000000547,11.850594523469862,2025-04-25,4.0
1.8879999999990105,10.680664828176097,2025-04-25,5.0
16.57600000000093,31.42636953173656,2025-04-25,6.0
24.231999999989057,23.400625991286883,2025-04-25,7.0
28.78399999999965,16.679819504964268,2025-04-25,8.0
23.012000000002445,18.00369411755474,2025-04-25,9.0
14.972000000001572,19.789668217123502,2025-04-25,10.0
12.2800000000011,16.625013976008674,2025-04-25,11.0
12.1199999999999,8.911537552011854,2025-04-25,12.0
11.7079999999987,15.020084673191743,2025-04-25,13.0
27.70799999999872,22.89542386699755,2025-04-25,14.0
17.67199999999866,17.760780982487134,2025-04-25,15.0
20.703999999997905,24.5810804294096,2025-04-25,16.0
4.259999999998399,6.253833352797124,2025-04-25,17.0
12.648000000001048,11.578747298455866,2025-04-25,18.0
11.109999999999,15.180834308559007,2025-04-25,19.0
16.779999999998836,12.241166920982922,2025-04-25,20.0
33.799999999995634,23.090809154284074,2025-04-25,21.0
8.680000000000291,14.014158189394749,2025-04-25,22.0
32.096000000005006,20.211308943593355,2025-04-25,23.0
9.552000000003318,17.609509259089265,2025-04-25,24.0
17.627999999996973,15.305198175130135,2025-04-25,25.0
14.439999999995052,11.802341021297703,2025-04-25,26.0
8.96799999999258,14.20951668410785,2025-04-25,27.0
19.847999999998137,9.362969427236846,2025-04-25,28.0
24.0280000000009,20.65513956652696,2025-04-25,29.0
5.872000000003027,11.962037156027128,2025-04-25,30.0
13.38399999999092,24.534837418535034,2025-04-25,31.0
30.335999999995693,27.405023521739555,2025-04-25,32.0
11.351999999999,13.681754598372644,2025-04-25,33.0
17.719999999993888,13.528160139769815,2025-04-25,34.0
20.60800000000017,15.884853745827629,2025-04-25,35.0
10.200000000004366,13.05756739342498,2025-04-25,36.0
22.61600000000908,24.979749488749665,2025-04-25,37.0
9.229999999999563,10.366642111657011,2025-04-25,38.0
13.919999999998254,13.59619986495984,2025-04-25,39.0
6.30800000000454,8.955518110032761,2025-04-26,1.0
29.9360000000011,17.765340925467193,2025-04-26,2.0
16.61200000000099,18.072677151681674,2025-04-26,3.0
16.679999999993015,14.372099331252398,2025-04-26,4.0
13.559999999997672,9.22496291970274,2025-04-26,5.0
42.55200000000332,28.224986829464793,2025-04-26,6.0
18.0560000000104,24.101572119968207,2025-04-26,7.0
17.0280000000009,18.857238206180632,2025-04-26,8.0
25.6559999999954,17.173187770073568,2025-04-26,9.0
18.0,19.61944375168896,2025-04-26,10.0
14.487999999997555,14.915463216902506,2025-04-26,11.0
10.5900000000001,9.16191236903329,2025-04-26,12.0
7.680000000000291,16.473571254229316,2025-04-26,13.0
21.451999999997497,23.26403215478135,2025-04-26,14.0
20.102000000001,19.82274827070444,2025-04-26,15.0
25.70799999999872,24.391687865424974,2025-04-26,16.0
5.380000000001019,6.042215659886281,2025-04-26,17.0
16.599999999998545,12.158156872986005,2025-04-26,18.0
17.5,14.07131870632076,2025-04-26,19.0
14.060000000004948,11.339725800842071,2025-04-26,20.0
27.2628000000029,23.537477945512986,2025-04-26,21.0
3.9199999999982538,16.41522230066611,2025-04-26,22.0
26.943999999995867,21.119870999501156,2025-04-26,23.0
22.76799999999639,16.909692134649465,2025-04-26,24.0
11.7480000000069,14.79548671519713,2025-04-26,25.0
14.79200000000128,11.695850149500023,2025-04-26,26.0
17.160000000003492,12.790927204597047,2025-04-26,27.0
10.32800000000134,11.287954597500313,2025-04-26,28.0
22.959999999999127,21.71802558132387,2025-04-26,29.0
8.680000000000291,12.122147720427662,2025-04-26,30.0
24.5028000000008,23.275369137508694,2025-04-26,31.0
25.1028000000066,28.898828491812555,2025-04-26,32.0
7.351999999998952,12.349735214541058,2025-04-26,33.0
10.6880000000019,11.916960004280893,2025-04-26,34.0
17.359999999993306,14.82347267059423,2025-04-26,35.0
10.2879999999958,12.960636736485958,2025-04-26,36.0
24.463999999992662,23.24705373568205,2025-04-26,37.0
10.1280000000031,10.57037480941612,2025-04-26,38.0
13.1120000000018,13.54549464363557,2025-04-26,39.0
6.971999999994296,10.925374431286365,2025-04-27,1.0
14.336000000010245,17.809291736021873,2025-04-27,2.0
12.648000000001048,18.817759143978638,2025-04-27,3.0
7.960000000006403,13.979748668196727,2025-04-27,4.0
6.83200000000211,8.584981103535512,2025-04-27,5.0
41.61999999999534,26.726795287766603,2025-04-27,6.0
25.2539999999973,24.68353897775782,2025-04-27,7.0
28.09600000000501,20.332544815680418,2025-04-27,8.0
11.3320000000022,18.58199615204195,2025-04-27,9.0
24.788000000000466,19.900479100733396,2025-04-27,10.0
14.5028000000008,15.46997980490322,2025-04-27,11.0
10.6399999999994,10.135407037683759,2025-04-27,12.0
16.31999999999971,15.47062497563451,2025-04-27,13.0
18.891999999999825,24.07733675423891,2025-04-27,14.0
23.919999999998254,19.665277480956814,2025-04-27,15.0
33.92000000000553,23.85750945486117,2025-04-27,16.0
7.11999999999985,6.485231908974136,2025-04-27,17.0
12.131999999997788,13.702528563629038,2025-04-27,18.0
16.1199999999999,14.897794035961548,2025-04-27,19.0
10.9279999999999,13.64692777902503,2025-04-27,20.0
26.667999999997846,25.480276501145887,2025-04-27,21.0
4.868000000002212,15.040594401163847,2025-04-27,22.0
25.1200000000026,22.73394212634735,2025-04-27,23.0
20.6628000000043,15.058060957818817,2025-04-27,24.0
19.67199999999866,15.200062116481304,2025-04-27,25.0
14.279999999998836,11.852600652256392,2025-04-27,26.0
9.591999999996917,13.176064866970549,2025-04-27,27.0
14.360000000000582,13.810503390178246,2025-04-27,28.0
25.77999999999884,22.595093761449977,2025-04-27,29.0
5.5679999999993015,14.028730465101098,2025-04-27,30.0
24.07200000000012,22.32144556649668,2025-04-27,31.0
26.60000000000582,29.56678072345302,2025-04-27,32.0
17.2580000000054,13.268449451216304,2025-04-27,33.0
18.5,12.8834284506886,2025-04-27,34.0
24.2280000000052,16.913692521586366,2025-04-27,35.0
16.220000000001164,13.521655410042296,2025-04-27,36.0
19.7428000000061,23.365371373198347,2025-04-27,37.0
4.279999999998836,11.096295226697437,2025-04-27,38.0
14.608000000000176,14.136975905440684,2025-04-27,39.0
7.988000000004831,8.359250960546227,2025-04-28,1.0
18.047999999995227,18.008745819049057,2025-04-28,2.0
11.4719999999943,16.69332775426437,2025-04-28,3.0
8.52000000000287,12.748195255745696,2025-04-28,4.0
19.860000000000586,8.125758132846688,2025-04-28,5.0
45.63999999999942,26.10290634832107,2025-04-28,6.0
18.127999999996973,21.52767702142553,2025-04-28,7.0
25.69199999999546,16.98142609835081,2025-04-28,8.0
24.86800000000221,17.079399166302533,2025-04-28,9.0
18.692000000002736,16.536849362743002,2025-04-28,10.0
18.31999999999971,13.274708888349958,2025-04-28,11.0
12.06000000000131,7.3349467396080845,2025-04-28,12.0
9.9120000000039,11.499651352531462,2025-04-28,13.0
24.847999999998137,20.9470822549038,2025-04-28,14.0
18.2880000000031,18.011380979173087,2025-04-28,15.0
19.57999999999447,22.825779481787247,2025-04-28,16.0
2.0,4.149543230595683,2025-04-28,17.0
9.02000000000287,11.289617883923318,2025-04-28,18.0
8.02800000000087,12.44807672983487,2025-04-28,19.0
10.102000000001,11.250347538907882,2025-04-28,20.0
27.42000000000553,23.563736553731605,2025-04-28,21.0
7.383999999998196,10.363973335543097,2025-04-28,22.0
30.22799999999552,21.45037944440406,2025-04-28,23.0
9.307999999997264,13.114932083823735,2025-04-28,24.0
17.32800000000134,12.100754665058586,2025-04-28,25.0
16.0,10.795700888820479,2025-04-28,26.0
10.4800000000032,11.464803517270067,2025-04-28,27.0
12.731999999996331,10.986235232245583,2025-04-28,28.0
30.5280000000009,20.263264163056483,2025-04-28,29.0
2.680000000000291,12.561105421411037,2025-04-28,30.0
22.59200000000419,20.118048843322736,2025-04-28,31.0
28.2879999999958,27.308416987735985,2025-04-28,32.0
8.69199999999546,10.487831047041647,2025-04-28,33.0
10.8919999999998,11.018441639634144,2025-04-28,34.0
27.943999999995867,15.182444168607573,2025-04-28,35.0
10.788000000000466,11.633044995511256,2025-04-28,36.0
16.39999999999418,22.000947021898806,2025-04-28,37.0
12.68999999999869,8.51402848571748,2025-04-28,38.0
10.552000000003318,11.744600444813779,2025-04-28,39.0
13.331999999994878,10.435230315266407,2025-04-29,1.0
14.3028000000037,20.057663471726233,2025-04-29,2.0
19.82800000000134,18.200486206889593,2025-04-29,3.0
9.7439999999911,13.844980002945741,2025-04-29,4.0
1.639999999999418,9.87284762315284,2025-04-29,5.0
55.85200000000623,29.741717676261878,2025-04-29,6.0
29.37600000000384,23.58890037481949,2025-04-29,7.0
17.5,20.985272091114375,2025-04-29,8.0
21.391999999999825,18.805266007954533,2025-04-29,9.0
21.651999999994587,19.875618833473826,2025-04-29,10.0
19.247999999999596,15.350688243070138,2025-04-29,11.0
9.7599999999984,9.955521839481625,2025-04-29,12.0
18.7109999999995,14.794090663481477,2025-04-29,13.0
24.768000000003667,22.9443201362312,2025-04-29,14.0
21.12000000000262,21.836762197573496,2025-04-29,15.0
21.080000000001743,25.399606966500723,2025-04-29,16.0
4.909999999999855,6.393138946850875,2025-04-29,17.0
24.99199999999837,13.4147115590307,2025-04-29,18.0
10.770000000000437,14.404847921301625,2025-04-29,19.0
16.459999999999127,13.116278461598165,2025-04-29,20.0
31.739999999997963,27.43694112461274,2025-04-29,21.0
1.41199999999744,9.776457896040753,2025-04-29,22.0
23.5880000000025,24.042328675832408,2025-04-29,23.0
10.5319999999992,15.732432858608856,2025-04-29,24.0
18.77199999999721,14.248432049233045,2025-04-29,25.0
6.28800000000309,12.866802059098626,2025-04-29,26.0
16.959999999999127,13.635992906850156,2025-04-29,27.0
14.21200000000681,13.318519354300477,2025-04-29,28.0
29.77999999999884,23.296169014154998,2025-04-29,29.0
6.451999999997497,15.103816064664603,2025-04-29,30.0
28.75199999999313,22.400116954680307,2025-04-29,31.0
36.1120000000018,30.18315708244143,2025-04-29,32.0
17.468000000000757,12.896520761563911,2025-04-29,33.0
13.927999999999884,13.981924863045272,2025-04-29,34.0
21.0679999999993,17.051322827348425,2025-04-29,35.0
10.639999999999418,13.31235989497874,2025-04-29,36.0
20.703999999997905,23.349527323673186,2025-04-29,37.0
12.8280000000001,9.69154046734957,2025-04-29,38.0
14.20799999999872,13.785582434867106,2025-04-29,39.0
14.92000000000553,10.433682604396088,2025-04-30,1.0
14.19999999999709,21.837390784162018,2025-04-30,2.0
18.747999999999596,17.798298558742914,2025-04-30,3.0
13.512000000002445,14.337400980697833,2025-04-30,4.0
1.4919999999983702,12.0844718908814,2025-04-30,5.0
39.479999999995925,33.02045397015548,2025-04-30,6.0
17.296000000002095,23.179874301679295,2025-04-30,7.0
21.12000000000262,23.090287352413164,2025-04-30,8.0
16.951999999997497,20.538087283868443,2025-04-30,9.0
18.747999999999596,20.013803136353285,2025-04-30,10.0
21.9800000000032,16.777955683881945,2025-04-30,11.0
12.920000000001892,11.53673787468847,2025-04-30,12.0
14.695999999996276,14.907928697039273,2025-04-30,13.0
21.4280000000023,23.522321739849993,2025-04-30,14.0
23.739999999997963,21.656706425772846,2025-04-30,15.0
26.37999999999738,23.979699305847223,2025-04-30,16.0
10.200000000000728,5.924684878754677,2025-04-30,17.0
23.747999999999596,12.966804201094673,2025-04-30,18.0
18.090000000000146,13.657886300200355,2025-04-30,19.0
14.739999999997965,12.829833253040567,2025-04-30,20.0
30.479999999995925,27.44690988747506,2025-04-30,21.0
10.8800000000047,9.936165875809786,2025-04-30,22.0
29.839999999996508,25.113493856609114,2025-04-30,23.0
20.536000000000055,15.295400767581059,2025-04-30,24.0
10.7880000000005,15.281395704486249,2025-04-30,25.0
14.692000000002736,13.475665346735534,2025-04-30,26.0
11.0800000000017,14.176073570874564,2025-04-30,27.0
10.3999999999942,13.755589745659833,2025-04-30,28.0
32.03199999999924,24.837623296781494,2025-04-30,29.0
0.3000000000029104,13.232005104872023,2025-04-30,30.0
27.2280000000052,23.89196996426598,2025-04-30,31.0
30.59199999998964,30.47756520772147,2025-04-30,32.0
9.588000000003376,13.000880793121183,2025-04-30,33.0
10.1120000000018,14.335072139478607,2025-04-30,34.0
25.66800000000512,19.521879267336594,2025-04-30,35.0
18.2628000000029,13.625944922769005,2025-04-30,36.0
17.888000000006286,22.235502443393795,2025-04-30,37.0
13.5,10.96376630335445,2025-04-30,38.0
11.7599999999948,14.074236515998836,2025-04-30,39.0
10.1080000000002,13.660891501895167,2025-05-01,1.0
28.5828000000026,22.296150748393465,2025-05-01,2.0
18.891999999999825,19.669915625100643,2025-05-01,3.0
10.81600000000617,16.339812193678267,2025-05-01,4.0
1.28000000000146,9.972259248833454,2025-05-01,5.0
55.42799999999989,37.375888380593025,2025-05-01,6.0
35.471999999994296,24.461311328770012,2025-05-01,7.0
22.299999999995634,23.020228924260415,2025-05-01,8.0
21.055999999996857,21.55220738022014,2025-05-01,9.0
17.268000000003667,21.263993384619194,2025-05-01,10.0
18.70799999999872,18.426463244612968,2025-05-01,11.0
12.029999999998836,11.789763572050672,2025-05-01,12.0
10.972000000001572,17.1975542868052,2025-05-01,13.0
23.86399999999412,24.303135721537487,2025-05-01,14.0
14.17199999999866,22.69905108049497,2025-05-01,15.0
11.6280000000042,24.865211697688668,2025-05-01,16.0
4.81000000000131,7.358817183405744,2025-05-01,17.0
9.82800000000125,15.833707429665251,2025-05-01,18.0
20.57999999999811,14.540453457159453,2025-05-01,19.0
9.10200000000099,14.266606010568603,2025-05-01,20.0
37.28000000000611,29.085487618174195,2025-05-01,21.0
5.391999999999825,9.31031757030445,2025-05-01,22.0
36.7828000000069,26.704931206607586,2025-05-01,23.0
20.49200000000565,15.335703523493981,2025-05-01,24.0
9.479999999995924,16.900649308639643,2025-05-01,25.0
8.987999999997555,13.751453193304236,2025-05-01,26.0
11.7999999999956,15.26345681390091,2025-05-01,27.0
10.968000000000757,15.290480686249014,2025-05-01,28.0
19.0,26.334131174621174,2025-05-01,29.0
9.31099999999808,13.966992267621755,2025-05-01,30.0
20.0399999999936,25.789113012184266,2025-05-01,31.0
28.0228000000049,32.15103533308366,2025-05-01,32.0
10.2639999999956,13.775620332000466,2025-05-01,33.0
20.36800000000221,15.605045881028408,2025-05-01,34.0
43.8228000000005,20.26036765856326,2025-05-01,35.0
24.135999999998603,14.075615396424682,2025-05-01,36.0
27.27999999999884,22.47514096452424,2025-05-01,37.0
10.529999999998836,12.293856105186741,2025-05-01,38.0
12.8280000000038,15.16685210498783,2025-05-01,39.0
13.932000000000698,12.115930529715063,2025-05-02,1.0
18.103999999992084,18.26305563153164,2025-05-02,2.0
17.4120000000039,18.01493040977458,2025-05-02,3.0
9.19199999999546,15.373917606911839,2025-05-02,4.0
1.28000000000146,8.37736467649453,2025-05-02,5.0
44.13999999999942,35.92202064368136,2025-05-02,6.0
30.135999999998603,22.86671134296693,2025-05-02,7.0
21.4280000000023,23.128226274438635,2025-05-02,8.0
11.8520000000062,21.19766095061737,2025-05-02,9.0
21.023999999997613,20.008085226393217,2025-05-02,10.0
23.063999999998487,17.551029908954565,2025-05-02,11.0
12.670000000001892,12.446543847289883,2025-05-02,12.0
17.639999999999418,16.879637128618473,2025-05-02,13.0
26.5880000000025,23.38721462179031,2025-05-02,14.0
26.09599999999773,21.91909644246074,2025-05-02,15.0
4.572000000000116,23.864120912737395,2025-05-02,16.0
4.459999999999127,7.1961872194237,2025-05-02,17.0
10.760000000002035,16.649285202207917,2025-05-02,18.0
17.7300000000032,13.941120967139339,2025-05-02,19.0
14.97599999999511,13.757679375027356,2025-05-02,20.0
26.959999999999127,29.000846431772587,2025-05-02,21.0
9.79200000000128,9.948948808161816,2025-05-02,22.0
25.335999999995693,26.740374421874506,2025-05-02,23.0
37.5,16.619995649434397,2025-05-02,24.0
19.07200000000012,16.447194274970723,2025-05-02,25.0
14.7109999999995,13.485768187177657,2025-05-02,26.0
11.0600000000049,16.461631673778133,2025-05-02,27.0
10.5279999999984,14.694542836083956,2025-05-02,28.0
28.720000000001164,26.18624846731374,2025-05-02,29.0
0.9879999999975552,8.708678764735772,2025-05-02,30.0
35.99200000001292,23.924894026476938,2025-05-02,31.0
25.7520000000077,30.684892640835137,2025-05-02,32.0
14.88799999999901,12.431654867289504,2025-05-02,33.0
17.299999999995634,14.279785407120055,2025-05-02,34.0
32.6559999999954,22.014729124261994,2025-05-02,35.0
18.959999999999127,13.824725729446293,2025-05-02,36.0
25.1759999999922,20.795090726861865,2025-05-02,37.0
13.38000000000102,11.727205270395885,2025-05-02,38.0
11.9680000000008,14.250184207003434,2025-05-02,39.0
8.687999999994645,11.285647688238692,2025-05-03,1.0
27.872000000003027,19.880034219256597,2025-05-03,2.0
10.6800000000003,17.250248087835953,2025-05-03,3.0
9.679999999993017,11.86950485538933,2025-05-03,4.0
3.227999999995518,7.877348684926114,2025-05-03,5.0
24.648000000001048,39.88948733927433,2025-05-03,6.0
28.7109999999995,23.53802834085395,2025-05-03,7.0
26.97200000000157,21.81724173532681,2025-05-03,8.0
20.17199999999866,21.005726018361628,2025-05-03,9.0
28.599999999998545,19.569429600138125,2025-05-03,10.0
13.80000000000291,17.412541739913042,2025-05-03,11.0
7.779999999998836,12.302522462623903,2025-05-03,12.0
7.747999999999592,13.730355562899947,2025-05-03,13.0
21.599999999998545,22.668672750741464,2025-05-03,14.0
19.982800000004,19.23811291894939,2025-05-03,15.0
32.2109999999995,22.29153360260579,2025-05-03,16.0
6.700000000000728,6.455885397516227,2025-05-03,17.0
13.223999999994705,15.291443843436294,2025-05-03,18.0
19.639999999999414,14.669945071084305,2025-05-03,19.0
12.9028000000023,12.93788528391245,2025-05-03,20.0
29.5199999999968,29.366082193343185,2025-05-03,21.0
1.5599999999976717,7.394827145010526,2025-05-03,22.0
21.131999999997788,27.56457656226291,2025-05-03,23.0
11.1099999999953,16.980333937502763,2025-05-03,24.0
16.7109999999995,14.407321497804821,2025-05-03,25.0
7.8399999999965075,12.494790703517117,2025-05-03,26.0
18.659999999996217,14.011212368126804,2025-05-03,27.0
11.7428000000061,13.166971477805834,2025-05-03,28.0
30.2579999999981,25.660535956828703,2025-05-03,29.0
10.5600000000049,10.663466927651019,2025-05-03,30.0
33.1359999999986,22.546973545797734,2025-05-03,31.0
28.9109999999966,28.9169985646167,2025-05-03,32.0
31.92000000000553,11.83109737749201,2025-05-03,33.0
9.5,14.813922678526058,2025-05-03,34.0
27.1428000000002,24.32042061781455,2025-05-03,35.0
11.182800000001,14.344658824692672,2025-05-03,36.0
30.12000000000989,21.660207582368553,2025-05-03,37.0
10.0900000000001,10.923841433415081,2025-05-03,38.0
10.8399999999965,13.637076361313126,2025-05-03,39.0
9.80800000000454,11.440275171745467,2025-05-04,1.0
18.5679999999993,19.719598024844956,2025-05-04,2.0
17.127999999996973,17.208399510400877,2025-05-04,3.0
9.368000000002212,11.713544320105598,2025-05-04,4.0
10.020000000004076,7.653465676294394,2025-05-04,5.0
38.4280000000023,42.75628933653753,2025-05-04,6.0
25.76799999999639,24.9390026675349,2025-05-04,7.0
21.70799999999872,21.47752389594972,2025-05-04,8.0
19.94799999999668,19.572998247126932,2025-05-04,9.0
22.33600000000297,20.402408938596515,2025-05-04,10.0
13.50800000000163,19.417627573175427,2025-05-04,11.0
12.029999999998836,12.265552069630866,2025-05-04,12.0
10.5428000000017,14.88177848800153,2025-05-04,13.0
20.02799999999843,22.464805479933336,2025-05-04,14.0
19.427999999999884,20.698540912369396,2025-05-04,15.0
23.76799999999639,19.817937471933416,2025-05-04,16.0
9.0099999999984,6.414036820081159,2025-05-04,17.0
30.768000000003667,14.760439645599376,2025-05-04,18.0
16.399999999997817,15.529796301261223,2025-05-04,19.0
10.7680000000037,13.035843864941002,2025-05-04,20.0
21.599999999998545,28.589589285277786,2025-05-04,21.0
13.639999999999418,7.479845130137595,2025-05-04,22.0
39.25200000000041,26.681370542938243,2025-05-04,23.0
10.7200000000012,20.288609889224276,2025-05-04,24.0
11.9600000000064,14.653970662137842,2025-05-04,25.0
20.00800000000163,12.676447408109576,2025-05-04,26.0
12.139999999999418,13.929684395608257,2025-05-04,27.0
10.187999999994643,12.222521972229723,2025-05-04,28.0
26.5,26.209981458560655,2025-05-04,29.0
3.9799999999959255,7.4339070231224404,2025-05-04,30.0
22.67999999999301,25.936041013683973,2025-05-04,31.0
31.239999999990687,28.028729560924035,2025-05-04,32.0
11.7109999999995,12.22535605994996,2025-05-04,33.0
17.59200000000419,14.781342698828297,2025-05-04,34.0
22.228000000002798,26.322669346348057,2025-05-04,35.0
11.9680000000008,15.738593070179268,2025-05-04,36.0
29.327999999994063,22.372482906908047,2025-05-04,37.0
10.369999999999,11.316903621525816,2025-05-04,38.0
18.891999999999825,13.595227783878055,2025-05-04,39.0
5.651999999994587,11.173596340486274,2025-05-05,1.0
20.2560000000085,19.890285850133232,2025-05-05,2.0
13.739999999997965,16.538592920420736,2025-05-05,3.0
9.487999999997555,10.839785034877213,2025-05-05,4.0
6.899999999994179,6.244597617254829,2025-05-05,5.0
49.72000000000117,41.57850234913086,2025-05-05,6.0
22.312000000005355,26.101608514331147,2025-05-05,7.0
22.080000000001743,22.532281049650116,2025-05-05,8.0
17.8280000000038,18.432297951794812,2025-05-05,9.0
18.851999999998952,21.506125013767807,2025-05-05,10.0
10.1080000000002,18.447190472452526,2025-05-05,11.0
7.25000000000011,11.097052366747125,2025-05-05,12.0
12.01600000000326,14.30923989520807,2025-05-05,13.0
24.652000000001863,22.502332498759472,2025-05-05,14.0
19.479999999995925,20.558359943280415,2025-05-05,15.0
25.9000000000011,20.510412709557237,2025-05-05,16.0
3.630000000001018,6.4407688762781,2025-05-05,17.0
18.247999999999596,14.707864476551848,2025-05-05,18.0
9.30000000000291,15.863822788758375,2025-05-05,19.0
11.1119999999946,13.084130558328157,2025-05-05,20.0
23.139999999999414,29.04286810097102,2025-05-05,21.0
12.89600000000064,6.471443130904089,2025-05-05,22.0
24.028000000005704,26.108127650972083,2025-05-05,23.0
25.1120000000018,19.195860401760267,2025-05-05,24.0
16.547999999995227,15.494156243149183,2025-05-05,25.0
17.73200000000361,11.69104169185187,2025-05-05,26.0
8.959999999999127,13.955048100387247,2025-05-05,27.0
8.42000000000553,12.498282567979253,2025-05-05,28.0
25.9280000000023,27.289869025975484,2025-05-05,29.0
12.200000000004366,8.169801521150058,2025-05-05,30.0
14.831999999994878,26.940974612824544,2025-05-05,31.0
27.648000000001048,29.144423990608548,2025-05-05,32.0
10.011999999996,15.34904279541145,2025-05-05,33.0
10.70799999999872,14.523779056127681,2025-05-05,34.0
22.87999999999738,28.1306677914398,2025-05-05,35.0
10.0800000000017,15.644347207420019,2025-05-05,36.0
21.21600000000035,22.877811530448014,2025-05-05,37.0
10.0800000000017,11.034006875511475,2025-05-05,38.0
12.372000000003029,13.419900735998109,2025-05-05,39.0
13.18800000000192,11.227860525084742,2025-05-06,1.0
13.295999999987544,20.47941043457794,2025-05-06,2.0
11.2500000000038,17.19240836202011,2025-05-06,3.0
10.2960000000021,11.287604823619791,2025-05-06,4.0
10.2580000000054,6.8589922812255,2025-05-06,5.0
50.83199999999488,39.64025969969816,2025-05-06,6.0
24.80000000000291,26.152007097698807,2025-05-06,7.0
22.531999999999243,21.813359941867247,2025-05-06,8.0
21.839999999996508,19.778267886868928,2025-05-06,9.0
24.55999999999767,21.187365109958513,2025-05-06,10.0
17.599999999998545,18.356522118757905,2025-05-06,11.0
7.530000000002474,11.801682095902903,2025-05-06,12.0
18.79200000000128,13.399107623386506,2025-05-06,13.0
19.02799999999843,22.799472733713326,2025-05-06,14.0
20.332000000002157,19.924111237287473,2025-05-06,15.0
20.419999999998254,19.555276760967665,2025-05-06,16.0
8.419999999998254,7.194315317784162,2025-05-06,17.0
10.572000000000116,17.348768664893157,2025-05-06,18.0
14.090000000000146,15.99751641621063,2025-05-06,19.0
9.52000000000287,12.994210444513316,2025-05-06,20.0
35.7109999999995,28.43116630444399,2025-05-06,21.0
14.1199999999962,8.211206897754286,2025-05-06,22.0
26.18000000000029,27.48438228366285,2025-05-06,23.0
14.239999999997965,17.115138488805904,2025-05-06,24.0
11.6399999999994,14.445250935036352,2025-05-06,25.0
12.75999999999476,12.716395902403557,2025-05-06,26.0
8.60000000000582,14.051155651042023,2025-05-06,27.0
10.96799999999348,11.949176263957272,2025-05-06,28.0
29.9320000000007,26.97665632251951,2025-05-06,29.0
0.0,12.436568094007374,2025-05-06,30.0
28.0,26.859719300396073,2025-05-06,31.0
41.16800000000512,29.67699471202119,2025-05-06,32.0
10.7200000000012,14.47419931638612,2025-05-06,33.0
19.05199999999604,14.855565480518287,2025-05-06,34.0
30.62000000000262,26.799503637617146,2025-05-06,35.0
10.739999999997965,14.783995845404124,2025-05-06,36.0
27.80800000000454,23.87066458060432,2025-05-06,37.0
10.2800000000011,11.97570653099366,2025-05-06,38.0
13.20799999999872,13.649474707994672,2025-05-06,39.0
9.31099999999808,11.349440925174374,2025-05-07,1.0
25.960000000006403,20.80963691250333,2025-05-07,2.0
22.5,17.303239369921688,2025-05-07,3.0
8.8228000000078,11.588917070640939,2025-05-07,4.0
20.599999999998545,6.857091586959726,2025-05-07,5.0
48.35199999999895,41.220906180416904,2025-05-07,6.0
32.59999999999127,26.61603439527251,2025-05-07,7.0
17.735999999997148,21.527185570238835,2025-05-07,8.0
19.12000000000262,18.88781347716408,2025-05-07,9.0
21.132000000005064,21.338007398042297,2025-05-07,10.0
16.8228000000005,17.30931844781467,2025-05-07,11.0
8.919999999998254,11.069854421066877,2025-05-07,12.0
13.831999999994878,14.107283712744849,2025-05-07,13.0
23.0,22.948521077635995,2025-05-07,14.0
23.296000000002092,20.48312645147562,2025-05-07,15.0
22.728000000002798,20.885318644430022,2025-05-07,16.0
5.31000000000131,6.994928433149743,2025-05-07,17.0
20.860000000000586,18.70963790104693,2025-05-07,18.0
16.109999999996944,16.057466229118553,2025-05-07,19.0
11.2679999999964,13.15183954712519,2025-05-07,20.0
30.2280000000052,27.287877461111755,2025-05-07,21.0
20.6628000000043,9.89408638422497,2025-05-07,22.0
27.07200000000012,27.1399777472676,2025-05-07,23.0
20.2800000000011,19.94742200243823,2025-05-07,24.0
17.028000000005704,14.61272028228228,2025-05-07,25.0
14.260000000002035,12.85121744008515,2025-05-07,26.0
17.07999999999447,13.810130846523064,2025-05-07,27.0
8.680000000000291,11.388704229090555,2025-05-07,28.0
27.72799999999552,26.546222530769963,2025-05-07,29.0
3.127999999996973,11.426378063394996,2025-05-07,30.0
28.00800000000163,25.42259372875133,2025-05-07,31.0
27.2879999999958,29.14646807309143,2025-05-07,32.0
12.1428000000002,14.249087828990682,2025-05-07,33.0
16.668000000005122,15.02696172361514,2025-05-07,34.0
45.96800000000076,27.10066493620526,2025-05-07,35.0
18.29200000000128,14.662512615751009,2025-05-07,36.0
10.4280000000023,25.08738314612773,2025-05-07,37.0
17.07999999999811,11.883380095824554,2025-05-07,38.0
14.239999999997965,13.947921093903325,2025-05-07,39.0
8.60000000000582,13.762923178173484,2025-05-08,1.0
31.839999999996508,23.015511823330513,2025-05-08,2.0
25.49199999999837,18.413581356570685,2025-05-08,3.0
12.1099999999953,14.213008332840628,2025-05-08,4.0
10.8628000000014,8.093237453479041,2025-05-08,5.0
43.48800000000483,41.3417173436957,2025-05-08,6.0
26.32800000000861,27.721380500423003,2025-05-08,7.0
28.12000000000262,22.875469195756445,2025-05-08,8.0
20.959999999999127,20.13831231574258,2025-05-08,9.0
25.5199999999968,23.32214818708208,2025-05-08,10.0
11.148000000001,19.039630730501973,2025-05-08,11.0
10.3100000000013,11.675511580368683,2025-05-08,12.0
12.8280000000038,15.355667190001213,2025-05-08,13.0
21.4320000000007,22.878732976487136,2025-05-08,14.0
19.752000000000407,20.98622049117667,2025-05-08,15.0
17.97200000000157,22.10380580478805,2025-05-08,16.0
4.93999999999869,8.663350684131352,2025-05-08,17.0
9.72000000000106,17.06489268530301,2025-05-08,18.0
17.010000000002037,17.602862363007862,2025-05-08,19.0
12.62000000000262,13.195378723111402,2025-05-08,20.0
25.536000000000055,29.727381147167527,2025-05-08,21.0
20.495999999999185,11.686824291081026,2025-05-08,22.0
10.9279999999999,29.424466824169834,2025-05-08,23.0
29.20799999999872,21.746679748901045,2025-05-08,24.0
17.7109999999995,14.89184419691985,2025-05-08,25.0
12.4280000000023,14.729389583807206,2025-05-08,26.0
10.7800000000061,14.884716141896293,2025-05-08,27.0
11.2720000000045,12.227896144822589,2025-05-08,28.0
11.5200000000041,27.89533942042471,2025-05-08,29.0
6.49199999999837,10.41161509120181,2025-05-08,30.0
36.48000000001048,27.015223124813502,2025-05-08,31.0
31.888000000006286,31.49848895186063,2025-05-08,32.0
13.080000000001746,14.795836467933718,2025-05-08,33.0
18.90799999999581,17.12246970607493,2025-05-08,34.0
31.743999999998778,29.329096566937736,2025-05-08,35.0
17.855999999999767,15.681422726774478,2025-05-08,36.0
21.24799999999232,27.418162451972467,2025-05-08,37.0
10.3199999999997,12.153697744308355,2025-05-08,38.0
21.26000000000204,15.036779362903657,2025-05-08,39.0
14.299999999995634,10.572412388555856,2025-05-09,1.0
23.0280000000081,21.84451149425483,2025-05-09,2.0
20.599999999998545,16.740225493888364,2025-05-09,3.0
10.6800000000076,10.904424932131322,2025-05-09,4.0
2.2559999999939464,10.687689714431224,2025-05-09,5.0
43.9519999999975,40.87867122214384,2025-05-09,6.0
27.23200000000361,27.111403530062862,2025-05-09,7.0
16.5428000000017,21.46746374058421,2025-05-09,8.0
20.652000000001863,19.55703557632015,2025-05-09,9.0
18.37600000000384,21.929742258770137,2025-05-09,10.0
13.279999999998836,16.887886008074908,2025-05-09,11.0
10.5099999999984,10.143002428302395,2025-05-09,12.0
11.1359999999986,13.796395598807308,2025-05-09,13.0
21.419999999998254,21.7658288436514,2025-05-09,14.0
23.919999999998254,19.95838871244685,2025-05-09,15.0
18.50800000000163,20.196878613758912,2025-05-09,16.0
10.600000000002185,6.916012480980181,2025-05-09,17.0
12.479999999995924,16.403698484981437,2025-05-09,18.0
16.360000000000582,15.994407141857977,2025-05-09,19.0
7.580000000001746,12.162493691673024,2025-05-09,20.0
23.31999999999971,27.93920475572754,2025-05-09,21.0
21.891999999999825,11.84074076700787,2025-05-09,22.0
19.6079999999929,26.259754182673145,2025-05-09,23.0
24.720000000001164,19.6926078725361,2025-05-09,24.0
16.52799999999843,14.458791153880982,2025-05-09,25.0
11.1199999999962,13.665687021158636,2025-05-09,26.0
10.6800000000003,13.956769332109351,2025-05-09,27.0
10.1399999999994,10.722117346952505,2025-05-09,28.0
10.5109999999952,26.155549501237168,2025-05-09,29.0
10.9320000000007,7.856799321622375,2025-05-09,30.0
19.55199999999604,25.565419016795417,2025-05-09,31.0
33.36800000000221,29.571009404389738,2025-05-09,32.0
35.8119999999989,13.820805603832017,2025-05-09,33.0
9.232000000003609,16.37827055694462,2025-05-09,34.0
18.987999999997555,30.237417651336674,2025-05-09,35.0
13.1199999999962,14.743917856679142,2025-05-09,36.0
28.04800000000978,24.211418214667905,2025-05-09,37.0
14.420000000001892,12.239441348232413,2025-05-09,38.0
13.228000000002794,13.74701940779168,2025-05-09,39.0
10.5280000000009,10.21593821720435,2025-05-10,1.0
11.5199999999895,22.403572840701482,2025-05-10,2.0
16.108000000000175,17.439096803647185,2025-05-10,3.0
10.831999999994878,10.999307327054277,2025-05-10,4.0
17.692000000002736,10.315641524809202,2025-05-10,5.0
46.36000000000058,38.96201598817403,2025-05-10,6.0
26.127999999996973,26.505980535823234,2025-05-10,7.0
22.00800000000163,21.8706142526475,2025-05-10,8.0
16.19999999999709,19.61350426318701,2025-05-10,9.0
20.49199999999837,23.22948921814629,2025-05-10,10.0
14.0280000000009,15.512792462920876,2025-05-10,11.0
10.659999999999854,9.783906205812897,2025-05-10,12.0
10.3039999999964,13.833454973649005,2025-05-10,13.0
24.708000000005995,21.699505561302757,2025-05-10,14.0
21.36800000000221,20.526304260884253,2025-05-10,15.0
19.471999999994296,21.30775593843397,2025-05-10,16.0
4.919999999998254,6.879155005405953,2025-05-10,17.0
26.80800000000454,15.99852871973464,2025-05-10,18.0
23.2599999999985,15.793995271894014,2025-05-10,19.0
18.55999999999767,12.265656274980737,2025-05-10,20.0
27.75999999999476,26.473823202779137,2025-05-10,21.0
13.4109999999966,13.367521302293751,2025-05-10,22.0
26.6628000000043,23.881814949235007,2025-05-10,23.0
18.2879999999958,20.431741469483455,2025-05-10,24.0
16.30399999999645,15.464081883383733,2025-05-10,25.0
7.52800000000087,13.768817815385562,2025-05-10,26.0
11.6079999999929,13.78776376679674,2025-05-10,27.0
12.4280000000023,10.91207896356265,2025-05-10,28.0
32.0679999999993,24.215714725490955,2025-05-10,29.0
2.495999999999185,10.434353793298978,2025-05-10,30.0
22.728000000002798,26.99718971441107,2025-05-10,31.0
30.4280000000023,30.061346673243964,2025-05-10,32.0
35.37200000000303,14.319851574549002,2025-05-10,33.0
10.7599999999948,16.15845683857652,2025-05-10,34.0
71.89199999999983,28.611633792716606,2025-05-10,35.0
14.5428000000017,14.107775357654196,2025-05-10,36.0
32.32799999999406,23.539287932324285,2025-05-10,37.0
9.559999999997672,11.720820882836627,2025-05-10,38.0
11.7319999999963,15.238580589052802,2025-05-10,39.0
8.28800000000309,10.969700832939191,2025-05-11,1.0
25.92000000001281,23.220883517757226,2025-05-11,2.0
17.18000000000029,18.53756457965771,2025-05-11,3.0
10.9428000000031,11.565770010611041,2025-05-11,4.0
13.919999999998254,9.86275322280277,2025-05-11,5.0
48.85599999999977,40.113116107068166,2025-05-11,6.0
26.62399999999616,26.689031958815967,2025-05-11,7.0
25.487999999997555,21.79491187081018,2025-05-11,8.0
24.09599999999773,20.84128706568723,2025-05-11,9.0
24.18000000000029,22.368740670370617,2025-05-11,10.0
11.5079999999944,15.224864269943373,2025-05-11,11.0
12.319999999999707,9.985315156384367,2025-05-11,12.0
12.92000000000553,14.110101224924426,2025-05-11,13.0
24.1119999999946,21.696666035637577,2025-05-11,14.0
14.61200000000099,20.904093009819302,2025-05-11,15.0
22.00800000000163,22.74919216112634,2025-05-11,16.0
6.690000000002328,7.905448244663392,2025-05-11,17.0
13.19199999999546,16.543733835616425,2025-05-11,18.0
21.18000000000029,15.828378839456448,2025-05-11,19.0
23.0,11.330961687466257,2025-05-11,20.0
18.27200000000448,26.446293262553723,2025-05-11,21.0
16.8428802253106,15.982197160168102,2025-05-11,22.0
29.855999999999767,22.849329822701936,2025-05-11,23.0
18.7428000000061,19.969998934177514,2025-05-11,24.0
9.68800000000192,15.17564657106941,2025-05-11,25.0
13.18800000000192,14.012641938012788,2025-05-11,26.0
17.960000000006403,14.104781570234387,2025-05-11,27.0
10.0599999999977,11.069729625756052,2025-05-11,28.0
29.2500000000038,22.832923436843707,2025-05-11,29.0
18.68000000000029,9.993424798604467,2025-05-11,30.0
25.239999999990687,25.49618256394679,2025-05-11,31.0
25.75999999999476,30.731108839791645,2025-05-11,32.0
28.2579999999981,17.03303130667004,2025-05-11,33.0
16.512000000002445,14.866553647261938,2025-05-11,34.0
57.27999999999884,27.082918497934948,2025-05-11,35.0
17.02799999999843,13.470185310187388,2025-05-11,36.0
18.839999999996508,23.5762918975561,2025-05-11,37.0
14.639999999999418,12.548870271080197,2025-05-11,38.0
11.7079999999987,15.559543204051455,2025-05-11,39.0
8.051999999996042,10.793033147035306,2025-05-12,1.0
29.295999999987544,20.79018680483523,2025-05-12,2.0
17.700000000004366,18.208111304577443,2025-05-12,3.0
10.1039999999921,11.616594037096966,2025-05-12,4.0
13.82800000000134,11.822715965566065,2025-05-12,5.0
51.12000000000262,41.732493980109226,2025-05-12,6.0
27.4119999999974,26.23189249996915,2025-05-12,7.0
26.012000000002445,20.922322575083477,2025-05-12,8.0
19.4320000000007,19.737669394927998,2025-05-12,9.0
22.959999999999127,22.001481631454652,2025-05-12,10.0
11.1600000000035,14.977290730430902,2025-05-12,11.0
9.729999999999563,10.356052634762056,2025-05-12,12.0
31.288000000000466,13.40894125345368,2025-05-12,13.0
24.139999999999414,21.689980336075802,2025-05-12,14.0
20.867999999994936,20.746728924856917,2025-05-12,15.0
16.4280000000023,20.97816272233472,2025-05-12,16.0
10.43999999999869,7.457836776898278,2025-05-12,17.0
13.580000000001746,17.56743052346472,2025-05-12,18.0
18.02999999999884,16.071862710033834,2025-05-12,19.0
11.6520000000018,12.302527320155109,2025-05-12,20.0
33.35199999999895,26.900956379622688,2025-05-12,21.0
28.048000000002503,16.221284813040597,2025-05-12,22.0
29.27199999999721,23.820037265798828,2025-05-12,23.0
26.919999999998254,20.292173259823077,2025-05-12,24.0
17.30000000000291,14.884835952236195,2025-05-12,25.0
9.131999999997788,13.218674225662948,2025-05-12,26.0
13.591999999996917,13.819705822288459,2025-05-12,27.0
10.0999999999985,11.048130263455752,2025-05-12,28.0
29.99199999999837,23.102890177170686,2025-05-12,29.0
9.50280000000081,10.218424972898939,2025-05-12,30.0
39.24800000000687,24.359632772853352,2025-05-12,31.0
32.736000000004424,31.953184420095607,2025-05-12,32.0
28.943999999995867,17.481270987142672,2025-05-12,33.0
14.880000000004657,15.17316380599109,2025-05-12,34.0
66.01600000000326,32.65784284431262,2025-05-12,35.0
12.459999999999129,14.055910677006175,2025-05-12,36.0
26.2539999999973,24.175939661978525,2025-05-12,37.0
11.2700000000004,12.047310273503127,2025-05-12,38.0
14.031999999999243,15.341739345005715,2025-05-12,39.0
8.427999999999884,9.460025939732988,2025-05-13,1.0
16.2628000000101,20.874080994401172,2025-05-13,2.0
18.739999999997963,17.093145791385957,2025-05-13,3.0
9.58280000000256,10.77934974287739,2025-05-13,4.0
8.49199999999837,11.513383394587052,2025-05-13,5.0
32.891999999999825,41.38294001517635,2025-05-13,6.0
31.48000000001048,25.6250533726262,2025-05-13,7.0
21.459999999999127,20.46119581787569,2025-05-13,8.0
22.031999999999243,19.380912494931515,2025-05-13,9.0
22.728000000002798,20.902775401217397,2025-05-13,10.0
16.10399999999936,12.972046573126697,2025-05-13,11.0
11.3300000000017,9.494986085125205,2025-05-13,12.0
16.459999999999127,12.593656091032301,2025-05-13,13.0
23.57200000000012,20.759560920942878,2025-05-13,14.0
11.0520000000033,18.753806245322682,2025-05-13,15.0
10.9320000000007,19.69057999255404,2025-05-13,16.0
4.25000000000011,5.963586156394025,2025-05-13,17.0
17.747999999999593,14.652363307709827,2025-05-13,18.0
18.51000000000204,15.387125465136702,2025-05-13,19.0
17.919999999998254,12.32375372351182,2025-05-13,20.0
23.987999999997555,24.939639966034992,2025-05-13,21.0
11.9280000000023,15.407826970625926,2025-05-13,22.0
25.4800000000032,21.417098455255193,2025-05-13,23.0
11.775999999998,20.077812068945324,2025-05-13,24.0
9.919999999998254,13.2071951218338,2025-05-13,25.0
10.6520000000018,11.541408880022152,2025-05-13,26.0
13.072000000000116,12.386298880994397,2025-05-13,27.0
18.30000000000291,9.642980188866673,2025-05-13,28.0
28.21600000000035,21.9729781079392,2025-05-13,29.0
0.0,9.770655262332903,2025-05-13,30.0
19.9360000000011,23.78086595241901,2025-05-13,31.0
33.463999999992666,30.25678022586414,2025-05-13,32.0
9.376000000003842,18.834496875476603,2025-05-13,33.0
16.535999999992782,13.760231955076533,2025-05-13,34.0
36.4109999999966,36.05259239271378,2025-05-13,35.0
19.60000000000582,13.086144007844517,2025-05-13,36.0
25.542800000009,21.739984999717265,2025-05-13,37.0
11.2299999999996,11.78136974942413,2025-05-13,38.0
18.2500000000038,13.445096360113963,2025-05-13,39.0
21.67199999999866,10.883037601854019,2025-05-14,1.0
25.6119999999945,22.98515029899468,2025-05-14,2.0
20.5199999999968,19.235505384057586,2025-05-14,3.0
8.360000000000582,11.476792941178788,2025-05-14,4.0
13.580000000001746,13.086680986717202,2025-05-14,5.0
37.45999999999913,44.57976981557325,2025-05-14,6.0
23.519999999989523,26.95615039089356,2025-05-14,7.0
24.79200000000128,21.626480614133918,2025-05-14,8.0
22.880000000004657,20.299366714369178,2025-05-14,9.0
21.063999999998487,22.08740450758795,2025-05-14,10.0
13.927999999999884,14.553024350831505,2025-05-14,11.0
9.399999999997815,10.253943174225597,2025-05-14,12.0
10.1099999999953,16.375239059446496,2025-05-14,13.0
22.456000000005588,21.62974439486461,2025-05-14,14.0
22.4280000000023,20.090865308509386,2025-05-14,15.0
22.860000000000586,19.166268341582963,2025-05-14,16.0
5.209999999999127,7.827344655829186,2025-05-14,17.0
11.9428000000031,14.680958003739052,2025-05-14,18.0
16.289999999997235,17.144084613474885,2025-05-14,19.0
16.68000000000029,13.042991665035489,2025-05-14,20.0
27.708000000005995,27.029530967484952,2025-05-14,21.0
18.5879999999961,18.733219348755224,2025-05-14,22.0
31.19999999999709,23.098812314318476,2025-05-14,23.0
27.73200000000361,21.728357436439378,2025-05-14,24.0
11.5199999999968,14.3940753726988,2025-05-14,25.0
14.455999999998312,11.270787625261985,2025-05-14,26.0
17.788000000000466,13.812478773917745,2025-05-14,27.0
10.69999999999709,10.820684048839285,2025-05-14,28.0
24.692000000002736,23.357188848884515,2025-05-14,29.0
14.288000000000466,14.26777307683926,2025-05-14,30.0
30.75199999999313,27.091066504142383,2025-05-14,31.0
32.98399999999674,31.167354694276067,2025-05-14,32.0
25.652000000001863,22.278032006511467,2025-05-14,33.0
9.12000000000262,15.28097995845483,2025-05-14,34.0
18.80000000000291,42.617624236196605,2025-05-14,35.0
14.919999999998254,14.37552828802893,2025-05-14,36.0
28.39999999999418,23.340127900461848,2025-05-14,37.0
10.530000000002474,12.672529892500107,2025-05-14,38.0
14.739999999997965,14.580819419941337,2025-05-14,39.0
6.608000000000175,12.059960691990232,2025-05-15,1.0
32.95200000000477,25.370555635335002,2025-05-15,2.0
18.360000000000586,21.661279306582678,2025-05-15,3.0
14.495999999999183,13.831757280746828,2025-05-15,4.0
5.71099999999953,13.49223952365022,2025-05-15,5.0
35.0280000000009,42.67787804681235,2025-05-15,6.0
30.672000000005937,28.60786428617055,2025-05-15,7.0
17.46799999999348,22.49934186858121,2025-05-15,8.0
19.52799999999843,21.523044327633297,2025-05-15,9.0
10.2799999999988,22.74060290169209,2025-05-15,10.0
24.847999999998137,15.289784010216792,2025-05-15,11.0
12.2800000000011,12.082903886799087,2025-05-15,12.0
16.720000000001164,17.19316001852117,2025-05-15,13.0
21.9320000000007,23.761501552494938,2025-05-15,14.0
20.252000000000407,19.561675113347995,2025-05-15,15.0
17.847999999998137,19.030469402756843,2025-05-15,16.0
4.10999999999898,8.22588448253931,2025-05-15,17.0
16.047999999995227,16.94915079908637,2025-05-15,18.0
21.790000000000877,19.5839643116678,2025-05-15,19.0
16.747999999999593,15.492638180958288,2025-05-15,20.0
25.2799999999988,26.25986701596261,2025-05-15,21.0
18.812000000005355,19.283927274773806,2025-05-15,22.0
30.27999999999884,23.65829408679641,2025-05-15,23.0
33.90799999999581,22.258134103944105,2025-05-15,24.0
16.228000000002794,15.025956046506186,2025-05-15,25.0
10.7028000000052,11.551402608454515,2025-05-15,26.0
14.932000000000698,15.496067532111967,2025-05-15,27.0
14.62000000000262,12.959757213803506,2025-05-15,28.0
28.239999999997963,24.209646534123213,2025-05-15,29.0
6.880000000004657,11.70953546332233,2025-05-15,30.0
21.79200000000128,27.66700383726548,2025-05-15,31.0
25.472000000008848,31.61281527007213,2025-05-15,32.0
25.07999999999447,22.742031894671175,2025-05-15,33.0
28.2628000000029,16.534418458125636,2025-05-15,34.0
13.360000000000582,43.67558646142451,2025-05-15,35.0
8.419999999998254,16.598448495119204,2025-05-15,36.0
38.1020000000083,25.39681777187134,2025-05-15,37.0
12.0099999999984,13.614819165060567,2025-05-15,38.0
18.30000000000291,16.44462186081936,2025-05-15,39.0
8.351999999998952,12.707591097478632,2025-05-16,1.0
26.351999999998952,22.992713224394453,2025-05-16,2.0
14.2500000000038,19.643628725709377,2025-05-16,3.0
8.479999999995925,11.585978866093201,2025-05-16,4.0
10.656000000002678,12.378366046845468,2025-05-16,5.0
27.031999999999243,39.732265454518995,2025-05-16,6.0
23.648000000001048,26.41159936332821,2025-05-16,7.0
18.05200000000332,22.48428913859842,2025-05-16,8.0
19.220000000001164,21.01353846692462,2025-05-16,9.0
25.2879999999958,21.84808469993757,2025-05-16,10.0
20.55200000000332,13.874632342341013,2025-05-16,11.0
8.330000000001746,10.943004746245352,2025-05-16,12.0
13.12000000000262,15.082652450847851,2025-05-16,13.0
25.091999999996915,22.377014382548236,2025-05-16,14.0
21.0399999999936,18.92134315746224,2025-05-16,15.0
19.2109999999995,18.054129655204108,2025-05-16,16.0
10.420000000001892,7.442466990524172,2025-05-16,17.0
16.351999999998952,14.866980974383189,2025-05-16,18.0
17.69000000000233,18.47516461477232,2025-05-16,19.0
10.307999999997264,15.026942661582872,2025-05-16,20.0
27.1099999999953,25.08665088835332,2025-05-16,21.0
32.799999999995634,18.48941554105566,2025-05-16,22.0
27.0880000000025,24.102157776715448,2025-05-16,23.0
20.631999999997788,21.793644412365243,2025-05-16,24.0
11.1428000000002,13.933205984839029,2025-05-16,25.0
5.41199999999744,11.038520725536742,2025-05-16,26.0
11.2799999999988,14.758484082403452,2025-05-16,27.0
9.099999999998545,12.33625611331825,2025-05-16,28.0
28.50800000000163,23.198419444123633,2025-05-16,29.0
0.2879999999931897,11.030881256470309,2025-05-16,30.0
33.85599999999977,27.112187847653864,2025-05-16,31.0
26.18399999999383,30.742605265229443,2025-05-16,32.0
27.9320000000007,24.139864538898465,2025-05-16,33.0
16.447999999996682,14.3702202319965,2025-05-16,34.0
33.49199999999837,39.40515181850137,2025-05-16,35.0
10.6280000000042,15.621084588437393,2025-05-16,36.0
29.21600000000035,25.555459162799217,2025-05-16,37.0
13.979999999999563,11.952910132062541,2025-05-16,38.0
12.82800000000134,15.277749322922244,2025-05-16,39.0
14.9280000000023,10.815252659227655,2025-05-17,1.0
21.55999999999767,22.81400278650813,2025-05-17,2.0
16.868000000002212,17.984966259653667,2025-05-17,3.0
8.90280000000955,11.437910872995724,2025-05-17,4.0
7.031999999999243,10.847161485143204,2025-05-17,5.0
27.0280000000009,39.05681596180571,2025-05-17,6.0
28.663999999989755,26.969771242296915,2025-05-17,7.0
27.976000000002387,20.930822972927885,2025-05-17,8.0
17.580000000001746,20.26093564877652,2025-05-17,9.0
18.12000000000262,19.382098960413074,2025-05-17,10.0
13.527999999998428,15.207267591788595,2025-05-17,11.0
10.0999999999985,11.141908199531999,2025-05-17,12.0
17.69199999999546,15.627579970134748,2025-05-17,13.0
24.080000000001743,22.297645144387396,2025-05-17,14.0
18.18800000000192,18.540349819557907,2025-05-17,15.0
13.091999999996917,17.560967866698835,2025-05-17,16.0
4.10000000000058,6.998394339954052,2025-05-17,17.0
12.548000000002505,15.291564843004458,2025-05-17,18.0
13.109999999996944,18.252333091326875,2025-05-17,19.0
11.7920000000013,15.336092436098456,2025-05-17,20.0
21.639999999999414,24.72373055580607,2025-05-17,21.0
23.139999999999414,17.076532439280196,2025-05-17,22.0
28.87999999999738,25.639631478514588,2025-05-17,23.0
22.927999999999884,22.589314193009415,2025-05-17,24.0
8.247999999999593,13.380829980919595,2025-05-17,25.0
7.292000000001281,10.509090186576593,2025-05-17,26.0
11.6960000000036,14.609865425480876,2025-05-17,27.0
8.851999999998952,12.664167959527648,2025-05-17,28.0
26.8109999999981,25.2460617537182,2025-05-17,29.0
0.132000000005064,10.823711376956984,2025-05-17,30.0
22.53600000000733,24.552787717871134,2025-05-17,31.0
27.320000000006985,29.422836531510242,2025-05-17,32.0
45.38799999999901,24.60556725228727,2025-05-17,33.0
13.0,15.056807377664924,2025-05-17,34.0
24.46800000000076,36.926973329118816,2025-05-17,35.0
12.439999999995052,13.48659430125561,2025-05-17,36.0
21.57599999998638,27.13784170569024,2025-05-17,37.0
11.4600000000028,11.711624731879784,2025-05-17,38.0
17.252000000000407,14.241445614158534,2025-05-17,39.0
10.4800000000032,9.96031067152359,2025-05-18,1.0
21.24799999999232,22.742896714569497,2025-05-18,2.0
18.023999999997613,17.07065282544437,2025-05-18,3.0
10.80000000000291,10.687415426256202,2025-05-18,4.0
1.52800000000087,11.413125967858578,2025-05-18,5.0
28.6399999999994,36.06719907668267,2025-05-18,6.0
30.680000000007567,25.612074519665594,2025-05-18,7.0
23.903999999994998,20.710667338572396,2025-05-18,8.0
25.87999999999738,19.6044272509838,2025-05-18,9.0
11.6800000000003,20.25233336955456,2025-05-18,10.0
14.531999999999243,15.703120617956067,2025-05-18,11.0
9.25,10.191009349525292,2025-05-18,12.0
9.416000000004717,15.601131050780289,2025-05-18,13.0
26.97599999999511,22.070023562622822,2025-05-18,14.0
18.46800000000076,17.99962280235451,2025-05-18,15.0
8.668000000005122,17.219795829811865,2025-05-18,16.0
5.369999999998981,6.763717344440036,2025-05-18,17.0
16.9000000000011,15.262536008947494,2025-05-18,18.0
12.220000000001164,18.020285435948264,2025-05-18,19.0
17.4280000000023,15.019943323064043,2025-05-18,20.0
29.372000000003027,24.768094321788357,2025-05-18,21.0
20.59200000000419,18.81711607335134,2025-05-18,22.0
36.37200000000303,25.819520356716186,2025-05-18,23.0
27.4628000000072,21.265892508531977,2025-05-18,24.0
17.591999999996915,12.024173025692818,2025-05-18,25.0
13.187999999994643,9.44275505459911,2025-05-18,26.0
11.5839999999953,14.23923157031848,2025-05-18,27.0
10.135999999998605,11.625076984982432,2025-05-18,28.0
25.7200000000012,25.95868403404813,2025-05-18,29.0
14.619999999995343,9.251498005305269,2025-05-18,30.0
32.59199999998964,26.769924720421663,2025-05-18,31.0
32.03199999999197,28.214117943546928,2025-05-18,32.0
35.50800000000163,22.705031960657486,2025-05-18,33.0
22.139999999999414,15.616524298009628,2025-05-18,34.0
35.86800000000221,36.36011407828686,2025-05-18,35.0
16.5428000000017,13.026600275140478,2025-05-18,36.0
35.80000000000291,26.442362501644624,2025-05-18,37.0
14.539999999997235,11.375330879434848,2025-05-18,38.0
14.19999999999709,13.868283129656625,2025-05-18,39.0
13.57999999999447,11.023349824627841,2025-05-19,1.0
23.0228000000049,24.51446681843577,2025-05-19,2.0
18.5879999999961,17.30210566113099,2025-05-19,3.0
10.255999999993946,10.667336213784838,2025-05-19,4.0
2.11999999999622,10.364947393424112,2025-05-19,5.0
32.57600000000093,34.4745378643983,2025-05-19,6.0
25.36800000000221,26.387197759716475,2025-05-19,7.0
16.096000000005006,21.915338335417523,2025-05-19,8.0
17.260000000002037,20.13562137291257,2025-05-19,9.0
22.5280000000009,20.17394111920513,2025-05-19,10.0
14.531999999999243,15.94580753112304,2025-05-19,11.0
7.819999999999709,10.30427955246177,2025-05-19,12.0
16.271999999997206,16.562757669116,2025-05-19,13.0
32.76000000000204,22.285464583074994,2025-05-19,14.0
21.332000000002157,17.247902096670725,2025-05-19,15.0
19.091999999996915,16.84058127416979,2025-05-19,16.0
4.43999999999869,6.399103564112961,2025-05-19,17.0
16.968000000000757,13.644158002476592,2025-05-19,18.0
10.4599999999991,16.67373575621134,2025-05-19,19.0
16.512000000002445,14.370570833675187,2025-05-19,20.0
24.10800000000017,24.59901564346704,2025-05-19,21.0
10.6559999999954,20.1171806610565,2025-05-19,22.0
27.012000000002445,26.731902324425732,2025-05-19,23.0
17.479999999995925,22.464599280670384,2025-05-19,24.0
12.888000000006286,11.246238896848281,2025-05-19,25.0
6.92000000000553,9.662520298908536,2025-05-19,26.0
11.648000000001,14.427622865607322,2025-05-19,27.0
10.492000000005646,11.535501578937486,2025-05-19,28.0
25.5280000000009,26.57604575456943,2025-05-19,29.0
1.0320000000065193,6.153853210910619,2025-05-19,30.0
20.89600000000792,26.986381844969603,2025-05-19,31.0
28.5828000000026,28.786507693521937,2025-05-19,32.0
30.99199999999837,24.939750096589602,2025-05-19,33.0
14.572000000000116,16.051968533393662,2025-05-19,34.0
38.67199999999866,33.28553980270959,2025-05-19,35.0
12.987999999997555,13.110997189707977,2025-05-19,36.0
28.760000000009317,26.409543669581485,2025-05-19,37.0
11.0900000000001,11.695285638490741,2025-05-19,38.0
19.091999999996915,14.724265718293593,2025-05-19,39.0
14.060000000004948,11.32298648200244,2025-05-20,1.0
23.952000000004773,24.52320101041044,2025-05-20,2.0
14.732000000003609,17.975178012447472,2025-05-20,3.0
9.99199999999837,11.607200301960756,2025-05-20,4.0
10.6520000000018,8.516631179602768,2025-05-20,5.0
42.37199999999575,31.669709493292565,2025-05-20,6.0
25.512000000002445,27.556965178946708,2025-05-20,7.0
11.3109999999981,22.023286456982827,2025-05-20,8.0
19.9320000000007,21.143850950175242,2025-05-20,9.0
12.239999999997965,19.340894439545124,2025-05-20,10.0
11.8000000000029,17.08634120656541,2025-05-20,11.0
12.389999999999418,10.548510657398245,2025-05-20,12.0
10.0319999999992,16.245712774079294,2025-05-20,13.0
28.5828000000026,22.986180096855445,2025-05-20,14.0
14.919999999998254,18.839463776758848,2025-05-20,15.0
10.12800000000425,15.476102206121178,2025-05-20,16.0
8.610000000000582,6.968654723561721,2025-05-20,17.0
20.57200000000012,14.957355181406998,2025-05-20,18.0
20.610000000000586,16.431308284007027,2025-05-20,19.0
16.0879999999961,14.756977423435348,2025-05-20,20.0
27.951999999997497,25.997801597285914,2025-05-20,21.0
36.222800000002,20.993512882774745,2025-05-20,22.0
33.427999999999884,27.94474283113398,2025-05-20,23.0
25.427999999999884,24.122516849846416,2025-05-20,24.0
11.0799999999945,12.901539994103539,2025-05-20,25.0
13.623999999996158,10.612596352403942,2025-05-20,26.0
13.447999999996682,14.115254396749789,2025-05-20,27.0
10.907999999995807,12.229272865098181,2025-05-20,28.0
30.220000000001164,26.352158311646722,2025-05-20,29.0
0.0,9.853832598922942,2025-05-20,30.0
25.6628000000043,27.23946928653542,2025-05-20,31.0
27.839999999996508,29.414214444913448,2025-05-20,32.0
41.0,26.456339055045888,2025-05-20,33.0
12.12000000000262,17.218737509214332,2025-05-20,34.0
22.5,30.485761704970983,2025-05-20,35.0
12.468000000000757,13.864225389217813,2025-05-20,36.0
16.1199999999889,28.9345078636827,2025-05-20,37.0
10.2800000000011,12.373236174249252,2025-05-20,38.0
12.568000000006576,16.27377026026863,2025-05-20,39.0
14.419999999998254,12.772060851895134,2025-05-21,1.0
19.1759999999922,23.678497944522892,2025-05-21,2.0
19.50800000000163,18.09496443422526,2025-05-21,3.0
10.9759999999951,11.524840458320456,2025-05-21,4.0
8.768000000003667,7.3983550303479255,2025-05-21,5.0
44.30000000000291,29.988787306221596,2025-05-21,6.0
29.1759999999922,27.610204658694038,2025-05-21,7.0
14.760000000002035,20.94541539965869,2025-05-21,8.0
18.687999999994645,20.961017615767673,2025-05-21,9.0
27.148000000001048,19.42773405242506,2025-05-21,10.0
23.72799999999552,17.545539355602465,2025-05-21,11.0
9.900000000001455,10.28308576493657,2025-05-21,12.0
25.736000000004424,15.063364205984863,2025-05-21,13.0
25.89600000000064,24.790672895269164,2025-05-21,14.0
20.76000000000204,19.116870313543938,2025-05-21,15.0
24.487999999997555,16.501372117681264,2025-05-21,16.0
8.549999999999272,6.603879866279419,2025-05-21,17.0
19.37999999999738,15.235297717408342,2025-05-21,18.0
19.700000000000728,15.62456991514898,2025-05-21,19.0
14.472000000001572,15.130482797871602,2025-05-21,20.0
23.247999999999596,25.499850348315483,2025-05-21,21.0
12.5880000000025,18.76072407866824,2025-05-21,22.0
30.099999999998545,28.35575356871301,2025-05-21,23.0
22.12000000000262,22.945063975941476,2025-05-21,24.0
9.192000000002736,12.922887833829398,2025-05-21,25.0
18.908000000003085,9.94856916312419,2025-05-21,26.0
20.652000000001863,14.100663576452893,2025-05-21,27.0
19.599999999998545,12.335913875693873,2025-05-21,28.0
30.0679999999993,26.202459456981995,2025-05-21,29.0
10.3199999999997,11.547030083305888,2025-05-21,30.0
18.055999999996857,25.734907671279633,2025-05-21,31.0
26.9828000000103,28.99303443525234,2025-05-21,32.0
41.608000000000175,27.04663687250147,2025-05-21,33.0
10.82800000000134,17.26689608468637,2025-05-21,34.0
48.78800000000047,26.954968856486666,2025-05-21,35.0
19.8280000000038,13.854082094742244,2025-05-21,36.0
37.2000000000106,29.457343552997262,2025-05-21,37.0
13.770000000000437,12.422549793122823,2025-05-21,38.0
20.77999999999884,16.861490864324434,2025-05-21,39.0
10.2719999999972,14.701059278513883,2025-05-22,1.0
22.2880000000104,26.781292941672184,2025-05-22,2.0
19.659999999996217,19.455963192386207,2025-05-22,3.0
14.3828000000055,13.115256519663218,2025-05-22,4.0
6.259999999994761,8.850527875919543,2025-05-22,5.0
26.847999999998137,31.643608623760887,2025-05-22,6.0
32.1828000000084,27.618832140149998,2025-05-22,7.0
24.391999999999825,19.97135532446694,2025-05-22,8.0
19.9280000000023,21.098644370387664,2025-05-22,9.0
9.47200000000117,17.876388037064512,2025-05-22,10.0
21.832000000002157,17.630181226120698,2025-05-22,11.0
4.10999999999898,11.091514173952683,2025-05-22,12.0
33.35199999999895,14.225575143002764,2025-05-22,13.0
26.19999999999709,25.74163883116432,2025-05-22,14.0
20.31999999999971,19.338896971472963,2025-05-22,15.0
9.72000000000106,16.519572232190338,2025-05-22,16.0
5.780000000002474,7.49099278264147,2025-05-22,17.0
17.1120000000018,16.252823092268265,2025-05-22,18.0
11.9599999999991,16.452419515039686,2025-05-22,19.0
12.175999999999476,15.105916093562872,2025-05-22,20.0
27.8628000000014,26.286712173252045,2025-05-22,21.0
11.8600000000006,22.947309792682603,2025-05-22,22.0
38.608000000000175,29.48101147939581,2025-05-22,23.0
21.18000000000029,25.260744236891227,2025-05-22,24.0
17.2879999999958,13.18640695999758,2025-05-22,25.0
10.9280000000023,10.920550913003662,2025-05-22,26.0
11.4199999999983,14.459568967111347,2025-05-22,27.0
14.720000000001164,11.602993106666444,2025-05-22,28.0
27.471999999994296,27.14694151853353,2025-05-22,29.0
0.0959999999977299,5.48986076141229,2025-05-22,30.0
23.222800000002,27.00590682718945,2025-05-22,31.0
32.78399999999965,28.409854353202082,2025-05-22,32.0
14.12000000000262,31.483200155680485,2025-05-22,33.0
17.02799999999843,17.630007775344637,2025-05-22,34.0
4.28000000000146,26.281771594343763,2025-05-22,35.0
26.67199999999866,13.347314814489975,2025-05-22,36.0
21.127999999996973,28.466567022175386,2025-05-22,37.0
16.25,12.32566715392344,2025-05-22,38.0
17.479999999995925,16.612742063260058,2025-05-22,39.0
12.468000000000757,12.254731724927561,2025-05-23,1.0
29.1019999999937,22.625343318264772,2025-05-23,2.0
11.8800000000047,16.99830250271985,2025-05-23,3.0
13.168000000005122,11.496716147913679,2025-05-23,4.0
10.2109999999995,7.6614735552778415,2025-05-23,5.0
37.17199999999866,31.112269095195263,2025-05-23,6.0
29.648000000001048,26.954036172033014,2025-05-23,7.0
20.90799999999581,17.27649700218238,2025-05-23,8.0
18.94799999999668,19.33799488419401,2025-05-23,9.0
23.9000000000011,18.205845233534898,2025-05-23,10.0
36.28800000000047,17.47226724478635,2025-05-23,11.0
9.659999999999854,10.173299247655377,2025-05-23,12.0
14.20799999999872,15.788213507878343,2025-05-23,13.0
31.3028000000037,25.036846053192036,2025-05-23,14.0
21.77199999999721,18.577962696734097,2025-05-23,15.0
8.131999999997788,16.160183790156868,2025-05-23,16.0
6.799999999999272,7.238553083415432,2025-05-23,17.0
11.2960000000021,16.15903308009535,2025-05-23,18.0
13.030000000002474,15.885755984862028,2025-05-23,19.0
18.591999999996915,14.248679054706598,2025-05-23,20.0
26.768000000003667,24.704720833837328,2025-05-23,21.0
24.031999999999243,20.941800786947724,2025-05-23,22.0
30.78399999999965,28.112931863226734,2025-05-23,23.0
18.0199999999968,22.84792993964979,2025-05-23,24.0
14.272000000004482,12.246936222320281,2025-05-23,25.0
7.791999999994005,10.770515955503454,2025-05-23,26.0
16.220000000001164,14.476219204018058,2025-05-23,27.0
11.0639999999985,12.115092731389211,2025-05-23,28.0
31.5280000000009,26.637683052351672,2025-05-23,29.0
7.292000000001281,9.42854754791829,2025-05-23,30.0
37.95199999999022,24.288641687818412,2025-05-23,31.0
32.687999999994645,27.80570751804634,2025-05-23,32.0
14.771999999997206,32.30011077372803,2025-05-23,33.0
10.80000000000291,16.12002453888993,2025-05-23,34.0
4.599999999998545,29.810631172252467,2025-05-23,35.0
13.2879999999958,12.91680120634895,2025-05-23,36.0
22.55999999999767,28.171781827276664,2025-05-23,37.0
17.469999999997526,12.543265730220522,2025-05-23,38.0
18.18800000000192,16.344161737356863,2025-05-23,39.0
10.028000000005704,12.425649569497438,2025-05-24,1.0
21.81600000000617,21.906791764168474,2025-05-24,2.0
16.739999999997963,17.507796354642167,2025-05-24,3.0
11.9199999999983,11.44938876101102,2025-05-24,4.0
3.16000000000259,7.570415504295751,2025-05-24,5.0
30.86800000000221,31.1120956855806,2025-05-24,6.0
25.76799999999639,27.275992777135556,2025-05-24,7.0
16.160000000003492,18.550173917316478,2025-05-24,8.0
30.352000000006228,19.27648907665008,2025-05-24,9.0
16.959999999999127,17.399143612626272,2025-05-24,10.0
23.8280000000038,16.80856571328707,2025-05-24,11.0
12.720000000001164,8.581693428372994,2025-05-24,12.0
10.1319999999978,17.58162024688002,2025-05-24,13.0
30.8119999999989,25.627271146511617,2025-05-24,14.0
14.056000000004133,18.529007245082987,2025-05-24,15.0
24.720000000001164,14.44746631032074,2025-05-24,16.0
5.900000000001455,6.987051765479138,2025-05-24,17.0
13.072000000000116,16.10884564394569,2025-05-24,18.0
14.599999999998545,14.417876570963621,2025-05-24,19.0
17.208000000005995,13.693366731646277,2025-05-24,20.0
30.07200000000012,24.32167748379787,2025-05-24,21.0
24.29599999999482,19.62310566242753,2025-05-24,22.0
32.04799999999523,28.961323944215,2025-05-24,23.0
22.451999999997497,21.66551004372341,2025-05-24,24.0
9.5199999999968,12.401088696969895,2025-05-24,25.0
16.616000000001804,10.527683092681869,2025-05-24,26.0
19.252000000000407,13.494024472433042,2025-05-24,27.0
13.560000000004948,11.97068793599856,2025-05-24,28.0
30.148000000001048,26.650125581397944,2025-05-24,29.0
2.959999999999127,8.126065377279316,2025-05-24,30.0
21.8628000000014,24.146932353740784,2025-05-24,31.0
33.1120000000018,28.125102660364327,2025-05-24,32.0
14.260000000002035,30.721458272172093,2025-05-24,33.0
18.55199999999604,14.8891194026842,2025-05-24,34.0
4.599999999998545,27.323711577874057,2025-05-24,35.0
11.6628000000043,15.432458941196122,2025-05-24,36.0
29.135999999998603,26.038084762449035,2025-05-24,37.0
11.510000000002,12.452207679238423,2025-05-24,38.0
17.652000000001863,16.24178531498051,2025-05-24,39.0
10.99199999999837,13.250224942550894,2025-05-25,1.0
20.103999999992084,22.467373059765144,2025-05-25,2.0
18.76000000000204,17.412424945050574,2025-05-25,3.0
12.335999999995693,11.986032667016612,2025-05-25,4.0
10.19999999999709,7.933099399299718,2025-05-25,5.0
37.0280000000009,32.26691166003771,2025-05-25,6.0
25.42399999999907,27.397997362959757,2025-05-25,7.0
16.891999999999825,18.957137869416957,2025-05-25,8.0
21.860000000000586,19.75639402979407,2025-05-25,9.0
25.360000000000586,18.14962349617488,2025-05-25,10.0
18.659999999996217,19.571712333870728,2025-05-25,11.0
10.4500000000007,9.642525527824482,2025-05-25,12.0
10.7000000000044,17.88920748563205,2025-05-25,13.0
30.83199999999488,27.02224213132383,2025-05-25,14.0
14.679999999993017,19.05913508123831,2025-05-25,15.0
8.28000000000146,13.28468861184936,2025-05-25,16.0
7.519999999996799,7.0255315215908825,2025-05-25,17.0
20.19199999999546,16.16326413595767,2025-05-25,18.0
10.8199999999997,14.27415875293539,2025-05-25,19.0
11.8109999999981,14.768367982443703,2025-05-25,20.0
20.89600000000064,25.08658837785325,2025-05-25,21.0
10.192000000002736,18.855844811257864,2025-05-25,22.0
31.927999999999884,30.500941433475706,2025-05-25,23.0
21.2580000000054,21.8503136745309,2025-05-25,24.0
10.5480000000025,12.826802932538072,2025-05-25,25.0
9.592000000004193,10.8301996614266,2025-05-25,26.0
19.10800000000017,14.890748618218735,2025-05-25,27.0
19.0879999999961,12.713417750019369,2025-05-25,28.0
31.57200000000012,27.019404889764488,2025-05-25,29.0
3.959999999999127,12.363327998369934,2025-05-25,30.0
22.456000000005588,24.98226432016297,2025-05-25,31.0
27.19199999999546,28.97843786507181,2025-05-25,32.0
14.959999999999129,29.2570188580938,2025-05-25,33.0
11.4199999999983,14.503446815122455,2025-05-25,34.0
25.692000000002736,24.38146019176866,2025-05-25,35.0
21.17599999999948,16.1038914409003,2025-05-25,36.0
28.135999999998603,26.173414249608253,2025-05-25,37.0
14.220000000001164,13.680281340245209,2025-05-25,38.0
19.459999999999127,16.96855494106753,2025-05-25,39.0
13.20799999999872,12.406794827261079,2025-05-26,1.0
16.888000000006286,22.53467909260138,2025-05-26,2.0
18.599999999998545,17.51256581592598,2025-05-26,3.0
13.855999999999767,12.940592595209631,2025-05-26,4.0
9.00800000000163,7.180106987908937,2025-05-26,5.0
30.1428000000002,33.48106700446137,2025-05-26,6.0
21.67999999999301,27.604118790162886,2025-05-26,7.0
6.788000000000466,17.44177081037066,2025-05-26,8.0
21.77199999999721,21.586827463540434,2025-05-26,9.0
25.720000000001164,18.228566189674876,2025-05-26,10.0
20.419999999998254,21.14432043760124,2025-05-26,11.0
13.069999999999707,10.088316659349392,2025-05-26,12.0
12.1199999999962,16.86026601349132,2025-05-26,13.0
25.7800000000061,28.221892751370806,2025-05-26,14.0
18.21200000000681,18.802636302258186,2025-05-26,15.0
9.5,15.692874151800526,2025-05-26,16.0
5.230000000003201,7.4390722343207925,2025-05-26,17.0
12.919999999998254,16.25859109131773,2025-05-26,18.0
18.889999999999414,14.847865693597242,2025-05-26,19.0
11.1319999999978,15.969760629656948,2025-05-26,20.0
26.703999999997905,26.345491148081177,2025-05-26,21.0
23.2762006458754,19.68327850050859,2025-05-26,22.0
22.8228000000005,30.28876646412306,2025-05-26,23.0
16.419999999998254,21.627431530488238,2025-05-26,24.0
17.279999999998836,12.613285936710186,2025-05-26,25.0
11.4799999999959,12.749344115355244,2025-05-26,26.0
17.30000000000291,15.789683964621842,2025-05-26,27.0
11.2079999999987,13.163535416550726,2025-05-26,28.0
30.29200000000128,27.42272604070208,2025-05-26,29.0
8.519999999996799,7.555236893940382,2025-05-26,30.0
32.080000000001746,24.73962682372168,2025-05-26,31.0
33.2539999999973,30.119172731970156,2025-05-26,32.0
10.67199999999866,25.537818683447146,2025-05-26,33.0
14.531999999999243,15.502542864184443,2025-05-26,34.0
41.94799999999668,21.179913744670046,2025-05-26,35.0
22.3839999999982,15.90788878735057,2025-05-26,36.0
31.1120000000018,26.895566509253197,2025-05-26,37.0
11.5599999999977,13.755135036499638,2025-05-26,38.0
14.5280000000009,17.107743735113125,2025-05-26,39.0
10.78399999999965,12.19982461179226,2025-05-27,1.0
16.527999999991152,22.054537311930673,2025-05-27,2.0
18.580000000001743,17.032424035255275,2025-05-27,3.0
14.559999999997672,12.601116853685703,2025-05-27,4.0
10.4320000000007,8.219293611366243,2025-05-27,5.0
38.1359999999986,34.68534013687503,2025-05-27,6.0
28.5828000000026,27.314187266637614,2025-05-27,7.0
7.307999999997264,16.201246085755095,2025-05-27,8.0
20.70799999999872,20.641200226066125,2025-05-27,9.0
22.10800000000017,19.206871832715837,2025-05-27,10.0
19.5679999999993,20.867430600091943,2025-05-27,11.0
10.6899999999987,9.701025626953529,2025-05-27,12.0
10.9680000000008,16.534158307634474,2025-05-27,13.0
31.61200000000099,27.59044197482594,2025-05-27,14.0
16.459999999999127,17.0516494388249,2025-05-27,15.0
5.31099999999808,14.427280060964119,2025-05-27,16.0
2.75,7.010782497189248,2025-05-27,17.0
16.427999999999884,16.084770896939194,2025-05-27,18.0
11.75,13.833274863262641,2025-05-27,19.0
9.72000000000106,14.279696024366533,2025-05-27,20.0
30.616000000001804,24.743612810585383,2025-05-27,21.0
75.28800000000047,16.87887889768875,2025-05-27,22.0
25.2880000000031,30.20576076164606,2025-05-27,23.0
28.512000000002445,20.509986779950868,2025-05-27,24.0
8.900000000001455,11.510020922043026,2025-05-27,25.0
9.52000000000287,11.357322677814448,2025-05-27,26.0
16.760000000002037,16.17439291717372,2025-05-27,27.0
9.61200000000099,13.8405630834049,2025-05-27,28.0
31.0280000000009,28.067964429465206,2025-05-27,29.0
7.812000000005355,11.691426700205842,2025-05-27,30.0
33.679999999993015,23.472458820912852,2025-05-27,31.0
39.16000000000349,29.300154308832514,2025-05-27,32.0
14.680000000000293,22.51692731426134,2025-05-27,33.0
14.656000000002678,13.919835365547394,2025-05-27,34.0
62.6228000000025,19.724834902559937,2025-05-27,35.0
21.959999999999127,16.040682483208354,2025-05-27,36.0
17.687999999994645,25.61833545567534,2025-05-27,37.0
17.610000000000582,12.599925828509472,2025-05-27,38.0
14.5199999999968,17.13732028955653,2025-05-27,39.0
16.447999999996682,13.162627400722634,2025-05-28,1.0
19.99199999999837,22.438347296654666,2025-05-28,2.0
18.88799999999901,17.80890963114606,2025-05-28,3.0
9.42800000000233,14.195462249786734,2025-05-28,4.0
8.495999999999185,9.600475349263421,2025-05-28,5.0
43.2109999999995,33.08280107878492,2025-05-28,6.0
30.98399999999674,27.112289927392347,2025-05-28,7.0
1.319999999999709,15.786869171411917,2025-05-28,8.0
23.66000000000349,22.428721957178333,2025-05-28,9.0
21.591999999996915,20.839161034969436,2025-05-28,10.0
36.2628000000029,22.810534948653054,2025-05-28,11.0
10.549999999999272,11.625681581575506,2025-05-28,12.0
14.092000000004193,17.3404932223807,2025-05-28,13.0
31.2579999999981,27.218985003830557,2025-05-28,14.0
19.799999999995634,17.660606820195458,2025-05-28,15.0
13.760000000002035,14.44168381340415,2025-05-28,16.0
6.25000000000011,7.849493030628353,2025-05-28,17.0
19.70000000000437,16.53300398719504,2025-05-28,18.0
19.470000000001164,16.191829021916707,2025-05-28,19.0
9.447999999996682,14.519913925409915,2025-05-28,20.0
20.919999999998254,26.083734066927367,2025-05-28,21.0
28.531999999999243,19.584180570925497,2025-05-28,22.0
28.36800000000221,28.931705333800945,2025-05-28,23.0
21.855999999999767,21.298714811669008,2025-05-28,24.0
10.447999999996682,13.143256583239811,2025-05-28,25.0
9.75999999999476,12.9432759761208,2025-05-28,26.0
20.127999999996973,17.50086695568273,2025-05-28,27.0
11.1600000000035,14.569279722674953,2025-05-28,28.0
29.60800000000017,29.475748017621623,2025-05-28,29.0
4.608000000000175,10.56204225561759,2025-05-28,30.0
33.21600000000035,25.51112963561991,2025-05-28,31.0
28.55999999999767,30.33715147115952,2025-05-28,32.0
10.1880000000019,19.98002939856341,2025-05-28,33.0
16.182800000001,14.898136030912271,2025-05-28,34.0
28.4559999999983,21.442827522381815,2025-05-28,35.0
20.788000000000466,17.628133502616475,2025-05-28,36.0
50.542800000009,26.893392404692314,2025-05-28,37.0
13.1000000000006,14.034426116818981,2025-05-28,38.0
11.239999999998,17.447640909649124,2025-05-28,39.0
7.860000000000582,13.681906469580001,2025-05-29,1.0
22.44800000000396,22.417243539473183,2025-05-29,2.0
11.4320000000007,19.39716152342354,2025-05-29,3.0
22.351999999998952,15.402146170556488,2025-05-29,4.0
7.131999999997788,9.491309329825247,2025-05-29,5.0
42.0280000000009,32.95516906607148,2025-05-29,6.0
32.6880000000092,27.57349991922173,2025-05-29,7.0
0.0239999999976134,14.762533309148893,2025-05-29,8.0
24.43999999999505,22.485859867411957,2025-05-29,9.0
9.659999999996217,21.214311773691577,2025-05-29,10.0
28.495999999999185,23.87777007443208,2025-05-29,11.0
10.299999999999272,10.945888642610281,2025-05-29,12.0
23.479999999995925,17.291476351360934,2025-05-29,13.0
28.0,28.63040394905625,2025-05-29,14.0
13.4800000000032,17.776965239727588,2025-05-29,15.0
17.648000000001048,13.574817866583082,2025-05-29,16.0
5.779999999998836,6.671451936047613,2025-05-29,17.0
10.0319999999992,16.008621541018123,2025-05-29,18.0
24.18999999999869,14.733671759225166,2025-05-29,19.0
14.520000000004076,13.744311414598469,2025-05-29,20.0
29.10399999999936,27.22962769049721,2025-05-29,21.0
19.788000000000466,25.02727549218754,2025-05-29,22.0
31.0,29.129125485173102,2025-05-29,23.0
29.919999999998254,22.050979369803454,2025-05-29,24.0
13.772000000004482,12.775851179960682,2025-05-29,25.0
13.599999999998545,12.03555226985213,2025-05-29,26.0
22.591999999996915,17.660267824129853,2025-05-29,27.0
11.5800000000017,14.212591209617385,2025-05-29,28.0
23.631999999997788,29.932648917152186,2025-05-29,29.0
10.69999999999709,8.635020469677576,2025-05-29,30.0
28.7109999999995,27.313043682993452,2025-05-29,31.0
25.6880000000092,32.42467761613636,2025-05-29,32.0
16.788000000000466,15.974085910197726,2025-05-29,33.0
24.228000000002798,15.387431731596564,2025-05-29,34.0
7.120000000002619,26.077418544644726,2025-05-29,35.0
17.9320000000007,18.967063099093153,2025-05-29,36.0
18.1019999999937,26.94952274460909,2025-05-29,37.0
19.2500000000001,14.604549479029947,2025-05-29,38.0
17.052000000003318,18.042990735671555,2025-05-29,39.0
7.908000000003085,12.290360673443633,2025-05-30,1.0
17.2560000000085,20.710857812428962,2025-05-30,2.0
17.752000000000407,17.575026440791188,2025-05-30,3.0
16.60000000000582,13.069831654261641,2025-05-30,4.0
1.588000000003376,8.933267509456067,2025-05-30,5.0
38.55999999999767,32.415785275909535,2025-05-30,6.0
26.38399999999092,26.874616713426974,2025-05-30,7.0
1.1480000000010475,12.18208297608348,2025-05-30,8.0
22.020000000004075,22.037792575704238,2025-05-30,9.0
25.020000000004075,20.638186390420895,2025-05-30,10.0
29.1120000000018,24.615051692209004,2025-05-30,11.0
9.520000000000437,10.413390875733738,2025-05-30,12.0
10.5200000000041,14.870547634117324,2025-05-30,13.0
30.93999999999505,27.488282059655877,2025-05-30,14.0
19.5280000000009,17.099404978658637,2025-05-30,15.0
7.871999999995751,11.892488735111387,2025-05-30,16.0
4.559999999997672,6.2190700360596525,2025-05-30,17.0
7.335999999995693,15.454766421464319,2025-05-30,18.0
13.930000000000293,13.975583797123369,2025-05-30,19.0
14.0,12.426160270146585,2025-05-30,20.0
27.87999999999738,25.218433472847963,2025-05-30,21.0
25.9839999999967,26.789164322185712,2025-05-30,22.0
29.83199999999488,27.002861357545278,2025-05-30,23.0
14.663999999997031,20.875938479430484,2025-05-30,24.0
13.70799999999872,12.240357146413364,2025-05-30,25.0
9.42000000000553,10.343149760750158,2025-05-30,26.0
14.648000000001048,17.164834779440437,2025-05-30,27.0
14.007999999994354,12.8246947475275,2025-05-30,28.0
26.77599999999802,28.644214868548,2025-05-30,29.0
0.091999999996911,12.17752575779837,2025-05-30,30.0
23.6880000000092,28.269935898085823,2025-05-30,31.0
31.39199999999255,30.953730006175764,2025-05-30,32.0
10.182800000001,12.202812385550775,2025-05-30,33.0
12.307999999997264,14.879421230097414,2025-05-30,34.0
56.74399999999878,24.055137669522637,2025-05-30,35.0
16.8280000000038,18.32948238497236,2025-05-30,36.0
28.672000000005937,27.86195541489549,2025-05-30,37.0
16.860000000000582,13.71565513608253,2025-05-30,38.0
16.055999999996857,16.08319716172979,2025-05-30,39.0
8.959999999999127,9.97153248118548,2025-05-31,1.0
17.103999999992084,18.543043570915092,2025-05-31,2.0
14.5199999999968,14.82623079521515,2025-05-31,3.0
23.535999999992782,12.491510202333131,2025-05-31,4.0
1.97200000000117,7.039324978049653,2025-05-31,5.0
27.580000000001743,31.789519795094627,2025-05-31,6.0
28.9360000000011,25.185002356425354,2025-05-31,7.0
1.25800000000541,5.610345473809433,2025-05-31,8.0
22.69999999999709,20.726587297749408,2025-05-31,9.0
23.167999999997846,18.223096270617003,2025-05-31,10.0
29.580000000001743,22.662426229661065,2025-05-31,11.0
10.220000000001164,9.029358844000908,2025-05-31,12.0
13.2579999999981,12.357475433906751,2025-05-31,13.0
28.960000000006403,25.80706931269043,2025-05-31,14.0
11.0599999999977,14.563845732309604,2025-05-31,15.0
12.00800000000163,11.358575107063718,2025-05-31,16.0
4.09000000000011,4.234472310478421,2025-05-31,17.0
3.0800000000017462,12.291077399328723,2025-05-31,18.0
20.8280000000001,13.899944348596836,2025-05-31,19.0
18.080000000001743,10.839421144331604,2025-05-31,20.0
26.33600000000297,23.437797727351526,2025-05-31,21.0
14.360000000000582,25.724512517624646,2025-05-31,22.0
23.560000000004948,25.197265895398647,2025-05-31,23.0
20.31999999999971,19.895537499538417,2025-05-31,24.0
10.1319999999978,10.050528798806976,2025-05-31,25.0
7.108000000000175,8.886239522535538,2025-05-31,26.0
19.27999999999884,16.909069867957676,2025-05-31,27.0
23.720000000001164,10.917831931917501,2025-05-31,28.0
30.8228000000005,25.420006787766734,2025-05-31,29.0
1.6680000000051225,7.409222010577795,2025-05-31,30.0
26.471999999994296,26.091771904324144,2025-05-31,31.0
41.28800000000047,27.772370597671628,2025-05-31,32.0
11.4959999999992,11.484809363543857,2025-05-31,33.0
14.3109999999981,14.182305394838837,2025-05-31,34.0
66.0879999999961,21.841839656454457,2025-05-31,35.0
21.55999999999767,15.339988114361647,2025-05-31,36.0
23.239999999990687,25.734236727113466,2025-05-31,37.0
12.25,12.200986983527912,2025-05-31,38.0
11.5520000000033,14.193531333592729,2025-05-31,39.0
4.591999999996915,10.82515321994899,2025-06-01,1.0
12.1099999999953,19.16612374740213,2025-06-01,2.0
11.2799999999988,16.916622863887792,2025-06-01,3.0
18.919999999998254,14.321279815545777,2025-06-01,4.0
7.819999999999709,6.9804654079036865,2025-06-01,5.0
19.391999999999825,34.327361120059315,2025-06-01,6.0
20.127999999996973,26.468735004168618,2025-06-01,7.0
4.063999999998487,6.845286064052684,2025-06-01,8.0
17.1120000000018,22.46237407363788,2025-06-01,9.0
21.063999999998487,20.559027645024003,2025-06-01,10.0
28.02799999999843,24.078272870483534,2025-06-01,11.0
6.569999999999709,10.743731061767805,2025-06-01,12.0
9.17199999999866,12.884733120009372,2025-06-01,13.0
19.5,27.708668440664862,2025-06-01,14.0
9.10200000000099,16.118110066009358,2025-06-01,15.0
8.391999999999825,12.63440679226186,2025-06-01,16.0
2.5800000000017462,5.985830714367867,2025-06-01,17.0
9.351999999998952,13.550989372592294,2025-06-01,18.0
17.5280000000009,15.515826341987156,2025-06-01,19.0
8.91099999999662,12.49071125331416,2025-06-01,20.0
16.072000000000116,25.589848486872867,2025-06-01,21.0
27.360000000000586,27.389349696298325,2025-06-01,22.0
21.05999999999767,25.84451350871747,2025-06-01,23.0
10.448000000004,21.279459605355378,2025-06-01,24.0
9.25799999999813,11.697790204663573,2025-06-01,25.0
6.759999999994761,11.094947817645078,2025-06-01,26.0
10.560000000004948,17.618108610464652,2025-06-01,27.0
12.7109999999995,12.731199757945696,2025-06-01,28.0
16.13600000000588,27.456053763805286,2025-06-01,29.0
8.28000000000146,9.001110894350049,2025-06-01,30.0
20.319999999992437,27.076618995891106,2025-06-01,31.0
18.9109999999966,29.61376667995946,2025-06-01,32.0
6.83200000000211,11.942402684133452,2025-06-01,33.0
8.88799999999901,15.670004331436735,2025-06-01,34.0
28.2000000000044,31.43813244185506,2025-06-01,35.0
11.1080000000002,18.016603377912713,2025-06-01,36.0
23.976000000009662,27.9609871806058,2025-06-01,37.0
14.919999999998254,14.071924252972984,2025-06-01,38.0
13.487999999997555,15.709103641752636,2025-06-01,39.0
10.448000000003958,10.96105909682061,2025-06-02,1.0
30.360000000000586,19.17948508275763,2025-06-02,2.0
20.0679999999993,17.092013185553355,2025-06-02,3.0
20.7028000000125,16.416917211479575,2025-06-02,4.0
11.9109999999966,7.059266362421356,2025-06-02,5.0
29.080000000001743,34.039383647251,2025-06-02,6.0
23.41600000001199,27.511801530610605,2025-06-02,7.0
3.61199999999453,5.021630173375494,2025-06-02,8.0
22.02799999999843,22.040066491392555,2025-06-02,9.0
22.548000000002503,21.55811646672963,2025-06-02,10.0
27.720000000001164,25.271362300418083,2025-06-02,11.0
10.600000000002185,10.720077249852354,2025-06-02,12.0
13.228000000002794,14.256080089365472,2025-06-02,13.0
29.979999999995925,27.50886500622523,2025-06-02,14.0
20.048000000002503,15.955982107028595,2025-06-02,15.0
9.11999999999622,11.489165050478311,2025-06-02,16.0
6.029999999998836,5.831910326512351,2025-06-02,17.0
13.0280000000009,11.896604256180511,2025-06-02,18.0
14.739999999997965,16.545773363159395,2025-06-02,19.0
13.468000000000757,12.757523734335447,2025-06-02,20.0
24.220000000001164,25.56762472141343,2025-06-02,21.0
26.455999999998312,26.761176519025916,2025-06-02,22.0
23.268000000003667,25.529618633909546,2025-06-02,23.0
13.567999999999302,21.408885512502195,2025-06-02,24.0
8.90280000000227,11.719165981982549,2025-06-02,25.0
18.4120000000039,9.884174672084551,2025-06-02,26.0
18.07200000000012,17.868550920142948,2025-06-02,27.0
12.880000000004657,14.093737051420952,2025-06-02,28.0
29.1099999999953,27.621841276957394,2025-06-02,29.0
2.639999999999418,9.55528315385224,2025-06-02,30.0
35.3028000000037,27.434162292651173,2025-06-02,31.0
42.63999999999942,31.32988164290844,2025-06-02,32.0
11.0720000000001,12.32973514389775,2025-06-02,33.0
13.972000000001572,15.36341425277905,2025-06-02,34.0
46.5,37.41455684333626,2025-06-02,35.0
17.239999999997963,19.313509343815007,2025-06-02,36.0
25.1919999999955,27.418249579917763,2025-06-02,37.0
16.700000000000728,14.388586157845054,2025-06-02,38.0
12.732000000003609,15.002526226368191,2025-06-02,39.0
8.531999999999243,9.358920223174488,2025-06-03,1.0
14.6628000000043,17.03582151312966,2025-06-03,2.0
14.531999999999243,15.719903017887491,2025-06-03,3.0
19.75999999999476,16.269885963273744,2025-06-03,4.0
5.207999999998719,7.0731174573846864,2025-06-03,5.0
25.2880000000005,30.297035639359123,2025-06-03,6.0
30.07200000000012,25.75567654453326,2025-06-03,7.0
6.28000000000146,5.154584342029937,2025-06-03,8.0
21.2500000000038,20.995078826831897,2025-06-03,9.0
16.0,20.130684024252485,2025-06-03,10.0
39.67199999999866,25.902017991360477,2025-06-03,11.0
9.739999999997965,9.732118863687615,2025-06-03,12.0
10.8109999999981,12.540667540611619,2025-06-03,13.0
29.23200000000361,26.23073154891614,2025-06-03,14.0
11.0319999999992,14.011744621217522,2025-06-03,15.0
12.888000000006286,10.434052480319014,2025-06-03,16.0
6.06000000000131,4.357575699498654,2025-06-03,17.0
12.4800000000032,10.577075796264676,2025-06-03,18.0
16.5,16.4256447783402,2025-06-03,19.0
17.372000000003027,11.47029412425304,2025-06-03,20.0
26.747999999999596,23.462308868851196,2025-06-03,21.0
41.27200000000448,28.192659979831717,2025-06-03,22.0
18.0,23.96977396366298,2025-06-03,23.0
12.98399999999674,18.92494089266942,2025-06-03,24.0
12.5880000000025,10.971760644956323,2025-06-03,25.0
10.9000000000011,8.940566221056622,2025-06-03,26.0
22.007999999994357,16.0524090110895,2025-06-03,27.0
17.239999999997963,12.371062285686556,2025-06-03,28.0
30.29200000000128,24.49866258275657,2025-06-03,29.0
0.4279999999998836,7.522627598586049,2025-06-03,30.0
25.839999999996508,25.861405429044506,2025-06-03,31.0
35.288000000000466,28.96284160218196,2025-06-03,32.0
10.695999999996276,10.625109908269705,2025-06-03,33.0
12.8109999999981,14.197560529056291,2025-06-03,34.0
45.18000000000029,36.487771548970116,2025-06-03,35.0
18.20000000000437,17.486568156216237,2025-06-03,36.0
29.263999999995576,26.258031220621866,2025-06-03,37.0
16.63000000000102,13.764594402594403,2025-06-03,38.0
10.8199999999997,13.651435728324374,2025-06-03,39.0
13.372000000003029,10.585160036643835,2025-06-04,1.0
36.04799999999523,19.987533686033043,2025-06-04,2.0
18.50800000000163,17.054104079307137,2025-06-04,3.0
22.736000000004424,18.311337636778614,2025-06-04,4.0
1.6880000000019209,8.643792241831804,2025-06-04,5.0
38.18000000000029,32.09780970166279,2025-06-04,6.0
33.54399999999441,27.120478419780785,2025-06-04,7.0
14.8628000000014,6.10933734664063,2025-06-04,8.0
24.27999999999884,22.196504065187046,2025-06-04,9.0
26.919999999998254,20.98673911301772,2025-06-04,10.0
38.36000000000058,27.87290387283477,2025-06-04,11.0
14.2500000000001,10.511961661408208,2025-06-04,12.0
26.77999999999884,14.203332774100247,2025-06-04,13.0
26.288000000000466,27.107836240535196,2025-06-04,14.0
17.175999999999476,16.30974971254719,2025-06-04,15.0
25.247999999999596,11.720875024522902,2025-06-04,16.0
6.28000000000146,6.449839346385716,2025-06-04,17.0
23.167999999997846,11.922235314430841,2025-06-04,18.0
23.80000000000291,17.2979860475802,2025-06-04,19.0
13.1199999999962,13.289671144024513,2025-06-04,20.0
26.8628000000014,24.69429869152261,2025-06-04,21.0
19.88799999999901,27.803260930024436,2025-06-04,22.0
29.43999999999505,25.17119920201813,2025-06-04,23.0
29.548000000002503,19.628886727653782,2025-06-04,24.0
12.680000000000293,11.012682102708009,2025-06-04,25.0
13.87999999999738,11.097090640647274,2025-06-04,26.0
20.720000000001164,18.162109368114873,2025-06-04,27.0
28.5199999999968,14.161667471885142,2025-06-04,28.0
30.23245,26.23946079084926,2025-06-04,29.0
12.98399999999674,9.521577224046775,2025-06-04,30.0
37.2628000000101,27.498072579709543,2025-06-04,31.0
35.88000000000466,32.366600299311266,2025-06-04,32.0
18.23200000000361,11.904942259379304,2025-06-04,33.0
17.968000000000757,15.716505068622146,2025-06-04,34.0
38.59999999999855,39.65887978463458,2025-06-04,35.0
22.719999999993888,17.406307030983903,2025-06-04,36.0
25.1680000000051,27.361290260355645,2025-06-04,37.0
23.1000000000006,15.796769760540926,2025-06-04,38.0
20.807999999997264,14.852860966679536,2025-06-04,39.0
12.307999999997264,11.258620789744645,2025-06-05,1.0
32.628000000014,21.349486980578853,2025-06-05,2.0
27.239999999997963,17.681519330349968,2025-06-05,3.0
31.319999999992437,21.193510639528675,2025-06-05,4.0
2.26280000000285,7.828405406936951,2025-06-05,5.0
52.33999999999651,31.569649033631624,2025-06-05,6.0
31.255999999993943,27.808399460606115,2025-06-05,7.0
5.32800000000125,6.863359908980029,2025-06-05,8.0
21.47200000000157,22.735737240290206,2025-06-05,9.0
16.2500000000038,20.114303085086718,2025-06-05,10.0
35.61999999999534,31.130465467484253,2025-06-05,11.0
10.430000000000293,10.637353066838775,2025-06-05,12.0
10.9279999999999,14.584083220967454,2025-06-05,13.0
32.791999999994005,27.58771308448694,2025-06-05,14.0
20.743999999998778,15.376885615126694,2025-06-05,15.0
14.67199999999866,13.467777031201638,2025-06-05,16.0
4.779999999998836,6.7748159448274405,2025-06-05,17.0
14.67199999999866,11.79265162094867,2025-06-05,18.0
22.299999999999272,18.063292919133456,2025-06-05,19.0
17.847999999998137,14.383269742073766,2025-06-05,20.0
27.6559999999954,25.27674432014032,2025-06-05,21.0
20.17199999999866,26.03425777033424,2025-06-05,22.0
23.1120000000018,24.62816818809858,2025-06-05,23.0
32.26000000000204,18.479924002947083,2025-06-05,24.0
10.5879999999961,11.921402935642186,2025-06-05,25.0
20.192000000002736,11.411340044869753,2025-06-05,26.0
21.12000000000262,18.687030197394673,2025-06-05,27.0
24.9800000000032,15.301566935719277,2025-06-05,28.0
28.360000000000586,27.028728426413974,2025-06-05,29.0
19.09599999999773,9.369729773629448,2025-06-05,30.0
42.1199999999889,28.23791418488701,2025-06-05,31.0
44.63199999999779,32.42247057474274,2025-06-05,32.0
9.831999999994878,11.424905983456789,2025-06-05,33.0
22.0880000000025,16.20031344985332,2025-06-05,34.0
47.59199999999692,37.655216639320386,2025-06-05,35.0
24.460000000006403,17.409096758263452,2025-06-05,36.0
39.19999999999709,28.649114777942703,2025-06-05,37.0
9.239999999997965,16.079006187184877,2025-06-05,38.0
18.3028000000037,14.388189519447536,2025-06-05,39.0
10.0599999999977,9.169111916578691,2025-06-06,1.0
21.223999999987427,20.998384967077914,2025-06-06,2.0
14.468000000000757,15.566910065274449,2025-06-06,3.0
28.00800000000163,20.220941648024997,2025-06-06,4.0
10.907999999995807,5.526374932667598,2025-06-06,5.0
43.5679999999993,28.907613676906113,2025-06-06,6.0
24.5828000000026,26.737565625846063,2025-06-06,7.0
3.591999999996915,6.807018570419038,2025-06-06,8.0
25.987999999997555,21.48462376325535,2025-06-06,9.0
17.20799999999872,20.53594428456961,2025-06-06,10.0
30.548000000002503,29.43041721831888,2025-06-06,11.0
8.56000000000131,10.584726342553056,2025-06-06,12.0
11.372000000003,15.082020755289626,2025-06-06,13.0
31.855999999999767,26.386814240005645,2025-06-06,14.0
16.247999999999593,14.065772158911958,2025-06-06,15.0
14.9109999999966,13.293511251181766,2025-06-06,16.0
5.3299999999981,5.792192683751596,2025-06-06,17.0
7.72000000000106,11.410636194779356,2025-06-06,18.0
18.919999999998254,18.098142508955412,2025-06-06,19.0
13.580000000001746,13.686900915945493,2025-06-06,20.0
31.8280000000038,24.07188800186893,2025-06-06,21.0
22.70000000000437,23.62907251233428,2025-06-06,22.0
30.360000000000586,23.095131954475665,2025-06-06,23.0
26.839999999996508,18.382768645865312,2025-06-06,24.0
16.252000000000407,11.437155460760723,2025-06-06,25.0
10.147999999993772,11.279579032090112,2025-06-06,26.0
18.0,17.676485635453677,2025-06-06,27.0
18.987999999997555,16.23434423852963,2025-06-06,28.0
18.747999999999596,25.7379225140857,2025-06-06,29.0
8.632000000005064,7.853805297993841,2025-06-06,30.0
24.07200000000012,26.847225989483224,2025-06-06,31.0
35.27999999999884,31.56186804507383,2025-06-06,32.0
12.9360000000011,11.673972219636559,2025-06-06,33.0
12.1199999999962,14.926045904171396,2025-06-06,34.0
29.455999999998312,37.68767725431738,2025-06-06,35.0
20.619999999995343,16.689646115966863,2025-06-06,36.0
16.328000000008615,24.75525403608224,2025-06-06,37.0
17.389999999999418,15.620612386382954,2025-06-06,38.0
24.720000000001164,14.719768467727167,2025-06-06,39.0
10.7799999999988,9.82083855008857,2025-06-07,1.0
21.927999999999884,22.093099858245424,2025-06-07,2.0
23.959999999999127,17.586806030956474,2025-06-07,3.0
19.736000000004424,21.38237048171939,2025-06-07,4.0
2.628000000004249,5.487542051527542,2025-06-07,5.0
31.4120000000039,29.90966522234127,2025-06-07,6.0
25.4800000000105,27.203310855455975,2025-06-07,7.0
7.948000000003958,6.250418250659714,2025-06-07,8.0
25.747999999999596,21.034723051151488,2025-06-07,9.0
18.76000000000204,21.03551680343768,2025-06-07,10.0
36.59199999999692,30.76966243905685,2025-06-07,11.0
16.19999999999709,10.381623848583848,2025-06-07,12.0
12.75999999999476,13.443866012729552,2025-06-07,13.0
23.692000000002736,26.57289422052995,2025-06-07,14.0
18.099999999998545,15.376795526645987,2025-06-07,15.0
10.096000000005,13.191962252899417,2025-06-07,16.0
5.420000000001892,5.815559185593353,2025-06-07,17.0
3.0800000000017462,12.07262285483282,2025-06-07,18.0
19.9900000000016,17.35439440500445,2025-06-07,19.0
17.37999999999738,14.294897671927455,2025-06-07,20.0
19.752000000000407,24.16559081106226,2025-06-07,21.0
23.27999999999884,23.709844917613815,2025-06-07,22.0
11.3919999999998,21.90635402698165,2025-06-07,23.0
16.68000000000029,19.01228626703988,2025-06-07,24.0
10.7320000000036,10.686345624578653,2025-06-07,25.0
7.692000000002736,12.450686727788911,2025-06-07,26.0
18.19999999999709,17.84233039483913,2025-06-07,27.0
16.919999999998254,18.454886978928347,2025-06-07,28.0
7.72000000000106,26.036936846417397,2025-06-07,29.0
2.4199999999982538,13.925897232711755,2025-06-07,30.0
38.60800000000745,28.910461613981465,2025-06-07,31.0
55.80000000000291,33.92317092322603,2025-06-07,32.0
8.552000000003318,10.54721331893711,2025-06-07,33.0
12.760000000002035,14.687578080224934,2025-06-07,34.0
28.852000000006228,41.27298753512741,2025-06-07,35.0
21.739999999997963,18.14350062986075,2025-06-07,36.0
35.19199999999546,26.94875820905101,2025-06-07,37.0
17.62000000000262,15.037226433305147,2025-06-07,38.0
21.239999999997963,14.822471792349477,2025-06-07,39.0
12.932000000000698,9.73532020427688,2025-06-08,1.0
17.2720000000108,22.674945525905457,2025-06-08,2.0
17.60000000000582,16.791757134071855,2025-06-08,3.0
25.671999999991385,22.51710348134326,2025-06-08,4.0
12.391999999999824,6.9533492596609205,2025-06-08,5.0
32.307999999997264,30.356328169022582,2025-06-08,6.0
30.863999999986845,26.112755591917512,2025-06-08,7.0
12.1199999999962,6.016143690914645,2025-06-08,8.0
24.8109999999981,21.457587179961415,2025-06-08,9.0
21.39999999999418,19.82250578236216,2025-06-08,10.0
32.7280000000052,30.466888711361698,2025-06-08,11.0
10.7800000000025,9.973514741872973,2025-06-08,12.0
13.380000000004657,13.898895753874346,2025-06-08,13.0
31.667999999997846,26.34835780678507,2025-06-08,14.0
20.372000000003027,14.570008625801965,2025-06-08,15.0
14.5028000000008,13.960873304393564,2025-06-08,16.0
6.369999999998981,5.586733794488394,2025-06-08,17.0
7.048000000002503,11.822847210976196,2025-06-08,18.0
22.61999999999898,18.14808481245383,2025-06-08,19.0
16.580000000001746,13.835991389975211,2025-06-08,20.0
31.919999999998254,24.200122588889638,2025-06-08,21.0
26.4320000000007,23.16943886034772,2025-06-08,22.0
24.80000000000291,21.93254670589851,2025-06-08,23.0
25.26000000000204,20.20656363192061,2025-06-08,24.0
16.135999999998603,11.376319088049534,2025-06-08,25.0
12.448000000003958,11.889575287867265,2025-06-08,26.0
16.172000000005937,17.54636394931868,2025-06-08,27.0
17.9120000000039,18.393976075785115,2025-06-08,28.0
14.799999999995634,24.51221548278693,2025-06-08,29.0
0.0,14.510400995048023,2025-06-08,30.0
28.4879999999976,28.761430593866702,2025-06-08,31.0
51.70399999999791,34.50394670011644,2025-06-08,32.0
6.559999999997672,11.23230859796596,2025-06-08,33.0
17.4320000000007,14.060572030963224,2025-06-08,34.0
36.87999999999738,37.788254099279904,2025-06-08,35.0
25.1120000000018,18.079421237342604,2025-06-08,36.0
23.736000000004424,25.33612705440116,2025-06-08,37.0
19.07999999999811,15.023418912083523,2025-06-08,38.0
17.855999999999767,16.061752555615026,2025-06-08,39.0
9.788000000000466,10.477338637820354,2025-06-09,1.0
20.44799999998941,23.07695684883203,2025-06-09,2.0
18.66399999999703,19.342066377856106,2025-06-09,3.0
22.99199999999837,22.452856507226333,2025-06-09,4.0
9.127999999996971,6.421768303464684,2025-06-09,5.0
46.73200000000361,31.637343553251203,2025-06-09,6.0
31.37600000000384,26.41266210565139,2025-06-09,7.0
10.108000000000176,7.53450774590597,2025-06-09,8.0
20.29200000000128,22.068182112818004,2025-06-09,9.0
25.102000000001,19.299030954165058,2025-06-09,10.0
36.08000000000175,30.594802680810325,2025-06-09,11.0
10.8799999999974,11.19135993289714,2025-06-09,12.0
11.2880000000005,14.13668226871454,2025-06-09,13.0
32.9120000000039,26.88771711003427,2025-06-09,14.0
17.167999999997846,15.945876071406833,2025-06-09,15.0
10.2879999999932,13.53190070726441,2025-06-09,16.0
4.799999999999272,5.894696013948083,2025-06-09,17.0
12.98399999999674,11.134748381558886,2025-06-09,18.0
22.31000000000131,18.254156334117653,2025-06-09,19.0
13.7280000000052,13.912540742734826,2025-06-09,20.0
29.9280000000023,24.39044369771138,2025-06-09,21.0
32.799999999995634,23.244324396747114,2025-06-09,22.0
32.19999999999709,21.036818741082243,2025-06-09,23.0
23.307999999997264,19.833562320534625,2025-06-09,24.0
10.551999999996042,11.40653373671862,2025-06-09,25.0
10.20799999999872,12.015353999240293,2025-06-09,26.0
16.619999999995343,17.80608138350164,2025-06-09,27.0
12.32800000000134,18.245861438342658,2025-06-09,28.0
29.872000000003027,21.47091849782039,2025-06-09,29.0
6.707999999998719,9.40584287783998,2025-06-09,30.0
28.263999999995576,30.970757100212555,2025-06-09,31.0
33.7109999999995,35.93019045197316,2025-06-09,32.0
10.9120000000039,10.444166639205182,2025-06-09,33.0
11.1920000000027,14.390857762050013,2025-06-09,34.0
43.12000000000262,34.83322863823193,2025-06-09,35.0
19.548000000002503,18.473800235612373,2025-06-09,36.0
20.57600000000093,27.785268884360292,2025-06-09,37.0
11.0900000000001,15.646009700110456,2025-06-09,38.0
21.222800000002,17.184280162245525,2025-06-09,39.0
10.880000000004657,10.890458607673999,2025-06-10,1.0
17.648000000001048,23.44277530620003,2025-06-10,2.0
19.44799999999668,18.891905672277414,2025-06-10,3.0
22.3828000000055,22.59673134488696,2025-06-10,4.0
7.752000000000407,7.5555465370232175,2025-06-10,5.0
32.099999999998545,33.64813713141258,2025-06-10,6.0
30.487999999997555,27.04376969456041,2025-06-10,7.0
8.031999999999243,8.817986141929648,2025-06-10,8.0
23.135999999998603,22.601788579198082,2025-06-10,9.0
20.192000000002736,18.92158565520277,2025-06-10,10.0
37.07999999999447,31.709412784225947,2025-06-10,11.0
10.5300000000025,11.321761828889011,2025-06-10,12.0
11.3600000000006,14.106308730674474,2025-06-10,13.0
32.76799999999639,26.741963088075448,2025-06-10,14.0
14.4800000000032,16.60242124429617,2025-06-10,15.0
5.28800000000309,13.96276716435781,2025-06-10,16.0
6.81000000000131,5.731388512999214,2025-06-10,17.0
21.919999999998254,11.170516905917681,2025-06-10,18.0
19.139999999999414,18.28301873795578,2025-06-10,19.0
18.05999999999767,14.957059630738453,2025-06-10,20.0
25.49199999999837,25.94592067105581,2025-06-10,21.0
20.65600000000268,23.104864737490782,2025-06-10,22.0
24.720000000001164,20.874576257795916,2025-06-10,23.0
17.599999999998545,21.48894866816623,2025-06-10,24.0
10.1200000000026,12.04691171184129,2025-06-10,25.0
11.3319999999949,12.029440891221393,2025-06-10,26.0
17.660000000003492,18.453458100109977,2025-06-10,27.0
13.639999999999418,18.155344117234282,2025-06-10,28.0
31.68000000000029,20.3829085082359,2025-06-10,29.0
0.0,9.813172028573215,2025-06-10,30.0
35.136000000013155,29.683255847699915,2025-06-10,31.0
28.8000000000029,39.05844238437331,2025-06-10,32.0
16.135999999998603,10.06672134024289,2025-06-10,33.0
13.959999999999129,15.538033657091166,2025-06-10,34.0
33.299999999995634,35.075336209451415,2025-06-10,35.0
18.860000000000586,19.99997506692973,2025-06-10,36.0
27.07200000000012,27.3832085641681,2025-06-10,37.0
20.06999999999971,15.33115254250562,2025-06-10,38.0
16.1199999999962,17.00475897952021,2025-06-10,39.0
10.4399999999951,10.566459701456022,2025-06-11,1.0
20.648000000001048,22.72301380072561,2025-06-11,2.0
20.1280000000067,18.846502496504648,2025-06-11,3.0
28.23200000000361,23.251845363699932,2025-06-11,4.0
10.2079999999987,6.752257762771588,2025-06-11,5.0
39.81999999999971,35.33706515671877,2025-06-11,6.0
28.09600000000501,27.90751343306134,2025-06-11,7.0
10.7109999999995,8.372160124675077,2025-06-11,8.0
13.1428000000002,22.62831610714336,2025-06-11,9.0
19.839999999996508,19.711098385162952,2025-06-11,10.0
29.548000000002503,32.63654138005746,2025-06-11,11.0
10.1899999999987,11.380078110055615,2025-06-11,12.0
9.799999999995634,14.101997175503621,2025-06-11,13.0
33.4800000000032,27.247870440520703,2025-06-11,14.0
17.099999999998545,16.112644350278117,2025-06-11,15.0
21.55200000000332,14.092327961112524,2025-06-11,16.0
7.22000000000106,5.727137195874901,2025-06-11,17.0
17.760000000002037,11.421176940393945,2025-06-11,18.0
21.299999999999272,19.60026856346893,2025-06-11,19.0
17.4109999999966,14.885148028046537,2025-06-11,20.0
25.919999999998254,26.848378608708774,2025-06-11,21.0
8.21099999999953,24.936190211343497,2025-06-11,22.0
31.97599999999511,22.564758597744156,2025-06-11,23.0
25.5600000000049,22.577066680619666,2025-06-11,24.0
9.69999999999709,11.789840396090163,2025-06-11,25.0
9.62000000000262,11.1676066806729,2025-06-11,26.0
17.979999999995925,18.393672838048555,2025-06-11,27.0
18.4320000000007,18.095120655468737,2025-06-11,28.0
32.271999999997206,21.215411995672383,2025-06-11,29.0
6.512000000002445,13.287493869068859,2025-06-11,30.0
29.57599999998638,30.78512106622048,2025-06-11,31.0
38.42399999999907,38.46480849085901,2025-06-11,32.0
19.87199999999575,10.193896011150061,2025-06-11,33.0
14.327999999994065,14.749350374595082,2025-06-11,34.0
45.419999999998254,34.73065896462499,2025-06-11,35.0
23.231999999996333,20.41935645786372,2025-06-11,36.0
31.055999999996857,25.88995419882505,2025-06-11,37.0
19.51000000000204,15.211890710361097,2025-06-11,38.0
18.76000000000204,18.692153341226877,2025-06-11,39.0
8.819999999999709,14.022893870697713,2025-06-12,1.0
23.19199999999546,25.216412252671333,2025-06-12,2.0
18.25199999999313,22.339080055598814,2025-06-12,3.0
32.52799999999115,26.563843774258135,2025-06-12,4.0
12.0280000000009,8.967992929848386,2025-06-12,5.0
39.31999999999971,37.80731365014927,2025-06-12,6.0
29.047999999995227,29.65941749300108,2025-06-12,7.0
10.296000000002095,9.850943932853593,2025-06-12,8.0
14.247999999999593,24.457673109784487,2025-06-12,9.0
8.248000000006869,21.36935498866438,2025-06-12,10.0
38.9320000000007,33.93218483334663,2025-06-12,11.0
10.520000000000437,12.579788292821458,2025-06-12,12.0
10.0,15.82278686139661,2025-06-12,13.0
25.0319999999992,29.97822075547147,2025-06-12,14.0
14.599999999998545,18.039366334298265,2025-06-12,15.0
1.7919999999940046,14.843891336416545,2025-06-12,16.0
4.849999999998545,7.308869869672726,2025-06-12,17.0
10.4279999999999,13.989076241977061,2025-06-12,18.0
27.0,21.464044395957348,2025-06-12,19.0
11.2000000000044,16.431530714746913,2025-06-12,20.0
29.495999999999185,28.48472453351113,2025-06-12,21.0
38.87999999999738,23.51464421096187,2025-06-12,22.0
25.53200000000652,25.07050974432614,2025-06-12,23.0
18.27999999999884,24.983123137482742,2025-06-12,24.0
10.42000000000553,13.26507802851504,2025-06-12,25.0
17.30000000000291,12.889392711548423,2025-06-12,26.0
11.9599999999991,18.949189157203236,2025-06-12,27.0
17.239999999997963,19.09569968482063,2025-06-12,28.0
27.247999999999596,23.6411617361206,2025-06-12,29.0
3.099999999998545,7.233991907345081,2025-06-12,30.0
36.67200000000594,32.33900460802073,2025-06-12,31.0
43.36000000000058,39.97002124668854,2025-06-12,32.0
18.2500000000038,12.608855487895829,2025-06-12,33.0
17.048000000002503,16.819319794747766,2025-06-12,34.0
25.5880000000025,35.32963445557072,2025-06-12,35.0
26.44800000000396,21.894594090288592,2025-06-12,36.0
23.055999999996857,28.436084499427814,2025-06-12,37.0
13.5099999999984,16.667008803379854,2025-06-12,38.0
16.1199999999962,21.056516426449253,2025-06-12,39.0
6.639999999999418,11.070995937757282,2025-06-13,1.0
13.992000000012922,21.416157922588045,2025-06-13,2.0
9.92000000000553,19.98593458039149,2025-06-13,3.0
23.19200000001001,24.39081423882467,2025-06-13,4.0
4.391999999999825,9.14778697975899,2025-06-13,5.0
24.891999999999825,35.53847571595918,2025-06-13,6.0
18.960000000006403,27.995120901218364,2025-06-13,7.0
7.952000000004773,9.134980662115224,2025-06-13,8.0
10.3280000000013,21.879445956022742,2025-06-13,9.0
24.64799999999377,19.49266438804596,2025-06-13,10.0
23.531999999999243,30.8979773443155,2025-06-13,11.0
7.450000000000728,10.933972856042613,2025-06-13,12.0
20.880000000004657,12.257799044832986,2025-06-13,13.0
23.648000000001048,28.948041395982827,2025-06-13,14.0
9.4800000000032,17.08468145121582,2025-06-13,15.0
10.3919999999962,13.651086363839424,2025-06-13,16.0
7.900000000001455,6.310938656310625,2025-06-13,17.0
10.160000000003492,12.329792940253727,2025-06-13,18.0
19.65999999999985,20.181992723900795,2025-06-13,19.0
10.8079999999973,15.892390021823319,2025-06-13,20.0
11.2628000000029,26.27250935553257,2025-06-13,21.0
16.132000000005064,20.98633349127785,2025-06-13,22.0
22.67999999999301,24.076728576089703,2025-06-13,23.0
13.49199999999837,22.389311250956045,2025-06-13,24.0
6.5679999999993015,11.690416794260003,2025-06-13,25.0
6.239999999997963,11.280311427477852,2025-06-13,26.0
10.720000000001164,17.936173605076764,2025-06-13,27.0
16.752000000000407,16.851477791028326,2025-06-13,28.0
24.32800000000134,22.403497086137076,2025-06-13,29.0
3.868000000002212,8.729518031261929,2025-06-13,30.0
13.8628000000014,30.407133343113617,2025-06-13,31.0
29.96799999999348,38.0028627570548,2025-06-13,32.0
8.080000000001746,11.987667535468002,2025-06-13,33.0
11.4320000000007,15.012272325895225,2025-06-13,34.0
25.3028000000037,34.28438894473362,2025-06-13,35.0
13.5199999999968,20.969270819780554,2025-06-13,36.0
19.296000000002092,26.979577568813042,2025-06-13,37.0
9.319999999999707,15.358579562562364,2025-06-13,38.0
12.88799999999901,19.121916409683514,2025-06-13,39.0
6.5680000000065775,10.853967990326403,2025-06-14,1.0
10.6719999999914,20.177334884231335,2025-06-14,2.0
11.5079999999944,19.17186112244161,2025-06-14,3.0
24.6079999999929,24.434220043386347,2025-06-14,4.0
6.560000000004948,9.951090055731429,2025-06-14,5.0
18.296000000002092,35.30004414960501,2025-06-14,6.0
11.1120000000018,27.45210105487228,2025-06-14,7.0
9.219999999993888,9.639349118088951,2025-06-14,8.0
18.3839999999982,20.728093314587955,2025-06-14,9.0
22.9428000000031,18.627745403544907,2025-06-14,10.0
30.228000000002798,32.45670387867441,2025-06-14,11.0
8.5,11.020937501786044,2025-06-14,12.0
10.679999999993017,12.19850746170867,2025-06-14,13.0
24.959999999999127,28.561059343289376,2025-06-14,14.0
8.971999999994296,16.644242916018268,2025-06-14,15.0
16.1199999999999,9.457830479687075,2025-06-14,16.0
7.75,6.226050968263553,2025-06-14,17.0
5.307999999997264,11.757582629286663,2025-06-14,18.0
6.82800000000011,21.035434905242063,2025-06-14,19.0
9.279999999998836,14.774746799983241,2025-06-14,20.0
17.639999999999418,26.90188574468226,2025-06-14,21.0
23.5707927754136,23.760836161311275,2025-06-14,22.0
11.9320000000007,23.68736957973661,2025-06-14,23.0
12.760000000002035,21.369449185691547,2025-06-14,24.0
7.18280000000101,11.709626992089698,2025-06-14,25.0
8.531999999999243,10.915344174327043,2025-06-14,26.0
10.512000000002445,16.740073974163753,2025-06-14,27.0
10.527999999998428,16.10319574037478,2025-06-14,28.0
21.512000000002445,22.640934183148175,2025-06-14,29.0
0.710999999999525,6.906856797778005,2025-06-14,30.0
32.24799999999232,30.220338566025614,2025-06-14,31.0
27.1020000000083,38.22513705189941,2025-06-14,32.0
10.6599999999962,12.610568925898555,2025-06-14,33.0
10.9800000000032,14.306036289931274,2025-06-14,34.0
25.93599999999424,32.39662741153553,2025-06-14,35.0
10.7920000000013,21.10968444861655,2025-06-14,36.0
11.2719999999972,25.173504043627695,2025-06-14,37.0
9.28000000000146,16.060242906734064,2025-06-14,38.0
10.03200000000652,18.964679863954125,2025-06-14,39.0
5.25399999999732,10.317146983097064,2025-06-15,1.0
10.1828000000084,19.403636423868374,2025-06-15,2.0
10.520000000004076,17.77591153488295,2025-06-15,3.0
22.0,24.25688225111088,2025-06-15,4.0
8.647999999993772,9.130383521274535,2025-06-15,5.0
29.223999999994703,32.1982011734008,2025-06-15,6.0
21.648000000001048,27.327848388872777,2025-06-15,7.0
6.25000000000378,9.955174993355605,2025-06-15,8.0
17.0,18.774974328239875,2025-06-15,9.0
6.987999999997555,19.285701979550403,2025-06-15,10.0
25.859999999993303,30.332318510468493,2025-06-15,11.0
6.450000000000728,10.90154867410041,2025-06-15,12.0
11.0,13.719740868650572,2025-06-15,13.0
19.05199999999604,27.775185363608234,2025-06-15,14.0
6.7479999999995925,15.429116059328992,2025-06-15,15.0
10.4480000000003,11.099662817733066,2025-06-15,16.0
4.719999999997526,6.76724211689434,2025-06-15,17.0
6.451999999997497,12.120703740252324,2025-06-15,18.0
20.079999999999927,21.020301479952405,2025-06-15,19.0
6.819999999999709,14.31544815990257,2025-06-15,20.0
14.87999999999738,24.524555930101894,2025-06-15,21.0
22.44799999999668,22.319907859479123,2025-06-15,22.0
16.0,23.78277172178526,2025-06-15,23.0
7.860000000000582,19.920628217970254,2025-06-15,24.0
5.73599999999711,10.518081201882396,2025-06-15,25.0
6.908000000003085,10.407472383500956,2025-06-15,26.0
9.927999999999884,16.145152592969204,2025-06-15,27.0
10.0,15.830019824472503,2025-06-15,28.0
19.05999999999767,22.874342233226248,2025-06-15,29.0
7.059999999997672,11.885918654442909,2025-06-15,30.0
17.3920000000071,28.222399733805258,2025-06-15,31.0
21.79200000000128,36.82082286281587,2025-06-15,32.0
7.71099999999953,12.200997755730429,2025-06-15,33.0
4.947999999996682,14.227090129908664,2025-06-15,34.0
16.880000000004657,31.236227779468507,2025-06-15,35.0
7.135999999998603,20.102415240027142,2025-06-15,36.0
21.888000000006286,24.36100799174193,2025-06-15,37.0
7.739999999997963,15.106257571476332,2025-06-15,38.0
7.775999999998021,17.188558991751076,2025-06-15,39.0
5.0,9.726316827756444,2025-06-16,1.0
10.0,17.774449910462604,2025-06-16,2.0
10.0,17.06090124622613,2025-06-16,3.0
24.0,25.141358029142722,2025-06-16,4.0
8.0,9.235200165051904,2025-06-16,5.0
30.0,30.54988443304858,2025-06-16,6.0
20.0,24.656668241673255,2025-06-16,7.0
7.0,10.229136084440627,2025-06-16,8.0
11.0,17.98491875814474,2025-06-16,9.0
7.235,20.340523887885695,2025-06-16,10.0
25.0,30.648504909432447,2025-06-16,11.0
7.0,10.196279413354052,2025-06-16,12.0
18.4232300395354,13.53862385657565,2025-06-16,13.0
20.0,27.831041266701067,2025-06-16,14.0
7.859999999996944,14.146670148205237,2025-06-16,15.0
10.223999999994705,12.648315208228373,2025-06-16,16.0
6.22599999999876,7.53814428527029,2025-06-16,17.0
5.879999999997381,12.31299143894436,2025-06-16,18.0
18.52499999999964,18.68647543643005,2025-06-16,19.0
13.602800000003,13.760012555225588,2025-06-16,20.0
27.080000000001743,23.777391455285212,2025-06-16,21.0
11.6942202549845,22.70859369777892,2025-06-16,22.0
26.62999999999738,23.952956601149733,2025-06-16,23.0
17.37800000000061,19.41675847092002,2025-06-16,24.0
9.727999999999156,10.329199567105494,2025-06-16,25.0
7.0,10.673009114390306,2025-06-16,26.0
17.2559999999977,14.730203728280204,2025-06-16,27.0
13.7664721110554,14.690881369199245,2025-06-16,28.0
29.495999999999185,25.367733573709035,2025-06-16,29.0
5.53199999999924,10.555504569035113,2025-06-16,30.0
31.78399999999965,28.480985386150106,2025-06-16,31.0
38.0639999999984,35.11499410537869,2025-06-16,32.0
6.5,12.463375064128805,2025-06-16,33.0
14.582000000002154,14.510551422408438,2025-06-16,34.0
44.81000000000131,30.489222233387377,2025-06-16,35.0
18.3928000000002,18.614855460911226,2025-06-16,36.0
27.3839999999982,22.68037465276782,2025-06-16,37.0
8.0,13.87290079828773,2025-06-16,38.0
16.978000000002794,16.161180127047427,2025-06-16,39.0
