image,decision,reason
images_AI_1_450_2_jpg.rf.e73cd344487a2819caf6fab8bd379bdd.jpg,approved,valid
images_AI_1_780_2_jpg.rf.ba38437795a30e8ef2892497af13aa53.jpg,approved,valid
images_AI_1_840_2_jpg.rf.a8b89b58dad1c132cc10cf991a166ef0.jpg,approved,valid
images_design_1110_2_jpg.rf.52bad2e9cb04cc68627a30df7dbe8777.jpg,approved,valid
images_design_150_2_jpg.rf.ecbe9145fcd9526efcdcbade045ec740.jpg,approved,valid
images_design_300_2_jpg.rf.77ecaa8b9d6b5f83320cfc9fce0590af.jpg,approved,valid
images_design_30_2_jpg.rf.a4bef2234e8bf8a3de46197af8a932d8.jpg,approved,valid
images_design_510_2_jpg.rf.6541f9c259040389e73661289dec8bf2.jpg,approved,valid
images_design_60_2_jpg.rf.b4f24355eeba3942e8868f966c4c00cc.jpg,approved,valid
images_design_810_2_jpg.rf.d1b27a10dc17e315a9952197f0c38845.jpg,approved,valid
images_hanh_lang_30_2_jpg.rf.b86d6bd5a654ab8dd4de9c060274995f.jpg,approved,valid
images_hanh_lang_420_2_jpg.rf.e7575531d2d69460e8d05cb60bc3dc8b.jpg,approved,valid
images_hanh_lang_720_2_jpg.rf.28ddaab497064897a4a5a68f006ba3df.jpg,approved,valid
images_MKT_1020_2_jpg.rf.d0a90bae48394882c3a229edbaa35126.jpg,approved,valid
images_MKT_120_2_jpg.rf.6b5afd1fb7b44804f8e71e05011233b6.jpg,approved,valid
images_MKT_192_2_jpg.rf.cd9c76357e547e1f8600207faffb2a57.jpg,approved,valid
images_MKT_204_2_jpg.rf.4f3c82552e4341cbcad525009eda201c.jpg,approved,valid
images_MKT_240_2_jpg.rf.387c9cbfb159a3cb527a3627f2392fd4.jpg,approved,valid
images_MKT_294_2_jpg.rf.f79a1a0d86727aa341c9ba00c0bf2733.jpg,approved,valid
images_MKT_390_2_jpg.rf.8ce518585921efc579b751e53f3834ab.jpg,approved,valid
images_MKT_48_2_jpg.rf.2c36666797b254bd385a8726f7590edb.jpg,approved,valid
images_MKT_660_2_jpg.rf.cf870a17f29b006a15d184ff9f4b7498.jpg,approved,valid
images_MKT_6_2_jpg.rf.e80951c8c2a1dff9cf76661f9e4ebfaf.jpg,approved,valid
images_MKT_72_2_jpg.rf.c3d6dd3fd8c294cd279d404f4365aad5.jpg,approved,valid
images_MKT_810_2_jpg.rf.623114445f1c7786f115081d4f92cce7.jpg,approved,valid
images_MKT_960_2_jpg.rf.9d5141da2443c66a420401225c526095.jpg,approved,valid
images_relax2_180_2_jpg.rf.bca037dc2f2405cc1dbdf1333b90326c.jpg,approved,valid
images_relax2_186_2_jpg.rf.89bf9f7de12934381204b2b1944fe2f1.jpg,approved,valid
images_relax2_276_jpg.rf.e27dbb1b4d9bba0f371e1e95157afd88.jpg,approved,valid
images_relax2_96_2_jpg.rf.6c52cfc95710e6bb0ac6c6b36279d237.jpg,approved,valid
images_relax3_132_2_jpg.rf.794cc9d9f7ca30aedb01d90d878c58ac.jpg,approved,valid
images_relax3_36_2_jpg.rf.6adc66a0989c8910e1caf1628094b911.jpg,approved,valid
images_relax3_72_2_jpg.rf.a86f9aea9e8ec240600d383171489751.jpg,approved,valid
images_relax_1_270_2_jpg.rf.52a4288eb1f50ce99c692f73e506e398.jpg,approved,valid
images_relax_1_300_2_jpg.rf.5f9f08493286fb9998f5dd1c46223667.jpg,approved,valid
images_relax_1_30_2_jpg.rf.f96d6a1b27fcc3a5a6c3ed5b6ad0260e.jpg,approved,valid
images_relax_1_420_2_jpg.rf.3a80f386be2c9b5c168d4064ed5d29c7.jpg,approved,valid
images_relax_1_540_2_jpg.rf.2050a36746169ca69ae419e122d43a94.jpg,approved,valid
images_relax_1_840_2_jpg.rf.0e0c4e43c04d2ea25e1abc109f19f013.jpg,approved,valid
images_relax_1_930_2_jpg.rf.9ef8128da2e6d8022e92d9e7793a6889.jpg,approved,valid
images_relax_2_690_2_jpg.rf.d1b02825ff17d824b91023a65106121d.jpg,approved,valid
images_relax_2_90_2_jpg.rf.0338b8f9f2d818984c95396051668076.jpg,approved,valid
images_relax_3_300_2_jpg.rf.c76436868e479eea62159d3c449e6800.jpg,approved,valid
images_relax_3_570_2_jpg.rf.8f76bdf536de45bbf293826b62e1f587.jpg,approved,valid
images_relaxFaceX_102_2_jpg.rf.d28cf5712de302c03f9b1f0c02841b19.jpg,approved,valid
images_relaxFaceX_114_jpg.rf.8196859f5ddb3eb6e8b04c817919edce.jpg,approved,valid
images_relaxFaceX_132_2_jpg.rf.ead57110e298667c759e43b33d1b524c.jpg,approved,valid
images_relaxFaceX_144_2_jpg.rf.56a6d82a4772199f1e48c7992b79138d.jpg,approved,valid
images_relaxFaceX_198_2_jpg.rf.5884609b7f32dd61dbbfb06eff671622.jpg,approved,valid
images_relaxFaceX_210_jpg.rf.d0ae6a2048ffdfcd8247ae70ec337d45.jpg,approved,valid
images_relaxFaceX_246_jpg.rf.10f1c30ca87495f1acaa485fccf75b19.jpg,approved,valid
images_relaxFaceX_24_jpg.rf.d82a3a70ee2d9b8f0259b5ab61da80dd.jpg,approved,valid
images_relaxFaceX_264_2_jpg.rf.7ff8e0a17143145f996b0297b94d6b0e.jpg,approved,valid
images_relaxFaceX_276_2_jpg.rf.cc1a7706caa422e31f477b796caae66f.jpg,approved,valid
images_relaxFaceX_54_2_jpg.rf.725ae9cb6ce8f36e414ecbae13b9557c.jpg,approved,valid
images_relaxFaceX_66_2_jpg.rf.bf7937ee7813a71befce94c1b4cfeeaf.jpg,approved,valid
images_AI_1_150_2_jpg.rf.62cb5761a1d91a8c8cc416c74af34c69.jpg,approved,valid
images_AI_1_150_2_jpg.rf.a7a111683cb53f68efd8af289bf0b0a4.jpg,approved,valid
images_AI_1_180_2_jpg.rf.7c944afc743a46e934e25497d80b445c.jpg,approved,valid
images_AI_1_180_2_jpg.rf.7cf1fec5a4f55c388d255be60cc1b6c4.jpg,approved,valid
images_AI_1_210_2_jpg.rf.25d7bfa0cdbf7f0eb3785fe8a7515978.jpg,approved,valid
images_AI_1_210_2_jpg.rf.ac8803d2f917fca9b94260b9b05472bd.jpg,approved,valid
images_AI_1_210_2_jpg.rf.e6af6af661115954b13c7ea6edd4f892.jpg,approved,valid
images_AI_1_270_2_jpg.rf.05f76c851a042b2cb1acc75f0c9f234c.jpg,approved,valid
images_AI_1_270_2_jpg.rf.0ca118bc85f3f85c9cf5c8a5f022a2d3.jpg,approved,valid
images_AI_1_270_2_jpg.rf.d9672debfd3506cd5d0ded938fba31cc.jpg,approved,valid
images_AI_1_300_2_jpg.rf.cff65dbce08abeead881db2fe0c0eac5.jpg,approved,valid
images_AI_1_300_2_jpg.rf.d6815cd39c9085d7d25e292f855a8afe.jpg,approved,valid
images_AI_1_30_2_jpg.rf.0b2771a3d312c7e2ecef61811af273b9.jpg,approved,valid
images_AI_1_30_2_jpg.rf.1ac26d250e3362b6223171c812d3c333.jpg,approved,valid
images_AI_1_330_2_jpg.rf.290cbceaf8cc6362ddaab50d2e1a5d3e.jpg,approved,valid
images_AI_1_330_2_jpg.rf.a1dc115fce8be1ccf7d9006bfa6d4983.jpg,approved,valid
images_AI_1_330_2_jpg.rf.a920002497901c9e786017875dda5f39.jpg,approved,valid
images_AI_1_420_2_jpg.rf.3f3226be29c62636007deafecab9d6c1.jpg,approved,valid
images_AI_1_420_2_jpg.rf.819ece2ecb4f6b6b0ce0a04b4d9291d2.jpg,approved,valid
images_AI_1_480_2_jpg.rf.c883146438ab8b152edc8b545bfa4467.jpg,approved,valid
images_AI_1_480_2_jpg.rf.e35e173a673b07555c9882a79b927fdb.jpg,approved,valid
images_AI_1_570_2_jpg.rf.2bf51fff84c40d6332f4fb3009727bff.jpg,approved,valid
images_AI_1_570_2_jpg.rf.424ff49511b260503fe332c21c7fc62a.jpg,approved,valid
images_AI_1_570_2_jpg.rf.862265f06979ecd8b20ae7a91ebbfe27.jpg,approved,valid
images_AI_1_600_2_jpg.rf.146474ba2d162be43e2e4c34725f6b51.jpg,approved,valid
images_AI_1_60_2_jpg.rf.04c017fc78ea9e97858dc71c0f18f0a0.jpg,approved,valid
images_AI_1_630_2_jpg.rf.1bd5a9494343dbbcfda1b2a95d72fd11.jpg,approved,valid
images_AI_1_630_2_jpg.rf.c046e713cf149099e474232278044dd1.jpg,approved,valid
images_AI_1_660_2_jpg.rf.a198cffc13b780cb3e0aef3cbe11a628.jpg,approved,valid
images_AI_1_660_2_jpg.rf.fe82607e277200e0be0fa64bf1655ea0.jpg,approved,valid
images_AI_1_690_2_jpg.rf.255bcbdcc4ceeab127f916515e97e82b.jpg,approved,valid
images_AI_1_690_2_jpg.rf.7b44dca65e2b556811ff460f2025e7ef.jpg,approved,valid
images_AI_1_690_2_jpg.rf.fa6f29315bd9e1c536327724355646af.jpg,approved,valid
images_AI_1_720_2_jpg.rf.2ec9dd91f9bcd59cf81b44e79f160ad1.jpg,approved,valid
images_AI_1_750_2_jpg.rf.3e3b7cf604aa5a7dbf4b6f7e19ba2015.jpg,approved,valid
images_AI_1_750_2_jpg.rf.6620be213a0fe51163fc7462684f7b6b.jpg,approved,valid
images_AI_1_870_2_jpg.rf.4ed73451bcb51a75cfaeca72560c731a.jpg,approved,valid
images_AI_1_870_2_jpg.rf.8e47f4c56f9dc1b1f49a28762b748c30.jpg,approved,valid
images_AI_1_870_2_jpg.rf.fdb7c4b1350e41647215bd4f8ab89cbb.jpg,approved,valid
images_AI_1_90_2_jpg.rf.90b54a89a14ff699b13c46d17ca5bffd.jpg,approved,valid
images_AI_1_90_2_jpg.rf.b42db145d9f5debf435dc4f02113f9c3.jpg,approved,valid
images_AI_1_930_2_jpg.rf.2eb32607d0fb08031391df1569d5961f.jpg,approved,valid
images_AI_1_930_2_jpg.rf.addf21980810267fe8aaccfe10cecb3b.jpg,approved,valid
images_AI_2_120_2_jpg.rf.08865667e8c706bf342b82209511d141.jpg,approved,valid
images_AI_2_120_2_jpg.rf.a2f41e69ef3f7bc5fcc79aea9bcc28cc.jpg,approved,valid
images_AI_2_120_2_jpg.rf.ecc7700ae5db482077a1cc9e39fe0b3a.jpg,approved,valid
images_AI_2_150_2_jpg.rf.526bcc00bebaddc2a321da76acd71baf.jpg,approved,valid
images_AI_2_150_2_jpg.rf.9446e56a308f3b987d3639fec8fd7f5c.jpg,approved,valid
images_AI_2_150_2_jpg.rf.d735d1dd0592b8b9fd5832d2b81b1178.jpg,approved,valid
images_AI_2_180_2_jpg.rf.35642f153f1f321eca5b40c8070744c6.jpg,approved,valid
images_AI_2_180_2_jpg.rf.9caf238491d7e44a5f4556f25ad80e44.jpg,approved,valid
images_AI_2_180_2_jpg.rf.de0fef519e33d5f3b6fe3a22a9de67d0.jpg,approved,valid
images_AI_2_240_2_jpg.rf.06fa6c8412eac8c95130bb2efc0a13d7.jpg,approved,valid
images_AI_2_240_2_jpg.rf.380ceecbeb563fb947b08beaaa3577fa.jpg,approved,valid
images_AI_2_240_2_jpg.rf.7a0f201157919e80386f8a84aa4e83ca.jpg,approved,valid
images_AI_2_30_2_jpg.rf.462cc5ac733f9ed6d9b42ddb1bc9f812.jpg,approved,valid
images_AI_2_30_2_jpg.rf.aa71a63b53190ca84c14cc83f65da2ff.jpg,approved,valid
images_AI_2_30_2_jpg.rf.cf66317a86153a1fa70697f0bb0affbf.jpg,approved,valid
images_AI_2_60_2_jpg.rf.1374b4458805c95286160e96e526cd4e.jpg,approved,valid
images_AI_2_60_2_jpg.rf.8aebf91dbc8ee89ce65609d40ddeb111.jpg,approved,valid
images_AI_2_60_2_jpg.rf.9004cbc3707c1ec12a65fa9b4e99c9e3.jpg,approved,valid
images_AI_2_90_2_jpg.rf.0f99f2d97f1f50c30d062f099c46231b.jpg,approved,valid
images_AI_2_90_2_jpg.rf.16319cac361dcc670237412f88c376d4.jpg,approved,valid
images_AI_2_90_2_jpg.rf.36da8885d32b2d39b60aa8f637e3a33c.jpg,approved,valid
images_design_0_2_jpg.rf.1138f7bb02d08b0f6749afe15bb85510.jpg,approved,valid
images_design_0_2_jpg.rf.9781123d14284b7cb8bcdf9a17d6db36.jpg,approved,valid
images_design_0_2_jpg.rf.f365b9de18605d30bd852cc8c82d0fe6.jpg,approved,valid
images_design_1020_2_jpg.rf.2d0c0b6a7cecb114537c628b1462ee39.jpg,approved,valid
images_design_1020_2_jpg.rf.320c6d3282a1d06871370026f362f45e.jpg,approved,valid
images_design_1020_2_jpg.rf.938414f4608b5bf67b3ce9cdd143cf1f.jpg,approved,valid
images_design_1080_2_jpg.rf.62703160339ab455013f1ef3d0c1cffd.jpg,approved,valid
images_design_1080_2_jpg.rf.8a3f1bf8f75b69179cb2ce20f75919ed.jpg,approved,valid
images_design_1080_2_jpg.rf.e2f1835f4dd72c92037a9d9f4faa6b45.jpg,approved,valid
images_design_1140_2_jpg.rf.0b6c18ee81890f1256af7c1173e9872c.jpg,approved,valid
images_design_1140_2_jpg.rf.99f1e0a56687afebc3abd7b3395ce661.jpg,approved,valid
images_design_1140_2_jpg.rf.bdae658e30b78230c46a8d03c6a504fe.jpg,approved,valid
images_design_1200_2_jpg.rf.0ebd3d8e11062ba5dd242c4c84cd73e6.jpg,approved,valid
images_design_1200_2_jpg.rf.34bfb2bba8f0e20ac0249e05f6a86f6c.jpg,approved,valid
images_design_1200_2_jpg.rf.b6ede9a3d409926f3b808c517d9be701.jpg,approved,valid
images_design_120_2_jpg.rf.706b802c2e9f7727a7b566fcad527e72.jpg,approved,valid
images_design_120_2_jpg.rf.759219b9766e04e24495c42d2714dcf4.jpg,approved,valid
images_design_120_2_jpg.rf.f01e8c69368771e19ee993b7d03832a6.jpg,approved,valid
images_design_1230_2_jpg.rf.2058fbeb56868be2f7d49e2e17a7be5e.jpg,approved,valid
images_design_1230_2_jpg.rf.89c289ed57e70c5349b43804f21a1390.jpg,approved,valid
images_design_1230_2_jpg.rf.90ac3cfb0a1a4be1ae80a3e9eef29b91.jpg,approved,valid
images_design_1260_2_jpg.rf.0b087028aa374c2fdc3d9141fb6f3078.jpg,approved,valid
images_design_1260_2_jpg.rf.3b8a4f34683fbe7d73815e3c3b652791.jpg,approved,valid
images_design_1260_2_jpg.rf.7273a3343c7a2285d57e72ffa50023d4.jpg,approved,valid
images_design_1290_2_jpg.rf.2c24214b98abdc77e4c9aef41bf4a0ce.jpg,approved,valid
images_design_1290_2_jpg.rf.473059abfbeb1df6b239121fd7d99838.jpg,approved,valid
images_design_1290_2_jpg.rf.8fcf18619eaed84b38220889ab553174.jpg,approved,valid
images_design_1320_2_jpg.rf.3dbddc3bebd68467c94a697ed6edd743.jpg,approved,valid
images_design_1320_2_jpg.rf.c2e6b72077a8d212bd204ca9c974d2cb.jpg,approved,valid
images_design_1320_2_jpg.rf.f7d26b62d9cef29f2607ced91a4ba11a.jpg,approved,valid
images_design_1350_2_jpg.rf.0f48e505717673e07a4c2a88502b0000.jpg,approved,valid
images_design_1350_2_jpg.rf.7a37a50c59a784da08c5fe2994c1ee0a.jpg,approved,valid
images_design_1350_2_jpg.rf.874f18088df56bef0a83001a0d313bd0.jpg,approved,valid
images_design_1380_2_jpg.rf.30ab9d1189803656f2362d0074be812c.jpg,approved,valid
images_design_1380_2_jpg.rf.6b12deab7496047a75855576023aec4c.jpg,approved,valid
images_design_1380_2_jpg.rf.a085cfddcac9b3bf7f05885498364bff.jpg,approved,valid
images_design_1410_2_jpg.rf.59287707b5167787258d7fd5d0406773.jpg,approved,valid
images_design_1410_2_jpg.rf.962a0a05c207f91869fa243689f5a2ee.jpg,approved,valid
images_design_1410_2_jpg.rf.d019dc1ff6c26862fc369f015131997e.jpg,approved,valid
images_design_1440_2_jpg.rf.2c669da68e96a8914f63612bb1e0196a.jpg,approved,valid
images_design_1440_2_jpg.rf.c92b4dd583eb313ded8c35f12841bcca.jpg,approved,valid
images_design_1440_2_jpg.rf.d3cba46eeb21f93147821606f0857b81.jpg,approved,valid
images_design_1470_2_jpg.rf.4cd5a2212744c9727dfc3b63566ecca6.jpg,approved,valid
images_design_1470_2_jpg.rf.823709b38eab3965fd810c671efeff66.jpg,approved,valid
images_design_1470_2_jpg.rf.e95a39a927b303d82db8be2b45522bc9.jpg,approved,valid
images_design_270_2_jpg.rf.5c8fd4c8ec24007120e967ebe6175145.jpg,approved,valid
images_design_270_2_jpg.rf.81ee15c7ae1cb718fc8ef068c673fe36.jpg,approved,valid
images_design_270_2_jpg.rf.d1d3b0cac143e2477e36f449ac165c16.jpg,approved,valid
images_design_330_2_jpg.rf.2b4e715b6c17d8af0d48d6f40088aeb1.jpg,approved,valid
images_design_330_2_jpg.rf.3fa4ad36c8e7d98a8f6fc4051ead8427.jpg,approved,valid
images_design_330_2_jpg.rf.5c2b8b1acf957474b733573f5867697f.jpg,approved,valid
images_design_360_2_jpg.rf.3658feaa4fce184a029b52abb6b80470.jpg,approved,valid
images_design_360_2_jpg.rf.687bcbcf7e7c218d295cd054086dca2d.jpg,approved,valid
images_design_360_2_jpg.rf.c2718baf574a398f3de6263aebfb4fb5.jpg,approved,valid
images_design_390_2_jpg.rf.5b7b405f7391a097d69c817575abe13a.jpg,approved,valid
images_design_390_2_jpg.rf.b76043637ff187ff2653dbccdd0a1ef0.jpg,approved,valid
images_design_390_2_jpg.rf.cb0addd6013bfaaabf3a564bfba54109.jpg,approved,valid
images_design_420_2_jpg.rf.1118204d45ece79a8be620ccfa1bdc1b.jpg,approved,valid
images_design_420_2_jpg.rf.539b19400d81d38d8f8d7fdcf96f4723.jpg,approved,valid
images_design_420_2_jpg.rf.75a3f8e3102740960337f07ba43f247b.jpg,approved,valid
images_design_450_2_jpg.rf.4b9c9afc59f45ae12554f6b48ba862c3.jpg,approved,valid
images_design_450_2_jpg.rf.d894d591b0f04becfac2e695776a4a27.jpg,approved,valid
images_design_450_2_jpg.rf.f7b1fc95b00fdc95a105620ca7c1615b.jpg,approved,valid
images_design_480_2_jpg.rf.3de811864cb335439efceac569cf5893.jpg,approved,valid
images_design_480_2_jpg.rf.53c5162ecdc3d96e98819bd457087410.jpg,approved,valid
images_design_480_2_jpg.rf.60da6db33df319ef65da12d64c054da2.jpg,approved,valid
images_design_540_2_jpg.rf.070e0c0d2a9e55d224ea72b72d42dd57.jpg,approved,valid
images_design_540_2_jpg.rf.5d30ed2a724b1ff73c977f0c51d42caa.jpg,approved,valid
images_design_540_2_jpg.rf.a733b3c88ef263723f9ea699b933b953.jpg,approved,valid
images_design_600_2_jpg.rf.616e1112a6efb1525a2332ce101ca88b.jpg,approved,valid
images_design_600_2_jpg.rf.73bdeacebc8fac99e2b792c18904ce81.jpg,approved,valid
images_design_600_2_jpg.rf.7ab8d51e0f360de841e3bb2968a082c6.jpg,approved,valid
images_design_630_2_jpg.rf.2a8febe9dc454f24cd6cb3854c181386.jpg,approved,valid
images_design_630_2_jpg.rf.c54cc2529efa1d7f846b4eb27999c760.jpg,approved,valid
images_design_630_2_jpg.rf.fbeec0806b3d59d4b37a91e0a67d94ff.jpg,approved,valid
images_design_660_2_jpg.rf.19f32ede192e1b9da22ec9188277e6b2.jpg,approved,valid
images_design_660_2_jpg.rf.60c3db1e6bc1d330e4bcd8bf2eab5d53.jpg,approved,valid
images_design_660_2_jpg.rf.6dba5ce1bbcdf2197bbdb235b7d621b9.jpg,approved,valid
images_design_690_2_jpg.rf.085cd086b7bbed131f38a0e3ecc5f78d.jpg,approved,valid
images_design_690_2_jpg.rf.31555f92b4b3ec076dd3460ad044d6e8.jpg,approved,valid
images_design_690_2_jpg.rf.78732d19ab74d27a1eac8a814f0d366c.jpg,approved,valid
images_design_720_2_jpg.rf.a28bb7ca25b595ada03bd7f666ad1c77.jpg,approved,valid
images_design_720_2_jpg.rf.ce0292bf58272f506dfb67ab8eb7ed4b.jpg,approved,valid
images_design_720_2_jpg.rf.f50600e1b1433ad601e7f7f7402feb98.jpg,approved,valid
images_design_750_2_jpg.rf.8a42330db278267ed60cba957ba356bb.jpg,approved,valid
images_design_750_2_jpg.rf.c79f1c829bdf6b9a59f978944a71b4d5.jpg,approved,valid
images_design_750_2_jpg.rf.e5772af123192dfbf5c2d7971f44e87d.jpg,approved,valid
images_design_840_2_jpg.rf.7c7d851f82a0006ef3e6743b3bf8cec1.jpg,approved,valid
images_design_840_2_jpg.rf.94a5d5e50a541b814a3b5518e888af9a.jpg,approved,valid
images_design_840_2_jpg.rf.970c38d5ba8888a637e0c36feb91fec8.jpg,approved,valid
images_design_870_2_jpg.rf.30d30bd9f123bdecd41347b3b7b34186.jpg,approved,valid
images_design_870_2_jpg.rf.955580c7bd0353e5aac3962ab0607639.jpg,approved,valid
images_design_870_2_jpg.rf.a8810e0d2a15d0cee755b58c282f29db.jpg,approved,valid
images_design_900_2_jpg.rf.1b38f5bdc8499035d68a59db2b972c1e.jpg,approved,valid
images_design_900_2_jpg.rf.7477054c3d955ac8db2742716acf90f4.jpg,approved,valid
images_design_900_2_jpg.rf.e3f24f99ad1e52573a6fef22933b4999.jpg,approved,valid
images_design_90_2_jpg.rf.04a4b4c623c6a369061ea3916ee8926d.jpg,approved,valid
images_design_90_2_jpg.rf.439e1b7de64b32ebdae67c2c3386be84.jpg,approved,valid
images_design_90_2_jpg.rf.71b81098464bae6e0b5d43a6ec8cd6d9.jpg,approved,valid
images_design_930_2_jpg.rf.3d19839494b27042de40e483bb063e4c.jpg,approved,valid
images_design_930_2_jpg.rf.ca011fdf9fb50bdd6157883bdce0142e.jpg,approved,valid
images_design_930_2_jpg.rf.cfab14bcf0b2e1b9c8ea6467cac8127d.jpg,approved,valid
images_design_960_2_jpg.rf.a09640dac5159c77f537c3a2f4cad34b.jpg,approved,valid
images_design_960_2_jpg.rf.a1a8d8b2255fd7fd8c613d770f60a147.jpg,approved,valid
images_design_960_2_jpg.rf.af0187dc1882538d62a26418fcbd7147.jpg,approved,valid
images_design_990_2_jpg.rf.1774ad102bcd1fa281e994f8142724aa.jpg,approved,valid
images_design_990_2_jpg.rf.dee23989331269f084bc975b585ae45c.jpg,approved,valid
images_design_990_2_jpg.rf.fba842ff6744936e91feb52606bfda68.jpg,approved,valid
images_hanh_lang_0_2_jpg.rf.1790e94a6a5a9228c7e4b9866e543501.jpg,approved,valid
images_hanh_lang_0_2_jpg.rf.18ed5d772f20a47db039433b1cf09389.jpg,approved,valid
images_hanh_lang_0_2_jpg.rf.aef85053badf458a061b1217add21d97.jpg,approved,valid
images_hanh_lang_1020_2_jpg.rf.0a95e12eef825f1db99f08378c2d0d9b.jpg,approved,valid
images_hanh_lang_1020_2_jpg.rf.a803a72af0e0e1b2a0d64db665a1f935.jpg,approved,valid
images_hanh_lang_1020_2_jpg.rf.cfb255b6998c39d439f5d9586f0d5062.jpg,approved,valid
images_hanh_lang_1050_2_jpg.rf.6d0aa83420ec5b158dea466ec6ef9199.jpg,approved,valid
images_hanh_lang_1050_2_jpg.rf.80861b7374042b61604560a607579fd1.jpg,approved,valid
images_hanh_lang_1050_2_jpg.rf.819439e0894a7ecda4cda335c620430d.jpg,approved,valid
images_hanh_lang_1080_2_jpg.rf.114fea50c1b58fc4891f09957506650e.jpg,approved,valid
images_hanh_lang_1080_2_jpg.rf.92cf62cdd9be0140239271bb89549846.jpg,approved,valid
images_hanh_lang_1080_2_jpg.rf.a224ddfa5449efbfaa4413e6ce32dc58.jpg,approved,valid
images_hanh_lang_1110_2_jpg.rf.030dbaa706241925fcbaf39d4d8491a4.jpg,approved,valid
images_hanh_lang_1110_2_jpg.rf.39e24d8f70f95978b58aeed08aa981b9.jpg,approved,valid
images_hanh_lang_1110_2_jpg.rf.75d597fe66559fe85b28d45ba5d2703e.jpg,approved,valid
images_hanh_lang_1140_2_jpg.rf.1cd450c440d3c5b1bec5fa208dd1d58a.jpg,approved,valid
images_hanh_lang_1140_2_jpg.rf.573373ee3592eb496ab55cb261af6388.jpg,approved,valid
images_hanh_lang_1140_2_jpg.rf.bb17c08285e6b1c947533ae7a37bbb62.jpg,approved,valid
images_hanh_lang_1170_2_jpg.rf.023033a78f86f1a8c887fdde3aa743eb.jpg,approved,valid
images_hanh_lang_1170_2_jpg.rf.1d3936c7a0d381fedaeea7903ad6d63c.jpg,approved,valid
images_hanh_lang_1170_2_jpg.rf.6fdd8b806ec0b69f85f02026892551da.jpg,approved,valid
images_hanh_lang_1230_2_jpg.rf.23d0f666717e67f72d93cc822a1c1398.jpg,approved,valid
images_hanh_lang_1230_2_jpg.rf.29b3cfa0f52c630d5ebab09d86b33f3b.jpg,approved,valid
images_hanh_lang_1230_2_jpg.rf.4e7384276de3254e1aee60fe9d317f59.jpg,approved,valid
images_hanh_lang_1260_2_jpg.rf.662a8f812c67b6480a49c8d784d14e37.jpg,approved,valid
images_hanh_lang_1260_2_jpg.rf.7bcee4bf8a967c0c3fdcebf098bea5c7.jpg,approved,valid
images_hanh_lang_1260_2_jpg.rf.f100a79acda697ac6e066a69bf3305c9.jpg,approved,valid
images_hanh_lang_1290_2_jpg.rf.3d2d5e9ef95402c765ad0196403d7dbf.jpg,approved,valid
images_hanh_lang_1290_2_jpg.rf.9389416e5e56295a4e045d809dc9feef.jpg,approved,valid
images_hanh_lang_1290_2_jpg.rf.a4f4f136cac7db79a9b8d18e348ca388.jpg,approved,valid
images_hanh_lang_1350_2_jpg.rf.246bb5868e191c46873b09640b9ec8e6.jpg,approved,valid
images_hanh_lang_1350_2_jpg.rf.67731d92dd41ad1ffb8365d4f780fe1f.jpg,approved,valid
images_hanh_lang_1350_2_jpg.rf.eecde469e06a806ce0d804a76239f2f6.jpg,approved,valid
images_hanh_lang_1380_2_jpg.rf.0b5ef1cc83b7f976ce365d151a46a0b3.jpg,approved,valid
images_hanh_lang_1380_2_jpg.rf.42c6266a1609a5856a39ca16f28b6353.jpg,approved,valid
images_hanh_lang_1380_2_jpg.rf.cc77709793ab4cd9150a90c16d7c7ed6.jpg,approved,valid
images_hanh_lang_1410_2_jpg.rf.0e502dc1fb17c669a77f15b7085c7400.jpg,approved,valid
images_hanh_lang_1410_2_jpg.rf.5365eba032c5a93015f8f3f39efc8c80.jpg,approved,valid
images_hanh_lang_1410_2_jpg.rf.675513f6a6199671b4b7d84cec0727e3.jpg,approved,valid
images_hanh_lang_1440_2_jpg.rf.21493ec6102199dccbeacee6acc61c60.jpg,approved,valid
images_hanh_lang_1440_2_jpg.rf.d2bbd0ac645070509271b56d1f4aa31b.jpg,approved,valid
images_hanh_lang_1440_2_jpg.rf.f65972873533bbdf3ee95b2052d4064f.jpg,approved,valid
images_hanh_lang_1470_2_jpg.rf.13dea8c1858956d3f113357a4e443fee.jpg,approved,valid
images_hanh_lang_1470_2_jpg.rf.383cbb85161f8ae51b442195b124bd08.jpg,approved,valid
images_hanh_lang_1470_2_jpg.rf.44b63e2611e7c8f17cbcdc77ffa9ec5d.jpg,approved,valid
images_hanh_lang_150_2_jpg.rf.00dfa1145d13cc72ce5e09276314cff4.jpg,approved,valid
images_hanh_lang_150_2_jpg.rf.7a35043b5bf97fd7af78323c5bf282d9.jpg,approved,valid
images_hanh_lang_150_2_jpg.rf.efc2e48079c1b7798070a12206b6e912.jpg,approved,valid
images_hanh_lang_180_2_jpg.rf.69545887c93301d4e7f34fb142e1f28f.jpg,approved,valid
images_hanh_lang_180_2_jpg.rf.8350f5c3b13edbd65e33df3f4aeb8459.jpg,approved,valid
images_hanh_lang_180_2_jpg.rf.a1a20a6c128df8bdd5c2a776b50b5a0d.jpg,approved,valid
images_hanh_lang_240_2_jpg.rf.0ec5a64a1d70777db037aceb23a00b00.jpg,approved,valid
images_hanh_lang_240_2_jpg.rf.7a0dd45eb0daa2c715b31f7d66946729.jpg,approved,valid
images_hanh_lang_240_2_jpg.rf.f92f03b046b3863b7ac3382d66ffa672.jpg,approved,valid
images_hanh_lang_270_2_jpg.rf.b230d6d051db3a12b93f5177002a2161.jpg,approved,valid
images_hanh_lang_270_2_jpg.rf.d17585f1b0db9cc5af1325900e2146b3.jpg,approved,valid
images_hanh_lang_270_2_jpg.rf.f6fc5a22fa1f697abbc736f0a567b1d9.jpg,approved,valid
images_hanh_lang_300_2_jpg.rf.073232a631332c7d2a189cd9d7446bf2.jpg,approved,valid
images_hanh_lang_300_2_jpg.rf.f8822931395b21c956f977e9f9c8ba2a.jpg,approved,valid
images_hanh_lang_300_2_jpg.rf.fedecb7bad383c65c7993d67a1699330.jpg,approved,valid
images_hanh_lang_330_2_jpg.rf.a33d71d6835867635a453c6c17762e2e.jpg,approved,valid
images_hanh_lang_330_2_jpg.rf.b2f40db632cb332373305b263c6e4f7d.jpg,approved,valid
images_hanh_lang_330_2_jpg.rf.fabf33c82663f1b7885b98c7a8f251e6.jpg,approved,valid
images_hanh_lang_360_2_jpg.rf.791e58260c12f43fe09492d33c5c0b3f.jpg,approved,valid
images_hanh_lang_360_2_jpg.rf.c5297d0dde81f3752be6a61487d32842.jpg,approved,valid
images_hanh_lang_360_2_jpg.rf.f154703efc3518b6e128ff29b6986c22.jpg,approved,valid
images_hanh_lang_390_2_jpg.rf.506f822b82527eefcadcc414b963c608.jpg,approved,valid
images_hanh_lang_390_2_jpg.rf.676a440a78b80d87bf69fa60a7ee8fd8.jpg,approved,valid
images_hanh_lang_390_2_jpg.rf.d346369f54e06ed7586e342c0a224d43.jpg,approved,valid
images_hanh_lang_480_2_jpg.rf.3384766d175116518afa59c9971cf587.jpg,approved,valid
images_hanh_lang_480_2_jpg.rf.404da5ff5fc956cf016de0a028d1a4fd.jpg,approved,valid
images_hanh_lang_480_2_jpg.rf.75ec5191657344309c3a70651c602cb5.jpg,approved,valid
images_hanh_lang_540_2_jpg.rf.afdbeadd4306812aca3c547cbb3b3b22.jpg,approved,valid
images_hanh_lang_540_2_jpg.rf.d490032e27b84996dbc709c93d1812c8.jpg,approved,valid
images_hanh_lang_540_2_jpg.rf.ed02863dee5830898e29842c160d6f36.jpg,approved,valid
images_hanh_lang_570_2_jpg.rf.9114c48ab7557c78768741ee0401cdfb.jpg,approved,valid
images_hanh_lang_570_2_jpg.rf.96fdd385bf491f30dc58d1e0ab4ea6f0.jpg,approved,valid
images_hanh_lang_570_2_jpg.rf.d73c34b19a1ea58362a0f07ea5107fe0.jpg,approved,valid
images_hanh_lang_630_2_jpg.rf.0c5062264aaeece10f93416a856aaae6.jpg,approved,valid
images_hanh_lang_630_2_jpg.rf.8a58877d38506821f006ad31ac83e769.jpg,approved,valid
images_hanh_lang_630_2_jpg.rf.8aa603da0627c866f676240ad1b392d7.jpg,approved,valid
images_hanh_lang_690_2_jpg.rf.4ec0fa45c487117c29742f02f46628e1.jpg,approved,valid
images_hanh_lang_690_2_jpg.rf.695f645e8e7a7ed3e3b0d06161cd10fb.jpg,approved,valid
images_hanh_lang_690_2_jpg.rf.8ea1f51b9b6f5589db98307c99b7e1ff.jpg,approved,valid
images_hanh_lang_750_2_jpg.rf.23b585fc740603e0c3a3eff2f89531e1.jpg,approved,valid
images_hanh_lang_750_2_jpg.rf.999a096b110115ebbc511996ddacf88f.jpg,approved,valid
images_hanh_lang_750_2_jpg.rf.d2521be6562d8998c8f43ad93cd4afb7.jpg,approved,valid
images_hanh_lang_780_2_jpg.rf.2c5498fc1a3d762652e7d9f70717fa56.jpg,approved,valid
images_hanh_lang_780_2_jpg.rf.f90a8892e30752fa17d706fe866f9080.jpg,approved,valid
images_hanh_lang_780_2_jpg.rf.fd06d494f756de82c60ab658339ff600.jpg,approved,valid
images_hanh_lang_840_2_jpg.rf.5b6bed7635a4be8dc0ebf01d22897471.jpg,approved,valid
images_hanh_lang_840_2_jpg.rf.d2c6a15991148c0ad308d75a3ace3204.jpg,approved,valid
images_hanh_lang_840_2_jpg.rf.e1c4208ba36457d00284421dcc97f9f2.jpg,approved,valid
images_hanh_lang_870_2_jpg.rf.9992271e89e28e694fe54543d679f4ae.jpg,approved,valid
images_hanh_lang_870_2_jpg.rf.f02d2d57274f24cda78a631f71ce520d.jpg,approved,valid
images_hanh_lang_870_2_jpg.rf.f9fa18f900827fe37992e73ffd2be177.jpg,approved,valid
images_hanh_lang_900_2_jpg.rf.3f12a5c8c1c51bb68c8ed24943fbd8be.jpg,approved,valid
images_hanh_lang_900_2_jpg.rf.c29aea1534598e60a955b3483aef01f9.jpg,approved,valid
images_hanh_lang_900_2_jpg.rf.e7a720519645dfebd45789b82f06d717.jpg,approved,valid
images_hanh_lang_90_2_jpg.rf.74c7803c658e4548bcf888072ce07e22.jpg,approved,valid
images_hanh_lang_90_2_jpg.rf.7f36e8027045a0f04bbe8f10064948bc.jpg,approved,valid
images_hanh_lang_90_2_jpg.rf.a0ae0297b17daf3ef25ddbeb4e776b51.jpg,approved,valid
images_hanh_lang_930_2_jpg.rf.c5f4e016bb0faba643afb22b138ad659.jpg,approved,valid
images_hanh_lang_930_2_jpg.rf.fb98abb54a17550a9ee10dab93b6cce6.jpg,approved,valid
images_MKT_0_2_jpg.rf.4577c9b9fee157abc3d7f443287d8341.jpg,approved,valid
images_MKT_0_2_jpg.rf.91ffa13f641bcdd5646901086f12da3c.jpg,approved,valid
images_MKT_0_2_jpg.rf.99b3f8d448b7eb13c0fdb81e5b50aebf.jpg,approved,valid
images_MKT_102_2_jpg.rf.1148312f9999fde441800e94f9d8169f.jpg,approved,valid
images_MKT_102_2_jpg.rf.245f33fbc5d2ce87a879e89702750543.jpg,approved,valid
images_MKT_102_2_jpg.rf.f667b97b9675eaea501779cadd791d30.jpg,approved,valid
images_MKT_1050_2_jpg.rf.4c7cfd79e9cadf6a71c4a9d41a795f87.jpg,approved,valid
images_MKT_1050_2_jpg.rf.4de2d50af4bce8d912bc87803f317220.jpg,approved,valid
images_MKT_1050_2_jpg.rf.6f743fe34f6764fb02011a64a68ac0a3.jpg,approved,valid
images_MKT_1080_2_jpg.rf.61d089fdbe46c94252e6a3914e7e8f63.jpg,approved,valid
images_MKT_1080_2_jpg.rf.9fb96c36208f76e010ddbf231fcf0f5f.jpg,approved,valid
images_MKT_1080_2_jpg.rf.e1826e913491ba1f632af18531b484f7.jpg,approved,valid
images_MKT_108_2_jpg.rf.516a635d538ed67153920e1ad75e984d.jpg,approved,valid
images_MKT_108_2_jpg.rf.887a37172b714f304e398ed140809223.jpg,approved,valid
images_MKT_108_2_jpg.rf.a6f8bbfd5f99afec379c63755ca66d9d.jpg,approved,valid
images_MKT_1110_2_jpg.rf.3a2cd116d55a8ac6d8c1bfba3ce89925.jpg,approved,valid
images_MKT_1110_2_jpg.rf.5b3ad7d687ae06ef70b469aae66f2b37.jpg,approved,valid
images_MKT_1110_2_jpg.rf.7faf6ac8f79932ac8dc1c30835a27082.jpg,approved,valid
images_MKT_114_2_jpg.rf.4a0cee6f4719a33a3c3194acaf5c7a77.jpg,approved,valid
images_MKT_114_2_jpg.rf.9cc5296e88687fb02ded0c01e92bfe25.jpg,approved,valid
images_MKT_114_2_jpg.rf.efae7ea1c418be31334929575e84bd17.jpg,approved,valid
images_MKT_1230_2_jpg.rf.06b7cd74b6473684e514d830bd79c68a.jpg,approved,valid
images_MKT_1230_2_jpg.rf.389a189b9847887c51aee00cd013ef55.jpg,approved,valid
images_MKT_1230_2_jpg.rf.de11f756b822ddbbae9db3525f7528ff.jpg,approved,valid
images_MKT_1260_2_jpg.rf.8eb889946d5e592807fc45b33410b7b9.jpg,approved,valid
images_MKT_1260_2_jpg.rf.bdbccc099fb301c9244bdd6ec75c180a.jpg,approved,valid
images_MKT_1260_2_jpg.rf.cc2cd85a07f0fc4b14426f3775eb6d50.jpg,approved,valid
images_MKT_126_2_jpg.rf.cdf396d5503e9d88fe467e31764d152b.jpg,approved,valid
images_MKT_126_2_jpg.rf.f4f41b5ea1d19c3285d5f8ffdfe44984.jpg,approved,valid
images_MKT_126_2_jpg.rf.fff7b8330bea5a9c8363d6861ad8bca1.jpg,approved,valid
images_MKT_12_2_jpg.rf.864eb87a505d7a0d02907ebe5b516c41.jpg,approved,valid
images_MKT_12_2_jpg.rf.a56191471e6766ac59a5aa9ee293a726.jpg,approved,valid
images_MKT_12_2_jpg.rf.d27ee51c03817a94b0106903424d692d.jpg,approved,valid
images_MKT_1320_2_jpg.rf.6d16771f1e1a136c8d8ff446705dc6ce.jpg,approved,valid
images_MKT_1320_2_jpg.rf.7d7a7416b102d0f08f1c97ec25e458d7.jpg,approved,valid
images_MKT_1320_2_jpg.rf.a780dd4d420a8411be028419c2e11ca6.jpg,approved,valid
images_MKT_132_2_jpg.rf.7dc56446d9f889fcf70406a0f68c087e.jpg,approved,valid
images_MKT_132_2_jpg.rf.8b33bd5d47f8f93ee67ec5fc4c4b427a.jpg,approved,valid
images_MKT_132_2_jpg.rf.b3df3873a78e12dcefccc608c005858e.jpg,approved,valid
images_MKT_1350_2_jpg.rf.2c7f4b3ce66fb2749096ac54bba3bc19.jpg,approved,valid
images_MKT_1350_2_jpg.rf.7719eac1ddf1c9de6b43968b869ae544.jpg,approved,valid
images_MKT_1350_2_jpg.rf.a8688e32f90fc8150d8f3e497bf67289.jpg,approved,valid
images_MKT_1380_2_jpg.rf.42c8203caa68366f8a15c498d327883e.jpg,approved,valid
images_MKT_1380_2_jpg.rf.68775ebd900d4bd7df32e9acc8da2e57.jpg,approved,valid
images_MKT_1380_2_jpg.rf.ea6fc06ef3d4c175efa008e5b1cc8bfd.jpg,approved,valid
images_MKT_138_2_jpg.rf.1d021dfdf72796e40c3746fe98e3bcea.jpg,approved,valid
images_MKT_138_2_jpg.rf.86c130be9a95ce789d7f091ab2e5c690.jpg,approved,valid
images_MKT_138_2_jpg.rf.ad29272b391c837966537fc6a55b9e48.jpg,approved,valid
images_MKT_1410_2_jpg.rf.40200eabb9113868d1fbde5b63186226.jpg,approved,valid
images_MKT_1410_2_jpg.rf.67eab9282e6a7c0033f5fcda95395a4c.jpg,approved,valid
images_MKT_1410_2_jpg.rf.ed30826b836b73f73a9e3f3eb760d148.jpg,approved,valid
images_MKT_1440_2_jpg.rf.12de8ef5fbca49783627890b769d8356.jpg,approved,valid
images_MKT_1440_2_jpg.rf.46c1da4e33b8ccfb0f2588aee768c634.jpg,approved,valid
images_MKT_1440_2_jpg.rf.5bcb5eb811f4453a609f3d78f082c5cf.jpg,approved,valid
images_MKT_144_2_jpg.rf.2cc4a3519bef67322b130fb89984ba2f.jpg,approved,valid
images_MKT_144_2_jpg.rf.5f1b4babd108c366ffc4cf3233a61ad6.jpg,approved,valid
images_MKT_144_2_jpg.rf.e7559265055e345b910e12477b9c4741.jpg,approved,valid
images_MKT_1470_2_jpg.rf.58a14c77f51c42c4a81e4e5c3b2b3c25.jpg,approved,valid
images_MKT_1470_2_jpg.rf.5d6c0570edf02fd4879969fac27eb2d3.jpg,approved,valid
images_MKT_1470_2_jpg.rf.fe20b49f22c17bc4c1e949fce5cdb81a.jpg,approved,valid
images_MKT_150_2_jpg.rf.9eae9802a11e8295a05b405441c6fa1c.jpg,approved,valid
images_MKT_150_2_jpg.rf.b855bbfdcb132330dc4d91b85855be84.jpg,approved,valid
images_MKT_150_2_jpg.rf.bc252a69b304a79b4e9cd6c85955fb2a.jpg,approved,valid
images_MKT_156_2_jpg.rf.486c52d3462c7663973c81b8cc2587ad.jpg,approved,valid
images_MKT_156_2_jpg.rf.ca198d0729ac592ce932b9b578895ab4.jpg,approved,valid
images_MKT_156_2_jpg.rf.f3966bba39bac5c29c88548368d83b54.jpg,approved,valid
images_MKT_162_2_jpg.rf.35b1d0268fe1188d2cf89e34950bd474.jpg,approved,valid
images_MKT_162_2_jpg.rf.77a0c626ce67f5e8ab9ca16d0ac45846.jpg,approved,valid
images_MKT_162_2_jpg.rf.b178d62eb8ab776989094fb154c52864.jpg,approved,valid
images_MKT_168_2_jpg.rf.78fd70680b40da9aaaba6721c7accca5.jpg,approved,valid
images_MKT_168_2_jpg.rf.7b9bee2039fb2eb6f3fee79c57f85074.jpg,approved,valid
images_MKT_168_2_jpg.rf.a2357e0cd4548f1bf1a94a15a7633a53.jpg,approved,valid
images_MKT_174_2_jpg.rf.2312b5de5e1eacc60fc628390bcafdb7.jpg,approved,valid
images_MKT_174_2_jpg.rf.4f529b9442eb3d4ac58b16b91e6bc5f1.jpg,approved,valid
images_MKT_174_2_jpg.rf.63a923d9a13e0170e1bcd7f0b41be1d3.jpg,approved,valid
images_MKT_180_2_jpg.rf.4a091a0cda614caa66fff2688b1e7b34.jpg,approved,valid
images_MKT_180_2_jpg.rf.c783d7025e3b05a7f52293d6ba2dd57c.jpg,approved,valid
images_MKT_180_2_jpg.rf.e0d9ec8b858aab8ab3b2349849aab5f7.jpg,approved,valid
images_MKT_186_2_jpg.rf.ac24600836c936b5d8fec5056bf7078b.jpg,approved,valid
images_MKT_186_2_jpg.rf.c5b7b4491b0ff1fcb1acb3321b3c8a3d.jpg,approved,valid
images_MKT_186_2_jpg.rf.e8855df1d61d73bafb412e04ec737549.jpg,approved,valid
images_MKT_18_2_jpg.rf.30eec001715173a9de974c6d52fdd377.jpg,approved,valid
images_MKT_18_2_jpg.rf.59e711ef5e2fa8eaefa628dd4f2810cc.jpg,approved,valid
images_MKT_18_2_jpg.rf.5ea368f7503d33e4abd93d32539ca3b4.jpg,approved,valid
images_MKT_198_2_jpg.rf.30714837dbd543886f6e7c2492fde8ed.jpg,approved,valid
images_MKT_198_2_jpg.rf.749d3364e80e38fadf32a5996e2582fc.jpg,approved,valid
images_MKT_198_2_jpg.rf.7bbeb51e55d520438ede1d954c2847c8.jpg,approved,valid
images_MKT_210_2_jpg.rf.33bc53d7a9939b25a6e56815db350d17.jpg,approved,valid
images_MKT_210_2_jpg.rf.3f4b938c477cb8620188e20f36612232.jpg,approved,valid
images_MKT_210_2_jpg.rf.94e79bc699224086cc7a4ad1bf243f62.jpg,approved,valid
images_MKT_210_2_jpg.rf.a53fca1ac0b35c6d8595b60f5290dd07.jpg,approved,valid
images_MKT_210_2_jpg.rf.a647e7d6a9e60192abd3e5a67e87c95e.jpg,approved,valid
images_MKT_210_2_jpg.rf.f02c9337a2a1bffc6838f81d5ea76aeb.jpg,approved,valid
images_MKT_216_2_jpg.rf.39c240dc259e410655d2d729c1152023.jpg,approved,valid
images_MKT_216_2_jpg.rf.5595df07097ca9e65c000eb1c014386b.jpg,approved,valid
images_MKT_216_2_jpg.rf.bdb5592c9d9f7d6bb7c37f21ecfc6fc8.jpg,approved,valid
images_MKT_222_2_jpg.rf.2c25e564e60087845ba8ee7b2b39b6be.jpg,approved,valid
images_MKT_222_2_jpg.rf.f41653ece5e0a64a94dd98694df2144d.jpg,approved,valid
images_MKT_222_2_jpg.rf.f9edcd9bc6d1a17ec6da19611ee4fff7.jpg,approved,valid
images_MKT_228_2_jpg.rf.04920d8e9321451a506bfbf4ba95194e.jpg,approved,valid
images_MKT_228_2_jpg.rf.1541e08f062230ecbc2915776bc97358.jpg,approved,valid
images_MKT_228_2_jpg.rf.7a28fb66da95ae03af3086dc683e96c1.jpg,approved,valid
images_MKT_234_2_jpg.rf.9654c6ebbb75f9cf126f402adc98f0a0.jpg,approved,valid
images_MKT_234_2_jpg.rf.9e1e6f55f2f83612cd07bd5dfe1494d9.jpg,approved,valid
images_MKT_234_2_jpg.rf.b8b1c61268addde0511e187b5b3b31eb.jpg,approved,valid
images_MKT_24_2_jpg.rf.28b5c2453e5922191af8ecce409677fb.jpg,approved,valid
images_MKT_24_2_jpg.rf.5c752938049777d878c2e77664e61b77.jpg,approved,valid
images_MKT_24_2_jpg.rf.c993c6fb3c5a497520aacf8f273acc8b.jpg,approved,valid
images_MKT_258_2_jpg.rf.28c438cd615e7a48ac2b56185f606449.jpg,approved,valid
images_MKT_258_2_jpg.rf.3505745fd8adc2d377c7256046889436.jpg,approved,valid
images_MKT_258_2_jpg.rf.c14f7d00a0ea058efc70e3ed1da27b3d.jpg,approved,valid
images_MKT_270_2_jpg.rf.0acacbe30b7108997e40f5668afef474.jpg,approved,valid
images_MKT_270_2_jpg.rf.265d650316f166d1487e4bf3568b5207.jpg,approved,valid
images_MKT_270_2_jpg.rf.4e8422ac3436eec5f23aca486657d8fa.jpg,approved,valid
images_MKT_270_2_jpg.rf.9c570c37771f67f81090eb5c7e5537c3.jpg,approved,valid
images_MKT_270_2_jpg.rf.bf23ea877a4f58b3438fa92acb8bf091.jpg,approved,valid
images_MKT_270_2_jpg.rf.ca6e0ea0f3543197d42d30f6cff87493.jpg,approved,valid
images_MKT_282_2_jpg.rf.06c889df21f97777203f2c882bd1b702.jpg,approved,valid
images_MKT_282_2_jpg.rf.a80f3dc5fb53594b760113c07816cd07.jpg,approved,valid
images_MKT_282_2_jpg.rf.adf74c67af00087dda8e0c6cf7021351.jpg,approved,valid
images_MKT_288_2_jpg.rf.0e583397c6403412c68b66da82f0f0dd.jpg,approved,valid
images_MKT_288_2_jpg.rf.0fbe61169ef89eadb768c1db11c03dab.jpg,approved,valid
images_MKT_288_2_jpg.rf.667277b96dfce41528d2826b02d0cb32.jpg,approved,valid
images_MKT_300_2_jpg.rf.8030e1c35c2dca417c7475c00d4111d1.jpg,approved,valid
images_MKT_300_2_jpg.rf.cb030ec3b80330686a06eab0f2b3d7e8.jpg,approved,valid
images_MKT_300_2_jpg.rf.e541c9f241fb71bfe6dda20c37ce5eb0.jpg,approved,valid
images_MKT_30_2_jpg.rf.1c1e3fe3f0e2b07f62f0f42fc6b72a0d.jpg,approved,valid
images_MKT_30_2_jpg.rf.35416ba9fa9c7f7ef1fa3b2d0e39193d.jpg,approved,valid
images_MKT_30_2_jpg.rf.a0147f5c247607b03098f182e6d7dd27.jpg,approved,valid
images_MKT_30_2_jpg.rf.a6fef8f056adc55de1b3118b3bfd4a6e.jpg,approved,valid
images_MKT_30_2_jpg.rf.aa4b2f1bf58670f100701bcec4889a4d.jpg,approved,valid
images_MKT_30_2_jpg.rf.bba89be51c291e779bf711bc91c00756.jpg,approved,valid
images_MKT_330_2_jpg.rf.1b67d2dc6847742db7ffbd9d5857b5cd.jpg,approved,valid
images_MKT_330_2_jpg.rf.466687cb909e89891821b52eee338025.jpg,approved,valid
images_MKT_330_2_jpg.rf.55bb02a288bddf347309136ce1488eb4.jpg,approved,valid
images_MKT_360_2_jpg.rf.1029547589b9c272cae1878a60f99150.jpg,approved,valid
images_MKT_360_2_jpg.rf.ac21eb62143a66311d06f263fe03e113.jpg,approved,valid
images_MKT_360_2_jpg.rf.b405550b125773a39539ed5ab076041b.jpg,approved,valid
images_MKT_36_2_jpg.rf.1727ee16a1ae20ad64cbf1fd48ddeafd.jpg,approved,valid
images_MKT_36_2_jpg.rf.e0fb25f2f039c21f8a9da06fff19fd78.jpg,approved,valid
images_MKT_36_2_jpg.rf.fbea6755a7e6b4ddd39c1b6247678349.jpg,approved,valid
images_MKT_420_2_jpg.rf.465f175665db47b9ea2cb715486731d4.jpg,approved,valid
images_MKT_420_2_jpg.rf.84f604898441ebeae26842c0dbff1889.jpg,approved,valid
images_MKT_420_2_jpg.rf.971d8d6a37a8aeeb6c79ea8d08bcfff8.jpg,approved,valid
images_MKT_450_2_jpg.rf.77a1fc3ceb4fe648a8a7375fb1329aa8.jpg,approved,valid
images_MKT_450_2_jpg.rf.a85852f76749bf21b3f319bcb9bfc4ca.jpg,approved,valid
images_MKT_450_2_jpg.rf.b57eb8e7e926aa88a979cca8b3c8384d.jpg,approved,valid
images_MKT_54_2_jpg.rf.176fdddf58da4e404338e26af89c254f.jpg,approved,valid
images_MKT_54_2_jpg.rf.60f9f3db0743ff5d3043f0e95f0a0b69.jpg,approved,valid
images_MKT_54_2_jpg.rf.c3be3af2d42f051c1cbe65c51735452f.jpg,approved,valid
images_MKT_570_2_jpg.rf.15db7d36bd96ebe7806c47b6d945c580.jpg,approved,valid
images_MKT_570_2_jpg.rf.35cb0f1528b28011d181313576cd3551.jpg,approved,valid
images_MKT_570_2_jpg.rf.9bc5c6de60f11d240880cc75a4273ea5.jpg,approved,valid
images_MKT_600_2_jpg.rf.79c8270c660535273ee5e77746771d2a.jpg,approved,valid
images_MKT_600_2_jpg.rf.9535f429b241fd21045683f259d9cbb1.jpg,approved,valid
images_MKT_600_2_jpg.rf.b0c1dcd73832cb420cc0f50144fd9c2a.jpg,approved,valid
images_MKT_60_2_jpg.rf.13e969151489350a0207c33c2835e422.jpg,approved,valid
images_MKT_60_2_jpg.rf.46e44b987b204267370f385d8487a33b.jpg,approved,valid
images_MKT_60_2_jpg.rf.8e118ab9fba9aeff703293db369677eb.jpg,approved,valid
images_MKT_60_2_jpg.rf.91285a0cfc6d72c70123a44549d546e4.jpg,approved,valid
images_MKT_60_2_jpg.rf.d6ede205f00d6e514fdeeb4c94893012.jpg,approved,valid
images_MKT_60_2_jpg.rf.db91f1020d09fd350102d3fcbfd56eb9.jpg,approved,valid
images_MKT_630_2_jpg.rf.1999ba595627670a94c2b4102537ba83.jpg,approved,valid
images_MKT_630_2_jpg.rf.570ca7ef7fc906210f616db6645f9250.jpg,approved,valid
images_MKT_630_2_jpg.rf.70b5f6d3b4fdacf537be571703a11bf6.jpg,approved,valid
images_MKT_690_2_jpg.rf.04463368aee720a387a3a2790c8470fd.jpg,approved,valid
images_MKT_690_2_jpg.rf.20da244273cc0fb60433f7a88041532e.jpg,approved,valid
images_MKT_690_2_jpg.rf.5b02fe52ef2162047c83cb156c74bb92.jpg,approved,valid
images_MKT_720_2_jpg.rf.0a1f7aa43aca52fa5df0b389eb9ac2b7.jpg,approved,valid
images_MKT_720_2_jpg.rf.4b1542017e9c4f3f45e568561e9827ce.jpg,approved,valid
images_MKT_720_2_jpg.rf.7a51fa7f399ed3100728c37c168c6ba5.jpg,approved,valid
images_MKT_750_2_jpg.rf.666ac2843e71f57e3b498eecfba81a5d.jpg,approved,valid
images_MKT_750_2_jpg.rf.a5c40974c7485732cfc8ec8bf4ac8e71.jpg,approved,valid
images_MKT_750_2_jpg.rf.c77fe759422e10798432cf327f0b7bfa.jpg,approved,valid
images_MKT_780_2_jpg.rf.0e8ea00c7f8efeb52a6f5f268e04ee98.jpg,approved,valid
images_MKT_780_2_jpg.rf.66659a6fafddc221c395baf203622c7a.jpg,approved,valid
images_MKT_780_2_jpg.rf.847e9ba7c9515b826164f3bad6ea925d.jpg,approved,valid
images_MKT_78_2_jpg.rf.4032276dd3b80e66a60d492c2e23fe7f.jpg,approved,valid
images_MKT_78_2_jpg.rf.4de32c095b066caf5fb0ab884d5cf7ae.jpg,approved,valid
images_MKT_78_2_jpg.rf.d7eb6502b53b00841df444d905051ef7.jpg,approved,valid
images_MKT_870_2_jpg.rf.37847073989740a21320594dba30aa4f.jpg,approved,valid
images_MKT_870_2_jpg.rf.9253ddd53193d1044c3785da38f7dbb3.jpg,approved,valid
images_MKT_900_2_jpg.rf.19a924baa0c0a390c528247572c88e91.jpg,approved,valid
images_MKT_900_2_jpg.rf.f5affcd76dd642fbac003f22b75a7009.jpg,approved,valid
images_MKT_900_2_jpg.rf.f935c7a04180f46ebfb3a9fe0714ffb1.jpg,approved,valid
images_MKT_90_2_jpg.rf.3857b1a3f0b7ffff3b3c120ae3d8ac22.jpg,approved,valid
images_MKT_90_2_jpg.rf.78d1a72858c8d528023a3dae0cf62fcf.jpg,approved,valid
images_MKT_90_2_jpg.rf.cc33fb52f3de4d36227db0f1a511d61a.jpg,approved,valid
images_MKT_90_2_jpg.rf.d1beebbafed0daccc3312455b6275687.jpg,approved,valid
images_MKT_90_2_jpg.rf.ee3253bc9ac044e7ebfde258928eb93d.jpg,approved,valid
images_MKT_90_2_jpg.rf.f2949f241ddb878ee2ed34e03d46bc15.jpg,approved,valid
images_MKT_930_2_jpg.rf.8555d50b80e72022bb5ee417600b9b33.jpg,approved,valid
images_MKT_930_2_jpg.rf.c116da8eb38be31bb9cf61b6d35cd8c8.jpg,approved,valid
images_MKT_930_2_jpg.rf.d542c4b6e1889c6363b1710aa267d559.jpg,approved,valid
images_MKT_96_2_jpg.rf.21d68e3214dd6ff2833bcca650720f86.jpg,approved,valid
images_MKT_96_2_jpg.rf.b419e67ab844b9499cc423679312ceaa.jpg,approved,valid
images_MKT_96_2_jpg.rf.b9aee92d73a404857247d76d93869221.jpg,approved,valid
images_MKT_990_2_jpg.rf.7bfc08058476be120da4912893d05a03.jpg,approved,valid
images_MKT_990_2_jpg.rf.7e47ecc57a74232b13d2bef68a83f9e0.jpg,approved,valid
images_MKT_990_2_jpg.rf.c9aaab1c376e335a35fa1a318b46c277.jpg,approved,valid
images_relax2_0_2_jpg.rf.b30eec8734b5a642220be0de7d807865.jpg,approved,valid
images_relax2_0_2_jpg.rf.e9ba21360fae814dfabaed58f962e9e0.jpg,approved,valid
images_relax2_0_2_jpg.rf.fa27acc8009e3cb3ab97ac0d9a23bf6d.jpg,approved,valid
images_relax2_108_2_jpg.rf.94135d3f02ca5008e7ac67d238e718a9.jpg,approved,valid
images_relax2_108_2_jpg.rf.c0537506a3e3072e65e7e31c567b5358.jpg,approved,valid
images_relax2_108_2_jpg.rf.d8ba313f06e8f08021687ab10eee5a72.jpg,approved,valid
images_relax2_114_2_jpg.rf.816e2184adada642e52bae3c54203dc9.jpg,approved,valid
images_relax2_114_2_jpg.rf.ccb968a42fac02c6ffa2793d5c78af70.jpg,approved,valid
images_relax2_114_2_jpg.rf.de7644e4aaf05cf87959389262032f21.jpg,approved,valid
images_relax2_120_2_jpg.rf.2e86a38786535e12d21873ef351eaafe.jpg,approved,valid
images_relax2_120_2_jpg.rf.b2c664ab1e981a2db377e213175d284d.jpg,approved,valid
images_relax2_120_2_jpg.rf.dd477b3729c769a3a895d417aa8d5094.jpg,approved,valid
images_relax2_126_2_jpg.rf.8c909f1f04dcda2a5083595e46772601.jpg,approved,valid
images_relax2_126_2_jpg.rf.b72e1dbd77f531acca40cff80acf3715.jpg,approved,valid
images_relax2_126_2_jpg.rf.f75423ac5ac23317d279269f4ef84837.jpg,approved,valid
images_relax2_12_2_jpg.rf.547307420711e1a468cb60fafa6179ee.jpg,approved,valid
images_relax2_12_2_jpg.rf.5fd7f39c37d217270e192b06d74f6cb3.jpg,approved,valid
images_relax2_12_2_jpg.rf.b964c1110174fe3d4794f0d29d14a4f9.jpg,approved,valid
images_relax2_138_2_jpg.rf.24261e5a21328f8d37dfd635f25675ef.jpg,approved,valid
images_relax2_138_2_jpg.rf.3bab6d896e8153ab3530e506d697fc20.jpg,approved,valid
images_relax2_138_2_jpg.rf.648c391fb60d85c6c7901fede675a75d.jpg,approved,valid
images_relax2_150_2_jpg.rf.606c0086ea393a232a5b339f277be467.jpg,approved,valid
images_relax2_150_2_jpg.rf.8a54f56d3e9022a1cc373a37c59796f0.jpg,approved,valid
images_relax2_150_2_jpg.rf.ebef5036c771df10a08efd09a06469bf.jpg,approved,valid
images_relax2_156_2_jpg.rf.5dcfa2b61e0906268bcb7f142cb9bb99.jpg,approved,valid
images_relax2_156_2_jpg.rf.8e3f80442426422f1b9324e54e028aa1.jpg,approved,valid
images_relax2_156_2_jpg.rf.cda90b5d70add1dc0581264709e5a1c0.jpg,approved,valid
images_relax2_174_2_jpg.rf.04f21040ca1fbdd7fbe4e7285d27adf3.jpg,approved,valid
images_relax2_174_2_jpg.rf.2b0850da6b188726c376f849985a8600.jpg,approved,valid
images_relax2_174_2_jpg.rf.41db4efe1f91d215a18045d317ff5f45.jpg,approved,valid
images_relax2_192_2_jpg.rf.07c59a7ac30f42fbeddfa6babb50dbbd.jpg,approved,valid
images_relax2_192_2_jpg.rf.7f915d855ee1ef3877990e05d2209ea4.jpg,approved,valid
images_relax2_192_jpg.rf.80d41d46c59b1bc4aae151d64b4b9e9a.jpg,approved,valid
images_relax2_192_jpg.rf.cc76e0df7eb1bb3eebf4b151aa3131b6.jpg,approved,valid
images_relax2_192_jpg.rf.ffa6eb0f1e72e05001689fab9827f620.jpg,approved,valid
images_relax2_198_2_jpg.rf.2f93b2b9bfdd114b8047dca93be14d7c.jpg,approved,valid
images_relax2_204_2_jpg.rf.22d5bccb9330700a0f785cc2a5d2479b.jpg,approved,valid
images_relax2_204_jpg.rf.115e720db1fcbc11ea46694537913da2.jpg,approved,valid
images_relax2_204_jpg.rf.580e70444f7c5f0c6b02679b7112d981.jpg,approved,valid
images_relax2_204_jpg.rf.ffac0d0b4bec371bed1abed32b46c51a.jpg,approved,valid
images_relax2_210_2_jpg.rf.22ee5bf12cf5ac9a15b37cfa52b8abc6.jpg,approved,valid
images_relax2_210_2_jpg.rf.583ec9e2ff8e2268434de704eb50ae5d.jpg,approved,valid
images_relax2_210_2_jpg.rf.cefc7028821b6d38dbbe9ad543580291.jpg,approved,valid
images_relax2_210_jpg.rf.5e34fd4eac11e5135b97848a673f6f23.jpg,approved,valid
images_relax2_210_jpg.rf.8e4f55ca030f7e6f35c5fe0bc0f7afe1.jpg,approved,valid
images_relax2_210_jpg.rf.9c2423fcb36b177382e5d1d9cfeab92d.jpg,approved,valid
images_relax2_216_2_jpg.rf.3c7d46d7b32dda7dc3a8421b860aa7c6.jpg,approved,valid
images_relax2_216_2_jpg.rf.90d39abfcbbbfb5a9b4b77c271b9235c.jpg,approved,valid
images_relax2_216_2_jpg.rf.9681e4fce17b7bfda4cb4aa0f50510be.jpg,approved,valid
images_relax2_216_jpg.rf.3763e00bd28771781dc7b0b3dc9eba20.jpg,approved,valid
images_relax2_216_jpg.rf.4b1529f4faf93f695422f61c91cba306.jpg,approved,valid
images_relax2_216_jpg.rf.cbe49259a8996d72bae4ee9e174d140f.jpg,approved,valid
images_relax2_222_2_jpg.rf.2aa002ecf0490112c9a8c5ad8b1d1503.jpg,approved,valid
images_relax2_222_2_jpg.rf.627ec79175cf5b087ff5607b5484116f.jpg,approved,valid
images_relax2_222_2_jpg.rf.9dcdcc433528254f69d9ea7899017d6f.jpg,approved,valid
images_relax2_222_jpg.rf.4dfbcab87d457bbd8ec370e8f3fdc814.jpg,approved,valid
images_relax2_222_jpg.rf.7dfb4aebbdb69bca330febda5fc5c058.jpg,approved,valid
images_relax2_222_jpg.rf.e71a9a6328f6d4237aefffb25582b3c4.jpg,approved,valid
images_relax2_228_2_jpg.rf.41d0994df85c0cdedeb0b1e01d927978.jpg,approved,valid
images_relax2_228_2_jpg.rf.5800cedbb17a04f83c91e4cd4b19b771.jpg,approved,valid
images_relax2_228_2_jpg.rf.5d6232946fefffddc674c26bd1142b77.jpg,approved,valid
images_relax2_228_jpg.rf.5f1a33def802456fa50a159d14367476.jpg,approved,valid
images_relax2_228_jpg.rf.971031a65542283321ad8b4e5d9cb6f0.jpg,approved,valid
images_relax2_228_jpg.rf.df1a4f87ea9a8bf7fb4102044720a612.jpg,approved,valid
images_relax2_234_jpg.rf.302bd2c964a49989775cf08d3f5f9d78.jpg,approved,valid
images_relax2_234_jpg.rf.6c03abb122d18cfab49e78fcfa586c1f.jpg,approved,valid
images_relax2_234_jpg.rf.8e8234abc7ca2213f312648a773457da.jpg,approved,valid
images_relax2_240_2_jpg.rf.5c3ebe17d57e59c59de995a290347cb5.jpg,approved,valid
images_relax2_240_2_jpg.rf.784a977538a4aa0f7ce6c0336bdb5100.jpg,approved,valid
images_relax2_240_2_jpg.rf.a3d130f9e3c08ccac0de35a2b673bc57.jpg,approved,valid
images_relax2_240_jpg.rf.15d7e904d1e99c537e0203ec2722980b.jpg,approved,valid
images_relax2_240_jpg.rf.40782c92b4769a3f2384a039b0cdd4eb.jpg,approved,valid
images_relax2_240_jpg.rf.d1e6bd2c0e0c5c474eef5d1a57aee591.jpg,approved,valid
images_relax2_246_jpg.rf.59cb96ec5cd3fad09637b82b70703f17.jpg,approved,valid
images_relax2_246_jpg.rf.6602cf251e04fb7bdf794559ace0b31a.jpg,approved,valid
images_relax2_246_jpg.rf.d46f2109a5c75febb3176e7ba83675cb.jpg,approved,valid
images_relax2_24_2_jpg.rf.469efe8c7ba499ba5a3521d6793ad219.jpg,approved,valid
images_relax2_24_2_jpg.rf.b7793ce5d3b1a732165a125d1dbfb132.jpg,approved,valid
images_relax2_24_2_jpg.rf.fe61ef1fd335c8585862915b439efc03.jpg,approved,valid
images_relax2_252_2_jpg.rf.4579ecb886fdd45f0936d91db14278cb.jpg,approved,valid
images_relax2_252_2_jpg.rf.84988f116eac437463016d935f63bf1e.jpg,approved,valid
images_relax2_252_2_jpg.rf.c6d8d2530576b43bd22e289be258ed72.jpg,approved,valid
images_relax2_252_jpg.rf.1011a7d3856c9c03645129a471b77e79.jpg,approved,valid
images_relax2_252_jpg.rf.82ef92958449763dc9965eb846bbcbfc.jpg,approved,valid
images_relax2_252_jpg.rf.d6dfd5073cab3223390c0801045cc639.jpg,approved,valid
images_relax2_258_2_jpg.rf.0a257111cccf0f4c1c12af54eece5cbf.jpg,approved,valid
images_relax2_258_2_jpg.rf.8ede613cf7bad8d6248c4723a01d72f2.jpg,approved,valid
images_relax2_258_2_jpg.rf.a403ab9105c4a3f32dc945cf262cdba8.jpg,approved,valid
images_relax2_258_jpg.rf.884937bc4df412f3794afd505f104cfe.jpg,approved,valid
images_relax2_258_jpg.rf.9f3403585fdb255e5de9cdfe55cc9667.jpg,approved,valid
images_relax2_258_jpg.rf.e555e87d9db5ce18691576e1c6d1fc95.jpg,approved,valid
images_relax2_264_2_jpg.rf.2c10ca545690eb71f34991c50f0312a5.jpg,approved,valid
images_relax2_264_2_jpg.rf.85b60dd203d27db61bbd5149c7077275.jpg,approved,valid
images_relax2_264_2_jpg.rf.bdc65f274a929320cbef16ffc05c687f.jpg,approved,valid
images_relax2_264_jpg.rf.6796ff71600704450f85083351e4f7f6.jpg,approved,valid
images_relax2_264_jpg.rf.e3d623ccfdc4875f4568657cdb79ad73.jpg,approved,valid
images_relax2_264_jpg.rf.f72c253a5d8b8b1903847228249062a5.jpg,approved,valid
images_relax2_270_jpg.rf.2d8f14ab8204f9bb603390f260d1eb36.jpg,approved,valid
images_relax2_270_jpg.rf.c8067a3a602f3aa415193df4c1999593.jpg,approved,valid
images_relax2_270_jpg.rf.f49c2566d2f99d97279cfaa3ded86c83.jpg,approved,valid
images_relax2_276_2_jpg.rf.a643cc47b046d1faf9a422320bec8b3e.jpg,approved,valid
images_relax2_276_2_jpg.rf.d791be7865af1daa0eb2a5d6d09561b1.jpg,approved,valid
images_relax2_276_2_jpg.rf.eed1ac093e78fafc36a0a4a7af813e72.jpg,approved,valid
images_relax2_282_2_jpg.rf.8c8790065ad1f21b2402934178362547.jpg,approved,valid
images_relax2_282_2_jpg.rf.dab8b395bbfb93309078f766a1a7d386.jpg,approved,valid
images_relax2_282_2_jpg.rf.ffea58b3e63f9a5b0d4d79943c58f1ec.jpg,approved,valid
images_relax2_282_jpg.rf.4d967f92ff0c2e586678082c918a23d2.jpg,approved,valid
images_relax2_282_jpg.rf.576b17f892593f53fde16b0c6d2cd962.jpg,approved,valid
images_relax2_282_jpg.rf.63a9e4aea0b902b23c0cfa8d4321466b.jpg,approved,valid
images_relax2_288_2_jpg.rf.032ffddf84a3e54796ef800b61fee795.jpg,approved,valid
images_relax2_288_2_jpg.rf.596d04dc04f1dc17cc95d8cbe8130412.jpg,approved,valid
images_relax2_288_2_jpg.rf.81f27ccb25f7d2aae030f6374e160294.jpg,approved,valid
images_relax2_288_jpg.rf.531f30d4809297faf75680bb2e6b5a74.jpg,approved,valid
images_relax2_288_jpg.rf.6d0e32b48146504db9bbf3015b498f66.jpg,approved,valid
images_relax2_288_jpg.rf.c1672b181f11e62f9f74185109174ae0.jpg,approved,valid
images_relax2_294_2_jpg.rf.256d9749745b9a82b46920359c301481.jpg,approved,valid
images_relax2_294_2_jpg.rf.5a154a246054e1198d6e11134c05bd97.jpg,approved,valid
images_relax2_294_2_jpg.rf.911f9cea0273cfd3efe28c5bed153e65.jpg,approved,valid
images_relax2_294_jpg.rf.ab9e260e4dcc52356531a9d9cc1e59b8.jpg,approved,valid
images_relax2_294_jpg.rf.e0f7f62f9be8e91e3d8719df69979d6e.jpg,approved,valid
images_relax2_294_jpg.rf.eb0b806e892463b363bdd855cac5959b.jpg,approved,valid
images_relax2_30_2_jpg.rf.72ba4583d497c239f080038e9f281235.jpg,approved,valid
images_relax2_30_2_jpg.rf.db359442907e792898d349d025a65dd7.jpg,approved,valid
images_relax2_30_2_jpg.rf.f1c6c0e9c5ab3608f4890534eb80d7ef.jpg,approved,valid
images_relax2_36_2_jpg.rf.10803c325ca1760f3f6ec27bcb1f6509.jpg,approved,valid
images_relax2_36_2_jpg.rf.837bc6193fbd58e57981649557f185ee.jpg,approved,valid
images_relax2_36_2_jpg.rf.e71f9da3bf94e6bf87c69ddccdbdf1ef.jpg,approved,valid
images_relax2_42_2_jpg.rf.07406a1d67531fa9ed70f92cb1d35ab0.jpg,approved,valid
images_relax2_42_2_jpg.rf.31892227aa5cbec59dc9c50c804d773d.jpg,approved,valid
images_relax2_42_2_jpg.rf.3a740937dc6750decaed68587df6abf9.jpg,approved,valid
images_relax2_48_2_jpg.rf.410eb537bcac35c9f7d689628f825a8f.jpg,approved,valid
images_relax2_48_2_jpg.rf.6d3aa596226735ab886831f42cbafcf9.jpg,approved,valid
images_relax2_48_2_jpg.rf.c2756fe6c72ef52d0f2ab0724cc9e40b.jpg,approved,valid
images_relax2_54_2_jpg.rf.b599faf4d7255bb6ec7ce414db828e07.jpg,approved,valid
images_relax2_54_2_jpg.rf.bcc452b79e7e43f19f1ca0708ef7d330.jpg,approved,valid
images_relax2_54_2_jpg.rf.c1cffe0773325cccf6bb968da146ddcf.jpg,approved,valid
images_relax2_60_2_jpg.rf.76b8ee5679c074d92c306c09ffdcaa2a.jpg,approved,valid
images_relax2_60_2_jpg.rf.887f8373ae6a87f0cd23e23181762532.jpg,approved,valid
images_relax2_60_2_jpg.rf.b3afab1ed8387075c0f236ce077add3c.jpg,approved,valid
images_relax2_66_2_jpg.rf.0baade275e7f709172205b0bb1794ba5.jpg,approved,valid
images_relax2_66_2_jpg.rf.cb371b24c6ce5303ae22a2f0fb86057a.jpg,approved,valid
images_relax2_66_2_jpg.rf.f76708b02b60dd088aef17f36542e8a1.jpg,approved,valid
images_relax2_72_2_jpg.rf.1a12dd450b7faf286dc98360534b5a96.jpg,approved,valid
images_relax2_72_2_jpg.rf.9af8b589630daad39d0c1abceceae2b0.jpg,approved,valid
images_relax2_72_2_jpg.rf.b7d6c538c5d365b9610dcb9a2d33a56f.jpg,approved,valid
images_relax2_84_2_jpg.rf.9a092161e857e5959403e4843447a9b0.jpg,approved,valid
images_relax2_84_2_jpg.rf.d01ccc4e6004a859ba22fede1c80f0cb.jpg,approved,valid
images_relax2_84_2_jpg.rf.f534797ae5c20a5f44b57d4bb97cf4c1.jpg,approved,valid
images_relax3_102_2_jpg.rf.26a29c8664c6fbb140e270c523c96b4e.jpg,approved,valid
images_relax3_102_2_jpg.rf.3b5d70057fb49c5eb30eefcc852fa726.jpg,approved,valid
images_relax3_102_2_jpg.rf.6bbb0cb9fab2ecfffe68f5ad60c02359.jpg,approved,valid
images_relax3_108_2_jpg.rf.24d043555ac648959304bcb5b513ba77.jpg,approved,valid
images_relax3_108_2_jpg.rf.46336230e2f510e0dfc494ac55f0657e.jpg,approved,valid
images_relax3_108_2_jpg.rf.8b31bff69f6346d76ce3ff4ccb176b54.jpg,approved,valid
images_relax3_126_2_jpg.rf.6a5da7df400adbf2f2be596a3aa2cf4a.jpg,approved,valid
images_relax3_126_2_jpg.rf.a0e03727a7bc658761a1a62976a1bb72.jpg,approved,valid
images_relax3_126_2_jpg.rf.d501def3857ade8a22749b8afc31cb3e.jpg,approved,valid
images_relax3_12_2_jpg.rf.05395f149b5b438a3031e04c4d32840d.jpg,approved,valid
images_relax3_12_2_jpg.rf.71bf4496b1eb6b40bb86843ab70798ad.jpg,approved,valid
images_relax3_12_2_jpg.rf.b9db6b06b4e425529258b41f6594f44d.jpg,approved,valid
images_relax3_138_2_jpg.rf.44d9e6e4174b4ab28ec7edb8e203112e.jpg,approved,valid
images_relax3_138_2_jpg.rf.59b8790591bfbe8e8839a529cdcef583.jpg,approved,valid
images_relax3_138_2_jpg.rf.e517014cae4185a851b85c5479e67b3f.jpg,approved,valid
images_relax3_144_2_jpg.rf.1d80e06d675700f53d5d2433a68123dc.jpg,approved,valid
images_relax3_144_2_jpg.rf.8eb9518a35e2f3c969d479620878d3f6.jpg,approved,valid
images_relax3_144_2_jpg.rf.df7d41b0e4d74e9d5e479c7e910c9782.jpg,approved,valid
images_relax3_156_2_jpg.rf.03e2e69c4571f516e2c97a50a7e4a898.jpg,approved,valid
images_relax3_156_2_jpg.rf.b1e9313776e93cd1d97359d780068e6b.jpg,approved,valid
images_relax3_156_2_jpg.rf.d3db3625e4e7068948a375cc9b92b6b9.jpg,approved,valid
images_relax3_162_2_jpg.rf.9273e8de5b58564e25e3c6298cee2eb4.jpg,approved,valid
images_relax3_162_2_jpg.rf.9abc947f280282b34c8e2bbd2b927a05.jpg,approved,valid
images_relax3_162_2_jpg.rf.d90dfeabe2eb7e4e2df369e7d3e1910c.jpg,approved,valid
images_relax3_168_2_jpg.rf.383cd62ba88f07c33382717454bf1486.jpg,approved,valid
images_relax3_168_2_jpg.rf.4531146f84458a39daf7e232c8c11dc2.jpg,approved,valid
images_relax3_168_2_jpg.rf.b620b4daf389d620036dc588d58ac250.jpg,approved,valid
images_relax3_174_2_jpg.rf.7f03f990cd3bea6015c7fd29c036cbff.jpg,approved,valid
images_relax3_174_2_jpg.rf.8eb4820e0ebad6931f15db4d9da43189.jpg,approved,valid
images_relax3_174_2_jpg.rf.afda1ba0a6d0f2a93d337c84b989d5f5.jpg,approved,valid
images_relax3_180_2_jpg.rf.585d2bd1381f1a381848de341040e206.jpg,approved,valid
images_relax3_180_2_jpg.rf.6c3922a2745b9da6e5d9ac7bedcca1b2.jpg,approved,valid
images_relax3_180_2_jpg.rf.b74e2f12dd86744d010a7aac18b690d3.jpg,approved,valid
images_relax3_186_2_jpg.rf.3edc98988e085bda794e226d7aefa040.jpg,approved,valid
images_relax3_186_2_jpg.rf.7770a7ac9c97feb6746d0ec4a70ca204.jpg,approved,valid
images_relax3_186_2_jpg.rf.b00d3b19b8454233f953bf64dd9466b1.jpg,approved,valid
images_relax3_18_2_jpg.rf.2b45746faf4316631d3293f75265c5ba.jpg,approved,valid
images_relax3_18_2_jpg.rf.6f9e56ef8a2eefddc124454cfd17b984.jpg,approved,valid
images_relax3_18_2_jpg.rf.7da10fa2fef338560eee45d61d1229be.jpg,approved,valid
images_relax3_198_2_jpg.rf.51e212bc470f450cc764c58bcca8f316.jpg,approved,valid
images_relax3_198_2_jpg.rf.52ff32ef85950685fae1d160cfbbf454.jpg,approved,valid
images_relax3_198_2_jpg.rf.897bfe8ab89e050754b99460373a2788.jpg,approved,valid
images_relax3_204_2_jpg.rf.25b98929cb80828e9170c45662fe91d5.jpg,approved,valid
images_relax3_204_2_jpg.rf.2fc2b02f0432b5bdeb44bb135750d8aa.jpg,approved,valid
images_relax3_204_2_jpg.rf.7be0d993e70986cc37840c620fef5227.jpg,approved,valid
images_relax3_210_2_jpg.rf.404f80eca7d509512ddbee3157ddfe87.jpg,approved,valid
images_relax3_210_2_jpg.rf.95b87e473a2fb317f954e3d0055745cb.jpg,approved,valid
images_relax3_210_2_jpg.rf.c34ac11c0c555c46e0448a66017fa0a8.jpg,approved,valid
images_relax3_216_2_jpg.rf.032edbde6db8aa0846c01d980c69ece4.jpg,approved,valid
images_relax3_216_2_jpg.rf.3688ac70a28824e2ac42f2c99c558d15.jpg,approved,valid
images_relax3_216_2_jpg.rf.45900389b05bbef67c700830a6489279.jpg,approved,valid
images_relax3_222_2_jpg.rf.c2c079b10ced00c677ff89561d071bf3.jpg,approved,valid
images_relax3_222_2_jpg.rf.d736b16e77455d0d35c001935bc61c4c.jpg,approved,valid
images_relax3_222_2_jpg.rf.eda045e1bc75582d5e550603597649a6.jpg,approved,valid
images_relax3_228_2_jpg.rf.2cf5ada9b5fb4b0114167b94750ba45d.jpg,approved,valid
images_relax3_228_2_jpg.rf.83839395f739f34a04e82ef9299ae4e6.jpg,approved,valid
images_relax3_228_2_jpg.rf.9d8f031e07f1884432e6e3bf78175c2f.jpg,approved,valid
images_relax3_234_2_jpg.rf.1ce9e30e33ee4de7a058183f7df423db.jpg,approved,valid
images_relax3_234_2_jpg.rf.8bb6632310ab7d485016cda571e5e90c.jpg,approved,valid
images_relax3_234_2_jpg.rf.a088047d1320042467a98847f5eb063d.jpg,approved,valid
images_relax3_240_2_jpg.rf.2e84b40c0179cdcc5d285c6778847bec.jpg,approved,valid
images_relax3_240_2_jpg.rf.5722455f36b137faae9bf2772aeec3af.jpg,approved,valid
images_relax3_240_2_jpg.rf.f7d948133f8501470a7842e3a462994f.jpg,approved,valid
images_relax3_246_2_jpg.rf.5974df6ac5065afdb8c56c77485e84b3.jpg,approved,valid
images_relax3_246_2_jpg.rf.a9498c7115e545868259b0df32b64d50.jpg,approved,valid
images_relax3_246_2_jpg.rf.f20124d340c6ab3963f440040c087250.jpg,approved,valid
images_relax3_24_2_jpg.rf.1bd08c2edc4855924512382323cfabf2.jpg,approved,valid
images_relax3_24_2_jpg.rf.26a706786ffb11e9f940f52d5d17cdff.jpg,approved,valid
images_relax3_24_2_jpg.rf.4b0f9d0c09ce4d8139f9d77d87d44b04.jpg,approved,valid
images_relax3_252_2_jpg.rf.830b54fb7ae167c7486cdb81221a7600.jpg,approved,valid
images_relax3_252_2_jpg.rf.ae91117c084fe6c286766af897d414c6.jpg,approved,valid
images_relax3_252_2_jpg.rf.bf0428840e4d62a89fff2bd3a627d42f.jpg,approved,valid
images_relax3_258_2_jpg.rf.049529897deeef0c0b7f809c2c133a17.jpg,approved,valid
images_relax3_258_2_jpg.rf.a7546c06e4f257fd6c1ee02ab9ee432d.jpg,approved,valid
images_relax3_258_2_jpg.rf.e3f436e7f60f8e4a50507d267586552f.jpg,approved,valid
images_relax3_264_2_jpg.rf.224e15a2e99b2eb28b9b87b2c7ee96d4.jpg,approved,valid
images_relax3_264_2_jpg.rf.bb6841d991b33ac344496eb323780a32.jpg,approved,valid
images_relax3_264_2_jpg.rf.da63928ccb05f29761043c92933d7fed.jpg,approved,valid
images_relax3_288_2_jpg.rf.1a9687bc96489dc029334b2c2721cf60.jpg,approved,valid
images_relax3_288_2_jpg.rf.8c349731484815eaa14f190a97b63285.jpg,approved,valid
images_relax3_288_2_jpg.rf.d8a15e8fdc30f12e988409c1e24cb448.jpg,approved,valid
images_relax3_294_2_jpg.rf.246e479afe8dbf2dc491fab911137f1f.jpg,approved,valid
images_relax3_294_2_jpg.rf.695029a83af52ec425fa3bb7bbafc34c.jpg,approved,valid
images_relax3_294_2_jpg.rf.6c6038ff80d8adc903e7d94f34369571.jpg,approved,valid
images_relax3_30_2_jpg.rf.02d0e5db32edd8b7f31e4752dcde6c9f.jpg,approved,valid
images_relax3_30_2_jpg.rf.89b8480067884f545f2216d043cef82a.jpg,approved,valid
images_relax3_30_2_jpg.rf.beb4bafc8ecafc9add0459291523029e.jpg,approved,valid
images_relax3_48_2_jpg.rf.554aeeb169fc0b8c63a09d42806451cf.jpg,approved,valid
images_relax3_48_2_jpg.rf.adaed4ec405de9ebf66deaf6571a8c9b.jpg,approved,valid
images_relax3_48_2_jpg.rf.e9d727356a67317307b6d79f67430ac5.jpg,approved,valid
images_relax3_54_2_jpg.rf.84ffaf9c6b4183a8a65986df87afcb58.jpg,approved,valid
images_relax3_54_2_jpg.rf.a5897722006c88d3ebe05ffcd014146a.jpg,approved,valid
images_relax3_54_2_jpg.rf.a89a80764d3776713f087a2727a5acee.jpg,approved,valid
images_relax3_60_2_jpg.rf.abc67985995b78967f50c05cfe3e31ed.jpg,approved,valid
images_relax3_60_2_jpg.rf.d1131dce070766a5997f43b7fbea6991.jpg,approved,valid
images_relax3_60_2_jpg.rf.dd642b300e014604c0380a391055a369.jpg,approved,valid
images_relax3_66_2_jpg.rf.1a8e53f4d7bfb1a9ca79450154d0ac1e.jpg,approved,valid
images_relax3_66_2_jpg.rf.bdf59602924969cf1c815c26fea38d36.jpg,approved,valid
images_relax3_66_2_jpg.rf.cff05afa694910207ec415f3f641c14c.jpg,approved,valid
images_relax3_6_2_jpg.rf.089e306581d5f1ac96052926635ab023.jpg,approved,valid
images_relax3_6_2_jpg.rf.90c197ca893b2f43b62156bbe79b7646.jpg,approved,valid
images_relax3_6_2_jpg.rf.ec388fcf8bd9a045245dc25a3a3f576f.jpg,approved,valid
images_relax3_78_2_jpg.rf.0b6f04c670d001c44a1a99f9e45a15c9.jpg,approved,valid
images_relax3_78_2_jpg.rf.532a7369092855aee0148ff2bf62a7e4.jpg,approved,valid
images_relax3_78_2_jpg.rf.a436bd93987b050809691d834f1077f3.jpg,approved,valid
images_relax3_84_2_jpg.rf.56869cb486f383186a6c32461ba48e88.jpg,approved,valid
images_relax3_84_2_jpg.rf.a993e3c9a3de2fbb1c418532293ee155.jpg,approved,valid
images_relax3_84_2_jpg.rf.de05fc697748ac6ed1564eddf357aa5a.jpg,approved,valid
images_relax3_90_2_jpg.rf.3c5ab8c4b8e86c697c8f619a20b52d43.jpg,approved,valid
images_relax3_90_2_jpg.rf.8d32e4fdbe23329211b36b62aa1282d5.jpg,approved,valid
images_relax3_90_2_jpg.rf.b397091dd675b8048509387110b4c63a.jpg,approved,valid
images_relax3_96_2_jpg.rf.023c08bc7f1f93aea760a2994d8905a2.jpg,approved,valid
images_relax3_96_2_jpg.rf.5c5d8cb08ae053de0265293b2dca8424.jpg,approved,valid
images_relax3_96_2_jpg.rf.db4adaa516c389e63cbd52ebf20b44d9.jpg,approved,valid
images_relax_1_0_2_jpg.rf.03589074efd10a00dddc75a1991ef9ae.jpg,approved,valid
images_relax_1_0_2_jpg.rf.a7fd9086428d2056dd0619c7dbb875d9.jpg,approved,valid
images_relax_1_0_2_jpg.rf.ff755f163a719ce448a9612df5487319.jpg,approved,valid
images_relax_1_120_2_jpg.rf.0a755810fbe089c483de8ba52f23f55d.jpg,approved,valid
images_relax_1_120_2_jpg.rf.6dc173ff0cc9b5e97b736f07ca71bfc9.jpg,approved,valid
images_relax_1_120_2_jpg.rf.a9e12de1a771760f38f41f019aee669f.jpg,approved,valid
images_relax_1_150_2_jpg.rf.0d33ffc9028c1c2d5a5d0959bea4c912.jpg,approved,valid
images_relax_1_150_2_jpg.rf.5f8afa2f308249df18ad08057d07bc6f.jpg,approved,valid
images_relax_1_150_2_jpg.rf.88e832154392f47dae35dbe3a9a1494d.jpg,approved,valid
images_relax_1_180_2_jpg.rf.a8865e7a6d8754f69416466150ba0074.jpg,approved,valid
images_relax_1_180_2_jpg.rf.bd3f8d54f015457263e9e5098bc4f847.jpg,approved,valid
images_relax_1_180_2_jpg.rf.c04edb4171f10348cb5ac45c383af846.jpg,approved,valid
images_relax_1_240_2_jpg.rf.0dbff60b7719cc72532158fd1f0e64ad.jpg,approved,valid
images_relax_1_240_2_jpg.rf.4879767b941d71090160ed5d9c7cc953.jpg,approved,valid
images_relax_1_240_2_jpg.rf.9ae1c8114412d0642fef5cd940caf8bc.jpg,approved,valid
images_relax_1_330_2_jpg.rf.69044422f84354d166c1bfd096f0fb75.jpg,approved,valid
images_relax_1_330_2_jpg.rf.e3f123b6b3da6b7a37ef2f08b1605553.jpg,approved,valid
images_relax_1_330_2_jpg.rf.ef5c13116e46e67b2a132ac329af38c4.jpg,approved,valid
images_relax_1_390_2_jpg.rf.04d787e76103ebd2d62c2471027a645a.jpg,approved,valid
images_relax_1_390_2_jpg.rf.0946a02ccb3d44e4053cf7b4518876bb.jpg,approved,valid
images_relax_1_390_2_jpg.rf.e2e1bcc176dc09ec8ceb1f9a4a7e46dc.jpg,approved,valid
images_relax_1_450_2_jpg.rf.6e80c02d7033d2ca13d9292b94151f66.jpg,approved,valid
images_relax_1_450_2_jpg.rf.7052abf083d4f9c1ee25385984d1ddfa.jpg,approved,valid
images_relax_1_450_2_jpg.rf.72b886ec7f2f339029568b35be0034b5.jpg,approved,valid
images_relax_1_480_2_jpg.rf.3f640bb50f940cb02c1b55540770e8ba.jpg,approved,valid
images_relax_1_480_2_jpg.rf.437d5add72a24d4670afbac69858cfbd.jpg,approved,valid
images_relax_1_480_2_jpg.rf.46fdd5be50244a21b8cb82a9af17a341.jpg,approved,valid
images_relax_1_510_2_jpg.rf.0137a0318f71075aa9bc53d1de2008db.jpg,approved,valid
images_relax_1_510_2_jpg.rf.61ccb9d2516c485e677e594e592a63bf.jpg,approved,valid
images_relax_1_510_2_jpg.rf.934e175ba2b6e7189826006e6af019fa.jpg,approved,valid
images_relax_1_570_2_jpg.rf.17725104d2bab746e01c3e66cf1ad641.jpg,approved,valid
images_relax_1_570_2_jpg.rf.93a28c26359f0da89d40eb421f069d8a.jpg,approved,valid
images_relax_1_570_2_jpg.rf.ce3871d9d7e579f3c7afc62133ef637f.jpg,approved,valid
images_relax_1_600_2_jpg.rf.02aca0a7a04d32c293e42b3a5cdddcf6.jpg,approved,valid
images_relax_1_600_2_jpg.rf.2c45c381431d2d6a561857c08c109238.jpg,approved,valid
images_relax_1_600_2_jpg.rf.bc2e623d2cf9d7b8a2bb0b9b1c0e26c4.jpg,approved,valid
images_relax_1_60_2_jpg.rf.02de7084f55f090521e92fb0153853eb.jpg,approved,valid
images_relax_1_60_2_jpg.rf.24f0eb3c64abc884ba6669ac4d680aa4.jpg,approved,valid
images_relax_1_60_2_jpg.rf.626d698c01a04a4ec973df0343fa7950.jpg,approved,valid
images_relax_1_630_2_jpg.rf.426b51d3c3eff00d4f8a0b0ed5c97219.jpg,approved,valid
images_relax_1_630_2_jpg.rf.646020f623e17f75dbabd1262aa9b88d.jpg,approved,valid
images_relax_1_630_2_jpg.rf.8f6f5da36a1ecf288a103d70f3cf0596.jpg,approved,valid
images_relax_1_660_2_jpg.rf.7800ff98859e705f9d42cd9cada10c13.jpg,approved,valid
images_relax_1_660_2_jpg.rf.b02ac749ac5c1b9c3e3b18c4f7db41e6.jpg,approved,valid
images_relax_1_660_2_jpg.rf.eee59d0006719a4915b328b23085d393.jpg,approved,valid
images_relax_1_690_2_jpg.rf.129b64907d0ba2d523350aa9da671efa.jpg,approved,valid
images_relax_1_690_2_jpg.rf.590a4874a55396200d9f68f828f350c6.jpg,approved,valid
images_relax_1_690_2_jpg.rf.862bda66398db43895ec4c6c8b5e4878.jpg,approved,valid
images_relax_1_750_2_jpg.rf.54561b48f469339bbda5c521565cb8d2.jpg,approved,valid
images_relax_1_750_2_jpg.rf.a433a9f37e85d11978d799413745bcaa.jpg,approved,valid
images_relax_1_750_2_jpg.rf.da174c3faa5cc8f72da2fe4745b36d1c.jpg,approved,valid
images_relax_1_780_2_jpg.rf.2b53f4b259d1989d18becc72cfea7c59.jpg,approved,valid
images_relax_1_780_2_jpg.rf.57878dd57bd883371ad1ca20a3e89aa1.jpg,approved,valid
images_relax_1_780_2_jpg.rf.6b8498f04e0c6c4223f3b56290e69b95.jpg,approved,valid
images_relax_1_810_2_jpg.rf.515b8c72e056a2c3edd1945ea0dbb857.jpg,approved,valid
images_relax_1_810_2_jpg.rf.cd156411c25987190d34561b328683ce.jpg,approved,valid
images_relax_1_810_2_jpg.rf.d21c01218f38609895e4b09fe2c816ef.jpg,approved,valid
images_relax_1_870_2_jpg.rf.13df1839aec5588933cc77448c3c9283.jpg,approved,valid
images_relax_1_870_2_jpg.rf.443420f9dfa55bde70a3a88ae57e6399.jpg,approved,valid
images_relax_1_870_2_jpg.rf.910fa4a859b3800f9f507d89718567a1.jpg,approved,valid
images_relax_1_90_2_jpg.rf.446b180fc48adfb03bfec00b6820a7fc.jpg,approved,valid
images_relax_1_90_2_jpg.rf.d03771d6189c967706db4fefd3cf6ba0.jpg,approved,valid
images_relax_1_90_2_jpg.rf.d1f32883c1c77708086247f54bc8cccb.jpg,approved,valid
images_relax_1_960_2_jpg.rf.6d83594b11089f12d93ddc14575de4ae.jpg,approved,valid
images_relax_1_960_2_jpg.rf.7fd4c39b4cd5be2c2036830cc7e18f6d.jpg,approved,valid
images_relax_1_960_2_jpg.rf.a35748479e7c29aa88c6e0c599cfde3c.jpg,approved,valid
images_relax_2_0_2_jpg.rf.1fb3f132d55e8aa5f38de49d9712aa99.jpg,approved,valid
images_relax_2_0_2_jpg.rf.f095dda856abc51569f26dcfa6338b9c.jpg,approved,valid
images_relax_2_0_2_jpg.rf.fc2232766400b93b72533ffa6ecd8ec5.jpg,approved,valid
images_relax_2_120_2_jpg.rf.4f3a9814a950bdf7e07819676ea18db0.jpg,approved,valid
images_relax_2_120_2_jpg.rf.d3b7c1903a6a53628e2f74f9d9084c52.jpg,approved,valid
images_relax_2_120_2_jpg.rf.f12d968b7e1525808aa722a21770ec28.jpg,approved,valid
images_relax_2_150_2_jpg.rf.203be1a90a720a82150f2eba88948ad2.jpg,approved,valid
images_relax_2_150_2_jpg.rf.686276b65a9f50fa6c3501f0121d7682.jpg,approved,valid
images_relax_2_150_2_jpg.rf.c94c9c7de2093f76f2e58edb5e073f0a.jpg,approved,valid
images_relax_2_180_2_jpg.rf.18f339d3e88be6fcb419c77a6b33eeb8.jpg,approved,valid
images_relax_2_180_2_jpg.rf.61d01464ac2bb1acb447551b89e3dea7.jpg,approved,valid
images_relax_2_180_2_jpg.rf.bd812a765f716baf26642b33b916c96f.jpg,approved,valid
images_relax_2_210_2_jpg.rf.0ec3b35e2f9e9ed68e5becc35a9ab738.jpg,approved,valid
images_relax_2_210_2_jpg.rf.3d65b84fd8c1259c916eed097e911499.jpg,approved,valid
images_relax_2_210_2_jpg.rf.d7c0fae31621e08611e14cbd85429059.jpg,approved,valid
images_relax_2_240_2_jpg.rf.1236142ab8190e49acf8e127fce4617b.jpg,approved,valid
images_relax_2_240_2_jpg.rf.254a889056096f3c94a7e588feb78ecf.jpg,approved,valid
images_relax_2_240_2_jpg.rf.f6430b6db2a4915f7d5a63e9784a8888.jpg,approved,valid
images_relax_2_270_2_jpg.rf.84043671b3dcb1baa057bfb11e603ac1.jpg,approved,valid
images_relax_2_270_2_jpg.rf.9420da4570d3ab3e75f690d955a999ad.jpg,approved,valid
images_relax_2_270_2_jpg.rf.ba0ddce48403b6c8bf9aa94f875f88fa.jpg,approved,valid
images_relax_2_300_2_jpg.rf.179d68384f32dd0bdc4e5895e6b69197.jpg,approved,valid
images_relax_2_300_2_jpg.rf.8123949b07e1f218802d8f6ead713290.jpg,approved,valid
images_relax_2_300_2_jpg.rf.9175a3a6e6e4ff3b8331a496226faaf0.jpg,approved,valid
images_relax_2_330_2_jpg.rf.17bbb4910c204e531e6f8ee963c2041e.jpg,approved,valid
images_relax_2_330_2_jpg.rf.5c65fb62e91911d6dce4e684bb021d21.jpg,approved,valid
images_relax_2_330_2_jpg.rf.7ce33f6906f2f44f3900126d3398cc2c.jpg,approved,valid
images_relax_2_360_2_jpg.rf.0123c17cadf47554f9f8f41d65a52033.jpg,approved,valid
images_relax_2_360_2_jpg.rf.a55360c6b7f5254e1e593d73b5a95243.jpg,approved,valid
images_relax_2_360_2_jpg.rf.b5fce26ee690a8da091b077ddbafa3f4.jpg,approved,valid
images_relax_2_390_2_jpg.rf.4e21ac726d6ac9539ddee375dab1be72.jpg,approved,valid
images_relax_2_390_2_jpg.rf.ef8c9af7440c656851b7aa007af668a0.jpg,approved,valid
images_relax_2_390_2_jpg.rf.f1a6999ca4150559742dfa9bba019adf.jpg,approved,valid
images_relax_2_420_2_jpg.rf.1dbdb8732e3e9356b96ff9a3ca76665e.jpg,approved,valid
images_relax_2_420_2_jpg.rf.6a725e3bf90b95cd146dc887b1624543.jpg,approved,valid
images_relax_2_420_2_jpg.rf.d2d54bf60f92d015f030498c1f3b2b78.jpg,approved,valid
images_relax_2_480_2_jpg.rf.1a4456c64c729827f15ce0eaf522de53.jpg,approved,valid
images_relax_2_480_2_jpg.rf.1d67b6ab538bc5840fd1dbea6c390bb3.jpg,approved,valid
images_relax_2_480_2_jpg.rf.37072c7981385834b99fd4baa079fa11.jpg,approved,valid
images_relax_2_510_2_jpg.rf.01e6fd08143985a4eadb933aed614161.jpg,approved,valid
images_relax_2_510_2_jpg.rf.910855e7cd8d852c137aa88c3b8798cd.jpg,approved,valid
images_relax_2_510_2_jpg.rf.97c49014552f49196bb2d59e73c13270.jpg,approved,valid
images_relax_2_540_2_jpg.rf.1a69f1329a19a1852e31e8d17d2ff718.jpg,approved,valid
images_relax_2_540_2_jpg.rf.cb63fdedebb2f53ad0fc9247d635c009.jpg,approved,valid
images_relax_2_540_2_jpg.rf.ef364651539d033cd2cc642e08786418.jpg,approved,valid
images_relax_2_570_2_jpg.rf.9504c6db9e9ac6a606f00a87d0f67f3e.jpg,approved,valid
images_relax_2_570_2_jpg.rf.d562c2a59f28a3073c60cb97a52a6d37.jpg,approved,valid
images_relax_2_570_2_jpg.rf.e5a10547a49a4a6b45b42091b8258745.jpg,approved,valid
images_relax_2_600_2_jpg.rf.43f1b102ff940086adaa0d3d404ee8aa.jpg,approved,valid
images_relax_2_600_2_jpg.rf.936c537cfbceab835091a953501b00fd.jpg,approved,valid
images_relax_2_600_2_jpg.rf.da02a8f182f6c39092191aa767103815.jpg,approved,valid
images_relax_2_60_2_jpg.rf.565899aa00775c003f0435400d50b700.jpg,approved,valid
images_relax_2_60_2_jpg.rf.dcc853df29485af83896a1b8a0d8ad64.jpg,approved,valid
images_relax_2_60_2_jpg.rf.fd1d177d80b0062e8de1fb1ed019e425.jpg,approved,valid
images_relax_2_660_2_jpg.rf.1e05dbd2575ddb5665d5cb8bd6f3f1da.jpg,approved,valid
images_relax_2_660_2_jpg.rf.7173f59c831a9df0f72592bfbd95ccc6.jpg,approved,valid
images_relax_2_660_2_jpg.rf.739f4f291942143916a1dfe9120a8ed0.jpg,approved,valid
images_relax_3_1020_2_jpg.rf.5afbfafdfb393af8c1a31fe9e8dd8613.jpg,approved,valid
images_relax_3_1020_2_jpg.rf.6cfbdff14aa53088298997606bc61842.jpg,approved,valid
images_relax_3_1020_2_jpg.rf.ccbaf0441ceb8bfeb275713b5e658f07.jpg,approved,valid
images_relax_3_1050_2_jpg.rf.0934a7eff29a8bbe1bfcde43b9086a19.jpg,approved,valid
images_relax_3_1050_2_jpg.rf.5eb052aa56cd6c9a9160a73209267c09.jpg,approved,valid
images_relax_3_1050_2_jpg.rf.80eaea931f93d85f61002484afbb9feb.jpg,approved,valid
images_relax_3_1080_2_jpg.rf.2e145e3ed5c4aba4356e2fe17a376a1d.jpg,approved,valid
images_relax_3_1080_2_jpg.rf.92324a92461ece55f7562926d6ca7024.jpg,approved,valid
images_relax_3_1080_2_jpg.rf.b56614a6a8306b31a8f7177813432f22.jpg,approved,valid
images_relax_3_1110_2_jpg.rf.628e7779e926253938da20844f23504a.jpg,approved,valid
images_relax_3_1110_2_jpg.rf.8302ab335cda5473640c0303ab7d9974.jpg,approved,valid
images_relax_3_1110_2_jpg.rf.84531dc99ca439748db86b515530ff71.jpg,approved,valid
images_relax_3_1170_2_jpg.rf.2a1b74adbf4ae2a86eb4e8f4023ab936.jpg,approved,valid
images_relax_3_1170_2_jpg.rf.5fbaac6ff2650a7c00e94715fa431ef0.jpg,approved,valid
images_relax_3_1170_2_jpg.rf.aeb30e122a4bd30d40e28a9a5efaecd4.jpg,approved,valid
images_relax_3_1200_2_jpg.rf.14d95161a93297900e84f61b400d9a60.jpg,approved,valid
images_relax_3_1200_2_jpg.rf.d7d589d55f7b424d18764768e4f2e97e.jpg,approved,valid
images_relax_3_1200_2_jpg.rf.e8936c8f8ceb36bfc8c0680041f4e0c6.jpg,approved,valid
images_relax_3_120_2_jpg.rf.2a72a886dc6bc49e7598474c45961f60.jpg,approved,valid
images_relax_3_120_2_jpg.rf.a14342e86e82336d5f250c8d07f1f0b6.jpg,approved,valid
images_relax_3_120_2_jpg.rf.f3a6193385dbbb601b9d8971f0f28bba.jpg,approved,valid
images_relax_3_1230_2_jpg.rf.48671ea13a22f027c6cf015d00be7ce3.jpg,approved,valid
images_relax_3_1230_2_jpg.rf.4bb65046ecff3b4fd3fa127b06378a73.jpg,approved,valid
images_relax_3_1230_2_jpg.rf.6c8c5300d227f61e826f715a2d61fa83.jpg,approved,valid
images_relax_3_1290_2_jpg.rf.03462f4d8e55c27e8ae878396e0f13e1.jpg,approved,valid
images_relax_3_1290_2_jpg.rf.1660c73baf970f98143173605c1eb2e1.jpg,approved,valid
images_relax_3_1290_2_jpg.rf.e232e1c44571e30724c6f25bb21030a4.jpg,approved,valid
images_relax_3_1320_2_jpg.rf.45aa1e3da963daf7940e16da98af9826.jpg,approved,valid
images_relax_3_1320_2_jpg.rf.46b3e7b66a6f4d655e762e5c77b6715c.jpg,approved,valid
images_relax_3_1320_2_jpg.rf.bbc69c02a07397073192e2cad30dee5d.jpg,approved,valid
images_relax_3_1350_2_jpg.rf.4b8b5a7da1ee2a5acda8eb40d04cfc6c.jpg,approved,valid
images_relax_3_1350_2_jpg.rf.9bf80ec2386105cf620ef1ceaac590ca.jpg,approved,valid
images_relax_3_1350_2_jpg.rf.af9463727fc73e8ed420e2092c7b053b.jpg,approved,valid
images_relax_3_1410_2_jpg.rf.2a55eb644208757f9622c1a04819e7a4.jpg,approved,valid
images_relax_3_1410_2_jpg.rf.2bbb9864cafd1bfcf58fd379f37ca903.jpg,approved,valid
images_relax_3_1410_2_jpg.rf.3a4de98d6c4d669ec332d9a7a719461f.jpg,approved,valid
images_relax_3_1440_2_jpg.rf.48e9ddc406f0a5ed8fa44c1c6892c330.jpg,approved,valid
images_relax_3_1440_2_jpg.rf.7bfa226cba64595267741621768db26a.jpg,approved,valid
images_relax_3_1440_2_jpg.rf.c1afca845b6427fb8768756bc5eaeff7.jpg,approved,valid
images_relax_3_150_2_jpg.rf.08afa0d051a2603bfe8b6d208e8718c5.jpg,approved,valid
images_relax_3_150_2_jpg.rf.5276522504ee6370d440d972e63ae610.jpg,approved,valid
images_relax_3_150_2_jpg.rf.5eeb7f66ed184a4557a0e658617523ed.jpg,approved,valid
images_relax_3_180_2_jpg.rf.685833bc99f711c6ca1109c90f8630e5.jpg,approved,valid
images_relax_3_180_2_jpg.rf.b064461283b631434bdb9da93591ef41.jpg,approved,valid
images_relax_3_180_2_jpg.rf.c16015988dd91b7f0a7e3e19b47a2354.jpg,approved,valid
images_relax_3_210_2_jpg.rf.1b4c74e2d6fa0aebbcbeb296d296984d.jpg,approved,valid
images_relax_3_210_2_jpg.rf.5300aeae839f0ee6b6d16fc69783262e.jpg,approved,valid
images_relax_3_210_2_jpg.rf.79ece9a4f5023c08561a0107c1518440.jpg,approved,valid
images_relax_3_240_2_jpg.rf.b37e0b81cc9cbb7dffe4162321acbe01.jpg,approved,valid
images_relax_3_240_2_jpg.rf.e26dadef982f1ddfeb58b08400ab6636.jpg,approved,valid
images_relax_3_240_2_jpg.rf.f6556870b3bd9c353141ee8e32261de5.jpg,approved,valid
images_relax_3_270_2_jpg.rf.14df7a2bbe310d2fe5af770e4096c285.jpg,approved,valid
images_relax_3_270_2_jpg.rf.3b8fa80f071e226ff9baaf45c7f64cee.jpg,approved,valid
images_relax_3_270_2_jpg.rf.410f8b2a657a5ad78c11ae92166ce7bc.jpg,approved,valid
images_relax_3_30_2_jpg.rf.699a35302900e736224392432f6c04f1.jpg,approved,valid
images_relax_3_30_2_jpg.rf.7718219fee227af2d059d92ead499ab7.jpg,approved,valid
images_relax_3_30_2_jpg.rf.fc410ddfb298bb81cc5953b250047f37.jpg,approved,valid
images_relax_3_330_2_jpg.rf.3fe8b3efa6a6de3fbd27616307b9e263.jpg,approved,valid
images_relax_3_330_2_jpg.rf.d550b09cc116789115db2edfc8f56c78.jpg,approved,valid
images_relax_3_330_2_jpg.rf.dbbeff2f54703c95e88010414fc9a1d6.jpg,approved,valid
images_relax_3_360_2_jpg.rf.3b1cbe88b7a9c1a85cd72903e5b215b9.jpg,approved,valid
images_relax_3_360_2_jpg.rf.3fef2b2b6b13646bcaf0eb75f63db6c6.jpg,approved,valid
images_relax_3_360_2_jpg.rf.a5478fb18e0908d33e95a8c96fd2e6c9.jpg,approved,valid
images_relax_3_390_2_jpg.rf.048d246a8fba1ad1fc98bb11d0332460.jpg,approved,valid
images_relax_3_390_2_jpg.rf.3f3e1c85c1b3165852ec59a099222f1d.jpg,approved,valid
images_relax_3_390_2_jpg.rf.f60045bde2c9a977bfac6794a146a6cd.jpg,approved,valid
images_relax_3_420_2_jpg.rf.3780f6c530fa66a96706439387d07751.jpg,approved,valid
images_relax_3_420_2_jpg.rf.3c32bb4795d08ae3053c3bb75d8a4faf.jpg,approved,valid
images_relax_3_420_2_jpg.rf.b6be88f3ef5bbb9f2d32b9a19834b700.jpg,approved,valid
images_relax_3_450_2_jpg.rf.2bf514c16ea32ea3f1c77a09e139735c.jpg,approved,valid
images_relax_3_450_2_jpg.rf.33afd8975071520d84b1a89179ef8c64.jpg,approved,valid
images_relax_3_450_2_jpg.rf.e7b3862d9bea704804035b1561599da7.jpg,approved,valid
images_relax_3_480_2_jpg.rf.0ae4642ab3e8f6cfcfbef4b2af1da18d.jpg,approved,valid
images_relax_3_480_2_jpg.rf.786b8d1d57599e9fe7d3944eabde1842.jpg,approved,valid
images_relax_3_480_2_jpg.rf.83997895c398447458a4d2ab4c061ef7.jpg,approved,valid
images_relax_3_510_2_jpg.rf.841626adfec98176d116487d66794403.jpg,approved,valid
images_relax_3_510_2_jpg.rf.e49b3f299bbe4b79f1f680c7f7d9b538.jpg,approved,valid
images_relax_3_510_2_jpg.rf.ed19f19c32e83ffb894c8e841e613740.jpg,approved,valid
images_relax_3_540_2_jpg.rf.1cb322489a783ea575e5a6f1b2f5be72.jpg,approved,valid
images_relax_3_540_2_jpg.rf.778261bdbc5dfc953d5c2b0f2ef93aaf.jpg,approved,valid
images_relax_3_540_2_jpg.rf.d3cadfbe11e1c1eac343cd1247122f91.jpg,approved,valid
images_relax_3_60_2_jpg.rf.12409671f6c1f9422c6e81b8fedab21a.jpg,approved,valid
images_relax_3_60_2_jpg.rf.9b57aca93bee24076836406d5a32ad95.jpg,approved,valid
images_relax_3_60_2_jpg.rf.a5faff3039ef4208aa9e4453175249d5.jpg,approved,valid
images_relax_3_630_2_jpg.rf.1499f96d408151b2cedfb8006de52cdd.jpg,approved,valid
images_relax_3_630_2_jpg.rf.69d165946e64132f95d1663c86160ac3.jpg,approved,valid
images_relax_3_630_2_jpg.rf.f2368c4f03f4aeff771108ddb937abfb.jpg,approved,valid
images_relax_3_660_2_jpg.rf.0faca79435834363d6382002ac6bb407.jpg,approved,valid
images_relax_3_660_2_jpg.rf.63011ae95365655b135c96063f721e28.jpg,approved,valid
images_relax_3_660_2_jpg.rf.e06e884b28eb59c3e1da5310561916b4.jpg,approved,valid
images_relax_3_750_2_jpg.rf.3b6aab5d262c8cca695927f54a3433ff.jpg,approved,valid
images_relax_3_750_2_jpg.rf.d346457f7c3fdbad247e41fccba0c1ad.jpg,approved,valid
images_relax_3_750_2_jpg.rf.fc4fa13dd433574f0abfc228b4713e31.jpg,approved,valid
images_relax_3_780_2_jpg.rf.3724af33047ea894fb3be630f2b4d1f5.jpg,approved,valid
images_relax_3_780_2_jpg.rf.5acd4e1ec432bef980dee2af179fbef9.jpg,approved,valid
images_relax_3_780_2_jpg.rf.ae5307c7e3614914e7127d1a9edbbd06.jpg,approved,valid
images_relax_3_810_2_jpg.rf.60393084ab9309dee18e18756243d9d9.jpg,approved,valid
images_relax_3_810_2_jpg.rf.64ea86c6ecdbb8bf2b04e55c7a89b0a2.jpg,approved,valid
images_relax_3_810_2_jpg.rf.86e0a98ac51381d13a103db22e4dace7.jpg,approved,valid
images_relax_3_870_2_jpg.rf.394c1483aa265ba9dd521186bc8ac885.jpg,approved,valid
images_relax_3_870_2_jpg.rf.5b7a90c98b8994ff5a76d0e45515b8ce.jpg,approved,valid
images_relax_3_870_2_jpg.rf.a0befa772bae6b17ad20841429615dfd.jpg,approved,valid
images_relax_3_900_2_jpg.rf.22e1157686efd0bec7303403652adf35.jpg,approved,valid
images_relax_3_900_2_jpg.rf.973d9c645b98df913ef35655b766333a.jpg,approved,valid
images_relax_3_900_2_jpg.rf.ae299c9b8b3e4da09f25e133c5b9dc86.jpg,approved,valid
images_relax_3_90_2_jpg.rf.043fb6bfa8c21c846130803519590acb.jpg,approved,valid
images_relax_3_90_2_jpg.rf.1176027c02966874f12860415fd3426c.jpg,approved,valid
images_relax_3_90_2_jpg.rf.65464ca9503d18c2f438b0b3d2639d00.jpg,approved,valid
images_relax_3_930_2_jpg.rf.65f4c506ed210dcb061a25f39af02556.jpg,approved,valid
images_relax_3_930_2_jpg.rf.882a2d49b5397522984019b657d45954.jpg,approved,valid
images_relax_3_930_2_jpg.rf.9b91249f9c89c5e8951a0b626a6452d2.jpg,approved,valid
images_relax_3_960_2_jpg.rf.2be23ae8704de4b12b9691aa8c43057f.jpg,approved,valid
images_relax_3_960_2_jpg.rf.339f16b1ac7899ed8b0b2947c62d55d6.jpg,approved,valid
images_relax_3_960_2_jpg.rf.5139377dab3ea0d8a1e46f002ff2cdee.jpg,approved,valid
images_relaxFaceX_108_2_jpg.rf.01f78a92942c21de6ef37d3278f5c432.jpg,approved,valid
images_relaxFaceX_108_2_jpg.rf.20697d366c84ead574e561952b707bc2.jpg,approved,valid
images_relaxFaceX_108_2_jpg.rf.b20b36213345d04b948977a0dbc16c3e.jpg,approved,valid
images_relaxFaceX_108_jpg.rf.98d301cbc7fe44598798f278a8a4af7e.jpg,approved,valid
images_relaxFaceX_108_jpg.rf.a69789e5c99355a397ebea23e040919b.jpg,approved,valid
images_relaxFaceX_108_jpg.rf.d9a89a2cba9d62d088587ea2eb09412f.jpg,approved,valid
images_relaxFaceX_114_2_jpg.rf.5e5c00e2dc2cec1c518be7fe87144a60.jpg,approved,valid
images_relaxFaceX_114_2_jpg.rf.b1f0b3ddf88c119498a1d1db2a2acc0f.jpg,approved,valid
images_relaxFaceX_114_2_jpg.rf.d0f3118e77bd94f4e94f45b27559b0a9.jpg,approved,valid
images_relaxFaceX_120_2_jpg.rf.6a726a04ebada9485bdb0ce0331769a4.jpg,approved,valid
images_relaxFaceX_120_2_jpg.rf.73a5aac2fa52c331c9061cc0fa70a750.jpg,approved,valid
images_relaxFaceX_120_2_jpg.rf.d3a474b6db3583ea01e3b194d21e2888.jpg,approved,valid
images_relaxFaceX_120_jpg.rf.2c5128dab7af99852b7346ccf397f67b.jpg,approved,valid
images_relaxFaceX_120_jpg.rf.5497b75ecaa7d9c02fe44ac0e97931b5.jpg,approved,valid
images_relaxFaceX_120_jpg.rf.c305bdafdd4ae16447c0b16d3d4569f3.jpg,approved,valid
images_relaxFaceX_126_jpg.rf.0b984f022f7392fdb6c8997e1e3f7332.jpg,approved,valid
images_relaxFaceX_126_jpg.rf.5f81b2b40c92cfa3e7e9f44ade721dea.jpg,approved,valid
images_relaxFaceX_126_jpg.rf.7d05a17cf8b15e1d1356a662c7e52be8.jpg,approved,valid
images_relaxFaceX_12_2_jpg.rf.bdc5fd8469742a94fb0bda64ecd04c73.jpg,approved,valid
images_relaxFaceX_12_2_jpg.rf.c640cf987770c35d80aba00523e0daa7.jpg,approved,valid
images_relaxFaceX_12_2_jpg.rf.d90658ccd65485133bd01b677d8381bb.jpg,approved,valid
images_relaxFaceX_138_2_jpg.rf.3d712e634b2f813062e5d6426ceb1821.jpg,approved,valid
images_relaxFaceX_138_2_jpg.rf.8070e6766b751457ebccc857439231a4.jpg,approved,valid
images_relaxFaceX_138_2_jpg.rf.ba8bfb2f42492f4a4c2d460bc0548f2f.jpg,approved,valid
images_relaxFaceX_138_jpg.rf.2b3a45697e8135ef3343c423b5f8f183.jpg,approved,valid
images_relaxFaceX_138_jpg.rf.31e54618c69335b405a84009b8788c8e.jpg,approved,valid
images_relaxFaceX_138_jpg.rf.e76681048b183f4029cda1b7471c98cf.jpg,approved,valid
images_relaxFaceX_150_2_jpg.rf.1839eda88f17a3bc6d03e01f76c66d8a.jpg,approved,valid
images_relaxFaceX_150_2_jpg.rf.970644ab501cfad6bcb5fd27fc7b7eae.jpg,approved,valid
images_relaxFaceX_150_2_jpg.rf.d4ed42044897d38252aea04b46f8eb30.jpg,approved,valid
images_relaxFaceX_150_jpg.rf.239c17b2180abcd7a4c422fd42ddc7a8.jpg,approved,valid
images_relaxFaceX_150_jpg.rf.7cfd0f17d6c03a3fbee165583d621b6f.jpg,approved,valid
images_relaxFaceX_150_jpg.rf.fee04629c913893706c3dedade65c651.jpg,approved,valid
images_relaxFaceX_156_2_jpg.rf.a926982f670685df719b93e3cb7e9eb1.jpg,approved,valid
images_relaxFaceX_156_2_jpg.rf.e15832be92efc6aea5c2bb754c90ed7a.jpg,approved,valid
images_relaxFaceX_156_2_jpg.rf.ee5b6f17c185ef65019d86c0bcdcbf7f.jpg,approved,valid
images_relaxFaceX_162_2_jpg.rf.2c423fa178899bdf7c3ab7ed112d2b23.jpg,approved,valid
images_relaxFaceX_162_2_jpg.rf.6fc707cc2ab1e9465647d47b39fbd7c8.jpg,approved,valid
images_relaxFaceX_162_2_jpg.rf.8b6ee830a9a08843e2c1e3162ea53ba6.jpg,approved,valid
images_relaxFaceX_162_jpg.rf.2a14a35028221d6f781bbb00f79fd16e.jpg,approved,valid
images_relaxFaceX_162_jpg.rf.7da86725a8baf90e35eb11bc894dcc12.jpg,approved,valid
images_relaxFaceX_162_jpg.rf.7fce1f2ee4b26de1b8122d7b2336f22b.jpg,approved,valid
images_relaxFaceX_168_2_jpg.rf.31f8df4002d1ae67af4aafa88fba1be2.jpg,approved,valid
images_relaxFaceX_168_2_jpg.rf.58725cb599392ced29e99a626e908d4c.jpg,approved,valid
images_relaxFaceX_168_jpg.rf.04637e1b51bae9b57a2cd9b2965a6744.jpg,approved,valid
images_relaxFaceX_168_jpg.rf.107b84545198a71be2be69f9f6544e1d.jpg,approved,valid
images_relaxFaceX_168_jpg.rf.4e1bba2663d493a89379a18c9c3942af.jpg,approved,valid
images_relaxFaceX_174_jpg.rf.3a2ffe07932f67b4547c19e000cdc212.jpg,approved,valid
images_relaxFaceX_174_jpg.rf.4f4cb00e49dfa4c4a0bee4a58e052f82.jpg,approved,valid
images_relaxFaceX_174_jpg.rf.eeb68ceab546a8d71b61c9ec58cd4e96.jpg,approved,valid
images_relaxFaceX_180_jpg.rf.2fefeac6aaee5947ef72ddc86b98ea87.jpg,approved,valid
images_relaxFaceX_180_jpg.rf.5aa02a3901298a4d45e549cbcd8edb41.jpg,approved,valid
images_relaxFaceX_180_jpg.rf.fd9733d8cef8083d8aa632898f1e1819.jpg,approved,valid
images_relaxFaceX_186_jpg.rf.3d868d7da793881814b0ecf404db9162.jpg,approved,valid
images_relaxFaceX_186_jpg.rf.b6cb2f65bb01ffef4796c51c9214d749.jpg,approved,valid
images_relaxFaceX_186_jpg.rf.f9b0195dfcc04228f34a76fab924e5d6.jpg,approved,valid
images_relaxFaceX_18_2_jpg.rf.1918a2124e065345a81795a65505803d.jpg,approved,valid
images_relaxFaceX_18_2_jpg.rf.2419014dfe04130802ddaf20e8cc9007.jpg,approved,valid
images_relaxFaceX_18_2_jpg.rf.a307791b3a6473e5a828ac94c5660aa2.jpg,approved,valid
images_relaxFaceX_192_2_jpg.rf.2b0f759b0ce6162e813bd8f257d2f84e.jpg,approved,valid
images_relaxFaceX_192_2_jpg.rf.b0491d43f20a6bcf1d527500e7460b31.jpg,approved,valid
images_relaxFaceX_192_jpg.rf.2c8831b4b1ec253025711b1e4c16798a.jpg,approved,valid
images_relaxFaceX_192_jpg.rf.40e6d73a93e3414303722a11742f2300.jpg,approved,valid
images_relaxFaceX_192_jpg.rf.aa8e9340fdaba369356dd72f214ad50e.jpg,approved,valid
images_relaxFaceX_198_jpg.rf.3cd8298d569a67c116970ef63698653d.jpg,approved,valid
images_relaxFaceX_198_jpg.rf.aae14d85c5e8ed1089681e78f706aa49.jpg,approved,valid
images_relaxFaceX_198_jpg.rf.b43f39ed1c8e81ddf3deaffa92f5e118.jpg,approved,valid
images_relaxFaceX_204_jpg.rf.349c2967846e130fdec335e41ccb1c8c.jpg,approved,valid
images_relaxFaceX_204_jpg.rf.4b43acbeaa42f04b0013b45c2f9c806a.jpg,approved,valid
images_relaxFaceX_204_jpg.rf.70aa1a09434abc145f97429aa4e9ccff.jpg,approved,valid
images_relaxFaceX_222_2_jpg.rf.0a72b22dabf9973a265857055e95bd53.jpg,approved,valid
images_relaxFaceX_222_2_jpg.rf.4608250506bd443269bc1b7e5a12af08.jpg,approved,valid
images_relaxFaceX_222_2_jpg.rf.ca304a6aa1ebcd85d6d733920e94f761.jpg,approved,valid
images_relaxFaceX_222_jpg.rf.505a8f65e8f8ac7652290861120752fc.jpg,approved,valid
images_relaxFaceX_222_jpg.rf.d8119123c64e68bc96799a1616ddfe96.jpg,approved,valid
images_relaxFaceX_222_jpg.rf.dd945948e804b4c6f74a5ca55f30254e.jpg,approved,valid
images_relaxFaceX_228_2_jpg.rf.39eecc87344542c6a4f0236134a87ba8.jpg,approved,valid
images_relaxFaceX_228_2_jpg.rf.53b71c5329c489294fa77ff5bab9f108.jpg,approved,valid
images_relaxFaceX_228_jpg.rf.8890fbe6655d4dd16ca4208dde148d2d.jpg,approved,valid
images_relaxFaceX_228_jpg.rf.d29fc9bc370f61eb8450665e0c503b21.jpg,approved,valid
images_relaxFaceX_228_jpg.rf.ff1f879e0bef4583faeda731a906820e.jpg,approved,valid
images_relaxFaceX_234_2_jpg.rf.2766a425fd181f8eeb17dcb6f0875c7e.jpg,approved,valid
images_relaxFaceX_234_2_jpg.rf.c955078e4f1d91112e457d6a00f49d24.jpg,approved,valid
images_relaxFaceX_234_2_jpg.rf.e11cdc6d64c5b3d661619ea7cdad983b.jpg,approved,valid
images_relaxFaceX_234_jpg.rf.5d8efd279b49e1c014072e6bfc30499f.jpg,approved,valid
images_relaxFaceX_234_jpg.rf.69fd2e8e7dd96b5acaf8c0afbc73a75b.jpg,approved,valid
images_relaxFaceX_234_jpg.rf.ff775b9b62858a3f6e9af2e595649f01.jpg,approved,valid
images_relaxFaceX_240_2_jpg.rf.01f8d4cc2ae5e155d47068b1cd3926c6.jpg,approved,valid
images_relaxFaceX_240_2_jpg.rf.df4a9c074a6b8ae6e10dfcef619ac80b.jpg,approved,valid
images_relaxFaceX_240_2_jpg.rf.ee84e7d5d5d8648c5d0fc3758652b7d5.jpg,approved,valid
images_relaxFaceX_252_2_jpg.rf.552bbf11192ec61e9a27e73a132a8fa3.jpg,approved,valid
images_relaxFaceX_252_2_jpg.rf.6c6a1d7cf4d42b032d7cdb6da62c69f8.jpg,approved,valid
images_relaxFaceX_252_jpg.rf.44d8ea95cff7ebc70f39d169c379434d.jpg,approved,valid
images_relaxFaceX_252_jpg.rf.71c21115c07902fe61790ff65064b142.jpg,approved,valid
images_relaxFaceX_252_jpg.rf.e6c3edad6fb40c74b0590994840f3440.jpg,approved,valid
images_relaxFaceX_258_2_jpg.rf.7c243aa5506c0f52b48700c80a5e7428.jpg,approved,valid
images_relaxFaceX_258_2_jpg.rf.8e334b3f1aab36495e6bc077c983b5f3.jpg,approved,valid
images_relaxFaceX_258_2_jpg.rf.edbefe1510caa32421804ed5f3ac8e31.jpg,approved,valid
images_relaxFaceX_258_jpg.rf.773799a1f05faf7fb847538aedfc0809.jpg,approved,valid
images_relaxFaceX_258_jpg.rf.80a9022d47bf7a4bf1e1bdbed24abc4c.jpg,approved,valid
images_relaxFaceX_258_jpg.rf.c6694b059bfb4ab2076edc9c8fca392b.jpg,approved,valid
images_relaxFaceX_264_jpg.rf.2f7ef9c636c3abd92a494c6c7b8a1501.jpg,approved,valid
images_relaxFaceX_264_jpg.rf.5f1a5bfb07bf18c3bf8f976d5a9b9a80.jpg,approved,valid
images_relaxFaceX_264_jpg.rf.68fab04e2d0ab9842a90360e5bffac6c.jpg,approved,valid
images_relaxFaceX_270_2_jpg.rf.128d72d6e000aac0a9005b34c7114413.jpg,approved,valid
images_relaxFaceX_270_2_jpg.rf.39c36bfa175180af05a1c8126eac4a6a.jpg,approved,valid
images_relaxFaceX_270_2_jpg.rf.d94c3f1de2a9da526d19418abd6e4700.jpg,approved,valid
images_relaxFaceX_270_jpg.rf.6171cd457784b75f217bd10e37651bd8.jpg,approved,valid
images_relaxFaceX_270_jpg.rf.b9e5c5a3acf151548141f880dfb211ac.jpg,approved,valid
images_relaxFaceX_270_jpg.rf.e58b105d308abf204b194d07ec60cb2f.jpg,approved,valid
images_relaxFaceX_282_2_jpg.rf.7616b0eb741b2946cc27ee68113badbe.jpg,approved,valid
images_relaxFaceX_282_2_jpg.rf.78ba2fde9375478d2480c37d8a6cd1db.jpg,approved,valid
images_relaxFaceX_282_2_jpg.rf.e2ffe50c311f69927d50453849cce171.jpg,approved,valid
images_relaxFaceX_282_jpg.rf.04d64952aa507bdbec72d6bb08b81a41.jpg,approved,valid
images_relaxFaceX_282_jpg.rf.83569224e440d42a5882d27ac3969815.jpg,approved,valid
images_relaxFaceX_282_jpg.rf.d27a8a95fe708c90d8c1e03e187a3b1d.jpg,approved,valid
images_relaxFaceX_288_2_jpg.rf.00ca154f86e5c78dd0053e44c8bc4bde.jpg,approved,valid
images_relaxFaceX_288_2_jpg.rf.5b5fb57ebe1a3722934328347dd5de79.jpg,approved,valid
images_relaxFaceX_288_2_jpg.rf.eacea36c3332d4bbbd601265feee6b84.jpg,approved,valid
images_relaxFaceX_294_jpg.rf.2539d284b16be764797a796f631dff7f.jpg,approved,valid
images_relaxFaceX_294_jpg.rf.86e75a545b5487ac670450149b4be773.jpg,approved,valid
images_relaxFaceX_294_jpg.rf.d6887eeba716a11607a7aa9343eb616f.jpg,approved,valid
images_relaxFaceX_30_2_jpg.rf.2c9e248da12f41a95d07c91073b54ea1.jpg,approved,valid
images_relaxFaceX_30_2_jpg.rf.b29f82b3b1bae3db482a43677e730622.jpg,approved,valid
images_relaxFaceX_30_2_jpg.rf.fb5e2d723a30b782b7d1785f454623c8.jpg,approved,valid
images_relaxFaceX_30_jpg.rf.1beb061a676ba47ef0ee085a0706f3aa.jpg,approved,valid
images_relaxFaceX_30_jpg.rf.453145935810309d8560bd662965b76d.jpg,approved,valid
images_relaxFaceX_30_jpg.rf.b7db9b94fbca92f72ff9947627ae3e5a.jpg,approved,valid
images_relaxFaceX_36_jpg.rf.584cc841020bae6039a4e8cb0b15e5a8.jpg,approved,valid
images_relaxFaceX_36_jpg.rf.b4dc3ecc5e549a54513e4a5d4e154b41.jpg,approved,valid
images_relaxFaceX_36_jpg.rf.e64af88a8122715b0a0535e67d9344e0.jpg,approved,valid
images_relaxFaceX_42_2_jpg.rf.8a79c8e3b49deec71bc0e8a61248a3fb.jpg,approved,valid
images_relaxFaceX_42_2_jpg.rf.eab2aa2d05920d41083786cd58c8180d.jpg,approved,valid
images_relaxFaceX_42_jpg.rf.2ed670c2ff7ca9def8b6a09319fd8651.jpg,approved,valid
images_relaxFaceX_42_jpg.rf.5ab5bd72033a7c965b4b2955c759982f.jpg,approved,valid
images_relaxFaceX_42_jpg.rf.c9219a3c306e8d5a3d9869e55feb91b2.jpg,approved,valid
images_relaxFaceX_48_2_jpg.rf.514d7782dd947253ac7af2275f3f5f0a.jpg,approved,valid
images_relaxFaceX_48_2_jpg.rf.807da05b5371957edf43aedc0fd54baa.jpg,approved,valid
images_relaxFaceX_48_2_jpg.rf.e2c68d18f159184063e814e4281836df.jpg,approved,valid
images_relaxFaceX_54_jpg.rf.0a54364c69967e2bcaab11e805b1dad7.jpg,approved,valid
images_relaxFaceX_54_jpg.rf.4f2ff7f08a4e29052a43fd4dbd12fff6.jpg,approved,valid
images_relaxFaceX_54_jpg.rf.72a47209de3110008e7ea1d521a81316.jpg,approved,valid
images_relaxFaceX_60_2_jpg.rf.3f07674874f328bf180ae37e8b67227d.jpg,approved,valid
images_relaxFaceX_60_2_jpg.rf.4a366896bd1fc434ccffa540fcf22ed9.jpg,approved,valid
images_relaxFaceX_60_2_jpg.rf.b413becbe9fedc8d1efa9efc8b3b8a8f.jpg,approved,valid
images_relaxFaceX_66_jpg.rf.1e9aba34b6c1e352135142ec48aa5401.jpg,approved,valid
images_relaxFaceX_66_jpg.rf.65fec53345e65fe5206f17dc66c5df0f.jpg,approved,valid
images_relaxFaceX_66_jpg.rf.e0967f0db530ac25f18004cb8ecad288.jpg,approved,valid
images_relaxFaceX_6_2_jpg.rf.801e59ac5ad4ce8da3d4721c270f22b4.jpg,approved,valid
images_relaxFaceX_6_2_jpg.rf.a1e6036a77594f136250569747965624.jpg,approved,valid
images_relaxFaceX_6_2_jpg.rf.fce83a57056ae212efa59e5da7e0fe47.jpg,approved,valid
images_relaxFaceX_72_2_jpg.rf.da392ce9f06aefb9b8fbfcbe17c3feab.jpg,approved,valid
images_relaxFaceX_72_2_jpg.rf.e9adce81499583feccc54b65089d17ff.jpg,approved,valid
images_relaxFaceX_72_jpg.rf.310af3873d8c5ed49efd979827d7a630.jpg,approved,valid
images_relaxFaceX_72_jpg.rf.7072f93c9d144b90d8dcf795c9be81b3.jpg,approved,valid
images_relaxFaceX_72_jpg.rf.dfb93a6e3d3f8cd1a8c6ef93cc30c760.jpg,approved,valid
images_relaxFaceX_78_2_jpg.rf.804435403a7a10436df79f765bb1f838.jpg,approved,valid
images_relaxFaceX_78_jpg.rf.3a18d1277b71554f6eab1df27fdb7ebb.jpg,approved,valid
images_relaxFaceX_78_jpg.rf.4798c7970ae7c5d892823d43340c3a13.jpg,approved,valid
images_relaxFaceX_78_jpg.rf.8741622554754fcfb8676b289bd067fe.jpg,approved,valid
images_relaxFaceX_84_2_jpg.rf.4ed153728f5f15c26dcd0206bbb50c71.jpg,approved,valid
images_relaxFaceX_84_2_jpg.rf.f23dbe6dece1928d4fe6b527f35db54f.jpg,approved,valid
images_relaxFaceX_84_jpg.rf.8e8237650edd84b47f0814a06f381cfe.jpg,approved,valid
images_relaxFaceX_84_jpg.rf.a5c62efca738c85c4c90cbfcc08634bb.jpg,approved,valid
images_relaxFaceX_84_jpg.rf.ef985cdc81da32388b67ef3fa9dd69b9.jpg,approved,valid
images_relaxFaceX_90_jpg.rf.314d5873a3b84b234a1ef99bdf77e4f5.jpg,approved,valid
images_relaxFaceX_90_jpg.rf.a2cc34f4c4d5befe655638d328216168.jpg,approved,valid
images_relaxFaceX_90_jpg.rf.c1f6820f2b72fbbfd60cbc9948e05ed1.jpg,approved,valid
images_relaxFaceX_96_2_jpg.rf.1f5d9af8e13567e5091566ed8c7e410c.jpg,approved,valid
images_relaxFaceX_96_2_jpg.rf.709f7ae8b1a91d02ad34e1ca4067c6eb.jpg,approved,valid
images_relaxFaceX_96_2_jpg.rf.e4109b8f3981b671585a29a9dffe2d30.jpg,approved,valid
images_relaxFaceX_96_jpg.rf.9f6ee13cde24742e4b7248bb6e792b42.jpg,approved,valid
images_relaxFaceX_96_jpg.rf.adfb916e05a7113888e94decb03a34b3.jpg,approved,valid
images_relaxFaceX_96_jpg.rf.be701a9df681cadde0771025f2ef55db.jpg,approved,valid
images_AI_1_0_2_jpg.rf.1e8f8f005b64a340014fd075f1813f89.jpg,approved,valid
images_AI_1_120_2_jpg.rf.e256553760980b813219947f00b61620.jpg,approved,valid
images_AI_1_240_2_jpg.rf.f04cd68b2b7e78b3f3b79a48ccd572ad.jpg,approved,valid
images_AI_1_360_2_jpg.rf.7718eea0e2bbf3b43fbce1091e3d6eb3.jpg,approved,valid
images_AI_1_390_2_jpg.rf.9f15a5eb4125a06ee31fef0510d06ad1.jpg,approved,valid
images_AI_1_510_2_jpg.rf.fd4bac2318bc4b03eaa6d0b758e83b54.jpg,approved,valid
images_AI_1_540_2_jpg.rf.f08581fe08fb6a09967c36bc5125571d.jpg,approved,valid
images_AI_1_810_2_jpg.rf.a1d51901b3b6fb2d188def1f7097d6b5.jpg,approved,valid
images_AI_1_900_2_jpg.rf.3fec590f9aa3f2a3980dfa2533da9ebd.jpg,approved,valid
images_AI_2_0_2_jpg.rf.86a381b8349abb42a5ee8e804b0093e0.jpg,approved,valid
images_AI_2_210_2_jpg.rf.301e79a9fc80b931fcc5b3b2ca5a32c9.jpg,approved,valid
images_design_1050_2_jpg.rf.110309dd5edc8efced6eb915605e9636.jpg,approved,valid
images_design_1170_2_jpg.rf.65b320ccd5168f5ad2fae8ec411ff871.jpg,approved,valid
images_design_180_2_jpg.rf.a2b0b961057e2e18d746812b049aa54c.jpg,approved,valid
images_design_210_2_jpg.rf.63061d65c8c562f78c10b93e8673b14e.jpg,approved,valid
images_design_240_2_jpg.rf.7d2e10494e788d0dbefe4b24e1cb037b.jpg,approved,valid
images_design_570_2_jpg.rf.9fca91468d9104ccd5e8fc17bd7fe311.jpg,approved,valid
images_design_780_2_jpg.rf.2ddbf731d725d181624c6729bd590d1f.jpg,approved,valid
images_hanh_lang_1200_2_jpg.rf.cdaaa1b46b7f23d70ff3b28c93447270.jpg,approved,valid
images_hanh_lang_120_2_jpg.rf.8ee9018414f76b786fd872a7503f19cf.jpg,approved,valid
images_hanh_lang_1320_2_jpg.rf.ac8160e4c1b6679b2a58f9dca7dccadd.jpg,approved,valid
images_hanh_lang_210_2_jpg.rf.74180a24fcc0afe95159fdbd9533b4a7.jpg,approved,valid
images_hanh_lang_450_2_jpg.rf.354b9042fbd206f5e29a82767d185ca9.jpg,approved,valid
images_hanh_lang_510_2_jpg.rf.e591a29e1195238fa3f493049e64a078.jpg,approved,valid
images_hanh_lang_600_2_jpg.rf.6bdab2af915ed2562a1520589d12c884.jpg,approved,valid
images_hanh_lang_60_2_jpg.rf.a5c73fdfe195ab78466e435bccf1f805.jpg,approved,valid
images_hanh_lang_660_2_jpg.rf.9a245bfc9f4785b2b128fd9380355e75.jpg,approved,valid
images_hanh_lang_810_2_jpg.rf.5255a198615d84531da759787728561c.jpg,approved,valid
images_hanh_lang_960_2_jpg.rf.6ac3c641b57ae622a893f2303bf6b823.jpg,approved,valid
images_hanh_lang_990_2_jpg.rf.83bb516c46c4ecb1e3b733642eccbb32.jpg,approved,valid
images_MKT_0_2_jpg.rf.234829ecb0a448be7da157f743f54f5b.jpg,approved,valid
images_MKT_1140_2_jpg.rf.6eac35e075581ba33137a6bcc5e557e1.jpg,approved,valid
images_MKT_1170_2_jpg.rf.7b2f4ed959bf9a63719de7c19713d716.jpg,approved,valid
images_MKT_1200_2_jpg.rf.4c372103fe52255a33912486e13f6432.jpg,approved,valid
images_MKT_120_2_jpg.rf.0167a1c2bf571aeedb2dc788ccf753e3.jpg,approved,valid
images_MKT_1290_2_jpg.rf.dbb83495482253ddd9fc494a94b3dc10.jpg,approved,valid
images_MKT_150_2_jpg.rf.59fd90cce84e0432bfc6b5086115b6af.jpg,approved,valid
images_MKT_180_2_jpg.rf.0cb7f4f93d2c6553113423ae73ead46b.jpg,approved,valid
images_MKT_240_2_jpg.rf.222b1282be62f72b8c170351e1fe65cf.jpg,approved,valid
images_MKT_246_2_jpg.rf.2c69734ad6b2af62ba615eab9023a92d.jpg,approved,valid
images_MKT_252_2_jpg.rf.73031fe785895028b15060e9c8760449.jpg,approved,valid
images_MKT_264_2_jpg.rf.06f4b0b8cf583b373dc820325160e682.jpg,approved,valid
images_MKT_276_2_jpg.rf.9cb45c290e9b00ceb6e1eab4c49d862b.jpg,approved,valid
images_MKT_42_2_jpg.rf.ab01dc1a1e247c1cf24e99bf9d781ff9.jpg,approved,valid
images_MKT_480_2_jpg.rf.0d64a12a14173bcdc7e06c6b07a4daeb.jpg,approved,valid
images_MKT_510_2_jpg.rf.0d0f0d57b10c261fff9cfeec60a23643.jpg,approved,valid
images_MKT_540_2_jpg.rf.2f3f4e069cc60a14c1ad3248e7ea4c11.jpg,approved,valid
images_MKT_66_2_jpg.rf.54e1fb3bdb727b52e9d458d8c4b4be8a.jpg,approved,valid
images_MKT_840_2_jpg.rf.27b5fe09fa75606945423594ae3092a8.jpg,approved,valid
images_MKT_84_2_jpg.rf.01c04aebac5d66e70618cda339abcef2.jpg,approved,valid
images_relax2_102_2_jpg.rf.403cfab1c5835d40b4d53829a9706a33.jpg,approved,valid
images_relax2_132_2_jpg.rf.ff95aea45d24c37f7b611dfc7103e7da.jpg,approved,valid
images_relax2_144_2_jpg.rf.8ae5d6d0695fdd45dfcd07dc89c2149e.jpg,approved,valid
images_relax2_162_2_jpg.rf.9b3319adb053f2b92ba3bd5e0d852ed6.jpg,approved,valid
images_relax2_168_2_jpg.rf.fe5dfa17048fc7edb0cf235bc2eb43f5.jpg,approved,valid
images_relax2_186_jpg.rf.aae32d3d5a6355e1557877721b265d95.jpg,approved,valid
images_relax2_18_2_jpg.rf.4a73abed86413cacd7b2aeebb31f2d4a.jpg,approved,valid
images_relax2_198_jpg.rf.4e2d48f57c541cb32e18b86b983a9726.jpg,approved,valid
images_relax2_234_2_jpg.rf.ce40288b4cb01212850ec38e82ee0f1f.jpg,approved,valid
images_relax2_246_2_jpg.rf.9aaad488fbeec38be14f5dc6adb5be7d.jpg,approved,valid
images_relax2_270_2_jpg.rf.36db0537921738bad20d6a80968777f3.jpg,approved,valid
images_relax2_6_2_jpg.rf.398c9e036fc810f4ee698a15326fb0fb.jpg,approved,valid
images_relax2_78_2_jpg.rf.2a51f977d7ac8762c47805718ce0b9b8.jpg,approved,valid
images_relax2_90_2_jpg.rf.1ea029722f69801cdadcb4e990ba8605.jpg,approved,valid
images_relax3_114_2_jpg.rf.d415fc8ac0251b1b4efc408d1a5ecf85.jpg,approved,valid
images_relax3_120_2_jpg.rf.f1acf30cfe3b5f4cff6a216cbf906fb2.jpg,approved,valid
images_relax3_150_2_jpg.rf.65b9998cd367eca9b127c95a67a24869.jpg,approved,valid
images_relax3_192_2_jpg.rf.84128c888b745b89664037a029f74047.jpg,approved,valid
images_relax3_270_2_jpg.rf.bb6dad9148dcacb67fc8c64d53cfc76a.jpg,approved,valid
images_relax3_276_2_jpg.rf.078b89a958a95e4db4b689919dc14092.jpg,approved,valid
images_relax3_282_2_jpg.rf.2d0d9339593504a37a7f67555caf15f0.jpg,approved,valid
images_relax3_42_2_jpg.rf.9bcd153b2b636bf4a3e376b1b9d0124e.jpg,approved,valid
images_relax_1_210_2_jpg.rf.9a50473a3f152b9a8780d873d8239856.jpg,approved,valid
images_relax_1_360_2_jpg.rf.49b41e8619166e498d0f18a2d2c5fe81.jpg,approved,valid
images_relax_1_720_2_jpg.rf.8b429f1975d75ff34de4f7e1b26bbe9a.jpg,approved,valid
images_relax_1_900_2_jpg.rf.c69a0b305a9e69c23e0199eca3e0be0b.jpg,approved,valid
images_relax_2_30_2_jpg.rf.00c08aeba130e0a80343746ce5381d3a.jpg,approved,valid
images_relax_2_450_2_jpg.rf.06e3b4a1ffc4b92e05ff28589b9a9857.jpg,approved,valid
images_relax_2_630_2_jpg.rf.debbf0a78e01028a236e1bbb2b8d0c2a.jpg,approved,valid
images_relax_3_1140_2_jpg.rf.b78c5d756fe5fa79b4620ea5b009752a.jpg,approved,valid
images_relax_3_1260_2_jpg.rf.56d2bc7219768d48c4308dfd02e43099.jpg,approved,valid
images_relax_3_1380_2_jpg.rf.f7bda27d230614472fb93614df48d51b.jpg,approved,valid
images_relax_3_1470_2_jpg.rf.8ad41e6d196984442923dd9e2241aaa2.jpg,approved,valid
images_relax_3_600_2_jpg.rf.449552d2547efab91152e140b8f4b23a.jpg,approved,valid
images_relax_3_690_2_jpg.rf.70fa612896e308cd56278e47b61fdb62.jpg,approved,valid
images_relax_3_720_2_jpg.rf.072d59dd17905c99c083919cec05ef4e.jpg,approved,valid
images_relax_3_840_2_jpg.rf.c7565393167fc18da2a66c6b3ef3e12d.jpg,approved,valid
images_relax_3_990_2_jpg.rf.674ef6791532ef791f9a2532e0b1178f.jpg,approved,valid
images_relaxFaceX_102_jpg.rf.51a8e6ce58920c154006910407d6cffc.jpg,approved,valid
images_relaxFaceX_126_2_jpg.rf.c94c72eafc8feebabce42388858bcea5.jpg,approved,valid
images_relaxFaceX_12_jpg.rf.5438f497d3652ede3e11d00e95f99602.jpg,approved,valid
images_relaxFaceX_132_jpg.rf.77938181188d24cc83ff421e10e4bc40.jpg,approved,valid
images_relaxFaceX_144_jpg.rf.1ca49039255a62d4d31a6a3272c1d60d.jpg,approved,valid
images_relaxFaceX_156_jpg.rf.2cff2e7577cfc8fed8fa3d633d4caae4.jpg,approved,valid
images_relaxFaceX_174_2_jpg.rf.9b82f4b2c612400cbaf919e5d6cad3c7.jpg,approved,valid
images_relaxFaceX_180_2_jpg.rf.bce04a4fc9d118069f95f29345b4cb3f.jpg,approved,valid
images_relaxFaceX_186_2_jpg.rf.5567d6a90c94252fde2d0ca66bd63f54.jpg,approved,valid
images_relaxFaceX_18_jpg.rf.1640f553ca008895b1e18a4cf6140f52.jpg,approved,valid
images_relaxFaceX_204_2_jpg.rf.41faa4f87450d9ec2a755f909acb9a5f.jpg,approved,valid
images_relaxFaceX_210_2_jpg.rf.c258feabe0008ded1d6dfbb872964ffa.jpg,approved,valid
images_relaxFaceX_216_2_jpg.rf.298876bf8bb86cfe8538c7a3b4e962f1.jpg,approved,valid
images_relaxFaceX_216_jpg.rf.923e256d18a0af19477286badafeadb7.jpg,approved,valid
images_relaxFaceX_240_jpg.rf.2d3108179c92a7ddf63ab8c6d68b84a4.jpg,approved,valid
images_relaxFaceX_246_2_jpg.rf.26bebd7a230a66a709b0ada405032ee4.jpg,approved,valid
images_relaxFaceX_24_2_jpg.rf.5b39086f2dee5596fe63977e869b305d.jpg,approved,valid
images_relaxFaceX_276_jpg.rf.941388f7a2074f3338622fe2e8ee7518.jpg,approved,valid
images_relaxFaceX_288_jpg.rf.dd35fb2c0b86f685439b6f02a57bb079.jpg,approved,valid
images_relaxFaceX_294_2_jpg.rf.b419eb0cd8bac9c9d908ccf4895b30a8.jpg,approved,valid
images_relaxFaceX_36_2_jpg.rf.5547098a8db83ae6cc16f7fbd51e5bf3.jpg,approved,valid
images_relaxFaceX_48_jpg.rf.b7815366e14db7f4f4b8db1a250bafa1.jpg,approved,valid
images_relaxFaceX_60_jpg.rf.eabaebeccc69a73821c6d534be9d158e.jpg,approved,valid
images_relaxFaceX_90_2_jpg.rf.12c6d42a7f57e6cf0dba0ab792c862da.jpg,approved,valid
